vertex_id,x,y,z
0,-16.18089061,-11.59558581,0.0
1,-12.81964502,-8.6825063,0.0
2,-16.18089061,-11.59558581,4.95
3,-15.88729805,-11.35265305,4.95
4,-15.88375081,-11.33806466,4.95
5,-15.88844079,-10.40030081,4.95
6,-15.88850346,-10.34806734,4.95
7,-16.18089061,-9.68154319,4.95
8,-13.43803139,-11.58022674,4.95
9,-14.13800028,-9.88770986,4.95
10,-14.13852253,-9.82553348,4.95
11,-13.53853508,-9.30554436,4.95
12,-13.27216046,-9.07468636,4.95
13,-13.85763926,-8.690029,4.95
14,-13.56986503,-8.4443246,4.95
15,-12.81964502,-8.6825063,4.95
16,-12.69634935,-8.65741898,4.95
17,-12.99607589,-7.95189144,4.95
18,-12.81964502,-7.79969546,4.95
19,-12.71006177,-7.70516478,4.95
20,-11.4143956,-9.84957964,4.95
21,-11.12765886,-9.60098108,4.95
22,-10.84151183,-9.35204486,4.95
23,-10.55595493,-9.10277206,4.95
24,-10.27098854,-8.85316372,4.95
25,-11.89304521,-8.64451773,4.95
26,-11.4020272,-8.6825063,4.95
27,-14.19399395,-3.2214746,4.95
28,-14.20930777,-3.18349905,4.95
29,-13.91249,-2.97617477,4.95
30,-14.21007056,-1.30749949,4.95
31,-13.63157187,-2.7305403,4.95
32,-13.36266709,-1.53228789,4.95
33,-13.07149463,-2.23827168,4.95
34,-12.81964502,-2.11445233,4.95
35,-12.79233632,-1.99163963,4.95
36,-13.65234412,-0.8071208,4.95
37,-13.940005,-0.10991129,4.95
38,-13.08406442,-1.28600172,4.95
39,-12.80604874,-1.03938544,4.95
40,-12.81964502,-0.09519701,4.95
41,-3.52019889,-8.6825063,0.0
42,-7.07452251,-8.51111653,4.95
43,-6.27173503,-8.47955299,4.95
44,-5.46905676,-8.44532458,4.95
45,-4.66649654,-8.40843165,4.95
46,-3.86406322,-8.36887463,4.95
47,-3.52019889,-8.6825063,4.95
48,-3.52019889,-8.35077886,4.95
49,-3.06176564,-8.32665394,4.95
50,-3.11339224,-7.37570138,4.95
51,-2.52693067,-7.67045866,4.95
52,-2.46659872,-7.48604509,4.95
53,-2.57340721,-6.85013639,4.95
54,-3.42315181,-1.66998602,4.95
55,-2.95050097,-0.19433981,4.95
56,-15.59428848,-11.10936869,4.95
57,-16.18089061,-11.59558581,5.3625
58,-15.30186234,-10.8657338,4.95
59,-15.59657396,-10.15701852,4.95
60,-15.01002003,-10.62174942,4.95
61,-14.71876197,-10.3774166,4.95
62,-16.18089061,-11.59558581,5.775
63,-16.18089061,-11.59558581,6.1875
64,-15.30529055,-9.91338705,4.95
65,-16.18089061,-9.68154319,5.3625
66,-15.59885944,-9.20466834,4.95
67,-15.30871877,-8.96104031,4.95
68,-15.01459098,-9.66940747,4.95
69,-14.72447564,-9.42508082,4.95
70,-14.42808858,-10.1327364,4.95
71,-15.01916192,-8.71706552,4.95
72,-14.43494497,-9.18040816,4.95
73,-16.18089061,-9.68154319,5.775
74,-16.18089061,-9.68154319,6.1875
75,-13.14717783,-11.33402128,4.95
76,-13.43803139,-11.58022674,5.3625
77,-12.85691118,-11.08747078,4.95
78,-12.56723183,-10.84057629,4.95
79,-12.27814019,-10.59333888,4.95
80,-13.43803139,-11.58022674,5.775
81,-13.43803139,-11.58022674,6.1875
82,-14.14599937,-8.93539054,4.95
83,-16.18089061,-11.59558581,6.6
84,-16.18089061,-11.59558581,7.0125
85,-16.18089061,-11.59558581,7.425
86,-16.18089061,-9.68154319,6.6
87,-16.18089061,-9.68154319,7.0125
88,-16.18089061,-9.68154319,7.425
89,-13.43803139,-11.58022674,6.6
90,-13.43803139,-11.58022674,7.0125
91,-13.43803139,-11.58022674,7.425
92,-15.89073747,-8.48625957,4.95
93,-15.31214699,-8.00869356,4.95
94,-16.18089061,-7.76750056,4.95
95,-15.60345281,-7.29063123,4.95
96,-16.18089061,-7.76750056,5.3625
97,-14.73018932,-8.47274505,4.95
98,-14.44180136,-8.22807993,4.95
99,-15.02373287,-7.76472358,4.95
100,-14.73590299,-7.52040927,4.95
101,-14.44865775,-7.27575169,4.95
102,-16.18089061,-7.76750056,5.775
103,-16.18089061,-7.76750056,6.1875
104,-15.89303416,-6.57221832,4.95
105,-16.18089061,-5.85345794,4.95
106,-15.31903703,-6.09466333,4.95
107,-16.18089061,-5.85345794,5.3625
108,-15.02830382,-6.81238163,4.95
109,-14.74161666,-6.56807349,4.95
110,-14.16199756,-7.03075189,4.95
111,-14.45551414,-6.32342346,4.95
112,-14.16999666,-6.07843257,4.95
113,-16.18089061,-5.85345794,5.775
114,-16.18089061,-5.85345794,6.1875
115,-14.15399847,-7.98307121,4.95
116,-13.28267711,-8.1982784,4.95
117,-13.86678105,-7.73771996,4.95
118,-13.5801495,-7.49202722,4.95
119,-12.69634935,-8.65741898,5.3625
120,-12.71006177,-7.70516478,5.3625
121,-12.69634935,-8.65741898,5.775
122,-12.69634935,-8.65741898,6.1875
123,-12.71006177,-7.70516478,5.775
124,-12.71006177,-7.70516478,6.1875
125,-13.87592284,-6.78541092,4.95
126,-13.29410425,-7.24599404,4.95
127,-13.59043398,-6.53972983,4.95
128,-13.88506463,-5.83310188,4.95
129,-13.30553139,-6.29370968,4.95
130,-13.00864568,-6.99962148,4.95
131,-12.7237742,-6.75291059,4.95
132,-12.7237742,-6.75291059,5.3625
133,-13.02121547,-6.04735152,4.95
134,-12.73748662,-5.8006564,4.95
135,-12.73748662,-5.8006564,5.3625
136,-12.7237742,-6.75291059,5.775
137,-12.7237742,-6.75291059,6.1875
138,-12.73748662,-5.8006564,5.775
139,-16.18089061,-7.76750056,6.6
140,-16.18089061,-7.76750056,7.0125
141,-16.18089061,-5.85345794,6.6
142,-16.18089061,-5.85345794,7.0125
143,-12.69634935,-8.65741898,6.6
144,-12.71006177,-7.70516478,6.6
145,-12.69634935,-8.65741898,7.0125
146,-12.69634935,-8.65741898,7.425
147,-12.71006177,-7.70516478,7.0125
148,-12.71006177,-7.70516478,7.425
149,-12.7237742,-6.75291059,6.6
150,-12.73748662,-5.8006564,6.1875
151,-12.73748662,-5.8006564,6.6
152,-12.7237742,-6.75291059,7.0125
153,-12.7237742,-6.75291059,7.425
154,-12.73748662,-5.8006564,7.0125
155,-11.98963667,-10.3457596,4.95
156,-10.69551618,-11.53415146,4.95
157,-10.40743811,-11.28470418,4.95
158,-10.11995077,-11.03491845,4.95
159,-10.69551618,-11.53415146,5.3625
160,-10.69551618,-11.53415146,5.775
161,-10.69551618,-11.53415146,6.1875
162,-11.70172168,-10.0978395,4.95
163,-9.83305455,-10.78479534,4.95
164,-9.54674984,-10.53433591,4.95
165,-9.26103704,-10.28354121,4.95
166,-9.46704794,-8.83220979,4.95
167,-8.97591655,-10.03241231,4.95
168,-8.69138875,-9.78095027,4.95
169,-8.40745403,-9.52915614,4.95
170,-8.66318133,-8.80858709,4.95
171,-8.12411278,-9.27703099,4.95
172,-10.69551618,-11.53415146,6.6
173,-10.69551618,-11.53415146,7.0125
174,-10.69551618,-11.53415146,7.425
175,-11.89304521,-8.64451773,5.3625
176,-11.08978832,-8.62894978,4.95
177,-10.28658753,-8.6107153,4.95
178,-11.08978832,-8.62894978,5.3625
179,-10.28658753,-8.6107153,5.3625
180,-11.89304521,-8.64451773,5.775
181,-11.89304521,-8.64451773,6.1875
182,-11.08978832,-8.62894978,5.775
183,-10.28658753,-8.6107153,5.775
184,-11.08978832,-8.62894978,6.1875
185,-10.28658753,-8.6107153,6.1875
186,-9.48345171,-8.58981449,4.95
187,-9.48345171,-8.58981449,5.3625
188,-8.6803897,-8.56624758,4.95
189,-8.6803897,-8.56624758,5.3625
190,-9.48345171,-8.58981449,5.775
191,-9.48345171,-8.58981449,6.1875
192,-8.6803897,-8.56624758,5.775
193,-8.6803897,-8.56624758,6.1875
194,-11.89304521,-8.64451773,6.6
195,-11.08978832,-8.62894978,6.6
196,-10.28658753,-8.6107153,6.6
197,-11.89304521,-8.64451773,7.0125
198,-11.89304521,-8.64451773,7.425
199,-11.08978832,-8.62894978,7.0125
200,-10.28658753,-8.6107153,7.0125
201,-9.48345171,-8.58981449,6.6
202,-8.6803897,-8.56624758,6.6
203,-9.48345171,-8.58981449,7.0125
204,-8.6803897,-8.56624758,7.0125
205,-8.6803897,-8.56624758,7.425
206,-16.18089061,-11.59558581,7.8375
207,-16.18089061,-11.59558581,8.25
208,-16.18089061,-11.59558581,8.6625
209,-16.18089061,-9.68154319,7.8375
210,-16.18089061,-9.68154319,8.25
211,-16.18089061,-9.68154319,8.6625
212,-13.43803139,-11.58022674,7.8375
213,-13.43803139,-11.58022674,8.25
214,-13.43803139,-11.58022674,8.6625
215,-16.18089061,-11.59558581,9.075
216,-16.18089061,-11.59558581,9.4875
217,-16.18089061,-11.59558581,9.9
218,-15.88729805,-11.35265305,9.9
219,-15.59428848,-11.10936869,9.9
220,-15.88844079,-10.40030081,9.9
221,-15.30186234,-10.8657338,9.9
222,-15.59657396,-10.15701852,9.9
223,-15.01002003,-10.62174942,9.9
224,-14.71876197,-10.3774166,9.9
225,-16.18089061,-9.68154319,9.075
226,-16.18089061,-9.68154319,9.4875
227,-16.18089061,-9.68154319,9.9
228,-15.30529055,-9.91338705,9.9
229,-15.59885944,-9.20466834,9.9
230,-15.30871877,-8.96104031,9.9
231,-15.01459098,-9.66940747,9.9
232,-14.72447564,-9.42508082,9.9
233,-14.42808858,-10.1327364,9.9
234,-15.01916192,-8.71706552,9.9
235,-14.43494497,-9.18040816,9.9
236,-13.43803139,-11.58022674,9.075
237,-13.43803139,-11.58022674,9.4875
238,-13.43803139,-11.58022674,9.9
239,-13.14717783,-11.33402128,9.9
240,-12.85691118,-11.08747078,9.9
241,-12.56723183,-10.84057629,9.9
242,-12.27814019,-10.59333888,9.9
243,-14.13800028,-9.88770986,9.9
244,-13.84849746,-9.64233804,9.9
245,-14.14599937,-8.93539054,9.9
246,-13.55958056,-9.39662199,9.9
247,-13.27124997,-9.15056276,9.9
248,-12.98350609,-8.9041614,9.9
249,-16.18089061,-7.76750056,7.425
250,-16.18089061,-7.76750056,7.8375
251,-16.18089061,-7.76750056,8.25
252,-16.18089061,-7.76750056,8.6625
253,-16.18089061,-5.85345794,7.425
254,-16.18089061,-5.85345794,7.8375
255,-16.18089061,-5.85345794,8.25
256,-16.18089061,-5.85345794,8.6625
257,-12.69634935,-8.65741898,7.8375
258,-12.71006177,-7.70516478,7.8375
259,-12.69634935,-8.65741898,8.25
260,-12.69634935,-8.65741898,8.6625
261,-12.71006177,-7.70516478,8.25
262,-12.71006177,-7.70516478,8.6625
263,-12.7237742,-6.75291059,7.8375
264,-12.73748662,-5.8006564,7.425
265,-12.73748662,-5.8006564,7.8375
266,-12.7237742,-6.75291059,8.25
267,-12.7237742,-6.75291059,8.6625
268,-12.73748662,-5.8006564,8.25
269,-12.73748662,-5.8006564,8.6625
270,-16.18089061,-7.76750056,9.075
271,-15.89073747,-8.48625957,9.9
272,-15.31214699,-8.00869356,9.9
273,-16.18089061,-7.76750056,9.4875
274,-16.18089061,-7.76750056,9.9
275,-15.60345281,-7.29063123,9.9
276,-14.73018932,-8.47274505,9.9
277,-14.44180136,-8.22807993,9.9
278,-15.02373287,-7.76472358,9.9
279,-14.73590299,-7.52040927,9.9
280,-14.44865775,-7.27575169,9.9
281,-16.18089061,-5.85345794,9.075
282,-15.89303416,-6.57221832,9.9
283,-16.18089061,-5.85345794,9.4875
284,-16.18089061,-5.85345794,9.9
285,-15.31903703,-6.09466333,9.9
286,-15.02830382,-6.81238163,9.9
287,-14.74161666,-6.56807349,9.9
288,-14.16199756,-7.03075189,9.9
289,-14.45551414,-6.32342346,9.9
290,-14.16999666,-6.07843257,9.9
291,-12.69634935,-8.65741898,9.075
292,-12.71006177,-7.70516478,9.075
293,-13.85763926,-8.690029,9.9
294,-14.15399847,-7.98307121,9.9
295,-13.56986503,-8.4443246,9.9
296,-13.28267711,-8.1982784,9.9
297,-13.86678105,-7.73771996,9.9
298,-13.5801495,-7.49202722,9.9
299,-12.69634935,-8.65741898,9.4875
300,-12.69634935,-8.65741898,9.9
301,-12.71006177,-7.70516478,9.4875
302,-12.99607589,-7.95189144,9.9
303,-12.71006177,-7.70516478,9.9
304,-12.7237742,-6.75291059,9.075
305,-12.73748662,-5.8006564,9.075
306,-13.87592284,-6.78541092,9.9
307,-13.29410425,-7.24599404,9.9
308,-13.59043398,-6.53972983,9.9
309,-13.88506463,-5.83310188,9.9
310,-13.30553139,-6.29370968,9.9
311,-12.7237742,-6.75291059,9.4875
312,-13.00864568,-6.99962148,9.9
313,-12.7237742,-6.75291059,9.9
314,-12.73748662,-5.8006564,9.4875
315,-13.02121547,-6.04735152,9.9
316,-12.73748662,-5.8006564,9.9
317,-10.69551618,-11.53415146,7.8375
318,-10.69551618,-11.53415146,8.25
319,-10.69551618,-11.53415146,8.6625
320,-10.69551618,-11.53415146,9.075
321,-11.98963667,-10.3457596,9.9
322,-10.69551618,-11.53415146,9.4875
323,-10.69551618,-11.53415146,9.9
324,-10.40743811,-11.28470418,9.9
325,-10.11995077,-11.03491845,9.9
326,-11.70172168,-10.0978395,9.9
327,-11.4143956,-9.84957964,9.9
328,-11.12765886,-9.60098108,9.9
329,-10.84151183,-9.35204486,9.9
330,-10.55595493,-9.10277206,9.9
331,-10.27098854,-8.85316372,9.9
332,-9.83305455,-10.78479534,9.9
333,-9.54674984,-10.53433591,9.9
334,-9.26103704,-10.28354121,9.9
335,-9.46704794,-8.83220979,9.9
336,-8.97591655,-10.03241231,9.9
337,-8.69138875,-9.78095027,9.9
338,-8.40745403,-9.52915614,9.9
339,-8.66318133,-8.80858709,9.9
340,-8.12411278,-9.27703099,9.9
341,-11.89304521,-8.64451773,7.8375
342,-11.08978832,-8.62894978,7.425
343,-10.28658753,-8.6107153,7.425
344,-11.08978832,-8.62894978,7.8375
345,-10.28658753,-8.6107153,7.8375
346,-11.89304521,-8.64451773,8.25
347,-11.89304521,-8.64451773,8.6625
348,-11.08978832,-8.62894978,8.25
349,-10.28658753,-8.6107153,8.25
350,-11.08978832,-8.62894978,8.6625
351,-10.28658753,-8.6107153,8.6625
352,-9.48345171,-8.58981449,7.425
353,-9.48345171,-8.58981449,7.8375
354,-8.6803897,-8.56624758,7.8375
355,-9.48345171,-8.58981449,8.25
356,-9.48345171,-8.58981449,8.6625
357,-8.6803897,-8.56624758,8.25
358,-8.6803897,-8.56624758,8.6625
359,-11.89304521,-8.64451773,9.075
360,-11.08978832,-8.62894978,9.075
361,-10.28658753,-8.6107153,9.075
362,-11.89304521,-8.64451773,9.4875
363,-11.89304521,-8.64451773,9.9
364,-11.08978832,-8.62894978,9.4875
365,-10.28658753,-8.6107153,9.4875
366,-11.08978832,-8.62894978,9.9
367,-10.28658753,-8.6107153,9.9
368,-9.48345171,-8.58981449,9.075
369,-8.6803897,-8.56624758,9.075
370,-9.48345171,-8.58981449,9.4875
371,-9.48345171,-8.58981449,9.9
372,-8.6803897,-8.56624758,9.4875
373,-8.6803897,-8.56624758,9.9
374,-15.60804618,-5.37659411,4.95
375,-15.89533084,-4.65817707,4.95
376,-14.74733034,-5.61573772,4.95
377,-14.46237053,-5.37109522,4.95
378,-14.17799576,-5.12611325,4.95
379,-15.03749053,-4.89836105,4.95
380,-14.46922692,-4.41876699,4.95
381,-16.18089061,-3.93941531,4.95
382,-15.32592708,-4.18063311,4.95
383,-16.18089061,-3.93941531,5.3625
384,-15.61263955,-3.462557,4.95
385,-14.7588137,-3.70172954,4.95
386,-14.18599485,-4.17379392,4.95
387,-15.04667724,-2.98434047,4.95
388,-16.18089061,-3.93941531,5.775
389,-16.18089061,-3.93941531,6.1875
390,-13.60071845,-5.58743245,4.95
391,-13.31695853,-5.34142533,4.95
392,-13.89420642,-4.88079284,4.95
393,-13.61100292,-4.63513507,4.95
394,-13.32838567,-4.38914097,4.95
395,-13.03378526,-5.09508156,4.95
396,-12.75119905,-4.84840221,4.95
397,-12.75119905,-4.84840221,5.3625
398,-12.75119905,-4.84840221,5.775
399,-13.90334821,-3.92848381,4.95
400,-13.6212874,-3.68283768,4.95
401,-13.33981281,-3.43685661,4.95
402,-13.04635505,-4.1428116,4.95
403,-12.76491147,-3.89614801,4.95
404,-12.76491147,-3.89614801,5.3625
405,-13.05892484,-3.19054164,4.95
406,-12.77862389,-2.94389382,4.95
407,-12.77862389,-2.94389382,5.3625
408,-12.76491147,-3.89614801,5.775
409,-12.77862389,-2.94389382,5.775
410,-16.18089061,-3.93941531,6.6
411,-16.18089061,-3.93941531,7.0125
412,-12.75119905,-4.84840221,6.1875
413,-12.75119905,-4.84840221,6.6
414,-12.75119905,-4.84840221,7.0125
415,-12.76491147,-3.89614801,6.1875
416,-12.76491147,-3.89614801,6.6
417,-12.77862389,-2.94389382,6.1875
418,-12.77862389,-2.94389382,6.6
419,-12.76491147,-3.89614801,7.0125
420,-12.77862389,-2.94389382,7.0125
421,-15.89762753,-2.74413582,4.95
422,-15.33281712,-2.26660288,4.95
423,-16.18089061,-2.02537268,4.95
424,-15.61723292,-1.54851988,4.95
425,-16.18089061,-2.02537268,5.3625
426,-14.48300692,-2.50477396,4.95
427,-14.77029706,-1.78772136,4.95
428,-16.18089061,-2.02537268,5.775
429,-16.18089061,-2.02537268,6.1875
430,-15.89992422,-0.83009457,4.95
431,-16.18089061,-0.11133006,4.95
432,-15.33970716,-0.35257266,4.95
433,-16.18089061,-0.11133006,5.3625
434,-15.05586395,-1.07031989,4.95
435,-14.49678692,-0.59078094,4.95
436,-16.18089061,-0.11133006,5.775
437,-13.35123995,-2.48457225,4.95
438,-12.79233632,-1.99163963,5.3625
439,-12.79233632,-1.99163963,5.775
440,-12.79233632,-1.99163963,6.1875
441,-12.80604874,-1.03938544,5.3625
442,-12.81976116,-0.08713124,5.3625
443,-12.80604874,-1.03938544,5.775
444,-12.80604874,-1.03938544,6.1875
445,-12.81976116,-0.08713124,5.775
446,-12.81976116,-0.08713124,6.1875
447,-16.18089061,-2.02537268,6.6
448,-16.18089061,-2.02537268,7.0125
449,-16.18089061,-2.02537268,7.425
450,-16.18089061,-0.11133006,6.1875
451,-16.18089061,-0.11133006,6.6
452,-16.18089061,-0.11133006,7.0125
453,-16.18089061,-0.11133006,7.425
454,-12.79233632,-1.99163963,6.6
455,-12.79233632,-1.99163963,7.0125
456,-12.79233632,-1.99163963,7.425
457,-12.80604874,-1.03938544,6.6
458,-12.81976116,-0.08713124,6.6
459,-12.80604874,-1.03938544,7.0125
460,-12.81976116,-0.08713124,7.0125
461,-16.18089061,-3.93941531,7.425
462,-16.18089061,-3.93941531,7.8375
463,-16.18089061,-3.93941531,8.25
464,-16.18089061,-3.93941531,8.6625
465,-12.75119905,-4.84840221,7.425
466,-12.75119905,-4.84840221,7.8375
467,-12.75119905,-4.84840221,8.25
468,-12.75119905,-4.84840221,8.6625
469,-12.76491147,-3.89614801,7.425
470,-12.76491147,-3.89614801,7.8375
471,-12.77862389,-2.94389382,7.425
472,-12.77862389,-2.94389382,7.8375
473,-12.76491147,-3.89614801,8.25
474,-12.76491147,-3.89614801,8.6625
475,-12.77862389,-2.94389382,8.25
476,-12.77862389,-2.94389382,8.6625
477,-15.60804618,-5.37659411,9.9
478,-15.89533084,-4.65817707,9.9
479,-14.74733034,-5.61573772,9.9
480,-14.46237053,-5.37109522,9.9
481,-14.17799576,-5.12611325,9.9
482,-15.03749053,-4.89836105,9.9
483,-14.46922692,-4.41876699,9.9
484,-16.18089061,-3.93941531,9.075
485,-16.18089061,-3.93941531,9.4875
486,-16.18089061,-3.93941531,9.9
487,-15.32592708,-4.18063311,9.9
488,-15.61263955,-3.462557,9.9
489,-14.7588137,-3.70172954,9.9
490,-14.18599485,-4.17379392,9.9
491,-15.04667724,-2.98434047,9.9
492,-14.19399395,-3.2214746,9.9
493,-12.75119905,-4.84840221,9.075
494,-13.60071845,-5.58743245,9.9
495,-13.31695853,-5.34142533,9.9
496,-13.89420642,-4.88079284,9.9
497,-13.61100292,-4.63513507,9.9
498,-13.32838567,-4.38914097,9.9
499,-13.03378526,-5.09508156,9.9
500,-12.75119905,-4.84840221,9.4875
501,-12.75119905,-4.84840221,9.9
502,-12.76491147,-3.89614801,9.075
503,-12.77862389,-2.94389382,9.075
504,-13.90334821,-3.92848381,9.9
505,-13.6212874,-3.68283768,9.9
506,-13.91249,-2.97617477,9.9
507,-13.33981281,-3.43685661,9.9
508,-12.76491147,-3.89614801,9.4875
509,-13.04635505,-4.1428116,9.9
510,-12.76491147,-3.89614801,9.9
511,-12.77862389,-2.94389382,9.4875
512,-13.05892484,-3.19054164,9.9
513,-12.77862389,-2.94389382,9.9
514,-16.18089061,-2.02537268,7.8375
515,-16.18089061,-2.02537268,8.25
516,-16.18089061,-2.02537268,8.6625
517,-16.18089061,-0.11133006,7.8375
518,-16.18089061,-0.11133006,8.25
519,-16.18089061,-0.11133006,8.6625
520,-12.79233632,-1.99163963,7.8375
521,-12.79233632,-1.99163963,8.25
522,-12.79233632,-1.99163963,8.6625
523,-12.80604874,-1.03938544,7.425
524,-12.80604874,-1.03938544,7.8375
525,-12.81976116,-0.08713124,7.425
526,-12.81976116,-0.08713124,7.8375
527,-12.80604874,-1.03938544,8.25
528,-12.80604874,-1.03938544,8.6625
529,-12.81976116,-0.08713124,8.25
530,-12.81976116,-0.08713124,8.6625
531,-16.18089061,-2.02537268,9.075
532,-15.89762753,-2.74413582,9.9
533,-15.33281712,-2.26660288,9.9
534,-16.18089061,-2.02537268,9.4875
535,-16.18089061,-2.02537268,9.9
536,-15.61723292,-1.54851988,9.9
537,-14.48300692,-2.50477396,9.9
538,-14.77029706,-1.78772136,9.9
539,-16.18089061,-0.11133006,9.075
540,-15.89992422,-0.83009457,9.9
541,-16.18089061,-0.11133006,9.4875
542,-16.18089061,-0.11133006,9.9
543,-15.33970716,-0.35257266,9.9
544,-15.05586395,-1.07031989,9.9
545,-14.21007056,-1.30749949,9.9
546,-14.49678692,-0.59078094,9.9
547,-12.79233632,-1.99163963,9.075
548,-13.63157187,-2.7305403,9.9
549,-13.35123995,-2.48457225,9.9
550,-13.92163179,-2.02386573,9.9
551,-13.64185634,-1.77824292,9.9
552,-13.36266709,-1.53228789,9.9
553,-13.07149463,-2.23827168,9.9
554,-12.79233632,-1.99163963,9.4875
555,-12.79233632,-1.99163963,9.9
556,-12.80604874,-1.03938544,9.075
557,-12.81976116,-0.08713124,9.075
558,-13.65214082,-0.82594553,9.9
559,-13.940005,-0.10991129,9.9
560,-13.37409423,-0.58000354,9.9
561,-12.80604874,-1.03938544,9.4875
562,-13.08406442,-1.28600172,9.9
563,-12.80604874,-1.03938544,9.9
564,-12.81976116,-0.08713124,9.4875
565,-13.09663422,-0.33373176,9.9
566,-12.81976116,-0.08713124,9.9
567,-7.95368895,-11.45736575,4.95
568,-7.6684225,-11.20470793,4.95
569,-7.38375053,-10.95171831,4.95
570,-7.95368895,-11.45736575,5.3625
571,-7.09967341,-10.69839794,4.95
572,-6.81619155,-10.4447479,4.95
573,-6.53330531,-10.19076925,4.95
574,-7.95368895,-11.45736575,5.775
575,-7.84136538,-9.02457588,4.95
576,-7.85939756,-8.78229588,4.95
577,-6.25101508,-9.93646304,4.95
578,-7.03686912,-8.99555524,4.95
579,-7.05589499,-8.74830991,4.95108723
580,-6.23247363,-8.96386404,4.95
581,-6.25232019,-8.71668323,4.95108723
582,-5.21289358,-11.34987923,4.95
583,-5.21289358,-11.34987923,5.3625
584,-4.93047453,-11.09404257,4.95
585,-4.64865363,-10.83788078,4.95
586,-4.36743125,-10.58139493,4.95
587,-4.08680778,-10.32458609,4.95
588,-5.21289358,-11.34987923,5.775
589,-5.96932124,-9.68183035,4.95
590,-5.68822415,-9.42687224,4.95
591,-5.40772421,-9.17158977,4.95
592,-5.42841082,-8.92447746,4.95108723
593,-4.60275331,-9.13448923,4.95
594,-4.62449989,-8.88242258,4.95217446
595,-7.95368895,-11.45736575,6.1875
596,-7.95368895,-11.45736575,6.6
597,-7.95368895,-11.45736575,7.0125
598,-5.21289358,-11.34987923,6.1875
599,-5.21289358,-11.34987923,6.6
600,-5.21289358,-11.34987923,7.0125
601,-7.87741035,-8.54001483,4.95
602,-7.87741035,-8.54001483,5.3625
603,-7.07452251,-8.51111653,5.3625
604,-6.27173503,-8.47955299,5.3625
605,-7.87741035,-8.54001483,5.775
606,-7.07452251,-8.51111653,5.775
607,-6.27173503,-8.47955299,5.775
608,-5.44885481,-8.68238906,4.95108723
609,-5.46905676,-8.44532458,5.3625
610,-4.6455077,-8.64542776,4.95108723
611,-4.66649654,-8.40843165,5.3625
612,-5.46905676,-8.44532458,5.775
613,-5.46905676,-8.44532458,6.1875
614,-4.66649654,-8.40843165,5.775
615,-4.66649654,-8.40843165,6.1875
616,-7.87741035,-8.54001483,6.1875
617,-7.87741035,-8.54001483,6.6
618,-7.07452251,-8.51111653,6.1875
619,-6.27173503,-8.47955299,6.1875
620,-7.07452251,-8.51111653,6.6
621,-6.27173503,-8.47955299,6.6
622,-7.87741035,-8.54001483,7.0125
623,-7.87741035,-8.54001483,7.425
624,-7.07452251,-8.51111653,7.0125
625,-6.27173503,-8.47955299,7.0125
626,-7.07452251,-8.51111653,7.425
627,-6.27173503,-8.47955299,7.425
628,-5.46905676,-8.44532458,6.6
629,-4.66649654,-8.40843165,6.6
630,-5.46905676,-8.44532458,7.0125
631,-5.46905676,-8.44532458,7.425
632,-4.66649654,-8.40843165,7.0125
633,-4.66649654,-8.40843165,7.425
634,-2.48928514,-10.92963549,5.0007375
635,-2.48928514,-10.92963549,5.4132375
636,-2.21008735,-10.67067125,5.0007375
637,-2.48928514,-10.92963549,5.8257375
638,-3.80678358,-10.06745533,4.95
639,-3.52735902,-9.81000372,4.95
640,-3.24853446,-9.55223231,4.95
641,-3.79816661,-9.08969304,4.95108723
642,-3.82049326,-8.84272352,4.95217446
643,-2.97031028,-9.29414219,4.95
644,-2.99374974,-9.04222694,4.95217446
645,-3.01662286,-8.80035558,4.95217446
646,-2.16523611,-9.24392764,4.95108723
647,-2.18951154,-8.99209158,4.9532617
648,-1.93149129,-10.41138901,5.0007375
649,-1.65349733,-10.15178983,5.0007375
650,-1.37802168,-9.86040057,5.01160982
651,-1.10127076,-9.60017308,5.01160982
652,-1.36034976,-9.1910417,4.95217446
653,-1.38515426,-8.94430835,4.9532617
654,-0.825123,-9.33963191,5.01160982
655,-0.55566007,-9.13548507,4.9532617
656,-0.54957876,-9.07877815,5.01160982
657,-0.5899044,-8.75497664,4.98334179
658,-2.48928514,-10.92963549,6.2382375
659,-2.48928514,-10.92963549,6.6169125
660,-2.48928514,-10.92963549,7.0294125
661,-3.84937606,-8.46681418,4.98116732
662,-3.04675343,-8.42454419,4.98116732
663,-3.86406322,-8.36887463,5.3625
664,-3.06176564,-8.32665394,5.3625
665,-3.11339224,-7.37570138,5.3625
666,-2.22091406,-8.61638409,4.98225455
667,-2.24427554,-8.37960993,4.98116732
668,-3.86406322,-8.36887463,5.775
669,-3.06176564,-8.32665394,5.775
670,-3.86406322,-8.36887463,6.1875
671,-3.06176564,-8.32665394,6.1875
672,-3.11339224,-7.37570138,5.775
673,-3.11339224,-7.37570138,6.1875
674,-3.16501883,-6.42474882,4.95
675,-3.16501883,-6.42474882,5.3625
676,-2.62727775,-5.89930831,4.95
677,-2.04353169,-6.19287802,4.95
678,-3.16501883,-6.42474882,5.775
679,-3.16501883,-6.42474882,6.1875
680,-1.42628158,-8.42979943,5.01233464
681,-1.44195125,-8.33201188,4.98116732
682,-0.62379518,-8.37948557,5.01233464
683,-0.91127911,-7.67224439,4.98116732
684,-1.99511946,-7.01308833,4.95
685,-1.46633458,-6.35455356,4.95
686,-0.38363855,-7.01132152,4.98116732
687,-3.86406322,-8.36887463,6.6
688,-3.06176564,-8.32665394,6.6
689,-3.11339224,-7.37570138,6.6
690,-3.86406322,-8.36887463,7.0125
691,-3.06176564,-8.32665394,7.0125
692,-3.86406322,-8.36887463,7.425
693,-3.06176564,-8.32665394,7.425
694,-3.11339224,-7.37570138,7.0125
695,-3.11339224,-7.37570138,7.425
696,-3.16501883,-6.42474882,6.6
697,-3.16501883,-6.42474882,7.0125
698,-7.95368895,-11.45736575,7.425
699,-7.95368895,-11.45736575,7.8375
700,-7.95368895,-11.45736575,8.25
701,-7.95368895,-11.45736575,8.6625
702,-5.21289358,-11.34987923,7.425
703,-5.21289358,-11.34987923,7.8375
704,-5.21289358,-11.34987923,8.25
705,-5.21289358,-11.34987923,8.6625
706,-7.95368895,-11.45736575,9.075
707,-7.95368895,-11.45736575,9.4875
708,-7.95368895,-11.45736575,9.9
709,-7.6684225,-11.20470793,9.9
710,-7.38375053,-10.95171831,9.9
711,-7.09967341,-10.69839794,9.9
712,-6.81619155,-10.4447479,9.9
713,-6.53330531,-10.19076925,9.9
714,-7.84136538,-9.02457588,9.9
715,-7.85939756,-8.78229588,9.9
716,-6.25101508,-9.93646304,9.9
717,-7.03686912,-8.99555524,9.9
718,-7.05589499,-8.74830991,9.89891277
719,-6.23247363,-8.96386404,9.9
720,-6.25232019,-8.71668323,9.89891277
721,-5.21289358,-11.34987923,9.075
722,-5.21289358,-11.34987923,9.4875
723,-5.21289358,-11.34987923,9.9
724,-4.93047453,-11.09404257,9.9
725,-4.64865363,-10.83788078,9.9
726,-4.36743125,-10.58139493,9.9
727,-4.08680778,-10.32458609,9.9
728,-5.96932124,-9.68183035,9.9
729,-5.68822415,-9.42687224,9.9
730,-5.40772421,-9.17158977,9.9
731,-5.42841082,-8.92447746,9.89891277
732,-4.60275331,-9.13448923,9.9
733,-4.62449989,-8.88242258,9.89782554
734,-7.87741035,-8.54001483,7.8375
735,-7.07452251,-8.51111653,7.8375
736,-6.27173503,-8.47955299,7.8375
737,-7.87741035,-8.54001483,8.25
738,-7.87741035,-8.54001483,8.6625
739,-7.07452251,-8.51111653,8.25
740,-6.27173503,-8.47955299,8.25
741,-7.07452251,-8.51111653,8.6625
742,-6.27173503,-8.47955299,8.6625
743,-5.46905676,-8.44532458,7.8375
744,-4.66649654,-8.40843165,7.8375
745,-5.46905676,-8.44532458,8.25
746,-5.46905676,-8.44532458,8.6625
747,-4.66649654,-8.40843165,8.25
748,-4.66649654,-8.40843165,8.6625
749,-7.87741035,-8.54001483,9.075
750,-7.07452251,-8.51111653,9.075
751,-6.27173503,-8.47955299,9.075
752,-7.87741035,-8.54001483,9.4875
753,-7.87741035,-8.54001483,9.9
754,-7.07452251,-8.51111653,9.4875
755,-6.27173503,-8.47955299,9.4875
756,-7.07452251,-8.51111653,9.9
757,-6.27173503,-8.47955299,9.9
758,-5.46905676,-8.44532458,9.075
759,-4.66649654,-8.40843165,9.075
760,-5.46905676,-8.44532458,9.4875
761,-5.44885481,-8.68238906,9.89891277
762,-5.46905676,-8.44532458,9.9
763,-4.66649654,-8.40843165,9.4875
764,-4.6455077,-8.64542776,9.89891277
765,-4.66649654,-8.40843165,9.9
766,-2.48928514,-10.92963549,7.4419125
767,-2.48928514,-10.92963549,7.8544125
768,-2.48928514,-10.92963549,8.2330875
769,-2.48928514,-10.92963549,8.6455875
770,-2.48928514,-10.92963549,9.0580875
771,-2.48928514,-10.92963549,9.4705875
772,-2.48928514,-10.92963549,9.8492625
773,-2.21008735,-10.67067125,9.8492625
774,-3.80678358,-10.06745533,9.9
775,-3.52735902,-9.81000372,9.9
776,-3.24853446,-9.55223231,9.9
777,-3.79816661,-9.08969304,9.89891277
778,-3.82049326,-8.84272352,9.89782554
779,-2.97031028,-9.29414219,9.9
780,-2.99374974,-9.04222694,9.89782554
781,-3.01662286,-8.80035558,9.89782554
782,-2.16523611,-9.24392764,9.89891277
783,-2.18951154,-8.99209158,9.8967383
784,-1.93149129,-10.41138901,9.8492625
785,-1.65349733,-10.15178983,9.8492625
786,-1.37802168,-9.86040057,9.83839018
787,-1.10127076,-9.60017308,9.83839018
788,-1.36034976,-9.1910417,9.89782554
789,-1.38515426,-8.94430835,9.8967383
790,-0.825123,-9.33963191,9.83839018
791,-0.54957876,-9.07877815,9.83839018
792,-0.55566007,-9.13548507,9.8967383
793,-0.5899044,-8.75497664,9.86665821
794,-3.86406322,-8.36887463,7.8375
795,-3.06176564,-8.32665394,7.8375
796,-3.11339224,-7.37570138,7.8375
797,-3.86406322,-8.36887463,8.25
798,-3.06176564,-8.32665394,8.25
799,-3.86406322,-8.36887463,8.6625
800,-3.06176564,-8.32665394,8.6625
801,-3.11339224,-7.37570138,8.25
802,-3.11339224,-7.37570138,8.6625
803,-3.16501883,-6.42474882,7.425
804,-3.16501883,-6.42474882,7.8375
805,-3.16501883,-6.42474882,8.25
806,-3.16501883,-6.42474882,8.6625
807,-3.86406322,-8.36887463,9.075
808,-3.06176564,-8.32665394,9.075
809,-3.11339224,-7.37570138,9.075
810,-3.86406322,-8.36887463,9.4875
811,-3.06176564,-8.32665394,9.4875
812,-3.84937606,-8.46681418,9.86883268
813,-3.86406322,-8.36887463,9.9
814,-3.04675343,-8.42454419,9.86883268
815,-3.06176564,-8.32665394,9.9
816,-3.11339224,-7.37570138,9.4875
817,-3.11339224,-7.37570138,9.9
818,-2.22091406,-8.61638409,9.86774545
819,-2.24427554,-8.37960993,9.86883268
820,-2.52693067,-7.67045866,9.9
821,-3.16501883,-6.42474882,9.075
822,-3.16501883,-6.42474882,9.4875
823,-3.16501883,-6.42474882,9.9
824,-2.58080121,-6.71963057,9.9
825,-2.05123364,-6.06239002,9.9
826,-1.42628158,-8.42979943,9.83766536
827,-1.44195125,-8.33201188,9.86883268
828,-0.62379518,-8.37948557,9.83766536
829,-0.91127911,-7.67224439,9.86883268
830,-1.99511946,-7.01308833,9.9
831,-1.46633458,-6.35455356,9.9
832,-0.38363855,-7.01132152,9.86883268
833,-3.21664543,-5.47379626,4.95
834,-3.21664543,-5.47379626,5.3625
835,-3.26827202,-4.5228437,4.95
836,-3.26827202,-4.5228437,5.3625
837,-2.09194393,-5.37266771,4.95
838,-2.68114829,-4.94848022,4.95
839,-2.1480581,-4.4219694,4.95
840,-3.21664543,-5.47379626,5.775
841,-3.21664543,-5.47379626,6.1875
842,-3.26827202,-4.5228437,5.775
843,-3.26827202,-4.5228437,6.1875
844,-3.31989862,-3.57189114,4.95
845,-3.31989862,-3.57189114,5.3625
846,-2.73501882,-3.99765214,4.95
847,-2.78888936,-3.04682406,4.95
848,-2.20417228,-3.47127109,4.95
849,-3.31989862,-3.57189114,5.775
850,-3.31989862,-3.57189114,6.1875
851,-1.51668223,-5.53445978,4.95
852,-1.56702988,-4.714366,4.95
853,-0.94057853,-5.69486499,4.95
854,-0.99286133,-4.8748923,4.95
855,-0.41938397,-5.01089541,4.9634092
856,-1.61737753,-3.89427223,4.95
857,-1.04514412,-4.05491962,4.95
858,-1.67573504,-2.94370898,4.95
859,-1.09742691,-3.23494694,4.95
860,-0.47219164,-4.2123691,4.9634092
861,-0.52640928,-3.39252208,4.9634092
862,-3.21664543,-5.47379626,6.6
863,-3.26827202,-4.5228437,6.6
864,-3.21664543,-5.47379626,7.0125
865,-3.26827202,-4.5228437,7.0125
866,-3.31989862,-3.57189114,6.6
867,-3.31989862,-3.57189114,7.0125
868,-3.31989862,-3.57189114,7.425
869,-3.37152521,-2.62093858,4.95
870,-3.37152521,-2.62093858,5.3625
871,-3.42315181,-1.66998602,5.3625
872,-2.26028646,-2.52057278,4.95
873,-2.84275989,-2.09599598,4.95
874,-2.31640064,-1.56987447,4.95
875,-3.37152521,-2.62093858,5.775
876,-3.42315181,-1.66998602,5.775
877,-3.4747784,-0.71903346,5.3625
878,-2.89663043,-1.14516789,4.95
879,-2.37251481,-0.61917616,4.95
880,-3.4747784,-0.71903346,5.775
881,-1.1497097,-2.41497425,4.95
882,-1.73409254,-1.99314574,4.95
883,-1.21031021,-1.46455137,4.95
884,-0.58062693,-2.57267506,4.9634092
885,-0.01071622,-2.7290017,4.97681839
886,-0.63484457,-1.75282804,4.9634092
887,-0.06686841,-1.9092849,4.97681839
888,-1.79245005,-1.0425825,4.95
889,-1.85080756,-0.09201925,4.95
890,-1.27091072,-0.51412849,4.95
891,-0.68765224,-0.95430172,4.9634092
892,-0.1230206,-1.08956811,4.97681839
893,-0.75049542,-0.00402449,4.9634092
894,-0.17771251,-0.29116863,4.97681839
895,-3.37152521,-2.62093858,6.1875
896,-3.37152521,-2.62093858,6.6
897,-3.42315181,-1.66998602,6.1875
898,-3.42315181,-1.66998602,6.6
899,-3.37152521,-2.62093858,7.0125
900,-3.37152521,-2.62093858,7.425
901,-3.42315181,-1.66998602,7.0125
902,-3.42315181,-1.66998602,7.425
903,-3.4747784,-0.71903346,6.1875
904,-3.4747784,-0.71903346,6.6
905,-3.4747784,-0.71903346,7.0125
906,-3.4747784,-0.71903346,7.425
907,-3.21664543,-5.47379626,7.425
908,-3.21664543,-5.47379626,7.8375
909,-3.26827202,-4.5228437,7.425
910,-3.26827202,-4.5228437,7.8375
911,-3.21664543,-5.47379626,8.25
912,-3.21664543,-5.47379626,8.6625
913,-3.26827202,-4.5228437,8.25
914,-3.26827202,-4.5228437,8.6625
915,-3.31989862,-3.57189114,7.8375
916,-3.31989862,-3.57189114,8.25
917,-3.31989862,-3.57189114,8.6625
918,-3.21664543,-5.47379626,9.075
919,-3.26827202,-4.5228437,9.075
920,-3.21664543,-5.47379626,9.4875
921,-3.21664543,-5.47379626,9.9
922,-3.26827202,-4.5228437,9.4875
923,-3.26827202,-4.5228437,9.9
924,-2.63467175,-5.76880249,9.9
925,-2.10734782,-5.11169171,9.9
926,-2.68854228,-4.81797441,9.9
927,-3.31989862,-3.57189114,9.075
928,-3.31989862,-3.57189114,9.4875
929,-3.31989862,-3.57189114,9.9
930,-2.74241282,-3.86714633,9.9
931,-2.163462,-4.1609934,9.9
932,-2.79628335,-2.91631824,9.9
933,-2.21957617,-3.21029509,9.9
934,-1.52469208,-5.40399032,9.9
935,-1.58304959,-4.45342707,9.9
936,-0.94057853,-5.69486499,9.9
937,-1.00117904,-4.7444421,9.9
938,-0.41938397,-5.01089541,9.8865908
939,-1.06177955,-3.79401922,9.9
940,-1.64140709,-3.50286383,9.9
941,-0.48222714,-4.06061818,9.8865908
942,-0.54507032,-3.11034095,9.8865908
943,-3.37152521,-2.62093858,7.8375
944,-3.42315181,-1.66998602,7.8375
945,-3.37152521,-2.62093858,8.25
946,-3.37152521,-2.62093858,8.6625
947,-3.42315181,-1.66998602,8.25
948,-3.42315181,-1.66998602,8.6625
949,-3.4747784,-0.71903346,7.8375
950,-3.4747784,-0.71903346,8.25
951,-3.4747784,-0.71903346,8.6625
952,-3.37152521,-2.62093858,9.075
953,-3.42315181,-1.66998602,9.075
954,-3.37152521,-2.62093858,9.4875
955,-3.37152521,-2.62093858,9.9
956,-3.42315181,-1.66998602,9.4875
957,-3.42315181,-1.66998602,9.9
958,-2.27569035,-2.25959677,9.9
959,-2.85015389,-1.96549016,9.9
960,-3.4747784,-0.71903346,9.075
961,-3.4747784,-0.71903346,9.4875
962,-3.4747784,-0.71903346,9.9
963,-2.90402443,-1.01466208,9.9
964,-2.33180453,-1.30889846,9.9
965,-2.95789496,-0.063834,9.9
966,-2.3879187,-0.35820015,9.9
967,-1.6997646,-2.55230059,9.9
968,-1.12238006,-2.84359634,9.9
969,-1.75812211,-1.60173734,9.9
970,-1.18298057,-1.89317345,9.9
971,-0.03150338,-2.42554807,9.87318161
972,-0.6079135,-2.16006373,9.8865908
973,-0.09489628,-1.5001305,9.87318161
974,-1.24358108,-0.94275057,9.9
975,-1.81647961,-0.6511741,9.9
976,-0.66912239,-1.23449913,9.8865908
977,-0.73196557,-0.2842219,9.8865908
978,-0.15828918,-0.57471293,9.87318161
979,-12.81964502,2.74572869,0.0
980,-16.18089061,1.80271257,4.95
981,-13.38552137,0.37228082,4.95
982,-13.40848768,2.28618566,4.95
983,-12.86089844,2.76963133,4.95
984,-12.81964502,2.74572869,4.95
985,-15.90451759,2.99798792,4.95
986,-15.63101302,4.19359146,4.95
987,-13.14703661,3.48468407,4.95
988,-13.10777701,3.48526747,4.95
989,-12.0955284,2.78192335,4.95
990,-8.40744018,5.03483535,4.95
991,-8.70497838,5.74421773,4.95
992,-16.18089061,11.3729257,0.0
993,-15.63560639,6.10762858,4.95
994,-15.09261079,6.58576243,4.95
995,-15.36726734,7.30354824,4.95
996,-14.82771387,7.78231953,4.95
997,-14.76506655,7.73897729,4.95
998,-14.35543782,8.50460421,4.95
999,-14.0789739,7.78805458,4.95
1000,-14.63017911,9.22149155,4.95
1001,-14.90319735,9.93871348,4.95
1002,-15.17449215,10.65626692,4.95
1003,-16.18089061,11.3729257,4.95
1004,-15.11765216,10.64841809,4.95
1005,-14.65243864,11.15410018,4.95
1006,-14.53908827,11.143837,4.95
1007,-13.98907915,11.15909044,4.95
1008,-13.99486687,11.15959721,4.95
1009,-13.99435467,11.15960512,4.95
1010,-13.69525487,11.38684441,4.95
1011,-13.53395987,11.3729257,4.95
1012,-9.00080296,6.45398442,4.95
1013,-8.98503667,6.4695562,4.95
1014,-3.52019889,2.74572869,0.0
1015,-7.80722491,3.6172359,4.95
1016,-7.50454886,2.909025,4.95
1017,-6.73967109,2.93909802,4.95
1018,-7.04469656,3.6463002,4.95
1019,-7.34801124,4.35390165,4.95
1020,-6.89188305,5.09147885,4.95
1021,-6.3746066,5.60842665,4.95
1022,-5.97489737,2.97171008,4.95
1023,-5.21023613,3.00686083,4.95
1024,-4.44569579,3.04454987,4.95
1025,-4.24177802,4.27045427,4.95
1026,-5.82795643,4.41759421,4.95
1027,-3.52019889,0.11760372,4.95
1028,-3.526405,0.2319191,4.95
1029,-3.57803159,1.18287166,4.95
1030,-3.62965819,2.13382422,4.95
1031,-3.66287808,2.74572869,4.95
1032,-3.52019889,2.74572869,4.95
1033,-3.11211258,2.65814444,4.95
1034,-3.68128478,3.08477678,4.95
1035,-3.16598311,3.60897252,4.95
1036,-2.91614387,3.28835439,4.95
1037,-7.43159393,6.28483127,4.95
1038,-5.58522746,9.89446108,4.95
1039,-5.42105597,10.06347273,4.95
1040,-4.37424531,9.39644798,4.95
1041,-3.87306546,9.91903394,4.95
1042,-3.21188537,9.95644099,4.95
1043,-15.62182629,0.36551723,4.95
1044,-15.9022209,1.08394668,4.95
1045,-14.78178042,0.12628682,4.95
1046,-14.22614718,0.60647562,4.95
1047,-15.06505066,0.84370069,4.95
1048,-14.51056691,1.32321208,4.95
1049,-15.34659721,1.56145757,4.95
1050,-16.18089061,1.80271257,5.3625
1051,-15.62641965,2.27955435,4.95
1052,-14.79326379,2.040295,4.95
1053,-15.07423737,2.75772127,4.95
1054,-14.24222379,2.52045073,4.95
1055,-16.18089061,1.80271257,5.775
1056,-13.67281059,1.08798548,4.95
1057,-12.83347359,0.86512295,5.3625
1058,-12.83347359,0.86512295,5.775
1059,-12.83347359,0.86512295,6.1875
1060,-13.95837821,1.80404315,4.95
1061,-12.84718601,1.81737714,5.3625
1062,-12.86089844,2.76963133,5.3625
1063,-12.84718601,1.81737714,5.775
1064,-12.84718601,1.81737714,6.1875
1065,-12.86089844,2.76963133,5.775
1066,-12.86089844,2.76963133,6.1875
1067,-16.18089061,1.80271257,6.1875
1068,-16.18089061,1.80271257,6.6
1069,-16.18089061,1.80271257,7.0125
1070,-16.18089061,1.80271257,7.425
1071,-12.83347359,0.86512295,6.6
1072,-12.83347359,0.86512295,7.0125
1073,-12.84718601,1.81737714,6.6
1074,-12.86089844,2.76963133,6.6
1075,-12.84718601,1.81737714,7.0125
1076,-12.84718601,1.81737714,7.425
1077,-12.86089844,2.76963133,7.0125
1078,-12.86089844,2.76963133,7.425
1079,-15.35348725,3.47548779,4.95
1080,-16.18089061,3.7167552,5.3625
1081,-14.52434691,3.2372051,4.95
1082,-14.80474715,3.95430318,4.95
1083,-16.18089061,3.7167552,5.775
1084,-15.3603773,5.38951802,4.95
1085,-16.18089061,5.63079782,5.3625
1086,-15.08342408,4.67174185,4.95
1087,-14.25830041,4.43442583,4.95
1088,-14.53812691,5.15119812,4.95
1089,-16.18089061,5.63079782,5.775
1090,-16.18089061,5.63079782,6.1875
1091,-13.69348037,3.0019165,4.95
1092,-13.97675142,3.71799759,4.95
1093,-13.43145399,4.2000905,4.95
1094,-12.3840388,3.49602224,4.95
1095,-12.67082959,4.21048052,4.95
1096,-13.71415014,4.91584752,4.95
1097,-13.99512463,5.63195203,4.95
1098,-13.23925054,5.64046292,4.95
1099,-12.95590031,4.92529512,4.95
1100,-12.19768603,4.93725988,4.95
1101,-12.48340888,5.65148309,4.95
1102,-16.18089061,3.7167552,6.1875
1103,-16.18089061,3.7167552,6.6
1104,-16.18089061,3.7167552,7.0125
1105,-16.18089061,3.7167552,7.425
1106,-16.18089061,5.63079782,6.6
1107,-16.18089061,5.63079782,7.0125
1108,-16.18089061,5.63079782,7.425
1109,-11.33020338,2.79675614,4.95
1110,-12.0955284,2.78192335,5.3625
1111,-11.33020338,2.79675614,5.3625
1112,-10.56493183,2.81412954,4.95
1113,-10.56493183,2.81412954,5.3625
1114,-12.0955284,2.78192335,5.775
1115,-11.33020338,2.79675614,5.775
1116,-12.0955284,2.78192335,6.1875
1117,-11.33020338,2.79675614,6.1875
1118,-10.56493183,2.81412954,5.775
1119,-9.79972216,2.83404336,4.95
1120,-9.79972216,2.83404336,5.3625
1121,-9.03458283,2.85649738,4.95
1122,-8.26952225,2.88149135,4.95
1123,-9.03458283,2.85649738,5.3625
1124,-8.26952225,2.88149135,5.3625
1125,-9.79972216,2.83404336,5.775
1126,-9.03458283,2.85649738,5.775
1127,-8.26952225,2.88149135,5.775
1128,-12.0955284,2.78192335,6.6
1129,-11.33020338,2.79675614,6.6
1130,-10.56493183,2.81412954,6.1875
1131,-10.56493183,2.81412954,6.6
1132,-12.0955284,2.78192335,7.0125
1133,-11.33020338,2.79675614,7.0125
1134,-12.0955284,2.78192335,7.425
1135,-11.33020338,2.79675614,7.425
1136,-10.56493183,2.81412954,7.0125
1137,-10.56493183,2.81412954,7.425
1138,-9.79972216,2.83404336,6.1875
1139,-9.79972216,2.83404336,6.6
1140,-9.03458283,2.85649738,6.1875
1141,-8.26952225,2.88149135,6.1875
1142,-9.03458283,2.85649738,6.6
1143,-8.26952225,2.88149135,6.6
1144,-9.79972216,2.83404336,7.0125
1145,-9.79972216,2.83404336,7.425
1146,-9.03458283,2.85649738,7.0125
1147,-8.26952225,2.88149135,7.0125
1148,-9.03458283,2.85649738,7.425
1149,-8.26952225,2.88149135,7.425
1150,-11.62108283,3.50989331,4.95
1151,-11.91024386,4.22339558,4.95
1152,-11.1497052,4.23883553,4.95
1153,-10.85817711,3.52629713,4.95
1154,-10.38922199,4.2568002,4.95
1155,-11.43951564,4.95174165,4.95
1156,-11.72760796,5.6650124,4.95
1157,-10.68139751,4.96874029,4.95
1158,-10.97185613,5.68105071,4.95
1159,-10.2161617,5.69959784,4.95
1160,-10.09533005,3.54523352,4.95
1161,-9.33255006,3.56670228,4.95
1162,-9.62880261,4.27728938,4.95
1163,-8.56984555,3.59070316,4.95
1164,-8.86845544,4.30030286,4.95
1165,-8.10818886,4.32584038,4.95
1166,-9.92333999,4.9882556,4.95
1167,-9.16535142,5.01028737,4.95
1168,-9.46053301,5.72065359,4.95
1169,-16.18089061,1.80271257,7.8375
1170,-16.18089061,1.80271257,8.25
1171,-16.18089061,1.80271257,8.6625
1172,-12.83347359,0.86512295,7.425
1173,-12.83347359,0.86512295,7.8375
1174,-12.83347359,0.86512295,8.25
1175,-12.83347359,0.86512295,8.6625
1176,-12.84718601,1.81737714,7.8375
1177,-12.86089844,2.76963133,7.8375
1178,-12.84718601,1.81737714,8.25
1179,-12.84718601,1.81737714,8.6625
1180,-12.86089844,2.76963133,8.25
1181,-12.86089844,2.76963133,8.6625
1182,-15.62182629,0.36551723,9.9
1183,-15.9022209,1.08394668,9.9
1184,-14.78178042,0.12628682,9.9
1185,-14.22614718,0.60647562,9.9
1186,-15.06505066,0.84370069,9.9
1187,-14.51056691,1.32321208,9.9
1188,-16.18089061,1.80271257,9.075
1189,-16.18089061,1.80271257,9.4875
1190,-16.18089061,1.80271257,9.9
1191,-15.34659721,1.56145757,9.9
1192,-15.62641965,2.27955435,9.9
1193,-14.79326379,2.040295,9.9
1194,-15.07423737,2.75772127,9.9
1195,-14.24222379,2.52045073,9.9
1196,-12.83347359,0.86512295,9.075
1197,-13.38552137,0.37228082,9.9
1198,-13.67281059,1.08798548,9.9
1199,-13.10920401,0.61853821,9.9
1200,-12.83347359,0.86512295,9.4875
1201,-12.83347359,0.86512295,9.9
1202,-12.84718601,1.81737714,9.075
1203,-12.86089844,2.76963133,9.075
1204,-13.95837821,1.80404315,9.9
1205,-13.40848768,2.28618566,9.9
1206,-12.84718601,1.81737714,9.4875
1207,-13.1217738,1.57080817,9.9
1208,-12.84718601,1.81737714,9.9
1209,-12.86089844,2.76963133,9.4875
1210,-12.86089844,2.76963133,9.9
1211,-16.18089061,3.7167552,7.8375
1212,-16.18089061,3.7167552,8.25
1213,-16.18089061,3.7167552,8.6625
1214,-16.18089061,5.63079782,7.8375
1215,-16.18089061,5.63079782,8.25
1216,-16.18089061,5.63079782,8.6625
1217,-16.18089061,3.7167552,9.075
1218,-15.90451759,2.99798792,9.9
1219,-15.35348725,3.47548779,9.9
1220,-16.18089061,3.7167552,9.4875
1221,-16.18089061,3.7167552,9.9
1222,-15.63101302,4.19359146,9.9
1223,-14.52434691,3.2372051,9.9
1224,-14.80474715,3.95430318,9.9
1225,-16.18089061,5.63079782,9.075
1226,-15.90681427,4.91202917,9.9
1227,-16.18089061,5.63079782,9.4875
1228,-16.18089061,5.63079782,9.9
1229,-15.3603773,5.38951802,9.9
1230,-15.08342408,4.67174185,9.9
1231,-14.25830041,4.43442583,9.9
1232,-14.53812691,5.15119812,9.9
1233,-13.69348037,3.0019165,9.9
1234,-13.14703661,3.48468407,9.9
1235,-13.97675142,3.71799759,9.9
1236,-13.43145399,4.2000905,9.9
1237,-12.3840388,3.49602224,9.9
1238,-12.67082959,4.21048052,9.9
1239,-13.71415014,4.91584752,9.9
1240,-13.99512463,5.63195203,9.9
1241,-13.23925054,5.64046292,9.9
1242,-12.95590031,4.92529512,9.9
1243,-12.19768603,4.93725988,9.9
1244,-12.48340888,5.65148309,9.9
1245,-12.0955284,2.78192335,7.8375
1246,-11.33020338,2.79675614,7.8375
1247,-10.56493183,2.81412954,7.8375
1248,-12.0955284,2.78192335,8.25
1249,-11.33020338,2.79675614,8.25
1250,-12.0955284,2.78192335,8.6625
1251,-11.33020338,2.79675614,8.6625
1252,-10.56493183,2.81412954,8.25
1253,-10.56493183,2.81412954,8.6625
1254,-9.79972216,2.83404336,7.8375
1255,-9.03458283,2.85649738,7.8375
1256,-8.26952225,2.88149135,7.8375
1257,-9.79972216,2.83404336,8.25
1258,-9.79972216,2.83404336,8.6625
1259,-9.03458283,2.85649738,8.25
1260,-8.26952225,2.88149135,8.25
1261,-9.03458283,2.85649738,8.6625
1262,-8.26952225,2.88149135,8.6625
1263,-12.0955284,2.78192335,9.075
1264,-11.33020338,2.79675614,9.075
1265,-10.56493183,2.81412954,9.075
1266,-12.0955284,2.78192335,9.4875
1267,-11.33020338,2.79675614,9.4875
1268,-12.0955284,2.78192335,9.9
1269,-11.33020338,2.79675614,9.9
1270,-10.56493183,2.81412954,9.4875
1271,-10.56493183,2.81412954,9.9
1272,-9.79972216,2.83404336,9.075
1273,-9.03458283,2.85649738,9.075
1274,-8.26952225,2.88149135,9.075
1275,-9.79972216,2.83404336,9.4875
1276,-9.79972216,2.83404336,9.9
1277,-9.03458283,2.85649738,9.4875
1278,-8.26952225,2.88149135,9.4875
1279,-9.03458283,2.85649738,9.9
1280,-8.26952225,2.88149135,9.9
1281,-11.62108283,3.50989331,9.9
1282,-11.91024386,4.22339558,9.9
1283,-11.1497052,4.23883553,9.9
1284,-10.85817711,3.52629713,9.9
1285,-10.38922199,4.2568002,9.9
1286,-11.43951564,4.95174165,9.9
1287,-11.72760796,5.6650124,9.9
1288,-10.68139751,4.96874029,9.9
1289,-10.97185613,5.68105071,9.9
1290,-10.2161617,5.69959784,9.9
1291,-10.09533005,3.54523352,9.9
1292,-9.33255006,3.56670228,9.9
1293,-9.62880261,4.27728938,9.9
1294,-8.56984555,3.59070316,9.9
1295,-8.86845544,4.30030286,9.9
1296,-8.10818886,4.32584038,9.9
1297,-9.92333999,4.9882556,9.9
1298,-9.16535142,5.01028737,9.9
1299,-9.46053301,5.72065359,9.9
1300,-8.40744018,5.03483535,9.9
1301,-8.70497838,5.74421773,9.9
1302,-14.81623051,5.86831135,4.95
1303,-14.27437702,6.34840094,4.95
1304,-14.55190691,7.06519114,4.95
1305,-16.18089061,7.54484045,5.3625
1306,-16.18089061,7.54484045,5.775
1307,-16.18089061,7.54484045,6.1875
1308,-13.52087984,6.35598084,4.95
1309,-13.80078776,7.07184576,4.95
1310,-12.76741197,6.36606211,4.95
1311,-13.04969485,7.08099386,4.95
1312,-12.29863644,7.09263536,4.95
1313,-13.33025708,7.79627523,4.95
1314,-13.60909825,8.51190312,4.95
1315,-12.58157169,7.80698139,4.95
1316,-12.86278703,8.52167966,4.95
1317,-16.18089061,7.54484045,6.6
1318,-16.18089061,7.54484045,7.0125
1319,-16.18089061,7.54484045,7.425
1320,-16.18089061,9.45888308,5.3625
1321,-14.16161566,9.94418606,4.95
1322,-16.18089061,9.45888308,5.775
1323,-16.18089061,9.45888308,6.1875
1324,-16.18089061,11.3729257,5.3625
1325,-16.18089061,11.3729257,5.775
1326,-16.18089061,11.3729257,6.1875
1327,-13.88621792,9.22787443,4.95
1328,-13.14228202,9.23672705,4.95
1329,-12.62135711,9.73930895,4.95
1330,-13.64012105,10.44439108,4.95
1331,-13.69525487,11.38684441,5.3625
1332,-13.12097595,10.94581066,4.95
1333,-12.4627944,10.9558414,4.95
1334,-13.69525487,11.38684441,5.775
1335,-13.69525487,11.38684441,6.1875
1336,-16.18089061,9.45888308,6.6
1337,-16.18089061,9.45888308,7.0125
1338,-16.18089061,9.45888308,7.425
1339,-16.18089061,11.3729257,6.6
1340,-16.18089061,11.3729257,7.0125
1341,-16.18089061,11.3729257,7.425
1342,-13.69525487,11.38684441,6.6
1343,-13.69525487,11.38684441,7.0125
1344,-13.69525487,11.38684441,7.425
1345,-12.01398171,6.37864467,4.95
1346,-11.26059738,6.39372835,4.95
1347,-11.54762081,7.10677013,4.95
1348,-10.50726728,6.41131301,4.95
1349,-10.79665625,7.12339801,4.95
1350,-11.83292596,7.82017295,4.95
1351,-12.11651237,8.53393371,4.95
1352,-11.08432815,7.83584975,4.95
1353,-10.56457532,8.34320055,4.95
1354,-9.7539997,6.43139844,4.95
1355,-10.04575103,7.14251882,4.95
1356,-8.48226613,6.96612399,4.95
1357,-9.52660068,7.65226154,4.95
1358,-9.00982189,8.16319215,4.95
1359,-8.49541737,8.6753023,4.95
1360,-11.59616804,9.03889754,4.95
1361,-11.07818427,9.54506265,4.95
1362,-10.56256384,10.05242071,4.95
1363,-12.10278725,10.24309877,4.95
1364,-11.58657523,10.7480882,4.95
1365,-11.80464542,10.96782017,4.95
1366,-11.50697917,11.1980105,4.95
1367,-11.20993089,11.42859878,4.95
1368,-11.20993089,11.42859878,5.3625
1369,-10.92781519,10.7626613,4.95
1370,-10.26910116,10.77918413,4.95
1371,-11.20993089,11.42859878,5.775
1372,-11.20993089,11.42859878,6.1875
1373,-10.04718855,8.85174594,4.95
1374,-9.5321706,9.36147758,4.95
1375,-9.01952417,9.87238713,4.95
1376,-10.04930947,10.56096337,4.95
1377,-9.61043892,10.79765653,4.95
1378,-9.39000231,10.58008727,4.95
1379,-9.31474736,11.03077369,4.95
1380,-8.73075464,10.60116248,4.95
1381,-8.50925194,10.38446623,4.95
1382,-9.01967767,11.26428313,4.95
1383,-8.72523037,11.49818359,4.95
1384,-8.72523037,11.49818359,5.3625
1385,-8.72523037,11.49818359,5.775
1386,-8.72523037,11.49818359,6.1875
1387,-11.20993089,11.42859878,6.6
1388,-11.20993089,11.42859878,7.0125
1389,-8.72523037,11.49818359,6.6
1390,-8.72523037,11.49818359,7.0125
1391,-16.18089061,7.54484045,7.8375
1392,-16.18089061,7.54484045,8.25
1393,-16.18089061,7.54484045,8.6625
1394,-15.63560639,6.10762858,9.9
1395,-15.90911096,6.82607042,9.9
1396,-14.81623051,5.86831135,9.9
1397,-14.27437702,6.34840094,9.9
1398,-15.09261079,6.58576243,9.9
1399,-14.55190691,7.06519114,9.9
1400,-16.18089061,7.54484045,9.075
1401,-16.18089061,7.54484045,9.4875
1402,-16.18089061,7.54484045,9.9
1403,-15.36726734,7.30354824,9.9
1404,-15.64019976,8.02166569,9.9
1405,-14.82771387,7.78231953,9.9
1406,-15.1017975,8.49978301,9.9
1407,-14.35543782,8.50460421,9.9
1408,-13.52087984,6.35598084,9.9
1409,-13.80078776,7.07184576,9.9
1410,-12.76741197,6.36606211,9.9
1411,-13.04969485,7.08099386,9.9
1412,-12.29863644,7.09263536,9.9
1413,-14.0789739,7.78805458,9.9
1414,-13.33025708,7.79627523,9.9
1415,-13.60909825,8.51190312,9.9
1416,-12.58157169,7.80698139,9.9
1417,-12.86278703,8.52167966,9.9
1418,-16.18089061,9.45888308,7.8375
1419,-16.18089061,9.45888308,8.25
1420,-16.18089061,9.45888308,8.6625
1421,-16.18089061,11.3729257,7.8375
1422,-16.18089061,11.3729257,8.25
1423,-16.18089061,11.3729257,8.6625
1424,-13.69525487,11.38684441,7.8375
1425,-13.69525487,11.38684441,8.25
1426,-13.69525487,11.38684441,8.6625
1427,-16.18089061,9.45888308,9.075
1428,-15.91140764,8.74011167,9.9
1429,-15.37415738,9.21757847,9.9
1430,-16.18089061,9.45888308,9.4875
1431,-16.18089061,9.45888308,9.9
1432,-15.64479313,9.93570281,9.9
1433,-14.63017911,9.22149155,9.9
1434,-14.90319735,9.93871348,9.9
1435,-14.16161566,9.94418606,9.9
1436,-16.18089061,11.3729257,9.075
1437,-15.91370433,10.65415292,9.9
1438,-15.17449215,10.65626692,9.9
1439,-16.18089061,11.3729257,9.4875
1440,-16.18089061,11.3729257,9.9
1441,-14.65243864,11.15410018,9.9
1442,-13.88621792,9.22787443,9.9
1443,-13.14228202,9.23672705,9.9
1444,-12.62135711,9.73930895,9.9
1445,-13.69525487,11.38684441,9.075
1446,-13.64012105,10.44439108,9.9
1447,-13.69525487,11.38684441,9.4875
1448,-13.99486687,11.15959721,9.9
1449,-13.69525487,11.38684441,9.9
1450,-13.12097595,10.94581066,9.9
1451,-12.4627944,10.9558414,9.9
1452,-12.01398171,6.37864467,9.9
1453,-11.26059738,6.39372835,9.9
1454,-11.54762081,7.10677013,9.9
1455,-10.50726728,6.41131301,9.9
1456,-10.79665625,7.12339801,9.9
1457,-11.83292596,7.82017295,9.9
1458,-12.11651237,8.53393371,9.9
1459,-11.08432815,7.83584975,9.9
1460,-10.56457532,8.34320055,9.9
1461,-9.7539997,6.43139844,9.9
1462,-10.04575103,7.14251882,9.9
1463,-9.00080296,6.45398442,9.9
1464,-8.48226613,6.96612399,9.9
1465,-9.52660068,7.65226154,9.9
1466,-9.00982189,8.16319215,9.9
1467,-8.49541737,8.6753023,9.9
1468,-11.20993089,11.42859878,7.425
1469,-11.20993089,11.42859878,7.8375
1470,-11.20993089,11.42859878,8.25
1471,-11.20993089,11.42859878,8.6625
1472,-8.72523037,11.49818359,7.425
1473,-8.72523037,11.49818359,7.8375
1474,-8.72523037,11.49818359,8.25
1475,-8.72523037,11.49818359,8.6625
1476,-11.59616804,9.03889754,9.9
1477,-11.07818427,9.54506265,9.9
1478,-10.56256384,10.05242071,9.9
1479,-11.20993089,11.42859878,9.075
1480,-12.10278725,10.24309877,9.9
1481,-11.58657523,10.7480882,9.9
1482,-11.20993089,11.42859878,9.4875
1483,-11.80464542,10.96782017,9.9
1484,-11.50697917,11.1980105,9.9
1485,-11.20993089,11.42859878,9.9
1486,-10.92781519,10.7626613,9.9
1487,-10.26910116,10.77918413,9.9
1488,-10.04718855,8.85174594,9.9
1489,-9.5321706,9.36147758,9.9
1490,-9.01952417,9.87238713,9.9
1491,-8.72523037,11.49818359,9.075
1492,-10.04930947,10.56096337,9.9
1493,-9.61043892,10.79765653,9.9
1494,-9.39000231,10.58008727,9.9
1495,-9.31474736,11.03077369,9.9
1496,-8.73075464,10.60116248,9.9
1497,-8.50925194,10.38446623,9.9
1498,-8.72523037,11.49818359,9.4875
1499,-9.01967767,11.26428313,9.9
1500,-8.72523037,11.49818359,9.9
1501,-7.50454886,2.909025,5.3625
1502,-6.73967109,2.93909802,5.3625
1503,-7.50454886,2.909025,5.775
1504,-7.50454886,2.909025,6.1875
1505,-6.73967109,2.93909802,5.775
1506,-6.73967109,2.93909802,6.1875
1507,-5.97489737,2.97171008,5.3625
1508,-5.21023613,3.00686083,5.3625
1509,-4.44569579,3.04454987,5.3625
1510,-5.97489737,2.97171008,5.775
1511,-5.21023613,3.00686083,5.775
1512,-5.97489737,2.97171008,6.1875
1513,-5.21023613,3.00686083,6.1875
1514,-4.44569579,3.04454987,5.775
1515,-4.44569579,3.04454987,6.1875
1516,-5.31132695,4.9369533,4.95
1517,-4.79709089,5.4574732,4.95
1518,-7.50454886,2.909025,6.6
1519,-6.73967109,2.93909802,6.6
1520,-7.50454886,2.909025,7.0125
1521,-7.50454886,2.909025,7.425
1522,-6.73967109,2.93909802,7.0125
1523,-5.97489737,2.97171008,6.6
1524,-5.21023613,3.00686083,6.6
1525,-4.44569579,3.04454987,6.6
1526,-5.97489737,2.97171008,7.0125
1527,-5.21023613,3.00686083,7.0125
1528,-4.44569579,3.04454987,7.0125
1529,-4.44569579,3.04454987,7.425
1530,-3.526405,0.2319191,5.3625
1531,-3.57803159,1.18287166,5.3625
1532,-2.42862899,0.33152215,4.95
1533,-2.48474317,1.28222046,4.95
1534,-3.526405,0.2319191,5.775
1535,-3.526405,0.2319191,6.1875
1536,-3.57803159,1.18287166,5.775
1537,-3.57803159,1.18287166,6.1875
1538,-3.62965819,2.13382422,5.3625
1539,-2.54085735,2.23291877,4.95
1540,-2.02588007,2.75967048,4.95
1541,-3.62965819,2.13382422,5.775
1542,-3.62965819,2.13382422,6.1875
1543,-1.33151123,0.43629439,4.95
1544,-1.90916506,0.85854399,4.95
1545,-1.39211174,1.38671728,4.95
1546,-0.23240442,0.50723084,4.97681839
1547,-0.81333859,0.94625274,4.9634092
1548,-1.96752257,1.80910723,4.95
1549,-1.45271225,2.33714016,4.95
1550,-0.87618177,1.89652997,4.9634092
1551,-0.29748991,1.45735713,4.97681839
1552,-0.93739066,2.82209456,4.9634092
1553,-0.3625754,2.40748341,4.97681839
1554,-3.526405,0.2319191,6.6
1555,-3.57803159,1.18287166,6.6
1556,-3.526405,0.2319191,7.0125
1557,-3.526405,0.2319191,7.425
1558,-3.57803159,1.18287166,7.0125
1559,-3.57803159,1.18287166,7.425
1560,-3.62965819,2.13382422,6.6
1561,-3.62965819,2.13382422,7.0125
1562,-3.62965819,2.13382422,7.425
1563,-3.68128478,3.08477678,5.3625
1564,-2.59697152,3.18361708,4.95
1565,-2.6530857,4.13431539,4.95
1566,-2.08423758,3.71023372,4.95
1567,-3.68128478,3.08477678,5.775
1568,-3.68128478,3.08477678,6.1875
1569,-3.72820563,4.79338334,4.95
1570,-3.21703465,5.31745799,4.95
1571,-2.14259509,4.66079696,4.95
1572,-1.51331276,3.28756304,4.95
1573,-1.57391327,4.23798593,4.95
1574,-0.4259683,3.33290098,4.97681839
1575,-1.00023384,3.77237179,4.9634092
1576,-0.4893612,4.25831855,4.97681839
1577,-1.06307701,4.72264902,4.9634092
1578,-1.63451378,5.18840881,4.95
1579,-1.12592019,5.67292625,4.9634092
1580,-0.55444669,5.20844484,4.97681839
1581,-0.0480248,5.69536567,4.99022759
1582,-3.68128478,3.08477678,6.6
1583,-3.68128478,3.08477678,7.0125
1584,-3.68128478,3.08477678,7.425
1585,-7.50454886,2.909025,7.8375
1586,-6.73967109,2.93909802,7.425
1587,-6.73967109,2.93909802,7.8375
1588,-7.50454886,2.909025,8.25
1589,-7.50454886,2.909025,8.6625
1590,-6.73967109,2.93909802,8.25
1591,-6.73967109,2.93909802,8.6625
1592,-5.97489737,2.97171008,7.425
1593,-5.21023613,3.00686083,7.425
1594,-5.97489737,2.97171008,7.8375
1595,-5.21023613,3.00686083,7.8375
1596,-4.44569579,3.04454987,7.8375
1597,-5.97489737,2.97171008,8.25
1598,-5.21023613,3.00686083,8.25
1599,-5.97489737,2.97171008,8.6625
1600,-5.21023613,3.00686083,8.6625
1601,-4.44569579,3.04454987,8.25
1602,-4.44569579,3.04454987,8.6625
1603,-7.50454886,2.909025,9.075
1604,-6.73967109,2.93909802,9.075
1605,-7.50454886,2.909025,9.4875
1606,-7.80722491,3.6172359,9.9
1607,-7.50454886,2.909025,9.9
1608,-6.73967109,2.93909802,9.4875
1609,-6.73967109,2.93909802,9.9
1610,-7.04469656,3.6463002,9.9
1611,-6.2822689,3.67789576,9.9
1612,-7.64961461,5.06189928,9.9
1613,-7.34801124,4.35390165,9.9
1614,-7.94950614,5.77028999,9.9
1615,-6.58793097,4.38448638,9.9
1616,-6.89188305,5.09147885,9.9
1617,-6.3746066,5.60842665,9.9
1618,-5.97489737,2.97171008,9.075
1619,-5.21023613,3.00686083,9.075
1620,-4.44569579,3.04454987,9.075
1621,-5.97489737,2.97171008,9.4875
1622,-5.21023613,3.00686083,9.4875
1623,-5.97489737,2.97171008,9.9
1624,-5.21023613,3.00686083,9.9
1625,-5.51995033,3.71202221,9.9
1626,-4.44569579,3.04454987,9.4875
1627,-4.44569579,3.04454987,9.9
1628,-4.75774925,3.74867919,9.9
1629,-4.24177802,4.27045427,9.9
1630,-5.82795643,4.41759421,9.9
1631,-5.31132695,4.9369533,9.9
1632,-4.79709089,5.4574732,9.9
1633,-3.526405,0.2319191,7.8375
1634,-3.57803159,1.18287166,7.8375
1635,-3.526405,0.2319191,8.25
1636,-3.526405,0.2319191,8.6625
1637,-3.57803159,1.18287166,8.25
1638,-3.57803159,1.18287166,8.6625
1639,-3.62965819,2.13382422,7.8375
1640,-3.62965819,2.13382422,8.25
1641,-3.62965819,2.13382422,8.6625
1642,-3.526405,0.2319191,9.075
1643,-3.57803159,1.18287166,9.075
1644,-3.526405,0.2319191,9.4875
1645,-3.526405,0.2319191,9.9
1646,-3.57803159,1.18287166,9.4875
1647,-3.57803159,1.18287166,9.9
1648,-2.44403288,0.59249816,9.9
1649,-3.0117655,0.88699409,9.9
1650,-3.62965819,2.13382422,9.075
1651,-3.62965819,2.13382422,9.4875
1652,-3.62965819,2.13382422,9.9
1653,-3.06563603,1.83782217,9.9
1654,-3.11950657,2.78865025,9.9
1655,-2.50014706,1.54319647,9.9
1656,-2.55626124,2.49389478,9.9
1657,-1.87483712,0.29938914,9.9
1658,-1.30418159,0.00767231,9.9
1659,-1.93319462,1.24995238,9.9
1660,-1.3647821,0.95809519,9.9
1661,-0.79480874,0.66605532,9.8865908
1662,-0.22337467,0.37541335,9.87318161
1663,-0.28846016,1.32553964,9.87318161
1664,-1.42538261,1.90851808,9.9
1665,-1.99155213,2.20051563,9.9
1666,-1.4776654,2.72849076,9.9
1667,-0.85765192,1.61633255,9.8865908
1668,-0.34315207,2.12393911,9.87318161
1669,-0.91045959,2.41485887,9.8865908
1670,-3.68128478,3.08477678,7.8375
1671,-3.68128478,3.08477678,8.25
1672,-3.68128478,3.08477678,8.6625
1673,-3.68128478,3.08477678,9.075
1674,-3.68128478,3.08477678,9.4875
1675,-3.68128478,3.08477678,9.9
1676,-3.16598311,3.60897252,9.9
1677,-2.60467347,3.31410508,9.9
1678,-2.04189978,3.02060941,9.9
1679,-2.6530857,4.13431539,9.9
1680,-2.09224743,3.84070318,9.9
1681,-3.72820563,4.79338334,9.9
1682,-3.21703465,5.31745799,9.9
1683,-2.14259509,4.66079696,9.9
1684,-1.5299482,3.54846344,9.9
1685,-1.01889487,4.05455291,9.8865908
1686,-0.96467723,3.23470589,9.8865908
1687,-0.39784398,2.92233859,9.87318161
1688,-0.45399617,3.74205538,9.87318161
1689,-1.58223099,4.36843613,9.9
1690,-1.07311252,4.87439993,9.8865908
1691,-1.63451378,5.18840881,9.9
1692,-1.12592019,5.67292625,9.8865908
1693,-0.51014836,4.56177217,9.87318161
1694,-0.00220055,5.04879935,9.85977241
1695,-0.56484027,5.36017165,9.87318161
1696,-6.91606422,6.80054695,4.95
1697,-7.96610634,7.47944471,4.95
1698,-7.45232628,7.99393823,4.95
1699,-6.40291968,7.31742866,4.95
1700,-6.94092859,8.50959618,4.95
1701,-5.85971812,6.12654207,4.95
1702,-5.34722024,6.64581674,4.95
1703,-4.28525084,5.97914553,4.95
1704,-4.83711554,7.16624223,4.95
1705,-5.89216294,7.83546801,4.95
1706,-5.38379658,8.35465661,4.95
1707,-4.3270823,7.64355834,4.9634092
1708,-7.98338981,9.18858363,4.95
1709,-7.47374187,9.70302776,4.95
1710,-6.43191592,9.02641017,4.95
1711,-7.84942912,10.40814914,4.95
1712,-8.07157223,10.62418884,4.95
1713,-7.1896793,10.43378487,4.95
1714,-7.41246086,10.64916613,4.95
1715,-7.1187728,10.88519355,4.95
1716,-6.96647616,10.21862633,4.95
1717,-6.53000824,10.46137321,4.95
1718,-6.30616926,10.24687625,4.95
1719,-6.82571046,11.12160753,4.95
1720,-6.53327434,11.3584068,4.95
1721,-6.24146494,11.59559009,4.95
1722,-6.24146494,11.59559009,5.3625
1723,-6.24146494,11.59559009,5.775
1724,-6.24146494,11.59559009,6.1875
1725,-5.92529085,9.54437181,4.95
1726,-4.87782319,8.87498607,4.95
1727,-4.76029662,10.09629743,4.95
1728,-4.09963731,10.13107769,4.95
1729,-5.87042173,10.49091391,4.95
1730,-5.64594886,10.2770804,4.95
1731,-5.20489587,10.39994259,4.97609357
1732,-4.98582075,10.30923854,4.95
1733,-4.90930379,10.56437187,4.98841554
1734,-4.61800958,10.80368722,4.98841554
1735,-4.32579072,10.34335036,4.95
1736,-4.32734539,11.04338247,4.98841554
1737,-6.24146494,11.59559009,6.6
1738,-6.24146494,11.59559009,7.0125
1739,-3.77580936,6.50196186,4.95
1740,-3.26624472,6.98167292,4.9634092
1741,-2.70826761,5.84266979,4.95
1742,-2.19918284,6.32478131,4.9634092
1743,-3.82166725,8.16626591,4.9634092
1744,-3.31865304,8.69009934,4.9634092
1745,-2.75887492,7.46252331,4.97681839
1746,-2.25643557,7.9887338,4.97681839
1747,-1.69229828,6.80802622,4.97681839
1748,-0.61953218,6.15857112,4.97681839
1749,-0.11535224,6.64533572,4.99022759
1750,-1.18761645,7.29239683,4.99022759
1751,-1.75640483,8.5160551,4.97681839
1752,-0.68817709,7.82209405,4.99022759
1753,-0.18377733,8.24909815,5.01160982
1754,-2.81804215,9.2150502,4.9634092
1755,-2.5508189,9.99580483,4.95
1756,-2.31339883,9.63725882,4.98479143
1757,-2.11060352,10.12477913,4.97609357
1758,-3.65899253,10.25699584,4.97609357
1759,-3.43908384,10.16781321,4.95
1760,-4.03731172,11.28345633,4.98841554
1761,-3.74313481,11.43873619,5.0007375
1762,-3.74313481,11.43873619,5.3794125
1763,-2.99157936,10.17263614,5.00218714
1764,-2.77864199,10.20650366,4.95
1765,-2.6971488,10.33999398,5.01450911
1766,-2.40314901,10.50773964,5.02683107
1767,-2.11428549,10.75031892,5.02683107
1768,-3.74313481,11.43873619,5.7919125
1769,-1.2518776,8.94065767,4.99820062
1770,-1.64397742,9.56516046,5.01160982
1771,-1.88987184,10.0371251,4.95
1772,-1.44196394,10.04505558,5.00218714
1773,-1.22904997,10.08040146,4.95
1774,-0.74927388,9.36638735,5.01958286
1775,-0.07827267,9.29897336,5.04640125
1776,-0.98175971,9.60916668,5.01160982
1777,-0.77272923,9.96733584,5.02828071
1778,-0.5598034,10.0033199,4.97609357
1779,-0.31967515,9.65513272,5.01160982
1780,-0.47948925,10.13761528,5.04060268
1781,-1.82605623,10.99327136,5.02683107
1782,-1.53284968,11.15147546,5.03915304
1783,-1.24004686,11.31006559,5.051475
1784,-1.24004686,11.31006559,5.43015
1785,-0.18668388,10.30827894,5.05292464
1786,-1.24004686,11.31006559,5.808825
1787,-3.74313481,11.43873619,6.2044125
1788,-3.74313481,11.43873619,6.6169125
1789,-3.74313481,11.43873619,6.9955875
1790,-3.74313481,11.43873619,7.4080875
1791,-1.24004686,11.31006559,6.221325
1792,-1.24004686,11.31006559,6.633825
1793,-1.24004686,11.31006559,7.0125
1794,-1.24004686,11.31006559,7.391175
1795,-7.43159393,6.28483127,9.9
1796,-6.91606422,6.80054695,9.9
1797,-7.96610634,7.47944471,9.9
1798,-7.45232628,7.99393823,9.9
1799,-6.40291968,7.31742866,9.9
1800,-6.94092859,8.50959618,9.9
1801,-5.85971812,6.12654207,9.9
1802,-5.34722024,6.64581674,9.9
1803,-4.28525084,5.97914553,9.9
1804,-4.83711554,7.16624223,9.9
1805,-5.89216294,7.83546801,9.9
1806,-5.38379658,8.35465661,9.9
1807,-4.3270823,7.64355834,9.8865908
1808,-6.24146494,11.59559009,7.425
1809,-6.24146494,11.59559009,7.8375
1810,-6.24146494,11.59559009,8.25
1811,-6.24146494,11.59559009,8.6625
1812,-7.98338981,9.18858363,9.9
1813,-7.47374187,9.70302776,9.9
1814,-6.43191592,9.02641017,9.9
1815,-6.24146494,11.59559009,9.075
1816,-7.84942912,10.40814914,9.9
1817,-8.07157223,10.62418884,9.9
1818,-7.1896793,10.43378487,9.9
1819,-7.41246086,10.64916613,9.9
1820,-7.1187728,10.88519355,9.9
1821,-6.96647616,10.21862633,9.9
1822,-6.53000824,10.46137321,9.9
1823,-6.30616926,10.24687625,9.9
1824,-6.24146494,11.59559009,9.4875
1825,-6.82571046,11.12160753,9.9
1826,-6.53327434,11.3584068,9.9
1827,-6.24146494,11.59559009,9.9
1828,-5.92529085,9.54437181,9.9
1829,-5.42105597,10.06347273,9.9
1830,-4.87782319,8.87498607,9.9
1831,-4.37424531,9.39644798,9.9
1832,-4.76029662,10.09629743,9.9
1833,-4.09963731,10.13107769,9.9
1834,-5.87042173,10.49091391,9.9
1835,-5.64594886,10.2770804,9.9
1836,-5.20489587,10.39994259,9.87390643
1837,-4.98582075,10.30923854,9.9
1838,-4.90930379,10.56437187,9.86158446
1839,-4.61800958,10.80368722,9.86158446
1840,-4.32579072,10.34335036,9.9
1841,-4.32734539,11.04338247,9.86158446
1842,-3.77580936,6.50196186,9.9
1843,-3.26624472,6.98167292,9.8865908
1844,-2.70826761,5.84266979,9.9
1845,-2.19918284,6.32478131,9.8865908
1846,-3.82166725,8.16626591,9.8865908
1847,-3.31865304,8.69009934,9.8865908
1848,-2.75887492,7.46252331,9.87318161
1849,-2.25643557,7.9887338,9.87318161
1850,-1.69229828,6.80802622,9.87318161
1851,-0.61953218,6.15857112,9.87318161
1852,-0.0587764,5.84706753,9.85977241
1853,-0.11535224,6.64533572,9.85977241
1854,-1.18761645,7.29239683,9.85977241
1855,-1.75640483,8.5160551,9.87318161
1856,-0.68817709,7.82209405,9.85977241
1857,-0.18377733,8.24909815,9.83839018
1858,-3.74313481,11.43873619,7.8205875
1859,-3.74313481,11.43873619,8.2330875
1860,-3.74313481,11.43873619,8.6117625
1861,-1.24004686,11.31006559,7.803675
1862,-1.24004686,11.31006559,8.216175
1863,-1.24004686,11.31006559,8.59485
1864,-3.87306546,9.91903394,9.9
1865,-3.21188537,9.95644099,9.9
1866,-2.81804215,9.2150502,9.8865908
1867,-2.5508189,9.99580483,9.9
1868,-2.31339883,9.63725882,9.86520857
1869,-2.11060352,10.12477913,9.87390643
1870,-3.74313481,11.43873619,9.0242625
1871,-3.65899253,10.25699584,9.87390643
1872,-3.43908384,10.16781321,9.9
1873,-3.74313481,11.43873619,9.4367625
1874,-4.03731172,11.28345633,9.86158446
1875,-3.74313481,11.43873619,9.8492625
1876,-2.99157936,10.17263614,9.84781286
1877,-2.77864199,10.20650366,9.9
1878,-2.6971488,10.33999398,9.83549089
1879,-2.40314901,10.50773964,9.82316893
1880,-2.11428549,10.75031892,9.82316893
1881,-1.2518776,8.94065767,9.85179937
1882,-1.64397742,9.56516046,9.83839018
1883,-1.88987184,10.0371251,9.9
1884,-1.44196394,10.04505558,9.84781286
1885,-1.22904997,10.08040146,9.9
1886,-0.74927388,9.36638735,9.83041714
1887,-0.07827267,9.29897336,9.80359875
1888,-0.98175971,9.60916668,9.83839018
1889,-0.77272923,9.96733584,9.82171929
1890,-0.5598034,10.0033199,9.87390643
1891,-0.31967515,9.65513272,9.83839018
1892,-0.47948925,10.13761528,9.80939732
1893,-1.24004686,11.31006559,8.973525
1894,-1.24004686,11.31006559,9.386025
1895,-1.82605623,10.99327136,9.82316893
1896,-1.53284968,11.15147546,9.81084696
1897,-1.24004686,11.31006559,9.798525
1898,-0.18668388,10.30827894,9.79707536
1899,3.09025076,-1.17572449,0.0
1900,3.09025076,-1.17572449,4.95
1901,15.19073488,-11.59558581,0.0
1902,15.19073488,-11.59558581,4.95
1903,11.38132321,-1.17572449,0.0
1904,11.38132321,-1.17572449,4.95
1905,0.22628831,-10.47911128,5.051475
1906,0.50223026,-10.21705952,5.051475
1907,0.22628831,-10.47911128,5.463975
1908,0.22628831,-10.47911128,5.876475
1909,0.77756697,-9.95469692,5.051475
1910,0.24882408,-9.07725848,4.95434893
1911,0.25471691,-9.0205317,5.01269705
1912,1.05006762,-9.66057106,5.06234732
1913,1.32188687,-9.36614191,5.07321964
1914,1.04357886,-8.88256447,4.98442902
1915,1.05879812,-8.95961666,5.01378429
1916,1.59533033,-9.10285874,5.07321964
1917,1.86265603,-8.89603381,5.01487152
1918,1.86816717,-8.83926913,5.07321964
1919,2.93349055,-9.99843384,5.1022125
1920,2.93349055,-9.99843384,5.5147125
1921,2.67160424,-8.77300133,5.07430687
1922,3.20614255,-9.73333499,5.1022125
1923,3.47564103,-9.43650289,5.11308482
1924,3.47480025,-8.70406799,5.07539411
1925,3.74445511,-9.13937439,5.12395714
1926,4.01258447,-8.8419507,5.13482946
1927,2.93349055,-9.99843384,5.8933875
1928,0.22628831,-10.47911128,6.25515
1929,0.22628831,-10.47911128,6.633825
1930,0.22628831,-10.47911128,7.046325
1931,2.93349055,-9.99843384,6.2720625
1932,2.93349055,-9.99843384,6.6507375
1933,2.93349055,-9.99843384,7.0632375
1934,0.20425155,-8.56303639,5.01342188
1935,0.17851977,-8.32650793,5.01233464
1936,0.99730504,-8.36849279,5.04350196
1937,0.70500521,-7.66319456,5.01233464
1938,1.83722215,-8.68526667,5.01450911
1939,1.79957456,-8.31013355,5.04350196
1940,0.14096795,-6.34925392,4.98116732
1941,1.22845139,-6.99874555,5.01233464
1942,1.74623191,-6.2980982,5.03371687
1943,2.6547744,-8.68193328,5.04495161
1944,2.62974542,-8.48537033,5.0445892
1945,2.3218496,-7.6433008,5.04350196
1946,3.446816,-8.47935992,5.0750317
1947,3.42114017,-8.2828807,5.07466929
1948,3.93625439,-7.57750586,5.09605152
1949,2.83830236,-6.94029051,5.0648842
1950,3.35154048,-6.23618831,5.08626643
1951,5.63198718,-9.48773411,5.15295
1952,5.63198718,-9.48773411,5.531625
1953,5.89845662,-9.1882264,5.16382232
1954,5.63198718,-9.48773411,5.9103
1955,6.16423874,-8.88842921,5.17469464
1956,5.63198718,-9.48773411,6.288975
1957,5.63198718,-9.48773411,6.66765
1958,5.63198718,-9.48773411,7.046325
1959,4.28268678,-8.5756533,5.13482946
1960,4.26525166,-8.48469947,5.1054742
1961,4.23772033,-8.27419644,5.10511179
1962,5.05446334,-8.26275178,5.13555429
1963,5.02747891,-8.06644816,5.13519188
1964,5.08518527,-8.50137549,5.1359167
1965,5.87393471,-8.27675169,5.16599679
1966,5.84371373,-8.05233388,5.16563437
1967,5.53768107,-7.3576652,5.15657411
1968,4.44814894,-6.871049,5.11743375
1969,4.95682161,-6.16352138,5.13881598
1970,6.04465646,-6.6478222,5.17795634
1971,6.42933322,-8.58834374,5.18556696
1972,6.69373976,-8.28797122,5.19643929
1973,6.66142727,-8.0495578,5.19607687
1974,6.63180121,-7.83933976,5.19571446
1975,7.48075228,-8.05810511,5.22651937
1976,7.4476546,-7.81979967,5.22615696
1977,6.54840292,-5.93693042,5.19933857
1978,7.13706879,-7.12718283,5.2170967
1979,7.63910262,-6.41398787,5.23847893
1980,0.22628831,-10.47911128,7.458825
1981,0.22628831,-10.47911128,7.8375
1982,0.22628831,-10.47911128,8.216175
1983,0.22628831,-10.47911128,8.628675
1984,2.93349055,-9.99843384,7.4419125
1985,2.93349055,-9.99843384,7.8205875
1986,2.93349055,-9.99843384,8.1992625
1987,2.93349055,-9.99843384,8.6117625
1988,0.22628831,-10.47911128,9.041175
1989,0.22628831,-10.47911128,9.41985
1990,0.22628831,-10.47911128,9.798525
1991,0.50223026,-10.21705952,9.798525
1992,0.77756697,-9.95469692,9.798525
1993,0.24882408,-9.07725848,9.89565107
1994,0.25471691,-9.0205317,9.83730295
1995,1.05006762,-9.66057106,9.78765268
1996,1.32188687,-9.36614191,9.77678036
1997,1.05879812,-8.95961666,9.83621571
1998,1.04357886,-8.88256447,9.86557098
1999,1.59533033,-9.10285874,9.77678036
2000,1.86265603,-8.89603381,9.83512848
2001,1.86816717,-8.83926913,9.77678036
2002,2.93349055,-9.99843384,8.9904375
2003,2.93349055,-9.99843384,9.3691125
2004,2.93349055,-9.99843384,9.7477875
2005,2.67160424,-8.77300133,9.77569313
2006,3.47564103,-9.43650289,9.73691518
2007,3.20614255,-9.73333499,9.7477875
2008,3.47480025,-8.70406799,9.77460589
2009,3.74445511,-9.13937439,9.72604286
2010,4.01258447,-8.8419507,9.71517054
2011,0.20425155,-8.56303639,9.83657813
2012,0.17851977,-8.32650793,9.83766536
2013,0.99730504,-8.36849279,9.80649804
2014,0.70500521,-7.66319456,9.83766536
2015,1.83722215,-8.68526667,9.83549089
2016,1.79957456,-8.31013355,9.80649804
2017,0.14096795,-6.34925392,9.86883268
2018,1.22845139,-6.99874555,9.83766536
2019,1.74623191,-6.2980982,9.81628313
2020,2.6547744,-8.68193328,9.80504839
2021,2.62974542,-8.48537033,9.8054108
2022,2.3218496,-7.6433008,9.80649804
2023,3.446816,-8.47935992,9.7749683
2024,3.42114017,-8.2828807,9.77533071
2025,3.93625439,-7.57750586,9.75394848
2026,2.83830236,-6.94029051,9.7851158
2027,3.35154048,-6.23618831,9.76373357
2028,5.63198718,-9.48773411,7.425
2029,5.63198718,-9.48773411,7.803675
2030,5.63198718,-9.48773411,8.18235
2031,5.63198718,-9.48773411,8.561025
2032,5.63198718,-9.48773411,8.9397
2033,5.63198718,-9.48773411,9.318375
2034,5.63198718,-9.48773411,9.69705
2035,5.89845662,-9.1882264,9.68617768
2036,6.16423874,-8.88842921,9.67530536
2037,4.28268678,-8.5756533,9.71517054
2038,4.26525166,-8.48469947,9.7445258
2039,4.23772033,-8.27419644,9.74488821
2040,5.05446334,-8.26275178,9.71444571
2041,5.02747891,-8.06644816,9.71480812
2042,5.08518527,-8.50137549,9.7140833
2043,5.87393471,-8.27675169,9.68400321
2044,5.84371373,-8.05233388,9.68436562
2045,5.53768107,-7.3576652,9.69342589
2046,4.44814894,-6.871049,9.73256625
2047,4.95682161,-6.16352138,9.71118402
2048,6.04465646,-6.6478222,9.67204366
2049,6.42933322,-8.58834374,9.66443304
2050,6.69373976,-8.28797122,9.65356071
2051,6.66142727,-8.0495578,9.65392312
2052,6.63180121,-7.83933976,9.65428554
2053,7.48075228,-8.05810511,9.62348062
2054,7.4476546,-7.81979967,9.62384304
2055,6.54840292,-5.93693042,9.65066143
2056,7.13706879,-7.12718283,9.6329033
2057,7.63910262,-6.41398787,9.61152107
2058,0.66006548,-5.65096786,5.00254955
2059,1.17682907,-4.96352156,5.01595875
2060,0.0986676,-4.32580064,4.97681839
2061,0.61357378,-3.6395917,4.99022759
2062,0.04397569,-3.52740117,4.97681839
2063,1.69044219,-4.27497071,5.02936795
2064,1.12533221,-2.9522796,5.00363679
2065,2.26080284,-5.59634909,5.05509911
2066,2.77311225,-4.90545473,5.0685083
2067,3.8615617,-5.53100547,5.10764866
2068,2.20090253,-3.58532638,5.04277714
2069,2.71138816,-2.93437223,5.06415937
2070,3.28226386,-4.21347654,5.0819175
2071,3.79160758,-3.56018411,5.10329973
2072,0.55699794,-2.84132351,4.99022759
2073,0.50042209,-2.04305532,4.99022759
2074,1.63608363,-2.29221638,5.02501902
2075,1.06687274,-2.15414715,5.00363679
2076,1.57831002,-1.52819925,5.02501902
2077,0.44384625,-1.24478713,4.99022759
2078,1.00841328,-1.35601469,5.00363679
2079,0.38575982,-0.42520513,4.99022759
2080,0.94995382,-0.55788224,5.00363679
2081,1.51796726,-0.73020697,5.02501902
2082,2.14381642,-1.63106181,5.04640125
2083,3.21796226,-2.27089246,5.08554161
2084,3.72151046,-1.60634096,5.10692384
2085,2.08424002,-0.86718314,5.04640125
2086,2.64852828,-0.96882646,5.06778348
2087,2.02466362,-0.10330447,5.04640125
2088,2.58714942,-0.20509051,5.06778348
2089,3.15021694,-0.30552092,5.08916571
2090,3.84044664,-0.2334921,5.11598411
2091,3.15021694,-0.30552092,5.47847143
2092,3.84044664,-0.2334921,5.48741089
2093,3.15021694,-0.30552092,5.86777714
2094,3.84044664,-0.2334921,5.87671661
2095,3.15021694,-0.30552092,6.25708286
2096,3.84044664,-0.2334921,6.26602232
2097,3.15021694,-0.30552092,6.64638857
2098,3.84044664,-0.2334921,6.65532804
2099,3.15021694,-0.30552092,7.03569429
2100,3.84044664,-0.2334921,7.02675482
2101,3.15021694,-0.30552092,7.425
2102,3.84044664,-0.2334921,7.41606054
2103,4.36939392,-4.83669187,5.12105786
2104,5.46227019,-5.45493427,5.16019821
2105,5.96929792,-4.79695851,5.18158045
2106,4.87758502,-4.18105889,5.14244009
2107,4.29797665,-2.90581394,5.12468196
2108,5.38279649,-3.52435708,5.16382232
2109,7.05505926,-5.28806314,5.2207208
2110,7.55764068,-4.62671933,5.24210304
2111,6.47334106,-4.13792284,5.20296268
2112,6.97439746,-3.4778377,5.22434491
2113,8.05723051,-3.96433567,5.26348527
2114,4.80035057,-2.23894399,5.1460642
2115,5.88502613,-2.86659685,5.18520455
2116,5.29969144,-1.57102198,5.16744643
2117,5.99353824,-1.49263636,5.19426482
2118,4.22203053,-0.94072832,5.12830607
2119,4.91407605,-0.86552962,5.15512446
2120,4.53041932,-0.15942422,5.1428025
2121,4.53041932,-0.15942422,5.51422929
2122,5.60585518,-0.78828667,5.18194286
2123,5.22012895,-0.08331817,5.16962089
2124,5.90956952,-0.00517487,5.19643929
2125,5.22012895,-0.08331817,5.54104768
2126,5.90956952,-0.00517487,5.56786607
2127,4.53041932,-0.15942422,5.88565607
2128,5.22012895,-0.08331817,5.91247446
2129,5.90956952,-0.00517487,5.93929286
2130,6.38317716,-2.19636322,5.20658679
2131,7.07881059,-2.11477373,5.23340518
2132,7.47246496,-2.8167135,5.24572714
2133,7.7695856,-1.98619923,5.26022357
2134,6.68710923,-1.41220136,5.22108321
2135,6.29736188,-0.7090004,5.20876125
2136,6.9841392,-0.58272894,5.23557964
2137,7.37588633,-1.28478122,5.24790161
2138,8.06410954,-1.15534071,5.27472
2139,7.67494993,-0.49937223,5.26239804
2140,4.53041932,-0.15942422,6.27496179
2141,4.53041932,-0.15942422,6.6642675
2142,5.22012895,-0.08331817,6.28390125
2143,5.90956952,-0.00517487,6.31071964
2144,5.22012895,-0.08331817,6.67320696
2145,5.90956952,-0.00517487,6.68214643
2146,4.53041932,-0.15942422,7.03569429
2147,4.53041932,-0.15942422,7.40712107
2148,5.22012895,-0.08331817,7.04463375
2149,5.90956952,-0.00517487,7.05357321
2150,5.22012895,-0.08331817,7.41606054
2151,0.66006548,-5.65096786,9.84745045
2152,1.17682907,-4.96352156,9.83404125
2153,0.0986676,-4.32580064,9.87318161
2154,0.61357378,-3.6395917,9.85977241
2155,0.03358211,-3.37567436,9.87318161
2156,1.69044219,-4.27497071,9.82063205
2157,1.12533221,-2.9522796,9.84636321
2158,2.26080284,-5.59634909,9.79490089
2159,2.77311225,-4.90545473,9.7814917
2160,3.8615617,-5.53100547,9.74235134
2161,2.20090253,-3.58532638,9.80722286
2162,2.71138816,-2.93437223,9.78584063
2163,3.28226386,-4.21347654,9.7680825
2164,3.79160758,-3.56018411,9.74670027
2165,3.15021694,-0.30552092,7.81430571
2166,3.84044664,-0.2334921,7.80536625
2167,3.15021694,-0.30552092,8.20361143
2168,3.84044664,-0.2334921,8.19467196
2169,3.15021694,-0.30552092,8.59291714
2170,3.84044664,-0.2334921,8.56609875
2171,0.54624634,-2.68962165,9.85977241
2172,0.48066979,-1.76435625,9.85977241
2173,1.63608363,-2.29221638,9.82498098
2174,1.05757237,-2.02717153,9.84636321
2175,0.41509324,-0.83909085,9.85977241
2176,0.98981254,-1.10206346,9.84636321
2177,0.92205271,-0.17695538,9.84636321
2178,1.56614089,-1.36727078,9.82498098
2179,1.49619815,-0.44232519,9.82498098
2180,2.14381642,-1.63106181,9.80359875
2181,3.21796226,-2.27089246,9.76445839
2182,3.72151046,-1.60634096,9.74307616
2183,3.84044664,-0.2334921,8.95540446
2184,3.15021694,-0.30552092,8.98222286
2185,2.64852828,-0.96882646,9.78221652
2186,2.07169117,-0.70628384,9.80359875
2187,2.57422091,-0.04422128,9.78221652
2188,3.15021694,-0.30552092,9.37152857
2189,3.84044664,-0.2334921,9.34471018
2190,3.15021694,-0.30552092,9.76083429
2191,3.84044664,-0.2334921,9.73401589
2192,4.36939392,-4.83669187,9.72894214
2193,5.46227019,-5.45493427,9.68980179
2194,5.96929792,-4.79695851,9.66841955
2195,4.87758502,-4.18105889,9.70755991
2196,4.29797665,-2.90581394,9.72531804
2197,5.38279649,-3.52435708,9.68617768
2198,7.05505926,-5.28806314,9.6292792
2199,7.55764068,-4.62671933,9.60789696
2200,6.47334106,-4.13792284,9.64703732
2201,6.97439746,-3.4778377,9.62565509
2202,8.05723051,-3.96433567,9.58651473
2203,4.53041932,-0.15942422,7.79642679
2204,5.90956952,-0.00517487,7.425
2205,5.22012895,-0.08331817,7.78748732
2206,5.90956952,-0.00517487,7.79642679
2207,4.53041932,-0.15942422,8.1857325
2208,4.53041932,-0.15942422,8.55715929
2209,5.22012895,-0.08331817,8.17679304
2210,5.90956952,-0.00517487,8.16785357
2211,5.22012895,-0.08331817,8.54821982
2212,5.90956952,-0.00517487,8.53928036
2213,4.80035057,-2.23894399,9.7039358
2214,5.88502613,-2.86659685,9.66479545
2215,5.29969144,-1.57102198,9.68255357
2216,5.99353824,-1.49263636,9.65573518
2217,4.53041932,-0.15942422,8.92858607
2218,5.22012895,-0.08331817,8.91964661
2219,5.90956952,-0.00517487,8.91070714
2220,4.22203053,-0.94072832,9.72169393
2221,4.91407605,-0.86552962,9.69487554
2222,4.53041932,-0.15942422,9.31789179
2223,4.53041932,-0.15942422,9.7071975
2224,5.60585518,-0.78828667,9.66805714
2225,5.22012895,-0.08331817,9.29107339
2226,5.90956952,-0.00517487,9.28213393
2227,5.22012895,-0.08331817,9.68037911
2228,5.90956952,-0.00517487,9.65356071
2229,6.38317716,-2.19636322,9.64341321
2230,7.07881059,-2.11477373,9.61659482
2231,7.47246496,-2.8167135,9.60427286
2232,7.7695856,-1.98619923,9.58977643
2233,6.68710923,-1.41220136,9.62891679
2234,6.29736188,-0.7090004,9.64123875
2235,6.9841392,-0.58272894,9.61442036
2236,8.06410954,-1.15534071,9.57528
2237,7.37588633,-1.28478122,9.60209839
2238,7.67494993,-0.49937223,9.58760196
2239,8.29301867,-8.66606793,5.254425
2240,8.55544272,-8.36366344,5.26529732
2241,8.81717634,-8.06097799,5.27616964
2242,8.26649086,-7.82567807,5.25659946
2243,8.23403615,-7.60157277,5.25623705
2244,9.07821921,-7.75801281,5.28704196
2245,9.05094719,-7.59069603,5.28667955
2246,9.83411295,-7.35316494,5.31675964
2247,9.86193418,-7.52039092,5.31712205
2248,8.29301867,-8.66606793,5.6331
2249,8.29301867,-8.66606793,6.011775
2250,8.73434684,-6.88607616,5.27761929
2251,9.23810247,-6.23257017,5.29900152
2252,10.93838945,-7.81532443,5.3559
2253,10.64435001,-7.28022416,5.34720214
2254,11.19673674,-7.51007621,5.36677232
2255,10.93838945,-7.81532443,5.734575
2256,10.93838945,-7.81532443,6.11325
2257,10.33640229,-6.69734022,5.33814187
2258,10.83574159,-6.04048846,5.35952411
2259,11.45439059,-7.20455558,5.37764464
2260,11.42545845,-7.03751854,5.37728223
2261,11.92303392,-6.3783908,5.39866446
2262,8.29301867,-8.66606793,6.39045
2263,8.29301867,-8.66606793,6.701475
2264,8.29301867,-8.66606793,7.08015
2265,10.93838945,-7.81532443,6.424275
2266,10.93838945,-7.81532443,6.7353
2267,10.93838945,-7.81532443,7.113975
2268,12.23473168,-6.95922088,5.40772473
2269,13.01374864,-6.7113576,5.43780482
2270,13.5677828,-6.93575127,5.457375
2271,13.82202264,-6.62771268,5.46824732
2272,13.50658854,-6.04896055,5.45918705
2273,13.5677828,-6.93575127,5.83605
2274,13.5677828,-6.93575127,6.147075
2275,14.59891407,-6.37470886,5.49832741
2276,16.18088556,-6.0275995,5.55885
2277,16.18088556,-6.0275995,5.869875
2278,16.18088556,-6.0275995,6.1809
2279,13.5677828,-6.93575127,6.4581
2280,13.5677828,-6.93575127,6.769125
2281,13.5677828,-6.93575127,7.1478
2282,16.18088556,-6.0275995,6.491925
2283,16.18088556,-6.0275995,6.80295
2284,16.18088556,-6.0275995,7.113975
2285,16.18088556,-6.0275995,7.425
2286,8.29301867,-8.66606793,7.458825
2287,8.29301867,-8.66606793,7.8375
2288,8.29301867,-8.66606793,8.148525
2289,8.29301867,-8.66606793,8.5272
2290,10.93838945,-7.81532443,7.49265
2291,10.93838945,-7.81532443,7.803675
2292,10.93838945,-7.81532443,8.1147
2293,10.93838945,-7.81532443,8.493375
2294,8.29301867,-8.66606793,8.905875
2295,8.29301867,-8.66606793,9.28455
2296,8.55544272,-8.36366344,9.58470268
2297,8.81717634,-8.06097799,9.57383036
2298,8.29301867,-8.66606793,9.595575
2299,9.07821921,-7.75801281,9.56295804
2300,9.05094719,-7.59069603,9.56332045
2301,8.26649086,-7.82567807,9.59340054
2302,8.23403615,-7.60157277,9.59376295
2303,9.83411295,-7.35316494,9.53324036
2304,9.86193418,-7.52039092,9.53287795
2305,8.73434684,-6.88607616,9.57238071
2306,9.23810247,-6.23257017,9.55099848
2307,10.93838945,-7.81532443,8.87205
2308,10.93838945,-7.81532443,9.183075
2309,10.93838945,-7.81532443,9.4941
2310,10.64435001,-7.28022416,9.50279786
2311,11.19673674,-7.51007621,9.48322768
2312,10.33640229,-6.69734022,9.51185812
2313,10.83574159,-6.04048846,9.49047589
2314,11.45439059,-7.20455558,9.47235536
2315,11.42545845,-7.03751854,9.47271777
2316,11.92303392,-6.3783908,9.45133554
2317,13.5677828,-6.93575127,7.458825
2318,13.5677828,-6.93575127,7.76985
2319,13.5677828,-6.93575127,8.080875
2320,13.5677828,-6.93575127,8.45955
2321,16.18088556,-6.0275995,7.736025
2322,16.18088556,-6.0275995,8.04705
2323,16.18088556,-6.0275995,8.358075
2324,13.5677828,-6.93575127,8.770575
2325,13.5677828,-6.93575127,9.0816
2326,12.23473168,-6.95922088,9.44227527
2327,13.01374864,-6.7113576,9.41219518
2328,13.5677828,-6.93575127,9.392625
2329,13.82202264,-6.62771268,9.38175268
2330,13.50658854,-6.04896055,9.39081295
2331,16.18088556,-6.0275995,8.6691
2332,16.18088556,-6.0275995,8.980125
2333,14.59891407,-6.37470886,9.35167259
2334,16.18088556,-6.0275995,9.29115
2335,8.14431391,-5.76280104,5.25986116
2336,8.6465848,-5.11056817,5.28124339
2337,9.73891287,-5.57802763,5.32038375
2338,9.14469755,-4.44588635,5.30262562
2339,8.55382667,-3.3009226,5.2848675
2340,9.63981184,-3.78018478,5.32400786
2341,9.24777267,-3.16801206,5.31168589
2342,9.94114864,-3.0330671,5.33850429
2343,10.23677597,-4.92245879,5.34176598
2344,11.33212883,-5.38261993,5.38090634
2345,11.82556198,-4.72374491,5.40228857
2346,10.33491824,-3.64408566,5.35082625
2347,10.73039787,-4.25446915,5.36314821
2348,11.02944526,-3.50594944,5.37764464
2349,11.42665005,-4.11516894,5.38996661
2350,12.1169647,-3.92898421,5.416785
2351,11.71809916,-3.32092633,5.40446304
2352,8.16523602,-2.68697898,5.27254554
2353,8.85744637,-2.55521275,5.29936393
2354,8.45980332,-1.8555987,5.28704196
2355,9.54909006,-2.42141699,5.32618232
2356,9.14945782,-1.72297429,5.31386036
2357,9.84351504,-1.63321636,5.34067875
2358,8.75655087,-1.0687912,5.30153839
2359,8.36547016,-0.41397544,5.28921643
2360,9.05569388,-0.32653958,5.31603482
2361,9.44869228,-0.98019699,5.32835679
2362,9.7406324,-0.19217869,5.34285321
2363,10.24016113,-2.28559391,5.35300071
2364,10.63394862,-2.89608993,5.36532268
2365,10.53215812,-1.49653589,5.36749714
2366,10.93065365,-2.14774573,5.37981911
2367,11.32093989,-2.71222358,5.39214107
2368,12.01243727,-2.57120436,5.41895946
2369,11.62056169,-2.00787466,5.4066375
2370,10.13548402,-0.84467896,5.35517518
2371,10.4301122,-0.10068266,5.36967161
2372,10.82169814,-0.70714853,5.38199357
2373,11.11927747,-0.00715102,5.39649
2374,11.22022015,-1.35783778,5.39431554
2375,11.90769522,-1.21712428,5.42113393
2376,11.51263802,-0.61245742,5.40881196
2377,12.41765266,-5.71825651,5.4200467
2378,12.51753549,-4.53639368,5.42910696
2379,12.90931269,-5.05712595,5.44142893
2380,13.99646515,-5.38557748,5.48056929
2381,13.60182158,-4.86662046,5.46824732
2382,12.80641918,-3.74079407,5.44360339
2383,12.40589628,-3.13390232,5.43128143
2384,13.09838398,-2.9897008,5.45809982
2385,13.20864542,-4.34703257,5.45592536
2386,13.89888593,-4.15566505,5.48274375
2387,13.49500766,-3.550602,5.47042179
2388,15.08699695,-5.70907635,5.51970964
2389,14.68949506,-5.19190961,5.50738768
2390,14.29345772,-4.67410484,5.49506571
2391,14.98421527,-4.47958257,5.52188411
2392,15.78053346,-5.51223805,5.54652804
2393,15.38164302,-4.9962314,5.53420607
2394,16.00013589,-4.69074607,5.55885
2395,16.00013589,-4.69074607,5.869875
2396,16.00013589,-4.69074607,6.1809
2397,14.5882512,-3.96229459,5.50956214
2398,14.18847106,-3.40320701,5.49724018
2399,14.80892105,-3.14200287,5.52188411
2400,15.60160194,-4.17514006,5.54652804
2401,15.20452999,-3.65889132,5.53420607
2402,15.81938622,-3.35389265,5.55885
2403,15.81938622,-3.35389265,5.869875
2404,15.81938622,-3.35389265,6.1809
2405,16.00013589,-4.69074607,6.491925
2406,16.00013589,-4.69074607,6.80295
2407,16.00013589,-4.69074607,7.113975
2408,16.00013589,-4.69074607,7.425
2409,15.81938622,-3.35389265,6.491925
2410,15.81938622,-3.35389265,6.80295
2411,15.81938622,-3.35389265,7.113975
2412,15.81938622,-3.35389265,7.425
2413,12.70334087,-2.42816005,5.44577786
2414,12.30987931,-1.86598298,5.43345589
2415,12.99860062,-1.72207295,5.46027429
2416,13.39364475,-2.28309293,5.47259625
2417,13.79026857,-2.84347203,5.48491821
2418,13.61467423,-1.4598121,5.48491821
2419,14.01099524,-2.01978714,5.49724018
2420,12.6000804,-1.11922377,5.44795232
2421,12.20325393,-0.51572657,5.43563036
2422,12.82113514,-0.29254884,5.46027429
2423,13.21993221,-0.89919548,5.47259625
2424,13.43907989,-0.07615217,5.48491821
2425,13.83351942,-0.63636728,5.49724018
2426,14.40889423,-2.57911736,5.50956214
2427,15.02741696,-2.32155124,5.53420607
2428,14.62768326,-1.75907082,5.52188411
2429,15.42267042,-2.83804207,5.54652804
2430,15.63863654,-2.01703922,5.55885
2431,15.24373891,-1.50094408,5.54652804
2432,15.63863654,-2.01703922,5.869875
2433,15.63863654,-2.01703922,6.1809
2434,14.22953726,-1.19594012,5.50956214
2435,14.84429869,-0.93886693,5.53420607
2436,14.44644548,-0.37613878,5.52188411
2437,15.05874049,-0.11851008,5.54652804
2438,15.45788687,-0.6801858,5.55885
2439,15.45788687,-0.6801858,5.869875
2440,15.45788687,-0.6801858,6.1809
2441,15.63863654,-2.01703922,6.491925
2442,15.63863654,-2.01703922,6.80295
2443,15.63863654,-2.01703922,7.113975
2444,15.45788687,-0.6801858,6.491925
2445,15.45788687,-0.6801858,6.80295
2446,15.45788687,-0.6801858,7.113975
2447,8.14431391,-5.76280104,9.59013884
2448,8.6465848,-5.11056817,9.56875661
2449,9.73891287,-5.57802763,9.52961625
2450,9.14469755,-4.44588635,9.54737438
2451,8.55382667,-3.3009226,9.5651325
2452,9.63981184,-3.78018478,9.52599214
2453,9.24777267,-3.16801206,9.53831411
2454,9.94114864,-3.0330671,9.51149571
2455,10.23677597,-4.92245879,9.50823402
2456,11.33212883,-5.38261993,9.46909366
2457,11.82556198,-4.72374491,9.44771143
2458,10.33491824,-3.64408566,9.49917375
2459,10.73039787,-4.25446915,9.48685179
2460,11.02944526,-3.50594944,9.47235536
2461,11.42665005,-4.11516894,9.46003339
2462,12.1169647,-3.92898421,9.433215
2463,11.71809916,-3.32092633,9.44553696
2464,8.16523602,-2.68697898,9.57745446
2465,8.85744637,-2.55521275,9.55063607
2466,8.45980332,-1.8555987,9.56295804
2467,9.54909006,-2.42141699,9.52381768
2468,9.14945782,-1.72297429,9.53613964
2469,9.84351504,-1.63321636,9.50932125
2470,8.75655087,-1.0687912,9.54846161
2471,8.36547016,-0.41397544,9.56078357
2472,9.05569388,-0.32653958,9.53396518
2473,9.44869228,-0.98019699,9.52164321
2474,9.7406324,-0.19217869,9.50714679
2475,10.24016113,-2.28559391,9.49699929
2476,10.63394862,-2.89608993,9.48467732
2477,10.53215812,-1.49653589,9.48250286
2478,10.93065365,-2.14774573,9.47018089
2479,11.32093989,-2.71222358,9.45785893
2480,12.01243727,-2.57120436,9.43104054
2481,11.62056169,-2.00787466,9.4433625
2482,10.13548402,-0.84467896,9.49482482
2483,10.4301122,-0.10068266,9.48032839
2484,10.82169814,-0.70714853,9.46800643
2485,11.11927747,-0.00715102,9.45351
2486,11.22022015,-1.35783778,9.45568446
2487,11.90769522,-1.21712428,9.42886607
2488,11.51263802,-0.61245742,9.44118804
2489,16.00013589,-4.69074607,7.736025
2490,16.00013589,-4.69074607,8.04705
2491,16.00013589,-4.69074607,8.358075
2492,15.81938622,-3.35389265,7.736025
2493,15.81938622,-3.35389265,8.04705
2494,15.81938622,-3.35389265,8.358075
2495,12.41765266,-5.71825651,9.4299533
2496,12.51753549,-4.53639368,9.42089304
2497,12.90931269,-5.05712595,9.40857107
2498,13.99646515,-5.38557748,9.36943071
2499,13.60182158,-4.86662046,9.38175268
2500,12.80641918,-3.74079407,9.40639661
2501,12.40589628,-3.13390232,9.41871857
2502,13.09838398,-2.9897008,9.39190018
2503,13.20864542,-4.34703257,9.39407464
2504,13.89888593,-4.15566505,9.36725625
2505,13.49500766,-3.550602,9.37957821
2506,16.00013589,-4.69074607,8.6691
2507,16.00013589,-4.69074607,8.980125
2508,15.08699695,-5.70907635,9.33029036
2509,14.68949506,-5.19190961,9.34261232
2510,14.29345772,-4.67410484,9.35493429
2511,14.98421527,-4.47958257,9.32811589
2512,15.78053346,-5.51223805,9.30347196
2513,15.38164302,-4.9962314,9.31579393
2514,16.00013589,-4.69074607,9.29115
2515,15.81938622,-3.35389265,8.6691
2516,15.81938622,-3.35389265,8.980125
2517,14.5882512,-3.96229459,9.34043786
2518,14.18847106,-3.40320701,9.35275982
2519,14.80892105,-3.14200287,9.32811589
2520,15.60160194,-4.17514006,9.30347196
2521,15.20452999,-3.65889132,9.31579393
2522,15.81938622,-3.35389265,9.29115
2523,15.63863654,-2.01703922,7.425
2524,15.63863654,-2.01703922,7.736025
2525,15.63863654,-2.01703922,8.04705
2526,15.63863654,-2.01703922,8.358075
2527,15.45788687,-0.6801858,7.425
2528,15.45788687,-0.6801858,7.736025
2529,15.45788687,-0.6801858,8.04705
2530,15.45788687,-0.6801858,8.358075
2531,12.70334087,-2.42816005,9.40422214
2532,12.30987931,-1.86598298,9.41654411
2533,12.99860062,-1.72207295,9.38972571
2534,13.39364475,-2.28309293,9.37740375
2535,13.79026857,-2.84347203,9.36508179
2536,13.61467423,-1.4598121,9.36508179
2537,14.01099524,-2.01978714,9.35275982
2538,12.6000804,-1.11922377,9.40204768
2539,12.20325393,-0.51572657,9.41436964
2540,12.82113514,-0.29254884,9.38972571
2541,13.21993221,-0.89919548,9.37740375
2542,13.43907989,-0.07615217,9.36508179
2543,13.83351942,-0.63636728,9.35275982
2544,15.63863654,-2.01703922,8.6691
2545,15.63863654,-2.01703922,8.980125
2546,14.40889423,-2.57911736,9.34043786
2547,15.02741696,-2.32155124,9.31579393
2548,14.62768326,-1.75907082,9.32811589
2549,15.42267042,-2.83804207,9.30347196
2550,15.63863654,-2.01703922,9.29115
2551,15.24373891,-1.50094408,9.30347196
2552,15.45788687,-0.6801858,8.6691
2553,15.45788687,-0.6801858,8.980125
2554,14.22953726,-1.19594012,9.34043786
2555,14.84429869,-0.93886693,9.31579393
2556,14.44644548,-0.37613878,9.32811589
2557,15.05874049,-0.11851008,9.30347196
2558,15.45788687,-0.6801858,9.29115
2559,3.09025076,8.68392923,0.0
2560,3.09025076,8.68392923,4.95
2561,11.38132321,8.68392923,0.0
2562,15.19073488,11.3729257,0.0
2563,11.38132321,8.68392923,4.95
2564,15.19073488,11.3729257,4.95
2565,0.32918398,0.37306305,4.99022759
2566,0.89149435,0.24025022,5.00363679
2567,0.27260814,1.17133124,4.99022759
2568,0.83303489,1.03838267,5.00363679
2569,1.4576245,0.06778531,5.02501902
2570,1.9624379,0.69454318,5.04640125
2571,1.39728175,0.86577759,5.02501902
2572,0.21603229,1.96959943,4.99022759
2573,0.77457543,1.83651513,5.00363679
2574,0.71611596,2.63464758,5.00363679
2575,1.33950813,1.62979472,5.02501902
2576,1.90021219,1.49239084,5.04640125
2577,1.27916538,2.427787,5.02501902
2578,1.84063579,2.25626951,5.04640125
2579,2.52577056,0.55864544,5.06778348
2580,2.4643917,1.32238139,5.06778348
2581,3.02385499,1.22165704,5.08916571
2582,3.02385499,1.22165704,5.47847143
2583,3.08703596,0.45806806,5.08916571
2584,3.08703596,0.45806806,5.47847143
2585,3.02385499,1.22165704,5.86777714
2586,3.08703596,0.45806806,5.86777714
2587,2.40028337,2.12007998,5.06778348
2588,2.96067401,1.98524602,5.08916571
2589,2.96067401,1.98524602,5.47847143
2590,2.33890451,2.88381593,5.06778348
2591,2.89749303,2.748835,5.08916571
2592,2.89749303,2.748835,5.47847143
2593,2.96067401,1.98524602,5.86777714
2594,2.89749303,2.748835,5.86777714
2595,3.02385499,1.22165704,6.25708286
2596,3.02385499,1.22165704,6.64638857
2597,3.08703596,0.45806806,6.25708286
2598,3.08703596,0.45806806,6.64638857
2599,3.02385499,1.22165704,7.03569429
2600,3.02385499,1.22165704,7.425
2601,3.08703596,0.45806806,7.03569429
2602,3.08703596,0.45806806,7.425
2603,2.96067401,1.98524602,6.25708286
2604,2.96067401,1.98524602,6.64638857
2605,2.89749303,2.748835,6.25708286
2606,2.89749303,2.748835,6.64638857
2607,2.96067401,1.98524602,7.03569429
2608,2.89749303,2.748835,7.03569429
2609,0.14870484,2.91956948,4.99022759
2610,0.6576565,3.43278004,5.00363679
2611,0.0831283,3.84483488,4.99022759
2612,1.21882262,3.22577928,5.02501902
2613,1.78105938,3.02014818,5.04640125
2614,1.15847986,4.02377155,5.02501902
2615,1.71883367,3.81799584,5.04640125
2616,0.01755175,4.77010027,4.99022759
2617,0.58989667,4.35788811,5.00363679
2618,0.52213683,5.28299618,5.00363679
2619,1.10070625,4.78778868,5.02501902
2620,1.65660796,4.61584349,5.04640125
2621,1.03076351,5.71273428,5.02501902
2622,1.59703155,5.37972216,5.04640125
2623,2.83431206,3.51242398,5.08916571
2624,2.83431206,3.51242398,5.47847143
2625,2.27752565,3.64755188,5.06778348
2626,2.77113108,4.27601296,5.08916571
2627,2.77113108,4.27601296,5.47847143
2628,2.83431206,3.51242398,5.86777714
2629,2.77113108,4.27601296,5.86777714
2630,2.21614679,4.41128783,5.06778348
2631,2.70795011,5.03960194,5.08916571
2632,2.70795011,5.03960194,5.47847143
2633,2.15203847,5.20898643,5.06778348
2634,2.70795011,5.03960194,5.86777714
2635,2.83431206,3.51242398,6.25708286
2636,2.83431206,3.51242398,6.64638857
2637,2.77113108,4.27601296,6.25708286
2638,2.77113108,4.27601296,6.64638857
2639,2.83431206,3.51242398,7.03569429
2640,2.83431206,3.51242398,7.425
2641,2.77113108,4.27601296,7.03569429
2642,2.77113108,4.27601296,7.425
2643,2.70795011,5.03960194,6.25708286
2644,2.70795011,5.03960194,6.64638857
2645,2.70795011,5.03960194,7.03569429
2646,2.70795011,5.03960194,7.425
2647,6.598735,0.07500477,5.22325768
2648,7.28761939,0.15721979,5.25007607
2649,7.97621667,0.24146924,5.27689446
2650,6.598735,0.07500477,5.57680554
2651,6.598735,0.07500477,5.94823232
2652,7.28761939,0.15721979,5.60362393
2653,7.97621667,0.24146924,5.63044232
2654,7.28761939,0.15721979,5.95717179
2655,7.97621667,0.24146924,5.98399018
2656,6.598735,0.07500477,6.31965911
2657,6.598735,0.07500477,6.69108589
2658,7.28761939,0.15721979,6.32859857
2659,7.97621667,0.24146924,6.33753804
2660,7.28761939,0.15721979,6.70002536
2661,7.97621667,0.24146924,6.70896482
2662,6.598735,0.07500477,7.04463375
2663,6.598735,0.07500477,7.41606054
2664,7.28761939,0.15721979,7.05357321
2665,7.97621667,0.24146924,7.06251268
2666,7.28761939,0.15721979,7.40712107
2667,7.97621667,0.24146924,7.41606054
2668,3.02385499,1.22165704,7.81430571
2669,3.08703596,0.45806806,7.81430571
2670,3.02385499,1.22165704,8.20361143
2671,3.02385499,1.22165704,8.59291714
2672,3.08703596,0.45806806,8.20361143
2673,3.08703596,0.45806806,8.59291714
2674,2.96067401,1.98524602,7.425
2675,2.96067401,1.98524602,7.81430571
2676,2.89749303,2.748835,7.425
2677,2.89749303,2.748835,7.81430571
2678,2.96067401,1.98524602,8.20361143
2679,2.96067401,1.98524602,8.59291714
2680,2.89749303,2.748835,8.20361143
2681,2.89749303,2.748835,8.59291714
2682,0.3495167,0.08617455,9.85977241
2683,0.28218925,1.0361446,9.85977241
2684,0.85429288,0.74815269,9.84636321
2685,1.42625541,0.48262041,9.82498098
2686,1.99956591,0.21849413,9.80359875
2687,1.3684818,1.24663754,9.82498098
2688,1.9399895,0.98237279,9.80359875
2689,0.2256134,1.83441278,9.85977241
2690,0.79583341,1.54628514,9.84636321
2691,0.16903756,2.63268097,9.85977241
2692,0.73737395,2.3444176,9.84636321
2693,1.30813904,2.04462982,9.82498098
2694,1.8804131,1.74625146,9.80359875
2695,1.24779628,2.8426221,9.82498098
2696,1.81818739,2.54409912,9.80359875
2697,3.02385499,1.22165704,8.98222286
2698,3.08703596,0.45806806,8.98222286
2699,2.51284205,0.71951467,9.78221652
2700,3.02385499,1.22165704,9.37152857
2701,3.02385499,1.22165704,9.76083429
2702,3.08703596,0.45806806,9.37152857
2703,3.08703596,0.45806806,9.76083429
2704,2.96067401,1.98524602,8.98222286
2705,2.89749303,2.748835,8.98222286
2706,2.96067401,1.98524602,9.37152857
2707,2.45146318,1.48325063,9.78221652
2708,2.96067401,1.98524602,9.76083429
2709,2.89749303,2.748835,9.37152857
2710,2.39008432,2.24698658,9.78221652
2711,2.89749303,2.748835,9.76083429
2712,2.83431206,3.51242398,7.81430571
2713,2.77113108,4.27601296,7.81430571
2714,2.83431206,3.51242398,8.20361143
2715,2.83431206,3.51242398,8.59291714
2716,2.77113108,4.27601296,8.20361143
2717,2.77113108,4.27601296,8.59291714
2718,2.70795011,5.03960194,7.81430571
2719,2.70795011,5.03960194,8.20361143
2720,2.70795011,5.03960194,8.59291714
2721,0.11246171,3.43094916,9.85977241
2722,0.67891449,3.14255005,9.84636321
2723,0.05437529,4.25053116,9.85977241
2724,0.62045502,3.94068251,9.84636321
2725,1.75596167,3.34194678,9.80359875
2726,1.18745353,3.64061437,9.82498098
2727,1.69638527,4.10582544,9.80359875
2728,0.56199556,4.73881496,9.84636321
2729,0.5035361,5.53694742,9.84636321
2730,1.12967991,4.4046315,9.82498098
2731,1.63680886,4.86970411,9.80359875
2732,1.06933716,5.20262378,9.82498098
2733,1.57458315,5.66755177,9.80359875
2734,2.83431206,3.51242398,8.98222286
2735,2.77113108,4.27601296,8.98222286
2736,2.83431206,3.51242398,9.37152857
2737,2.325976,3.04468517,9.78221652
2738,2.83431206,3.51242398,9.76083429
2739,2.77113108,4.27601296,9.37152857
2740,2.26459714,3.80842112,9.78221652
2741,2.77113108,4.27601296,9.76083429
2742,2.70795011,5.03960194,8.98222286
2743,2.70795011,5.03960194,9.37152857
2744,2.20321828,4.57215707,9.78221652
2745,2.70795011,5.03960194,9.76083429
2746,2.14183942,5.33589302,9.78221652
2747,6.598735,0.07500477,7.78748732
2748,7.28761939,0.15721979,7.77854786
2749,7.97621667,0.24146924,7.76960839
2750,6.598735,0.07500477,8.15891411
2751,6.598735,0.07500477,8.51246196
2752,7.28761939,0.15721979,8.14997464
2753,7.97621667,0.24146924,8.14103518
2754,7.28761939,0.15721979,8.5035225
2755,7.97621667,0.24146924,8.49458304
2756,6.598735,0.07500477,8.88388875
2757,6.598735,0.07500477,9.25531554
2758,7.28761939,0.15721979,8.85707036
2759,7.97621667,0.24146924,8.84813089
2760,7.28761939,0.15721979,9.22849714
2761,7.97621667,0.24146924,9.20167875
2762,6.598735,0.07500477,9.62674232
2763,7.97621667,0.24146924,9.57310554
2764,7.28761939,0.15721979,9.59992393
2765,0.454377,6.20810426,5.00363679
2766,0.38661717,7.13321233,5.00363679
2767,0.96082077,6.63767988,5.02501902
2768,1.53745515,6.14360083,5.04640125
2769,1.46532989,7.0683788,5.04640125
2770,0.89087803,7.56262547,5.02501902
2771,0.31869355,8.67722488,5.03299205
2772,1.96790189,7.50019428,5.06778348
2773,1.39320463,7.99315676,5.04640125
2774,1.89359451,8.42479947,5.06778348
2775,2.09065961,5.97272238,5.06778348
2776,2.64476913,5.80319092,5.08916571
2777,2.64476913,5.80319092,5.47847143
2778,2.02928075,6.73645833,5.06778348
2779,2.58158815,6.5667799,5.08916571
2780,2.58158815,6.5667799,5.47847143
2781,2.64476913,5.80319092,5.86777714
2782,2.58158815,6.5667799,5.86777714
2783,2.51840718,7.33036888,5.08916571
2784,2.51840718,7.33036888,5.47847143
2785,2.4552262,8.09395786,5.08916571
2786,2.4552262,8.09395786,5.47847143
2787,2.51840718,7.33036888,5.86777714
2788,2.4552262,8.09395786,5.86777714
2789,2.64476913,5.80319092,6.25708286
2790,2.64476913,5.80319092,6.64638857
2791,2.58158815,6.5667799,6.25708286
2792,2.58158815,6.5667799,6.64638857
2793,2.64476913,5.80319092,7.03569429
2794,2.64476913,5.80319092,7.425
2795,2.58158815,6.5667799,7.03569429
2796,2.58158815,6.5667799,7.425
2797,2.51840718,7.33036888,6.25708286
2798,2.51840718,7.33036888,6.64638857
2799,2.4552262,8.09395786,6.25708286
2800,2.4552262,8.09395786,6.64638857
2801,2.51840718,7.33036888,7.03569429
2802,2.51840718,7.33036888,7.425
2803,2.4552262,8.09395786,7.03569429
2804,2.4552262,8.09395786,7.425
2805,0.59326271,9.23357044,5.07321964
2806,0.81923306,9.10646754,5.05437429
2807,0.34227045,9.7030582,5.01160982
2808,0.11003037,9.92824537,5.00218714
2809,0.78044531,9.85518066,5.02828071
2810,1.49178125,9.04375623,5.08119268
2811,1.25645206,9.28419986,5.07321964
2812,1.91948864,9.33679195,5.07321964
2813,1.01283605,9.63891553,5.03842821
2814,1.4514354,9.78412855,5.05437429
2815,1.68458255,9.5685615,5.06452179
2816,1.74345578,9.95732237,5.06669625
2817,0.10568638,10.47932595,5.06524661
2818,0.39208261,10.72514471,5.06524661
2819,0.68428967,10.88626897,5.07756857
2820,0.97608918,11.04777606,5.08989054
2821,1.26748062,11.20966516,5.1022125
2822,1.26748062,11.20966516,5.4808875
2823,1.26748062,11.20966516,5.8595625
2824,2.39204523,8.85754684,5.08916571
2825,2.1648495,8.98306288,5.10801107
2826,2.83843178,8.92439002,5.13482946
2827,2.59191563,9.27738211,5.10003804
2828,2.39204523,8.85754684,5.47847143
2829,2.35689605,9.50022543,5.09061536
2830,2.03503773,10.13089675,5.07901821
2831,3.02977049,9.43391005,5.11670893
2832,3.06610739,8.79955631,5.11598411
2833,3.50252639,8.981666,5.13482946
2834,3.26485279,9.21999152,5.12685643
2835,3.74067545,8.74359051,5.1428025
2836,3.70247027,9.37783473,5.14352732
2837,3.93903145,9.15640675,5.15295
2838,3.06610739,8.79955631,5.50528982
2839,3.74067545,8.74359051,5.53210821
2840,3.99657368,9.52071048,5.15584929
2841,2.39204523,8.85754684,5.86777714
2842,3.06610739,8.79955631,5.89459554
2843,3.74067545,8.74359051,5.92141393
2844,2.32618076,10.30485081,5.09134018
2845,2.61688439,10.47918369,5.10366214
2846,2.90806284,10.64322377,5.11598411
2847,3.19882991,10.80764341,5.12830607
2848,3.48918513,10.97244182,5.14062804
2849,3.77912798,11.13761817,5.15295
2850,3.77912798,11.13761817,5.531625
2851,3.77912798,11.13761817,5.9103
2852,1.26748062,11.20966516,6.2382375
2853,1.26748062,11.20966516,6.6507375
2854,1.26748062,11.20966516,7.0294125
2855,1.26748062,11.20966516,7.4080875
2856,2.39204523,8.85754684,6.25708286
2857,2.39204523,8.85754684,6.64638857
2858,3.06610739,8.79955631,6.28390125
2859,3.74067545,8.74359051,6.29284071
2860,3.06610739,8.79955631,6.65532804
2861,3.74067545,8.74359051,6.6642675
2862,2.39204523,8.85754684,7.03569429
2863,2.39204523,8.85754684,7.425
2864,3.06610739,8.79955631,7.04463375
2865,3.74067545,8.74359051,7.05357321
2866,3.77912798,11.13761817,6.288975
2867,3.77912798,11.13761817,6.66765
2868,3.77912798,11.13761817,7.046325
2869,3.77912798,11.13761817,7.425
2870,4.41574332,8.68965194,5.16962089
2871,4.41574332,8.68965194,5.55892661
2872,5.09130492,8.63774307,5.19643929
2873,5.76735413,8.58786635,5.22325768
2874,5.09130492,8.63774307,5.56786607
2875,4.41574332,8.68965194,5.93035339
2876,5.76735413,8.58786635,5.59468446
2877,5.09130492,8.63774307,5.93929286
2878,5.76735413,8.58786635,5.96611125
2879,6.44388485,8.5400242,5.25007607
2880,7.12089094,8.49421904,5.27689446
2881,7.55623886,8.67598938,5.295015
2882,7.79836628,8.45045327,5.30371286
2883,6.44388485,8.5400242,5.62150286
2884,6.44388485,8.5400242,5.99292964
2885,7.12089094,8.49421904,5.64832125
2886,7.79836628,8.45045327,5.65726071
2887,7.12089094,8.49421904,6.00186911
2888,7.79836628,8.45045327,6.01080857
2889,4.41574332,8.68965194,6.30178018
2890,4.41574332,8.68965194,6.67320696
2891,5.09130492,8.63774307,6.31071964
2892,5.76735413,8.58786635,6.33753804
2893,5.09130492,8.63774307,6.68214643
2894,5.76735413,8.58786635,6.69108589
2895,4.41574332,8.68965194,7.06251268
2896,5.09130492,8.63774307,7.05357321
2897,5.76735413,8.58786635,7.06251268
2898,5.09130492,8.63774307,7.425
2899,6.44388485,8.5400242,6.3464775
2900,6.44388485,8.5400242,6.70002536
2901,7.12089094,8.49421904,6.35541696
2902,7.79836628,8.45045327,6.36435643
2903,7.12089094,8.49421904,6.70896482
2904,7.79836628,8.45045327,6.71790429
2905,6.44388485,8.5400242,7.07145214
2906,7.12089094,8.49421904,7.08039161
2907,7.79836628,8.45045327,7.07145214
2908,4.17678133,8.92701155,5.16164786
2909,4.85153214,8.87438407,5.18846625
2910,4.61375676,9.09485065,5.17904357
2911,4.28728193,9.69722242,5.16817125
2912,4.57754745,9.87411087,5.18049321
2913,4.86736973,10.05137495,5.19281518
2914,5.28823658,9.04353735,5.20586196
2915,5.52677273,8.82378601,5.21528464
2916,5.96320223,8.99425335,5.23268036
2917,5.16094697,10.18511457,5.20513714
2918,5.45097523,10.35247317,5.21745911
2919,5.74058779,10.52020768,5.22978107
2920,6.02978418,10.68831728,5.24210304
2921,6.20331521,8.76701152,5.24137821
2922,6.25668799,9.14009565,5.24500232
2923,6.54981807,9.2863211,5.25732429
2924,6.87954132,8.72048207,5.26819661
2925,6.83917642,9.4661435,5.26964625
2926,7.12808775,9.6463383,5.28196821
2927,7.42118198,9.78304884,5.29429018
2928,7.71394751,9.92014269,5.30661214
2929,8.00278767,10.09081464,5.31893411
2930,6.32300131,10.81292541,5.254425
2931,6.32300131,10.81292541,5.56545
2932,6.32300131,10.81292541,5.944125
2933,6.32300131,10.81292541,6.3228
2934,6.32300131,10.81292541,6.701475
2935,6.32300131,10.81292541,7.0125
2936,6.32300131,10.81292541,7.391175
2937,2.64476913,5.80319092,7.81430571
2938,2.58158815,6.5667799,7.81430571
2939,2.64476913,5.80319092,8.20361143
2940,2.64476913,5.80319092,8.59291714
2941,2.58158815,6.5667799,8.20361143
2942,2.58158815,6.5667799,8.59291714
2943,2.51840718,7.33036888,7.81430571
2944,2.4552262,8.09395786,7.81430571
2945,2.51840718,7.33036888,8.20361143
2946,2.51840718,7.33036888,8.59291714
2947,2.4552262,8.09395786,8.20361143
2948,2.4552262,8.09395786,8.59291714
2949,0.44507663,6.33507987,9.84636321
2950,1.0089944,6.00061606,9.82498098
2951,0.38661717,7.13321233,9.84636321
2952,0.94865164,6.79860834,9.82498098
2953,1.51235744,6.46539943,9.80359875
2954,1.45278103,7.2292781,9.80359875
2955,2.01635223,6.89732757,9.78221652
2956,0.89087803,7.56262547,9.82498098
2957,0.31869355,8.67722488,9.81700795
2958,1.95497337,7.66106352,9.78221652
2959,1.39320463,7.99315676,9.80359875
2960,1.89359451,8.42479947,9.78221652
2961,2.64476913,5.80319092,8.98222286
2962,2.58158815,6.5667799,8.98222286
2963,2.64476913,5.80319092,9.37152857
2964,2.07773109,6.13359162,9.78221652
2965,2.64476913,5.80319092,9.76083429
2966,2.58158815,6.5667799,9.37152857
2967,2.58158815,6.5667799,9.76083429
2968,2.51840718,7.33036888,8.98222286
2969,2.4552262,8.09395786,8.98222286
2970,2.51840718,7.33036888,9.37152857
2971,2.51840718,7.33036888,9.76083429
2972,2.4552262,8.09395786,9.37152857
2973,2.4552262,8.09395786,9.76083429
2974,1.26748062,11.20966516,7.7867625
2975,1.26748062,11.20966516,8.1992625
2976,1.26748062,11.20966516,8.5779375
2977,2.39204523,8.85754684,7.81430571
2978,3.06610739,8.79955631,7.43393946
2979,3.74067545,8.74359051,7.44287893
2980,3.06610739,8.79955631,7.82324518
2981,3.74067545,8.74359051,7.81430571
2982,2.39204523,8.85754684,8.20361143
2983,2.39204523,8.85754684,8.59291714
2984,3.06610739,8.79955631,8.19467196
2985,3.74067545,8.74359051,8.1857325
2986,3.06610739,8.79955631,8.58397768
2987,3.74067545,8.74359051,8.57503821
2988,3.77912798,11.13761817,7.803675
2989,3.77912798,11.13761817,8.18235
2990,3.77912798,11.13761817,8.561025
2991,0.59326271,9.23357044,9.77678036
2992,0.81923306,9.10646754,9.79562571
2993,0.34227045,9.7030582,9.83839018
2994,0.11003037,9.92824537,9.84781286
2995,0.78044531,9.85518066,9.82171929
2996,1.49178125,9.04375623,9.76880732
2997,1.25645206,9.28419986,9.77678036
2998,1.91948864,9.33679195,9.77678036
2999,1.01283605,9.63891553,9.81157179
3000,1.4514354,9.78412855,9.79562571
3001,1.68458255,9.5685615,9.78547821
3002,1.74345578,9.95732237,9.78330375
3003,1.26748062,11.20966516,8.9566125
3004,0.10568638,10.47932595,9.78475339
3005,0.39208261,10.72514471,9.78475339
3006,0.68428967,10.88626897,9.77243143
3007,0.97608918,11.04777606,9.76010946
3008,1.26748062,11.20966516,9.3352875
3009,1.26748062,11.20966516,9.7477875
3010,2.39204523,8.85754684,8.98222286
3011,3.74067545,8.74359051,8.96434393
3012,3.06610739,8.79955631,8.97328339
3013,2.39204523,8.85754684,9.37152857
3014,2.1648495,8.98306288,9.74198893
3015,2.39204523,8.85754684,9.76083429
3016,2.83843178,8.92439002,9.71517054
3017,2.59191563,9.27738211,9.74996196
3018,2.35689605,9.50022543,9.75938464
3019,2.03503773,10.13089675,9.77098179
3020,3.02977049,9.43391005,9.73329107
3021,3.06610739,8.79955631,9.36258911
3022,3.74067545,8.74359051,9.33577071
3023,3.06610739,8.79955631,9.73401589
3024,3.50252639,8.981666,9.71517054
3025,3.26485279,9.21999152,9.72314357
3026,3.74067545,8.74359051,9.7071975
3027,3.70247027,9.37783473,9.70647268
3028,3.93903145,9.15640675,9.69705
3029,3.99657368,9.52071048,9.69415071
3030,3.77912798,11.13761817,8.9397
3031,2.32618076,10.30485081,9.75865982
3032,2.61688439,10.47918369,9.74633786
3033,2.90806284,10.64322377,9.73401589
3034,3.19882991,10.80764341,9.72169393
3035,3.77912798,11.13761817,9.318375
3036,3.48918513,10.97244182,9.70937196
3037,3.77912798,11.13761817,9.69705
3038,4.41574332,8.68965194,7.43393946
3039,4.41574332,8.68965194,7.80536625
3040,5.76735413,8.58786635,7.43393946
3041,5.09130492,8.63774307,7.79642679
3042,5.76735413,8.58786635,7.80536625
3043,4.41574332,8.68965194,8.17679304
3044,4.41574332,8.68965194,8.56609875
3045,5.09130492,8.63774307,8.16785357
3046,5.76735413,8.58786635,8.15891411
3047,5.09130492,8.63774307,8.53928036
3048,5.76735413,8.58786635,8.53034089
3049,6.44388485,8.5400242,7.44287893
3050,6.44388485,8.5400242,7.79642679
3051,7.12089094,8.49421904,7.43393946
3052,7.79836628,8.45045327,7.425
3053,7.12089094,8.49421904,7.78748732
3054,7.79836628,8.45045327,7.77854786
3055,6.44388485,8.5400242,8.14997464
3056,6.44388485,8.5400242,8.52140143
3057,7.12089094,8.49421904,8.14103518
3058,7.79836628,8.45045327,8.13209571
3059,7.12089094,8.49421904,8.51246196
3060,7.79836628,8.45045327,8.48564357
3061,4.41574332,8.68965194,8.93752554
3062,5.09130492,8.63774307,8.91070714
3063,5.76735413,8.58786635,8.90176768
3064,5.76735413,8.58786635,9.27319446
3065,4.41574332,8.68965194,9.30895232
3066,4.41574332,8.68965194,9.68037911
3067,5.09130492,8.63774307,9.28213393
3068,5.09130492,8.63774307,9.65356071
3069,5.76735413,8.58786635,9.62674232
3070,6.44388485,8.5400242,8.89282821
3071,6.44388485,8.5400242,9.24637607
3072,7.12089094,8.49421904,8.86600982
3073,7.79836628,8.45045327,8.83919143
3074,7.12089094,8.49421904,9.21955768
3075,7.79836628,8.45045327,9.19273929
3076,6.44388485,8.5400242,9.59992393
3077,7.12089094,8.49421904,9.57310554
3078,7.55623886,8.67598938,9.554985
3079,7.79836628,8.45045327,9.54628714
3080,6.32300131,10.81292541,7.76985
3081,6.32300131,10.81292541,8.148525
3082,6.32300131,10.81292541,8.45955
3083,4.17678133,8.92701155,9.68835214
3084,4.85153214,8.87438407,9.66153375
3085,4.61375676,9.09485065,9.67095643
3086,4.28728193,9.69722242,9.68182875
3087,4.57754745,9.87411087,9.66950679
3088,4.86736973,10.05137495,9.65718482
3089,5.28823658,9.04353735,9.64413804
3090,5.52677273,8.82378601,9.63471536
3091,5.96320223,8.99425335,9.61731964
3092,5.16094697,10.18511457,9.64486286
3093,5.45097523,10.35247317,9.63254089
3094,5.74058779,10.52020768,9.62021893
3095,6.02978418,10.68831728,9.60789696
3096,6.87954132,8.72048207,9.58180339
3097,6.20331521,8.76701152,9.60862179
3098,6.25668799,9.14009565,9.60499768
3099,6.54981807,9.2863211,9.59267571
3100,6.83917642,9.4661435,9.58035375
3101,7.12808775,9.6463383,9.56803179
3102,7.42118198,9.78304884,9.55570982
3103,7.71394751,9.92014269,9.54338786
3104,8.00278767,10.09081464,9.53106589
3105,6.32300131,10.81292541,8.838225
3106,6.32300131,10.81292541,9.2169
3107,6.32300131,10.81292541,9.595575
3108,8.66452083,0.32775213,5.30371286
3109,9.35252587,0.41606747,5.33053125
3110,10.0402258,0.50641425,5.35734964
3111,8.66452083,0.32775213,5.65726071
3112,8.66452083,0.32775213,6.01080857
3113,9.35252587,0.41606747,5.66620018
3114,10.0402258,0.50641425,5.69301857
3115,9.35252587,0.41606747,6.01974804
3116,10.0402258,0.50641425,6.0286875
3117,10.7276146,0.59879143,5.38416804
3118,11.41468629,0.69319796,5.41098643
3119,11.80812222,0.08841518,5.42330839
3120,11.33953219,1.32675074,5.41098643
3121,12.02967713,0.91427493,5.43563036
3122,10.7276146,0.59879143,5.71983696
3123,10.7276146,0.59879143,6.05550589
3124,11.41468629,0.69319796,5.74665536
3125,11.41468629,0.69319796,6.08232429
3126,11.33953219,1.32675074,5.74665536
3127,11.33953219,1.32675074,6.08232429
3128,11.26437808,1.96030351,5.41098643
3129,11.56047464,2.15210138,5.42330839
3130,11.63649025,1.51865139,5.42330839
3131,11.18922398,2.59385629,5.41098643
3132,11.48445904,2.78555137,5.42330839
3133,11.85610034,2.34427642,5.43563036
3134,11.26437808,1.96030351,5.74665536
3135,11.26437808,1.96030351,6.08232429
3136,11.18922398,2.59385629,5.74665536
3137,11.18922398,2.59385629,6.08232429
3138,8.66452083,0.32775213,6.36435643
3139,8.66452083,0.32775213,6.71790429
3140,9.35252587,0.41606747,6.37329589
3141,10.0402258,0.50641425,6.38223536
3142,9.35252587,0.41606747,6.72684375
3143,10.0402258,0.50641425,6.73578321
3144,8.66452083,0.32775213,7.07145214
3145,8.66452083,0.32775213,7.425
3146,9.35252587,0.41606747,7.06251268
3147,10.0402258,0.50641425,7.07145214
3148,9.35252587,0.41606747,7.41606054
3149,10.0402258,0.50641425,7.40712107
3150,10.7276146,0.59879143,6.39117482
3151,10.7276146,0.59879143,6.74472268
3152,11.41468629,0.69319796,6.41799321
3153,11.41468629,0.69319796,6.75366214
3154,11.33953219,1.32675074,6.41799321
3155,11.33953219,1.32675074,6.75366214
3156,10.7276146,0.59879143,7.08039161
3157,10.7276146,0.59879143,7.41606054
3158,11.41468629,0.69319796,7.08933107
3159,11.41468629,0.69319796,7.425
3160,11.33953219,1.32675074,7.08933107
3161,11.33953219,1.32675074,7.425
3162,11.26437808,1.96030351,6.41799321
3163,11.26437808,1.96030351,6.75366214
3164,11.18922398,2.59385629,6.41799321
3165,11.18922398,2.59385629,6.75366214
3166,11.26437808,1.96030351,7.08933107
3167,11.26437808,1.96030351,7.425
3168,11.18922398,2.59385629,7.08933107
3169,11.11406987,3.22740906,5.41098643
3170,11.03891577,3.86096184,5.41098643
3171,11.40844343,3.41900136,5.42330839
3172,11.77922337,2.97762245,5.43563036
3173,12.07351651,3.17006859,5.44795232
3174,11.70234641,3.61096847,5.43563036
3175,11.33476727,4.03295641,5.42330839
3176,11.62783539,4.22482277,5.43563036
3177,11.99577833,3.80330949,5.44795232
3178,11.11406987,3.22740906,5.74665536
3179,11.11406987,3.22740906,6.08232429
3180,11.03891577,3.86096184,5.74665536
3181,11.03891577,3.86096184,6.08232429
3182,10.96376166,4.49451461,5.41098643
3183,10.88860756,5.12806739,5.41098643
3184,10.81345345,5.76162017,5.41098643
3185,11.25875166,4.6664064,5.42330839
3186,11.55332438,4.83867707,5.43563036
3187,11.9204326,4.4170619,5.44795232
3188,11.84508687,5.0308143,5.44795232
3189,11.18273606,5.29985639,5.42330839
3190,11.47644741,5.4720231,5.43563036
3191,11.76974115,5.6445667,5.44795232
3192,10.96376166,4.49451461,5.74665536
3193,10.96376166,4.49451461,6.08232429
3194,10.88860756,5.12806739,5.74665536
3195,10.81345345,5.76162017,5.74665536
3196,10.88860756,5.12806739,6.08232429
3197,10.81345345,5.76162017,6.08232429
3198,11.11406987,3.22740906,6.41799321
3199,11.11406987,3.22740906,6.75366214
3200,11.03891577,3.86096184,6.41799321
3201,11.03891577,3.86096184,6.75366214
3202,11.11406987,3.22740906,7.08933107
3203,11.11406987,3.22740906,7.425
3204,11.03891577,3.86096184,7.08933107
3205,11.03891577,3.86096184,7.425
3206,10.96376166,4.49451461,6.41799321
3207,10.96376166,4.49451461,6.75366214
3208,10.88860756,5.12806739,6.41799321
3209,10.81345345,5.76162017,6.41799321
3210,10.88860756,5.12806739,6.75366214
3211,10.81345345,5.76162017,6.75366214
3212,10.96376166,4.49451461,7.08933107
3213,10.96376166,4.49451461,7.425
3214,10.88860756,5.12806739,7.08933107
3215,10.81345345,5.76162017,7.08933107
3216,10.88860756,5.12806739,7.425
3217,10.81345345,5.76162017,7.425
3218,12.42455911,0.31054035,5.44795232
3219,13.04052289,0.53008597,5.47259625
3220,12.64366967,1.13697527,5.46027429
3221,14.05018029,0.18723711,5.50956214
3222,13.25772705,1.35288399,5.48491821
3223,13.6560436,0.74705258,5.49724018
3224,12.24903781,1.74030447,5.44795232
3225,12.86111357,1.95936742,5.47259625
3226,12.4662042,2.56649937,5.46027429
3227,13.07637421,2.78192014,5.48491821
3228,13.87082332,1.57041435,5.50956214
3229,13.47274758,2.17584079,5.49724018
3230,14.08991347,2.34437298,5.52188411
3231,14.66118042,0.44381737,5.53420607
3232,14.26520769,1.00679327,5.52188411
3233,14.87980897,1.21858791,5.54652804
3234,15.27713719,0.65666762,5.55885
3235,15.27713719,0.65666762,5.869875
3236,15.27713719,0.65666762,6.1809
3237,14.48406739,1.78115745,5.53420607
3238,15.09638752,1.99352105,5.55885
3239,14.70087745,2.5556859,5.54652804
3240,15.09638752,1.99352105,5.869875
3241,15.09638752,1.99352105,6.1809
3242,15.27713719,0.65666762,6.491925
3243,15.27713719,0.65666762,6.80295
3244,15.27713719,0.65666762,7.113975
3245,15.27713719,0.65666762,7.425
3246,15.09638752,1.99352105,6.491925
3247,15.09638752,1.99352105,6.80295
3248,15.09638752,1.99352105,7.113975
3249,15.09638752,1.99352105,7.425
3250,12.68170425,3.38864887,5.47259625
3251,12.28873872,3.99602348,5.46027429
3252,12.90077987,4.16558007,5.48491821
3253,13.29527176,3.55926066,5.49724018
3254,13.69146636,2.95359158,5.50956214
3255,13.51210939,4.33676882,5.50956214
3256,13.90867568,3.72730502,5.52188411
3257,12.21255842,4.60967286,5.46027429
3258,12.50799171,4.77254632,5.47259625
3259,13.11779595,4.94268052,5.49724018
3260,12.13637812,5.22332223,5.46027429
3261,12.43097698,5.38609152,5.47259625
3262,12.72518553,5.54924,5.48491821
3263,14.12383608,4.50118184,5.53420607
3264,13.33275242,5.71994605,5.50956214
3265,13.72743789,5.11023707,5.52188411
3266,14.30695436,3.11849754,5.53420607
3267,14.91563784,3.33037447,5.55885
3268,14.52194593,3.89278389,5.54652804
3269,14.91563784,3.33037447,5.869875
3270,14.91563784,3.33037447,6.1809
3271,14.73488817,4.6672279,5.55885
3272,14.33694752,5.27521789,5.54652804
3273,14.73488817,4.6672279,5.869875
3274,14.73488817,4.6672279,6.1809
3275,14.91563784,3.33037447,6.491925
3276,14.91563784,3.33037447,6.80295
3277,14.91563784,3.33037447,7.113975
3278,14.91563784,3.33037447,7.425
3279,14.73488817,4.6672279,6.491925
3280,14.73488817,4.6672279,6.80295
3281,14.73488817,4.6672279,7.113975
3282,14.73488817,4.6672279,7.425
3283,8.66452083,0.32775213,7.77854786
3284,9.35252587,0.41606747,7.76960839
3285,10.0402258,0.50641425,7.76066893
3286,8.66452083,0.32775213,8.13209571
3287,8.66452083,0.32775213,8.48564357
3288,9.35252587,0.41606747,8.12315625
3289,10.0402258,0.50641425,8.11421679
3290,9.35252587,0.41606747,8.45882518
3291,10.0402258,0.50641425,8.44988571
3292,10.7276146,0.59879143,7.75172946
3293,11.41468629,0.69319796,7.76066893
3294,11.33953219,1.32675074,7.76066893
3295,10.7276146,0.59879143,8.10527732
3296,10.7276146,0.59879143,8.44094625
3297,11.41468629,0.69319796,8.09633786
3298,11.41468629,0.69319796,8.43200679
3299,11.33953219,1.32675074,8.09633786
3300,11.33953219,1.32675074,8.43200679
3301,11.26437808,1.96030351,7.76066893
3302,11.18922398,2.59385629,7.425
3303,11.18922398,2.59385629,7.76066893
3304,11.26437808,1.96030351,8.09633786
3305,11.26437808,1.96030351,8.43200679
3306,11.18922398,2.59385629,8.09633786
3307,11.18922398,2.59385629,8.43200679
3308,8.66452083,0.32775213,8.83919143
3309,8.66452083,0.32775213,9.19273929
3310,9.35252587,0.41606747,8.81237304
3311,10.0402258,0.50641425,8.78555464
3312,9.35252587,0.41606747,9.16592089
3313,10.0402258,0.50641425,9.1391025
3314,8.66452083,0.32775213,9.54628714
3315,9.35252587,0.41606747,9.51946875
3316,10.0402258,0.50641425,9.49265036
3317,10.7276146,0.59879143,8.77661518
3318,10.7276146,0.59879143,9.11228411
3319,11.41468629,0.69319796,8.76767571
3320,11.41468629,0.69319796,9.10334464
3321,11.33953219,1.32675074,8.76767571
3322,11.33953219,1.32675074,9.10334464
3323,10.7276146,0.59879143,9.46583196
3324,11.41468629,0.69319796,9.43901357
3325,11.80812222,0.08841518,9.42669161
3326,11.33953219,1.32675074,9.43901357
3327,12.02967713,0.91427493,9.41436964
3328,11.26437808,1.96030351,8.76767571
3329,11.26437808,1.96030351,9.10334464
3330,11.18922398,2.59385629,8.76767571
3331,11.18922398,2.59385629,9.10334464
3332,11.56047464,2.15210138,9.42669161
3333,11.26437808,1.96030351,9.43901357
3334,11.63649025,1.51865139,9.42669161
3335,11.48445904,2.78555137,9.42669161
3336,11.18922398,2.59385629,9.43901357
3337,11.85610034,2.34427642,9.41436964
3338,11.11406987,3.22740906,7.76066893
3339,11.03891577,3.86096184,7.76066893
3340,11.11406987,3.22740906,8.09633786
3341,11.11406987,3.22740906,8.43200679
3342,11.03891577,3.86096184,8.09633786
3343,11.03891577,3.86096184,8.43200679
3344,10.96376166,4.49451461,7.76066893
3345,10.88860756,5.12806739,7.76066893
3346,10.81345345,5.76162017,7.76066893
3347,10.96376166,4.49451461,8.09633786
3348,10.96376166,4.49451461,8.43200679
3349,10.88860756,5.12806739,8.09633786
3350,10.81345345,5.76162017,8.09633786
3351,10.88860756,5.12806739,8.43200679
3352,10.81345345,5.76162017,8.43200679
3353,11.11406987,3.22740906,8.76767571
3354,11.11406987,3.22740906,9.10334464
3355,11.03891577,3.86096184,8.76767571
3356,11.03891577,3.86096184,9.10334464
3357,11.11406987,3.22740906,9.43901357
3358,11.03891577,3.86096184,9.43901357
3359,11.40844343,3.41900136,9.42669161
3360,11.77922337,2.97762245,9.41436964
3361,12.07351651,3.17006859,9.40204768
3362,11.70234641,3.61096847,9.41436964
3363,11.33476727,4.03295641,9.42669161
3364,11.62783539,4.22482277,9.41436964
3365,11.99577833,3.80330949,9.40204768
3366,10.96376166,4.49451461,8.76767571
3367,10.96376166,4.49451461,9.10334464
3368,10.88860756,5.12806739,8.76767571
3369,10.81345345,5.76162017,8.76767571
3370,10.88860756,5.12806739,9.10334464
3371,10.81345345,5.76162017,9.10334464
3372,10.96376166,4.49451461,9.43901357
3373,10.88860756,5.12806739,9.43901357
3374,10.81345345,5.76162017,9.43901357
3375,11.25875166,4.6664064,9.42669161
3376,11.55332438,4.83867707,9.41436964
3377,11.9204326,4.4170619,9.40204768
3378,11.84508687,5.0308143,9.40204768
3379,11.18273606,5.29985639,9.42669161
3380,11.47644741,5.4720231,9.41436964
3381,11.76974115,5.6445667,9.40204768
3382,15.27713719,0.65666762,7.736025
3383,15.27713719,0.65666762,8.04705
3384,15.27713719,0.65666762,8.358075
3385,15.09638752,1.99352105,7.736025
3386,15.09638752,1.99352105,8.04705
3387,15.09638752,1.99352105,8.358075
3388,12.42455911,0.31054035,9.40204768
3389,13.04052289,0.53008597,9.37740375
3390,12.64366967,1.13697527,9.38972571
3391,14.05018029,0.18723711,9.34043786
3392,13.25772705,1.35288399,9.36508179
3393,13.6560436,0.74705258,9.35275982
3394,12.24903781,1.74030447,9.40204768
3395,12.86111357,1.95936742,9.37740375
3396,12.4662042,2.56649937,9.38972571
3397,13.07637421,2.78192014,9.36508179
3398,13.87082332,1.57041435,9.34043786
3399,13.47274758,2.17584079,9.35275982
3400,14.08991347,2.34437298,9.32811589
3401,15.27713719,0.65666762,8.6691
3402,15.27713719,0.65666762,8.980125
3403,14.66118042,0.44381737,9.31579393
3404,14.26520769,1.00679327,9.32811589
3405,14.87980897,1.21858791,9.30347196
3406,15.27713719,0.65666762,9.29115
3407,15.09638752,1.99352105,8.6691
3408,15.09638752,1.99352105,8.980125
3409,14.48406739,1.78115745,9.31579393
3410,15.09638752,1.99352105,9.29115
3411,14.70087745,2.5556859,9.30347196
3412,14.91563784,3.33037447,7.736025
3413,14.91563784,3.33037447,8.04705
3414,14.91563784,3.33037447,8.358075
3415,14.73488817,4.6672279,7.736025
3416,14.73488817,4.6672279,8.04705
3417,14.73488817,4.6672279,8.358075
3418,12.68170425,3.38864887,9.37740375
3419,12.28873872,3.99602348,9.38972571
3420,12.90077987,4.16558007,9.36508179
3421,13.29527176,3.55926066,9.35275982
3422,13.69146636,2.95359158,9.34043786
3423,13.51210939,4.33676882,9.34043786
3424,13.90867568,3.72730502,9.32811589
3425,12.21255842,4.60967286,9.38972571
3426,12.50799171,4.77254632,9.37740375
3427,13.11779595,4.94268052,9.35275982
3428,12.13637812,5.22332223,9.38972571
3429,12.43097698,5.38609152,9.37740375
3430,12.72518553,5.54924,9.36508179
3431,14.12383608,4.50118184,9.31579393
3432,13.33275242,5.71994605,9.34043786
3433,13.72743789,5.11023707,9.32811589
3434,14.91563784,3.33037447,8.6691
3435,14.91563784,3.33037447,8.980125
3436,14.30695436,3.11849754,9.31579393
3437,14.91563784,3.33037447,9.29115
3438,14.52194593,3.89278389,9.30347196
3439,14.73488817,4.6672279,8.6691
3440,14.73488817,4.6672279,8.980125
3441,14.73488817,4.6672279,9.29115
3442,14.33694752,5.27521789,9.30347196
3443,8.23340169,8.63353582,5.32183339
3444,8.47630471,8.40872925,5.33053125
3445,9.1547001,8.36904936,5.35734964
3446,9.83354626,8.33141593,5.38416804
3447,8.47630471,8.40872925,5.68407911
3448,8.47630471,8.40872925,6.03762696
3449,9.1547001,8.36904936,5.7108975
3450,9.83354626,8.33141593,5.73771589
3451,9.1547001,8.36904936,6.06444536
3452,9.83354626,8.33141593,6.07338482
3453,11.10672045,5.93330638,5.42330839
3454,10.73829935,6.39517294,5.41098643
3455,11.03304429,6.54726144,5.42330839
3456,10.66314524,7.02872572,5.41098643
3457,10.95702868,7.18071142,5.42330839
3458,11.39957045,6.10536913,5.43563036
3459,12.06019782,5.8369716,5.46027429
3460,11.69200296,6.2778076,5.44795232
3461,11.98401752,6.45062098,5.46027429
3462,11.32505943,6.71922343,5.43563036
3463,11.61665724,6.89156,5.44795232
3464,11.90783722,7.06427035,5.46027429
3465,10.73829935,6.39517294,5.74665536
3466,10.73829935,6.39517294,6.08232429
3467,10.66314524,7.02872572,5.74665536
3468,10.66314524,7.02872572,6.08232429
3469,10.58799114,7.66227849,5.41098643
3470,10.88101308,7.81416141,5.42330839
3471,10.51283703,8.29583127,5.41098643
3472,10.80499747,8.4476114,5.42330839
3473,11.09679449,8.59976978,5.43563036
3474,11.25054842,7.33307773,5.43563036
3475,11.54131151,7.50531241,5.44795232
3476,11.17367145,7.96642375,5.43563036
3477,11.83165692,7.67791972,5.46027429
3478,12.12536349,7.82079044,5.47259625
3479,11.46596578,8.11906481,5.44795232
3480,11.75547661,8.2915691,5.46027429
3481,12.04834876,8.43433565,5.47259625
3482,10.58799114,7.66227849,5.74665536
3483,10.58799114,7.66227849,6.08232429
3484,10.51283703,8.29583127,5.74665536
3485,10.51283703,8.29583127,6.08232429
3486,8.47630471,8.40872925,6.39117482
3487,8.47630471,8.40872925,6.72684375
3488,9.1547001,8.36904936,6.40011429
3489,9.83354626,8.33141593,6.40905375
3490,9.1547001,8.36904936,6.73578321
3491,9.83354626,8.33141593,6.74472268
3492,8.47630471,8.40872925,7.08039161
3493,9.1547001,8.36904936,7.08933107
3494,9.83354626,8.33141593,7.09827054
3495,10.73829935,6.39517294,6.41799321
3496,10.73829935,6.39517294,6.75366214
3497,10.66314524,7.02872572,6.41799321
3498,10.66314524,7.02872572,6.75366214
3499,10.73829935,6.39517294,7.08933107
3500,10.73829935,6.39517294,7.425
3501,10.66314524,7.02872572,7.08933107
3502,10.66314524,7.02872572,7.425
3503,10.58799114,7.66227849,6.41799321
3504,10.58799114,7.66227849,6.75366214
3505,10.51283703,8.29583127,6.41799321
3506,10.51283703,8.29583127,6.75366214
3507,10.58799114,7.66227849,7.08933107
3508,10.58799114,7.66227849,7.425
3509,10.51283703,8.29583127,7.08933107
3510,10.51283703,8.29583127,7.425
3511,8.52623983,8.78234636,5.33415536
3512,8.81871841,8.93153761,5.34647732
3513,9.11083693,9.08110888,5.35879929
3514,9.39880761,9.26423363,5.37112125
3515,9.6913887,9.40391853,5.38344321
3516,9.9836372,9.54398463,5.39576518
3517,8.29120786,10.26185876,5.33125607
3518,8.58407646,10.38944431,5.34357804
3519,8.87664334,10.5174137,5.3559
3520,8.87664334,10.5174137,5.666925
3521,8.87664334,10.5174137,5.97795
3522,10.27555262,9.6844313,5.40808714
3523,10.56316677,9.85841096,5.42040911
3524,10.85565657,9.98897911,5.43273107
3525,11.3882276,8.75230571,5.44795232
3526,11.67929631,8.90521847,5.46027429
3527,11.97133403,9.04788086,5.47259625
3528,11.14784073,10.11992934,5.44505304
3529,11.43971876,10.25126106,5.457375
3530,11.43971876,10.25126106,5.7684
3531,11.43971876,10.25126106,6.079425
3532,8.87664334,10.5174137,6.356625
3533,8.87664334,10.5174137,6.7353
3534,8.87664334,10.5174137,7.046325
3535,8.87664334,10.5174137,7.35735
3536,11.43971876,10.25126106,6.39045
3537,11.43971876,10.25126106,6.769125
3538,11.43971876,10.25126106,7.08015
3539,11.43971876,10.25126106,7.391175
3540,12.35396224,5.99963673,5.47259625
3541,12.64733651,6.16267991,5.48491821
3542,12.94032013,6.32610038,5.49724018
3543,12.27694751,6.61318194,5.47259625
3544,12.56948749,6.77611982,5.48491821
3545,12.20237823,7.20724524,5.47259625
3546,12.86163696,6.93943386,5.49724018
3547,13.5462001,6.49316912,5.52188411
3548,13.94071781,5.88386614,5.53420607
3549,13.15339545,7.10312329,5.50956214
3550,14.158016,6.61231588,5.54652804
3551,13.76360478,7.22120623,5.53420607
3552,12.4941104,7.37008116,5.48491821
3553,12.41873332,7.9640425,5.48491821
3554,12.78545222,7.53329214,5.49724018
3555,13.07640319,7.69687742,5.50956214
3556,12.3408843,8.57748241,5.48491821
3557,12.70926748,8.12715042,5.49724018
3558,12.99941093,8.29063155,5.50956214
3559,13.37090589,7.83074882,5.52188411
3560,13.97908448,7.94941387,5.54652804
3561,13.29310625,8.4243977,5.52188411
3562,13.58649175,8.55854631,5.53420607
3563,14.55413849,6.00408132,5.55885
3564,14.55413849,6.00408132,5.869875
3565,14.55413849,6.00408132,6.1809
3566,14.37338882,7.34093474,5.55885
3567,14.19263915,8.67778817,5.55885
3568,14.37338882,7.34093474,5.869875
3569,14.37338882,7.34093474,6.1809
3570,14.19263915,8.67778817,5.869875
3571,14.19263915,8.67778817,6.1809
3572,14.55413849,6.00408132,6.491925
3573,14.55413849,6.00408132,6.80295
3574,14.55413849,6.00408132,7.113975
3575,14.55413849,6.00408132,7.425
3576,14.37338882,7.34093474,6.491925
3577,14.37338882,7.34093474,6.80295
3578,14.19263915,8.67778817,6.491925
3579,14.19263915,8.67778817,6.80295
3580,14.37338882,7.34093474,7.113975
3581,14.37338882,7.34093474,7.425
3582,14.19263915,8.67778817,7.113975
3583,14.19263915,8.67778817,7.425
3584,12.63308273,8.72100871,5.49724018
3585,12.26303527,9.19092231,5.48491821
3586,12.55439956,9.33434218,5.49724018
3587,12.92241867,8.88438568,5.50956214
3588,12.84542641,9.47813981,5.50956214
3589,13.13750698,9.61169546,5.52188411
3590,13.21530662,9.01804658,5.52188411
3591,13.50788488,9.15208884,5.53420607
3592,13.80015296,9.28651186,5.54652804
3593,13.42927801,9.74563137,5.53420607
3594,13.72073901,9.87994695,5.54652804
3595,14.01188947,10.01464159,5.55885
3596,14.01188947,10.01464159,5.869875
3597,14.01188947,10.01464159,6.1809
3598,14.01188947,10.01464159,6.491925
3599,14.01188947,10.01464159,6.80295
3600,14.01188947,10.01464159,7.113975
3601,14.01188947,10.01464159,7.425
3602,8.47630471,8.40872925,7.43393946
3603,8.47630471,8.40872925,7.78748732
3604,9.1547001,8.36904936,7.44287893
3605,9.83354626,8.33141593,7.43393946
3606,9.1547001,8.36904936,7.77854786
3607,9.83354626,8.33141593,7.76960839
3608,8.47630471,8.40872925,8.12315625
3609,8.47630471,8.40872925,8.47670411
3610,9.1547001,8.36904936,8.11421679
3611,9.83354626,8.33141593,8.10527732
3612,9.1547001,8.36904936,8.46776464
3613,9.83354626,8.33141593,8.45882518
3614,10.73829935,6.39517294,7.76066893
3615,10.66314524,7.02872572,7.76066893
3616,10.73829935,6.39517294,8.09633786
3617,10.73829935,6.39517294,8.43200679
3618,10.66314524,7.02872572,8.09633786
3619,10.66314524,7.02872572,8.43200679
3620,10.58799114,7.66227849,7.76066893
3621,10.51283703,8.29583127,7.76066893
3622,10.58799114,7.66227849,8.09633786
3623,10.58799114,7.66227849,8.43200679
3624,10.51283703,8.29583127,8.09633786
3625,10.51283703,8.29583127,8.43200679
3626,8.47630471,8.40872925,8.83025196
3627,8.47630471,8.40872925,9.18379982
3628,9.1547001,8.36904936,8.8213125
3629,9.83354626,8.33141593,8.79449411
3630,9.1547001,8.36904936,9.15698143
3631,9.83354626,8.33141593,9.13016304
3632,8.23340169,8.63353582,9.52816661
3633,8.47630471,8.40872925,9.51946875
3634,9.1547001,8.36904936,9.49265036
3635,9.83354626,8.33141593,9.46583196
3636,10.73829935,6.39517294,8.76767571
3637,10.73829935,6.39517294,9.10334464
3638,10.66314524,7.02872572,8.76767571
3639,10.66314524,7.02872572,9.10334464
3640,11.10672045,5.93330638,9.42669161
3641,10.73829935,6.39517294,9.43901357
3642,11.03304429,6.54726144,9.42669161
3643,10.95702868,7.18071142,9.42669161
3644,10.66314524,7.02872572,9.43901357
3645,11.39957045,6.10536913,9.41436964
3646,12.06019782,5.8369716,9.38972571
3647,11.69200296,6.2778076,9.40204768
3648,11.98401752,6.45062098,9.38972571
3649,11.32505943,6.71922343,9.41436964
3650,11.61665724,6.89156,9.40204768
3651,11.90783722,7.06427035,9.38972571
3652,10.58799114,7.66227849,8.76767571
3653,10.58799114,7.66227849,9.10334464
3654,10.51283703,8.29583127,8.76767571
3655,10.51283703,8.29583127,9.10334464
3656,10.58799114,7.66227849,9.43901357
3657,10.88101308,7.81416141,9.42669161
3658,10.51283703,8.29583127,9.43901357
3659,10.80499747,8.4476114,9.42669161
3660,11.09679449,8.59976978,9.41436964
3661,11.25054842,7.33307773,9.41436964
3662,11.54131151,7.50531241,9.40204768
3663,11.17367145,7.96642375,9.41436964
3664,11.83165692,7.67791972,9.38972571
3665,12.12536349,7.82079044,9.37740375
3666,11.46596578,8.11906481,9.40204768
3667,11.75547661,8.2915691,9.38972571
3668,12.04834876,8.43433565,9.37740375
3669,8.87664334,10.5174137,7.736025
3670,8.87664334,10.5174137,8.1147
3671,8.87664334,10.5174137,8.425725
3672,11.43971876,10.25126106,7.7022
3673,11.43971876,10.25126106,8.080875
3674,11.43971876,10.25126106,8.3919
3675,8.52623983,8.78234636,9.51584464
3676,8.81871841,8.93153761,9.50352268
3677,9.11083693,9.08110888,9.49120071
3678,9.39880761,9.26423363,9.47887875
3679,9.6913887,9.40391853,9.46655679
3680,9.9836372,9.54398463,9.45423482
3681,8.87664334,10.5174137,8.73675
3682,8.87664334,10.5174137,9.115425
3683,8.29120786,10.26185876,9.51874393
3684,8.58407646,10.38944431,9.50642196
3685,8.87664334,10.5174137,9.4941
3686,10.27555262,9.6844313,9.44191286
3687,10.56316677,9.85841096,9.42959089
3688,10.85565657,9.98897911,9.41726893
3689,11.3882276,8.75230571,9.40204768
3690,11.67929631,8.90521847,9.38972571
3691,11.97133403,9.04788086,9.37740375
3692,11.14784073,10.11992934,9.40494696
3693,11.43971876,10.25126106,8.702925
3694,11.43971876,10.25126106,9.01395
3695,11.43971876,10.25126106,9.392625
3696,14.55413849,6.00408132,7.736025
3697,14.55413849,6.00408132,8.04705
3698,14.55413849,6.00408132,8.358075
3699,14.37338882,7.34093474,7.736025
3700,14.19263915,8.67778817,7.736025
3701,14.37338882,7.34093474,8.04705
3702,14.37338882,7.34093474,8.358075
3703,14.19263915,8.67778817,8.04705
3704,14.19263915,8.67778817,8.358075
3705,12.35396224,5.99963673,9.37740375
3706,12.64733651,6.16267991,9.36508179
3707,12.94032013,6.32610038,9.35275982
3708,12.27694751,6.61318194,9.37740375
3709,12.56948749,6.77611982,9.36508179
3710,12.20237823,7.20724524,9.37740375
3711,12.86163696,6.93943386,9.35275982
3712,13.5462001,6.49316912,9.32811589
3713,13.94071781,5.88386614,9.31579393
3714,13.15339545,7.10312329,9.34043786
3715,14.158016,6.61231588,9.30347196
3716,13.76360478,7.22120623,9.31579393
3717,12.4941104,7.37008116,9.36508179
3718,12.41873332,7.9640425,9.36508179
3719,12.78545222,7.53329214,9.35275982
3720,13.07640319,7.69687742,9.34043786
3721,12.3408843,8.57748241,9.36508179
3722,12.70926748,8.12715042,9.35275982
3723,12.99941093,8.29063155,9.34043786
3724,13.37090589,7.83074882,9.32811589
3725,13.97908448,7.94941387,9.30347196
3726,13.29310625,8.4243977,9.32811589
3727,13.58649175,8.55854631,9.31579393
3728,14.55413849,6.00408132,8.6691
3729,14.55413849,6.00408132,8.980125
3730,14.55413849,6.00408132,9.29115
3731,14.37338882,7.34093474,8.6691
3732,14.37338882,7.34093474,8.980125
3733,14.19263915,8.67778817,8.6691
3734,14.19263915,8.67778817,8.980125
3735,14.37338882,7.34093474,9.29115
3736,14.19263915,8.67778817,9.29115
3737,14.01188947,10.01464159,7.736025
3738,14.01188947,10.01464159,8.04705
3739,14.01188947,10.01464159,8.358075
3740,14.01188947,10.01464159,8.6691
3741,14.01188947,10.01464159,8.980125
3742,12.63308273,8.72100871,9.35275982
3743,12.26303527,9.19092231,9.36508179
3744,12.55439956,9.33434218,9.35275982
3745,12.92241867,8.88438568,9.34043786
3746,12.84542641,9.47813981,9.34043786
3747,13.13750698,9.61169546,9.32811589
3748,13.21530662,9.01804658,9.32811589
3749,13.50788488,9.15208884,9.31579393
3750,13.80015296,9.28651186,9.30347196
3751,13.42927801,9.74563137,9.31579393
3752,13.72073901,9.87994695,9.30347196
3753,14.01188947,10.01464159,9.29115
