# MAAS exact compiled indexed mesh
# program_hash 60fee5c48eb807d650e0f7d4b0040dfed2a71c3d45937b2e7cd4f6f4f2c1a6e3
# geometry_hash 5d0df0df71782aaec874c26a36b692ed4f6abaa88cb3b0185efca2e8abd0466b
v -17.18580104 -10.72393985 0
v -11.21715305 -10.72393985 0.94545271
v -10.58532464 -10.72393985 0
v -11.63149429 -10.72393985 2.42641023
v -11.8523516 -10.72393985 3.57647059
v -11.34141508 -7.41018628 0
v -12.03078904 -7.29450814 0.99206719
v -12.6161589 -6.84184737 3.57647059
v -11.63149429 -10.72393985 4.72653095
v -11.21715305 -10.72393985 6.20748846
v -12.03078904 -7.29450814 6.16087399
v -11.69247633 -3.73505278 0
v -17.18580104 -0.0687432 7.6
v -11.67524003 -0.0687432 7.6
v -10.21787821 -10.72393985 7.70277911
v -9.17235101 -10.72393985 8.85844927
v -10.21787821 -7.59871771 8.76980535
v -17.18580104 -10.72393985 15.2
v -16.54809154 -0.03055254 7.60535909
v -15.93623887 -0.03055254 7.60535909
v -15.32438621 -0.03055254 7.60535909
v -14.71447568 -0.03055254 7.60535909
v -14.10262301 -0.03055254 7.60535909
v -13.49077035 -0.03055254 7.60535909
v -12.88085982 -0.03055254 7.60535909
v -12.26900716 -0.03055254 7.60535909
v -11.65715449 -0.03055254 7.60535909
v -11.63843642 -0.0687432 7.66386556
v -11.62037684 -0.03055254 7.66919086
v -11.60163281 -0.0687432 7.72773112
v -11.58359919 -0.03055254 7.73302263
v -11.5648292 -0.0687432 7.79159668
v -11.54693827 -0.03055254 7.79668556
v -11.52802558 -0.0687432 7.85546224
v -11.51016062 -0.03055254 7.86051734
v -11.49122197 -0.0687432 7.9193278
v -11.47338297 -0.03055254 7.92434911
v -11.45441836 -0.0687432 7.98319336
v -11.43672206 -0.03055254 7.98801204
v -11.41761475 -0.0687432 8.04705892
v -11.3999444 -0.03055254 8.05184381
v -11.38081113 -0.0687432 8.11092448
v -11.36316675 -0.03055254 8.11567558
v -11.34400752 -0.0687432 8.17479004
v -11.33507391 -0.0687432 8.1878557
v -11.3203957 -0.03055254 8.18994898
v -11.32614029 -0.0687432 8.20092135
v -11.31720668 -0.0687432 8.21398701
v -11.30827306 -0.0687432 8.22705266
v -11.29933945 -0.0687432 8.24011831
v -11.31146838 -0.03055254 8.20300773
v -11.30254107 -0.03055254 8.21606647
v -11.29364209 -0.03055254 8.22909067
v -11.28471478 -0.03055254 8.24214941
v -11.28147222 -0.0687432 8.26624962
v -11.29040583 -0.0687432 8.25318397
v -11.2725386 -0.0687432 8.27931527
v -11.26360499 -0.0687432 8.29238093
v -11.27578747 -0.03055254 8.25520815
v -11.26688849 -0.03055254 8.26823235
v -11.25796118 -0.03055254 8.28129109
v -11.24903386 -0.03055254 8.29434983
v -11.04304292 -0.0687432 8.49899074
v -11.02862738 -0.03055254 8.50085034
v -10.82248085 -0.0687432 8.70560055
v -10.80822089 -0.03055254 8.70735085
v -10.60191879 -0.0687432 8.91221036
v -10.58851402 -0.03055254 8.91330513
v -10.38135672 -0.0687432 9.11882017
v -10.36810753 -0.03055254 9.11980564
v -10.16079466 -0.0687432 9.32542998
v -10.14770105 -0.03055254 9.32630614
v -9.94023259 -0.0687432 9.53203979
v -9.92799417 -0.03055254 9.53226042
v -9.71967053 -0.0687432 9.7386496
v -9.70758769 -0.03055254 9.73876093
v -9.49910846 -0.0687432 9.94525941
v -9.4871812 -0.03055254 9.94526144
v -9.2785464 -0.0687432 10.15186923
v -9.26403033 -0.0687432 10.16230319
v -9.24951426 -0.0687432 10.17273716
v -9.2349982 -0.0687432 10.18317113
v -9.22048213 -0.0687432 10.1936051
v -9.20596606 -0.0687432 10.20403907
v -9.25744551 -0.03055254 10.16061679
v -9.24293968 -0.03055254 10.17104523
v -9.22843385 -0.03055254 10.18147368
v -9.21397407 -0.03055254 10.19187455
v -9.19946824 -0.03055254 10.202303
v -9.19145 -0.0687432 10.21447304
v -9.17693393 -0.0687432 10.22490701
v -9.16241786 -0.0687432 10.23534098
v -9.14790179 -0.0687432 10.24577495
v -9.18496241 -0.03055254 10.21273145
v -9.17050263 -0.03055254 10.22313231
v -9.1559968 -0.03055254 10.23356076
v -9.14149097 -0.03055254 10.24398921
v -8.86045972 -0.0687432 10.40431223
v -8.84209359 -0.03055254 10.40923718
v -17.18580104 -0.0687432 15.2
v -11.4572007 -0.0687432 15.2
v -9.54766725 -0.0687432 15.2
v -7.34845519 -10.72393985 10.16944302
v -5.74065045 -10.72393985 10.92095504
v -7.22513097 -7.59871771 10.92095504
v -3.66035498 -10.72393985 11.63922143
v -1.60000021 -10.72393985 11.93704479
v -3.59550345 -7.29450814 12.22405291
v -8.57301764 -0.0687432 10.56284952
v -8.55485426 -0.03055254 10.56769059
v -8.28557556 -0.0687432 10.7213868
v -8.26761494 -0.03055254 10.72614401
v -7.99813348 -0.0687432 10.87992409
v -7.98128736 -0.03055254 10.88417828
v -7.85441244 -0.0687432 10.95919273
v -7.7106914 -0.0687432 11.03846137
v -7.69404804 -0.03055254 11.0426317
v -7.42324932 -0.0687432 11.19699865
v -7.40680872 -0.03055254 11.20108511
v -7.13580724 -0.0687432 11.35553594
v -7.12048114 -0.03055254 11.35911939
v -6.84836516 -0.0687432 11.51407322
v -6.83324182 -0.03055254 11.5175728
v -6.56092308 -0.0687432 11.6726105
v -6.54274573 -0.0687432 11.67903188
v -6.52456838 -0.0687432 11.68545325
v -6.54600249 -0.03055254 11.67602621
v -6.52783797 -0.03055254 11.68244419
v -6.50639103 -0.0687432 11.69187462
v -6.50967344 -0.03055254 11.68886216
v -6.49156657 -0.03055254 11.69526316
v -6.48821368 -0.0687432 11.69829599
v -6.45185898 -0.0687432 11.71113874
v -6.47003633 -0.0687432 11.70471736
v -6.47340204 -0.03055254 11.70168113
v -6.45523751 -0.03055254 11.70809911
v -6.43368163 -0.0687432 11.71756011
v -6.41550428 -0.0687432 11.72398148
v -6.39732693 -0.0687432 11.73040285
v -6.43713064 -0.03055254 11.71450011
v -6.41896612 -0.03055254 11.72091808
v -6.40080159 -0.03055254 11.72733606
v -6.0632076 -0.0687432 11.82988073
v -6.05214595 -0.03055254 11.83121527
v -5.72908827 -0.0687432 11.92935861
v -5.7182623 -0.03055254 11.93064052
v -5.39496894 -0.0687432 12.02883648
v -5.38437865 -0.03055254 12.03006577
v -5.06084962 -0.0687432 12.12831436
v -5.05155481 -0.03055254 12.12922803
v -4.72673029 -0.0687432 12.22779224
v -4.71767116 -0.03055254 12.22865328
v -4.39261096 -0.0687432 12.32727012
v -4.38378751 -0.03055254 12.32807853
v -7.6381338 -0.0687432 15.2
v -5.72860035 -0.0687432 15.2
v -4.05849163 -0.0687432 12.42674799
v -4.05096367 -0.03055254 12.42724078
v -3.7243723 -0.0687432 12.52622587
v -3.71708002 -0.03055254 12.52666603
v -3.39025297 -0.0687432 12.62570375
v -3.37102758 -0.0687432 12.62782661
v -3.38319637 -0.03055254 12.62609128
v -3.36398455 -0.03055254 12.62821302
v -3.35180219 -0.0687432 12.62994948
v -3.3325768 -0.0687432 12.63207234
v -3.31335142 -0.0687432 12.6341952
v -3.29412603 -0.0687432 12.63631807
v -3.34477272 -0.03055254 12.63033477
v -3.32562188 -0.03055254 12.63245089
v -3.30641005 -0.03055254 12.63457263
v -3.27490064 -0.0687432 12.63844093
v -3.23644987 -0.0687432 12.64268666
v -3.25567525 -0.0687432 12.64056379
v -3.28719822 -0.03055254 12.63669437
v -3.26804738 -0.03055254 12.6388105
v -3.22962372 -0.03055254 12.64305398
v -3.24883555 -0.03055254 12.64093224
v -3.21722448 -0.0687432 12.64480952
v -2.85975509 -0.0687432 12.67863692
v -2.85547013 -0.03055254 12.67848525
v -2.5022857 -0.0687432 12.71246431
v -2.4982529 -0.03055254 12.71229475
v -2.14481632 -0.0687432 12.74629171
v -2.14103566 -0.03055254 12.74610425
v -1.78734693 -0.0687432 12.7801191
v -1.7849523 -0.03055254 12.77982432
v -1.42987755 -0.0687432 12.8139465
v -1.42773507 -0.03055254 12.81363381
v -1.07240816 -0.0687432 12.84777389
v -1.07051783 -0.03055254 12.84744331
v -0.71493877 -0.0687432 12.88160129
v -0.71443447 -0.03055254 12.88116338
v -0.35746939 -0.0687432 12.91542868
v -0.35721724 -0.03055254 12.91497288
v -3.8190669 -0.0687432 15.2
v -1.90953345 -0.0687432 15.2
v -13.06120879 0.27497282 3.57647059
v -11.95540169 0.27497282 0
v -12.6161589 0.27497282 1.14661649
v -11.69247633 4.28499842 0
v -12.6161589 0.27497282 6.00632468
v -11.69777646 0.27497282 7.6
v -11.54002124 2.68098818 7.6
v -17.18580104 10.58645344 0
v -11.34141508 7.96013191 0
v -12.03078904 7.84445377 0.99206719
v -12.6161589 7.391793 3.57647059
v -10.7421742 10.58645344 0
v -11.38024696 10.58645344 0.95479662
v -11.71153321 10.58645344 2.13889514
v -11.98760485 10.58645344 3.57647059
v -17.18580104 10.58645344 7.6
v -12.03078904 7.84445377 6.16087399
v -11.03076 8.01226037 7.6
v -11.71153321 10.58645344 5.01404604
v -11.38024696 10.58645344 6.19814456
v -10.56225872 10.06558323 7.6
v -10.58089954 10.44896703 7.20516091
v -10.58089954 10.72393985 7.20516091
v -10.30592673 10.44896703 7.20516091
v -10.30592673 10.72393985 7.20516091
v -10.58089954 10.44896703 7.44120985
v -10.58089954 10.44896703 7.6
v -10.47478305 10.44896703 7.6
v -10.58089954 10.58645344 7.39426867
v -10.58089954 10.58645344 7.6
v -16.33624327 0.2367825 7.64277349
v -16.2586367 1.11516753 7.76448325
v -16.2586367 1.11516753 8.52696997
v -15.9112652 0.00763813 7.61071463
v -15.70260032 0.27497317 7.64810422
v -15.29984443 0.00763813 7.61071463
v -15.27532204 0.0458288 7.61606663
v -15.06984054 0.31316384 7.6534314
v -15.49522732 0.54230821 7.68532009
v -16.2586367 1.11516753 9.35756553
v -15.42880963 1.42069324 7.80637756
v -15.35612459 2.29907827 7.92555968
v -15.35612459 2.29907827 8.67533312
v -15.35612459 2.29907827 9.42510656
v -14.69036442 0.00763813 7.61071463
v -14.66627256 0.0458288 7.61606663
v -14.64412225 0.08401947 7.62141508
v -14.86565092 0.58049888 7.69062246
v -14.08088442 0.00763813 7.61071463
v -14.05722307 0.0458288 7.61606663
v -14.03550328 0.08401947 7.62141508
v -14.01380017 0.12221014 7.62675999
v -14.45530404 0.35135451 7.65875503
v -14.25421152 0.61868955 7.69592128
v -14.6627532 0.84783392 7.72763981
v -14.05441089 0.88602459 7.73291381
v -13.46946364 0.00763813 7.61071463
v -13.44817358 0.0458288 7.61606663
v -13.42688432 0.08401947 7.62141508
v -13.82813663 0.38954518 7.66407513
v -13.64363064 0.65688022 7.70121656
v -13.40561172 0.12221014 7.62675999
v -13.3843558 0.16040081 7.63210135
v -13.20184694 0.42773585 7.66939167
v -13.44692709 0.92421526 7.73818427
v -13.869961 1.15335963 7.76973264
v -13.02049561 0.69507089 7.70650829
v -13.26556415 1.1915503 7.77497828
v -14.60752438 1.72621895 7.84804498
v -14.54602822 2.60460398 7.9665748
v -13.08535106 1.45888534 7.81159858
v -13.85411339 2.03174466 7.88948552
v -13.08000691 2.33727037 7.93069916
v -16.2586367 1.11516753 10.18816108
v -16.2586367 1.11516753 10.9506478
v -15.35612459 2.29907827 10.24185323
v -15.35612459 2.29907827 10.99162667
v -14.47826471 3.48298901 8.08322928
v -13.80280467 2.91012969 8.00736304
v -13.06742629 3.2156554 8.0479244
v -13.74522859 3.78851472 8.12336522
v -14.47826471 3.48298901 8.82028944
v -13.62505705 4.66689975 8.23749205
v -13.02003765 4.09404043 8.16327428
v -12.91040187 4.97242546 8.27674881
v -13.62505705 4.66689975 8.89713692
v -14.47826471 3.48298901 9.5573496
v -14.47826471 3.48298901 10.29440976
v -14.47826471 3.48298901 11.03146992
v -13.62505705 4.66689975 9.6214838
v -13.62505705 4.66689975 10.34583068
v -13.62505705 4.66689975 11.00547556
v -12.85998363 0.00763813 7.61071463
v -12.8391241 0.0458288 7.61606663
v -12.82020338 0.08401947 7.62141508
v -12.79935993 0.12221014 7.62675999
v -12.77853316 0.16040081 7.63210135
v -12.75964115 0.19859148 7.63743917
v -12.59373808 0.46592652 7.67470467
v -12.25050363 0.00763813 7.61071463
v -12.23007461 0.0458288 7.61606663
v -12.21158441 0.08401947 7.62141508
v -12.19310814 0.12221014 7.62675999
v -12.17271052 0.16040081 7.63210135
v -12.15424766 0.19859148 7.63743917
v -12.13579875 0.23678215 7.64277344
v -11.97302164 0.50411719 7.68001413
v -12.84030182 0.96240593 7.74345119
v -12.41545514 0.73326156 7.71179647
v -12.66202583 1.22974097 7.78022038
v -12.23832973 1.0005966 7.74871456
v -12.07639028 1.26793164 7.78545894
v -11.63908285 0.00763813 7.61071463
v -11.62102512 0.0458288 7.61606663
v -11.60233116 0.00763813 7.67451262
v -11.58441597 0.0458288 7.67966216
v -11.60296545 0.08401947 7.62141508
v -11.5849197 0.12221014 7.62675999
v -11.56688788 0.16040081 7.63210135
v -11.56638217 0.08401947 7.68497692
v -11.5483623 0.12221014 7.69028813
v -11.56569613 0.00763813 7.73814185
v -11.54780681 0.0458288 7.74325769
v -11.54885417 0.19859148 7.63743917
v -11.53047268 0.16040081 7.69542739
v -11.52906109 0.00763813 7.80177108
v -11.51119765 0.0458288 7.80685323
v -11.52979889 0.08401947 7.74853875
v -11.5119213 0.12221014 7.75364778
v -11.49405749 0.16040081 7.75875343
v -11.4933321 0.08401947 7.81193201
v -11.47548031 0.12221014 7.81700743
v -11.45764229 0.16040081 7.82207948
v -11.53083441 0.23678215 7.64277344
v -11.51246477 0.19859148 7.7007316
v -11.4944708 0.23678215 7.70603226
v -11.5128286 0.27497282 7.64810417
v -11.47607537 0.19859148 7.76402403
v -11.45218213 0.23678215 7.77963795
v -11.47056992 0.27497282 7.72167075
v -11.42831125 0.27497282 7.79523734
v -11.4923094 0.00763813 7.86556906
v -11.4745885 0.0458288 7.87044876
v -11.45567437 0.00763813 7.9291983
v -11.43797934 0.0458288 7.93404429
v -11.45674882 0.08401947 7.87549384
v -11.43892291 0.12221014 7.88053556
v -11.4151579 0.16040081 7.89595984
v -11.42016554 0.08401947 7.93905568
v -11.39640843 0.12221014 7.95445514
v -11.41903933 0.00763813 7.99282753
v -11.40137018 0.0458288 7.99763983
v -11.38228764 0.00763813 8.05662551
v -11.35865951 0.0458288 8.0718346
v -11.37762097 0.08401947 8.01301446
v -11.37267352 0.16040081 7.96984021
v -11.35389395 0.12221014 8.02837471
v -11.33018913 0.16040081 8.04372057
v -11.43375669 0.19859148 7.83766883
v -11.40989346 0.23678215 7.85324364
v -11.3913024 0.19859148 7.91150999
v -11.36746926 0.23678215 7.92704559
v -11.38605258 0.27497282 7.86880392
v -11.3437939 0.27497282 7.94237051
v -11.34884811 0.19859148 7.98535114
v -11.32518059 0.23678215 8.00065128
v -11.30652944 0.19859148 8.05899594
v -11.28289192 0.23678215 8.07425697
v -11.30153523 0.27497282 8.01593709
v -11.35317745 0.54230786 7.68532004
v -11.31112877 0.54230786 7.75861289
v -11.26908008 0.54230786 7.83190574
v -11.22797468 0.54230786 7.90383063
v -11.185926 0.54230786 7.97712348
v -11.14387731 0.54230786 8.05041632
v -11.33954678 0.00763813 8.1308596
v -11.31594884 0.0458288 8.14602937
v -11.33494049 0.08401947 8.08716992
v -11.31124366 0.12221014 8.10249086
v -11.28770475 0.16040081 8.11760094
v -11.29226 0.08401947 8.16132538
v -11.29680591 0.00763813 8.20509368
v -11.2878849 0.00763813 8.21814551
v -11.2789922 0.00763813 8.23116282
v -11.26872918 0.12221014 8.17641043
v -11.24522036 0.16040081 8.1914813
v -11.27009951 0.00763813 8.24418012
v -11.27323816 0.0458288 8.22022414
v -11.26435175 0.0458288 8.23323455
v -11.25546534 0.0458288 8.24624496
v -11.2611785 0.00763813 8.25723195
v -11.2522858 0.00763813 8.27024926
v -11.24339311 0.00763813 8.28326656
v -11.2344721 0.00763813 8.29631839
v -11.24657892 0.0458288 8.25925538
v -11.23769251 0.0458288 8.27226579
v -11.2288061 0.0458288 8.2852762
v -11.21991968 0.0458288 8.29828661
v -11.24971543 0.08401947 8.23528417
v -11.2408353 0.08401947 8.24828768
v -11.2262147 0.12221014 8.25033001
v -11.23195517 0.08401947 8.2612912
v -11.22310331 0.08401947 8.27426023
v -11.21734085 0.12221014 8.26332663
v -11.21422318 0.08401947 8.28726375
v -11.20849526 0.12221014 8.27628879
v -11.20534305 0.08401947 8.30026727
v -11.19964967 0.12221014 8.28925094
v -11.19077581 0.12221014 8.30224756
v -11.20273598 0.16040081 8.26536167
v -11.19389665 0.16040081 8.27831695
v -11.18505732 0.16040081 8.29127223
v -11.17621798 0.16040081 8.30422751
v -11.26407515 0.19859148 8.13283709
v -11.24046772 0.23678215 8.14805892
v -11.25927655 0.27497282 8.08950368
v -11.21701788 0.27497282 8.16307026
v -11.22162086 0.19859148 8.20667825
v -11.19817905 0.23678215 8.22166461
v -11.17930219 0.19859148 8.28032305
v -11.17046912 0.19859148 8.29327145
v -11.16163605 0.19859148 8.30621985
v -11.15589038 0.23678215 8.2952703
v -11.14706357 0.23678215 8.30821183
v -11.17475921 0.27497282 8.23663685
v -11.13250053 0.27497282 8.31020343
v -11.01422119 0.00763813 8.5027096
v -11.00052298 0.0458288 8.50402286
v -10.98610143 0.08401947 8.5058945
v -10.97168928 0.12221014 8.50776579
v -10.95798368 0.16040081 8.50909193
v -10.94355634 0.19859148 8.51097555
v -10.92913845 0.23678215 8.51285881
v -10.90551699 0.27497282 8.52350937
v -11.10277191 0.54230786 8.12234121
v -11.06072323 0.54230786 8.19563406
v -11.01867455 0.54230786 8.26892691
v -11.81126772 0.77145223 7.71708111
v -11.6372107 1.03878727 7.75397439
v -11.47832949 1.30612231 7.79069395
v -11.19454949 0.8096429 7.72236221
v -11.1527108 0.8096429 7.79538132
v -11.11181067 0.8096429 7.86703758
v -11.07091055 0.8096429 7.93869384
v -11.02907186 0.8096429 8.01171295
v -11.03694472 1.07697794 7.75923067
v -10.99624987 1.07697794 7.8306183
v -10.95555503 1.07697794 7.90200593
v -10.91486019 1.07697794 7.97339357
v -10.87416535 1.07697794 8.0447812
v -10.98817174 0.8096429 8.08336922
v -10.94727161 0.8096429 8.15502548
v -10.90543292 0.8096429 8.22804459
v -10.8334705 1.07697794 8.11616884
v -10.79277566 1.07697794 8.18755647
v -10.7946694 0.00763813 8.70855486
v -10.78112628 0.0458288 8.70975911
v -10.76685981 0.08401947 8.71152174
v -10.75330039 0.12221014 8.71273894
v -12.48489968 1.49707601 7.81681587
v -11.90226479 1.53526668 7.82202961
v -12.30892338 1.76441105 7.85323764
v -12.31408269 2.64279608 7.97168593
v -11.32046377 1.57345735 7.8272398
v -11.72928915 1.80260172 7.85842657
v -10.88112174 1.34431298 7.79592541
v -10.84063218 1.34431298 7.86704442
v -10.80014262 1.34431298 7.93816342
v -10.7605822 1.34431298 8.0079298
v -11.15048879 1.84079239 7.86361195
v -11.57127871 2.06993676 7.89464982
v -10.99546886 2.10812743 7.89981038
v -10.84145674 2.37546247 7.9358351
v -10.57448276 1.14982732 8.46076353
v -10.73974938 0.16040081 8.71395636
v -10.72547663 0.19859148 8.71573126
v -10.70199377 0.23678215 8.72627813
v -10.67853344 0.27497282 8.73681531
v -10.57511761 0.00763813 8.91440013
v -10.56172957 0.0458288 8.91549537
v -10.54831633 0.08401947 8.91660362
v -10.5349115 0.12221014 8.9177121
v -10.52151508 0.16040081 8.91882079
v -10.49817082 0.19859148 8.92926397
v -10.47484909 0.23678215 8.93969746
v -10.4515499 0.27497282 8.95012125
v -10.35486671 0.00763813 9.12079133
v -10.34233287 0.0458288 9.12123162
v -10.32907471 0.08401947 9.12223086
v -10.31582496 0.12221014 9.12323032
v -10.29331917 0.16040081 9.13303654
v -10.27013656 0.19859148 9.14336603
v -10.24697648 0.23678215 9.15368583
v -10.22456635 0.27497282 9.16342719
v -10.13531492 0.00763813 9.3266366
v -10.12293617 0.0458288 9.32696787
v -10.10983309 0.08401947 9.3278581
v -10.08746741 0.12221014 9.33755975
v -10.06512326 0.16040081 9.34725228
v -10.0421023 0.19859148 9.35746809
v -10.01983181 0.23678215 9.36710515
v -9.99758281 0.27497282 9.37673313
v -10.35119035 1.14982732 8.67147208
v -10.12789794 1.14982732 8.88218064
v -9.92099788 1.14982732 9.08001936
v -9.69770547 1.14982732 9.29072791
v -10.72631427 1.61164802 7.83244645
v -10.68602999 1.61164802 7.90329683
v -10.64667014 1.61164802 7.97279968
v -10.60731029 1.61164802 8.04230254
v -10.57252229 1.87898306 7.86879378
v -10.53336301 1.87898306 7.93803312
v -10.49420374 1.87898306 8.00727245
v -10.72009264 1.34431298 8.07904881
v -10.67960308 1.34431298 8.15016781
v -10.56702601 1.61164802 8.11315292
v -10.46351722 1.41716236 8.41970661
v -10.45504446 1.87898306 8.07651179
v -10.35313603 1.6844974 8.37904389
v -10.24415939 1.95183244 8.34216555
v -10.42049288 2.1463181 7.9049674
v -10.38153417 2.1463181 7.97394322
v -10.34257546 2.1463181 8.04291903
v -10.26947127 2.41365314 7.94096731
v -10.23071313 2.41365314 8.0096796
v -10.13386129 2.21916748 8.30495014
v -10.0241587 2.48650252 8.26810849
v -9.81411325 2.5593519 8.5306197
v -10.02892848 2.02468182 8.60853931
v -9.92082337 2.29201686 8.567702
v -9.8093272 2.02468182 8.81665048
v -9.6058473 2.02468182 9.01205046
v -9.4023674 2.02468182 9.20745044
v -9.18276612 2.02468182 9.41556161
v -9.91576313 0.00763813 9.53248187
v -9.90353947 0.0458288 9.53270412
v -9.88131389 0.08401947 9.54230122
v -9.85910985 0.12221014 9.55188919
v -9.83692736 0.16040081 9.56146803
v -9.81479649 0.19859148 9.5710008
v -9.79268713 0.23678215 9.58052448
v -9.77059926 0.27497282 9.59003907
v -9.69551222 0.00763813 9.73887307
v -9.6741281 0.0458288 9.74783149
v -9.65206469 0.08401947 9.75731459
v -9.63002282 0.12221014 9.76678857
v -9.60873145 0.16040081 9.77568378
v -9.46593869 0.00763813 9.95411443
v -9.44471674 0.0458288 9.96295885
v -9.42281549 0.08401947 9.97232797
v -9.58676224 0.19859148 9.78510286
v -9.56481452 0.23678215 9.79451285
v -9.54361571 0.27497282 9.80334502
v -9.40166526 0.12221014 9.98111801
v -9.38053554 0.16040081 9.98989952
v -9.23636516 0.00763813 10.16935578
v -9.22186957 0.00763813 10.17977871
v -9.20742 0.00763813 10.19017407
v -9.21530537 0.0458288 10.17808622
v -9.200866 0.0458288 10.18847607
v -9.19297042 0.00763813 10.20056943
v -9.17847483 0.00763813 10.21099236
v -9.18642663 0.0458288 10.19886593
v -9.17198726 0.0458288 10.20925578
v -9.19429629 0.08401947 10.18677109
v -9.17986712 0.08401947 10.19715544
v -9.16543796 0.08401947 10.20753979
v -9.17330771 0.12221014 10.19544744
v -9.15888875 0.12221014 10.20582628
v -9.15233964 0.16040081 10.20411527
v -9.35872798 0.19859148 9.99920492
v -9.33766984 0.23678215 10.00793218
v -9.31663217 0.27497282 10.01665096
v -9.16402526 0.00763813 10.22138772
v -9.14957568 0.00763813 10.23178308
v -9.13508009 0.00763813 10.24220601
v -9.15754789 0.0458288 10.21964564
v -9.14310852 0.0458288 10.23003549
v -9.15105474 0.08401947 10.2178966
v -9.13662558 0.08401947 10.22828095
v -9.14451571 0.12221014 10.2161776
v -9.13014267 0.12221014 10.22652892
v -9.13797677 0.16040081 10.21446109
v -9.13142217 0.19859148 10.21273763
v -9.12866915 0.0458288 10.24042534
v -9.12219642 0.08401947 10.23866529
v -9.11572371 0.12221014 10.23690776
v -9.1236139 0.16040081 10.22480692
v -9.10925103 0.16040081 10.23515275
v -9.11706947 0.19859148 10.22307796
v -9.10271678 0.19859148 10.2334183
v -9.11052516 0.23678215 10.2213515
v -9.09618264 0.23678215 10.23168635
v -9.08964862 0.27497282 10.2299569
v -8.83589404 0.00763813 10.40736651
v -8.82969444 0.0458288 10.40549838
v -8.82438439 0.08401947 10.40321329
v -8.81812235 0.12221014 10.40136852
v -8.81186034 0.16040081 10.39952627
v -8.80648608 0.19859148 10.39726771
v -8.80016194 0.23678215 10.39544876
v -8.79383791 0.27497282 10.3936323
v -9.47441306 1.14982732 9.50143647
v -9.267513 1.14982732 9.69927519
v -9.04422059 1.14982732 9.90998374
v -8.82092817 1.14982732 10.1206923
v -8.97928622 2.02468182 9.61096159
v -8.77580633 2.02468182 9.80636157
v -12.31200552 3.52118111 8.08825886
v -11.61462818 2.94832179 8.0124458
v -10.89462425 3.2538475 8.0529788
v -11.62205303 3.82670682 8.12836644
v -12.30269187 4.39956614 8.20295645
v -12.20359186 5.27795117 8.31577869
v -10.93958615 4.13223253 8.16824714
v -11.6222414 4.70509185 8.24241173
v -10.94927653 5.01061756 8.28164013
v -10.11945747 2.68098818 7.9767935
v -9.77868835 3.27335175 8.05555865
v -9.91585919 2.75383756 8.23499203
v -9.70797907 2.82668694 8.49390578
v -9.80627871 3.0211726 8.20152617
v -9.6973049 3.28850764 8.16841363
v -10.18244302 3.55937321 8.0932849
v -9.60055545 3.09402198 8.45686361
v -9.49452534 3.36135702 8.42351729
v -9.38908234 3.62869206 8.39051889
v -9.44314624 3.86571533 8.13347091
v -9.36274489 3.88087122 8.2453501
v -9.28239037 3.8960271 8.35717992
v -9.49583767 2.89953632 8.75353079
v -9.29577793 2.89953632 8.94649203
v -9.39139407 3.16687136 8.71624454
v -9.09571819 2.89953632 9.13945327
v -8.89565846 2.89953632 9.33241451
v -9.28752641 3.4342064 8.67932667
v -9.18423471 3.70154144 8.64277716
v -9.080474 3.96887648 8.60920096
v -8.99162481 3.77439083 8.88937368
v -8.79498523 3.77439083 9.07989618
v -8.59834565 3.77439083 9.27041868
v -10.23722295 4.43775824 8.20790095
v -9.84278248 4.15173678 8.17078535
v -10.28379727 5.31614326 8.32064165
v -9.898671 5.03012181 8.2841367
v -9.11283113 4.45807891 8.2105303
v -9.03341188 4.47323479 8.32143369
v -8.95403947 4.48839068 8.43228772
v -8.8747139 4.50354656 8.54309237
v -9.50834895 4.74410036 8.24743292
v -9.1550595 5.33646394 8.32322761
v -8.79278796 5.05044249 8.2867368
v -8.71843891 5.06559837 8.3917109
v -8.64004578 5.08075426 8.50159025
v -8.9773004 4.23621152 8.5759727
v -8.88994063 4.04172587 8.85228966
v -8.78883241 4.30906091 8.81557401
v -8.68907902 4.57639595 8.7824901
v -8.69559872 2.89953632 9.52537575
v -16.2586367 1.11516753 11.78124336
v -16.2586367 1.11516753 12.61183892
v -15.35612459 2.29907827 11.74140011
v -15.35612459 2.29907827 12.55814677
v -16.2586367 1.11516753 13.37432564
v -16.2586367 1.11516753 14.20492119
v -16.2586367 1.11516753 15.03551675
v -15.35612459 2.29907827 13.30792021
v -15.35612459 2.29907827 14.05769365
v -15.35612459 2.29907827 14.87444032
v -14.39085838 1.11516753 15.03551675
v -13.5301014 2.29907827 14.87444032
v -14.47826471 3.48298901 11.76853008
v -14.47826471 3.48298901 12.50559024
v -14.47826471 3.48298901 13.2426504
v -13.62505705 4.66689975 11.72982244
v -13.62505705 4.66689975 12.45416932
v -13.62505705 4.66689975 13.11381419
v -14.47826471 3.48298901 13.97971056
v -14.47826471 3.48298901 14.71677072
v -13.62505705 4.66689975 13.83816107
v -13.62505705 4.66689975 14.56250795
v -12.52308007 1.11516753 15.03551675
v -10.83909113 1.11516753 15.03551675
v -11.8837589 2.29907827 14.87444032
v -8.97131282 1.11516753 15.03551675
v -10.23741639 2.29907827 14.87444032
v -12.86956863 3.48298901 14.71677072
v -11.26087255 3.48298901 14.71677072
v -12.0540074 4.66689975 14.56250795
v -9.65217647 3.48298901 14.71677072
v -10.48295775 4.66689975 14.56250795
v -9.08337137 4.66689975 14.56250795
v -12.79650163 5.85081049 8.388348
v -12.10022738 6.1563362 8.42672558
v -11.55991015 5.58347688 8.35458168
v -10.89679563 5.88900259 8.39315778
v -11.46607999 6.46186191 8.46487627
v -12.79650163 5.85081049 9.0364152
v -11.99259843 7.03472123 8.53579712
v -10.83908112 6.76738762 8.50280008
v -11.99259843 7.03472123 9.17228665
v -11.36798537 7.34024694 8.57329552
v -10.75052082 7.64577264 8.61056703
v -9.92255365 5.90850684 8.39561271
v -10.24116671 6.19452829 8.431507
v -9.54140446 5.62248539 8.35951958
v -8.83632723 5.92882752 8.39816942
v -9.18995035 6.21484897 8.43404958
v -9.56712245 6.50087042 8.46973089
v -9.88246784 6.78689187 8.50521337
v -10.19330255 7.07291332 8.540497
v -9.21750367 7.093234 8.54299619
v -8.87252897 6.80721255 8.50772669
v -9.83714844 7.6652769 8.61293867
v -10.14020479 7.95129835 8.64761165
v -9.5295814 7.37925545 8.57806685
v -9.1597266 7.97161903 8.65006746
v -8.87847108 7.68559757 8.61540861
v -12.79650163 5.85081049 9.6844824
v -12.79650163 5.85081049 10.396116
v -12.79650163 5.85081049 11.0441832
v -11.99259843 7.03472123 9.80877618
v -11.99259843 7.03472123 10.44526571
v -11.99259843 7.03472123 11.08175524
v -11.21334747 8.21863197 8.67983941
v -11.21334747 8.21863197 9.24345609
v -10.21787821 8.36256181 8.69677525
v -10.60576557 8.52415767 8.71645863
v -9.76409732 8.54366193 8.71878863
v -10.00533219 8.82968338 8.75285096
v -9.4641673 8.25764048 8.68452747
v -8.82344108 8.5639826 8.72121519
v -9.3943877 9.13602551 8.78911273
v -9.09758401 8.85000406 8.75526338
v -10.30592673 10.5051501 7.83349025
v -10.58089954 10.44896703 7.99483909
v -10.58089954 10.72393985 7.99483909
v -10.30592673 10.44896703 7.85267251
v -10.30592673 10.44896703 7.99483909
v -10.21787821 10.58645344 7.937485
v -10.30592673 10.72393985 7.99483909
v -10.45874873 9.4025427 8.82047488
v -9.868198 9.70806841 8.85621491
v -10.45874873 9.4025427 9.37364949
v -9.72880223 10.58645344 8.95770352
v -9.63320565 9.42204696 8.82276324
v -9.26747696 10.01441054 8.89182265
v -8.76404556 9.44236763 8.82514641
v -9.03107592 9.72838909 8.85858395
v -8.83780558 10.01441054 8.89182265
v -9.5000524 10.30043199 8.92486251
v -9.30470951 10.58645344 8.95770352
v -9.29052347 10.58645344 8.98180406
v -9.07317035 10.30043199 8.92486251
v -8.6462883 10.30043199 8.92486251
v -8.88061678 10.58645344 8.95770352
v -8.86643075 10.58645344 8.98180406
v -8.85224472 10.58645344 9.0059046
v -11.21334747 8.21863197 9.86836795
v -11.21334747 8.21863197 10.4932798
v -11.21334747 8.21863197 11.05689648
v -10.45874873 9.4025427 9.92682411
v -9.72880223 10.58645344 9.50043607
v -9.72880223 10.58645344 10.04316862
v -9.29052347 10.58645344 9.52453661
v -8.85224472 10.58645344 9.54863715
v -9.29052347 10.58645344 10.06726916
v -8.85224472 10.58645344 10.0913697
v -10.45874873 9.4025427 10.54015829
v -10.45874873 9.4025427 11.09333291
v -9.72880223 10.58645344 10.58590117
v -9.72880223 10.58645344 11.12863372
v -9.29052347 10.58645344 10.61000171
v -8.85224472 10.58645344 10.63410225
v -9.29052347 10.58645344 11.15273426
v -8.85224472 10.58645344 11.1768348
v -12.79650163 5.85081049 11.6922504
v -12.79650163 5.85081049 12.403884
v -12.79650163 5.85081049 13.0519512
v -11.99259843 7.03472123 11.71824476
v -11.99259843 7.03472123 12.35473429
v -11.99259843 7.03472123 12.99122382
v -12.79650163 5.85081049 13.7000184
v -12.79650163 5.85081049 14.411652
v -11.2630984 5.85081049 14.411652
v -11.99259843 7.03472123 13.62771335
v -11.99259843 7.03472123 14.26420288
v -9.89704974 5.85081049 14.411652
v -10.6600875 7.03472123 14.26420288
v -9.32757656 7.03472123 14.26420288
v -11.21334747 8.21863197 11.68180834
v -11.21334747 8.21863197 12.3067202
v -11.21334747 8.21863197 12.87033687
v -10.45874873 9.4025427 11.64650752
v -10.45874873 9.4025427 12.25984171
v -9.72880223 10.58645344 11.67136628
v -9.72880223 10.58645344 12.21409883
v -9.29052347 10.58645344 11.69546681
v -8.85224472 10.58645344 11.71956735
v -9.29052347 10.58645344 12.23819937
v -8.85224472 10.58645344 12.2622999
v -10.45874873 9.4025427 12.81301632
v -9.72880223 10.58645344 12.75683138
v -9.72880223 10.58645344 13.29956393
v -9.29052347 10.58645344 12.78093192
v -8.85224472 10.58645344 12.80503245
v -8.80094703 10.58645344 12.8694081
v -8.74964933 10.58645344 12.93378374
v -8.61875554 10.58645344 13.04060184
v -11.21334747 8.21863197 13.49524873
v -11.21334747 8.21863197 14.12016059
v -9.91437425 8.21863197 14.12016059
v -8.61540104 8.21863197 14.12016059
v -10.45874873 9.4025427 13.36619093
v -10.45874873 9.4025427 13.97952512
v -9.72880223 10.58645344 13.84229648
v -9.19331324 9.4025427 13.97952512
v -9.29052347 10.58645344 13.32366447
v -9.23922578 10.58645344 13.38804011
v -9.10833199 10.58645344 13.49485821
v -9.02944674 10.58645344 13.53672056
v -8.87724098 10.58645344 13.59638517
v -8.77362319 10.58645344 13.61339016
v -8.6478242 10.58645344 13.62756096
v -8.52261496 1.14982732 10.33957107
v -8.52562102 0.08401947 10.56819885
v -8.52052099 0.12221014 10.56582928
v -8.51446964 0.16040081 10.56389979
v -8.53670799 0.00763813 10.57252701
v -8.53071973 0.0458288 10.57057141
v -8.50930605 0.19859148 10.561554
v -8.50414123 0.23678215 10.55921117
v -8.49802719 0.27497282 10.55730771
v -8.24967142 0.00763813 10.73089655
v -8.23174501 0.0458288 10.73564444
v -8.22685764 0.08401947 10.73318442
v -8.22196895 0.12221014 10.73072738
v -8.21707895 0.16040081 10.72827332
v -8.21212602 0.19859148 10.72584029
v -8.20717186 0.23678215 10.72341022
v -8.20221647 0.27497282 10.72098311
v -7.96354596 0.00763813 10.88884718
v -7.94582166 0.0458288 10.89351142
v -7.92436759 0.12221014 10.89518814
v -7.92904562 0.08401947 10.89773242
v -7.91968825 0.16040081 10.89264684
v -7.91589532 0.19859148 10.8896897
v -7.91115116 0.23678215 10.88717263
v -7.90640576 0.27497282 10.88465852
v -7.6774205 0.00763813 11.04679781
v -7.65989831 0.0458288 11.0513784
v -7.64332438 0.08401947 11.05551574
v -7.62676624 0.12221014 11.0596489
v -7.62229756 0.16040081 11.05702036
v -7.61871529 0.19859148 11.05397599
v -7.61513045 0.23678215 11.05093503
v -7.61059504 0.27497282 11.04833392
v -8.23161463 1.14982732 10.50125343
v -7.94061429 1.14982732 10.66293579
v -7.67097688 1.14982732 10.81474278
v -7.39038393 0.00763813 11.20516735
v -7.37397497 0.0458288 11.20924538
v -7.35760314 0.08401947 11.21329907
v -7.34124711 0.12221014 11.21734858
v -7.32490686 0.16040081 11.22139389
v -7.32153526 0.19859148 11.21826227
v -7.31816108 0.23678215 11.21513409
v -7.31478433 0.27497282 11.21200933
v -7.10425847 0.00763813 11.36311798
v -7.08805162 0.0458288 11.36711236
v -7.07279173 0.08401947 11.37066393
v -7.05663716 0.12221014 11.37463001
v -7.04049838 0.16040081 11.37859189
v -7.02530456 0.19859148 11.38211169
v -7.02214037 0.23678215 11.3788965
v -7.01897361 0.27497282 11.37568473
v -7.37997655 1.14982732 10.97642514
v -7.08897621 1.14982732 11.1381075
v -6.8193388 1.14982732 11.28991449
v -8.55620505 2.02468182 10.01447274
v -8.2628231 2.02468182 10.23065341
v -7.96944115 2.02468182 10.44683409
v -7.68325119 2.02468182 10.6065234
v -7.41807103 2.02468182 10.75645908
v -7.15289086 2.02468182 10.90639476
v -6.8667009 2.02468182 11.06608408
v -6.60152073 2.02468182 11.21601975
v -6.33634057 2.02468182 11.36595543
v -8.4172855 3.77439083 9.44854728
v -8.49930443 4.64924533 9.02259519
v -8.30608501 4.64924533 9.21067895
v -8.12817405 4.64924533 9.38652745
v -8.58809179 4.84373099 8.74906978
v -8.40037969 4.91658037 8.9857134
v -8.56169949 5.09591014 8.61142023
v -8.48769165 5.11106603 8.71599739
v -8.30280022 5.18391541 8.95243399
v -8.49553898 2.89953632 9.71833699
v -8.29547924 2.89953632 9.91129823
v -8.00702856 2.89953632 10.1247808
v -7.71857787 2.89953632 10.33826338
v -8.22064592 3.77439083 9.63906978
v -8.02400634 3.77439083 9.82959228
v -7.76294971 3.77439083 10.02666477
v -7.47943029 3.77439083 10.23744924
v -7.19591087 3.77439083 10.44823372
v -7.43012719 2.89953632 10.55174595
v -7.16940426 2.89953632 10.69981032
v -6.90868133 2.89953632 10.84787468
v -6.64795841 2.89953632 10.99593905
v -6.93485423 3.77439083 10.64530621
v -6.67858854 3.77439083 10.79149926
v -7.95026309 4.64924533 9.56237596
v -7.75704367 4.64924533 9.75045972
v -7.5005276 4.64924533 9.94500963
v -7.24401153 4.64924533 10.13955953
v -6.96542338 4.64924533 10.34764591
v -6.70890731 4.64924533 10.54219582
v -6.45239124 4.64924533 10.73674573
v -6.38723548 2.89953632 11.14400342
v -6.12651255 2.89953632 11.29206778
v -6.42232285 3.77439083 10.93769232
v -6.18636068 3.77439083 11.0743752
v -5.93009499 3.77439083 11.22056826
v -5.6738293 3.77439083 11.36676131
v -6.20058279 4.64924533 10.88106747
v -5.96872471 4.64924533 11.01600077
v -5.73686663 4.64924533 11.15093408
v -5.48505818 4.64924533 11.29525582
v -6.81813301 0.00763813 11.52106861
v -6.80212827 0.0458288 11.52497934
v -6.78707049 0.08401947 11.52844726
v -6.77202721 0.12221014 11.53191144
v -6.7560899 0.16040081 11.5357899
v -6.74109755 0.19859148 11.53922626
v -6.72611967 0.23678215 11.5426589
v -6.7231629 0.27497282 11.53936014
v -6.53109644 0.00763813 11.67943815
v -6.51294473 0.00763813 11.68585273
v -6.51620492 0.0458288 11.68284632
v -6.49485065 0.00763813 11.69225034
v -6.49812361 0.0458288 11.68924054
v -6.4800423 0.0458288 11.69563476
v -6.47675656 0.00763813 11.69864795
v -6.45860485 0.00763813 11.70506252
v -6.461961 0.0458288 11.70202898
v -6.50134925 0.08401947 11.68623059
v -6.48328073 0.08401947 11.69262143
v -6.48650809 0.12221014 11.68961112
v -6.46845234 0.12221014 11.69599857
v -6.47168142 0.16040081 11.6929879
v -6.4652122 0.08401947 11.69901226
v -6.44720121 0.08401947 11.70538614
v -6.45045409 0.12221014 11.70236907
v -6.45369591 0.16040081 11.69935503
v -6.45689054 0.19859148 11.69634084
v -6.52833847 1.14982732 11.45159685
v -6.44051076 0.00763813 11.71146013
v -6.42241668 0.00763813 11.71785774
v -6.40426497 0.00763813 11.72427232
v -6.44387969 0.0458288 11.70842321
v -6.42579838 0.0458288 11.71481743
v -6.40771707 0.0458288 11.72121165
v -6.42913268 0.08401947 11.71177698
v -6.43245584 0.12221014 11.70873958
v -6.4144001 0.12221014 11.71512702
v -6.41106416 0.08401947 11.71816781
v -6.4357104 0.16040081 11.70572215
v -6.41772489 0.16040081 11.71208928
v -6.43891777 0.19859148 11.70270459
v -6.420945 0.19859148 11.70906833
v -6.44211412 0.23678215 11.69969005
v -6.42415409 0.23678215 11.70605042
v -6.42735218 0.27497282 11.70303554
v -6.05585544 0.00763813 11.82809655
v -6.05955365 0.0458288 11.8249809
v -6.07140609 0.16040081 11.81541879
v -6.06425471 0.08401947 11.82160701
v -6.06783597 0.12221014 11.81851138
v -6.07597704 0.19859148 11.81206838
v -6.07943068 0.23678215 11.80899578
v -6.0828733 0.27497282 11.8059262
v -5.7074459 0.00763813 11.93192079
v -5.71139022 0.0458288 11.92875014
v -5.71633739 0.08401947 11.92532127
v -5.72127185 0.12221014 11.92189573
v -5.72508729 0.16040081 11.91874831
v -5.72990357 0.19859148 11.91534306
v -5.73470727 0.23678215 11.91194113
v -5.73839443 0.27497282 11.90881686
v -5.37379793 0.00763813 12.03129341
v -5.37360064 0.12221014 12.02555501
v -5.37876849 0.16040081 12.02207783
v -5.38383009 0.19859148 12.01861774
v -5.38887911 0.23678215 12.01516097
v -5.39391556 0.27497282 12.01170752
v -6.23733813 1.14982732 11.61327921
v -5.8843797 1.11602626 11.74640161
v -5.54528619 1.11602626 11.8480878
v -5.36322679 0.0458288 12.03251939
v -5.36842007 0.08401947 12.02903553
v -5.04120902 0.00763813 12.13040318
v -5.03087282 0.0458288 12.13157667
v -5.02161062 0.08401947 12.13247472
v -5.02703651 0.12221014 12.12893937
v -5.03244969 0.16040081 12.12540734
v -5.03886214 0.19859148 12.12161778
v -5.0441557 0.23678215 12.11810632
v -5.04943668 0.27497282 12.11459818
v -4.70862012 0.00763813 12.22951294
v -4.69851884 0.0458288 12.23063395
v -4.68613089 0.16040081 12.22873686
v -4.68949158 0.08401947 12.23147952
v -4.68047239 0.12221014 12.23232372
v -4.69943228 0.23678215 12.22105168
v -4.70495781 0.27497282 12.21748885
v -4.69278866 0.19859148 12.22489246
v -4.37497215 0.00763813 12.32888557
v -4.36616487 0.0458288 12.32969123
v -4.35737254 0.08401947 12.33048431
v -4.34858828 0.12221014 12.33127602
v -4.33981209 0.16040081 12.33206638
v -4.34671518 0.19859148 12.32816714
v -4.35360413 0.23678215 12.32427151
v -4.36047893 0.27497282 12.32037951
v -5.20619269 1.11602626 11.94977399
v -4.89103095 1.11602626 12.04548927
v -4.55193744 1.11602626 12.14717545
v -5.70303424 1.99088076 11.6570872
v -6.05015061 2.02468182 11.52564475
v -5.35546221 1.9570797 11.7886563
v -5.02175408 1.9570797 11.88913802
v -4.71159763 1.9570797 11.98371955
v -4.40144118 1.9570797 12.07830108
v -7.1035345 1.11516753 15.03551675
v -8.41139321 2.29907827 14.87444032
v -6.7650507 2.29907827 14.87444032
v -5.41954557 1.11516753 15.03551675
v -5.1187082 2.29907827 14.87444032
v -5.86578962 2.89953632 11.44013215
v -5.52451531 2.86573526 11.56989466
v -5.18278534 2.8319342 11.69978381
v -4.84059973 2.79813314 11.82979961
v -4.53544857 2.79813314 11.92324739
v -5.36585293 3.74058976 11.48634478
v -5.02997646 3.7067887 11.61455474
v -4.69364434 3.67298764 11.74289134
v -4.38226399 3.63918658 11.86348105
v -5.18243952 4.61544427 11.4132731
v -4.87940209 4.5816432 11.53140861
v -4.54892347 4.54784214 11.65806602
v -8.04348039 3.48298901 14.71677072
v -7.51232172 4.66689975 14.56250795
v -6.43478431 3.48298901 14.71677072
v -4.82608824 3.48298901 14.71677072
v -5.94127206 4.66689975 14.56250795
v -4.21284394 1.11602626 12.24886164
v -3.8976822 1.11602626 12.34457692
v -4.04238324 0.00763813 12.42799533
v -4.03381089 0.0458288 12.42874851
v -4.02631106 0.08401947 12.42922652
v -4.01776099 0.12221014 12.42996589
v -4.00921898 0.16040081 12.43070389
v -4.00174723 0.19859148 12.43116718
v -4.00888072 0.23678215 12.42721687
v -4.01600006 0.27497282 12.42327017
v -3.70979433 0.00763813 12.5271051
v -3.70145692 0.0458288 12.52780579
v -3.69419202 0.08401947 12.52823131
v -3.68693369 0.12221014 12.52865575
v -3.67862588 0.16040081 12.52934141
v -3.67138831 0.19859148 12.52975235
v -3.6641573 0.23678215 12.53016222
v -3.67152118 0.27497282 12.52616083
v -3.37614636 0.00763813 12.62647772
v -3.3569481 0.00763813 12.62859834
v -3.36910294 0.0458288 12.62686306
v -3.36207297 0.08401947 12.6272361
v -3.33781077 0.00763813 12.63071335
v -3.31867345 0.00763813 12.63282836
v -3.29947518 0.00763813 12.63494897
v -3.34997913 0.0458288 12.62897695
v -3.33085533 0.0458288 12.63109084
v -3.31173152 0.0458288 12.63320473
v -3.29260771 0.0458288 12.63531862
v -3.28033785 0.00763813 12.63706398
v -3.26120053 0.00763813 12.63917899
v -3.24200226 0.00763813 12.64129961
v -3.2734839 0.0458288 12.6374325
v -3.25436009 0.0458288 12.63954639
v -3.34296268 0.08401947 12.62934887
v -3.32385239 0.08401947 12.63146164
v -3.35504958 0.12221014 12.62760806
v -3.33595281 0.12221014 12.6297197
v -3.30480296 0.08401947 12.6335688
v -3.31691685 0.12221014 12.63182575
v -3.29788089 0.12221014 12.6339318
v -3.34803277 0.16040081 12.62797892
v -3.32901028 0.16040081 12.63008385
v -3.30998779 0.16040081 12.63218878
v -3.29096531 0.16040081 12.63429372
v -3.28569267 0.08401947 12.63568157
v -3.26658238 0.08401947 12.63779434
v -3.27878411 0.12221014 12.63604345
v -3.34102938 0.19859148 12.62833752
v -3.32202037 0.19859148 12.63044133
v -3.30301136 0.19859148 12.63254515
v -3.33403256 0.23678215 12.62869504
v -3.31503702 0.23678215 12.63079774
v -3.32704231 0.27497282 12.62905149
v -3.55858869 1.11602626 12.44626311
v -2.95737094 0.27497282 12.66414558
v -2.86811278 0.00763813 12.67671212
v -2.88073471 0.0458288 12.67494015
v -2.89441 0.08401947 12.67307552
v -2.906875 0.12221014 12.67130592
v -2.91931945 0.16040081 12.66953749
v -2.93281514 0.19859148 12.66767654
v -2.94510323 0.23678215 12.66591048
v -2.5476736 0.16040081 12.70478126
v -2.49422329 0.00763813 12.71212463
v -2.50710933 0.0458288 12.71033391
v -2.52104872 0.08401947 12.70845053
v -2.53496588 0.12221014 12.7065684
v -2.56143256 0.19859148 12.70290161
v -2.57516944 0.23678215 12.70102322
v -2.58769957 0.27497282 12.69923967
v -2.16186872 0.12221014 12.74192465
v -2.17602775 0.16040081 12.74002504
v -2.19004997 0.19859148 12.73812668
v -2.20405012 0.23678215 12.73622959
v -2.2180282 0.27497282 12.73433375
v -3.21949519 1.11602626 12.54794929
v -2.86556388 1.06573061 12.59315548
v -2.50132613 1.06573061 12.62786332
v -4.06773305 1.9570797 12.17878279
v -3.7575766 1.9570797 12.27336432
v -3.44742015 1.9570797 12.36794585
v -3.11371202 1.9570797 12.46842756
v -2.76539217 1.90678405 12.51306103
v -2.41639488 1.85648841 12.55775735
v -2.13725821 0.00763813 12.74591623
v -2.13348396 0.0458288 12.74572767
v -2.14768745 0.08401947 12.74382553
v -1.7814262 0.00763813 12.77961845
v -1.7779033 0.0458288 12.77941204
v -1.7899596 0.12221014 12.77718713
v -1.77551507 0.08401947 12.77910671
v -1.8043819 0.16040081 12.77526881
v -1.81985376 0.19859148 12.77325808
v -1.83411633 0.23678215 12.77134233
v -1.84835684 0.27497282 12.76942784
v -1.42559419 0.00763813 12.81332067
v -1.42232264 0.0458288 12.81309641
v -1.42018576 0.08401947 12.81277323
v -1.41805049 0.12221014 12.81244961
v -1.43273605 0.16040081 12.81051258
v -1.47868547 0.27497282 12.80452193
v -1.44847117 0.19859148 12.80848315
v -1.46418254 0.23678215 12.80645507
v -1.07708858 0.19859148 12.84370822
v -1.09306322 0.23678215 12.84166144
v -1.1090141 0.27497282 12.83961602
v -2.13708837 1.06573061 12.66257115
v -1.79701969 1.06573061 12.69536285
v -1.43278194 1.06573061 12.73007068
v -1.0686291 0.00763813 12.84711228
v -1.06674198 0.0458288 12.84678078
v -1.06485645 0.08401947 12.84643976
v -1.06297253 0.12221014 12.84609828
v -1.0610902 0.16040081 12.84575636
v -0.71279709 0.00763813 12.88081449
v -0.71116132 0.0458288 12.88046515
v -0.71065862 0.08401947 12.88001699
v -0.70902524 0.12221014 12.87965771
v -0.70739347 0.16040081 12.87929799
v -0.70689237 0.19859148 12.87883962
v -0.72312943 0.23678215 12.87677418
v -0.73934273 0.27497282 12.87471011
v -0.35696509 0.00763813 12.91451671
v -0.35558066 0.0458288 12.91414952
v -0.35532931 0.08401947 12.91368351
v -0.35507796 0.12221014 12.91321715
v -0.35369673 0.16040081 12.91283962
v -0.35344618 0.19859148 12.91236345
v -0.35319563 0.23678215 12.91188692
v -0.36967137 0.27497282 12.9098042
v -1.06854419 1.06573061 12.76477851
v -0.72847551 1.06573061 12.79757021
v -0.36423775 1.06573061 12.83227804
v -2.05759074 1.85648841 12.59207893
v -1.72259512 1.85648841 12.62450569
v -1.38759951 1.85648841 12.65693246
v -1.9795353 2.64724621 12.52285709
v -1.64961275 2.64724621 12.55491893
v -1.3196902 2.64724621 12.58698076
v -1.02879537 1.85648841 12.69125404
v -0.69379975 1.85648841 12.7236808
v -0.35880414 1.85648841 12.75610757
v -0.98976765 2.64724621 12.6190426
v -0.6598451 2.64724621 12.65110443
v -0.32992255 2.64724621 12.68316627
v -3.55176725 1.11516753 15.03551675
v -3.29268501 2.29907827 14.87444032
v -1.68398893 1.11516753 15.03551675
v -4.23029742 2.79813314 12.01669517
v -3.92514627 2.79813314 12.11014296
v -3.61999511 2.79813314 12.20359074
v -3.31484396 2.79813314 12.29703852
v -4.08211813 3.63918658 11.95579508
v -3.78197227 3.63918658 12.04810912
v -3.50461794 3.63918658 12.13466442
v -3.20447209 3.63918658 12.22697845
v -2.90432623 3.63918658 12.31929248
v -3.0096928 2.79813314 12.3904863
v -2.66698442 2.74783749 12.43454705
v -2.32359858 2.69754185 12.47867065
v -2.59335924 3.58889093 12.36004431
v -2.2556078 3.53859529 12.40359697
v -4.24295589 4.51404108 11.77707712
v -3.93656672 4.48024002 11.89620709
v -3.64142615 4.48024002 11.98738738
v -3.36869704 4.48024002 12.07287965
v -3.80490591 5.35509452 11.8103075
v -3.50350791 5.32129346 11.92797774
v -3.23540402 5.32129346 12.01240699
v -3.09596793 4.48024002 12.15837193
v -2.80082737 4.48024002 12.24955222
v -2.49503337 4.42994437 12.28976875
v -2.188614 4.37964873 12.33004411
v -2.96730013 5.32129346 12.09683625
v -2.69919624 5.32129346 12.1812655
v -2.39857523 5.27099781 12.22094674
v -1.9171789 3.48829965 12.44721248
v -1.60115999 3.43800401 12.4884547
v -1.27631051 3.43800401 12.52015161
v -0.95146102 3.43800401 12.55184851
v -0.64969897 3.43800401 12.58169325
v -0.32484948 3.43800401 12.61339016
v -2.09732885 5.22070217 12.26068679
v -1.79545709 5.17040653 12.30048567
v -1.48994 5.12011089 12.34064569
v -1.8558195 4.32935309 12.37308868
v -1.5450515 4.27905745 12.41378979
v -1.23365192 4.22876181 12.45455019
v -1.18379132 5.06981525 12.38086498
v -0.9138755 4.22876181 12.48588216
v -0.61682596 4.22876181 12.5153833
v -0.31977642 4.22876181 12.54488443
v -0.87701107 5.01951961 12.42114355
v -0.58467405 5.01951961 12.45030108
v -0.29233702 5.01951961 12.4794586
v -3.1420993 4.66689975 14.56250795
v -1.60869608 3.48298901 14.71677072
v -8.47784988 5.64280606 8.36209041
v -8.40443194 5.65796195 8.46613249
v -8.16801687 6.23516964 8.43659115
v -8.09553005 6.25032553 8.53970119
v -8.52270004 6.52119109 8.47225834
v -8.3310583 5.67311783 8.57012742
v -8.25369129 5.68827372 8.67898273
v -8.20578829 5.45125045 8.91949713
v -8.18061082 5.7034296 8.78263121
v -8.10757452 5.71858549 8.88623268
v -8.01887654 5.52409983 9.15319531
v -7.84411477 5.52409983 9.32676373
v -7.92347099 5.79143487 9.11972042
v -8.02308753 6.26548141 8.64276409
v -7.95068932 6.2806373 8.74577986
v -7.8785362 6.29579318 8.84849967
v -7.80642727 6.31094907 8.95117246
v -7.82863298 6.05876991 9.08658806
v -7.73436251 6.32610495 9.05379824
v -7.56589911 6.39895433 9.27505418
v -7.47315198 6.66628937 9.24176413
v -7.39428652 6.39895433 9.44634249
v -8.19097315 7.11355467 8.54549438
v -7.86815102 6.82753322 8.51023901
v -7.8005351 6.8426891 8.60759479
v -7.72902087 6.85784499 8.70972678
v -7.65755094 6.87300087 8.81181163
v -7.59026119 6.88815676 8.9087839
v -7.51907679 6.90331264 9.01052914
v -8.53714923 7.39957612 8.58055092
v -8.20745999 7.9919397 8.65252227
v -7.89262051 7.70591825 8.61787754
v -7.57326832 7.4198968 8.58303398
v -7.44793656 6.91846853 9.11222736
v -7.3809724 6.93362441 9.20881663
v -7.12424316 7.27380884 9.39445459
v -7.50653252 7.43505268 8.67950149
v -7.4398385 7.45020857 8.7759241
v -7.36929687 7.46536445 8.87707804
v -7.30288348 7.48052034 8.9731654
v -7.28336879 8.01226037 8.65497607
v -7.21751311 8.02741626 8.7505553
v -7.15169921 8.04257214 8.84608964
v -7.23651174 7.49567622 9.06920797
v -7.16629605 7.51083211 9.16997863
v -7.1002045 7.52598799 9.26568635
v -7.03415446 7.54114388 9.3613494
v -7.66935299 5.52409983 9.50033214
v -7.49459122 5.52409983 9.67390055
v -7.24261572 5.52409983 9.86592787
v -6.99064022 5.52409983 10.0579552
v -6.73866471 5.52409983 10.24998253
v -6.48668921 5.52409983 10.44200985
v -7.22267393 6.39895433 9.61763081
v -6.99652969 6.39895433 9.79395012
v -6.74909476 6.39895433 9.98345487
v -6.50165982 6.39895433 10.17295961
v -6.95577976 7.27380884 9.56346281
v -6.73378539 7.27380884 9.73743506
v -6.51179102 7.27380884 9.9114073
v -6.27551558 6.39895433 10.34927892
v -6.23471371 5.52409983 10.63403718
v -5.98273821 5.52409983 10.8260645
v -5.75498423 5.52409983 10.95924823
v -5.52723025 5.52409983 11.09243196
v -6.02808065 6.39895433 10.53878367
v -5.78064571 6.39895433 10.72828841
v -5.55450147 6.39895433 10.90460772
v -5.29947627 5.52409983 11.22561568
v -5.00221532 5.49029877 11.34206677
v -4.84132233 6.36515327 11.27418822
v -5.33085159 6.39895433 11.03604187
v -5.10720171 6.39895433 11.16747602
v -4.54901176 6.33135221 11.3891921
v -6.26889666 7.27380884 10.09838947
v -6.04690229 7.27380884 10.27236171
v -5.82490792 7.27380884 10.44633396
v -5.58201355 7.27380884 10.63331612
v -5.36001919 7.27380884 10.80728837
v -5.13802482 7.27380884 10.98126062
v -4.91847904 7.27380884 11.11094519
v -4.65747301 7.24000777 11.21620495
v -4.39608511 7.20620671 11.32157455
v -8.54512899 8.27796115 8.68696815
v -7.59925102 8.29828183 8.68940782
v -7.91062056 8.58430328 8.72364073
v -8.2174774 8.87032473 8.7576748
v -8.49284606 9.15634618 8.79151003
v -7.74691092 8.87032473 8.7576748
v -8.04003189 9.15634618 8.79151003
v -7.57244291 9.15634618 8.79151003
v -7.12272957 8.29828183 8.68940782
v -7.05730629 8.31343771 8.78455816
v -7.08592709 8.05772803 8.94157908
v -6.99192479 8.3285936 8.87966359
v -7.43707659 8.58430328 8.72364073
v -6.92846801 8.34374948 8.97244927
v -6.96353263 8.58430328 8.72364073
v -6.89854175 8.59945916 8.81836217
v -6.83546445 8.61461505 8.9107735
v -6.77242767 8.62977093 9.00314103
v -7.02039007 8.07288391 9.03678152
v -6.9548947 8.0880398 9.13193918
v -6.88944097 8.10319568 9.22705206
v -6.86336157 8.35890537 9.06722444
v -6.79829676 8.37406125 9.16195482
v -6.82422203 8.11835157 9.32187822
v -6.75904461 8.13350745 9.41665972
v -6.73515469 8.38921714 9.25436718
v -6.70775179 8.64492682 9.09748891
v -6.64498749 8.6600827 9.18952843
v -6.6703645 8.40437302 9.34876768
v -6.60561582 8.41952891 9.44312352
v -6.58977149 8.41952891 9.4693143
v -6.58226359 8.67523859 9.28152426
v -6.51790214 8.69039447 9.3754991
v -6.50215181 8.69039447 9.40157852
v -6.48640149 8.69039447 9.42765794
v -7.27634445 8.87032473 8.7576748
v -7.10485392 9.15634618 8.79151003
v -6.80577798 8.87032473 8.7576748
v -6.74308014 8.88548061 8.8497118
v -6.68042284 8.9006365 8.94170498
v -6.65203976 9.15634618 8.79151003
v -6.58976167 9.17150207 8.88312832
v -6.52752412 9.18665795 8.9747028
v -6.61780606 8.91579238 9.03365434
v -6.55541952 8.93094827 9.12532103
v -6.49307339 8.94610416 9.21694401
v -6.46717471 9.20181384 9.06398922
v -8.3141148 9.44236763 8.82514641
v -8.58402857 9.72838909 8.85858395
v -8.39364164 10.01441054 8.89182265
v -8.13698122 9.72838909 8.85858395
v -7.86418404 9.44236763 8.82514641
v -7.9494777 10.01441054 8.89182265
v -7.68993387 9.72838909 8.85858395
v -7.51980632 10.01441054 8.89182265
v -8.20500776 10.30043199 8.92486251
v -8.45652406 10.58645344 8.95770352
v -8.44233803 10.58645344 8.98180406
v -8.428152 10.58645344 9.0059046
v -7.77812571 10.30043199 8.92486251
v -8.03243134 10.58645344 8.95770352
v -8.0182453 10.58645344 8.98180406
v -8.00405927 10.58645344 9.0059046
v -7.60833861 10.58645344 8.95770352
v -7.59415258 10.58645344 8.98180406
v -7.57996655 10.58645344 9.0059046
v -8.41396597 10.58645344 9.03000514
v -7.98987324 10.58645344 9.03000514
v -7.97568721 10.58645344 9.05410567
v -7.56578052 10.58645344 9.03000514
v -7.55159449 10.58645344 9.05410567
v -7.53740846 10.58645344 9.07820621
v -7.39957255 9.44236763 8.82514641
v -7.24288651 9.72838909 8.85858395
v -7.07564238 10.01441054 8.89182265
v -6.94964179 9.44236763 8.82514641
v -6.49971103 9.44236763 8.82514641
v -6.79583916 9.72838909 8.85858395
v -6.63147844 10.01441054 8.89182265
v -7.35124366 10.30043199 8.92486251
v -7.18424589 10.58645344 8.95770352
v -7.17005986 10.58645344 8.98180406
v -7.15587383 10.58645344 9.0059046
v -6.90996313 10.30043199 8.92486251
v -6.48308108 10.30043199 8.92486251
v -6.76015317 10.58645344 8.95770352
v -6.74596713 10.58645344 8.98180406
v -6.7317811 10.58645344 9.0059046
v -7.1416878 10.58645344 9.03000514
v -7.12750177 10.58645344 9.05410567
v -7.11331574 10.58645344 9.07820621
v -7.09912971 10.58645344 9.10230675
v -6.71759507 10.58645344 9.03000514
v -6.70340904 10.58645344 9.05410567
v -6.68922301 10.58645344 9.07820621
v -6.67503698 10.58645344 9.10230675
v -6.66085095 10.58645344 9.12640729
v -6.42944718 8.69039447 9.49731943
v -6.43076766 8.96126004 9.3085233
v -6.41511134 8.96126004 9.33449136
v -6.39945502 8.96126004 9.36045941
v -6.38379869 8.96126004 9.38642746
v -6.32718432 8.96126004 9.45579148
v -6.4052061 9.21696972 9.15523883
v -6.3432779 9.23212561 9.24644474
v -6.32818282 9.23212561 9.27168857
v -6.31262051 9.23212561 9.29754525
v -6.29705819 9.23212561 9.32340194
v -6.28196312 9.23212561 9.34864577
v -6.22737826 9.23212561 9.41607529
v -6.17110381 9.23212561 9.48514184
v -6.4378527 9.45752352 8.91634601
v -6.37787137 9.4726794 9.0052672
v -6.34879181 9.72838909 8.85858395
v -6.28917855 9.74354497 8.94713992
v -6.20180706 10.01441054 8.89182265
v -6.14260091 10.02956642 8.97997012
v -6.31792931 9.48783529 9.09414565
v -6.25637863 9.50299117 9.18497819
v -6.24137474 9.50299117 9.21011329
v -6.22637085 9.50299117 9.23524839
v -6.21090253 9.50299117 9.26099371
v -6.19589864 9.50299117 9.28612882
v -6.18089475 9.50299117 9.31126392
v -6.12663962 9.50299117 9.37840302
v -6.07238448 9.50299117 9.44554212
v -6.22960457 9.75870086 9.03565315
v -6.17006986 9.77385674 9.12412365
v -6.15515715 9.77385674 9.14915003
v -6.14024444 9.77385674 9.17417641
v -6.12533173 9.77385674 9.19920278
v -6.11041902 9.77385674 9.22422916
v -6.09550631 9.77385674 9.24925554
v -6.08343403 10.04472231 9.06807486
v -6.06907128 10.04472231 9.09238757
v -6.05424975 10.04472231 9.11730522
v -6.03942822 10.04472231 9.14222287
v -6.02506547 10.04472231 9.16653558
v -6.01024395 10.04472231 9.19145323
v -5.99542242 10.04472231 9.21637088
v -5.98105967 10.04472231 9.2406836
v -6.0805936 9.77385674 9.27428191
v -6.02666819 9.77385674 9.34113059
v -5.97274277 9.77385674 9.40797927
v -5.91881736 9.77385674 9.47482795
v -5.92912295 10.04472231 9.30562598
v -5.87552725 10.04472231 9.37218424
v -5.82193156 10.04472231 9.43874249
v -6.05619903 10.30043199 8.92486251
v -5.99739998 10.31558788 9.01260148
v -6.33606044 10.58645344 8.95770352
v -6.32187441 10.58645344 8.98180406
v -6.30768838 10.58645344 9.0059046
v -5.91196772 10.58645344 8.95770352
v -5.89778169 10.58645344 8.98180406
v -5.88359566 10.58645344 9.0059046
v -5.98312559 10.31558788 9.03680811
v -5.9688512 10.31558788 9.06101473
v -5.95412086 10.31558788 9.08582365
v -5.93984647 10.31558788 9.11003028
v -5.92557207 10.31558788 9.13423691
v -5.91084173 10.31558788 9.15904583
v -6.29350235 10.58645344 9.03000514
v -6.27931632 10.58645344 9.05410567
v -6.26513029 10.58645344 9.07820621
v -6.25094426 10.58645344 9.10230675
v -6.23675823 10.58645344 9.12640729
v -6.2225722 10.58645344 9.15050783
v -5.89656734 10.31558788 9.18325245
v -5.88229295 10.31558788 9.20745908
v -5.83067574 10.31558788 9.2721181
v -5.77905853 10.31558788 9.33677711
v -5.72579256 10.31558788 9.40304495
v -5.67417535 10.31558788 9.46770396
v -5.86940963 10.58645344 9.03000514
v -5.8552236 10.58645344 9.05410567
v -5.84103757 10.58645344 9.07820621
v -5.82685154 10.58645344 9.10230675
v -5.81266551 10.58645344 9.12640729
v -5.79847947 10.58645344 9.15050783
v -5.78429344 10.58645344 9.17460837
v -5.73299575 10.58645344 9.23898401
v -5.68169806 10.58645344 9.30335966
v -5.63040036 10.58645344 9.3677353
v -5.57910267 10.58645344 9.43211095
v -5.52780498 10.58645344 9.49648659
v -6.69390871 8.14866334 9.51139655
v -6.47606422 8.14866334 9.68302173
v -6.53247726 8.41952891 9.53927327
v -8.41396597 10.58645344 9.57273769
v -7.97568721 10.58645344 9.59683823
v -7.53740846 10.58645344 9.62093876
v -8.41396597 10.58645344 10.11547024
v -7.97568721 10.58645344 10.13957078
v -7.53740846 10.58645344 10.16367131
v -7.09912971 10.58645344 9.6450393
v -6.66085095 10.58645344 9.66913984
v -7.09912971 10.58645344 10.18777185
v -6.66085095 10.58645344 10.21187239
v -6.60955326 10.58645344 10.27624804
v -6.55825557 10.58645344 10.34062368
v -6.50695787 10.58645344 10.40499933
v -8.41396597 10.58645344 10.65820279
v -7.97568721 10.58645344 10.68230333
v -7.53740846 10.58645344 10.70640387
v -8.41396597 10.58645344 11.20093534
v -7.97568721 10.58645344 11.22503588
v -7.53740846 10.58645344 11.24913642
v -7.09912971 10.58645344 10.7305044
v -7.04783201 10.58645344 10.79488005
v -6.99653432 10.58645344 10.85925569
v -6.45566018 10.58645344 10.46937497
v -6.94523663 10.58645344 10.92363134
v -7.48611077 10.58645344 11.31351206
v -7.43481307 10.58645344 11.37788771
v -6.89393893 10.58645344 10.98800698
v -6.84264124 10.58645344 11.05238263
v -6.79134354 10.58645344 11.11675827
v -6.66044975 10.58645344 11.22357637
v -6.52955596 10.58645344 11.33039447
v -6.25821972 8.14866334 9.85464691
v -6.38628241 8.41952891 9.65535573
v -6.37249288 8.69039447 9.56698092
v -6.22716541 8.69039447 9.68256979
v -6.16972277 8.41952891 9.82625423
v -6.08183793 8.69039447 9.79815865
v -5.86656314 8.69039447 9.96833047
v -6.04037522 8.14866334 10.02627209
v -5.95316312 8.41952891 9.99715273
v -5.82253073 8.14866334 10.19789728
v -5.60468623 8.14866334 10.36952246
v -5.74291595 8.41952891 10.16409437
v -5.65756336 8.69039447 10.13456226
v -5.5263563 8.41952891 10.33499288
v -5.44856359 8.69039447 10.30079405
v -6.27056995 8.96126004 9.52515549
v -6.21395557 8.96126004 9.59451951
v -6.06949547 8.96126004 9.70961478
v -5.92503537 8.96126004 9.82471005
v -6.11482937 9.23212561 9.55420838
v -6.06024451 9.23212561 9.6216379
v -5.92096302 9.23212561 9.73352328
v -5.78057527 8.96126004 9.93980532
v -5.77737029 9.23212561 9.84812495
v -5.63377757 9.23212561 9.96272663
v -5.5728229 8.96126004 10.10532725
v -5.49449608 9.23212561 10.07461201
v -5.36507053 8.96126004 10.27084918
v -5.15731815 8.96126004 10.43637112
v -5.28799111 9.23212561 10.23942408
v -5.08148614 9.23212561 10.40423616
v -5.38684173 8.14866334 10.54114764
v -5.16899724 8.14866334 10.71277282
v -4.95115274 8.14866334 10.88439801
v -5.30979666 8.41952891 10.50589138
v -5.2332888 8.69039447 10.47096587
v -5.09954949 8.41952891 10.67283302
v -5.02428903 8.69039447 10.63719766
v -4.88298984 8.41952891 10.84373152
v -4.81528926 8.69039447 10.80342945
v -4.73330824 8.14866334 11.05602319
v -4.47717558 8.11486228 11.15983052
v -4.6664302 8.41952891 11.01463003
v -4.57832352 8.41952891 11.06012311
v -4.60001446 8.69039447 10.97360127
v -4.51243052 8.69039447 11.01890091
v -4.42484658 8.69039447 11.06420056
v -4.32362687 8.38572784 11.16349178
v -4.94956578 8.96126004 10.60189305
v -4.88118128 9.23212561 10.56514185
v -4.74181341 8.96126004 10.76741498
v -4.67467631 9.23212561 10.72995393
v -4.46817134 9.23212561 10.89476601
v -4.53406104 8.96126004 10.93293691
v -4.44699983 8.96126004 10.97804312
v -4.35993863 8.96126004 11.02314932
v -4.38423111 9.23212561 10.93861425
v -4.29769264 9.23212561 10.98352701
v -6.01644996 9.50299117 9.51431119
v -5.96219482 9.50299117 9.58145029
v -5.90793969 9.50299117 9.64858939
v -5.76949953 9.50299117 9.75999287
v -5.63105938 9.50299117 9.87139636
v -5.86489194 9.77385674 9.54167663
v -5.81096653 9.77385674 9.6085253
v -5.75704111 9.77385674 9.67537398
v -5.76999483 10.04472231 9.50368488
v -5.71639914 10.04472231 9.57024314
v -5.66280344 10.04472231 9.63680139
v -5.61086672 10.04472231 9.70174378
v -5.61944229 9.77385674 9.78629557
v -5.48184347 9.77385674 9.89721715
v -5.47834235 10.04472231 9.80950227
v -5.48833403 9.50299117 9.98550443
v -6.2225722 10.58645344 9.69324038
v -6.1712745 10.58645344 9.75761602
v -6.11997681 10.58645344 9.82199167
v -6.06867912 10.58645344 9.88636731
v -6.01738142 10.58645344 9.95074296
v -5.62255814 10.31558788 9.53236298
v -5.56929217 10.31558788 9.59863081
v -5.51767496 10.31558788 9.66328983
v -5.46605775 10.31558788 9.72794885
v -5.47650728 10.58645344 9.56086223
v -5.42520959 10.58645344 9.62523788
v -5.3739119 10.58645344 9.68961352
v -5.96608373 10.58645344 10.0151186
v -5.91478604 10.58645344 10.07949425
v -5.86348834 10.58645344 10.14386989
v -5.81219065 10.58645344 10.20824554
v -5.68129686 10.58645344 10.31506363
v -5.55040307 10.58645344 10.42188173
v -5.34158486 10.04472231 9.91994196
v -5.34989388 9.50299117 10.09690792
v -5.21145372 9.50299117 10.2083114
v -5.00619615 9.50299117 10.37241362
v -5.34424465 9.77385674 10.00813874
v -5.20664583 9.77385674 10.11906032
v -5.20482737 10.04472231 10.03038165
v -5.072303 10.04472231 10.13814014
v -5.06904701 9.77385674 10.22998191
v -4.93144819 9.77385674 10.34090349
v -4.93554551 10.04472231 10.24857983
v -4.79878802 10.04472231 10.35901952
v -5.33434867 10.31558788 9.83523714
v -5.20263959 10.31558788 9.94252543
v -5.3226142 10.58645344 9.75398917
v -5.19172041 10.58645344 9.86080727
v -5.06082662 10.58645344 9.96762536
v -5.06672343 10.31558788 10.05248322
v -4.93501435 10.31558788 10.15977152
v -4.92993283 10.58645344 10.07444346
v -4.80330527 10.31558788 10.26705981
v -4.66738911 10.31558788 10.3770176
v -4.79903904 10.58645344 10.18126155
v -4.66814524 10.58645344 10.28807965
v -4.53725145 10.58645344 10.39489775
v -6.40436248 10.58645344 10.53375062
v -6.35306479 10.58645344 10.59812626
v -6.3017671 10.58645344 10.6625019
v -6.17087331 10.58645344 10.76932
v -6.03997951 10.58645344 10.8761381
v -5.41950927 10.58645344 10.52869983
v -5.90908572 10.58645344 10.98295619
v -5.77819193 10.58645344 11.08977429
v -5.64729814 10.58645344 11.19659239
v -5.51640435 10.58645344 11.30341048
v -4.80710124 9.50299117 10.53262628
v -4.60800634 9.50299117 10.69283895
v -4.40274876 9.50299117 10.85694117
v -4.31931557 9.50299117 10.90060055
v -4.73356323 9.77385674 10.50042313
v -4.66626365 10.04472231 10.46677801
v -4.53567827 9.77385674 10.65994276
v -4.46958864 10.04472231 10.62560461
v -4.33779331 9.77385674 10.81946239
v -5.28861548 10.58645344 10.63551792
v -5.15772169 10.58645344 10.74233602
v -5.0268279 10.58645344 10.84915412
v -4.53568003 10.31558788 10.4843059
v -4.40397095 10.31558788 10.59159419
v -4.40635766 10.58645344 10.50171584
v -4.89593411 10.58645344 10.95597221
v -4.76504032 10.58645344 11.06279031
v -4.68615507 10.58645344 11.10465266
v -4.60726982 10.58645344 11.14651501
v -4.52838457 10.58645344 11.18837736
v -4.44949932 10.58645344 11.23023972
v -4.37061407 10.58645344 11.27210207
v -4.22066104 8.08106121 11.26374768
v -4.06854835 8.35192678 11.26697028
v -3.96376462 8.04726015 11.36777468
v -3.82045531 8.31812572 11.36815785
v -4.17158595 8.65659341 11.16713056
v -3.92526175 8.62279235 11.2677811
v -3.67856656 8.58899128 11.36853893
v -4.27287742 8.96126004 11.06825552
v -4.02832206 8.92745898 11.16836903
v -3.78339571 8.89365791 11.26858982
v -4.21115417 9.23212561 11.02843977
v -4.12721394 9.23212561 11.072288
v -3.88405461 9.19832454 11.17197304
v -3.53809836 8.85985685 11.36891791
v -3.64052427 9.16452348 11.27176536
v -3.40385947 9.13072242 11.36929479
v -4.25486717 9.77385674 10.86293291
v -4.17194103 9.77385674 10.90640344
v -4.27291363 10.04472231 10.78443122
v -4.19304568 10.04472231 10.82666211
v -4.11062658 10.04472231 10.86994378
v -4.02820748 10.04472231 10.91322544
v -4.23588239 9.50299117 10.94425993
v -4.14986666 9.50299117 10.98897925
v -4.06643347 9.50299117 11.03263863
v -3.98300029 9.50299117 11.076298
v -4.08901488 9.77385674 10.94987396
v -4.00608874 9.77385674 10.99334448
v -3.9231626 9.77385674 11.036815
v -3.84023645 9.77385674 11.08028553
v -3.94833953 10.04472231 10.95545634
v -3.86592043 10.04472231 10.998738
v -3.78350133 10.04472231 11.04201967
v -3.74123697 9.46919011 11.17555456
v -3.50629012 9.43538905 11.2725597
v -3.27098317 9.40158799 11.36966957
v -3.37341857 9.70625462 11.27335194
v -3.70363339 10.04472231 11.08425057
v -3.60700757 9.74005568 11.17676636
v -3.47176052 10.01092125 11.18031312
v -3.23952755 9.97712018 11.27648042
v -4.20850588 10.31558788 10.74972777
v -4.12912928 10.31558788 10.79177439
v -4.04975268 10.31558788 10.83382101
v -3.96784063 10.31558788 10.87691382
v -3.88846403 10.31558788 10.91896045
v -4.27546387 10.58645344 10.60853394
v -4.14457008 10.58645344 10.71535204
v -4.06568483 10.58645344 10.75721439
v -3.98679958 10.58645344 10.79907674
v -3.90791433 10.58645344 10.84093909
v -3.82902908 10.58645344 10.88280144
v -3.75014383 10.58645344 10.9246638
v -3.80908743 10.31558788 10.96100707
v -4.29172882 10.58645344 11.31396442
v -4.21284357 10.58645344 11.35582677
v -4.13395832 10.58645344 11.39768912
v -3.72717537 10.31558788 11.00409988
v -3.64779877 10.31558788 11.0461465
v -3.56842218 10.31558788 11.08819312
v -3.33790534 10.28178681 11.1838374
v -3.67125858 10.58645344 10.96652615
v -3.59237333 10.58645344 11.0083885
v -3.51348808 10.58645344 11.05025085
v -3.43460283 10.58645344 11.0921132
v -3.28239707 10.58645344 11.15177781
v -3.13946947 9.67245355 11.37004226
v -3.08518911 9.97712018 11.33673584
v -2.92530557 9.97712018 11.39867761
v -3.18463324 10.28178681 11.24379741
v -3.03136114 10.28178681 11.30375743
v -2.87258225 10.28178681 11.36539552
v -3.13019131 10.58645344 11.21144242
v -2.97798555 10.58645344 11.27110703
v -2.82577979 10.58645344 11.33077164
v -2.67357403 10.58645344 11.39043625
v -4.7045356 5.45649771 11.45863609
v -4.40643712 5.42269664 11.57532366
v -8.53100109 5.85081049 14.411652
v -6.99759786 5.85081049 14.411652
v -7.99506562 7.03472123 14.26420288
v -5.33004375 7.03472123 14.26420288
v -8.41396597 10.58645344 11.74366789
v -7.97568721 10.58645344 11.76776843
v -7.92438952 10.58645344 11.83214407
v -8.41396597 10.58645344 12.28640044
v -7.87309183 10.58645344 11.89651972
v -7.82179413 10.58645344 11.96089536
v -7.77049644 10.58645344 12.02527101
v -7.63960265 10.58645344 12.1320891
v -7.38351538 10.58645344 11.44226335
v -7.33221769 10.58645344 11.506639
v -7.28091999 10.58645344 11.57101464
v -7.1500262 10.58645344 11.67783274
v -7.01913241 10.58645344 11.78465083
v -7.50870886 10.58645344 12.2389072
v -7.37781506 10.58645344 12.3457253
v -6.88823862 10.58645344 11.89146893
v -6.75734482 10.58645344 11.99828703
v -6.62645103 10.58645344 12.10510512
v -6.54756578 10.58645344 12.14696747
v -6.46868053 10.58645344 12.18882983
v -8.36266827 10.58645344 12.35077609
v -8.31137058 10.58645344 12.41515173
v -8.26007289 10.58645344 12.47952738
v -8.12917909 10.58645344 12.58634547
v -7.9982853 10.58645344 12.69316357
v -7.86739151 10.58645344 12.79998167
v -8.48786175 10.58645344 13.14741994
v -8.4089765 10.58645344 13.18928229
v -8.33009125 10.58645344 13.23114464
v -8.17788549 10.58645344 13.29080925
v -7.78850626 10.58645344 12.84184402
v -7.70962101 10.58645344 12.88370637
v -7.63073576 10.58645344 12.92556872
v -7.24692127 10.58645344 12.45254339
v -7.16803602 10.58645344 12.49440575
v -7.08915077 10.58645344 12.5362681
v -7.01026552 10.58645344 12.57813045
v -6.93138027 10.58645344 12.6199928
v -6.77917451 10.58645344 12.67965741
v -6.62696875 10.58645344 12.73932202
v -6.47476299 10.58645344 12.79898663
v -7.47853 10.58645344 12.98523333
v -7.32632424 10.58645344 13.04489794
v -7.17411848 10.58645344 13.10456255
v -7.07050069 10.58645344 13.12156753
v -6.9668829 10.58645344 13.13857252
v -6.86326511 10.58645344 13.15557751
v -6.73746612 10.58645344 13.16974831
v -6.61166714 10.58645344 13.18391912
v -6.48586815 10.58645344 13.19808993
v -6.39866217 10.58645344 11.43721256
v -6.26776838 10.58645344 11.54403066
v -6.13687459 10.58645344 11.65084875
v -6.00598079 10.58645344 11.75766685
v -5.92709554 10.58645344 11.7995292
v -5.38551055 10.58645344 11.41022858
v -5.84821029 10.58645344 11.84139155
v -6.38979528 10.58645344 12.23069218
v -6.31091003 10.58645344 12.27255453
v -6.23202478 10.58645344 12.31441688
v -5.76932504 10.58645344 11.88325391
v -5.69043979 10.58645344 11.92511626
v -5.61155454 10.58645344 11.96697861
v -5.53266929 10.58645344 12.00884096
v -5.38046354 10.58645344 12.06850557
v -5.3066253 10.58645344 11.45209093
v -5.22774005 10.58645344 11.49395328
v -5.14885481 10.58645344 11.53581563
v -5.06996956 10.58645344 11.57767799
v -4.99108431 10.58645344 11.61954034
v -4.91219906 10.58645344 11.66140269
v -4.83331381 10.58645344 11.70326504
v -4.68110805 10.58645344 11.76292965
v -4.52890229 10.58645344 11.82259426
v -5.22825778 10.58645344 12.12817018
v -5.07605202 10.58645344 12.18783479
v -4.92384626 10.58645344 12.2474994
v -4.37669653 10.58645344 11.88225887
v -4.7716405 10.58645344 12.30716401
v -6.07981902 10.58645344 12.37408149
v -5.92761326 10.58645344 12.4337461
v -5.77540751 10.58645344 12.49341071
v -5.62320175 10.58645344 12.55307532
v -5.47099599 10.58645344 12.61273993
v -6.32255724 10.58645344 12.85865124
v -6.21893944 10.58645344 12.87565622
v -6.11532165 10.58645344 12.89266121
v -6.01170386 10.58645344 12.90966619
v -5.90808607 10.58645344 12.92667118
v -6.23427018 10.58645344 13.16974831
v -6.36006917 10.58645344 13.18391912
v -6.1084712 10.58645344 13.15557751
v -5.78228708 10.58645344 12.94084199
v -5.6564881 10.58645344 12.9550128
v -5.53068911 10.58645344 12.96918361
v -5.40489013 10.58645344 12.98335442
v -5.3673782 10.58645344 12.62974491
v -5.2637604 10.58645344 12.6467499
v -5.16014261 10.58645344 12.66375488
v -5.05652482 10.58645344 12.68075987
v -4.95290703 10.58645344 12.69776486
v -4.61943474 10.58645344 12.36682861
v -4.51581695 10.58645344 12.3838336
v -4.41219916 10.58645344 12.40083859
v -4.30858136 10.58645344 12.41784357
v -4.82710804 10.58645344 12.71193567
v -4.70130906 10.58645344 12.72610647
v -4.57551007 10.58645344 12.74027728
v -4.44971109 10.58645344 12.75444809
v -4.3239121 10.58645344 12.7686189
v -5.27909114 10.58645344 12.96918361
v -5.15329216 10.58645344 12.9550128
v -5.02749317 10.58645344 12.94084199
v -4.90169418 10.58645344 12.92667118
v -8.52202522 10.58645344 13.61339016
v -8.02567973 10.58645344 13.35047386
v -7.92206194 10.58645344 13.36747884
v -7.81844415 10.58645344 13.38448383
v -7.69264516 10.58645344 13.39865464
v -7.56684618 10.58645344 13.41282545
v -7.56684618 10.58645344 13.84229648
v -6.97249916 9.4025427 13.97952512
v -7.44104719 10.58645344 13.39865464
v -7.31524821 10.58645344 13.38448383
v -6.33572892 8.21863197 14.12016059
v -6.36006917 10.58645344 13.61339016
v -5.40489013 10.58645344 13.84229648
v -4.75168507 9.4025427 13.97952512
v -5.15329216 10.58645344 13.38448383
v -4.10588231 5.38889558 11.69275614
v -4.25628242 6.29755115 11.50431423
v -3.98721956 6.26375008 11.6119828
v -3.69166736 6.22994902 11.7279563
v -3.39569357 6.19614796 11.84404868
v -3.12343451 6.16234689 11.95267648
v -2.85995584 6.16234689 12.03604271
v -2.59647716 6.16234689 12.11940895
v -2.32585299 6.11205125 12.15591956
v -4.10872492 7.17240565 11.43513124
v -3.84459048 7.13860459 11.54133496
v -3.58007133 7.10480352 11.64764914
v -3.28952174 7.07100246 11.76216366
v -3.70455859 8.01345909 11.47251355
v -3.44496787 7.97965803 11.57736288
v -3.02224616 7.0372014 11.86931419
v -2.75458304 7.00340033 11.97657581
v -2.49572958 7.00340033 12.05887902
v -2.22983993 6.95310469 12.09489176
v -3.18499243 7.94585696 11.68232267
v -2.92270032 7.9120559 11.78799593
v -2.66002068 7.87825484 11.89378028
v -2.39695349 7.84445377 11.99967574
v -1.7331267 6.01145997 12.23439147
v -1.45776247 5.96116433 12.27136902
v -1.15688764 5.91086869 12.31104899
v -2.02980253 6.06175561 12.1951261
v -0.83398141 6.70162649 12.28189407
v -0.55873956 6.65133084 12.31883112
v -0.85538122 5.86057305 12.35078824
v -0.57524901 5.8102774 12.38823478
v -0.28762451 5.8102774 12.4170487
v -0.28291199 6.6010352 12.35582388
v -1.96337698 6.90280905 12.13095929
v -1.67189706 6.85251341 12.16969115
v -1.40134528 6.80221777 12.20616502
v -1.13021398 6.75192213 12.24269414
v -1.61176819 7.69356685 12.10638471
v -2.13579836 7.79415813 12.03519059
v -1.87406993 7.74386249 12.07076025
v -1.34602884 7.64327121 12.1423549
v -1.07970999 7.59297557 12.17838035
v -1.46936239 7.99823348 12.07890796
v -1.20523435 7.94793784 12.11469186
v -0.81281162 7.54267993 12.21446105
v -0.54246013 7.49238428 12.25088861
v -0.9405268 7.8976422 12.15053101
v -0.68324415 7.84734656 12.185468
v -0.27152292 7.44208864 12.28737188
v -0.41453148 7.79705091 12.22170714
v -0.14523309 7.74675527 12.258002
v -4.26550054 5.85081049 14.411652
v -2.66502187 7.03472123 14.26420288
v -1.53340323 5.85081049 14.411652
v -3.56270208 8.28432466 11.47245424
v -3.30456415 8.25052359 11.57686109
v -3.42226613 8.55519022 11.47239283
v -3.29053631 8.82605579 11.46994768
v -3.0534252 8.21672253 11.67897383
v -2.79260267 8.18292147 11.78420079
v -3.17291563 8.52138916 11.57396409
v -2.92319131 8.4875881 11.67564327
v -2.66383835 8.45378703 11.78042393
v -2.49269489 8.45378703 11.84561175
v -2.5313926 8.1491204 11.88953884
v -2.35910618 8.1491204 11.95503861
v -2.24181799 8.1491204 11.97370667
v -2.32155144 8.45378703 11.91079957
v -2.20504135 8.45378703 11.92937873
v -3.04260044 8.79225473 11.57108538
v -2.79429074 8.75845366 11.67233101
v -3.15771022 9.09692136 11.46989228
v -3.02624672 9.36778692 11.46983477
v -2.91118714 9.06312029 11.57059769
v -2.74798965 9.06312029 11.63345048
v -2.86415388 9.36778692 11.53238389
v -2.70206103 9.36778692 11.594933
v -2.62429025 8.75845366 11.73720688
v -2.45428976 8.75845366 11.80208276
v -2.28428927 8.75845366 11.86695863
v -2.57913212 9.06312029 11.69801441
v -2.53434647 9.36778692 11.65918499
v -2.41027459 9.06312029 11.76257834
v -2.2470771 9.06312029 11.82543113
v -2.37225363 9.36778692 11.72173411
v -2.21016078 9.36778692 11.78428322
v -2.16855728 8.75845366 11.88544888
v -3.98175256 10.58645344 11.45735373
v -3.8295468 10.58645344 11.51701834
v -3.67734104 10.58645344 11.57668295
v -3.52513528 10.58645344 11.63634756
v -3.37292952 10.58645344 11.69601217
v -4.22449077 10.58645344 11.94192348
v -4.07228501 10.58645344 12.00158809
v -3.92007925 10.58645344 12.0612527
v -3.76787349 10.58645344 12.1209173
v -3.6642557 10.58645344 12.13792229
v -3.56063791 10.58645344 12.15492728
v -3.45702012 10.58645344 12.17193226
v -3.35340232 10.58645344 12.18893725
v -3.24978453 10.58645344 12.20594223
v -2.97848128 9.67245355 11.4322877
v -2.81749309 9.67245355 11.49453314
v -2.76542203 9.97712018 11.46061937
v -2.65650489 9.67245355 11.55677858
v -2.4955167 9.67245355 11.61902402
v -2.33452851 9.67245355 11.68126946
v -2.17354032 9.67245355 11.7435149
v -2.61108359 9.97712018 11.5208748
v -2.45120005 9.97712018 11.58281656
v -2.29131652 9.97712018 11.64475832
v -2.71931015 10.28178681 11.42535554
v -3.22072376 10.58645344 11.75567678
v -3.068518 10.58645344 11.81534138
v -2.56603805 10.28178681 11.48531555
v -2.40725917 10.28178681 11.54695364
v -2.25398707 10.28178681 11.60691366
v -2.52136827 10.58645344 11.45010086
v -2.36916251 10.58645344 11.50976546
v -2.21695675 10.58645344 11.56943007
v -2.91631224 10.58645344 11.87500599
v -2.81269445 10.58645344 11.89201098
v -2.70907666 10.58645344 11.90901597
v -3.14616674 10.58645344 12.22294722
v -3.04254895 10.58645344 12.23995221
v -2.91674997 10.58645344 12.25412302
v -2.79095098 10.58645344 12.26829382
v -2.60545887 10.58645344 11.92602095
v -2.50184108 10.58645344 11.94302594
v -2.39822328 10.58645344 11.96003092
v -2.29460549 10.58645344 11.97703591
v -2.1909877 10.58645344 11.99404089
v -2.66515199 10.58645344 12.28246463
v -2.53935301 10.58645344 12.29663544
v -2.41355402 10.58645344 12.31080625
v -2.28775504 10.58645344 12.32497706
v -2.16195605 10.58645344 12.33914787
v -4.20496357 10.58645344 12.43484856
v -4.10134578 10.58645344 12.45185354
v -3.99772799 10.58645344 12.46885853
v -3.871929 10.58645344 12.48302934
v -4.19811312 10.58645344 12.75444809
v -4.07231413 10.58645344 12.74027728
v -3.94651514 10.58645344 12.72610647
v -3.82071616 10.58645344 12.71193567
v -3.74613002 10.58645344 12.49720015
v -3.62033103 10.58645344 12.51137096
v -3.49453205 10.58645344 12.52554177
v -3.36873306 10.58645344 12.53971258
v -3.24293408 10.58645344 12.55388339
v -3.69491717 10.58645344 12.69776486
v -3.94651514 10.58645344 13.15557751
v -3.11713509 10.58645344 12.53971258
v -2.9913361 10.58645344 12.52554177
v -2.86553712 10.58645344 12.51137096
v -2.73973813 10.58645344 12.49720015
v -2.61393915 10.58645344 12.48302934
v -2.48814016 10.58645344 12.46885853
v -2.73973813 10.58645344 12.92667118
v -1.98224667 8.09882476 12.00903736
v -1.72210204 8.04852912 12.04442285
v -2.08853126 8.45378703 11.94795788
v -1.83054374 8.40349139 11.9831044
v -1.68854494 8.70815802 11.95644712
v -1.57989973 8.35319575 12.01735583
v -1.32869984 8.30290011 12.05166057
v -1.43944069 8.65786238 11.99051818
v -1.18978056 8.60756674 12.02464254
v -2.13597641 9.06312029 11.84334478
v -2.02102252 9.06312029 11.86174612
v -2.09981212 9.36778692 11.80211032
v -1.98946345 9.36778692 11.81993742
v -1.87528766 9.36778692 11.83824985
v -1.764939 9.36778692 11.85607695
v -1.65459033 9.36778692 11.87390405
v -2.05282528 8.75845366 11.90393913
v -1.93709329 8.75845366 11.92242937
v -1.90606863 9.06312029 11.88014746
v -1.79496795 9.06312029 11.89806111
v -1.54795898 9.01282465 11.93189998
v -1.30039413 8.96252901 11.96579216
v -1.40912076 9.31749128 11.90756404
v -1.17085385 9.26719564 11.94034106
v -1.06618312 8.25260447 12.08725818
v -0.81102982 8.20230883 12.1219589
v -0.55531444 8.15201319 12.15671338
v -0.93675663 8.5572711 12.059107
v -0.6831706 8.50697546 12.09362522
v -0.28824058 8.10171754 12.19276411
v -0.14412029 8.10171754 12.20846857
v -0.42902248 8.45667982 12.1281972
v -0.28601498 8.45667982 12.14381459
v -0.14300749 8.45667982 12.15943197
v -0.80863637 8.86193773 12.03307954
v -1.06009341 8.91223337 11.99879608
v -0.55661723 8.81164209 12.06741675
v -0.93204847 9.2169 11.97316989
v -0.68215832 9.16660436 12.00727235
v -0.54681422 9.16660436 12.02224286
v -0.42020331 8.81164209 12.08247167
v -0.27830862 8.81164209 12.09800198
v -0.13641392 8.81164209 12.11353229
v -0.41147011 9.16660436 12.03721337
v -0.27068821 9.16660436 12.0526566
v -0.13534411 9.16660436 12.06762711
v -2.06394368 9.67245355 11.76125545
v -1.95434703 9.67245355 11.778996
v -1.84475038 9.67245355 11.79673654
v -1.73515374 9.67245355 11.81447709
v -1.62555709 9.67245355 11.83221764
v -2.13697808 9.97712018 11.70501375
v -2.03190841 9.97712018 11.72218712
v -1.92306378 9.97712018 11.73984112
v -1.81421915 9.97712018 11.75749512
v -1.70914949 9.97712018 11.77466849
v -1.51596045 9.67245355 11.84995819
v -1.60030486 9.97712018 11.79232249
v -1.49146023 9.97712018 11.80997649
v -1.38639057 9.97712018 11.82714986
v -1.15165245 9.92682454 11.85952639
v -1.27972735 9.62215791 11.88250831
v -2.10071497 10.28178681 11.66687368
v -1.99637124 10.28178681 11.68396286
v -1.89202751 10.28178681 11.70105204
v -1.7839349 10.28178681 11.71861948
v -1.67959117 10.28178681 11.73570866
v -2.06475099 10.58645344 11.62909468
v -1.9611332 10.58645344 11.64609967
v -1.85751541 10.58645344 11.66310465
v -1.75389762 10.58645344 11.68010964
v -1.65027983 10.58645344 11.69711463
v -1.57524744 10.28178681 11.75279784
v -1.46715483 10.28178681 11.77036529
v -1.36281111 10.28178681 11.78745447
v -1.25846738 10.28178681 11.80454365
v -1.54666204 10.58645344 11.71411961
v -1.44304425 10.58645344 11.7311246
v -1.33942645 10.58645344 11.74812958
v -1.23580866 10.58645344 11.76513457
v -1.13219087 10.58645344 11.78213956
v -2.08736991 10.58645344 12.01104588
v -1.96157093 10.58645344 12.02521669
v -1.83577194 10.58645344 12.0393875
v -1.70997295 10.58645344 12.05355831
v -2.03615707 10.58645344 12.32497706
v -1.91035808 10.58645344 12.31080625
v -1.78455909 10.58645344 12.29663544
v -1.65876011 10.58645344 12.28246463
v -1.58417397 10.58645344 12.06772912
v -1.45837498 10.58645344 12.08189993
v -1.332576 10.58645344 12.09607074
v -1.20677701 10.58645344 12.11024155
v -1.53296112 10.58645344 12.26829382
v -1.40716214 10.58645344 12.25412302
v -1.08097803 10.58645344 12.12441236
v -1.28136315 10.58645344 12.23995221
v -0.80564575 9.52156663 11.94776398
v -1.04295578 9.57186227 11.91511024
v -0.67137146 9.52156663 11.96265008
v -0.53709717 9.52156663 11.97753618
v -0.91637586 9.8765289 11.89195473
v -0.78852321 9.8765289 11.90628903
v -0.65531873 9.8765289 11.92109072
v -0.40282287 9.52156663 11.99242228
v -0.26854858 9.52156663 12.00730838
v -0.13427429 9.52156663 12.02219448
v -0.52211425 9.8765289 11.93589241
v -0.3942616 9.8765289 11.95022671
v -0.26105713 9.8765289 11.9650284
v -0.12785265 9.8765289 11.9798301
v -1.02522423 10.23149117 11.83674659
v -0.89839841 10.23149117 11.85099915
v -0.7715726 10.23149117 11.8652517
v -1.00639189 10.58645344 11.79631037
v -0.8805929 10.58645344 11.81048118
v -0.75479391 10.58645344 11.82465198
v -0.62899493 10.58645344 11.83882279
v -0.50319594 10.58645344 11.8529936
v -0.37739696 10.58645344 11.86716441
v -0.63943793 10.23149117 11.87996898
v -0.95517904 10.58645344 12.11024155
v -0.82938005 10.58645344 12.09607074
v -0.70358107 10.58645344 12.08189993
v -0.57778208 10.58645344 12.06772912
v -0.51261212 10.23149117 11.89422154
v -0.3857863 10.23149117 11.90847409
v -0.25365163 10.23149117 11.92319137
v -0.12682582 10.23149117 11.93744393
v -0.4519831 10.58645344 12.05355831
v -0.32618411 10.58645344 12.0393875
v -0.25159797 10.58645344 11.88133522
v -0.12579899 10.58645344 11.89550603
v -0.20038513 10.58645344 12.02521669
v -0.07458614 10.58645344 12.01104588
v -1.53296112 10.58645344 12.69776486
v -1.78455909 10.58645344 13.15557751
v -0.32618411 10.58645344 12.46885853
v -0.57778208 10.58645344 12.92667118
v -3.73778249 8.21863197 14.12016059
v -4.19811312 10.58645344 13.61339016
v -3.24293408 10.58645344 13.84229648
v -2.22081408 9.4025427 13.97952512
v -2.9913361 10.58645344 13.38448383
v -1.13983606 8.21863197 14.12016059
v -2.03615707 10.58645344 13.61339016
v -1.08097803 10.58645344 13.84229648
v -0.82938005 10.58645344 13.38448383
v 10.58532464 -10.72393985 0
v 11.21715305 -10.72393985 0.94545271
v 11.63149429 -10.72393985 2.42641023
v 11.8523516 -10.72393985 3.57647059
v 11.34141508 -7.41018628 0
v 12.03078904 -7.29450814 0.99206719
v 12.6161589 -6.84184737 3.57647059
v 17.18580104 -10.72393985 0
v 11.63149429 -10.72393985 4.72653095
v 10.28656357 -10.72393985 7.6
v 10.47712945 -9.88873771 7.6
v 11.21715305 -10.72393985 6.20748846
v 12.03078904 -7.29450814 6.16087399
v 11.03076 -7.46231474 7.6
v 17.18580104 -10.72393985 7.6
v 11.69247633 -3.73505278 0
v 11.54002124 -2.13104254 7.6
v 11.67524003 -0.0687432 7.6
v 17.18580104 -0.0687432 7.6
v 8.56438574 -10.72393985 9.29544718
v 8.36173065 -10.72393985 9.44111316
v 8.47790033 -10.37669295 9.43126383
v 4.3537868 -10.72393985 11.3997993
v 4.81607469 -10.72393985 11.24018454
v 4.58493075 -10.72393985 11.31999192
v 4.57772502 -10.34289188 11.3849732
v 4.80886896 -10.34289188 11.30516582
v 5.04721863 -10.72393985 11.16037717
v 5.27836257 -10.72393985 11.08056979
v 5.27115685 -10.34289188 11.14555107
v 5.0400129 -10.34289188 11.22535844
v 4.80166324 -9.96184392 11.3701471
v 5.03280718 -9.96184392 11.29033972
v 5.26395112 -9.96184392 11.21053234
v 5.02560145 -9.58079595 11.35532099
v 5.74065045 -10.72393985 10.92095504
v 5.90559273 -10.37669295 10.92095504
v 6.27658537 -10.72393985 10.67045103
v 6.09794039 -10.72393985 10.75395237
v 5.91929542 -10.72393985 10.8374537
v 6.44152764 -10.37669295 10.67045103
v 6.0842377 -10.37669295 10.8374537
v 6.26288267 -10.37669295 10.75395237
v 5.50950651 -10.72393985 11.00076241
v 5.50230079 -10.34289188 11.06574369
v 6.07053501 -10.02944604 10.92095504
v 6.42782495 -10.02944604 10.75395237
v 6.24917998 -10.02944604 10.8374537
v 6.23547729 -9.68219914 10.92095504
v 6.41412226 -9.68219914 10.8374537
v 5.66724307 -9.99564498 11.06574369
v 5.83218535 -9.64839807 11.06574369
v 5.4288934 -9.61459701 11.21053234
v 5.19054373 -9.23354904 11.35532099
v 5.35548601 -8.88630214 11.35532099
v 6.40041957 -9.33495223 10.92095504
v 5.59383568 -9.26735011 11.21053234
v 5.75877796 -8.9201032 11.21053234
v 5.99712763 -9.30115117 11.06574369
v 6.16206991 -8.95390426 11.06574369
v 5.52042829 -8.53905523 11.35532099
v 5.68537057 -8.19180833 11.35532099
v 6.32701219 -8.60665736 11.06574369
v 5.92372024 -8.5728563 11.21053234
v 6.08866252 -8.22560939 11.21053234
v 6.81252028 -10.72393985 10.41994703
v 6.97746256 -10.37669295 10.41994703
v 7.34845519 -10.72393985 10.16944302
v 7.16981022 -10.72393985 10.25294435
v 6.99116525 -10.72393985 10.33644569
v 7.15610753 -10.37669295 10.33644569
v 7.3347525 -10.37669295 10.25294435
v 7.14240484 -10.02944604 10.41994703
v 7.32104981 -10.02944604 10.33644569
v 7.30734712 -9.68219914 10.41994703
v 7.95642046 -10.72393985 9.7324451
v 7.75376537 -10.72393985 9.87811107
v 7.86993506 -10.37669295 9.86826175
v 8.15907555 -10.72393985 9.58677913
v 8.27524524 -10.37669295 9.5769298
v 8.07259015 -10.37669295 9.72259578
v 7.55111028 -10.72393985 10.02377705
v 7.66727997 -10.37669295 10.01392772
v 7.98610475 -10.02944604 9.85841243
v 7.97240206 -9.68219914 9.94191376
v 8.18875984 -10.02944604 9.71274645
v 8.39141493 -10.02944604 9.56708048
v 8.30492953 -9.68219914 9.70289713
v 8.50758462 -9.68219914 9.55723116
v 7.65357728 -10.02944604 10.09742906
v 7.63987459 -9.68219914 10.18093039
v 6.63387531 -10.72393985 10.50344836
v 6.45523034 -10.72393985 10.5869497
v 6.62017262 -10.37669295 10.5869497
v 6.79881759 -10.37669295 10.50344836
v 7.01233385 -10.72393985 11.39640448
v 7.19097882 -10.72393985 11.31290314
v 7.36962379 -10.72393985 11.22940181
v 6.60646992 -10.02944604 10.67045103
v 6.96375987 -10.02944604 10.50344836
v 6.7851149 -10.02944604 10.5869497
v 6.7714122 -9.68219914 10.67045103
v 6.95005718 -9.68219914 10.5869497
v 6.59276723 -9.68219914 10.75395237
v 7.12870215 -9.68219914 10.50344836
v 8.08420368 -10.72393985 10.89539647
v 8.26284865 -10.72393985 10.81189513
v 8.44149362 -10.72393985 10.7283938
v 7.54826876 -10.72393985 11.14590047
v 7.72691373 -10.72393985 11.06239914
v 7.90555871 -10.72393985 10.9788978
v 8.29122684 -9.33495223 9.78639846
v 8.27752415 -8.98770533 9.8698998
v 7.95869937 -9.33495223 10.0254151
v 7.6261719 -9.33495223 10.26443173
v 7.94499668 -8.98770533 10.10891643
v 7.61246921 -8.98770533 10.34793306
v 8.26382146 -8.64045842 9.95340113
v 8.58264624 -8.29321152 9.79788584
v 7.93129399 -8.64045842 10.19241777
v 7.59876652 -8.64045842 10.4314344
v 7.9175913 -8.29321152 10.2759191
v 8.25011877 -8.29321152 10.03690247
v 6.93635448 -9.33495223 10.67045103
v 6.57906454 -9.33495223 10.8374537
v 6.75770951 -9.33495223 10.75395237
v 6.56536185 -8.98770533 10.92095504
v 6.92265179 -8.98770533 10.75395237
v 6.74400682 -8.98770533 10.8374537
v 7.11499946 -9.33495223 10.5869497
v 7.29364443 -9.33495223 10.50344836
v 7.10129676 -8.98770533 10.67045103
v 7.27994174 -8.98770533 10.5869497
v 6.73030413 -8.64045842 10.92095504
v 6.9089491 -8.64045842 10.8374537
v 6.89524641 -8.29321152 10.92095504
v 7.26623904 -8.64045842 10.67045103
v 7.08759407 -8.64045842 10.75395237
v 7.07389138 -8.29321152 10.8374537
v 7.25253635 -8.29321152 10.75395237
v 6.49195447 -8.25941045 11.06574369
v 7.58506382 -8.29321152 10.51493573
v 5.85031285 -7.84456142 11.35532099
v 6.2536048 -7.87836249 11.21053234
v 6.01525513 -7.49731452 11.35532099
v 6.41854708 -7.53111558 11.21053234
v 6.34137746 -6.65626108 11.29786188
v 6.26420784 -5.78140658 11.38519141
v 8.56894355 -7.94596461 9.88138717
v 8.55524086 -7.59871771 9.96488851
v 7.90388861 -7.94596461 10.35942044
v 7.89018591 -7.59871771 10.44292177
v 8.23641608 -7.94596461 10.1204038
v 8.22271339 -7.59871771 10.20390514
v 8.44610653 -6.7238632 10.12546074
v 8.11357906 -6.7238632 10.36447737
v 7.06018869 -7.94596461 10.92095504
v 7.23883366 -7.94596461 10.8374537
v 7.22513097 -7.59871771 10.92095504
v 6.65689675 -7.91216355 11.06574369
v 6.82183903 -7.56491664 11.06574369
v 7.44852412 -6.7238632 10.84251064
v 7.14796135 -6.7238632 11.00828457
v 7.57136113 -7.94596461 10.59843707
v 7.55765844 -7.59871771 10.6819384
v 7.78105159 -6.7238632 10.603494
v 8.33697221 -5.8490087 10.28603297
v 6.74466941 -6.69006214 11.15307322
v 6.66749979 -5.81520764 11.24040276
v 7.07079173 -5.8490087 11.09561411
v 7.3713545 -5.8490087 10.92984017
v 8.00444474 -5.8490087 10.5250496
v 7.67191727 -5.8490087 10.76406623
v 0 -10.72393985 12.09579429
v 0.1777778 -10.72393985 12.07815545
v 0.3555556 -10.72393985 12.06051662
v 0.5333334 -10.72393985 12.04287779
v 0.5333334 -10.29259624 12.10387948
v 0.1777778 -10.29259624 12.13915715
v 0.3555556 -10.29259624 12.12151831
v 0.71111121 -10.72393985 12.02523895
v 1.06666681 -10.72393985 11.98996129
v 0.88888901 -10.72393985 12.00760012
v 1.06666681 -10.72393985 12.33487303
v 0.71111121 -10.29259624 12.08624065
v 0.88888901 -10.29259624 12.06860181
v 1.06666681 -10.29259624 12.05096298
v 0.1777778 -9.86125263 12.20015884
v 0.3555556 -9.86125263 12.18252001
v 0.5333334 -9.86125263 12.16488117
v 0.1777778 -9.42990902 12.26116053
v 0.5333334 -9.42990902 12.22588287
v 0.3555556 -9.42990902 12.2435217
v 1.06666681 -9.86125263 12.11196467
v 0.71111121 -9.86125263 12.14724234
v 0.88888901 -9.86125263 12.12960351
v 0.71111121 -9.42990902 12.20824403
v 0.88888901 -9.42990902 12.1906052
v 1.06666681 -9.42990902 12.17296637
v 2.05785683 -10.72393985 11.87086182
v 1.24444461 -10.72393985 11.97232245
v 1.42222241 -10.72393985 11.95468362
v 1.60000021 -10.72393985 11.93704479
v 1.24444461 -10.72393985 12.3172342
v 1.42222241 -10.72393985 12.29959537
v 1.24444461 -10.29259624 12.03332415
v 1.42222241 -10.29259624 12.01568531
v 1.82892852 -10.72393985 11.9039533
v 1.8217228 -10.34289188 11.96893458
v 2.0506511 -10.34289188 11.93584309
v 1.24444461 -9.86125263 12.09432584
v 1.46616719 -9.48020466 12.12621563
v 1.64394499 -9.91154827 12.0475751
v 2.04344538 -9.96184392 12.00082437
v 1.86566758 -9.53050031 12.0794649
v 0.1777778 -10.72393985 12.4230672
v 0.3555556 -10.72393985 12.40542837
v 0.5333334 -10.72393985 12.38778953
v 0.1777778 -10.72393985 12.76797895
v 0.3555556 -10.72393985 12.75034011
v 0.5333334 -10.72393985 12.73270128
v 0.71111121 -10.72393985 12.3701507
v 0.88888901 -10.72393985 12.35251187
v 0.71111121 -10.72393985 12.71506245
v 0.88888901 -10.72393985 12.69742361
v 1.06666681 -10.72393985 12.67978478
v 0.1777778 -10.72393985 13.11289069
v 0.3555556 -10.72393985 13.09525186
v 0.5333334 -10.72393985 13.07761302
v 0.71111121 -10.72393985 13.05997419
v 0.88888901 -10.72393985 13.04233536
v 1.06666681 -10.72393985 13.02469652
v 1.24444461 -10.72393985 12.66214595
v 0.1777778 -8.99856541 12.32216223
v 0.3555556 -8.99856541 12.30452339
v 0.5333334 -8.99856541 12.28688456
v 0.71111121 -8.99856541 12.26924572
v 0.88888901 -8.99856541 12.25160689
v 0.5333334 -8.5672218 12.34788625
v 0.71111121 -8.5672218 12.33024742
v 1.28838939 -9.04886106 12.20485616
v 2.08739016 -9.14945234 12.11135469
v 1.68788978 -9.0991567 12.15810542
v 1.90961236 -8.71810873 12.18999521
v 1.11061159 -8.61751745 12.28349668
v 1.51011197 -8.66781309 12.23674595
v 1.33233417 -8.23646948 12.31538647
v 1.73183456 -8.28676512 12.26863574
v 2.13133494 -8.33706076 12.22188501
v 0.1777778 -8.5672218 12.38316392
v 0.3555556 -8.5672218 12.36552508
v 0.1777778 -8.1358782 12.44416561
v 0.3555556 -8.1358782 12.42652678
v 0.5333334 -8.1358782 12.40888794
v 0.93283379 -8.18617384 12.36213721
v 2.28678514 -10.72393985 11.83777033
v 2.51571344 -10.72393985 11.80467885
v 2.50850772 -10.34289188 11.86966012
v 2.74464175 -10.72393985 11.77158736
v 2.97357006 -10.72393985 11.73849588
v 3.20249836 -10.72393985 11.70540439
v 2.73743602 -10.34289188 11.83656864
v 2.96636433 -10.34289188 11.80347716
v 3.19529264 -10.34289188 11.77038567
v 2.27957941 -10.34289188 11.90275161
v 2.95915861 -9.96184392 11.86845843
v 3.18808691 -9.96184392 11.83536695
v 2.27237369 -9.96184392 11.96773289
v 2.50130199 -9.96184392 11.9346414
v 2.26516796 -9.58079595 12.03271416
v 2.49409627 -9.58079595 11.99962268
v 2.7302303 -9.96184392 11.90154992
v 2.72302458 -9.58079595 11.96653119
v 2.95195288 -9.58079595 11.93343971
v 3.18088119 -9.58079595 11.90034822
v 3.43142667 -10.72393985 11.67231291
v 3.66035498 -10.72393985 11.63922143
v 3.42422095 -10.34289188 11.73729419
v 3.65314925 -10.34289188 11.7042027
v 3.89149892 -10.72393985 11.55941405
v 4.12264286 -10.72393985 11.47960667
v 3.8842932 -10.34289188 11.62439532
v 4.11543714 -10.34289188 11.54458795
v 3.33175586 -10.72393985 12.29959537
v 3.56068417 -10.72393985 12.26650388
v 4.01854078 -10.72393985 12.20032091
v 3.78961248 -10.72393985 12.2334124
v 4.24746909 -10.72393985 12.16722943
v 3.41701522 -9.96184392 11.80227546
v 3.64594353 -9.96184392 11.76918398
v 3.4098095 -9.58079595 11.86725674
v 3.6387378 -9.58079595 11.83416525
v 4.10823141 -9.96184392 11.60956922
v 3.87708747 -9.96184392 11.6893766
v 3.86988175 -9.58079595 11.75435788
v 4.10102569 -9.58079595 11.6745505
v 3.15397806 -10.72393985 12.66214595
v 2.97620026 -10.72393985 13.02469652
v 2.48689054 -9.19974798 12.06460395
v 2.30911274 -8.76840437 12.14324448
v 2.71581885 -9.19974798 12.03151247
v 2.94474716 -9.19974798 11.99842098
v 3.17367546 -9.19974798 11.9653295
v 2.70861313 -8.81870001 12.09649375
v 2.93754143 -8.81870001 12.06340226
v 3.16646974 -8.81870001 12.03031078
v 2.53083532 -8.3873564 12.17513427
v 3.15926402 -8.43765204 12.09529205
v 2.93033571 -8.43765204 12.12838354
v 3.15205829 -8.05660408 12.16027333
v 3.86267602 -9.19974798 11.81933915
v 4.09381996 -9.19974798 11.73953178
v 4.08661424 -8.81870001 11.80451305
v 3.40260377 -9.19974798 11.93223802
v 3.63153208 -9.19974798 11.89914653
v 3.39539805 -8.81870001 11.99721929
v 3.62432635 -8.81870001 11.96412781
v 3.8554703 -8.81870001 11.88432043
v 4.07940851 -8.43765204 11.86949433
v 3.38819232 -8.43765204 12.06220057
v 3.61712063 -8.43765204 12.02910908
v 3.6099149 -8.05660408 12.09409036
v 3.3809866 -8.05660408 12.12718184
v 3.84826457 -8.43765204 11.94930171
v 3.84105885 -8.05660408 12.01428298
v 4.07220279 -8.05660408 11.93447561
v 0.1777778 -10.72393985 13.45780244
v 0.3555556 -10.72393985 13.4401636
v 0.5333334 -10.72393985 13.42252477
v 0.5333334 -10.72393985 13.76743652
v 0.71111121 -10.72393985 13.40488594
v 0.88888901 -10.72393985 13.3872471
v 0.71111121 -10.72393985 13.74979768
v 0.1777778 -10.72393985 13.80271418
v 0.3555556 -10.72393985 13.78507535
v 0.1777778 -10.72393985 14.14762593
v 0.3555556 -10.72393985 14.1299871
v 0.5333334 -10.72393985 14.11234826
v 0.3555556 -10.72393985 14.47489884
v 0.1777778 -10.72393985 14.49253767
v 0.1777778 -10.72393985 14.83744942
v 0 -10.72393985 15.2
v 2.08731125 -10.72393985 14.83744942
v 1.90953345 -10.72393985 15.2
v 1.90953345 -9.54002911 15.2
v 1.90953345 -8.35611837 15.2
v 2.62064466 -10.72393985 13.74979768
v 2.79842246 -10.72393985 13.3872471
v 2.44286685 -10.72393985 14.11234826
v 2.26508905 -10.72393985 14.47489884
v 4.1746225 -10.72393985 14.47489884
v 3.9968447 -10.72393985 14.83744942
v 3.8190669 -10.72393985 15.2
v 3.8190669 -9.54002911 15.2
v 3.8190669 -8.35611837 15.2
v 1.55405675 -7.85542151 12.34727627
v 1.95355714 -7.90571715 12.30052553
v 0.1777778 -7.70453459 12.5051673
v 0.3555556 -7.70453459 12.48752847
v 0.75505599 -7.75483023 12.44077774
v 0.97677857 -7.37378226 12.47266753
v 0.1777778 -7.27319098 12.566169
v 0 -6.84184737 12.64480952
v 0.39950038 -6.89214301 12.59805879
v 0.57727819 -7.32348662 12.51941826
v 0.79900077 -6.94243865 12.55130805
v 1.15455637 -7.80512587 12.394027
v 1.37627895 -7.4240779 12.42591679
v 1.77577934 -7.47437354 12.37916606
v 1.59800154 -7.04302993 12.45780658
v 1.19850115 -6.99273429 12.50455732
v 1.99750192 -7.09332558 12.41105585
v 0.37560995 -6.05108957 12.64480952
v 0.77511034 -6.10138521 12.59805879
v 1.17461072 -6.15168085 12.55130805
v 1.57411111 -6.20197649 12.50455732
v 1.97361149 -6.25227214 12.45780658
v 1.94972106 -5.4112187 12.50455732
v 2.35305752 -7.95601279 12.2537748
v 2.17527972 -7.52466918 12.33241532
v 2.5747801 -7.57496483 12.28566459
v 2.75255791 -8.00630844 12.20702406
v 2.97428049 -7.62526047 12.23891385
v 2.79650269 -7.19391686 12.31755438
v 3.19600307 -7.2442125 12.27080365
v 3.37378087 -7.67555611 12.19216312
v 3.60270918 -7.67555611 12.15907164
v 4.23714507 -7.70935717 11.93447561
v 3.83385312 -7.67555611 12.07926426
v 3.59550345 -7.29450814 12.22405291
v 3.9987954 -7.3283092 12.07926426
v 2.3970023 -7.14362122 12.36430512
v 3.17211264 -6.40315906 12.31755438
v 3.57161303 -6.4534547 12.27080365
v 3.92162578 -6.4534547 12.16659379
v 3.5477226 -5.61240126 12.31755438
v 4.24774811 -5.61240126 12.10913468
v 3.89773535 -5.61240126 12.21334453
v 2.37311187 -6.30256778 12.41105585
v 2.77261226 -6.35286342 12.36430512
v 2.34922144 -5.46151434 12.45780658
v 2.74872183 -5.51180998 12.41105585
v 3.14822221 -5.56210562 12.36430512
v 1.90953345 -7.17220764 15.2
v 1.90953345 -5.9882969 15.2
v 3.8190669 -7.17220764 15.2
v 3.8190669 -5.9882969 15.2
v 4.34658108 -10.34289188 11.46478057
v 4.7053257 -10.72393985 12.10104646
v 4.4763974 -10.72393985 12.13413794
v 4.93425401 -10.72393985 12.06795497
v 5.16318232 -10.72393985 12.03486349
v 4.33937535 -9.96184392 11.52976185
v 4.5705193 -9.96184392 11.44995447
v 4.56331357 -9.58079595 11.51493575
v 4.33216963 -9.58079595 11.59474312
v 4.79445751 -9.58079595 11.43512837
v 5.85661414 -10.72393985 11.79544136
v 6.31890203 -10.72393985 11.63582661
v 6.08775809 -10.72393985 11.71563398
v 5.39432626 -10.72393985 11.95505611
v 5.6254702 -10.72393985 11.87524874
v 5.06351151 -10.72393985 12.66214595
v 5.29243982 -10.72393985 12.62905446
v 4.88573371 -10.72393985 13.02469652
v 5.75029643 -10.72393985 12.56287149
v 5.52136812 -10.72393985 12.59596298
v 5.97922474 -10.72393985 12.52978001
v 6.43708135 -10.72393985 12.46359704
v 6.20815305 -10.72393985 12.49668852
v 4.55610785 -9.19974798 11.57991702
v 4.78725179 -9.19974798 11.50010965
v 4.3249639 -9.19974798 11.6597244
v 4.31775818 -8.81870001 11.72470568
v 4.54890212 -8.81870001 11.6448983
v 4.95219407 -8.85250107 11.50010965
v 4.31055245 -8.43765204 11.78968695
v 4.7138444 -8.47145311 11.6448983
v 4.47549473 -8.09040514 11.78968695
v 5.11713635 -8.50525417 11.50010965
v 5.28207863 -8.15800726 11.50010965
v 4.87878668 -8.1242062 11.6448983
v 6.55004597 -10.72393985 11.55601923
v 6.78118991 -10.72393985 11.47621185
v 7.12829754 -10.72393985 12.2708908
v 7.35944148 -10.72393985 12.19108342
v 8.28401725 -10.72393985 11.87185392
v 8.46266222 -10.72393985 11.78835258
v 7.59058543 -10.72393985 12.11127605
v 8.05287331 -10.72393985 11.95166129
v 7.82172937 -10.72393985 12.03146867
v 6.66600966 -10.72393985 12.43050555
v 6.8971536 -10.72393985 12.35069818
v 6.79526716 -10.72393985 13.02469652
v 7.02419546 -10.72393985 12.99160504
v 7.48205208 -10.72393985 12.92542207
v 7.25312377 -10.72393985 12.95851356
v 8.39998094 -10.72393985 12.74634024
v 7.71098039 -10.72393985 12.89233059
v 7.93990869 -10.72393985 12.8592391
v 8.168837 -10.72393985 12.82614762
v 4.70795591 -10.72393985 13.3872471
v 4.5301781 -10.72393985 13.74979768
v 4.3524003 -10.72393985 14.11234826
v 6.43971155 -10.72393985 13.74979768
v 6.26193375 -10.72393985 14.11234826
v 6.08415595 -10.72393985 14.47489884
v 5.90637815 -10.72393985 14.83744942
v 5.72860035 -10.72393985 15.2
v 5.72860035 -9.54002911 15.2
v 5.72860035 -8.35611837 15.2
v 6.61748936 -10.72393985 13.3872471
v 8.5270228 -10.72393985 13.3872471
v 8.349245 -10.72393985 13.74979768
v 8.1714672 -10.72393985 14.11234826
v 7.9936894 -10.72393985 14.47489884
v 7.8159116 -10.72393985 14.83744942
v 7.6381338 -10.72393985 15.2
v 7.6381338 -9.54002911 15.2
v 7.6381338 -8.35611837 15.2
v 4.64043701 -7.74315823 11.78968695
v 4.80537929 -7.39591133 11.78968695
v 5.04372896 -7.7769593 11.6448983
v 5.20867124 -7.42971239 11.6448983
v 4.40208735 -7.36211027 11.93447561
v 5.44702091 -7.81076036 11.50010965
v 5.61196319 -7.46351345 11.50010965
v 5.13150162 -6.55485789 11.73222784
v 4.32491773 -6.48725576 12.02180514
v 4.72820967 -6.52105683 11.87701649
v 5.054332 -5.68000339 11.81955737
v 4.65104006 -5.64620232 11.96434602
v 5.53479357 -6.58865895 11.58743918
v 5.93808551 -6.62246001 11.44265053
v 5.86091589 -5.74760551 11.52998006
v 5.45762395 -5.71380445 11.67476872
v 5.72860035 -7.17220764 15.2
v 5.72860035 -5.9882969 15.2
v 7.6381338 -7.17220764 15.2
v 7.6381338 -5.9882969 15.2
v 8.56036536 -4.9741542 10.20758857
v 8.22783789 -4.9741542 10.4466052
v 8.45123104 -4.0992997 10.3681608
v 6.59033017 -4.94035314 11.32773229
v 7.29418488 -4.9741542 11.01716971
v 6.99362211 -4.9741542 11.18294364
v 6.91645249 -4.0992997 11.27027318
v 7.21701526 -4.0992997 11.10449924
v 7.51757803 -4.0992997 10.9387253
v 7.89531042 -4.9741542 10.68562183
v 7.59474765 -4.9741542 10.85139577
v 7.8181408 -4.0992997 10.77295137
v 8.11870357 -4.0992997 10.60717743
v 6.83928287 -3.22444519 11.35760271
v 7.44040841 -3.22444519 11.02605484
v 7.13984564 -3.22444519 11.19182877
v 7.74097118 -3.22444519 10.8602809
v 8.04153395 -3.22444519 10.69450697
v 8.34209671 -3.22444519 10.52873303
v 7.36323879 -2.34959069 11.11338437
v 7.06267602 -2.34959069 11.27915831
v 6.96191487 -1.47473619 11.36699149
v 7.26247764 -1.47473619 11.20121755
v 7.96436433 -2.34959069 10.7818365
v 8.26492709 -2.34959069 10.61606257
v 8.56548986 -2.34959069 10.45028863
v 7.66380156 -2.34959069 10.94761044
v 7.86074104 -1.47473619 10.87098517
v 8.46186657 -1.47473619 10.5394373
v 8.16130381 -1.47473619 10.70521124
v 7.5630404 -1.47473619 11.03544361
v 7.46227925 -0.59988169 11.12327679
v 7.16171648 -0.59988169 11.28905073
v 8.35824329 -0.59988169 10.62858598
v 8.05768052 -0.59988169 10.79435991
v 7.75997988 -0.59988169 10.95881835
v 0.37560995 -5.29852244 12.67863692
v 0.75121991 -5.26033177 12.64480952
v 0.37560995 -4.54595531 12.71246431
v 0.75121991 -4.50776464 12.67863692
v 1.55022068 -5.36092305 12.55130805
v 1.15072029 -5.31062741 12.59805879
v 1.12682986 -4.46957397 12.64480952
v 1.52633025 -4.51986961 12.59805879
v 1.92583063 -4.57016526 12.55130805
v 0 -3.83157885 12.7801191
v 0.37560995 -3.79338818 12.74629171
v 0.75121991 -3.75519751 12.71246431
v 0.37560995 -3.04082105 12.7801191
v 0.75121991 -3.00263038 12.74629171
v 1.12682986 -3.71700684 12.67863692
v 1.50243982 -3.67881617 12.64480952
v 1.9019402 -3.72911182 12.59805879
v 1.12682986 -2.96443971 12.71246431
v 1.50243982 -2.92624905 12.67863692
v 1.87804977 -2.88805838 12.64480952
v 3.87384492 -4.77134782 12.26009526
v 4.22385768 -4.77134782 12.15588541
v 3.12433178 -4.72105218 12.41105585
v 2.32533101 -4.6204609 12.50455732
v 2.7248314 -4.67075654 12.45780658
v 3.52383217 -4.77134782 12.36430512
v 3.84995449 -3.93029438 12.306846
v 4.19996725 -3.93029438 12.20263615
v 4.17607682 -3.08924094 12.24938688
v 2.30144058 -3.77940746 12.55130805
v 2.70094097 -3.8297031 12.50455732
v 3.10044135 -3.87999874 12.45780658
v 2.67705054 -2.98864966 12.55130805
v 2.27755015 -2.93835402 12.59805879
v 3.07655092 -3.0389453 12.50455732
v 3.49994174 -3.93029438 12.41105585
v 3.47605131 -3.08924094 12.45780658
v 3.82606406 -3.08924094 12.35359673
v 1.90953345 -4.80438616 15.2
v 1.90953345 -3.62047542 15.2
v 3.8190669 -4.80438616 15.2
v 3.8190669 -3.62047542 15.2
v 0.37560995 -2.28825392 12.8139465
v 0.75121991 -2.25006325 12.7801191
v 0 -2.32644459 12.84777389
v 0.75002765 -1.49749612 12.81266996
v 0.3744177 -1.53568679 12.84649736
v 1.12682986 -2.21187259 12.74629171
v 1.50243982 -2.17368192 12.71246431
v 1.87804977 -2.13549125 12.67863692
v 1.1256376 -1.45930546 12.77884257
v 1.49767078 -1.42111479 12.7439176
v 1.87328074 -1.38292412 12.71009021
v 0 -0.82131033 12.91542868
v 0.3744177 -0.78311966 12.88032475
v 0.74883539 -0.744929 12.84522083
v 0 -0.0687432 12.94925607
v 0 -0.03055254 12.94878238
v 0.37415359 -0.03055254 12.91335111
v 1.12444535 -0.70673833 12.81139343
v 1.49647852 -0.66854766 12.77646846
v 1.8685117 -0.63035699 12.74154349
v 4.15218639 -2.2481875 12.29613761
v 4.11423261 -1.40713406 12.34042258
v 2.25365973 -2.09730058 12.64480952
v 2.65316011 -2.14759622 12.59805879
v 3.05266049 -2.19789186 12.55130805
v 2.24889069 -1.34473345 12.67626281
v 3.01803973 -1.35683842 12.59476607
v 3.45216088 -2.2481875 12.50455732
v 3.80217363 -2.2481875 12.40034747
v 3.41754012 -1.40713406 12.54801533
v 3.76421985 -1.40713406 12.44463243
v 2.61853935 -1.30654278 12.6415168
v 2.24412166 -0.59216632 12.7077161
v 2.61377032 -0.55397565 12.67297009
v 2.98341898 -0.51578498 12.63822408
v 3.72959909 -0.56608062 12.48809045
v 3.38291936 -0.56608062 12.59147334
v 4.07627882 -0.56608062 12.38470755
v 1.90953345 -2.43656468 15.2
v 0 -0.0687432 15.2
v 1.90953345 -1.25265394 15.2
v 3.8190669 -2.43656468 15.2
v 3.63116881 -0.0687432 15.09613333
v 4.57387044 -4.77134782 12.05167556
v 4.97716238 -4.80514888 11.90688691
v 5.78374627 -4.87275101 11.6173096
v 5.38045433 -4.83894995 11.76209825
v 6.18703822 -4.90655207 11.47252095
v 6.1098686 -4.03169757 11.55985048
v 5.30328471 -3.96409544 11.84942779
v 4.54998001 -3.93029438 12.09842629
v 4.89999276 -3.93029438 11.99421644
v 4.52608958 -3.08924094 12.14517703
v 4.87610233 -3.08924094 12.04096717
v 5.22611509 -3.08924094 11.93675732
v 5.70657666 -3.99789651 11.70463913
v 5.62940704 -3.12304201 11.79196867
v 6.43599093 -3.19064413 11.50239136
v 6.03269898 -3.15684307 11.64718002
v 6.51316055 -4.06549863 11.41506183
v 5.72860035 -4.80438616 15.2
v 5.72860035 -3.62047542 15.2
v 7.6381338 -4.80438616 15.2
v 4.50219915 -2.2481875 12.19192776
v 4.8522119 -2.2481875 12.08771791
v 5.20222466 -2.2481875 11.98350806
v 4.46424536 -1.40713406 12.23621273
v 4.8109251 -1.40713406 12.13282983
v 5.16093785 -1.40713406 12.02861998
v 6.35882131 -2.31578963 11.5897209
v 5.95552936 -2.28198857 11.73450955
v 5.55223742 -2.2481875 11.8792982
v 5.85763034 -1.40713406 11.82102723
v 6.26092229 -1.44093513 11.67623858
v 5.51095061 -1.40713406 11.92441013
v 4.42629158 -0.56608062 12.2804977
v 4.77297131 -0.56608062 12.1771148
v 5.11965104 -0.56608062 12.0737319
v 5.81634353 -0.56608062 11.86613915
v 6.16302326 -0.56608062 11.76275626
v 5.4696638 -0.56608062 11.96952205
v 6.76211326 -2.34959069 11.44493225
v 6.66421423 -1.47473619 11.53144992
v 6.56631521 -0.59988169 11.6179676
v 6.86401585 -0.59988169 11.45350917
v 5.54070226 -1.25265394 15.09613333
v 7.6381338 -2.43656468 15.2
v 7.45023571 -0.0687432 15.09613333
v 9.63702977 -10.72393985 8.34481809
v 9.52086008 -10.72393985 8.47322588
v 9.63702977 -10.37669295 8.46337656
v 10.10170852 -10.72393985 7.83118691
v 9.98553883 -10.72393985 7.9595947
v 10.10170852 -10.37669295 7.94974538
v 10.26366845 -10.72393985 7.6342597
v 10.25603675 -10.72393985 7.64567961
v 10.24840504 -10.72393985 7.65709951
v 10.27893187 -10.72393985 7.6114199
v 10.27130016 -10.72393985 7.6228398
v 10.23314163 -10.72393985 7.67993931
v 10.24077333 -10.72393985 7.66851941
v 10.22550992 -10.72393985 7.69135921
v 10.21787821 -10.72393985 7.70277911
v 10.23130528 -10.69854025 7.69135921
v 10.33109353 -10.36153706 7.65709951
v 10.32346182 -10.36153706 7.66851941
v 10.31583012 -10.36153706 7.67993931
v 10.30819841 -10.36153706 7.69135921
v 10.36925207 -10.36153706 7.6
v 10.36162036 -10.36153706 7.6114199
v 10.35398865 -10.36153706 7.6228398
v 10.34635694 -10.36153706 7.6342597
v 10.33872524 -10.36153706 7.64567961
v 10.21787821 -10.37669295 7.82133758
v 10.42363673 -10.08973497 7.6114199
v 10.42777115 -10.07161483 7.6114199
v 9.86936914 -10.72393985 8.0880025
v 9.75319946 -10.72393985 8.21641029
v 9.86936914 -10.37669295 8.20656097
v 9.98553883 -10.37669295 8.07815317
v 9.75319946 -10.37669295 8.33496876
v 10.10170852 -10.02944604 8.06830385
v 10.43427327 -10.03940125 7.61268878
v 10.43527683 -10.03537455 7.61256189
v 10.43667714 -9.99913427 7.6228398
v 10.45194056 -9.99913427 7.6
v 10.44430885 -9.99913427 7.6114199
v 10.4455808 -9.99913427 7.60951658
v 10.44583519 -9.99913427 7.60913592
v 10.44382649 -9.99913427 7.6121417
v 10.42904544 -9.99913427 7.6342597
v 10.42141373 -9.99913427 7.64567961
v 10.41378202 -9.99913427 7.65709951
v 10.39851861 -9.99913427 7.67993931
v 10.40615032 -9.99913427 7.66851941
v 10.45693524 -9.95379525 7.60800591
v 10.30819841 -10.01429016 7.80991768
v 10.21787821 -10.02944604 7.93989605
v 10.39851861 -9.65188737 7.79849778
v 10.53462905 -9.63673148 7.6
v 10.52699734 -9.63673148 7.6114199
v 10.51936563 -9.63673148 7.6228398
v 10.50410222 -9.63673148 7.64567961
v 10.49647051 -9.63673148 7.65709951
v 10.51173393 -9.63673148 7.6342597
v 10.48883881 -9.63673148 7.66851941
v 10.30819841 -9.66704325 7.92847615
v 10.21787821 -9.68219914 8.05845452
v 9.98553883 -10.02944604 8.19671164
v 9.86936914 -10.02944604 8.32511944
v 9.75319946 -10.02944604 8.45352723
v 10.10170852 -9.68219914 8.18686232
v 9.86936914 -9.68219914 8.44367791
v 9.98553883 -9.68219914 8.31527011
v 8.96969592 -10.72393985 9.00411524
v 9.08586561 -10.37669295 8.99426591
v 9.2885207 -10.72393985 8.73004147
v 9.40469039 -10.72393985 8.60163368
v 9.17235101 -10.72393985 8.85844927
v 9.52086008 -10.37669295 8.59178435
v 9.40469039 -10.37669295 8.72019215
v 9.2885207 -10.37669295 8.84859994
v 8.76704083 -10.72393985 9.14978121
v 8.88321052 -10.37669295 9.13993189
v 8.68055543 -10.37669295 9.28559786
v 9.63702977 -10.02944604 8.58193503
v 9.52086008 -10.02944604 8.71034282
v 9.2020353 -10.02944604 8.98441659
v 9.40469039 -10.02944604 8.83875062
v 9.63702977 -9.68219914 8.7004935
v 9.31820499 -9.68219914 8.97456727
v 9.52086008 -9.68219914 8.82890129
v 8.99938021 -10.02944604 9.13008256
v 8.79672511 -10.02944604 9.27574854
v 8.59407002 -10.02944604 9.42141451
v 9.11554989 -9.68219914 9.12023324
v 8.71023971 -9.68219914 9.41156518
v 8.9128948 -9.68219914 9.26589921
v 10.64358279 -10.72393985 8.92102704
v 10.17890404 -10.72393985 9.43465822
v 10.41124341 -10.72393985 9.17784263
v 10.5274131 -10.72393985 9.04943484
v 10.29507373 -10.72393985 9.30625043
v 9.75319946 -9.68219914 8.5720857
v 10.60205413 -9.27432869 7.6228398
v 10.59442242 -9.27432869 7.6342597
v 10.58679071 -9.27432869 7.64567961
v 10.57915901 -9.27432869 7.65709951
v 10.61731754 -9.27432869 7.6
v 10.60968583 -9.27432869 7.6114199
v 10.48883881 -9.28948458 7.78707788
v 10.39851861 -9.30464046 7.91705625
v 10.30819841 -9.31979635 8.04703462
v 10.6694792 -8.9119259 7.64567961
v 10.70000603 -8.9119259 7.6
v 10.69237432 -8.9119259 7.6114199
v 10.68474262 -8.9119259 7.6228398
v 10.67711091 -8.9119259 7.6342597
v 10.57915901 -8.92708179 7.77565798
v 10.39851861 -8.95739356 8.03561472
v 10.48883881 -8.94223767 7.90563635
v 10.10170852 -9.33495223 8.30542079
v 9.98553883 -9.33495223 8.43382858
v 10.10170852 -8.98770533 8.42397926
v 10.21787821 -9.33495223 8.17701299
v 10.30819841 -8.97254944 8.16559309
v 10.21787821 -8.98770533 8.29557146
v 10.6694792 -8.564679 7.76423808
v 10.57915901 -8.57983488 7.89421645
v 10.48883881 -8.59499077 8.02419482
v 10.6694792 -8.21743209 7.88279655
v 10.57915901 -8.23258798 8.01277492
v 10.10170852 -8.64045842 8.54253773
v 10.39851861 -8.61014665 8.15417319
v 10.30819841 -8.62530254 8.28415156
v 10.21787821 -8.64045842 8.41412994
v 10.39851861 -8.26289975 8.27273166
v 10.48883881 -8.24774386 8.14275329
v 10.30819841 -8.27805563 8.40271003
v 10.21787821 -8.29321152 8.53268841
v 9.63702977 -9.33495223 8.81905197
v 9.43437468 -9.33495223 8.96471794
v 9.55054436 -8.98770533 8.95486862
v 9.02906449 -9.33495223 9.25604989
v 8.8264094 -9.33495223 9.40171586
v 8.94257909 -8.98770533 9.39186653
v 9.23171958 -9.33495223 9.11038391
v 9.34788927 -8.98770533 9.10053459
v 9.14523418 -8.98770533 9.24620056
v 9.66671405 -8.64045842 8.94501929
v 8.9288764 -8.64045842 9.47536787
v 9.26140387 -8.64045842 9.23635124
v 9.46405896 -8.64045842 9.09068526
v 9.58022865 -8.29321152 9.08083594
v 9.24770118 -8.29321152 9.31985257
v 9.86936914 -9.33495223 8.56223638
v 9.75319946 -9.33495223 8.69064417
v 9.86936914 -8.98770533 8.68079485
v 9.98553883 -8.98770533 8.55238705
v 9.75319946 -8.98770533 8.80920264
v 9.98553883 -8.64045842 8.67094552
v 9.86936914 -8.64045842 8.79935332
v 10.10170852 -8.29321152 8.6610962
v 9.78288374 -8.29321152 8.93516997
v 9.98553883 -8.29321152 8.78950399
v 11.00735527 -10.72393985 7.66851941
v 10.99972357 -10.72393985 7.67993931
v 10.99209186 -10.72393985 7.69135921
v 11.0378821 -10.72393985 7.6228398
v 11.05314552 -10.72393985 7.6
v 11.04551381 -10.72393985 7.6114199
v 11.03025039 -10.72393985 7.6342597
v 11.02261869 -10.72393985 7.64567961
v 11.01498698 -10.72393985 7.65709951
v 11.13583401 -10.36153706 7.6
v 11.81209575 -10.72393985 7.6114199
v 11.80446404 -10.72393985 7.6228398
v 11.78156892 -10.72393985 7.65709951
v 11.79683234 -10.72393985 7.6342597
v 11.78920063 -10.72393985 7.64567961
v 11.77393721 -10.72393985 7.66851941
v 11.76630551 -10.72393985 7.67993931
v 10.99209186 -10.72393985 8.53580366
v 11.76630551 -10.72393985 8.52438376
v 11.2185225 -9.99913427 7.6
v 11.30121099 -9.63673148 7.6
v 11.81972746 -10.72393985 7.6
v 11.90241595 -10.36153706 7.6
v 12.54815086 -10.72393985 7.65709951
v 12.5863094 -10.72393985 7.6
v 12.57867769 -10.72393985 7.6114199
v 12.57104598 -10.72393985 7.6228398
v 12.56341428 -10.72393985 7.6342597
v 12.55578257 -10.72393985 7.64567961
v 12.54051916 -10.72393985 7.66851941
v 12.66899789 -10.36153706 7.6
v 12.54051916 -10.72393985 8.51296385
v 11.98510444 -9.99913427 7.6
v 12.06779293 -9.63673148 7.6
v 12.75168638 -9.99913427 7.6
v 12.83437487 -9.63673148 7.6
v 10.87592217 -10.72393985 8.66421145
v 10.75975248 -10.72393985 8.79261925
v 11.76630551 -10.72393985 9.3688282
v 11.65013582 -10.72393985 9.49723599
v 12.54051916 -10.72393985 9.3574083
v 11.38389948 -9.27432869 7.6
v 11.46658797 -8.9119259 7.6
v 10.76743111 -8.54952311 7.6228398
v 10.78269452 -8.54952311 7.6
v 10.77506282 -8.54952311 7.6114199
v 10.7597994 -8.54952311 7.6342597
v 10.86538301 -8.18712032 7.6
v 10.85775131 -8.18712032 7.6114199
v 10.8501196 -8.18712032 7.6228398
v 10.7597994 -8.20227621 7.75281817
v 11.54927646 -8.54952311 7.6
v 11.63196496 -8.18712032 7.6
v 12.15048142 -9.27432869 7.6
v 12.23316991 -8.9119259 7.6
v 12.3158584 -8.54952311 7.6
v 12.3985469 -8.18712032 7.6
v 9.65742417 -10.72393985 9.85439796
v 8.8468038 -10.72393985 10.43706185
v 9.04945889 -10.72393985 10.29139588
v 9.25211398 -10.72393985 10.1457299
v 9.45476907 -10.72393985 10.00006393
v 9.86007926 -10.72393985 9.70873199
v 10.06273435 -10.72393985 9.56306601
v 8.64414871 -10.72393985 10.58272782
v 9.35588707 -10.72393985 11.37084591
v 9.53453205 -10.72393985 11.28734457
v 10.14249732 -10.72393985 10.85034665
v 10.5478075 -10.72393985 10.55901471
v 10.34515241 -10.72393985 10.70468068
v 9.73718714 -10.72393985 11.1416786
v 9.93984223 -10.72393985 10.99601263
v 8.62375431 -9.33495223 9.54738183
v 8.61005162 -8.98770533 9.63088317
v 8.59634893 -8.64045842 9.7143845
v 8.91517371 -8.29321152 9.5588692
v 11.53396613 -10.72393985 9.62564379
v 11.41779644 -10.72393985 9.75405158
v 11.30162675 -10.72393985 9.88245938
v 11.18545706 -10.72393985 10.01086717
v 11.06928737 -10.72393985 10.13927497
v 10.95311768 -10.72393985 10.26768276
v 10.75046259 -10.72393985 10.41334874
v 12.54051916 -10.72393985 10.20185274
v 12.42434947 -10.72393985 10.33026054
v 11.64084593 -10.72393985 11.11796548
v 11.43819084 -10.72393985 11.26363146
v 12.30817978 -10.72393985 10.45866833
v 12.19201009 -10.72393985 10.58707613
v 12.0758404 -10.72393985 10.71548392
v 11.95967071 -10.72393985 10.84389172
v 11.84350102 -10.72393985 10.97229951
v 10.6694792 -7.87018519 8.00135502
v 10.57915901 -7.88534107 8.13133339
v 10.48883881 -7.90049696 8.26131176
v 10.39851861 -7.91565284 8.39129013
v 10.30819841 -7.93080873 8.5212685
v 10.6694792 -7.52293828 8.11991349
v 10.57915901 -7.53809417 8.24989186
v 10.39851861 -7.56840594 8.5098486
v 10.48883881 -7.55325005 8.37987023
v 10.72606379 -6.9305747 8.11991349
v 10.63574359 -6.94573059 8.24989186
v 10.45510319 -6.97604236 8.5098486
v 10.54542339 -6.96088647 8.37987023
v 9.56652596 -7.94596461 9.16433728
v 9.23399849 -7.94596461 9.40335391
v 9.55282327 -7.59871771 9.24783861
v 9.2202958 -7.59871771 9.48685524
v 9.44368895 -6.7238632 9.40841084
v 10.10170852 -7.94596461 8.77965467
v 9.89905343 -7.94596461 8.92532064
v 9.88535074 -7.59871771 9.00882198
v 10.21787821 -7.94596461 8.65124688
v 10.30819841 -7.58356182 8.63982697
v 10.21787821 -7.59871771 8.76980535
v 10.10874389 -6.7238632 8.93037758
v 10.36478299 -6.99119824 8.63982697
v 10.33937381 -6.7238632 8.71433678
v 9.77621642 -6.7238632 9.16939421
v 10.60200797 -6.3685229 8.37987023
v 10.51168777 -6.38367878 8.5098486
v 10.69232817 -6.35336701 8.24989186
v 10.65859256 -5.77615932 8.37987023
v 10.63318337 -5.50882428 8.45438003
v 10.48627859 -6.11634374 8.58435841
v 10.46086941 -5.8490087 8.65886821
v 10.23023949 -5.8490087 8.87490901
v 9.99960957 -5.8490087 9.09094981
v 9.6670821 -5.8490087 9.32996644
v 10.9404398 -7.82471753 7.6114199
v 10.94807151 -7.82471753 7.6
v 10.8501196 -7.83987341 7.74139827
v 10.7597994 -7.8550293 7.87137665
v 10.9404398 -7.47747062 7.72997837
v 10.8501196 -7.49262651 7.85995674
v 10.7597994 -7.50778239 7.98993512
v 11.71465345 -7.82471753 7.6
v 10.99702438 -6.88510705 7.72997837
v 11.08734458 -6.86995116 7.6
v 10.90670418 -6.90026293 7.85995674
v 10.81638398 -6.91541882 7.98993512
v 12.3985469 -7.00320958 7.6
v 11.14392916 -6.27758758 7.6
v 11.05360896 -6.29274347 7.72997837
v 10.96328877 -6.30789935 7.85995674
v 10.87296857 -6.32305524 7.98993512
v 11.71465345 -6.64080679 7.6
v 11.77123803 -6.04844321 7.6
v 10.78264837 -6.33821113 8.11991349
v 11.11019355 -5.70037989 7.72997837
v 10.92955315 -5.73069166 7.98993512
v 11.01987335 -5.71553578 7.85995674
v 11.20051375 -5.68522401 7.6
v 10.83923295 -5.74584755 8.11991349
v 10.74891275 -5.76100343 8.24989186
v 11.82782261 -5.45607964 7.6
v 12.3985469 -5.81929884 7.6
v 8.90147102 -7.94596461 9.64237054
v 8.88776833 -7.59871771 9.72587187
v 9.11116148 -6.7238632 9.64742747
v 8.778634 -6.7238632 9.88644411
v 9.00202715 -5.8490087 9.80799971
v 9.33455462 -5.8490087 9.56898307
v 8.66949968 -5.8490087 10.04701634
v 13.35289134 -10.72393985 7.6
v 13.34525963 -10.72393985 7.6114199
v 13.33762792 -10.72393985 7.6228398
v 13.32236451 -10.72393985 7.64567961
v 13.3147328 -10.72393985 7.65709951
v 13.32999622 -10.72393985 7.6342597
v 13.43557983 -10.36153706 7.6
v 13.3147328 -10.72393985 8.50154395
v 13.51826832 -9.99913427 7.6
v 13.60095681 -9.63673148 7.6
v 14.09657816 -10.72393985 7.6342597
v 14.08894645 -10.72393985 7.64567961
v 14.11947328 -10.72393985 7.6
v 14.11184157 -10.72393985 7.6114199
v 14.10420987 -10.72393985 7.6228398
v 14.20216177 -10.36153706 7.6
v 14.88605522 -10.72393985 7.6
v 14.87842351 -10.72393985 7.6114199
v 14.87079181 -10.72393985 7.6228398
v 14.8631601 -10.72393985 7.6342597
v 14.96874371 -10.36153706 7.6
v 14.08894645 -10.72393985 8.49012405
v 14.8631601 -10.72393985 8.47870415
v 14.28485026 -9.99913427 7.6
v 14.36753875 -9.63673148 7.6
v 13.3147328 -10.72393985 9.3459884
v 14.08894645 -10.72393985 9.3345685
v 14.8631601 -10.72393985 9.32314859
v 12.91706336 -9.27432869 7.6
v 12.99975185 -8.9119259 7.6
v 13.6836453 -9.27432869 7.6
v 13.7663338 -8.9119259 7.6
v 13.08244035 -8.54952311 7.6
v 14.45022725 -9.27432869 7.6
v 14.45022725 -8.09041795 7.6
v 15.63737375 -10.72393985 7.6228398
v 15.65263716 -10.72393985 7.6
v 15.64500545 -10.72393985 7.6114199
v 15.73532565 -10.36153706 7.6
v 15.63737375 -10.72393985 8.46728425
v 15.0514322 -9.99913427 7.6
v 15.13412069 -9.63673148 7.6
v 15.81801414 -9.99913427 7.6
v 16.4115874 -10.72393985 7.6114199
v 16.4192191 -10.72393985 7.6
v 16.50190759 -10.36153706 7.6
v 16.4115874 -10.72393985 8.45586435
v 17.18580104 -10.72393985 8.44444444
v 17.18580104 -9.54002911 8.44444444
v 15.63737375 -10.72393985 9.31172869
v 16.4115874 -10.72393985 9.30030879
v 17.18580104 -10.72393985 9.28888889
v 17.18580104 -9.54002911 9.28888889
v 15.81801414 -8.81522353 7.6
v 15.13412069 -8.45282074 7.6
v 16.50190759 -9.17762632 7.6
v 17.18580104 -8.35611837 7.6
v 17.18580104 -8.35611837 8.44444444
v 17.18580104 -8.35611837 9.28888889
v 13.3147328 -10.72393985 10.19043284
v 14.08894645 -10.72393985 10.17901294
v 14.8631601 -10.72393985 10.16759304
v 13.3147328 -10.72393985 11.03487729
v 13.08239343 -10.72393985 11.29169287
v 13.19856311 -10.72393985 11.16328508
v 14.08894645 -10.72393985 11.02345738
v 14.8631601 -10.72393985 11.01203748
v 15.63737375 -10.72393985 10.15617314
v 16.4115874 -10.72393985 10.14475323
v 17.18580104 -10.72393985 10.13333333
v 17.18580104 -9.54002911 10.13333333
v 15.63737375 -10.72393985 11.00061758
v 16.4115874 -10.72393985 10.98919768
v 17.18580104 -10.72393985 10.97777778
v 17.18580104 -9.54002911 10.97777778
v 17.18580104 -8.35611837 10.13333333
v 17.18580104 -8.35611837 10.97777778
v 13.7663338 -7.72801516 7.6
v 13.08244035 -7.36561237 7.6
v 14.45022725 -6.90650721 7.6
v 13.08244035 -6.18170163 7.6
v 13.7663338 -6.54410442 7.6
v 14.45022725 -5.72259647 7.6
v 15.81801414 -7.63131279 7.6
v 15.13412069 -7.26891 7.6
v 16.50190759 -7.99371558 7.6
v 16.50190759 -6.80980485 7.6
v 17.18580104 -7.17220764 7.6
v 17.18580104 -7.17220764 8.44444444
v 17.18580104 -7.17220764 9.28888889
v 15.13412069 -6.08499926 7.6
v 15.81801414 -6.44740206 7.6
v 16.50190759 -5.62589411 7.6
v 17.18580104 -5.9882969 7.6
v 17.18580104 -5.9882969 8.44444444
v 17.18580104 -5.9882969 9.28888889
v 17.18580104 -7.17220764 10.13333333
v 17.18580104 -7.17220764 10.97777778
v 17.18580104 -5.9882969 10.13333333
v 17.18580104 -5.9882969 10.97777778
v 8.81995216 -10.72393985 11.62134991
v 8.99859713 -10.72393985 11.53784858
v 8.64130719 -10.72393985 11.70485125
v 9.1772421 -10.72393985 11.45434724
v 9.55570065 -10.72393985 12.34730336
v 10.62757047 -10.72393985 11.84629535
v 10.09163556 -10.72393985 12.09679935
v 9.91299059 -10.72393985 12.18030069
v 9.73434562 -10.72393985 12.26380202
v 10.4489255 -10.72393985 11.92979668
v 10.27028053 -10.72393985 12.01329802
v 8.86226883 -10.72393985 12.58672549
v 9.09341277 -10.72393985 12.50691811
v 8.63112488 -10.72393985 12.66653286
v 9.32455671 -10.72393985 12.42711073
v 9.21380773 -10.72393985 13.28797265
v 9.44273603 -10.72393985 13.25488117
v 10.13395222 -10.72393985 13.06217493
v 9.90280828 -10.72393985 13.1419823
v 9.67166434 -10.72393985 13.22178968
v 10.36509617 -10.72393985 12.98236755
v 10.59624011 -10.72393985 12.90256017
v 11.23553575 -10.72393985 11.40929743
v 11.03288066 -10.72393985 11.5549634
v 10.83022556 -10.72393985 11.70062937
v 12.85005405 -10.72393985 11.54850846
v 12.53122927 -10.72393985 11.82258223
v 12.73388436 -10.72393985 11.67691626
v 12.32857418 -10.72393985 11.9682482
v 11.92326399 -10.72393985 12.25958015
v 12.12591908 -10.72393985 12.11391418
v 10.82738405 -10.72393985 12.8227528
v 11.00602902 -10.72393985 12.73925146
v 11.18467399 -10.72393985 12.65575013
v 11.36331896 -10.72393985 12.57224879
v 11.54196393 -10.72393985 12.48874746
v 11.7206089 -10.72393985 12.40524612
v 12.09906745 -10.72393985 13.29820224
v 12.27771242 -10.72393985 13.2147009
v 12.63500236 -10.72393985 13.04769823
v 12.81364733 -10.72393985 12.9641969
v 12.45635739 -10.72393985 13.13119957
v 8.75595111 -10.72393985 13.35415562
v 8.98487942 -10.72393985 13.32106413
v 10.25877845 -10.72393985 13.74979768
v 10.48770676 -10.72393985 13.7167062
v 10.71663507 -10.72393985 13.68361471
v 10.08100065 -10.72393985 14.11234826
v 9.54766725 -10.72393985 15.2
v 9.54766725 -9.54002911 15.2
v 9.90322285 -10.72393985 14.47489884
v 9.72544505 -10.72393985 14.83744942
v 9.54766725 -8.35611837 15.2
v 10.94556337 -10.72393985 13.65052323
v 11.17449168 -10.72393985 13.61743174
v 11.63677956 -10.72393985 13.45781699
v 11.40563562 -10.72393985 13.53762437
v 11.86792351 -10.72393985 13.37800961
v 11.9905341 -10.72393985 14.11234826
v 12.21946241 -10.72393985 14.07925678
v 12.44839071 -10.72393985 14.04616529
v 12.67731902 -10.72393985 14.01307381
v 11.8127563 -10.72393985 14.47489884
v 11.6349785 -10.72393985 14.83744942
v 11.4572007 -10.72393985 15.2
v 11.4572007 -9.54002911 15.2
v 11.4572007 -8.35611837 15.2
v 9.54766725 -7.17220764 15.2
v 9.54766725 -5.9882969 15.2
v 11.4572007 -7.17220764 15.2
v 12.96622374 -10.72393985 11.42010067
v 13.85660707 -10.72393985 12.12471742
v 13.74043738 -10.72393985 12.25312521
v 14.08894645 -10.72393985 11.86790183
v 14.8631601 -10.72393985 11.85648193
v 13.97277676 -10.72393985 11.99630962
v 13.4216126 -10.72393985 12.52719898
v 13.01630242 -10.72393985 12.81853092
v 13.21895751 -10.72393985 12.67286495
v 13.6242677 -10.72393985 12.38153301
v 14.8631601 -10.72393985 12.70092637
v 14.31199594 -10.72393985 13.23181573
v 14.74699041 -10.72393985 12.82933417
v 14.63082072 -10.72393985 12.95774196
v 14.51465103 -10.72393985 13.08614976
v 15.63737375 -10.72393985 11.84506203
v 16.4115874 -10.72393985 11.83364212
v 17.18580104 -10.72393985 11.82222222
v 17.18580104 -9.54002911 11.82222222
v 15.63737375 -10.72393985 12.68950647
v 16.4115874 -10.72393985 12.67808657
v 17.18580104 -10.72393985 12.66666667
v 17.18580104 -9.54002911 12.66666667
v 17.18580104 -8.35611837 11.82222222
v 17.18580104 -8.35611837 12.66666667
v 13.37075085 -10.72393985 13.77365168
v 13.90668576 -10.72393985 13.52314767
v 13.54939582 -10.72393985 13.69015034
v 13.72804079 -10.72393985 13.60664901
v 13.13960691 -10.72393985 13.85345906
v 12.90846296 -10.72393985 13.93326643
v 14.10934085 -10.72393985 13.3774817
v 14.64243425 -10.72393985 14.24910112
v 14.99972419 -10.72393985 14.08209845
v 14.82107922 -10.72393985 14.16559978
v 13.72228975 -10.72393985 14.47489884
v 13.95121806 -10.72393985 14.44180736
v 13.36673414 -10.72393985 15.2
v 13.54451195 -10.72393985 14.83744942
v 13.36673414 -9.54002911 15.2
v 14.18014636 -10.72393985 14.40871587
v 14.4112903 -10.72393985 14.3289085
v 13.36673414 -8.35611837 15.2
v 15.52120406 -10.72393985 13.66235871
v 15.63737375 -10.72393985 13.53395091
v 15.20237928 -10.72393985 13.93643248
v 15.40503437 -10.72393985 13.7907665
v 16.4115874 -10.72393985 13.52253101
v 17.18580104 -10.72393985 13.51111111
v 17.18580104 -9.54002911 13.51111111
v 15.91411764 -10.72393985 14.72455056
v 16.09276262 -10.72393985 14.64104922
v 15.4540454 -10.72393985 14.83744942
v 15.27626759 -10.72393985 15.2
v 15.6829737 -10.72393985 14.80435794
v 15.27626759 -9.54002911 15.2
v 16.4115874 -10.72393985 14.36697546
v 16.29541771 -10.72393985 14.49538325
v 17.18580104 -10.72393985 14.35555556
v 17.18580104 -10.72393985 15.2
v 17.18580104 -9.54002911 14.35555556
v 17.18580104 -8.35611837 13.51111111
v 17.18580104 -8.35611837 15.2
v 17.18580104 -7.17220764 11.82222222
v 17.18580104 -7.17220764 12.66666667
v 17.18580104 -5.9882969 11.82222222
v 13.36673414 -5.9882969 15.2
v 15.27626759 -7.17220764 15.2
v 17.18580104 -7.17220764 14.35555556
v 17.18580104 -5.9882969 13.51111111
v 17.18580104 -5.9882969 15.2
v 10.60777419 -5.24148924 8.52888984
v 10.7292698 -4.36663474 8.47342127
v 10.70386061 -4.0992997 8.54793107
v 9.55794777 -4.9741542 9.49053867
v 10.58236501 -4.9741542 8.60339964
v 10.35173509 -4.9741542 8.81944044
v 9.89047524 -4.9741542 9.25152204
v 10.12110517 -4.9741542 9.03548124
v 10.47323069 -4.0992997 8.76397187
v 10.24260077 -4.0992997 8.98001267
v 10.01197084 -4.0992997 9.19605347
v 9.78134092 -4.0992997 9.41209427
v 10.59472629 -3.22444519 8.70850331
v 10.36409637 -3.22444519 8.92454411
v 10.13346645 -3.22444519 9.1405849
v 9.90283652 -3.22444519 9.3566257
v 11.25709833 -5.09286043 7.6
v 11.16677813 -5.10801631 7.72997837
v 10.98613773 -5.13832809 7.98993512
v 11.07645793 -5.1231722 7.85995674
v 10.89581753 -5.15348397 8.11991349
v 10.80549734 -5.16863986 8.24989186
v 10.78008816 -4.90130482 8.32440166
v 11.22336271 -4.51565274 7.72997837
v 11.13304251 -4.53080862 7.85995674
v 11.04272232 -4.54596451 7.98993512
v 11.31368291 -4.50049685 7.6
v 10.95240212 -4.56112039 8.11991349
v 10.75467898 -4.63396978 8.39891147
v 10.92699294 -4.29378535 8.19442329
v 10.90158376 -4.02645031 8.26893309
v 11.8844072 -4.86371606 7.6
v 12.45513148 -5.22693527 7.6
v 11.94099178 -4.27135248 7.6
v 12.51171606 -4.63457169 7.6
v 12.56830064 -4.04220811 7.6
v 11.1896271 -3.93844505 7.85995674
v 11.0993069 -3.95360093 7.98993512
v 11.07389772 -3.68626589 8.06444492
v 11.37026749 -3.90813327 7.6
v 11.2799473 -3.92328916 7.72997837
v 10.87617458 -3.75911527 8.3434429
v 11.04848854 -3.41893085 8.13895472
v 10.8507654 -3.49178023 8.4179527
v 11.24621168 -3.34608147 7.85995674
v 11.2208025 -3.07874643 7.93446655
v 11.19539332 -2.81141139 8.00897635
v 11.42685208 -3.3157697 7.6
v 11.33653188 -3.33092558 7.72997837
v 11.39311646 -2.73856201 7.72997837
v 11.02307936 -3.15159581 8.21346453
v 10.82535622 -3.22444519 8.49246251
v 10.99767018 -2.88426077 8.28797433
v 11.99757636 -3.6789889 7.6
v 12.62488523 -3.44984453 7.6
v 12.05416094 -3.08662533 7.6
v 12.68146981 -2.85748096 7.6
v 8.89289283 -4.9741542 9.96857194
v 9.2254203 -4.9741542 9.7295553
v 9.11628598 -4.0992997 9.89012754
v 9.44881345 -4.0992997 9.6511109
v 8.78375851 -4.0992997 10.12914417
v 9.33967913 -3.22444519 9.81168313
v 9.00715166 -3.22444519 10.05069977
v 8.67462419 -3.22444519 10.2897164
v 9.6722066 -3.22444519 9.5726665
v 10.71622189 -2.34959069 8.65303474
v 10.48559197 -2.34959069 8.86907554
v 10.02433212 -2.34959069 9.30115714
v 10.25496205 -2.34959069 9.08511634
v 10.57337938 -1.47473619 8.82017038
v 10.11431573 -1.47473619 9.25053759
v 9.88368581 -1.47473619 9.46657839
v 10.34274946 -1.47473619 9.03621118
v 10.6611668 -0.59988169 8.77126522
v 10.43053688 -0.59988169 8.98730602
v 10.20210314 -0.59988169 9.20163243
v 9.97366941 -0.59988169 9.41595884
v 11.36770728 -2.47122697 7.80448818
v 11.3422981 -2.20389193 7.87899798
v 11.16998414 -2.54407635 8.08348616
v 10.972261 -2.61692573 8.36248413
v 10.94685182 -2.34959069 8.43699394
v 11.14457496 -2.27674131 8.15799596
v 11.51461206 -1.8637075 7.6745098
v 11.55504555 -1.90189817 7.6
v 11.31688892 -1.93655689 7.95350778
v 11.52963637 -1.63456313 7.6745098
v 11.48920288 -1.59637246 7.74901961
v 11.54466068 -1.40541876 7.6745098
v 11.50422719 -1.36722809 7.74901961
v 11.57006986 -1.6727538 7.6
v 11.58509417 -1.44360943 7.6
v 11.29147974 -1.66922185 8.02801759
v 11.11916578 -2.00940627 8.23250576
v 11.0937566 -1.74207123 8.30701557
v 11.26607056 -1.40188681 8.10252739
v 11.03244304 -1.47473619 8.38980317
v 12.11074553 -2.49426175 7.6
v 12.73805439 -2.26511738 7.6
v 12.16733011 -1.90189817 7.6
v 12.18235442 -1.6727538 7.6
v 12.19737873 -1.44360943 7.6
v 12.79463898 -1.6727538 7.6
v 12.80966329 -1.44360943 7.6
v 10.80400931 -1.47473619 8.60412958
v 11.4637937 -1.32903742 7.82352941
v 11.5192515 -1.13808372 7.74901961
v 11.47881801 -1.09989305 7.82352941
v 11.60011848 -1.21446506 7.6
v 11.55968499 -1.17627439 7.6745098
v 11.43838452 -1.06170238 7.89803922
v 11.53427581 -0.90893935 7.74901961
v 11.49384232 -0.87074868 7.82352941
v 11.61514279 -0.98532069 7.6
v 11.5747093 -0.94713002 7.6745098
v 11.6301671 -0.75617632 7.6
v 11.58973361 -0.71798565 7.6745098
v 11.54930012 -0.67979498 7.74901961
v 11.45340883 -0.83255801 7.89803922
v 11.41297534 -0.79436734 7.97254902
v 11.24066138 -1.13455177 8.1770372
v 11.17934782 -0.86721673 8.2598248
v 11.50886663 -0.64160431 7.82352941
v 11.51166613 -0.41245994 7.82668286
v 11.64519141 -0.52703195 7.6
v 11.59253311 -0.48884128 7.67766325
v 11.55209962 -0.45065061 7.75217306
v 11.46843314 -0.60341364 7.89803922
v 11.38756616 -0.5270323 8.04705882
v 11.42799965 -0.56522297 7.97254902
v 11.45926451 -0.37426927 7.90395193
v 11.41883102 -0.3360786 7.97846173
v 11.51446562 -0.18331557 7.82983631
v 11.66021572 -0.29788758 7.6
v 11.60755742 -0.25969691 7.67766325
v 11.55489912 -0.22150624 7.7553265
v 11.65715449 -0.03055254 7.60535909
v 11.61438344 -0.03055254 7.67963249
v 11.37839753 -0.29788793 8.05297154
v 11.46206401 -0.1451249 7.90710538
v 11.40966239 -0.10693423 7.98437445
v 11.3692289 -0.06874356 8.05888425
v 11.11803426 -0.59988169 8.3426124
v 11.3262526 -0.25969726 8.12984643
v 11.30910124 -0.03055289 8.13748601
v 12.21240304 -1.21446506 7.6
v 12.22742735 -0.98532069 7.6
v 12.24245166 -0.75617632 7.6
v 12.8246876 -1.21446506 7.6
v 12.83971191 -0.98532069 7.6
v 12.85473622 -0.75617632 7.6
v 12.25747597 -0.52703195 7.6
v 12.27250028 -0.29788758 7.6
v 12.26900716 -0.03055254 7.60535909
v 12.86976053 -0.52703195 7.6
v 12.88478484 -0.29788758 7.6
v 12.88085982 -0.03055254 7.60535909
v 10.88960053 -0.59988169 8.55693881
v 9.56307228 -2.34959069 9.73323873
v 9.2305448 -2.34959069 9.97225537
v 8.89801733 -2.34959069 10.211272
v 9.65305588 -1.47473619 9.68261919
v 9.42462215 -1.47473619 9.8969456
v 9.09209468 -1.47473619 10.13596223
v 8.75956721 -1.47473619 10.37497886
v 9.7937022 -2.34959069 9.51719793
v 9.51460576 -0.59988169 9.84632605
v 8.95364456 -0.59988169 10.2996691
v 9.28617203 -0.59988169 10.06065246
v 9.74303949 -0.59988169 9.63199964
v 8.65594392 -0.59988169 10.46412754
v 13.08244035 -4.99779089 7.6
v 13.7663338 -5.36019368 7.6
v 13.13902493 -4.40542732 7.6
v 13.7663338 -4.17628295 7.6
v 14.45022725 -4.53868574 7.6
v 13.19560951 -3.81306374 7.6
v 13.82291838 -3.58391937 7.6
v 13.25219409 -3.22070016 7.6
v 13.87950296 -2.99155579 7.6
v 14.45022725 -3.354775 7.6
v 14.50681183 -2.76241142 7.6
v 15.13412069 -4.90108853 7.6
v 15.81801414 -5.26349132 7.6
v 15.81801414 -4.07958058 7.6
v 17.18580104 -4.80438616 7.6
v 17.18580104 -4.80438616 8.44444444
v 16.50190759 -4.44198337 7.6
v 17.18580104 -4.80438616 9.28888889
v 15.13412069 -3.71717779 7.6
v 15.81801414 -2.89566984 7.6
v 17.18580104 -3.62047542 7.6
v 17.18580104 -3.62047542 8.44444444
v 16.50190759 -3.25807263 7.6
v 17.18580104 -3.62047542 9.28888889
v 17.18580104 -4.80438616 10.13333333
v 17.18580104 -4.80438616 10.97777778
v 17.18580104 -3.62047542 10.13333333
v 13.30877868 -2.62833658 7.6
v 13.36536326 -2.03597301 7.6
v 13.93608754 -2.39919221 7.6
v 13.42194784 -1.44360943 7.6
v 14.56339641 -2.17004784 7.6
v 13.99267213 -1.80682864 7.6
v 14.61998099 -1.57768427 7.6
v 13.43697215 -1.21446506 7.6
v 13.45199646 -0.98532069 7.6
v 13.46702077 -0.75617632 7.6
v 13.48204508 -0.52703195 7.6
v 13.49706939 -0.29788758 7.6
v 13.49077035 -0.03055254 7.60535909
v 13.5120937 -0.0687432 7.6
v 14.04925671 -1.21446506 7.6
v 14.06428102 -0.98532069 7.6
v 14.07930533 -0.75617632 7.6
v 14.67656558 -0.98532069 7.6
v 14.69158989 -0.75617632 7.6
v 14.09432964 -0.52703195 7.6
v 14.10935395 -0.29788758 7.6
v 14.12437826 -0.0687432 7.6
v 14.10262301 -0.03055254 7.60535909
v 14.7066142 -0.52703195 7.6
v 14.72163851 -0.29788758 7.6
v 14.73666282 -0.0687432 7.6
v 14.71447568 -0.03055254 7.60535909
v 15.13412069 -2.53326705 7.6
v 15.19070528 -1.94090347 7.6
v 15.24728986 -1.34853989 7.6
v 15.81801414 -1.7117591 7.6
v 16.50190759 -2.07416189 7.6
v 17.18580104 -2.43656468 7.6
v 17.18580104 -2.43656468 8.44444444
v 17.18580104 -2.43656468 9.28888889
v 15.30387444 -0.75617632 7.6
v 15.87459873 -1.11939552 7.6
v 15.31889875 -0.52703195 7.6
v 15.33392306 -0.29788758 7.6
v 15.34894737 -0.0687432 7.6
v 15.32438621 -0.03055254 7.60535909
v 15.93118331 -0.52703195 7.6
v 15.94620762 -0.29788758 7.6
v 15.96123193 -0.0687432 7.6
v 15.93623887 -0.03055254 7.60535909
v 16.50190759 -0.89025115 7.6
v 17.18580104 -1.25265394 7.6
v 17.18580104 -1.25265394 8.44444444
v 16.55849218 -0.29788758 7.6
v 16.57351649 -0.0687432 7.6
v 16.54809154 -0.03055254 7.60535909
v 16.62210677 -0.0687432 9.32351111
v 17.18580104 -2.43656468 10.97777778
v 16.62210677 -1.25265394 10.16795556
v 16.62210677 -0.0687432 11.0124
v 9.54766725 -3.62047542 15.2
v 11.4572007 -4.80438616 15.2
v 9.54766725 -1.25265394 15.2
v 11.4572007 -2.43656468 15.2
v 11.4572007 -0.0687432 15.2
v 17.18580104 -4.80438616 12.66666667
v 17.18580104 -3.62047542 11.82222222
v 13.36673414 -3.62047542 15.2
v 15.27626759 -4.80438616 15.2
v 17.18580104 -4.80438616 14.35555556
v 17.18580104 -3.62047542 13.51111111
v 17.18580104 -3.62047542 15.2
v 17.18580104 -2.43656468 12.66666667
v 17.18580104 -1.25265394 11.82222222
v 17.18580104 -0.0687432 12.66666667
v 13.36673414 -1.25265394 15.2
v 14.71257332 -0.0687432 15.09613333
v 15.27626759 -2.43656468 15.2
v 17.18580104 -2.43656468 14.35555556
v 17.18580104 -1.25265394 13.51111111
v 16.62210677 -1.25265394 15.09613333
v 16.62210677 -0.0687432 14.25168889
v 11.95540169 0.27497282 0
v 12.6161589 0.27497282 1.14661649
v 11.69247633 4.28499842 0
v 13.06120879 0.27497282 3.57647059
v 12.6161589 0.27497282 6.00632468
v 11.69777646 0.27497282 7.6
v 11.54002124 2.68098818 7.6
v 11.34141508 7.96013191 0
v 12.03078904 7.84445377 0.99206719
v 12.6161589 7.391793 3.57647059
v 10.7421742 10.58645344 0
v 11.38024696 10.58645344 0.95479662
v 11.71153321 10.58645344 2.13889514
v 11.98760485 10.58645344 3.57647059
v 17.18580104 10.58645344 0
v 12.03078904 7.84445377 6.16087399
v 11.03076 8.01226037 7.6
v 11.71153321 10.58645344 5.01404604
v 10.50283593 10.32601834 7.6
v 10.44341314 10.58645344 7.6
v 11.38024696 10.58645344 6.19814456
v 17.18580104 10.58645344 7.6
v 6.33634057 2.02468182 11.36595543
v 8.52261496 1.14982732 10.33957107
v 7.01897361 0.27497282 11.37568473
v 7.31478433 0.27497282 11.21200933
v 6.8193388 1.14982732 11.28991449
v 7.08897621 1.14982732 11.1381075
v 7.37997655 1.14982732 10.97642514
v 7.90640576 0.27497282 10.88465852
v 8.49802719 0.27497282 10.55730771
v 8.20221647 0.27497282 10.72098311
v 7.61059504 0.27497282 11.04833392
v 7.94061429 1.14982732 10.66293579
v 7.67097688 1.14982732 10.81474278
v 8.23161463 1.14982732 10.50125343
v 7.96944115 2.02468182 10.44683409
v 8.55620505 2.02468182 10.01447274
v 8.2628231 2.02468182 10.23065341
v 7.15289086 2.02468182 10.90639476
v 7.41807103 2.02468182 10.75645908
v 6.8667009 2.02468182 11.06608408
v 6.60152073 2.02468182 11.21601975
v 7.68325119 2.02468182 10.6065234
v 8.4172855 3.77439083 9.44854728
v 8.49930443 4.64924533 9.02259519
v 8.30608501 4.64924533 9.21067895
v 8.12817405 4.64924533 9.38652745
v 8.58809179 4.84373099 8.74906978
v 8.40037969 4.91658037 8.9857134
v 8.56169949 5.09591014 8.61142023
v 8.48769165 5.11106603 8.71599739
v 8.30280022 5.18391541 8.95243399
v 6.38723548 2.89953632 11.14400342
v 6.12651255 2.89953632 11.29206778
v 5.6738293 3.77439083 11.36676131
v 6.42232285 3.77439083 10.93769232
v 6.18636068 3.77439083 11.0743752
v 5.93009499 3.77439083 11.22056826
v 6.20058279 4.64924533 10.88106747
v 5.73686663 4.64924533 11.15093408
v 5.48505818 4.64924533 11.29525582
v 5.96872471 4.64924533 11.01600077
v 7.19591087 3.77439083 10.44823372
v 7.47943029 3.77439083 10.23744924
v 8.49553898 2.89953632 9.71833699
v 8.29547924 2.89953632 9.91129823
v 8.00702856 2.89953632 10.1247808
v 7.71857787 2.89953632 10.33826338
v 8.02400634 3.77439083 9.82959228
v 8.22064592 3.77439083 9.63906978
v 7.76294971 3.77439083 10.02666477
v 6.90868133 2.89953632 10.84787468
v 7.43012719 2.89953632 10.55174595
v 7.16940426 2.89953632 10.69981032
v 6.64795841 2.89953632 10.99593905
v 6.93485423 3.77439083 10.64530621
v 6.67858854 3.77439083 10.79149926
v 7.5005276 4.64924533 9.94500963
v 6.96542338 4.64924533 10.34764591
v 7.24401153 4.64924533 10.13955953
v 7.95026309 4.64924533 9.56237596
v 7.75704367 4.64924533 9.75045972
v 6.70890731 4.64924533 10.54219582
v 6.45239124 4.64924533 10.73674573
v 0 0.00763813 12.94830832
v 0 0.0458288 12.94783389
v 0 0.08401947 12.94735003
v 0 0.12221014 12.94686582
v 0 0.16040081 12.94638125
v 0 0.19859148 12.94588727
v 0 0.23678215 12.94539295
v 0 0.27497282 12.94489828
v 0.37388948 0.00763813 12.9128958
v 0.37362538 0.0458288 12.91244013
v 0.37217238 0.08401947 12.91206885
v 0.37190911 0.12221014 12.91160334
v 0.37164585 0.16040081 12.91113748
v 0.37019621 0.19859148 12.91075588
v 0.36993379 0.23678215 12.91028021
v 0.36967137 0.27497282 12.9098042
v 0.74777897 0.00763813 12.87748329
v 0.74725076 0.0458288 12.87704637
v 0.74553365 0.08401947 12.87669385
v 0.74381823 0.12221014 12.87634086
v 0.7432917 0.16040081 12.8758937
v 0.7415788 0.19859148 12.87553081
v 0.73986758 0.23678215 12.87516747
v 0.73934273 0.27497282 12.87471011
v 0.72847551 1.06573061 12.79757021
v 1.06854419 1.06573061 12.76477851
v 0 1.06573061 12.86698588
v 0.36423775 1.06573061 12.83227804
v 1.49106731 0.08401947 12.80603766
v 1.48882451 0.12221014 12.80572213
v 1.4865834 0.16040081 12.80540615
v 1.4831576 0.19859148 12.80517434
v 1.48092069 0.23678215 12.80484836
v 1.47868547 0.27497282 12.80452193
v 1.86073363 0.12221014 12.77045966
v 1.85822925 0.16040081 12.77016238
v 1.85454019 0.19859148 12.76994927
v 1.85085449 0.23678215 12.76973562
v 1.84835684 0.27497282 12.76942784
v 1.12087614 0.0458288 12.84165262
v 1.11889493 0.08401947 12.84131884
v 1.1169154 0.12221014 12.84098461
v 1.11493755 0.16040081 12.84064993
v 1.11296139 0.19859148 12.84030574
v 1.1109869 0.23678215 12.8399611
v 1.1090141 0.27497282 12.83961602
v 1.43278194 1.06573061 12.73007068
v 1.79701969 1.06573061 12.69536285
v 2.13708837 1.06573061 12.66257115
v 0 1.85648841 12.79042915
v 0.35880414 1.85648841 12.75610757
v 0.69379975 1.85648841 12.7236808
v 1.02879537 1.85648841 12.69125404
v 0 2.64724621 12.7152281
v 0.32992255 2.64724621 12.68316627
v 0.6598451 2.64724621 12.65110443
v 0.98976765 2.64724621 12.6190426
v 1.38759951 1.85648841 12.65693246
v 1.72259512 1.85648841 12.62450569
v 2.05759074 1.85648841 12.59207893
v 1.3196902 2.64724621 12.58698076
v 1.64961275 2.64724621 12.55491893
v 1.9795353 2.64724621 12.52285709
v 3.8976822 1.11602626 12.34457692
v 4.21284394 1.11602626 12.24886164
v 2.2298751 0.16040081 12.73491861
v 2.22592277 0.19859148 12.7347242
v 2.22197381 0.23678215 12.73452925
v 2.2180282 0.27497282 12.73433375
v 2.59611899 0.19859148 12.6995928
v 2.5919076 0.23678215 12.69941651
v 2.58769957 0.27497282 12.69923967
v 2.96184139 0.23678215 12.66430376
v 2.95737094 0.27497282 12.66414558
v 2.50132613 1.06573061 12.62786332
v 3.21949519 1.11602626 12.54794929
v 2.86556388 1.06573061 12.59315548
v 3.67152118 0.27497282 12.52616083
v 3.32704231 0.27497282 12.62905149
v 4.01600006 0.27497282 12.42327017
v 3.55858869 1.11602626 12.44626311
v 3.7575766 1.9570797 12.27336432
v 4.06773305 1.9570797 12.17878279
v 2.41639488 1.85648841 12.55775735
v 2.76539217 1.90678405 12.51306103
v 3.11371202 1.9570797 12.46842756
v 3.44742015 1.9570797 12.36794585
v 1.68398893 1.11516753 15.03551675
v 0 2.29907827 14.87444032
v 3.29268501 2.29907827 14.87444032
v 0 3.43800401 12.64508706
v 0.32484948 3.43800401 12.61339016
v 0.64969897 3.43800401 12.58169325
v 0.95146102 3.43800401 12.55184851
v 1.27631051 3.43800401 12.52015161
v 1.60115999 3.43800401 12.4884547
v 1.9171789 3.48829965 12.44721248
v 1.48994 5.12011089 12.34064569
v 1.79545709 5.17040653 12.30048567
v 2.09732885 5.22070217 12.26068679
v 0 4.22876181 12.5762164
v 0.31977642 4.22876181 12.54488443
v 0.61682596 4.22876181 12.5153833
v 0.9138755 4.22876181 12.48588216
v 0 5.01951961 12.50861613
v 0.29233702 5.01951961 12.4794586
v 0.58467405 5.01951961 12.45030108
v 0.87701107 5.01951961 12.42114355
v 1.23365192 4.22876181 12.45455019
v 1.5450515 4.27905745 12.41378979
v 1.8558195 4.32935309 12.37308868
v 1.18379132 5.06981525 12.38086498
v 2.90432623 3.63918658 12.31929248
v 3.20447209 3.63918658 12.22697845
v 3.31484396 2.79813314 12.29703852
v 3.61999511 2.79813314 12.20359074
v 3.92514627 2.79813314 12.11014296
v 4.23029742 2.79813314 12.01669517
v 3.50461794 3.63918658 12.13466442
v 3.78197227 3.63918658 12.04810912
v 4.08211813 3.63918658 11.95579508
v 2.32359858 2.69754185 12.47867065
v 2.66698442 2.74783749 12.43454705
v 3.0096928 2.79813314 12.3904863
v 2.2556078 3.53859529 12.40359697
v 2.59335924 3.58889093 12.36004431
v 2.188614 4.37964873 12.33004411
v 2.49503337 4.42994437 12.28976875
v 2.80082737 4.48024002 12.24955222
v 3.09596793 4.48024002 12.15837193
v 2.39857523 5.27099781 12.22094674
v 2.96730013 5.32129346 12.09683625
v 2.69919624 5.32129346 12.1812655
v 4.24295589 4.51404108 11.77707712
v 3.36869704 4.48024002 12.07287965
v 3.64142615 4.48024002 11.98738738
v 3.93656672 4.48024002 11.89620709
v 3.80490591 5.35509452 11.8103075
v 3.23540402 5.32129346 12.01240699
v 3.50350791 5.32129346 11.92797774
v 1.60869608 3.48298901 14.71677072
v 0 4.66689975 14.56250795
v 3.1420993 4.66689975 14.56250795
v 4.36047893 0.27497282 12.32037951
v 4.70495781 0.27497282 12.21748885
v 5.04943668 0.27497282 12.11459818
v 4.55193744 1.11602626 12.14717545
v 4.89103095 1.11602626 12.04548927
v 5.20619269 1.11602626 11.94977399
v 6.0828733 0.27497282 11.8059262
v 6.42735218 0.27497282 11.70303554
v 5.39391556 0.27497282 12.01170752
v 5.73839443 0.27497282 11.90881686
v 5.54528619 1.11602626 11.8480878
v 5.8843797 1.11602626 11.74640161
v 6.23733813 1.14982732 11.61327921
v 5.35546221 1.9570797 11.7886563
v 4.40144118 1.9570797 12.07830108
v 4.71159763 1.9570797 11.98371955
v 5.02175408 1.9570797 11.88913802
v 5.70303424 1.99088076 11.6570872
v 6.05015061 2.02468182 11.52564475
v 6.7231629 0.27497282 11.53936014
v 6.52833847 1.14982732 11.45159685
v 5.23575618 1.11516753 14.93335349
v 6.94473138 2.29907827 14.87444032
v 4.84059973 2.79813314 11.82979961
v 5.18278534 2.8319342 11.69978381
v 4.53544857 2.79813314 11.92324739
v 4.38226399 3.63918658 11.86348105
v 4.69364434 3.67298764 11.74289134
v 5.02997646 3.7067887 11.61455474
v 5.36585293 3.74058976 11.48634478
v 5.52451531 2.86573526 11.56989466
v 5.86578962 2.89953632 11.44013215
v 4.54892347 4.54784214 11.65806602
v 4.87940209 4.5816432 11.53140861
v 5.18243952 4.61544427 11.4132731
v 4.82608824 3.48298901 14.71677072
v 5.94127206 4.66689975 14.56250795
v 8.04348039 3.48298901 14.71677072
v 3.67856656 8.58899128 11.36853893
v 3.96376462 8.04726015 11.36777468
v 3.82045531 8.31812572 11.36815785
v 4.22066104 8.08106121 11.26374768
v 4.06854835 8.35192678 11.26697028
v 3.92526175 8.62279235 11.2677811
v 4.17158595 8.65659341 11.16713056
v 3.53809836 8.85985685 11.36891791
v 3.40385947 9.13072242 11.36929479
v 3.64052427 9.16452348 11.27176536
v 4.27287742 8.96126004 11.06825552
v 3.78339571 8.89365791 11.26858982
v 4.02832206 8.92745898 11.16836903
v 4.21115417 9.23212561 11.02843977
v 4.12721394 9.23212561 11.072288
v 3.88405461 9.19832454 11.17197304
v 3.13946947 9.67245355 11.37004226
v 2.92530557 9.97712018 11.39867761
v 3.08518911 9.97712018 11.33673584
v 2.67357403 10.58645344 11.39043625
v 2.87258225 10.28178681 11.36539552
v 3.18463324 10.28178681 11.24379741
v 3.03136114 10.28178681 11.30375743
v 2.82577979 10.58645344 11.33077164
v 2.97798555 10.58645344 11.27110703
v 3.13019131 10.58645344 11.21144242
v 4.25486717 9.77385674 10.86293291
v 4.17194103 9.77385674 10.90640344
v 4.27291363 10.04472231 10.78443122
v 4.02820748 10.04472231 10.91322544
v 4.11062658 10.04472231 10.86994378
v 4.19304568 10.04472231 10.82666211
v 3.27098317 9.40158799 11.36966957
v 3.37341857 9.70625462 11.27335194
v 3.50629012 9.43538905 11.2725597
v 3.74123697 9.46919011 11.17555456
v 3.70363339 10.04472231 11.08425057
v 3.23952755 9.97712018 11.27648042
v 3.47176052 10.01092125 11.18031312
v 3.60700757 9.74005568 11.17676636
v 3.98300029 9.50299117 11.076298
v 4.06643347 9.50299117 11.03263863
v 4.14986666 9.50299117 10.98897925
v 4.23588239 9.50299117 10.94425993
v 3.9231626 9.77385674 11.036815
v 4.00608874 9.77385674 10.99334448
v 3.84023645 9.77385674 11.08028553
v 3.78350133 10.04472231 11.04201967
v 3.86592043 10.04472231 10.998738
v 3.94833953 10.04472231 10.95545634
v 4.08901488 9.77385674 10.94987396
v 3.75014383 10.58645344 10.9246638
v 3.88846403 10.31558788 10.91896045
v 3.96784063 10.31558788 10.87691382
v 4.12912928 10.31558788 10.79177439
v 4.20850588 10.31558788 10.74972777
v 4.04975268 10.31558788 10.83382101
v 4.27546387 10.58645344 10.60853394
v 3.98679958 10.58645344 10.79907674
v 3.82902908 10.58645344 10.88280144
v 3.90791433 10.58645344 10.84093909
v 4.14457008 10.58645344 10.71535204
v 4.06568483 10.58645344 10.75721439
v 3.72717537 10.31558788 11.00409988
v 3.56842218 10.31558788 11.08819312
v 3.64779877 10.31558788 11.0461465
v 3.33790534 10.28178681 11.1838374
v 3.28239707 10.58645344 11.15177781
v 3.43460283 10.58645344 11.0921132
v 3.59237333 10.58645344 11.0083885
v 3.67125858 10.58645344 10.96652615
v 3.51348808 10.58645344 11.05025085
v 3.80908743 10.31558788 10.96100707
v 4.13395832 10.58645344 11.39768912
v 4.29172882 10.58645344 11.31396442
v 4.21284357 10.58645344 11.35582677
v 8.47784988 5.64280606 8.36209041
v 8.40443194 5.65796195 8.46613249
v 8.16801687 6.23516964 8.43659115
v 8.09553005 6.25032553 8.53970119
v 8.47101305 6.52200751 8.47235986
v 7.47315198 6.66628937 9.24176413
v 7.39428652 6.39895433 9.44634249
v 8.25369129 5.68827372 8.67898273
v 8.3310583 5.67311783 8.57012742
v 8.20578829 5.45125045 8.91949713
v 8.18061082 5.7034296 8.78263121
v 8.10757452 5.71858549 8.88623268
v 8.01887654 5.52409983 9.15319531
v 7.84411477 5.52409983 9.32676373
v 7.92347099 5.79143487 9.11972042
v 8.02308753 6.26548141 8.64276409
v 7.95068932 6.2806373 8.74577986
v 7.8785362 6.29579318 8.84849967
v 7.80642727 6.31094907 8.95117246
v 7.73436251 6.32610495 9.05379824
v 7.82863298 6.05876991 9.08658806
v 7.56589911 6.39895433 9.27505418
v 7.86815102 6.82753322 8.51023901
v 8.16796907 7.11437109 8.54559473
v 8.52597402 7.07454616 8.54069785
v 7.44793656 6.91846853 9.11222736
v 7.3809724 6.93362441 9.20881663
v 7.12424316 7.27380884 9.39445459
v 7.50653252 7.43505268 8.67950149
v 7.4398385 7.45020857 8.7759241
v 7.36929687 7.46536445 8.87707804
v 7.30288348 7.48052034 8.9731654
v 7.21751311 8.02741626 8.7505553
v 7.28336879 8.01226037 8.65497607
v 7.15169921 8.04257214 8.84608964
v 7.23651174 7.49567622 9.06920797
v 7.16629605 7.51083211 9.16997863
v 7.1002045 7.52598799 9.26568635
v 7.03415446 7.54114388 9.3613494
v 7.72902087 6.85784499 8.70972678
v 7.8005351 6.8426891 8.60759479
v 7.65755094 6.87300087 8.81181163
v 7.59026119 6.88815676 8.9087839
v 7.51907679 6.90331264 9.01052914
v 8.35898785 7.36056761 8.57578151
v 7.57326832 7.4198968 8.58303398
v 8.0005428 7.40039254 8.5806507
v 7.83455882 7.68641399 8.61550782
v 7.65202696 7.97243544 8.65016611
v 7.9932326 7.93261051 8.64535229
v 8.17529386 7.64658906 8.61066632
v 6.27551558 6.39895433 10.34927892
v 5.00221532 5.49029877 11.34206677
v 5.29947627 5.52409983 11.22561568
v 4.54901176 6.33135221 11.3891921
v 4.84132233 6.36515327 11.27418822
v 5.33085159 6.39895433 11.03604187
v 5.10720171 6.39895433 11.16747602
v 6.23471371 5.52409983 10.63403718
v 5.98273821 5.52409983 10.8260645
v 5.52723025 5.52409983 11.09243196
v 5.75498423 5.52409983 10.95924823
v 5.55450147 6.39895433 10.90460772
v 5.78064571 6.39895433 10.72828841
v 6.02808065 6.39895433 10.53878367
v 5.82490792 7.27380884 10.44633396
v 6.26889666 7.27380884 10.09838947
v 6.04690229 7.27380884 10.27236171
v 5.36001919 7.27380884 10.80728837
v 4.39608511 7.20620671 11.32157455
v 4.65747301 7.24000777 11.21620495
v 4.91847904 7.27380884 11.11094519
v 5.13802482 7.27380884 10.98126062
v 5.58201355 7.27380884 10.63331612
v 7.49459122 5.52409983 9.67390055
v 7.24261572 5.52409983 9.86592787
v 6.48668921 5.52409983 10.44200985
v 6.73866471 5.52409983 10.24998253
v 6.99064022 5.52409983 10.0579552
v 7.22267393 6.39895433 9.61763081
v 6.99652969 6.39895433 9.79395012
v 6.50165982 6.39895433 10.17295961
v 6.74909476 6.39895433 9.98345487
v 7.66935299 5.52409983 9.50033214
v 6.95577976 7.27380884 9.56346281
v 6.73378539 7.27380884 9.73743506
v 6.51179102 7.27380884 9.9114073
v 6.42944718 8.69039447 9.49731943
v 6.38379869 8.96126004 9.38642746
v 6.32718432 8.96126004 9.45579148
v 6.40576616 9.20181384 9.16630813
v 6.34384444 9.21696972 9.25749879
v 6.17110381 9.23212561 9.48514184
v 6.28196312 9.23212561 9.34864577
v 6.22737826 9.23212561 9.41607529
v 6.43901868 9.44236763 8.92656586
v 6.42396836 9.44236763 8.95175947
v 6.17257701 10.01441054 8.94111092
v 6.15771959 10.01441054 8.9660746
v 6.14334695 10.01441054 8.99039919
v 6.12848953 10.01441054 9.01536287
v 6.34879181 9.72838909 8.85858395
v 6.33383794 9.72838909 8.8836626
v 6.3039302 9.72838909 8.9338199
v 6.28897633 9.72838909 8.95889855
v 6.27402246 9.72838909 8.9839772
v 6.25906859 9.72838909 9.00905585
v 6.31888407 9.72838909 8.90874125
v 6.20180706 10.01441054 8.89182265
v 6.18743443 10.01441054 8.91614724
v 5.87552725 10.04472231 9.37218424
v 5.82193156 10.04472231 9.43874249
v 6.30225814 9.4726794 9.13171654
v 6.36216176 9.45752352 9.04289428
v 6.24239377 9.48783529 9.22049611
v 6.12663962 9.50299117 9.37840302
v 6.07238448 9.50299117 9.44554212
v 6.18089475 9.50299117 9.31126392
v 6.14004602 9.75870086 9.18591592
v 6.09925947 10.01441054 9.06465113
v 6.11363211 10.01441054 9.04032655
v 6.04013995 10.02956642 9.15268871
v 5.98105967 10.04472231 9.2406836
v 6.19953769 9.74354497 9.09750723
v 6.02666819 9.77385674 9.34113059
v 6.0805936 9.77385674 9.27428191
v 5.97274277 9.77385674 9.40797927
v 5.91881736 9.77385674 9.47482795
v 5.92912295 10.04472231 9.30562598
v 5.89778169 10.58645344 8.98180406
v 5.88359566 10.58645344 9.0059046
v 6.02764036 10.30043199 8.97328763
v 5.99860006 10.30043199 9.02234891
v 6.0128794 10.30043199 8.99813635
v 6.05619903 10.30043199 8.92486251
v 6.0419197 10.30043199 8.94907507
v 5.91196772 10.58645344 8.95770352
v 6.33606044 10.58645344 8.95770352
v 5.88229295 10.31558788 9.20745908
v 5.83067574 10.31558788 9.2721181
v 5.77905853 10.31558788 9.33677711
v 5.72579256 10.31558788 9.40304495
v 5.67417535 10.31558788 9.46770396
v 5.86940963 10.58645344 9.03000514
v 5.8552236 10.58645344 9.05410567
v 5.84103757 10.58645344 9.07820621
v 5.82685154 10.58645344 9.10230675
v 5.81266551 10.58645344 9.12640729
v 5.73299575 10.58645344 9.23898401
v 5.79847947 10.58645344 9.15050783
v 5.78429344 10.58645344 9.17460837
v 5.63040036 10.58645344 9.3677353
v 5.57910267 10.58645344 9.43211095
v 5.52780498 10.58645344 9.49648659
v 5.68169806 10.58645344 9.30335966
v 5.96955976 10.30043199 9.07141019
v 5.98432073 10.30043199 9.04656147
v 5.95528042 10.30043199 9.09562275
v 5.94100109 10.30043199 9.11983531
v 6.97599556 8.3285936 8.90596134
v 6.91257072 8.34374948 8.99870599
v 6.96353263 8.58430328 8.72364073
v 6.94769244 8.58430328 8.74983306
v 6.93185225 8.58430328 8.77602539
v 6.86687193 8.59945916 8.87073433
v 6.80383168 8.61461505 8.96309854
v 7.10678978 8.29828183 8.71571806
v 7.12272957 8.29828183 8.68940782
v 7.49166476 8.2584569 8.68462555
v 7.08592709 8.05772803 8.94157908
v 7.04137178 8.31343771 8.81086215
v 7.33271206 8.54447835 8.71888614
v 6.9548947 8.0880398 9.13193918
v 6.88944097 8.10319568 9.22705206
v 6.84746954 8.35890537 9.09347491
v 6.78241001 8.37406125 9.18819905
v 6.82422203 8.11835157 9.32187822
v 6.75904461 8.13350745 9.41665972
v 6.67616661 8.64492682 9.14975436
v 6.61343932 8.6600827 9.2417468
v 6.74083195 8.62977093 9.05541896
v 6.65451491 8.40437302 9.3749647
v 6.58977149 8.41952891 9.4693143
v 6.55075241 8.67523859 9.33369556
v 6.48640149 8.69039447 9.42765794
v 6.71929984 8.38921714 9.28057042
v 7.02039007 8.07288391 9.03678152
v 6.80577798 8.87032473 8.7576748
v 6.79003739 8.87032473 8.78374922
v 6.69590055 8.88548061 8.92788183
v 6.6332854 8.9006365 9.0198218
v 6.7742968 8.87032473 8.80982364
v 6.7585562 8.87032473 8.83589806
v 6.63689298 9.15634618 8.81681861
v 6.62125199 9.15634618 8.84277512
v 6.65203976 9.15634618 8.79151003
v 6.605611 9.15634618 8.86873163
v 6.59046423 9.15634618 8.89404021
v 6.5282331 9.17150207 8.9855995
v 7.15751355 8.8304998 8.7529479
v 7.00406789 9.11652125 8.78681081
v 6.57071076 8.91579238 9.11171797
v 6.50836636 8.93094827 9.20333149
v 6.44606234 8.94610416 9.29490131
v 6.46604248 9.18665795 9.07711499
v 7.83332604 8.21863197 8.67983941
v 8.28051013 8.21863197 8.67983941
v 6.49971103 9.44236763 8.82514641
v 6.46961039 9.44236763 8.87553364
v 6.48466071 9.44236763 8.85034003
v 6.454069 9.44236763 8.90137224
v 6.85199896 9.4025427 8.82047488
v 7.28763737 9.4025427 8.82047488
v 6.76015317 10.58645344 8.95770352
v 7.18424589 10.58645344 8.95770352
v 7.72327578 9.4025427 8.82047488
v 8.21973544 9.4025427 8.82047488
v 7.60833861 10.58645344 8.95770352
v 8.03243134 10.58645344 8.95770352
v 8.45652406 10.58645344 8.95770352
v 5.36507053 8.96126004 10.27084918
v 5.15731815 8.96126004 10.43637112
v 5.08148614 9.23212561 10.40423616
v 5.28799111 9.23212561 10.23942408
v 5.86656314 8.69039447 9.96833047
v 6.25821972 8.14866334 9.85464691
v 6.38628241 8.41952891 9.65535573
v 6.37249288 8.69039447 9.56698092
v 6.22716541 8.69039447 9.68256979
v 6.16972277 8.41952891 9.82625423
v 6.08183793 8.69039447 9.79815865
v 5.82253073 8.14866334 10.19789728
v 5.60468623 8.14866334 10.36952246
v 5.74291595 8.41952891 10.16409437
v 5.65756336 8.69039447 10.13456226
v 5.5263563 8.41952891 10.33499288
v 5.44856359 8.69039447 10.30079405
v 6.04037522 8.14866334 10.02627209
v 5.95316312 8.41952891 9.99715273
v 5.78057527 8.96126004 9.93980532
v 5.63377757 9.23212561 9.96272663
v 5.77737029 9.23212561 9.84812495
v 6.06949547 8.96126004 9.70961478
v 6.27056995 8.96126004 9.52515549
v 6.21395557 8.96126004 9.59451951
v 5.92503537 8.96126004 9.82471005
v 6.11482937 9.23212561 9.55420838
v 5.92096302 9.23212561 9.73352328
v 6.06024451 9.23212561 9.6216379
v 5.5728229 8.96126004 10.10532725
v 5.49449608 9.23212561 10.07461201
v 4.81528926 8.69039447 10.80342945
v 4.95115274 8.14866334 10.88439801
v 5.16899724 8.14866334 10.71277282
v 5.09954949 8.41952891 10.67283302
v 5.02428903 8.69039447 10.63719766
v 5.30979666 8.41952891 10.50589138
v 5.2332888 8.69039447 10.47096587
v 4.88298984 8.41952891 10.84373152
v 4.47717558 8.11486228 11.15983052
v 4.73330824 8.14866334 11.05602319
v 4.51243052 8.69039447 11.01890091
v 4.42484658 8.69039447 11.06420056
v 4.6664302 8.41952891 11.01463003
v 4.57832352 8.41952891 11.06012311
v 4.60001446 8.69039447 10.97360127
v 4.32362687 8.38572784 11.16349178
v 4.74181341 8.96126004 10.76741498
v 4.46817134 9.23212561 10.89476601
v 4.67467631 9.23212561 10.72995393
v 4.94956578 8.96126004 10.60189305
v 4.88118128 9.23212561 10.56514185
v 4.35993863 8.96126004 11.02314932
v 4.44699983 8.96126004 10.97804312
v 4.53406104 8.96126004 10.93293691
v 4.29769264 9.23212561 10.98352701
v 4.38423111 9.23212561 10.93861425
v 5.38684173 8.14866334 10.54114764
v 5.34158486 10.04472231 9.91994196
v 4.79878802 10.04472231 10.35901952
v 5.21145372 9.50299117 10.2083114
v 5.34989388 9.50299117 10.09690792
v 5.00619615 9.50299117 10.37241362
v 5.072303 10.04472231 10.13814014
v 5.34424465 9.77385674 10.00813874
v 5.20664583 9.77385674 10.11906032
v 5.20482737 10.04472231 10.03038165
v 5.06904701 9.77385674 10.22998191
v 4.93144819 9.77385674 10.34090349
v 4.93554551 10.04472231 10.24857983
v 5.33434867 10.31558788 9.83523714
v 5.20263959 10.31558788 9.94252543
v 5.06082662 10.58645344 9.96762536
v 5.3226142 10.58645344 9.75398917
v 5.19172041 10.58645344 9.86080727
v 4.80330527 10.31558788 10.26705981
v 4.66738911 10.31558788 10.3770176
v 4.79903904 10.58645344 10.18126155
v 4.53725145 10.58645344 10.39489775
v 4.66814524 10.58645344 10.28807965
v 5.06672343 10.31558788 10.05248322
v 4.93501435 10.31558788 10.15977152
v 4.92993283 10.58645344 10.07444346
v 5.63105938 9.50299117 9.87139636
v 5.76949953 9.50299117 9.75999287
v 5.61086672 10.04472231 9.70174378
v 5.86489194 9.77385674 9.54167663
v 5.81096653 9.77385674 9.6085253
v 5.75704111 9.77385674 9.67537398
v 5.76999483 10.04472231 9.50368488
v 5.71639914 10.04472231 9.57024314
v 5.66280344 10.04472231 9.63680139
v 5.61944229 9.77385674 9.78629557
v 5.48184347 9.77385674 9.89721715
v 5.47834235 10.04472231 9.80950227
v 6.01644996 9.50299117 9.51431119
v 5.96219482 9.50299117 9.58145029
v 5.90793969 9.50299117 9.64858939
v 5.48833403 9.50299117 9.98550443
v 5.62255814 10.31558788 9.53236298
v 5.56929217 10.31558788 9.59863081
v 5.46605775 10.31558788 9.72794885
v 5.51767496 10.31558788 9.66328983
v 5.47650728 10.58645344 9.56086223
v 5.42520959 10.58645344 9.62523788
v 5.3739119 10.58645344 9.68961352
v 6.30768838 10.58645344 9.54863715
v 6.29350235 10.58645344 9.57273769
v 6.27931632 10.58645344 9.59683823
v 6.33606044 10.58645344 9.50043607
v 6.32187441 10.58645344 9.52453661
v 6.23675823 10.58645344 9.66913984
v 6.26513029 10.58645344 9.62093876
v 6.25094426 10.58645344 9.6450393
v 6.2225722 10.58645344 9.69324038
v 6.1712745 10.58645344 9.75761602
v 6.11997681 10.58645344 9.82199167
v 6.01738142 10.58645344 9.95074296
v 6.06867912 10.58645344 9.88636731
v 5.86348834 10.58645344 10.14386989
v 5.81219065 10.58645344 10.20824554
v 5.55040307 10.58645344 10.42188173
v 5.68129686 10.58645344 10.31506363
v 5.96608373 10.58645344 10.0151186
v 5.91478604 10.58645344 10.07949425
v 4.80710124 9.50299117 10.53262628
v 4.40274876 9.50299117 10.85694117
v 4.31931557 9.50299117 10.90060055
v 4.60800634 9.50299117 10.69283895
v 4.53567827 9.77385674 10.65994276
v 4.46958864 10.04472231 10.62560461
v 4.73356323 9.77385674 10.50042313
v 4.66626365 10.04472231 10.46677801
v 4.33779331 9.77385674 10.81946239
v 4.53568003 10.31558788 10.4843059
v 4.40397095 10.31558788 10.59159419
v 4.40635766 10.58645344 10.50171584
v 5.28861548 10.58645344 10.63551792
v 5.0268279 10.58645344 10.84915412
v 5.15772169 10.58645344 10.74233602
v 4.60726982 10.58645344 11.14651501
v 4.68615507 10.58645344 11.10465266
v 4.76504032 10.58645344 11.06279031
v 4.37061407 10.58645344 11.27210207
v 4.52838457 10.58645344 11.18837736
v 4.44949932 10.58645344 11.23023972
v 4.89593411 10.58645344 10.95597221
v 5.41950927 10.58645344 10.52869983
v 6.40436248 10.58645344 10.53375062
v 6.3017671 10.58645344 10.6625019
v 6.35306479 10.58645344 10.59812626
v 6.17087331 10.58645344 10.76932
v 6.03997951 10.58645344 10.8761381
v 5.77819193 10.58645344 11.08977429
v 5.51640435 10.58645344 11.30341048
v 5.64729814 10.58645344 11.19659239
v 5.90908572 10.58645344 10.98295619
v 6.69390871 8.14866334 9.51139655
v 6.47606422 8.14866334 9.68302173
v 6.53247726 8.41952891 9.53927327
v 6.76015317 10.58645344 9.50043607
v 7.18424589 10.58645344 9.50043607
v 6.70340904 10.58645344 10.13957078
v 6.68922301 10.58645344 10.16367131
v 6.67503698 10.58645344 10.18777185
v 6.66085095 10.58645344 10.21187239
v 6.76015317 10.58645344 10.04316862
v 6.74596713 10.58645344 10.06726916
v 6.7317811 10.58645344 10.0913697
v 6.71759507 10.58645344 10.11547024
v 6.60955326 10.58645344 10.27624804
v 6.55825557 10.58645344 10.34062368
v 6.50695787 10.58645344 10.40499933
v 7.18424589 10.58645344 10.04316862
v 7.60833861 10.58645344 9.50043607
v 8.03243134 10.58645344 9.50043607
v 8.45652406 10.58645344 9.50043607
v 7.60833861 10.58645344 10.04316862
v 8.03243134 10.58645344 10.04316862
v 8.45652406 10.58645344 10.04316862
v 6.45566018 10.58645344 10.46937497
v 6.94523663 10.58645344 10.92363134
v 7.17005986 10.58645344 10.61000171
v 7.18424589 10.58645344 10.58590117
v 7.15587383 10.58645344 10.63410225
v 7.1416878 10.58645344 10.65820279
v 7.12750177 10.58645344 10.68230333
v 7.11331574 10.58645344 10.70640387
v 7.09912971 10.58645344 10.7305044
v 7.04783201 10.58645344 10.79488005
v 6.99653432 10.58645344 10.85925569
v 6.89393893 10.58645344 10.98800698
v 6.84264124 10.58645344 11.05238263
v 6.79134354 10.58645344 11.11675827
v 6.66044975 10.58645344 11.22357637
v 6.52955596 10.58645344 11.33039447
v 7.48611077 10.58645344 11.31351206
v 7.43481307 10.58645344 11.37788771
v 7.60833861 10.58645344 10.58590117
v 8.03243134 10.58645344 10.58590117
v 8.45652406 10.58645344 10.58590117
v 7.60833861 10.58645344 11.12863372
v 7.59415258 10.58645344 11.15273426
v 8.03243134 10.58645344 11.12863372
v 7.57996655 10.58645344 11.1768348
v 7.56578052 10.58645344 11.20093534
v 7.55159449 10.58645344 11.22503588
v 7.53740846 10.58645344 11.24913642
v 8.45652406 10.58645344 11.12863372
v 0.55873956 6.65133084 12.31883112
v 0.83398141 6.70162649 12.28189407
v 1.15688764 5.91086869 12.31104899
v 1.45776247 5.96116433 12.27136902
v 1.7331267 6.01145997 12.23439147
v 2.02980253 6.06175561 12.1951261
v 0 5.8102774 12.44586262
v 0.28762451 5.8102774 12.4170487
v 0.57524901 5.8102774 12.38823478
v 0.85538122 5.86057305 12.35078824
v 0 6.6010352 12.3842942
v 0.28291199 6.6010352 12.35582388
v 0 7.391793 12.32391086
v 0.27152292 7.44208864 12.28737188
v 0 7.74675527 12.27379353
v 0.14523309 7.74675527 12.258002
v 0.41453148 7.79705091 12.22170714
v 0.54246013 7.49238428 12.25088861
v 0.81281162 7.54267993 12.21446105
v 0.68324415 7.84734656 12.185468
v 0.9405268 7.8976422 12.15053101
v 1.13021398 6.75192213 12.24269414
v 1.40134528 6.80221777 12.20616502
v 1.67189706 6.85251341 12.16969115
v 1.96337698 6.90280905 12.13095929
v 1.07970999 7.59297557 12.17838035
v 1.34602884 7.64327121 12.1423549
v 1.46936239 7.99823348 12.07890796
v 1.20523435 7.94793784 12.11469186
v 1.61176819 7.69356685 12.10638471
v 1.87406993 7.74386249 12.07076025
v 2.13579836 7.79415813 12.03519059
v 2.32585299 6.11205125 12.15591956
v 2.59647716 6.16234689 12.11940895
v 2.85995584 6.16234689 12.03604271
v 3.12343451 6.16234689 11.95267648
v 4.10588231 5.38889558 11.69275614
v 3.39569357 6.19614796 11.84404868
v 3.69166736 6.22994902 11.7279563
v 3.98721956 6.26375008 11.6119828
v 4.25628242 6.29755115 11.50431423
v 3.02224616 7.0372014 11.86931419
v 2.22983993 6.95310469 12.09489176
v 2.49572958 7.00340033 12.05887902
v 2.75458304 7.00340033 11.97657581
v 2.92270032 7.9120559 11.78799593
v 3.18499243 7.94585696 11.68232267
v 2.39695349 7.84445377 11.99967574
v 2.66002068 7.87825484 11.89378028
v 3.28952174 7.07100246 11.76216366
v 3.58007133 7.10480352 11.64764914
v 3.84459048 7.13860459 11.54133496
v 4.10872492 7.17240565 11.43513124
v 3.44496787 7.97965803 11.57736288
v 3.70455859 8.01345909 11.47251355
v 1.53340323 5.85081049 14.411652
v 0 7.03472123 14.26420288
v 4.26550054 5.85081049 14.411652
v 2.66502187 7.03472123 14.26420288
v 0 8.10171754 12.22417303
v 0.14412029 8.10171754 12.20846857
v 0.28824058 8.10171754 12.19276411
v 0 8.45667982 12.17504936
v 0.14300749 8.45667982 12.15943197
v 0.28601498 8.45667982 12.14381459
v 0.42902248 8.45667982 12.1281972
v 1.06618312 8.25260447 12.08725818
v 0.55531444 8.15201319 12.15671338
v 0.81102982 8.20230883 12.1219589
v 0.6831706 8.50697546 12.09362522
v 0.93675663 8.5572711 12.059107
v 0.27830862 8.81164209 12.09800198
v 0.42020331 8.81164209 12.08247167
v 0 8.81164209 12.12858722
v 0.13641392 8.81164209 12.11353229
v 0 9.16660436 12.08259762
v 0.13534411 9.16660436 12.06762711
v 0.27068821 9.16660436 12.0526566
v 0.41147011 9.16660436 12.03721337
v 0.55661723 8.81164209 12.06741675
v 0.80863637 8.86193773 12.03307954
v 1.06009341 8.91223337 11.99879608
v 0.54681422 9.16660436 12.02224286
v 0.68215832 9.16660436 12.00727235
v 0.93204847 9.2169 11.97316989
v 1.32869984 8.30290011 12.05166057
v 1.57989973 8.35319575 12.01735583
v 1.18978056 8.60756674 12.02464254
v 1.43944069 8.65786238 11.99051818
v 1.72210204 8.04852912 12.04442285
v 1.98224667 8.09882476 12.00903736
v 1.83054374 8.40349139 11.9831044
v 1.68854494 8.70815802 11.95644712
v 2.08853126 8.45378703 11.94795788
v 1.65459033 9.36778692 11.87390405
v 1.764939 9.36778692 11.85607695
v 1.87528766 9.36778692 11.83824985
v 2.02102252 9.06312029 11.86174612
v 2.13597641 9.06312029 11.84334478
v 1.98946345 9.36778692 11.81993742
v 2.09981212 9.36778692 11.80211032
v 1.30039413 8.96252901 11.96579216
v 1.54795898 9.01282465 11.93189998
v 1.17085385 9.26719564 11.94034106
v 1.40912076 9.31749128 11.90756404
v 1.93709329 8.75845366 11.92242937
v 2.05282528 8.75845366 11.90393913
v 1.79496795 9.06312029 11.89806111
v 1.90606863 9.06312029 11.88014746
v 0 9.52156663 12.03708058
v 0.13427429 9.52156663 12.02219448
v 0.40282287 9.52156663 11.99242228
v 0.26854858 9.52156663 12.00730838
v 0.12785265 9.8765289 11.9798301
v 0.26105713 9.8765289 11.9650284
v 0 9.8765289 11.99416439
v 0.3942616 9.8765289 11.95022671
v 0.52211425 9.8765289 11.93589241
v 0.53709717 9.52156663 11.97753618
v 0.67137146 9.52156663 11.96265008
v 0.80564575 9.52156663 11.94776398
v 1.04295578 9.57186227 11.91511024
v 0.65531873 9.8765289 11.92109072
v 0.78852321 9.8765289 11.90628903
v 0.91637586 9.8765289 11.89195473
v 0.37739696 10.58645344 11.86716441
v 0.50319594 10.58645344 11.8529936
v 0.7715726 10.23149117 11.8652517
v 0.89839841 10.23149117 11.85099915
v 1.02522423 10.23149117 11.83674659
v 0.62899493 10.58645344 11.83882279
v 0.75479391 10.58645344 11.82465198
v 0.8805929 10.58645344 11.81048118
v 1.00639189 10.58645344 11.79631037
v 0 10.23149117 11.95169648
v 0.12682582 10.23149117 11.93744393
v 0.25365163 10.23149117 11.92319137
v 0.3857863 10.23149117 11.90847409
v 0.51261212 10.23149117 11.89422154
v 0 10.58645344 11.90967684
v 0.12579899 10.58645344 11.89550603
v 0.25159797 10.58645344 11.88133522
v 0.63943793 10.23149117 11.87996898
v 0.8805929 10.58645344 12.23995221
v 1.51596045 9.67245355 11.84995819
v 1.15165245 9.92682454 11.85952639
v 1.38639057 9.97712018 11.82714986
v 1.49146023 9.97712018 11.80997649
v 1.60030486 9.97712018 11.79232249
v 1.73515374 9.67245355 11.81447709
v 1.62555709 9.67245355 11.83221764
v 1.84475038 9.67245355 11.79673654
v 1.95434703 9.67245355 11.778996
v 2.06394368 9.67245355 11.76125545
v 1.70914949 9.97712018 11.77466849
v 1.81421915 9.97712018 11.75749512
v 1.92306378 9.97712018 11.73984112
v 2.03190841 9.97712018 11.72218712
v 2.13697808 9.97712018 11.70501375
v 1.27972735 9.62215791 11.88250831
v 1.25846738 10.28178681 11.80454365
v 1.57524744 10.28178681 11.75279784
v 1.36281111 10.28178681 11.78745447
v 1.46715483 10.28178681 11.77036529
v 1.33942645 10.58645344 11.74812958
v 1.13219087 10.58645344 11.78213956
v 1.23580866 10.58645344 11.76513457
v 1.44304425 10.58645344 11.7311246
v 1.54666204 10.58645344 11.71411961
v 1.67959117 10.28178681 11.73570866
v 1.7839349 10.28178681 11.71861948
v 1.99637124 10.28178681 11.68396286
v 1.89202751 10.28178681 11.70105204
v 2.10071497 10.28178681 11.66687368
v 2.06475099 10.58645344 11.62909468
v 1.65027983 10.58645344 11.69711463
v 1.75389762 10.58645344 11.68010964
v 1.85751541 10.58645344 11.66310465
v 1.9611332 10.58645344 11.64609967
v 2.08736991 10.58645344 12.01104588
v 0.62899493 10.58645344 12.69776486
v 0.37739696 10.58645344 13.15557751
v 1.83577194 10.58645344 12.46885853
v 1.58417397 10.58645344 12.92667118
v 2.49269489 8.45378703 11.84561175
v 2.66383835 8.45378703 11.78042393
v 2.79260267 8.18292147 11.78420079
v 3.0534252 8.21672253 11.67897383
v 3.17291563 8.52138916 11.57396409
v 2.92319131 8.4875881 11.67564327
v 2.24181799 8.1491204 11.97370667
v 2.35910618 8.1491204 11.95503861
v 2.5313926 8.1491204 11.88953884
v 2.20504135 8.45378703 11.92937873
v 2.32155144 8.45378703 11.91079957
v 2.28428927 8.75845366 11.86695863
v 2.62429025 8.75845366 11.73720688
v 2.45428976 8.75845366 11.80208276
v 2.2470771 9.06312029 11.82543113
v 2.41027459 9.06312029 11.76257834
v 2.37225363 9.36778692 11.72173411
v 2.21016078 9.36778692 11.78428322
v 2.57913212 9.06312029 11.69801441
v 2.53434647 9.36778692 11.65918499
v 3.04260044 8.79225473 11.57108538
v 2.79429074 8.75845366 11.67233101
v 2.74798965 9.06312029 11.63345048
v 2.91118714 9.06312029 11.57059769
v 2.70206103 9.36778692 11.594933
v 2.86415388 9.36778692 11.53238389
v 3.15771022 9.09692136 11.46989228
v 3.02624672 9.36778692 11.46983477
v 2.16855728 8.75845366 11.88544888
v 3.30456415 8.25052359 11.57686109
v 3.56270208 8.28432466 11.47245424
v 3.42226613 8.55519022 11.47239283
v 3.29053631 8.82605579 11.46994768
v 2.4955167 9.67245355 11.61902402
v 2.65650489 9.67245355 11.55677858
v 2.17354032 9.67245355 11.7435149
v 2.33452851 9.67245355 11.68126946
v 2.45120005 9.97712018 11.58281656
v 2.61108359 9.97712018 11.5208748
v 2.29131652 9.97712018 11.64475832
v 2.81749309 9.67245355 11.49453314
v 2.97848128 9.67245355 11.4322877
v 2.76542203 9.97712018 11.46061937
v 2.25398707 10.28178681 11.60691366
v 2.40725917 10.28178681 11.54695364
v 2.56603805 10.28178681 11.48531555
v 2.36916251 10.58645344 11.50976546
v 2.21695675 10.58645344 11.56943007
v 2.52136827 10.58645344 11.45010086
v 2.71931015 10.28178681 11.42535554
v 3.22072376 10.58645344 11.75567678
v 3.068518 10.58645344 11.81534138
v 2.29460549 10.58645344 11.97703591
v 2.39822328 10.58645344 11.96003092
v 2.1909877 10.58645344 11.99404089
v 2.50184108 10.58645344 11.94302594
v 2.60545887 10.58645344 11.92602095
v 2.70907666 10.58645344 11.90901597
v 2.81269445 10.58645344 11.89201098
v 2.91631224 10.58645344 11.87500599
v 3.14616674 10.58645344 12.22294722
v 3.04254895 10.58645344 12.23995221
v 3.52513528 10.58645344 11.63634756
v 3.67734104 10.58645344 11.57668295
v 3.37292952 10.58645344 11.69601217
v 3.8295468 10.58645344 11.51701834
v 3.98175256 10.58645344 11.45735373
v 3.24978453 10.58645344 12.20594223
v 3.35340232 10.58645344 12.18893725
v 3.45702012 10.58645344 12.17193226
v 3.56063791 10.58645344 12.15492728
v 3.6642557 10.58645344 12.13792229
v 3.92007925 10.58645344 12.0612527
v 4.22449077 10.58645344 11.94192348
v 4.07228501 10.58645344 12.00158809
v 3.76787349 10.58645344 12.1209173
v 2.79095098 10.58645344 12.69776486
v 2.53935301 10.58645344 13.15557751
v 3.99772799 10.58645344 12.46885853
v 4.10134578 10.58645344 12.45185354
v 4.20496357 10.58645344 12.43484856
v 3.74613002 10.58645344 12.92667118
v 1.13983606 8.21863197 14.12016059
v 0 9.4025427 13.97952512
v 0.12579899 10.58645344 13.61339016
v 1.332576 10.58645344 13.38448383
v 1.08097803 10.58645344 13.84229648
v 3.73778249 8.21863197 14.12016059
v 2.22081408 9.4025427 13.97952512
v 2.28775504 10.58645344 13.61339016
v 3.49453205 10.58645344 13.38448383
v 3.24293408 10.58645344 13.84229648
v 4.40643712 5.42269664 11.57532366
v 4.7045356 5.45649771 11.45863609
v 5.33004375 7.03472123 14.26420288
v 6.99759786 5.85081049 14.411652
v 7.99506562 7.03472123 14.26420288
v 4.52890229 10.58645344 11.82259426
v 4.83331381 10.58645344 11.70326504
v 4.68110805 10.58645344 11.76292965
v 5.06996956 10.58645344 11.57767799
v 4.99108431 10.58645344 11.61954034
v 5.22774005 10.58645344 11.49395328
v 5.3066253 10.58645344 11.45209093
v 5.14885481 10.58645344 11.53581563
v 4.91219906 10.58645344 11.66140269
v 4.37669653 10.58645344 11.88225887
v 4.7716405 10.58645344 12.30716401
v 5.07605202 10.58645344 12.18783479
v 4.92384626 10.58645344 12.2474994
v 5.22825778 10.58645344 12.12817018
v 5.38551055 10.58645344 11.41022858
v 5.84821029 10.58645344 11.84139155
v 6.39866217 10.58645344 11.43721256
v 6.26776838 10.58645344 11.54403066
v 6.13687459 10.58645344 11.65084875
v 5.92709554 10.58645344 11.7995292
v 6.00598079 10.58645344 11.75766685
v 5.61155454 10.58645344 11.96697861
v 5.38046354 10.58645344 12.06850557
v 5.53266929 10.58645344 12.00884096
v 5.69043979 10.58645344 11.92511626
v 5.76932504 10.58645344 11.88325391
v 6.38979528 10.58645344 12.23069218
v 6.23202478 10.58645344 12.31441688
v 6.31091003 10.58645344 12.27255453
v 4.41219916 10.58645344 12.40083859
v 4.30858136 10.58645344 12.41784357
v 4.51581695 10.58645344 12.3838336
v 4.61943474 10.58645344 12.36682861
v 4.95290703 10.58645344 12.69776486
v 5.05652482 10.58645344 12.68075987
v 5.16014261 10.58645344 12.66375488
v 5.2637604 10.58645344 12.6467499
v 5.3673782 10.58645344 12.62974491
v 4.70130906 10.58645344 13.15557751
v 5.62320175 10.58645344 12.55307532
v 5.77540751 10.58645344 12.49341071
v 5.47099599 10.58645344 12.61273993
v 5.92761326 10.58645344 12.4337461
v 6.07981902 10.58645344 12.37408149
v 5.90808607 10.58645344 12.92667118
v 6.01170386 10.58645344 12.90966619
v 6.11532165 10.58645344 12.89266121
v 6.21893944 10.58645344 12.87565622
v 6.32255724 10.58645344 12.85865124
v 7.38351538 10.58645344 11.44226335
v 7.33221769 10.58645344 11.506639
v 7.28091999 10.58645344 11.57101464
v 7.1500262 10.58645344 11.67783274
v 7.01913241 10.58645344 11.78465083
v 6.62645103 10.58645344 12.10510512
v 6.88823862 10.58645344 11.89146893
v 6.75734482 10.58645344 11.99828703
v 6.54756578 10.58645344 12.14696747
v 6.46868053 10.58645344 12.18882983
v 7.37781506 10.58645344 12.3457253
v 7.50870886 10.58645344 12.2389072
v 8.0182453 10.58645344 11.69546681
v 8.03243134 10.58645344 11.67136628
v 8.00405927 10.58645344 11.71956735
v 7.98987324 10.58645344 11.74366789
v 7.97568721 10.58645344 11.76776843
v 7.92438952 10.58645344 11.83214407
v 8.45652406 10.58645344 11.67136628
v 7.77049644 10.58645344 12.02527101
v 7.87309183 10.58645344 11.89651972
v 7.82179413 10.58645344 11.96089536
v 7.63960265 10.58645344 12.1320891
v 8.45652406 10.58645344 12.21409883
v 8.44233803 10.58645344 12.23819937
v 8.41396597 10.58645344 12.28640044
v 8.428152 10.58645344 12.2622999
v 6.47476299 10.58645344 12.79898663
v 6.62696875 10.58645344 12.73932202
v 6.77917451 10.58645344 12.67965741
v 6.93138027 10.58645344 12.6199928
v 7.24692127 10.58645344 12.45254339
v 7.01026552 10.58645344 12.57813045
v 7.08915077 10.58645344 12.5362681
v 7.16803602 10.58645344 12.49440575
v 6.86326511 10.58645344 13.15557751
v 6.9668829 10.58645344 13.13857252
v 7.32632424 10.58645344 13.04489794
v 7.47853 10.58645344 12.98523333
v 7.07050069 10.58645344 13.12156753
v 7.17411848 10.58645344 13.10456255
v 7.9982853 10.58645344 12.69316357
v 7.86739151 10.58645344 12.79998167
v 8.31137058 10.58645344 12.41515173
v 8.12917909 10.58645344 12.58634547
v 8.26007289 10.58645344 12.47952738
v 8.36266827 10.58645344 12.35077609
v 7.63073576 10.58645344 12.92556872
v 7.70962101 10.58645344 12.88370637
v 7.78850626 10.58645344 12.84184402
v 8.17788549 10.58645344 13.29080925
v 8.48786175 10.58645344 13.14741994
v 8.33009125 10.58645344 13.23114464
v 8.4089765 10.58645344 13.18928229
v 6.33572892 8.21863197 14.12016059
v 4.75168507 9.4025427 13.97952512
v 4.44971109 10.58645344 13.61339016
v 5.6564881 10.58645344 13.38448383
v 5.40489013 10.58645344 13.84229648
v 6.97249916 9.4025427 13.97952512
v 6.61166714 10.58645344 13.61339016
v 7.81844415 10.58645344 13.38448383
v 8.02567973 10.58645344 13.35047386
v 7.92206194 10.58645344 13.36747884
v 7.56684618 10.58645344 13.84229648
v 10.57448276 1.14982732 8.46076353
v 10.67853344 0.27497282 8.73681531
v 10.4515499 0.27497282 8.95012125
v 9.99758281 0.27497282 9.37673313
v 10.22456635 0.27497282 9.16342719
v 10.12789794 1.14982732 8.88218064
v 10.35119035 1.14982732 8.67147208
v 9.92099788 1.14982732 9.08001936
v 9.69770547 1.14982732 9.29072791
v 10.72631427 1.61164802 7.83244645
v 10.68602999 1.61164802 7.90329683
v 10.64667014 1.61164802 7.97279968
v 10.60731029 1.61164802 8.04230254
v 10.57252229 1.87898306 7.86879378
v 10.53336301 1.87898306 7.93803312
v 10.49420374 1.87898306 8.00727245
v 10.72009264 1.34431298 8.07904881
v 10.67960308 1.34431298 8.15016781
v 10.56702601 1.61164802 8.11315292
v 10.46351722 1.41716236 8.41970661
v 10.45504446 1.87898306 8.07651179
v 10.35313603 1.6844974 8.37904389
v 10.24415939 1.95183244 8.34216555
v 10.42049288 2.1463181 7.9049674
v 10.38153417 2.1463181 7.97394322
v 10.34257546 2.1463181 8.04291903
v 10.26947127 2.41365314 7.94096731
v 10.23071313 2.41365314 8.0096796
v 10.13386129 2.21916748 8.30495014
v 10.0241587 2.48650252 8.26810849
v 9.81411325 2.5593519 8.5306197
v 9.6058473 2.02468182 9.01205046
v 9.4023674 2.02468182 9.20745044
v 9.18276612 2.02468182 9.41556161
v 9.92082337 2.29201686 8.567702
v 10.02892848 2.02468182 8.60853931
v 9.8093272 2.02468182 8.81665048
v 11.26908008 0.54230786 7.83190574
v 11.22797468 0.54230786 7.90383063
v 11.14387731 0.54230786 8.05041632
v 11.185926 0.54230786 7.97712348
v 11.54240522 0.12221014 7.70067956
v 11.52440349 0.16040081 7.70598172
v 11.53560378 0.0458288 7.76445617
v 11.49989074 0.12221014 7.77459914
v 11.51774039 0.08401947 7.76952932
v 11.48191911 0.16040081 7.77986208
v 11.53083441 0.23678215 7.64277344
v 11.50653549 0.19859148 7.71108396
v 11.48854573 0.23678215 7.71637913
v 11.5128286 0.27497282 7.64810417
v 11.4640812 0.19859148 7.78492512
v 11.44625706 0.23678215 7.78998482
v 11.47056992 0.27497282 7.72167075
v 11.42831125 0.27497282 7.79523734
v 11.63908285 0.00763813 7.61071463
v 11.62102512 0.0458288 7.61606663
v 11.59634199 0.00763813 7.68494872
v 11.57831445 0.0458288 7.6902614
v 11.60296545 0.08401947 7.62141508
v 11.5849197 0.12221014 7.62675999
v 11.56688788 0.16040081 7.63210135
v 11.56042087 0.08401947 7.69537386
v 11.55360112 0.00763813 7.7591828
v 11.54885417 0.19859148 7.63743917
v 11.39695034 0.16040081 7.92762281
v 11.4928931 0.0458288 7.83865094
v 11.47505991 0.08401947 7.84368478
v 11.45724045 0.12221014 7.84871528
v 11.43943472 0.16040081 7.85374245
v 11.43251533 0.08401947 7.91764357
v 11.41472597 0.12221014 7.92263486
v 11.37221149 0.12221014 7.99655443
v 11.35446595 0.16040081 8.00150318
v 11.40383287 0.23678215 7.86378677
v 11.37930824 0.19859148 7.93241107
v 11.36154419 0.23678215 7.93739246
v 11.38605258 0.27497282 7.86880392
v 11.3437939 0.27497282 7.94237051
v 11.42162691 0.19859148 7.85876627
v 11.33685395 0.19859148 8.00625223
v 11.31925552 0.23678215 8.01099815
v 11.30153523 0.27497282 8.01593709
v 11.35317745 0.54230786 7.68532004
v 11.31112877 0.54230786 7.75861289
v 11.24904707 0.00763778 8.21600645
v 11.27683133 0.23678215 8.08480009
v 11.25208099 0.19859148 8.15373818
v 11.23454265 0.23678215 8.15840578
v 11.25927655 0.27497282 8.08950368
v 11.21701788 0.27497282 8.16307026
v 11.13250053 0.27497282 8.31020343
v 11.19225398 0.23678215 8.23201147
v 11.17475921 0.27497282 8.23663685
v 10.90551699 0.27497282 8.52350937
v 11.10277191 0.54230786 8.12234121
v 11.06072323 0.54230786 8.19563406
v 11.01867455 0.54230786 8.26892691
v 11.31198157 0.16040081 8.07538354
v 11.29439966 0.19859148 8.08009338
v 11.19454949 0.8096429 7.72236221
v 11.1527108 0.8096429 7.79538132
v 11.11181067 0.8096429 7.86703758
v 11.07091055 0.8096429 7.93869384
v 11.02907186 0.8096429 8.01171295
v 10.99624987 1.07697794 7.8306183
v 11.03694472 1.07697794 7.75923067
v 10.95555503 1.07697794 7.90200593
v 10.87416535 1.07697794 8.0447812
v 10.91486019 1.07697794 7.97339357
v 11.81126772 0.77145223 7.71708111
v 11.47832949 1.30612231 7.79069395
v 11.6372107 1.03878727 7.75397439
v 10.98817174 0.8096429 8.08336922
v 10.94727161 0.8096429 8.15502548
v 10.90543292 0.8096429 8.22804459
v 10.8334705 1.07697794 8.11616884
v 10.79277566 1.07697794 8.18755647
v 12.21158441 0.08401947 7.62141508
v 12.19310814 0.12221014 7.62675999
v 12.17271052 0.16040081 7.63210135
v 12.25050363 0.00763813 7.61071463
v 12.23007461 0.0458288 7.61606663
v 12.13579875 0.23678215 7.64277344
v 12.15424766 0.19859148 7.63743917
v 11.97302164 0.50411719 7.68001413
v 12.85998363 0.00763813 7.61071463
v 12.8391241 0.0458288 7.61606663
v 12.82020338 0.08401947 7.62141508
v 12.79935993 0.12221014 7.62675999
v 12.77853316 0.16040081 7.63210135
v 12.75964115 0.19859148 7.63743917
v 12.59373808 0.46592652 7.67470467
v 12.23832973 1.0005966 7.74871456
v 12.07639028 1.26793164 7.78545894
v 12.41545514 0.73326156 7.71179647
v 12.84030182 0.96240593 7.74345119
v 12.66202583 1.22974097 7.78022038
v 10.88112174 1.34431298 7.79592541
v 10.84063218 1.34431298 7.86704442
v 10.80014262 1.34431298 7.93816342
v 10.7605822 1.34431298 8.0079298
v 11.15048879 1.84079239 7.86361195
v 11.32046377 1.57345735 7.8272398
v 11.72928915 1.80260172 7.85842657
v 10.99546886 2.10812743 7.89981038
v 10.84145674 2.37546247 7.9358351
v 11.21264674 2.66230034 7.97429475
v 11.57127871 2.06993676 7.89464982
v 11.90226479 1.53526668 7.82202961
v 12.30892338 1.76441105 7.85323764
v 12.48489968 1.49707601 7.81681587
v 11.9104862 2.35677463 7.93332247
v 12.27548618 2.6436125 7.97179515
v 12.67745149 2.05124892 7.89212331
v 9.54361571 0.27497282 9.80334502
v 8.79383791 0.27497282 10.3936323
v 9.08964862 0.27497282 10.2299569
v 9.31663217 0.27497282 10.01665096
v 9.04422059 1.14982732 9.90998374
v 9.267513 1.14982732 9.69927519
v 9.47441306 1.14982732 9.50143647
v 8.82092817 1.14982732 10.1206923
v 9.77059926 0.27497282 9.59003907
v 8.97928622 2.02468182 9.61096159
v 8.77580633 2.02468182 9.80636157
v 9.60055545 3.09402198 8.45686361
v 9.38908234 3.62869206 8.39051889
v 9.49452534 3.36135702 8.42351729
v 9.36274489 3.88087122 8.2453501
v 9.44314624 3.86571533 8.13347091
v 9.28239037 3.8960271 8.35717992
v 10.11945747 2.68098818 7.9767935
v 9.77868835 3.27335175 8.05555865
v 10.4917562 2.96782604 8.01504014
v 9.91585919 2.75383756 8.23499203
v 9.70797907 2.82668694 8.49390578
v 9.80627871 3.0211726 8.20152617
v 9.6973049 3.28850764 8.16841363
v 10.14728266 3.56018962 8.0933923
v 10.45109554 3.84702749 8.13102597
v 9.49583767 2.89953632 8.75353079
v 9.29577793 2.89953632 8.94649203
v 9.39139407 3.16687136 8.71624454
v 9.09571819 2.89953632 9.13945327
v 8.89565846 2.89953632 9.33241451
v 9.080474 3.96887648 8.60920096
v 8.99162481 3.77439083 8.88937368
v 9.28752641 3.4342064 8.67932667
v 9.18423471 3.70154144 8.64277716
v 8.79498523 3.77439083 9.07989618
v 8.59834565 3.77439083 9.27041868
v 9.11283113 4.45807891 8.2105303
v 9.03341188 4.47323479 8.32143369
v 8.95403947 4.48839068 8.43228772
v 8.8747139 4.50354656 8.54309237
v 8.79278796 5.05044249 8.2867368
v 8.71843891 5.06559837 8.3917109
v 8.64004578 5.08075426 8.50159025
v 9.12616042 5.33728035 8.32333148
v 9.44964486 4.74491678 8.24753797
v 9.77823438 4.1525532 8.17089158
v 10.11395966 4.43939107 8.20811226
v 9.75265199 5.03175465 8.28434567
v 10.02236622 5.31859251 8.32095338
v 10.38623668 4.72622894 8.24513297
v 10.67225677 4.99274613 8.27935175
v 10.44895527 5.27876758 8.31588268
v 8.9773004 4.23621152 8.5759727
v 8.78883241 4.30906091 8.81557401
v 8.88994063 4.04172587 8.85228966
v 8.68907902 4.57639595 8.7824901
v 10.82890402 3.25466391 8.0530868
v 11.51798328 2.9491382 8.01255442
v 11.13141461 3.54150178 8.09093348
v 11.46453376 3.82833965 8.12858018
v 11.84910621 3.23597607 8.05061411
v 12.57461529 2.93045036 8.01006784
v 12.82401086 3.19696756 8.04544993
v 12.18096552 3.52281394 8.08847381
v 11.96569765 3.80883539 8.12602664
v 12.58487848 3.48298901 8.08322928
v 10.75591948 4.13386536 8.16845966
v 11.08577365 4.42070323 8.20569338
v 11.73259197 4.09485685 8.16338062
v 11.50137504 4.3808783 8.20053576
v 11.29415837 4.66689975 8.23749205
v 10.87818245 4.70672468 8.24262199
v 11.84324854 4.66689975 8.23749205
v 12.45960771 4.66689975 8.23749205
v 8.69559872 2.89953632 9.52537575
v 13.40561172 0.12221014 7.62675999
v 13.3843558 0.16040081 7.63210135
v 13.20184694 0.42773585 7.66939167
v 13.46946364 0.00763813 7.61071463
v 13.44817358 0.0458288 7.61606663
v 13.42688432 0.08401947 7.62141508
v 13.64363064 0.65688022 7.70121656
v 13.82813663 0.38954518 7.66407513
v 13.02049561 0.69507089 7.70650829
v 13.26556415 1.1915503 7.77497828
v 13.44692709 0.92421526 7.73818427
v 13.869961 1.15335963 7.76973264
v 14.08088442 0.00763813 7.61071463
v 14.05722307 0.0458288 7.61606663
v 14.01380017 0.12221014 7.62675999
v 14.03550328 0.08401947 7.62141508
v 14.45530404 0.35135451 7.65875503
v 14.25421152 0.61868955 7.69592128
v 14.69036442 0.00763813 7.61071463
v 14.66627256 0.0458288 7.61606663
v 14.64412225 0.08401947 7.62141508
v 14.86565092 0.58049888 7.69062246
v 14.05441089 0.88602459 7.73291381
v 14.6627532 0.84783392 7.72763981
v 15.02698868 1.13467179 7.7671645
v 13.08535106 1.45888534 7.81159858
v 13.45259905 1.74572321 7.85069726
v 13.01028641 2.33808679 7.93080899
v 13.30794184 2.62492465 7.96929469
v 13.75290411 2.03256108 7.88959595
v 14.2045079 1.4401975 7.80904432
v 14.56539154 1.72703537 7.84815602
v 14.06432797 2.29907827 7.92555968
v 14.31391539 2.01305682 7.88695727
v 14.71022628 2.29907827 7.92555968
v 15.29984443 0.00763813 7.61071463
v 15.27532204 0.0458288 7.61606663
v 15.06984054 0.31316384 7.6534314
v 15.49522732 0.54230821 7.68532009
v 15.70260032 0.27497317 7.64810422
v 15.9112652 0.00763813 7.61071463
v 15.85801128 0.82914608 7.72505779
v 15.59796883 1.11516753 7.76448325
v 16.33624327 0.2367825 7.64277349
v 16.2586367 1.11516753 7.76448325
v 16.2586367 1.11516753 8.52696997
v 15.35612459 2.29907827 7.92555968
v 15.35612459 2.29907827 8.67533312
v 15.35612459 2.29907827 9.42510656
v 15.70726854 1.11516753 10.2222155
v 15.35612459 2.29907827 11.05859989
v 13.06503197 2.91094611 8.00747173
v 13.21600722 3.48298901 8.08322928
v 13.84713596 3.48298901 8.08322928
v 14.47826471 3.48298901 8.08322928
v 14.47826471 3.48298901 8.82028944
v 13.07596689 4.66689975 8.23749205
v 13.62505705 4.66689975 8.23749205
v 13.62505705 4.66689975 8.89713692
v 14.47826471 3.48298901 9.5573496
v 14.47826471 3.48298901 10.29440976
v 13.62505705 4.66689975 9.6214838
v 13.62505705 4.66689975 10.34583068
v 13.62505705 4.66689975 11.00547556
v 9.1551022 1.11516753 15.03551675
v 10.23741639 2.29907827 14.87444032
v 12.52308007 1.11516753 15.03551675
v 9.08337137 4.66689975 14.56250795
v 11.26087255 3.48298901 14.71677072
v 12.22547067 4.66689975 14.56250795
v 16.2586367 1.11516753 11.8493522
v 15.35612459 2.29907827 12.55814677
v 13.5301014 2.29907827 14.87444032
v 16.2586367 1.11516753 13.37432564
v 15.70726854 1.11516753 14.93335349
v 15.35612459 2.29907827 14.05769365
v 14.47826471 3.48298901 11.76853008
v 14.47826471 3.48298901 13.2426504
v 13.62505705 4.66689975 12.45416932
v 14.47826471 3.48298901 14.71677072
v 13.62505705 4.66689975 13.90286308
v 8.7790402 5.92964393 8.39827211
v 9.39715665 5.62411822 8.35972619
v 9.62420268 5.89063542 8.39336333
v 9.08096822 6.2164818 8.43425384
v 8.9067549 6.50250325 8.46993402
v 9.42761918 6.17665687 8.42927004
v 9.23542971 6.46267832 8.46497791
v 9.82245169 5.60461397 8.35725778
v 10.05118187 5.85081049 8.388348
v 10.2492522 5.56478904 8.35221476
v 10.58711441 5.85081049 8.388348
v 8.71553171 6.7885247 8.50541536
v 8.85594896 7.03472123 8.53579712
v 9.04487297 6.74869977 8.50048694
v 9.37872387 7.03472123 8.53579712
v 9.90149879 7.03472123 8.53579712
v 10.4242737 7.03472123 8.53579712
v 11.12304694 5.85081049 8.388348
v 11.72463655 5.85081049 8.388348
v 12.26056909 5.85081049 8.388348
v 12.79650163 5.85081049 8.388348
v 12.79650163 5.85081049 9.0364152
v 10.94704861 7.03472123 8.53579712
v 11.46982352 7.03472123 8.53579712
v 11.99259843 7.03472123 8.53579712
v 11.99259843 7.03472123 9.17228665
v 12.79650163 5.85081049 9.6844824
v 12.79650163 5.85081049 10.396116
v 12.79650163 5.85081049 11.0441832
v 11.99259843 7.03472123 9.80877618
v 11.99259843 7.03472123 10.44526571
v 11.99259843 7.03472123 11.08175524
v 8.79012742 8.21863197 8.67983941
v 9.29974471 8.21863197 8.67983941
v 9.7469288 8.21863197 8.67983941
v 10.25654609 8.21863197 8.67983941
v 8.65537385 9.4025427 8.82047488
v 9.09101226 9.4025427 8.82047488
v 9.58747192 9.4025427 8.82047488
v 8.88061678 10.58645344 8.95770352
v 9.30470951 10.58645344 8.95770352
v 10.02311033 9.4025427 8.82047488
v 10.45874873 9.4025427 8.82047488
v 10.45874873 9.4025427 9.37364949
v 9.72880223 10.58645344 8.95770352
v 10.76616338 8.21863197 8.67983941
v 11.21334747 8.21863197 8.67983941
v 11.21334747 8.21863197 9.24345609
v 8.88061678 10.58645344 9.50043607
v 9.30470951 10.58645344 9.50043607
v 8.88061678 10.58645344 10.04316862
v 9.30470951 10.58645344 10.04316862
v 10.45874873 9.4025427 9.92682411
v 9.72880223 10.58645344 9.50043607
v 9.72880223 10.58645344 10.04316862
v 8.88061678 10.58645344 10.58590117
v 9.30470951 10.58645344 10.58590117
v 8.88061678 10.58645344 11.12863372
v 9.30470951 10.58645344 11.12863372
v 10.45874873 9.4025427 10.54015829
v 10.45874873 9.4025427 11.09333291
v 9.72880223 10.58645344 10.58590117
v 9.72880223 10.58645344 11.12863372
v 11.21334747 8.21863197 9.86836795
v 11.21334747 8.21863197 10.4932798
v 11.21334747 8.21863197 11.05689648
v 12.79650163 5.85081049 11.6922504
v 12.79650163 5.85081049 13.1155176
v 11.99259843 7.03472123 11.71824476
v 11.99259843 7.03472123 12.35473429
v 10.06440431 5.85081049 14.411652
v 10.6600875 7.03472123 14.26420288
v 12.79650163 5.85081049 14.411652
v 11.99259843 7.03472123 13.62771335
v 8.88061678 10.58645344 11.67136628
v 9.30470951 10.58645344 11.67136628
v 8.88061678 10.58645344 12.21409883
v 9.30470951 10.58645344 12.21409883
v 10.45874873 9.4025427 11.64650752
v 10.45874873 9.4025427 12.25984171
v 9.72880223 10.58645344 11.67136628
v 9.72880223 10.58645344 12.21409883
v 8.85224472 10.58645344 12.80503245
v 8.88061678 10.58645344 12.75683138
v 8.86643075 10.58645344 12.78093192
v 9.30470951 10.58645344 12.75683138
v 8.80094703 10.58645344 12.8694081
v 8.74964933 10.58645344 12.93378374
v 8.61875554 10.58645344 13.04060184
v 9.30470951 10.58645344 13.29956393
v 10.45874873 9.4025427 12.81301632
v 9.72880223 10.58645344 12.75683138
v 9.72880223 10.58645344 13.29956393
v 11.21334747 8.21863197 11.68180834
v 11.21334747 8.21863197 12.3067202
v 11.21334747 8.21863197 12.87033687
v 8.61540104 8.21863197 14.12016059
v 9.19331324 9.4025427 13.97952512
v 9.02944674 10.58645344 13.53672056
v 9.10833199 10.58645344 13.49485821
v 8.77362319 10.58645344 13.61339016
v 8.87724098 10.58645344 13.59638517
v 9.23922578 10.58645344 13.38804011
v 9.29052347 10.58645344 13.32366447
v 10.45874873 9.4025427 13.36619093
v 9.72880223 10.58645344 13.84229648
v 11.21334747 8.21863197 14.12016059
f 1 3 2
f 1 6 3
f 1 2 4
f 1 4 5
f 1 12 6
f 1 5 18
f 1 18 13
f 1 199 12
f 1 13 205
f 5 9 18
f 9 10 18
f 10 15 18
f 15 16 18
f 16 103 18
f 18 103 104
f 18 104 106
f 18 2563 100
f 13 18 100
f 100 2563 101
f 18 106 107
f 18 107 2395
f 18 2395 2563
f 101 2563 102
f 102 2563 155
f 155 2563 156
f 156 2563 196
f 196 2563 197
f 197 2563 2839
f 1 205 199
f 199 205 201
f 201 205 206
f 205 209 206
f 205 210 209
f 205 211 210
f 205 213 212
f 205 212 211
f 13 213 205
f 212 213 216
f 213 217 216
f 213 226 217
f 213 227 226
f 2222 2229 2223
f 2222 2226 2229
f 2223 2229 2224
f 2224 2229 2225
f 2225 2229 2236
f 2226 2237 2229
f 2225 2236 2230
f 2230 2236 2233
f 2231 2233 2236
f 2229 2240 2236
f 2229 2237 3727
f 2229 3741 2240
f 2229 3727 3741
f 3727 3729 3741
f 3729 3734 3741
f 3734 3737 3741
f 3737 3738 3741
f 3738 3739 3741
f 3739 3740 3741
f 3740 3748 3741
f 2240 3741 3748
f 3740 3744 3748
f 3744 3747 3748
f 3746 3748 3747
f 13 230 229
f 13 237 230
f 13 271 237
f 229 230 240
f 229 240 239
f 230 241 240
f 230 237 241
f 13 272 271
f 13 657 272
f 13 658 657
f 13 661 658
f 237 271 273
f 237 273 241
f 271 272 274
f 271 274 273
f 272 659 274
f 239 240 279
f 240 241 284
f 239 279 275
f 240 284 279
f 275 279 283
f 279 284 287
f 275 283 280
f 279 287 283
f 280 283 695
f 283 287 716
f 241 273 285
f 273 274 286
f 241 285 284
f 284 285 288
f 273 286 285
f 274 669 286
f 285 286 289
f 284 288 287
f 287 288 717
f 285 289 288
f 286 672 289
f 288 289 718
f 13 100 661
f 272 657 659
f 657 658 660
f 657 660 659
f 658 661 664
f 658 664 660
f 100 662 661
f 100 663 662
f 661 665 664
f 661 662 665
f 662 663 666
f 662 666 665
f 663 667 666
f 100 101 663
f 101 667 663
f 666 667 668
f 667 679 668
f 274 659 669
f 659 660 670
f 660 664 671
f 659 670 669
f 286 669 672
f 669 670 673
f 660 671 670
f 670 671 674
f 669 673 672
f 289 672 774
f 672 673 775
f 670 674 673
f 673 674 776
f 664 665 675
f 665 666 676
f 664 675 671
f 671 675 677
f 665 676 675
f 666 668 676
f 675 676 678
f 668 684 676
f 676 684 678
f 671 677 674
f 675 678 677
f 674 677 780
f 677 678 781
f 101 679 667
f 101 680 679
f 668 679 681
f 679 680 681
f 680 683 681
f 101 102 680
f 102 682 680
f 102 155 682
f 680 682 683
f 682 1033 683
f 668 681 684
f 681 685 684
f 684 685 686
f 681 683 685
f 678 684 686
f 678 686 781
f 685 688 686
f 686 688 782
f 683 687 685
f 685 687 688
f 683 1033 687
f 687 1033 1049
f 687 1049 689
f 687 689 688
f 688 689 785
f 280 695 690
f 283 716 695
f 287 717 716
f 288 718 717
f 289 774 718
f 690 695 698
f 690 698 696
f 695 719 698
f 696 698 723
f 696 723 722
f 698 756 723
f 695 716 719
f 716 717 720
f 716 720 719
f 717 718 721
f 717 721 720
f 718 777 721
f 698 719 756
f 719 720 757
f 719 757 756
f 720 721 758
f 720 758 757
f 721 788 758
f 722 723 741
f 722 741 739
f 739 741 760
f 739 760 742
f 742 750 749
f 749 750 754
f 749 754 753
f 750 755 754
f 753 754 1392
f 754 755 1393
f 753 1392 1391
f 742 760 750
f 750 762 755
f 750 760 762
f 755 763 1401
f 755 762 763
f 723 756 759
f 756 757 766
f 757 758 767
f 723 759 741
f 756 766 759
f 757 767 766
f 758 791 767
f 741 759 761
f 759 766 768
f 741 761 760
f 759 768 761
f 760 761 762
f 762 764 763
f 761 764 762
f 763 764 765
f 763 765 1524
f 761 768 764
f 764 768 770
f 764 770 765
f 765 770 771
f 765 771 1527
f 766 767 769
f 766 769 768
f 767 793 769
f 768 769 770
f 770 772 771
f 771 773 1537
f 769 772 770
f 769 793 772
f 772 795 773
f 771 772 773
f 773 796 1540
f 672 775 774
f 673 776 775
f 674 780 776
f 677 781 780
f 718 774 777
f 774 775 778
f 774 778 777
f 775 776 779
f 775 779 778
f 776 783 779
f 721 777 788
f 777 778 789
f 777 789 788
f 778 779 790
f 778 790 789
f 779 807 790
f 776 780 783
f 780 781 784
f 780 784 783
f 686 782 781
f 781 782 784
f 782 786 784
f 779 783 807
f 783 808 807
f 783 784 808
f 784 786 808
f 688 785 782
f 782 785 786
f 785 787 786
f 689 1782 785
f 785 1782 787
f 787 1782 1784
f 786 809 808
f 786 787 809
f 787 810 809
f 787 1784 810
f 758 788 791
f 788 789 792
f 789 790 799
f 790 807 811
f 788 792 791
f 789 799 792
f 790 811 799
f 767 791 793
f 791 792 794
f 791 794 793
f 772 793 795
f 793 794 795
f 773 795 796
f 794 797 795
f 795 797 796
f 796 797 798
f 796 798 1786
f 792 799 800
f 799 811 801
f 792 800 794
f 799 801 800
f 794 800 797
f 797 802 798
f 797 800 802
f 798 803 1789
f 798 802 803
f 803 804 1806
f 804 805 1807
f 800 801 802
f 802 815 803
f 801 815 802
f 803 815 804
f 804 816 805
f 805 816 806
f 804 815 816
f 806 817 1812
f 817 1813 1812
f 807 808 812
f 808 809 812
f 807 812 811
f 809 814 812
f 809 810 814
f 811 812 813
f 812 814 813
f 801 811 813
f 801 813 815
f 813 816 815
f 813 817 816
f 813 818 817
f 813 819 818
f 806 816 817
f 817 818 1813
f 818 819 1815
f 813 820 819
f 813 821 820
f 813 1900 821
f 813 1906 1900
f 813 814 1906
f 155 1032 682
f 155 156 1032
f 682 1032 1033
f 1032 1034 1033
f 156 1035 1032
f 156 196 1035
f 1032 1035 1034
f 1034 1035 1036
f 1035 1200 1036
f 1033 1034 1049
f 1034 1051 1049
f 1049 1051 1050
f 689 1049 1050
f 689 1050 1782
f 1050 1051 1053
f 1050 1053 1783
f 1034 1036 1051
f 1036 1052 1051
f 1051 1052 1053
f 1036 1201 1052
f 1052 1250 1053
f 1053 1250 1966
f 196 1200 1035
f 196 197 1200
f 197 1202 1200
f 1036 1200 1201
f 1200 1202 1201
f 197 2839 1202
f 1201 1202 3900
f 1052 1201 1251
f 1052 1251 1250
f 1201 3900 1251
f 1250 1251 3953
f 1250 3953 1968
f 754 1393 1392
f 755 1401 1393
f 1391 1392 1396
f 1392 1393 1397
f 1393 1401 1402
f 1391 1396 1395
f 1392 1397 1396
f 1393 1402 1397
f 1395 1396 1399
f 1396 1397 1400
f 1397 1402 1404
f 1395 1399 1398
f 1396 1400 1399
f 1397 1404 1400
f 1401 1403 1402
f 1401 1524 1403
f 763 1524 1401
f 1403 1524 1525
f 1402 1403 1405
f 1403 1525 1406
f 1402 1405 1404
f 1403 1406 1405
f 1406 1525 1526
f 1398 1399 1416
f 1399 1400 1417
f 1400 1404 1423
f 1398 1416 1415
f 1399 1417 1416
f 1400 1423 1417
f 1415 1416 1421
f 1416 1417 1422
f 1417 1423 1427
f 1415 1421 1420
f 1416 1422 1421
f 1417 1427 1422
f 1420 1421 1486
f 1421 1422 1487
f 1422 1427 1497
f 1420 1486 1485
f 1421 1487 1486
f 1404 1405 1424
f 1405 1406 1425
f 1404 1424 1423
f 1405 1425 1424
f 1406 1426 1425
f 1423 1424 1428
f 1406 1526 1426
f 1426 1526 1530
f 1424 1425 1429
f 1423 1428 1427
f 1425 1426 1430
f 1424 1429 1428
f 1425 1430 1429
f 1426 1431 1430
f 1427 1428 1498
f 1428 1429 1499
f 1429 1430 1500
f 1430 1431 1501
f 1426 1530 1431
f 1431 1530 1531
f 1431 1531 1502
f 1422 1497 1487
f 1485 1486 1489
f 1486 1487 1490
f 1487 1497 1509
f 1485 1489 1488
f 1486 1490 1489
f 1487 1509 1490
f 1427 1498 1497
f 1428 1499 1498
f 1429 1500 1499
f 1430 1501 1500
f 1431 1502 1501
f 1497 1498 1510
f 1498 1499 1511
f 1499 1500 1512
f 1500 1501 1513
f 1501 1502 1514
f 1497 1510 1509
f 1498 1511 1510
f 1499 1512 1511
f 1500 1513 1512
f 1501 1514 1513
f 1502 1515 1514
f 1502 1629 1515
f 1515 1629 1516
f 1516 1630 1517
f 1517 1631 1518
f 765 1527 1524
f 1524 1527 1525
f 1525 1527 1528
f 1525 1528 1526
f 1526 1528 1529
f 1527 1537 1528
f 1528 1538 1529
f 1526 1529 1530
f 1530 1532 1531
f 1531 1533 1629
f 1529 1532 1530
f 1529 1539 1532
f 1531 1532 1533
f 1533 1534 1630
f 1532 1543 1533
f 1533 1543 1534
f 771 1537 1527
f 1528 1537 1538
f 1537 1540 1538
f 1529 1538 1539
f 1538 1541 1539
f 773 1540 1537
f 1538 1540 1541
f 1540 1786 1541
f 1539 1541 1542
f 1532 1539 1543
f 1539 1542 1543
f 1542 1544 1543
f 1534 1544 1535
f 1534 1543 1544
f 1535 1544 1545
f 1535 1545 1536
f 1536 1547 1546
f 1546 1550 1672
f 1536 1545 1547
f 1546 1547 1550
f 1550 1551 1672
f 1551 1673 1672
f 1552 1674 1673
f 1551 1552 1673
f 1542 1548 1544
f 1544 1548 1545
f 1545 1549 1547
f 1547 1794 1550
f 1545 1548 1549
f 1547 1549 1794
f 1550 1795 1551
f 1550 1794 1795
f 1551 1795 1796
f 1552 1553 1675
f 1551 1796 1552
f 1552 1796 1553
f 1502 1531 1629
f 1516 1629 1630
f 1517 1630 1631
f 1518 1631 1632
f 1533 1630 1629
f 1534 1631 1630
f 1518 1632 1519
f 1519 1633 1520
f 1520 1641 1638
f 1519 1632 1633
f 1520 1633 1641
f 1638 1641 1642
f 1639 1642 1643
f 1638 1642 1639
f 1639 1643 1640
f 1640 1644 1661
f 1644 1662 1661
f 1535 1632 1631
f 1536 1633 1632
f 1534 1535 1631
f 1535 1536 1632
f 1546 1641 1633
f 1641 1672 1642
f 1536 1546 1633
f 1546 1672 1641
f 1642 1672 1673
f 1642 1673 1643
f 1643 1674 1644
f 1644 1674 1645
f 1640 1643 1644
f 1644 1645 1662
f 1645 1646 1663
f 1645 1663 1662
f 1646 1666 1663
f 1646 1677 1666
f 1669 1677 1691
f 1666 1677 1669
f 1669 1691 1670
f 1643 1673 1674
f 1645 1674 1675
f 1552 1675 1674
f 1646 1675 1676
f 1645 1675 1646
f 1646 1676 1677
f 1676 1678 1677
f 1678 1679 1691
f 1677 1678 1691
f 1679 1692 1691
f 1553 1676 1675
f 1553 1554 1676
f 1554 1678 1676
f 1554 1836 1678
f 1678 1836 1679
f 1679 1836 1837
f 1679 1680 1692
f 1680 1681 1693
f 1679 1837 1680
f 1680 1838 1681
f 1670 1691 1692
f 1671 1692 1693
f 1670 1692 1671
f 1671 1693 1696
f 1693 1697 1696
f 1697 1698 1750
f 1696 1697 1750
f 1698 1751 1750
f 1698 1752 1751
f 1680 1693 1692
f 1681 1697 1693
f 1697 1841 1698
f 1681 1841 1697
f 1699 1841 1851
f 1698 1841 1699
f 1699 1851 1700
f 1700 1851 1852
f 1698 1699 1752
f 1699 1700 1753
f 1700 1701 1754
f 1700 1852 1701
f 1701 1853 1702
f 1702 1854 1703
f 1699 1753 1752
f 1700 1754 1753
f 1701 1755 1754
f 1701 1702 1755
f 1702 1703 1756
f 1702 1756 1755
f 1703 1765 1756
f 1758 1766 1765
f 1759 1767 1766
f 1703 1758 1765
f 1758 1759 1766
f 1759 1760 1767
f 1760 2002 1769
f 1760 1768 1767
f 1760 1769 1768
f 1776 2002 2003
f 1769 2002 1776
f 1776 2003 1777
f 1777 2004 1778
f 1050 1783 1782
f 1782 1783 1784
f 1783 1785 1784
f 810 1784 1910
f 1784 1785 1910
f 1053 1966 1783
f 1783 1966 1785
f 1785 2213 1910
f 796 1786 1540
f 1541 1786 1787
f 1541 1787 1542
f 1542 1787 1548
f 1548 1788 1549
f 1549 1790 1794
f 1548 1787 1788
f 1549 1788 1790
f 1790 1791 1794
f 1791 1792 1795
f 798 1789 1786
f 1786 1789 1787
f 1787 1789 1788
f 1788 1789 1806
f 1790 1806 1807
f 1791 1807 1808
f 1788 1806 1790
f 1790 1807 1791
f 1792 1793 1797
f 1791 1808 1792
f 1792 1808 1793
f 1793 1809 1799
f 1791 1795 1794
f 1553 1796 1797
f 1792 1796 1795
f 1792 1797 1796
f 1793 1798 1797
f 1553 1797 1554
f 1554 1797 1798
f 1554 1798 1836
f 1801 1837 1836
f 1798 1801 1836
f 1801 1802 1837
f 1793 1799 1798
f 1798 1799 1801
f 1800 1802 1801
f 1799 1800 1801
f 1800 1819 1802
f 1802 1803 1838
f 1802 1819 1803
f 1803 1819 1804
f 1804 1820 1805
f 1805 1821 1843
f 803 1806 1789
f 804 1807 1806
f 805 1808 1807
f 805 1809 1808
f 806 1810 1809
f 1793 1808 1809
f 1799 1809 1810
f 1799 1810 1800
f 1800 1810 1811
f 1811 1816 1820
f 1816 1817 1821
f 805 806 1809
f 806 1812 1810
f 1810 1812 1811
f 1812 1813 1816
f 1813 1814 1817
f 1811 1812 1816
f 1813 1817 1816
f 1814 1818 1817
f 1814 1827 1818
f 1814 1815 1827
f 1815 1901 1828
f 1815 1828 1827
f 1830 1901 1902
f 1831 1902 1903
f 1800 1811 1819
f 1811 1820 1819
f 1804 1819 1820
f 1816 1821 1820
f 1817 1822 1821
f 1817 1818 1822
f 1818 1823 1822
f 1818 1824 1823
f 1805 1820 1821
f 1821 1822 1843
f 1822 1823 1844
f 1822 1844 1843
f 1823 1845 1844
f 1823 1824 1865
f 1824 1827 1825
f 1818 1827 1824
f 1825 1827 1828
f 1826 1828 1829
f 1828 1901 1829
f 1829 1901 1830
f 1830 1902 1831
f 1831 1903 1832
f 1832 1903 1833
f 1833 1904 1834
f 1825 1828 1826
f 1829 1830 1871
f 1830 1831 1872
f 1826 1829 1870
f 1829 1871 1870
f 1830 1872 1871
f 1834 1905 1835
f 1835 1905 1876
f 1831 1832 1873
f 1832 1833 1878
f 1875 1876 1908
f 1875 1909 1877
f 1680 1837 1838
f 1802 1838 1837
f 1803 1839 1838
f 1681 1838 1839
f 1681 1839 1841
f 1839 1851 1841
f 1840 1852 1851
f 1842 1853 1852
f 1839 1840 1851
f 1840 1842 1852
f 1842 1846 1853
f 1846 1847 1854
f 1847 1848 1855
f 1803 1840 1839
f 1803 1804 1840
f 1804 1805 1842
f 1805 1843 1846
f 1804 1842 1840
f 1805 1846 1842
f 1843 1847 1846
f 1843 1844 1847
f 1844 1845 1848
f 1844 1848 1847
f 1845 1849 1848
f 1845 1850 1849
f 1845 1865 1850
f 1860 1865 1866
f 1850 1865 1860
f 1860 1866 1861
f 1701 1852 1853
f 1702 1853 1854
f 1846 1854 1853
f 1847 1855 1854
f 1848 1856 1855
f 1849 1857 1856
f 1849 1858 1857
f 1703 1854 1855
f 1758 1855 1856
f 1759 1856 1857
f 1703 1855 1758
f 1758 1856 1759
f 1759 1857 1760
f 1760 1857 2002
f 1857 1858 2002
f 1858 1859 2003
f 1848 1849 1856
f 1849 1850 1858
f 1850 1859 1858
f 1850 1860 1859
f 1860 1861 1863
f 1861 1867 1862
f 1859 1860 1863
f 1861 2007 1863
f 1862 2008 2007
f 1861 1862 2007
f 1862 1864 2008
f 1864 1887 2009
f 1823 1865 1845
f 1824 1866 1865
f 1825 1867 1866
f 1824 1825 1866
f 1825 1826 1867
f 1826 1868 1867
f 1826 1870 1868
f 1870 1871 1882
f 1861 1866 1867
f 1862 1867 1868
f 1868 1870 1869
f 1869 1870 1882
f 1871 1872 1883
f 1872 1873 1884
f 1871 1883 1882
f 1872 1884 1883
f 1873 1885 1884
f 1831 1873 1872
f 1832 1874 1873
f 1832 1878 1874
f 1833 1879 1878
f 1834 1880 1879
f 1833 1834 1879
f 1834 1835 1880
f 1835 1876 1896
f 1875 1897 1876
f 1873 1874 1885
f 1835 1881 1880
f 1835 1896 1881
f 1874 1878 1891
f 1878 1879 1892
f 1876 1897 1896
f 1875 1898 1897
f 1875 1877 1898
f 1862 1868 1864
f 1864 1868 1869
f 1869 1882 1888
f 1864 1869 1887
f 1869 1888 1887
f 1882 1883 1889
f 1883 1884 1890
f 1874 1886 1885
f 1874 1891 1886
f 1878 1892 1891
f 1879 1893 1892
f 1880 1894 1893
f 1882 1889 1888
f 1883 1890 1889
f 1884 2052 1890
f 1885 2053 2052
f 1886 2054 2053
f 1884 1885 2052
f 1885 1886 2053
f 1886 1891 2055
f 1891 1892 2060
f 1892 1893 2061
f 1896 2057 2056
f 1897 2058 2057
f 1879 1880 1893
f 1880 1881 1894
f 1877 1899 1898
f 1881 1896 2056
f 1896 1897 2057
f 1877 2066 1899
f 1877 1914 2066
f 1881 1895 1894
f 1897 1898 2058
f 1881 2056 1895
f 1898 1899 2059
f 810 1907 814
f 810 1910 1907
f 814 1907 1906
f 818 1814 1813
f 818 1815 1814
f 819 1901 1815
f 819 820 1902
f 819 1902 1901
f 820 1903 1902
f 820 1904 1903
f 820 821 1904
f 821 1900 1908
f 821 1905 1904
f 821 1908 1905
f 1900 1909 1908
f 1833 1903 1904
f 1834 1904 1905
f 1900 1911 1909
f 1876 1905 1908
f 1875 1908 1909
f 1900 1906 1911
f 1906 1907 1912
f 1907 1910 1913
f 1910 2213 1913
f 1907 1913 1912
f 1877 1909 1914
f 1909 1911 1914
f 1906 1912 1911
f 1911 2214 1914
f 1911 1912 2214
f 1912 1913 2215
f 1785 1966 1967
f 1250 1968 1966
f 1966 1968 1967
f 1785 1967 2213
f 1967 2218 2213
f 1967 1968 4554
f 1967 4554 2218
f 1858 2003 2002
f 1859 1863 2004
f 1863 2007 2005
f 1859 2004 2003
f 1863 2005 2004
f 1777 2003 2004
f 1778 2004 2005
f 2005 2007 2006
f 2006 2008 2027
f 2006 2007 2008
f 1864 2009 2008
f 1887 2010 2009
f 1887 1888 2011
f 1888 1889 2012
f 1889 1890 2013
f 1887 2011 2010
f 1888 2012 2011
f 1890 2052 2014
f 1889 2013 2012
f 2008 2009 2027
f 2009 2010 2028
f 2009 2028 2027
f 2010 2035 2028
f 2010 2011 2036
f 2011 2012 2037
f 1890 2014 2013
f 2014 2052 2015
f 2015 2053 2038
f 2038 2054 2039
f 2039 2054 2040
f 1778 2005 1779
f 1779 2005 2006
f 2006 2027 2032
f 1779 2006 2032
f 2027 2033 2032
f 2027 2028 2033
f 2028 2035 2034
f 2028 2034 2033
f 2035 2036 2142
f 2036 2037 2143
f 2034 2035 2141
f 2035 2142 2141
f 2036 2143 2142
f 2037 2042 2144
f 2042 2043 2145
f 2043 2044 2150
f 2010 2036 2035
f 2011 2037 2036
f 2012 2013 2042
f 2013 2014 2043
f 2012 2042 2037
f 2013 2043 2042
f 2014 2044 2043
f 2014 2015 2044
f 2040 2055 2041
f 2041 2060 2047
f 2015 2038 2045
f 2038 2039 2046
f 2015 2045 2044
f 2038 2046 2045
f 2039 2155 2046
f 2039 2156 2155
f 2040 2157 2156
f 2039 2040 2156
f 2040 2041 2157
f 2041 2047 2158
f 2047 2048 2163
f 1886 2055 2054
f 1891 2060 2055
f 2015 2052 2053
f 1892 2061 2060
f 1893 1894 2062
f 1894 1895 2063
f 1898 2059 2058
f 1899 2065 2059
f 1893 2062 2061
f 1894 2063 2062
f 1895 2056 2067
f 2038 2053 2054
f 2040 2054 2055
f 2041 2055 2060
f 2047 2060 2061
f 1895 2064 2063
f 2056 2057 2068
f 2057 2058 2069
f 1895 2067 2064
f 2058 2059 2070
f 2056 2068 2067
f 2059 2065 2071
f 2057 2069 2068
f 1899 2073 2065
f 1899 2066 2073
f 2048 2061 2062
f 2049 2062 2063
f 2058 2070 2069
f 2050 2063 2064
f 2059 2071 2070
f 2047 2061 2048
f 2048 2062 2049
f 2049 2063 2050
f 2065 2072 2071
f 2064 2067 2159
f 2050 2064 2051
f 2067 2068 2160
f 2051 2064 2159
f 2068 2069 2161
f 2069 2070 2162
f 2067 2160 2159
f 2070 2071 2167
f 2068 2161 2160
f 2071 2072 2168
f 2065 2209 2072
f 2065 2073 2209
f 2066 2210 2073
f 2066 2217 2210
f 2037 2144 2143
f 2042 2145 2144
f 2043 2150 2145
f 2044 2151 2150
f 2045 2152 2151
f 2046 2153 2152
f 2153 2155 2154
f 2154 2155 2188
f 2044 2045 2151
f 2045 2046 2152
f 2046 2155 2153
f 2155 2156 2188
f 2041 2158 2157
f 2048 2049 2164
f 2047 2163 2158
f 2049 2050 2165
f 2050 2051 2166
f 2070 2167 2162
f 2048 2164 2163
f 2049 2165 2164
f 2071 2168 2167
f 2051 2159 2195
f 2072 2170 2168
f 2156 2157 2189
f 2157 2158 2190
f 2156 2189 2188
f 2158 2163 2191
f 2157 2190 2189
f 2163 2164 2192
f 2050 2166 2165
f 2051 2169 2166
f 2160 2161 2197
f 2051 2195 2169
f 2159 2160 2196
f 2161 2162 2198
f 2159 2196 2195
f 2162 2167 2203
f 2160 2197 2196
f 2167 2168 2204
f 2158 2191 2190
f 2163 2192 2191
f 2164 2165 2193
f 2165 2166 2205
f 2164 2193 2192
f 2165 2205 2193
f 2166 2169 2206
f 2169 2195 4638
f 2168 2207 2204
f 2161 2198 2197
f 2168 2170 2207
f 2162 2203 2198
f 2167 2204 2203
f 2166 2206 2205
f 2169 4637 2206
f 2169 4638 4637
f 2195 2196 4639
f 2170 2208 2207
f 2196 2197 4623
f 2195 4639 4638
f 2198 2203 4628
f 2196 4623 4639
f 2203 2204 4629
f 2197 2198 4624
f 2170 4641 2208
f 2170 2211 4641
f 2069 2162 2161
f 2072 2211 2170
f 2072 2209 2211
f 2073 2212 2209
f 2073 2210 2212
f 2209 4678 2211
f 2209 2212 4678
f 2210 4679 2212
f 2210 2221 4679
f 1913 2213 2216
f 2213 2218 2216
f 1913 2216 2215
f 1914 2217 2066
f 1914 2214 2217
f 1912 2215 2214
f 2214 2219 2217
f 2214 2215 2219
f 2215 2216 2220
f 2216 2218 4765
f 2216 4765 2220
f 2217 2219 2221
f 2210 2217 2221
f 2215 2220 2219
f 2219 4766 2221
f 2219 2220 4766
f 2249 2250 2664
f 2245 2249 2640
f 2250 2265 2665
f 2257 2317 2265
f 2260 2318 2261
f 2257 2261 2317
f 2250 2665 2664
f 2265 2317 2665
f 2242 3105 2300
f 2297 2300 3104
f 2298 3109 2303
f 2289 2303 2329
f 2289 2329 2290
f 2297 3103 2298
f 2303 3109 2329
f 2298 3103 3109
f 2259 2319 2260
f 2259 2314 2330
f 2313 2331 2314
f 2287 2332 2313
f 2287 2291 2327
f 2290 2328 2291
f 2313 2332 2331
f 2260 2319 2318
f 2261 2318 2317
f 2259 2330 2319
f 2314 2331 2330
f 2291 2328 2327
f 2290 2329 2328
f 2287 2327 2332
f 2330 2331 3310
f 2319 2330 3312
f 2327 2328 3110
f 2327 3313 2332
f 2331 2332 3311
f 2396 2397 2437
f 2397 2398 2438
f 2397 2438 2437
f 2398 2439 2438
f 2398 2402 2439
f 2402 2404 2443
f 2402 2443 2439
f 2403 2444 2404
f 2403 2405 2444
f 2404 2444 2443
f 2403 2422 2405
f 2422 2423 2425
f 2423 2424 2426
f 2405 2422 2425
f 2423 2426 2425
f 2424 2505 2426
f 2437 2438 2440
f 2438 2439 2441
f 2438 2441 2440
f 2439 2442 2441
f 2439 2443 2442
f 2443 2444 2445
f 2405 2446 2444
f 2405 2447 2446
f 2442 2443 2445
f 2445 2446 2451
f 2444 2446 2445
f 2446 2447 2452
f 2440 2441 2448
f 2441 2442 2449
f 2441 2449 2448
f 2442 2450 2449
f 2395 2396 2563
f 2396 2437 2563
f 2448 2449 2548
f 2449 2450 2549
f 2442 2445 2450
f 2445 2451 2450
f 2446 2452 2451
f 2447 2453 2452
f 2451 2452 2552
f 2450 2451 2550
f 2451 2552 2550
f 2452 2453 2553
f 2452 2553 2552
f 2405 2425 2447
f 2425 2426 2454
f 2425 2454 2447
f 2447 2454 2453
f 2426 2518 2454
f 2453 2569 2553
f 2453 2454 2519
f 2424 2429 2505
f 2421 2506 2429
f 2421 2477 2508
f 2477 2478 2507
f 2478 2480 2509
f 2429 2506 2505
f 2421 2508 2506
f 2481 2482 2630
f 2482 2497 2632
f 2498 2501 2633
f 2497 2498 2633
f 2480 2481 2631
f 2477 2507 2508
f 2478 2509 2507
f 2480 2631 2509
f 2481 2630 2631
f 2482 2632 2630
f 2426 2505 2518
f 2454 2518 2519
f 2453 2519 2569
f 2505 2506 2644
f 2505 2644 2518
f 2506 2508 2645
f 2518 2646 2519
f 2519 2683 2569
f 2519 2646 2683
f 2437 2440 2563
f 2449 2549 2548
f 2450 2550 2549
f 2548 2549 2555
f 2440 2448 2563
f 2549 2550 2556
f 2549 2556 2555
f 2550 2551 2556
f 2550 2552 2551
f 2552 2553 2554
f 2551 2552 2554
f 2448 2548 2563
f 2555 2556 2557
f 2551 2558 2556
f 2551 2559 2558
f 2548 2555 2563
f 2556 2558 2557
f 2558 2559 2560
f 2551 2554 2559
f 2553 2568 2554
f 2553 2569 2568
f 2554 2570 2559
f 2554 2568 2570
f 2559 2570 2571
f 2557 2558 2561
f 2555 2557 2563
f 2558 2560 2561
f 2560 2562 2561
f 2557 2561 2563
f 2559 2571 2560
f 2560 2564 2562
f 2561 2562 2563
f 2562 2565 2563
f 2560 2571 2564
f 2562 2564 2565
f 2568 2685 2570
f 2568 2569 2684
f 2569 2683 2684
f 2570 2685 2572
f 2568 2684 2685
f 2570 2572 2571
f 2564 2571 2573
f 2564 2574 2565
f 2565 2574 2566
f 2566 2574 2575
f 2571 2572 2573
f 2564 2573 2574
f 2566 2575 2567
f 2567 2575 2576
f 2563 2565 2839
f 2565 2566 2839
f 2566 2567 2839
f 2567 2576 2625
f 2576 2627 2625
f 2625 2627 2626
f 2626 2627 2628
f 2626 2628 2796
f 2244 2643 2502
f 2501 2502 2642
f 2501 2642 2633
f 2244 2246 2639
f 2245 2641 2246
f 2502 2643 2642
f 2244 2639 2643
f 2497 2633 2632
f 2507 2648 2508
f 2507 2509 2647
f 2509 2631 2649
f 2630 2632 2650
f 2630 2651 2631
f 2246 2641 2639
f 2245 2640 2641
f 2249 2664 2640
f 2632 2633 2673
f 2633 2642 2673
f 2642 2643 2674
f 2639 2666 2643
f 2639 2641 2667
f 2632 2673 2650
f 2642 2674 2673
f 2506 2645 2644
f 2518 2644 2646
f 2507 2647 2648
f 2508 2648 2645
f 2509 2649 2647
f 2631 2651 2649
f 2630 2650 2651
f 2644 2645 2675
f 2647 2678 2648
f 2645 2648 2676
f 2647 2649 2677
f 2644 2675 2646
f 2646 2693 2683
f 2645 2676 2675
f 2646 2675 2693
f 2640 2670 2641
f 2640 2664 2672
f 2317 2668 2665
f 2317 2318 2668
f 2664 2665 2671
f 2664 2671 2672
f 2639 2667 2666
f 2643 2666 2674
f 2640 2672 2670
f 2641 2670 2667
f 2318 2319 2669
f 2665 2668 2671
f 2318 2669 2668
f 2319 3312 2669
f 2330 3310 3312
f 2331 3311 3310
f 2667 2670 3321
f 2670 2672 3322
f 2671 3324 2672
f 2649 2651 2680
f 2650 2681 2651
f 2647 2677 2678
f 2650 2673 2682
f 2673 2674 2682
f 2666 2679 2674
f 2649 2680 2677
f 2651 2681 2680
f 2650 2682 2681
f 2648 2678 2676
f 2675 2676 2694
f 2675 2694 2693
f 2666 2667 3323
f 2666 3323 2679
f 2674 2679 2682
f 2667 3321 3323
f 2670 3322 3321
f 2676 2678 3352
f 2677 3353 2678
f 2677 2680 3325
f 2680 2681 3326
f 2676 3352 2694
f 2677 3325 3353
f 2678 3353 3352
f 2683 2686 2684
f 2684 2687 2685
f 2683 2693 2686
f 2684 2686 2687
f 2685 2687 2688
f 2572 2689 2573
f 2572 2685 2688
f 2573 2690 2574
f 2574 2690 2575
f 2573 2689 2690
f 2575 2690 2691
f 2572 2688 2689
f 2689 2699 2690
f 2690 2699 2691
f 2575 2691 2576
f 2576 2691 2692
f 2691 2700 2692
f 2686 2693 2695
f 2686 2696 2687
f 2687 2696 2697
f 2693 2694 2695
f 2686 2695 2696
f 2687 2697 2688
f 2688 2698 2689
f 2688 2697 2698
f 2689 2698 2699
f 2691 2699 2700
f 2697 3361 2698
f 2698 3358 2699
f 2699 3358 2700
f 2692 2700 2701
f 2700 3359 2701
f 2576 2692 2627
f 2627 2692 2718
f 2627 2718 2628
f 2692 2701 2718
f 2718 2720 2719
f 2628 2718 2719
f 2628 2719 2798
f 2719 2721 2860
f 2701 2720 2718
f 2701 3362 2720
f 2720 3377 2721
f 2719 2720 2721
f 2721 3378 2862
f 2567 2625 2839
f 2625 2626 2839
f 2626 2796 2839
f 2796 2797 2839
f 2628 2798 2796
f 2796 2798 2797
f 2797 2798 2799
f 2797 2799 2838
f 2799 2841 2838
f 2797 2838 2839
f 2838 2840 2839
f 2839 2840 3899
f 2838 2841 2840
f 2840 2841 2842
f 2840 2842 3899
f 2719 2860 2798
f 2798 2860 2799
f 2860 2862 2861
f 2799 2860 2861
f 2799 2861 2841
f 2721 2862 2860
f 2861 2862 2886
f 2862 3705 2886
f 2841 2861 2885
f 2861 2886 2885
f 2841 2885 2842
f 2842 2885 3976
f 2885 2887 3976
f 2885 2886 2887
f 2886 3707 2887
f 2231 3049 2897
f 2897 3050 2898
f 2894 2898 3048
f 2894 3051 2895
f 2895 3052 2896
f 2896 3053 2900
f 2899 2900 3045
f 2899 3046 2901
f 2901 3047 2902
f 2901 3046 3047
f 2891 2902 3062
f 2902 3047 3062
f 2916 2978 2917
f 2888 2917 2981
f 2891 3081 2892
f 2892 3082 2916
f 2891 3062 3081
f 2892 3081 3082
f 2956 2957 2979
f 2241 2962 3102
f 2956 3108 2958
f 2954 2958 3108
f 2954 3107 2962
f 2954 3108 3107
f 2888 2980 2889
f 2889 2982 2957
f 2888 2981 2980
f 2889 2980 2982
f 2916 3082 2978
f 2917 2978 2981
f 2956 2979 3108
f 2957 2982 2979
f 2980 3124 2982
f 2897 3049 3050
f 2898 3050 3048
f 2895 3051 3052
f 2896 3052 3053
f 2894 3048 3051
f 2900 3053 3045
f 2899 3045 3046
f 3052 3059 3053
f 3045 3053 3057
f 3045 3060 3046
f 3046 3061 3047
f 3049 3066 3050
f 3048 3050 3055
f 3048 3056 3051
f 3051 3058 3052
f 3051 3056 3058
f 3052 3058 3059
f 3053 3059 3057
f 3045 3057 3060
f 3046 3060 3061
f 3050 3066 3055
f 3048 3055 3056
f 3047 3061 3063
f 3047 3063 3062
f 3055 3066 3069
f 3055 3070 3056
f 3056 3071 3058
f 3058 3072 3059
f 3057 3059 3073
f 3057 3068 3060
f 3060 3074 3061
f 3056 3070 3071
f 3055 3069 3070
f 3058 3071 3072
f 3059 3072 3073
f 3057 3073 3068
f 3060 3068 3074
f 3061 3074 3076
f 3072 3215 3073
f 3068 3073 3213
f 3069 3210 3070
f 3070 3211 3071
f 3071 3212 3072
f 3068 3214 3074
f 3061 3076 3063
f 3074 3217 3076
f 3062 3083 3081
f 3081 3084 3082
f 3062 3063 3083
f 2978 3082 3121
f 2978 3122 2981
f 2980 2981 3123
f 2978 3121 3122
f 3081 3083 3084
f 3082 3084 3121
f 3063 3076 3085
f 3063 3085 3083
f 3076 3235 3085
f 2241 3106 2242
f 2242 3106 3105
f 2241 3102 3106
f 2962 3107 3102
f 2300 3105 3104
f 2297 3104 3103
f 3104 3105 3112
f 2979 2982 3125
f 3107 3108 3126
f 2979 3126 3108
f 2979 3125 3126
f 3102 3113 3106
f 3102 3107 3127
f 3105 3106 3114
f 3106 3113 3114
f 3107 3126 3127
f 3102 3127 3113
f 3103 3115 3109
f 2329 3109 3111
f 3103 3104 3116
f 3103 3116 3115
f 2328 2329 3111
f 2328 3111 3110
f 2332 3313 3311
f 2327 3110 3313
f 3109 3115 3111
f 3105 3114 3112
f 3104 3112 3116
f 3115 3116 3334
f 3112 3333 3116
f 3112 3114 3332
f 2980 3123 3124
f 2981 3122 3123
f 2982 3124 3125
f 3121 3132 3122
f 3123 3134 3124
f 3122 3133 3123
f 3124 3135 3125
f 3083 3128 3084
f 3083 3085 3128
f 3084 3129 3121
f 3085 3269 3128
f 3084 3128 3129
f 3121 3129 3132
f 3122 3132 3133
f 3123 3133 3134
f 3126 3136 3127
f 3113 3127 3130
f 3113 3131 3114
f 3125 3136 3126
f 3124 3134 3135
f 3125 3135 3136
f 3127 3136 3130
f 3114 3131 3332
f 3113 3130 3131
f 3112 3332 3333
f 3128 3272 3129
f 3129 3274 3132
f 3132 3273 3133
f 3133 3380 3134
f 3134 3335 3135
f 3130 3136 3337
f 3135 3337 3136
f 3132 3274 3273
f 3133 3273 3380
f 3135 3335 3337
f 3134 3380 3335
f 3071 3211 3212
f 3072 3212 3215
f 3073 3215 3213
f 3068 3213 3214
f 3070 3210 3211
f 3074 3214 3217
f 3212 3224 3215
f 3210 3222 3211
f 3211 3223 3212
f 3213 3215 3220
f 3213 3221 3214
f 3211 3222 3223
f 3212 3223 3224
f 3215 3224 3220
f 3213 3220 3221
f 3214 3221 3231
f 3214 3231 3217
f 3223 3227 3224
f 3220 3224 3228
f 3220 3229 3221
f 3222 3226 3223
f 3223 3226 3227
f 3224 3227 3228
f 3220 3228 3229
f 3221 3229 3232
f 3221 3232 3231
f 3076 3217 3235
f 3217 3231 3236
f 3217 3236 3235
f 3231 3232 3237
f 3231 3237 3236
f 3227 3247 3228
f 3228 3245 3229
f 3226 3246 3227
f 3227 3246 3247
f 3228 3247 3245
f 3229 3245 3249
f 3246 3254 3247
f 3245 3247 3253
f 3229 3249 3232
f 3245 3256 3249
f 3247 3254 3253
f 3245 3253 3256
f 2236 3253 3254
f 2236 3257 3253
f 3253 3257 3256
f 2236 3258 3257
f 2236 3266 3258
f 3232 3249 3259
f 3232 3259 3237
f 3249 3260 3259
f 3249 3256 3260
f 3256 3257 3261
f 3256 3261 3260
f 3257 3258 3261
f 3258 3262 3261
f 3258 3266 3267
f 3258 3267 3262
f 3262 3267 3268
f 3085 3235 3269
f 3235 3236 3270
f 3235 3270 3269
f 3236 3271 3270
f 3236 3237 3271
f 3128 3269 3272
f 3129 3272 3274
f 3269 3270 3275
f 3269 3275 3272
f 3272 3383 3274
f 3272 3275 3383
f 3270 3276 3275
f 3270 3271 3276
f 3275 3276 3384
f 3237 3259 3277
f 3237 3277 3271
f 3259 3278 3277
f 3271 3277 3281
f 3259 3260 3278
f 3260 3261 3279
f 3260 3279 3278
f 3261 3262 3279
f 3277 3278 3282
f 3278 3279 3283
f 3279 3280 3283
f 3262 3280 3279
f 3271 3281 3276
f 3277 3282 3281
f 3276 3281 3395
f 3278 3283 3282
f 3281 3282 3396
f 3282 3283 3397
f 3283 3284 3397
f 3280 3284 3283
f 3262 3268 3280
f 3268 3285 3280
f 3280 3285 3284
f 3284 3285 3286
f 3284 3286 3398
f 3266 3297 3267
f 3267 3297 3298
f 3297 3303 3298
f 3267 3298 3268
f 3268 3298 3299
f 3298 3304 3299
f 3298 3303 3304
f 3303 3637 3304
f 3299 3304 3305
f 3304 3638 3305
f 3268 3299 3285
f 3285 3299 3306
f 3285 3306 3286
f 3299 3305 3306
f 3306 3308 3307
f 3286 3306 3307
f 3286 3307 3403
f 3307 3309 3443
f 3305 3308 3306
f 3305 3640 3308
f 3308 3647 3309
f 3307 3308 3309
f 3309 3648 3445
f 3310 3317 3312
f 3110 3319 3313
f 3310 3311 3316
f 3311 3313 3320
f 2668 3314 2671
f 2668 2669 3314
f 2669 3312 3318
f 2672 3324 3322
f 2671 3314 3324
f 3310 3316 3317
f 3312 3317 3318
f 2669 3318 3314
f 3110 3111 3315
f 3111 3115 3315
f 3110 3315 3319
f 3313 3319 3320
f 3115 3334 3315
f 3116 3333 3334
f 3311 3320 3316
f 3316 3343 3317
f 3316 3320 3344
f 3321 3327 3323
f 3321 3322 3330
f 2679 3329 2682
f 2681 2682 3329
f 2679 3323 3328
f 2680 3326 3325
f 2681 3329 3326
f 2679 3328 3329
f 3323 3327 3328
f 3314 3341 3324
f 3314 3318 3341
f 3322 3324 3331
f 3322 3331 3330
f 3317 3342 3318
f 3317 3343 3342
f 3324 3341 3331
f 3318 3342 3341
f 3321 3330 3327
f 3327 3330 3365
f 3327 3366 3328
f 3333 3339 3334
f 3131 3338 3332
f 3332 3340 3333
f 3315 3346 3319
f 3315 3334 3346
f 3319 3345 3320
f 3319 3346 3345
f 3333 3340 3339
f 3334 3339 3346
f 3130 3336 3131
f 3130 3337 3336
f 3332 3338 3340
f 3131 3336 3338
f 3336 3386 3338
f 3338 3388 3340
f 3316 3344 3343
f 3320 3345 3344
f 3343 3344 3351
f 3331 3341 3347
f 3330 3331 3367
f 3342 3343 3348
f 3341 3342 3347
f 3330 3367 3365
f 3331 3347 3367
f 3342 3348 3347
f 3339 3350 3346
f 3344 3345 3349
f 3345 3346 3350
f 3339 3340 3387
f 3340 3388 3387
f 3339 3387 3350
f 3343 3351 3348
f 3344 3349 3351
f 3345 3350 3349
f 2694 3354 2695
f 2694 3352 3354
f 3352 3353 3355
f 3325 3356 3353
f 2695 3357 2696
f 2695 3354 3357
f 2696 3357 3360
f 3325 3326 3363
f 3326 3329 3364
f 3352 3355 3354
f 3353 3356 3355
f 3328 3364 3329
f 3326 3364 3363
f 3325 3363 3356
f 2696 3360 2697
f 2697 3360 3361
f 2698 3361 3358
f 2700 3358 3359
f 3357 3372 3360
f 3360 3373 3361
f 3358 3374 3359
f 3358 3361 3374
f 2701 3359 3362
f 3359 3375 3362
f 3328 3366 3364
f 3327 3365 3366
f 3363 3364 3371
f 3364 3366 3371
f 3354 3355 3368
f 3354 3368 3357
f 3355 3356 3369
f 3356 3363 3370
f 3355 3369 3368
f 3356 3370 3369
f 3357 3368 3372
f 3365 3410 3366
f 3365 3367 3409
f 3347 3405 3367
f 3347 3348 3405
f 3348 3351 3407
f 3365 3409 3410
f 3367 3405 3409
f 3363 3371 3370
f 3366 3410 3371
f 3368 3369 3415
f 3369 3370 3416
f 3360 3372 3373
f 3361 3373 3374
f 3359 3374 3375
f 3372 3418 3373
f 3368 3415 3372
f 3373 3417 3374
f 3374 3417 3375
f 3373 3418 3417
f 3375 3417 3419
f 3362 3375 3376
f 3375 3419 3376
f 3376 3419 3422
f 2720 3362 3377
f 3362 3376 3377
f 3377 3379 3378
f 2721 3377 3378
f 3376 3379 3377
f 3376 3422 3379
f 3379 3422 3446
f 3378 3379 3706
f 3379 3446 3706
f 3273 3274 3385
f 3273 3381 3380
f 3335 3389 3337
f 3335 3380 3382
f 3273 3385 3381
f 3274 3383 3385
f 3336 3337 3389
f 3335 3382 3389
f 3336 3389 3386
f 3380 3381 3382
f 3275 3384 3383
f 3381 3385 3392
f 3383 3390 3385
f 3383 3384 3390
f 3338 3386 3388
f 3382 3394 3389
f 3386 3391 3388
f 3386 3389 3394
f 3349 3350 3406
f 3349 3408 3351
f 3350 3387 3406
f 3387 3388 3411
f 3387 3411 3406
f 3388 3391 3411
f 3381 3393 3382
f 3381 3392 3393
f 3382 3393 3394
f 3385 3390 3392
f 3386 3394 3391
f 3392 3423 3393
f 3393 3426 3394
f 3276 3395 3384
f 3281 3396 3395
f 3384 3395 3399
f 3282 3397 3396
f 3395 3396 3400
f 3396 3397 3401
f 3397 3398 3401
f 3284 3398 3397
f 3384 3399 3390
f 3395 3400 3399
f 3390 3424 3392
f 3390 3399 3424
f 3399 3427 3424
f 3396 3401 3400
f 3399 3400 3427
f 3400 3401 3428
f 3400 3428 3427
f 3401 3402 3428
f 3398 3402 3401
f 3402 3429 3428
f 3286 3403 3398
f 3398 3403 3402
f 3402 3403 3404
f 3402 3404 3429
f 3404 3441 3429
f 3349 3406 3408
f 3351 3408 3407
f 3348 3407 3405
f 3370 3371 3420
f 3371 3410 3420
f 3405 3412 3409
f 3405 3407 3412
f 3409 3421 3410
f 3410 3421 3420
f 3406 3413 3408
f 3406 3411 3413
f 3391 3394 3426
f 3391 3425 3411
f 3391 3426 3425
f 3407 3408 3414
f 3409 3412 3421
f 3407 3414 3412
f 3408 3413 3414
f 3411 3425 3413
f 3369 3416 3415
f 3372 3415 3418
f 3370 3420 3416
f 3415 3416 3432
f 3415 3432 3418
f 3412 3430 3421
f 3416 3420 3434
f 3420 3421 3434
f 3416 3434 3432
f 3417 3418 3433
f 3417 3433 3419
f 3418 3432 3433
f 3419 3433 3435
f 3419 3435 3422
f 3422 3435 3447
f 3392 3424 3423
f 3393 3423 3426
f 3413 3425 3431
f 3423 3437 3426
f 3423 3424 3436
f 3425 3426 3437
f 3423 3436 3437
f 3424 3427 3436
f 3427 3428 3438
f 3427 3438 3436
f 3428 3429 3438
f 3429 3440 3438
f 3413 3431 3414
f 3412 3414 3430
f 3421 3430 3434
f 3425 3437 3431
f 3414 3431 3430
f 3432 3434 3439
f 3432 3439 3433
f 3433 3439 3435
f 3436 3439 3437
f 3436 3438 3439
f 3438 3440 3439
f 3430 3439 3434
f 3431 3437 3439
f 3430 3431 3439
f 3435 3439 3442
f 3439 3440 3442
f 3429 3441 3440
f 3440 3441 3448
f 3435 3442 3447
f 3440 3448 3442
f 3307 3443 3403
f 3403 3443 3404
f 3443 3445 3444
f 3404 3443 3444
f 3404 3444 3441
f 3441 3444 3449
f 3309 3445 3443
f 3444 3445 3710
f 3444 3710 3449
f 3422 3447 3446
f 3446 3447 3713
f 3441 3449 3448
f 3442 3450 3447
f 3442 3448 3450
f 3448 3449 3714
f 3447 3450 3713
f 3448 3714 3450
f 3304 3637 3638
f 3637 3643 3638
f 3305 3638 3640
f 3638 3644 3640
f 3638 3643 3644
f 3643 3682 3644
f 3644 3682 3683
f 3640 3644 3646
f 3644 3683 3646
f 3646 3683 3684
f 3308 3640 3647
f 3640 3646 3647
f 3647 3649 3648
f 3309 3647 3648
f 3646 3649 3647
f 3646 3684 3649
f 3648 3649 3702
f 3648 3702 3711
f 3682 3696 3683
f 3683 3696 3697
f 3683 3697 3684
f 2240 3697 3696
f 2240 5169 3697
f 3684 3697 3701
f 3697 5169 3701
f 3649 3684 3703
f 3649 3703 3702
f 3684 3701 3703
f 3701 5173 3703
f 3702 3703 3704
f 3702 3704 3718
f 3703 5173 3704
f 2862 3378 3705
f 3378 3706 3705
f 3446 3712 3706
f 3705 3706 3708
f 3706 3712 3708
f 2886 3705 3707
f 3705 3708 3707
f 2887 3707 5188
f 3707 3709 5188
f 3708 3712 3720
f 3707 3708 3709
f 3708 3720 3709
f 3709 3720 5190
f 3445 3648 3711
f 3445 3711 3710
f 3449 3710 3715
f 3710 3711 3717
f 3710 3717 3715
f 3446 3713 3712
f 3712 3713 3722
f 3449 3715 3714
f 3450 3716 3713
f 3450 3714 3716
f 3714 3715 3723
f 3713 3716 3722
f 3714 3723 3716
f 3702 3718 3711
f 3711 3718 3717
f 3715 3717 3724
f 3704 5194 3718
f 3718 5194 3719
f 3717 3718 3719
f 3717 3719 3724
f 3719 5197 3724
f 3712 3722 3720
f 3720 3721 5190
f 3720 3722 3721
f 3715 3724 3723
f 3716 3725 3722
f 3716 3723 3725
f 3723 3724 3726
f 3724 5197 3726
f 3721 3722 3725
f 3721 3725 5198
f 3723 3726 3725
f 3725 3726 5198
f 1202 2839 3899
f 1202 3899 3900
f 3899 3901 3900
f 2842 3901 3899
f 2842 3976 3901
f 1251 3900 3952
f 1251 3952 3953
f 3900 3901 3952
f 3952 3954 3953
f 3953 3954 4553
f 3952 3990 3954
f 3901 3990 3952
f 3901 3976 3990
f 3976 3977 3990
f 2887 3977 3976
f 2887 5188 3977
f 3977 5188 3992
f 3977 3991 3990
f 3954 3990 3991
f 3954 3991 4555
f 3977 3992 3991
f 3991 3992 4777
f 3992 5191 4777
f 4016 4745 4017
f 4051 4430 4055
f 4018 4748 4060
f 4017 4747 4018
f 4060 4066 4061
f 4061 4066 4064
f 4018 4747 4748
f 4044 4434 4052
f 4062 4067 4063
f 4062 4064 4068
f 4044 4063 4432
f 4052 4433 4053
f 4051 4053 4429
f 4052 4434 4433
f 4044 4432 4434
f 4064 4066 4068
f 4060 4748 4066
f 4063 4067 4432
f 4062 4068 4067
f 4217 4223 4404
f 4220 4405 4223
f 4198 4199 4399
f 4199 4212 4395
f 4212 4213 4396
f 4213 4214 4397
f 4198 4398 4205
f 4205 4398 4206
f 4215 4216 4402
f 4216 4218 4400
f 4214 4215 4401
f 4218 4219 4403
f 4217 4403 4219
f 4199 4395 4399
f 4212 4396 4395
f 4213 4397 4396
f 4214 4401 4397
f 4216 4400 4402
f 4215 4402 4401
f 4198 4399 4398
f 4206 4449 4282
f 4206 4398 4449
f 4282 4449 4450
f 4282 4450 4283
f 4283 4463 4286
f 4283 4450 4463
f 4286 4464 4287
f 4286 4463 4464
f 4287 4465 4288
f 4287 4464 4465
f 4361 4411 4363
f 4361 4371 4410
f 4366 4436 4371
f 4366 4368 4426
f 4366 4426 4436
f 4371 4436 4410
f 4220 4221 4407
f 4221 4222 4406
f 4222 4392 4412
f 4392 4393 4413
f 4393 4394 4408
f 4362 4409 4394
f 4362 4363 4409
f 4221 4406 4407
f 4222 4412 4406
f 4393 4408 4413
f 4392 4413 4412
f 4218 4403 4400
f 4217 4404 4403
f 4223 4405 4404
f 4220 4407 4405
f 4395 4396 4457
f 4396 4397 4458
f 4397 4401 4451
f 4401 4402 4452
f 4400 4453 4402
f 4404 4405 4459
f 4400 4403 4454
f 4403 4404 4454
f 4363 4411 4409
f 4394 4409 4408
f 4361 4410 4411
f 4406 4412 4469
f 4412 4413 4437
f 4405 4407 4460
f 4406 4461 4407
f 4405 4460 4459
f 4407 4461 4460
f 4408 4439 4413
f 4408 4409 4438
f 4409 4411 4438
f 4406 4469 4461
f 4412 4437 4469
f 4413 4439 4437
f 4367 4428 4368
f 4367 4425 4427
f 4050 4054 4431
f 4050 4435 4425
f 4054 4055 4431
f 4425 4435 4427
f 4050 4431 4435
f 4368 4428 4426
f 4367 4427 4428
f 4051 4429 4430
f 4055 4430 4431
f 4053 4433 4429
f 4429 4433 4784
f 4432 4782 4434
f 4433 4434 4786
f 4431 4793 4435
f 4427 4435 4443
f 4427 4444 4428
f 4430 4793 4431
f 4429 4785 4430
f 4429 4784 4785
f 4435 4793 4443
f 4430 4785 4793
f 4410 4440 4411
f 4410 4436 4441
f 4426 4445 4436
f 4426 4428 4442
f 4436 4445 4441
f 4426 4442 4445
f 4408 4438 4439
f 4411 4440 4438
f 4410 4441 4440
f 4438 4440 4482
f 4428 4444 4442
f 4427 4443 4444
f 4442 4444 4796
f 4443 4797 4444
f 4441 4445 4484
f 4440 4441 4483
f 4441 4484 4483
f 4442 4795 4445
f 4442 4796 4795
f 4445 4795 4484
f 4398 4399 4455
f 4395 4456 4399
f 4398 4455 4449
f 4397 4451 4458
f 4401 4452 4451
f 4399 4456 4455
f 4395 4457 4456
f 4396 4458 4457
f 4449 4455 4462
f 4449 4462 4450
f 4450 4466 4463
f 4450 4462 4466
f 4402 4453 4452
f 4400 4454 4453
f 4404 4459 4454
f 4451 4452 4475
f 4455 4456 4472
f 4456 4457 4471
f 4457 4458 4473
f 4451 4474 4458
f 4452 4453 4476
f 4453 4454 4477
f 4454 4459 4477
f 4455 4472 4462
f 4456 4471 4472
f 4457 4473 4471
f 4462 4487 4466
f 4462 4472 4487
f 4463 4467 4464
f 4463 4466 4467
f 4464 4468 4465
f 4464 4467 4468
f 4466 4487 4488
f 4466 4488 4467
f 4467 4489 4468
f 4467 4488 4489
f 4460 4461 4479
f 4461 4469 4470
f 4437 4480 4469
f 4459 4460 4478
f 4452 4476 4475
f 4453 4477 4476
f 4459 4478 4477
f 4460 4479 4478
f 4437 4439 4481
f 4438 4482 4439
f 4439 4482 4481
f 4461 4470 4479
f 4469 4480 4470
f 4437 4481 4480
f 4458 4474 4473
f 4451 4475 4474
f 4476 4477 4496
f 4477 4478 4496
f 4471 4473 4491
f 4471 4490 4472
f 4472 4490 4487
f 4473 4474 4493
f 4474 4475 4494
f 4475 4476 4495
f 4440 4483 4482
f 4481 4482 4830
f 4482 4483 4830
f 4478 4479 4485
f 4470 4480 4828
f 4470 4486 4479
f 4471 4491 4490
f 4473 4493 4491
f 4474 4494 4493
f 4475 4495 4494
f 4478 4485 4496
f 4476 4496 4495
f 4480 4481 4829
f 4480 4829 4828
f 4481 4830 4829
f 4479 4486 4485
f 4470 4828 4486
f 4487 4492 4488
f 4488 4497 4489
f 4487 4490 4492
f 4490 4491 4841
f 4493 4494 4842
f 4494 4495 4843
f 4491 4493 4840
f 4490 4841 4492
f 4488 4492 4497
f 4492 4846 4497
f 1968 3953 4553
f 1968 4553 4554
f 4553 4556 4554
f 2218 4554 4764
f 4554 4556 4764
f 3954 4555 4553
f 4553 4555 4556
f 4555 4776 4556
f 4556 4769 4764
f 4556 4776 4769
f 2208 4663 4631
f 2197 4624 4623
f 2204 2207 4630
f 2198 4628 4624
f 2207 2208 4631
f 2203 4629 4628
f 2204 4630 4629
f 2207 4631 4630
f 2208 4677 4663
f 2208 4641 4677
f 4663 4677 4664
f 4662 4664 4736
f 4662 4734 4665
f 4665 4735 4666
f 4674 4739 4675
f 4666 4737 4673
f 4673 4738 4674
f 4664 4677 4736
f 4662 4736 4734
f 4665 4734 4735
f 4641 4743 4677
f 4641 4680 4743
f 2211 4680 4641
f 2211 4678 4680
f 2212 4679 4681
f 2212 4681 4678
f 4678 4758 4680
f 4678 4681 4758
f 4679 4759 4681
f 4679 4767 4759
f 4728 4729 4733
f 4675 4740 4676
f 4672 4741 4729
f 4672 4676 4741
f 4666 4735 4737
f 4673 4737 4738
f 4674 4738 4739
f 4675 4739 4740
f 4676 4740 4741
f 4012 4730 4746
f 4728 4732 4730
f 4012 4744 4016
f 4730 4732 4746
f 4012 4746 4744
f 4729 4741 4733
f 4728 4733 4732
f 4677 4743 4736
f 4734 4736 4742
f 4734 4749 4735
f 4735 4750 4737
f 4737 4751 4738
f 4739 4753 4740
f 4740 4757 4741
f 4738 4752 4739
f 4737 4750 4751
f 4738 4751 4752
f 4736 4743 4742
f 4734 4742 4749
f 4735 4749 4750
f 4016 4744 4745
f 4017 4745 4747
f 4732 4756 4746
f 4744 4746 4755
f 4747 4781 4748
f 4744 4788 4745
f 4745 4779 4747
f 4744 4755 4788
f 4745 4788 4779
f 4733 4741 4757
f 4732 4733 4754
f 4739 4752 4753
f 4740 4753 4757
f 4732 4754 4756
f 4733 4757 4754
f 4742 4743 4760
f 4749 4762 4750
f 4742 4761 4749
f 4750 4809 4751
f 4746 4756 4755
f 4752 4810 4753
f 4753 4811 4757
f 4751 4808 4752
f 4750 4762 4809
f 4754 4757 4811
f 4754 4789 4756
f 4751 4809 4808
f 4752 4808 4810
f 4753 4810 4811
f 4680 4758 4760
f 4680 4760 4743
f 4681 4759 4763
f 4681 4763 4758
f 4742 4760 4761
f 4749 4761 4762
f 4758 4812 4760
f 4758 4763 4812
f 4759 4817 4763
f 4759 4772 4817
f 2218 4764 4765
f 4764 4770 4765
f 2221 4766 4767
f 2221 4767 4679
f 2220 4768 4766
f 2220 4765 4768
f 4765 4770 4768
f 4766 4771 4767
f 4766 4768 4771
f 4764 4769 4770
f 4769 4883 4770
f 4767 4771 4772
f 4759 4767 4772
f 4768 4773 4771
f 4768 4770 4773
f 4770 4883 4773
f 4771 4884 4772
f 4771 4773 4884
f 3991 4777 4555
f 4555 4777 4776
f 4769 4776 4882
f 4776 4777 4778
f 4777 5191 4778
f 4776 4778 4882
f 4778 5301 4882
f 4066 4780 4068
f 4067 4068 4787
f 4067 4783 4432
f 4066 4748 4780
f 4432 4783 4782
f 4068 4780 4787
f 4067 4787 4783
f 4747 4779 4781
f 4748 4781 4780
f 4434 4782 4786
f 4433 4786 4784
f 4780 4802 4787
f 4780 4781 4802
f 4783 4787 4800
f 4782 4804 4786
f 4782 4783 4803
f 4755 4756 4791
f 4755 4790 4788
f 4779 4788 4792
f 4754 4811 4789
f 4756 4789 4791
f 4755 4791 4790
f 4779 4801 4781
f 4788 4790 4792
f 4779 4792 4801
f 4781 4801 4802
f 4787 4802 4800
f 4790 4791 4819
f 4443 4793 4799
f 4784 4786 4794
f 4784 4798 4785
f 4785 4799 4793
f 4443 4799 4797
f 4786 4804 4794
f 4783 4800 4803
f 4782 4803 4804
f 4785 4798 4799
f 4784 4794 4798
f 4444 4797 4796
f 4796 4797 4835
f 4797 4799 4833
f 4800 4802 4806
f 4800 4807 4803
f 4792 4822 4801
f 4790 4821 4792
f 4801 4806 4802
f 4792 4821 4822
f 4801 4822 4806
f 4794 4804 4837
f 4794 4836 4798
f 4803 4805 4804
f 4798 4833 4799
f 4804 4805 4837
f 4794 4837 4836
f 4798 4836 4833
f 4803 4807 4805
f 4800 4806 4807
f 4760 4812 4761
f 4761 4813 4762
f 4762 4814 4809
f 4808 4809 4815
f 4808 4816 4810
f 4761 4812 4813
f 4762 4813 4814
f 4810 4820 4811
f 4789 4811 4820
f 4809 4814 4815
f 4808 4815 4816
f 4789 4818 4791
f 4810 4816 4820
f 4789 4820 4818
f 4812 4823 4813
f 4763 4817 4823
f 4763 4823 4812
f 4791 4818 4819
f 4790 4819 4821
f 4813 4824 4814
f 4814 4825 4815
f 4815 4826 4816
f 4816 4827 4820
f 4818 4820 4827
f 4814 4824 4825
f 4815 4825 4826
f 4819 4856 4821
f 4806 4822 4858
f 4821 4857 4822
f 4818 4855 4819
f 4816 4826 4827
f 4818 4827 4855
f 4819 4855 4856
f 4821 4856 4857
f 4813 4823 4824
f 4817 4863 4823
f 4817 4885 4863
f 4823 4863 4824
f 4824 4864 4825
f 4484 4795 4832
f 4795 4796 4834
f 4483 4484 4831
f 4484 4832 4831
f 4796 4835 4834
f 4795 4834 4832
f 4483 4831 4830
f 4828 4829 4849
f 4829 4830 4847
f 4831 4832 4850
f 4830 4831 4847
f 4797 4833 4835
f 4805 4861 4837
f 4833 4859 4835
f 4836 4837 4862
f 4833 4836 4859
f 4832 4834 4839
f 4834 4835 4838
f 4832 4839 4850
f 4835 4859 4838
f 4834 4838 4839
f 4485 4486 4845
f 4495 4496 4844
f 4485 4844 4496
f 4486 4828 4848
f 4491 4840 4841
f 4494 4843 4842
f 4493 4842 4840
f 4495 4844 4843
f 4486 4848 4845
f 4829 4847 4849
f 4828 4849 4848
f 4485 4845 4844
f 4492 4841 4846
f 4840 4851 4841
f 4841 4851 4846
f 4831 4850 4847
f 4845 4848 4874
f 4848 4849 4871
f 4839 4872 4850
f 4847 4850 4873
f 4847 4873 4849
f 4840 4842 4852
f 4842 4843 4854
f 4843 4844 4853
f 4844 4845 4853
f 4840 4852 4851
f 4842 4854 4852
f 4843 4853 4854
f 4848 4871 4874
f 4845 4874 4853
f 4849 4873 4871
f 4806 4858 4807
f 4805 4807 4860
f 4822 4857 4858
f 4805 4860 4861
f 4837 4861 4862
f 4807 4858 4860
f 4856 4866 4857
f 4836 4862 4859
f 4859 4862 4870
f 4838 4859 4870
f 4857 4875 4858
f 4858 4875 4860
f 4861 4877 4862
f 4860 4876 4861
f 4860 4875 4876
f 4827 4868 4855
f 4825 4867 4826
f 4826 4868 4827
f 4855 4865 4856
f 4825 4864 4867
f 4826 4867 4868
f 4824 4863 4864
f 4856 4865 4866
f 4855 4868 4865
f 4857 4866 4875
f 4863 4889 4864
f 4865 4868 4890
f 4864 4891 4867
f 4867 4890 4868
f 4838 4869 4839
f 4850 4872 4873
f 4839 4869 4872
f 4838 4870 4869
f 4861 4876 4877
f 4862 4877 4870
f 4852 4854 5289
f 4853 5287 4854
f 4853 4874 5287
f 4871 5291 4874
f 4869 5293 4872
f 4871 4873 5292
f 4872 5292 4873
f 4870 4877 4879
f 4866 4880 4875
f 4875 4880 4876
f 4876 4881 4877
f 4865 4878 4866
f 4864 4889 4891
f 4867 4891 4890
f 4866 4878 4880
f 4865 4890 4878
f 4869 4870 4879
f 4877 4881 4879
f 4872 5293 5292
f 4869 4879 5293
f 4876 4880 4881
f 4769 4882 4883
f 4882 4887 4883
f 4772 4884 4885
f 4772 4885 4817
f 4773 4886 4884
f 4773 4883 4886
f 4883 4887 4886
f 4884 4888 4885
f 4884 4886 4888
f 4882 5301 4887
f 4887 5301 5302
f 4885 4888 4889
f 4863 4885 4889
f 4886 4892 4888
f 4886 4887 4892
f 4887 5302 4892
f 4888 5305 4889
f 4888 4892 5305
f 4889 5305 4891
f 4890 4891 5306
f 4878 4890 5306
f 4878 5303 4880
f 4880 5303 4881
f 4891 5305 5306
f 2240 5168 5169
f 3701 5169 5172
f 5168 5171 5169
f 5168 5170 5171
f 5169 5171 5172
f 3701 5172 5173
f 3704 5173 5174
f 3704 5174 5194
f 5172 5184 5173
f 5173 5184 5174
f 5170 5178 5179
f 5171 5179 5183
f 5178 5182 5179
f 5179 5185 5183
f 5178 5181 5182
f 5179 5182 5185
f 5181 5226 5182
f 5182 5231 5185
f 5170 5179 5171
f 5171 5183 5172
f 5172 5183 5184
f 5183 5186 5184
f 5174 5184 5187
f 5174 5187 5200
f 5183 5185 5186
f 5185 5232 5186
f 5184 5186 5187
f 5186 5233 5187
f 3709 5189 5188
f 3992 5188 5189
f 3709 5190 5189
f 5189 5190 5192
f 5190 5196 5192
f 3992 5189 5191
f 5189 5192 5191
f 5191 5192 5275
f 5192 5196 5193
f 5192 5193 5275
f 3719 5194 5195
f 3719 5195 5197
f 5174 5200 5194
f 5194 5200 5195
f 5195 5201 5197
f 3721 5196 5190
f 3721 5198 5196
f 5196 5198 5203
f 3726 5197 5199
f 3726 5199 5198
f 5197 5201 5199
f 5198 5199 5203
f 5195 5200 5202
f 5195 5202 5201
f 5187 5271 5200
f 5200 5271 5202
f 5201 5202 5272
f 5199 5201 5204
f 5199 5204 5203
f 5193 5196 5203
f 5201 5272 5204
f 5193 5203 5277
f 5203 5204 5277
f 5225 5229 5230
f 5225 5230 5226
f 5226 5230 5234
f 5229 5252 5230
f 5229 5251 5252
f 5230 5252 5268
f 5226 5234 5231
f 5231 5234 5235
f 5231 5235 5232
f 5232 5235 5236
f 5232 5236 5233
f 5233 5236 5273
f 5230 5268 5234
f 5234 5269 5235
f 5234 5268 5269
f 5235 5270 5236
f 5235 5269 5270
f 5236 5270 5298
f 5247 5248 5251
f 4288 5253 5244
f 4288 4465 5253
f 5244 5253 5254
f 5244 5254 5245
f 5245 5258 5249
f 5245 5254 5258
f 5247 5258 5248
f 5247 5249 5258
f 5248 5252 5251
f 5248 5257 5252
f 5257 5264 5268
f 5264 5265 5269
f 5265 5283 5270
f 4465 5255 5253
f 4465 4468 5255
f 5253 5255 5256
f 5253 5256 5254
f 5254 5259 5258
f 5254 5256 5259
f 4468 5260 5255
f 4468 4489 5260
f 5255 5260 5261
f 5255 5261 5256
f 5256 5266 5259
f 5256 5261 5266
f 5248 5259 5257
f 5257 5266 5264
f 5248 5258 5259
f 5257 5259 5266
f 4489 5262 5260
f 5260 5263 5261
f 5261 5267 5266
f 4489 4497 5262
f 5260 5262 5263
f 4497 5279 5262
f 5261 5263 5267
f 5262 5280 5263
f 5263 5285 5267
f 5264 5267 5265
f 5264 5266 5267
f 5265 5267 5285
f 5252 5257 5268
f 5264 5269 5268
f 5265 5270 5269
f 5181 5225 5226
f 5182 5226 5231
f 5185 5231 5232
f 5186 5232 5233
f 5187 5233 5271
f 5202 5271 5274
f 5233 5273 5271
f 5271 5273 5274
f 5202 5274 5272
f 5236 5298 5273
f 5273 5299 5274
f 5273 5298 5299
f 5274 5299 5300
f 5272 5274 5300
f 5272 5300 5278
f 4778 5191 5275
f 4778 5275 5301
f 5275 5276 5301
f 5204 5272 5278
f 5204 5278 5277
f 5193 5276 5275
f 5193 5277 5276
f 5277 5278 5311
f 5276 5277 5311
f 5283 5284 5298
f 5284 5295 5299
f 5295 5309 5300
f 4497 4846 5279
f 5262 5279 5280
f 4846 5281 5279
f 5263 5280 5285
f 5279 5282 5280
f 5280 5286 5285
f 4846 4851 5281
f 5279 5281 5282
f 5280 5282 5286
f 5265 5285 5283
f 5283 5286 5284
f 5283 5285 5286
f 4851 4852 5288
f 4851 5288 5281
f 5281 5288 5290
f 4854 5287 5289
f 4874 5291 5287
f 4852 5289 5288
f 4871 5292 5291
f 5281 5290 5282
f 5282 5296 5286
f 5282 5290 5296
f 5287 5291 5308
f 5288 5289 5294
f 5287 5308 5289
f 4879 4881 5304
f 4879 5304 5293
f 5292 5293 5307
f 5291 5292 5307
f 5291 5307 5308
f 5288 5294 5290
f 5290 5297 5296
f 5289 5308 5294
f 5290 5294 5297
f 5284 5296 5295
f 5295 5297 5309
f 5284 5286 5296
f 5295 5296 5297
f 5270 5283 5298
f 5284 5299 5298
f 5295 5300 5299
f 5278 5300 5309
f 5276 5302 5301
f 5276 5311 5302
f 4881 5303 5304
f 4878 5306 5303
f 5293 5304 5307
f 4892 5310 5305
f 5305 5310 5306
f 5294 5308 5310
f 5307 5310 5308
f 5294 5310 5297
f 5304 5310 5307
f 5303 5310 5304
f 5303 5306 5310
f 4892 5302 5310
f 5302 5311 5310
f 5309 5310 5311
f 5297 5310 5309
f 5278 5309 5311
f 2 3 6
f 2 7 4
f 2 6 7
f 4 8 5
f 4 7 8
f 6 12 7
f 5 8 9
f 9 11 10
f 8 11 9
f 10 11 15
f 11 17 15
f 7 12 200
f 7 200 8
f 12 199 200
f 8 200 198
f 8 202 11
f 8 198 202
f 11 202 14
f 11 14 28
f 11 28 30
f 11 30 32
f 11 32 34
f 11 34 36
f 11 36 38
f 11 38 40
f 11 40 42
f 11 42 44
f 15 17 16
f 16 17 103
f 11 44 17
f 17 79 105
f 17 44 45
f 17 45 47
f 17 47 48
f 17 48 49
f 17 49 50
f 17 50 56
f 17 56 55
f 17 55 57
f 17 57 58
f 17 58 63
f 17 63 65
f 17 65 67
f 17 67 69
f 17 69 71
f 17 71 73
f 17 73 75
f 17 75 77
f 17 77 79
f 103 105 104
f 17 105 103
f 104 105 108
f 104 108 106
f 106 108 107
f 107 2584 2395
f 107 108 2584
f 79 80 105
f 80 81 105
f 81 82 105
f 82 83 105
f 83 84 105
f 84 90 105
f 90 91 105
f 91 92 105
f 92 93 105
f 93 98 105
f 98 109 105
f 105 109 111
f 105 111 113
f 105 113 115
f 105 115 116
f 105 116 118
f 105 118 120
f 105 120 122
f 105 122 124
f 105 139 108
f 105 125 126
f 105 124 125
f 105 126 129
f 105 132 134
f 105 129 132
f 105 134 133
f 105 137 138
f 105 133 137
f 105 138 139
f 108 139 143
f 108 143 145
f 108 145 147
f 108 147 149
f 108 149 151
f 108 179 2584
f 179 2767 2584
f 108 151 153
f 108 153 157
f 108 157 159
f 108 159 161
f 108 165 166
f 108 162 165
f 108 161 162
f 108 166 167
f 108 167 168
f 108 174 173
f 108 172 174
f 108 168 172
f 108 173 179
f 194 2802 2767
f 179 180 2767
f 180 182 2767
f 182 184 2767
f 184 186 2767
f 186 188 2767
f 188 190 2767
f 190 192 2767
f 192 194 2767
f 194 2811 2802
f 194 2814 2811
f 199 201 200
f 198 200 208
f 200 201 207
f 200 207 208
f 198 208 202
f 14 202 203
f 202 204 203
f 202 208 214
f 202 214 204
f 201 206 207
f 206 210 207
f 206 209 210
f 207 210 211
f 207 211 208
f 208 211 212
f 204 214 215
f 208 216 214
f 208 212 216
f 214 217 215
f 214 216 217
f 215 217 223
f 217 226 223
f 215 223 225
f 2222 2223 2226
f 2223 2224 2227
f 2223 2227 2226
f 2224 2225 2228
f 2224 2228 2227
f 2226 2227 2237
f 2225 2230 2228
f 2230 2233 2234
f 2228 2230 2234
f 2231 2234 2233
f 2231 2901 2234
f 2234 2901 2903
f 2232 2234 2935
f 2234 2903 2915
f 2234 2915 2927
f 2234 2927 2935
f 2232 2235 2234
f 2234 2235 2238
f 2227 3728 2237
f 2227 2228 3728
f 2237 3728 3727
f 2228 3730 3728
f 2228 2234 3731
f 2234 2238 3731
f 2228 3731 3730
f 2238 2239 3731
f 2902 2915 2903
f 2902 2923 2915
f 2902 2929 2923
f 3727 3728 3729
f 3728 3730 3736
f 3728 3735 3729
f 3728 3736 3735
f 3730 3731 3736
f 2239 3732 3731
f 3731 3732 3733
f 3731 3742 3736
f 3731 3733 3742
f 3729 3735 3734
f 3734 3735 3738
f 3734 3738 3737
f 3735 3739 3738
f 3735 3736 3739
f 3736 3740 3739
f 3733 3743 3742
f 3736 3742 3744
f 3736 3744 3740
f 3742 3743 3745
f 3742 3747 3744
f 3742 3745 3747
f 3745 3746 3747
f 2231 2914 2901
f 2901 2914 2902
f 2231 2928 2914
f 2902 2914 2922
f 2231 2935 2928
f 2902 2922 2929
f 2231 2232 2935
f 14 27 28
f 27 29 28
f 27 310 29
f 29 310 312
f 28 29 30
f 29 31 30
f 29 312 31
f 31 312 319
f 30 31 32
f 31 33 32
f 31 319 33
f 33 319 323
f 32 33 34
f 33 323 35
f 33 35 34
f 34 35 36
f 35 323 339
f 35 339 37
f 35 37 36
f 36 37 38
f 37 339 341
f 37 341 39
f 37 39 38
f 38 39 40
f 39 341 348
f 39 348 41
f 39 41 40
f 40 41 42
f 41 348 350
f 41 350 43
f 41 43 42
f 42 43 44
f 43 350 373
f 43 46 44
f 44 46 45
f 45 46 51
f 43 373 46
f 46 373 379
f 45 51 47
f 47 51 52
f 47 52 48
f 48 53 49
f 48 52 53
f 49 54 50
f 49 53 54
f 50 59 56
f 50 54 59
f 46 379 51
f 51 380 52
f 51 379 380
f 52 380 381
f 52 381 53
f 53 381 384
f 53 384 54
f 55 56 60
f 54 388 59
f 54 384 388
f 56 59 60
f 55 61 57
f 55 60 61
f 57 62 58
f 57 61 62
f 59 389 60
f 59 388 389
f 60 390 61
f 60 389 390
f 61 391 62
f 61 390 391
f 58 62 63
f 62 391 64
f 62 64 63
f 64 391 424
f 63 64 65
f 64 424 66
f 64 66 65
f 66 424 453
f 65 66 67
f 66 453 68
f 66 68 67
f 68 453 476
f 67 68 69
f 68 476 70
f 68 70 69
f 70 476 484
f 69 70 71
f 70 484 72
f 70 72 71
f 72 484 492
f 71 72 73
f 72 492 74
f 72 74 73
f 74 492 532
f 73 74 75
f 74 532 76
f 74 76 75
f 76 532 540
f 75 76 77
f 76 540 78
f 76 78 77
f 78 540 545
f 77 78 79
f 78 545 85
f 78 85 79
f 85 545 553
f 79 85 80
f 80 85 86
f 80 86 81
f 81 87 82
f 81 86 87
f 82 88 83
f 82 87 88
f 83 88 89
f 83 89 84
f 85 553 86
f 86 554 87
f 86 553 554
f 87 555 88
f 87 554 555
f 88 555 558
f 88 558 89
f 84 94 90
f 84 89 94
f 89 559 94
f 89 558 559
f 90 95 91
f 90 94 95
f 91 95 96
f 91 96 92
f 92 97 93
f 92 96 97
f 94 571 95
f 94 559 571
f 95 571 572
f 95 572 96
f 96 573 97
f 96 572 573
f 93 97 99
f 97 573 592
f 93 99 98
f 97 592 99
f 98 99 110
f 99 592 826
f 98 110 109
f 99 826 110
f 109 110 112
f 110 826 831
f 109 112 111
f 110 831 112
f 111 112 114
f 112 831 839
f 111 114 113
f 112 839 114
f 113 114 117
f 114 839 847
f 113 117 115
f 115 117 116
f 114 847 117
f 116 117 119
f 117 847 858
f 116 119 118
f 117 858 119
f 118 119 121
f 119 858 866
f 118 121 120
f 119 866 121
f 120 121 123
f 121 866 927
f 120 123 122
f 121 927 123
f 122 123 127
f 123 927 935
f 122 127 124
f 123 935 127
f 124 127 125
f 125 127 128
f 125 128 126
f 126 130 129
f 126 128 130
f 127 935 128
f 128 936 130
f 128 935 936
f 129 131 132
f 129 130 131
f 130 938 131
f 130 936 938
f 131 938 941
f 131 135 132
f 132 135 134
f 133 134 136
f 134 135 136
f 133 136 140
f 131 941 135
f 135 942 136
f 135 941 942
f 136 942 955
f 133 140 137
f 137 141 138
f 137 140 141
f 138 141 142
f 138 142 139
f 136 955 140
f 140 956 141
f 140 955 956
f 141 956 957
f 141 957 142
f 139 142 144
f 142 957 972
f 139 144 143
f 142 972 144
f 143 144 146
f 144 972 980
f 143 146 145
f 144 980 146
f 145 146 148
f 146 980 988
f 145 148 147
f 146 988 148
f 147 148 150
f 148 988 999
f 147 150 149
f 148 999 150
f 149 150 152
f 150 999 1007
f 149 152 151
f 150 1007 152
f 151 152 154
f 152 1007 1015
f 151 154 153
f 152 1015 154
f 153 154 158
f 154 1015 1056
f 153 158 157
f 154 1056 158
f 157 158 160
f 158 1056 1064
f 157 160 159
f 158 1064 160
f 159 160 163
f 160 1064 1072
f 159 163 161
f 160 1072 163
f 161 163 162
f 162 164 165
f 162 163 164
f 163 1072 164
f 164 1072 1073
f 165 169 166
f 164 169 165
f 166 169 170
f 166 170 167
f 167 171 168
f 167 170 171
f 168 171 175
f 164 1073 169
f 169 1076 170
f 169 1073 1076
f 170 1076 1077
f 170 1077 171
f 171 1078 175
f 171 1077 1078
f 168 175 172
f 172 176 174
f 172 175 176
f 174 176 178
f 173 177 179
f 173 174 178
f 173 178 177
f 175 1083 176
f 176 1084 178
f 175 1078 1083
f 176 1083 1084
f 177 178 1085
f 178 1084 1085
f 177 181 179
f 177 1085 1110
f 179 181 180
f 177 1110 181
f 180 181 183
f 181 1110 1118
f 180 183 182
f 181 1118 183
f 182 183 185
f 183 1118 1139
f 182 185 184
f 183 1139 185
f 184 185 187
f 185 1139 1142
f 184 187 186
f 185 1142 187
f 186 187 189
f 187 1142 1150
f 186 189 188
f 187 1150 189
f 189 1150 1164
f 188 189 191
f 188 191 190
f 189 1164 191
f 190 191 193
f 191 1164 1169
f 190 193 192
f 191 1169 193
f 192 193 195
f 193 1169 1177
f 192 195 194
f 193 1177 195
f 194 195 2815
f 195 1177 3812
f 194 2815 2814
f 195 3812 2815
f 310 311 312
f 311 313 312
f 311 314 313
f 312 313 319
f 313 314 317
f 313 317 320
f 314 315 317
f 315 316 318
f 315 318 317
f 317 318 325
f 316 322 318
f 313 320 319
f 319 320 323
f 317 325 320
f 316 321 322
f 318 322 326
f 320 325 324
f 320 324 323
f 323 324 339
f 324 325 328
f 324 328 340
f 318 326 325
f 325 326 328
f 322 327 326
f 326 327 329
f 326 329 328
f 328 329 343
f 327 330 329
f 321 332 322
f 322 332 327
f 321 331 332
f 331 333 332
f 331 334 333
f 333 334 337
f 327 332 335
f 332 333 335
f 333 337 336
f 333 336 335
f 327 335 330
f 330 335 356
f 335 336 356
f 336 357 356
f 336 338 357
f 336 337 338
f 324 340 339
f 339 340 341
f 328 343 340
f 340 343 342
f 340 342 341
f 341 342 348
f 342 343 346
f 329 344 343
f 329 330 344
f 330 345 344
f 343 344 346
f 344 347 346
f 344 345 347
f 345 353 347
f 342 349 348
f 342 346 349
f 346 352 349
f 348 349 350
f 349 351 350
f 349 352 351
f 351 352 375
f 346 347 352
f 347 354 352
f 347 353 354
f 353 355 354
f 352 354 375
f 354 376 375
f 354 355 376
f 330 356 345
f 345 356 358
f 356 357 358
f 357 360 359
f 345 358 353
f 353 358 362
f 357 359 358
f 358 359 362
f 338 360 357
f 359 360 361
f 353 362 355
f 359 363 362
f 359 361 363
f 362 363 364
f 355 362 364
f 355 364 377
f 363 365 364
f 363 366 365
f 361 366 363
f 365 366 413
f 334 367 337
f 337 368 338
f 338 369 360
f 337 367 368
f 338 368 369
f 367 438 368
f 360 370 361
f 360 369 370
f 368 439 369
f 361 370 371
f 361 371 366
f 366 372 413
f 366 371 372
f 369 440 370
f 370 441 371
f 371 442 372
f 350 351 373
f 351 374 373
f 351 375 374
f 374 375 378
f 373 374 379
f 374 385 379
f 374 378 385
f 375 376 378
f 355 377 376
f 376 377 382
f 376 382 378
f 379 385 380
f 364 411 377
f 364 365 411
f 378 382 396
f 377 383 382
f 380 386 381
f 381 387 384
f 380 385 386
f 381 386 387
f 384 387 392
f 378 396 385
f 385 396 386
f 386 397 387
f 386 396 397
f 387 397 399
f 384 392 388
f 388 393 389
f 388 392 393
f 389 394 390
f 389 393 394
f 390 395 391
f 390 394 395
f 387 399 392
f 392 400 393
f 393 402 394
f 392 399 400
f 393 400 402
f 394 404 395
f 394 402 404
f 382 398 396
f 396 398 397
f 382 383 398
f 383 407 398
f 397 401 399
f 399 403 400
f 397 398 401
f 399 401 403
f 400 405 402
f 398 407 401
f 400 403 405
f 402 406 404
f 402 405 406
f 401 408 403
f 401 407 408
f 403 408 409
f 403 409 405
f 405 410 406
f 405 409 410
f 365 413 412
f 365 412 411
f 377 411 383
f 383 411 415
f 411 412 415
f 412 416 415
f 412 414 416
f 412 413 414
f 383 415 407
f 407 415 417
f 415 416 417
f 416 422 420
f 407 417 408
f 408 418 409
f 408 417 418
f 409 418 419
f 409 419 410
f 416 420 417
f 417 420 418
f 418 421 419
f 418 420 421
f 420 423 421
f 414 422 416
f 420 422 423
f 391 395 424
f 395 404 425
f 404 406 426
f 406 410 427
f 395 425 424
f 404 426 425
f 406 427 426
f 410 428 427
f 410 419 428
f 419 421 429
f 421 423 430
f 419 429 428
f 421 430 429
f 423 431 430
f 413 432 414
f 372 432 413
f 414 432 433
f 414 433 422
f 422 434 423
f 422 433 434
f 372 448 432
f 432 449 433
f 433 450 434
f 423 434 471
f 423 471 431
f 368 438 439
f 369 439 440
f 438 443 439
f 439 444 440
f 439 443 444
f 370 440 441
f 371 441 442
f 372 442 448
f 440 445 441
f 440 444 445
f 441 445 446
f 441 446 442
f 442 447 448
f 442 446 447
f 443 463 444
f 444 463 464
f 444 464 445
f 445 465 446
f 446 466 447
f 445 464 465
f 446 465 466
f 447 466 511
f 432 448 449
f 433 449 450
f 448 451 449
f 449 452 450
f 447 451 448
f 449 451 452
f 434 450 514
f 447 511 451
f 451 512 452
f 451 511 512
f 424 425 453
f 425 426 454
f 426 427 455
f 427 428 456
f 425 454 453
f 426 455 454
f 427 456 455
f 428 472 456
f 428 429 472
f 429 430 473
f 430 431 474
f 429 473 472
f 430 474 473
f 431 475 474
f 463 504 464
f 464 505 465
f 464 504 505
f 450 452 516
f 434 514 471
f 450 516 514
f 453 454 476
f 454 455 477
f 455 456 478
f 456 472 479
f 472 473 480
f 454 477 476
f 455 478 477
f 456 479 478
f 472 480 479
f 476 477 484
f 477 478 485
f 473 474 481
f 474 475 482
f 473 481 480
f 474 482 481
f 475 483 482
f 478 479 486
f 479 480 487
f 480 481 488
f 481 482 489
f 482 483 490
f 431 500 475
f 475 501 483
f 477 485 484
f 478 486 485
f 479 487 486
f 480 488 487
f 484 485 492
f 485 486 493
f 486 487 494
f 487 488 495
f 481 489 488
f 482 490 489
f 483 491 490
f 488 489 496
f 485 493 492
f 486 494 493
f 489 490 497
f 490 491 498
f 487 495 494
f 488 496 495
f 492 493 532
f 493 494 533
f 493 533 532
f 494 534 533
f 494 495 534
f 495 496 535
f 495 535 534
f 489 497 496
f 490 498 497
f 491 499 498
f 496 497 536
f 497 498 537
f 498 499 538
f 496 536 535
f 497 537 536
f 483 502 491
f 491 503 499
f 499 600 539
f 431 471 500
f 475 500 501
f 483 501 502
f 491 502 503
f 499 503 600
f 465 506 466
f 466 507 511
f 465 505 506
f 466 506 507
f 504 508 505
f 505 509 506
f 505 508 509
f 506 510 507
f 506 509 510
f 507 510 515
f 508 518 509
f 509 519 510
f 510 520 515
f 511 513 512
f 452 512 517
f 507 513 511
f 452 517 516
f 471 514 526
f 507 515 513
f 512 513 523
f 512 523 517
f 513 515 524
f 514 516 527
f 514 527 526
f 509 518 519
f 510 519 520
f 518 521 519
f 519 522 520
f 519 521 522
f 521 615 522
f 513 524 523
f 515 520 617
f 516 517 525
f 517 523 618
f 516 525 527
f 515 617 524
f 520 522 619
f 520 619 617
f 517 618 525
f 523 524 622
f 471 526 500
f 500 528 501
f 501 529 502
f 500 526 528
f 501 528 529
f 502 530 503
f 526 628 528
f 526 527 628
f 525 630 527
f 503 531 600
f 502 529 530
f 503 530 531
f 528 629 529
f 528 628 629
f 529 631 530
f 530 632 531
f 529 629 631
f 530 631 632
f 531 632 656
f 532 533 540
f 533 534 541
f 534 535 542
f 533 541 540
f 534 542 541
f 535 536 543
f 535 543 542
f 536 544 543
f 498 538 537
f 499 539 538
f 536 537 544
f 537 538 548
f 538 539 549
f 537 548 544
f 538 549 548
f 539 550 549
f 540 541 545
f 541 542 546
f 542 543 547
f 543 544 551
f 541 546 545
f 542 547 546
f 543 551 547
f 544 552 551
f 544 548 552
f 548 549 568
f 549 550 569
f 548 568 552
f 549 569 568
f 550 570 569
f 539 601 550
f 550 602 570
f 545 546 553
f 546 547 556
f 547 551 562
f 551 552 565
f 546 556 553
f 547 562 556
f 553 556 554
f 554 556 557
f 554 557 555
f 555 557 560
f 556 562 557
f 555 560 558
f 558 561 559
f 558 560 561
f 557 563 560
f 560 564 561
f 557 562 563
f 560 563 564
f 561 564 576
f 551 565 562
f 552 567 565
f 562 565 563
f 563 566 564
f 563 565 566
f 564 566 578
f 565 567 566
f 566 580 578
f 566 567 580
f 552 568 567
f 568 569 581
f 569 570 589
f 567 568 581
f 569 589 581
f 567 581 580
f 570 591 589
f 559 574 571
f 559 561 574
f 571 575 572
f 572 582 573
f 571 574 575
f 572 575 582
f 561 576 574
f 574 577 575
f 575 583 582
f 574 576 577
f 575 577 583
f 564 578 576
f 576 579 577
f 576 578 579
f 578 585 579
f 578 580 585
f 573 582 593
f 582 583 594
f 577 584 583
f 577 579 584
f 579 586 584
f 579 585 586
f 583 584 595
f 584 586 596
f 573 593 592
f 582 594 593
f 583 595 594
f 584 596 595
f 580 587 585
f 580 581 587
f 585 587 588
f 585 588 586
f 581 589 587
f 587 589 590
f 587 590 588
f 589 591 590
f 586 588 597
f 588 590 598
f 590 591 599
f 586 597 596
f 588 598 597
f 590 599 598
f 598 599 830
f 570 603 591
f 591 822 599
f 539 600 601
f 550 601 602
f 570 602 603
f 591 603 822
f 592 593 827
f 593 594 823
f 592 827 826
f 593 823 827
f 594 595 824
f 595 596 825
f 594 824 823
f 595 825 824
f 596 597 828
f 597 598 829
f 596 828 825
f 597 829 828
f 598 830 829
f 600 604 601
f 531 604 600
f 601 605 602
f 601 604 605
f 602 605 877
f 602 877 603
f 531 656 604
f 604 895 605
f 604 656 895
f 522 615 620
f 615 616 620
f 522 620 619
f 524 617 623
f 523 622 618
f 524 623 622
f 617 619 624
f 617 624 623
f 618 622 634
f 616 626 620
f 619 620 627
f 616 625 626
f 619 627 624
f 622 623 635
f 620 626 627
f 623 624 652
f 624 627 646
f 623 652 635
f 527 630 628
f 525 618 633
f 525 633 630
f 618 634 633
f 628 630 636
f 628 636 629
f 629 637 631
f 631 638 632
f 632 886 656
f 622 635 634
f 630 633 653
f 629 636 637
f 630 653 636
f 633 634 654
f 633 654 653
f 631 637 638
f 632 638 886
f 625 644 626
f 625 643 644
f 626 645 627
f 624 646 652
f 626 644 645
f 627 645 646
f 643 650 644
f 644 651 645
f 643 649 650
f 645 892 646
f 644 650 651
f 645 651 892
f 649 1253 650
f 634 635 655
f 635 652 890
f 634 655 654
f 636 887 637
f 636 653 887
f 635 890 655
f 646 893 652
f 653 654 891
f 654 655 894
f 653 891 887
f 652 893 890
f 646 892 893
f 599 822 855
f 826 827 832
f 823 833 827
f 826 832 831
f 827 833 832
f 823 824 834
f 824 825 835
f 823 834 833
f 825 828 836
f 828 829 837
f 829 830 838
f 824 835 834
f 825 836 835
f 828 837 836
f 829 838 837
f 831 832 840
f 832 833 842
f 833 834 841
f 834 835 843
f 835 836 844
f 836 837 845
f 837 838 846
f 599 855 830
f 830 856 838
f 831 840 839
f 832 842 840
f 833 841 842
f 834 843 841
f 835 844 843
f 836 845 844
f 837 846 845
f 838 857 846
f 839 840 848
f 840 842 849
f 841 850 842
f 841 843 851
f 843 844 852
f 844 845 853
f 845 846 854
f 839 848 847
f 840 849 848
f 842 850 849
f 841 851 850
f 847 848 859
f 848 849 860
f 849 850 861
f 850 851 862
f 843 852 851
f 844 853 852
f 845 854 853
f 851 852 863
f 846 874 854
f 830 855 856
f 838 856 857
f 846 857 874
f 847 859 858
f 848 860 859
f 849 861 860
f 852 853 864
f 852 864 863
f 853 865 864
f 853 854 865
f 850 862 861
f 858 859 867
f 859 860 868
f 860 861 869
f 851 863 862
f 861 862 870
f 858 867 866
f 859 868 867
f 860 869 868
f 861 870 869
f 862 863 871
f 863 864 872
f 864 865 873
f 862 871 870
f 863 872 871
f 864 873 872
f 854 875 865
f 865 876 873
f 854 874 875
f 865 875 876
f 873 876 954
f 603 878 822
f 822 879 855
f 603 877 878
f 822 878 879
f 605 896 877
f 605 895 896
f 877 897 878
f 877 896 897
f 878 898 879
f 878 897 898
f 879 898 904
f 855 880 856
f 856 881 857
f 855 879 880
f 856 880 881
f 879 904 880
f 857 882 874
f 857 881 882
f 874 883 875
f 874 882 883
f 875 884 876
f 876 885 954
f 875 883 884
f 876 884 885
f 880 905 881
f 881 906 882
f 880 904 905
f 881 905 906
f 882 906 907
f 882 907 883
f 883 917 884
f 883 907 917
f 884 918 885
f 884 917 918
f 885 918 1037
f 650 1257 651
f 637 888 638
f 638 889 886
f 637 887 888
f 638 888 889
f 886 889 910
f 654 894 891
f 655 890 1259
f 651 1258 892
f 890 893 1261
f 892 1260 893
f 655 1259 894
f 890 1261 1259
f 891 894 1264
f 887 1262 888
f 888 1263 889
f 887 891 1262
f 888 1262 1263
f 889 1299 910
f 889 1263 1299
f 656 899 895
f 895 900 896
f 896 901 897
f 897 902 898
f 656 886 899
f 895 899 900
f 896 900 901
f 897 901 902
f 898 903 904
f 898 902 903
f 904 908 905
f 905 909 906
f 906 919 907
f 903 908 904
f 905 908 909
f 906 909 919
f 886 910 899
f 899 911 900
f 900 912 901
f 899 910 911
f 900 911 912
f 910 1300 911
f 910 1299 1300
f 901 913 902
f 902 914 903
f 901 912 913
f 902 913 914
f 903 914 915
f 911 1301 912
f 911 1300 1301
f 912 1301 1302
f 912 1302 913
f 913 1303 914
f 913 1302 1303
f 914 1304 915
f 914 1303 1304
f 903 915 908
f 908 916 909
f 908 915 916
f 915 1313 916
f 915 1304 1313
f 907 920 917
f 917 921 918
f 918 922 1037
f 907 919 920
f 917 920 921
f 918 921 922
f 909 923 919
f 909 916 923
f 919 924 920
f 920 925 921
f 919 923 924
f 920 924 925
f 921 926 922
f 922 926 1046
f 921 925 926
f 916 1314 923
f 916 1313 1314
f 923 1314 1315
f 923 1315 924
f 924 1316 925
f 925 1320 926
f 924 1315 1316
f 925 1316 1320
f 926 1321 1046
f 926 1320 1321
f 866 867 928
f 867 868 929
f 866 928 927
f 867 929 928
f 868 869 930
f 869 870 931
f 868 930 929
f 869 931 930
f 870 871 932
f 871 872 933
f 872 873 934
f 870 932 931
f 871 933 932
f 872 934 933
f 927 928 937
f 928 929 944
f 927 937 935
f 928 944 937
f 929 930 946
f 930 931 948
f 929 946 944
f 931 932 953
f 932 933 969
f 933 934 971
f 935 937 936
f 936 939 938
f 938 940 941
f 936 937 939
f 938 939 940
f 937 944 939
f 939 945 940
f 939 944 945
f 940 945 949
f 941 943 942
f 942 958 955
f 940 943 941
f 942 943 958
f 940 949 943
f 943 950 958
f 943 949 950
f 930 948 946
f 944 946 945
f 945 946 947
f 945 947 949
f 946 948 947
f 947 948 952
f 949 951 950
f 947 951 949
f 947 952 951
f 951 952 965
f 931 953 948
f 932 969 953
f 933 971 969
f 948 953 952
f 952 953 967
f 953 969 967
f 873 954 934
f 934 994 971
f 934 954 994
f 955 959 956
f 956 960 957
f 955 958 959
f 956 959 960
f 958 961 959
f 959 964 960
f 950 961 958
f 959 961 964
f 950 962 961
f 961 963 964
f 950 951 962
f 961 962 963
f 951 965 962
f 962 966 963
f 962 965 966
f 960 964 975
f 963 976 964
f 963 966 974
f 957 960 973
f 960 975 973
f 964 976 975
f 963 974 976
f 952 967 965
f 965 968 966
f 965 967 968
f 967 970 968
f 967 969 970
f 969 971 970
f 970 971 979
f 966 968 977
f 968 970 978
f 966 977 974
f 968 978 977
f 970 979 978
f 957 973 972
f 972 973 981
f 973 975 982
f 975 976 983
f 974 984 976
f 974 977 985
f 977 978 986
f 978 979 987
f 971 995 979
f 979 996 987
f 972 981 980
f 973 982 981
f 975 983 982
f 976 984 983
f 974 985 984
f 977 986 985
f 978 987 986
f 980 981 997
f 981 982 998
f 982 983 989
f 983 984 990
f 982 989 998
f 983 990 989
f 980 997 988
f 981 998 997
f 984 985 991
f 985 986 992
f 986 993 992
f 986 987 993
f 984 991 990
f 985 992 991
f 987 1023 993
f 971 994 995
f 979 995 996
f 987 996 1023
f 988 997 1000
f 997 998 1001
f 989 1002 998
f 989 990 1003
f 988 1000 999
f 997 1001 1000
f 998 1002 1001
f 989 1003 1002
f 991 992 1005
f 990 991 1004
f 992 993 1006
f 990 1004 1003
f 992 1006 1005
f 991 1005 1004
f 999 1000 1008
f 1000 1001 1010
f 1001 1002 1011
f 1002 1003 1009
f 1003 1004 1014
f 1004 1005 1012
f 1005 1006 1013
f 993 1024 1006
f 999 1008 1007
f 1000 1010 1008
f 1001 1011 1010
f 1002 1009 1011
f 1007 1008 1016
f 1008 1010 1017
f 1010 1011 1018
f 1009 1019 1011
f 1003 1014 1009
f 1004 1012 1014
f 1005 1013 1012
f 1009 1014 1020
f 1012 1021 1014
f 1012 1013 1022
f 1007 1016 1015
f 1008 1017 1016
f 1010 1018 1017
f 1011 1019 1018
f 1012 1022 1021
f 1009 1020 1019
f 1014 1021 1020
f 1006 1025 1013
f 1013 1054 1022
f 993 1023 1024
f 1006 1024 1025
f 1013 1025 1054
f 954 1027 994
f 994 1026 995
f 885 1027 954
f 994 1027 1026
f 995 1028 996
f 995 1026 1028
f 885 1037 1027
f 1026 1027 1038
f 1026 1039 1028
f 1027 1037 1038
f 1026 1038 1039
f 996 1028 1029
f 996 1029 1023
f 1023 1030 1024
f 1023 1029 1030
f 1024 1031 1025
f 1024 1030 1031
f 1025 1031 1133
f 1028 1040 1029
f 1028 1039 1040
f 1029 1041 1030
f 1030 1203 1031
f 1029 1040 1041
f 1030 1041 1203
f 1037 1042 1038
f 922 1042 1037
f 1038 1043 1039
f 1039 1044 1040
f 1040 1045 1041
f 1038 1042 1043
f 1039 1043 1044
f 1042 1047 1043
f 1040 1044 1045
f 1043 1048 1044
f 1044 1217 1045
f 1041 1045 1207
f 922 1046 1042
f 1042 1046 1047
f 1043 1047 1048
f 1044 1048 1217
f 1046 1780 1047
f 1046 1321 1780
f 1047 1781 1048
f 1048 1915 1217
f 1047 1780 1781
f 1048 1781 1915
f 1022 1054 1055
f 1015 1016 1057
f 1016 1017 1058
f 1017 1018 1059
f 1018 1019 1060
f 1015 1057 1056
f 1016 1058 1057
f 1017 1059 1058
f 1018 1060 1059
f 1019 1020 1061
f 1020 1021 1062
f 1021 1022 1063
f 1019 1061 1060
f 1020 1062 1061
f 1021 1063 1062
f 1056 1057 1065
f 1057 1058 1066
f 1058 1059 1067
f 1059 1060 1068
f 1056 1065 1064
f 1057 1066 1065
f 1058 1067 1066
f 1059 1068 1067
f 1060 1061 1069
f 1062 1063 1071
f 1061 1062 1070
f 1060 1069 1068
f 1061 1070 1069
f 1062 1071 1070
f 1022 1055 1063
f 1064 1065 1074
f 1065 1066 1075
f 1066 1067 1090
f 1067 1068 1095
f 1068 1069 1102
f 1069 1070 1105
f 1070 1071 1107
f 1064 1074 1072
f 1065 1075 1074
f 1072 1074 1073
f 1073 1074 1079
f 1074 1075 1079
f 1066 1090 1075
f 1067 1095 1090
f 1073 1079 1076
f 1076 1080 1077
f 1076 1079 1080
f 1077 1081 1078
f 1078 1082 1083
f 1077 1080 1081
f 1078 1081 1082
f 1079 1088 1080
f 1075 1088 1079
f 1080 1088 1089
f 1080 1089 1081
f 1081 1092 1082
f 1082 1092 1099
f 1081 1089 1092
f 1083 1086 1084
f 1082 1086 1083
f 1084 1086 1087
f 1084 1087 1085
f 1082 1099 1086
f 1086 1100 1087
f 1086 1099 1100
f 1075 1090 1088
f 1088 1091 1089
f 1088 1090 1091
f 1089 1091 1093
f 1089 1093 1092
f 1092 1094 1099
f 1092 1093 1094
f 1090 1095 1091
f 1091 1096 1093
f 1091 1095 1096
f 1093 1097 1094
f 1093 1096 1097
f 1094 1097 1098
f 1099 1101 1100
f 1094 1101 1099
f 1094 1098 1101
f 1068 1102 1095
f 1069 1105 1102
f 1070 1107 1105
f 1095 1102 1096
f 1096 1102 1103
f 1096 1103 1097
f 1097 1103 1104
f 1097 1104 1098
f 1102 1105 1103
f 1103 1105 1106
f 1105 1107 1106
f 1103 1106 1104
f 1063 1108 1071
f 1071 1130 1107
f 1055 1108 1063
f 1071 1108 1130
f 1085 1087 1111
f 1087 1100 1112
f 1098 1114 1101
f 1100 1101 1113
f 1085 1111 1110
f 1087 1112 1111
f 1100 1113 1112
f 1101 1114 1113
f 1098 1104 1115
f 1104 1106 1116
f 1106 1107 1109
f 1098 1115 1114
f 1104 1116 1115
f 1106 1109 1116
f 1111 1112 1120
f 1110 1111 1119
f 1112 1113 1121
f 1113 1114 1117
f 1109 1124 1116
f 1114 1115 1122
f 1115 1116 1123
f 1115 1123 1122
f 1116 1124 1123
f 1107 1131 1109
f 1110 1119 1118
f 1111 1120 1119
f 1112 1121 1120
f 1113 1117 1121
f 1117 1126 1121
f 1114 1122 1117
f 1117 1122 1127
f 1122 1123 1128
f 1123 1124 1129
f 1118 1119 1140
f 1119 1120 1141
f 1120 1121 1125
f 1121 1126 1125
f 1118 1140 1139
f 1119 1141 1140
f 1120 1125 1141
f 1117 1127 1126
f 1122 1128 1127
f 1123 1129 1128
f 1109 1132 1124
f 1124 1161 1129
f 1107 1130 1131
f 1109 1131 1132
f 1124 1132 1161
f 1131 1138 1132
f 1132 1188 1161
f 1025 1133 1054
f 1054 1134 1055
f 1054 1133 1134
f 1055 1134 1135
f 1031 1204 1133
f 1133 1205 1134
f 1031 1203 1204
f 1133 1204 1205
f 1134 1206 1135
f 1134 1205 1206
f 1055 1135 1108
f 1108 1136 1130
f 1108 1135 1136
f 1135 1206 1212
f 1130 1136 1137
f 1130 1137 1131
f 1131 1137 1138
f 1132 1138 1188
f 1135 1212 1136
f 1136 1213 1137
f 1136 1212 1213
f 1137 1214 1138
f 1138 1191 1188
f 1137 1213 1214
f 1138 1214 1191
f 1139 1140 1143
f 1140 1141 1145
f 1125 1144 1141
f 1125 1126 1146
f 1139 1143 1142
f 1140 1145 1143
f 1125 1146 1144
f 1141 1144 1145
f 1126 1127 1147
f 1127 1128 1148
f 1128 1129 1149
f 1127 1148 1147
f 1128 1149 1148
f 1126 1147 1146
f 1142 1143 1151
f 1143 1145 1152
f 1144 1153 1145
f 1144 1146 1154
f 1146 1147 1156
f 1147 1148 1157
f 1148 1149 1155
f 1129 1162 1149
f 1142 1151 1150
f 1143 1152 1151
f 1144 1154 1153
f 1145 1153 1152
f 1146 1156 1154
f 1148 1155 1157
f 1147 1157 1156
f 1155 1160 1157
f 1150 1151 1165
f 1151 1152 1166
f 1152 1153 1167
f 1153 1154 1168
f 1154 1156 1158
f 1156 1157 1159
f 1149 1163 1155
f 1155 1185 1160
f 1150 1165 1164
f 1151 1166 1165
f 1152 1167 1166
f 1153 1168 1167
f 1157 1160 1159
f 1154 1158 1168
f 1156 1159 1158
f 1129 1161 1162
f 1149 1162 1163
f 1161 1189 1162
f 1155 1163 1185
f 1162 1190 1163
f 1163 1194 1185
f 1164 1165 1170
f 1165 1166 1171
f 1166 1167 1172
f 1167 1168 1173
f 1164 1170 1169
f 1165 1171 1170
f 1166 1172 1171
f 1167 1173 1172
f 1158 1174 1168
f 1158 1159 1175
f 1159 1160 1176
f 1168 1174 1173
f 1159 1176 1175
f 1158 1175 1174
f 1169 1170 1178
f 1170 1171 1179
f 1171 1172 1180
f 1172 1173 1181
f 1173 1174 1182
f 1174 1175 1183
f 1175 1176 1184
f 1160 1186 1176
f 1169 1178 1177
f 1170 1179 1178
f 1171 1180 1179
f 1172 1181 1180
f 1173 1182 1181
f 1174 1183 1182
f 1175 1184 1183
f 1177 1178 3813
f 1178 1179 3814
f 1179 1180 3815
f 1180 1181 3816
f 1177 3813 3812
f 1178 3814 3813
f 1179 3815 3814
f 1180 3816 3815
f 1181 1182 3817
f 1182 1183 3818
f 1183 1184 3819
f 1181 3817 3816
f 1182 3818 3817
f 1183 3819 3818
f 1176 1187 1184
f 1184 3838 3819
f 1160 1185 1186
f 1185 1195 1186
f 1186 1196 1187
f 1176 1186 1187
f 1184 1187 3838
f 1187 3861 3838
f 1161 1188 1189
f 1162 1189 1190
f 1163 1190 1194
f 1188 1192 1189
f 1188 1191 1192
f 1189 1193 1190
f 1190 1197 1194
f 1189 1192 1193
f 1190 1193 1197
f 1185 1194 1195
f 1186 1195 1196
f 1187 1196 3861
f 1194 1198 1195
f 1194 1197 1198
f 1195 1198 1199
f 1195 1199 1196
f 1196 3865 3861
f 1196 1199 3865
f 1041 1207 1203
f 1203 1208 1204
f 1204 1209 1205
f 1205 1210 1206
f 1203 1207 1208
f 1045 1218 1207
f 1207 1219 1208
f 1204 1208 1209
f 1205 1209 1210
f 1208 1220 1209
f 1209 1224 1210
f 1206 1211 1212
f 1206 1210 1211
f 1210 1225 1211
f 1211 1226 1215
f 1212 1215 1213
f 1211 1215 1212
f 1213 1216 1214
f 1213 1215 1216
f 1214 1216 1231
f 1215 1227 1216
f 1045 1217 1218
f 1207 1218 1219
f 1208 1219 1220
f 1209 1220 1224
f 1217 1221 1218
f 1217 1915 1221
f 1218 1222 1219
f 1219 1223 1220
f 1218 1221 1222
f 1219 1222 1223
f 1210 1224 1225
f 1211 1225 1226
f 1215 1226 1227
f 1226 1237 1227
f 1220 1228 1224
f 1224 1229 1225
f 1220 1223 1228
f 1224 1228 1229
f 1225 1230 1226
f 1225 1229 1230
f 1226 1230 1237
f 1191 1214 1231
f 1191 1232 1192
f 1191 1231 1232
f 1192 1233 1193
f 1193 1234 1197
f 1192 1232 1233
f 1193 1233 1234
f 1216 1240 1231
f 1231 1241 1232
f 1232 1242 1233
f 1232 1241 1242
f 1233 1242 1244
f 1197 1235 1198
f 1197 1234 1235
f 1198 1235 1236
f 1198 1236 1199
f 1199 3902 3865
f 1199 1236 3902
f 1233 1244 1234
f 1234 1244 1245
f 1234 1245 1235
f 1235 1246 1236
f 1235 1245 1246
f 1236 1246 3912
f 1236 3912 3902
f 1227 1238 1240
f 1227 1237 1238
f 1238 1239 1240
f 1216 1227 1240
f 1231 1240 1241
f 1239 1241 1240
f 1241 1243 1242
f 1239 1243 1241
f 1242 1243 1247
f 1242 1247 1244
f 1244 1248 1245
f 1245 1249 1246
f 1246 3916 3912
f 1244 1247 1248
f 1243 1944 1247
f 1247 1945 1248
f 1245 1248 1249
f 1246 1249 3916
f 1248 1946 1249
f 1249 4504 3916
f 649 1252 1253
f 650 1253 1257
f 1252 1255 1253
f 1252 1254 1255
f 1253 1255 1265
f 1254 1276 1255
f 1254 1275 1276
f 651 1257 1258
f 892 1258 1260
f 893 1260 1261
f 894 1259 1269
f 1253 1265 1257
f 1257 1266 1258
f 1258 1267 1260
f 1259 1261 1270
f 1260 1268 1261
f 1259 1270 1269
f 891 1264 1262
f 894 1269 1264
f 1262 1271 1263
f 1262 1264 1271
f 1263 1273 1299
f 1257 1265 1266
f 1258 1266 1267
f 1260 1267 1268
f 1261 1268 1270
f 1255 1277 1265
f 1265 1278 1266
f 1255 1276 1277
f 1265 1277 1278
f 1266 1279 1267
f 1267 1280 1268
f 1266 1278 1279
f 1267 1279 1280
f 1264 1269 1272
f 1264 1272 1271
f 1263 1271 1273
f 1268 1285 1270
f 1269 1270 1286
f 1269 1286 1272
f 1271 1287 1273
f 1275 1288 1276
f 1268 1280 1285
f 1276 1289 1277
f 1275 1284 1288
f 1276 1288 1289
f 1277 1290 1278
f 1270 1285 1286
f 1278 1291 1279
f 1279 1295 1280
f 1277 1289 1290
f 1278 1290 1291
f 1279 1291 1295
f 1271 1272 1287
f 1273 1287 1309
f 1280 1296 1285
f 1285 1297 1286
f 1280 1295 1296
f 1285 1296 1297
f 1272 1286 1298
f 1272 1298 1287
f 1286 1297 1298
f 1284 1293 1288
f 1288 1294 1289
f 1289 1345 1290
f 1290 1353 1291
f 1284 1292 1293
f 1288 1293 1294
f 1289 1294 1345
f 1290 1345 1353
f 1291 1354 1295
f 1295 1355 1296
f 1296 1358 1297
f 1291 1353 1354
f 1295 1354 1355
f 1287 1521 1309
f 1287 1298 1521
f 1296 1355 1358
f 1297 1359 1298
f 1297 1358 1359
f 1298 1359 1521
f 1299 1305 1300
f 1300 1306 1301
f 1301 1307 1302
f 1302 1308 1303
f 1303 1312 1304
f 1273 1305 1299
f 1300 1305 1306
f 1301 1306 1307
f 1273 1309 1305
f 1305 1310 1306
f 1306 1311 1307
f 1302 1307 1308
f 1303 1308 1312
f 1307 1326 1308
f 1305 1309 1310
f 1306 1310 1311
f 1307 1311 1326
f 1309 1522 1310
f 1310 1555 1311
f 1309 1521 1522
f 1310 1522 1555
f 1304 1312 1317
f 1308 1327 1312
f 1312 1328 1317
f 1304 1317 1313
f 1313 1318 1314
f 1314 1319 1315
f 1315 1323 1316
f 1313 1317 1318
f 1314 1318 1319
f 1317 1329 1318
f 1318 1330 1319
f 1315 1319 1323
f 1316 1324 1320
f 1320 1322 1321
f 1321 1325 1780
f 1316 1323 1324
f 1320 1324 1322
f 1319 1331 1323
f 1323 1332 1324
f 1322 1324 1333
f 1321 1322 1325
f 1322 1334 1325
f 1308 1326 1327
f 1312 1327 1328
f 1311 1555 1562
f 1311 1562 1326
f 1326 1564 1327
f 1326 1562 1564
f 1327 1565 1328
f 1327 1564 1565
f 1317 1328 1329
f 1318 1329 1330
f 1328 1586 1329
f 1328 1565 1586
f 1329 1586 1587
f 1319 1330 1331
f 1323 1331 1332
f 1324 1332 1333
f 1322 1333 1334
f 1325 1334 1924
f 1329 1587 1330
f 1330 1588 1331
f 1330 1587 1588
f 1331 1595 1332
f 1331 1588 1595
f 1332 1596 1333
f 1333 1704 1334
f 1332 1595 1596
f 1333 1596 1704
f 1292 1343 1293
f 1293 1343 1344
f 1293 1344 1294
f 1294 1346 1345
f 1345 1348 1353
f 1294 1344 1346
f 1345 1346 1348
f 1343 1349 1344
f 1344 1350 1346
f 1344 1349 1350
f 1349 1372 1350
f 1346 1350 1351
f 1346 1351 1348
f 1348 1352 1356
f 1348 1351 1352
f 1350 1373 1351
f 1353 1356 1354
f 1354 1357 1355
f 1348 1356 1353
f 1354 1356 1357
f 1355 1357 1360
f 1355 1360 1358
f 1358 1363 1359
f 1358 1360 1363
f 1359 1364 1521
f 1359 1363 1364
f 1364 1365 1521
f 1356 1361 1357
f 1352 1361 1356
f 1357 1362 1360
f 1357 1361 1362
f 1360 1362 1366
f 1360 1366 1363
f 1363 1367 1364
f 1364 1368 1365
f 1363 1366 1367
f 1364 1367 1368
f 1365 1368 1369
f 1365 1369 1432
f 1350 1372 1373
f 1351 1373 1374
f 1351 1374 1352
f 1372 1375 1373
f 1352 1374 1378
f 1373 1376 1374
f 1374 1377 1378
f 1373 1375 1376
f 1374 1376 1377
f 1377 1381 1378
f 1375 1411 1376
f 1376 1411 1446
f 1376 1446 1377
f 1377 1447 1381
f 1377 1446 1447
f 1352 1378 1361
f 1361 1379 1362
f 1361 1378 1379
f 1362 1380 1366
f 1362 1379 1380
f 1378 1381 1379
f 1379 1438 1380
f 1366 1433 1367
f 1367 1434 1368
f 1366 1380 1433
f 1367 1433 1434
f 1368 1435 1369
f 1379 1381 1438
f 1380 1439 1433
f 1368 1434 1435
f 1369 1437 1432
f 1369 1435 1436
f 1369 1436 1437
f 1432 1437 1570
f 1380 1438 1439
f 1381 1452 1438
f 1438 1453 1439
f 1439 1454 1440
f 1433 1440 1434
f 1434 1441 1435
f 1435 1442 1436
f 1433 1439 1440
f 1434 1440 1441
f 1435 1441 1442
f 1436 1442 1443
f 1436 1444 1437
f 1437 1445 1570
f 1436 1443 1444
f 1437 1444 1445
f 1440 1455 1441
f 1441 1456 1442
f 1442 1457 1443
f 1443 1459 1444
f 1444 1460 1445
f 1411 1448 1446
f 1446 1449 1447
f 1446 1448 1449
f 1447 1449 1461
f 1448 1450 1449
f 1449 1451 1461
f 1449 1450 1451
f 1381 1447 1452
f 1438 1452 1453
f 1439 1453 1454
f 1440 1454 1455
f 1447 1461 1452
f 1452 1462 1453
f 1452 1461 1462
f 1453 1463 1454
f 1454 1464 1455
f 1455 1465 1456
f 1453 1462 1463
f 1454 1463 1464
f 1456 1466 1457
f 1455 1464 1465
f 1456 1465 1466
f 1457 1466 1467
f 1441 1455 1456
f 1442 1456 1457
f 1443 1457 1458
f 1443 1458 1459
f 1444 1459 1460
f 1445 1460 1613
f 1457 1467 1458
f 1458 1477 1459
f 1458 1467 1476
f 1458 1476 1477
f 1459 1477 1478
f 1459 1478 1460
f 1460 1479 1613
f 1460 1478 1479
f 1461 1468 1462
f 1462 1469 1463
f 1463 1470 1464
f 1464 1471 1465
f 1465 1472 1466
f 1466 1473 1467
f 1467 1474 1476
f 1451 1468 1461
f 1462 1468 1469
f 1463 1469 1470
f 1464 1470 1471
f 1465 1471 1472
f 1466 1472 1473
f 1467 1473 1474
f 1474 1475 1476
f 1476 1480 1477
f 1477 1481 1478
f 1475 1480 1476
f 1477 1480 1481
f 1478 1482 1479
f 1478 1481 1482
f 1479 1482 1621
f 1450 1483 1451
f 1451 1484 1468
f 1451 1483 1484
f 1483 1488 1484
f 1484 1489 1491
f 1484 1488 1489
f 1489 1490 1491
f 1468 1491 1469
f 1469 1492 1470
f 1470 1493 1471
f 1471 1494 1472
f 1472 1495 1473
f 1473 1496 1474
f 1474 1503 1475
f 1468 1484 1491
f 1469 1491 1492
f 1470 1492 1493
f 1471 1493 1494
f 1472 1494 1495
f 1473 1495 1496
f 1474 1496 1503
f 1475 1503 1504
f 1475 1505 1480
f 1490 1492 1491
f 1492 1509 1493
f 1493 1510 1494
f 1475 1504 1505
f 1480 1506 1481
f 1481 1507 1482
f 1482 1508 1621
f 1480 1505 1506
f 1481 1506 1507
f 1482 1507 1508
f 1494 1511 1495
f 1495 1512 1496
f 1490 1509 1492
f 1493 1509 1510
f 1494 1510 1511
f 1495 1511 1512
f 1496 1512 1513
f 1496 1513 1503
f 1503 1514 1504
f 1504 1516 1505
f 1503 1513 1514
f 1504 1514 1515
f 1504 1515 1516
f 1505 1517 1506
f 1506 1518 1507
f 1505 1516 1517
f 1506 1517 1518
f 1507 1519 1508
f 1507 1518 1519
f 1508 1520 1634
f 1508 1519 1520
f 1365 1523 1521
f 1521 1556 1522
f 1521 1523 1556
f 1365 1432 1523
f 1432 1557 1523
f 1522 1556 1559
f 1522 1559 1555
f 1555 1563 1562
f 1555 1559 1563
f 1523 1558 1556
f 1523 1557 1558
f 1556 1558 1560
f 1556 1560 1559
f 1559 1561 1563
f 1559 1560 1561
f 1562 1563 1566
f 1562 1566 1564
f 1564 1568 1565
f 1564 1566 1568
f 1565 1568 1589
f 1563 1567 1566
f 1561 1567 1563
f 1566 1567 1569
f 1566 1569 1568
f 1568 1569 1590
f 1432 1570 1557
f 1557 1570 1571
f 1557 1572 1558
f 1557 1571 1572
f 1558 1573 1560
f 1558 1572 1573
f 1560 1573 1577
f 1560 1577 1561
f 1570 1574 1571
f 1445 1574 1570
f 1571 1574 1575
f 1571 1576 1572
f 1571 1575 1576
f 1445 1613 1574
f 1574 1614 1575
f 1575 1616 1576
f 1572 1578 1573
f 1572 1576 1578
f 1573 1579 1577
f 1573 1578 1579
f 1576 1617 1578
f 1578 1628 1579
f 1561 1580 1567
f 1561 1577 1580
f 1567 1580 1582
f 1567 1582 1569
f 1577 1581 1580
f 1577 1579 1581
f 1580 1584 1582
f 1580 1581 1584
f 1579 1648 1581
f 1568 1590 1589
f 1569 1583 1590
f 1569 1582 1583
f 1581 1649 1584
f 1582 1584 1585
f 1582 1585 1583
f 1584 1650 1585
f 1565 1589 1586
f 1586 1589 1591
f 1586 1591 1587
f 1587 1591 1593
f 1587 1593 1588
f 1588 1593 1597
f 1589 1592 1591
f 1589 1590 1592
f 1591 1594 1593
f 1591 1592 1594
f 1593 1594 1599
f 1588 1597 1595
f 1595 1597 1598
f 1595 1598 1596
f 1596 1598 1602
f 1596 1602 1704
f 1593 1599 1597
f 1597 1600 1598
f 1597 1599 1600
f 1598 1601 1602
f 1598 1600 1601
f 1601 1708 1602
f 1583 1603 1590
f 1590 1603 1592
f 1592 1603 1605
f 1592 1605 1594
f 1583 1604 1603
f 1583 1585 1604
f 1603 1604 1606
f 1585 1682 1604
f 1594 1608 1599
f 1594 1605 1608
f 1604 1683 1606
f 1603 1606 1605
f 1605 1606 1607
f 1605 1607 1608
f 1607 1611 1608
f 1606 1684 1607
f 1607 1685 1611
f 1599 1609 1600
f 1600 1610 1601
f 1599 1608 1609
f 1600 1609 1610
f 1601 1610 1711
f 1608 1611 1609
f 1609 1612 1610
f 1609 1611 1612
f 1611 1726 1612
f 1574 1613 1614
f 1575 1614 1615
f 1575 1615 1616
f 1613 1618 1614
f 1479 1618 1613
f 1614 1619 1615
f 1614 1618 1619
f 1615 1619 1620
f 1615 1625 1616
f 1615 1620 1625
f 1576 1616 1617
f 1578 1617 1628
f 1616 1626 1617
f 1616 1625 1626
f 1617 1651 1628
f 1617 1626 1651
f 1479 1621 1618
f 1618 1622 1619
f 1619 1623 1620
f 1618 1621 1622
f 1619 1622 1623
f 1620 1623 1624
f 1620 1624 1627
f 1620 1627 1625
f 1625 1647 1626
f 1625 1627 1647
f 1579 1628 1648
f 1621 1634 1622
f 1622 1635 1623
f 1508 1634 1621
f 1623 1636 1624
f 1622 1634 1635
f 1623 1635 1636
f 1624 1636 1637
f 1624 1659 1627
f 1624 1637 1659
f 1634 1638 1635
f 1520 1638 1634
f 1635 1638 1639
f 1635 1639 1636
f 1636 1640 1637
f 1636 1639 1640
f 1637 1640 1661
f 1626 1647 1653
f 1581 1648 1649
f 1628 1652 1648
f 1628 1651 1652
f 1648 1655 1649
f 1648 1652 1655
f 1584 1649 1650
f 1585 1650 1682
f 1649 1656 1650
f 1649 1655 1656
f 1650 1656 1686
f 1626 1653 1651
f 1651 1654 1652
f 1651 1653 1654
f 1652 1657 1655
f 1652 1654 1657
f 1655 1658 1656
f 1655 1657 1658
f 1656 1687 1686
f 1656 1658 1687
f 1627 1660 1647
f 1627 1659 1660
f 1647 1660 1664
f 1637 1662 1659
f 1637 1661 1662
f 1659 1663 1660
f 1659 1662 1663
f 1647 1664 1653
f 1653 1665 1654
f 1653 1664 1665
f 1654 1665 1667
f 1654 1667 1657
f 1660 1666 1664
f 1660 1663 1666
f 1664 1669 1665
f 1664 1666 1669
f 1657 1668 1658
f 1658 1694 1687
f 1657 1667 1668
f 1658 1668 1694
f 1665 1669 1670
f 1665 1670 1667
f 1667 1670 1671
f 1667 1671 1668
f 1668 1671 1696
f 1650 1686 1682
f 1604 1682 1683
f 1682 1686 1688
f 1682 1688 1683
f 1606 1683 1684
f 1607 1684 1685
f 1683 1690 1684
f 1683 1688 1690
f 1684 1720 1685
f 1684 1690 1720
f 1686 1689 1688
f 1686 1687 1689
f 1688 1722 1690
f 1688 1689 1722
f 1611 1685 1726
f 1687 1695 1689
f 1687 1694 1695
f 1689 1695 1745
f 1689 1745 1722
f 1668 1696 1694
f 1694 1750 1695
f 1694 1696 1750
f 1334 1706 1924
f 1334 1704 1706
f 1704 1705 1706
f 1602 1705 1704
f 1705 1707 1706
f 1602 1708 1705
f 1705 1708 1709
f 1705 1709 1707
f 1707 1709 1710
f 1709 1713 1710
f 1601 1711 1708
f 1708 1711 1712
f 1711 1715 1712
f 1708 1712 1709
f 1709 1712 1713
f 1712 1716 1713
f 1610 1714 1711
f 1610 1612 1714
f 1711 1714 1715
f 1612 1727 1714
f 1714 1728 1715
f 1712 1715 1716
f 1715 1729 1716
f 1713 1716 1718
f 1710 1713 1717
f 1713 1718 1717
f 1717 1718 1719
f 1716 1737 1718
f 1718 1737 1738
f 1718 1738 1719
f 1719 1738 1739
f 1685 1721 1726
f 1685 1720 1721
f 1690 1723 1720
f 1720 1724 1721
f 1721 1725 1730
f 1690 1722 1723
f 1720 1723 1724
f 1721 1724 1725
f 1612 1726 1727
f 1714 1727 1728
f 1715 1728 1729
f 1721 1730 1726
f 1726 1730 1727
f 1727 1731 1728
f 1727 1730 1731
f 1716 1729 1737
f 1728 1731 1732
f 1728 1732 1729
f 1729 1732 1733
f 1729 1733 1737
f 1730 1734 1731
f 1731 1735 1732
f 1732 1736 1733
f 1725 1734 1730
f 1731 1734 1735
f 1732 1735 1736
f 1733 1736 1741
f 1733 1742 1737
f 1737 1742 1738
f 1738 1742 1740
f 1738 1740 1739
f 1739 1740 1770
f 1733 1741 1742
f 1741 1743 1742
f 1740 1742 1743
f 1740 1744 1770
f 1740 1743 1744
f 1722 1746 1723
f 1723 1747 1724
f 1724 1748 1725
f 1722 1745 1746
f 1723 1746 1747
f 1724 1747 1748
f 1725 1748 1749
f 1695 1751 1745
f 1695 1750 1751
f 1745 1752 1746
f 1745 1751 1752
f 1746 1752 1753
f 1746 1753 1747
f 1747 1754 1748
f 1748 1755 1749
f 1747 1753 1754
f 1748 1754 1755
f 1749 1755 1756
f 1725 1749 1734
f 1734 1757 1735
f 1735 1761 1736
f 1734 1749 1757
f 1735 1757 1761
f 1749 1756 1757
f 1736 1762 1741
f 1741 1763 1743
f 1736 1761 1762
f 1741 1762 1763
f 1743 1763 1764
f 1743 1764 1744
f 1744 1764 1773
f 1764 1769 1773
f 1757 1765 1761
f 1761 1766 1762
f 1756 1765 1757
f 1761 1765 1766
f 1762 1766 1767
f 1762 1767 1763
f 1763 1767 1768
f 1763 1768 1764
f 1764 1768 1769
f 1744 1771 1770
f 1770 1771 2016
f 1771 1772 2016
f 1744 1773 1771
f 1771 1773 1774
f 1771 1774 1772
f 1773 1776 1774
f 1774 1777 1775
f 1772 1774 1775
f 1775 1778 2026
f 1769 1776 1773
f 1774 1776 1777
f 1775 1777 1778
f 1778 1779 2026
f 1780 1916 1781
f 1325 1916 1780
f 1325 1924 1916
f 1781 1917 1915
f 1221 1915 1918
f 1781 1916 1917
f 1915 1917 1918
f 1221 1919 1222
f 1221 1918 1919
f 1222 1920 1223
f 1222 1919 1920
f 1916 1925 1917
f 1917 1926 1918
f 1918 1927 1919
f 1223 1921 1228
f 1228 1922 1229
f 1223 1920 1921
f 1228 1921 1922
f 1229 1923 1230
f 1230 1941 1237
f 1229 1922 1923
f 1230 1923 1941
f 1919 1930 1920
f 1920 1931 1921
f 1921 1932 1922
f 1922 1933 1923
f 1923 1933 1948
f 1916 1924 1925
f 1917 1925 1926
f 1918 1926 1927
f 1919 1927 1930
f 1924 1928 1925
f 1706 1928 1924
f 1925 1929 1926
f 1926 1929 1934
f 1926 1934 1927
f 1925 1928 1929
f 1927 1935 1930
f 1920 1930 1931
f 1921 1931 1932
f 1930 1936 1931
f 1922 1932 1933
f 1931 1937 1932
f 1932 1953 1933
f 1927 1934 1935
f 1930 1935 1936
f 1934 1973 1935
f 1935 1974 1936
f 1931 1936 1937
f 1932 1937 1953
f 1936 1979 1937
f 1937 1981 1953
f 1237 1938 1238
f 1237 1941 1938
f 1238 1938 1939
f 1238 1939 1239
f 1239 1939 1940
f 1239 1940 1243
f 1923 1948 1941
f 1938 1941 1949
f 1941 1948 1949
f 1938 1950 1939
f 1939 1951 1940
f 1938 1949 1950
f 1939 1950 1951
f 1243 1940 1944
f 1940 1942 1944
f 1940 1951 1942
f 1942 1943 1944
f 1247 1944 1945
f 1248 1945 1946
f 1249 1946 4504
f 1943 1945 1944
f 1945 1947 1946
f 1943 1947 1945
f 1946 4508 4504
f 1946 1947 4508
f 1933 1954 1948
f 1948 1952 1949
f 1949 1955 1950
f 1950 1956 1951
f 1950 1955 1956
f 1933 1953 1954
f 1948 1954 1952
f 1953 1981 2074
f 1953 2074 1954
f 1952 1954 2075
f 1954 2074 2075
f 1949 1952 1955
f 1952 1957 1955
f 1952 2075 1957
f 1955 1957 1958
f 1955 1958 1956
f 1956 1958 1961
f 1942 1951 1959
f 1942 1960 1943
f 1951 1956 1959
f 1942 1959 1960
f 1943 1963 1947
f 1943 1960 1963
f 1947 1963 4510
f 1956 1961 1959
f 1959 1962 1960
f 1959 1961 1962
f 1958 2098 1961
f 1961 2099 1962
f 1960 1962 1964
f 1962 2100 1964
f 1960 1964 1963
f 1963 1964 1965
f 1963 1965 4510
f 1965 4512 4510
f 1964 2100 2103
f 1964 2103 1965
f 1965 2104 4512
f 1965 2103 2104
f 2104 4557 4512
f 1947 4510 4508
f 1706 1707 1928
f 1707 1969 1928
f 1928 1969 1929
f 1929 1969 1970
f 1929 1970 1934
f 1969 1971 1970
f 1707 1710 1969
f 1710 1971 1969
f 1710 1717 1971
f 1970 1971 1975
f 1971 1972 1975
f 1717 1972 1971
f 1717 1719 1972
f 1719 1986 1972
f 1719 1739 1986
f 1970 1975 1973
f 1934 1970 1973
f 1935 1973 1974
f 1973 1976 1974
f 1974 1976 1977
f 1975 1984 1976
f 1973 1975 1976
f 1976 1984 1985
f 1976 1985 1977
f 1977 1985 1992
f 1936 1974 1979
f 1974 1977 1979
f 1977 1978 1979
f 1977 1992 1978
f 1978 1993 1982
f 1978 1992 1993
f 1982 1993 1994
f 1937 1979 1980
f 1978 1980 1979
f 1937 1980 1981
f 1978 1982 1980
f 1980 1982 1983
f 1980 1983 1981
f 1981 1983 2076
f 1982 2001 1983
f 1982 1994 2001
f 1972 1984 1975
f 1972 1986 1984
f 1984 1986 1988
f 1984 1988 1985
f 1985 1988 1989
f 1985 1989 1992
f 1986 1987 1988
f 1739 1987 1986
f 1988 1990 1989
f 1987 1990 1988
f 1989 1990 1991
f 1992 1995 1993
f 1989 1995 1992
f 1993 1995 1997
f 1993 1997 1994
f 1994 2083 2001
f 1994 1997 1998
f 1994 1998 2083
f 1989 1991 1995
f 1995 1996 1997
f 1991 1996 1995
f 1996 1999 1997
f 1997 1999 1998
f 1998 2085 2083
f 1998 1999 2000
f 1998 2000 2085
f 1739 1770 1987
f 1987 2016 1990
f 1770 2016 1987
f 1990 2017 1991
f 1990 2016 2017
f 1991 2017 2019
f 1772 2017 2016
f 1772 2018 2017
f 2017 2018 2019
f 1991 2019 1996
f 1996 2019 2020
f 1996 2020 1999
f 1999 2021 2000
f 1999 2020 2021
f 2000 2021 2022
f 2000 2022 2120
f 2018 2023 2019
f 2019 2023 2020
f 2020 2024 2021
f 2020 2023 2024
f 2021 2024 2025
f 2021 2025 2022
f 2022 2025 2125
f 1772 1775 2018
f 2018 2026 2023
f 1775 2026 2018
f 2023 2026 2029
f 2023 2029 2024
f 2024 2029 2030
f 1779 2029 2026
f 2029 2032 2030
f 2024 2030 2025
f 2025 2030 2031
f 2030 2033 2031
f 2031 2034 2136
f 2025 2031 2125
f 2031 2136 2125
f 1779 2032 2029
f 2030 2032 2033
f 2031 2033 2034
f 1981 2076 2074
f 2074 2076 2077
f 2074 2077 2075
f 2075 2077 2079
f 2076 2091 2077
f 1983 2090 2076
f 1983 2001 2090
f 2076 2090 2091
f 2077 2078 2079
f 2077 2091 2078
f 1957 2075 2079
f 1957 2079 2080
f 1957 2080 1958
f 1958 2080 2098
f 2079 2081 2080
f 2078 2081 2079
f 2080 2081 2082
f 2080 2082 2098
f 2001 2083 2084
f 2083 2086 2084
f 2084 2087 2092
f 2083 2085 2086
f 2084 2086 2087
f 2087 2088 2092
f 2001 2084 2090
f 2090 2092 2091
f 2084 2092 2090
f 2078 2091 2093
f 2091 2092 2093
f 2078 2093 2094
f 2088 2093 2092
f 2089 2094 2093
f 2088 2089 2093
f 2078 2094 2081
f 2081 2094 2095
f 2081 2095 2082
f 2082 2095 2109
f 2095 2097 2109
f 2094 2096 2095
f 2089 2096 2094
f 2095 2096 2097
f 2098 2101 2099
f 1961 2098 2099
f 1962 2099 2100
f 2099 2102 2100
f 2100 2102 2105
f 2082 2101 2098
f 2099 2101 2102
f 2082 2109 2101
f 2101 2108 2102
f 2102 2110 2105
f 2100 2105 2103
f 2103 2105 2106
f 2103 2106 2104
f 2104 2106 2107
f 2104 2107 4557
f 2107 4560 4557
f 2105 2110 2114
f 2106 2114 2115
f 2105 2114 2106
f 2106 2115 2107
f 2107 2115 2116
f 2107 2116 4560
f 2116 4571 4560
f 2101 2109 2108
f 2108 2109 2111
f 2102 2108 2110
f 2108 2112 2110
f 2110 2112 2113
f 2097 2111 2109
f 2108 2111 2112
f 2097 2172 2111
f 2111 2171 2112
f 2112 2173 2113
f 2110 2113 2114
f 2113 2117 2114
f 2114 2117 2115
f 2115 2117 2118
f 2115 2118 2116
f 2116 2118 2119
f 2116 2119 4571
f 2119 4573 4571
f 2113 2174 2117
f 2117 2178 2118
f 2118 2179 2119
f 2119 2180 4573
f 2000 2120 2085
f 2085 2121 2086
f 2086 2122 2087
f 2085 2120 2121
f 2086 2121 2122
f 2087 2123 2088
f 2088 2124 2089
f 2087 2122 2123
f 2088 2123 2124
f 2022 2126 2120
f 2022 2125 2126
f 2120 2126 2127
f 2120 2127 2121
f 2121 2127 2128
f 2121 2128 2122
f 2122 2129 2123
f 2122 2128 2129
f 2123 2131 2124
f 2123 2129 2131
f 2089 2124 2130
f 2124 2132 2130
f 2124 2131 2132
f 2130 2133 2135
f 2130 2132 2133
f 2133 2134 2135
f 2089 2130 2096
f 2096 2130 2135
f 2096 2135 2097
f 2097 2135 2172
f 2134 2172 2135
f 2125 2137 2126
f 2125 2136 2137
f 2126 2138 2127
f 2126 2137 2138
f 2136 2142 2137
f 2137 2143 2138
f 2127 2139 2128
f 2127 2138 2139
f 2128 2139 2140
f 2128 2140 2129
f 2129 2140 2146
f 2129 2146 2131
f 2138 2144 2139
f 2139 2145 2140
f 2034 2141 2136
f 2136 2141 2142
f 2137 2142 2143
f 2138 2143 2144
f 2139 2144 2145
f 2140 2145 2150
f 2131 2147 2132
f 2131 2146 2147
f 2132 2148 2133
f 2132 2147 2148
f 2140 2150 2146
f 2146 2151 2147
f 2147 2152 2148
f 2133 2149 2134
f 2133 2148 2149
f 2134 2149 2185
f 2148 2153 2149
f 2149 2154 2185
f 2146 2150 2151
f 2147 2151 2152
f 2148 2152 2153
f 2149 2153 2154
f 2134 2185 2175
f 2111 2172 2171
f 2171 2172 2175
f 2112 2171 2173
f 2113 2173 2174
f 2171 2176 2173
f 2173 2177 2174
f 2134 2175 2172
f 2171 2175 2176
f 2175 2186 2176
f 2173 2176 2177
f 2174 2177 2181
f 2176 2187 2177
f 2177 2194 2181
f 2117 2174 2178
f 2118 2178 2179
f 2174 2181 2178
f 2178 2182 2179
f 2119 2179 2180
f 2180 4607 4573
f 2179 2183 2180
f 2180 2184 4607
f 2178 2181 2182
f 2179 2182 2183
f 2181 2199 2182
f 2182 2200 2183
f 2180 2183 2184
f 2184 4613 4607
f 2183 2201 2184
f 2184 2202 4613
f 2175 2185 2186
f 2176 2186 2187
f 2185 2188 2186
f 2186 2189 2187
f 2187 2190 2194
f 2191 2199 2194
f 2154 2188 2185
f 2186 2188 2189
f 2187 2189 2190
f 2190 2191 2194
f 2191 2192 2199
f 2177 2187 2194
f 2181 2194 2199
f 2182 2199 2200
f 2183 2200 2201
f 2192 2200 2199
f 2193 2201 2200
f 2184 2201 2202
f 2202 4632 4613
f 2201 2205 2202
f 2202 2206 4632
f 2192 2193 2200
f 2193 2205 2201
f 2202 2205 2206
f 2206 4637 4632
f 2241 2242 2964
f 2242 2300 2243
f 2242 2243 2964
f 2243 2301 2974
f 2308 2976 2974
f 2244 2629 2246
f 2246 2629 2247
f 2245 2246 2247
f 2245 2247 2248
f 2247 2635 2248
f 2248 2635 2253
f 2249 2252 2250
f 2250 2251 2265
f 2250 2252 2251
f 2245 2248 2249
f 2248 2252 2249
f 2251 2255 2266
f 2248 2253 2252
f 2252 2253 2254
f 2251 2252 2254
f 2251 2254 2255
f 2253 2638 2254
f 2255 2256 2274
f 2254 2256 2255
f 2254 2638 2256
f 2256 2275 2274
f 2257 2258 2261
f 2259 2262 2314
f 2260 2261 2263
f 2260 2263 2264
f 2258 2263 2261
f 2259 2260 2264
f 2259 2264 2262
f 2258 2267 2263
f 2263 2267 2269
f 2262 2264 2268
f 2263 2269 2264
f 2264 2269 2268
f 2257 2265 2266
f 2251 2266 2265
f 2257 2266 2258
f 2255 2272 2266
f 2258 2266 2272
f 2258 2272 2267
f 2267 2270 2269
f 2268 2269 2271
f 2269 2270 2271
f 2270 2277 2271
f 2255 2274 2272
f 2267 2272 2273
f 2272 2274 2273
f 2273 2274 2278
f 2273 2278 2280
f 2267 2273 2270
f 2270 2273 2280
f 2270 2280 2277
f 2278 2279 2280
f 2274 2275 2278
f 2275 2276 2278
f 2276 2279 2278
f 2276 2282 2279
f 2279 2281 2280
f 2277 2280 2281
f 2277 2281 2348
f 2279 2285 2281
f 2281 2284 2348
f 2279 2282 2285
f 2282 2283 2285
f 2283 2286 2285
f 2283 2364 2286
f 2281 2285 2284
f 2284 2285 2286
f 2284 2286 2362
f 2286 2365 2362
f 2287 2288 2291
f 2287 2316 2288
f 2289 2293 2304
f 2290 2291 2292
f 2290 2292 2293
f 2288 2292 2291
f 2289 2290 2293
f 2288 2294 2292
f 2288 2321 2294
f 2292 2294 2295
f 2292 2295 2293
f 2293 2295 2311
f 2294 2326 2296
f 2294 2296 2295
f 2295 2296 2312
f 2296 2352 2336
f 2298 2303 2299
f 2299 2303 2304
f 2297 2298 2302
f 2298 2299 2302
f 2299 2307 2302
f 2299 2304 2305
f 2299 2305 2307
f 2297 2301 2300
f 2243 2300 2301
f 2297 2302 2301
f 2301 2302 2308
f 2302 2307 2308
f 2301 2308 2974
f 2289 2304 2303
f 2293 2311 2304
f 2304 2311 2305
f 2305 2311 2306
f 2307 2310 2308
f 2308 2310 2976
f 2307 2309 2310
f 2305 2309 2307
f 2305 2306 2309
f 2309 3117 2310
f 2309 2333 3117
f 2306 2333 2309
f 2306 2335 2333
f 2295 2312 2311
f 2306 2311 2312
f 2312 2336 2335
f 2306 2312 2335
f 2296 2336 2312
f 2313 2314 2315
f 2313 2315 2316
f 2262 2315 2314
f 2287 2313 2316
f 2262 2320 2315
f 2315 2320 2322
f 2315 2322 2316
f 2288 2316 2321
f 2316 2322 2321
f 2262 2268 2320
f 2321 2322 2324
f 2320 2323 2322
f 2322 2323 2324
f 2268 2325 2320
f 2268 2271 2325
f 2320 2325 2323
f 2323 2345 2324
f 2323 2325 2347
f 2271 2346 2325
f 2325 2346 2347
f 2271 2277 2346
f 2323 2347 2345
f 2294 2321 2326
f 2321 2324 2326
f 2324 2351 2326
f 2296 2326 2352
f 2326 2351 2352
f 2324 2345 2351
f 2336 2352 2338
f 2333 3118 3117
f 2333 2335 2334
f 2333 2334 3118
f 2334 2339 3119
f 2334 3119 3118
f 2335 2336 2337
f 2336 2338 2337
f 2337 2341 2339
f 2338 2342 2341
f 2337 2338 2341
f 2334 2335 2337
f 2334 2337 2339
f 2339 2340 3119
f 2339 2344 2340
f 2340 2344 2370
f 2341 2343 2344
f 2342 2363 2343
f 2341 2342 2343
f 2343 2372 2374
f 2343 2363 2372
f 2339 2341 2344
f 2343 2374 2344
f 2344 2374 2370
f 2277 2348 2346
f 2346 2350 2347
f 2346 2348 2350
f 2345 2347 2349
f 2347 2350 2349
f 2348 2355 2350
f 2349 2356 2359
f 2350 2355 2356
f 2349 2350 2356
f 2351 2354 2352
f 2345 2353 2351
f 2351 2353 2354
f 2338 2352 2354
f 2345 2349 2353
f 2353 2358 2354
f 2342 2354 2358
f 2338 2354 2342
f 2349 2359 2353
f 2353 2359 2358
f 2284 2355 2348
f 2355 2357 2356
f 2356 2357 2360
f 2342 2358 2363
f 2358 2361 2363
f 2358 2359 2361
f 2359 2360 2361
f 2356 2360 2359
f 2361 2385 2363
f 2357 2378 2360
f 2360 2379 2361
f 2360 2378 2379
f 2361 2379 2385
f 2284 2362 2355
f 2355 2362 2357
f 2357 2362 2381
f 2357 2381 2378
f 2363 2385 2372
f 2365 2367 2381
f 2286 2364 2365
f 2364 2366 2365
f 2365 2366 2367
f 2366 2368 2367
f 2366 2715 2368
f 2368 2715 2369
f 2368 2369 2390
f 2372 2373 2375
f 2370 2374 2371
f 2371 2374 2375
f 2372 2375 2374
f 2371 2375 2376
f 2373 2377 2375
f 2375 2377 2376
f 2378 2380 2379
f 2379 2386 2385
f 2379 2380 2386
f 2362 2365 2381
f 2378 2381 2382
f 2367 2382 2381
f 2378 2382 2380
f 2380 2383 2386
f 2380 2384 2383
f 2367 2389 2382
f 2382 2389 2384
f 2367 2368 2389
f 2380 2382 2384
f 2373 2385 2386
f 2372 2385 2373
f 2373 2386 2387
f 2373 2387 2377
f 2383 2387 2386
f 2376 2377 2388
f 2376 2388 3209
f 2377 2393 2388
f 2388 2722 3209
f 2388 2393 2723
f 2383 2392 2394
f 2368 2390 2389
f 2389 2390 2391
f 2384 2389 2391
f 2383 2384 2392
f 2384 2391 2392
f 2369 2725 2390
f 2390 2727 2391
f 2391 2726 2392
f 2377 2387 2393
f 2383 2394 2387
f 2387 2394 2393
f 2393 2394 2731
f 2392 2732 2394
f 2395 2400 2396
f 2396 2400 2397
f 2397 2401 2398
f 2397 2400 2401
f 2398 2401 2399
f 2395 2409 2400
f 2400 2409 2401
f 2399 2401 2410
f 2398 2399 2402
f 2402 2406 2404
f 2399 2406 2402
f 2403 2404 2407
f 2404 2406 2407
f 2403 2407 2408
f 2406 2416 2407
f 2407 2417 2408
f 2399 2411 2406
f 2395 2412 2409
f 2401 2409 2410
f 2399 2410 2411
f 2395 2455 2412
f 2409 2412 2410
f 2395 2471 2455
f 2410 2412 2414
f 2410 2414 2411
f 2411 2414 2413
f 2408 2417 2415
f 2406 2411 2416
f 2407 2416 2417
f 2411 2413 2416
f 2413 2418 2416
f 2416 2418 2417
f 2417 2418 2419
f 2415 2417 2419
f 2415 2419 2420
f 2422 2427 2423
f 2403 2408 2422
f 2408 2427 2422
f 2423 2428 2424
f 2423 2427 2428
f 2408 2415 2427
f 2427 2432 2428
f 2424 2430 2429
f 2424 2428 2430
f 2421 2429 2431
f 2429 2430 2431
f 2421 2431 2486
f 2428 2434 2430
f 2430 2434 2435
f 2430 2435 2431
f 2431 2435 2489
f 2415 2432 2427
f 2428 2432 2434
f 2432 2433 2434
f 2415 2420 2432
f 2420 2433 2432
f 2434 2436 2435
f 2433 2436 2434
f 2435 2436 2491
f 2436 2463 2491
f 2412 2455 2414
f 2395 2473 2471
f 2413 2414 2456
f 2414 2455 2456
f 2413 2456 2457
f 2395 2579 2473
f 2455 2471 2456
f 2456 2472 2457
f 2418 2458 2419
f 2413 2457 2418
f 2418 2457 2458
f 2419 2459 2420
f 2419 2458 2459
f 2457 2460 2458
f 2458 2461 2459
f 2459 2461 2466
f 2457 2472 2460
f 2458 2460 2461
f 2461 2476 2466
f 2420 2462 2433
f 2420 2459 2462
f 2433 2462 2464
f 2459 2466 2462
f 2462 2466 2467
f 2462 2467 2464
f 2433 2464 2436
f 2436 2464 2463
f 2464 2467 2465
f 2463 2464 2465
f 2463 2465 2521
f 2466 2468 2467
f 2467 2468 2469
f 2466 2476 2468
f 2468 2577 2469
f 2465 2467 2469
f 2465 2470 2521
f 2465 2469 2470
f 2469 2578 2470
f 2470 2578 2600
f 2395 2583 2579
f 2471 2473 2472
f 2456 2471 2472
f 2460 2472 2474
f 2395 2584 2583
f 2472 2473 2474
f 2460 2474 2475
f 2460 2475 2461
f 2461 2475 2476
f 2468 2476 2588
f 2421 2486 2477
f 2477 2486 2479
f 2477 2479 2478
f 2478 2483 2480
f 2478 2479 2483
f 2479 2493 2483
f 2480 2484 2481
f 2480 2483 2484
f 2481 2485 2482
f 2481 2484 2485
f 2483 2493 2487
f 2483 2487 2484
f 2484 2487 2488
f 2484 2488 2485
f 2431 2489 2486
f 2486 2489 2490
f 2479 2486 2490
f 2479 2490 2493
f 2487 2496 2488
f 2435 2491 2489
f 2489 2492 2490
f 2490 2494 2493
f 2489 2491 2492
f 2491 2520 2492
f 2490 2492 2494
f 2492 2522 2494
f 2487 2493 2495
f 2493 2494 2495
f 2494 2523 2495
f 2487 2495 2496
f 2495 2524 2496
f 2498 2500 2501
f 2482 2499 2497
f 2482 2485 2499
f 2497 2500 2498
f 2497 2499 2500
f 2485 2510 2499
f 2485 2488 2510
f 2499 2511 2500
f 2500 2511 2503
f 2499 2510 2511
f 2501 2503 2502
f 2500 2503 2501
f 2244 2502 2504
f 2244 2504 2629
f 2502 2503 2504
f 2503 2515 2504
f 2504 2515 2514
f 2504 2514 2629
f 2514 2634 2629
f 2503 2511 2515
f 2488 2512 2510
f 2510 2513 2511
f 2511 2513 2515
f 2488 2496 2512
f 2510 2512 2513
f 2512 2536 2513
f 2513 2536 2516
f 2514 2517 2634
f 2514 2515 2516
f 2517 2637 2634
f 2514 2516 2517
f 2513 2516 2515
f 2516 2532 2517
f 2517 2533 2637
f 2496 2535 2512
f 2463 2520 2491
f 2492 2520 2522
f 2520 2525 2522
f 2463 2521 2520
f 2520 2521 2525
f 2494 2522 2523
f 2522 2526 2523
f 2495 2523 2524
f 2523 2527 2524
f 2522 2525 2526
f 2523 2526 2527
f 2470 2528 2521
f 2521 2528 2525
f 2470 2600 2528
f 2528 2600 2603
f 2525 2530 2526
f 2526 2529 2527
f 2526 2530 2529
f 2525 2528 2530
f 2528 2603 2530
f 2530 2603 2531
f 2529 2530 2531
f 2517 2532 2533
f 2516 2536 2532
f 2532 2539 2533
f 2533 2654 2637
f 2533 2534 2654
f 2533 2539 2534
f 2534 2655 2654
f 2496 2524 2535
f 2512 2535 2536
f 2524 2537 2535
f 2535 2538 2536
f 2532 2536 2538
f 2535 2537 2538
f 2524 2527 2537
f 2532 2538 2539
f 2534 2545 2540
f 2534 2540 2655
f 2540 2658 2655
f 2540 2547 2658
f 2547 2660 2658
f 2527 2541 2537
f 2527 2529 2541
f 2537 2541 2542
f 2538 2542 2539
f 2537 2542 2538
f 2529 2544 2541
f 2541 2544 2543
f 2541 2543 2542
f 2542 2543 2545
f 2529 2531 2544
f 2539 2542 2545
f 2534 2539 2545
f 2540 2545 2546
f 2540 2546 2547
f 2543 2546 2545
f 2469 2577 2578
f 2577 2590 2578
f 2578 2590 2601
f 2473 2579 2474
f 2474 2580 2475
f 2474 2579 2580
f 2579 2583 2580
f 2580 2583 2586
f 2475 2581 2476
f 2475 2580 2581
f 2476 2581 2588
f 2580 2586 2581
f 2581 2586 2582
f 2581 2582 2588
f 2583 2585 2586
f 2583 2584 2585
f 2582 2586 2587
f 2585 2587 2586
f 2582 2587 2592
f 2468 2588 2577
f 2582 2589 2588
f 2577 2588 2589
f 2577 2589 2590
f 2582 2592 2589
f 2589 2591 2590
f 2589 2592 2591
f 2591 2592 2597
f 2590 2591 2593
f 2590 2593 2601
f 2591 2598 2593
f 2584 2594 2585
f 2584 2758 2594
f 2585 2594 2595
f 2585 2595 2587
f 2587 2596 2592
f 2587 2595 2596
f 2584 2760 2758
f 2594 2758 2759
f 2595 2763 2596
f 2594 2759 2595
f 2595 2759 2763
f 2592 2596 2597
f 2591 2597 2598
f 2593 2598 2620
f 2596 2762 2597
f 2596 2763 2762
f 2597 2599 2598
f 2598 2599 2622
f 2597 2762 2599
f 2578 2601 2600
f 2600 2602 2603
f 2600 2601 2602
f 2601 2613 2602
f 2602 2604 2603
f 2531 2603 2604
f 2531 2604 2607
f 2602 2605 2604
f 2604 2606 2607
f 2602 2613 2605
f 2605 2613 2621
f 2604 2605 2606
f 2605 2614 2606
f 2543 2608 2546
f 2546 2608 2610
f 2531 2607 2544
f 2544 2607 2608
f 2543 2544 2608
f 2606 2611 2607
f 2607 2611 2608
f 2608 2611 2610
f 2546 2610 2547
f 2547 2609 2660
f 2547 2610 2609
f 2609 2610 2612
f 2609 2612 2706
f 2610 2611 2612
f 2606 2615 2611
f 2611 2615 2616
f 2612 2710 2706
f 2612 2616 2710
f 2611 2616 2612
f 2593 2613 2601
f 2593 2620 2613
f 2605 2621 2614
f 2614 2621 2624
f 2606 2614 2615
f 2614 2617 2615
f 2616 2618 2710
f 2615 2619 2616
f 2614 2624 2617
f 2615 2617 2619
f 2616 2619 2618
f 2613 2620 2621
f 2620 2623 2621
f 2598 2622 2620
f 2620 2622 2623
f 2621 2623 2624
f 2247 2629 2634
f 2247 2634 2635
f 2634 2637 2635
f 2253 2635 2636
f 2635 2637 2636
f 2636 2637 2654
f 2253 2636 2638
f 2636 2652 2638
f 2256 2638 2653
f 2636 2654 2652
f 2638 2652 2653
f 2652 2656 2653
f 2652 2654 2655
f 2653 2656 2657
f 2656 2659 2657
f 2652 2655 2656
f 2256 2653 2275
f 2275 2653 2657
f 2275 2657 2276
f 2276 2657 2661
f 2655 2658 2656
f 2656 2658 2659
f 2658 2660 2659
f 2659 2660 2663
f 2657 2659 2661
f 2276 2661 2282
f 2282 2661 2662
f 2659 2663 2661
f 2661 2663 2662
f 2282 2662 2283
f 2283 2662 2707
f 2609 2702 2660
f 2660 2702 2663
f 2702 2703 2704
f 2702 2706 2703
f 2662 2663 2704
f 2662 2704 2707
f 2663 2702 2704
f 2704 2705 2707
f 2703 2705 2704
f 2609 2706 2702
f 2703 2706 2711
f 2703 2709 2705
f 2703 2711 2709
f 2705 2709 2714
f 2706 2710 2711
f 2283 2707 2364
f 2364 2707 2708
f 2705 2708 2707
f 2364 2708 2366
f 2705 2714 2708
f 2366 2708 2715
f 2708 2714 2715
f 2709 2711 2712
f 2710 2713 2711
f 2709 2712 2717
f 2712 2846 2717
f 2618 2713 2710
f 2711 2713 2712
f 2712 2713 2844
f 2714 2716 2715
f 2709 2717 2714
f 2369 2715 2716
f 2714 2717 2716
f 2716 2717 2845
f 2369 2716 2847
f 2369 2847 2725
f 2388 2723 2722
f 2722 2723 2724
f 2390 2725 2727
f 2391 2727 2726
f 2392 2726 2732
f 2725 2859 2728
f 2725 2728 2727
f 2726 2727 2729
f 2726 2730 2732
f 2726 2729 2730
f 2727 2728 2729
f 2393 2731 2723
f 2394 2732 2731
f 2731 2732 2733
f 2730 2733 2732
f 2731 2733 2734
f 2723 2731 2734
f 2723 2734 2724
f 2724 2740 3515
f 2740 2747 3515
f 2728 2859 2735
f 2728 2735 2737
f 2729 2736 2730
f 2728 2737 2729
f 2729 2737 2736
f 2736 2737 2741
f 2735 2742 2737
f 2730 2738 2733
f 2733 2739 2734
f 2733 2738 2739
f 2724 2734 2740
f 2734 2739 2740
f 2730 2736 2738
f 2738 2745 2739
f 2739 2746 2740
f 2736 2748 2738
f 2735 2881 2742
f 2742 2881 2743
f 2736 2741 2748
f 2737 2742 2741
f 2741 2742 2744
f 2741 2744 2752
f 2742 2743 2744
f 2738 2748 2745
f 2745 2748 2749
f 2740 2746 2747
f 2739 2745 2746
f 2746 2750 2747
f 2745 2751 2746
f 2741 2752 2748
f 2745 2749 2751
f 2746 2751 2750
f 2748 2752 2749
f 2744 2753 2752
f 2743 2754 2744
f 2743 2884 2754
f 2744 2754 2753
f 2753 3752 3759
f 2754 2884 3751
f 2754 3751 3752
f 2753 2754 3752
f 2749 2756 2751
f 2749 2757 2756
f 2750 2751 2755
f 2750 2755 3622
f 2751 2756 2755
f 2749 2752 2757
f 2752 2753 2757
f 2756 2757 3756
f 2756 3756 3758
f 2755 3757 3622
f 2755 3758 3757
f 2755 2756 3758
f 2753 3759 2757
f 2757 3759 3756
f 2584 2768 2760
f 2584 2767 2768
f 2758 2760 2761
f 2758 2761 2759
f 2759 2764 2763
f 2759 2761 2764
f 2760 2768 2769
f 2760 2769 2761
f 2761 2772 2764
f 2762 2763 2765
f 2763 2764 2765
f 2599 2762 2766
f 2762 2765 2766
f 2599 2766 2781
f 2764 2773 2765
f 2765 2774 2766
f 2766 2774 2787
f 2767 2770 2768
f 2761 2769 2772
f 2768 2771 2769
f 2769 2775 2772
f 2767 2800 2770
f 2768 2770 2771
f 2767 2802 2800
f 2769 2771 2775
f 2770 2801 2771
f 2771 2805 2775
f 2764 2772 2773
f 2772 2776 2773
f 2765 2773 2774
f 2773 2777 2774
f 2772 2775 2776
f 2775 2806 2776
f 2773 2776 2777
f 2774 2777 2791
f 2617 2624 2783
f 2617 2783 2778
f 2617 2778 2619
f 2619 2778 2779
f 2618 2619 2779
f 2778 2783 2784
f 2778 2785 2779
f 2778 2784 2785
f 2599 2781 2622
f 2622 2782 2623
f 2622 2781 2782
f 2623 2780 2624
f 2623 2782 2780
f 2781 2788 2782
f 2766 2787 2781
f 2781 2787 2788
f 2780 2782 2789
f 2782 2788 2789
f 2624 2780 2783
f 2780 2793 2783
f 2780 2789 2793
f 2783 2793 2784
f 2784 2795 2786
f 2784 2786 2785
f 2786 2795 2820
f 2774 2791 2787
f 2787 2790 2788
f 2788 2792 2789
f 2787 2791 2790
f 2790 2791 2823
f 2788 2790 2792
f 2789 2792 2794
f 2790 2824 2792
f 2789 2794 2793
f 2784 2793 2795
f 2793 2794 2795
f 2792 2827 2794
f 2794 2828 2795
f 2770 2800 2801
f 2771 2801 2805
f 2800 2803 2801
f 2800 2802 2804
f 2800 2804 2803
f 2801 2808 2805
f 2801 2803 2808
f 2802 2812 2804
f 2775 2805 2806
f 2776 2807 2777
f 2776 2806 2807
f 2777 2822 2791
f 2777 2807 2822
f 2805 2808 2809
f 2805 2809 2806
f 2806 2810 2807
f 2807 2825 2822
f 2806 2809 2810
f 2807 2810 2825
f 2803 2817 2808
f 2803 2813 2817
f 2802 2811 2812
f 2804 2812 2813
f 2803 2804 2813
f 2811 2816 2812
f 2811 2814 2816
f 2814 2815 2816
f 2815 3812 3820
f 2815 3820 2816
f 2812 2816 3828
f 2816 3820 3828
f 2812 3828 2813
f 2813 3851 2817
f 2813 3828 3851
f 2808 2818 2809
f 2808 2817 2818
f 2809 2819 2810
f 2810 2832 2825
f 2809 2818 2819
f 2810 2819 2832
f 2817 3840 2818
f 2817 3851 3840
f 2818 3846 2819
f 2819 3877 2832
f 2818 3840 3846
f 2819 3846 3877
f 2786 2820 2863
f 2820 2828 2821
f 2820 2821 2866
f 2791 2822 2823
f 2790 2823 2824
f 2792 2824 2827
f 2822 2831 2823
f 2822 2825 2831
f 2823 2826 2824
f 2824 2826 2829
f 2823 2831 2826
f 2794 2827 2828
f 2795 2828 2820
f 2824 2829 2827
f 2827 2830 2828
f 2827 2829 2830
f 2821 2828 2830
f 2821 2837 2875
f 2837 3955 2875
f 2825 2833 2831
f 2825 2832 2833
f 2826 2831 2834
f 2831 2833 2834
f 2826 2834 2836
f 2832 3877 3881
f 2832 3881 2833
f 2833 3884 2834
f 2833 3881 3884
f 2834 3884 3890
f 2826 2836 2829
f 2829 2835 2830
f 2829 2836 2835
f 2821 2830 2837
f 2830 2835 2837
f 2836 3890 3889
f 2835 2836 3889
f 2834 3890 2836
f 2835 3891 2837
f 2835 3889 3891
f 2837 3891 3955
f 2712 2844 2846
f 2618 2843 2713
f 2618 2779 2843
f 2713 2843 2844
f 2844 2849 2846
f 2779 2850 2843
f 2843 2851 2844
f 2843 2850 2851
f 2779 2785 2850
f 2844 2851 2849
f 2717 2846 2845
f 2716 2845 2847
f 2845 2846 2855
f 2845 2855 2848
f 2846 2849 2855
f 2845 2848 2847
f 2725 2847 2859
f 2847 2848 2859
f 2850 2853 2851
f 2850 2852 2853
f 2785 2852 2850
f 2785 2786 2852
f 2851 2853 2854
f 2849 2851 2854
f 2852 2864 2853
f 2786 2863 2852
f 2853 2865 2854
f 2849 2856 2855
f 2849 2854 2856
f 2855 2856 2858
f 2848 2855 2858
f 2848 2857 2859
f 2848 2858 2857
f 2854 2871 2856
f 2856 2870 2858
f 2857 2858 2869
f 2735 2859 2857
f 2735 2857 2881
f 2852 2863 2864
f 2853 2864 2865
f 2854 2865 2871
f 2820 2866 2863
f 2863 2867 2864
f 2863 2866 2867
f 2864 2868 2865
f 2864 2867 2868
f 2865 2868 2874
f 2856 2871 2870
f 2858 2870 2869
f 2869 2870 2873
f 2870 2871 2872
f 2871 2874 2872
f 2869 2873 2882
f 2870 2872 2873
f 2865 2874 2871
f 2821 2875 2866
f 2866 2876 2867
f 2866 2875 2876
f 2867 2877 2868
f 2868 2877 2880
f 2867 2876 2877
f 2875 3955 3956
f 2875 3956 2876
f 2877 3963 2880
f 2877 3957 3963
f 2876 3957 2877
f 2876 3956 3957
f 2872 2874 2878
f 2872 2879 2873
f 2872 2878 2879
f 2873 2879 2883
f 2868 2880 2874
f 2874 2880 2878
f 2878 3964 3961
f 2878 3961 2879
f 2879 3962 2883
f 2879 3961 3962
f 2880 3963 3964
f 2878 2880 3964
f 2857 2869 2881
f 2869 2882 2881
f 2743 2881 2882
f 2873 2883 2882
f 2743 2882 2884
f 2882 2883 2884
f 2883 3962 3974
f 2883 3974 2884
f 2884 3974 3751
f 2888 2889 2890
f 2889 2959 2890
f 2890 2959 2965
f 2891 2913 2902
f 2891 2892 2893
f 2892 2916 2919
f 2891 2893 2913
f 2892 2919 2893
f 2893 2937 2913
f 2893 2919 2921
f 2893 2921 2937
f 2901 2902 2903
f 2897 2898 2909
f 2894 2910 2898
f 2231 2897 2908
f 2894 2895 2911
f 2895 2896 2912
f 2899 2905 2900
f 2899 2901 2906
f 2901 2902 2907
f 2896 2900 2904
f 2897 2909 2908
f 2898 2910 2909
f 2894 2911 2910
f 2895 2912 2911
f 2896 2904 2912
f 2900 2905 2904
f 2899 2906 2905
f 2901 2907 2906
f 2902 2913 2907
f 2909 2910 2914
f 2908 2909 2925
f 2910 2911 2924
f 2911 2912 2930
f 2904 2931 2912
f 2904 2905 2932
f 2905 2906 2934
f 2906 2907 2933
f 2907 2913 2936
f 2910 2922 2914
f 2909 2914 2925
f 2911 2930 2924
f 2912 2931 2930
f 2904 2932 2931
f 2910 2924 2922
f 2905 2934 2932
f 2906 2933 2934
f 2907 2936 2933
f 2913 2937 2936
f 2916 2917 2918
f 2888 2920 2917
f 2916 2918 2919
f 2917 2920 2918
f 2888 2890 2920
f 2918 2920 2949
f 2918 2949 2948
f 2918 2948 2919
f 2919 2948 2921
f 2890 2950 2920
f 2920 2950 2949
f 2890 2965 2950
f 2921 2947 2937
f 2915 2923 2926
f 2922 2924 2929
f 2914 2928 2925
f 2915 2926 2927
f 2923 2929 2926
f 2925 2928 2935
f 2926 2935 2927
f 2933 2936 2938
f 2926 2929 2940
f 2924 2940 2929
f 2924 2930 2941
f 2930 2931 2944
f 2931 2932 2942
f 2932 2934 2943
f 2933 2945 2934
f 2932 2943 2942
f 2933 2938 2945
f 2934 2945 2943
f 2925 2935 2939
f 2926 2939 2935
f 2926 2940 2939
f 2924 2941 2940
f 2930 2944 2941
f 2931 2942 2944
f 2936 2937 2946
f 2936 2946 2938
f 2937 2947 2946
f 2938 2990 2945
f 2938 2991 2990
f 2942 2985 2944
f 2942 2943 2986
f 2939 2940 2988
f 2940 2941 2989
f 2941 2944 2984
f 2943 2945 2987
f 2940 2989 2988
f 2941 2984 2989
f 2944 2985 2984
f 2942 2986 2985
f 2943 2987 2986
f 2945 2990 2987
f 2946 2947 2992
f 2938 2946 2991
f 2946 2992 2991
f 2921 2948 2951
f 2948 2949 2953
f 2921 2951 2947
f 2948 2953 2951
f 2949 2950 2952
f 2950 2965 2983
f 2949 2952 2953
f 2950 2983 2952
f 2947 2951 3004
f 2951 2953 3001
f 2951 3001 3004
f 2952 2983 3035
f 2952 3035 3002
f 2952 3002 2953
f 2953 3002 3001
f 2947 3004 2992
f 2954 2955 2961
f 2956 2960 2957
f 2956 2961 2960
f 2889 2957 2959
f 2957 2960 2959
f 2956 2958 2961
f 2954 2961 2958
f 2959 2960 2966
f 2959 2966 2965
f 2960 2968 2966
f 2955 2968 2961
f 2960 2961 2968
f 2955 2967 2968
f 2241 2963 2962
f 2241 2964 2963
f 2954 2962 2955
f 2955 2962 2963
f 2963 2964 2972
f 2964 2973 2972
f 2955 2963 2967
f 2963 2972 2967
f 2243 2973 2964
f 2243 2974 2973
f 2965 2966 2969
f 2966 2971 2969
f 2967 2971 2968
f 2967 2970 2971
f 2966 2968 2971
f 2969 2971 3020
f 2970 2975 3021
f 2970 3020 2971
f 2970 3021 3020
f 2972 2973 2975
f 2973 2977 2975
f 2973 2974 2977
f 2974 2976 2977
f 2975 2977 3026
f 2977 3023 3026
f 2310 3024 2976
f 2976 3024 3023
f 2976 3023 2977
f 2967 2972 2970
f 2970 2972 2975
f 2975 3026 3021
f 2965 2969 2983
f 2969 3036 2983
f 2983 3036 3035
f 2969 3020 3036
f 2984 2995 2989
f 2984 2985 2996
f 2988 2989 2994
f 2985 2986 2997
f 2986 2987 2993
f 2987 2990 2998
f 2990 3000 2998
f 2990 2991 3000
f 2991 2999 3000
f 2991 2992 2999
f 2989 2995 2994
f 2984 2996 2995
f 2985 2997 2996
f 2986 2993 2997
f 2987 2998 2993
f 2994 2995 3089
f 2995 2996 3090
f 2996 2997 3088
f 2993 3091 2997
f 2993 2998 3007
f 2999 3009 3000
f 2999 3013 3009
f 2998 3000 3008
f 3001 3006 3004
f 3001 3002 3003
f 3002 3035 3038
f 3001 3003 3006
f 3002 3038 3003
f 3003 3015 3006
f 3003 3038 3012
f 3003 3012 3015
f 2992 3004 3005
f 2992 3005 2999
f 3004 3006 3005
f 2999 3005 3013
f 3005 3006 3014
f 3005 3014 3013
f 3006 3015 3014
f 2997 3091 3088
f 2993 3007 3091
f 2998 3008 3007
f 3007 3095 3091
f 3000 3009 3008
f 3007 3008 3010
f 3008 3009 3011
f 3007 3010 3095
f 3010 3178 3095
f 3008 3011 3010
f 3009 3017 3011
f 3010 3011 3137
f 3012 3019 3015
f 3009 3013 3017
f 3013 3014 3016
f 3014 3015 3018
f 3014 3018 3016
f 3015 3019 3018
f 3013 3016 3017
f 3016 3139 3017
f 3011 3017 3138
f 3016 3018 3140
f 3018 3019 3141
f 3020 3021 3039
f 3021 3026 3022
f 3021 3022 3039
f 3022 3027 3029
f 3024 3117 3025
f 3023 3024 3028
f 3024 3025 3028
f 3025 3118 3030
f 3025 3031 3028
f 3025 3030 3031
f 3023 3027 3026
f 3022 3026 3027
f 3023 3028 3027
f 3027 3028 3032
f 3028 3031 3032
f 3027 3032 3029
f 3029 3032 3043
f 3030 3120 3034
f 3031 3034 3033
f 3031 3033 3032
f 3032 3033 3043
f 3030 3034 3031
f 3033 3034 3150
f 3034 3151 3150
f 3034 3120 3151
f 3035 3036 3037
f 3020 3039 3036
f 3035 3037 3038
f 3036 3039 3037
f 3037 3039 3041
f 3037 3041 3040
f 3037 3040 3038
f 3012 3038 3040
f 3022 3041 3039
f 3022 3029 3041
f 3012 3040 3042
f 3012 3042 3019
f 3040 3041 3044
f 3040 3044 3042
f 3029 3044 3041
f 3029 3043 3044
f 3019 3042 3158
f 3042 3044 3155
f 3042 3155 3158
f 3043 3156 3155
f 3033 3156 3043
f 3043 3155 3044
f 3019 3158 3141
f 3033 3150 3156
f 2995 3090 3089
f 2996 3088 3090
f 3089 3090 3092
f 3088 3093 3090
f 3088 3091 3094
f 3090 3093 3092
f 3088 3094 3093
f 3091 3095 3094
f 3094 3095 3177
f 3092 3093 3176
f 3093 3094 3175
f 2310 3117 3024
f 3025 3117 3118
f 3030 3118 3119
f 3030 3119 3120
f 2340 3120 3119
f 2340 3203 3120
f 3120 3203 3151
f 2340 2370 3203
f 3010 3137 3178
f 3011 3138 3137
f 3137 3181 3178
f 3137 3142 3181
f 3016 3140 3139
f 3017 3139 3138
f 3137 3138 3142
f 3138 3139 3143
f 3018 3141 3140
f 3139 3140 3145
f 3140 3141 3144
f 3138 3143 3142
f 3139 3145 3143
f 3140 3144 3145
f 3142 3143 3146
f 3143 3145 3147
f 3142 3146 3186
f 3143 3147 3146
f 3144 3148 3149
f 3144 3149 3145
f 3145 3149 3147
f 3146 3147 3194
f 3147 3149 3167
f 3148 3165 3149
f 3151 3153 3152
f 3150 3151 3152
f 3152 3153 3154
f 3152 3154 3164
f 3155 3160 3158
f 3156 3157 3160
f 3155 3156 3160
f 3141 3158 3159
f 3158 3160 3159
f 3141 3159 3144
f 3144 3159 3148
f 3159 3160 3162
f 3150 3157 3156
f 3150 3152 3157
f 3157 3161 3160
f 3148 3159 3162
f 3160 3163 3162
f 3148 3162 3166
f 3160 3161 3163
f 3152 3164 3157
f 3157 3164 3161
f 3147 3167 3194
f 3149 3165 3167
f 3148 3166 3165
f 3165 3200 3167
f 3165 3166 3168
f 3165 3168 3200
f 3166 3170 3169
f 3166 3169 3168
f 3168 3472 3200
f 3169 3170 3451
f 3168 3169 3473
f 3154 3174 3164
f 3154 3208 3174
f 3174 3208 3454
f 3161 3173 3172
f 3162 3163 3170
f 3162 3170 3166
f 3161 3172 3163
f 3163 3171 3170
f 3163 3172 3171
f 3161 3164 3173
f 3164 3174 3173
f 3172 3173 3458
f 3170 3171 3451
f 3171 3172 3456
f 3173 3174 3457
f 3093 3175 3176
f 3094 3177 3175
f 3095 3178 3177
f 3175 3177 3179
f 3177 3178 3180
f 2235 3176 3175
f 2235 3175 3179
f 3177 3180 3179
f 3178 3181 3180
f 3179 3180 3183
f 3179 3183 3184
f 3180 3185 3183
f 2235 3179 3184
f 3180 3181 3185
f 3142 3186 3181
f 3181 3186 3185
f 3185 3186 3190
f 3146 3191 3186
f 3183 3185 3189
f 3185 3190 3189
f 3183 3188 3184
f 3183 3189 3188
f 3186 3191 3190
f 3188 3189 3198
f 3189 3190 3195
f 3190 3191 3197
f 3191 3194 3196
f 3146 3194 3191
f 3167 3199 3194
f 3189 3195 3198
f 3190 3197 3195
f 3191 3196 3197
f 3195 3467 3198
f 3195 3197 3468
f 3196 3199 3469
f 3196 3470 3197
f 3194 3199 3196
f 3167 3200 3199
f 3199 3200 3471
f 3151 3203 3153
f 3153 3203 3204
f 2370 3204 3203
f 2370 2371 3204
f 3153 3204 3205
f 2371 3206 3204
f 3204 3206 3205
f 3153 3205 3154
f 2371 2376 3206
f 3205 3206 3207
f 3206 3209 3207
f 3154 3205 3208
f 3205 3207 3208
f 2376 3209 3206
f 3207 3209 3508
f 3207 3509 3208
f 3169 3451 3479
f 3169 3479 3473
f 3451 3455 3452
f 3451 3452 3479
f 3452 3455 3453
f 3171 3456 3455
f 3171 3455 3451
f 3172 3458 3456
f 3173 3457 3458
f 3174 3454 3457
f 3455 3456 3459
f 3453 3455 3459
f 3456 3458 3460
f 3456 3460 3459
f 3457 3461 3458
f 3458 3461 3460
f 3454 3462 3457
f 3457 3462 3461
f 3453 3459 3463
f 3459 3460 3464
f 3453 3463 3502
f 3460 3465 3464
f 3459 3464 3463
f 3460 3461 3465
f 3461 3462 3466
f 3461 3466 3465
f 3462 3516 3466
f 3463 3517 3502
f 3463 3464 3518
f 3466 3516 3617
f 3465 3466 3519
f 3464 3465 3520
f 3195 3468 3467
f 3197 3470 3468
f 3196 3469 3470
f 3467 3468 3477
f 3468 3470 3474
f 3468 3474 3477
f 3470 3475 3474
f 3469 3471 3476
f 3469 3475 3470
f 3469 3476 3475
f 3199 3471 3469
f 3200 3472 3471
f 3168 3473 3472
f 3471 3472 3478
f 3471 3478 3476
f 3472 3473 3480
f 3474 3475 3491
f 3475 3487 3491
f 3475 3476 3487
f 3476 3478 3488
f 3476 3488 3487
f 3478 3489 3488
f 3474 3490 3477
f 3474 3491 3490
f 3472 3480 3478
f 3473 3481 3480
f 3473 3479 3481
f 3478 3480 3489
f 3452 3492 3479
f 3479 3492 3481
f 3487 3499 3491
f 3487 3488 3495
f 3487 3495 3499
f 3488 3489 3496
f 3488 3496 3495
f 3490 3491 3498
f 3491 3499 3498
f 3480 3481 3493
f 3480 3493 3489
f 3452 3494 3492
f 3452 3453 3494
f 3481 3492 3501
f 3481 3501 3493
f 3453 3502 3494
f 3492 3494 3503
f 3489 3493 3497
f 3489 3497 3496
f 3496 3497 3530
f 3495 3500 3499
f 2238 3498 3499
f 3495 3529 3500
f 2238 3499 3500
f 3495 3496 3529
f 3492 3503 3501
f 3493 3501 3531
f 3494 3502 3532
f 3493 3531 3497
f 3501 3503 3534
f 3494 3532 3503
f 3502 3533 3532
f 3207 3508 3509
f 3208 3509 3454
f 2722 3508 3209
f 3508 3510 3509
f 3454 3509 3511
f 3454 3511 3462
f 3509 3510 3511
f 2722 3512 3508
f 3508 3512 3510
f 2722 2724 3512
f 3462 3511 3516
f 3510 3513 3511
f 3511 3513 3516
f 3510 3514 3513
f 3510 3512 3514
f 2724 3515 3512
f 3512 3515 3514
f 3513 3610 3516
f 3513 3514 3611
f 3514 3515 3612
f 3463 3518 3517
f 3464 3520 3518
f 3517 3518 3521
f 3518 3520 3524
f 3465 3519 3520
f 3466 3617 3519
f 3519 3522 3520
f 3519 3617 3523
f 3517 3521 3556
f 3518 3524 3521
f 3519 3523 3522
f 3520 3522 3524
f 3521 3525 3556
f 3521 3524 3526
f 3521 3526 3525
f 3522 3523 3528
f 3522 3528 3527
f 3522 3527 3524
f 3524 3527 3526
f 3525 3526 4895
f 3525 4895 4894
f 3527 4896 4897
f 3528 5056 4896
f 3527 3528 4896
f 3526 3527 4897
f 3526 4897 4895
f 3497 3531 3537
f 3531 3544 3537
f 3500 3529 3535
f 3496 3530 3529
f 2238 3500 3535
f 3529 3530 3539
f 3497 3537 3530
f 3501 3534 3531
f 3503 3532 3545
f 3503 3545 3534
f 3502 3517 3533
f 3531 3534 3544
f 3532 3546 3545
f 3532 3533 3546
f 2238 3535 3536
f 3529 3539 3535
f 3535 3538 3536
f 3535 3539 3538
f 3530 3557 3539
f 3536 3538 3542
f 3530 3537 3557
f 3538 3539 3541
f 3538 3541 3540
f 3539 3557 3541
f 3538 3540 3542
f 3540 3543 3542
f 3540 3561 3543
f 3537 3544 3562
f 3537 3562 3557
f 3534 3545 3547
f 3534 3547 3544
f 3533 3556 3548
f 3533 3548 3546
f 3545 3572 3547
f 3545 3546 3572
f 3546 3548 3573
f 3517 3556 3533
f 3540 3558 3561
f 3540 3541 3558
f 3541 3557 3559
f 3541 3559 3558
f 3558 3563 3561
f 3558 3559 3564
f 3543 3561 3560
f 3560 3561 3566
f 3560 3566 3565
f 3561 3563 3566
f 3544 3547 3571
f 3544 3571 3562
f 3557 3562 3559
f 3558 3564 3563
f 3563 3564 3574
f 3563 3574 3569
f 3565 3566 3568
f 3563 3569 3566
f 3565 3568 3567
f 3566 3569 3568
f 3559 3562 3570
f 3559 3570 3564
f 3562 3571 3570
f 3547 3580 3571
f 3564 3570 3579
f 3564 3579 3574
f 3570 3571 3581
f 3546 3573 3572
f 3548 3556 3609
f 3572 3573 3595
f 3548 3594 3573
f 3548 3609 3594
f 3547 3572 3580
f 3569 3575 3578
f 3569 3574 3575
f 3575 3584 3578
f 3567 3568 3577
f 3567 3577 3576
f 3568 3578 3577
f 3568 3569 3578
f 3576 3577 3586
f 3576 3586 3585
f 3577 3578 3587
f 3570 3581 3579
f 3574 3579 3582
f 3571 3580 3581
f 3574 3582 3575
f 3579 3581 3583
f 3579 3583 3582
f 3580 3590 3581
f 3581 3590 3583
f 3578 3584 3587
f 3584 4959 3587
f 3587 4959 4956
f 3577 3587 3586
f 3585 3586 3589
f 2239 3585 3589
f 3586 4956 3589
f 2239 3589 3588
f 3588 4950 4948
f 3588 3589 4950
f 3589 4956 4950
f 3586 3587 4956
f 3575 3582 3591
f 3582 3583 3592
f 3575 3591 3584
f 3582 3592 3591
f 3583 3593 3592
f 3583 3590 3593
f 3584 3591 4963
f 3584 4963 4959
f 3592 3593 4991
f 3591 3592 4965
f 3573 3594 4978
f 3573 4978 3595
f 3594 4984 4978
f 3594 3609 4987
f 3594 4987 4984
f 3572 3595 3580
f 3580 3595 3590
f 3590 3595 3596
f 3590 3596 3593
f 3595 4978 3596
f 3525 3609 3556
f 3525 4894 3609
f 3609 4894 4987
f 3513 3611 3610
f 3610 3611 3614
f 3514 3612 3611
f 2747 3612 3515
f 3611 3612 3615
f 2747 3616 3612
f 3610 3614 3613
f 3612 3616 3615
f 3611 3615 3614
f 3516 3610 3617
f 3610 3613 3617
f 3523 3617 3613
f 2747 2750 3616
f 3613 3614 3618
f 3613 3618 3621
f 3614 3620 3618
f 3615 3616 3619
f 3615 3619 3620
f 3616 3622 3619
f 3614 3615 3620
f 3618 3620 5051
f 3618 5048 3621
f 3618 5051 5048
f 3619 5050 3620
f 3619 3622 5049
f 3619 5049 5050
f 3620 5050 5051
f 3523 3613 3621
f 3523 3621 3528
f 3528 3621 5056
f 3621 5048 5056
f 2750 3622 3616
f 3622 3757 5049
f 3749 3781 3769
f 3749 3986 3781
f 3769 3781 3780
f 3750 5049 3762
f 3752 3754 3759
f 3751 3753 3752
f 3751 3975 3753
f 3754 3755 3759
f 3752 3753 3754
f 3756 3761 3758
f 3757 3758 3760
f 3757 3762 5049
f 3755 3756 3759
f 3755 3761 3756
f 3758 3761 3760
f 3757 3760 3762
f 3750 3762 3763
f 3750 3765 5055
f 3764 5055 3765
f 3750 3763 3765
f 3764 3793 5058
f 3792 5058 3793
f 3763 3795 3765
f 3763 3800 3795
f 3765 3795 3794
f 3764 3765 3794
f 3764 3794 3793
f 3755 3766 3761
f 3761 3766 3767
f 3749 3753 3975
f 3753 3769 3754
f 3754 3769 3768
f 3749 3769 3753
f 3754 3768 3755
f 3755 3768 3766
f 3766 3802 3799
f 3766 3799 3767
f 3767 3801 3770
f 3770 3801 3800
f 3767 3799 3801
f 3768 3769 3780
f 3766 3768 3802
f 3768 3780 3802
f 3760 3770 3762
f 3760 3761 3767
f 3760 3767 3770
f 3762 3770 3763
f 3763 3770 3800
f 4077 5090 5091
f 3773 5083 5084
f 3771 3774 5084
f 3772 5083 3773
f 3771 3808 3774
f 3773 5084 3774
f 3776 3779 5102
f 3775 5104 4078
f 3777 4076 5091
f 3775 4080 3778
f 3777 3778 4079
f 3775 4078 4080
f 3776 4083 3779
f 3779 4078 5104
f 3774 3808 4152
f 3774 4152 4082
f 3772 3773 4081
f 3773 3774 4082
f 3772 4081 3776
f 3773 4082 4081
f 3781 3986 3782
f 3780 3784 3802
f 3780 3781 3785
f 3780 3785 3784
f 3783 3802 3784
f 3781 3782 3785
f 3788 3989 4121
f 3788 4121 4122
f 3783 3786 3804
f 3786 3811 3804
f 3782 3989 3788
f 3782 3788 3785
f 3785 3788 3787
f 3784 3785 3787
f 3783 3784 3789
f 3784 3787 3789
f 3783 3789 3786
f 3786 4128 3811
f 3786 4130 4128
f 3811 4128 4127
f 3787 4129 3789
f 3787 3788 4122
f 3787 4122 4129
f 3789 4129 4130
f 3786 3789 4130
f 3790 3795 3800
f 3790 3791 3795
f 3792 3797 5123
f 3792 3793 3796
f 3793 3794 3798
f 3791 3794 3795
f 3793 3798 3796
f 3792 3796 3797
f 3771 5123 3797
f 3791 3798 3794
f 3799 3804 3801
f 3800 3801 3803
f 3783 3799 3802
f 3783 3804 3799
f 3801 3804 3803
f 3790 3800 3803
f 3790 3810 3806
f 3791 3807 3798
f 3790 3806 3791
f 3798 3807 3805
f 3791 3806 3807
f 3805 4144 3809
f 3805 4147 4144
f 3809 4144 4143
f 3806 3810 4145
f 3806 4145 4146
f 3805 3807 4147
f 3806 4146 3807
f 3807 4146 4147
f 3796 3798 3805
f 3796 3809 3797
f 3797 3809 3808
f 3796 3805 3809
f 3771 3797 3808
f 3808 3809 4143
f 3808 4143 4152
f 3790 3803 3810
f 3803 3804 3811
f 3803 3811 3810
f 3810 3811 4127
f 3810 4127 4145
f 3812 3813 3821
f 3813 3814 3822
f 3814 3815 3823
f 3815 3816 3824
f 3812 3821 3820
f 3813 3822 3821
f 3814 3823 3822
f 3815 3824 3823
f 3816 3817 3825
f 3817 3818 3826
f 3818 3819 3827
f 3816 3825 3824
f 3817 3826 3825
f 3818 3827 3826
f 3820 3821 3829
f 3821 3822 3830
f 3822 3823 3831
f 3823 3824 3832
f 3824 3825 3833
f 3825 3826 3834
f 3826 3827 3835
f 3819 3838 3827
f 3827 3839 3835
f 3820 3829 3828
f 3821 3830 3829
f 3822 3831 3830
f 3823 3832 3831
f 3824 3833 3832
f 3825 3834 3833
f 3826 3835 3834
f 3828 3829 3851
f 3829 3830 3852
f 3830 3831 3853
f 3831 3832 3854
f 3829 3852 3851
f 3830 3853 3852
f 3831 3854 3853
f 3832 3833 3855
f 3833 3834 3856
f 3834 3835 3857
f 3832 3855 3854
f 3833 3856 3855
f 3834 3857 3856
f 3835 3836 3857
f 3836 3839 3862
f 3836 3837 3857
f 3836 3863 3837
f 3827 3838 3839
f 3838 3861 3839
f 3835 3839 3836
f 3840 3852 3841
f 3841 3853 3842
f 3842 3854 3843
f 3843 3855 3844
f 3844 3856 3845
f 3842 3843 3848
f 3843 3844 3849
f 3844 3845 3850
f 3837 3845 3857
f 3845 3858 3850
f 3840 3841 3846
f 3841 3842 3847
f 3841 3847 3846
f 3842 3848 3847
f 3843 3849 3848
f 3844 3850 3849
f 3846 3847 3877
f 3847 3848 3878
f 3848 3849 3879
f 3849 3850 3880
f 3847 3878 3877
f 3848 3879 3878
f 3849 3880 3879
f 3850 3859 3880
f 3840 3851 3852
f 3841 3852 3853
f 3842 3853 3854
f 3843 3854 3855
f 3844 3855 3856
f 3845 3856 3857
f 3837 3858 3845
f 3837 3864 3858
f 3858 3869 3859
f 3850 3858 3859
f 3859 3860 3880
f 3859 3870 3860
f 3839 3861 3862
f 3836 3862 3863
f 3837 3863 3864
f 3861 3865 3862
f 3862 3866 3863
f 3862 3865 3866
f 3863 3867 3864
f 3863 3866 3867
f 3864 3867 3868
f 3858 3864 3869
f 3859 3869 3870
f 3860 3870 3871
f 3864 3868 3869
f 3869 3872 3870
f 3868 3872 3869
f 3870 3872 3873
f 3870 3873 3871
f 3871 3873 3874
f 3875 3876 3955
f 3878 3879 3882
f 3877 3878 3881
f 3879 3880 3883
f 3878 3882 3881
f 3879 3883 3882
f 3860 3883 3880
f 3883 3886 3885
f 3881 3882 3884
f 3882 3883 3885
f 3882 3885 3884
f 3884 3885 3890
f 3885 3888 3890
f 3860 3886 3883
f 3860 3871 3886
f 3886 3895 3888
f 3885 3886 3888
f 3887 3890 3888
f 3887 3889 3890
f 3889 3892 3891
f 3875 3955 3891
f 3887 3892 3889
f 3875 3891 3892
f 3875 3898 3893
f 3875 3893 3876
f 3876 3894 3958
f 3876 3893 3894
f 3893 3898 3926
f 3893 3926 3927
f 3893 3927 3894
f 3894 3928 3969
f 3928 3929 3969
f 3894 3927 3928
f 3888 3895 3896
f 3871 3895 3886
f 3887 3888 3896
f 3887 3896 3897
f 3871 3874 3895
f 3895 3933 3896
f 3874 3933 3895
f 3896 3933 3934
f 3896 3934 3897
f 3897 3935 3898
f 3897 3934 3935
f 3887 3897 3892
f 3875 3892 3898
f 3892 3897 3898
f 3898 3935 3926
f 3865 3902 3866
f 3866 3903 3867
f 3866 3902 3903
f 3867 3904 3868
f 3868 3904 3905
f 3867 3903 3904
f 3903 3912 3913
f 3903 3913 3904
f 3904 3913 3914
f 3902 3912 3903
f 3904 3914 3905
f 3905 3915 3906
f 3905 3914 3915
f 3868 3905 3872
f 3872 3906 3873
f 3872 3905 3906
f 3873 3906 3907
f 3873 3907 3874
f 3874 3908 3933
f 3874 3907 3908
f 3906 3915 3920
f 3906 3920 3907
f 3907 3920 3921
f 3907 3921 3908
f 3908 3922 3936
f 3910 3938 3922
f 3909 3910 3922
f 3910 3911 3938
f 3912 3916 3913
f 3913 3917 3914
f 3914 3918 3915
f 3915 3919 3920
f 3913 3916 3917
f 3914 3917 3918
f 3916 4504 3917
f 3917 4505 3918
f 3915 3918 3919
f 3918 4506 3919
f 3919 4507 3923
f 3920 3923 3921
f 3908 3921 3922
f 3922 3938 3936
f 3909 3922 3921
f 3919 3923 3920
f 3909 3921 3923
f 3924 3926 3935
f 3924 3937 3939
f 3924 3925 3926
f 3924 3940 3925
f 3925 3927 3926
f 3927 3930 3928
f 3928 3931 3929
f 3929 3932 3980
f 3928 3930 3931
f 3925 3930 3927
f 3930 3946 3931
f 3925 3941 3930
f 3929 3931 3932
f 3931 3947 3932
f 3932 3948 3981
f 3933 3936 3934
f 3908 3936 3933
f 3934 3936 3937
f 3934 3937 3935
f 3924 3935 3937
f 3936 3938 3937
f 3937 3938 3939
f 3911 3939 3938
f 3924 3939 3940
f 3925 3940 3941
f 3911 3942 3939
f 3939 3942 3940
f 3940 3942 3944
f 3941 3943 3946
f 3940 3944 3941
f 3943 3950 3946
f 3941 3944 3943
f 3945 3981 3948
f 3931 3946 3947
f 3930 3941 3946
f 3932 3947 3948
f 3945 3948 3949
f 3945 3949 4534
f 3946 3950 3947
f 3947 3951 3948
f 3947 3950 3951
f 3948 3951 3949
f 3876 3956 3955
f 3956 3958 3957
f 3957 3959 3963
f 3957 3958 3959
f 3876 3958 3956
f 3959 3960 3963
f 3961 3964 3965
f 3961 3966 3962
f 3960 3964 3963
f 3961 3965 3966
f 3962 3966 3967
f 3960 3965 3964
f 3965 3971 3968
f 3958 3969 3959
f 3959 3969 3970
f 3894 3969 3958
f 3959 3970 3960
f 3960 3971 3965
f 3960 3970 3971
f 3968 3971 3978
f 3968 3978 3979
f 3929 3970 3969
f 3970 3980 3971
f 3929 3980 3970
f 3971 3980 3978
f 3965 3968 3966
f 3966 3968 3972
f 3967 3973 3975
f 3966 3972 3967
f 3967 3972 3973
f 3749 3975 3973
f 3972 3985 3973
f 3968 3979 3972
f 3973 3985 3986
f 3972 3979 3985
f 3749 3973 3986
f 3962 3967 3974
f 3751 3974 3975
f 3967 3975 3974
f 3978 3980 3981
f 3979 3983 3985
f 3978 3982 3979
f 3978 3981 3982
f 3945 3982 3981
f 3982 3987 3983
f 3983 3984 3985
f 3979 3982 3983
f 3983 3988 3984
f 3932 3981 3980
f 3984 3986 3985
f 3782 3986 3984
f 3983 3987 3988
f 3945 3987 3982
f 3984 3988 3989
f 3987 4774 3988
f 3945 4534 3987
f 3988 4774 4775
f 3987 4534 4774
f 3988 4775 3989
f 3989 4775 4121
f 3782 3984 3989
f 3994 4138 4550
f 3994 3996 4138
f 3994 3995 3997
f 3994 3997 3996
f 3996 3997 4335
f 3993 3998 3995
f 3995 3998 3997
f 3993 4004 3998
f 3997 3998 3999
f 3997 3999 4335
f 3993 4000 4004
f 4000 4002 4004
f 4001 4025 4027
f 4000 4001 4002
f 4002 4028 4008
f 4002 4027 4028
f 4001 4027 4002
f 3999 4005 4003
f 3999 4003 4331
f 4003 4005 4007
f 3998 4004 4005
f 4004 4008 4005
f 3998 4005 3999
f 4005 4008 4007
f 4007 4008 4033
f 4003 4006 4341
f 4006 4344 4341
f 4003 4007 4006
f 4006 4035 4344
f 4006 4007 4034
f 4002 4008 4004
f 4009 4723 4011
f 4010 4011 4723
f 4009 4011 4030
f 4010 4013 4015
f 4013 4731 4016
f 4010 4015 4011
f 4011 4014 4030
f 4011 4015 4014
f 4014 4015 4018
f 4013 4017 4015
f 4012 4016 4731
f 4013 4016 4017
f 4015 4017 4018
f 4014 4018 4060
f 4020 4416 4036
f 4019 4416 4020
f 4020 4043 4022
f 4019 4024 4422
f 4019 4020 4023
f 4020 4022 4023
f 4019 4023 4024
f 4021 4422 4024
f 4028 4032 4039
f 4025 4026 4027
f 4009 4026 4025
f 4027 4032 4028
f 4026 4032 4027
f 4029 4039 4032
f 4029 4032 4031
f 4026 4031 4032
f 4009 4030 4026
f 4026 4030 4031
f 4008 4028 4033
f 4034 4037 4038
f 4028 4039 4033
f 4033 4037 4034
f 4033 4039 4037
f 4006 4034 4035
f 4035 4036 4344
f 4007 4033 4034
f 4035 4043 4036
f 4034 4038 4035
f 4035 4038 4043
f 4020 4036 4043
f 4038 4042 4043
f 4037 4041 4038
f 4037 4039 4040
f 4037 4040 4041
f 4038 4041 4042
f 4022 4043 4042
f 4029 4040 4039
f 4022 4045 4046
f 4021 4024 4047
f 4023 4049 4024
f 4022 4046 4023
f 4021 4047 4048
f 4023 4046 4049
f 4024 4049 4047
f 4048 4054 4424
f 4050 4424 4054
f 4044 4052 4045
f 4046 4053 4049
f 4045 4052 4046
f 4049 4053 4051
f 4046 4052 4053
f 4047 4055 4048
f 4048 4055 4054
f 4047 4051 4055
f 4047 4049 4051
f 4031 4059 4057
f 4029 4031 4057
f 4029 4058 4040
f 4040 4058 4056
f 4029 4057 4058
f 4030 4059 4031
f 4014 4059 4030
f 4014 4060 4059
f 4059 4060 4061
f 4057 4059 4061
f 4058 4064 4062
f 4056 4063 4065
f 4056 4058 4062
f 4044 4065 4063
f 4056 4062 4063
f 4057 4064 4058
f 4057 4061 4064
f 4041 4065 4042
f 4040 4056 4041
f 4022 4042 4045
f 4042 4065 4045
f 4041 4056 4065
f 4044 4045 4065
f 4069 5089 4070
f 4070 5090 4077
f 4069 4070 4072
f 4071 4072 4109
f 4071 4109 4091
f 4070 4084 4072
f 4069 4072 4071
f 4075 4096 4090
f 4078 4088 4080
f 4079 4080 4087
f 4078 4089 4088
f 4076 4077 5091
f 3777 4079 4076
f 3778 4080 4079
f 3779 4089 4078
f 4076 4085 4077
f 4070 4077 4084
f 4076 4079 4086
f 3779 4083 4089
f 4081 4082 4090
f 4081 4090 4083
f 4075 4082 4152
f 3776 4081 4083
f 4076 4086 4085
f 4079 4087 4086
f 4080 4088 4087
f 4072 4084 4108
f 4084 4085 4110
f 4072 4108 4109
f 4084 4110 4108
f 4086 4087 4112
f 4085 4111 4110
f 4086 4112 4111
f 4085 4086 4111
f 4077 4085 4084
f 4074 4089 4083
f 4074 4083 4090
f 4075 4090 4082
f 4088 4089 4095
f 4087 4088 4094
f 4074 4095 4089
f 4100 4110 4111
f 4104 4111 4112
f 4098 4108 4099
f 4099 4110 4100
f 4100 4111 4104
f 4075 4153 4096
f 4074 4090 4096
f 4094 4106 4105
f 4094 4105 4112
f 4094 4095 4106
f 4104 4112 4105
f 4074 4096 4107
f 4095 4107 4106
f 4074 4107 4095
f 4097 4098 4103
f 4097 4101 4114
f 4099 4100 4255
f 4098 4099 4238
f 4101 4102 4114
f 4097 4103 4101
f 4098 4238 4103
f 4099 4255 4238
f 4096 4153 4446
f 4096 4446 4107
f 4105 4245 4242
f 4106 4107 4246
f 4106 4246 4245
f 4107 4446 4246
f 4100 4104 4241
f 4104 4105 4242
f 4105 4106 4245
f 4100 4241 4255
f 4104 4242 4241
f 4091 4109 4097
f 4087 4094 4112
f 4098 4109 4108
f 4091 4097 4114
f 4097 4109 4098
f 4099 4108 4110
f 4088 4095 4094
f 4120 4145 4133
f 4120 4133 4134
f 4120 4136 4150
f 4121 4775 4123
f 4122 4126 4129
f 4121 4124 4122
f 4121 4123 4124
f 4123 4138 4124
f 4125 4129 4126
f 4122 4124 4126
f 4125 4141 4131
f 4125 4126 4140
f 4124 4139 4126
f 4128 4130 4131
f 4127 4133 4145
f 4127 4128 4132
f 4125 4130 4129
f 4128 4131 4132
f 4132 4142 4133
f 4131 4137 4132
f 4127 4132 4133
f 4125 4131 4130
f 4135 4150 4136
f 4120 4134 4136
f 4155 4306 4294
f 4134 4301 4136
f 4136 4301 4300
f 4135 4136 4300
f 4135 4306 4155
f 4135 4300 4306
f 4131 4141 4137
f 4123 4550 4138
f 4124 4138 4139
f 4125 4140 4141
f 4126 4139 4140
f 4137 4322 4142
f 4137 4141 4321
f 4137 4321 4322
f 4139 4328 4140
f 3996 4139 4138
f 4140 4328 4329
f 3996 4328 4139
f 4140 4329 4141
f 4141 4329 4321
f 4133 4142 4134
f 4132 4137 4142
f 4134 4142 4346
f 4134 4346 4301
f 4142 4322 4346
f 4143 4148 4152
f 4143 4144 4149
f 4144 4147 4151
f 4146 4150 4147
f 4120 4146 4145
f 4149 4151 4155
f 4143 4149 4148
f 4075 4152 4148
f 4144 4151 4149
f 4075 4148 4153
f 4148 4149 4154
f 4147 4150 4151
f 4120 4150 4146
f 4135 4151 4150
f 4148 4154 4153
f 4149 4155 4154
f 4135 4155 4151
f 4153 4154 4447
f 4154 4155 4294
f 4153 4447 4446
f 4154 4294 4447
f 4165 4267 4182
f 4160 4271 4272
f 4156 4158 4253
f 4157 4253 4158
f 4156 4312 4158
f 4157 4162 4272
f 4159 4271 4160
f 4159 4181 4273
f 4181 4182 4273
f 4159 4160 4183
f 4161 4185 4163
f 4160 4272 4162
f 4158 4312 4161
f 4157 4163 4162
f 4158 4161 4163
f 4157 4158 4163
f 4160 4162 4186
f 4162 4163 4184
f 4171 4276 4278
f 4172 4277 4279
f 4176 4278 4277
f 4164 4173 4279
f 4164 4165 4174
f 4165 4182 4175
f 4172 4176 4277
f 4170 4276 4171
f 4171 4278 4176
f 4172 4279 4173
f 4164 4174 4173
f 4165 4175 4174
f 4169 4174 4189
f 4170 4171 4178
f 4166 4171 4176
f 4167 4176 4172
f 4168 4172 4173
f 4169 4173 4174
f 4174 4175 4189
f 4170 4178 4177
f 4166 4178 4171
f 4167 4172 4168
f 4166 4176 4167
f 4168 4173 4169
f 4180 4195 4196
f 4179 4195 4180
f 4180 4196 4378
f 4183 4194 4187
f 4159 4183 4181
f 4181 4192 4182
f 4175 4182 4192
f 4181 4187 4192
f 4181 4183 4187
f 4163 4185 4184
f 4161 4384 4185
f 4183 4186 4194
f 4184 4193 4186
f 4186 4193 4194
f 4184 4195 4193
f 4185 4384 4196
f 4185 4196 4195
f 4184 4185 4195
f 4160 4186 4183
f 4162 4184 4186
f 4187 4190 4192
f 4187 4194 4191
f 4175 4188 4189
f 4188 4192 4190
f 4187 4191 4190
f 4175 4192 4188
f 4193 4197 4194
f 4179 4193 4195
f 4191 4194 4197
f 4179 4197 4193
f 4177 4178 4204
f 4166 4200 4178
f 4167 4168 4201
f 4168 4169 4225
f 4166 4167 4202
f 4177 4204 4203
f 4178 4200 4204
f 4166 4202 4200
f 4167 4201 4202
f 4168 4225 4201
f 4198 4203 4204
f 4200 4202 4212
f 4201 4213 4202
f 4199 4204 4200
f 4198 4205 4203
f 4198 4204 4199
f 4199 4200 4212
f 4191 4208 4207
f 4179 4209 4197
f 4180 4378 4211
f 4179 4180 4210
f 4197 4209 4208
f 4179 4210 4209
f 4180 4211 4210
f 4218 4226 4227
f 4201 4214 4213
f 4214 4225 4215
f 4215 4224 4216
f 4216 4226 4218
f 4207 4219 4227
f 4207 4208 4217
f 4218 4227 4219
f 4207 4217 4219
f 4211 4388 4222
f 4211 4222 4221
f 4208 4209 4223
f 4209 4210 4220
f 4208 4223 4217
f 4209 4220 4223
f 4210 4211 4221
f 4210 4221 4220
f 4188 4190 4227
f 4169 4224 4225
f 4189 4226 4224
f 4188 4227 4226
f 4169 4189 4224
f 4188 4226 4189
f 4190 4191 4207
f 4190 4207 4227
f 4191 4197 4208
f 4201 4225 4214
f 4215 4225 4224
f 4216 4224 4226
f 4202 4213 4212
f 4230 4231 4257
f 4231 4232 4260
f 4228 4233 4239
f 4232 4239 4233
f 4229 4249 4234
f 4228 4229 4234
f 4228 4234 4233
f 4232 4233 4261
f 4233 4234 4258
f 4101 4235 4102
f 4102 4235 4236
f 4101 4239 4235
f 4103 4238 4228
f 4101 4103 4239
f 4229 4238 4255
f 4103 4228 4239
f 4228 4238 4229
f 4231 4236 4235
f 4232 4235 4239
f 4230 4236 4231
f 4231 4235 4232
f 4241 4243 4255
f 4241 4242 4244
f 4229 4255 4243
f 4241 4244 4243
f 4242 4254 4244
f 4246 4446 4251
f 4246 4251 4250
f 4242 4245 4254
f 4245 4246 4250
f 4245 4250 4254
f 4244 4254 4248
f 4244 4248 4247
f 4229 4243 4249
f 4243 4247 4249
f 4243 4244 4247
f 4250 4252 4254
f 4250 4251 4253
f 4250 4253 4252
f 4248 4254 4252
f 4156 4253 4251
f 4231 4260 4257
f 4230 4257 4256
f 4256 4257 4262
f 4234 4259 4258
f 4260 4261 4265
f 4258 4266 4261
f 4258 4259 4267
f 4232 4261 4260
f 4233 4258 4261
f 4234 4249 4259
f 4257 4260 4263
f 4256 4262 4264
f 4257 4263 4262
f 4260 4265 4263
f 4261 4266 4265
f 4258 4267 4266
f 4262 4263 4277
f 4263 4265 4279
f 4164 4265 4266
f 4264 4278 4276
f 4164 4279 4265
f 4262 4277 4278
f 4263 4279 4277
f 4262 4278 4264
f 4165 4266 4267
f 4164 4266 4165
f 4247 4270 4249
f 4249 4270 4259
f 4248 4272 4271
f 4247 4248 4271
f 4247 4271 4270
f 4259 4270 4273
f 4159 4270 4271
f 4248 4252 4272
f 4157 4272 4252
f 4157 4252 4253
f 4259 4273 4267
f 4159 4273 4270
f 4182 4267 4273
f 4304 4325 4326
f 4290 4305 4326
f 4289 4305 4290
f 4292 4349 4319
f 4289 4291 4292
f 4289 4290 4291
f 4291 4351 4292
f 4295 4447 4298
f 4294 4306 4307
f 4294 4307 4298
f 4294 4298 4447
f 4295 4297 4448
f 4296 4448 4297
f 4295 4299 4297
f 4293 4298 4307
f 4293 4299 4298
f 4295 4298 4299
f 4300 4302 4306
f 4301 4325 4304
f 4300 4301 4304
f 4300 4304 4302
f 4302 4305 4303
f 4302 4303 4307
f 4293 4307 4303
f 4302 4304 4305
f 4304 4326 4305
f 4302 4307 4306
f 4309 4387 4310
f 4308 4309 4314
f 4309 4310 4314
f 4310 4372 4316
f 4296 4313 4312
f 4156 4296 4312
f 4296 4297 4311
f 4296 4311 4313
f 4299 4308 4314
f 4297 4299 4314
f 4297 4314 4311
f 4293 4308 4299
f 4313 4317 4315
f 4311 4316 4313
f 4313 4316 4317
f 4161 4315 4384
f 4315 4317 4385
f 4316 4373 4317
f 4312 4313 4315
f 4161 4312 4315
f 4310 4311 4314
f 4310 4316 4311
f 4289 4318 4303
f 4293 4303 4318
f 4293 4318 4308
f 4289 4303 4305
f 4308 4318 4319
f 4308 4319 4309
f 4289 4292 4318
f 4292 4319 4318
f 4309 4319 4350
f 4320 4327 4334
f 4322 4323 4346
f 4323 4325 4346
f 4322 4327 4323
f 4321 4332 4327
f 4321 4327 4322
f 4323 4324 4325
f 4324 4326 4325
f 4320 4323 4327
f 4320 4324 4323
f 4328 4335 4333
f 4329 4333 4332
f 4321 4329 4332
f 4328 4333 4329
f 3996 4335 4328
f 4331 4333 4335
f 3999 4331 4335
f 4330 4333 4331
f 4330 4332 4333
f 4327 4332 4334
f 4330 4334 4332
f 4320 4334 4343
f 4320 4343 4336
f 4338 4417 4340
f 4337 4343 4345
f 4337 4345 4416
f 4337 4415 4338
f 4336 4337 4338
f 4336 4338 4339
f 4336 4343 4337
f 4324 4336 4339
f 4324 4339 4326
f 4290 4326 4339
f 4320 4336 4324
f 4290 4339 4340
f 4290 4340 4291
f 4338 4340 4339
f 4291 4340 4414
f 4330 4331 4341
f 4330 4342 4334
f 4334 4342 4343
f 4330 4341 4342
f 4003 4341 4331
f 4341 4344 4342
f 4342 4344 4345
f 4342 4345 4343
f 4036 4345 4344
f 4301 4346 4325
f 4347 4382 4355
f 4357 4420 4421
f 4348 4357 4421
f 4319 4349 4350
f 4350 4354 4387
f 4353 4387 4354
f 4349 4356 4350
f 4350 4356 4354
f 4291 4414 4351
f 4349 4351 4357
f 4349 4357 4356
f 4351 4420 4357
f 4292 4351 4349
f 4354 4356 4358
f 4352 4354 4358
f 4352 4353 4354
f 4353 4355 4382
f 4352 4355 4353
f 4348 4356 4357
f 4348 4358 4356
f 4347 4360 4383
f 4347 4369 4360
f 4359 4383 4360
f 4359 4363 4390
f 4362 4390 4363
f 4359 4360 4361
f 4359 4361 4363
f 4348 4365 4358
f 4348 4421 4423
f 4358 4365 4364
f 4348 4423 4365
f 4366 4370 4368
f 4365 4425 4367
f 4364 4367 4368
f 4364 4368 4370
f 4364 4365 4367
f 4352 4370 4355
f 4355 4370 4369
f 4352 4364 4370
f 4347 4355 4369
f 4352 4358 4364
f 4360 4369 4371
f 4360 4371 4361
f 4366 4369 4370
f 4366 4371 4369
f 4376 4385 4386
f 4375 4385 4376
f 4373 4381 4386
f 4377 4386 4381
f 4376 4386 4377
f 4310 4387 4372
f 4372 4382 4373
f 4373 4382 4381
f 4353 4372 4387
f 4353 4382 4372
f 4316 4372 4373
f 4374 4377 4383
f 4196 4375 4378
f 4375 4376 4379
f 4376 4377 4380
f 4376 4380 4379
f 4375 4379 4378
f 4374 4380 4377
f 4377 4381 4383
f 4347 4381 4382
f 4347 4383 4381
f 4315 4385 4384
f 4317 4386 4385
f 4317 4373 4386
f 4375 4384 4385
f 4196 4384 4375
f 4309 4350 4387
f 4374 4391 4380
f 4379 4389 4388
f 4380 4391 4389
f 4374 4390 4391
f 4378 4379 4388
f 4379 4380 4389
f 4211 4378 4388
f 4359 4374 4383
f 4359 4390 4374
f 4389 4393 4392
f 4388 4389 4392
f 4222 4388 4392
f 4389 4391 4393
f 4390 4394 4391
f 4391 4394 4393
f 4362 4394 4390
f 4340 4417 4414
f 4414 4418 4420
f 4414 4417 4418
f 4338 4415 4417
f 4337 4416 4415
f 4415 4422 4417
f 4417 4422 4418
f 4019 4415 4416
f 4019 4422 4415
f 4418 4419 4420
f 4419 4421 4420
f 4021 4418 4422
f 4021 4419 4418
f 4351 4414 4420
f 4036 4416 4345
f 4419 4424 4421
f 4421 4424 4423
f 4048 4424 4419
f 4021 4048 4419
f 4050 4423 4424
f 4050 4425 4423
f 4365 4423 4425
f 4295 4446 4447
f 4295 4448 4446
f 4251 4446 4448
f 4156 4251 4448
f 4156 4448 4296
f 3923 4507 4500
f 4499 4500 4507
f 4498 4499 4507
f 4499 4519 4500
f 3909 3923 4500
f 3909 4501 3910
f 3909 4500 4501
f 3910 4502 3911
f 3910 4501 4502
f 3911 4502 4503
f 4500 4519 4501
f 4501 4520 4502
f 4501 4519 4520
f 4502 4520 4521
f 4502 4521 4503
f 4503 4522 4530
f 4503 4521 4522
f 3917 4504 4505
f 3918 4505 4506
f 3919 4506 4507
f 4504 4508 4505
f 4505 4508 4509
f 4505 4509 4506
f 4498 4506 4509
f 4498 4507 4506
f 4498 4509 4511
f 4509 4510 4511
f 4498 4511 4515
f 4498 4515 4499
f 4499 4516 4519
f 4499 4515 4516
f 4516 4523 4519
f 4510 4513 4511
f 4510 4512 4513
f 4511 4513 4514
f 4511 4514 4515
f 4512 4558 4513
f 4513 4558 4559
f 4512 4557 4558
f 4513 4559 4514
f 4514 4559 4565
f 4515 4517 4516
f 4516 4518 4523
f 4514 4517 4515
f 4514 4565 4517
f 4516 4517 4518
f 4517 4566 4518
f 4518 4564 4526
f 4519 4523 4520
f 4520 4523 4524
f 4520 4524 4521
f 4522 4528 4540
f 4521 4527 4522
f 4521 4524 4527
f 4524 4526 4525
f 4524 4525 4527
f 4525 4587 4527
f 4518 4526 4523
f 4523 4526 4524
f 4522 4527 4528
f 4528 4529 4540
f 4527 4587 4528
f 4528 4587 4588
f 4528 4588 4529
f 4529 4588 4688
f 4508 4510 4509
f 3911 4503 3942
f 3942 4530 3944
f 3942 4503 4530
f 3944 4530 4531
f 3943 4532 3950
f 3943 3944 4531
f 3943 4531 4532
f 3950 4532 4533
f 4531 4541 4532
f 4530 4540 4531
f 4522 4540 4530
f 4532 4542 4533
f 4533 4539 4535
f 3949 3951 4535
f 3949 4535 4536
f 4534 4537 4774
f 3949 4536 4534
f 4537 4538 4774
f 4534 4536 4537
f 3950 4533 3951
f 3951 4533 4535
f 4535 4547 4536
f 4536 4548 4537
f 4537 4549 4538
f 4539 4543 4547
f 4531 4540 4541
f 4529 4541 4540
f 4541 4545 4542
f 4532 4541 4542
f 4533 4542 4539
f 4539 4542 4546
f 4539 4546 4543
f 4543 4544 4547
f 4543 4546 4684
f 4543 4685 4544
f 4529 4545 4541
f 4542 4545 4546
f 4529 4688 4545
f 4545 4690 4546
f 4535 4539 4547
f 4536 4547 4548
f 4537 4548 4549
f 4538 4549 4550
f 4544 4551 4548
f 4548 4551 4549
f 4544 4548 4547
f 4549 4551 4552
f 4549 4552 4550
f 3994 4550 4552
f 4557 4561 4558
f 4557 4560 4561
f 4558 4562 4559
f 4558 4561 4562
f 4559 4562 4563
f 4559 4563 4565
f 4562 4569 4570
f 4563 4570 4577
f 4560 4572 4561
f 4560 4571 4572
f 4561 4569 4562
f 4561 4572 4569
f 4562 4570 4563
f 4564 4566 4568
f 4517 4565 4566
f 4563 4567 4565
f 4565 4567 4566
f 4518 4566 4564
f 4563 4577 4567
f 4566 4567 4568
f 4564 4568 4585
f 4567 4578 4568
f 4568 4579 4585
f 4571 4574 4572
f 4571 4573 4574
f 4569 4572 4575
f 4572 4574 4575
f 4569 4576 4570
f 4569 4575 4576
f 4570 4580 4577
f 4570 4576 4580
f 4573 4608 4574
f 4574 4610 4575
f 4575 4609 4576
f 4576 4616 4580
f 4567 4577 4578
f 4577 4580 4581
f 4577 4581 4578
f 4568 4578 4579
f 4578 4582 4579
f 4580 4617 4581
f 4579 4582 4601
f 4578 4581 4582
f 4581 4618 4582
f 4582 4619 4601
f 4526 4564 4583
f 4525 4526 4583
f 4525 4584 4587
f 4525 4583 4584
f 4564 4585 4583
f 4583 4585 4586
f 4583 4586 4584
f 4584 4586 4590
f 4587 4589 4588
f 4584 4589 4587
f 4588 4589 4591
f 4588 4591 4688
f 4584 4590 4589
f 4589 4590 4603
f 4589 4603 4591
f 4591 4604 4691
f 4591 4603 4604
f 4604 4710 4691
f 4595 4596 4710
f 4593 4594 4606
f 4594 4595 4606
f 4595 4597 4596
f 4594 4597 4595
f 4596 4597 4598
f 4585 4599 4586
f 4579 4599 4585
f 4579 4601 4599
f 4586 4599 4600
f 4586 4600 4590
f 4599 4601 4602
f 4599 4602 4600
f 4592 4600 4602
f 4590 4605 4603
f 4590 4600 4605
f 4603 4605 4606
f 4603 4606 4604
f 4595 4710 4604
f 4595 4604 4606
f 4592 4605 4600
f 4593 4606 4605
f 4592 4593 4605
f 4622 4627 4643
f 4573 4607 4608
f 4574 4608 4610
f 4607 4611 4608
f 4608 4612 4610
f 4575 4610 4609
f 4576 4609 4616
f 4609 4610 4614
f 4609 4615 4616
f 4608 4611 4612
f 4607 4613 4611
f 4611 4613 4633
f 4611 4634 4612
f 4610 4612 4614
f 4609 4614 4615
f 4612 4635 4614
f 4614 4636 4615
f 4580 4616 4617
f 4581 4617 4618
f 4616 4620 4617
f 4617 4621 4618
f 4582 4618 4619
f 4618 4622 4619
f 4615 4620 4616
f 4617 4620 4621
f 4615 4640 4620
f 4620 4625 4621
f 4618 4621 4622
f 4619 4622 4643
f 4621 4626 4622
f 4628 4640 4636
f 4625 4640 4629
f 4621 4625 4626
f 4622 4626 4627
f 4625 4630 4626
f 4626 4631 4627
f 4624 4628 4636
f 4628 4629 4640
f 4625 4629 4630
f 4626 4630 4631
f 4627 4631 4663
f 4613 4632 4633
f 4611 4633 4634
f 4632 4638 4633
f 4633 4639 4634
f 4612 4634 4635
f 4614 4635 4636
f 4623 4635 4634
f 4624 4636 4635
f 4632 4637 4638
f 4633 4638 4639
f 4623 4634 4639
f 4623 4624 4635
f 4615 4636 4640
f 4620 4640 4625
f 4592 4642 4648
f 4643 4644 4657
f 4642 4657 4644
f 4642 4644 4645
f 4642 4645 4648
f 4645 4646 4648
f 4592 4648 4593
f 4593 4647 4594
f 4593 4648 4647
f 4594 4647 4649
f 4594 4649 4597
f 4597 4650 4598
f 4598 4651 4699
f 4597 4649 4650
f 4598 4650 4651
f 4646 4647 4648
f 4646 4652 4647
f 4647 4652 4649
f 4649 4653 4650
f 4649 4652 4653
f 4651 4654 4655
f 4651 4655 4717
f 4655 4656 4717
f 4650 4654 4651
f 4650 4653 4654
f 4601 4619 4657
f 4601 4657 4602
f 4619 4643 4657
f 4602 4657 4642
f 4592 4602 4642
f 4627 4658 4643
f 4643 4658 4644
f 4644 4658 4660
f 4627 4663 4658
f 4658 4664 4660
f 4644 4660 4645
f 4645 4660 4661
f 4645 4661 4646
f 4646 4661 4659
f 4659 4661 4665
f 4659 4666 4667
f 4660 4662 4661
f 4658 4663 4664
f 4660 4664 4662
f 4661 4662 4665
f 4659 4665 4666
f 4652 4667 4653
f 4652 4659 4667
f 4653 4668 4654
f 4653 4667 4668
f 4654 4668 4670
f 4646 4659 4652
f 4667 4673 4668
f 4668 4674 4670
f 4654 4670 4655
f 4655 4670 4669
f 4655 4669 4656
f 4656 4669 4671
f 4669 4670 4675
f 4669 4676 4671
f 4671 4672 4729
f 4666 4673 4667
f 4668 4673 4674
f 4670 4674 4675
f 4669 4675 4676
f 4671 4676 4672
f 4546 4690 4684
f 4683 4684 4690
f 4682 4683 4690
f 4692 4693 4695
f 4682 4692 4695
f 4682 4695 4694
f 4682 4694 4683
f 4685 4686 4711
f 4543 4684 4685
f 4683 4687 4684
f 4684 4687 4685
f 4544 4685 4711
f 4686 4687 4702
f 4683 4703 4687
f 4683 4694 4703
f 4687 4703 4702
f 4685 4687 4686
f 4545 4688 4689
f 4688 4691 4689
f 4591 4691 4688
f 4689 4691 4692
f 4682 4689 4692
f 4545 4689 4690
f 4682 4690 4689
f 4691 4710 4692
f 4692 4710 4693
f 4596 4693 4710
f 4693 4697 4695
f 4596 4696 4693
f 4693 4696 4697
f 4694 4695 4700
f 4695 4697 4700
f 4694 4700 4704
f 4596 4598 4696
f 4696 4698 4697
f 4598 4699 4696
f 4696 4699 4698
f 4697 4701 4700
f 4700 4706 4704
f 4697 4698 4701
f 4700 4701 4706
f 4702 4703 4705
f 4703 4704 4705
f 4686 4702 4714
f 4702 4708 4714
f 4702 4705 4708
f 4694 4704 4703
f 4704 4707 4705
f 4704 4706 4707
f 4705 4707 4709
f 4705 4709 4708
f 4025 4708 4709
f 4544 4711 4551
f 4551 4711 4712
f 4711 4713 4712
f 4551 4712 4552
f 3995 4552 4712
f 4686 4713 4711
f 4686 4714 4713
f 3993 4712 4713
f 3993 3995 4712
f 3993 4713 4000
f 3994 4552 3995
f 4000 4713 4714
f 4001 4714 4708
f 4000 4714 4001
f 4001 4708 4025
f 4701 4716 4706
f 4701 4715 4716
f 4698 4699 4718
f 4699 4717 4718
f 4698 4718 4715
f 4651 4717 4699
f 4698 4715 4701
f 4718 4721 4719
f 4716 4720 4724
f 4715 4718 4719
f 4715 4719 4720
f 4715 4720 4716
f 4717 4721 4718
f 4656 4721 4717
f 4706 4722 4707
f 4707 4722 4723
f 4706 4716 4722
f 4707 4723 4709
f 4009 4025 4709
f 4009 4709 4723
f 4716 4724 4722
f 4010 4723 4722
f 4010 4722 4724
f 4719 4721 4726
f 4721 4725 4726
f 4671 4729 4725
f 4725 4728 4726
f 4720 4727 4731
f 4719 4727 4720
f 4719 4726 4727
f 4726 4730 4727
f 4012 4731 4727
f 4656 4725 4721
f 4656 4671 4725
f 4725 4729 4728
f 4726 4728 4730
f 4012 4727 4730
f 4720 4731 4724
f 4013 4724 4731
f 4010 4724 4013
f 4538 4775 4774
f 4123 4775 4538
f 4123 4538 4550
f 4914 5010 5008
f 4893 4912 4990
f 4912 4914 5008
f 4894 4899 4987
f 4894 4895 4898
f 4895 4897 4900
f 4896 5056 5054
f 4896 4901 4897
f 4895 4900 4898
f 4894 4898 4899
f 4893 4987 4899
f 4897 4901 4900
f 4896 5054 4901
f 4904 5033 5034
f 4905 5034 4909
f 4903 5033 4904
f 4904 5034 4905
f 4907 4908 4917
f 4908 4913 4918
f 4903 4907 4906
f 4902 4903 4906
f 4903 4904 4907
f 4904 4905 4908
f 4904 4908 4907
f 4905 4913 4908
f 4906 4907 4916
f 4912 4928 4927
f 4914 4915 5010
f 4909 4910 4911
f 4910 5010 4915
f 4905 4909 4911
f 4893 4928 4912
f 4910 4921 4911
f 4910 4915 4921
f 4911 4922 4913
f 4905 4911 4913
f 4912 4927 4914
f 4907 4917 4916
f 4908 4918 4917
f 4916 4917 4919
f 4917 4918 4920
f 4917 4920 4919
f 4919 4920 5065
f 4914 4923 4915
f 4915 5069 4921
f 4914 4927 4923
f 4913 4922 5068
f 4918 5068 5070
f 4918 5070 4920
f 4915 4923 5069
f 4921 5059 4922
f 4911 4921 4922
f 4913 5068 4918
f 4901 5054 4926
f 4900 4925 4924
f 4901 4926 4925
f 4924 5075 4929
f 4929 5075 5074
f 4926 5123 5078
f 4924 4925 5077
f 4925 4926 5078
f 4924 5077 5075
f 4925 5078 5077
f 4898 4900 4924
f 4898 4929 4899
f 4899 4929 4928
f 4898 4924 4929
f 4893 4899 4928
f 4900 4901 4925
f 4928 4929 5074
f 4927 4928 5074
f 4923 4927 5076
f 4930 4994 4977
f 4931 4971 4933
f 4933 4971 4975
f 4932 4975 4982
f 4932 4933 4975
f 4930 4931 4995
f 4931 4933 4996
f 4932 4997 4933
f 4936 4938 4951
f 4936 4956 4959
f 4936 4960 4938
f 4936 4959 4960
f 4937 4955 4938
f 4934 4955 4937
f 4934 4939 4935
f 4934 4937 4939
f 4937 4962 4939
f 4937 4961 4962
f 4937 4938 4961
f 4938 4960 4961
f 4941 4957 4954
f 4935 4941 4954
f 4940 4957 4942
f 4941 4942 4957
f 4940 4942 4946
f 4940 4946 4943
f 4941 4944 4945
f 4942 4945 4947
f 4935 4944 4941
f 4935 4939 4944
f 4941 4945 4942
f 4939 4972 4944
f 4939 4962 4972
f 4944 4967 4945
f 4944 4972 4967
f 4942 4947 4946
f 4945 4970 4947
f 4948 4951 4949
f 4949 4955 4952
f 4948 4950 4951
f 4936 4951 4950
f 4949 4951 4955
f 4938 4955 4951
f 4934 4953 4952
f 4935 4954 4953
f 4934 4952 4955
f 4934 4935 4953
f 4936 4950 4956
f 4963 4965 4964
f 4958 4964 4966
f 4959 4963 4960
f 3591 4965 4963
f 4960 4963 4964
f 4960 4964 4961
f 4958 4962 4961
f 4958 4961 4964
f 3592 4991 4965
f 4964 4965 4966
f 4965 4991 4966
f 4945 4967 4970
f 4967 4972 4969
f 4958 4968 4962
f 4958 4973 4968
f 4967 4969 4971
f 4968 4969 4972
f 4967 4971 4970
f 4962 4968 4972
f 4968 4973 4974
f 4969 4974 4975
f 4958 4966 4973
f 4968 4974 4969
f 4966 4992 4973
f 4966 4991 4992
f 4973 4979 4974
f 4973 4992 4979
f 4974 4979 4982
f 4969 4975 4971
f 4974 4982 4975
f 4943 4946 4976
f 4946 4947 4977
f 4930 4947 4970
f 4946 4977 4976
f 4930 4977 4947
f 4976 4977 4993
f 4931 4970 4971
f 4930 4970 4931
f 3596 4985 4980
f 3596 4978 4985
f 4979 4992 4981
f 4980 4981 4992
f 4979 4981 4983
f 4980 4985 4981
f 4979 4983 4982
f 4981 4986 4983
f 4978 4984 4985
f 4981 4985 4986
f 4984 4986 4985
f 4989 4990 5008
f 4983 4989 4988
f 4982 4983 4988
f 4932 4982 4988
f 4984 4990 4986
f 4986 4990 4989
f 4983 4986 4989
f 4932 4988 5006
f 4988 4989 5007
f 4893 4990 4984
f 4893 4984 4987
f 3593 3596 4980
f 3593 4980 4991
f 4980 4992 4991
f 4977 4994 4993
f 4930 4995 4994
f 4993 4994 4999
f 4994 4995 4998
f 4994 4998 4999
f 4996 5002 5000
f 4996 4997 5002
f 4997 5006 5001
f 4997 5001 5002
f 4931 4996 4995
f 4933 4997 4996
f 4932 5006 4997
f 4995 4996 5000
f 4995 5000 4998
f 4998 5031 4999
f 4998 5032 5031
f 4998 5000 5032
f 5000 5002 5033
f 5001 5034 5002
f 5000 5033 5032
f 5002 5034 5033
f 4909 5034 5001
f 4989 5008 5007
f 5007 5010 5009
f 5006 5007 5009
f 5007 5008 5010
f 5001 5006 5009
f 4912 5008 4990
f 4988 5007 5006
f 4909 5001 5009
f 4910 5009 5010
f 4909 5009 4910
f 4902 5031 5032
f 4903 5032 5033
f 4902 5032 4903
f 5048 5053 5056
f 5048 5051 5052
f 5050 5055 5051
f 3750 5050 5049
f 5053 5054 5056
f 5048 5052 5053
f 5051 5055 5052
f 3750 5055 5050
f 5052 5058 5053
f 5053 5058 5057
f 3764 5058 5052
f 5053 5057 5054
f 4926 5054 5057
f 3764 5052 5055
f 3792 5057 5058
f 4926 5057 5123
f 3792 5123 5057
f 5060 5068 5061
f 5059 5069 5082
f 5062 5066 5071
f 5064 5071 5070
f 5062 5063 5066
f 5059 5079 5061
f 5060 5064 5070
f 5062 5071 5064
f 5060 5061 5101
f 5060 5088 5064
f 5061 5079 5101
f 4920 5071 5065
f 5065 5071 5066
f 4920 5070 5071
f 4922 5061 5068
f 4921 5069 5059
f 4922 5059 5061
f 5060 5070 5068
f 4927 5074 5076
f 4923 5081 5069
f 5069 5081 5082
f 5074 5080 5076
f 4923 5076 5081
f 5074 5075 5080
f 5075 5077 5083
f 5077 5078 5084
f 3771 5078 5123
f 5075 5083 5080
f 5076 5080 5103
f 5081 5102 5082
f 5081 5103 5102
f 5059 5082 5079
f 5076 5103 5081
f 5077 5084 5083
f 3771 5084 5078
f 5060 5101 5088
f 5062 5087 5086
f 5064 5088 5087
f 5085 5086 5090
f 5086 5087 5091
f 5062 5086 5063
f 5063 5086 5085
f 5062 5064 5087
f 5085 5090 5089
f 3777 5087 5088
f 5086 5091 5090
f 3777 5091 5087
f 4070 5089 5090
f 5079 5082 5104
f 3775 5101 5079
f 5082 5102 5104
f 3772 5080 5083
f 3772 5103 5080
f 3775 5079 5104
f 3778 5088 5101
f 3776 5102 5103
f 3779 5104 5102
f 3772 3776 5103
f 3775 3778 5101
f 3777 5088 3778
f 724 218 225
f 735 724 225
f 737 724 735
f 737 735 732
f 218 724 735
f 737 735 724
f 735 225 218
f 737 732 735
f 2231 2236 2232
f 2232 2236 2235
f 2235 2236 2240
f 2235 2240 2238
f 2238 2240 2239
f 2231 2908 3049
f 2908 2925 3054
f 2925 2939 3064
f 2908 3054 3049
f 2925 3064 3054
f 3049 3054 3066
f 3054 3067 3066
f 3054 3064 3067
f 3064 3077 3067
f 2939 3065 3064
f 2939 2988 3065
f 2988 3086 3065
f 3064 3065 3077
f 3065 3078 3077
f 3065 3086 3078
f 3066 3067 3069
f 3067 3077 3075
f 3067 3075 3069
f 3069 3075 3210
f 3075 3077 3079
f 3077 3078 3079
f 3078 3086 3098
f 3078 3098 3080
f 3078 3080 3079
f 3080 3098 3238
f 2988 2994 3086
f 2994 3089 3087
f 2994 3087 3086
f 3086 3087 3098
f 3087 3096 3099
f 3087 3089 3096
f 3089 3092 3096
f 3092 3176 3097
f 3092 3097 3096
f 3087 3099 3098
f 3098 3099 3238
f 3099 3100 3239
f 3099 3239 3238
f 3096 3100 3099
f 3096 3097 3100
f 3097 3182 3101
f 3097 3101 3100
f 3100 3101 3242
f 3100 3242 3239
f 2235 3182 3176
f 3097 3176 3182
f 2235 3184 3192
f 2235 3192 3182
f 3101 3182 3187
f 3101 3288 3242
f 3101 3187 3288
f 3182 3192 3187
f 3187 3290 3288
f 3184 3188 3193
f 3184 3193 3192
f 3188 3198 3201
f 3188 3201 3193
f 3187 3192 3202
f 3192 3193 3202
f 3187 3202 3290
f 3193 3483 3202
f 3193 3201 3483
f 3202 3623 3290
f 3075 3216 3210
f 3075 3079 3216
f 3079 3218 3216
f 3210 3216 3222
f 3216 3225 3222
f 3216 3218 3225
f 3079 3080 3218
f 3080 3219 3218
f 3080 3238 3219
f 3219 3238 3240
f 3218 3219 3233
f 3219 3240 3234
f 3222 3225 3226
f 3218 3233 3225
f 3225 3233 3230
f 3225 3230 3226
f 3230 3233 3250
f 3219 3234 3233
f 3234 3240 3243
f 3233 3234 3250
f 3234 3251 3250
f 3234 3243 3251
f 3238 3239 3240
f 3239 3242 3241
f 3239 3241 3240
f 3241 3242 3287
f 3240 3241 3243
f 3241 3244 3243
f 3243 3264 3251
f 3241 3287 3244
f 3243 3244 3264
f 3226 3230 3246
f 3230 3248 3246
f 3230 3250 3248
f 3248 3250 3252
f 3246 3248 3254
f 3248 3252 3255
f 3250 3251 3252
f 3251 3263 3252
f 3248 3255 3254
f 2236 3254 3255
f 2236 3255 3265
f 3252 3265 3255
f 2236 3265 3266
f 3251 3264 3263
f 3252 3263 3265
f 3263 3264 3293
f 3263 3293 3295
f 3263 3295 3265
f 3265 3295 3266
f 3242 3288 3287
f 3287 3288 3291
f 3244 3287 3289
f 3244 3294 3264
f 3244 3289 3294
f 3287 3291 3289
f 3289 3300 3294
f 3288 3290 3291
f 3290 3623 3624
f 3290 3624 3291
f 3289 3291 3292
f 3289 3292 3300
f 3291 3624 3292
f 3292 3634 3300
f 3264 3294 3293
f 3293 3294 3301
f 3293 3301 3296
f 3293 3296 3295
f 3266 3295 3297
f 3295 3296 3297
f 3294 3300 3301
f 3300 3634 3635
f 3300 3635 3301
f 3301 3635 3302
f 3296 3301 3302
f 3296 3303 3297
f 3296 3302 3303
f 3302 3637 3303
f 3198 3467 3482
f 3198 3482 3201
f 3467 3484 3482
f 3467 3477 3484
f 3477 3490 3504
f 3477 3504 3484
f 3201 3485 3483
f 3201 3482 3485
f 3202 3483 3623
f 3483 3485 3625
f 3482 3484 3486
f 3482 3486 3485
f 3485 3486 3628
f 3490 3506 3504
f 3490 3498 3506
f 3484 3504 3505
f 3484 3505 3486
f 3486 3505 3630
f 3504 3506 3507
f 3498 3549 3506
f 3504 3507 3505
f 3506 3550 3507
f 3505 3507 3650
f 2238 3549 3498
f 2238 3536 3551
f 3536 3542 3552
f 3542 3543 3553
f 3506 3549 3550
f 2238 3551 3549
f 3549 3551 3554
f 3549 3554 3550
f 3536 3552 3551
f 3542 3553 3552
f 3543 3597 3553
f 3551 3552 3554
f 3552 3553 3555
f 3552 3555 3554
f 3553 3600 3555
f 3543 3560 3597
f 3560 3565 3598
f 3560 3598 3597
f 3565 3599 3598
f 3565 3567 3599
f 3567 3603 3599
f 3553 3597 3600
f 3597 3598 3601
f 3597 3601 3600
f 3598 3599 3602
f 3598 3602 3601
f 3599 3606 3602
f 3567 3576 3603
f 3576 3585 3604
f 3576 3604 3603
f 2239 3604 3585
f 2239 3607 3604
f 3599 3603 3606
f 3603 3604 3607
f 3603 3607 3606
f 2239 3663 3607
f 3483 3625 3623
f 3623 3626 3624
f 3623 3625 3626
f 3485 3628 3625
f 3625 3629 3626
f 3292 3624 3627
f 3292 3627 3634
f 3624 3626 3627
f 3626 3632 3627
f 3627 3641 3634
f 3486 3630 3628
f 3625 3628 3629
f 3628 3631 3629
f 3505 3650 3630
f 3628 3630 3631
f 3630 3652 3631
f 3630 3650 3652
f 3626 3629 3632
f 3627 3632 3641
f 3629 3631 3633
f 3629 3633 3632
f 3632 3677 3641
f 3632 3633 3677
f 3634 3636 3635
f 3634 3641 3636
f 3635 3636 3639
f 3302 3635 3639
f 3302 3639 3637
f 3637 3639 3643
f 3636 3641 3642
f 3636 3642 3645
f 3641 3677 3642
f 3636 3645 3639
f 3639 3645 3643
f 3642 3681 3645
f 3643 3645 3682
f 3507 3550 3651
f 3507 3651 3650
f 3650 3651 3655
f 3650 3655 3652
f 3550 3554 3653
f 3550 3653 3651
f 3554 3555 3653
f 3555 3657 3653
f 3651 3664 3655
f 3651 3653 3664
f 3631 3652 3654
f 3631 3654 3633
f 3652 3656 3654
f 3633 3678 3677
f 3633 3654 3678
f 3652 3655 3656
f 3655 3667 3656
f 3654 3656 3679
f 3654 3679 3678
f 3555 3600 3657
f 3600 3601 3658
f 3600 3658 3657
f 3601 3602 3659
f 3601 3659 3658
f 3602 3660 3659
f 3653 3657 3664
f 3657 3658 3665
f 3657 3665 3664
f 3658 3659 3666
f 3658 3666 3665
f 3659 3669 3666
f 3602 3606 3660
f 3606 3607 3661
f 3606 3661 3660
f 3607 3663 3661
f 3659 3660 3669
f 3660 3661 3670
f 3660 3670 3669
f 3661 3671 3670
f 3661 3663 3671
f 3655 3664 3667
f 3664 3665 3667
f 3665 3668 3667
f 3665 3666 3668
f 3666 3673 3668
f 3656 3667 3685
f 3667 3668 3685
f 3666 3669 3673
f 3669 3670 3674
f 3670 3671 3675
f 3669 3674 3673
f 3668 3673 3687
f 3673 3674 3688
f 3670 3675 3674
f 3674 3675 3689
f 3677 3678 3680
f 3642 3677 3680
f 3642 3680 3681
f 3678 3679 3686
f 3678 3686 3680
f 3645 3681 3682
f 3680 3695 3681
f 3681 3696 3682
f 3681 3695 3696
f 3656 3685 3679
f 3668 3687 3685
f 3679 3685 3691
f 3680 3686 3695
f 3679 3691 3686
f 3673 3688 3687
f 3685 3687 3691
f 3687 3688 3692
f 3674 3689 3688
f 3688 3689 3693
f 3687 3692 3691
f 3688 3693 3692
f 3686 3698 3695
f 2240 3696 3695
f 3686 3691 3698
f 3691 3692 3698
f 3692 3699 3698
f 3692 3693 3699
f 2240 3695 3698
f 2240 3698 3699
f 13 14 203
f 13 203 204
f 13 204 213
f 204 215 213
f 213 215 224
f 213 224 227
f 215 225 224
f 13 19 20
f 13 20 21
f 19 231 20
f 13 21 22
f 20 231 233
f 20 233 21
f 13 22 23
f 21 233 242
f 13 23 24
f 21 242 22
f 13 24 25
f 22 242 246
f 22 246 23
f 13 25 14
f 23 246 254
f 23 254 24
f 24 254 290
f 24 290 25
f 25 290 297
f 25 297 26
f 14 25 26
f 26 297 310
f 14 26 27
f 26 310 27
f 13 228 19
f 19 228 232
f 13 229 228
f 19 232 231
f 228 236 232
f 231 234 233
f 231 235 234
f 231 232 235
f 233 234 243
f 232 236 245
f 232 245 235
f 228 229 238
f 228 238 236
f 236 238 266
f 229 239 238
f 238 239 267
f 233 243 242
f 234 244 243
f 234 250 244
f 234 235 250
f 236 252 245
f 235 251 250
f 235 245 251
f 242 243 247
f 243 244 248
f 242 247 246
f 243 248 247
f 244 250 257
f 244 249 248
f 244 257 249
f 250 258 257
f 250 251 258
f 245 252 253
f 236 266 252
f 245 253 251
f 252 263 253
f 246 247 255
f 247 248 256
f 248 249 259
f 246 255 254
f 247 256 255
f 248 259 256
f 249 260 259
f 249 257 261
f 249 261 260
f 257 258 264
f 254 255 291
f 255 256 292
f 256 259 293
f 259 260 294
f 254 291 290
f 255 292 291
f 256 293 292
f 259 294 293
f 260 295 294
f 260 296 295
f 257 264 261
f 260 261 296
f 251 262 258
f 251 253 262
f 253 265 262
f 253 263 265
f 258 305 264
f 258 262 305
f 263 268 265
f 262 265 307
f 262 307 305
f 238 267 266
f 252 266 269
f 252 269 263
f 266 276 269
f 266 267 276
f 263 269 270
f 263 270 268
f 265 268 457
f 269 277 270
f 239 275 267
f 267 275 278
f 267 278 276
f 269 276 277
f 276 281 277
f 276 278 281
f 275 280 278
f 278 280 282
f 278 282 281
f 280 690 282
f 290 291 298
f 291 292 299
f 292 293 300
f 293 294 301
f 290 298 297
f 291 299 298
f 292 300 299
f 293 301 300
f 294 295 302
f 294 302 301
f 261 264 306
f 261 306 296
f 295 296 304
f 295 303 302
f 295 304 303
f 297 298 311
f 298 299 314
f 299 300 315
f 300 301 316
f 297 311 310
f 298 314 311
f 301 302 321
f 302 303 331
f 296 306 435
f 296 435 304
f 303 304 367
f 264 305 308
f 264 308 306
f 265 457 307
f 305 307 309
f 305 309 308
f 306 308 436
f 306 436 435
f 308 309 437
f 299 315 314
f 300 316 315
f 301 321 316
f 302 331 321
f 303 334 331
f 303 367 334
f 304 438 367
f 304 435 438
f 435 436 443
f 435 443 438
f 308 437 436
f 436 437 463
f 436 463 443
f 268 459 457
f 268 460 459
f 307 457 458
f 307 458 309
f 457 462 458
f 457 459 462
f 459 468 462
f 268 270 460
f 459 607 468
f 459 460 607
f 309 458 461
f 309 461 437
f 458 467 461
f 458 462 467
f 462 468 469
f 462 469 467
f 437 461 504
f 437 504 463
f 461 467 508
f 461 508 504
f 468 470 469
f 467 469 518
f 468 608 470
f 467 518 508
f 469 470 521
f 469 521 518
f 470 615 521
f 270 606 460
f 270 277 606
f 460 609 607
f 460 606 609
f 277 281 610
f 277 610 606
f 606 613 609
f 468 607 608
f 607 609 612
f 607 612 608
f 281 611 610
f 606 610 613
f 281 282 611
f 610 692 613
f 610 611 692
f 609 613 614
f 609 614 612
f 613 693 614
f 470 621 615
f 470 608 621
f 615 621 616
f 608 612 639
f 608 639 621
f 616 621 640
f 616 640 625
f 612 641 639
f 621 639 640
f 639 642 640
f 640 642 647
f 612 614 641
f 639 641 642
f 625 640 647
f 625 647 643
f 643 647 648
f 642 703 647
f 647 703 648
f 643 648 649
f 282 691 611
f 282 690 691
f 611 691 694
f 690 696 691
f 613 692 693
f 611 694 692
f 692 694 697
f 691 699 694
f 692 697 693
f 691 696 699
f 694 700 697
f 694 699 700
f 696 722 699
f 699 722 725
f 699 725 700
f 614 702 641
f 614 693 702
f 641 701 642
f 642 701 703
f 641 702 701
f 701 706 703
f 693 697 708
f 693 708 702
f 701 702 707
f 702 708 707
f 701 707 706
f 648 703 705
f 648 704 649
f 649 704 1252
f 648 705 704
f 704 1256 1252
f 703 706 705
f 705 706 709
f 704 705 710
f 704 710 1256
f 706 707 713
f 706 713 709
f 705 709 710
f 710 1281 1256
f 697 712 708
f 707 708 711
f 707 711 713
f 697 700 712
f 708 712 711
f 709 715 710
f 710 715 1281
f 709 713 714
f 711 728 713
f 713 728 714
f 709 714 715
f 715 1335 1281
f 722 739 725
f 700 727 712
f 700 725 727
f 711 712 726
f 711 726 728
f 712 727 726
f 725 739 740
f 725 740 727
f 726 727 743
f 727 740 743
f 714 728 731
f 726 730 728
f 714 729 715
f 715 729 1335
f 714 731 729
f 729 1339 1335
f 726 743 730
f 728 730 731
f 730 746 731
f 729 731 745
f 729 745 1339
f 731 746 745
f 739 742 740
f 740 748 743
f 740 742 748
f 730 743 744
f 730 744 746
f 743 748 744
f 745 746 1383
f 744 747 746
f 746 747 1383
f 747 1384 1383
f 744 748 751
f 742 749 748
f 748 749 751
f 744 751 747
f 747 752 1384
f 747 751 752
f 749 753 751
f 751 753 752
f 752 753 1391
f 1252 1256 1254
f 1254 1256 1274
f 1256 1281 1274
f 1254 1274 1275
f 1274 1283 1275
f 1275 1283 1284
f 1274 1281 1282
f 1274 1282 1283
f 1281 1335 1282
f 1283 1336 1284
f 1284 1336 1292
f 1282 1335 1338
f 1282 1338 1337
f 1282 1337 1283
f 1283 1337 1336
f 1336 1337 1347
f 1337 1340 1347
f 1335 1339 1338
f 1338 1339 1341
f 745 1382 1339
f 1339 1382 1341
f 1341 1382 1386
f 1337 1338 1340
f 1338 1341 1340
f 1340 1342 1370
f 1340 1341 1342
f 1341 1386 1342
f 1342 1386 1407
f 1292 1336 1343
f 1336 1347 1343
f 1343 1347 1349
f 1347 1370 1349
f 1340 1370 1347
f 1349 1370 1372
f 1370 1371 1372
f 1342 1371 1370
f 1342 1407 1371
f 1371 1407 1410
f 1371 1375 1372
f 1371 1410 1375
f 1375 1410 1411
f 745 1383 1382
f 1382 1383 1385
f 1382 1385 1386
f 1383 1384 1385
f 1384 1387 1385
f 1385 1388 1386
f 1386 1388 1407
f 1385 1387 1388
f 1387 1389 1388
f 752 1390 1384
f 1384 1390 1387
f 752 1391 1390
f 1390 1391 1395
f 1387 1390 1394
f 1387 1394 1389
f 1389 1394 1414
f 1390 1395 1394
f 1394 1395 1398
f 1394 1398 1414
f 1388 1408 1407
f 1407 1408 1410
f 1408 1412 1410
f 1388 1389 1408
f 1389 1409 1408
f 1408 1409 1412
f 1410 1412 1411
f 1411 1412 1448
f 1409 1413 1412
f 1412 1413 1448
f 1389 1414 1409
f 1409 1414 1418
f 1398 1415 1414
f 1414 1415 1418
f 1409 1418 1413
f 1413 1418 1419
f 1415 1420 1418
f 1418 1420 1419
f 1419 1420 1485
f 1413 1450 1448
f 1413 1419 1450
f 1419 1483 1450
f 1419 1485 1483
f 1483 1485 1488
f 2239 2240 3732
f 2240 3733 3732
f 2240 3743 3733
f 2240 3746 3745
f 2240 3745 3743
f 2240 3748 3746
f 2239 3588 3605
f 3588 4948 3605
f 3605 4948 5014
f 2239 3605 3608
f 3605 5014 3608
f 3608 5014 5019
f 2239 3608 3663
f 3608 5019 3662
f 3662 5019 5127
f 3608 3662 3663
f 3662 5127 3672
f 3662 3671 3663
f 3672 5127 5136
f 3662 3672 3671
f 3671 3672 3675
f 3672 5136 3676
f 3676 5136 5142
f 3672 3676 3675
f 3675 3676 3689
f 3676 5142 3690
f 3676 3690 3689
f 3690 5142 5159
f 3689 3690 3693
f 3690 5159 3694
f 3690 3694 3693
f 3694 5159 5164
f 3693 3694 3699
f 3694 5164 3700
f 3694 3700 3699
f 2240 3699 3700
f 4069 4071 5092
f 4071 4091 5205
f 4073 5205 4091
f 4073 4092 5208
f 4073 4091 4114
f 4073 4114 4092
f 4092 4115 5208
f 4116 5216 5209
f 4115 4116 5209
f 4093 5216 4117
f 4113 4119 5211
f 4092 4114 4102
f 4092 4236 4115
f 4092 4102 4236
f 4115 4230 4116
f 4093 4117 4237
f 4113 4240 4119
f 4116 4117 5216
f 4093 4237 4113
f 4118 5218 4119
f 4118 4274 5217
f 4274 4275 5217
f 4177 4203 4269
f 4203 4205 4280
f 4205 4206 4280
f 4115 4236 4230
f 4116 4256 4117
f 4116 4230 4256
f 4117 4256 4264
f 4117 4264 4237
f 4118 4268 4269
f 4237 4264 4276
f 4170 4268 4240
f 4170 4240 4276
f 4177 4269 4268
f 4237 4276 4240
f 4269 4280 4274
f 4274 4280 4281
f 4113 4237 4240
f 4118 4119 4268
f 4119 4240 4268
f 4118 4269 4274
f 4274 4281 4275
f 4275 4284 5237
f 4275 4281 4284
f 4284 4285 5237
f 4170 4177 4268
f 4203 4280 4269
f 4206 4281 4280
f 4281 4282 4284
f 4206 4282 4281
f 4282 4283 4284
f 4283 4285 4284
f 4285 4286 5241
f 4283 4286 4285
f 4286 4287 5241
f 4287 4288 5242
f 4906 4916 5035
f 4916 4919 5038
f 4919 5039 5038
f 4919 5065 5039
f 4952 4953 5011
f 4953 4954 5012
f 4940 5017 4957
f 4940 4943 5016
f 4954 4957 5013
f 4976 4993 5018
f 4943 4976 5016
f 4999 5031 5005
f 4993 4999 5003
f 4999 5005 5003
f 4993 5003 5018
f 5004 5005 5031
f 5004 5026 5005
f 4948 4949 5014
f 4949 4952 5015
f 4952 5011 5015
f 4949 5015 5014
f 4953 5012 5011
f 4954 5013 5012
f 4940 5016 5017
f 4957 5017 5013
f 5016 5024 5017
f 5016 5018 5024
f 4976 5018 5016
f 5003 5025 5018
f 5003 5028 5025
f 5014 5015 5019
f 5011 5020 5015
f 5011 5012 5021
f 5012 5013 5022
f 5012 5022 5021
f 5013 5023 5022
f 5013 5017 5023
f 5017 5024 5023
f 5015 5020 5019
f 5011 5021 5020
f 5018 5025 5024
f 5025 5028 5126
f 5028 5132 5126
f 5003 5005 5028
f 5005 5026 5028
f 5004 5027 5026
f 5026 5132 5028
f 5026 5029 5132
f 5026 5027 5029
f 5027 5030 5029
f 5030 5044 5133
f 4902 5004 5031
f 4902 5036 5004
f 4902 4906 5036
f 4906 5035 5036
f 5004 5036 5027
f 5027 5036 5042
f 5035 5042 5036
f 5035 5038 5037
f 5037 5038 5041
f 5035 5037 5042
f 4916 5038 5035
f 5038 5039 5041
f 5039 5067 5041
f 5040 5041 5067
f 5040 5043 5041
f 5040 5045 5043
f 5037 5044 5042
f 5027 5042 5030
f 5030 5042 5044
f 5037 5041 5043
f 5037 5043 5044
f 5043 5149 5044
f 5043 5045 5149
f 5045 5047 5149
f 5045 5106 5047
f 5046 5047 5106
f 5046 5150 5047
f 5063 5085 5072
f 5039 5065 5066
f 5039 5066 5067
f 5040 5067 5072
f 5040 5072 5105
f 5063 5067 5066
f 5063 5072 5067
f 5072 5094 5105
f 5073 5105 5094
f 5073 5095 5107
f 5085 5089 5094
f 5089 5093 5094
f 4069 5093 5089
f 4069 5092 5093
f 5092 5095 5093
f 5092 5096 5095
f 5072 5085 5094
f 5073 5094 5093
f 5073 5093 5095
f 5095 5115 5107
f 5095 5096 5115
f 5096 5098 5115
f 5096 5206 5098
f 5097 5098 5206
f 5097 5116 5098
f 5116 5212 5120
f 5097 5212 5116
f 5099 5120 5207
f 5100 5214 5118
f 5119 5214 5213
f 5073 5106 5105
f 5040 5105 5045
f 5045 5105 5106
f 5046 5106 5107
f 5046 5107 5109
f 5073 5107 5106
f 5107 5115 5109
f 5108 5109 5115
f 5108 5116 5112
f 5112 5120 5113
f 5108 5110 5109
f 5046 5109 5151
f 5109 5110 5151
f 5112 5113 5152
f 5110 5112 5152
f 5113 5175 5152
f 5111 5175 5117
f 5108 5112 5110
f 5113 5117 5175
f 5111 5117 5118
f 5111 5118 5114
f 5114 5121 5176
f 5098 5108 5115
f 5098 5116 5108
f 5099 5113 5120
f 5100 5118 5117
f 5112 5116 5120
f 5099 5117 5113
f 5114 5118 5119
f 5099 5100 5117
f 5118 5214 5119
f 5119 5215 5121
f 5121 5222 5122
f 5114 5119 5121
f 5121 5122 5176
f 5122 5223 5180
f 5021 5022 5129
f 5022 5023 5124
f 5019 5020 5127
f 5020 5021 5128
f 5023 5024 5125
f 5024 5025 5125
f 5020 5128 5127
f 5021 5129 5128
f 5022 5124 5129
f 5023 5125 5124
f 5025 5126 5125
f 5126 5132 5131
f 5127 5128 5136
f 5128 5129 5137
f 5124 5139 5129
f 5124 5125 5138
f 5125 5126 5138
f 5126 5131 5138
f 5124 5138 5139
f 5128 5137 5136
f 5129 5139 5137
f 5130 5131 5132
f 5029 5130 5132
f 5029 5134 5130
f 5029 5030 5134
f 5030 5133 5134
f 5133 5149 5135
f 5133 5146 5134
f 5130 5134 5141
f 5134 5146 5141
f 5133 5135 5146
f 5138 5144 5139
f 5131 5144 5138
f 5136 5137 5142
f 5137 5139 5143
f 5137 5143 5142
f 5139 5144 5143
f 5131 5140 5144
f 5130 5140 5131
f 5130 5141 5140
f 5142 5143 5159
f 5143 5144 5160
f 5140 5160 5144
f 5140 5161 5160
f 5140 5141 5161
f 5141 5145 5161
f 5145 5147 5162
f 5135 5147 5146
f 5141 5146 5145
f 5135 5150 5147
f 5145 5146 5147
f 5147 5154 5162
f 5148 5162 5154
f 5044 5149 5133
f 5047 5135 5149
f 5047 5150 5135
f 5150 5151 5154
f 5151 5153 5154
f 5046 5151 5150
f 5110 5153 5151
f 5110 5152 5153
f 5152 5155 5153
f 5152 5175 5155
f 5111 5156 5157
f 5147 5150 5154
f 5148 5154 5153
f 5148 5153 5155
f 5155 5157 5165
f 5156 5166 5157
f 5156 5158 5166
f 5155 5175 5157
f 5143 5160 5159
f 5160 5161 5164
f 5159 5160 5164
f 5161 5163 5164
f 5145 5163 5161
f 5145 5162 5163
f 3700 5164 5163
f 5148 5167 5162
f 5162 5167 5163
f 5148 5155 5165
f 5157 5166 5165
f 5148 5165 5167
f 3700 5163 5167
f 2240 5167 5165
f 2240 5165 5166
f 2240 3700 5167
f 2240 5166 5168
f 5158 5168 5166
f 5158 5170 5168
f 5111 5114 5156
f 5111 5157 5175
f 5114 5176 5156
f 5158 5176 5177
f 5122 5177 5176
f 5177 5180 5178
f 5156 5176 5158
f 5158 5177 5170
f 5170 5177 5178
f 5122 5180 5177
f 5178 5180 5181
f 5180 5224 5181
f 4071 5205 5092
f 4073 5206 5205
f 5092 5205 5096
f 5096 5205 5206
f 5097 5208 5209
f 5097 5206 5208
f 5097 5209 5212
f 4073 5208 5206
f 4093 5207 5216
f 4113 5211 5210
f 5207 5212 5216
f 5209 5216 5212
f 5211 5218 5214
f 4093 5210 5207
f 5213 5218 5217
f 5213 5217 5219
f 5099 5207 5210
f 5120 5212 5207
f 5099 5210 5100
f 5100 5210 5211
f 5100 5211 5214
f 5119 5213 5215
f 5213 5214 5218
f 5213 5219 5215
f 5215 5219 5220
f 5215 5220 5222
f 5220 5221 5222
f 4115 5209 5208
f 4093 4113 5210
f 4119 5218 5211
f 4118 5217 5218
f 4275 5219 5217
f 4275 5237 5219
f 5219 5237 5220
f 5220 5237 5238
f 5220 5238 5221
f 5221 5238 5239
f 5221 5239 5227
f 5227 5239 5240
f 5121 5215 5222
f 5122 5222 5223
f 5221 5223 5222
f 5221 5227 5223
f 5223 5227 5224
f 5224 5227 5228
f 5180 5223 5224
f 5224 5228 5225
f 5225 5228 5229
f 5227 5240 5228
f 5228 5240 5250
f 5228 5250 5229
f 5229 5250 5251
f 4285 5238 5237
f 5238 5241 5239
f 4285 5241 5238
f 5239 5241 5242
f 5240 5242 5243
f 5239 5242 5240
f 5240 5243 5250
f 5246 5251 5250
f 5243 5246 5250
f 5246 5247 5251
f 4287 5242 5241
f 4288 5243 5242
f 5243 5244 5246
f 4288 5244 5243
f 5244 5245 5246
f 5245 5247 5246
f 5245 5249 5247
f 5181 5224 5225
f 219 220 221
f 219 221 223
f 219 223 226
f 219 226 220
f 220 222 221
f 220 226 734
f 221 225 223
f 221 735 225
f 220 738 222
f 221 222 732
f 224 225 733
f 224 733 227
f 226 227 734
f 220 734 738
f 221 732 735
f 733 225 735
f 222 738 732
f 733 736 734
f 227 733 734
f 733 735 736
f 736 735 732
f 736 732 738
f 734 736 738
