triangle_id,a,b,c
0,0,2,1
1,0,5,2
2,0,1,3
3,0,3,4
4,0,11,5
5,0,4,17
6,0,17,12
7,0,198,11
8,0,12,204
9,4,8,17
10,8,9,17
11,9,14,17
12,14,15,17
13,15,102,17
14,17,102,103
15,17,103,105
16,17,2562,99
17,12,17,99
18,99,2562,100
19,17,105,106
20,17,106,2394
21,17,2394,2562
22,100,2562,101
23,101,2562,154
24,154,2562,155
25,155,2562,195
26,195,2562,196
27,196,2562,2838
28,0,204,198
29,198,204,200
30,200,204,205
31,204,208,205
32,204,209,208
33,204,210,209
34,204,212,211
35,204,211,210
36,12,212,204
37,211,212,215
38,212,216,215
39,212,225,216
40,212,226,225
41,2221,2228,2222
42,2221,2225,2228
43,2222,2228,2223
44,2223,2228,2224
45,2224,2228,2235
46,2225,2236,2228
47,2224,2235,2229
48,2229,2235,2232
49,2230,2232,2235
50,2228,2239,2235
51,2228,2236,3726
52,2228,3740,2239
53,2228,3726,3740
54,3726,3728,3740
55,3728,3733,3740
56,3733,3736,3740
57,3736,3737,3740
58,3737,3738,3740
59,3738,3739,3740
60,3739,3747,3740
61,2239,3740,3747
62,3739,3743,3747
63,3743,3746,3747
64,3745,3747,3746
65,12,229,228
66,12,236,229
67,12,270,236
68,228,229,239
69,228,239,238
70,229,240,239
71,229,236,240
72,12,271,270
73,12,656,271
74,12,657,656
75,12,660,657
76,236,270,272
77,236,272,240
78,270,271,273
79,270,273,272
80,271,658,273
81,238,239,278
82,239,240,283
83,238,278,274
84,239,283,278
85,274,278,282
86,278,283,286
87,274,282,279
88,278,286,282
89,279,282,694
90,282,286,715
91,240,272,284
92,272,273,285
93,240,284,283
94,283,284,287
95,272,285,284
96,273,668,285
97,284,285,288
98,283,287,286
99,286,287,716
100,284,288,287
101,285,671,288
102,287,288,717
103,12,99,660
104,271,656,658
105,656,657,659
106,656,659,658
107,657,660,663
108,657,663,659
109,99,661,660
110,99,662,661
111,660,664,663
112,660,661,664
113,661,662,665
114,661,665,664
115,662,666,665
116,99,100,662
117,100,666,662
118,665,666,667
119,666,678,667
120,273,658,668
121,658,659,669
122,659,663,670
123,658,669,668
124,285,668,671
125,668,669,672
126,659,670,669
127,669,670,673
128,668,672,671
129,288,671,773
130,671,672,774
131,669,673,672
132,672,673,775
133,663,664,674
134,664,665,675
135,663,674,670
136,670,674,676
137,664,675,674
138,665,667,675
139,674,675,677
140,667,683,675
141,675,683,677
142,670,676,673
143,674,677,676
144,673,676,779
145,676,677,780
146,100,678,666
147,100,679,678
148,667,678,680
149,678,679,680
150,679,682,680
151,100,101,679
152,101,681,679
153,101,154,681
154,679,681,682
155,681,1032,682
156,667,680,683
157,680,684,683
158,683,684,685
159,680,682,684
160,677,683,685
161,677,685,780
162,684,687,685
163,685,687,781
164,682,686,684
165,684,686,687
166,682,1032,686
167,686,1032,1048
168,686,1048,688
169,686,688,687
170,687,688,784
171,279,694,689
172,282,715,694
173,286,716,715
174,287,717,716
175,288,773,717
176,689,694,697
177,689,697,695
178,694,718,697
179,695,697,722
180,695,722,721
181,697,755,722
182,694,715,718
183,715,716,719
184,715,719,718
185,716,717,720
186,716,720,719
187,717,776,720
188,697,718,755
189,718,719,756
190,718,756,755
191,719,720,757
192,719,757,756
193,720,787,757
194,721,722,740
195,721,740,738
196,738,740,759
197,738,759,741
198,741,749,748
199,748,749,753
200,748,753,752
201,749,754,753
202,752,753,1391
203,753,754,1392
204,752,1391,1390
205,741,759,749
206,749,761,754
207,749,759,761
208,754,762,1400
209,754,761,762
210,722,755,758
211,755,756,765
212,756,757,766
213,722,758,740
214,755,765,758
215,756,766,765
216,757,790,766
217,740,758,760
218,758,765,767
219,740,760,759
220,758,767,760
221,759,760,761
222,761,763,762
223,760,763,761
224,762,763,764
225,762,764,1523
226,760,767,763
227,763,767,769
228,763,769,764
229,764,769,770
230,764,770,1526
231,765,766,768
232,765,768,767
233,766,792,768
234,767,768,769
235,769,771,770
236,770,772,1536
237,768,771,769
238,768,792,771
239,771,794,772
240,770,771,772
241,772,795,1539
242,671,774,773
243,672,775,774
244,673,779,775
245,676,780,779
246,717,773,776
247,773,774,777
248,773,777,776
249,774,775,778
250,774,778,777
251,775,782,778
252,720,776,787
253,776,777,788
254,776,788,787
255,777,778,789
256,777,789,788
257,778,806,789
258,775,779,782
259,779,780,783
260,779,783,782
261,685,781,780
262,780,781,783
263,781,785,783
264,778,782,806
265,782,807,806
266,782,783,807
267,783,785,807
268,687,784,781
269,781,784,785
270,784,786,785
271,688,1781,784
272,784,1781,786
273,786,1781,1783
274,785,808,807
275,785,786,808
276,786,809,808
277,786,1783,809
278,757,787,790
279,787,788,791
280,788,789,798
281,789,806,810
282,787,791,790
283,788,798,791
284,789,810,798
285,766,790,792
286,790,791,793
287,790,793,792
288,771,792,794
289,792,793,794
290,772,794,795
291,793,796,794
292,794,796,795
293,795,796,797
294,795,797,1785
295,791,798,799
296,798,810,800
297,791,799,793
298,798,800,799
299,793,799,796
300,796,801,797
301,796,799,801
302,797,802,1788
303,797,801,802
304,802,803,1805
305,803,804,1806
306,799,800,801
307,801,814,802
308,800,814,801
309,802,814,803
310,803,815,804
311,804,815,805
312,803,814,815
313,805,816,1811
314,816,1812,1811
315,806,807,811
316,807,808,811
317,806,811,810
318,808,813,811
319,808,809,813
320,810,811,812
321,811,813,812
322,800,810,812
323,800,812,814
324,812,815,814
325,812,816,815
326,812,817,816
327,812,818,817
328,805,815,816
329,816,817,1812
330,817,818,1814
331,812,819,818
332,812,820,819
333,812,1899,820
334,812,1905,1899
335,812,813,1905
336,154,1031,681
337,154,155,1031
338,681,1031,1032
339,1031,1033,1032
340,155,1034,1031
341,155,195,1034
342,1031,1034,1033
343,1033,1034,1035
344,1034,1199,1035
345,1032,1033,1048
346,1033,1050,1048
347,1048,1050,1049
348,688,1048,1049
349,688,1049,1781
350,1049,1050,1052
351,1049,1052,1782
352,1033,1035,1050
353,1035,1051,1050
354,1050,1051,1052
355,1035,1200,1051
356,1051,1249,1052
357,1052,1249,1965
358,195,1199,1034
359,195,196,1199
360,196,1201,1199
361,1035,1199,1200
362,1199,1201,1200
363,196,2838,1201
364,1200,1201,3899
365,1051,1200,1250
366,1051,1250,1249
367,1200,3899,1250
368,1249,1250,3952
369,1249,3952,1967
370,753,1392,1391
371,754,1400,1392
372,1390,1391,1395
373,1391,1392,1396
374,1392,1400,1401
375,1390,1395,1394
376,1391,1396,1395
377,1392,1401,1396
378,1394,1395,1398
379,1395,1396,1399
380,1396,1401,1403
381,1394,1398,1397
382,1395,1399,1398
383,1396,1403,1399
384,1400,1402,1401
385,1400,1523,1402
386,762,1523,1400
387,1402,1523,1524
388,1401,1402,1404
389,1402,1524,1405
390,1401,1404,1403
391,1402,1405,1404
392,1405,1524,1525
393,1397,1398,1415
394,1398,1399,1416
395,1399,1403,1422
396,1397,1415,1414
397,1398,1416,1415
398,1399,1422,1416
399,1414,1415,1420
400,1415,1416,1421
401,1416,1422,1426
402,1414,1420,1419
403,1415,1421,1420
404,1416,1426,1421
405,1419,1420,1485
406,1420,1421,1486
407,1421,1426,1496
408,1419,1485,1484
409,1420,1486,1485
410,1403,1404,1423
411,1404,1405,1424
412,1403,1423,1422
413,1404,1424,1423
414,1405,1425,1424
415,1422,1423,1427
416,1405,1525,1425
417,1425,1525,1529
418,1423,1424,1428
419,1422,1427,1426
420,1424,1425,1429
421,1423,1428,1427
422,1424,1429,1428
423,1425,1430,1429
424,1426,1427,1497
425,1427,1428,1498
426,1428,1429,1499
427,1429,1430,1500
428,1425,1529,1430
429,1430,1529,1530
430,1430,1530,1501
431,1421,1496,1486
432,1484,1485,1488
433,1485,1486,1489
434,1486,1496,1508
435,1484,1488,1487
436,1485,1489,1488
437,1486,1508,1489
438,1426,1497,1496
439,1427,1498,1497
440,1428,1499,1498
441,1429,1500,1499
442,1430,1501,1500
443,1496,1497,1509
444,1497,1498,1510
445,1498,1499,1511
446,1499,1500,1512
447,1500,1501,1513
448,1496,1509,1508
449,1497,1510,1509
450,1498,1511,1510
451,1499,1512,1511
452,1500,1513,1512
453,1501,1514,1513
454,1501,1628,1514
455,1514,1628,1515
456,1515,1629,1516
457,1516,1630,1517
458,764,1526,1523
459,1523,1526,1524
460,1524,1526,1527
461,1524,1527,1525
462,1525,1527,1528
463,1526,1536,1527
464,1527,1537,1528
465,1525,1528,1529
466,1529,1531,1530
467,1530,1532,1628
468,1528,1531,1529
469,1528,1538,1531
470,1530,1531,1532
471,1532,1533,1629
472,1531,1542,1532
473,1532,1542,1533
474,770,1536,1526
475,1527,1536,1537
476,1536,1539,1537
477,1528,1537,1538
478,1537,1540,1538
479,772,1539,1536
480,1537,1539,1540
481,1539,1785,1540
482,1538,1540,1541
483,1531,1538,1542
484,1538,1541,1542
485,1541,1543,1542
486,1533,1543,1534
487,1533,1542,1543
488,1534,1543,1544
489,1534,1544,1535
490,1535,1546,1545
491,1545,1549,1671
492,1535,1544,1546
493,1545,1546,1549
494,1549,1550,1671
495,1550,1672,1671
496,1551,1673,1672
497,1550,1551,1672
498,1541,1547,1543
499,1543,1547,1544
500,1544,1548,1546
501,1546,1793,1549
502,1544,1547,1548
503,1546,1548,1793
504,1549,1794,1550
505,1549,1793,1794
506,1550,1794,1795
507,1551,1552,1674
508,1550,1795,1551
509,1551,1795,1552
510,1501,1530,1628
511,1515,1628,1629
512,1516,1629,1630
513,1517,1630,1631
514,1532,1629,1628
515,1533,1630,1629
516,1517,1631,1518
517,1518,1632,1519
518,1519,1640,1637
519,1518,1631,1632
520,1519,1632,1640
521,1637,1640,1641
522,1638,1641,1642
523,1637,1641,1638
524,1638,1642,1639
525,1639,1643,1660
526,1643,1661,1660
527,1534,1631,1630
528,1535,1632,1631
529,1533,1534,1630
530,1534,1535,1631
531,1545,1640,1632
532,1640,1671,1641
533,1535,1545,1632
534,1545,1671,1640
535,1641,1671,1672
536,1641,1672,1642
537,1642,1673,1643
538,1643,1673,1644
539,1639,1642,1643
540,1643,1644,1661
541,1644,1645,1662
542,1644,1662,1661
543,1645,1665,1662
544,1645,1676,1665
545,1668,1676,1690
546,1665,1676,1668
547,1668,1690,1669
548,1642,1672,1673
549,1644,1673,1674
550,1551,1674,1673
551,1645,1674,1675
552,1644,1674,1645
553,1645,1675,1676
554,1675,1677,1676
555,1677,1678,1690
556,1676,1677,1690
557,1678,1691,1690
558,1552,1675,1674
559,1552,1553,1675
560,1553,1677,1675
561,1553,1835,1677
562,1677,1835,1678
563,1678,1835,1836
564,1678,1679,1691
565,1679,1680,1692
566,1678,1836,1679
567,1679,1837,1680
568,1669,1690,1691
569,1670,1691,1692
570,1669,1691,1670
571,1670,1692,1695
572,1692,1696,1695
573,1696,1697,1749
574,1695,1696,1749
575,1697,1750,1749
576,1697,1751,1750
577,1679,1692,1691
578,1680,1696,1692
579,1696,1840,1697
580,1680,1840,1696
581,1698,1840,1850
582,1697,1840,1698
583,1698,1850,1699
584,1699,1850,1851
585,1697,1698,1751
586,1698,1699,1752
587,1699,1700,1753
588,1699,1851,1700
589,1700,1852,1701
590,1701,1853,1702
591,1698,1752,1751
592,1699,1753,1752
593,1700,1754,1753
594,1700,1701,1754
595,1701,1702,1755
596,1701,1755,1754
597,1702,1764,1755
598,1757,1765,1764
599,1758,1766,1765
600,1702,1757,1764
601,1757,1758,1765
602,1758,1759,1766
603,1759,2001,1768
604,1759,1767,1766
605,1759,1768,1767
606,1775,2001,2002
607,1768,2001,1775
608,1775,2002,1776
609,1776,2003,1777
610,1049,1782,1781
611,1781,1782,1783
612,1782,1784,1783
613,809,1783,1909
614,1783,1784,1909
615,1052,1965,1782
616,1782,1965,1784
617,1784,2212,1909
618,795,1785,1539
619,1540,1785,1786
620,1540,1786,1541
621,1541,1786,1547
622,1547,1787,1548
623,1548,1789,1793
624,1547,1786,1787
625,1548,1787,1789
626,1789,1790,1793
627,1790,1791,1794
628,797,1788,1785
629,1785,1788,1786
630,1786,1788,1787
631,1787,1788,1805
632,1789,1805,1806
633,1790,1806,1807
634,1787,1805,1789
635,1789,1806,1790
636,1791,1792,1796
637,1790,1807,1791
638,1791,1807,1792
639,1792,1808,1798
640,1790,1794,1793
641,1552,1795,1796
642,1791,1795,1794
643,1791,1796,1795
644,1792,1797,1796
645,1552,1796,1553
646,1553,1796,1797
647,1553,1797,1835
648,1800,1836,1835
649,1797,1800,1835
650,1800,1801,1836
651,1792,1798,1797
652,1797,1798,1800
653,1799,1801,1800
654,1798,1799,1800
655,1799,1818,1801
656,1801,1802,1837
657,1801,1818,1802
658,1802,1818,1803
659,1803,1819,1804
660,1804,1820,1842
661,802,1805,1788
662,803,1806,1805
663,804,1807,1806
664,804,1808,1807
665,805,1809,1808
666,1792,1807,1808
667,1798,1808,1809
668,1798,1809,1799
669,1799,1809,1810
670,1810,1815,1819
671,1815,1816,1820
672,804,805,1808
673,805,1811,1809
674,1809,1811,1810
675,1811,1812,1815
676,1812,1813,1816
677,1810,1811,1815
678,1812,1816,1815
679,1813,1817,1816
680,1813,1826,1817
681,1813,1814,1826
682,1814,1900,1827
683,1814,1827,1826
684,1829,1900,1901
685,1830,1901,1902
686,1799,1810,1818
687,1810,1819,1818
688,1803,1818,1819
689,1815,1820,1819
690,1816,1821,1820
691,1816,1817,1821
692,1817,1822,1821
693,1817,1823,1822
694,1804,1819,1820
695,1820,1821,1842
696,1821,1822,1843
697,1821,1843,1842
698,1822,1844,1843
699,1822,1823,1864
700,1823,1826,1824
701,1817,1826,1823
702,1824,1826,1827
703,1825,1827,1828
704,1827,1900,1828
705,1828,1900,1829
706,1829,1901,1830
707,1830,1902,1831
708,1831,1902,1832
709,1832,1903,1833
710,1824,1827,1825
711,1828,1829,1870
712,1829,1830,1871
713,1825,1828,1869
714,1828,1870,1869
715,1829,1871,1870
716,1833,1904,1834
717,1834,1904,1875
718,1830,1831,1872
719,1831,1832,1877
720,1874,1875,1907
721,1874,1908,1876
722,1679,1836,1837
723,1801,1837,1836
724,1802,1838,1837
725,1680,1837,1838
726,1680,1838,1840
727,1838,1850,1840
728,1839,1851,1850
729,1841,1852,1851
730,1838,1839,1850
731,1839,1841,1851
732,1841,1845,1852
733,1845,1846,1853
734,1846,1847,1854
735,1802,1839,1838
736,1802,1803,1839
737,1803,1804,1841
738,1804,1842,1845
739,1803,1841,1839
740,1804,1845,1841
741,1842,1846,1845
742,1842,1843,1846
743,1843,1844,1847
744,1843,1847,1846
745,1844,1848,1847
746,1844,1849,1848
747,1844,1864,1849
748,1859,1864,1865
749,1849,1864,1859
750,1859,1865,1860
751,1700,1851,1852
752,1701,1852,1853
753,1845,1853,1852
754,1846,1854,1853
755,1847,1855,1854
756,1848,1856,1855
757,1848,1857,1856
758,1702,1853,1854
759,1757,1854,1855
760,1758,1855,1856
761,1702,1854,1757
762,1757,1855,1758
763,1758,1856,1759
764,1759,1856,2001
765,1856,1857,2001
766,1857,1858,2002
767,1847,1848,1855
768,1848,1849,1857
769,1849,1858,1857
770,1849,1859,1858
771,1859,1860,1862
772,1860,1866,1861
773,1858,1859,1862
774,1860,2006,1862
775,1861,2007,2006
776,1860,1861,2006
777,1861,1863,2007
778,1863,1886,2008
779,1822,1864,1844
780,1823,1865,1864
781,1824,1866,1865
782,1823,1824,1865
783,1824,1825,1866
784,1825,1867,1866
785,1825,1869,1867
786,1869,1870,1881
787,1860,1865,1866
788,1861,1866,1867
789,1867,1869,1868
790,1868,1869,1881
791,1870,1871,1882
792,1871,1872,1883
793,1870,1882,1881
794,1871,1883,1882
795,1872,1884,1883
796,1830,1872,1871
797,1831,1873,1872
798,1831,1877,1873
799,1832,1878,1877
800,1833,1879,1878
801,1832,1833,1878
802,1833,1834,1879
803,1834,1875,1895
804,1874,1896,1875
805,1872,1873,1884
806,1834,1880,1879
807,1834,1895,1880
808,1873,1877,1890
809,1877,1878,1891
810,1875,1896,1895
811,1874,1897,1896
812,1874,1876,1897
813,1861,1867,1863
814,1863,1867,1868
815,1868,1881,1887
816,1863,1868,1886
817,1868,1887,1886
818,1881,1882,1888
819,1882,1883,1889
820,1873,1885,1884
821,1873,1890,1885
822,1877,1891,1890
823,1878,1892,1891
824,1879,1893,1892
825,1881,1888,1887
826,1882,1889,1888
827,1883,2051,1889
828,1884,2052,2051
829,1885,2053,2052
830,1883,1884,2051
831,1884,1885,2052
832,1885,1890,2054
833,1890,1891,2059
834,1891,1892,2060
835,1895,2056,2055
836,1896,2057,2056
837,1878,1879,1892
838,1879,1880,1893
839,1876,1898,1897
840,1880,1895,2055
841,1895,1896,2056
842,1876,2065,1898
843,1876,1913,2065
844,1880,1894,1893
845,1896,1897,2057
846,1880,2055,1894
847,1897,1898,2058
848,809,1906,813
849,809,1909,1906
850,813,1906,1905
851,817,1813,1812
852,817,1814,1813
853,818,1900,1814
854,818,819,1901
855,818,1901,1900
856,819,1902,1901
857,819,1903,1902
858,819,820,1903
859,820,1899,1907
860,820,1904,1903
861,820,1907,1904
862,1899,1908,1907
863,1832,1902,1903
864,1833,1903,1904
865,1899,1910,1908
866,1875,1904,1907
867,1874,1907,1908
868,1899,1905,1910
869,1905,1906,1911
870,1906,1909,1912
871,1909,2212,1912
872,1906,1912,1911
873,1876,1908,1913
874,1908,1910,1913
875,1905,1911,1910
876,1910,2213,1913
877,1910,1911,2213
878,1911,1912,2214
879,1784,1965,1966
880,1249,1967,1965
881,1965,1967,1966
882,1784,1966,2212
883,1966,2217,2212
884,1966,1967,4553
885,1966,4553,2217
886,1857,2002,2001
887,1858,1862,2003
888,1862,2006,2004
889,1858,2003,2002
890,1862,2004,2003
891,1776,2002,2003
892,1777,2003,2004
893,2004,2006,2005
894,2005,2007,2026
895,2005,2006,2007
896,1863,2008,2007
897,1886,2009,2008
898,1886,1887,2010
899,1887,1888,2011
900,1888,1889,2012
901,1886,2010,2009
902,1887,2011,2010
903,1889,2051,2013
904,1888,2012,2011
905,2007,2008,2026
906,2008,2009,2027
907,2008,2027,2026
908,2009,2034,2027
909,2009,2010,2035
910,2010,2011,2036
911,1889,2013,2012
912,2013,2051,2014
913,2014,2052,2037
914,2037,2053,2038
915,2038,2053,2039
916,1777,2004,1778
917,1778,2004,2005
918,2005,2026,2031
919,1778,2005,2031
920,2026,2032,2031
921,2026,2027,2032
922,2027,2034,2033
923,2027,2033,2032
924,2034,2035,2141
925,2035,2036,2142
926,2033,2034,2140
927,2034,2141,2140
928,2035,2142,2141
929,2036,2041,2143
930,2041,2042,2144
931,2042,2043,2149
932,2009,2035,2034
933,2010,2036,2035
934,2011,2012,2041
935,2012,2013,2042
936,2011,2041,2036
937,2012,2042,2041
938,2013,2043,2042
939,2013,2014,2043
940,2039,2054,2040
941,2040,2059,2046
942,2014,2037,2044
943,2037,2038,2045
944,2014,2044,2043
945,2037,2045,2044
946,2038,2154,2045
947,2038,2155,2154
948,2039,2156,2155
949,2038,2039,2155
950,2039,2040,2156
951,2040,2046,2157
952,2046,2047,2162
953,1885,2054,2053
954,1890,2059,2054
955,2014,2051,2052
956,1891,2060,2059
957,1892,1893,2061
958,1893,1894,2062
959,1897,2058,2057
960,1898,2064,2058
961,1892,2061,2060
962,1893,2062,2061
963,1894,2055,2066
964,2037,2052,2053
965,2039,2053,2054
966,2040,2054,2059
967,2046,2059,2060
968,1894,2063,2062
969,2055,2056,2067
970,2056,2057,2068
971,1894,2066,2063
972,2057,2058,2069
973,2055,2067,2066
974,2058,2064,2070
975,2056,2068,2067
976,1898,2072,2064
977,1898,2065,2072
978,2047,2060,2061
979,2048,2061,2062
980,2057,2069,2068
981,2049,2062,2063
982,2058,2070,2069
983,2046,2060,2047
984,2047,2061,2048
985,2048,2062,2049
986,2064,2071,2070
987,2063,2066,2158
988,2049,2063,2050
989,2066,2067,2159
990,2050,2063,2158
991,2067,2068,2160
992,2068,2069,2161
993,2066,2159,2158
994,2069,2070,2166
995,2067,2160,2159
996,2070,2071,2167
997,2064,2208,2071
998,2064,2072,2208
999,2065,2209,2072
1000,2065,2216,2209
1001,2036,2143,2142
1002,2041,2144,2143
1003,2042,2149,2144
1004,2043,2150,2149
1005,2044,2151,2150
1006,2045,2152,2151
1007,2152,2154,2153
1008,2153,2154,2187
1009,2043,2044,2150
1010,2044,2045,2151
1011,2045,2154,2152
1012,2154,2155,2187
1013,2040,2157,2156
1014,2047,2048,2163
1015,2046,2162,2157
1016,2048,2049,2164
1017,2049,2050,2165
1018,2069,2166,2161
1019,2047,2163,2162
1020,2048,2164,2163
1021,2070,2167,2166
1022,2050,2158,2194
1023,2071,2169,2167
1024,2155,2156,2188
1025,2156,2157,2189
1026,2155,2188,2187
1027,2157,2162,2190
1028,2156,2189,2188
1029,2162,2163,2191
1030,2049,2165,2164
1031,2050,2168,2165
1032,2159,2160,2196
1033,2050,2194,2168
1034,2158,2159,2195
1035,2160,2161,2197
1036,2158,2195,2194
1037,2161,2166,2202
1038,2159,2196,2195
1039,2166,2167,2203
1040,2157,2190,2189
1041,2162,2191,2190
1042,2163,2164,2192
1043,2164,2165,2204
1044,2163,2192,2191
1045,2164,2204,2192
1046,2165,2168,2205
1047,2168,2194,4637
1048,2167,2206,2203
1049,2160,2197,2196
1050,2167,2169,2206
1051,2161,2202,2197
1052,2166,2203,2202
1053,2165,2205,2204
1054,2168,4636,2205
1055,2168,4637,4636
1056,2194,2195,4638
1057,2169,2207,2206
1058,2195,2196,4622
1059,2194,4638,4637
1060,2197,2202,4627
1061,2195,4622,4638
1062,2202,2203,4628
1063,2196,2197,4623
1064,2169,4640,2207
1065,2169,2210,4640
1066,2068,2161,2160
1067,2071,2210,2169
1068,2071,2208,2210
1069,2072,2211,2208
1070,2072,2209,2211
1071,2208,4677,2210
1072,2208,2211,4677
1073,2209,4678,2211
1074,2209,2220,4678
1075,1912,2212,2215
1076,2212,2217,2215
1077,1912,2215,2214
1078,1913,2216,2065
1079,1913,2213,2216
1080,1911,2214,2213
1081,2213,2218,2216
1082,2213,2214,2218
1083,2214,2215,2219
1084,2215,2217,4764
1085,2215,4764,2219
1086,2216,2218,2220
1087,2209,2216,2220
1088,2214,2219,2218
1089,2218,4765,2220
1090,2218,2219,4765
1091,2248,2249,2663
1092,2244,2248,2639
1093,2249,2264,2664
1094,2256,2316,2264
1095,2259,2317,2260
1096,2256,2260,2316
1097,2249,2664,2663
1098,2264,2316,2664
1099,2241,3104,2299
1100,2296,2299,3103
1101,2297,3108,2302
1102,2288,2302,2328
1103,2288,2328,2289
1104,2296,3102,2297
1105,2302,3108,2328
1106,2297,3102,3108
1107,2258,2318,2259
1108,2258,2313,2329
1109,2312,2330,2313
1110,2286,2331,2312
1111,2286,2290,2326
1112,2289,2327,2290
1113,2312,2331,2330
1114,2259,2318,2317
1115,2260,2317,2316
1116,2258,2329,2318
1117,2313,2330,2329
1118,2290,2327,2326
1119,2289,2328,2327
1120,2286,2326,2331
1121,2329,2330,3309
1122,2318,2329,3311
1123,2326,2327,3109
1124,2326,3312,2331
1125,2330,2331,3310
1126,2395,2396,2436
1127,2396,2397,2437
1128,2396,2437,2436
1129,2397,2438,2437
1130,2397,2401,2438
1131,2401,2403,2442
1132,2401,2442,2438
1133,2402,2443,2403
1134,2402,2404,2443
1135,2403,2443,2442
1136,2402,2421,2404
1137,2421,2422,2424
1138,2422,2423,2425
1139,2404,2421,2424
1140,2422,2425,2424
1141,2423,2504,2425
1142,2436,2437,2439
1143,2437,2438,2440
1144,2437,2440,2439
1145,2438,2441,2440
1146,2438,2442,2441
1147,2442,2443,2444
1148,2404,2445,2443
1149,2404,2446,2445
1150,2441,2442,2444
1151,2444,2445,2450
1152,2443,2445,2444
1153,2445,2446,2451
1154,2439,2440,2447
1155,2440,2441,2448
1156,2440,2448,2447
1157,2441,2449,2448
1158,2394,2395,2562
1159,2395,2436,2562
1160,2447,2448,2547
1161,2448,2449,2548
1162,2441,2444,2449
1163,2444,2450,2449
1164,2445,2451,2450
1165,2446,2452,2451
1166,2450,2451,2551
1167,2449,2450,2549
1168,2450,2551,2549
1169,2451,2452,2552
1170,2451,2552,2551
1171,2404,2424,2446
1172,2424,2425,2453
1173,2424,2453,2446
1174,2446,2453,2452
1175,2425,2517,2453
1176,2452,2568,2552
1177,2452,2453,2518
1178,2423,2428,2504
1179,2420,2505,2428
1180,2420,2476,2507
1181,2476,2477,2506
1182,2477,2479,2508
1183,2428,2505,2504
1184,2420,2507,2505
1185,2480,2481,2629
1186,2481,2496,2631
1187,2497,2500,2632
1188,2496,2497,2632
1189,2479,2480,2630
1190,2476,2506,2507
1191,2477,2508,2506
1192,2479,2630,2508
1193,2480,2629,2630
1194,2481,2631,2629
1195,2425,2504,2517
1196,2453,2517,2518
1197,2452,2518,2568
1198,2504,2505,2643
1199,2504,2643,2517
1200,2505,2507,2644
1201,2517,2645,2518
1202,2518,2682,2568
1203,2518,2645,2682
1204,2436,2439,2562
1205,2448,2548,2547
1206,2449,2549,2548
1207,2547,2548,2554
1208,2439,2447,2562
1209,2548,2549,2555
1210,2548,2555,2554
1211,2549,2550,2555
1212,2549,2551,2550
1213,2551,2552,2553
1214,2550,2551,2553
1215,2447,2547,2562
1216,2554,2555,2556
1217,2550,2557,2555
1218,2550,2558,2557
1219,2547,2554,2562
1220,2555,2557,2556
1221,2557,2558,2559
1222,2550,2553,2558
1223,2552,2567,2553
1224,2552,2568,2567
1225,2553,2569,2558
1226,2553,2567,2569
1227,2558,2569,2570
1228,2556,2557,2560
1229,2554,2556,2562
1230,2557,2559,2560
1231,2559,2561,2560
1232,2556,2560,2562
1233,2558,2570,2559
1234,2559,2563,2561
1235,2560,2561,2562
1236,2561,2564,2562
1237,2559,2570,2563
1238,2561,2563,2564
1239,2567,2684,2569
1240,2567,2568,2683
1241,2568,2682,2683
1242,2569,2684,2571
1243,2567,2683,2684
1244,2569,2571,2570
1245,2563,2570,2572
1246,2563,2573,2564
1247,2564,2573,2565
1248,2565,2573,2574
1249,2570,2571,2572
1250,2563,2572,2573
1251,2565,2574,2566
1252,2566,2574,2575
1253,2562,2564,2838
1254,2564,2565,2838
1255,2565,2566,2838
1256,2566,2575,2624
1257,2575,2626,2624
1258,2624,2626,2625
1259,2625,2626,2627
1260,2625,2627,2795
1261,2243,2642,2501
1262,2500,2501,2641
1263,2500,2641,2632
1264,2243,2245,2638
1265,2244,2640,2245
1266,2501,2642,2641
1267,2243,2638,2642
1268,2496,2632,2631
1269,2506,2647,2507
1270,2506,2508,2646
1271,2508,2630,2648
1272,2629,2631,2649
1273,2629,2650,2630
1274,2245,2640,2638
1275,2244,2639,2640
1276,2248,2663,2639
1277,2631,2632,2672
1278,2632,2641,2672
1279,2641,2642,2673
1280,2638,2665,2642
1281,2638,2640,2666
1282,2631,2672,2649
1283,2641,2673,2672
1284,2505,2644,2643
1285,2517,2643,2645
1286,2506,2646,2647
1287,2507,2647,2644
1288,2508,2648,2646
1289,2630,2650,2648
1290,2629,2649,2650
1291,2643,2644,2674
1292,2646,2677,2647
1293,2644,2647,2675
1294,2646,2648,2676
1295,2643,2674,2645
1296,2645,2692,2682
1297,2644,2675,2674
1298,2645,2674,2692
1299,2639,2669,2640
1300,2639,2663,2671
1301,2316,2667,2664
1302,2316,2317,2667
1303,2663,2664,2670
1304,2663,2670,2671
1305,2638,2666,2665
1306,2642,2665,2673
1307,2639,2671,2669
1308,2640,2669,2666
1309,2317,2318,2668
1310,2664,2667,2670
1311,2317,2668,2667
1312,2318,3311,2668
1313,2329,3309,3311
1314,2330,3310,3309
1315,2666,2669,3320
1316,2669,2671,3321
1317,2670,3323,2671
1318,2648,2650,2679
1319,2649,2680,2650
1320,2646,2676,2677
1321,2649,2672,2681
1322,2672,2673,2681
1323,2665,2678,2673
1324,2648,2679,2676
1325,2650,2680,2679
1326,2649,2681,2680
1327,2647,2677,2675
1328,2674,2675,2693
1329,2674,2693,2692
1330,2665,2666,3322
1331,2665,3322,2678
1332,2673,2678,2681
1333,2666,3320,3322
1334,2669,3321,3320
1335,2675,2677,3351
1336,2676,3352,2677
1337,2676,2679,3324
1338,2679,2680,3325
1339,2675,3351,2693
1340,2676,3324,3352
1341,2677,3352,3351
1342,2682,2685,2683
1343,2683,2686,2684
1344,2682,2692,2685
1345,2683,2685,2686
1346,2684,2686,2687
1347,2571,2688,2572
1348,2571,2684,2687
1349,2572,2689,2573
1350,2573,2689,2574
1351,2572,2688,2689
1352,2574,2689,2690
1353,2571,2687,2688
1354,2688,2698,2689
1355,2689,2698,2690
1356,2574,2690,2575
1357,2575,2690,2691
1358,2690,2699,2691
1359,2685,2692,2694
1360,2685,2695,2686
1361,2686,2695,2696
1362,2692,2693,2694
1363,2685,2694,2695
1364,2686,2696,2687
1365,2687,2697,2688
1366,2687,2696,2697
1367,2688,2697,2698
1368,2690,2698,2699
1369,2696,3360,2697
1370,2697,3357,2698
1371,2698,3357,2699
1372,2691,2699,2700
1373,2699,3358,2700
1374,2575,2691,2626
1375,2626,2691,2717
1376,2626,2717,2627
1377,2691,2700,2717
1378,2717,2719,2718
1379,2627,2717,2718
1380,2627,2718,2797
1381,2718,2720,2859
1382,2700,2719,2717
1383,2700,3361,2719
1384,2719,3376,2720
1385,2718,2719,2720
1386,2720,3377,2861
1387,2566,2624,2838
1388,2624,2625,2838
1389,2625,2795,2838
1390,2795,2796,2838
1391,2627,2797,2795
1392,2795,2797,2796
1393,2796,2797,2798
1394,2796,2798,2837
1395,2798,2840,2837
1396,2796,2837,2838
1397,2837,2839,2838
1398,2838,2839,3898
1399,2837,2840,2839
1400,2839,2840,2841
1401,2839,2841,3898
1402,2718,2859,2797
1403,2797,2859,2798
1404,2859,2861,2860
1405,2798,2859,2860
1406,2798,2860,2840
1407,2720,2861,2859
1408,2860,2861,2885
1409,2861,3704,2885
1410,2840,2860,2884
1411,2860,2885,2884
1412,2840,2884,2841
1413,2841,2884,3975
1414,2884,2886,3975
1415,2884,2885,2886
1416,2885,3706,2886
1417,2230,3048,2896
1418,2896,3049,2897
1419,2893,2897,3047
1420,2893,3050,2894
1421,2894,3051,2895
1422,2895,3052,2899
1423,2898,2899,3044
1424,2898,3045,2900
1425,2900,3046,2901
1426,2900,3045,3046
1427,2890,2901,3061
1428,2901,3046,3061
1429,2915,2977,2916
1430,2887,2916,2980
1431,2890,3080,2891
1432,2891,3081,2915
1433,2890,3061,3080
1434,2891,3080,3081
1435,2955,2956,2978
1436,2240,2961,3101
1437,2955,3107,2957
1438,2953,2957,3107
1439,2953,3106,2961
1440,2953,3107,3106
1441,2887,2979,2888
1442,2888,2981,2956
1443,2887,2980,2979
1444,2888,2979,2981
1445,2915,3081,2977
1446,2916,2977,2980
1447,2955,2978,3107
1448,2956,2981,2978
1449,2979,3123,2981
1450,2896,3048,3049
1451,2897,3049,3047
1452,2894,3050,3051
1453,2895,3051,3052
1454,2893,3047,3050
1455,2899,3052,3044
1456,2898,3044,3045
1457,3051,3058,3052
1458,3044,3052,3056
1459,3044,3059,3045
1460,3045,3060,3046
1461,3048,3065,3049
1462,3047,3049,3054
1463,3047,3055,3050
1464,3050,3057,3051
1465,3050,3055,3057
1466,3051,3057,3058
1467,3052,3058,3056
1468,3044,3056,3059
1469,3045,3059,3060
1470,3049,3065,3054
1471,3047,3054,3055
1472,3046,3060,3062
1473,3046,3062,3061
1474,3054,3065,3068
1475,3054,3069,3055
1476,3055,3070,3057
1477,3057,3071,3058
1478,3056,3058,3072
1479,3056,3067,3059
1480,3059,3073,3060
1481,3055,3069,3070
1482,3054,3068,3069
1483,3057,3070,3071
1484,3058,3071,3072
1485,3056,3072,3067
1486,3059,3067,3073
1487,3060,3073,3075
1488,3071,3214,3072
1489,3067,3072,3212
1490,3068,3209,3069
1491,3069,3210,3070
1492,3070,3211,3071
1493,3067,3213,3073
1494,3060,3075,3062
1495,3073,3216,3075
1496,3061,3082,3080
1497,3080,3083,3081
1498,3061,3062,3082
1499,2977,3081,3120
1500,2977,3121,2980
1501,2979,2980,3122
1502,2977,3120,3121
1503,3080,3082,3083
1504,3081,3083,3120
1505,3062,3075,3084
1506,3062,3084,3082
1507,3075,3234,3084
1508,2240,3105,2241
1509,2241,3105,3104
1510,2240,3101,3105
1511,2961,3106,3101
1512,2299,3104,3103
1513,2296,3103,3102
1514,3103,3104,3111
1515,2978,2981,3124
1516,3106,3107,3125
1517,2978,3125,3107
1518,2978,3124,3125
1519,3101,3112,3105
1520,3101,3106,3126
1521,3104,3105,3113
1522,3105,3112,3113
1523,3106,3125,3126
1524,3101,3126,3112
1525,3102,3114,3108
1526,2328,3108,3110
1527,3102,3103,3115
1528,3102,3115,3114
1529,2327,2328,3110
1530,2327,3110,3109
1531,2331,3312,3310
1532,2326,3109,3312
1533,3108,3114,3110
1534,3104,3113,3111
1535,3103,3111,3115
1536,3114,3115,3333
1537,3111,3332,3115
1538,3111,3113,3331
1539,2979,3122,3123
1540,2980,3121,3122
1541,2981,3123,3124
1542,3120,3131,3121
1543,3122,3133,3123
1544,3121,3132,3122
1545,3123,3134,3124
1546,3082,3127,3083
1547,3082,3084,3127
1548,3083,3128,3120
1549,3084,3268,3127
1550,3083,3127,3128
1551,3120,3128,3131
1552,3121,3131,3132
1553,3122,3132,3133
1554,3125,3135,3126
1555,3112,3126,3129
1556,3112,3130,3113
1557,3124,3135,3125
1558,3123,3133,3134
1559,3124,3134,3135
1560,3126,3135,3129
1561,3113,3130,3331
1562,3112,3129,3130
1563,3111,3331,3332
1564,3127,3271,3128
1565,3128,3273,3131
1566,3131,3272,3132
1567,3132,3379,3133
1568,3133,3334,3134
1569,3129,3135,3336
1570,3134,3336,3135
1571,3131,3273,3272
1572,3132,3272,3379
1573,3134,3334,3336
1574,3133,3379,3334
1575,3070,3210,3211
1576,3071,3211,3214
1577,3072,3214,3212
1578,3067,3212,3213
1579,3069,3209,3210
1580,3073,3213,3216
1581,3211,3223,3214
1582,3209,3221,3210
1583,3210,3222,3211
1584,3212,3214,3219
1585,3212,3220,3213
1586,3210,3221,3222
1587,3211,3222,3223
1588,3214,3223,3219
1589,3212,3219,3220
1590,3213,3220,3230
1591,3213,3230,3216
1592,3222,3226,3223
1593,3219,3223,3227
1594,3219,3228,3220
1595,3221,3225,3222
1596,3222,3225,3226
1597,3223,3226,3227
1598,3219,3227,3228
1599,3220,3228,3231
1600,3220,3231,3230
1601,3075,3216,3234
1602,3216,3230,3235
1603,3216,3235,3234
1604,3230,3231,3236
1605,3230,3236,3235
1606,3226,3246,3227
1607,3227,3244,3228
1608,3225,3245,3226
1609,3226,3245,3246
1610,3227,3246,3244
1611,3228,3244,3248
1612,3245,3253,3246
1613,3244,3246,3252
1614,3228,3248,3231
1615,3244,3255,3248
1616,3246,3253,3252
1617,3244,3252,3255
1618,2235,3252,3253
1619,2235,3256,3252
1620,3252,3256,3255
1621,2235,3257,3256
1622,2235,3265,3257
1623,3231,3248,3258
1624,3231,3258,3236
1625,3248,3259,3258
1626,3248,3255,3259
1627,3255,3256,3260
1628,3255,3260,3259
1629,3256,3257,3260
1630,3257,3261,3260
1631,3257,3265,3266
1632,3257,3266,3261
1633,3261,3266,3267
1634,3084,3234,3268
1635,3234,3235,3269
1636,3234,3269,3268
1637,3235,3270,3269
1638,3235,3236,3270
1639,3127,3268,3271
1640,3128,3271,3273
1641,3268,3269,3274
1642,3268,3274,3271
1643,3271,3382,3273
1644,3271,3274,3382
1645,3269,3275,3274
1646,3269,3270,3275
1647,3274,3275,3383
1648,3236,3258,3276
1649,3236,3276,3270
1650,3258,3277,3276
1651,3270,3276,3280
1652,3258,3259,3277
1653,3259,3260,3278
1654,3259,3278,3277
1655,3260,3261,3278
1656,3276,3277,3281
1657,3277,3278,3282
1658,3278,3279,3282
1659,3261,3279,3278
1660,3270,3280,3275
1661,3276,3281,3280
1662,3275,3280,3394
1663,3277,3282,3281
1664,3280,3281,3395
1665,3281,3282,3396
1666,3282,3283,3396
1667,3279,3283,3282
1668,3261,3267,3279
1669,3267,3284,3279
1670,3279,3284,3283
1671,3283,3284,3285
1672,3283,3285,3397
1673,3265,3296,3266
1674,3266,3296,3297
1675,3296,3302,3297
1676,3266,3297,3267
1677,3267,3297,3298
1678,3297,3303,3298
1679,3297,3302,3303
1680,3302,3636,3303
1681,3298,3303,3304
1682,3303,3637,3304
1683,3267,3298,3284
1684,3284,3298,3305
1685,3284,3305,3285
1686,3298,3304,3305
1687,3305,3307,3306
1688,3285,3305,3306
1689,3285,3306,3402
1690,3306,3308,3442
1691,3304,3307,3305
1692,3304,3639,3307
1693,3307,3646,3308
1694,3306,3307,3308
1695,3308,3647,3444
1696,3309,3316,3311
1697,3109,3318,3312
1698,3309,3310,3315
1699,3310,3312,3319
1700,2667,3313,2670
1701,2667,2668,3313
1702,2668,3311,3317
1703,2671,3323,3321
1704,2670,3313,3323
1705,3309,3315,3316
1706,3311,3316,3317
1707,2668,3317,3313
1708,3109,3110,3314
1709,3110,3114,3314
1710,3109,3314,3318
1711,3312,3318,3319
1712,3114,3333,3314
1713,3115,3332,3333
1714,3310,3319,3315
1715,3315,3342,3316
1716,3315,3319,3343
1717,3320,3326,3322
1718,3320,3321,3329
1719,2678,3328,2681
1720,2680,2681,3328
1721,2678,3322,3327
1722,2679,3325,3324
1723,2680,3328,3325
1724,2678,3327,3328
1725,3322,3326,3327
1726,3313,3340,3323
1727,3313,3317,3340
1728,3321,3323,3330
1729,3321,3330,3329
1730,3316,3341,3317
1731,3316,3342,3341
1732,3323,3340,3330
1733,3317,3341,3340
1734,3320,3329,3326
1735,3326,3329,3364
1736,3326,3365,3327
1737,3332,3338,3333
1738,3130,3337,3331
1739,3331,3339,3332
1740,3314,3345,3318
1741,3314,3333,3345
1742,3318,3344,3319
1743,3318,3345,3344
1744,3332,3339,3338
1745,3333,3338,3345
1746,3129,3335,3130
1747,3129,3336,3335
1748,3331,3337,3339
1749,3130,3335,3337
1750,3335,3385,3337
1751,3337,3387,3339
1752,3315,3343,3342
1753,3319,3344,3343
1754,3342,3343,3350
1755,3330,3340,3346
1756,3329,3330,3366
1757,3341,3342,3347
1758,3340,3341,3346
1759,3329,3366,3364
1760,3330,3346,3366
1761,3341,3347,3346
1762,3338,3349,3345
1763,3343,3344,3348
1764,3344,3345,3349
1765,3338,3339,3386
1766,3339,3387,3386
1767,3338,3386,3349
1768,3342,3350,3347
1769,3343,3348,3350
1770,3344,3349,3348
1771,2693,3353,2694
1772,2693,3351,3353
1773,3351,3352,3354
1774,3324,3355,3352
1775,2694,3356,2695
1776,2694,3353,3356
1777,2695,3356,3359
1778,3324,3325,3362
1779,3325,3328,3363
1780,3351,3354,3353
1781,3352,3355,3354
1782,3327,3363,3328
1783,3325,3363,3362
1784,3324,3362,3355
1785,2695,3359,2696
1786,2696,3359,3360
1787,2697,3360,3357
1788,2699,3357,3358
1789,3356,3371,3359
1790,3359,3372,3360
1791,3357,3373,3358
1792,3357,3360,3373
1793,2700,3358,3361
1794,3358,3374,3361
1795,3327,3365,3363
1796,3326,3364,3365
1797,3362,3363,3370
1798,3363,3365,3370
1799,3353,3354,3367
1800,3353,3367,3356
1801,3354,3355,3368
1802,3355,3362,3369
1803,3354,3368,3367
1804,3355,3369,3368
1805,3356,3367,3371
1806,3364,3409,3365
1807,3364,3366,3408
1808,3346,3404,3366
1809,3346,3347,3404
1810,3347,3350,3406
1811,3364,3408,3409
1812,3366,3404,3408
1813,3362,3370,3369
1814,3365,3409,3370
1815,3367,3368,3414
1816,3368,3369,3415
1817,3359,3371,3372
1818,3360,3372,3373
1819,3358,3373,3374
1820,3371,3417,3372
1821,3367,3414,3371
1822,3372,3416,3373
1823,3373,3416,3374
1824,3372,3417,3416
1825,3374,3416,3418
1826,3361,3374,3375
1827,3374,3418,3375
1828,3375,3418,3421
1829,2719,3361,3376
1830,3361,3375,3376
1831,3376,3378,3377
1832,2720,3376,3377
1833,3375,3378,3376
1834,3375,3421,3378
1835,3378,3421,3445
1836,3377,3378,3705
1837,3378,3445,3705
1838,3272,3273,3384
1839,3272,3380,3379
1840,3334,3388,3336
1841,3334,3379,3381
1842,3272,3384,3380
1843,3273,3382,3384
1844,3335,3336,3388
1845,3334,3381,3388
1846,3335,3388,3385
1847,3379,3380,3381
1848,3274,3383,3382
1849,3380,3384,3391
1850,3382,3389,3384
1851,3382,3383,3389
1852,3337,3385,3387
1853,3381,3393,3388
1854,3385,3390,3387
1855,3385,3388,3393
1856,3348,3349,3405
1857,3348,3407,3350
1858,3349,3386,3405
1859,3386,3387,3410
1860,3386,3410,3405
1861,3387,3390,3410
1862,3380,3392,3381
1863,3380,3391,3392
1864,3381,3392,3393
1865,3384,3389,3391
1866,3385,3393,3390
1867,3391,3422,3392
1868,3392,3425,3393
1869,3275,3394,3383
1870,3280,3395,3394
1871,3383,3394,3398
1872,3281,3396,3395
1873,3394,3395,3399
1874,3395,3396,3400
1875,3396,3397,3400
1876,3283,3397,3396
1877,3383,3398,3389
1878,3394,3399,3398
1879,3389,3423,3391
1880,3389,3398,3423
1881,3398,3426,3423
1882,3395,3400,3399
1883,3398,3399,3426
1884,3399,3400,3427
1885,3399,3427,3426
1886,3400,3401,3427
1887,3397,3401,3400
1888,3401,3428,3427
1889,3285,3402,3397
1890,3397,3402,3401
1891,3401,3402,3403
1892,3401,3403,3428
1893,3403,3440,3428
1894,3348,3405,3407
1895,3350,3407,3406
1896,3347,3406,3404
1897,3369,3370,3419
1898,3370,3409,3419
1899,3404,3411,3408
1900,3404,3406,3411
1901,3408,3420,3409
1902,3409,3420,3419
1903,3405,3412,3407
1904,3405,3410,3412
1905,3390,3393,3425
1906,3390,3424,3410
1907,3390,3425,3424
1908,3406,3407,3413
1909,3408,3411,3420
1910,3406,3413,3411
1911,3407,3412,3413
1912,3410,3424,3412
1913,3368,3415,3414
1914,3371,3414,3417
1915,3369,3419,3415
1916,3414,3415,3431
1917,3414,3431,3417
1918,3411,3429,3420
1919,3415,3419,3433
1920,3419,3420,3433
1921,3415,3433,3431
1922,3416,3417,3432
1923,3416,3432,3418
1924,3417,3431,3432
1925,3418,3432,3434
1926,3418,3434,3421
1927,3421,3434,3446
1928,3391,3423,3422
1929,3392,3422,3425
1930,3412,3424,3430
1931,3422,3436,3425
1932,3422,3423,3435
1933,3424,3425,3436
1934,3422,3435,3436
1935,3423,3426,3435
1936,3426,3427,3437
1937,3426,3437,3435
1938,3427,3428,3437
1939,3428,3439,3437
1940,3412,3430,3413
1941,3411,3413,3429
1942,3420,3429,3433
1943,3424,3436,3430
1944,3413,3430,3429
1945,3431,3433,3438
1946,3431,3438,3432
1947,3432,3438,3434
1948,3435,3438,3436
1949,3435,3437,3438
1950,3437,3439,3438
1951,3429,3438,3433
1952,3430,3436,3438
1953,3429,3430,3438
1954,3434,3438,3441
1955,3438,3439,3441
1956,3428,3440,3439
1957,3439,3440,3447
1958,3434,3441,3446
1959,3439,3447,3441
1960,3306,3442,3402
1961,3402,3442,3403
1962,3442,3444,3443
1963,3403,3442,3443
1964,3403,3443,3440
1965,3440,3443,3448
1966,3308,3444,3442
1967,3443,3444,3709
1968,3443,3709,3448
1969,3421,3446,3445
1970,3445,3446,3712
1971,3440,3448,3447
1972,3441,3449,3446
1973,3441,3447,3449
1974,3447,3448,3713
1975,3446,3449,3712
1976,3447,3713,3449
1977,3303,3636,3637
1978,3636,3642,3637
1979,3304,3637,3639
1980,3637,3643,3639
1981,3637,3642,3643
1982,3642,3681,3643
1983,3643,3681,3682
1984,3639,3643,3645
1985,3643,3682,3645
1986,3645,3682,3683
1987,3307,3639,3646
1988,3639,3645,3646
1989,3646,3648,3647
1990,3308,3646,3647
1991,3645,3648,3646
1992,3645,3683,3648
1993,3647,3648,3701
1994,3647,3701,3710
1995,3681,3695,3682
1996,3682,3695,3696
1997,3682,3696,3683
1998,2239,3696,3695
1999,2239,5168,3696
2000,3683,3696,3700
2001,3696,5168,3700
2002,3648,3683,3702
2003,3648,3702,3701
2004,3683,3700,3702
2005,3700,5172,3702
2006,3701,3702,3703
2007,3701,3703,3717
2008,3702,5172,3703
2009,2861,3377,3704
2010,3377,3705,3704
2011,3445,3711,3705
2012,3704,3705,3707
2013,3705,3711,3707
2014,2885,3704,3706
2015,3704,3707,3706
2016,2886,3706,5187
2017,3706,3708,5187
2018,3707,3711,3719
2019,3706,3707,3708
2020,3707,3719,3708
2021,3708,3719,5189
2022,3444,3647,3710
2023,3444,3710,3709
2024,3448,3709,3714
2025,3709,3710,3716
2026,3709,3716,3714
2027,3445,3712,3711
2028,3711,3712,3721
2029,3448,3714,3713
2030,3449,3715,3712
2031,3449,3713,3715
2032,3713,3714,3722
2033,3712,3715,3721
2034,3713,3722,3715
2035,3701,3717,3710
2036,3710,3717,3716
2037,3714,3716,3723
2038,3703,5193,3717
2039,3717,5193,3718
2040,3716,3717,3718
2041,3716,3718,3723
2042,3718,5196,3723
2043,3711,3721,3719
2044,3719,3720,5189
2045,3719,3721,3720
2046,3714,3723,3722
2047,3715,3724,3721
2048,3715,3722,3724
2049,3722,3723,3725
2050,3723,5196,3725
2051,3720,3721,3724
2052,3720,3724,5197
2053,3722,3725,3724
2054,3724,3725,5197
2055,1201,2838,3898
2056,1201,3898,3899
2057,3898,3900,3899
2058,2841,3900,3898
2059,2841,3975,3900
2060,1250,3899,3951
2061,1250,3951,3952
2062,3899,3900,3951
2063,3951,3953,3952
2064,3952,3953,4552
2065,3951,3989,3953
2066,3900,3989,3951
2067,3900,3975,3989
2068,3975,3976,3989
2069,2886,3976,3975
2070,2886,5187,3976
2071,3976,5187,3991
2072,3976,3990,3989
2073,3953,3989,3990
2074,3953,3990,4554
2075,3976,3991,3990
2076,3990,3991,4776
2077,3991,5190,4776
2078,4015,4744,4016
2079,4050,4429,4054
2080,4017,4747,4059
2081,4016,4746,4017
2082,4059,4065,4060
2083,4060,4065,4063
2084,4017,4746,4747
2085,4043,4433,4051
2086,4061,4066,4062
2087,4061,4063,4067
2088,4043,4062,4431
2089,4051,4432,4052
2090,4050,4052,4428
2091,4051,4433,4432
2092,4043,4431,4433
2093,4063,4065,4067
2094,4059,4747,4065
2095,4062,4066,4431
2096,4061,4067,4066
2097,4216,4222,4403
2098,4219,4404,4222
2099,4197,4198,4398
2100,4198,4211,4394
2101,4211,4212,4395
2102,4212,4213,4396
2103,4197,4397,4204
2104,4204,4397,4205
2105,4214,4215,4401
2106,4215,4217,4399
2107,4213,4214,4400
2108,4217,4218,4402
2109,4216,4402,4218
2110,4198,4394,4398
2111,4211,4395,4394
2112,4212,4396,4395
2113,4213,4400,4396
2114,4215,4399,4401
2115,4214,4401,4400
2116,4197,4398,4397
2117,4205,4448,4281
2118,4205,4397,4448
2119,4281,4448,4449
2120,4281,4449,4282
2121,4282,4462,4285
2122,4282,4449,4462
2123,4285,4463,4286
2124,4285,4462,4463
2125,4286,4464,4287
2126,4286,4463,4464
2127,4360,4410,4362
2128,4360,4370,4409
2129,4365,4435,4370
2130,4365,4367,4425
2131,4365,4425,4435
2132,4370,4435,4409
2133,4219,4220,4406
2134,4220,4221,4405
2135,4221,4391,4411
2136,4391,4392,4412
2137,4392,4393,4407
2138,4361,4408,4393
2139,4361,4362,4408
2140,4220,4405,4406
2141,4221,4411,4405
2142,4392,4407,4412
2143,4391,4412,4411
2144,4217,4402,4399
2145,4216,4403,4402
2146,4222,4404,4403
2147,4219,4406,4404
2148,4394,4395,4456
2149,4395,4396,4457
2150,4396,4400,4450
2151,4400,4401,4451
2152,4399,4452,4401
2153,4403,4404,4458
2154,4399,4402,4453
2155,4402,4403,4453
2156,4362,4410,4408
2157,4393,4408,4407
2158,4360,4409,4410
2159,4405,4411,4468
2160,4411,4412,4436
2161,4404,4406,4459
2162,4405,4460,4406
2163,4404,4459,4458
2164,4406,4460,4459
2165,4407,4438,4412
2166,4407,4408,4437
2167,4408,4410,4437
2168,4405,4468,4460
2169,4411,4436,4468
2170,4412,4438,4436
2171,4366,4427,4367
2172,4366,4424,4426
2173,4049,4053,4430
2174,4049,4434,4424
2175,4053,4054,4430
2176,4424,4434,4426
2177,4049,4430,4434
2178,4367,4427,4425
2179,4366,4426,4427
2180,4050,4428,4429
2181,4054,4429,4430
2182,4052,4432,4428
2183,4428,4432,4783
2184,4431,4781,4433
2185,4432,4433,4785
2186,4430,4792,4434
2187,4426,4434,4442
2188,4426,4443,4427
2189,4429,4792,4430
2190,4428,4784,4429
2191,4428,4783,4784
2192,4434,4792,4442
2193,4429,4784,4792
2194,4409,4439,4410
2195,4409,4435,4440
2196,4425,4444,4435
2197,4425,4427,4441
2198,4435,4444,4440
2199,4425,4441,4444
2200,4407,4437,4438
2201,4410,4439,4437
2202,4409,4440,4439
2203,4437,4439,4481
2204,4427,4443,4441
2205,4426,4442,4443
2206,4441,4443,4795
2207,4442,4796,4443
2208,4440,4444,4483
2209,4439,4440,4482
2210,4440,4483,4482
2211,4441,4794,4444
2212,4441,4795,4794
2213,4444,4794,4483
2214,4397,4398,4454
2215,4394,4455,4398
2216,4397,4454,4448
2217,4396,4450,4457
2218,4400,4451,4450
2219,4398,4455,4454
2220,4394,4456,4455
2221,4395,4457,4456
2222,4448,4454,4461
2223,4448,4461,4449
2224,4449,4465,4462
2225,4449,4461,4465
2226,4401,4452,4451
2227,4399,4453,4452
2228,4403,4458,4453
2229,4450,4451,4474
2230,4454,4455,4471
2231,4455,4456,4470
2232,4456,4457,4472
2233,4450,4473,4457
2234,4451,4452,4475
2235,4452,4453,4476
2236,4453,4458,4476
2237,4454,4471,4461
2238,4455,4470,4471
2239,4456,4472,4470
2240,4461,4486,4465
2241,4461,4471,4486
2242,4462,4466,4463
2243,4462,4465,4466
2244,4463,4467,4464
2245,4463,4466,4467
2246,4465,4486,4487
2247,4465,4487,4466
2248,4466,4488,4467
2249,4466,4487,4488
2250,4459,4460,4478
2251,4460,4468,4469
2252,4436,4479,4468
2253,4458,4459,4477
2254,4451,4475,4474
2255,4452,4476,4475
2256,4458,4477,4476
2257,4459,4478,4477
2258,4436,4438,4480
2259,4437,4481,4438
2260,4438,4481,4480
2261,4460,4469,4478
2262,4468,4479,4469
2263,4436,4480,4479
2264,4457,4473,4472
2265,4450,4474,4473
2266,4475,4476,4495
2267,4476,4477,4495
2268,4470,4472,4490
2269,4470,4489,4471
2270,4471,4489,4486
2271,4472,4473,4492
2272,4473,4474,4493
2273,4474,4475,4494
2274,4439,4482,4481
2275,4480,4481,4829
2276,4481,4482,4829
2277,4477,4478,4484
2278,4469,4479,4827
2279,4469,4485,4478
2280,4470,4490,4489
2281,4472,4492,4490
2282,4473,4493,4492
2283,4474,4494,4493
2284,4477,4484,4495
2285,4475,4495,4494
2286,4479,4480,4828
2287,4479,4828,4827
2288,4480,4829,4828
2289,4478,4485,4484
2290,4469,4827,4485
2291,4486,4491,4487
2292,4487,4496,4488
2293,4486,4489,4491
2294,4489,4490,4840
2295,4492,4493,4841
2296,4493,4494,4842
2297,4490,4492,4839
2298,4489,4840,4491
2299,4487,4491,4496
2300,4491,4845,4496
2301,1967,3952,4552
2302,1967,4552,4553
2303,4552,4555,4553
2304,2217,4553,4763
2305,4553,4555,4763
2306,3953,4554,4552
2307,4552,4554,4555
2308,4554,4775,4555
2309,4555,4768,4763
2310,4555,4775,4768
2311,2207,4662,4630
2312,2196,4623,4622
2313,2203,2206,4629
2314,2197,4627,4623
2315,2206,2207,4630
2316,2202,4628,4627
2317,2203,4629,4628
2318,2206,4630,4629
2319,2207,4676,4662
2320,2207,4640,4676
2321,4662,4676,4663
2322,4661,4663,4735
2323,4661,4733,4664
2324,4664,4734,4665
2325,4673,4738,4674
2326,4665,4736,4672
2327,4672,4737,4673
2328,4663,4676,4735
2329,4661,4735,4733
2330,4664,4733,4734
2331,4640,4742,4676
2332,4640,4679,4742
2333,2210,4679,4640
2334,2210,4677,4679
2335,2211,4678,4680
2336,2211,4680,4677
2337,4677,4757,4679
2338,4677,4680,4757
2339,4678,4758,4680
2340,4678,4766,4758
2341,4727,4728,4732
2342,4674,4739,4675
2343,4671,4740,4728
2344,4671,4675,4740
2345,4665,4734,4736
2346,4672,4736,4737
2347,4673,4737,4738
2348,4674,4738,4739
2349,4675,4739,4740
2350,4011,4729,4745
2351,4727,4731,4729
2352,4011,4743,4015
2353,4729,4731,4745
2354,4011,4745,4743
2355,4728,4740,4732
2356,4727,4732,4731
2357,4676,4742,4735
2358,4733,4735,4741
2359,4733,4748,4734
2360,4734,4749,4736
2361,4736,4750,4737
2362,4738,4752,4739
2363,4739,4756,4740
2364,4737,4751,4738
2365,4736,4749,4750
2366,4737,4750,4751
2367,4735,4742,4741
2368,4733,4741,4748
2369,4734,4748,4749
2370,4015,4743,4744
2371,4016,4744,4746
2372,4731,4755,4745
2373,4743,4745,4754
2374,4746,4780,4747
2375,4743,4787,4744
2376,4744,4778,4746
2377,4743,4754,4787
2378,4744,4787,4778
2379,4732,4740,4756
2380,4731,4732,4753
2381,4738,4751,4752
2382,4739,4752,4756
2383,4731,4753,4755
2384,4732,4756,4753
2385,4741,4742,4759
2386,4748,4761,4749
2387,4741,4760,4748
2388,4749,4808,4750
2389,4745,4755,4754
2390,4751,4809,4752
2391,4752,4810,4756
2392,4750,4807,4751
2393,4749,4761,4808
2394,4753,4756,4810
2395,4753,4788,4755
2396,4750,4808,4807
2397,4751,4807,4809
2398,4752,4809,4810
2399,4679,4757,4759
2400,4679,4759,4742
2401,4680,4758,4762
2402,4680,4762,4757
2403,4741,4759,4760
2404,4748,4760,4761
2405,4757,4811,4759
2406,4757,4762,4811
2407,4758,4816,4762
2408,4758,4771,4816
2409,2217,4763,4764
2410,4763,4769,4764
2411,2220,4765,4766
2412,2220,4766,4678
2413,2219,4767,4765
2414,2219,4764,4767
2415,4764,4769,4767
2416,4765,4770,4766
2417,4765,4767,4770
2418,4763,4768,4769
2419,4768,4882,4769
2420,4766,4770,4771
2421,4758,4766,4771
2422,4767,4772,4770
2423,4767,4769,4772
2424,4769,4882,4772
2425,4770,4883,4771
2426,4770,4772,4883
2427,3990,4776,4554
2428,4554,4776,4775
2429,4768,4775,4881
2430,4775,4776,4777
2431,4776,5190,4777
2432,4775,4777,4881
2433,4777,5300,4881
2434,4065,4779,4067
2435,4066,4067,4786
2436,4066,4782,4431
2437,4065,4747,4779
2438,4431,4782,4781
2439,4067,4779,4786
2440,4066,4786,4782
2441,4746,4778,4780
2442,4747,4780,4779
2443,4433,4781,4785
2444,4432,4785,4783
2445,4779,4801,4786
2446,4779,4780,4801
2447,4782,4786,4799
2448,4781,4803,4785
2449,4781,4782,4802
2450,4754,4755,4790
2451,4754,4789,4787
2452,4778,4787,4791
2453,4753,4810,4788
2454,4755,4788,4790
2455,4754,4790,4789
2456,4778,4800,4780
2457,4787,4789,4791
2458,4778,4791,4800
2459,4780,4800,4801
2460,4786,4801,4799
2461,4789,4790,4818
2462,4442,4792,4798
2463,4783,4785,4793
2464,4783,4797,4784
2465,4784,4798,4792
2466,4442,4798,4796
2467,4785,4803,4793
2468,4782,4799,4802
2469,4781,4802,4803
2470,4784,4797,4798
2471,4783,4793,4797
2472,4443,4796,4795
2473,4795,4796,4834
2474,4796,4798,4832
2475,4799,4801,4805
2476,4799,4806,4802
2477,4791,4821,4800
2478,4789,4820,4791
2479,4800,4805,4801
2480,4791,4820,4821
2481,4800,4821,4805
2482,4793,4803,4836
2483,4793,4835,4797
2484,4802,4804,4803
2485,4797,4832,4798
2486,4803,4804,4836
2487,4793,4836,4835
2488,4797,4835,4832
2489,4802,4806,4804
2490,4799,4805,4806
2491,4759,4811,4760
2492,4760,4812,4761
2493,4761,4813,4808
2494,4807,4808,4814
2495,4807,4815,4809
2496,4760,4811,4812
2497,4761,4812,4813
2498,4809,4819,4810
2499,4788,4810,4819
2500,4808,4813,4814
2501,4807,4814,4815
2502,4788,4817,4790
2503,4809,4815,4819
2504,4788,4819,4817
2505,4811,4822,4812
2506,4762,4816,4822
2507,4762,4822,4811
2508,4790,4817,4818
2509,4789,4818,4820
2510,4812,4823,4813
2511,4813,4824,4814
2512,4814,4825,4815
2513,4815,4826,4819
2514,4817,4819,4826
2515,4813,4823,4824
2516,4814,4824,4825
2517,4818,4855,4820
2518,4805,4821,4857
2519,4820,4856,4821
2520,4817,4854,4818
2521,4815,4825,4826
2522,4817,4826,4854
2523,4818,4854,4855
2524,4820,4855,4856
2525,4812,4822,4823
2526,4816,4862,4822
2527,4816,4884,4862
2528,4822,4862,4823
2529,4823,4863,4824
2530,4483,4794,4831
2531,4794,4795,4833
2532,4482,4483,4830
2533,4483,4831,4830
2534,4795,4834,4833
2535,4794,4833,4831
2536,4482,4830,4829
2537,4827,4828,4848
2538,4828,4829,4846
2539,4830,4831,4849
2540,4829,4830,4846
2541,4796,4832,4834
2542,4804,4860,4836
2543,4832,4858,4834
2544,4835,4836,4861
2545,4832,4835,4858
2546,4831,4833,4838
2547,4833,4834,4837
2548,4831,4838,4849
2549,4834,4858,4837
2550,4833,4837,4838
2551,4484,4485,4844
2552,4494,4495,4843
2553,4484,4843,4495
2554,4485,4827,4847
2555,4490,4839,4840
2556,4493,4842,4841
2557,4492,4841,4839
2558,4494,4843,4842
2559,4485,4847,4844
2560,4828,4846,4848
2561,4827,4848,4847
2562,4484,4844,4843
2563,4491,4840,4845
2564,4839,4850,4840
2565,4840,4850,4845
2566,4830,4849,4846
2567,4844,4847,4873
2568,4847,4848,4870
2569,4838,4871,4849
2570,4846,4849,4872
2571,4846,4872,4848
2572,4839,4841,4851
2573,4841,4842,4853
2574,4842,4843,4852
2575,4843,4844,4852
2576,4839,4851,4850
2577,4841,4853,4851
2578,4842,4852,4853
2579,4847,4870,4873
2580,4844,4873,4852
2581,4848,4872,4870
2582,4805,4857,4806
2583,4804,4806,4859
2584,4821,4856,4857
2585,4804,4859,4860
2586,4836,4860,4861
2587,4806,4857,4859
2588,4855,4865,4856
2589,4835,4861,4858
2590,4858,4861,4869
2591,4837,4858,4869
2592,4856,4874,4857
2593,4857,4874,4859
2594,4860,4876,4861
2595,4859,4875,4860
2596,4859,4874,4875
2597,4826,4867,4854
2598,4824,4866,4825
2599,4825,4867,4826
2600,4854,4864,4855
2601,4824,4863,4866
2602,4825,4866,4867
2603,4823,4862,4863
2604,4855,4864,4865
2605,4854,4867,4864
2606,4856,4865,4874
2607,4862,4888,4863
2608,4864,4867,4889
2609,4863,4890,4866
2610,4866,4889,4867
2611,4837,4868,4838
2612,4849,4871,4872
2613,4838,4868,4871
2614,4837,4869,4868
2615,4860,4875,4876
2616,4861,4876,4869
2617,4851,4853,5288
2618,4852,5286,4853
2619,4852,4873,5286
2620,4870,5290,4873
2621,4868,5292,4871
2622,4870,4872,5291
2623,4871,5291,4872
2624,4869,4876,4878
2625,4865,4879,4874
2626,4874,4879,4875
2627,4875,4880,4876
2628,4864,4877,4865
2629,4863,4888,4890
2630,4866,4890,4889
2631,4865,4877,4879
2632,4864,4889,4877
2633,4868,4869,4878
2634,4876,4880,4878
2635,4871,5292,5291
2636,4868,4878,5292
2637,4875,4879,4880
2638,4768,4881,4882
2639,4881,4886,4882
2640,4771,4883,4884
2641,4771,4884,4816
2642,4772,4885,4883
2643,4772,4882,4885
2644,4882,4886,4885
2645,4883,4887,4884
2646,4883,4885,4887
2647,4881,5300,4886
2648,4886,5300,5301
2649,4884,4887,4888
2650,4862,4884,4888
2651,4885,4891,4887
2652,4885,4886,4891
2653,4886,5301,4891
2654,4887,5304,4888
2655,4887,4891,5304
2656,4888,5304,4890
2657,4889,4890,5305
2658,4877,4889,5305
2659,4877,5302,4879
2660,4879,5302,4880
2661,4890,5304,5305
2662,2239,5167,5168
2663,3700,5168,5171
2664,5167,5170,5168
2665,5167,5169,5170
2666,5168,5170,5171
2667,3700,5171,5172
2668,3703,5172,5173
2669,3703,5173,5193
2670,5171,5183,5172
2671,5172,5183,5173
2672,5169,5177,5178
2673,5170,5178,5182
2674,5177,5181,5178
2675,5178,5184,5182
2676,5177,5180,5181
2677,5178,5181,5184
2678,5180,5225,5181
2679,5181,5230,5184
2680,5169,5178,5170
2681,5170,5182,5171
2682,5171,5182,5183
2683,5182,5185,5183
2684,5173,5183,5186
2685,5173,5186,5199
2686,5182,5184,5185
2687,5184,5231,5185
2688,5183,5185,5186
2689,5185,5232,5186
2690,3708,5188,5187
2691,3991,5187,5188
2692,3708,5189,5188
2693,5188,5189,5191
2694,5189,5195,5191
2695,3991,5188,5190
2696,5188,5191,5190
2697,5190,5191,5274
2698,5191,5195,5192
2699,5191,5192,5274
2700,3718,5193,5194
2701,3718,5194,5196
2702,5173,5199,5193
2703,5193,5199,5194
2704,5194,5200,5196
2705,3720,5195,5189
2706,3720,5197,5195
2707,5195,5197,5202
2708,3725,5196,5198
2709,3725,5198,5197
2710,5196,5200,5198
2711,5197,5198,5202
2712,5194,5199,5201
2713,5194,5201,5200
2714,5186,5270,5199
2715,5199,5270,5201
2716,5200,5201,5271
2717,5198,5200,5203
2718,5198,5203,5202
2719,5192,5195,5202
2720,5200,5271,5203
2721,5192,5202,5276
2722,5202,5203,5276
2723,5224,5228,5229
2724,5224,5229,5225
2725,5225,5229,5233
2726,5228,5251,5229
2727,5228,5250,5251
2728,5229,5251,5267
2729,5225,5233,5230
2730,5230,5233,5234
2731,5230,5234,5231
2732,5231,5234,5235
2733,5231,5235,5232
2734,5232,5235,5272
2735,5229,5267,5233
2736,5233,5268,5234
2737,5233,5267,5268
2738,5234,5269,5235
2739,5234,5268,5269
2740,5235,5269,5297
2741,5246,5247,5250
2742,4287,5252,5243
2743,4287,4464,5252
2744,5243,5252,5253
2745,5243,5253,5244
2746,5244,5257,5248
2747,5244,5253,5257
2748,5246,5257,5247
2749,5246,5248,5257
2750,5247,5251,5250
2751,5247,5256,5251
2752,5256,5263,5267
2753,5263,5264,5268
2754,5264,5282,5269
2755,4464,5254,5252
2756,4464,4467,5254
2757,5252,5254,5255
2758,5252,5255,5253
2759,5253,5258,5257
2760,5253,5255,5258
2761,4467,5259,5254
2762,4467,4488,5259
2763,5254,5259,5260
2764,5254,5260,5255
2765,5255,5265,5258
2766,5255,5260,5265
2767,5247,5258,5256
2768,5256,5265,5263
2769,5247,5257,5258
2770,5256,5258,5265
2771,4488,5261,5259
2772,5259,5262,5260
2773,5260,5266,5265
2774,4488,4496,5261
2775,5259,5261,5262
2776,4496,5278,5261
2777,5260,5262,5266
2778,5261,5279,5262
2779,5262,5284,5266
2780,5263,5266,5264
2781,5263,5265,5266
2782,5264,5266,5284
2783,5251,5256,5267
2784,5263,5268,5267
2785,5264,5269,5268
2786,5180,5224,5225
2787,5181,5225,5230
2788,5184,5230,5231
2789,5185,5231,5232
2790,5186,5232,5270
2791,5201,5270,5273
2792,5232,5272,5270
2793,5270,5272,5273
2794,5201,5273,5271
2795,5235,5297,5272
2796,5272,5298,5273
2797,5272,5297,5298
2798,5273,5298,5299
2799,5271,5273,5299
2800,5271,5299,5277
2801,4777,5190,5274
2802,4777,5274,5300
2803,5274,5275,5300
2804,5203,5271,5277
2805,5203,5277,5276
2806,5192,5275,5274
2807,5192,5276,5275
2808,5276,5277,5310
2809,5275,5276,5310
2810,5282,5283,5297
2811,5283,5294,5298
2812,5294,5308,5299
2813,4496,4845,5278
2814,5261,5278,5279
2815,4845,5280,5278
2816,5262,5279,5284
2817,5278,5281,5279
2818,5279,5285,5284
2819,4845,4850,5280
2820,5278,5280,5281
2821,5279,5281,5285
2822,5264,5284,5282
2823,5282,5285,5283
2824,5282,5284,5285
2825,4850,4851,5287
2826,4850,5287,5280
2827,5280,5287,5289
2828,4853,5286,5288
2829,4873,5290,5286
2830,4851,5288,5287
2831,4870,5291,5290
2832,5280,5289,5281
2833,5281,5295,5285
2834,5281,5289,5295
2835,5286,5290,5307
2836,5287,5288,5293
2837,5286,5307,5288
2838,4878,4880,5303
2839,4878,5303,5292
2840,5291,5292,5306
2841,5290,5291,5306
2842,5290,5306,5307
2843,5287,5293,5289
2844,5289,5296,5295
2845,5288,5307,5293
2846,5289,5293,5296
2847,5283,5295,5294
2848,5294,5296,5308
2849,5283,5285,5295
2850,5294,5295,5296
2851,5269,5282,5297
2852,5283,5298,5297
2853,5294,5299,5298
2854,5277,5299,5308
2855,5275,5301,5300
2856,5275,5310,5301
2857,4880,5302,5303
2858,4877,5305,5302
2859,5292,5303,5306
2860,4891,5309,5304
2861,5304,5309,5305
2862,5293,5307,5309
2863,5306,5309,5307
2864,5293,5309,5296
2865,5303,5309,5306
2866,5302,5309,5303
2867,5302,5305,5309
2868,4891,5301,5309
2869,5301,5310,5309
2870,5308,5309,5310
2871,5296,5309,5308
2872,5277,5308,5310
2873,1,2,5
2874,1,6,3
2875,1,5,6
2876,3,7,4
2877,3,6,7
2878,5,11,6
2879,4,7,8
2880,8,10,9
2881,7,10,8
2882,9,10,14
2883,10,16,14
2884,6,11,199
2885,6,199,7
2886,11,198,199
2887,7,199,197
2888,7,201,10
2889,7,197,201
2890,10,201,13
2891,10,13,27
2892,10,27,29
2893,10,29,31
2894,10,31,33
2895,10,33,35
2896,10,35,37
2897,10,37,39
2898,10,39,41
2899,10,41,43
2900,14,16,15
2901,15,16,102
2902,10,43,16
2903,16,78,104
2904,16,43,44
2905,16,44,46
2906,16,46,47
2907,16,47,48
2908,16,48,49
2909,16,49,55
2910,16,55,54
2911,16,54,56
2912,16,56,57
2913,16,57,62
2914,16,62,64
2915,16,64,66
2916,16,66,68
2917,16,68,70
2918,16,70,72
2919,16,72,74
2920,16,74,76
2921,16,76,78
2922,102,104,103
2923,16,104,102
2924,103,104,107
2925,103,107,105
2926,105,107,106
2927,106,2583,2394
2928,106,107,2583
2929,78,79,104
2930,79,80,104
2931,80,81,104
2932,81,82,104
2933,82,83,104
2934,83,89,104
2935,89,90,104
2936,90,91,104
2937,91,92,104
2938,92,97,104
2939,97,108,104
2940,104,108,110
2941,104,110,112
2942,104,112,114
2943,104,114,115
2944,104,115,117
2945,104,117,119
2946,104,119,121
2947,104,121,123
2948,104,138,107
2949,104,124,125
2950,104,123,124
2951,104,125,128
2952,104,131,133
2953,104,128,131
2954,104,133,132
2955,104,136,137
2956,104,132,136
2957,104,137,138
2958,107,138,142
2959,107,142,144
2960,107,144,146
2961,107,146,148
2962,107,148,150
2963,107,178,2583
2964,178,2766,2583
2965,107,150,152
2966,107,152,156
2967,107,156,158
2968,107,158,160
2969,107,164,165
2970,107,161,164
2971,107,160,161
2972,107,165,166
2973,107,166,167
2974,107,173,172
2975,107,171,173
2976,107,167,171
2977,107,172,178
2978,193,2801,2766
2979,178,179,2766
2980,179,181,2766
2981,181,183,2766
2982,183,185,2766
2983,185,187,2766
2984,187,189,2766
2985,189,191,2766
2986,191,193,2766
2987,193,2810,2801
2988,193,2813,2810
2989,198,200,199
2990,197,199,207
2991,199,200,206
2992,199,206,207
2993,197,207,201
2994,13,201,202
2995,201,203,202
2996,201,207,213
2997,201,213,203
2998,200,205,206
2999,205,209,206
3000,205,208,209
3001,206,209,210
3002,206,210,207
3003,207,210,211
3004,203,213,214
3005,207,215,213
3006,207,211,215
3007,213,216,214
3008,213,215,216
3009,214,216,222
3010,216,225,222
3011,214,222,224
3012,2221,2222,2225
3013,2222,2223,2226
3014,2222,2226,2225
3015,2223,2224,2227
3016,2223,2227,2226
3017,2225,2226,2236
3018,2224,2229,2227
3019,2229,2232,2233
3020,2227,2229,2233
3021,2230,2233,2232
3022,2230,2900,2233
3023,2233,2900,2902
3024,2231,2233,2934
3025,2233,2902,2914
3026,2233,2914,2926
3027,2233,2926,2934
3028,2231,2234,2233
3029,2233,2234,2237
3030,2226,3727,2236
3031,2226,2227,3727
3032,2236,3727,3726
3033,2227,3729,3727
3034,2227,2233,3730
3035,2233,2237,3730
3036,2227,3730,3729
3037,2237,2238,3730
3038,2901,2914,2902
3039,2901,2922,2914
3040,2901,2928,2922
3041,3726,3727,3728
3042,3727,3729,3735
3043,3727,3734,3728
3044,3727,3735,3734
3045,3729,3730,3735
3046,2238,3731,3730
3047,3730,3731,3732
3048,3730,3741,3735
3049,3730,3732,3741
3050,3728,3734,3733
3051,3733,3734,3737
3052,3733,3737,3736
3053,3734,3738,3737
3054,3734,3735,3738
3055,3735,3739,3738
3056,3732,3742,3741
3057,3735,3741,3743
3058,3735,3743,3739
3059,3741,3742,3744
3060,3741,3746,3743
3061,3741,3744,3746
3062,3744,3745,3746
3063,2230,2913,2900
3064,2900,2913,2901
3065,2230,2927,2913
3066,2901,2913,2921
3067,2230,2934,2927
3068,2901,2921,2928
3069,2230,2231,2934
3070,13,26,27
3071,26,28,27
3072,26,309,28
3073,28,309,311
3074,27,28,29
3075,28,30,29
3076,28,311,30
3077,30,311,318
3078,29,30,31
3079,30,32,31
3080,30,318,32
3081,32,318,322
3082,31,32,33
3083,32,322,34
3084,32,34,33
3085,33,34,35
3086,34,322,338
3087,34,338,36
3088,34,36,35
3089,35,36,37
3090,36,338,340
3091,36,340,38
3092,36,38,37
3093,37,38,39
3094,38,340,347
3095,38,347,40
3096,38,40,39
3097,39,40,41
3098,40,347,349
3099,40,349,42
3100,40,42,41
3101,41,42,43
3102,42,349,372
3103,42,45,43
3104,43,45,44
3105,44,45,50
3106,42,372,45
3107,45,372,378
3108,44,50,46
3109,46,50,51
3110,46,51,47
3111,47,52,48
3112,47,51,52
3113,48,53,49
3114,48,52,53
3115,49,58,55
3116,49,53,58
3117,45,378,50
3118,50,379,51
3119,50,378,379
3120,51,379,380
3121,51,380,52
3122,52,380,383
3123,52,383,53
3124,54,55,59
3125,53,387,58
3126,53,383,387
3127,55,58,59
3128,54,60,56
3129,54,59,60
3130,56,61,57
3131,56,60,61
3132,58,388,59
3133,58,387,388
3134,59,389,60
3135,59,388,389
3136,60,390,61
3137,60,389,390
3138,57,61,62
3139,61,390,63
3140,61,63,62
3141,63,390,423
3142,62,63,64
3143,63,423,65
3144,63,65,64
3145,65,423,452
3146,64,65,66
3147,65,452,67
3148,65,67,66
3149,67,452,475
3150,66,67,68
3151,67,475,69
3152,67,69,68
3153,69,475,483
3154,68,69,70
3155,69,483,71
3156,69,71,70
3157,71,483,491
3158,70,71,72
3159,71,491,73
3160,71,73,72
3161,73,491,531
3162,72,73,74
3163,73,531,75
3164,73,75,74
3165,75,531,539
3166,74,75,76
3167,75,539,77
3168,75,77,76
3169,77,539,544
3170,76,77,78
3171,77,544,84
3172,77,84,78
3173,84,544,552
3174,78,84,79
3175,79,84,85
3176,79,85,80
3177,80,86,81
3178,80,85,86
3179,81,87,82
3180,81,86,87
3181,82,87,88
3182,82,88,83
3183,84,552,85
3184,85,553,86
3185,85,552,553
3186,86,554,87
3187,86,553,554
3188,87,554,557
3189,87,557,88
3190,83,93,89
3191,83,88,93
3192,88,558,93
3193,88,557,558
3194,89,94,90
3195,89,93,94
3196,90,94,95
3197,90,95,91
3198,91,96,92
3199,91,95,96
3200,93,570,94
3201,93,558,570
3202,94,570,571
3203,94,571,95
3204,95,572,96
3205,95,571,572
3206,92,96,98
3207,96,572,591
3208,92,98,97
3209,96,591,98
3210,97,98,109
3211,98,591,825
3212,97,109,108
3213,98,825,109
3214,108,109,111
3215,109,825,830
3216,108,111,110
3217,109,830,111
3218,110,111,113
3219,111,830,838
3220,110,113,112
3221,111,838,113
3222,112,113,116
3223,113,838,846
3224,112,116,114
3225,114,116,115
3226,113,846,116
3227,115,116,118
3228,116,846,857
3229,115,118,117
3230,116,857,118
3231,117,118,120
3232,118,857,865
3233,117,120,119
3234,118,865,120
3235,119,120,122
3236,120,865,926
3237,119,122,121
3238,120,926,122
3239,121,122,126
3240,122,926,934
3241,121,126,123
3242,122,934,126
3243,123,126,124
3244,124,126,127
3245,124,127,125
3246,125,129,128
3247,125,127,129
3248,126,934,127
3249,127,935,129
3250,127,934,935
3251,128,130,131
3252,128,129,130
3253,129,937,130
3254,129,935,937
3255,130,937,940
3256,130,134,131
3257,131,134,133
3258,132,133,135
3259,133,134,135
3260,132,135,139
3261,130,940,134
3262,134,941,135
3263,134,940,941
3264,135,941,954
3265,132,139,136
3266,136,140,137
3267,136,139,140
3268,137,140,141
3269,137,141,138
3270,135,954,139
3271,139,955,140
3272,139,954,955
3273,140,955,956
3274,140,956,141
3275,138,141,143
3276,141,956,971
3277,138,143,142
3278,141,971,143
3279,142,143,145
3280,143,971,979
3281,142,145,144
3282,143,979,145
3283,144,145,147
3284,145,979,987
3285,144,147,146
3286,145,987,147
3287,146,147,149
3288,147,987,998
3289,146,149,148
3290,147,998,149
3291,148,149,151
3292,149,998,1006
3293,148,151,150
3294,149,1006,151
3295,150,151,153
3296,151,1006,1014
3297,150,153,152
3298,151,1014,153
3299,152,153,157
3300,153,1014,1055
3301,152,157,156
3302,153,1055,157
3303,156,157,159
3304,157,1055,1063
3305,156,159,158
3306,157,1063,159
3307,158,159,162
3308,159,1063,1071
3309,158,162,160
3310,159,1071,162
3311,160,162,161
3312,161,163,164
3313,161,162,163
3314,162,1071,163
3315,163,1071,1072
3316,164,168,165
3317,163,168,164
3318,165,168,169
3319,165,169,166
3320,166,170,167
3321,166,169,170
3322,167,170,174
3323,163,1072,168
3324,168,1075,169
3325,168,1072,1075
3326,169,1075,1076
3327,169,1076,170
3328,170,1077,174
3329,170,1076,1077
3330,167,174,171
3331,171,175,173
3332,171,174,175
3333,173,175,177
3334,172,176,178
3335,172,173,177
3336,172,177,176
3337,174,1082,175
3338,175,1083,177
3339,174,1077,1082
3340,175,1082,1083
3341,176,177,1084
3342,177,1083,1084
3343,176,180,178
3344,176,1084,1109
3345,178,180,179
3346,176,1109,180
3347,179,180,182
3348,180,1109,1117
3349,179,182,181
3350,180,1117,182
3351,181,182,184
3352,182,1117,1138
3353,181,184,183
3354,182,1138,184
3355,183,184,186
3356,184,1138,1141
3357,183,186,185
3358,184,1141,186
3359,185,186,188
3360,186,1141,1149
3361,185,188,187
3362,186,1149,188
3363,188,1149,1163
3364,187,188,190
3365,187,190,189
3366,188,1163,190
3367,189,190,192
3368,190,1163,1168
3369,189,192,191
3370,190,1168,192
3371,191,192,194
3372,192,1168,1176
3373,191,194,193
3374,192,1176,194
3375,193,194,2814
3376,194,1176,3811
3377,193,2814,2813
3378,194,3811,2814
3379,309,310,311
3380,310,312,311
3381,310,313,312
3382,311,312,318
3383,312,313,316
3384,312,316,319
3385,313,314,316
3386,314,315,317
3387,314,317,316
3388,316,317,324
3389,315,321,317
3390,312,319,318
3391,318,319,322
3392,316,324,319
3393,315,320,321
3394,317,321,325
3395,319,324,323
3396,319,323,322
3397,322,323,338
3398,323,324,327
3399,323,327,339
3400,317,325,324
3401,324,325,327
3402,321,326,325
3403,325,326,328
3404,325,328,327
3405,327,328,342
3406,326,329,328
3407,320,331,321
3408,321,331,326
3409,320,330,331
3410,330,332,331
3411,330,333,332
3412,332,333,336
3413,326,331,334
3414,331,332,334
3415,332,336,335
3416,332,335,334
3417,326,334,329
3418,329,334,355
3419,334,335,355
3420,335,356,355
3421,335,337,356
3422,335,336,337
3423,323,339,338
3424,338,339,340
3425,327,342,339
3426,339,342,341
3427,339,341,340
3428,340,341,347
3429,341,342,345
3430,328,343,342
3431,328,329,343
3432,329,344,343
3433,342,343,345
3434,343,346,345
3435,343,344,346
3436,344,352,346
3437,341,348,347
3438,341,345,348
3439,345,351,348
3440,347,348,349
3441,348,350,349
3442,348,351,350
3443,350,351,374
3444,345,346,351
3445,346,353,351
3446,346,352,353
3447,352,354,353
3448,351,353,374
3449,353,375,374
3450,353,354,375
3451,329,355,344
3452,344,355,357
3453,355,356,357
3454,356,359,358
3455,344,357,352
3456,352,357,361
3457,356,358,357
3458,357,358,361
3459,337,359,356
3460,358,359,360
3461,352,361,354
3462,358,362,361
3463,358,360,362
3464,361,362,363
3465,354,361,363
3466,354,363,376
3467,362,364,363
3468,362,365,364
3469,360,365,362
3470,364,365,412
3471,333,366,336
3472,336,367,337
3473,337,368,359
3474,336,366,367
3475,337,367,368
3476,366,437,367
3477,359,369,360
3478,359,368,369
3479,367,438,368
3480,360,369,370
3481,360,370,365
3482,365,371,412
3483,365,370,371
3484,368,439,369
3485,369,440,370
3486,370,441,371
3487,349,350,372
3488,350,373,372
3489,350,374,373
3490,373,374,377
3491,372,373,378
3492,373,384,378
3493,373,377,384
3494,374,375,377
3495,354,376,375
3496,375,376,381
3497,375,381,377
3498,378,384,379
3499,363,410,376
3500,363,364,410
3501,377,381,395
3502,376,382,381
3503,379,385,380
3504,380,386,383
3505,379,384,385
3506,380,385,386
3507,383,386,391
3508,377,395,384
3509,384,395,385
3510,385,396,386
3511,385,395,396
3512,386,396,398
3513,383,391,387
3514,387,392,388
3515,387,391,392
3516,388,393,389
3517,388,392,393
3518,389,394,390
3519,389,393,394
3520,386,398,391
3521,391,399,392
3522,392,401,393
3523,391,398,399
3524,392,399,401
3525,393,403,394
3526,393,401,403
3527,381,397,395
3528,395,397,396
3529,381,382,397
3530,382,406,397
3531,396,400,398
3532,398,402,399
3533,396,397,400
3534,398,400,402
3535,399,404,401
3536,397,406,400
3537,399,402,404
3538,401,405,403
3539,401,404,405
3540,400,407,402
3541,400,406,407
3542,402,407,408
3543,402,408,404
3544,404,409,405
3545,404,408,409
3546,364,412,411
3547,364,411,410
3548,376,410,382
3549,382,410,414
3550,410,411,414
3551,411,415,414
3552,411,413,415
3553,411,412,413
3554,382,414,406
3555,406,414,416
3556,414,415,416
3557,415,421,419
3558,406,416,407
3559,407,417,408
3560,407,416,417
3561,408,417,418
3562,408,418,409
3563,415,419,416
3564,416,419,417
3565,417,420,418
3566,417,419,420
3567,419,422,420
3568,413,421,415
3569,419,421,422
3570,390,394,423
3571,394,403,424
3572,403,405,425
3573,405,409,426
3574,394,424,423
3575,403,425,424
3576,405,426,425
3577,409,427,426
3578,409,418,427
3579,418,420,428
3580,420,422,429
3581,418,428,427
3582,420,429,428
3583,422,430,429
3584,412,431,413
3585,371,431,412
3586,413,431,432
3587,413,432,421
3588,421,433,422
3589,421,432,433
3590,371,447,431
3591,431,448,432
3592,432,449,433
3593,422,433,470
3594,422,470,430
3595,367,437,438
3596,368,438,439
3597,437,442,438
3598,438,443,439
3599,438,442,443
3600,369,439,440
3601,370,440,441
3602,371,441,447
3603,439,444,440
3604,439,443,444
3605,440,444,445
3606,440,445,441
3607,441,446,447
3608,441,445,446
3609,442,462,443
3610,443,462,463
3611,443,463,444
3612,444,464,445
3613,445,465,446
3614,444,463,464
3615,445,464,465
3616,446,465,510
3617,431,447,448
3618,432,448,449
3619,447,450,448
3620,448,451,449
3621,446,450,447
3622,448,450,451
3623,433,449,513
3624,446,510,450
3625,450,511,451
3626,450,510,511
3627,423,424,452
3628,424,425,453
3629,425,426,454
3630,426,427,455
3631,424,453,452
3632,425,454,453
3633,426,455,454
3634,427,471,455
3635,427,428,471
3636,428,429,472
3637,429,430,473
3638,428,472,471
3639,429,473,472
3640,430,474,473
3641,462,503,463
3642,463,504,464
3643,463,503,504
3644,449,451,515
3645,433,513,470
3646,449,515,513
3647,452,453,475
3648,453,454,476
3649,454,455,477
3650,455,471,478
3651,471,472,479
3652,453,476,475
3653,454,477,476
3654,455,478,477
3655,471,479,478
3656,475,476,483
3657,476,477,484
3658,472,473,480
3659,473,474,481
3660,472,480,479
3661,473,481,480
3662,474,482,481
3663,477,478,485
3664,478,479,486
3665,479,480,487
3666,480,481,488
3667,481,482,489
3668,430,499,474
3669,474,500,482
3670,476,484,483
3671,477,485,484
3672,478,486,485
3673,479,487,486
3674,483,484,491
3675,484,485,492
3676,485,486,493
3677,486,487,494
3678,480,488,487
3679,481,489,488
3680,482,490,489
3681,487,488,495
3682,484,492,491
3683,485,493,492
3684,488,489,496
3685,489,490,497
3686,486,494,493
3687,487,495,494
3688,491,492,531
3689,492,493,532
3690,492,532,531
3691,493,533,532
3692,493,494,533
3693,494,495,534
3694,494,534,533
3695,488,496,495
3696,489,497,496
3697,490,498,497
3698,495,496,535
3699,496,497,536
3700,497,498,537
3701,495,535,534
3702,496,536,535
3703,482,501,490
3704,490,502,498
3705,498,599,538
3706,430,470,499
3707,474,499,500
3708,482,500,501
3709,490,501,502
3710,498,502,599
3711,464,505,465
3712,465,506,510
3713,464,504,505
3714,465,505,506
3715,503,507,504
3716,504,508,505
3717,504,507,508
3718,505,509,506
3719,505,508,509
3720,506,509,514
3721,507,517,508
3722,508,518,509
3723,509,519,514
3724,510,512,511
3725,451,511,516
3726,506,512,510
3727,451,516,515
3728,470,513,525
3729,506,514,512
3730,511,512,522
3731,511,522,516
3732,512,514,523
3733,513,515,526
3734,513,526,525
3735,508,517,518
3736,509,518,519
3737,517,520,518
3738,518,521,519
3739,518,520,521
3740,520,614,521
3741,512,523,522
3742,514,519,616
3743,515,516,524
3744,516,522,617
3745,515,524,526
3746,514,616,523
3747,519,521,618
3748,519,618,616
3749,516,617,524
3750,522,523,621
3751,470,525,499
3752,499,527,500
3753,500,528,501
3754,499,525,527
3755,500,527,528
3756,501,529,502
3757,525,627,527
3758,525,526,627
3759,524,629,526
3760,502,530,599
3761,501,528,529
3762,502,529,530
3763,527,628,528
3764,527,627,628
3765,528,630,529
3766,529,631,530
3767,528,628,630
3768,529,630,631
3769,530,631,655
3770,531,532,539
3771,532,533,540
3772,533,534,541
3773,532,540,539
3774,533,541,540
3775,534,535,542
3776,534,542,541
3777,535,543,542
3778,497,537,536
3779,498,538,537
3780,535,536,543
3781,536,537,547
3782,537,538,548
3783,536,547,543
3784,537,548,547
3785,538,549,548
3786,539,540,544
3787,540,541,545
3788,541,542,546
3789,542,543,550
3790,540,545,544
3791,541,546,545
3792,542,550,546
3793,543,551,550
3794,543,547,551
3795,547,548,567
3796,548,549,568
3797,547,567,551
3798,548,568,567
3799,549,569,568
3800,538,600,549
3801,549,601,569
3802,544,545,552
3803,545,546,555
3804,546,550,561
3805,550,551,564
3806,545,555,552
3807,546,561,555
3808,552,555,553
3809,553,555,556
3810,553,556,554
3811,554,556,559
3812,555,561,556
3813,554,559,557
3814,557,560,558
3815,557,559,560
3816,556,562,559
3817,559,563,560
3818,556,561,562
3819,559,562,563
3820,560,563,575
3821,550,564,561
3822,551,566,564
3823,561,564,562
3824,562,565,563
3825,562,564,565
3826,563,565,577
3827,564,566,565
3828,565,579,577
3829,565,566,579
3830,551,567,566
3831,567,568,580
3832,568,569,588
3833,566,567,580
3834,568,588,580
3835,566,580,579
3836,569,590,588
3837,558,573,570
3838,558,560,573
3839,570,574,571
3840,571,581,572
3841,570,573,574
3842,571,574,581
3843,560,575,573
3844,573,576,574
3845,574,582,581
3846,573,575,576
3847,574,576,582
3848,563,577,575
3849,575,578,576
3850,575,577,578
3851,577,584,578
3852,577,579,584
3853,572,581,592
3854,581,582,593
3855,576,583,582
3856,576,578,583
3857,578,585,583
3858,578,584,585
3859,582,583,594
3860,583,585,595
3861,572,592,591
3862,581,593,592
3863,582,594,593
3864,583,595,594
3865,579,586,584
3866,579,580,586
3867,584,586,587
3868,584,587,585
3869,580,588,586
3870,586,588,589
3871,586,589,587
3872,588,590,589
3873,585,587,596
3874,587,589,597
3875,589,590,598
3876,585,596,595
3877,587,597,596
3878,589,598,597
3879,597,598,829
3880,569,602,590
3881,590,821,598
3882,538,599,600
3883,549,600,601
3884,569,601,602
3885,590,602,821
3886,591,592,826
3887,592,593,822
3888,591,826,825
3889,592,822,826
3890,593,594,823
3891,594,595,824
3892,593,823,822
3893,594,824,823
3894,595,596,827
3895,596,597,828
3896,595,827,824
3897,596,828,827
3898,597,829,828
3899,599,603,600
3900,530,603,599
3901,600,604,601
3902,600,603,604
3903,601,604,876
3904,601,876,602
3905,530,655,603
3906,603,894,604
3907,603,655,894
3908,521,614,619
3909,614,615,619
3910,521,619,618
3911,523,616,622
3912,522,621,617
3913,523,622,621
3914,616,618,623
3915,616,623,622
3916,617,621,633
3917,615,625,619
3918,618,619,626
3919,615,624,625
3920,618,626,623
3921,621,622,634
3922,619,625,626
3923,622,623,651
3924,623,626,645
3925,622,651,634
3926,526,629,627
3927,524,617,632
3928,524,632,629
3929,617,633,632
3930,627,629,635
3931,627,635,628
3932,628,636,630
3933,630,637,631
3934,631,885,655
3935,621,634,633
3936,629,632,652
3937,628,635,636
3938,629,652,635
3939,632,633,653
3940,632,653,652
3941,630,636,637
3942,631,637,885
3943,624,643,625
3944,624,642,643
3945,625,644,626
3946,623,645,651
3947,625,643,644
3948,626,644,645
3949,642,649,643
3950,643,650,644
3951,642,648,649
3952,644,891,645
3953,643,649,650
3954,644,650,891
3955,648,1252,649
3956,633,634,654
3957,634,651,889
3958,633,654,653
3959,635,886,636
3960,635,652,886
3961,634,889,654
3962,645,892,651
3963,652,653,890
3964,653,654,893
3965,652,890,886
3966,651,892,889
3967,645,891,892
3968,598,821,854
3969,825,826,831
3970,822,832,826
3971,825,831,830
3972,826,832,831
3973,822,823,833
3974,823,824,834
3975,822,833,832
3976,824,827,835
3977,827,828,836
3978,828,829,837
3979,823,834,833
3980,824,835,834
3981,827,836,835
3982,828,837,836
3983,830,831,839
3984,831,832,841
3985,832,833,840
3986,833,834,842
3987,834,835,843
3988,835,836,844
3989,836,837,845
3990,598,854,829
3991,829,855,837
3992,830,839,838
3993,831,841,839
3994,832,840,841
3995,833,842,840
3996,834,843,842
3997,835,844,843
3998,836,845,844
3999,837,856,845
4000,838,839,847
4001,839,841,848
4002,840,849,841
4003,840,842,850
4004,842,843,851
4005,843,844,852
4006,844,845,853
4007,838,847,846
4008,839,848,847
4009,841,849,848
4010,840,850,849
4011,846,847,858
4012,847,848,859
4013,848,849,860
4014,849,850,861
4015,842,851,850
4016,843,852,851
4017,844,853,852
4018,850,851,862
4019,845,873,853
4020,829,854,855
4021,837,855,856
4022,845,856,873
4023,846,858,857
4024,847,859,858
4025,848,860,859
4026,851,852,863
4027,851,863,862
4028,852,864,863
4029,852,853,864
4030,849,861,860
4031,857,858,866
4032,858,859,867
4033,859,860,868
4034,850,862,861
4035,860,861,869
4036,857,866,865
4037,858,867,866
4038,859,868,867
4039,860,869,868
4040,861,862,870
4041,862,863,871
4042,863,864,872
4043,861,870,869
4044,862,871,870
4045,863,872,871
4046,853,874,864
4047,864,875,872
4048,853,873,874
4049,864,874,875
4050,872,875,953
4051,602,877,821
4052,821,878,854
4053,602,876,877
4054,821,877,878
4055,604,895,876
4056,604,894,895
4057,876,896,877
4058,876,895,896
4059,877,897,878
4060,877,896,897
4061,878,897,903
4062,854,879,855
4063,855,880,856
4064,854,878,879
4065,855,879,880
4066,878,903,879
4067,856,881,873
4068,856,880,881
4069,873,882,874
4070,873,881,882
4071,874,883,875
4072,875,884,953
4073,874,882,883
4074,875,883,884
4075,879,904,880
4076,880,905,881
4077,879,903,904
4078,880,904,905
4079,881,905,906
4080,881,906,882
4081,882,916,883
4082,882,906,916
4083,883,917,884
4084,883,916,917
4085,884,917,1036
4086,649,1256,650
4087,636,887,637
4088,637,888,885
4089,636,886,887
4090,637,887,888
4091,885,888,909
4092,653,893,890
4093,654,889,1258
4094,650,1257,891
4095,889,892,1260
4096,891,1259,892
4097,654,1258,893
4098,889,1260,1258
4099,890,893,1263
4100,886,1261,887
4101,887,1262,888
4102,886,890,1261
4103,887,1261,1262
4104,888,1298,909
4105,888,1262,1298
4106,655,898,894
4107,894,899,895
4108,895,900,896
4109,896,901,897
4110,655,885,898
4111,894,898,899
4112,895,899,900
4113,896,900,901
4114,897,902,903
4115,897,901,902
4116,903,907,904
4117,904,908,905
4118,905,918,906
4119,902,907,903
4120,904,907,908
4121,905,908,918
4122,885,909,898
4123,898,910,899
4124,899,911,900
4125,898,909,910
4126,899,910,911
4127,909,1299,910
4128,909,1298,1299
4129,900,912,901
4130,901,913,902
4131,900,911,912
4132,901,912,913
4133,902,913,914
4134,910,1300,911
4135,910,1299,1300
4136,911,1300,1301
4137,911,1301,912
4138,912,1302,913
4139,912,1301,1302
4140,913,1303,914
4141,913,1302,1303
4142,902,914,907
4143,907,915,908
4144,907,914,915
4145,914,1312,915
4146,914,1303,1312
4147,906,919,916
4148,916,920,917
4149,917,921,1036
4150,906,918,919
4151,916,919,920
4152,917,920,921
4153,908,922,918
4154,908,915,922
4155,918,923,919
4156,919,924,920
4157,918,922,923
4158,919,923,924
4159,920,925,921
4160,921,925,1045
4161,920,924,925
4162,915,1313,922
4163,915,1312,1313
4164,922,1313,1314
4165,922,1314,923
4166,923,1315,924
4167,924,1319,925
4168,923,1314,1315
4169,924,1315,1319
4170,925,1320,1045
4171,925,1319,1320
4172,865,866,927
4173,866,867,928
4174,865,927,926
4175,866,928,927
4176,867,868,929
4177,868,869,930
4178,867,929,928
4179,868,930,929
4180,869,870,931
4181,870,871,932
4182,871,872,933
4183,869,931,930
4184,870,932,931
4185,871,933,932
4186,926,927,936
4187,927,928,943
4188,926,936,934
4189,927,943,936
4190,928,929,945
4191,929,930,947
4192,928,945,943
4193,930,931,952
4194,931,932,968
4195,932,933,970
4196,934,936,935
4197,935,938,937
4198,937,939,940
4199,935,936,938
4200,937,938,939
4201,936,943,938
4202,938,944,939
4203,938,943,944
4204,939,944,948
4205,940,942,941
4206,941,957,954
4207,939,942,940
4208,941,942,957
4209,939,948,942
4210,942,949,957
4211,942,948,949
4212,929,947,945
4213,943,945,944
4214,944,945,946
4215,944,946,948
4216,945,947,946
4217,946,947,951
4218,948,950,949
4219,946,950,948
4220,946,951,950
4221,950,951,964
4222,930,952,947
4223,931,968,952
4224,932,970,968
4225,947,952,951
4226,951,952,966
4227,952,968,966
4228,872,953,933
4229,933,993,970
4230,933,953,993
4231,954,958,955
4232,955,959,956
4233,954,957,958
4234,955,958,959
4235,957,960,958
4236,958,963,959
4237,949,960,957
4238,958,960,963
4239,949,961,960
4240,960,962,963
4241,949,950,961
4242,960,961,962
4243,950,964,961
4244,961,965,962
4245,961,964,965
4246,959,963,974
4247,962,975,963
4248,962,965,973
4249,956,959,972
4250,959,974,972
4251,963,975,974
4252,962,973,975
4253,951,966,964
4254,964,967,965
4255,964,966,967
4256,966,969,967
4257,966,968,969
4258,968,970,969
4259,969,970,978
4260,965,967,976
4261,967,969,977
4262,965,976,973
4263,967,977,976
4264,969,978,977
4265,956,972,971
4266,971,972,980
4267,972,974,981
4268,974,975,982
4269,973,983,975
4270,973,976,984
4271,976,977,985
4272,977,978,986
4273,970,994,978
4274,978,995,986
4275,971,980,979
4276,972,981,980
4277,974,982,981
4278,975,983,982
4279,973,984,983
4280,976,985,984
4281,977,986,985
4282,979,980,996
4283,980,981,997
4284,981,982,988
4285,982,983,989
4286,981,988,997
4287,982,989,988
4288,979,996,987
4289,980,997,996
4290,983,984,990
4291,984,985,991
4292,985,992,991
4293,985,986,992
4294,983,990,989
4295,984,991,990
4296,986,1022,992
4297,970,993,994
4298,978,994,995
4299,986,995,1022
4300,987,996,999
4301,996,997,1000
4302,988,1001,997
4303,988,989,1002
4304,987,999,998
4305,996,1000,999
4306,997,1001,1000
4307,988,1002,1001
4308,990,991,1004
4309,989,990,1003
4310,991,992,1005
4311,989,1003,1002
4312,991,1005,1004
4313,990,1004,1003
4314,998,999,1007
4315,999,1000,1009
4316,1000,1001,1010
4317,1001,1002,1008
4318,1002,1003,1013
4319,1003,1004,1011
4320,1004,1005,1012
4321,992,1023,1005
4322,998,1007,1006
4323,999,1009,1007
4324,1000,1010,1009
4325,1001,1008,1010
4326,1006,1007,1015
4327,1007,1009,1016
4328,1009,1010,1017
4329,1008,1018,1010
4330,1002,1013,1008
4331,1003,1011,1013
4332,1004,1012,1011
4333,1008,1013,1019
4334,1011,1020,1013
4335,1011,1012,1021
4336,1006,1015,1014
4337,1007,1016,1015
4338,1009,1017,1016
4339,1010,1018,1017
4340,1011,1021,1020
4341,1008,1019,1018
4342,1013,1020,1019
4343,1005,1024,1012
4344,1012,1053,1021
4345,992,1022,1023
4346,1005,1023,1024
4347,1012,1024,1053
4348,953,1026,993
4349,993,1025,994
4350,884,1026,953
4351,993,1026,1025
4352,994,1027,995
4353,994,1025,1027
4354,884,1036,1026
4355,1025,1026,1037
4356,1025,1038,1027
4357,1026,1036,1037
4358,1025,1037,1038
4359,995,1027,1028
4360,995,1028,1022
4361,1022,1029,1023
4362,1022,1028,1029
4363,1023,1030,1024
4364,1023,1029,1030
4365,1024,1030,1132
4366,1027,1039,1028
4367,1027,1038,1039
4368,1028,1040,1029
4369,1029,1202,1030
4370,1028,1039,1040
4371,1029,1040,1202
4372,1036,1041,1037
4373,921,1041,1036
4374,1037,1042,1038
4375,1038,1043,1039
4376,1039,1044,1040
4377,1037,1041,1042
4378,1038,1042,1043
4379,1041,1046,1042
4380,1039,1043,1044
4381,1042,1047,1043
4382,1043,1216,1044
4383,1040,1044,1206
4384,921,1045,1041
4385,1041,1045,1046
4386,1042,1046,1047
4387,1043,1047,1216
4388,1045,1779,1046
4389,1045,1320,1779
4390,1046,1780,1047
4391,1047,1914,1216
4392,1046,1779,1780
4393,1047,1780,1914
4394,1021,1053,1054
4395,1014,1015,1056
4396,1015,1016,1057
4397,1016,1017,1058
4398,1017,1018,1059
4399,1014,1056,1055
4400,1015,1057,1056
4401,1016,1058,1057
4402,1017,1059,1058
4403,1018,1019,1060
4404,1019,1020,1061
4405,1020,1021,1062
4406,1018,1060,1059
4407,1019,1061,1060
4408,1020,1062,1061
4409,1055,1056,1064
4410,1056,1057,1065
4411,1057,1058,1066
4412,1058,1059,1067
4413,1055,1064,1063
4414,1056,1065,1064
4415,1057,1066,1065
4416,1058,1067,1066
4417,1059,1060,1068
4418,1061,1062,1070
4419,1060,1061,1069
4420,1059,1068,1067
4421,1060,1069,1068
4422,1061,1070,1069
4423,1021,1054,1062
4424,1063,1064,1073
4425,1064,1065,1074
4426,1065,1066,1089
4427,1066,1067,1094
4428,1067,1068,1101
4429,1068,1069,1104
4430,1069,1070,1106
4431,1063,1073,1071
4432,1064,1074,1073
4433,1071,1073,1072
4434,1072,1073,1078
4435,1073,1074,1078
4436,1065,1089,1074
4437,1066,1094,1089
4438,1072,1078,1075
4439,1075,1079,1076
4440,1075,1078,1079
4441,1076,1080,1077
4442,1077,1081,1082
4443,1076,1079,1080
4444,1077,1080,1081
4445,1078,1087,1079
4446,1074,1087,1078
4447,1079,1087,1088
4448,1079,1088,1080
4449,1080,1091,1081
4450,1081,1091,1098
4451,1080,1088,1091
4452,1082,1085,1083
4453,1081,1085,1082
4454,1083,1085,1086
4455,1083,1086,1084
4456,1081,1098,1085
4457,1085,1099,1086
4458,1085,1098,1099
4459,1074,1089,1087
4460,1087,1090,1088
4461,1087,1089,1090
4462,1088,1090,1092
4463,1088,1092,1091
4464,1091,1093,1098
4465,1091,1092,1093
4466,1089,1094,1090
4467,1090,1095,1092
4468,1090,1094,1095
4469,1092,1096,1093
4470,1092,1095,1096
4471,1093,1096,1097
4472,1098,1100,1099
4473,1093,1100,1098
4474,1093,1097,1100
4475,1067,1101,1094
4476,1068,1104,1101
4477,1069,1106,1104
4478,1094,1101,1095
4479,1095,1101,1102
4480,1095,1102,1096
4481,1096,1102,1103
4482,1096,1103,1097
4483,1101,1104,1102
4484,1102,1104,1105
4485,1104,1106,1105
4486,1102,1105,1103
4487,1062,1107,1070
4488,1070,1129,1106
4489,1054,1107,1062
4490,1070,1107,1129
4491,1084,1086,1110
4492,1086,1099,1111
4493,1097,1113,1100
4494,1099,1100,1112
4495,1084,1110,1109
4496,1086,1111,1110
4497,1099,1112,1111
4498,1100,1113,1112
4499,1097,1103,1114
4500,1103,1105,1115
4501,1105,1106,1108
4502,1097,1114,1113
4503,1103,1115,1114
4504,1105,1108,1115
4505,1110,1111,1119
4506,1109,1110,1118
4507,1111,1112,1120
4508,1112,1113,1116
4509,1108,1123,1115
4510,1113,1114,1121
4511,1114,1115,1122
4512,1114,1122,1121
4513,1115,1123,1122
4514,1106,1130,1108
4515,1109,1118,1117
4516,1110,1119,1118
4517,1111,1120,1119
4518,1112,1116,1120
4519,1116,1125,1120
4520,1113,1121,1116
4521,1116,1121,1126
4522,1121,1122,1127
4523,1122,1123,1128
4524,1117,1118,1139
4525,1118,1119,1140
4526,1119,1120,1124
4527,1120,1125,1124
4528,1117,1139,1138
4529,1118,1140,1139
4530,1119,1124,1140
4531,1116,1126,1125
4532,1121,1127,1126
4533,1122,1128,1127
4534,1108,1131,1123
4535,1123,1160,1128
4536,1106,1129,1130
4537,1108,1130,1131
4538,1123,1131,1160
4539,1130,1137,1131
4540,1131,1187,1160
4541,1024,1132,1053
4542,1053,1133,1054
4543,1053,1132,1133
4544,1054,1133,1134
4545,1030,1203,1132
4546,1132,1204,1133
4547,1030,1202,1203
4548,1132,1203,1204
4549,1133,1205,1134
4550,1133,1204,1205
4551,1054,1134,1107
4552,1107,1135,1129
4553,1107,1134,1135
4554,1134,1205,1211
4555,1129,1135,1136
4556,1129,1136,1130
4557,1130,1136,1137
4558,1131,1137,1187
4559,1134,1211,1135
4560,1135,1212,1136
4561,1135,1211,1212
4562,1136,1213,1137
4563,1137,1190,1187
4564,1136,1212,1213
4565,1137,1213,1190
4566,1138,1139,1142
4567,1139,1140,1144
4568,1124,1143,1140
4569,1124,1125,1145
4570,1138,1142,1141
4571,1139,1144,1142
4572,1124,1145,1143
4573,1140,1143,1144
4574,1125,1126,1146
4575,1126,1127,1147
4576,1127,1128,1148
4577,1126,1147,1146
4578,1127,1148,1147
4579,1125,1146,1145
4580,1141,1142,1150
4581,1142,1144,1151
4582,1143,1152,1144
4583,1143,1145,1153
4584,1145,1146,1155
4585,1146,1147,1156
4586,1147,1148,1154
4587,1128,1161,1148
4588,1141,1150,1149
4589,1142,1151,1150
4590,1143,1153,1152
4591,1144,1152,1151
4592,1145,1155,1153
4593,1147,1154,1156
4594,1146,1156,1155
4595,1154,1159,1156
4596,1149,1150,1164
4597,1150,1151,1165
4598,1151,1152,1166
4599,1152,1153,1167
4600,1153,1155,1157
4601,1155,1156,1158
4602,1148,1162,1154
4603,1154,1184,1159
4604,1149,1164,1163
4605,1150,1165,1164
4606,1151,1166,1165
4607,1152,1167,1166
4608,1156,1159,1158
4609,1153,1157,1167
4610,1155,1158,1157
4611,1128,1160,1161
4612,1148,1161,1162
4613,1160,1188,1161
4614,1154,1162,1184
4615,1161,1189,1162
4616,1162,1193,1184
4617,1163,1164,1169
4618,1164,1165,1170
4619,1165,1166,1171
4620,1166,1167,1172
4621,1163,1169,1168
4622,1164,1170,1169
4623,1165,1171,1170
4624,1166,1172,1171
4625,1157,1173,1167
4626,1157,1158,1174
4627,1158,1159,1175
4628,1167,1173,1172
4629,1158,1175,1174
4630,1157,1174,1173
4631,1168,1169,1177
4632,1169,1170,1178
4633,1170,1171,1179
4634,1171,1172,1180
4635,1172,1173,1181
4636,1173,1174,1182
4637,1174,1175,1183
4638,1159,1185,1175
4639,1168,1177,1176
4640,1169,1178,1177
4641,1170,1179,1178
4642,1171,1180,1179
4643,1172,1181,1180
4644,1173,1182,1181
4645,1174,1183,1182
4646,1176,1177,3812
4647,1177,1178,3813
4648,1178,1179,3814
4649,1179,1180,3815
4650,1176,3812,3811
4651,1177,3813,3812
4652,1178,3814,3813
4653,1179,3815,3814
4654,1180,1181,3816
4655,1181,1182,3817
4656,1182,1183,3818
4657,1180,3816,3815
4658,1181,3817,3816
4659,1182,3818,3817
4660,1175,1186,1183
4661,1183,3837,3818
4662,1159,1184,1185
4663,1184,1194,1185
4664,1185,1195,1186
4665,1175,1185,1186
4666,1183,1186,3837
4667,1186,3860,3837
4668,1160,1187,1188
4669,1161,1188,1189
4670,1162,1189,1193
4671,1187,1191,1188
4672,1187,1190,1191
4673,1188,1192,1189
4674,1189,1196,1193
4675,1188,1191,1192
4676,1189,1192,1196
4677,1184,1193,1194
4678,1185,1194,1195
4679,1186,1195,3860
4680,1193,1197,1194
4681,1193,1196,1197
4682,1194,1197,1198
4683,1194,1198,1195
4684,1195,3864,3860
4685,1195,1198,3864
4686,1040,1206,1202
4687,1202,1207,1203
4688,1203,1208,1204
4689,1204,1209,1205
4690,1202,1206,1207
4691,1044,1217,1206
4692,1206,1218,1207
4693,1203,1207,1208
4694,1204,1208,1209
4695,1207,1219,1208
4696,1208,1223,1209
4697,1205,1210,1211
4698,1205,1209,1210
4699,1209,1224,1210
4700,1210,1225,1214
4701,1211,1214,1212
4702,1210,1214,1211
4703,1212,1215,1213
4704,1212,1214,1215
4705,1213,1215,1230
4706,1214,1226,1215
4707,1044,1216,1217
4708,1206,1217,1218
4709,1207,1218,1219
4710,1208,1219,1223
4711,1216,1220,1217
4712,1216,1914,1220
4713,1217,1221,1218
4714,1218,1222,1219
4715,1217,1220,1221
4716,1218,1221,1222
4717,1209,1223,1224
4718,1210,1224,1225
4719,1214,1225,1226
4720,1225,1236,1226
4721,1219,1227,1223
4722,1223,1228,1224
4723,1219,1222,1227
4724,1223,1227,1228
4725,1224,1229,1225
4726,1224,1228,1229
4727,1225,1229,1236
4728,1190,1213,1230
4729,1190,1231,1191
4730,1190,1230,1231
4731,1191,1232,1192
4732,1192,1233,1196
4733,1191,1231,1232
4734,1192,1232,1233
4735,1215,1239,1230
4736,1230,1240,1231
4737,1231,1241,1232
4738,1231,1240,1241
4739,1232,1241,1243
4740,1196,1234,1197
4741,1196,1233,1234
4742,1197,1234,1235
4743,1197,1235,1198
4744,1198,3901,3864
4745,1198,1235,3901
4746,1232,1243,1233
4747,1233,1243,1244
4748,1233,1244,1234
4749,1234,1245,1235
4750,1234,1244,1245
4751,1235,1245,3911
4752,1235,3911,3901
4753,1226,1237,1239
4754,1226,1236,1237
4755,1237,1238,1239
4756,1215,1226,1239
4757,1230,1239,1240
4758,1238,1240,1239
4759,1240,1242,1241
4760,1238,1242,1240
4761,1241,1242,1246
4762,1241,1246,1243
4763,1243,1247,1244
4764,1244,1248,1245
4765,1245,3915,3911
4766,1243,1246,1247
4767,1242,1943,1246
4768,1246,1944,1247
4769,1244,1247,1248
4770,1245,1248,3915
4771,1247,1945,1248
4772,1248,4503,3915
4773,648,1251,1252
4774,649,1252,1256
4775,1251,1254,1252
4776,1251,1253,1254
4777,1252,1254,1264
4778,1253,1275,1254
4779,1253,1274,1275
4780,650,1256,1257
4781,891,1257,1259
4782,892,1259,1260
4783,893,1258,1268
4784,1252,1264,1256
4785,1256,1265,1257
4786,1257,1266,1259
4787,1258,1260,1269
4788,1259,1267,1260
4789,1258,1269,1268
4790,890,1263,1261
4791,893,1268,1263
4792,1261,1270,1262
4793,1261,1263,1270
4794,1262,1272,1298
4795,1256,1264,1265
4796,1257,1265,1266
4797,1259,1266,1267
4798,1260,1267,1269
4799,1254,1276,1264
4800,1264,1277,1265
4801,1254,1275,1276
4802,1264,1276,1277
4803,1265,1278,1266
4804,1266,1279,1267
4805,1265,1277,1278
4806,1266,1278,1279
4807,1263,1268,1271
4808,1263,1271,1270
4809,1262,1270,1272
4810,1267,1284,1269
4811,1268,1269,1285
4812,1268,1285,1271
4813,1270,1286,1272
4814,1274,1287,1275
4815,1267,1279,1284
4816,1275,1288,1276
4817,1274,1283,1287
4818,1275,1287,1288
4819,1276,1289,1277
4820,1269,1284,1285
4821,1277,1290,1278
4822,1278,1294,1279
4823,1276,1288,1289
4824,1277,1289,1290
4825,1278,1290,1294
4826,1270,1271,1286
4827,1272,1286,1308
4828,1279,1295,1284
4829,1284,1296,1285
4830,1279,1294,1295
4831,1284,1295,1296
4832,1271,1285,1297
4833,1271,1297,1286
4834,1285,1296,1297
4835,1283,1292,1287
4836,1287,1293,1288
4837,1288,1344,1289
4838,1289,1352,1290
4839,1283,1291,1292
4840,1287,1292,1293
4841,1288,1293,1344
4842,1289,1344,1352
4843,1290,1353,1294
4844,1294,1354,1295
4845,1295,1357,1296
4846,1290,1352,1353
4847,1294,1353,1354
4848,1286,1520,1308
4849,1286,1297,1520
4850,1295,1354,1357
4851,1296,1358,1297
4852,1296,1357,1358
4853,1297,1358,1520
4854,1298,1304,1299
4855,1299,1305,1300
4856,1300,1306,1301
4857,1301,1307,1302
4858,1302,1311,1303
4859,1272,1304,1298
4860,1299,1304,1305
4861,1300,1305,1306
4862,1272,1308,1304
4863,1304,1309,1305
4864,1305,1310,1306
4865,1301,1306,1307
4866,1302,1307,1311
4867,1306,1325,1307
4868,1304,1308,1309
4869,1305,1309,1310
4870,1306,1310,1325
4871,1308,1521,1309
4872,1309,1554,1310
4873,1308,1520,1521
4874,1309,1521,1554
4875,1303,1311,1316
4876,1307,1326,1311
4877,1311,1327,1316
4878,1303,1316,1312
4879,1312,1317,1313
4880,1313,1318,1314
4881,1314,1322,1315
4882,1312,1316,1317
4883,1313,1317,1318
4884,1316,1328,1317
4885,1317,1329,1318
4886,1314,1318,1322
4887,1315,1323,1319
4888,1319,1321,1320
4889,1320,1324,1779
4890,1315,1322,1323
4891,1319,1323,1321
4892,1318,1330,1322
4893,1322,1331,1323
4894,1321,1323,1332
4895,1320,1321,1324
4896,1321,1333,1324
4897,1307,1325,1326
4898,1311,1326,1327
4899,1310,1554,1561
4900,1310,1561,1325
4901,1325,1563,1326
4902,1325,1561,1563
4903,1326,1564,1327
4904,1326,1563,1564
4905,1316,1327,1328
4906,1317,1328,1329
4907,1327,1585,1328
4908,1327,1564,1585
4909,1328,1585,1586
4910,1318,1329,1330
4911,1322,1330,1331
4912,1323,1331,1332
4913,1321,1332,1333
4914,1324,1333,1923
4915,1328,1586,1329
4916,1329,1587,1330
4917,1329,1586,1587
4918,1330,1594,1331
4919,1330,1587,1594
4920,1331,1595,1332
4921,1332,1703,1333
4922,1331,1594,1595
4923,1332,1595,1703
4924,1291,1342,1292
4925,1292,1342,1343
4926,1292,1343,1293
4927,1293,1345,1344
4928,1344,1347,1352
4929,1293,1343,1345
4930,1344,1345,1347
4931,1342,1348,1343
4932,1343,1349,1345
4933,1343,1348,1349
4934,1348,1371,1349
4935,1345,1349,1350
4936,1345,1350,1347
4937,1347,1351,1355
4938,1347,1350,1351
4939,1349,1372,1350
4940,1352,1355,1353
4941,1353,1356,1354
4942,1347,1355,1352
4943,1353,1355,1356
4944,1354,1356,1359
4945,1354,1359,1357
4946,1357,1362,1358
4947,1357,1359,1362
4948,1358,1363,1520
4949,1358,1362,1363
4950,1363,1364,1520
4951,1355,1360,1356
4952,1351,1360,1355
4953,1356,1361,1359
4954,1356,1360,1361
4955,1359,1361,1365
4956,1359,1365,1362
4957,1362,1366,1363
4958,1363,1367,1364
4959,1362,1365,1366
4960,1363,1366,1367
4961,1364,1367,1368
4962,1364,1368,1431
4963,1349,1371,1372
4964,1350,1372,1373
4965,1350,1373,1351
4966,1371,1374,1372
4967,1351,1373,1377
4968,1372,1375,1373
4969,1373,1376,1377
4970,1372,1374,1375
4971,1373,1375,1376
4972,1376,1380,1377
4973,1374,1410,1375
4974,1375,1410,1445
4975,1375,1445,1376
4976,1376,1446,1380
4977,1376,1445,1446
4978,1351,1377,1360
4979,1360,1378,1361
4980,1360,1377,1378
4981,1361,1379,1365
4982,1361,1378,1379
4983,1377,1380,1378
4984,1378,1437,1379
4985,1365,1432,1366
4986,1366,1433,1367
4987,1365,1379,1432
4988,1366,1432,1433
4989,1367,1434,1368
4990,1378,1380,1437
4991,1379,1438,1432
4992,1367,1433,1434
4993,1368,1436,1431
4994,1368,1434,1435
4995,1368,1435,1436
4996,1431,1436,1569
4997,1379,1437,1438
4998,1380,1451,1437
4999,1437,1452,1438
5000,1438,1453,1439
5001,1432,1439,1433
5002,1433,1440,1434
5003,1434,1441,1435
5004,1432,1438,1439
5005,1433,1439,1440
5006,1434,1440,1441
5007,1435,1441,1442
5008,1435,1443,1436
5009,1436,1444,1569
5010,1435,1442,1443
5011,1436,1443,1444
5012,1439,1454,1440
5013,1440,1455,1441
5014,1441,1456,1442
5015,1442,1458,1443
5016,1443,1459,1444
5017,1410,1447,1445
5018,1445,1448,1446
5019,1445,1447,1448
5020,1446,1448,1460
5021,1447,1449,1448
5022,1448,1450,1460
5023,1448,1449,1450
5024,1380,1446,1451
5025,1437,1451,1452
5026,1438,1452,1453
5027,1439,1453,1454
5028,1446,1460,1451
5029,1451,1461,1452
5030,1451,1460,1461
5031,1452,1462,1453
5032,1453,1463,1454
5033,1454,1464,1455
5034,1452,1461,1462
5035,1453,1462,1463
5036,1455,1465,1456
5037,1454,1463,1464
5038,1455,1464,1465
5039,1456,1465,1466
5040,1440,1454,1455
5041,1441,1455,1456
5042,1442,1456,1457
5043,1442,1457,1458
5044,1443,1458,1459
5045,1444,1459,1612
5046,1456,1466,1457
5047,1457,1476,1458
5048,1457,1466,1475
5049,1457,1475,1476
5050,1458,1476,1477
5051,1458,1477,1459
5052,1459,1478,1612
5053,1459,1477,1478
5054,1460,1467,1461
5055,1461,1468,1462
5056,1462,1469,1463
5057,1463,1470,1464
5058,1464,1471,1465
5059,1465,1472,1466
5060,1466,1473,1475
5061,1450,1467,1460
5062,1461,1467,1468
5063,1462,1468,1469
5064,1463,1469,1470
5065,1464,1470,1471
5066,1465,1471,1472
5067,1466,1472,1473
5068,1473,1474,1475
5069,1475,1479,1476
5070,1476,1480,1477
5071,1474,1479,1475
5072,1476,1479,1480
5073,1477,1481,1478
5074,1477,1480,1481
5075,1478,1481,1620
5076,1449,1482,1450
5077,1450,1483,1467
5078,1450,1482,1483
5079,1482,1487,1483
5080,1483,1488,1490
5081,1483,1487,1488
5082,1488,1489,1490
5083,1467,1490,1468
5084,1468,1491,1469
5085,1469,1492,1470
5086,1470,1493,1471
5087,1471,1494,1472
5088,1472,1495,1473
5089,1473,1502,1474
5090,1467,1483,1490
5091,1468,1490,1491
5092,1469,1491,1492
5093,1470,1492,1493
5094,1471,1493,1494
5095,1472,1494,1495
5096,1473,1495,1502
5097,1474,1502,1503
5098,1474,1504,1479
5099,1489,1491,1490
5100,1491,1508,1492
5101,1492,1509,1493
5102,1474,1503,1504
5103,1479,1505,1480
5104,1480,1506,1481
5105,1481,1507,1620
5106,1479,1504,1505
5107,1480,1505,1506
5108,1481,1506,1507
5109,1493,1510,1494
5110,1494,1511,1495
5111,1489,1508,1491
5112,1492,1508,1509
5113,1493,1509,1510
5114,1494,1510,1511
5115,1495,1511,1512
5116,1495,1512,1502
5117,1502,1513,1503
5118,1503,1515,1504
5119,1502,1512,1513
5120,1503,1513,1514
5121,1503,1514,1515
5122,1504,1516,1505
5123,1505,1517,1506
5124,1504,1515,1516
5125,1505,1516,1517
5126,1506,1518,1507
5127,1506,1517,1518
5128,1507,1519,1633
5129,1507,1518,1519
5130,1364,1522,1520
5131,1520,1555,1521
5132,1520,1522,1555
5133,1364,1431,1522
5134,1431,1556,1522
5135,1521,1555,1558
5136,1521,1558,1554
5137,1554,1562,1561
5138,1554,1558,1562
5139,1522,1557,1555
5140,1522,1556,1557
5141,1555,1557,1559
5142,1555,1559,1558
5143,1558,1560,1562
5144,1558,1559,1560
5145,1561,1562,1565
5146,1561,1565,1563
5147,1563,1567,1564
5148,1563,1565,1567
5149,1564,1567,1588
5150,1562,1566,1565
5151,1560,1566,1562
5152,1565,1566,1568
5153,1565,1568,1567
5154,1567,1568,1589
5155,1431,1569,1556
5156,1556,1569,1570
5157,1556,1571,1557
5158,1556,1570,1571
5159,1557,1572,1559
5160,1557,1571,1572
5161,1559,1572,1576
5162,1559,1576,1560
5163,1569,1573,1570
5164,1444,1573,1569
5165,1570,1573,1574
5166,1570,1575,1571
5167,1570,1574,1575
5168,1444,1612,1573
5169,1573,1613,1574
5170,1574,1615,1575
5171,1571,1577,1572
5172,1571,1575,1577
5173,1572,1578,1576
5174,1572,1577,1578
5175,1575,1616,1577
5176,1577,1627,1578
5177,1560,1579,1566
5178,1560,1576,1579
5179,1566,1579,1581
5180,1566,1581,1568
5181,1576,1580,1579
5182,1576,1578,1580
5183,1579,1583,1581
5184,1579,1580,1583
5185,1578,1647,1580
5186,1567,1589,1588
5187,1568,1582,1589
5188,1568,1581,1582
5189,1580,1648,1583
5190,1581,1583,1584
5191,1581,1584,1582
5192,1583,1649,1584
5193,1564,1588,1585
5194,1585,1588,1590
5195,1585,1590,1586
5196,1586,1590,1592
5197,1586,1592,1587
5198,1587,1592,1596
5199,1588,1591,1590
5200,1588,1589,1591
5201,1590,1593,1592
5202,1590,1591,1593
5203,1592,1593,1598
5204,1587,1596,1594
5205,1594,1596,1597
5206,1594,1597,1595
5207,1595,1597,1601
5208,1595,1601,1703
5209,1592,1598,1596
5210,1596,1599,1597
5211,1596,1598,1599
5212,1597,1600,1601
5213,1597,1599,1600
5214,1600,1707,1601
5215,1582,1602,1589
5216,1589,1602,1591
5217,1591,1602,1604
5218,1591,1604,1593
5219,1582,1603,1602
5220,1582,1584,1603
5221,1602,1603,1605
5222,1584,1681,1603
5223,1593,1607,1598
5224,1593,1604,1607
5225,1603,1682,1605
5226,1602,1605,1604
5227,1604,1605,1606
5228,1604,1606,1607
5229,1606,1610,1607
5230,1605,1683,1606
5231,1606,1684,1610
5232,1598,1608,1599
5233,1599,1609,1600
5234,1598,1607,1608
5235,1599,1608,1609
5236,1600,1609,1710
5237,1607,1610,1608
5238,1608,1611,1609
5239,1608,1610,1611
5240,1610,1725,1611
5241,1573,1612,1613
5242,1574,1613,1614
5243,1574,1614,1615
5244,1612,1617,1613
5245,1478,1617,1612
5246,1613,1618,1614
5247,1613,1617,1618
5248,1614,1618,1619
5249,1614,1624,1615
5250,1614,1619,1624
5251,1575,1615,1616
5252,1577,1616,1627
5253,1615,1625,1616
5254,1615,1624,1625
5255,1616,1650,1627
5256,1616,1625,1650
5257,1478,1620,1617
5258,1617,1621,1618
5259,1618,1622,1619
5260,1617,1620,1621
5261,1618,1621,1622
5262,1619,1622,1623
5263,1619,1623,1626
5264,1619,1626,1624
5265,1624,1646,1625
5266,1624,1626,1646
5267,1578,1627,1647
5268,1620,1633,1621
5269,1621,1634,1622
5270,1507,1633,1620
5271,1622,1635,1623
5272,1621,1633,1634
5273,1622,1634,1635
5274,1623,1635,1636
5275,1623,1658,1626
5276,1623,1636,1658
5277,1633,1637,1634
5278,1519,1637,1633
5279,1634,1637,1638
5280,1634,1638,1635
5281,1635,1639,1636
5282,1635,1638,1639
5283,1636,1639,1660
5284,1625,1646,1652
5285,1580,1647,1648
5286,1627,1651,1647
5287,1627,1650,1651
5288,1647,1654,1648
5289,1647,1651,1654
5290,1583,1648,1649
5291,1584,1649,1681
5292,1648,1655,1649
5293,1648,1654,1655
5294,1649,1655,1685
5295,1625,1652,1650
5296,1650,1653,1651
5297,1650,1652,1653
5298,1651,1656,1654
5299,1651,1653,1656
5300,1654,1657,1655
5301,1654,1656,1657
5302,1655,1686,1685
5303,1655,1657,1686
5304,1626,1659,1646
5305,1626,1658,1659
5306,1646,1659,1663
5307,1636,1661,1658
5308,1636,1660,1661
5309,1658,1662,1659
5310,1658,1661,1662
5311,1646,1663,1652
5312,1652,1664,1653
5313,1652,1663,1664
5314,1653,1664,1666
5315,1653,1666,1656
5316,1659,1665,1663
5317,1659,1662,1665
5318,1663,1668,1664
5319,1663,1665,1668
5320,1656,1667,1657
5321,1657,1693,1686
5322,1656,1666,1667
5323,1657,1667,1693
5324,1664,1668,1669
5325,1664,1669,1666
5326,1666,1669,1670
5327,1666,1670,1667
5328,1667,1670,1695
5329,1649,1685,1681
5330,1603,1681,1682
5331,1681,1685,1687
5332,1681,1687,1682
5333,1605,1682,1683
5334,1606,1683,1684
5335,1682,1689,1683
5336,1682,1687,1689
5337,1683,1719,1684
5338,1683,1689,1719
5339,1685,1688,1687
5340,1685,1686,1688
5341,1687,1721,1689
5342,1687,1688,1721
5343,1610,1684,1725
5344,1686,1694,1688
5345,1686,1693,1694
5346,1688,1694,1744
5347,1688,1744,1721
5348,1667,1695,1693
5349,1693,1749,1694
5350,1693,1695,1749
5351,1333,1705,1923
5352,1333,1703,1705
5353,1703,1704,1705
5354,1601,1704,1703
5355,1704,1706,1705
5356,1601,1707,1704
5357,1704,1707,1708
5358,1704,1708,1706
5359,1706,1708,1709
5360,1708,1712,1709
5361,1600,1710,1707
5362,1707,1710,1711
5363,1710,1714,1711
5364,1707,1711,1708
5365,1708,1711,1712
5366,1711,1715,1712
5367,1609,1713,1710
5368,1609,1611,1713
5369,1710,1713,1714
5370,1611,1726,1713
5371,1713,1727,1714
5372,1711,1714,1715
5373,1714,1728,1715
5374,1712,1715,1717
5375,1709,1712,1716
5376,1712,1717,1716
5377,1716,1717,1718
5378,1715,1736,1717
5379,1717,1736,1737
5380,1717,1737,1718
5381,1718,1737,1738
5382,1684,1720,1725
5383,1684,1719,1720
5384,1689,1722,1719
5385,1719,1723,1720
5386,1720,1724,1729
5387,1689,1721,1722
5388,1719,1722,1723
5389,1720,1723,1724
5390,1611,1725,1726
5391,1713,1726,1727
5392,1714,1727,1728
5393,1720,1729,1725
5394,1725,1729,1726
5395,1726,1730,1727
5396,1726,1729,1730
5397,1715,1728,1736
5398,1727,1730,1731
5399,1727,1731,1728
5400,1728,1731,1732
5401,1728,1732,1736
5402,1729,1733,1730
5403,1730,1734,1731
5404,1731,1735,1732
5405,1724,1733,1729
5406,1730,1733,1734
5407,1731,1734,1735
5408,1732,1735,1740
5409,1732,1741,1736
5410,1736,1741,1737
5411,1737,1741,1739
5412,1737,1739,1738
5413,1738,1739,1769
5414,1732,1740,1741
5415,1740,1742,1741
5416,1739,1741,1742
5417,1739,1743,1769
5418,1739,1742,1743
5419,1721,1745,1722
5420,1722,1746,1723
5421,1723,1747,1724
5422,1721,1744,1745
5423,1722,1745,1746
5424,1723,1746,1747
5425,1724,1747,1748
5426,1694,1750,1744
5427,1694,1749,1750
5428,1744,1751,1745
5429,1744,1750,1751
5430,1745,1751,1752
5431,1745,1752,1746
5432,1746,1753,1747
5433,1747,1754,1748
5434,1746,1752,1753
5435,1747,1753,1754
5436,1748,1754,1755
5437,1724,1748,1733
5438,1733,1756,1734
5439,1734,1760,1735
5440,1733,1748,1756
5441,1734,1756,1760
5442,1748,1755,1756
5443,1735,1761,1740
5444,1740,1762,1742
5445,1735,1760,1761
5446,1740,1761,1762
5447,1742,1762,1763
5448,1742,1763,1743
5449,1743,1763,1772
5450,1763,1768,1772
5451,1756,1764,1760
5452,1760,1765,1761
5453,1755,1764,1756
5454,1760,1764,1765
5455,1761,1765,1766
5456,1761,1766,1762
5457,1762,1766,1767
5458,1762,1767,1763
5459,1763,1767,1768
5460,1743,1770,1769
5461,1769,1770,2015
5462,1770,1771,2015
5463,1743,1772,1770
5464,1770,1772,1773
5465,1770,1773,1771
5466,1772,1775,1773
5467,1773,1776,1774
5468,1771,1773,1774
5469,1774,1777,2025
5470,1768,1775,1772
5471,1773,1775,1776
5472,1774,1776,1777
5473,1777,1778,2025
5474,1779,1915,1780
5475,1324,1915,1779
5476,1324,1923,1915
5477,1780,1916,1914
5478,1220,1914,1917
5479,1780,1915,1916
5480,1914,1916,1917
5481,1220,1918,1221
5482,1220,1917,1918
5483,1221,1919,1222
5484,1221,1918,1919
5485,1915,1924,1916
5486,1916,1925,1917
5487,1917,1926,1918
5488,1222,1920,1227
5489,1227,1921,1228
5490,1222,1919,1920
5491,1227,1920,1921
5492,1228,1922,1229
5493,1229,1940,1236
5494,1228,1921,1922
5495,1229,1922,1940
5496,1918,1929,1919
5497,1919,1930,1920
5498,1920,1931,1921
5499,1921,1932,1922
5500,1922,1932,1947
5501,1915,1923,1924
5502,1916,1924,1925
5503,1917,1925,1926
5504,1918,1926,1929
5505,1923,1927,1924
5506,1705,1927,1923
5507,1924,1928,1925
5508,1925,1928,1933
5509,1925,1933,1926
5510,1924,1927,1928
5511,1926,1934,1929
5512,1919,1929,1930
5513,1920,1930,1931
5514,1929,1935,1930
5515,1921,1931,1932
5516,1930,1936,1931
5517,1931,1952,1932
5518,1926,1933,1934
5519,1929,1934,1935
5520,1933,1972,1934
5521,1934,1973,1935
5522,1930,1935,1936
5523,1931,1936,1952
5524,1935,1978,1936
5525,1936,1980,1952
5526,1236,1937,1237
5527,1236,1940,1937
5528,1237,1937,1938
5529,1237,1938,1238
5530,1238,1938,1939
5531,1238,1939,1242
5532,1922,1947,1940
5533,1937,1940,1948
5534,1940,1947,1948
5535,1937,1949,1938
5536,1938,1950,1939
5537,1937,1948,1949
5538,1938,1949,1950
5539,1242,1939,1943
5540,1939,1941,1943
5541,1939,1950,1941
5542,1941,1942,1943
5543,1246,1943,1944
5544,1247,1944,1945
5545,1248,1945,4503
5546,1942,1944,1943
5547,1944,1946,1945
5548,1942,1946,1944
5549,1945,4507,4503
5550,1945,1946,4507
5551,1932,1953,1947
5552,1947,1951,1948
5553,1948,1954,1949
5554,1949,1955,1950
5555,1949,1954,1955
5556,1932,1952,1953
5557,1947,1953,1951
5558,1952,1980,2073
5559,1952,2073,1953
5560,1951,1953,2074
5561,1953,2073,2074
5562,1948,1951,1954
5563,1951,1956,1954
5564,1951,2074,1956
5565,1954,1956,1957
5566,1954,1957,1955
5567,1955,1957,1960
5568,1941,1950,1958
5569,1941,1959,1942
5570,1950,1955,1958
5571,1941,1958,1959
5572,1942,1962,1946
5573,1942,1959,1962
5574,1946,1962,4509
5575,1955,1960,1958
5576,1958,1961,1959
5577,1958,1960,1961
5578,1957,2097,1960
5579,1960,2098,1961
5580,1959,1961,1963
5581,1961,2099,1963
5582,1959,1963,1962
5583,1962,1963,1964
5584,1962,1964,4509
5585,1964,4511,4509
5586,1963,2099,2102
5587,1963,2102,1964
5588,1964,2103,4511
5589,1964,2102,2103
5590,2103,4556,4511
5591,1946,4509,4507
5592,1705,1706,1927
5593,1706,1968,1927
5594,1927,1968,1928
5595,1928,1968,1969
5596,1928,1969,1933
5597,1968,1970,1969
5598,1706,1709,1968
5599,1709,1970,1968
5600,1709,1716,1970
5601,1969,1970,1974
5602,1970,1971,1974
5603,1716,1971,1970
5604,1716,1718,1971
5605,1718,1985,1971
5606,1718,1738,1985
5607,1969,1974,1972
5608,1933,1969,1972
5609,1934,1972,1973
5610,1972,1975,1973
5611,1973,1975,1976
5612,1974,1983,1975
5613,1972,1974,1975
5614,1975,1983,1984
5615,1975,1984,1976
5616,1976,1984,1991
5617,1935,1973,1978
5618,1973,1976,1978
5619,1976,1977,1978
5620,1976,1991,1977
5621,1977,1992,1981
5622,1977,1991,1992
5623,1981,1992,1993
5624,1936,1978,1979
5625,1977,1979,1978
5626,1936,1979,1980
5627,1977,1981,1979
5628,1979,1981,1982
5629,1979,1982,1980
5630,1980,1982,2075
5631,1981,2000,1982
5632,1981,1993,2000
5633,1971,1983,1974
5634,1971,1985,1983
5635,1983,1985,1987
5636,1983,1987,1984
5637,1984,1987,1988
5638,1984,1988,1991
5639,1985,1986,1987
5640,1738,1986,1985
5641,1987,1989,1988
5642,1986,1989,1987
5643,1988,1989,1990
5644,1991,1994,1992
5645,1988,1994,1991
5646,1992,1994,1996
5647,1992,1996,1993
5648,1993,2082,2000
5649,1993,1996,1997
5650,1993,1997,2082
5651,1988,1990,1994
5652,1994,1995,1996
5653,1990,1995,1994
5654,1995,1998,1996
5655,1996,1998,1997
5656,1997,2084,2082
5657,1997,1998,1999
5658,1997,1999,2084
5659,1738,1769,1986
5660,1986,2015,1989
5661,1769,2015,1986
5662,1989,2016,1990
5663,1989,2015,2016
5664,1990,2016,2018
5665,1771,2016,2015
5666,1771,2017,2016
5667,2016,2017,2018
5668,1990,2018,1995
5669,1995,2018,2019
5670,1995,2019,1998
5671,1998,2020,1999
5672,1998,2019,2020
5673,1999,2020,2021
5674,1999,2021,2119
5675,2017,2022,2018
5676,2018,2022,2019
5677,2019,2023,2020
5678,2019,2022,2023
5679,2020,2023,2024
5680,2020,2024,2021
5681,2021,2024,2124
5682,1771,1774,2017
5683,2017,2025,2022
5684,1774,2025,2017
5685,2022,2025,2028
5686,2022,2028,2023
5687,2023,2028,2029
5688,1778,2028,2025
5689,2028,2031,2029
5690,2023,2029,2024
5691,2024,2029,2030
5692,2029,2032,2030
5693,2030,2033,2135
5694,2024,2030,2124
5695,2030,2135,2124
5696,1778,2031,2028
5697,2029,2031,2032
5698,2030,2032,2033
5699,1980,2075,2073
5700,2073,2075,2076
5701,2073,2076,2074
5702,2074,2076,2078
5703,2075,2090,2076
5704,1982,2089,2075
5705,1982,2000,2089
5706,2075,2089,2090
5707,2076,2077,2078
5708,2076,2090,2077
5709,1956,2074,2078
5710,1956,2078,2079
5711,1956,2079,1957
5712,1957,2079,2097
5713,2078,2080,2079
5714,2077,2080,2078
5715,2079,2080,2081
5716,2079,2081,2097
5717,2000,2082,2083
5718,2082,2085,2083
5719,2083,2086,2091
5720,2082,2084,2085
5721,2083,2085,2086
5722,2086,2087,2091
5723,2000,2083,2089
5724,2089,2091,2090
5725,2083,2091,2089
5726,2077,2090,2092
5727,2090,2091,2092
5728,2077,2092,2093
5729,2087,2092,2091
5730,2088,2093,2092
5731,2087,2088,2092
5732,2077,2093,2080
5733,2080,2093,2094
5734,2080,2094,2081
5735,2081,2094,2108
5736,2094,2096,2108
5737,2093,2095,2094
5738,2088,2095,2093
5739,2094,2095,2096
5740,2097,2100,2098
5741,1960,2097,2098
5742,1961,2098,2099
5743,2098,2101,2099
5744,2099,2101,2104
5745,2081,2100,2097
5746,2098,2100,2101
5747,2081,2108,2100
5748,2100,2107,2101
5749,2101,2109,2104
5750,2099,2104,2102
5751,2102,2104,2105
5752,2102,2105,2103
5753,2103,2105,2106
5754,2103,2106,4556
5755,2106,4559,4556
5756,2104,2109,2113
5757,2105,2113,2114
5758,2104,2113,2105
5759,2105,2114,2106
5760,2106,2114,2115
5761,2106,2115,4559
5762,2115,4570,4559
5763,2100,2108,2107
5764,2107,2108,2110
5765,2101,2107,2109
5766,2107,2111,2109
5767,2109,2111,2112
5768,2096,2110,2108
5769,2107,2110,2111
5770,2096,2171,2110
5771,2110,2170,2111
5772,2111,2172,2112
5773,2109,2112,2113
5774,2112,2116,2113
5775,2113,2116,2114
5776,2114,2116,2117
5777,2114,2117,2115
5778,2115,2117,2118
5779,2115,2118,4570
5780,2118,4572,4570
5781,2112,2173,2116
5782,2116,2177,2117
5783,2117,2178,2118
5784,2118,2179,4572
5785,1999,2119,2084
5786,2084,2120,2085
5787,2085,2121,2086
5788,2084,2119,2120
5789,2085,2120,2121
5790,2086,2122,2087
5791,2087,2123,2088
5792,2086,2121,2122
5793,2087,2122,2123
5794,2021,2125,2119
5795,2021,2124,2125
5796,2119,2125,2126
5797,2119,2126,2120
5798,2120,2126,2127
5799,2120,2127,2121
5800,2121,2128,2122
5801,2121,2127,2128
5802,2122,2130,2123
5803,2122,2128,2130
5804,2088,2123,2129
5805,2123,2131,2129
5806,2123,2130,2131
5807,2129,2132,2134
5808,2129,2131,2132
5809,2132,2133,2134
5810,2088,2129,2095
5811,2095,2129,2134
5812,2095,2134,2096
5813,2096,2134,2171
5814,2133,2171,2134
5815,2124,2136,2125
5816,2124,2135,2136
5817,2125,2137,2126
5818,2125,2136,2137
5819,2135,2141,2136
5820,2136,2142,2137
5821,2126,2138,2127
5822,2126,2137,2138
5823,2127,2138,2139
5824,2127,2139,2128
5825,2128,2139,2145
5826,2128,2145,2130
5827,2137,2143,2138
5828,2138,2144,2139
5829,2033,2140,2135
5830,2135,2140,2141
5831,2136,2141,2142
5832,2137,2142,2143
5833,2138,2143,2144
5834,2139,2144,2149
5835,2130,2146,2131
5836,2130,2145,2146
5837,2131,2147,2132
5838,2131,2146,2147
5839,2139,2149,2145
5840,2145,2150,2146
5841,2146,2151,2147
5842,2132,2148,2133
5843,2132,2147,2148
5844,2133,2148,2184
5845,2147,2152,2148
5846,2148,2153,2184
5847,2145,2149,2150
5848,2146,2150,2151
5849,2147,2151,2152
5850,2148,2152,2153
5851,2133,2184,2174
5852,2110,2171,2170
5853,2170,2171,2174
5854,2111,2170,2172
5855,2112,2172,2173
5856,2170,2175,2172
5857,2172,2176,2173
5858,2133,2174,2171
5859,2170,2174,2175
5860,2174,2185,2175
5861,2172,2175,2176
5862,2173,2176,2180
5863,2175,2186,2176
5864,2176,2193,2180
5865,2116,2173,2177
5866,2117,2177,2178
5867,2173,2180,2177
5868,2177,2181,2178
5869,2118,2178,2179
5870,2179,4606,4572
5871,2178,2182,2179
5872,2179,2183,4606
5873,2177,2180,2181
5874,2178,2181,2182
5875,2180,2198,2181
5876,2181,2199,2182
5877,2179,2182,2183
5878,2183,4612,4606
5879,2182,2200,2183
5880,2183,2201,4612
5881,2174,2184,2185
5882,2175,2185,2186
5883,2184,2187,2185
5884,2185,2188,2186
5885,2186,2189,2193
5886,2190,2198,2193
5887,2153,2187,2184
5888,2185,2187,2188
5889,2186,2188,2189
5890,2189,2190,2193
5891,2190,2191,2198
5892,2176,2186,2193
5893,2180,2193,2198
5894,2181,2198,2199
5895,2182,2199,2200
5896,2191,2199,2198
5897,2192,2200,2199
5898,2183,2200,2201
5899,2201,4631,4612
5900,2200,2204,2201
5901,2201,2205,4631
5902,2191,2192,2199
5903,2192,2204,2200
5904,2201,2204,2205
5905,2205,4636,4631
5906,2240,2241,2963
5907,2241,2299,2242
5908,2241,2242,2963
5909,2242,2300,2973
5910,2307,2975,2973
5911,2243,2628,2245
5912,2245,2628,2246
5913,2244,2245,2246
5914,2244,2246,2247
5915,2246,2634,2247
5916,2247,2634,2252
5917,2248,2251,2249
5918,2249,2250,2264
5919,2249,2251,2250
5920,2244,2247,2248
5921,2247,2251,2248
5922,2250,2254,2265
5923,2247,2252,2251
5924,2251,2252,2253
5925,2250,2251,2253
5926,2250,2253,2254
5927,2252,2637,2253
5928,2254,2255,2273
5929,2253,2255,2254
5930,2253,2637,2255
5931,2255,2274,2273
5932,2256,2257,2260
5933,2258,2261,2313
5934,2259,2260,2262
5935,2259,2262,2263
5936,2257,2262,2260
5937,2258,2259,2263
5938,2258,2263,2261
5939,2257,2266,2262
5940,2262,2266,2268
5941,2261,2263,2267
5942,2262,2268,2263
5943,2263,2268,2267
5944,2256,2264,2265
5945,2250,2265,2264
5946,2256,2265,2257
5947,2254,2271,2265
5948,2257,2265,2271
5949,2257,2271,2266
5950,2266,2269,2268
5951,2267,2268,2270
5952,2268,2269,2270
5953,2269,2276,2270
5954,2254,2273,2271
5955,2266,2271,2272
5956,2271,2273,2272
5957,2272,2273,2277
5958,2272,2277,2279
5959,2266,2272,2269
5960,2269,2272,2279
5961,2269,2279,2276
5962,2277,2278,2279
5963,2273,2274,2277
5964,2274,2275,2277
5965,2275,2278,2277
5966,2275,2281,2278
5967,2278,2280,2279
5968,2276,2279,2280
5969,2276,2280,2347
5970,2278,2284,2280
5971,2280,2283,2347
5972,2278,2281,2284
5973,2281,2282,2284
5974,2282,2285,2284
5975,2282,2363,2285
5976,2280,2284,2283
5977,2283,2284,2285
5978,2283,2285,2361
5979,2285,2364,2361
5980,2286,2287,2290
5981,2286,2315,2287
5982,2288,2292,2303
5983,2289,2290,2291
5984,2289,2291,2292
5985,2287,2291,2290
5986,2288,2289,2292
5987,2287,2293,2291
5988,2287,2320,2293
5989,2291,2293,2294
5990,2291,2294,2292
5991,2292,2294,2310
5992,2293,2325,2295
5993,2293,2295,2294
5994,2294,2295,2311
5995,2295,2351,2335
5996,2297,2302,2298
5997,2298,2302,2303
5998,2296,2297,2301
5999,2297,2298,2301
6000,2298,2306,2301
6001,2298,2303,2304
6002,2298,2304,2306
6003,2296,2300,2299
6004,2242,2299,2300
6005,2296,2301,2300
6006,2300,2301,2307
6007,2301,2306,2307
6008,2300,2307,2973
6009,2288,2303,2302
6010,2292,2310,2303
6011,2303,2310,2304
6012,2304,2310,2305
6013,2306,2309,2307
6014,2307,2309,2975
6015,2306,2308,2309
6016,2304,2308,2306
6017,2304,2305,2308
6018,2308,3116,2309
6019,2308,2332,3116
6020,2305,2332,2308
6021,2305,2334,2332
6022,2294,2311,2310
6023,2305,2310,2311
6024,2311,2335,2334
6025,2305,2311,2334
6026,2295,2335,2311
6027,2312,2313,2314
6028,2312,2314,2315
6029,2261,2314,2313
6030,2286,2312,2315
6031,2261,2319,2314
6032,2314,2319,2321
6033,2314,2321,2315
6034,2287,2315,2320
6035,2315,2321,2320
6036,2261,2267,2319
6037,2320,2321,2323
6038,2319,2322,2321
6039,2321,2322,2323
6040,2267,2324,2319
6041,2267,2270,2324
6042,2319,2324,2322
6043,2322,2344,2323
6044,2322,2324,2346
6045,2270,2345,2324
6046,2324,2345,2346
6047,2270,2276,2345
6048,2322,2346,2344
6049,2293,2320,2325
6050,2320,2323,2325
6051,2323,2350,2325
6052,2295,2325,2351
6053,2325,2350,2351
6054,2323,2344,2350
6055,2335,2351,2337
6056,2332,3117,3116
6057,2332,2334,2333
6058,2332,2333,3117
6059,2333,2338,3118
6060,2333,3118,3117
6061,2334,2335,2336
6062,2335,2337,2336
6063,2336,2340,2338
6064,2337,2341,2340
6065,2336,2337,2340
6066,2333,2334,2336
6067,2333,2336,2338
6068,2338,2339,3118
6069,2338,2343,2339
6070,2339,2343,2369
6071,2340,2342,2343
6072,2341,2362,2342
6073,2340,2341,2342
6074,2342,2371,2373
6075,2342,2362,2371
6076,2338,2340,2343
6077,2342,2373,2343
6078,2343,2373,2369
6079,2276,2347,2345
6080,2345,2349,2346
6081,2345,2347,2349
6082,2344,2346,2348
6083,2346,2349,2348
6084,2347,2354,2349
6085,2348,2355,2358
6086,2349,2354,2355
6087,2348,2349,2355
6088,2350,2353,2351
6089,2344,2352,2350
6090,2350,2352,2353
6091,2337,2351,2353
6092,2344,2348,2352
6093,2352,2357,2353
6094,2341,2353,2357
6095,2337,2353,2341
6096,2348,2358,2352
6097,2352,2358,2357
6098,2283,2354,2347
6099,2354,2356,2355
6100,2355,2356,2359
6101,2341,2357,2362
6102,2357,2360,2362
6103,2357,2358,2360
6104,2358,2359,2360
6105,2355,2359,2358
6106,2360,2384,2362
6107,2356,2377,2359
6108,2359,2378,2360
6109,2359,2377,2378
6110,2360,2378,2384
6111,2283,2361,2354
6112,2354,2361,2356
6113,2356,2361,2380
6114,2356,2380,2377
6115,2362,2384,2371
6116,2364,2366,2380
6117,2285,2363,2364
6118,2363,2365,2364
6119,2364,2365,2366
6120,2365,2367,2366
6121,2365,2714,2367
6122,2367,2714,2368
6123,2367,2368,2389
6124,2371,2372,2374
6125,2369,2373,2370
6126,2370,2373,2374
6127,2371,2374,2373
6128,2370,2374,2375
6129,2372,2376,2374
6130,2374,2376,2375
6131,2377,2379,2378
6132,2378,2385,2384
6133,2378,2379,2385
6134,2361,2364,2380
6135,2377,2380,2381
6136,2366,2381,2380
6137,2377,2381,2379
6138,2379,2382,2385
6139,2379,2383,2382
6140,2366,2388,2381
6141,2381,2388,2383
6142,2366,2367,2388
6143,2379,2381,2383
6144,2372,2384,2385
6145,2371,2384,2372
6146,2372,2385,2386
6147,2372,2386,2376
6148,2382,2386,2385
6149,2375,2376,2387
6150,2375,2387,3208
6151,2376,2392,2387
6152,2387,2721,3208
6153,2387,2392,2722
6154,2382,2391,2393
6155,2367,2389,2388
6156,2388,2389,2390
6157,2383,2388,2390
6158,2382,2383,2391
6159,2383,2390,2391
6160,2368,2724,2389
6161,2389,2726,2390
6162,2390,2725,2391
6163,2376,2386,2392
6164,2382,2393,2386
6165,2386,2393,2392
6166,2392,2393,2730
6167,2391,2731,2393
6168,2394,2399,2395
6169,2395,2399,2396
6170,2396,2400,2397
6171,2396,2399,2400
6172,2397,2400,2398
6173,2394,2408,2399
6174,2399,2408,2400
6175,2398,2400,2409
6176,2397,2398,2401
6177,2401,2405,2403
6178,2398,2405,2401
6179,2402,2403,2406
6180,2403,2405,2406
6181,2402,2406,2407
6182,2405,2415,2406
6183,2406,2416,2407
6184,2398,2410,2405
6185,2394,2411,2408
6186,2400,2408,2409
6187,2398,2409,2410
6188,2394,2454,2411
6189,2408,2411,2409
6190,2394,2470,2454
6191,2409,2411,2413
6192,2409,2413,2410
6193,2410,2413,2412
6194,2407,2416,2414
6195,2405,2410,2415
6196,2406,2415,2416
6197,2410,2412,2415
6198,2412,2417,2415
6199,2415,2417,2416
6200,2416,2417,2418
6201,2414,2416,2418
6202,2414,2418,2419
6203,2421,2426,2422
6204,2402,2407,2421
6205,2407,2426,2421
6206,2422,2427,2423
6207,2422,2426,2427
6208,2407,2414,2426
6209,2426,2431,2427
6210,2423,2429,2428
6211,2423,2427,2429
6212,2420,2428,2430
6213,2428,2429,2430
6214,2420,2430,2485
6215,2427,2433,2429
6216,2429,2433,2434
6217,2429,2434,2430
6218,2430,2434,2488
6219,2414,2431,2426
6220,2427,2431,2433
6221,2431,2432,2433
6222,2414,2419,2431
6223,2419,2432,2431
6224,2433,2435,2434
6225,2432,2435,2433
6226,2434,2435,2490
6227,2435,2462,2490
6228,2411,2454,2413
6229,2394,2472,2470
6230,2412,2413,2455
6231,2413,2454,2455
6232,2412,2455,2456
6233,2394,2578,2472
6234,2454,2470,2455
6235,2455,2471,2456
6236,2417,2457,2418
6237,2412,2456,2417
6238,2417,2456,2457
6239,2418,2458,2419
6240,2418,2457,2458
6241,2456,2459,2457
6242,2457,2460,2458
6243,2458,2460,2465
6244,2456,2471,2459
6245,2457,2459,2460
6246,2460,2475,2465
6247,2419,2461,2432
6248,2419,2458,2461
6249,2432,2461,2463
6250,2458,2465,2461
6251,2461,2465,2466
6252,2461,2466,2463
6253,2432,2463,2435
6254,2435,2463,2462
6255,2463,2466,2464
6256,2462,2463,2464
6257,2462,2464,2520
6258,2465,2467,2466
6259,2466,2467,2468
6260,2465,2475,2467
6261,2467,2576,2468
6262,2464,2466,2468
6263,2464,2469,2520
6264,2464,2468,2469
6265,2468,2577,2469
6266,2469,2577,2599
6267,2394,2582,2578
6268,2470,2472,2471
6269,2455,2470,2471
6270,2459,2471,2473
6271,2394,2583,2582
6272,2471,2472,2473
6273,2459,2473,2474
6274,2459,2474,2460
6275,2460,2474,2475
6276,2467,2475,2587
6277,2420,2485,2476
6278,2476,2485,2478
6279,2476,2478,2477
6280,2477,2482,2479
6281,2477,2478,2482
6282,2478,2492,2482
6283,2479,2483,2480
6284,2479,2482,2483
6285,2480,2484,2481
6286,2480,2483,2484
6287,2482,2492,2486
6288,2482,2486,2483
6289,2483,2486,2487
6290,2483,2487,2484
6291,2430,2488,2485
6292,2485,2488,2489
6293,2478,2485,2489
6294,2478,2489,2492
6295,2486,2495,2487
6296,2434,2490,2488
6297,2488,2491,2489
6298,2489,2493,2492
6299,2488,2490,2491
6300,2490,2519,2491
6301,2489,2491,2493
6302,2491,2521,2493
6303,2486,2492,2494
6304,2492,2493,2494
6305,2493,2522,2494
6306,2486,2494,2495
6307,2494,2523,2495
6308,2497,2499,2500
6309,2481,2498,2496
6310,2481,2484,2498
6311,2496,2499,2497
6312,2496,2498,2499
6313,2484,2509,2498
6314,2484,2487,2509
6315,2498,2510,2499
6316,2499,2510,2502
6317,2498,2509,2510
6318,2500,2502,2501
6319,2499,2502,2500
6320,2243,2501,2503
6321,2243,2503,2628
6322,2501,2502,2503
6323,2502,2514,2503
6324,2503,2514,2513
6325,2503,2513,2628
6326,2513,2633,2628
6327,2502,2510,2514
6328,2487,2511,2509
6329,2509,2512,2510
6330,2510,2512,2514
6331,2487,2495,2511
6332,2509,2511,2512
6333,2511,2535,2512
6334,2512,2535,2515
6335,2513,2516,2633
6336,2513,2514,2515
6337,2516,2636,2633
6338,2513,2515,2516
6339,2512,2515,2514
6340,2515,2531,2516
6341,2516,2532,2636
6342,2495,2534,2511
6343,2462,2519,2490
6344,2491,2519,2521
6345,2519,2524,2521
6346,2462,2520,2519
6347,2519,2520,2524
6348,2493,2521,2522
6349,2521,2525,2522
6350,2494,2522,2523
6351,2522,2526,2523
6352,2521,2524,2525
6353,2522,2525,2526
6354,2469,2527,2520
6355,2520,2527,2524
6356,2469,2599,2527
6357,2527,2599,2602
6358,2524,2529,2525
6359,2525,2528,2526
6360,2525,2529,2528
6361,2524,2527,2529
6362,2527,2602,2529
6363,2529,2602,2530
6364,2528,2529,2530
6365,2516,2531,2532
6366,2515,2535,2531
6367,2531,2538,2532
6368,2532,2653,2636
6369,2532,2533,2653
6370,2532,2538,2533
6371,2533,2654,2653
6372,2495,2523,2534
6373,2511,2534,2535
6374,2523,2536,2534
6375,2534,2537,2535
6376,2531,2535,2537
6377,2534,2536,2537
6378,2523,2526,2536
6379,2531,2537,2538
6380,2533,2544,2539
6381,2533,2539,2654
6382,2539,2657,2654
6383,2539,2546,2657
6384,2546,2659,2657
6385,2526,2540,2536
6386,2526,2528,2540
6387,2536,2540,2541
6388,2537,2541,2538
6389,2536,2541,2537
6390,2528,2543,2540
6391,2540,2543,2542
6392,2540,2542,2541
6393,2541,2542,2544
6394,2528,2530,2543
6395,2538,2541,2544
6396,2533,2538,2544
6397,2539,2544,2545
6398,2539,2545,2546
6399,2542,2545,2544
6400,2468,2576,2577
6401,2576,2589,2577
6402,2577,2589,2600
6403,2472,2578,2473
6404,2473,2579,2474
6405,2473,2578,2579
6406,2578,2582,2579
6407,2579,2582,2585
6408,2474,2580,2475
6409,2474,2579,2580
6410,2475,2580,2587
6411,2579,2585,2580
6412,2580,2585,2581
6413,2580,2581,2587
6414,2582,2584,2585
6415,2582,2583,2584
6416,2581,2585,2586
6417,2584,2586,2585
6418,2581,2586,2591
6419,2467,2587,2576
6420,2581,2588,2587
6421,2576,2587,2588
6422,2576,2588,2589
6423,2581,2591,2588
6424,2588,2590,2589
6425,2588,2591,2590
6426,2590,2591,2596
6427,2589,2590,2592
6428,2589,2592,2600
6429,2590,2597,2592
6430,2583,2593,2584
6431,2583,2757,2593
6432,2584,2593,2594
6433,2584,2594,2586
6434,2586,2595,2591
6435,2586,2594,2595
6436,2583,2759,2757
6437,2593,2757,2758
6438,2594,2762,2595
6439,2593,2758,2594
6440,2594,2758,2762
6441,2591,2595,2596
6442,2590,2596,2597
6443,2592,2597,2619
6444,2595,2761,2596
6445,2595,2762,2761
6446,2596,2598,2597
6447,2597,2598,2621
6448,2596,2761,2598
6449,2577,2600,2599
6450,2599,2601,2602
6451,2599,2600,2601
6452,2600,2612,2601
6453,2601,2603,2602
6454,2530,2602,2603
6455,2530,2603,2606
6456,2601,2604,2603
6457,2603,2605,2606
6458,2601,2612,2604
6459,2604,2612,2620
6460,2603,2604,2605
6461,2604,2613,2605
6462,2542,2607,2545
6463,2545,2607,2609
6464,2530,2606,2543
6465,2543,2606,2607
6466,2542,2543,2607
6467,2605,2610,2606
6468,2606,2610,2607
6469,2607,2610,2609
6470,2545,2609,2546
6471,2546,2608,2659
6472,2546,2609,2608
6473,2608,2609,2611
6474,2608,2611,2705
6475,2609,2610,2611
6476,2605,2614,2610
6477,2610,2614,2615
6478,2611,2709,2705
6479,2611,2615,2709
6480,2610,2615,2611
6481,2592,2612,2600
6482,2592,2619,2612
6483,2604,2620,2613
6484,2613,2620,2623
6485,2605,2613,2614
6486,2613,2616,2614
6487,2615,2617,2709
6488,2614,2618,2615
6489,2613,2623,2616
6490,2614,2616,2618
6491,2615,2618,2617
6492,2612,2619,2620
6493,2619,2622,2620
6494,2597,2621,2619
6495,2619,2621,2622
6496,2620,2622,2623
6497,2246,2628,2633
6498,2246,2633,2634
6499,2633,2636,2634
6500,2252,2634,2635
6501,2634,2636,2635
6502,2635,2636,2653
6503,2252,2635,2637
6504,2635,2651,2637
6505,2255,2637,2652
6506,2635,2653,2651
6507,2637,2651,2652
6508,2651,2655,2652
6509,2651,2653,2654
6510,2652,2655,2656
6511,2655,2658,2656
6512,2651,2654,2655
6513,2255,2652,2274
6514,2274,2652,2656
6515,2274,2656,2275
6516,2275,2656,2660
6517,2654,2657,2655
6518,2655,2657,2658
6519,2657,2659,2658
6520,2658,2659,2662
6521,2656,2658,2660
6522,2275,2660,2281
6523,2281,2660,2661
6524,2658,2662,2660
6525,2660,2662,2661
6526,2281,2661,2282
6527,2282,2661,2706
6528,2608,2701,2659
6529,2659,2701,2662
6530,2701,2702,2703
6531,2701,2705,2702
6532,2661,2662,2703
6533,2661,2703,2706
6534,2662,2701,2703
6535,2703,2704,2706
6536,2702,2704,2703
6537,2608,2705,2701
6538,2702,2705,2710
6539,2702,2708,2704
6540,2702,2710,2708
6541,2704,2708,2713
6542,2705,2709,2710
6543,2282,2706,2363
6544,2363,2706,2707
6545,2704,2707,2706
6546,2363,2707,2365
6547,2704,2713,2707
6548,2365,2707,2714
6549,2707,2713,2714
6550,2708,2710,2711
6551,2709,2712,2710
6552,2708,2711,2716
6553,2711,2845,2716
6554,2617,2712,2709
6555,2710,2712,2711
6556,2711,2712,2843
6557,2713,2715,2714
6558,2708,2716,2713
6559,2368,2714,2715
6560,2713,2716,2715
6561,2715,2716,2844
6562,2368,2715,2846
6563,2368,2846,2724
6564,2387,2722,2721
6565,2721,2722,2723
6566,2389,2724,2726
6567,2390,2726,2725
6568,2391,2725,2731
6569,2724,2858,2727
6570,2724,2727,2726
6571,2725,2726,2728
6572,2725,2729,2731
6573,2725,2728,2729
6574,2726,2727,2728
6575,2392,2730,2722
6576,2393,2731,2730
6577,2730,2731,2732
6578,2729,2732,2731
6579,2730,2732,2733
6580,2722,2730,2733
6581,2722,2733,2723
6582,2723,2739,3514
6583,2739,2746,3514
6584,2727,2858,2734
6585,2727,2734,2736
6586,2728,2735,2729
6587,2727,2736,2728
6588,2728,2736,2735
6589,2735,2736,2740
6590,2734,2741,2736
6591,2729,2737,2732
6592,2732,2738,2733
6593,2732,2737,2738
6594,2723,2733,2739
6595,2733,2738,2739
6596,2729,2735,2737
6597,2737,2744,2738
6598,2738,2745,2739
6599,2735,2747,2737
6600,2734,2880,2741
6601,2741,2880,2742
6602,2735,2740,2747
6603,2736,2741,2740
6604,2740,2741,2743
6605,2740,2743,2751
6606,2741,2742,2743
6607,2737,2747,2744
6608,2744,2747,2748
6609,2739,2745,2746
6610,2738,2744,2745
6611,2745,2749,2746
6612,2744,2750,2745
6613,2740,2751,2747
6614,2744,2748,2750
6615,2745,2750,2749
6616,2747,2751,2748
6617,2743,2752,2751
6618,2742,2753,2743
6619,2742,2883,2753
6620,2743,2753,2752
6621,2752,3751,3758
6622,2753,2883,3750
6623,2753,3750,3751
6624,2752,2753,3751
6625,2748,2755,2750
6626,2748,2756,2755
6627,2749,2750,2754
6628,2749,2754,3621
6629,2750,2755,2754
6630,2748,2751,2756
6631,2751,2752,2756
6632,2755,2756,3755
6633,2755,3755,3757
6634,2754,3756,3621
6635,2754,3757,3756
6636,2754,2755,3757
6637,2752,3758,2756
6638,2756,3758,3755
6639,2583,2767,2759
6640,2583,2766,2767
6641,2757,2759,2760
6642,2757,2760,2758
6643,2758,2763,2762
6644,2758,2760,2763
6645,2759,2767,2768
6646,2759,2768,2760
6647,2760,2771,2763
6648,2761,2762,2764
6649,2762,2763,2764
6650,2598,2761,2765
6651,2761,2764,2765
6652,2598,2765,2780
6653,2763,2772,2764
6654,2764,2773,2765
6655,2765,2773,2786
6656,2766,2769,2767
6657,2760,2768,2771
6658,2767,2770,2768
6659,2768,2774,2771
6660,2766,2799,2769
6661,2767,2769,2770
6662,2766,2801,2799
6663,2768,2770,2774
6664,2769,2800,2770
6665,2770,2804,2774
6666,2763,2771,2772
6667,2771,2775,2772
6668,2764,2772,2773
6669,2772,2776,2773
6670,2771,2774,2775
6671,2774,2805,2775
6672,2772,2775,2776
6673,2773,2776,2790
6674,2616,2623,2782
6675,2616,2782,2777
6676,2616,2777,2618
6677,2618,2777,2778
6678,2617,2618,2778
6679,2777,2782,2783
6680,2777,2784,2778
6681,2777,2783,2784
6682,2598,2780,2621
6683,2621,2781,2622
6684,2621,2780,2781
6685,2622,2779,2623
6686,2622,2781,2779
6687,2780,2787,2781
6688,2765,2786,2780
6689,2780,2786,2787
6690,2779,2781,2788
6691,2781,2787,2788
6692,2623,2779,2782
6693,2779,2792,2782
6694,2779,2788,2792
6695,2782,2792,2783
6696,2783,2794,2785
6697,2783,2785,2784
6698,2785,2794,2819
6699,2773,2790,2786
6700,2786,2789,2787
6701,2787,2791,2788
6702,2786,2790,2789
6703,2789,2790,2822
6704,2787,2789,2791
6705,2788,2791,2793
6706,2789,2823,2791
6707,2788,2793,2792
6708,2783,2792,2794
6709,2792,2793,2794
6710,2791,2826,2793
6711,2793,2827,2794
6712,2769,2799,2800
6713,2770,2800,2804
6714,2799,2802,2800
6715,2799,2801,2803
6716,2799,2803,2802
6717,2800,2807,2804
6718,2800,2802,2807
6719,2801,2811,2803
6720,2774,2804,2805
6721,2775,2806,2776
6722,2775,2805,2806
6723,2776,2821,2790
6724,2776,2806,2821
6725,2804,2807,2808
6726,2804,2808,2805
6727,2805,2809,2806
6728,2806,2824,2821
6729,2805,2808,2809
6730,2806,2809,2824
6731,2802,2816,2807
6732,2802,2812,2816
6733,2801,2810,2811
6734,2803,2811,2812
6735,2802,2803,2812
6736,2810,2815,2811
6737,2810,2813,2815
6738,2813,2814,2815
6739,2814,3811,3819
6740,2814,3819,2815
6741,2811,2815,3827
6742,2815,3819,3827
6743,2811,3827,2812
6744,2812,3850,2816
6745,2812,3827,3850
6746,2807,2817,2808
6747,2807,2816,2817
6748,2808,2818,2809
6749,2809,2831,2824
6750,2808,2817,2818
6751,2809,2818,2831
6752,2816,3839,2817
6753,2816,3850,3839
6754,2817,3845,2818
6755,2818,3876,2831
6756,2817,3839,3845
6757,2818,3845,3876
6758,2785,2819,2862
6759,2819,2827,2820
6760,2819,2820,2865
6761,2790,2821,2822
6762,2789,2822,2823
6763,2791,2823,2826
6764,2821,2830,2822
6765,2821,2824,2830
6766,2822,2825,2823
6767,2823,2825,2828
6768,2822,2830,2825
6769,2793,2826,2827
6770,2794,2827,2819
6771,2823,2828,2826
6772,2826,2829,2827
6773,2826,2828,2829
6774,2820,2827,2829
6775,2820,2836,2874
6776,2836,3954,2874
6777,2824,2832,2830
6778,2824,2831,2832
6779,2825,2830,2833
6780,2830,2832,2833
6781,2825,2833,2835
6782,2831,3876,3880
6783,2831,3880,2832
6784,2832,3883,2833
6785,2832,3880,3883
6786,2833,3883,3889
6787,2825,2835,2828
6788,2828,2834,2829
6789,2828,2835,2834
6790,2820,2829,2836
6791,2829,2834,2836
6792,2835,3889,3888
6793,2834,2835,3888
6794,2833,3889,2835
6795,2834,3890,2836
6796,2834,3888,3890
6797,2836,3890,3954
6798,2711,2843,2845
6799,2617,2842,2712
6800,2617,2778,2842
6801,2712,2842,2843
6802,2843,2848,2845
6803,2778,2849,2842
6804,2842,2850,2843
6805,2842,2849,2850
6806,2778,2784,2849
6807,2843,2850,2848
6808,2716,2845,2844
6809,2715,2844,2846
6810,2844,2845,2854
6811,2844,2854,2847
6812,2845,2848,2854
6813,2844,2847,2846
6814,2724,2846,2858
6815,2846,2847,2858
6816,2849,2852,2850
6817,2849,2851,2852
6818,2784,2851,2849
6819,2784,2785,2851
6820,2850,2852,2853
6821,2848,2850,2853
6822,2851,2863,2852
6823,2785,2862,2851
6824,2852,2864,2853
6825,2848,2855,2854
6826,2848,2853,2855
6827,2854,2855,2857
6828,2847,2854,2857
6829,2847,2856,2858
6830,2847,2857,2856
6831,2853,2870,2855
6832,2855,2869,2857
6833,2856,2857,2868
6834,2734,2858,2856
6835,2734,2856,2880
6836,2851,2862,2863
6837,2852,2863,2864
6838,2853,2864,2870
6839,2819,2865,2862
6840,2862,2866,2863
6841,2862,2865,2866
6842,2863,2867,2864
6843,2863,2866,2867
6844,2864,2867,2873
6845,2855,2870,2869
6846,2857,2869,2868
6847,2868,2869,2872
6848,2869,2870,2871
6849,2870,2873,2871
6850,2868,2872,2881
6851,2869,2871,2872
6852,2864,2873,2870
6853,2820,2874,2865
6854,2865,2875,2866
6855,2865,2874,2875
6856,2866,2876,2867
6857,2867,2876,2879
6858,2866,2875,2876
6859,2874,3954,3955
6860,2874,3955,2875
6861,2876,3962,2879
6862,2876,3956,3962
6863,2875,3956,2876
6864,2875,3955,3956
6865,2871,2873,2877
6866,2871,2878,2872
6867,2871,2877,2878
6868,2872,2878,2882
6869,2867,2879,2873
6870,2873,2879,2877
6871,2877,3963,3960
6872,2877,3960,2878
6873,2878,3961,2882
6874,2878,3960,3961
6875,2879,3962,3963
6876,2877,2879,3963
6877,2856,2868,2880
6878,2868,2881,2880
6879,2742,2880,2881
6880,2872,2882,2881
6881,2742,2881,2883
6882,2881,2882,2883
6883,2882,3961,3973
6884,2882,3973,2883
6885,2883,3973,3750
6886,2887,2888,2889
6887,2888,2958,2889
6888,2889,2958,2964
6889,2890,2912,2901
6890,2890,2891,2892
6891,2891,2915,2918
6892,2890,2892,2912
6893,2891,2918,2892
6894,2892,2936,2912
6895,2892,2918,2920
6896,2892,2920,2936
6897,2900,2901,2902
6898,2896,2897,2908
6899,2893,2909,2897
6900,2230,2896,2907
6901,2893,2894,2910
6902,2894,2895,2911
6903,2898,2904,2899
6904,2898,2900,2905
6905,2900,2901,2906
6906,2895,2899,2903
6907,2896,2908,2907
6908,2897,2909,2908
6909,2893,2910,2909
6910,2894,2911,2910
6911,2895,2903,2911
6912,2899,2904,2903
6913,2898,2905,2904
6914,2900,2906,2905
6915,2901,2912,2906
6916,2908,2909,2913
6917,2907,2908,2924
6918,2909,2910,2923
6919,2910,2911,2929
6920,2903,2930,2911
6921,2903,2904,2931
6922,2904,2905,2933
6923,2905,2906,2932
6924,2906,2912,2935
6925,2909,2921,2913
6926,2908,2913,2924
6927,2910,2929,2923
6928,2911,2930,2929
6929,2903,2931,2930
6930,2909,2923,2921
6931,2904,2933,2931
6932,2905,2932,2933
6933,2906,2935,2932
6934,2912,2936,2935
6935,2915,2916,2917
6936,2887,2919,2916
6937,2915,2917,2918
6938,2916,2919,2917
6939,2887,2889,2919
6940,2917,2919,2948
6941,2917,2948,2947
6942,2917,2947,2918
6943,2918,2947,2920
6944,2889,2949,2919
6945,2919,2949,2948
6946,2889,2964,2949
6947,2920,2946,2936
6948,2914,2922,2925
6949,2921,2923,2928
6950,2913,2927,2924
6951,2914,2925,2926
6952,2922,2928,2925
6953,2924,2927,2934
6954,2925,2934,2926
6955,2932,2935,2937
6956,2925,2928,2939
6957,2923,2939,2928
6958,2923,2929,2940
6959,2929,2930,2943
6960,2930,2931,2941
6961,2931,2933,2942
6962,2932,2944,2933
6963,2931,2942,2941
6964,2932,2937,2944
6965,2933,2944,2942
6966,2924,2934,2938
6967,2925,2938,2934
6968,2925,2939,2938
6969,2923,2940,2939
6970,2929,2943,2940
6971,2930,2941,2943
6972,2935,2936,2945
6973,2935,2945,2937
6974,2936,2946,2945
6975,2937,2989,2944
6976,2937,2990,2989
6977,2941,2984,2943
6978,2941,2942,2985
6979,2938,2939,2987
6980,2939,2940,2988
6981,2940,2943,2983
6982,2942,2944,2986
6983,2939,2988,2987
6984,2940,2983,2988
6985,2943,2984,2983
6986,2941,2985,2984
6987,2942,2986,2985
6988,2944,2989,2986
6989,2945,2946,2991
6990,2937,2945,2990
6991,2945,2991,2990
6992,2920,2947,2950
6993,2947,2948,2952
6994,2920,2950,2946
6995,2947,2952,2950
6996,2948,2949,2951
6997,2949,2964,2982
6998,2948,2951,2952
6999,2949,2982,2951
7000,2946,2950,3003
7001,2950,2952,3000
7002,2950,3000,3003
7003,2951,2982,3034
7004,2951,3034,3001
7005,2951,3001,2952
7006,2952,3001,3000
7007,2946,3003,2991
7008,2953,2954,2960
7009,2955,2959,2956
7010,2955,2960,2959
7011,2888,2956,2958
7012,2956,2959,2958
7013,2955,2957,2960
7014,2953,2960,2957
7015,2958,2959,2965
7016,2958,2965,2964
7017,2959,2967,2965
7018,2954,2967,2960
7019,2959,2960,2967
7020,2954,2966,2967
7021,2240,2962,2961
7022,2240,2963,2962
7023,2953,2961,2954
7024,2954,2961,2962
7025,2962,2963,2971
7026,2963,2972,2971
7027,2954,2962,2966
7028,2962,2971,2966
7029,2242,2972,2963
7030,2242,2973,2972
7031,2964,2965,2968
7032,2965,2970,2968
7033,2966,2970,2967
7034,2966,2969,2970
7035,2965,2967,2970
7036,2968,2970,3019
7037,2969,2974,3020
7038,2969,3019,2970
7039,2969,3020,3019
7040,2971,2972,2974
7041,2972,2976,2974
7042,2972,2973,2976
7043,2973,2975,2976
7044,2974,2976,3025
7045,2976,3022,3025
7046,2309,3023,2975
7047,2975,3023,3022
7048,2975,3022,2976
7049,2966,2971,2969
7050,2969,2971,2974
7051,2974,3025,3020
7052,2964,2968,2982
7053,2968,3035,2982
7054,2982,3035,3034
7055,2968,3019,3035
7056,2983,2994,2988
7057,2983,2984,2995
7058,2987,2988,2993
7059,2984,2985,2996
7060,2985,2986,2992
7061,2986,2989,2997
7062,2989,2999,2997
7063,2989,2990,2999
7064,2990,2998,2999
7065,2990,2991,2998
7066,2988,2994,2993
7067,2983,2995,2994
7068,2984,2996,2995
7069,2985,2992,2996
7070,2986,2997,2992
7071,2993,2994,3088
7072,2994,2995,3089
7073,2995,2996,3087
7074,2992,3090,2996
7075,2992,2997,3006
7076,2998,3008,2999
7077,2998,3012,3008
7078,2997,2999,3007
7079,3000,3005,3003
7080,3000,3001,3002
7081,3001,3034,3037
7082,3000,3002,3005
7083,3001,3037,3002
7084,3002,3014,3005
7085,3002,3037,3011
7086,3002,3011,3014
7087,2991,3003,3004
7088,2991,3004,2998
7089,3003,3005,3004
7090,2998,3004,3012
7091,3004,3005,3013
7092,3004,3013,3012
7093,3005,3014,3013
7094,2996,3090,3087
7095,2992,3006,3090
7096,2997,3007,3006
7097,3006,3094,3090
7098,2999,3008,3007
7099,3006,3007,3009
7100,3007,3008,3010
7101,3006,3009,3094
7102,3009,3177,3094
7103,3007,3010,3009
7104,3008,3016,3010
7105,3009,3010,3136
7106,3011,3018,3014
7107,3008,3012,3016
7108,3012,3013,3015
7109,3013,3014,3017
7110,3013,3017,3015
7111,3014,3018,3017
7112,3012,3015,3016
7113,3015,3138,3016
7114,3010,3016,3137
7115,3015,3017,3139
7116,3017,3018,3140
7117,3019,3020,3038
7118,3020,3025,3021
7119,3020,3021,3038
7120,3021,3026,3028
7121,3023,3116,3024
7122,3022,3023,3027
7123,3023,3024,3027
7124,3024,3117,3029
7125,3024,3030,3027
7126,3024,3029,3030
7127,3022,3026,3025
7128,3021,3025,3026
7129,3022,3027,3026
7130,3026,3027,3031
7131,3027,3030,3031
7132,3026,3031,3028
7133,3028,3031,3042
7134,3029,3119,3033
7135,3030,3033,3032
7136,3030,3032,3031
7137,3031,3032,3042
7138,3029,3033,3030
7139,3032,3033,3149
7140,3033,3150,3149
7141,3033,3119,3150
7142,3034,3035,3036
7143,3019,3038,3035
7144,3034,3036,3037
7145,3035,3038,3036
7146,3036,3038,3040
7147,3036,3040,3039
7148,3036,3039,3037
7149,3011,3037,3039
7150,3021,3040,3038
7151,3021,3028,3040
7152,3011,3039,3041
7153,3011,3041,3018
7154,3039,3040,3043
7155,3039,3043,3041
7156,3028,3043,3040
7157,3028,3042,3043
7158,3018,3041,3157
7159,3041,3043,3154
7160,3041,3154,3157
7161,3042,3155,3154
7162,3032,3155,3042
7163,3042,3154,3043
7164,3018,3157,3140
7165,3032,3149,3155
7166,2994,3089,3088
7167,2995,3087,3089
7168,3088,3089,3091
7169,3087,3092,3089
7170,3087,3090,3093
7171,3089,3092,3091
7172,3087,3093,3092
7173,3090,3094,3093
7174,3093,3094,3176
7175,3091,3092,3175
7176,3092,3093,3174
7177,2309,3116,3023
7178,3024,3116,3117
7179,3029,3117,3118
7180,3029,3118,3119
7181,2339,3119,3118
7182,2339,3202,3119
7183,3119,3202,3150
7184,2339,2369,3202
7185,3009,3136,3177
7186,3010,3137,3136
7187,3136,3180,3177
7188,3136,3141,3180
7189,3015,3139,3138
7190,3016,3138,3137
7191,3136,3137,3141
7192,3137,3138,3142
7193,3017,3140,3139
7194,3138,3139,3144
7195,3139,3140,3143
7196,3137,3142,3141
7197,3138,3144,3142
7198,3139,3143,3144
7199,3141,3142,3145
7200,3142,3144,3146
7201,3141,3145,3185
7202,3142,3146,3145
7203,3143,3147,3148
7204,3143,3148,3144
7205,3144,3148,3146
7206,3145,3146,3193
7207,3146,3148,3166
7208,3147,3164,3148
7209,3150,3152,3151
7210,3149,3150,3151
7211,3151,3152,3153
7212,3151,3153,3163
7213,3154,3159,3157
7214,3155,3156,3159
7215,3154,3155,3159
7216,3140,3157,3158
7217,3157,3159,3158
7218,3140,3158,3143
7219,3143,3158,3147
7220,3158,3159,3161
7221,3149,3156,3155
7222,3149,3151,3156
7223,3156,3160,3159
7224,3147,3158,3161
7225,3159,3162,3161
7226,3147,3161,3165
7227,3159,3160,3162
7228,3151,3163,3156
7229,3156,3163,3160
7230,3146,3166,3193
7231,3148,3164,3166
7232,3147,3165,3164
7233,3164,3199,3166
7234,3164,3165,3167
7235,3164,3167,3199
7236,3165,3169,3168
7237,3165,3168,3167
7238,3167,3471,3199
7239,3168,3169,3450
7240,3167,3168,3472
7241,3153,3173,3163
7242,3153,3207,3173
7243,3173,3207,3453
7244,3160,3172,3171
7245,3161,3162,3169
7246,3161,3169,3165
7247,3160,3171,3162
7248,3162,3170,3169
7249,3162,3171,3170
7250,3160,3163,3172
7251,3163,3173,3172
7252,3171,3172,3457
7253,3169,3170,3450
7254,3170,3171,3455
7255,3172,3173,3456
7256,3092,3174,3175
7257,3093,3176,3174
7258,3094,3177,3176
7259,3174,3176,3178
7260,3176,3177,3179
7261,2234,3175,3174
7262,2234,3174,3178
7263,3176,3179,3178
7264,3177,3180,3179
7265,3178,3179,3182
7266,3178,3182,3183
7267,3179,3184,3182
7268,2234,3178,3183
7269,3179,3180,3184
7270,3141,3185,3180
7271,3180,3185,3184
7272,3184,3185,3189
7273,3145,3190,3185
7274,3182,3184,3188
7275,3184,3189,3188
7276,3182,3187,3183
7277,3182,3188,3187
7278,3185,3190,3189
7279,3187,3188,3197
7280,3188,3189,3194
7281,3189,3190,3196
7282,3190,3193,3195
7283,3145,3193,3190
7284,3166,3198,3193
7285,3188,3194,3197
7286,3189,3196,3194
7287,3190,3195,3196
7288,3194,3466,3197
7289,3194,3196,3467
7290,3195,3198,3468
7291,3195,3469,3196
7292,3193,3198,3195
7293,3166,3199,3198
7294,3198,3199,3470
7295,3150,3202,3152
7296,3152,3202,3203
7297,2369,3203,3202
7298,2369,2370,3203
7299,3152,3203,3204
7300,2370,3205,3203
7301,3203,3205,3204
7302,3152,3204,3153
7303,2370,2375,3205
7304,3204,3205,3206
7305,3205,3208,3206
7306,3153,3204,3207
7307,3204,3206,3207
7308,2375,3208,3205
7309,3206,3208,3507
7310,3206,3508,3207
7311,3168,3450,3478
7312,3168,3478,3472
7313,3450,3454,3451
7314,3450,3451,3478
7315,3451,3454,3452
7316,3170,3455,3454
7317,3170,3454,3450
7318,3171,3457,3455
7319,3172,3456,3457
7320,3173,3453,3456
7321,3454,3455,3458
7322,3452,3454,3458
7323,3455,3457,3459
7324,3455,3459,3458
7325,3456,3460,3457
7326,3457,3460,3459
7327,3453,3461,3456
7328,3456,3461,3460
7329,3452,3458,3462
7330,3458,3459,3463
7331,3452,3462,3501
7332,3459,3464,3463
7333,3458,3463,3462
7334,3459,3460,3464
7335,3460,3461,3465
7336,3460,3465,3464
7337,3461,3515,3465
7338,3462,3516,3501
7339,3462,3463,3517
7340,3465,3515,3616
7341,3464,3465,3518
7342,3463,3464,3519
7343,3194,3467,3466
7344,3196,3469,3467
7345,3195,3468,3469
7346,3466,3467,3476
7347,3467,3469,3473
7348,3467,3473,3476
7349,3469,3474,3473
7350,3468,3470,3475
7351,3468,3474,3469
7352,3468,3475,3474
7353,3198,3470,3468
7354,3199,3471,3470
7355,3167,3472,3471
7356,3470,3471,3477
7357,3470,3477,3475
7358,3471,3472,3479
7359,3473,3474,3490
7360,3474,3486,3490
7361,3474,3475,3486
7362,3475,3477,3487
7363,3475,3487,3486
7364,3477,3488,3487
7365,3473,3489,3476
7366,3473,3490,3489
7367,3471,3479,3477
7368,3472,3480,3479
7369,3472,3478,3480
7370,3477,3479,3488
7371,3451,3491,3478
7372,3478,3491,3480
7373,3486,3498,3490
7374,3486,3487,3494
7375,3486,3494,3498
7376,3487,3488,3495
7377,3487,3495,3494
7378,3489,3490,3497
7379,3490,3498,3497
7380,3479,3480,3492
7381,3479,3492,3488
7382,3451,3493,3491
7383,3451,3452,3493
7384,3480,3491,3500
7385,3480,3500,3492
7386,3452,3501,3493
7387,3491,3493,3502
7388,3488,3492,3496
7389,3488,3496,3495
7390,3495,3496,3529
7391,3494,3499,3498
7392,2237,3497,3498
7393,3494,3528,3499
7394,2237,3498,3499
7395,3494,3495,3528
7396,3491,3502,3500
7397,3492,3500,3530
7398,3493,3501,3531
7399,3492,3530,3496
7400,3500,3502,3533
7401,3493,3531,3502
7402,3501,3532,3531
7403,3206,3507,3508
7404,3207,3508,3453
7405,2721,3507,3208
7406,3507,3509,3508
7407,3453,3508,3510
7408,3453,3510,3461
7409,3508,3509,3510
7410,2721,3511,3507
7411,3507,3511,3509
7412,2721,2723,3511
7413,3461,3510,3515
7414,3509,3512,3510
7415,3510,3512,3515
7416,3509,3513,3512
7417,3509,3511,3513
7418,2723,3514,3511
7419,3511,3514,3513
7420,3512,3609,3515
7421,3512,3513,3610
7422,3513,3514,3611
7423,3462,3517,3516
7424,3463,3519,3517
7425,3516,3517,3520
7426,3517,3519,3523
7427,3464,3518,3519
7428,3465,3616,3518
7429,3518,3521,3519
7430,3518,3616,3522
7431,3516,3520,3555
7432,3517,3523,3520
7433,3518,3522,3521
7434,3519,3521,3523
7435,3520,3524,3555
7436,3520,3523,3525
7437,3520,3525,3524
7438,3521,3522,3527
7439,3521,3527,3526
7440,3521,3526,3523
7441,3523,3526,3525
7442,3524,3525,4894
7443,3524,4894,4893
7444,3526,4895,4896
7445,3527,5055,4895
7446,3526,3527,4895
7447,3525,3526,4896
7448,3525,4896,4894
7449,3496,3530,3536
7450,3530,3543,3536
7451,3499,3528,3534
7452,3495,3529,3528
7453,2237,3499,3534
7454,3528,3529,3538
7455,3496,3536,3529
7456,3500,3533,3530
7457,3502,3531,3544
7458,3502,3544,3533
7459,3501,3516,3532
7460,3530,3533,3543
7461,3531,3545,3544
7462,3531,3532,3545
7463,2237,3534,3535
7464,3528,3538,3534
7465,3534,3537,3535
7466,3534,3538,3537
7467,3529,3556,3538
7468,3535,3537,3541
7469,3529,3536,3556
7470,3537,3538,3540
7471,3537,3540,3539
7472,3538,3556,3540
7473,3537,3539,3541
7474,3539,3542,3541
7475,3539,3560,3542
7476,3536,3543,3561
7477,3536,3561,3556
7478,3533,3544,3546
7479,3533,3546,3543
7480,3532,3555,3547
7481,3532,3547,3545
7482,3544,3571,3546
7483,3544,3545,3571
7484,3545,3547,3572
7485,3516,3555,3532
7486,3539,3557,3560
7487,3539,3540,3557
7488,3540,3556,3558
7489,3540,3558,3557
7490,3557,3562,3560
7491,3557,3558,3563
7492,3542,3560,3559
7493,3559,3560,3565
7494,3559,3565,3564
7495,3560,3562,3565
7496,3543,3546,3570
7497,3543,3570,3561
7498,3556,3561,3558
7499,3557,3563,3562
7500,3562,3563,3573
7501,3562,3573,3568
7502,3564,3565,3567
7503,3562,3568,3565
7504,3564,3567,3566
7505,3565,3568,3567
7506,3558,3561,3569
7507,3558,3569,3563
7508,3561,3570,3569
7509,3546,3579,3570
7510,3563,3569,3578
7511,3563,3578,3573
7512,3569,3570,3580
7513,3545,3572,3571
7514,3547,3555,3608
7515,3571,3572,3594
7516,3547,3593,3572
7517,3547,3608,3593
7518,3546,3571,3579
7519,3568,3574,3577
7520,3568,3573,3574
7521,3574,3583,3577
7522,3566,3567,3576
7523,3566,3576,3575
7524,3567,3577,3576
7525,3567,3568,3577
7526,3575,3576,3585
7527,3575,3585,3584
7528,3576,3577,3586
7529,3569,3580,3578
7530,3573,3578,3581
7531,3570,3579,3580
7532,3573,3581,3574
7533,3578,3580,3582
7534,3578,3582,3581
7535,3579,3589,3580
7536,3580,3589,3582
7537,3577,3583,3586
7538,3583,4958,3586
7539,3586,4958,4955
7540,3576,3586,3585
7541,3584,3585,3588
7542,2238,3584,3588
7543,3585,4955,3588
7544,2238,3588,3587
7545,3587,4949,4947
7546,3587,3588,4949
7547,3588,4955,4949
7548,3585,3586,4955
7549,3574,3581,3590
7550,3581,3582,3591
7551,3574,3590,3583
7552,3581,3591,3590
7553,3582,3592,3591
7554,3582,3589,3592
7555,3583,3590,4962
7556,3583,4962,4958
7557,3591,3592,4990
7558,3590,3591,4964
7559,3572,3593,4977
7560,3572,4977,3594
7561,3593,4983,4977
7562,3593,3608,4986
7563,3593,4986,4983
7564,3571,3594,3579
7565,3579,3594,3589
7566,3589,3594,3595
7567,3589,3595,3592
7568,3594,4977,3595
7569,3524,3608,3555
7570,3524,4893,3608
7571,3608,4893,4986
7572,3512,3610,3609
7573,3609,3610,3613
7574,3513,3611,3610
7575,2746,3611,3514
7576,3610,3611,3614
7577,2746,3615,3611
7578,3609,3613,3612
7579,3611,3615,3614
7580,3610,3614,3613
7581,3515,3609,3616
7582,3609,3612,3616
7583,3522,3616,3612
7584,2746,2749,3615
7585,3612,3613,3617
7586,3612,3617,3620
7587,3613,3619,3617
7588,3614,3615,3618
7589,3614,3618,3619
7590,3615,3621,3618
7591,3613,3614,3619
7592,3617,3619,5050
7593,3617,5047,3620
7594,3617,5050,5047
7595,3618,5049,3619
7596,3618,3621,5048
7597,3618,5048,5049
7598,3619,5049,5050
7599,3522,3612,3620
7600,3522,3620,3527
7601,3527,3620,5055
7602,3620,5047,5055
7603,2749,3621,3615
7604,3621,3756,5048
7605,3748,3780,3768
7606,3748,3985,3780
7607,3768,3780,3779
7608,3749,5048,3761
7609,3751,3753,3758
7610,3750,3752,3751
7611,3750,3974,3752
7612,3753,3754,3758
7613,3751,3752,3753
7614,3755,3760,3757
7615,3756,3757,3759
7616,3756,3761,5048
7617,3754,3755,3758
7618,3754,3760,3755
7619,3757,3760,3759
7620,3756,3759,3761
7621,3749,3761,3762
7622,3749,3764,5054
7623,3763,5054,3764
7624,3749,3762,3764
7625,3763,3792,5057
7626,3791,5057,3792
7627,3762,3794,3764
7628,3762,3799,3794
7629,3764,3794,3793
7630,3763,3764,3793
7631,3763,3793,3792
7632,3754,3765,3760
7633,3760,3765,3766
7634,3748,3752,3974
7635,3752,3768,3753
7636,3753,3768,3767
7637,3748,3768,3752
7638,3753,3767,3754
7639,3754,3767,3765
7640,3765,3801,3798
7641,3765,3798,3766
7642,3766,3800,3769
7643,3769,3800,3799
7644,3766,3798,3800
7645,3767,3768,3779
7646,3765,3767,3801
7647,3767,3779,3801
7648,3759,3769,3761
7649,3759,3760,3766
7650,3759,3766,3769
7651,3761,3769,3762
7652,3762,3769,3799
7653,4076,5089,5090
7654,3772,5082,5083
7655,3770,3773,5083
7656,3771,5082,3772
7657,3770,3807,3773
7658,3772,5083,3773
7659,3775,3778,5101
7660,3774,5103,4077
7661,3776,4075,5090
7662,3774,4079,3777
7663,3776,3777,4078
7664,3774,4077,4079
7665,3775,4082,3778
7666,3778,4077,5103
7667,3773,3807,4151
7668,3773,4151,4081
7669,3771,3772,4080
7670,3772,3773,4081
7671,3771,4080,3775
7672,3772,4081,4080
7673,3780,3985,3781
7674,3779,3783,3801
7675,3779,3780,3784
7676,3779,3784,3783
7677,3782,3801,3783
7678,3780,3781,3784
7679,3787,3988,4120
7680,3787,4120,4121
7681,3782,3785,3803
7682,3785,3810,3803
7683,3781,3988,3787
7684,3781,3787,3784
7685,3784,3787,3786
7686,3783,3784,3786
7687,3782,3783,3788
7688,3783,3786,3788
7689,3782,3788,3785
7690,3785,4127,3810
7691,3785,4129,4127
7692,3810,4127,4126
7693,3786,4128,3788
7694,3786,3787,4121
7695,3786,4121,4128
7696,3788,4128,4129
7697,3785,3788,4129
7698,3789,3794,3799
7699,3789,3790,3794
7700,3791,3796,5122
7701,3791,3792,3795
7702,3792,3793,3797
7703,3790,3793,3794
7704,3792,3797,3795
7705,3791,3795,3796
7706,3770,5122,3796
7707,3790,3797,3793
7708,3798,3803,3800
7709,3799,3800,3802
7710,3782,3798,3801
7711,3782,3803,3798
7712,3800,3803,3802
7713,3789,3799,3802
7714,3789,3809,3805
7715,3790,3806,3797
7716,3789,3805,3790
7717,3797,3806,3804
7718,3790,3805,3806
7719,3804,4143,3808
7720,3804,4146,4143
7721,3808,4143,4142
7722,3805,3809,4144
7723,3805,4144,4145
7724,3804,3806,4146
7725,3805,4145,3806
7726,3806,4145,4146
7727,3795,3797,3804
7728,3795,3808,3796
7729,3796,3808,3807
7730,3795,3804,3808
7731,3770,3796,3807
7732,3807,3808,4142
7733,3807,4142,4151
7734,3789,3802,3809
7735,3802,3803,3810
7736,3802,3810,3809
7737,3809,3810,4126
7738,3809,4126,4144
7739,3811,3812,3820
7740,3812,3813,3821
7741,3813,3814,3822
7742,3814,3815,3823
7743,3811,3820,3819
7744,3812,3821,3820
7745,3813,3822,3821
7746,3814,3823,3822
7747,3815,3816,3824
7748,3816,3817,3825
7749,3817,3818,3826
7750,3815,3824,3823
7751,3816,3825,3824
7752,3817,3826,3825
7753,3819,3820,3828
7754,3820,3821,3829
7755,3821,3822,3830
7756,3822,3823,3831
7757,3823,3824,3832
7758,3824,3825,3833
7759,3825,3826,3834
7760,3818,3837,3826
7761,3826,3838,3834
7762,3819,3828,3827
7763,3820,3829,3828
7764,3821,3830,3829
7765,3822,3831,3830
7766,3823,3832,3831
7767,3824,3833,3832
7768,3825,3834,3833
7769,3827,3828,3850
7770,3828,3829,3851
7771,3829,3830,3852
7772,3830,3831,3853
7773,3828,3851,3850
7774,3829,3852,3851
7775,3830,3853,3852
7776,3831,3832,3854
7777,3832,3833,3855
7778,3833,3834,3856
7779,3831,3854,3853
7780,3832,3855,3854
7781,3833,3856,3855
7782,3834,3835,3856
7783,3835,3838,3861
7784,3835,3836,3856
7785,3835,3862,3836
7786,3826,3837,3838
7787,3837,3860,3838
7788,3834,3838,3835
7789,3839,3851,3840
7790,3840,3852,3841
7791,3841,3853,3842
7792,3842,3854,3843
7793,3843,3855,3844
7794,3841,3842,3847
7795,3842,3843,3848
7796,3843,3844,3849
7797,3836,3844,3856
7798,3844,3857,3849
7799,3839,3840,3845
7800,3840,3841,3846
7801,3840,3846,3845
7802,3841,3847,3846
7803,3842,3848,3847
7804,3843,3849,3848
7805,3845,3846,3876
7806,3846,3847,3877
7807,3847,3848,3878
7808,3848,3849,3879
7809,3846,3877,3876
7810,3847,3878,3877
7811,3848,3879,3878
7812,3849,3858,3879
7813,3839,3850,3851
7814,3840,3851,3852
7815,3841,3852,3853
7816,3842,3853,3854
7817,3843,3854,3855
7818,3844,3855,3856
7819,3836,3857,3844
7820,3836,3863,3857
7821,3857,3868,3858
7822,3849,3857,3858
7823,3858,3859,3879
7824,3858,3869,3859
7825,3838,3860,3861
7826,3835,3861,3862
7827,3836,3862,3863
7828,3860,3864,3861
7829,3861,3865,3862
7830,3861,3864,3865
7831,3862,3866,3863
7832,3862,3865,3866
7833,3863,3866,3867
7834,3857,3863,3868
7835,3858,3868,3869
7836,3859,3869,3870
7837,3863,3867,3868
7838,3868,3871,3869
7839,3867,3871,3868
7840,3869,3871,3872
7841,3869,3872,3870
7842,3870,3872,3873
7843,3874,3875,3954
7844,3877,3878,3881
7845,3876,3877,3880
7846,3878,3879,3882
7847,3877,3881,3880
7848,3878,3882,3881
7849,3859,3882,3879
7850,3882,3885,3884
7851,3880,3881,3883
7852,3881,3882,3884
7853,3881,3884,3883
7854,3883,3884,3889
7855,3884,3887,3889
7856,3859,3885,3882
7857,3859,3870,3885
7858,3885,3894,3887
7859,3884,3885,3887
7860,3886,3889,3887
7861,3886,3888,3889
7862,3888,3891,3890
7863,3874,3954,3890
7864,3886,3891,3888
7865,3874,3890,3891
7866,3874,3897,3892
7867,3874,3892,3875
7868,3875,3893,3957
7869,3875,3892,3893
7870,3892,3897,3925
7871,3892,3925,3926
7872,3892,3926,3893
7873,3893,3927,3968
7874,3927,3928,3968
7875,3893,3926,3927
7876,3887,3894,3895
7877,3870,3894,3885
7878,3886,3887,3895
7879,3886,3895,3896
7880,3870,3873,3894
7881,3894,3932,3895
7882,3873,3932,3894
7883,3895,3932,3933
7884,3895,3933,3896
7885,3896,3934,3897
7886,3896,3933,3934
7887,3886,3896,3891
7888,3874,3891,3897
7889,3891,3896,3897
7890,3897,3934,3925
7891,3864,3901,3865
7892,3865,3902,3866
7893,3865,3901,3902
7894,3866,3903,3867
7895,3867,3903,3904
7896,3866,3902,3903
7897,3902,3911,3912
7898,3902,3912,3903
7899,3903,3912,3913
7900,3901,3911,3902
7901,3903,3913,3904
7902,3904,3914,3905
7903,3904,3913,3914
7904,3867,3904,3871
7905,3871,3905,3872
7906,3871,3904,3905
7907,3872,3905,3906
7908,3872,3906,3873
7909,3873,3907,3932
7910,3873,3906,3907
7911,3905,3914,3919
7912,3905,3919,3906
7913,3906,3919,3920
7914,3906,3920,3907
7915,3907,3921,3935
7916,3909,3937,3921
7917,3908,3909,3921
7918,3909,3910,3937
7919,3911,3915,3912
7920,3912,3916,3913
7921,3913,3917,3914
7922,3914,3918,3919
7923,3912,3915,3916
7924,3913,3916,3917
7925,3915,4503,3916
7926,3916,4504,3917
7927,3914,3917,3918
7928,3917,4505,3918
7929,3918,4506,3922
7930,3919,3922,3920
7931,3907,3920,3921
7932,3921,3937,3935
7933,3908,3921,3920
7934,3918,3922,3919
7935,3908,3920,3922
7936,3923,3925,3934
7937,3923,3936,3938
7938,3923,3924,3925
7939,3923,3939,3924
7940,3924,3926,3925
7941,3926,3929,3927
7942,3927,3930,3928
7943,3928,3931,3979
7944,3927,3929,3930
7945,3924,3929,3926
7946,3929,3945,3930
7947,3924,3940,3929
7948,3928,3930,3931
7949,3930,3946,3931
7950,3931,3947,3980
7951,3932,3935,3933
7952,3907,3935,3932
7953,3933,3935,3936
7954,3933,3936,3934
7955,3923,3934,3936
7956,3935,3937,3936
7957,3936,3937,3938
7958,3910,3938,3937
7959,3923,3938,3939
7960,3924,3939,3940
7961,3910,3941,3938
7962,3938,3941,3939
7963,3939,3941,3943
7964,3940,3942,3945
7965,3939,3943,3940
7966,3942,3949,3945
7967,3940,3943,3942
7968,3944,3980,3947
7969,3930,3945,3946
7970,3929,3940,3945
7971,3931,3946,3947
7972,3944,3947,3948
7973,3944,3948,4533
7974,3945,3949,3946
7975,3946,3950,3947
7976,3946,3949,3950
7977,3947,3950,3948
7978,3875,3955,3954
7979,3955,3957,3956
7980,3956,3958,3962
7981,3956,3957,3958
7982,3875,3957,3955
7983,3958,3959,3962
7984,3960,3963,3964
7985,3960,3965,3961
7986,3959,3963,3962
7987,3960,3964,3965
7988,3961,3965,3966
7989,3959,3964,3963
7990,3964,3970,3967
7991,3957,3968,3958
7992,3958,3968,3969
7993,3893,3968,3957
7994,3958,3969,3959
7995,3959,3970,3964
7996,3959,3969,3970
7997,3967,3970,3977
7998,3967,3977,3978
7999,3928,3969,3968
8000,3969,3979,3970
8001,3928,3979,3969
8002,3970,3979,3977
8003,3964,3967,3965
8004,3965,3967,3971
8005,3966,3972,3974
8006,3965,3971,3966
8007,3966,3971,3972
8008,3748,3974,3972
8009,3971,3984,3972
8010,3967,3978,3971
8011,3972,3984,3985
8012,3971,3978,3984
8013,3748,3972,3985
8014,3961,3966,3973
8015,3750,3973,3974
8016,3966,3974,3973
8017,3977,3979,3980
8018,3978,3982,3984
8019,3977,3981,3978
8020,3977,3980,3981
8021,3944,3981,3980
8022,3981,3986,3982
8023,3982,3983,3984
8024,3978,3981,3982
8025,3982,3987,3983
8026,3931,3980,3979
8027,3983,3985,3984
8028,3781,3985,3983
8029,3982,3986,3987
8030,3944,3986,3981
8031,3983,3987,3988
8032,3986,4773,3987
8033,3944,4533,3986
8034,3987,4773,4774
8035,3986,4533,4773
8036,3987,4774,3988
8037,3988,4774,4120
8038,3781,3983,3988
8039,3993,4137,4549
8040,3993,3995,4137
8041,3993,3994,3996
8042,3993,3996,3995
8043,3995,3996,4334
8044,3992,3997,3994
8045,3994,3997,3996
8046,3992,4003,3997
8047,3996,3997,3998
8048,3996,3998,4334
8049,3992,3999,4003
8050,3999,4001,4003
8051,4000,4024,4026
8052,3999,4000,4001
8053,4001,4027,4007
8054,4001,4026,4027
8055,4000,4026,4001
8056,3998,4004,4002
8057,3998,4002,4330
8058,4002,4004,4006
8059,3997,4003,4004
8060,4003,4007,4004
8061,3997,4004,3998
8062,4004,4007,4006
8063,4006,4007,4032
8064,4002,4005,4340
8065,4005,4343,4340
8066,4002,4006,4005
8067,4005,4034,4343
8068,4005,4006,4033
8069,4001,4007,4003
8070,4008,4722,4010
8071,4009,4010,4722
8072,4008,4010,4029
8073,4009,4012,4014
8074,4012,4730,4015
8075,4009,4014,4010
8076,4010,4013,4029
8077,4010,4014,4013
8078,4013,4014,4017
8079,4012,4016,4014
8080,4011,4015,4730
8081,4012,4015,4016
8082,4014,4016,4017
8083,4013,4017,4059
8084,4019,4415,4035
8085,4018,4415,4019
8086,4019,4042,4021
8087,4018,4023,4421
8088,4018,4019,4022
8089,4019,4021,4022
8090,4018,4022,4023
8091,4020,4421,4023
8092,4027,4031,4038
8093,4024,4025,4026
8094,4008,4025,4024
8095,4026,4031,4027
8096,4025,4031,4026
8097,4028,4038,4031
8098,4028,4031,4030
8099,4025,4030,4031
8100,4008,4029,4025
8101,4025,4029,4030
8102,4007,4027,4032
8103,4033,4036,4037
8104,4027,4038,4032
8105,4032,4036,4033
8106,4032,4038,4036
8107,4005,4033,4034
8108,4034,4035,4343
8109,4006,4032,4033
8110,4034,4042,4035
8111,4033,4037,4034
8112,4034,4037,4042
8113,4019,4035,4042
8114,4037,4041,4042
8115,4036,4040,4037
8116,4036,4038,4039
8117,4036,4039,4040
8118,4037,4040,4041
8119,4021,4042,4041
8120,4028,4039,4038
8121,4021,4044,4045
8122,4020,4023,4046
8123,4022,4048,4023
8124,4021,4045,4022
8125,4020,4046,4047
8126,4022,4045,4048
8127,4023,4048,4046
8128,4047,4053,4423
8129,4049,4423,4053
8130,4043,4051,4044
8131,4045,4052,4048
8132,4044,4051,4045
8133,4048,4052,4050
8134,4045,4051,4052
8135,4046,4054,4047
8136,4047,4054,4053
8137,4046,4050,4054
8138,4046,4048,4050
8139,4030,4058,4056
8140,4028,4030,4056
8141,4028,4057,4039
8142,4039,4057,4055
8143,4028,4056,4057
8144,4029,4058,4030
8145,4013,4058,4029
8146,4013,4059,4058
8147,4058,4059,4060
8148,4056,4058,4060
8149,4057,4063,4061
8150,4055,4062,4064
8151,4055,4057,4061
8152,4043,4064,4062
8153,4055,4061,4062
8154,4056,4063,4057
8155,4056,4060,4063
8156,4040,4064,4041
8157,4039,4055,4040
8158,4021,4041,4044
8159,4041,4064,4044
8160,4040,4055,4064
8161,4043,4044,4064
8162,4068,5088,4069
8163,4069,5089,4076
8164,4068,4069,4071
8165,4070,4071,4108
8166,4070,4108,4090
8167,4069,4083,4071
8168,4068,4071,4070
8169,4074,4095,4089
8170,4077,4087,4079
8171,4078,4079,4086
8172,4077,4088,4087
8173,4075,4076,5090
8174,3776,4078,4075
8175,3777,4079,4078
8176,3778,4088,4077
8177,4075,4084,4076
8178,4069,4076,4083
8179,4075,4078,4085
8180,3778,4082,4088
8181,4080,4081,4089
8182,4080,4089,4082
8183,4074,4081,4151
8184,3775,4080,4082
8185,4075,4085,4084
8186,4078,4086,4085
8187,4079,4087,4086
8188,4071,4083,4107
8189,4083,4084,4109
8190,4071,4107,4108
8191,4083,4109,4107
8192,4085,4086,4111
8193,4084,4110,4109
8194,4085,4111,4110
8195,4084,4085,4110
8196,4076,4084,4083
8197,4073,4088,4082
8198,4073,4082,4089
8199,4074,4089,4081
8200,4087,4088,4094
8201,4086,4087,4093
8202,4073,4094,4088
8203,4099,4109,4110
8204,4103,4110,4111
8205,4097,4107,4098
8206,4098,4109,4099
8207,4099,4110,4103
8208,4074,4152,4095
8209,4073,4089,4095
8210,4093,4105,4104
8211,4093,4104,4111
8212,4093,4094,4105
8213,4103,4111,4104
8214,4073,4095,4106
8215,4094,4106,4105
8216,4073,4106,4094
8217,4096,4097,4102
8218,4096,4100,4113
8219,4098,4099,4254
8220,4097,4098,4237
8221,4100,4101,4113
8222,4096,4102,4100
8223,4097,4237,4102
8224,4098,4254,4237
8225,4095,4152,4445
8226,4095,4445,4106
8227,4104,4244,4241
8228,4105,4106,4245
8229,4105,4245,4244
8230,4106,4445,4245
8231,4099,4103,4240
8232,4103,4104,4241
8233,4104,4105,4244
8234,4099,4240,4254
8235,4103,4241,4240
8236,4090,4108,4096
8237,4086,4093,4111
8238,4097,4108,4107
8239,4090,4096,4113
8240,4096,4108,4097
8241,4098,4107,4109
8242,4087,4094,4093
8243,4119,4144,4132
8244,4119,4132,4133
8245,4119,4135,4149
8246,4120,4774,4122
8247,4121,4125,4128
8248,4120,4123,4121
8249,4120,4122,4123
8250,4122,4137,4123
8251,4124,4128,4125
8252,4121,4123,4125
8253,4124,4140,4130
8254,4124,4125,4139
8255,4123,4138,4125
8256,4127,4129,4130
8257,4126,4132,4144
8258,4126,4127,4131
8259,4124,4129,4128
8260,4127,4130,4131
8261,4131,4141,4132
8262,4130,4136,4131
8263,4126,4131,4132
8264,4124,4130,4129
8265,4134,4149,4135
8266,4119,4133,4135
8267,4154,4305,4293
8268,4133,4300,4135
8269,4135,4300,4299
8270,4134,4135,4299
8271,4134,4305,4154
8272,4134,4299,4305
8273,4130,4140,4136
8274,4122,4549,4137
8275,4123,4137,4138
8276,4124,4139,4140
8277,4125,4138,4139
8278,4136,4321,4141
8279,4136,4140,4320
8280,4136,4320,4321
8281,4138,4327,4139
8282,3995,4138,4137
8283,4139,4327,4328
8284,3995,4327,4138
8285,4139,4328,4140
8286,4140,4328,4320
8287,4132,4141,4133
8288,4131,4136,4141
8289,4133,4141,4345
8290,4133,4345,4300
8291,4141,4321,4345
8292,4142,4147,4151
8293,4142,4143,4148
8294,4143,4146,4150
8295,4145,4149,4146
8296,4119,4145,4144
8297,4148,4150,4154
8298,4142,4148,4147
8299,4074,4151,4147
8300,4143,4150,4148
8301,4074,4147,4152
8302,4147,4148,4153
8303,4146,4149,4150
8304,4119,4149,4145
8305,4134,4150,4149
8306,4147,4153,4152
8307,4148,4154,4153
8308,4134,4154,4150
8309,4152,4153,4446
8310,4153,4154,4293
8311,4152,4446,4445
8312,4153,4293,4446
8313,4164,4266,4181
8314,4159,4270,4271
8315,4155,4157,4252
8316,4156,4252,4157
8317,4155,4311,4157
8318,4156,4161,4271
8319,4158,4270,4159
8320,4158,4180,4272
8321,4180,4181,4272
8322,4158,4159,4182
8323,4160,4184,4162
8324,4159,4271,4161
8325,4157,4311,4160
8326,4156,4162,4161
8327,4157,4160,4162
8328,4156,4157,4162
8329,4159,4161,4185
8330,4161,4162,4183
8331,4170,4275,4277
8332,4171,4276,4278
8333,4175,4277,4276
8334,4163,4172,4278
8335,4163,4164,4173
8336,4164,4181,4174
8337,4171,4175,4276
8338,4169,4275,4170
8339,4170,4277,4175
8340,4171,4278,4172
8341,4163,4173,4172
8342,4164,4174,4173
8343,4168,4173,4188
8344,4169,4170,4177
8345,4165,4170,4175
8346,4166,4175,4171
8347,4167,4171,4172
8348,4168,4172,4173
8349,4173,4174,4188
8350,4169,4177,4176
8351,4165,4177,4170
8352,4166,4171,4167
8353,4165,4175,4166
8354,4167,4172,4168
8355,4179,4194,4195
8356,4178,4194,4179
8357,4179,4195,4377
8358,4182,4193,4186
8359,4158,4182,4180
8360,4180,4191,4181
8361,4174,4181,4191
8362,4180,4186,4191
8363,4180,4182,4186
8364,4162,4184,4183
8365,4160,4383,4184
8366,4182,4185,4193
8367,4183,4192,4185
8368,4185,4192,4193
8369,4183,4194,4192
8370,4184,4383,4195
8371,4184,4195,4194
8372,4183,4184,4194
8373,4159,4185,4182
8374,4161,4183,4185
8375,4186,4189,4191
8376,4186,4193,4190
8377,4174,4187,4188
8378,4187,4191,4189
8379,4186,4190,4189
8380,4174,4191,4187
8381,4192,4196,4193
8382,4178,4192,4194
8383,4190,4193,4196
8384,4178,4196,4192
8385,4176,4177,4203
8386,4165,4199,4177
8387,4166,4167,4200
8388,4167,4168,4224
8389,4165,4166,4201
8390,4176,4203,4202
8391,4177,4199,4203
8392,4165,4201,4199
8393,4166,4200,4201
8394,4167,4224,4200
8395,4197,4202,4203
8396,4199,4201,4211
8397,4200,4212,4201
8398,4198,4203,4199
8399,4197,4204,4202
8400,4197,4203,4198
8401,4198,4199,4211
8402,4190,4207,4206
8403,4178,4208,4196
8404,4179,4377,4210
8405,4178,4179,4209
8406,4196,4208,4207
8407,4178,4209,4208
8408,4179,4210,4209
8409,4217,4225,4226
8410,4200,4213,4212
8411,4213,4224,4214
8412,4214,4223,4215
8413,4215,4225,4217
8414,4206,4218,4226
8415,4206,4207,4216
8416,4217,4226,4218
8417,4206,4216,4218
8418,4210,4387,4221
8419,4210,4221,4220
8420,4207,4208,4222
8421,4208,4209,4219
8422,4207,4222,4216
8423,4208,4219,4222
8424,4209,4210,4220
8425,4209,4220,4219
8426,4187,4189,4226
8427,4168,4223,4224
8428,4188,4225,4223
8429,4187,4226,4225
8430,4168,4188,4223
8431,4187,4225,4188
8432,4189,4190,4206
8433,4189,4206,4226
8434,4190,4196,4207
8435,4200,4224,4213
8436,4214,4224,4223
8437,4215,4223,4225
8438,4201,4212,4211
8439,4229,4230,4256
8440,4230,4231,4259
8441,4227,4232,4238
8442,4231,4238,4232
8443,4228,4248,4233
8444,4227,4228,4233
8445,4227,4233,4232
8446,4231,4232,4260
8447,4232,4233,4257
8448,4100,4234,4101
8449,4101,4234,4235
8450,4100,4238,4234
8451,4102,4237,4227
8452,4100,4102,4238
8453,4228,4237,4254
8454,4102,4227,4238
8455,4227,4237,4228
8456,4230,4235,4234
8457,4231,4234,4238
8458,4229,4235,4230
8459,4230,4234,4231
8460,4240,4242,4254
8461,4240,4241,4243
8462,4228,4254,4242
8463,4240,4243,4242
8464,4241,4253,4243
8465,4245,4445,4250
8466,4245,4250,4249
8467,4241,4244,4253
8468,4244,4245,4249
8469,4244,4249,4253
8470,4243,4253,4247
8471,4243,4247,4246
8472,4228,4242,4248
8473,4242,4246,4248
8474,4242,4243,4246
8475,4249,4251,4253
8476,4249,4250,4252
8477,4249,4252,4251
8478,4247,4253,4251
8479,4155,4252,4250
8480,4230,4259,4256
8481,4229,4256,4255
8482,4255,4256,4261
8483,4233,4258,4257
8484,4259,4260,4264
8485,4257,4265,4260
8486,4257,4258,4266
8487,4231,4260,4259
8488,4232,4257,4260
8489,4233,4248,4258
8490,4256,4259,4262
8491,4255,4261,4263
8492,4256,4262,4261
8493,4259,4264,4262
8494,4260,4265,4264
8495,4257,4266,4265
8496,4261,4262,4276
8497,4262,4264,4278
8498,4163,4264,4265
8499,4263,4277,4275
8500,4163,4278,4264
8501,4261,4276,4277
8502,4262,4278,4276
8503,4261,4277,4263
8504,4164,4265,4266
8505,4163,4265,4164
8506,4246,4269,4248
8507,4248,4269,4258
8508,4247,4271,4270
8509,4246,4247,4270
8510,4246,4270,4269
8511,4258,4269,4272
8512,4158,4269,4270
8513,4247,4251,4271
8514,4156,4271,4251
8515,4156,4251,4252
8516,4258,4272,4266
8517,4158,4272,4269
8518,4181,4266,4272
8519,4303,4324,4325
8520,4289,4304,4325
8521,4288,4304,4289
8522,4291,4348,4318
8523,4288,4290,4291
8524,4288,4289,4290
8525,4290,4350,4291
8526,4294,4446,4297
8527,4293,4305,4306
8528,4293,4306,4297
8529,4293,4297,4446
8530,4294,4296,4447
8531,4295,4447,4296
8532,4294,4298,4296
8533,4292,4297,4306
8534,4292,4298,4297
8535,4294,4297,4298
8536,4299,4301,4305
8537,4300,4324,4303
8538,4299,4300,4303
8539,4299,4303,4301
8540,4301,4304,4302
8541,4301,4302,4306
8542,4292,4306,4302
8543,4301,4303,4304
8544,4303,4325,4304
8545,4301,4306,4305
8546,4308,4386,4309
8547,4307,4308,4313
8548,4308,4309,4313
8549,4309,4371,4315
8550,4295,4312,4311
8551,4155,4295,4311
8552,4295,4296,4310
8553,4295,4310,4312
8554,4298,4307,4313
8555,4296,4298,4313
8556,4296,4313,4310
8557,4292,4307,4298
8558,4312,4316,4314
8559,4310,4315,4312
8560,4312,4315,4316
8561,4160,4314,4383
8562,4314,4316,4384
8563,4315,4372,4316
8564,4311,4312,4314
8565,4160,4311,4314
8566,4309,4310,4313
8567,4309,4315,4310
8568,4288,4317,4302
8569,4292,4302,4317
8570,4292,4317,4307
8571,4288,4302,4304
8572,4307,4317,4318
8573,4307,4318,4308
8574,4288,4291,4317
8575,4291,4318,4317
8576,4308,4318,4349
8577,4319,4326,4333
8578,4321,4322,4345
8579,4322,4324,4345
8580,4321,4326,4322
8581,4320,4331,4326
8582,4320,4326,4321
8583,4322,4323,4324
8584,4323,4325,4324
8585,4319,4322,4326
8586,4319,4323,4322
8587,4327,4334,4332
8588,4328,4332,4331
8589,4320,4328,4331
8590,4327,4332,4328
8591,3995,4334,4327
8592,4330,4332,4334
8593,3998,4330,4334
8594,4329,4332,4330
8595,4329,4331,4332
8596,4326,4331,4333
8597,4329,4333,4331
8598,4319,4333,4342
8599,4319,4342,4335
8600,4337,4416,4339
8601,4336,4342,4344
8602,4336,4344,4415
8603,4336,4414,4337
8604,4335,4336,4337
8605,4335,4337,4338
8606,4335,4342,4336
8607,4323,4335,4338
8608,4323,4338,4325
8609,4289,4325,4338
8610,4319,4335,4323
8611,4289,4338,4339
8612,4289,4339,4290
8613,4337,4339,4338
8614,4290,4339,4413
8615,4329,4330,4340
8616,4329,4341,4333
8617,4333,4341,4342
8618,4329,4340,4341
8619,4002,4340,4330
8620,4340,4343,4341
8621,4341,4343,4344
8622,4341,4344,4342
8623,4035,4344,4343
8624,4300,4345,4324
8625,4346,4381,4354
8626,4356,4419,4420
8627,4347,4356,4420
8628,4318,4348,4349
8629,4349,4353,4386
8630,4352,4386,4353
8631,4348,4355,4349
8632,4349,4355,4353
8633,4290,4413,4350
8634,4348,4350,4356
8635,4348,4356,4355
8636,4350,4419,4356
8637,4291,4350,4348
8638,4353,4355,4357
8639,4351,4353,4357
8640,4351,4352,4353
8641,4352,4354,4381
8642,4351,4354,4352
8643,4347,4355,4356
8644,4347,4357,4355
8645,4346,4359,4382
8646,4346,4368,4359
8647,4358,4382,4359
8648,4358,4362,4389
8649,4361,4389,4362
8650,4358,4359,4360
8651,4358,4360,4362
8652,4347,4364,4357
8653,4347,4420,4422
8654,4357,4364,4363
8655,4347,4422,4364
8656,4365,4369,4367
8657,4364,4424,4366
8658,4363,4366,4367
8659,4363,4367,4369
8660,4363,4364,4366
8661,4351,4369,4354
8662,4354,4369,4368
8663,4351,4363,4369
8664,4346,4354,4368
8665,4351,4357,4363
8666,4359,4368,4370
8667,4359,4370,4360
8668,4365,4368,4369
8669,4365,4370,4368
8670,4375,4384,4385
8671,4374,4384,4375
8672,4372,4380,4385
8673,4376,4385,4380
8674,4375,4385,4376
8675,4309,4386,4371
8676,4371,4381,4372
8677,4372,4381,4380
8678,4352,4371,4386
8679,4352,4381,4371
8680,4315,4371,4372
8681,4373,4376,4382
8682,4195,4374,4377
8683,4374,4375,4378
8684,4375,4376,4379
8685,4375,4379,4378
8686,4374,4378,4377
8687,4373,4379,4376
8688,4376,4380,4382
8689,4346,4380,4381
8690,4346,4382,4380
8691,4314,4384,4383
8692,4316,4385,4384
8693,4316,4372,4385
8694,4374,4383,4384
8695,4195,4383,4374
8696,4308,4349,4386
8697,4373,4390,4379
8698,4378,4388,4387
8699,4379,4390,4388
8700,4373,4389,4390
8701,4377,4378,4387
8702,4378,4379,4388
8703,4210,4377,4387
8704,4358,4373,4382
8705,4358,4389,4373
8706,4388,4392,4391
8707,4387,4388,4391
8708,4221,4387,4391
8709,4388,4390,4392
8710,4389,4393,4390
8711,4390,4393,4392
8712,4361,4393,4389
8713,4339,4416,4413
8714,4413,4417,4419
8715,4413,4416,4417
8716,4337,4414,4416
8717,4336,4415,4414
8718,4414,4421,4416
8719,4416,4421,4417
8720,4018,4414,4415
8721,4018,4421,4414
8722,4417,4418,4419
8723,4418,4420,4419
8724,4020,4417,4421
8725,4020,4418,4417
8726,4350,4413,4419
8727,4035,4415,4344
8728,4418,4423,4420
8729,4420,4423,4422
8730,4047,4423,4418
8731,4020,4047,4418
8732,4049,4422,4423
8733,4049,4424,4422
8734,4364,4422,4424
8735,4294,4445,4446
8736,4294,4447,4445
8737,4250,4445,4447
8738,4155,4250,4447
8739,4155,4447,4295
8740,3922,4506,4499
8741,4498,4499,4506
8742,4497,4498,4506
8743,4498,4518,4499
8744,3908,3922,4499
8745,3908,4500,3909
8746,3908,4499,4500
8747,3909,4501,3910
8748,3909,4500,4501
8749,3910,4501,4502
8750,4499,4518,4500
8751,4500,4519,4501
8752,4500,4518,4519
8753,4501,4519,4520
8754,4501,4520,4502
8755,4502,4521,4529
8756,4502,4520,4521
8757,3916,4503,4504
8758,3917,4504,4505
8759,3918,4505,4506
8760,4503,4507,4504
8761,4504,4507,4508
8762,4504,4508,4505
8763,4497,4505,4508
8764,4497,4506,4505
8765,4497,4508,4510
8766,4508,4509,4510
8767,4497,4510,4514
8768,4497,4514,4498
8769,4498,4515,4518
8770,4498,4514,4515
8771,4515,4522,4518
8772,4509,4512,4510
8773,4509,4511,4512
8774,4510,4512,4513
8775,4510,4513,4514
8776,4511,4557,4512
8777,4512,4557,4558
8778,4511,4556,4557
8779,4512,4558,4513
8780,4513,4558,4564
8781,4514,4516,4515
8782,4515,4517,4522
8783,4513,4516,4514
8784,4513,4564,4516
8785,4515,4516,4517
8786,4516,4565,4517
8787,4517,4563,4525
8788,4518,4522,4519
8789,4519,4522,4523
8790,4519,4523,4520
8791,4521,4527,4539
8792,4520,4526,4521
8793,4520,4523,4526
8794,4523,4525,4524
8795,4523,4524,4526
8796,4524,4586,4526
8797,4517,4525,4522
8798,4522,4525,4523
8799,4521,4526,4527
8800,4527,4528,4539
8801,4526,4586,4527
8802,4527,4586,4587
8803,4527,4587,4528
8804,4528,4587,4687
8805,4507,4509,4508
8806,3910,4502,3941
8807,3941,4529,3943
8808,3941,4502,4529
8809,3943,4529,4530
8810,3942,4531,3949
8811,3942,3943,4530
8812,3942,4530,4531
8813,3949,4531,4532
8814,4530,4540,4531
8815,4529,4539,4530
8816,4521,4539,4529
8817,4531,4541,4532
8818,4532,4538,4534
8819,3948,3950,4534
8820,3948,4534,4535
8821,4533,4536,4773
8822,3948,4535,4533
8823,4536,4537,4773
8824,4533,4535,4536
8825,3949,4532,3950
8826,3950,4532,4534
8827,4534,4546,4535
8828,4535,4547,4536
8829,4536,4548,4537
8830,4538,4542,4546
8831,4530,4539,4540
8832,4528,4540,4539
8833,4540,4544,4541
8834,4531,4540,4541
8835,4532,4541,4538
8836,4538,4541,4545
8837,4538,4545,4542
8838,4542,4543,4546
8839,4542,4545,4683
8840,4542,4684,4543
8841,4528,4544,4540
8842,4541,4544,4545
8843,4528,4687,4544
8844,4544,4689,4545
8845,4534,4538,4546
8846,4535,4546,4547
8847,4536,4547,4548
8848,4537,4548,4549
8849,4543,4550,4547
8850,4547,4550,4548
8851,4543,4547,4546
8852,4548,4550,4551
8853,4548,4551,4549
8854,3993,4549,4551
8855,4556,4560,4557
8856,4556,4559,4560
8857,4557,4561,4558
8858,4557,4560,4561
8859,4558,4561,4562
8860,4558,4562,4564
8861,4561,4568,4569
8862,4562,4569,4576
8863,4559,4571,4560
8864,4559,4570,4571
8865,4560,4568,4561
8866,4560,4571,4568
8867,4561,4569,4562
8868,4563,4565,4567
8869,4516,4564,4565
8870,4562,4566,4564
8871,4564,4566,4565
8872,4517,4565,4563
8873,4562,4576,4566
8874,4565,4566,4567
8875,4563,4567,4584
8876,4566,4577,4567
8877,4567,4578,4584
8878,4570,4573,4571
8879,4570,4572,4573
8880,4568,4571,4574
8881,4571,4573,4574
8882,4568,4575,4569
8883,4568,4574,4575
8884,4569,4579,4576
8885,4569,4575,4579
8886,4572,4607,4573
8887,4573,4609,4574
8888,4574,4608,4575
8889,4575,4615,4579
8890,4566,4576,4577
8891,4576,4579,4580
8892,4576,4580,4577
8893,4567,4577,4578
8894,4577,4581,4578
8895,4579,4616,4580
8896,4578,4581,4600
8897,4577,4580,4581
8898,4580,4617,4581
8899,4581,4618,4600
8900,4525,4563,4582
8901,4524,4525,4582
8902,4524,4583,4586
8903,4524,4582,4583
8904,4563,4584,4582
8905,4582,4584,4585
8906,4582,4585,4583
8907,4583,4585,4589
8908,4586,4588,4587
8909,4583,4588,4586
8910,4587,4588,4590
8911,4587,4590,4687
8912,4583,4589,4588
8913,4588,4589,4602
8914,4588,4602,4590
8915,4590,4603,4690
8916,4590,4602,4603
8917,4603,4709,4690
8918,4594,4595,4709
8919,4592,4593,4605
8920,4593,4594,4605
8921,4594,4596,4595
8922,4593,4596,4594
8923,4595,4596,4597
8924,4584,4598,4585
8925,4578,4598,4584
8926,4578,4600,4598
8927,4585,4598,4599
8928,4585,4599,4589
8929,4598,4600,4601
8930,4598,4601,4599
8931,4591,4599,4601
8932,4589,4604,4602
8933,4589,4599,4604
8934,4602,4604,4605
8935,4602,4605,4603
8936,4594,4709,4603
8937,4594,4603,4605
8938,4591,4604,4599
8939,4592,4605,4604
8940,4591,4592,4604
8941,4621,4626,4642
8942,4572,4606,4607
8943,4573,4607,4609
8944,4606,4610,4607
8945,4607,4611,4609
8946,4574,4609,4608
8947,4575,4608,4615
8948,4608,4609,4613
8949,4608,4614,4615
8950,4607,4610,4611
8951,4606,4612,4610
8952,4610,4612,4632
8953,4610,4633,4611
8954,4609,4611,4613
8955,4608,4613,4614
8956,4611,4634,4613
8957,4613,4635,4614
8958,4579,4615,4616
8959,4580,4616,4617
8960,4615,4619,4616
8961,4616,4620,4617
8962,4581,4617,4618
8963,4617,4621,4618
8964,4614,4619,4615
8965,4616,4619,4620
8966,4614,4639,4619
8967,4619,4624,4620
8968,4617,4620,4621
8969,4618,4621,4642
8970,4620,4625,4621
8971,4627,4639,4635
8972,4624,4639,4628
8973,4620,4624,4625
8974,4621,4625,4626
8975,4624,4629,4625
8976,4625,4630,4626
8977,4623,4627,4635
8978,4627,4628,4639
8979,4624,4628,4629
8980,4625,4629,4630
8981,4626,4630,4662
8982,4612,4631,4632
8983,4610,4632,4633
8984,4631,4637,4632
8985,4632,4638,4633
8986,4611,4633,4634
8987,4613,4634,4635
8988,4622,4634,4633
8989,4623,4635,4634
8990,4631,4636,4637
8991,4632,4637,4638
8992,4622,4633,4638
8993,4622,4623,4634
8994,4614,4635,4639
8995,4619,4639,4624
8996,4591,4641,4647
8997,4642,4643,4656
8998,4641,4656,4643
8999,4641,4643,4644
9000,4641,4644,4647
9001,4644,4645,4647
9002,4591,4647,4592
9003,4592,4646,4593
9004,4592,4647,4646
9005,4593,4646,4648
9006,4593,4648,4596
9007,4596,4649,4597
9008,4597,4650,4698
9009,4596,4648,4649
9010,4597,4649,4650
9011,4645,4646,4647
9012,4645,4651,4646
9013,4646,4651,4648
9014,4648,4652,4649
9015,4648,4651,4652
9016,4650,4653,4654
9017,4650,4654,4716
9018,4654,4655,4716
9019,4649,4653,4650
9020,4649,4652,4653
9021,4600,4618,4656
9022,4600,4656,4601
9023,4618,4642,4656
9024,4601,4656,4641
9025,4591,4601,4641
9026,4626,4657,4642
9027,4642,4657,4643
9028,4643,4657,4659
9029,4626,4662,4657
9030,4657,4663,4659
9031,4643,4659,4644
9032,4644,4659,4660
9033,4644,4660,4645
9034,4645,4660,4658
9035,4658,4660,4664
9036,4658,4665,4666
9037,4659,4661,4660
9038,4657,4662,4663
9039,4659,4663,4661
9040,4660,4661,4664
9041,4658,4664,4665
9042,4651,4666,4652
9043,4651,4658,4666
9044,4652,4667,4653
9045,4652,4666,4667
9046,4653,4667,4669
9047,4645,4658,4651
9048,4666,4672,4667
9049,4667,4673,4669
9050,4653,4669,4654
9051,4654,4669,4668
9052,4654,4668,4655
9053,4655,4668,4670
9054,4668,4669,4674
9055,4668,4675,4670
9056,4670,4671,4728
9057,4665,4672,4666
9058,4667,4672,4673
9059,4669,4673,4674
9060,4668,4674,4675
9061,4670,4675,4671
9062,4545,4689,4683
9063,4682,4683,4689
9064,4681,4682,4689
9065,4691,4692,4694
9066,4681,4691,4694
9067,4681,4694,4693
9068,4681,4693,4682
9069,4684,4685,4710
9070,4542,4683,4684
9071,4682,4686,4683
9072,4683,4686,4684
9073,4543,4684,4710
9074,4685,4686,4701
9075,4682,4702,4686
9076,4682,4693,4702
9077,4686,4702,4701
9078,4684,4686,4685
9079,4544,4687,4688
9080,4687,4690,4688
9081,4590,4690,4687
9082,4688,4690,4691
9083,4681,4688,4691
9084,4544,4688,4689
9085,4681,4689,4688
9086,4690,4709,4691
9087,4691,4709,4692
9088,4595,4692,4709
9089,4692,4696,4694
9090,4595,4695,4692
9091,4692,4695,4696
9092,4693,4694,4699
9093,4694,4696,4699
9094,4693,4699,4703
9095,4595,4597,4695
9096,4695,4697,4696
9097,4597,4698,4695
9098,4695,4698,4697
9099,4696,4700,4699
9100,4699,4705,4703
9101,4696,4697,4700
9102,4699,4700,4705
9103,4701,4702,4704
9104,4702,4703,4704
9105,4685,4701,4713
9106,4701,4707,4713
9107,4701,4704,4707
9108,4693,4703,4702
9109,4703,4706,4704
9110,4703,4705,4706
9111,4704,4706,4708
9112,4704,4708,4707
9113,4024,4707,4708
9114,4543,4710,4550
9115,4550,4710,4711
9116,4710,4712,4711
9117,4550,4711,4551
9118,3994,4551,4711
9119,4685,4712,4710
9120,4685,4713,4712
9121,3992,4711,4712
9122,3992,3994,4711
9123,3992,4712,3999
9124,3993,4551,3994
9125,3999,4712,4713
9126,4000,4713,4707
9127,3999,4713,4000
9128,4000,4707,4024
9129,4700,4715,4705
9130,4700,4714,4715
9131,4697,4698,4717
9132,4698,4716,4717
9133,4697,4717,4714
9134,4650,4716,4698
9135,4697,4714,4700
9136,4717,4720,4718
9137,4715,4719,4723
9138,4714,4717,4718
9139,4714,4718,4719
9140,4714,4719,4715
9141,4716,4720,4717
9142,4655,4720,4716
9143,4705,4721,4706
9144,4706,4721,4722
9145,4705,4715,4721
9146,4706,4722,4708
9147,4008,4024,4708
9148,4008,4708,4722
9149,4715,4723,4721
9150,4009,4722,4721
9151,4009,4721,4723
9152,4718,4720,4725
9153,4720,4724,4725
9154,4670,4728,4724
9155,4724,4727,4725
9156,4719,4726,4730
9157,4718,4726,4719
9158,4718,4725,4726
9159,4725,4729,4726
9160,4011,4730,4726
9161,4655,4724,4720
9162,4655,4670,4724
9163,4724,4728,4727
9164,4725,4727,4729
9165,4011,4726,4729
9166,4719,4730,4723
9167,4012,4723,4730
9168,4009,4723,4012
9169,4537,4774,4773
9170,4122,4774,4537
9171,4122,4537,4549
9172,4913,5009,5007
9173,4892,4911,4989
9174,4911,4913,5007
9175,4893,4898,4986
9176,4893,4894,4897
9177,4894,4896,4899
9178,4895,5055,5053
9179,4895,4900,4896
9180,4894,4899,4897
9181,4893,4897,4898
9182,4892,4986,4898
9183,4896,4900,4899
9184,4895,5053,4900
9185,4903,5032,5033
9186,4904,5033,4908
9187,4902,5032,4903
9188,4903,5033,4904
9189,4906,4907,4916
9190,4907,4912,4917
9191,4902,4906,4905
9192,4901,4902,4905
9193,4902,4903,4906
9194,4903,4904,4907
9195,4903,4907,4906
9196,4904,4912,4907
9197,4905,4906,4915
9198,4911,4927,4926
9199,4913,4914,5009
9200,4908,4909,4910
9201,4909,5009,4914
9202,4904,4908,4910
9203,4892,4927,4911
9204,4909,4920,4910
9205,4909,4914,4920
9206,4910,4921,4912
9207,4904,4910,4912
9208,4911,4926,4913
9209,4906,4916,4915
9210,4907,4917,4916
9211,4915,4916,4918
9212,4916,4917,4919
9213,4916,4919,4918
9214,4918,4919,5064
9215,4913,4922,4914
9216,4914,5068,4920
9217,4913,4926,4922
9218,4912,4921,5067
9219,4917,5067,5069
9220,4917,5069,4919
9221,4914,4922,5068
9222,4920,5058,4921
9223,4910,4920,4921
9224,4912,5067,4917
9225,4900,5053,4925
9226,4899,4924,4923
9227,4900,4925,4924
9228,4923,5074,4928
9229,4928,5074,5073
9230,4925,5122,5077
9231,4923,4924,5076
9232,4924,4925,5077
9233,4923,5076,5074
9234,4924,5077,5076
9235,4897,4899,4923
9236,4897,4928,4898
9237,4898,4928,4927
9238,4897,4923,4928
9239,4892,4898,4927
9240,4899,4900,4924
9241,4927,4928,5073
9242,4926,4927,5073
9243,4922,4926,5075
9244,4929,4993,4976
9245,4930,4970,4932
9246,4932,4970,4974
9247,4931,4974,4981
9248,4931,4932,4974
9249,4929,4930,4994
9250,4930,4932,4995
9251,4931,4996,4932
9252,4935,4937,4950
9253,4935,4955,4958
9254,4935,4959,4937
9255,4935,4958,4959
9256,4936,4954,4937
9257,4933,4954,4936
9258,4933,4938,4934
9259,4933,4936,4938
9260,4936,4961,4938
9261,4936,4960,4961
9262,4936,4937,4960
9263,4937,4959,4960
9264,4940,4956,4953
9265,4934,4940,4953
9266,4939,4956,4941
9267,4940,4941,4956
9268,4939,4941,4945
9269,4939,4945,4942
9270,4940,4943,4944
9271,4941,4944,4946
9272,4934,4943,4940
9273,4934,4938,4943
9274,4940,4944,4941
9275,4938,4971,4943
9276,4938,4961,4971
9277,4943,4966,4944
9278,4943,4971,4966
9279,4941,4946,4945
9280,4944,4969,4946
9281,4947,4950,4948
9282,4948,4954,4951
9283,4947,4949,4950
9284,4935,4950,4949
9285,4948,4950,4954
9286,4937,4954,4950
9287,4933,4952,4951
9288,4934,4953,4952
9289,4933,4951,4954
9290,4933,4934,4952
9291,4935,4949,4955
9292,4962,4964,4963
9293,4957,4963,4965
9294,4958,4962,4959
9295,3590,4964,4962
9296,4959,4962,4963
9297,4959,4963,4960
9298,4957,4961,4960
9299,4957,4960,4963
9300,3591,4990,4964
9301,4963,4964,4965
9302,4964,4990,4965
9303,4944,4966,4969
9304,4966,4971,4968
9305,4957,4967,4961
9306,4957,4972,4967
9307,4966,4968,4970
9308,4967,4968,4971
9309,4966,4970,4969
9310,4961,4967,4971
9311,4967,4972,4973
9312,4968,4973,4974
9313,4957,4965,4972
9314,4967,4973,4968
9315,4965,4991,4972
9316,4965,4990,4991
9317,4972,4978,4973
9318,4972,4991,4978
9319,4973,4978,4981
9320,4968,4974,4970
9321,4973,4981,4974
9322,4942,4945,4975
9323,4945,4946,4976
9324,4929,4946,4969
9325,4945,4976,4975
9326,4929,4976,4946
9327,4975,4976,4992
9328,4930,4969,4970
9329,4929,4969,4930
9330,3595,4984,4979
9331,3595,4977,4984
9332,4978,4991,4980
9333,4979,4980,4991
9334,4978,4980,4982
9335,4979,4984,4980
9336,4978,4982,4981
9337,4980,4985,4982
9338,4977,4983,4984
9339,4980,4984,4985
9340,4983,4985,4984
9341,4988,4989,5007
9342,4982,4988,4987
9343,4981,4982,4987
9344,4931,4981,4987
9345,4983,4989,4985
9346,4985,4989,4988
9347,4982,4985,4988
9348,4931,4987,5005
9349,4987,4988,5006
9350,4892,4989,4983
9351,4892,4983,4986
9352,3592,3595,4979
9353,3592,4979,4990
9354,4979,4991,4990
9355,4976,4993,4992
9356,4929,4994,4993
9357,4992,4993,4998
9358,4993,4994,4997
9359,4993,4997,4998
9360,4995,5001,4999
9361,4995,4996,5001
9362,4996,5005,5000
9363,4996,5000,5001
9364,4930,4995,4994
9365,4932,4996,4995
9366,4931,5005,4996
9367,4994,4995,4999
9368,4994,4999,4997
9369,4997,5030,4998
9370,4997,5031,5030
9371,4997,4999,5031
9372,4999,5001,5032
9373,5000,5033,5001
9374,4999,5032,5031
9375,5001,5033,5032
9376,4908,5033,5000
9377,4988,5007,5006
9378,5006,5009,5008
9379,5005,5006,5008
9380,5006,5007,5009
9381,5000,5005,5008
9382,4911,5007,4989
9383,4987,5006,5005
9384,4908,5000,5008
9385,4909,5008,5009
9386,4908,5008,4909
9387,4901,5030,5031
9388,4902,5031,5032
9389,4901,5031,4902
9390,5047,5052,5055
9391,5047,5050,5051
9392,5049,5054,5050
9393,3749,5049,5048
9394,5052,5053,5055
9395,5047,5051,5052
9396,5050,5054,5051
9397,3749,5054,5049
9398,5051,5057,5052
9399,5052,5057,5056
9400,3763,5057,5051
9401,5052,5056,5053
9402,4925,5053,5056
9403,3763,5051,5054
9404,3791,5056,5057
9405,4925,5056,5122
9406,3791,5122,5056
9407,5059,5067,5060
9408,5058,5068,5081
9409,5061,5065,5070
9410,5063,5070,5069
9411,5061,5062,5065
9412,5058,5078,5060
9413,5059,5063,5069
9414,5061,5070,5063
9415,5059,5060,5100
9416,5059,5087,5063
9417,5060,5078,5100
9418,4919,5070,5064
9419,5064,5070,5065
9420,4919,5069,5070
9421,4921,5060,5067
9422,4920,5068,5058
9423,4921,5058,5060
9424,5059,5069,5067
9425,4926,5073,5075
9426,4922,5080,5068
9427,5068,5080,5081
9428,5073,5079,5075
9429,4922,5075,5080
9430,5073,5074,5079
9431,5074,5076,5082
9432,5076,5077,5083
9433,3770,5077,5122
9434,5074,5082,5079
9435,5075,5079,5102
9436,5080,5101,5081
9437,5080,5102,5101
9438,5058,5081,5078
9439,5075,5102,5080
9440,5076,5083,5082
9441,3770,5083,5077
9442,5059,5100,5087
9443,5061,5086,5085
9444,5063,5087,5086
9445,5084,5085,5089
9446,5085,5086,5090
9447,5061,5085,5062
9448,5062,5085,5084
9449,5061,5063,5086
9450,5084,5089,5088
9451,3776,5086,5087
9452,5085,5090,5089
9453,3776,5090,5086
9454,4069,5088,5089
9455,5078,5081,5103
9456,3774,5100,5078
9457,5081,5101,5103
9458,3771,5079,5082
9459,3771,5102,5079
9460,3774,5078,5103
9461,3777,5087,5100
9462,3775,5101,5102
9463,3778,5103,5101
9464,3771,3775,5102
9465,3774,3777,5100
9466,3776,5087,3777
9467,723,217,224
9468,734,723,224
9469,736,723,734
9470,736,734,731
9471,217,723,734
9472,736,734,723
9473,734,224,217
9474,736,731,734
9475,2230,2235,2231
9476,2231,2235,2234
9477,2234,2235,2239
9478,2234,2239,2237
9479,2237,2239,2238
9480,2230,2907,3048
9481,2907,2924,3053
9482,2924,2938,3063
9483,2907,3053,3048
9484,2924,3063,3053
9485,3048,3053,3065
9486,3053,3066,3065
9487,3053,3063,3066
9488,3063,3076,3066
9489,2938,3064,3063
9490,2938,2987,3064
9491,2987,3085,3064
9492,3063,3064,3076
9493,3064,3077,3076
9494,3064,3085,3077
9495,3065,3066,3068
9496,3066,3076,3074
9497,3066,3074,3068
9498,3068,3074,3209
9499,3074,3076,3078
9500,3076,3077,3078
9501,3077,3085,3097
9502,3077,3097,3079
9503,3077,3079,3078
9504,3079,3097,3237
9505,2987,2993,3085
9506,2993,3088,3086
9507,2993,3086,3085
9508,3085,3086,3097
9509,3086,3095,3098
9510,3086,3088,3095
9511,3088,3091,3095
9512,3091,3175,3096
9513,3091,3096,3095
9514,3086,3098,3097
9515,3097,3098,3237
9516,3098,3099,3238
9517,3098,3238,3237
9518,3095,3099,3098
9519,3095,3096,3099
9520,3096,3181,3100
9521,3096,3100,3099
9522,3099,3100,3241
9523,3099,3241,3238
9524,2234,3181,3175
9525,3096,3175,3181
9526,2234,3183,3191
9527,2234,3191,3181
9528,3100,3181,3186
9529,3100,3287,3241
9530,3100,3186,3287
9531,3181,3191,3186
9532,3186,3289,3287
9533,3183,3187,3192
9534,3183,3192,3191
9535,3187,3197,3200
9536,3187,3200,3192
9537,3186,3191,3201
9538,3191,3192,3201
9539,3186,3201,3289
9540,3192,3482,3201
9541,3192,3200,3482
9542,3201,3622,3289
9543,3074,3215,3209
9544,3074,3078,3215
9545,3078,3217,3215
9546,3209,3215,3221
9547,3215,3224,3221
9548,3215,3217,3224
9549,3078,3079,3217
9550,3079,3218,3217
9551,3079,3237,3218
9552,3218,3237,3239
9553,3217,3218,3232
9554,3218,3239,3233
9555,3221,3224,3225
9556,3217,3232,3224
9557,3224,3232,3229
9558,3224,3229,3225
9559,3229,3232,3249
9560,3218,3233,3232
9561,3233,3239,3242
9562,3232,3233,3249
9563,3233,3250,3249
9564,3233,3242,3250
9565,3237,3238,3239
9566,3238,3241,3240
9567,3238,3240,3239
9568,3240,3241,3286
9569,3239,3240,3242
9570,3240,3243,3242
9571,3242,3263,3250
9572,3240,3286,3243
9573,3242,3243,3263
9574,3225,3229,3245
9575,3229,3247,3245
9576,3229,3249,3247
9577,3247,3249,3251
9578,3245,3247,3253
9579,3247,3251,3254
9580,3249,3250,3251
9581,3250,3262,3251
9582,3247,3254,3253
9583,2235,3253,3254
9584,2235,3254,3264
9585,3251,3264,3254
9586,2235,3264,3265
9587,3250,3263,3262
9588,3251,3262,3264
9589,3262,3263,3292
9590,3262,3292,3294
9591,3262,3294,3264
9592,3264,3294,3265
9593,3241,3287,3286
9594,3286,3287,3290
9595,3243,3286,3288
9596,3243,3293,3263
9597,3243,3288,3293
9598,3286,3290,3288
9599,3288,3299,3293
9600,3287,3289,3290
9601,3289,3622,3623
9602,3289,3623,3290
9603,3288,3290,3291
9604,3288,3291,3299
9605,3290,3623,3291
9606,3291,3633,3299
9607,3263,3293,3292
9608,3292,3293,3300
9609,3292,3300,3295
9610,3292,3295,3294
9611,3265,3294,3296
9612,3294,3295,3296
9613,3293,3299,3300
9614,3299,3633,3634
9615,3299,3634,3300
9616,3300,3634,3301
9617,3295,3300,3301
9618,3295,3302,3296
9619,3295,3301,3302
9620,3301,3636,3302
9621,3197,3466,3481
9622,3197,3481,3200
9623,3466,3483,3481
9624,3466,3476,3483
9625,3476,3489,3503
9626,3476,3503,3483
9627,3200,3484,3482
9628,3200,3481,3484
9629,3201,3482,3622
9630,3482,3484,3624
9631,3481,3483,3485
9632,3481,3485,3484
9633,3484,3485,3627
9634,3489,3505,3503
9635,3489,3497,3505
9636,3483,3503,3504
9637,3483,3504,3485
9638,3485,3504,3629
9639,3503,3505,3506
9640,3497,3548,3505
9641,3503,3506,3504
9642,3505,3549,3506
9643,3504,3506,3649
9644,2237,3548,3497
9645,2237,3535,3550
9646,3535,3541,3551
9647,3541,3542,3552
9648,3505,3548,3549
9649,2237,3550,3548
9650,3548,3550,3553
9651,3548,3553,3549
9652,3535,3551,3550
9653,3541,3552,3551
9654,3542,3596,3552
9655,3550,3551,3553
9656,3551,3552,3554
9657,3551,3554,3553
9658,3552,3599,3554
9659,3542,3559,3596
9660,3559,3564,3597
9661,3559,3597,3596
9662,3564,3598,3597
9663,3564,3566,3598
9664,3566,3602,3598
9665,3552,3596,3599
9666,3596,3597,3600
9667,3596,3600,3599
9668,3597,3598,3601
9669,3597,3601,3600
9670,3598,3605,3601
9671,3566,3575,3602
9672,3575,3584,3603
9673,3575,3603,3602
9674,2238,3603,3584
9675,2238,3606,3603
9676,3598,3602,3605
9677,3602,3603,3606
9678,3602,3606,3605
9679,2238,3662,3606
9680,3482,3624,3622
9681,3622,3625,3623
9682,3622,3624,3625
9683,3484,3627,3624
9684,3624,3628,3625
9685,3291,3623,3626
9686,3291,3626,3633
9687,3623,3625,3626
9688,3625,3631,3626
9689,3626,3640,3633
9690,3485,3629,3627
9691,3624,3627,3628
9692,3627,3630,3628
9693,3504,3649,3629
9694,3627,3629,3630
9695,3629,3651,3630
9696,3629,3649,3651
9697,3625,3628,3631
9698,3626,3631,3640
9699,3628,3630,3632
9700,3628,3632,3631
9701,3631,3676,3640
9702,3631,3632,3676
9703,3633,3635,3634
9704,3633,3640,3635
9705,3634,3635,3638
9706,3301,3634,3638
9707,3301,3638,3636
9708,3636,3638,3642
9709,3635,3640,3641
9710,3635,3641,3644
9711,3640,3676,3641
9712,3635,3644,3638
9713,3638,3644,3642
9714,3641,3680,3644
9715,3642,3644,3681
9716,3506,3549,3650
9717,3506,3650,3649
9718,3649,3650,3654
9719,3649,3654,3651
9720,3549,3553,3652
9721,3549,3652,3650
9722,3553,3554,3652
9723,3554,3656,3652
9724,3650,3663,3654
9725,3650,3652,3663
9726,3630,3651,3653
9727,3630,3653,3632
9728,3651,3655,3653
9729,3632,3677,3676
9730,3632,3653,3677
9731,3651,3654,3655
9732,3654,3666,3655
9733,3653,3655,3678
9734,3653,3678,3677
9735,3554,3599,3656
9736,3599,3600,3657
9737,3599,3657,3656
9738,3600,3601,3658
9739,3600,3658,3657
9740,3601,3659,3658
9741,3652,3656,3663
9742,3656,3657,3664
9743,3656,3664,3663
9744,3657,3658,3665
9745,3657,3665,3664
9746,3658,3668,3665
9747,3601,3605,3659
9748,3605,3606,3660
9749,3605,3660,3659
9750,3606,3662,3660
9751,3658,3659,3668
9752,3659,3660,3669
9753,3659,3669,3668
9754,3660,3670,3669
9755,3660,3662,3670
9756,3654,3663,3666
9757,3663,3664,3666
9758,3664,3667,3666
9759,3664,3665,3667
9760,3665,3672,3667
9761,3655,3666,3684
9762,3666,3667,3684
9763,3665,3668,3672
9764,3668,3669,3673
9765,3669,3670,3674
9766,3668,3673,3672
9767,3667,3672,3686
9768,3672,3673,3687
9769,3669,3674,3673
9770,3673,3674,3688
9771,3676,3677,3679
9772,3641,3676,3679
9773,3641,3679,3680
9774,3677,3678,3685
9775,3677,3685,3679
9776,3644,3680,3681
9777,3679,3694,3680
9778,3680,3695,3681
9779,3680,3694,3695
9780,3655,3684,3678
9781,3667,3686,3684
9782,3678,3684,3690
9783,3679,3685,3694
9784,3678,3690,3685
9785,3672,3687,3686
9786,3684,3686,3690
9787,3686,3687,3691
9788,3673,3688,3687
9789,3687,3688,3692
9790,3686,3691,3690
9791,3687,3692,3691
9792,3685,3697,3694
9793,2239,3695,3694
9794,3685,3690,3697
9795,3690,3691,3697
9796,3691,3698,3697
9797,3691,3692,3698
9798,2239,3694,3697
9799,2239,3697,3698
9800,12,13,202
9801,12,202,203
9802,12,203,212
9803,203,214,212
9804,212,214,223
9805,212,223,226
9806,214,224,223
9807,12,18,19
9808,12,19,20
9809,18,230,19
9810,12,20,21
9811,19,230,232
9812,19,232,20
9813,12,21,22
9814,20,232,241
9815,12,22,23
9816,20,241,21
9817,12,23,24
9818,21,241,245
9819,21,245,22
9820,12,24,13
9821,22,245,253
9822,22,253,23
9823,23,253,289
9824,23,289,24
9825,24,289,296
9826,24,296,25
9827,13,24,25
9828,25,296,309
9829,13,25,26
9830,25,309,26
9831,12,227,18
9832,18,227,231
9833,12,228,227
9834,18,231,230
9835,227,235,231
9836,230,233,232
9837,230,234,233
9838,230,231,234
9839,232,233,242
9840,231,235,244
9841,231,244,234
9842,227,228,237
9843,227,237,235
9844,235,237,265
9845,228,238,237
9846,237,238,266
9847,232,242,241
9848,233,243,242
9849,233,249,243
9850,233,234,249
9851,235,251,244
9852,234,250,249
9853,234,244,250
9854,241,242,246
9855,242,243,247
9856,241,246,245
9857,242,247,246
9858,243,249,256
9859,243,248,247
9860,243,256,248
9861,249,257,256
9862,249,250,257
9863,244,251,252
9864,235,265,251
9865,244,252,250
9866,251,262,252
9867,245,246,254
9868,246,247,255
9869,247,248,258
9870,245,254,253
9871,246,255,254
9872,247,258,255
9873,248,259,258
9874,248,256,260
9875,248,260,259
9876,256,257,263
9877,253,254,290
9878,254,255,291
9879,255,258,292
9880,258,259,293
9881,253,290,289
9882,254,291,290
9883,255,292,291
9884,258,293,292
9885,259,294,293
9886,259,295,294
9887,256,263,260
9888,259,260,295
9889,250,261,257
9890,250,252,261
9891,252,264,261
9892,252,262,264
9893,257,304,263
9894,257,261,304
9895,262,267,264
9896,261,264,306
9897,261,306,304
9898,237,266,265
9899,251,265,268
9900,251,268,262
9901,265,275,268
9902,265,266,275
9903,262,268,269
9904,262,269,267
9905,264,267,456
9906,268,276,269
9907,238,274,266
9908,266,274,277
9909,266,277,275
9910,268,275,276
9911,275,280,276
9912,275,277,280
9913,274,279,277
9914,277,279,281
9915,277,281,280
9916,279,689,281
9917,289,290,297
9918,290,291,298
9919,291,292,299
9920,292,293,300
9921,289,297,296
9922,290,298,297
9923,291,299,298
9924,292,300,299
9925,293,294,301
9926,293,301,300
9927,260,263,305
9928,260,305,295
9929,294,295,303
9930,294,302,301
9931,294,303,302
9932,296,297,310
9933,297,298,313
9934,298,299,314
9935,299,300,315
9936,296,310,309
9937,297,313,310
9938,300,301,320
9939,301,302,330
9940,295,305,434
9941,295,434,303
9942,302,303,366
9943,263,304,307
9944,263,307,305
9945,264,456,306
9946,304,306,308
9947,304,308,307
9948,305,307,435
9949,305,435,434
9950,307,308,436
9951,298,314,313
9952,299,315,314
9953,300,320,315
9954,301,330,320
9955,302,333,330
9956,302,366,333
9957,303,437,366
9958,303,434,437
9959,434,435,442
9960,434,442,437
9961,307,436,435
9962,435,436,462
9963,435,462,442
9964,267,458,456
9965,267,459,458
9966,306,456,457
9967,306,457,308
9968,456,461,457
9969,456,458,461
9970,458,467,461
9971,267,269,459
9972,458,606,467
9973,458,459,606
9974,308,457,460
9975,308,460,436
9976,457,466,460
9977,457,461,466
9978,461,467,468
9979,461,468,466
9980,436,460,503
9981,436,503,462
9982,460,466,507
9983,460,507,503
9984,467,469,468
9985,466,468,517
9986,467,607,469
9987,466,517,507
9988,468,469,520
9989,468,520,517
9990,469,614,520
9991,269,605,459
9992,269,276,605
9993,459,608,606
9994,459,605,608
9995,276,280,609
9996,276,609,605
9997,605,612,608
9998,467,606,607
9999,606,608,611
10000,606,611,607
10001,280,610,609
10002,605,609,612
10003,280,281,610
10004,609,691,612
10005,609,610,691
10006,608,612,613
10007,608,613,611
10008,612,692,613
10009,469,620,614
10010,469,607,620
10011,614,620,615
10012,607,611,638
10013,607,638,620
10014,615,620,639
10015,615,639,624
10016,611,640,638
10017,620,638,639
10018,638,641,639
10019,639,641,646
10020,611,613,640
10021,638,640,641
10022,624,639,646
10023,624,646,642
10024,642,646,647
10025,641,702,646
10026,646,702,647
10027,642,647,648
10028,281,690,610
10029,281,689,690
10030,610,690,693
10031,689,695,690
10032,612,691,692
10033,610,693,691
10034,691,693,696
10035,690,698,693
10036,691,696,692
10037,690,695,698
10038,693,699,696
10039,693,698,699
10040,695,721,698
10041,698,721,724
10042,698,724,699
10043,613,701,640
10044,613,692,701
10045,640,700,641
10046,641,700,702
10047,640,701,700
10048,700,705,702
10049,692,696,707
10050,692,707,701
10051,700,701,706
10052,701,707,706
10053,700,706,705
10054,647,702,704
10055,647,703,648
10056,648,703,1251
10057,647,704,703
10058,703,1255,1251
10059,702,705,704
10060,704,705,708
10061,703,704,709
10062,703,709,1255
10063,705,706,712
10064,705,712,708
10065,704,708,709
10066,709,1280,1255
10067,696,711,707
10068,706,707,710
10069,706,710,712
10070,696,699,711
10071,707,711,710
10072,708,714,709
10073,709,714,1280
10074,708,712,713
10075,710,727,712
10076,712,727,713
10077,708,713,714
10078,714,1334,1280
10079,721,738,724
10080,699,726,711
10081,699,724,726
10082,710,711,725
10083,710,725,727
10084,711,726,725
10085,724,738,739
10086,724,739,726
10087,725,726,742
10088,726,739,742
10089,713,727,730
10090,725,729,727
10091,713,728,714
10092,714,728,1334
10093,713,730,728
10094,728,1338,1334
10095,725,742,729
10096,727,729,730
10097,729,745,730
10098,728,730,744
10099,728,744,1338
10100,730,745,744
10101,738,741,739
10102,739,747,742
10103,739,741,747
10104,729,742,743
10105,729,743,745
10106,742,747,743
10107,744,745,1382
10108,743,746,745
10109,745,746,1382
10110,746,1383,1382
10111,743,747,750
10112,741,748,747
10113,747,748,750
10114,743,750,746
10115,746,751,1383
10116,746,750,751
10117,748,752,750
10118,750,752,751
10119,751,752,1390
10120,1251,1255,1253
10121,1253,1255,1273
10122,1255,1280,1273
10123,1253,1273,1274
10124,1273,1282,1274
10125,1274,1282,1283
10126,1273,1280,1281
10127,1273,1281,1282
10128,1280,1334,1281
10129,1282,1335,1283
10130,1283,1335,1291
10131,1281,1334,1337
10132,1281,1337,1336
10133,1281,1336,1282
10134,1282,1336,1335
10135,1335,1336,1346
10136,1336,1339,1346
10137,1334,1338,1337
10138,1337,1338,1340
10139,744,1381,1338
10140,1338,1381,1340
10141,1340,1381,1385
10142,1336,1337,1339
10143,1337,1340,1339
10144,1339,1341,1369
10145,1339,1340,1341
10146,1340,1385,1341
10147,1341,1385,1406
10148,1291,1335,1342
10149,1335,1346,1342
10150,1342,1346,1348
10151,1346,1369,1348
10152,1339,1369,1346
10153,1348,1369,1371
10154,1369,1370,1371
10155,1341,1370,1369
10156,1341,1406,1370
10157,1370,1406,1409
10158,1370,1374,1371
10159,1370,1409,1374
10160,1374,1409,1410
10161,744,1382,1381
10162,1381,1382,1384
10163,1381,1384,1385
10164,1382,1383,1384
10165,1383,1386,1384
10166,1384,1387,1385
10167,1385,1387,1406
10168,1384,1386,1387
10169,1386,1388,1387
10170,751,1389,1383
10171,1383,1389,1386
10172,751,1390,1389
10173,1389,1390,1394
10174,1386,1389,1393
10175,1386,1393,1388
10176,1388,1393,1413
10177,1389,1394,1393
10178,1393,1394,1397
10179,1393,1397,1413
10180,1387,1407,1406
10181,1406,1407,1409
10182,1407,1411,1409
10183,1387,1388,1407
10184,1388,1408,1407
10185,1407,1408,1411
10186,1409,1411,1410
10187,1410,1411,1447
10188,1408,1412,1411
10189,1411,1412,1447
10190,1388,1413,1408
10191,1408,1413,1417
10192,1397,1414,1413
10193,1413,1414,1417
10194,1408,1417,1412
10195,1412,1417,1418
10196,1414,1419,1417
10197,1417,1419,1418
10198,1418,1419,1484
10199,1412,1449,1447
10200,1412,1418,1449
10201,1418,1482,1449
10202,1418,1484,1482
10203,1482,1484,1487
10204,2238,2239,3731
10205,2239,3732,3731
10206,2239,3742,3732
10207,2239,3745,3744
10208,2239,3744,3742
10209,2239,3747,3745
10210,2238,3587,3604
10211,3587,4947,3604
10212,3604,4947,5013
10213,2238,3604,3607
10214,3604,5013,3607
10215,3607,5013,5018
10216,2238,3607,3662
10217,3607,5018,3661
10218,3661,5018,5126
10219,3607,3661,3662
10220,3661,5126,3671
10221,3661,3670,3662
10222,3671,5126,5135
10223,3661,3671,3670
10224,3670,3671,3674
10225,3671,5135,3675
10226,3675,5135,5141
10227,3671,3675,3674
10228,3674,3675,3688
10229,3675,5141,3689
10230,3675,3689,3688
10231,3689,5141,5158
10232,3688,3689,3692
10233,3689,5158,3693
10234,3689,3693,3692
10235,3693,5158,5163
10236,3692,3693,3698
10237,3693,5163,3699
10238,3693,3699,3698
10239,2239,3698,3699
10240,4068,4070,5091
10241,4070,4090,5204
10242,4072,5204,4090
10243,4072,4091,5207
10244,4072,4090,4113
10245,4072,4113,4091
10246,4091,4114,5207
10247,4115,5215,5208
10248,4114,4115,5208
10249,4092,5215,4116
10250,4112,4118,5210
10251,4091,4113,4101
10252,4091,4235,4114
10253,4091,4101,4235
10254,4114,4229,4115
10255,4092,4116,4236
10256,4112,4239,4118
10257,4115,4116,5215
10258,4092,4236,4112
10259,4117,5217,4118
10260,4117,4273,5216
10261,4273,4274,5216
10262,4176,4202,4268
10263,4202,4204,4279
10264,4204,4205,4279
10265,4114,4235,4229
10266,4115,4255,4116
10267,4115,4229,4255
10268,4116,4255,4263
10269,4116,4263,4236
10270,4117,4267,4268
10271,4236,4263,4275
10272,4169,4267,4239
10273,4169,4239,4275
10274,4176,4268,4267
10275,4236,4275,4239
10276,4268,4279,4273
10277,4273,4279,4280
10278,4112,4236,4239
10279,4117,4118,4267
10280,4118,4239,4267
10281,4117,4268,4273
10282,4273,4280,4274
10283,4274,4283,5236
10284,4274,4280,4283
10285,4283,4284,5236
10286,4169,4176,4267
10287,4202,4279,4268
10288,4205,4280,4279
10289,4280,4281,4283
10290,4205,4281,4280
10291,4281,4282,4283
10292,4282,4284,4283
10293,4284,4285,5240
10294,4282,4285,4284
10295,4285,4286,5240
10296,4286,4287,5241
10297,4905,4915,5034
10298,4915,4918,5037
10299,4918,5038,5037
10300,4918,5064,5038
10301,4951,4952,5010
10302,4952,4953,5011
10303,4939,5016,4956
10304,4939,4942,5015
10305,4953,4956,5012
10306,4975,4992,5017
10307,4942,4975,5015
10308,4998,5030,5004
10309,4992,4998,5002
10310,4998,5004,5002
10311,4992,5002,5017
10312,5003,5004,5030
10313,5003,5025,5004
10314,4947,4948,5013
10315,4948,4951,5014
10316,4951,5010,5014
10317,4948,5014,5013
10318,4952,5011,5010
10319,4953,5012,5011
10320,4939,5015,5016
10321,4956,5016,5012
10322,5015,5023,5016
10323,5015,5017,5023
10324,4975,5017,5015
10325,5002,5024,5017
10326,5002,5027,5024
10327,5013,5014,5018
10328,5010,5019,5014
10329,5010,5011,5020
10330,5011,5012,5021
10331,5011,5021,5020
10332,5012,5022,5021
10333,5012,5016,5022
10334,5016,5023,5022
10335,5014,5019,5018
10336,5010,5020,5019
10337,5017,5024,5023
10338,5024,5027,5125
10339,5027,5131,5125
10340,5002,5004,5027
10341,5004,5025,5027
10342,5003,5026,5025
10343,5025,5131,5027
10344,5025,5028,5131
10345,5025,5026,5028
10346,5026,5029,5028
10347,5029,5043,5132
10348,4901,5003,5030
10349,4901,5035,5003
10350,4901,4905,5035
10351,4905,5034,5035
10352,5003,5035,5026
10353,5026,5035,5041
10354,5034,5041,5035
10355,5034,5037,5036
10356,5036,5037,5040
10357,5034,5036,5041
10358,4915,5037,5034
10359,5037,5038,5040
10360,5038,5066,5040
10361,5039,5040,5066
10362,5039,5042,5040
10363,5039,5044,5042
10364,5036,5043,5041
10365,5026,5041,5029
10366,5029,5041,5043
10367,5036,5040,5042
10368,5036,5042,5043
10369,5042,5148,5043
10370,5042,5044,5148
10371,5044,5046,5148
10372,5044,5105,5046
10373,5045,5046,5105
10374,5045,5149,5046
10375,5062,5084,5071
10376,5038,5064,5065
10377,5038,5065,5066
10378,5039,5066,5071
10379,5039,5071,5104
10380,5062,5066,5065
10381,5062,5071,5066
10382,5071,5093,5104
10383,5072,5104,5093
10384,5072,5094,5106
10385,5084,5088,5093
10386,5088,5092,5093
10387,4068,5092,5088
10388,4068,5091,5092
10389,5091,5094,5092
10390,5091,5095,5094
10391,5071,5084,5093
10392,5072,5093,5092
10393,5072,5092,5094
10394,5094,5114,5106
10395,5094,5095,5114
10396,5095,5097,5114
10397,5095,5205,5097
10398,5096,5097,5205
10399,5096,5115,5097
10400,5115,5211,5119
10401,5096,5211,5115
10402,5098,5119,5206
10403,5099,5213,5117
10404,5118,5213,5212
10405,5072,5105,5104
10406,5039,5104,5044
10407,5044,5104,5105
10408,5045,5105,5106
10409,5045,5106,5108
10410,5072,5106,5105
10411,5106,5114,5108
10412,5107,5108,5114
10413,5107,5115,5111
10414,5111,5119,5112
10415,5107,5109,5108
10416,5045,5108,5150
10417,5108,5109,5150
10418,5111,5112,5151
10419,5109,5111,5151
10420,5112,5174,5151
10421,5110,5174,5116
10422,5107,5111,5109
10423,5112,5116,5174
10424,5110,5116,5117
10425,5110,5117,5113
10426,5113,5120,5175
10427,5097,5107,5114
10428,5097,5115,5107
10429,5098,5112,5119
10430,5099,5117,5116
10431,5111,5115,5119
10432,5098,5116,5112
10433,5113,5117,5118
10434,5098,5099,5116
10435,5117,5213,5118
10436,5118,5214,5120
10437,5120,5221,5121
10438,5113,5118,5120
10439,5120,5121,5175
10440,5121,5222,5179
10441,5020,5021,5128
10442,5021,5022,5123
10443,5018,5019,5126
10444,5019,5020,5127
10445,5022,5023,5124
10446,5023,5024,5124
10447,5019,5127,5126
10448,5020,5128,5127
10449,5021,5123,5128
10450,5022,5124,5123
10451,5024,5125,5124
10452,5125,5131,5130
10453,5126,5127,5135
10454,5127,5128,5136
10455,5123,5138,5128
10456,5123,5124,5137
10457,5124,5125,5137
10458,5125,5130,5137
10459,5123,5137,5138
10460,5127,5136,5135
10461,5128,5138,5136
10462,5129,5130,5131
10463,5028,5129,5131
10464,5028,5133,5129
10465,5028,5029,5133
10466,5029,5132,5133
10467,5132,5148,5134
10468,5132,5145,5133
10469,5129,5133,5140
10470,5133,5145,5140
10471,5132,5134,5145
10472,5137,5143,5138
10473,5130,5143,5137
10474,5135,5136,5141
10475,5136,5138,5142
10476,5136,5142,5141
10477,5138,5143,5142
10478,5130,5139,5143
10479,5129,5139,5130
10480,5129,5140,5139
10481,5141,5142,5158
10482,5142,5143,5159
10483,5139,5159,5143
10484,5139,5160,5159
10485,5139,5140,5160
10486,5140,5144,5160
10487,5144,5146,5161
10488,5134,5146,5145
10489,5140,5145,5144
10490,5134,5149,5146
10491,5144,5145,5146
10492,5146,5153,5161
10493,5147,5161,5153
10494,5043,5148,5132
10495,5046,5134,5148
10496,5046,5149,5134
10497,5149,5150,5153
10498,5150,5152,5153
10499,5045,5150,5149
10500,5109,5152,5150
10501,5109,5151,5152
10502,5151,5154,5152
10503,5151,5174,5154
10504,5110,5155,5156
10505,5146,5149,5153
10506,5147,5153,5152
10507,5147,5152,5154
10508,5154,5156,5164
10509,5155,5165,5156
10510,5155,5157,5165
10511,5154,5174,5156
10512,5142,5159,5158
10513,5159,5160,5163
10514,5158,5159,5163
10515,5160,5162,5163
10516,5144,5162,5160
10517,5144,5161,5162
10518,3699,5163,5162
10519,5147,5166,5161
10520,5161,5166,5162
10521,5147,5154,5164
10522,5156,5165,5164
10523,5147,5164,5166
10524,3699,5162,5166
10525,2239,5166,5164
10526,2239,5164,5165
10527,2239,3699,5166
10528,2239,5165,5167
10529,5157,5167,5165
10530,5157,5169,5167
10531,5110,5113,5155
10532,5110,5156,5174
10533,5113,5175,5155
10534,5157,5175,5176
10535,5121,5176,5175
10536,5176,5179,5177
10537,5155,5175,5157
10538,5157,5176,5169
10539,5169,5176,5177
10540,5121,5179,5176
10541,5177,5179,5180
10542,5179,5223,5180
10543,4070,5204,5091
10544,4072,5205,5204
10545,5091,5204,5095
10546,5095,5204,5205
10547,5096,5207,5208
10548,5096,5205,5207
10549,5096,5208,5211
10550,4072,5207,5205
10551,4092,5206,5215
10552,4112,5210,5209
10553,5206,5211,5215
10554,5208,5215,5211
10555,5210,5217,5213
10556,4092,5209,5206
10557,5212,5217,5216
10558,5212,5216,5218
10559,5098,5206,5209
10560,5119,5211,5206
10561,5098,5209,5099
10562,5099,5209,5210
10563,5099,5210,5213
10564,5118,5212,5214
10565,5212,5213,5217
10566,5212,5218,5214
10567,5214,5218,5219
10568,5214,5219,5221
10569,5219,5220,5221
10570,4114,5208,5207
10571,4092,4112,5209
10572,4118,5217,5210
10573,4117,5216,5217
10574,4274,5218,5216
10575,4274,5236,5218
10576,5218,5236,5219
10577,5219,5236,5237
10578,5219,5237,5220
10579,5220,5237,5238
10580,5220,5238,5226
10581,5226,5238,5239
10582,5120,5214,5221
10583,5121,5221,5222
10584,5220,5222,5221
10585,5220,5226,5222
10586,5222,5226,5223
10587,5223,5226,5227
10588,5179,5222,5223
10589,5223,5227,5224
10590,5224,5227,5228
10591,5226,5239,5227
10592,5227,5239,5249
10593,5227,5249,5228
10594,5228,5249,5250
10595,4284,5237,5236
10596,5237,5240,5238
10597,4284,5240,5237
10598,5238,5240,5241
10599,5239,5241,5242
10600,5238,5241,5239
10601,5239,5242,5249
10602,5245,5250,5249
10603,5242,5245,5249
10604,5245,5246,5250
10605,4286,5241,5240
10606,4287,5242,5241
10607,5242,5243,5245
10608,4287,5243,5242
10609,5243,5244,5245
10610,5244,5246,5245
10611,5244,5248,5246
10612,5180,5223,5224
10613,218,219,220
10614,218,220,222
10615,218,222,225
10616,218,225,219
10617,219,221,220
10618,219,225,733
10619,220,224,222
10620,220,734,224
10621,219,737,221
10622,220,221,731
10623,223,224,732
10624,223,732,226
10625,225,226,733
10626,219,733,737
10627,220,731,734
10628,732,224,734
10629,221,737,731
10630,732,735,733
10631,226,732,733
10632,732,734,735
10633,735,734,731
10634,735,731,737
10635,733,735,737
