vertex_id,x,y,z
0,-17.18580104,-10.72393985,0.0
1,-11.21715305,-10.72393985,0.94545271
2,-10.58532464,-10.72393985,0.0
3,-11.63149429,-10.72393985,2.42641023
4,-11.8523516,-10.72393985,3.57647059
5,-11.34141508,-7.41018628,0.0
6,-12.03078904,-7.29450814,0.99206719
7,-12.6161589,-6.84184737,3.57647059
8,-11.63149429,-10.72393985,4.72653095
9,-11.21715305,-10.72393985,6.20748846
10,-12.03078904,-7.29450814,6.16087399
11,-11.69247633,-3.73505278,0.0
12,-17.18580104,-0.0687432,7.6
13,-11.67524003,-0.0687432,7.6
14,-10.21787821,-10.72393985,7.70277911
15,-9.17235101,-10.72393985,8.85844927
16,-10.21787821,-7.59871771,8.76980535
17,-17.18580104,-10.72393985,15.2
18,-16.54809154,-0.03055254,7.60535909
19,-15.93623887,-0.03055254,7.60535909
20,-15.32438621,-0.03055254,7.60535909
21,-14.71447568,-0.03055254,7.60535909
22,-14.10262301,-0.03055254,7.60535909
23,-13.49077035,-0.03055254,7.60535909
24,-12.88085982,-0.03055254,7.60535909
25,-12.26900716,-0.03055254,7.60535909
26,-11.65715449,-0.03055254,7.60535909
27,-11.63843642,-0.0687432,7.66386556
28,-11.62037684,-0.03055254,7.66919086
29,-11.60163281,-0.0687432,7.72773112
30,-11.58359919,-0.03055254,7.73302263
31,-11.5648292,-0.0687432,7.79159668
32,-11.54693827,-0.03055254,7.79668556
33,-11.52802558,-0.0687432,7.85546224
34,-11.51016062,-0.03055254,7.86051734
35,-11.49122197,-0.0687432,7.9193278
36,-11.47338297,-0.03055254,7.92434911
37,-11.45441836,-0.0687432,7.98319336
38,-11.43672206,-0.03055254,7.98801204
39,-11.41761475,-0.0687432,8.04705892
40,-11.3999444,-0.03055254,8.05184381
41,-11.38081113,-0.0687432,8.11092448
42,-11.36316675,-0.03055254,8.11567558
43,-11.34400752,-0.0687432,8.17479004
44,-11.33507391,-0.0687432,8.1878557
45,-11.3203957,-0.03055254,8.18994898
46,-11.32614029,-0.0687432,8.20092135
47,-11.31720668,-0.0687432,8.21398701
48,-11.30827306,-0.0687432,8.22705266
49,-11.29933945,-0.0687432,8.24011831
50,-11.31146838,-0.03055254,8.20300773
51,-11.30254107,-0.03055254,8.21606647
52,-11.29364209,-0.03055254,8.22909067
53,-11.28471478,-0.03055254,8.24214941
54,-11.28147222,-0.0687432,8.26624962
55,-11.29040583,-0.0687432,8.25318397
56,-11.2725386,-0.0687432,8.27931527
57,-11.26360499,-0.0687432,8.29238093
58,-11.27578747,-0.03055254,8.25520815
59,-11.26688849,-0.03055254,8.26823235
60,-11.25796118,-0.03055254,8.28129109
61,-11.24903386,-0.03055254,8.29434983
62,-11.04304292,-0.0687432,8.49899074
63,-11.02862738,-0.03055254,8.50085034
64,-10.82248085,-0.0687432,8.70560055
65,-10.80822089,-0.03055254,8.70735085
66,-10.60191879,-0.0687432,8.91221036
67,-10.58851402,-0.03055254,8.91330513
68,-10.38135672,-0.0687432,9.11882017
69,-10.36810753,-0.03055254,9.11980564
70,-10.16079466,-0.0687432,9.32542998
71,-10.14770105,-0.03055254,9.32630614
72,-9.94023259,-0.0687432,9.53203979
73,-9.92799417,-0.03055254,9.53226042
74,-9.71967053,-0.0687432,9.7386496
75,-9.70758769,-0.03055254,9.73876093
76,-9.49910846,-0.0687432,9.94525941
77,-9.4871812,-0.03055254,9.94526144
78,-9.2785464,-0.0687432,10.15186923
79,-9.26403033,-0.0687432,10.16230319
80,-9.24951426,-0.0687432,10.17273716
81,-9.2349982,-0.0687432,10.18317113
82,-9.22048213,-0.0687432,10.1936051
83,-9.20596606,-0.0687432,10.20403907
84,-9.25744551,-0.03055254,10.16061679
85,-9.24293968,-0.03055254,10.17104523
86,-9.22843385,-0.03055254,10.18147368
87,-9.21397407,-0.03055254,10.19187455
88,-9.19946824,-0.03055254,10.202303
89,-9.19145,-0.0687432,10.21447304
90,-9.17693393,-0.0687432,10.22490701
91,-9.16241786,-0.0687432,10.23534098
92,-9.14790179,-0.0687432,10.24577495
93,-9.18496241,-0.03055254,10.21273145
94,-9.17050263,-0.03055254,10.22313231
95,-9.1559968,-0.03055254,10.23356076
96,-9.14149097,-0.03055254,10.24398921
97,-8.86045972,-0.0687432,10.40431223
98,-8.84209359,-0.03055254,10.40923718
99,-17.18580104,-0.0687432,15.2
100,-11.4572007,-0.0687432,15.2
101,-9.54766725,-0.0687432,15.2
102,-7.34845519,-10.72393985,10.16944302
103,-5.74065045,-10.72393985,10.92095504
104,-7.22513097,-7.59871771,10.92095504
105,-3.66035498,-10.72393985,11.63922143
106,-1.60000021,-10.72393985,11.93704479
107,-3.59550345,-7.29450814,12.22405291
108,-8.57301764,-0.0687432,10.56284952
109,-8.55485426,-0.03055254,10.56769059
110,-8.28557556,-0.0687432,10.7213868
111,-8.26761494,-0.03055254,10.72614401
112,-7.99813348,-0.0687432,10.87992409
113,-7.98128736,-0.03055254,10.88417828
114,-7.85441244,-0.0687432,10.95919273
115,-7.7106914,-0.0687432,11.03846137
116,-7.69404804,-0.03055254,11.0426317
117,-7.42324932,-0.0687432,11.19699865
118,-7.40680872,-0.03055254,11.20108511
119,-7.13580724,-0.0687432,11.35553594
120,-7.12048114,-0.03055254,11.35911939
121,-6.84836516,-0.0687432,11.51407322
122,-6.83324182,-0.03055254,11.5175728
123,-6.56092308,-0.0687432,11.6726105
124,-6.54274573,-0.0687432,11.67903188
125,-6.52456838,-0.0687432,11.68545325
126,-6.54600249,-0.03055254,11.67602621
127,-6.52783797,-0.03055254,11.68244419
128,-6.50639103,-0.0687432,11.69187462
129,-6.50967344,-0.03055254,11.68886216
130,-6.49156657,-0.03055254,11.69526316
131,-6.48821368,-0.0687432,11.69829599
132,-6.45185898,-0.0687432,11.71113874
133,-6.47003633,-0.0687432,11.70471736
134,-6.47340204,-0.03055254,11.70168113
135,-6.45523751,-0.03055254,11.70809911
136,-6.43368163,-0.0687432,11.71756011
137,-6.41550428,-0.0687432,11.72398148
138,-6.39732693,-0.0687432,11.73040285
139,-6.43713064,-0.03055254,11.71450011
140,-6.41896612,-0.03055254,11.72091808
141,-6.40080159,-0.03055254,11.72733606
142,-6.0632076,-0.0687432,11.82988073
143,-6.05214595,-0.03055254,11.83121527
144,-5.72908827,-0.0687432,11.92935861
145,-5.7182623,-0.03055254,11.93064052
146,-5.39496894,-0.0687432,12.02883648
147,-5.38437865,-0.03055254,12.03006577
148,-5.06084962,-0.0687432,12.12831436
149,-5.05155481,-0.03055254,12.12922803
150,-4.72673029,-0.0687432,12.22779224
151,-4.71767116,-0.03055254,12.22865328
152,-4.39261096,-0.0687432,12.32727012
153,-4.38378751,-0.03055254,12.32807853
154,-7.6381338,-0.0687432,15.2
155,-5.72860035,-0.0687432,15.2
156,-4.05849163,-0.0687432,12.42674799
157,-4.05096367,-0.03055254,12.42724078
158,-3.7243723,-0.0687432,12.52622587
159,-3.71708002,-0.03055254,12.52666603
160,-3.39025297,-0.0687432,12.62570375
161,-3.37102758,-0.0687432,12.62782661
162,-3.38319637,-0.03055254,12.62609128
163,-3.36398455,-0.03055254,12.62821302
164,-3.35180219,-0.0687432,12.62994948
165,-3.3325768,-0.0687432,12.63207234
166,-3.31335142,-0.0687432,12.6341952
167,-3.29412603,-0.0687432,12.63631807
168,-3.34477272,-0.03055254,12.63033477
169,-3.32562188,-0.03055254,12.63245089
170,-3.30641005,-0.03055254,12.63457263
171,-3.27490064,-0.0687432,12.63844093
172,-3.23644987,-0.0687432,12.64268666
173,-3.25567525,-0.0687432,12.64056379
174,-3.28719822,-0.03055254,12.63669437
175,-3.26804738,-0.03055254,12.6388105
176,-3.22962372,-0.03055254,12.64305398
177,-3.24883555,-0.03055254,12.64093224
178,-3.21722448,-0.0687432,12.64480952
179,-2.85975509,-0.0687432,12.67863692
180,-2.85547013,-0.03055254,12.67848525
181,-2.5022857,-0.0687432,12.71246431
182,-2.4982529,-0.03055254,12.71229475
183,-2.14481632,-0.0687432,12.74629171
184,-2.14103566,-0.03055254,12.74610425
185,-1.78734693,-0.0687432,12.7801191
186,-1.7849523,-0.03055254,12.77982432
187,-1.42987755,-0.0687432,12.8139465
188,-1.42773507,-0.03055254,12.81363381
189,-1.07240816,-0.0687432,12.84777389
190,-1.07051783,-0.03055254,12.84744331
191,-0.71493877,-0.0687432,12.88160129
192,-0.71443447,-0.03055254,12.88116338
193,-0.35746939,-0.0687432,12.91542868
194,-0.35721724,-0.03055254,12.91497288
195,-3.8190669,-0.0687432,15.2
196,-1.90953345,-0.0687432,15.2
197,-13.06120879,0.27497282,3.57647059
198,-11.95540169,0.27497282,0.0
199,-12.6161589,0.27497282,1.14661649
200,-11.69247633,4.28499842,0.0
201,-12.6161589,0.27497282,6.00632468
202,-11.69777646,0.27497282,7.6
203,-11.54002124,2.68098818,7.6
204,-17.18580104,10.58645344,0.0
205,-11.34141508,7.96013191,0.0
206,-12.03078904,7.84445377,0.99206719
207,-12.6161589,7.391793,3.57647059
208,-10.7421742,10.58645344,0.0
209,-11.38024696,10.58645344,0.95479662
210,-11.71153321,10.58645344,2.13889514
211,-11.98760485,10.58645344,3.57647059
212,-17.18580104,10.58645344,7.6
213,-12.03078904,7.84445377,6.16087399
214,-11.03076,8.01226037,7.6
215,-11.71153321,10.58645344,5.01404604
216,-11.38024696,10.58645344,6.19814456
217,-10.56225872,10.06558323,7.6
218,-10.58089954,10.44896703,7.20516091
219,-10.58089954,10.72393985,7.20516091
220,-10.30592673,10.44896703,7.20516091
221,-10.30592673,10.72393985,7.20516091
222,-10.58089954,10.44896703,7.44120985
223,-10.58089954,10.44896703,7.6
224,-10.47478305,10.44896703,7.6
225,-10.58089954,10.58645344,7.39426867
226,-10.58089954,10.58645344,7.6
227,-16.33624327,0.2367825,7.64277349
228,-16.2586367,1.11516753,7.76448325
229,-16.2586367,1.11516753,8.52696997
230,-15.9112652,0.00763813,7.61071463
231,-15.70260032,0.27497317,7.64810422
232,-15.29984443,0.00763813,7.61071463
233,-15.27532204,0.0458288,7.61606663
234,-15.06984054,0.31316384,7.6534314
235,-15.49522732,0.54230821,7.68532009
236,-16.2586367,1.11516753,9.35756553
237,-15.42880963,1.42069324,7.80637756
238,-15.35612459,2.29907827,7.92555968
239,-15.35612459,2.29907827,8.67533312
240,-15.35612459,2.29907827,9.42510656
241,-14.69036442,0.00763813,7.61071463
242,-14.66627256,0.0458288,7.61606663
243,-14.64412225,0.08401947,7.62141508
244,-14.86565092,0.58049888,7.69062246
245,-14.08088442,0.00763813,7.61071463
246,-14.05722307,0.0458288,7.61606663
247,-14.03550328,0.08401947,7.62141508
248,-14.01380017,0.12221014,7.62675999
249,-14.45530404,0.35135451,7.65875503
250,-14.25421152,0.61868955,7.69592128
251,-14.6627532,0.84783392,7.72763981
252,-14.05441089,0.88602459,7.73291381
253,-13.46946364,0.00763813,7.61071463
254,-13.44817358,0.0458288,7.61606663
255,-13.42688432,0.08401947,7.62141508
256,-13.82813663,0.38954518,7.66407513
257,-13.64363064,0.65688022,7.70121656
258,-13.40561172,0.12221014,7.62675999
259,-13.3843558,0.16040081,7.63210135
260,-13.20184694,0.42773585,7.66939167
261,-13.44692709,0.92421526,7.73818427
262,-13.869961,1.15335963,7.76973264
263,-13.02049561,0.69507089,7.70650829
264,-13.26556415,1.1915503,7.77497828
265,-14.60752438,1.72621895,7.84804498
266,-14.54602822,2.60460398,7.9665748
267,-13.08535106,1.45888534,7.81159858
268,-13.85411339,2.03174466,7.88948552
269,-13.08000691,2.33727037,7.93069916
270,-16.2586367,1.11516753,10.18816108
271,-16.2586367,1.11516753,10.9506478
272,-15.35612459,2.29907827,10.24185323
273,-15.35612459,2.29907827,10.99162667
274,-14.47826471,3.48298901,8.08322928
275,-13.80280467,2.91012969,8.00736304
276,-13.06742629,3.2156554,8.0479244
277,-13.74522859,3.78851472,8.12336522
278,-14.47826471,3.48298901,8.82028944
279,-13.62505705,4.66689975,8.23749205
280,-13.02003765,4.09404043,8.16327428
281,-12.91040187,4.97242546,8.27674881
282,-13.62505705,4.66689975,8.89713692
283,-14.47826471,3.48298901,9.5573496
284,-14.47826471,3.48298901,10.29440976
285,-14.47826471,3.48298901,11.03146992
286,-13.62505705,4.66689975,9.6214838
287,-13.62505705,4.66689975,10.34583068
288,-13.62505705,4.66689975,11.00547556
289,-12.85998363,0.00763813,7.61071463
290,-12.8391241,0.0458288,7.61606663
291,-12.82020338,0.08401947,7.62141508
292,-12.79935993,0.12221014,7.62675999
293,-12.77853316,0.16040081,7.63210135
294,-12.75964115,0.19859148,7.63743917
295,-12.59373808,0.46592652,7.67470467
296,-12.25050363,0.00763813,7.61071463
297,-12.23007461,0.0458288,7.61606663
298,-12.21158441,0.08401947,7.62141508
299,-12.19310814,0.12221014,7.62675999
300,-12.17271052,0.16040081,7.63210135
301,-12.15424766,0.19859148,7.63743917
302,-12.13579875,0.23678215,7.64277344
303,-11.97302164,0.50411719,7.68001413
304,-12.84030182,0.96240593,7.74345119
305,-12.41545514,0.73326156,7.71179647
306,-12.66202583,1.22974097,7.78022038
307,-12.23832973,1.0005966,7.74871456
308,-12.07639028,1.26793164,7.78545894
309,-11.63908285,0.00763813,7.61071463
310,-11.62102512,0.0458288,7.61606663
311,-11.60233116,0.00763813,7.67451262
312,-11.58441597,0.0458288,7.67966216
313,-11.60296545,0.08401947,7.62141508
314,-11.5849197,0.12221014,7.62675999
315,-11.56688788,0.16040081,7.63210135
316,-11.56638217,0.08401947,7.68497692
317,-11.5483623,0.12221014,7.69028813
318,-11.56569613,0.00763813,7.73814185
319,-11.54780681,0.0458288,7.74325769
320,-11.54885417,0.19859148,7.63743917
321,-11.53047268,0.16040081,7.69542739
322,-11.52906109,0.00763813,7.80177108
323,-11.51119765,0.0458288,7.80685323
324,-11.52979889,0.08401947,7.74853875
325,-11.5119213,0.12221014,7.75364778
326,-11.49405749,0.16040081,7.75875343
327,-11.4933321,0.08401947,7.81193201
328,-11.47548031,0.12221014,7.81700743
329,-11.45764229,0.16040081,7.82207948
330,-11.53083441,0.23678215,7.64277344
331,-11.51246477,0.19859148,7.7007316
332,-11.4944708,0.23678215,7.70603226
333,-11.5128286,0.27497282,7.64810417
334,-11.47607537,0.19859148,7.76402403
335,-11.45218213,0.23678215,7.77963795
336,-11.47056992,0.27497282,7.72167075
337,-11.42831125,0.27497282,7.79523734
338,-11.4923094,0.00763813,7.86556906
339,-11.4745885,0.0458288,7.87044876
340,-11.45567437,0.00763813,7.9291983
341,-11.43797934,0.0458288,7.93404429
342,-11.45674882,0.08401947,7.87549384
343,-11.43892291,0.12221014,7.88053556
344,-11.4151579,0.16040081,7.89595984
345,-11.42016554,0.08401947,7.93905568
346,-11.39640843,0.12221014,7.95445514
347,-11.41903933,0.00763813,7.99282753
348,-11.40137018,0.0458288,7.99763983
349,-11.38228764,0.00763813,8.05662551
350,-11.35865951,0.0458288,8.0718346
351,-11.37762097,0.08401947,8.01301446
352,-11.37267352,0.16040081,7.96984021
353,-11.35389395,0.12221014,8.02837471
354,-11.33018913,0.16040081,8.04372057
355,-11.43375669,0.19859148,7.83766883
356,-11.40989346,0.23678215,7.85324364
357,-11.3913024,0.19859148,7.91150999
358,-11.36746926,0.23678215,7.92704559
359,-11.38605258,0.27497282,7.86880392
360,-11.3437939,0.27497282,7.94237051
361,-11.34884811,0.19859148,7.98535114
362,-11.32518059,0.23678215,8.00065128
363,-11.30652944,0.19859148,8.05899594
364,-11.28289192,0.23678215,8.07425697
365,-11.30153523,0.27497282,8.01593709
366,-11.35317745,0.54230786,7.68532004
367,-11.31112877,0.54230786,7.75861289
368,-11.26908008,0.54230786,7.83190574
369,-11.22797468,0.54230786,7.90383063
370,-11.185926,0.54230786,7.97712348
371,-11.14387731,0.54230786,8.05041632
372,-11.33954678,0.00763813,8.1308596
373,-11.31594884,0.0458288,8.14602937
374,-11.33494049,0.08401947,8.08716992
375,-11.31124366,0.12221014,8.10249086
376,-11.28770475,0.16040081,8.11760094
377,-11.29226,0.08401947,8.16132538
378,-11.29680591,0.00763813,8.20509368
379,-11.2878849,0.00763813,8.21814551
380,-11.2789922,0.00763813,8.23116282
381,-11.26872918,0.12221014,8.17641043
382,-11.24522036,0.16040081,8.1914813
383,-11.27009951,0.00763813,8.24418012
384,-11.27323816,0.0458288,8.22022414
385,-11.26435175,0.0458288,8.23323455
386,-11.25546534,0.0458288,8.24624496
387,-11.2611785,0.00763813,8.25723195
388,-11.2522858,0.00763813,8.27024926
389,-11.24339311,0.00763813,8.28326656
390,-11.2344721,0.00763813,8.29631839
391,-11.24657892,0.0458288,8.25925538
392,-11.23769251,0.0458288,8.27226579
393,-11.2288061,0.0458288,8.2852762
394,-11.21991968,0.0458288,8.29828661
395,-11.24971543,0.08401947,8.23528417
396,-11.2408353,0.08401947,8.24828768
397,-11.2262147,0.12221014,8.25033001
398,-11.23195517,0.08401947,8.2612912
399,-11.22310331,0.08401947,8.27426023
400,-11.21734085,0.12221014,8.26332663
401,-11.21422318,0.08401947,8.28726375
402,-11.20849526,0.12221014,8.27628879
403,-11.20534305,0.08401947,8.30026727
404,-11.19964967,0.12221014,8.28925094
405,-11.19077581,0.12221014,8.30224756
406,-11.20273598,0.16040081,8.26536167
407,-11.19389665,0.16040081,8.27831695
408,-11.18505732,0.16040081,8.29127223
409,-11.17621798,0.16040081,8.30422751
410,-11.26407515,0.19859148,8.13283709
411,-11.24046772,0.23678215,8.14805892
412,-11.25927655,0.27497282,8.08950368
413,-11.21701788,0.27497282,8.16307026
414,-11.22162086,0.19859148,8.20667825
415,-11.19817905,0.23678215,8.22166461
416,-11.17930219,0.19859148,8.28032305
417,-11.17046912,0.19859148,8.29327145
418,-11.16163605,0.19859148,8.30621985
419,-11.15589038,0.23678215,8.2952703
420,-11.14706357,0.23678215,8.30821183
421,-11.17475921,0.27497282,8.23663685
422,-11.13250053,0.27497282,8.31020343
423,-11.01422119,0.00763813,8.5027096
424,-11.00052298,0.0458288,8.50402286
425,-10.98610143,0.08401947,8.5058945
426,-10.97168928,0.12221014,8.50776579
427,-10.95798368,0.16040081,8.50909193
428,-10.94355634,0.19859148,8.51097555
429,-10.92913845,0.23678215,8.51285881
430,-10.90551699,0.27497282,8.52350937
431,-11.10277191,0.54230786,8.12234121
432,-11.06072323,0.54230786,8.19563406
433,-11.01867455,0.54230786,8.26892691
434,-11.81126772,0.77145223,7.71708111
435,-11.6372107,1.03878727,7.75397439
436,-11.47832949,1.30612231,7.79069395
437,-11.19454949,0.8096429,7.72236221
438,-11.1527108,0.8096429,7.79538132
439,-11.11181067,0.8096429,7.86703758
440,-11.07091055,0.8096429,7.93869384
441,-11.02907186,0.8096429,8.01171295
442,-11.03694472,1.07697794,7.75923067
443,-10.99624987,1.07697794,7.8306183
444,-10.95555503,1.07697794,7.90200593
445,-10.91486019,1.07697794,7.97339357
446,-10.87416535,1.07697794,8.0447812
447,-10.98817174,0.8096429,8.08336922
448,-10.94727161,0.8096429,8.15502548
449,-10.90543292,0.8096429,8.22804459
450,-10.8334705,1.07697794,8.11616884
451,-10.79277566,1.07697794,8.18755647
452,-10.7946694,0.00763813,8.70855486
453,-10.78112628,0.0458288,8.70975911
454,-10.76685981,0.08401947,8.71152174
455,-10.75330039,0.12221014,8.71273894
456,-12.48489968,1.49707601,7.81681587
457,-11.90226479,1.53526668,7.82202961
458,-12.30892338,1.76441105,7.85323764
459,-12.31408269,2.64279608,7.97168593
460,-11.32046377,1.57345735,7.8272398
461,-11.72928915,1.80260172,7.85842657
462,-10.88112174,1.34431298,7.79592541
463,-10.84063218,1.34431298,7.86704442
464,-10.80014262,1.34431298,7.93816342
465,-10.7605822,1.34431298,8.0079298
466,-11.15048879,1.84079239,7.86361195
467,-11.57127871,2.06993676,7.89464982
468,-10.99546886,2.10812743,7.89981038
469,-10.84145674,2.37546247,7.9358351
470,-10.57448276,1.14982732,8.46076353
471,-10.73974938,0.16040081,8.71395636
472,-10.72547663,0.19859148,8.71573126
473,-10.70199377,0.23678215,8.72627813
474,-10.67853344,0.27497282,8.73681531
475,-10.57511761,0.00763813,8.91440013
476,-10.56172957,0.0458288,8.91549537
477,-10.54831633,0.08401947,8.91660362
478,-10.5349115,0.12221014,8.9177121
479,-10.52151508,0.16040081,8.91882079
480,-10.49817082,0.19859148,8.92926397
481,-10.47484909,0.23678215,8.93969746
482,-10.4515499,0.27497282,8.95012125
483,-10.35486671,0.00763813,9.12079133
484,-10.34233287,0.0458288,9.12123162
485,-10.32907471,0.08401947,9.12223086
486,-10.31582496,0.12221014,9.12323032
487,-10.29331917,0.16040081,9.13303654
488,-10.27013656,0.19859148,9.14336603
489,-10.24697648,0.23678215,9.15368583
490,-10.22456635,0.27497282,9.16342719
491,-10.13531492,0.00763813,9.3266366
492,-10.12293617,0.0458288,9.32696787
493,-10.10983309,0.08401947,9.3278581
494,-10.08746741,0.12221014,9.33755975
495,-10.06512326,0.16040081,9.34725228
496,-10.0421023,0.19859148,9.35746809
497,-10.01983181,0.23678215,9.36710515
498,-9.99758281,0.27497282,9.37673313
499,-10.35119035,1.14982732,8.67147208
500,-10.12789794,1.14982732,8.88218064
501,-9.92099788,1.14982732,9.08001936
502,-9.69770547,1.14982732,9.29072791
503,-10.72631427,1.61164802,7.83244645
504,-10.68602999,1.61164802,7.90329683
505,-10.64667014,1.61164802,7.97279968
506,-10.60731029,1.61164802,8.04230254
507,-10.57252229,1.87898306,7.86879378
508,-10.53336301,1.87898306,7.93803312
509,-10.49420374,1.87898306,8.00727245
510,-10.72009264,1.34431298,8.07904881
511,-10.67960308,1.34431298,8.15016781
512,-10.56702601,1.61164802,8.11315292
513,-10.46351722,1.41716236,8.41970661
514,-10.45504446,1.87898306,8.07651179
515,-10.35313603,1.6844974,8.37904389
516,-10.24415939,1.95183244,8.34216555
517,-10.42049288,2.1463181,7.9049674
518,-10.38153417,2.1463181,7.97394322
519,-10.34257546,2.1463181,8.04291903
520,-10.26947127,2.41365314,7.94096731
521,-10.23071313,2.41365314,8.0096796
522,-10.13386129,2.21916748,8.30495014
523,-10.0241587,2.48650252,8.26810849
524,-9.81411325,2.5593519,8.5306197
525,-10.02892848,2.02468182,8.60853931
526,-9.92082337,2.29201686,8.567702
527,-9.8093272,2.02468182,8.81665048
528,-9.6058473,2.02468182,9.01205046
529,-9.4023674,2.02468182,9.20745044
530,-9.18276612,2.02468182,9.41556161
531,-9.91576313,0.00763813,9.53248187
532,-9.90353947,0.0458288,9.53270412
533,-9.88131389,0.08401947,9.54230122
534,-9.85910985,0.12221014,9.55188919
535,-9.83692736,0.16040081,9.56146803
536,-9.81479649,0.19859148,9.5710008
537,-9.79268713,0.23678215,9.58052448
538,-9.77059926,0.27497282,9.59003907
539,-9.69551222,0.00763813,9.73887307
540,-9.6741281,0.0458288,9.74783149
541,-9.65206469,0.08401947,9.75731459
542,-9.63002282,0.12221014,9.76678857
543,-9.60873145,0.16040081,9.77568378
544,-9.46593869,0.00763813,9.95411443
545,-9.44471674,0.0458288,9.96295885
546,-9.42281549,0.08401947,9.97232797
547,-9.58676224,0.19859148,9.78510286
548,-9.56481452,0.23678215,9.79451285
549,-9.54361571,0.27497282,9.80334502
550,-9.40166526,0.12221014,9.98111801
551,-9.38053554,0.16040081,9.98989952
552,-9.23636516,0.00763813,10.16935578
553,-9.22186957,0.00763813,10.17977871
554,-9.20742,0.00763813,10.19017407
555,-9.21530537,0.0458288,10.17808622
556,-9.200866,0.0458288,10.18847607
557,-9.19297042,0.00763813,10.20056943
558,-9.17847483,0.00763813,10.21099236
559,-9.18642663,0.0458288,10.19886593
560,-9.17198726,0.0458288,10.20925578
561,-9.19429629,0.08401947,10.18677109
562,-9.17986712,0.08401947,10.19715544
563,-9.16543796,0.08401947,10.20753979
564,-9.17330771,0.12221014,10.19544744
565,-9.15888875,0.12221014,10.20582628
566,-9.15233964,0.16040081,10.20411527
567,-9.35872798,0.19859148,9.99920492
568,-9.33766984,0.23678215,10.00793218
569,-9.31663217,0.27497282,10.01665096
570,-9.16402526,0.00763813,10.22138772
571,-9.14957568,0.00763813,10.23178308
572,-9.13508009,0.00763813,10.24220601
573,-9.15754789,0.0458288,10.21964564
574,-9.14310852,0.0458288,10.23003549
575,-9.15105474,0.08401947,10.2178966
576,-9.13662558,0.08401947,10.22828095
577,-9.14451571,0.12221014,10.2161776
578,-9.13014267,0.12221014,10.22652892
579,-9.13797677,0.16040081,10.21446109
580,-9.13142217,0.19859148,10.21273763
581,-9.12866915,0.0458288,10.24042534
582,-9.12219642,0.08401947,10.23866529
583,-9.11572371,0.12221014,10.23690776
584,-9.1236139,0.16040081,10.22480692
585,-9.10925103,0.16040081,10.23515275
586,-9.11706947,0.19859148,10.22307796
587,-9.10271678,0.19859148,10.2334183
588,-9.11052516,0.23678215,10.2213515
589,-9.09618264,0.23678215,10.23168635
590,-9.08964862,0.27497282,10.2299569
591,-8.83589404,0.00763813,10.40736651
592,-8.82969444,0.0458288,10.40549838
593,-8.82438439,0.08401947,10.40321329
594,-8.81812235,0.12221014,10.40136852
595,-8.81186034,0.16040081,10.39952627
596,-8.80648608,0.19859148,10.39726771
597,-8.80016194,0.23678215,10.39544876
598,-8.79383791,0.27497282,10.3936323
599,-9.47441306,1.14982732,9.50143647
600,-9.267513,1.14982732,9.69927519
601,-9.04422059,1.14982732,9.90998374
602,-8.82092817,1.14982732,10.1206923
603,-8.97928622,2.02468182,9.61096159
604,-8.77580633,2.02468182,9.80636157
605,-12.31200552,3.52118111,8.08825886
606,-11.61462818,2.94832179,8.0124458
607,-10.89462425,3.2538475,8.0529788
608,-11.62205303,3.82670682,8.12836644
609,-12.30269187,4.39956614,8.20295645
610,-12.20359186,5.27795117,8.31577869
611,-10.93958615,4.13223253,8.16824714
612,-11.6222414,4.70509185,8.24241173
613,-10.94927653,5.01061756,8.28164013
614,-10.11945747,2.68098818,7.9767935
615,-9.77868835,3.27335175,8.05555865
616,-9.91585919,2.75383756,8.23499203
617,-9.70797907,2.82668694,8.49390578
618,-9.80627871,3.0211726,8.20152617
619,-9.6973049,3.28850764,8.16841363
620,-10.18244302,3.55937321,8.0932849
621,-9.60055545,3.09402198,8.45686361
622,-9.49452534,3.36135702,8.42351729
623,-9.38908234,3.62869206,8.39051889
624,-9.44314624,3.86571533,8.13347091
625,-9.36274489,3.88087122,8.2453501
626,-9.28239037,3.8960271,8.35717992
627,-9.49583767,2.89953632,8.75353079
628,-9.29577793,2.89953632,8.94649203
629,-9.39139407,3.16687136,8.71624454
630,-9.09571819,2.89953632,9.13945327
631,-8.89565846,2.89953632,9.33241451
632,-9.28752641,3.4342064,8.67932667
633,-9.18423471,3.70154144,8.64277716
634,-9.080474,3.96887648,8.60920096
635,-8.99162481,3.77439083,8.88937368
636,-8.79498523,3.77439083,9.07989618
637,-8.59834565,3.77439083,9.27041868
638,-10.23722295,4.43775824,8.20790095
639,-9.84278248,4.15173678,8.17078535
640,-10.28379727,5.31614326,8.32064165
641,-9.898671,5.03012181,8.2841367
642,-9.11283113,4.45807891,8.2105303
643,-9.03341188,4.47323479,8.32143369
644,-8.95403947,4.48839068,8.43228772
645,-8.8747139,4.50354656,8.54309237
646,-9.50834895,4.74410036,8.24743292
647,-9.1550595,5.33646394,8.32322761
648,-8.79278796,5.05044249,8.2867368
649,-8.71843891,5.06559837,8.3917109
650,-8.64004578,5.08075426,8.50159025
651,-8.9773004,4.23621152,8.5759727
652,-8.88994063,4.04172587,8.85228966
653,-8.78883241,4.30906091,8.81557401
654,-8.68907902,4.57639595,8.7824901
655,-8.69559872,2.89953632,9.52537575
656,-16.2586367,1.11516753,11.78124336
657,-16.2586367,1.11516753,12.61183892
658,-15.35612459,2.29907827,11.74140011
659,-15.35612459,2.29907827,12.55814677
660,-16.2586367,1.11516753,13.37432564
661,-16.2586367,1.11516753,14.20492119
662,-16.2586367,1.11516753,15.03551675
663,-15.35612459,2.29907827,13.30792021
664,-15.35612459,2.29907827,14.05769365
665,-15.35612459,2.29907827,14.87444032
666,-14.39085838,1.11516753,15.03551675
667,-13.5301014,2.29907827,14.87444032
668,-14.47826471,3.48298901,11.76853008
669,-14.47826471,3.48298901,12.50559024
670,-14.47826471,3.48298901,13.2426504
671,-13.62505705,4.66689975,11.72982244
672,-13.62505705,4.66689975,12.45416932
673,-13.62505705,4.66689975,13.11381419
674,-14.47826471,3.48298901,13.97971056
675,-14.47826471,3.48298901,14.71677072
676,-13.62505705,4.66689975,13.83816107
677,-13.62505705,4.66689975,14.56250795
678,-12.52308007,1.11516753,15.03551675
679,-10.83909113,1.11516753,15.03551675
680,-11.8837589,2.29907827,14.87444032
681,-8.97131282,1.11516753,15.03551675
682,-10.23741639,2.29907827,14.87444032
683,-12.86956863,3.48298901,14.71677072
684,-11.26087255,3.48298901,14.71677072
685,-12.0540074,4.66689975,14.56250795
686,-9.65217647,3.48298901,14.71677072
687,-10.48295775,4.66689975,14.56250795
688,-9.08337137,4.66689975,14.56250795
689,-12.79650163,5.85081049,8.388348
690,-12.10022738,6.1563362,8.42672558
691,-11.55991015,5.58347688,8.35458168
692,-10.89679563,5.88900259,8.39315778
693,-11.46607999,6.46186191,8.46487627
694,-12.79650163,5.85081049,9.0364152
695,-11.99259843,7.03472123,8.53579712
696,-10.83908112,6.76738762,8.50280008
697,-11.99259843,7.03472123,9.17228665
698,-11.36798537,7.34024694,8.57329552
699,-10.75052082,7.64577264,8.61056703
700,-9.92255365,5.90850684,8.39561271
701,-10.24116671,6.19452829,8.431507
702,-9.54140446,5.62248539,8.35951958
703,-8.83632723,5.92882752,8.39816942
704,-9.18995035,6.21484897,8.43404958
705,-9.56712245,6.50087042,8.46973089
706,-9.88246784,6.78689187,8.50521337
707,-10.19330255,7.07291332,8.540497
708,-9.21750367,7.093234,8.54299619
709,-8.87252897,6.80721255,8.50772669
710,-9.83714844,7.6652769,8.61293867
711,-10.14020479,7.95129835,8.64761165
712,-9.5295814,7.37925545,8.57806685
713,-9.1597266,7.97161903,8.65006746
714,-8.87847108,7.68559757,8.61540861
715,-12.79650163,5.85081049,9.6844824
716,-12.79650163,5.85081049,10.396116
717,-12.79650163,5.85081049,11.0441832
718,-11.99259843,7.03472123,9.80877618
719,-11.99259843,7.03472123,10.44526571
720,-11.99259843,7.03472123,11.08175524
721,-11.21334747,8.21863197,8.67983941
722,-11.21334747,8.21863197,9.24345609
723,-10.21787821,8.36256181,8.69677525
724,-10.60576557,8.52415767,8.71645863
725,-9.76409732,8.54366193,8.71878863
726,-10.00533219,8.82968338,8.75285096
727,-9.4641673,8.25764048,8.68452747
728,-8.82344108,8.5639826,8.72121519
729,-9.3943877,9.13602551,8.78911273
730,-9.09758401,8.85000406,8.75526338
731,-10.30592673,10.5051501,7.83349025
732,-10.58089954,10.44896703,7.99483909
733,-10.58089954,10.72393985,7.99483909
734,-10.30592673,10.44896703,7.85267251
735,-10.30592673,10.44896703,7.99483909
736,-10.21787821,10.58645344,7.937485
737,-10.30592673,10.72393985,7.99483909
738,-10.45874873,9.4025427,8.82047488
739,-9.868198,9.70806841,8.85621491
740,-10.45874873,9.4025427,9.37364949
741,-9.72880223,10.58645344,8.95770352
742,-9.63320565,9.42204696,8.82276324
743,-9.26747696,10.01441054,8.89182265
744,-8.76404556,9.44236763,8.82514641
745,-9.03107592,9.72838909,8.85858395
746,-8.83780558,10.01441054,8.89182265
747,-9.5000524,10.30043199,8.92486251
748,-9.30470951,10.58645344,8.95770352
749,-9.29052347,10.58645344,8.98180406
750,-9.07317035,10.30043199,8.92486251
751,-8.6462883,10.30043199,8.92486251
752,-8.88061678,10.58645344,8.95770352
753,-8.86643075,10.58645344,8.98180406
754,-8.85224472,10.58645344,9.0059046
755,-11.21334747,8.21863197,9.86836795
756,-11.21334747,8.21863197,10.4932798
757,-11.21334747,8.21863197,11.05689648
758,-10.45874873,9.4025427,9.92682411
759,-9.72880223,10.58645344,9.50043607
760,-9.72880223,10.58645344,10.04316862
761,-9.29052347,10.58645344,9.52453661
762,-8.85224472,10.58645344,9.54863715
763,-9.29052347,10.58645344,10.06726916
764,-8.85224472,10.58645344,10.0913697
765,-10.45874873,9.4025427,10.54015829
766,-10.45874873,9.4025427,11.09333291
767,-9.72880223,10.58645344,10.58590117
768,-9.72880223,10.58645344,11.12863372
769,-9.29052347,10.58645344,10.61000171
770,-8.85224472,10.58645344,10.63410225
771,-9.29052347,10.58645344,11.15273426
772,-8.85224472,10.58645344,11.1768348
773,-12.79650163,5.85081049,11.6922504
774,-12.79650163,5.85081049,12.403884
775,-12.79650163,5.85081049,13.0519512
776,-11.99259843,7.03472123,11.71824476
777,-11.99259843,7.03472123,12.35473429
778,-11.99259843,7.03472123,12.99122382
779,-12.79650163,5.85081049,13.7000184
780,-12.79650163,5.85081049,14.411652
781,-11.2630984,5.85081049,14.411652
782,-11.99259843,7.03472123,13.62771335
783,-11.99259843,7.03472123,14.26420288
784,-9.89704974,5.85081049,14.411652
785,-10.6600875,7.03472123,14.26420288
786,-9.32757656,7.03472123,14.26420288
787,-11.21334747,8.21863197,11.68180834
788,-11.21334747,8.21863197,12.3067202
789,-11.21334747,8.21863197,12.87033687
790,-10.45874873,9.4025427,11.64650752
791,-10.45874873,9.4025427,12.25984171
792,-9.72880223,10.58645344,11.67136628
793,-9.72880223,10.58645344,12.21409883
794,-9.29052347,10.58645344,11.69546681
795,-8.85224472,10.58645344,11.71956735
796,-9.29052347,10.58645344,12.23819937
797,-8.85224472,10.58645344,12.2622999
798,-10.45874873,9.4025427,12.81301632
799,-9.72880223,10.58645344,12.75683138
800,-9.72880223,10.58645344,13.29956393
801,-9.29052347,10.58645344,12.78093192
802,-8.85224472,10.58645344,12.80503245
803,-8.80094703,10.58645344,12.8694081
804,-8.74964933,10.58645344,12.93378374
805,-8.61875554,10.58645344,13.04060184
806,-11.21334747,8.21863197,13.49524873
807,-11.21334747,8.21863197,14.12016059
808,-9.91437425,8.21863197,14.12016059
809,-8.61540104,8.21863197,14.12016059
810,-10.45874873,9.4025427,13.36619093
811,-10.45874873,9.4025427,13.97952512
812,-9.72880223,10.58645344,13.84229648
813,-9.19331324,9.4025427,13.97952512
814,-9.29052347,10.58645344,13.32366447
815,-9.23922578,10.58645344,13.38804011
816,-9.10833199,10.58645344,13.49485821
817,-9.02944674,10.58645344,13.53672056
818,-8.87724098,10.58645344,13.59638517
819,-8.77362319,10.58645344,13.61339016
820,-8.6478242,10.58645344,13.62756096
821,-8.52261496,1.14982732,10.33957107
822,-8.52562102,0.08401947,10.56819885
823,-8.52052099,0.12221014,10.56582928
824,-8.51446964,0.16040081,10.56389979
825,-8.53670799,0.00763813,10.57252701
826,-8.53071973,0.0458288,10.57057141
827,-8.50930605,0.19859148,10.561554
828,-8.50414123,0.23678215,10.55921117
829,-8.49802719,0.27497282,10.55730771
830,-8.24967142,0.00763813,10.73089655
831,-8.23174501,0.0458288,10.73564444
832,-8.22685764,0.08401947,10.73318442
833,-8.22196895,0.12221014,10.73072738
834,-8.21707895,0.16040081,10.72827332
835,-8.21212602,0.19859148,10.72584029
836,-8.20717186,0.23678215,10.72341022
837,-8.20221647,0.27497282,10.72098311
838,-7.96354596,0.00763813,10.88884718
839,-7.94582166,0.0458288,10.89351142
840,-7.92436759,0.12221014,10.89518814
841,-7.92904562,0.08401947,10.89773242
842,-7.91968825,0.16040081,10.89264684
843,-7.91589532,0.19859148,10.8896897
844,-7.91115116,0.23678215,10.88717263
845,-7.90640576,0.27497282,10.88465852
846,-7.6774205,0.00763813,11.04679781
847,-7.65989831,0.0458288,11.0513784
848,-7.64332438,0.08401947,11.05551574
849,-7.62676624,0.12221014,11.0596489
850,-7.62229756,0.16040081,11.05702036
851,-7.61871529,0.19859148,11.05397599
852,-7.61513045,0.23678215,11.05093503
853,-7.61059504,0.27497282,11.04833392
854,-8.23161463,1.14982732,10.50125343
855,-7.94061429,1.14982732,10.66293579
856,-7.67097688,1.14982732,10.81474278
857,-7.39038393,0.00763813,11.20516735
858,-7.37397497,0.0458288,11.20924538
859,-7.35760314,0.08401947,11.21329907
860,-7.34124711,0.12221014,11.21734858
861,-7.32490686,0.16040081,11.22139389
862,-7.32153526,0.19859148,11.21826227
863,-7.31816108,0.23678215,11.21513409
864,-7.31478433,0.27497282,11.21200933
865,-7.10425847,0.00763813,11.36311798
866,-7.08805162,0.0458288,11.36711236
867,-7.07279173,0.08401947,11.37066393
868,-7.05663716,0.12221014,11.37463001
869,-7.04049838,0.16040081,11.37859189
870,-7.02530456,0.19859148,11.38211169
871,-7.02214037,0.23678215,11.3788965
872,-7.01897361,0.27497282,11.37568473
873,-7.37997655,1.14982732,10.97642514
874,-7.08897621,1.14982732,11.1381075
875,-6.8193388,1.14982732,11.28991449
876,-8.55620505,2.02468182,10.01447274
877,-8.2628231,2.02468182,10.23065341
878,-7.96944115,2.02468182,10.44683409
879,-7.68325119,2.02468182,10.6065234
880,-7.41807103,2.02468182,10.75645908
881,-7.15289086,2.02468182,10.90639476
882,-6.8667009,2.02468182,11.06608408
883,-6.60152073,2.02468182,11.21601975
884,-6.33634057,2.02468182,11.36595543
885,-8.4172855,3.77439083,9.44854728
886,-8.49930443,4.64924533,9.02259519
887,-8.30608501,4.64924533,9.21067895
888,-8.12817405,4.64924533,9.38652745
889,-8.58809179,4.84373099,8.74906978
890,-8.40037969,4.91658037,8.9857134
891,-8.56169949,5.09591014,8.61142023
892,-8.48769165,5.11106603,8.71599739
893,-8.30280022,5.18391541,8.95243399
894,-8.49553898,2.89953632,9.71833699
895,-8.29547924,2.89953632,9.91129823
896,-8.00702856,2.89953632,10.1247808
897,-7.71857787,2.89953632,10.33826338
898,-8.22064592,3.77439083,9.63906978
899,-8.02400634,3.77439083,9.82959228
900,-7.76294971,3.77439083,10.02666477
901,-7.47943029,3.77439083,10.23744924
902,-7.19591087,3.77439083,10.44823372
903,-7.43012719,2.89953632,10.55174595
904,-7.16940426,2.89953632,10.69981032
905,-6.90868133,2.89953632,10.84787468
906,-6.64795841,2.89953632,10.99593905
907,-6.93485423,3.77439083,10.64530621
908,-6.67858854,3.77439083,10.79149926
909,-7.95026309,4.64924533,9.56237596
910,-7.75704367,4.64924533,9.75045972
911,-7.5005276,4.64924533,9.94500963
912,-7.24401153,4.64924533,10.13955953
913,-6.96542338,4.64924533,10.34764591
914,-6.70890731,4.64924533,10.54219582
915,-6.45239124,4.64924533,10.73674573
916,-6.38723548,2.89953632,11.14400342
917,-6.12651255,2.89953632,11.29206778
918,-6.42232285,3.77439083,10.93769232
919,-6.18636068,3.77439083,11.0743752
920,-5.93009499,3.77439083,11.22056826
921,-5.6738293,3.77439083,11.36676131
922,-6.20058279,4.64924533,10.88106747
923,-5.96872471,4.64924533,11.01600077
924,-5.73686663,4.64924533,11.15093408
925,-5.48505818,4.64924533,11.29525582
926,-6.81813301,0.00763813,11.52106861
927,-6.80212827,0.0458288,11.52497934
928,-6.78707049,0.08401947,11.52844726
929,-6.77202721,0.12221014,11.53191144
930,-6.7560899,0.16040081,11.5357899
931,-6.74109755,0.19859148,11.53922626
932,-6.72611967,0.23678215,11.5426589
933,-6.7231629,0.27497282,11.53936014
934,-6.53109644,0.00763813,11.67943815
935,-6.51294473,0.00763813,11.68585273
936,-6.51620492,0.0458288,11.68284632
937,-6.49485065,0.00763813,11.69225034
938,-6.49812361,0.0458288,11.68924054
939,-6.4800423,0.0458288,11.69563476
940,-6.47675656,0.00763813,11.69864795
941,-6.45860485,0.00763813,11.70506252
942,-6.461961,0.0458288,11.70202898
943,-6.50134925,0.08401947,11.68623059
944,-6.48328073,0.08401947,11.69262143
945,-6.48650809,0.12221014,11.68961112
946,-6.46845234,0.12221014,11.69599857
947,-6.47168142,0.16040081,11.6929879
948,-6.4652122,0.08401947,11.69901226
949,-6.44720121,0.08401947,11.70538614
950,-6.45045409,0.12221014,11.70236907
951,-6.45369591,0.16040081,11.69935503
952,-6.45689054,0.19859148,11.69634084
953,-6.52833847,1.14982732,11.45159685
954,-6.44051076,0.00763813,11.71146013
955,-6.42241668,0.00763813,11.71785774
956,-6.40426497,0.00763813,11.72427232
957,-6.44387969,0.0458288,11.70842321
958,-6.42579838,0.0458288,11.71481743
959,-6.40771707,0.0458288,11.72121165
960,-6.42913268,0.08401947,11.71177698
961,-6.43245584,0.12221014,11.70873958
962,-6.4144001,0.12221014,11.71512702
963,-6.41106416,0.08401947,11.71816781
964,-6.4357104,0.16040081,11.70572215
965,-6.41772489,0.16040081,11.71208928
966,-6.43891777,0.19859148,11.70270459
967,-6.420945,0.19859148,11.70906833
968,-6.44211412,0.23678215,11.69969005
969,-6.42415409,0.23678215,11.70605042
970,-6.42735218,0.27497282,11.70303554
971,-6.05585544,0.00763813,11.82809655
972,-6.05955365,0.0458288,11.8249809
973,-6.07140609,0.16040081,11.81541879
974,-6.06425471,0.08401947,11.82160701
975,-6.06783597,0.12221014,11.81851138
976,-6.07597704,0.19859148,11.81206838
977,-6.07943068,0.23678215,11.80899578
978,-6.0828733,0.27497282,11.8059262
979,-5.7074459,0.00763813,11.93192079
980,-5.71139022,0.0458288,11.92875014
981,-5.71633739,0.08401947,11.92532127
982,-5.72127185,0.12221014,11.92189573
983,-5.72508729,0.16040081,11.91874831
984,-5.72990357,0.19859148,11.91534306
985,-5.73470727,0.23678215,11.91194113
986,-5.73839443,0.27497282,11.90881686
987,-5.37379793,0.00763813,12.03129341
988,-5.37360064,0.12221014,12.02555501
989,-5.37876849,0.16040081,12.02207783
990,-5.38383009,0.19859148,12.01861774
991,-5.38887911,0.23678215,12.01516097
992,-5.39391556,0.27497282,12.01170752
993,-6.23733813,1.14982732,11.61327921
994,-5.8843797,1.11602626,11.74640161
995,-5.54528619,1.11602626,11.8480878
996,-5.36322679,0.0458288,12.03251939
997,-5.36842007,0.08401947,12.02903553
998,-5.04120902,0.00763813,12.13040318
999,-5.03087282,0.0458288,12.13157667
1000,-5.02161062,0.08401947,12.13247472
1001,-5.02703651,0.12221014,12.12893937
1002,-5.03244969,0.16040081,12.12540734
1003,-5.03886214,0.19859148,12.12161778
1004,-5.0441557,0.23678215,12.11810632
1005,-5.04943668,0.27497282,12.11459818
1006,-4.70862012,0.00763813,12.22951294
1007,-4.69851884,0.0458288,12.23063395
1008,-4.68613089,0.16040081,12.22873686
1009,-4.68949158,0.08401947,12.23147952
1010,-4.68047239,0.12221014,12.23232372
1011,-4.69943228,0.23678215,12.22105168
1012,-4.70495781,0.27497282,12.21748885
1013,-4.69278866,0.19859148,12.22489246
1014,-4.37497215,0.00763813,12.32888557
1015,-4.36616487,0.0458288,12.32969123
1016,-4.35737254,0.08401947,12.33048431
1017,-4.34858828,0.12221014,12.33127602
1018,-4.33981209,0.16040081,12.33206638
1019,-4.34671518,0.19859148,12.32816714
1020,-4.35360413,0.23678215,12.32427151
1021,-4.36047893,0.27497282,12.32037951
1022,-5.20619269,1.11602626,11.94977399
1023,-4.89103095,1.11602626,12.04548927
1024,-4.55193744,1.11602626,12.14717545
1025,-5.70303424,1.99088076,11.6570872
1026,-6.05015061,2.02468182,11.52564475
1027,-5.35546221,1.9570797,11.7886563
1028,-5.02175408,1.9570797,11.88913802
1029,-4.71159763,1.9570797,11.98371955
1030,-4.40144118,1.9570797,12.07830108
1031,-7.1035345,1.11516753,15.03551675
1032,-8.41139321,2.29907827,14.87444032
1033,-6.7650507,2.29907827,14.87444032
1034,-5.41954557,1.11516753,15.03551675
1035,-5.1187082,2.29907827,14.87444032
1036,-5.86578962,2.89953632,11.44013215
1037,-5.52451531,2.86573526,11.56989466
1038,-5.18278534,2.8319342,11.69978381
1039,-4.84059973,2.79813314,11.82979961
1040,-4.53544857,2.79813314,11.92324739
1041,-5.36585293,3.74058976,11.48634478
1042,-5.02997646,3.7067887,11.61455474
1043,-4.69364434,3.67298764,11.74289134
1044,-4.38226399,3.63918658,11.86348105
1045,-5.18243952,4.61544427,11.4132731
1046,-4.87940209,4.5816432,11.53140861
1047,-4.54892347,4.54784214,11.65806602
1048,-8.04348039,3.48298901,14.71677072
1049,-7.51232172,4.66689975,14.56250795
1050,-6.43478431,3.48298901,14.71677072
1051,-4.82608824,3.48298901,14.71677072
1052,-5.94127206,4.66689975,14.56250795
1053,-4.21284394,1.11602626,12.24886164
1054,-3.8976822,1.11602626,12.34457692
1055,-4.04238324,0.00763813,12.42799533
1056,-4.03381089,0.0458288,12.42874851
1057,-4.02631106,0.08401947,12.42922652
1058,-4.01776099,0.12221014,12.42996589
1059,-4.00921898,0.16040081,12.43070389
1060,-4.00174723,0.19859148,12.43116718
1061,-4.00888072,0.23678215,12.42721687
1062,-4.01600006,0.27497282,12.42327017
1063,-3.70979433,0.00763813,12.5271051
1064,-3.70145692,0.0458288,12.52780579
1065,-3.69419202,0.08401947,12.52823131
1066,-3.68693369,0.12221014,12.52865575
1067,-3.67862588,0.16040081,12.52934141
1068,-3.67138831,0.19859148,12.52975235
1069,-3.6641573,0.23678215,12.53016222
1070,-3.67152118,0.27497282,12.52616083
1071,-3.37614636,0.00763813,12.62647772
1072,-3.3569481,0.00763813,12.62859834
1073,-3.36910294,0.0458288,12.62686306
1074,-3.36207297,0.08401947,12.6272361
1075,-3.33781077,0.00763813,12.63071335
1076,-3.31867345,0.00763813,12.63282836
1077,-3.29947518,0.00763813,12.63494897
1078,-3.34997913,0.0458288,12.62897695
1079,-3.33085533,0.0458288,12.63109084
1080,-3.31173152,0.0458288,12.63320473
1081,-3.29260771,0.0458288,12.63531862
1082,-3.28033785,0.00763813,12.63706398
1083,-3.26120053,0.00763813,12.63917899
1084,-3.24200226,0.00763813,12.64129961
1085,-3.2734839,0.0458288,12.6374325
1086,-3.25436009,0.0458288,12.63954639
1087,-3.34296268,0.08401947,12.62934887
1088,-3.32385239,0.08401947,12.63146164
1089,-3.35504958,0.12221014,12.62760806
1090,-3.33595281,0.12221014,12.6297197
1091,-3.30480296,0.08401947,12.6335688
1092,-3.31691685,0.12221014,12.63182575
1093,-3.29788089,0.12221014,12.6339318
1094,-3.34803277,0.16040081,12.62797892
1095,-3.32901028,0.16040081,12.63008385
1096,-3.30998779,0.16040081,12.63218878
1097,-3.29096531,0.16040081,12.63429372
1098,-3.28569267,0.08401947,12.63568157
1099,-3.26658238,0.08401947,12.63779434
1100,-3.27878411,0.12221014,12.63604345
1101,-3.34102938,0.19859148,12.62833752
1102,-3.32202037,0.19859148,12.63044133
1103,-3.30301136,0.19859148,12.63254515
1104,-3.33403256,0.23678215,12.62869504
1105,-3.31503702,0.23678215,12.63079774
1106,-3.32704231,0.27497282,12.62905149
1107,-3.55858869,1.11602626,12.44626311
1108,-2.95737094,0.27497282,12.66414558
1109,-2.86811278,0.00763813,12.67671212
1110,-2.88073471,0.0458288,12.67494015
1111,-2.89441,0.08401947,12.67307552
1112,-2.906875,0.12221014,12.67130592
1113,-2.91931945,0.16040081,12.66953749
1114,-2.93281514,0.19859148,12.66767654
1115,-2.94510323,0.23678215,12.66591048
1116,-2.5476736,0.16040081,12.70478126
1117,-2.49422329,0.00763813,12.71212463
1118,-2.50710933,0.0458288,12.71033391
1119,-2.52104872,0.08401947,12.70845053
1120,-2.53496588,0.12221014,12.7065684
1121,-2.56143256,0.19859148,12.70290161
1122,-2.57516944,0.23678215,12.70102322
1123,-2.58769957,0.27497282,12.69923967
1124,-2.16186872,0.12221014,12.74192465
1125,-2.17602775,0.16040081,12.74002504
1126,-2.19004997,0.19859148,12.73812668
1127,-2.20405012,0.23678215,12.73622959
1128,-2.2180282,0.27497282,12.73433375
1129,-3.21949519,1.11602626,12.54794929
1130,-2.86556388,1.06573061,12.59315548
1131,-2.50132613,1.06573061,12.62786332
1132,-4.06773305,1.9570797,12.17878279
1133,-3.7575766,1.9570797,12.27336432
1134,-3.44742015,1.9570797,12.36794585
1135,-3.11371202,1.9570797,12.46842756
1136,-2.76539217,1.90678405,12.51306103
1137,-2.41639488,1.85648841,12.55775735
1138,-2.13725821,0.00763813,12.74591623
1139,-2.13348396,0.0458288,12.74572767
1140,-2.14768745,0.08401947,12.74382553
1141,-1.7814262,0.00763813,12.77961845
1142,-1.7779033,0.0458288,12.77941204
1143,-1.7899596,0.12221014,12.77718713
1144,-1.77551507,0.08401947,12.77910671
1145,-1.8043819,0.16040081,12.77526881
1146,-1.81985376,0.19859148,12.77325808
1147,-1.83411633,0.23678215,12.77134233
1148,-1.84835684,0.27497282,12.76942784
1149,-1.42559419,0.00763813,12.81332067
1150,-1.42232264,0.0458288,12.81309641
1151,-1.42018576,0.08401947,12.81277323
1152,-1.41805049,0.12221014,12.81244961
1153,-1.43273605,0.16040081,12.81051258
1154,-1.47868547,0.27497282,12.80452193
1155,-1.44847117,0.19859148,12.80848315
1156,-1.46418254,0.23678215,12.80645507
1157,-1.07708858,0.19859148,12.84370822
1158,-1.09306322,0.23678215,12.84166144
1159,-1.1090141,0.27497282,12.83961602
1160,-2.13708837,1.06573061,12.66257115
1161,-1.79701969,1.06573061,12.69536285
1162,-1.43278194,1.06573061,12.73007068
1163,-1.0686291,0.00763813,12.84711228
1164,-1.06674198,0.0458288,12.84678078
1165,-1.06485645,0.08401947,12.84643976
1166,-1.06297253,0.12221014,12.84609828
1167,-1.0610902,0.16040081,12.84575636
1168,-0.71279709,0.00763813,12.88081449
1169,-0.71116132,0.0458288,12.88046515
1170,-0.71065862,0.08401947,12.88001699
1171,-0.70902524,0.12221014,12.87965771
1172,-0.70739347,0.16040081,12.87929799
1173,-0.70689237,0.19859148,12.87883962
1174,-0.72312943,0.23678215,12.87677418
1175,-0.73934273,0.27497282,12.87471011
1176,-0.35696509,0.00763813,12.91451671
1177,-0.35558066,0.0458288,12.91414952
1178,-0.35532931,0.08401947,12.91368351
1179,-0.35507796,0.12221014,12.91321715
1180,-0.35369673,0.16040081,12.91283962
1181,-0.35344618,0.19859148,12.91236345
1182,-0.35319563,0.23678215,12.91188692
1183,-0.36967137,0.27497282,12.9098042
1184,-1.06854419,1.06573061,12.76477851
1185,-0.72847551,1.06573061,12.79757021
1186,-0.36423775,1.06573061,12.83227804
1187,-2.05759074,1.85648841,12.59207893
1188,-1.72259512,1.85648841,12.62450569
1189,-1.38759951,1.85648841,12.65693246
1190,-1.9795353,2.64724621,12.52285709
1191,-1.64961275,2.64724621,12.55491893
1192,-1.3196902,2.64724621,12.58698076
1193,-1.02879537,1.85648841,12.69125404
1194,-0.69379975,1.85648841,12.7236808
1195,-0.35880414,1.85648841,12.75610757
1196,-0.98976765,2.64724621,12.6190426
1197,-0.6598451,2.64724621,12.65110443
1198,-0.32992255,2.64724621,12.68316627
1199,-3.55176725,1.11516753,15.03551675
1200,-3.29268501,2.29907827,14.87444032
1201,-1.68398893,1.11516753,15.03551675
1202,-4.23029742,2.79813314,12.01669517
1203,-3.92514627,2.79813314,12.11014296
1204,-3.61999511,2.79813314,12.20359074
1205,-3.31484396,2.79813314,12.29703852
1206,-4.08211813,3.63918658,11.95579508
1207,-3.78197227,3.63918658,12.04810912
1208,-3.50461794,3.63918658,12.13466442
1209,-3.20447209,3.63918658,12.22697845
1210,-2.90432623,3.63918658,12.31929248
1211,-3.0096928,2.79813314,12.3904863
1212,-2.66698442,2.74783749,12.43454705
1213,-2.32359858,2.69754185,12.47867065
1214,-2.59335924,3.58889093,12.36004431
1215,-2.2556078,3.53859529,12.40359697
1216,-4.24295589,4.51404108,11.77707712
1217,-3.93656672,4.48024002,11.89620709
1218,-3.64142615,4.48024002,11.98738738
1219,-3.36869704,4.48024002,12.07287965
1220,-3.80490591,5.35509452,11.8103075
1221,-3.50350791,5.32129346,11.92797774
1222,-3.23540402,5.32129346,12.01240699
1223,-3.09596793,4.48024002,12.15837193
1224,-2.80082737,4.48024002,12.24955222
1225,-2.49503337,4.42994437,12.28976875
1226,-2.188614,4.37964873,12.33004411
1227,-2.96730013,5.32129346,12.09683625
1228,-2.69919624,5.32129346,12.1812655
1229,-2.39857523,5.27099781,12.22094674
1230,-1.9171789,3.48829965,12.44721248
1231,-1.60115999,3.43800401,12.4884547
1232,-1.27631051,3.43800401,12.52015161
1233,-0.95146102,3.43800401,12.55184851
1234,-0.64969897,3.43800401,12.58169325
1235,-0.32484948,3.43800401,12.61339016
1236,-2.09732885,5.22070217,12.26068679
1237,-1.79545709,5.17040653,12.30048567
1238,-1.48994,5.12011089,12.34064569
1239,-1.8558195,4.32935309,12.37308868
1240,-1.5450515,4.27905745,12.41378979
1241,-1.23365192,4.22876181,12.45455019
1242,-1.18379132,5.06981525,12.38086498
1243,-0.9138755,4.22876181,12.48588216
1244,-0.61682596,4.22876181,12.5153833
1245,-0.31977642,4.22876181,12.54488443
1246,-0.87701107,5.01951961,12.42114355
1247,-0.58467405,5.01951961,12.45030108
1248,-0.29233702,5.01951961,12.4794586
1249,-3.1420993,4.66689975,14.56250795
1250,-1.60869608,3.48298901,14.71677072
1251,-8.47784988,5.64280606,8.36209041
1252,-8.40443194,5.65796195,8.46613249
1253,-8.16801687,6.23516964,8.43659115
1254,-8.09553005,6.25032553,8.53970119
1255,-8.52270004,6.52119109,8.47225834
1256,-8.3310583,5.67311783,8.57012742
1257,-8.25369129,5.68827372,8.67898273
1258,-8.20578829,5.45125045,8.91949713
1259,-8.18061082,5.7034296,8.78263121
1260,-8.10757452,5.71858549,8.88623268
1261,-8.01887654,5.52409983,9.15319531
1262,-7.84411477,5.52409983,9.32676373
1263,-7.92347099,5.79143487,9.11972042
1264,-8.02308753,6.26548141,8.64276409
1265,-7.95068932,6.2806373,8.74577986
1266,-7.8785362,6.29579318,8.84849967
1267,-7.80642727,6.31094907,8.95117246
1268,-7.82863298,6.05876991,9.08658806
1269,-7.73436251,6.32610495,9.05379824
1270,-7.56589911,6.39895433,9.27505418
1271,-7.47315198,6.66628937,9.24176413
1272,-7.39428652,6.39895433,9.44634249
1273,-8.19097315,7.11355467,8.54549438
1274,-7.86815102,6.82753322,8.51023901
1275,-7.8005351,6.8426891,8.60759479
1276,-7.72902087,6.85784499,8.70972678
1277,-7.65755094,6.87300087,8.81181163
1278,-7.59026119,6.88815676,8.9087839
1279,-7.51907679,6.90331264,9.01052914
1280,-8.53714923,7.39957612,8.58055092
1281,-8.20745999,7.9919397,8.65252227
1282,-7.89262051,7.70591825,8.61787754
1283,-7.57326832,7.4198968,8.58303398
1284,-7.44793656,6.91846853,9.11222736
1285,-7.3809724,6.93362441,9.20881663
1286,-7.12424316,7.27380884,9.39445459
1287,-7.50653252,7.43505268,8.67950149
1288,-7.4398385,7.45020857,8.7759241
1289,-7.36929687,7.46536445,8.87707804
1290,-7.30288348,7.48052034,8.9731654
1291,-7.28336879,8.01226037,8.65497607
1292,-7.21751311,8.02741626,8.7505553
1293,-7.15169921,8.04257214,8.84608964
1294,-7.23651174,7.49567622,9.06920797
1295,-7.16629605,7.51083211,9.16997863
1296,-7.1002045,7.52598799,9.26568635
1297,-7.03415446,7.54114388,9.3613494
1298,-7.66935299,5.52409983,9.50033214
1299,-7.49459122,5.52409983,9.67390055
1300,-7.24261572,5.52409983,9.86592787
1301,-6.99064022,5.52409983,10.0579552
1302,-6.73866471,5.52409983,10.24998253
1303,-6.48668921,5.52409983,10.44200985
1304,-7.22267393,6.39895433,9.61763081
1305,-6.99652969,6.39895433,9.79395012
1306,-6.74909476,6.39895433,9.98345487
1307,-6.50165982,6.39895433,10.17295961
1308,-6.95577976,7.27380884,9.56346281
1309,-6.73378539,7.27380884,9.73743506
1310,-6.51179102,7.27380884,9.9114073
1311,-6.27551558,6.39895433,10.34927892
1312,-6.23471371,5.52409983,10.63403718
1313,-5.98273821,5.52409983,10.8260645
1314,-5.75498423,5.52409983,10.95924823
1315,-5.52723025,5.52409983,11.09243196
1316,-6.02808065,6.39895433,10.53878367
1317,-5.78064571,6.39895433,10.72828841
1318,-5.55450147,6.39895433,10.90460772
1319,-5.29947627,5.52409983,11.22561568
1320,-5.00221532,5.49029877,11.34206677
1321,-4.84132233,6.36515327,11.27418822
1322,-5.33085159,6.39895433,11.03604187
1323,-5.10720171,6.39895433,11.16747602
1324,-4.54901176,6.33135221,11.3891921
1325,-6.26889666,7.27380884,10.09838947
1326,-6.04690229,7.27380884,10.27236171
1327,-5.82490792,7.27380884,10.44633396
1328,-5.58201355,7.27380884,10.63331612
1329,-5.36001919,7.27380884,10.80728837
1330,-5.13802482,7.27380884,10.98126062
1331,-4.91847904,7.27380884,11.11094519
1332,-4.65747301,7.24000777,11.21620495
1333,-4.39608511,7.20620671,11.32157455
1334,-8.54512899,8.27796115,8.68696815
1335,-7.59925102,8.29828183,8.68940782
1336,-7.91062056,8.58430328,8.72364073
1337,-8.2174774,8.87032473,8.7576748
1338,-8.49284606,9.15634618,8.79151003
1339,-7.74691092,8.87032473,8.7576748
1340,-8.04003189,9.15634618,8.79151003
1341,-7.57244291,9.15634618,8.79151003
1342,-7.12272957,8.29828183,8.68940782
1343,-7.05730629,8.31343771,8.78455816
1344,-7.08592709,8.05772803,8.94157908
1345,-6.99192479,8.3285936,8.87966359
1346,-7.43707659,8.58430328,8.72364073
1347,-6.92846801,8.34374948,8.97244927
1348,-6.96353263,8.58430328,8.72364073
1349,-6.89854175,8.59945916,8.81836217
1350,-6.83546445,8.61461505,8.9107735
1351,-6.77242767,8.62977093,9.00314103
1352,-7.02039007,8.07288391,9.03678152
1353,-6.9548947,8.0880398,9.13193918
1354,-6.88944097,8.10319568,9.22705206
1355,-6.86336157,8.35890537,9.06722444
1356,-6.79829676,8.37406125,9.16195482
1357,-6.82422203,8.11835157,9.32187822
1358,-6.75904461,8.13350745,9.41665972
1359,-6.73515469,8.38921714,9.25436718
1360,-6.70775179,8.64492682,9.09748891
1361,-6.64498749,8.6600827,9.18952843
1362,-6.6703645,8.40437302,9.34876768
1363,-6.60561582,8.41952891,9.44312352
1364,-6.58977149,8.41952891,9.4693143
1365,-6.58226359,8.67523859,9.28152426
1366,-6.51790214,8.69039447,9.3754991
1367,-6.50215181,8.69039447,9.40157852
1368,-6.48640149,8.69039447,9.42765794
1369,-7.27634445,8.87032473,8.7576748
1370,-7.10485392,9.15634618,8.79151003
1371,-6.80577798,8.87032473,8.7576748
1372,-6.74308014,8.88548061,8.8497118
1373,-6.68042284,8.9006365,8.94170498
1374,-6.65203976,9.15634618,8.79151003
1375,-6.58976167,9.17150207,8.88312832
1376,-6.52752412,9.18665795,8.9747028
1377,-6.61780606,8.91579238,9.03365434
1378,-6.55541952,8.93094827,9.12532103
1379,-6.49307339,8.94610416,9.21694401
1380,-6.46717471,9.20181384,9.06398922
1381,-8.3141148,9.44236763,8.82514641
1382,-8.58402857,9.72838909,8.85858395
1383,-8.39364164,10.01441054,8.89182265
1384,-8.13698122,9.72838909,8.85858395
1385,-7.86418404,9.44236763,8.82514641
1386,-7.9494777,10.01441054,8.89182265
1387,-7.68993387,9.72838909,8.85858395
1388,-7.51980632,10.01441054,8.89182265
1389,-8.20500776,10.30043199,8.92486251
1390,-8.45652406,10.58645344,8.95770352
1391,-8.44233803,10.58645344,8.98180406
1392,-8.428152,10.58645344,9.0059046
1393,-7.77812571,10.30043199,8.92486251
1394,-8.03243134,10.58645344,8.95770352
1395,-8.0182453,10.58645344,8.98180406
1396,-8.00405927,10.58645344,9.0059046
1397,-7.60833861,10.58645344,8.95770352
1398,-7.59415258,10.58645344,8.98180406
1399,-7.57996655,10.58645344,9.0059046
1400,-8.41396597,10.58645344,9.03000514
1401,-7.98987324,10.58645344,9.03000514
1402,-7.97568721,10.58645344,9.05410567
1403,-7.56578052,10.58645344,9.03000514
1404,-7.55159449,10.58645344,9.05410567
1405,-7.53740846,10.58645344,9.07820621
1406,-7.39957255,9.44236763,8.82514641
1407,-7.24288651,9.72838909,8.85858395
1408,-7.07564238,10.01441054,8.89182265
1409,-6.94964179,9.44236763,8.82514641
1410,-6.49971103,9.44236763,8.82514641
1411,-6.79583916,9.72838909,8.85858395
1412,-6.63147844,10.01441054,8.89182265
1413,-7.35124366,10.30043199,8.92486251
1414,-7.18424589,10.58645344,8.95770352
1415,-7.17005986,10.58645344,8.98180406
1416,-7.15587383,10.58645344,9.0059046
1417,-6.90996313,10.30043199,8.92486251
1418,-6.48308108,10.30043199,8.92486251
1419,-6.76015317,10.58645344,8.95770352
1420,-6.74596713,10.58645344,8.98180406
1421,-6.7317811,10.58645344,9.0059046
1422,-7.1416878,10.58645344,9.03000514
1423,-7.12750177,10.58645344,9.05410567
1424,-7.11331574,10.58645344,9.07820621
1425,-7.09912971,10.58645344,9.10230675
1426,-6.71759507,10.58645344,9.03000514
1427,-6.70340904,10.58645344,9.05410567
1428,-6.68922301,10.58645344,9.07820621
1429,-6.67503698,10.58645344,9.10230675
1430,-6.66085095,10.58645344,9.12640729
1431,-6.42944718,8.69039447,9.49731943
1432,-6.43076766,8.96126004,9.3085233
1433,-6.41511134,8.96126004,9.33449136
1434,-6.39945502,8.96126004,9.36045941
1435,-6.38379869,8.96126004,9.38642746
1436,-6.32718432,8.96126004,9.45579148
1437,-6.4052061,9.21696972,9.15523883
1438,-6.3432779,9.23212561,9.24644474
1439,-6.32818282,9.23212561,9.27168857
1440,-6.31262051,9.23212561,9.29754525
1441,-6.29705819,9.23212561,9.32340194
1442,-6.28196312,9.23212561,9.34864577
1443,-6.22737826,9.23212561,9.41607529
1444,-6.17110381,9.23212561,9.48514184
1445,-6.4378527,9.45752352,8.91634601
1446,-6.37787137,9.4726794,9.0052672
1447,-6.34879181,9.72838909,8.85858395
1448,-6.28917855,9.74354497,8.94713992
1449,-6.20180706,10.01441054,8.89182265
1450,-6.14260091,10.02956642,8.97997012
1451,-6.31792931,9.48783529,9.09414565
1452,-6.25637863,9.50299117,9.18497819
1453,-6.24137474,9.50299117,9.21011329
1454,-6.22637085,9.50299117,9.23524839
1455,-6.21090253,9.50299117,9.26099371
1456,-6.19589864,9.50299117,9.28612882
1457,-6.18089475,9.50299117,9.31126392
1458,-6.12663962,9.50299117,9.37840302
1459,-6.07238448,9.50299117,9.44554212
1460,-6.22960457,9.75870086,9.03565315
1461,-6.17006986,9.77385674,9.12412365
1462,-6.15515715,9.77385674,9.14915003
1463,-6.14024444,9.77385674,9.17417641
1464,-6.12533173,9.77385674,9.19920278
1465,-6.11041902,9.77385674,9.22422916
1466,-6.09550631,9.77385674,9.24925554
1467,-6.08343403,10.04472231,9.06807486
1468,-6.06907128,10.04472231,9.09238757
1469,-6.05424975,10.04472231,9.11730522
1470,-6.03942822,10.04472231,9.14222287
1471,-6.02506547,10.04472231,9.16653558
1472,-6.01024395,10.04472231,9.19145323
1473,-5.99542242,10.04472231,9.21637088
1474,-5.98105967,10.04472231,9.2406836
1475,-6.0805936,9.77385674,9.27428191
1476,-6.02666819,9.77385674,9.34113059
1477,-5.97274277,9.77385674,9.40797927
1478,-5.91881736,9.77385674,9.47482795
1479,-5.92912295,10.04472231,9.30562598
1480,-5.87552725,10.04472231,9.37218424
1481,-5.82193156,10.04472231,9.43874249
1482,-6.05619903,10.30043199,8.92486251
1483,-5.99739998,10.31558788,9.01260148
1484,-6.33606044,10.58645344,8.95770352
1485,-6.32187441,10.58645344,8.98180406
1486,-6.30768838,10.58645344,9.0059046
1487,-5.91196772,10.58645344,8.95770352
1488,-5.89778169,10.58645344,8.98180406
1489,-5.88359566,10.58645344,9.0059046
1490,-5.98312559,10.31558788,9.03680811
1491,-5.9688512,10.31558788,9.06101473
1492,-5.95412086,10.31558788,9.08582365
1493,-5.93984647,10.31558788,9.11003028
1494,-5.92557207,10.31558788,9.13423691
1495,-5.91084173,10.31558788,9.15904583
1496,-6.29350235,10.58645344,9.03000514
1497,-6.27931632,10.58645344,9.05410567
1498,-6.26513029,10.58645344,9.07820621
1499,-6.25094426,10.58645344,9.10230675
1500,-6.23675823,10.58645344,9.12640729
1501,-6.2225722,10.58645344,9.15050783
1502,-5.89656734,10.31558788,9.18325245
1503,-5.88229295,10.31558788,9.20745908
1504,-5.83067574,10.31558788,9.2721181
1505,-5.77905853,10.31558788,9.33677711
1506,-5.72579256,10.31558788,9.40304495
1507,-5.67417535,10.31558788,9.46770396
1508,-5.86940963,10.58645344,9.03000514
1509,-5.8552236,10.58645344,9.05410567
1510,-5.84103757,10.58645344,9.07820621
1511,-5.82685154,10.58645344,9.10230675
1512,-5.81266551,10.58645344,9.12640729
1513,-5.79847947,10.58645344,9.15050783
1514,-5.78429344,10.58645344,9.17460837
1515,-5.73299575,10.58645344,9.23898401
1516,-5.68169806,10.58645344,9.30335966
1517,-5.63040036,10.58645344,9.3677353
1518,-5.57910267,10.58645344,9.43211095
1519,-5.52780498,10.58645344,9.49648659
1520,-6.69390871,8.14866334,9.51139655
1521,-6.47606422,8.14866334,9.68302173
1522,-6.53247726,8.41952891,9.53927327
1523,-8.41396597,10.58645344,9.57273769
1524,-7.97568721,10.58645344,9.59683823
1525,-7.53740846,10.58645344,9.62093876
1526,-8.41396597,10.58645344,10.11547024
1527,-7.97568721,10.58645344,10.13957078
1528,-7.53740846,10.58645344,10.16367131
1529,-7.09912971,10.58645344,9.6450393
1530,-6.66085095,10.58645344,9.66913984
1531,-7.09912971,10.58645344,10.18777185
1532,-6.66085095,10.58645344,10.21187239
1533,-6.60955326,10.58645344,10.27624804
1534,-6.55825557,10.58645344,10.34062368
1535,-6.50695787,10.58645344,10.40499933
1536,-8.41396597,10.58645344,10.65820279
1537,-7.97568721,10.58645344,10.68230333
1538,-7.53740846,10.58645344,10.70640387
1539,-8.41396597,10.58645344,11.20093534
1540,-7.97568721,10.58645344,11.22503588
1541,-7.53740846,10.58645344,11.24913642
1542,-7.09912971,10.58645344,10.7305044
1543,-7.04783201,10.58645344,10.79488005
1544,-6.99653432,10.58645344,10.85925569
1545,-6.45566018,10.58645344,10.46937497
1546,-6.94523663,10.58645344,10.92363134
1547,-7.48611077,10.58645344,11.31351206
1548,-7.43481307,10.58645344,11.37788771
1549,-6.89393893,10.58645344,10.98800698
1550,-6.84264124,10.58645344,11.05238263
1551,-6.79134354,10.58645344,11.11675827
1552,-6.66044975,10.58645344,11.22357637
1553,-6.52955596,10.58645344,11.33039447
1554,-6.25821972,8.14866334,9.85464691
1555,-6.38628241,8.41952891,9.65535573
1556,-6.37249288,8.69039447,9.56698092
1557,-6.22716541,8.69039447,9.68256979
1558,-6.16972277,8.41952891,9.82625423
1559,-6.08183793,8.69039447,9.79815865
1560,-5.86656314,8.69039447,9.96833047
1561,-6.04037522,8.14866334,10.02627209
1562,-5.95316312,8.41952891,9.99715273
1563,-5.82253073,8.14866334,10.19789728
1564,-5.60468623,8.14866334,10.36952246
1565,-5.74291595,8.41952891,10.16409437
1566,-5.65756336,8.69039447,10.13456226
1567,-5.5263563,8.41952891,10.33499288
1568,-5.44856359,8.69039447,10.30079405
1569,-6.27056995,8.96126004,9.52515549
1570,-6.21395557,8.96126004,9.59451951
1571,-6.06949547,8.96126004,9.70961478
1572,-5.92503537,8.96126004,9.82471005
1573,-6.11482937,9.23212561,9.55420838
1574,-6.06024451,9.23212561,9.6216379
1575,-5.92096302,9.23212561,9.73352328
1576,-5.78057527,8.96126004,9.93980532
1577,-5.77737029,9.23212561,9.84812495
1578,-5.63377757,9.23212561,9.96272663
1579,-5.5728229,8.96126004,10.10532725
1580,-5.49449608,9.23212561,10.07461201
1581,-5.36507053,8.96126004,10.27084918
1582,-5.15731815,8.96126004,10.43637112
1583,-5.28799111,9.23212561,10.23942408
1584,-5.08148614,9.23212561,10.40423616
1585,-5.38684173,8.14866334,10.54114764
1586,-5.16899724,8.14866334,10.71277282
1587,-4.95115274,8.14866334,10.88439801
1588,-5.30979666,8.41952891,10.50589138
1589,-5.2332888,8.69039447,10.47096587
1590,-5.09954949,8.41952891,10.67283302
1591,-5.02428903,8.69039447,10.63719766
1592,-4.88298984,8.41952891,10.84373152
1593,-4.81528926,8.69039447,10.80342945
1594,-4.73330824,8.14866334,11.05602319
1595,-4.47717558,8.11486228,11.15983052
1596,-4.6664302,8.41952891,11.01463003
1597,-4.57832352,8.41952891,11.06012311
1598,-4.60001446,8.69039447,10.97360127
1599,-4.51243052,8.69039447,11.01890091
1600,-4.42484658,8.69039447,11.06420056
1601,-4.32362687,8.38572784,11.16349178
1602,-4.94956578,8.96126004,10.60189305
1603,-4.88118128,9.23212561,10.56514185
1604,-4.74181341,8.96126004,10.76741498
1605,-4.67467631,9.23212561,10.72995393
1606,-4.46817134,9.23212561,10.89476601
1607,-4.53406104,8.96126004,10.93293691
1608,-4.44699983,8.96126004,10.97804312
1609,-4.35993863,8.96126004,11.02314932
1610,-4.38423111,9.23212561,10.93861425
1611,-4.29769264,9.23212561,10.98352701
1612,-6.01644996,9.50299117,9.51431119
1613,-5.96219482,9.50299117,9.58145029
1614,-5.90793969,9.50299117,9.64858939
1615,-5.76949953,9.50299117,9.75999287
1616,-5.63105938,9.50299117,9.87139636
1617,-5.86489194,9.77385674,9.54167663
1618,-5.81096653,9.77385674,9.6085253
1619,-5.75704111,9.77385674,9.67537398
1620,-5.76999483,10.04472231,9.50368488
1621,-5.71639914,10.04472231,9.57024314
1622,-5.66280344,10.04472231,9.63680139
1623,-5.61086672,10.04472231,9.70174378
1624,-5.61944229,9.77385674,9.78629557
1625,-5.48184347,9.77385674,9.89721715
1626,-5.47834235,10.04472231,9.80950227
1627,-5.48833403,9.50299117,9.98550443
1628,-6.2225722,10.58645344,9.69324038
1629,-6.1712745,10.58645344,9.75761602
1630,-6.11997681,10.58645344,9.82199167
1631,-6.06867912,10.58645344,9.88636731
1632,-6.01738142,10.58645344,9.95074296
1633,-5.62255814,10.31558788,9.53236298
1634,-5.56929217,10.31558788,9.59863081
1635,-5.51767496,10.31558788,9.66328983
1636,-5.46605775,10.31558788,9.72794885
1637,-5.47650728,10.58645344,9.56086223
1638,-5.42520959,10.58645344,9.62523788
1639,-5.3739119,10.58645344,9.68961352
1640,-5.96608373,10.58645344,10.0151186
1641,-5.91478604,10.58645344,10.07949425
1642,-5.86348834,10.58645344,10.14386989
1643,-5.81219065,10.58645344,10.20824554
1644,-5.68129686,10.58645344,10.31506363
1645,-5.55040307,10.58645344,10.42188173
1646,-5.34158486,10.04472231,9.91994196
1647,-5.34989388,9.50299117,10.09690792
1648,-5.21145372,9.50299117,10.2083114
1649,-5.00619615,9.50299117,10.37241362
1650,-5.34424465,9.77385674,10.00813874
1651,-5.20664583,9.77385674,10.11906032
1652,-5.20482737,10.04472231,10.03038165
1653,-5.072303,10.04472231,10.13814014
1654,-5.06904701,9.77385674,10.22998191
1655,-4.93144819,9.77385674,10.34090349
1656,-4.93554551,10.04472231,10.24857983
1657,-4.79878802,10.04472231,10.35901952
1658,-5.33434867,10.31558788,9.83523714
1659,-5.20263959,10.31558788,9.94252543
1660,-5.3226142,10.58645344,9.75398917
1661,-5.19172041,10.58645344,9.86080727
1662,-5.06082662,10.58645344,9.96762536
1663,-5.06672343,10.31558788,10.05248322
1664,-4.93501435,10.31558788,10.15977152
1665,-4.92993283,10.58645344,10.07444346
1666,-4.80330527,10.31558788,10.26705981
1667,-4.66738911,10.31558788,10.3770176
1668,-4.79903904,10.58645344,10.18126155
1669,-4.66814524,10.58645344,10.28807965
1670,-4.53725145,10.58645344,10.39489775
1671,-6.40436248,10.58645344,10.53375062
1672,-6.35306479,10.58645344,10.59812626
1673,-6.3017671,10.58645344,10.6625019
1674,-6.17087331,10.58645344,10.76932
1675,-6.03997951,10.58645344,10.8761381
1676,-5.41950927,10.58645344,10.52869983
1677,-5.90908572,10.58645344,10.98295619
1678,-5.77819193,10.58645344,11.08977429
1679,-5.64729814,10.58645344,11.19659239
1680,-5.51640435,10.58645344,11.30341048
1681,-4.80710124,9.50299117,10.53262628
1682,-4.60800634,9.50299117,10.69283895
1683,-4.40274876,9.50299117,10.85694117
1684,-4.31931557,9.50299117,10.90060055
1685,-4.73356323,9.77385674,10.50042313
1686,-4.66626365,10.04472231,10.46677801
1687,-4.53567827,9.77385674,10.65994276
1688,-4.46958864,10.04472231,10.62560461
1689,-4.33779331,9.77385674,10.81946239
1690,-5.28861548,10.58645344,10.63551792
1691,-5.15772169,10.58645344,10.74233602
1692,-5.0268279,10.58645344,10.84915412
1693,-4.53568003,10.31558788,10.4843059
1694,-4.40397095,10.31558788,10.59159419
1695,-4.40635766,10.58645344,10.50171584
1696,-4.89593411,10.58645344,10.95597221
1697,-4.76504032,10.58645344,11.06279031
1698,-4.68615507,10.58645344,11.10465266
1699,-4.60726982,10.58645344,11.14651501
1700,-4.52838457,10.58645344,11.18837736
1701,-4.44949932,10.58645344,11.23023972
1702,-4.37061407,10.58645344,11.27210207
1703,-4.22066104,8.08106121,11.26374768
1704,-4.06854835,8.35192678,11.26697028
1705,-3.96376462,8.04726015,11.36777468
1706,-3.82045531,8.31812572,11.36815785
1707,-4.17158595,8.65659341,11.16713056
1708,-3.92526175,8.62279235,11.2677811
1709,-3.67856656,8.58899128,11.36853893
1710,-4.27287742,8.96126004,11.06825552
1711,-4.02832206,8.92745898,11.16836903
1712,-3.78339571,8.89365791,11.26858982
1713,-4.21115417,9.23212561,11.02843977
1714,-4.12721394,9.23212561,11.072288
1715,-3.88405461,9.19832454,11.17197304
1716,-3.53809836,8.85985685,11.36891791
1717,-3.64052427,9.16452348,11.27176536
1718,-3.40385947,9.13072242,11.36929479
1719,-4.25486717,9.77385674,10.86293291
1720,-4.17194103,9.77385674,10.90640344
1721,-4.27291363,10.04472231,10.78443122
1722,-4.19304568,10.04472231,10.82666211
1723,-4.11062658,10.04472231,10.86994378
1724,-4.02820748,10.04472231,10.91322544
1725,-4.23588239,9.50299117,10.94425993
1726,-4.14986666,9.50299117,10.98897925
1727,-4.06643347,9.50299117,11.03263863
1728,-3.98300029,9.50299117,11.076298
1729,-4.08901488,9.77385674,10.94987396
1730,-4.00608874,9.77385674,10.99334448
1731,-3.9231626,9.77385674,11.036815
1732,-3.84023645,9.77385674,11.08028553
1733,-3.94833953,10.04472231,10.95545634
1734,-3.86592043,10.04472231,10.998738
1735,-3.78350133,10.04472231,11.04201967
1736,-3.74123697,9.46919011,11.17555456
1737,-3.50629012,9.43538905,11.2725597
1738,-3.27098317,9.40158799,11.36966957
1739,-3.37341857,9.70625462,11.27335194
1740,-3.70363339,10.04472231,11.08425057
1741,-3.60700757,9.74005568,11.17676636
1742,-3.47176052,10.01092125,11.18031312
1743,-3.23952755,9.97712018,11.27648042
1744,-4.20850588,10.31558788,10.74972777
1745,-4.12912928,10.31558788,10.79177439
1746,-4.04975268,10.31558788,10.83382101
1747,-3.96784063,10.31558788,10.87691382
1748,-3.88846403,10.31558788,10.91896045
1749,-4.27546387,10.58645344,10.60853394
1750,-4.14457008,10.58645344,10.71535204
1751,-4.06568483,10.58645344,10.75721439
1752,-3.98679958,10.58645344,10.79907674
1753,-3.90791433,10.58645344,10.84093909
1754,-3.82902908,10.58645344,10.88280144
1755,-3.75014383,10.58645344,10.9246638
1756,-3.80908743,10.31558788,10.96100707
1757,-4.29172882,10.58645344,11.31396442
1758,-4.21284357,10.58645344,11.35582677
1759,-4.13395832,10.58645344,11.39768912
1760,-3.72717537,10.31558788,11.00409988
1761,-3.64779877,10.31558788,11.0461465
1762,-3.56842218,10.31558788,11.08819312
1763,-3.33790534,10.28178681,11.1838374
1764,-3.67125858,10.58645344,10.96652615
1765,-3.59237333,10.58645344,11.0083885
1766,-3.51348808,10.58645344,11.05025085
1767,-3.43460283,10.58645344,11.0921132
1768,-3.28239707,10.58645344,11.15177781
1769,-3.13946947,9.67245355,11.37004226
1770,-3.08518911,9.97712018,11.33673584
1771,-2.92530557,9.97712018,11.39867761
1772,-3.18463324,10.28178681,11.24379741
1773,-3.03136114,10.28178681,11.30375743
1774,-2.87258225,10.28178681,11.36539552
1775,-3.13019131,10.58645344,11.21144242
1776,-2.97798555,10.58645344,11.27110703
1777,-2.82577979,10.58645344,11.33077164
1778,-2.67357403,10.58645344,11.39043625
1779,-4.7045356,5.45649771,11.45863609
1780,-4.40643712,5.42269664,11.57532366
1781,-8.53100109,5.85081049,14.411652
1782,-6.99759786,5.85081049,14.411652
1783,-7.99506562,7.03472123,14.26420288
1784,-5.33004375,7.03472123,14.26420288
1785,-8.41396597,10.58645344,11.74366789
1786,-7.97568721,10.58645344,11.76776843
1787,-7.92438952,10.58645344,11.83214407
1788,-8.41396597,10.58645344,12.28640044
1789,-7.87309183,10.58645344,11.89651972
1790,-7.82179413,10.58645344,11.96089536
1791,-7.77049644,10.58645344,12.02527101
1792,-7.63960265,10.58645344,12.1320891
1793,-7.38351538,10.58645344,11.44226335
1794,-7.33221769,10.58645344,11.506639
1795,-7.28091999,10.58645344,11.57101464
1796,-7.1500262,10.58645344,11.67783274
1797,-7.01913241,10.58645344,11.78465083
1798,-7.50870886,10.58645344,12.2389072
1799,-7.37781506,10.58645344,12.3457253
1800,-6.88823862,10.58645344,11.89146893
1801,-6.75734482,10.58645344,11.99828703
1802,-6.62645103,10.58645344,12.10510512
1803,-6.54756578,10.58645344,12.14696747
1804,-6.46868053,10.58645344,12.18882983
1805,-8.36266827,10.58645344,12.35077609
1806,-8.31137058,10.58645344,12.41515173
1807,-8.26007289,10.58645344,12.47952738
1808,-8.12917909,10.58645344,12.58634547
1809,-7.9982853,10.58645344,12.69316357
1810,-7.86739151,10.58645344,12.79998167
1811,-8.48786175,10.58645344,13.14741994
1812,-8.4089765,10.58645344,13.18928229
1813,-8.33009125,10.58645344,13.23114464
1814,-8.17788549,10.58645344,13.29080925
1815,-7.78850626,10.58645344,12.84184402
1816,-7.70962101,10.58645344,12.88370637
1817,-7.63073576,10.58645344,12.92556872
1818,-7.24692127,10.58645344,12.45254339
1819,-7.16803602,10.58645344,12.49440575
1820,-7.08915077,10.58645344,12.5362681
1821,-7.01026552,10.58645344,12.57813045
1822,-6.93138027,10.58645344,12.6199928
1823,-6.77917451,10.58645344,12.67965741
1824,-6.62696875,10.58645344,12.73932202
1825,-6.47476299,10.58645344,12.79898663
1826,-7.47853,10.58645344,12.98523333
1827,-7.32632424,10.58645344,13.04489794
1828,-7.17411848,10.58645344,13.10456255
1829,-7.07050069,10.58645344,13.12156753
1830,-6.9668829,10.58645344,13.13857252
1831,-6.86326511,10.58645344,13.15557751
1832,-6.73746612,10.58645344,13.16974831
1833,-6.61166714,10.58645344,13.18391912
1834,-6.48586815,10.58645344,13.19808993
1835,-6.39866217,10.58645344,11.43721256
1836,-6.26776838,10.58645344,11.54403066
1837,-6.13687459,10.58645344,11.65084875
1838,-6.00598079,10.58645344,11.75766685
1839,-5.92709554,10.58645344,11.7995292
1840,-5.38551055,10.58645344,11.41022858
1841,-5.84821029,10.58645344,11.84139155
1842,-6.38979528,10.58645344,12.23069218
1843,-6.31091003,10.58645344,12.27255453
1844,-6.23202478,10.58645344,12.31441688
1845,-5.76932504,10.58645344,11.88325391
1846,-5.69043979,10.58645344,11.92511626
1847,-5.61155454,10.58645344,11.96697861
1848,-5.53266929,10.58645344,12.00884096
1849,-5.38046354,10.58645344,12.06850557
1850,-5.3066253,10.58645344,11.45209093
1851,-5.22774005,10.58645344,11.49395328
1852,-5.14885481,10.58645344,11.53581563
1853,-5.06996956,10.58645344,11.57767799
1854,-4.99108431,10.58645344,11.61954034
1855,-4.91219906,10.58645344,11.66140269
1856,-4.83331381,10.58645344,11.70326504
1857,-4.68110805,10.58645344,11.76292965
1858,-4.52890229,10.58645344,11.82259426
1859,-5.22825778,10.58645344,12.12817018
1860,-5.07605202,10.58645344,12.18783479
1861,-4.92384626,10.58645344,12.2474994
1862,-4.37669653,10.58645344,11.88225887
1863,-4.7716405,10.58645344,12.30716401
1864,-6.07981902,10.58645344,12.37408149
1865,-5.92761326,10.58645344,12.4337461
1866,-5.77540751,10.58645344,12.49341071
1867,-5.62320175,10.58645344,12.55307532
1868,-5.47099599,10.58645344,12.61273993
1869,-6.32255724,10.58645344,12.85865124
1870,-6.21893944,10.58645344,12.87565622
1871,-6.11532165,10.58645344,12.89266121
1872,-6.01170386,10.58645344,12.90966619
1873,-5.90808607,10.58645344,12.92667118
1874,-6.23427018,10.58645344,13.16974831
1875,-6.36006917,10.58645344,13.18391912
1876,-6.1084712,10.58645344,13.15557751
1877,-5.78228708,10.58645344,12.94084199
1878,-5.6564881,10.58645344,12.9550128
1879,-5.53068911,10.58645344,12.96918361
1880,-5.40489013,10.58645344,12.98335442
1881,-5.3673782,10.58645344,12.62974491
1882,-5.2637604,10.58645344,12.6467499
1883,-5.16014261,10.58645344,12.66375488
1884,-5.05652482,10.58645344,12.68075987
1885,-4.95290703,10.58645344,12.69776486
1886,-4.61943474,10.58645344,12.36682861
1887,-4.51581695,10.58645344,12.3838336
1888,-4.41219916,10.58645344,12.40083859
1889,-4.30858136,10.58645344,12.41784357
1890,-4.82710804,10.58645344,12.71193567
1891,-4.70130906,10.58645344,12.72610647
1892,-4.57551007,10.58645344,12.74027728
1893,-4.44971109,10.58645344,12.75444809
1894,-4.3239121,10.58645344,12.7686189
1895,-5.27909114,10.58645344,12.96918361
1896,-5.15329216,10.58645344,12.9550128
1897,-5.02749317,10.58645344,12.94084199
1898,-4.90169418,10.58645344,12.92667118
1899,-8.52202522,10.58645344,13.61339016
1900,-8.02567973,10.58645344,13.35047386
1901,-7.92206194,10.58645344,13.36747884
1902,-7.81844415,10.58645344,13.38448383
1903,-7.69264516,10.58645344,13.39865464
1904,-7.56684618,10.58645344,13.41282545
1905,-7.56684618,10.58645344,13.84229648
1906,-6.97249916,9.4025427,13.97952512
1907,-7.44104719,10.58645344,13.39865464
1908,-7.31524821,10.58645344,13.38448383
1909,-6.33572892,8.21863197,14.12016059
1910,-6.36006917,10.58645344,13.61339016
1911,-5.40489013,10.58645344,13.84229648
1912,-4.75168507,9.4025427,13.97952512
1913,-5.15329216,10.58645344,13.38448383
1914,-4.10588231,5.38889558,11.69275614
1915,-4.25628242,6.29755115,11.50431423
1916,-3.98721956,6.26375008,11.6119828
1917,-3.69166736,6.22994902,11.7279563
1918,-3.39569357,6.19614796,11.84404868
1919,-3.12343451,6.16234689,11.95267648
1920,-2.85995584,6.16234689,12.03604271
1921,-2.59647716,6.16234689,12.11940895
1922,-2.32585299,6.11205125,12.15591956
1923,-4.10872492,7.17240565,11.43513124
1924,-3.84459048,7.13860459,11.54133496
1925,-3.58007133,7.10480352,11.64764914
1926,-3.28952174,7.07100246,11.76216366
1927,-3.70455859,8.01345909,11.47251355
1928,-3.44496787,7.97965803,11.57736288
1929,-3.02224616,7.0372014,11.86931419
1930,-2.75458304,7.00340033,11.97657581
1931,-2.49572958,7.00340033,12.05887902
1932,-2.22983993,6.95310469,12.09489176
1933,-3.18499243,7.94585696,11.68232267
1934,-2.92270032,7.9120559,11.78799593
1935,-2.66002068,7.87825484,11.89378028
1936,-2.39695349,7.84445377,11.99967574
1937,-1.7331267,6.01145997,12.23439147
1938,-1.45776247,5.96116433,12.27136902
1939,-1.15688764,5.91086869,12.31104899
1940,-2.02980253,6.06175561,12.1951261
1941,-0.83398141,6.70162649,12.28189407
1942,-0.55873956,6.65133084,12.31883112
1943,-0.85538122,5.86057305,12.35078824
1944,-0.57524901,5.8102774,12.38823478
1945,-0.28762451,5.8102774,12.4170487
1946,-0.28291199,6.6010352,12.35582388
1947,-1.96337698,6.90280905,12.13095929
1948,-1.67189706,6.85251341,12.16969115
1949,-1.40134528,6.80221777,12.20616502
1950,-1.13021398,6.75192213,12.24269414
1951,-1.61176819,7.69356685,12.10638471
1952,-2.13579836,7.79415813,12.03519059
1953,-1.87406993,7.74386249,12.07076025
1954,-1.34602884,7.64327121,12.1423549
1955,-1.07970999,7.59297557,12.17838035
1956,-1.46936239,7.99823348,12.07890796
1957,-1.20523435,7.94793784,12.11469186
1958,-0.81281162,7.54267993,12.21446105
1959,-0.54246013,7.49238428,12.25088861
1960,-0.9405268,7.8976422,12.15053101
1961,-0.68324415,7.84734656,12.185468
1962,-0.27152292,7.44208864,12.28737188
1963,-0.41453148,7.79705091,12.22170714
1964,-0.14523309,7.74675527,12.258002
1965,-4.26550054,5.85081049,14.411652
1966,-2.66502187,7.03472123,14.26420288
1967,-1.53340323,5.85081049,14.411652
1968,-3.56270208,8.28432466,11.47245424
1969,-3.30456415,8.25052359,11.57686109
1970,-3.42226613,8.55519022,11.47239283
1971,-3.29053631,8.82605579,11.46994768
1972,-3.0534252,8.21672253,11.67897383
1973,-2.79260267,8.18292147,11.78420079
1974,-3.17291563,8.52138916,11.57396409
1975,-2.92319131,8.4875881,11.67564327
1976,-2.66383835,8.45378703,11.78042393
1977,-2.49269489,8.45378703,11.84561175
1978,-2.5313926,8.1491204,11.88953884
1979,-2.35910618,8.1491204,11.95503861
1980,-2.24181799,8.1491204,11.97370667
1981,-2.32155144,8.45378703,11.91079957
1982,-2.20504135,8.45378703,11.92937873
1983,-3.04260044,8.79225473,11.57108538
1984,-2.79429074,8.75845366,11.67233101
1985,-3.15771022,9.09692136,11.46989228
1986,-3.02624672,9.36778692,11.46983477
1987,-2.91118714,9.06312029,11.57059769
1988,-2.74798965,9.06312029,11.63345048
1989,-2.86415388,9.36778692,11.53238389
1990,-2.70206103,9.36778692,11.594933
1991,-2.62429025,8.75845366,11.73720688
1992,-2.45428976,8.75845366,11.80208276
1993,-2.28428927,8.75845366,11.86695863
1994,-2.57913212,9.06312029,11.69801441
1995,-2.53434647,9.36778692,11.65918499
1996,-2.41027459,9.06312029,11.76257834
1997,-2.2470771,9.06312029,11.82543113
1998,-2.37225363,9.36778692,11.72173411
1999,-2.21016078,9.36778692,11.78428322
2000,-2.16855728,8.75845366,11.88544888
2001,-3.98175256,10.58645344,11.45735373
2002,-3.8295468,10.58645344,11.51701834
2003,-3.67734104,10.58645344,11.57668295
2004,-3.52513528,10.58645344,11.63634756
2005,-3.37292952,10.58645344,11.69601217
2006,-4.22449077,10.58645344,11.94192348
2007,-4.07228501,10.58645344,12.00158809
2008,-3.92007925,10.58645344,12.0612527
2009,-3.76787349,10.58645344,12.1209173
2010,-3.6642557,10.58645344,12.13792229
2011,-3.56063791,10.58645344,12.15492728
2012,-3.45702012,10.58645344,12.17193226
2013,-3.35340232,10.58645344,12.18893725
2014,-3.24978453,10.58645344,12.20594223
2015,-2.97848128,9.67245355,11.4322877
2016,-2.81749309,9.67245355,11.49453314
2017,-2.76542203,9.97712018,11.46061937
2018,-2.65650489,9.67245355,11.55677858
2019,-2.4955167,9.67245355,11.61902402
2020,-2.33452851,9.67245355,11.68126946
2021,-2.17354032,9.67245355,11.7435149
2022,-2.61108359,9.97712018,11.5208748
2023,-2.45120005,9.97712018,11.58281656
2024,-2.29131652,9.97712018,11.64475832
2025,-2.71931015,10.28178681,11.42535554
2026,-3.22072376,10.58645344,11.75567678
2027,-3.068518,10.58645344,11.81534138
2028,-2.56603805,10.28178681,11.48531555
2029,-2.40725917,10.28178681,11.54695364
2030,-2.25398707,10.28178681,11.60691366
2031,-2.52136827,10.58645344,11.45010086
2032,-2.36916251,10.58645344,11.50976546
2033,-2.21695675,10.58645344,11.56943007
2034,-2.91631224,10.58645344,11.87500599
2035,-2.81269445,10.58645344,11.89201098
2036,-2.70907666,10.58645344,11.90901597
2037,-3.14616674,10.58645344,12.22294722
2038,-3.04254895,10.58645344,12.23995221
2039,-2.91674997,10.58645344,12.25412302
2040,-2.79095098,10.58645344,12.26829382
2041,-2.60545887,10.58645344,11.92602095
2042,-2.50184108,10.58645344,11.94302594
2043,-2.39822328,10.58645344,11.96003092
2044,-2.29460549,10.58645344,11.97703591
2045,-2.1909877,10.58645344,11.99404089
2046,-2.66515199,10.58645344,12.28246463
2047,-2.53935301,10.58645344,12.29663544
2048,-2.41355402,10.58645344,12.31080625
2049,-2.28775504,10.58645344,12.32497706
2050,-2.16195605,10.58645344,12.33914787
2051,-4.20496357,10.58645344,12.43484856
2052,-4.10134578,10.58645344,12.45185354
2053,-3.99772799,10.58645344,12.46885853
2054,-3.871929,10.58645344,12.48302934
2055,-4.19811312,10.58645344,12.75444809
2056,-4.07231413,10.58645344,12.74027728
2057,-3.94651514,10.58645344,12.72610647
2058,-3.82071616,10.58645344,12.71193567
2059,-3.74613002,10.58645344,12.49720015
2060,-3.62033103,10.58645344,12.51137096
2061,-3.49453205,10.58645344,12.52554177
2062,-3.36873306,10.58645344,12.53971258
2063,-3.24293408,10.58645344,12.55388339
2064,-3.69491717,10.58645344,12.69776486
2065,-3.94651514,10.58645344,13.15557751
2066,-3.11713509,10.58645344,12.53971258
2067,-2.9913361,10.58645344,12.52554177
2068,-2.86553712,10.58645344,12.51137096
2069,-2.73973813,10.58645344,12.49720015
2070,-2.61393915,10.58645344,12.48302934
2071,-2.48814016,10.58645344,12.46885853
2072,-2.73973813,10.58645344,12.92667118
2073,-1.98224667,8.09882476,12.00903736
2074,-1.72210204,8.04852912,12.04442285
2075,-2.08853126,8.45378703,11.94795788
2076,-1.83054374,8.40349139,11.9831044
2077,-1.68854494,8.70815802,11.95644712
2078,-1.57989973,8.35319575,12.01735583
2079,-1.32869984,8.30290011,12.05166057
2080,-1.43944069,8.65786238,11.99051818
2081,-1.18978056,8.60756674,12.02464254
2082,-2.13597641,9.06312029,11.84334478
2083,-2.02102252,9.06312029,11.86174612
2084,-2.09981212,9.36778692,11.80211032
2085,-1.98946345,9.36778692,11.81993742
2086,-1.87528766,9.36778692,11.83824985
2087,-1.764939,9.36778692,11.85607695
2088,-1.65459033,9.36778692,11.87390405
2089,-2.05282528,8.75845366,11.90393913
2090,-1.93709329,8.75845366,11.92242937
2091,-1.90606863,9.06312029,11.88014746
2092,-1.79496795,9.06312029,11.89806111
2093,-1.54795898,9.01282465,11.93189998
2094,-1.30039413,8.96252901,11.96579216
2095,-1.40912076,9.31749128,11.90756404
2096,-1.17085385,9.26719564,11.94034106
2097,-1.06618312,8.25260447,12.08725818
2098,-0.81102982,8.20230883,12.1219589
2099,-0.55531444,8.15201319,12.15671338
2100,-0.93675663,8.5572711,12.059107
2101,-0.6831706,8.50697546,12.09362522
2102,-0.28824058,8.10171754,12.19276411
2103,-0.14412029,8.10171754,12.20846857
2104,-0.42902248,8.45667982,12.1281972
2105,-0.28601498,8.45667982,12.14381459
2106,-0.14300749,8.45667982,12.15943197
2107,-0.80863637,8.86193773,12.03307954
2108,-1.06009341,8.91223337,11.99879608
2109,-0.55661723,8.81164209,12.06741675
2110,-0.93204847,9.2169,11.97316989
2111,-0.68215832,9.16660436,12.00727235
2112,-0.54681422,9.16660436,12.02224286
2113,-0.42020331,8.81164209,12.08247167
2114,-0.27830862,8.81164209,12.09800198
2115,-0.13641392,8.81164209,12.11353229
2116,-0.41147011,9.16660436,12.03721337
2117,-0.27068821,9.16660436,12.0526566
2118,-0.13534411,9.16660436,12.06762711
2119,-2.06394368,9.67245355,11.76125545
2120,-1.95434703,9.67245355,11.778996
2121,-1.84475038,9.67245355,11.79673654
2122,-1.73515374,9.67245355,11.81447709
2123,-1.62555709,9.67245355,11.83221764
2124,-2.13697808,9.97712018,11.70501375
2125,-2.03190841,9.97712018,11.72218712
2126,-1.92306378,9.97712018,11.73984112
2127,-1.81421915,9.97712018,11.75749512
2128,-1.70914949,9.97712018,11.77466849
2129,-1.51596045,9.67245355,11.84995819
2130,-1.60030486,9.97712018,11.79232249
2131,-1.49146023,9.97712018,11.80997649
2132,-1.38639057,9.97712018,11.82714986
2133,-1.15165245,9.92682454,11.85952639
2134,-1.27972735,9.62215791,11.88250831
2135,-2.10071497,10.28178681,11.66687368
2136,-1.99637124,10.28178681,11.68396286
2137,-1.89202751,10.28178681,11.70105204
2138,-1.7839349,10.28178681,11.71861948
2139,-1.67959117,10.28178681,11.73570866
2140,-2.06475099,10.58645344,11.62909468
2141,-1.9611332,10.58645344,11.64609967
2142,-1.85751541,10.58645344,11.66310465
2143,-1.75389762,10.58645344,11.68010964
2144,-1.65027983,10.58645344,11.69711463
2145,-1.57524744,10.28178681,11.75279784
2146,-1.46715483,10.28178681,11.77036529
2147,-1.36281111,10.28178681,11.78745447
2148,-1.25846738,10.28178681,11.80454365
2149,-1.54666204,10.58645344,11.71411961
2150,-1.44304425,10.58645344,11.7311246
2151,-1.33942645,10.58645344,11.74812958
2152,-1.23580866,10.58645344,11.76513457
2153,-1.13219087,10.58645344,11.78213956
2154,-2.08736991,10.58645344,12.01104588
2155,-1.96157093,10.58645344,12.02521669
2156,-1.83577194,10.58645344,12.0393875
2157,-1.70997295,10.58645344,12.05355831
2158,-2.03615707,10.58645344,12.32497706
2159,-1.91035808,10.58645344,12.31080625
2160,-1.78455909,10.58645344,12.29663544
2161,-1.65876011,10.58645344,12.28246463
2162,-1.58417397,10.58645344,12.06772912
2163,-1.45837498,10.58645344,12.08189993
2164,-1.332576,10.58645344,12.09607074
2165,-1.20677701,10.58645344,12.11024155
2166,-1.53296112,10.58645344,12.26829382
2167,-1.40716214,10.58645344,12.25412302
2168,-1.08097803,10.58645344,12.12441236
2169,-1.28136315,10.58645344,12.23995221
2170,-0.80564575,9.52156663,11.94776398
2171,-1.04295578,9.57186227,11.91511024
2172,-0.67137146,9.52156663,11.96265008
2173,-0.53709717,9.52156663,11.97753618
2174,-0.91637586,9.8765289,11.89195473
2175,-0.78852321,9.8765289,11.90628903
2176,-0.65531873,9.8765289,11.92109072
2177,-0.40282287,9.52156663,11.99242228
2178,-0.26854858,9.52156663,12.00730838
2179,-0.13427429,9.52156663,12.02219448
2180,-0.52211425,9.8765289,11.93589241
2181,-0.3942616,9.8765289,11.95022671
2182,-0.26105713,9.8765289,11.9650284
2183,-0.12785265,9.8765289,11.9798301
2184,-1.02522423,10.23149117,11.83674659
2185,-0.89839841,10.23149117,11.85099915
2186,-0.7715726,10.23149117,11.8652517
2187,-1.00639189,10.58645344,11.79631037
2188,-0.8805929,10.58645344,11.81048118
2189,-0.75479391,10.58645344,11.82465198
2190,-0.62899493,10.58645344,11.83882279
2191,-0.50319594,10.58645344,11.8529936
2192,-0.37739696,10.58645344,11.86716441
2193,-0.63943793,10.23149117,11.87996898
2194,-0.95517904,10.58645344,12.11024155
2195,-0.82938005,10.58645344,12.09607074
2196,-0.70358107,10.58645344,12.08189993
2197,-0.57778208,10.58645344,12.06772912
2198,-0.51261212,10.23149117,11.89422154
2199,-0.3857863,10.23149117,11.90847409
2200,-0.25365163,10.23149117,11.92319137
2201,-0.12682582,10.23149117,11.93744393
2202,-0.4519831,10.58645344,12.05355831
2203,-0.32618411,10.58645344,12.0393875
2204,-0.25159797,10.58645344,11.88133522
2205,-0.12579899,10.58645344,11.89550603
2206,-0.20038513,10.58645344,12.02521669
2207,-0.07458614,10.58645344,12.01104588
2208,-1.53296112,10.58645344,12.69776486
2209,-1.78455909,10.58645344,13.15557751
2210,-0.32618411,10.58645344,12.46885853
2211,-0.57778208,10.58645344,12.92667118
2212,-3.73778249,8.21863197,14.12016059
2213,-4.19811312,10.58645344,13.61339016
2214,-3.24293408,10.58645344,13.84229648
2215,-2.22081408,9.4025427,13.97952512
2216,-2.9913361,10.58645344,13.38448383
2217,-1.13983606,8.21863197,14.12016059
2218,-2.03615707,10.58645344,13.61339016
2219,-1.08097803,10.58645344,13.84229648
2220,-0.82938005,10.58645344,13.38448383
2221,10.58532464,-10.72393985,0.0
2222,11.21715305,-10.72393985,0.94545271
2223,11.63149429,-10.72393985,2.42641023
2224,11.8523516,-10.72393985,3.57647059
2225,11.34141508,-7.41018628,0.0
2226,12.03078904,-7.29450814,0.99206719
2227,12.6161589,-6.84184737,3.57647059
2228,17.18580104,-10.72393985,0.0
2229,11.63149429,-10.72393985,4.72653095
2230,10.28656357,-10.72393985,7.6
2231,10.47712945,-9.88873771,7.6
2232,11.21715305,-10.72393985,6.20748846
2233,12.03078904,-7.29450814,6.16087399
2234,11.03076,-7.46231474,7.6
2235,17.18580104,-10.72393985,7.6
2236,11.69247633,-3.73505278,0.0
2237,11.54002124,-2.13104254,7.6
2238,11.67524003,-0.0687432,7.6
2239,17.18580104,-0.0687432,7.6
2240,8.56438574,-10.72393985,9.29544718
2241,8.36173065,-10.72393985,9.44111316
2242,8.47790033,-10.37669295,9.43126383
2243,4.3537868,-10.72393985,11.3997993
2244,4.81607469,-10.72393985,11.24018454
2245,4.58493075,-10.72393985,11.31999192
2246,4.57772502,-10.34289188,11.3849732
2247,4.80886896,-10.34289188,11.30516582
2248,5.04721863,-10.72393985,11.16037717
2249,5.27836257,-10.72393985,11.08056979
2250,5.27115685,-10.34289188,11.14555107
2251,5.0400129,-10.34289188,11.22535844
2252,4.80166324,-9.96184392,11.3701471
2253,5.03280718,-9.96184392,11.29033972
2254,5.26395112,-9.96184392,11.21053234
2255,5.02560145,-9.58079595,11.35532099
2256,5.74065045,-10.72393985,10.92095504
2257,5.90559273,-10.37669295,10.92095504
2258,6.27658537,-10.72393985,10.67045103
2259,6.09794039,-10.72393985,10.75395237
2260,5.91929542,-10.72393985,10.8374537
2261,6.44152764,-10.37669295,10.67045103
2262,6.0842377,-10.37669295,10.8374537
2263,6.26288267,-10.37669295,10.75395237
2264,5.50950651,-10.72393985,11.00076241
2265,5.50230079,-10.34289188,11.06574369
2266,6.07053501,-10.02944604,10.92095504
2267,6.42782495,-10.02944604,10.75395237
2268,6.24917998,-10.02944604,10.8374537
2269,6.23547729,-9.68219914,10.92095504
2270,6.41412226,-9.68219914,10.8374537
2271,5.66724307,-9.99564498,11.06574369
2272,5.83218535,-9.64839807,11.06574369
2273,5.4288934,-9.61459701,11.21053234
2274,5.19054373,-9.23354904,11.35532099
2275,5.35548601,-8.88630214,11.35532099
2276,6.40041957,-9.33495223,10.92095504
2277,5.59383568,-9.26735011,11.21053234
2278,5.75877796,-8.9201032,11.21053234
2279,5.99712763,-9.30115117,11.06574369
2280,6.16206991,-8.95390426,11.06574369
2281,5.52042829,-8.53905523,11.35532099
2282,5.68537057,-8.19180833,11.35532099
2283,6.32701219,-8.60665736,11.06574369
2284,5.92372024,-8.5728563,11.21053234
2285,6.08866252,-8.22560939,11.21053234
2286,6.81252028,-10.72393985,10.41994703
2287,6.97746256,-10.37669295,10.41994703
2288,7.34845519,-10.72393985,10.16944302
2289,7.16981022,-10.72393985,10.25294435
2290,6.99116525,-10.72393985,10.33644569
2291,7.15610753,-10.37669295,10.33644569
2292,7.3347525,-10.37669295,10.25294435
2293,7.14240484,-10.02944604,10.41994703
2294,7.32104981,-10.02944604,10.33644569
2295,7.30734712,-9.68219914,10.41994703
2296,7.95642046,-10.72393985,9.7324451
2297,7.75376537,-10.72393985,9.87811107
2298,7.86993506,-10.37669295,9.86826175
2299,8.15907555,-10.72393985,9.58677913
2300,8.27524524,-10.37669295,9.5769298
2301,8.07259015,-10.37669295,9.72259578
2302,7.55111028,-10.72393985,10.02377705
2303,7.66727997,-10.37669295,10.01392772
2304,7.98610475,-10.02944604,9.85841243
2305,7.97240206,-9.68219914,9.94191376
2306,8.18875984,-10.02944604,9.71274645
2307,8.39141493,-10.02944604,9.56708048
2308,8.30492953,-9.68219914,9.70289713
2309,8.50758462,-9.68219914,9.55723116
2310,7.65357728,-10.02944604,10.09742906
2311,7.63987459,-9.68219914,10.18093039
2312,6.63387531,-10.72393985,10.50344836
2313,6.45523034,-10.72393985,10.5869497
2314,6.62017262,-10.37669295,10.5869497
2315,6.79881759,-10.37669295,10.50344836
2316,7.01233385,-10.72393985,11.39640448
2317,7.19097882,-10.72393985,11.31290314
2318,7.36962379,-10.72393985,11.22940181
2319,6.60646992,-10.02944604,10.67045103
2320,6.96375987,-10.02944604,10.50344836
2321,6.7851149,-10.02944604,10.5869497
2322,6.7714122,-9.68219914,10.67045103
2323,6.95005718,-9.68219914,10.5869497
2324,6.59276723,-9.68219914,10.75395237
2325,7.12870215,-9.68219914,10.50344836
2326,8.08420368,-10.72393985,10.89539647
2327,8.26284865,-10.72393985,10.81189513
2328,8.44149362,-10.72393985,10.7283938
2329,7.54826876,-10.72393985,11.14590047
2330,7.72691373,-10.72393985,11.06239914
2331,7.90555871,-10.72393985,10.9788978
2332,8.29122684,-9.33495223,9.78639846
2333,8.27752415,-8.98770533,9.8698998
2334,7.95869937,-9.33495223,10.0254151
2335,7.6261719,-9.33495223,10.26443173
2336,7.94499668,-8.98770533,10.10891643
2337,7.61246921,-8.98770533,10.34793306
2338,8.26382146,-8.64045842,9.95340113
2339,8.58264624,-8.29321152,9.79788584
2340,7.93129399,-8.64045842,10.19241777
2341,7.59876652,-8.64045842,10.4314344
2342,7.9175913,-8.29321152,10.2759191
2343,8.25011877,-8.29321152,10.03690247
2344,6.93635448,-9.33495223,10.67045103
2345,6.57906454,-9.33495223,10.8374537
2346,6.75770951,-9.33495223,10.75395237
2347,6.56536185,-8.98770533,10.92095504
2348,6.92265179,-8.98770533,10.75395237
2349,6.74400682,-8.98770533,10.8374537
2350,7.11499946,-9.33495223,10.5869497
2351,7.29364443,-9.33495223,10.50344836
2352,7.10129676,-8.98770533,10.67045103
2353,7.27994174,-8.98770533,10.5869497
2354,6.73030413,-8.64045842,10.92095504
2355,6.9089491,-8.64045842,10.8374537
2356,6.89524641,-8.29321152,10.92095504
2357,7.26623904,-8.64045842,10.67045103
2358,7.08759407,-8.64045842,10.75395237
2359,7.07389138,-8.29321152,10.8374537
2360,7.25253635,-8.29321152,10.75395237
2361,6.49195447,-8.25941045,11.06574369
2362,7.58506382,-8.29321152,10.51493573
2363,5.85031285,-7.84456142,11.35532099
2364,6.2536048,-7.87836249,11.21053234
2365,6.01525513,-7.49731452,11.35532099
2366,6.41854708,-7.53111558,11.21053234
2367,6.34137746,-6.65626108,11.29786188
2368,6.26420784,-5.78140658,11.38519141
2369,8.56894355,-7.94596461,9.88138717
2370,8.55524086,-7.59871771,9.96488851
2371,7.90388861,-7.94596461,10.35942044
2372,7.89018591,-7.59871771,10.44292177
2373,8.23641608,-7.94596461,10.1204038
2374,8.22271339,-7.59871771,10.20390514
2375,8.44610653,-6.7238632,10.12546074
2376,8.11357906,-6.7238632,10.36447737
2377,7.06018869,-7.94596461,10.92095504
2378,7.23883366,-7.94596461,10.8374537
2379,7.22513097,-7.59871771,10.92095504
2380,6.65689675,-7.91216355,11.06574369
2381,6.82183903,-7.56491664,11.06574369
2382,7.44852412,-6.7238632,10.84251064
2383,7.14796135,-6.7238632,11.00828457
2384,7.57136113,-7.94596461,10.59843707
2385,7.55765844,-7.59871771,10.6819384
2386,7.78105159,-6.7238632,10.603494
2387,8.33697221,-5.8490087,10.28603297
2388,6.74466941,-6.69006214,11.15307322
2389,6.66749979,-5.81520764,11.24040276
2390,7.07079173,-5.8490087,11.09561411
2391,7.3713545,-5.8490087,10.92984017
2392,8.00444474,-5.8490087,10.5250496
2393,7.67191727,-5.8490087,10.76406623
2394,0.0,-10.72393985,12.09579429
2395,0.1777778,-10.72393985,12.07815545
2396,0.3555556,-10.72393985,12.06051662
2397,0.5333334,-10.72393985,12.04287779
2398,0.5333334,-10.29259624,12.10387948
2399,0.1777778,-10.29259624,12.13915715
2400,0.3555556,-10.29259624,12.12151831
2401,0.71111121,-10.72393985,12.02523895
2402,1.06666681,-10.72393985,11.98996129
2403,0.88888901,-10.72393985,12.00760012
2404,1.06666681,-10.72393985,12.33487303
2405,0.71111121,-10.29259624,12.08624065
2406,0.88888901,-10.29259624,12.06860181
2407,1.06666681,-10.29259624,12.05096298
2408,0.1777778,-9.86125263,12.20015884
2409,0.3555556,-9.86125263,12.18252001
2410,0.5333334,-9.86125263,12.16488117
2411,0.1777778,-9.42990902,12.26116053
2412,0.5333334,-9.42990902,12.22588287
2413,0.3555556,-9.42990902,12.2435217
2414,1.06666681,-9.86125263,12.11196467
2415,0.71111121,-9.86125263,12.14724234
2416,0.88888901,-9.86125263,12.12960351
2417,0.71111121,-9.42990902,12.20824403
2418,0.88888901,-9.42990902,12.1906052
2419,1.06666681,-9.42990902,12.17296637
2420,2.05785683,-10.72393985,11.87086182
2421,1.24444461,-10.72393985,11.97232245
2422,1.42222241,-10.72393985,11.95468362
2423,1.60000021,-10.72393985,11.93704479
2424,1.24444461,-10.72393985,12.3172342
2425,1.42222241,-10.72393985,12.29959537
2426,1.24444461,-10.29259624,12.03332415
2427,1.42222241,-10.29259624,12.01568531
2428,1.82892852,-10.72393985,11.9039533
2429,1.8217228,-10.34289188,11.96893458
2430,2.0506511,-10.34289188,11.93584309
2431,1.24444461,-9.86125263,12.09432584
2432,1.46616719,-9.48020466,12.12621563
2433,1.64394499,-9.91154827,12.0475751
2434,2.04344538,-9.96184392,12.00082437
2435,1.86566758,-9.53050031,12.0794649
2436,0.1777778,-10.72393985,12.4230672
2437,0.3555556,-10.72393985,12.40542837
2438,0.5333334,-10.72393985,12.38778953
2439,0.1777778,-10.72393985,12.76797895
2440,0.3555556,-10.72393985,12.75034011
2441,0.5333334,-10.72393985,12.73270128
2442,0.71111121,-10.72393985,12.3701507
2443,0.88888901,-10.72393985,12.35251187
2444,0.71111121,-10.72393985,12.71506245
2445,0.88888901,-10.72393985,12.69742361
2446,1.06666681,-10.72393985,12.67978478
2447,0.1777778,-10.72393985,13.11289069
2448,0.3555556,-10.72393985,13.09525186
2449,0.5333334,-10.72393985,13.07761302
2450,0.71111121,-10.72393985,13.05997419
2451,0.88888901,-10.72393985,13.04233536
2452,1.06666681,-10.72393985,13.02469652
2453,1.24444461,-10.72393985,12.66214595
2454,0.1777778,-8.99856541,12.32216223
2455,0.3555556,-8.99856541,12.30452339
2456,0.5333334,-8.99856541,12.28688456
2457,0.71111121,-8.99856541,12.26924572
2458,0.88888901,-8.99856541,12.25160689
2459,0.5333334,-8.5672218,12.34788625
2460,0.71111121,-8.5672218,12.33024742
2461,1.28838939,-9.04886106,12.20485616
2462,2.08739016,-9.14945234,12.11135469
2463,1.68788978,-9.0991567,12.15810542
2464,1.90961236,-8.71810873,12.18999521
2465,1.11061159,-8.61751745,12.28349668
2466,1.51011197,-8.66781309,12.23674595
2467,1.33233417,-8.23646948,12.31538647
2468,1.73183456,-8.28676512,12.26863574
2469,2.13133494,-8.33706076,12.22188501
2470,0.1777778,-8.5672218,12.38316392
2471,0.3555556,-8.5672218,12.36552508
2472,0.1777778,-8.1358782,12.44416561
2473,0.3555556,-8.1358782,12.42652678
2474,0.5333334,-8.1358782,12.40888794
2475,0.93283379,-8.18617384,12.36213721
2476,2.28678514,-10.72393985,11.83777033
2477,2.51571344,-10.72393985,11.80467885
2478,2.50850772,-10.34289188,11.86966012
2479,2.74464175,-10.72393985,11.77158736
2480,2.97357006,-10.72393985,11.73849588
2481,3.20249836,-10.72393985,11.70540439
2482,2.73743602,-10.34289188,11.83656864
2483,2.96636433,-10.34289188,11.80347716
2484,3.19529264,-10.34289188,11.77038567
2485,2.27957941,-10.34289188,11.90275161
2486,2.95915861,-9.96184392,11.86845843
2487,3.18808691,-9.96184392,11.83536695
2488,2.27237369,-9.96184392,11.96773289
2489,2.50130199,-9.96184392,11.9346414
2490,2.26516796,-9.58079595,12.03271416
2491,2.49409627,-9.58079595,11.99962268
2492,2.7302303,-9.96184392,11.90154992
2493,2.72302458,-9.58079595,11.96653119
2494,2.95195288,-9.58079595,11.93343971
2495,3.18088119,-9.58079595,11.90034822
2496,3.43142667,-10.72393985,11.67231291
2497,3.66035498,-10.72393985,11.63922143
2498,3.42422095,-10.34289188,11.73729419
2499,3.65314925,-10.34289188,11.7042027
2500,3.89149892,-10.72393985,11.55941405
2501,4.12264286,-10.72393985,11.47960667
2502,3.8842932,-10.34289188,11.62439532
2503,4.11543714,-10.34289188,11.54458795
2504,3.33175586,-10.72393985,12.29959537
2505,3.56068417,-10.72393985,12.26650388
2506,4.01854078,-10.72393985,12.20032091
2507,3.78961248,-10.72393985,12.2334124
2508,4.24746909,-10.72393985,12.16722943
2509,3.41701522,-9.96184392,11.80227546
2510,3.64594353,-9.96184392,11.76918398
2511,3.4098095,-9.58079595,11.86725674
2512,3.6387378,-9.58079595,11.83416525
2513,4.10823141,-9.96184392,11.60956922
2514,3.87708747,-9.96184392,11.6893766
2515,3.86988175,-9.58079595,11.75435788
2516,4.10102569,-9.58079595,11.6745505
2517,3.15397806,-10.72393985,12.66214595
2518,2.97620026,-10.72393985,13.02469652
2519,2.48689054,-9.19974798,12.06460395
2520,2.30911274,-8.76840437,12.14324448
2521,2.71581885,-9.19974798,12.03151247
2522,2.94474716,-9.19974798,11.99842098
2523,3.17367546,-9.19974798,11.9653295
2524,2.70861313,-8.81870001,12.09649375
2525,2.93754143,-8.81870001,12.06340226
2526,3.16646974,-8.81870001,12.03031078
2527,2.53083532,-8.3873564,12.17513427
2528,3.15926402,-8.43765204,12.09529205
2529,2.93033571,-8.43765204,12.12838354
2530,3.15205829,-8.05660408,12.16027333
2531,3.86267602,-9.19974798,11.81933915
2532,4.09381996,-9.19974798,11.73953178
2533,4.08661424,-8.81870001,11.80451305
2534,3.40260377,-9.19974798,11.93223802
2535,3.63153208,-9.19974798,11.89914653
2536,3.39539805,-8.81870001,11.99721929
2537,3.62432635,-8.81870001,11.96412781
2538,3.8554703,-8.81870001,11.88432043
2539,4.07940851,-8.43765204,11.86949433
2540,3.38819232,-8.43765204,12.06220057
2541,3.61712063,-8.43765204,12.02910908
2542,3.6099149,-8.05660408,12.09409036
2543,3.3809866,-8.05660408,12.12718184
2544,3.84826457,-8.43765204,11.94930171
2545,3.84105885,-8.05660408,12.01428298
2546,4.07220279,-8.05660408,11.93447561
2547,0.1777778,-10.72393985,13.45780244
2548,0.3555556,-10.72393985,13.4401636
2549,0.5333334,-10.72393985,13.42252477
2550,0.5333334,-10.72393985,13.76743652
2551,0.71111121,-10.72393985,13.40488594
2552,0.88888901,-10.72393985,13.3872471
2553,0.71111121,-10.72393985,13.74979768
2554,0.1777778,-10.72393985,13.80271418
2555,0.3555556,-10.72393985,13.78507535
2556,0.1777778,-10.72393985,14.14762593
2557,0.3555556,-10.72393985,14.1299871
2558,0.5333334,-10.72393985,14.11234826
2559,0.3555556,-10.72393985,14.47489884
2560,0.1777778,-10.72393985,14.49253767
2561,0.1777778,-10.72393985,14.83744942
2562,0.0,-10.72393985,15.2
2563,2.08731125,-10.72393985,14.83744942
2564,1.90953345,-10.72393985,15.2
2565,1.90953345,-9.54002911,15.2
2566,1.90953345,-8.35611837,15.2
2567,2.62064466,-10.72393985,13.74979768
2568,2.79842246,-10.72393985,13.3872471
2569,2.44286685,-10.72393985,14.11234826
2570,2.26508905,-10.72393985,14.47489884
2571,4.1746225,-10.72393985,14.47489884
2572,3.9968447,-10.72393985,14.83744942
2573,3.8190669,-10.72393985,15.2
2574,3.8190669,-9.54002911,15.2
2575,3.8190669,-8.35611837,15.2
2576,1.55405675,-7.85542151,12.34727627
2577,1.95355714,-7.90571715,12.30052553
2578,0.1777778,-7.70453459,12.5051673
2579,0.3555556,-7.70453459,12.48752847
2580,0.75505599,-7.75483023,12.44077774
2581,0.97677857,-7.37378226,12.47266753
2582,0.1777778,-7.27319098,12.566169
2583,0.0,-6.84184737,12.64480952
2584,0.39950038,-6.89214301,12.59805879
2585,0.57727819,-7.32348662,12.51941826
2586,0.79900077,-6.94243865,12.55130805
2587,1.15455637,-7.80512587,12.394027
2588,1.37627895,-7.4240779,12.42591679
2589,1.77577934,-7.47437354,12.37916606
2590,1.59800154,-7.04302993,12.45780658
2591,1.19850115,-6.99273429,12.50455732
2592,1.99750192,-7.09332558,12.41105585
2593,0.37560995,-6.05108957,12.64480952
2594,0.77511034,-6.10138521,12.59805879
2595,1.17461072,-6.15168085,12.55130805
2596,1.57411111,-6.20197649,12.50455732
2597,1.97361149,-6.25227214,12.45780658
2598,1.94972106,-5.4112187,12.50455732
2599,2.35305752,-7.95601279,12.2537748
2600,2.17527972,-7.52466918,12.33241532
2601,2.5747801,-7.57496483,12.28566459
2602,2.75255791,-8.00630844,12.20702406
2603,2.97428049,-7.62526047,12.23891385
2604,2.79650269,-7.19391686,12.31755438
2605,3.19600307,-7.2442125,12.27080365
2606,3.37378087,-7.67555611,12.19216312
2607,3.60270918,-7.67555611,12.15907164
2608,4.23714507,-7.70935717,11.93447561
2609,3.83385312,-7.67555611,12.07926426
2610,3.59550345,-7.29450814,12.22405291
2611,3.9987954,-7.3283092,12.07926426
2612,2.3970023,-7.14362122,12.36430512
2613,3.17211264,-6.40315906,12.31755438
2614,3.57161303,-6.4534547,12.27080365
2615,3.92162578,-6.4534547,12.16659379
2616,3.5477226,-5.61240126,12.31755438
2617,4.24774811,-5.61240126,12.10913468
2618,3.89773535,-5.61240126,12.21334453
2619,2.37311187,-6.30256778,12.41105585
2620,2.77261226,-6.35286342,12.36430512
2621,2.34922144,-5.46151434,12.45780658
2622,2.74872183,-5.51180998,12.41105585
2623,3.14822221,-5.56210562,12.36430512
2624,1.90953345,-7.17220764,15.2
2625,1.90953345,-5.9882969,15.2
2626,3.8190669,-7.17220764,15.2
2627,3.8190669,-5.9882969,15.2
2628,4.34658108,-10.34289188,11.46478057
2629,4.7053257,-10.72393985,12.10104646
2630,4.4763974,-10.72393985,12.13413794
2631,4.93425401,-10.72393985,12.06795497
2632,5.16318232,-10.72393985,12.03486349
2633,4.33937535,-9.96184392,11.52976185
2634,4.5705193,-9.96184392,11.44995447
2635,4.56331357,-9.58079595,11.51493575
2636,4.33216963,-9.58079595,11.59474312
2637,4.79445751,-9.58079595,11.43512837
2638,5.85661414,-10.72393985,11.79544136
2639,6.31890203,-10.72393985,11.63582661
2640,6.08775809,-10.72393985,11.71563398
2641,5.39432626,-10.72393985,11.95505611
2642,5.6254702,-10.72393985,11.87524874
2643,5.06351151,-10.72393985,12.66214595
2644,5.29243982,-10.72393985,12.62905446
2645,4.88573371,-10.72393985,13.02469652
2646,5.75029643,-10.72393985,12.56287149
2647,5.52136812,-10.72393985,12.59596298
2648,5.97922474,-10.72393985,12.52978001
2649,6.43708135,-10.72393985,12.46359704
2650,6.20815305,-10.72393985,12.49668852
2651,4.55610785,-9.19974798,11.57991702
2652,4.78725179,-9.19974798,11.50010965
2653,4.3249639,-9.19974798,11.6597244
2654,4.31775818,-8.81870001,11.72470568
2655,4.54890212,-8.81870001,11.6448983
2656,4.95219407,-8.85250107,11.50010965
2657,4.31055245,-8.43765204,11.78968695
2658,4.7138444,-8.47145311,11.6448983
2659,4.47549473,-8.09040514,11.78968695
2660,5.11713635,-8.50525417,11.50010965
2661,5.28207863,-8.15800726,11.50010965
2662,4.87878668,-8.1242062,11.6448983
2663,6.55004597,-10.72393985,11.55601923
2664,6.78118991,-10.72393985,11.47621185
2665,7.12829754,-10.72393985,12.2708908
2666,7.35944148,-10.72393985,12.19108342
2667,8.28401725,-10.72393985,11.87185392
2668,8.46266222,-10.72393985,11.78835258
2669,7.59058543,-10.72393985,12.11127605
2670,8.05287331,-10.72393985,11.95166129
2671,7.82172937,-10.72393985,12.03146867
2672,6.66600966,-10.72393985,12.43050555
2673,6.8971536,-10.72393985,12.35069818
2674,6.79526716,-10.72393985,13.02469652
2675,7.02419546,-10.72393985,12.99160504
2676,7.48205208,-10.72393985,12.92542207
2677,7.25312377,-10.72393985,12.95851356
2678,8.39998094,-10.72393985,12.74634024
2679,7.71098039,-10.72393985,12.89233059
2680,7.93990869,-10.72393985,12.8592391
2681,8.168837,-10.72393985,12.82614762
2682,4.70795591,-10.72393985,13.3872471
2683,4.5301781,-10.72393985,13.74979768
2684,4.3524003,-10.72393985,14.11234826
2685,6.43971155,-10.72393985,13.74979768
2686,6.26193375,-10.72393985,14.11234826
2687,6.08415595,-10.72393985,14.47489884
2688,5.90637815,-10.72393985,14.83744942
2689,5.72860035,-10.72393985,15.2
2690,5.72860035,-9.54002911,15.2
2691,5.72860035,-8.35611837,15.2
2692,6.61748936,-10.72393985,13.3872471
2693,8.5270228,-10.72393985,13.3872471
2694,8.349245,-10.72393985,13.74979768
2695,8.1714672,-10.72393985,14.11234826
2696,7.9936894,-10.72393985,14.47489884
2697,7.8159116,-10.72393985,14.83744942
2698,7.6381338,-10.72393985,15.2
2699,7.6381338,-9.54002911,15.2
2700,7.6381338,-8.35611837,15.2
2701,4.64043701,-7.74315823,11.78968695
2702,4.80537929,-7.39591133,11.78968695
2703,5.04372896,-7.7769593,11.6448983
2704,5.20867124,-7.42971239,11.6448983
2705,4.40208735,-7.36211027,11.93447561
2706,5.44702091,-7.81076036,11.50010965
2707,5.61196319,-7.46351345,11.50010965
2708,5.13150162,-6.55485789,11.73222784
2709,4.32491773,-6.48725576,12.02180514
2710,4.72820967,-6.52105683,11.87701649
2711,5.054332,-5.68000339,11.81955737
2712,4.65104006,-5.64620232,11.96434602
2713,5.53479357,-6.58865895,11.58743918
2714,5.93808551,-6.62246001,11.44265053
2715,5.86091589,-5.74760551,11.52998006
2716,5.45762395,-5.71380445,11.67476872
2717,5.72860035,-7.17220764,15.2
2718,5.72860035,-5.9882969,15.2
2719,7.6381338,-7.17220764,15.2
2720,7.6381338,-5.9882969,15.2
2721,8.56036536,-4.9741542,10.20758857
2722,8.22783789,-4.9741542,10.4466052
2723,8.45123104,-4.0992997,10.3681608
2724,6.59033017,-4.94035314,11.32773229
2725,7.29418488,-4.9741542,11.01716971
2726,6.99362211,-4.9741542,11.18294364
2727,6.91645249,-4.0992997,11.27027318
2728,7.21701526,-4.0992997,11.10449924
2729,7.51757803,-4.0992997,10.9387253
2730,7.89531042,-4.9741542,10.68562183
2731,7.59474765,-4.9741542,10.85139577
2732,7.8181408,-4.0992997,10.77295137
2733,8.11870357,-4.0992997,10.60717743
2734,6.83928287,-3.22444519,11.35760271
2735,7.44040841,-3.22444519,11.02605484
2736,7.13984564,-3.22444519,11.19182877
2737,7.74097118,-3.22444519,10.8602809
2738,8.04153395,-3.22444519,10.69450697
2739,8.34209671,-3.22444519,10.52873303
2740,7.36323879,-2.34959069,11.11338437
2741,7.06267602,-2.34959069,11.27915831
2742,6.96191487,-1.47473619,11.36699149
2743,7.26247764,-1.47473619,11.20121755
2744,7.96436433,-2.34959069,10.7818365
2745,8.26492709,-2.34959069,10.61606257
2746,8.56548986,-2.34959069,10.45028863
2747,7.66380156,-2.34959069,10.94761044
2748,7.86074104,-1.47473619,10.87098517
2749,8.46186657,-1.47473619,10.5394373
2750,8.16130381,-1.47473619,10.70521124
2751,7.5630404,-1.47473619,11.03544361
2752,7.46227925,-0.59988169,11.12327679
2753,7.16171648,-0.59988169,11.28905073
2754,8.35824329,-0.59988169,10.62858598
2755,8.05768052,-0.59988169,10.79435991
2756,7.75997988,-0.59988169,10.95881835
2757,0.37560995,-5.29852244,12.67863692
2758,0.75121991,-5.26033177,12.64480952
2759,0.37560995,-4.54595531,12.71246431
2760,0.75121991,-4.50776464,12.67863692
2761,1.55022068,-5.36092305,12.55130805
2762,1.15072029,-5.31062741,12.59805879
2763,1.12682986,-4.46957397,12.64480952
2764,1.52633025,-4.51986961,12.59805879
2765,1.92583063,-4.57016526,12.55130805
2766,0.0,-3.83157885,12.7801191
2767,0.37560995,-3.79338818,12.74629171
2768,0.75121991,-3.75519751,12.71246431
2769,0.37560995,-3.04082105,12.7801191
2770,0.75121991,-3.00263038,12.74629171
2771,1.12682986,-3.71700684,12.67863692
2772,1.50243982,-3.67881617,12.64480952
2773,1.9019402,-3.72911182,12.59805879
2774,1.12682986,-2.96443971,12.71246431
2775,1.50243982,-2.92624905,12.67863692
2776,1.87804977,-2.88805838,12.64480952
2777,3.87384492,-4.77134782,12.26009526
2778,4.22385768,-4.77134782,12.15588541
2779,3.12433178,-4.72105218,12.41105585
2780,2.32533101,-4.6204609,12.50455732
2781,2.7248314,-4.67075654,12.45780658
2782,3.52383217,-4.77134782,12.36430512
2783,3.84995449,-3.93029438,12.306846
2784,4.19996725,-3.93029438,12.20263615
2785,4.17607682,-3.08924094,12.24938688
2786,2.30144058,-3.77940746,12.55130805
2787,2.70094097,-3.8297031,12.50455732
2788,3.10044135,-3.87999874,12.45780658
2789,2.67705054,-2.98864966,12.55130805
2790,2.27755015,-2.93835402,12.59805879
2791,3.07655092,-3.0389453,12.50455732
2792,3.49994174,-3.93029438,12.41105585
2793,3.47605131,-3.08924094,12.45780658
2794,3.82606406,-3.08924094,12.35359673
2795,1.90953345,-4.80438616,15.2
2796,1.90953345,-3.62047542,15.2
2797,3.8190669,-4.80438616,15.2
2798,3.8190669,-3.62047542,15.2
2799,0.37560995,-2.28825392,12.8139465
2800,0.75121991,-2.25006325,12.7801191
2801,0.0,-2.32644459,12.84777389
2802,0.75002765,-1.49749612,12.81266996
2803,0.3744177,-1.53568679,12.84649736
2804,1.12682986,-2.21187259,12.74629171
2805,1.50243982,-2.17368192,12.71246431
2806,1.87804977,-2.13549125,12.67863692
2807,1.1256376,-1.45930546,12.77884257
2808,1.49767078,-1.42111479,12.7439176
2809,1.87328074,-1.38292412,12.71009021
2810,0.0,-0.82131033,12.91542868
2811,0.3744177,-0.78311966,12.88032475
2812,0.74883539,-0.744929,12.84522083
2813,0.0,-0.0687432,12.94925607
2814,0.0,-0.03055254,12.94878238
2815,0.37415359,-0.03055254,12.91335111
2816,1.12444535,-0.70673833,12.81139343
2817,1.49647852,-0.66854766,12.77646846
2818,1.8685117,-0.63035699,12.74154349
2819,4.15218639,-2.2481875,12.29613761
2820,4.11423261,-1.40713406,12.34042258
2821,2.25365973,-2.09730058,12.64480952
2822,2.65316011,-2.14759622,12.59805879
2823,3.05266049,-2.19789186,12.55130805
2824,2.24889069,-1.34473345,12.67626281
2825,3.01803973,-1.35683842,12.59476607
2826,3.45216088,-2.2481875,12.50455732
2827,3.80217363,-2.2481875,12.40034747
2828,3.41754012,-1.40713406,12.54801533
2829,3.76421985,-1.40713406,12.44463243
2830,2.61853935,-1.30654278,12.6415168
2831,2.24412166,-0.59216632,12.7077161
2832,2.61377032,-0.55397565,12.67297009
2833,2.98341898,-0.51578498,12.63822408
2834,3.72959909,-0.56608062,12.48809045
2835,3.38291936,-0.56608062,12.59147334
2836,4.07627882,-0.56608062,12.38470755
2837,1.90953345,-2.43656468,15.2
2838,0.0,-0.0687432,15.2
2839,1.90953345,-1.25265394,15.2
2840,3.8190669,-2.43656468,15.2
2841,3.63116881,-0.0687432,15.09613333
2842,4.57387044,-4.77134782,12.05167556
2843,4.97716238,-4.80514888,11.90688691
2844,5.78374627,-4.87275101,11.6173096
2845,5.38045433,-4.83894995,11.76209825
2846,6.18703822,-4.90655207,11.47252095
2847,6.1098686,-4.03169757,11.55985048
2848,5.30328471,-3.96409544,11.84942779
2849,4.54998001,-3.93029438,12.09842629
2850,4.89999276,-3.93029438,11.99421644
2851,4.52608958,-3.08924094,12.14517703
2852,4.87610233,-3.08924094,12.04096717
2853,5.22611509,-3.08924094,11.93675732
2854,5.70657666,-3.99789651,11.70463913
2855,5.62940704,-3.12304201,11.79196867
2856,6.43599093,-3.19064413,11.50239136
2857,6.03269898,-3.15684307,11.64718002
2858,6.51316055,-4.06549863,11.41506183
2859,5.72860035,-4.80438616,15.2
2860,5.72860035,-3.62047542,15.2
2861,7.6381338,-4.80438616,15.2
2862,4.50219915,-2.2481875,12.19192776
2863,4.8522119,-2.2481875,12.08771791
2864,5.20222466,-2.2481875,11.98350806
2865,4.46424536,-1.40713406,12.23621273
2866,4.8109251,-1.40713406,12.13282983
2867,5.16093785,-1.40713406,12.02861998
2868,6.35882131,-2.31578963,11.5897209
2869,5.95552936,-2.28198857,11.73450955
2870,5.55223742,-2.2481875,11.8792982
2871,5.85763034,-1.40713406,11.82102723
2872,6.26092229,-1.44093513,11.67623858
2873,5.51095061,-1.40713406,11.92441013
2874,4.42629158,-0.56608062,12.2804977
2875,4.77297131,-0.56608062,12.1771148
2876,5.11965104,-0.56608062,12.0737319
2877,5.81634353,-0.56608062,11.86613915
2878,6.16302326,-0.56608062,11.76275626
2879,5.4696638,-0.56608062,11.96952205
2880,6.76211326,-2.34959069,11.44493225
2881,6.66421423,-1.47473619,11.53144992
2882,6.56631521,-0.59988169,11.6179676
2883,6.86401585,-0.59988169,11.45350917
2884,5.54070226,-1.25265394,15.09613333
2885,7.6381338,-2.43656468,15.2
2886,7.45023571,-0.0687432,15.09613333
2887,9.63702977,-10.72393985,8.34481809
2888,9.52086008,-10.72393985,8.47322588
2889,9.63702977,-10.37669295,8.46337656
2890,10.10170852,-10.72393985,7.83118691
2891,9.98553883,-10.72393985,7.9595947
2892,10.10170852,-10.37669295,7.94974538
2893,10.26366845,-10.72393985,7.6342597
2894,10.25603675,-10.72393985,7.64567961
2895,10.24840504,-10.72393985,7.65709951
2896,10.27893187,-10.72393985,7.6114199
2897,10.27130016,-10.72393985,7.6228398
2898,10.23314163,-10.72393985,7.67993931
2899,10.24077333,-10.72393985,7.66851941
2900,10.22550992,-10.72393985,7.69135921
2901,10.21787821,-10.72393985,7.70277911
2902,10.23130528,-10.69854025,7.69135921
2903,10.33109353,-10.36153706,7.65709951
2904,10.32346182,-10.36153706,7.66851941
2905,10.31583012,-10.36153706,7.67993931
2906,10.30819841,-10.36153706,7.69135921
2907,10.36925207,-10.36153706,7.6
2908,10.36162036,-10.36153706,7.6114199
2909,10.35398865,-10.36153706,7.6228398
2910,10.34635694,-10.36153706,7.6342597
2911,10.33872524,-10.36153706,7.64567961
2912,10.21787821,-10.37669295,7.82133758
2913,10.42363673,-10.08973497,7.6114199
2914,10.42777115,-10.07161483,7.6114199
2915,9.86936914,-10.72393985,8.0880025
2916,9.75319946,-10.72393985,8.21641029
2917,9.86936914,-10.37669295,8.20656097
2918,9.98553883,-10.37669295,8.07815317
2919,9.75319946,-10.37669295,8.33496876
2920,10.10170852,-10.02944604,8.06830385
2921,10.43427327,-10.03940125,7.61268878
2922,10.43527683,-10.03537455,7.61256189
2923,10.43667714,-9.99913427,7.6228398
2924,10.45194056,-9.99913427,7.6
2925,10.44430885,-9.99913427,7.6114199
2926,10.4455808,-9.99913427,7.60951658
2927,10.44583519,-9.99913427,7.60913592
2928,10.44382649,-9.99913427,7.6121417
2929,10.42904544,-9.99913427,7.6342597
2930,10.42141373,-9.99913427,7.64567961
2931,10.41378202,-9.99913427,7.65709951
2932,10.39851861,-9.99913427,7.67993931
2933,10.40615032,-9.99913427,7.66851941
2934,10.45693524,-9.95379525,7.60800591
2935,10.30819841,-10.01429016,7.80991768
2936,10.21787821,-10.02944604,7.93989605
2937,10.39851861,-9.65188737,7.79849778
2938,10.53462905,-9.63673148,7.6
2939,10.52699734,-9.63673148,7.6114199
2940,10.51936563,-9.63673148,7.6228398
2941,10.50410222,-9.63673148,7.64567961
2942,10.49647051,-9.63673148,7.65709951
2943,10.51173393,-9.63673148,7.6342597
2944,10.48883881,-9.63673148,7.66851941
2945,10.30819841,-9.66704325,7.92847615
2946,10.21787821,-9.68219914,8.05845452
2947,9.98553883,-10.02944604,8.19671164
2948,9.86936914,-10.02944604,8.32511944
2949,9.75319946,-10.02944604,8.45352723
2950,10.10170852,-9.68219914,8.18686232
2951,9.86936914,-9.68219914,8.44367791
2952,9.98553883,-9.68219914,8.31527011
2953,8.96969592,-10.72393985,9.00411524
2954,9.08586561,-10.37669295,8.99426591
2955,9.2885207,-10.72393985,8.73004147
2956,9.40469039,-10.72393985,8.60163368
2957,9.17235101,-10.72393985,8.85844927
2958,9.52086008,-10.37669295,8.59178435
2959,9.40469039,-10.37669295,8.72019215
2960,9.2885207,-10.37669295,8.84859994
2961,8.76704083,-10.72393985,9.14978121
2962,8.88321052,-10.37669295,9.13993189
2963,8.68055543,-10.37669295,9.28559786
2964,9.63702977,-10.02944604,8.58193503
2965,9.52086008,-10.02944604,8.71034282
2966,9.2020353,-10.02944604,8.98441659
2967,9.40469039,-10.02944604,8.83875062
2968,9.63702977,-9.68219914,8.7004935
2969,9.31820499,-9.68219914,8.97456727
2970,9.52086008,-9.68219914,8.82890129
2971,8.99938021,-10.02944604,9.13008256
2972,8.79672511,-10.02944604,9.27574854
2973,8.59407002,-10.02944604,9.42141451
2974,9.11554989,-9.68219914,9.12023324
2975,8.71023971,-9.68219914,9.41156518
2976,8.9128948,-9.68219914,9.26589921
2977,10.64358279,-10.72393985,8.92102704
2978,10.17890404,-10.72393985,9.43465822
2979,10.41124341,-10.72393985,9.17784263
2980,10.5274131,-10.72393985,9.04943484
2981,10.29507373,-10.72393985,9.30625043
2982,9.75319946,-9.68219914,8.5720857
2983,10.60205413,-9.27432869,7.6228398
2984,10.59442242,-9.27432869,7.6342597
2985,10.58679071,-9.27432869,7.64567961
2986,10.57915901,-9.27432869,7.65709951
2987,10.61731754,-9.27432869,7.6
2988,10.60968583,-9.27432869,7.6114199
2989,10.48883881,-9.28948458,7.78707788
2990,10.39851861,-9.30464046,7.91705625
2991,10.30819841,-9.31979635,8.04703462
2992,10.6694792,-8.9119259,7.64567961
2993,10.70000603,-8.9119259,7.6
2994,10.69237432,-8.9119259,7.6114199
2995,10.68474262,-8.9119259,7.6228398
2996,10.67711091,-8.9119259,7.6342597
2997,10.57915901,-8.92708179,7.77565798
2998,10.39851861,-8.95739356,8.03561472
2999,10.48883881,-8.94223767,7.90563635
3000,10.10170852,-9.33495223,8.30542079
3001,9.98553883,-9.33495223,8.43382858
3002,10.10170852,-8.98770533,8.42397926
3003,10.21787821,-9.33495223,8.17701299
3004,10.30819841,-8.97254944,8.16559309
3005,10.21787821,-8.98770533,8.29557146
3006,10.6694792,-8.564679,7.76423808
3007,10.57915901,-8.57983488,7.89421645
3008,10.48883881,-8.59499077,8.02419482
3009,10.6694792,-8.21743209,7.88279655
3010,10.57915901,-8.23258798,8.01277492
3011,10.10170852,-8.64045842,8.54253773
3012,10.39851861,-8.61014665,8.15417319
3013,10.30819841,-8.62530254,8.28415156
3014,10.21787821,-8.64045842,8.41412994
3015,10.39851861,-8.26289975,8.27273166
3016,10.48883881,-8.24774386,8.14275329
3017,10.30819841,-8.27805563,8.40271003
3018,10.21787821,-8.29321152,8.53268841
3019,9.63702977,-9.33495223,8.81905197
3020,9.43437468,-9.33495223,8.96471794
3021,9.55054436,-8.98770533,8.95486862
3022,9.02906449,-9.33495223,9.25604989
3023,8.8264094,-9.33495223,9.40171586
3024,8.94257909,-8.98770533,9.39186653
3025,9.23171958,-9.33495223,9.11038391
3026,9.34788927,-8.98770533,9.10053459
3027,9.14523418,-8.98770533,9.24620056
3028,9.66671405,-8.64045842,8.94501929
3029,8.9288764,-8.64045842,9.47536787
3030,9.26140387,-8.64045842,9.23635124
3031,9.46405896,-8.64045842,9.09068526
3032,9.58022865,-8.29321152,9.08083594
3033,9.24770118,-8.29321152,9.31985257
3034,9.86936914,-9.33495223,8.56223638
3035,9.75319946,-9.33495223,8.69064417
3036,9.86936914,-8.98770533,8.68079485
3037,9.98553883,-8.98770533,8.55238705
3038,9.75319946,-8.98770533,8.80920264
3039,9.98553883,-8.64045842,8.67094552
3040,9.86936914,-8.64045842,8.79935332
3041,10.10170852,-8.29321152,8.6610962
3042,9.78288374,-8.29321152,8.93516997
3043,9.98553883,-8.29321152,8.78950399
3044,11.00735527,-10.72393985,7.66851941
3045,10.99972357,-10.72393985,7.67993931
3046,10.99209186,-10.72393985,7.69135921
3047,11.0378821,-10.72393985,7.6228398
3048,11.05314552,-10.72393985,7.6
3049,11.04551381,-10.72393985,7.6114199
3050,11.03025039,-10.72393985,7.6342597
3051,11.02261869,-10.72393985,7.64567961
3052,11.01498698,-10.72393985,7.65709951
3053,11.13583401,-10.36153706,7.6
3054,11.81209575,-10.72393985,7.6114199
3055,11.80446404,-10.72393985,7.6228398
3056,11.78156892,-10.72393985,7.65709951
3057,11.79683234,-10.72393985,7.6342597
3058,11.78920063,-10.72393985,7.64567961
3059,11.77393721,-10.72393985,7.66851941
3060,11.76630551,-10.72393985,7.67993931
3061,10.99209186,-10.72393985,8.53580366
3062,11.76630551,-10.72393985,8.52438376
3063,11.2185225,-9.99913427,7.6
3064,11.30121099,-9.63673148,7.6
3065,11.81972746,-10.72393985,7.6
3066,11.90241595,-10.36153706,7.6
3067,12.54815086,-10.72393985,7.65709951
3068,12.5863094,-10.72393985,7.6
3069,12.57867769,-10.72393985,7.6114199
3070,12.57104598,-10.72393985,7.6228398
3071,12.56341428,-10.72393985,7.6342597
3072,12.55578257,-10.72393985,7.64567961
3073,12.54051916,-10.72393985,7.66851941
3074,12.66899789,-10.36153706,7.6
3075,12.54051916,-10.72393985,8.51296385
3076,11.98510444,-9.99913427,7.6
3077,12.06779293,-9.63673148,7.6
3078,12.75168638,-9.99913427,7.6
3079,12.83437487,-9.63673148,7.6
3080,10.87592217,-10.72393985,8.66421145
3081,10.75975248,-10.72393985,8.79261925
3082,11.76630551,-10.72393985,9.3688282
3083,11.65013582,-10.72393985,9.49723599
3084,12.54051916,-10.72393985,9.3574083
3085,11.38389948,-9.27432869,7.6
3086,11.46658797,-8.9119259,7.6
3087,10.76743111,-8.54952311,7.6228398
3088,10.78269452,-8.54952311,7.6
3089,10.77506282,-8.54952311,7.6114199
3090,10.7597994,-8.54952311,7.6342597
3091,10.86538301,-8.18712032,7.6
3092,10.85775131,-8.18712032,7.6114199
3093,10.8501196,-8.18712032,7.6228398
3094,10.7597994,-8.20227621,7.75281817
3095,11.54927646,-8.54952311,7.6
3096,11.63196496,-8.18712032,7.6
3097,12.15048142,-9.27432869,7.6
3098,12.23316991,-8.9119259,7.6
3099,12.3158584,-8.54952311,7.6
3100,12.3985469,-8.18712032,7.6
3101,9.65742417,-10.72393985,9.85439796
3102,8.8468038,-10.72393985,10.43706185
3103,9.04945889,-10.72393985,10.29139588
3104,9.25211398,-10.72393985,10.1457299
3105,9.45476907,-10.72393985,10.00006393
3106,9.86007926,-10.72393985,9.70873199
3107,10.06273435,-10.72393985,9.56306601
3108,8.64414871,-10.72393985,10.58272782
3109,9.35588707,-10.72393985,11.37084591
3110,9.53453205,-10.72393985,11.28734457
3111,10.14249732,-10.72393985,10.85034665
3112,10.5478075,-10.72393985,10.55901471
3113,10.34515241,-10.72393985,10.70468068
3114,9.73718714,-10.72393985,11.1416786
3115,9.93984223,-10.72393985,10.99601263
3116,8.62375431,-9.33495223,9.54738183
3117,8.61005162,-8.98770533,9.63088317
3118,8.59634893,-8.64045842,9.7143845
3119,8.91517371,-8.29321152,9.5588692
3120,11.53396613,-10.72393985,9.62564379
3121,11.41779644,-10.72393985,9.75405158
3122,11.30162675,-10.72393985,9.88245938
3123,11.18545706,-10.72393985,10.01086717
3124,11.06928737,-10.72393985,10.13927497
3125,10.95311768,-10.72393985,10.26768276
3126,10.75046259,-10.72393985,10.41334874
3127,12.54051916,-10.72393985,10.20185274
3128,12.42434947,-10.72393985,10.33026054
3129,11.64084593,-10.72393985,11.11796548
3130,11.43819084,-10.72393985,11.26363146
3131,12.30817978,-10.72393985,10.45866833
3132,12.19201009,-10.72393985,10.58707613
3133,12.0758404,-10.72393985,10.71548392
3134,11.95967071,-10.72393985,10.84389172
3135,11.84350102,-10.72393985,10.97229951
3136,10.6694792,-7.87018519,8.00135502
3137,10.57915901,-7.88534107,8.13133339
3138,10.48883881,-7.90049696,8.26131176
3139,10.39851861,-7.91565284,8.39129013
3140,10.30819841,-7.93080873,8.5212685
3141,10.6694792,-7.52293828,8.11991349
3142,10.57915901,-7.53809417,8.24989186
3143,10.39851861,-7.56840594,8.5098486
3144,10.48883881,-7.55325005,8.37987023
3145,10.72606379,-6.9305747,8.11991349
3146,10.63574359,-6.94573059,8.24989186
3147,10.45510319,-6.97604236,8.5098486
3148,10.54542339,-6.96088647,8.37987023
3149,9.56652596,-7.94596461,9.16433728
3150,9.23399849,-7.94596461,9.40335391
3151,9.55282327,-7.59871771,9.24783861
3152,9.2202958,-7.59871771,9.48685524
3153,9.44368895,-6.7238632,9.40841084
3154,10.10170852,-7.94596461,8.77965467
3155,9.89905343,-7.94596461,8.92532064
3156,9.88535074,-7.59871771,9.00882198
3157,10.21787821,-7.94596461,8.65124688
3158,10.30819841,-7.58356182,8.63982697
3159,10.21787821,-7.59871771,8.76980535
3160,10.10874389,-6.7238632,8.93037758
3161,10.36478299,-6.99119824,8.63982697
3162,10.33937381,-6.7238632,8.71433678
3163,9.77621642,-6.7238632,9.16939421
3164,10.60200797,-6.3685229,8.37987023
3165,10.51168777,-6.38367878,8.5098486
3166,10.69232817,-6.35336701,8.24989186
3167,10.65859256,-5.77615932,8.37987023
3168,10.63318337,-5.50882428,8.45438003
3169,10.48627859,-6.11634374,8.58435841
3170,10.46086941,-5.8490087,8.65886821
3171,10.23023949,-5.8490087,8.87490901
3172,9.99960957,-5.8490087,9.09094981
3173,9.6670821,-5.8490087,9.32996644
3174,10.9404398,-7.82471753,7.6114199
3175,10.94807151,-7.82471753,7.6
3176,10.8501196,-7.83987341,7.74139827
3177,10.7597994,-7.8550293,7.87137665
3178,10.9404398,-7.47747062,7.72997837
3179,10.8501196,-7.49262651,7.85995674
3180,10.7597994,-7.50778239,7.98993512
3181,11.71465345,-7.82471753,7.6
3182,10.99702438,-6.88510705,7.72997837
3183,11.08734458,-6.86995116,7.6
3184,10.90670418,-6.90026293,7.85995674
3185,10.81638398,-6.91541882,7.98993512
3186,12.3985469,-7.00320958,7.6
3187,11.14392916,-6.27758758,7.6
3188,11.05360896,-6.29274347,7.72997837
3189,10.96328877,-6.30789935,7.85995674
3190,10.87296857,-6.32305524,7.98993512
3191,11.71465345,-6.64080679,7.6
3192,11.77123803,-6.04844321,7.6
3193,10.78264837,-6.33821113,8.11991349
3194,11.11019355,-5.70037989,7.72997837
3195,10.92955315,-5.73069166,7.98993512
3196,11.01987335,-5.71553578,7.85995674
3197,11.20051375,-5.68522401,7.6
3198,10.83923295,-5.74584755,8.11991349
3199,10.74891275,-5.76100343,8.24989186
3200,11.82782261,-5.45607964,7.6
3201,12.3985469,-5.81929884,7.6
3202,8.90147102,-7.94596461,9.64237054
3203,8.88776833,-7.59871771,9.72587187
3204,9.11116148,-6.7238632,9.64742747
3205,8.778634,-6.7238632,9.88644411
3206,9.00202715,-5.8490087,9.80799971
3207,9.33455462,-5.8490087,9.56898307
3208,8.66949968,-5.8490087,10.04701634
3209,13.35289134,-10.72393985,7.6
3210,13.34525963,-10.72393985,7.6114199
3211,13.33762792,-10.72393985,7.6228398
3212,13.32236451,-10.72393985,7.64567961
3213,13.3147328,-10.72393985,7.65709951
3214,13.32999622,-10.72393985,7.6342597
3215,13.43557983,-10.36153706,7.6
3216,13.3147328,-10.72393985,8.50154395
3217,13.51826832,-9.99913427,7.6
3218,13.60095681,-9.63673148,7.6
3219,14.09657816,-10.72393985,7.6342597
3220,14.08894645,-10.72393985,7.64567961
3221,14.11947328,-10.72393985,7.6
3222,14.11184157,-10.72393985,7.6114199
3223,14.10420987,-10.72393985,7.6228398
3224,14.20216177,-10.36153706,7.6
3225,14.88605522,-10.72393985,7.6
3226,14.87842351,-10.72393985,7.6114199
3227,14.87079181,-10.72393985,7.6228398
3228,14.8631601,-10.72393985,7.6342597
3229,14.96874371,-10.36153706,7.6
3230,14.08894645,-10.72393985,8.49012405
3231,14.8631601,-10.72393985,8.47870415
3232,14.28485026,-9.99913427,7.6
3233,14.36753875,-9.63673148,7.6
3234,13.3147328,-10.72393985,9.3459884
3235,14.08894645,-10.72393985,9.3345685
3236,14.8631601,-10.72393985,9.32314859
3237,12.91706336,-9.27432869,7.6
3238,12.99975185,-8.9119259,7.6
3239,13.6836453,-9.27432869,7.6
3240,13.7663338,-8.9119259,7.6
3241,13.08244035,-8.54952311,7.6
3242,14.45022725,-9.27432869,7.6
3243,14.45022725,-8.09041795,7.6
3244,15.63737375,-10.72393985,7.6228398
3245,15.65263716,-10.72393985,7.6
3246,15.64500545,-10.72393985,7.6114199
3247,15.73532565,-10.36153706,7.6
3248,15.63737375,-10.72393985,8.46728425
3249,15.0514322,-9.99913427,7.6
3250,15.13412069,-9.63673148,7.6
3251,15.81801414,-9.99913427,7.6
3252,16.4115874,-10.72393985,7.6114199
3253,16.4192191,-10.72393985,7.6
3254,16.50190759,-10.36153706,7.6
3255,16.4115874,-10.72393985,8.45586435
3256,17.18580104,-10.72393985,8.44444444
3257,17.18580104,-9.54002911,8.44444444
3258,15.63737375,-10.72393985,9.31172869
3259,16.4115874,-10.72393985,9.30030879
3260,17.18580104,-10.72393985,9.28888889
3261,17.18580104,-9.54002911,9.28888889
3262,15.81801414,-8.81522353,7.6
3263,15.13412069,-8.45282074,7.6
3264,16.50190759,-9.17762632,7.6
3265,17.18580104,-8.35611837,7.6
3266,17.18580104,-8.35611837,8.44444444
3267,17.18580104,-8.35611837,9.28888889
3268,13.3147328,-10.72393985,10.19043284
3269,14.08894645,-10.72393985,10.17901294
3270,14.8631601,-10.72393985,10.16759304
3271,13.3147328,-10.72393985,11.03487729
3272,13.08239343,-10.72393985,11.29169287
3273,13.19856311,-10.72393985,11.16328508
3274,14.08894645,-10.72393985,11.02345738
3275,14.8631601,-10.72393985,11.01203748
3276,15.63737375,-10.72393985,10.15617314
3277,16.4115874,-10.72393985,10.14475323
3278,17.18580104,-10.72393985,10.13333333
3279,17.18580104,-9.54002911,10.13333333
3280,15.63737375,-10.72393985,11.00061758
3281,16.4115874,-10.72393985,10.98919768
3282,17.18580104,-10.72393985,10.97777778
3283,17.18580104,-9.54002911,10.97777778
3284,17.18580104,-8.35611837,10.13333333
3285,17.18580104,-8.35611837,10.97777778
3286,13.7663338,-7.72801516,7.6
3287,13.08244035,-7.36561237,7.6
3288,14.45022725,-6.90650721,7.6
3289,13.08244035,-6.18170163,7.6
3290,13.7663338,-6.54410442,7.6
3291,14.45022725,-5.72259647,7.6
3292,15.81801414,-7.63131279,7.6
3293,15.13412069,-7.26891,7.6
3294,16.50190759,-7.99371558,7.6
3295,16.50190759,-6.80980485,7.6
3296,17.18580104,-7.17220764,7.6
3297,17.18580104,-7.17220764,8.44444444
3298,17.18580104,-7.17220764,9.28888889
3299,15.13412069,-6.08499926,7.6
3300,15.81801414,-6.44740206,7.6
3301,16.50190759,-5.62589411,7.6
3302,17.18580104,-5.9882969,7.6
3303,17.18580104,-5.9882969,8.44444444
3304,17.18580104,-5.9882969,9.28888889
3305,17.18580104,-7.17220764,10.13333333
3306,17.18580104,-7.17220764,10.97777778
3307,17.18580104,-5.9882969,10.13333333
3308,17.18580104,-5.9882969,10.97777778
3309,8.81995216,-10.72393985,11.62134991
3310,8.99859713,-10.72393985,11.53784858
3311,8.64130719,-10.72393985,11.70485125
3312,9.1772421,-10.72393985,11.45434724
3313,9.55570065,-10.72393985,12.34730336
3314,10.62757047,-10.72393985,11.84629535
3315,10.09163556,-10.72393985,12.09679935
3316,9.91299059,-10.72393985,12.18030069
3317,9.73434562,-10.72393985,12.26380202
3318,10.4489255,-10.72393985,11.92979668
3319,10.27028053,-10.72393985,12.01329802
3320,8.86226883,-10.72393985,12.58672549
3321,9.09341277,-10.72393985,12.50691811
3322,8.63112488,-10.72393985,12.66653286
3323,9.32455671,-10.72393985,12.42711073
3324,9.21380773,-10.72393985,13.28797265
3325,9.44273603,-10.72393985,13.25488117
3326,10.13395222,-10.72393985,13.06217493
3327,9.90280828,-10.72393985,13.1419823
3328,9.67166434,-10.72393985,13.22178968
3329,10.36509617,-10.72393985,12.98236755
3330,10.59624011,-10.72393985,12.90256017
3331,11.23553575,-10.72393985,11.40929743
3332,11.03288066,-10.72393985,11.5549634
3333,10.83022556,-10.72393985,11.70062937
3334,12.85005405,-10.72393985,11.54850846
3335,12.53122927,-10.72393985,11.82258223
3336,12.73388436,-10.72393985,11.67691626
3337,12.32857418,-10.72393985,11.9682482
3338,11.92326399,-10.72393985,12.25958015
3339,12.12591908,-10.72393985,12.11391418
3340,10.82738405,-10.72393985,12.8227528
3341,11.00602902,-10.72393985,12.73925146
3342,11.18467399,-10.72393985,12.65575013
3343,11.36331896,-10.72393985,12.57224879
3344,11.54196393,-10.72393985,12.48874746
3345,11.7206089,-10.72393985,12.40524612
3346,12.09906745,-10.72393985,13.29820224
3347,12.27771242,-10.72393985,13.2147009
3348,12.63500236,-10.72393985,13.04769823
3349,12.81364733,-10.72393985,12.9641969
3350,12.45635739,-10.72393985,13.13119957
3351,8.75595111,-10.72393985,13.35415562
3352,8.98487942,-10.72393985,13.32106413
3353,10.25877845,-10.72393985,13.74979768
3354,10.48770676,-10.72393985,13.7167062
3355,10.71663507,-10.72393985,13.68361471
3356,10.08100065,-10.72393985,14.11234826
3357,9.54766725,-10.72393985,15.2
3358,9.54766725,-9.54002911,15.2
3359,9.90322285,-10.72393985,14.47489884
3360,9.72544505,-10.72393985,14.83744942
3361,9.54766725,-8.35611837,15.2
3362,10.94556337,-10.72393985,13.65052323
3363,11.17449168,-10.72393985,13.61743174
3364,11.63677956,-10.72393985,13.45781699
3365,11.40563562,-10.72393985,13.53762437
3366,11.86792351,-10.72393985,13.37800961
3367,11.9905341,-10.72393985,14.11234826
3368,12.21946241,-10.72393985,14.07925678
3369,12.44839071,-10.72393985,14.04616529
3370,12.67731902,-10.72393985,14.01307381
3371,11.8127563,-10.72393985,14.47489884
3372,11.6349785,-10.72393985,14.83744942
3373,11.4572007,-10.72393985,15.2
3374,11.4572007,-9.54002911,15.2
3375,11.4572007,-8.35611837,15.2
3376,9.54766725,-7.17220764,15.2
3377,9.54766725,-5.9882969,15.2
3378,11.4572007,-7.17220764,15.2
3379,12.96622374,-10.72393985,11.42010067
3380,13.85660707,-10.72393985,12.12471742
3381,13.74043738,-10.72393985,12.25312521
3382,14.08894645,-10.72393985,11.86790183
3383,14.8631601,-10.72393985,11.85648193
3384,13.97277676,-10.72393985,11.99630962
3385,13.4216126,-10.72393985,12.52719898
3386,13.01630242,-10.72393985,12.81853092
3387,13.21895751,-10.72393985,12.67286495
3388,13.6242677,-10.72393985,12.38153301
3389,14.8631601,-10.72393985,12.70092637
3390,14.31199594,-10.72393985,13.23181573
3391,14.74699041,-10.72393985,12.82933417
3392,14.63082072,-10.72393985,12.95774196
3393,14.51465103,-10.72393985,13.08614976
3394,15.63737375,-10.72393985,11.84506203
3395,16.4115874,-10.72393985,11.83364212
3396,17.18580104,-10.72393985,11.82222222
3397,17.18580104,-9.54002911,11.82222222
3398,15.63737375,-10.72393985,12.68950647
3399,16.4115874,-10.72393985,12.67808657
3400,17.18580104,-10.72393985,12.66666667
3401,17.18580104,-9.54002911,12.66666667
3402,17.18580104,-8.35611837,11.82222222
3403,17.18580104,-8.35611837,12.66666667
3404,13.37075085,-10.72393985,13.77365168
3405,13.90668576,-10.72393985,13.52314767
3406,13.54939582,-10.72393985,13.69015034
3407,13.72804079,-10.72393985,13.60664901
3408,13.13960691,-10.72393985,13.85345906
3409,12.90846296,-10.72393985,13.93326643
3410,14.10934085,-10.72393985,13.3774817
3411,14.64243425,-10.72393985,14.24910112
3412,14.99972419,-10.72393985,14.08209845
3413,14.82107922,-10.72393985,14.16559978
3414,13.72228975,-10.72393985,14.47489884
3415,13.95121806,-10.72393985,14.44180736
3416,13.36673414,-10.72393985,15.2
3417,13.54451195,-10.72393985,14.83744942
3418,13.36673414,-9.54002911,15.2
3419,14.18014636,-10.72393985,14.40871587
3420,14.4112903,-10.72393985,14.3289085
3421,13.36673414,-8.35611837,15.2
3422,15.52120406,-10.72393985,13.66235871
3423,15.63737375,-10.72393985,13.53395091
3424,15.20237928,-10.72393985,13.93643248
3425,15.40503437,-10.72393985,13.7907665
3426,16.4115874,-10.72393985,13.52253101
3427,17.18580104,-10.72393985,13.51111111
3428,17.18580104,-9.54002911,13.51111111
3429,15.91411764,-10.72393985,14.72455056
3430,16.09276262,-10.72393985,14.64104922
3431,15.4540454,-10.72393985,14.83744942
3432,15.27626759,-10.72393985,15.2
3433,15.6829737,-10.72393985,14.80435794
3434,15.27626759,-9.54002911,15.2
3435,16.4115874,-10.72393985,14.36697546
3436,16.29541771,-10.72393985,14.49538325
3437,17.18580104,-10.72393985,14.35555556
3438,17.18580104,-10.72393985,15.2
3439,17.18580104,-9.54002911,14.35555556
3440,17.18580104,-8.35611837,13.51111111
3441,17.18580104,-8.35611837,15.2
3442,17.18580104,-7.17220764,11.82222222
3443,17.18580104,-7.17220764,12.66666667
3444,17.18580104,-5.9882969,11.82222222
3445,13.36673414,-5.9882969,15.2
3446,15.27626759,-7.17220764,15.2
3447,17.18580104,-7.17220764,14.35555556
3448,17.18580104,-5.9882969,13.51111111
3449,17.18580104,-5.9882969,15.2
3450,10.60777419,-5.24148924,8.52888984
3451,10.7292698,-4.36663474,8.47342127
3452,10.70386061,-4.0992997,8.54793107
3453,9.55794777,-4.9741542,9.49053867
3454,10.58236501,-4.9741542,8.60339964
3455,10.35173509,-4.9741542,8.81944044
3456,9.89047524,-4.9741542,9.25152204
3457,10.12110517,-4.9741542,9.03548124
3458,10.47323069,-4.0992997,8.76397187
3459,10.24260077,-4.0992997,8.98001267
3460,10.01197084,-4.0992997,9.19605347
3461,9.78134092,-4.0992997,9.41209427
3462,10.59472629,-3.22444519,8.70850331
3463,10.36409637,-3.22444519,8.92454411
3464,10.13346645,-3.22444519,9.1405849
3465,9.90283652,-3.22444519,9.3566257
3466,11.25709833,-5.09286043,7.6
3467,11.16677813,-5.10801631,7.72997837
3468,10.98613773,-5.13832809,7.98993512
3469,11.07645793,-5.1231722,7.85995674
3470,10.89581753,-5.15348397,8.11991349
3471,10.80549734,-5.16863986,8.24989186
3472,10.78008816,-4.90130482,8.32440166
3473,11.22336271,-4.51565274,7.72997837
3474,11.13304251,-4.53080862,7.85995674
3475,11.04272232,-4.54596451,7.98993512
3476,11.31368291,-4.50049685,7.6
3477,10.95240212,-4.56112039,8.11991349
3478,10.75467898,-4.63396978,8.39891147
3479,10.92699294,-4.29378535,8.19442329
3480,10.90158376,-4.02645031,8.26893309
3481,11.8844072,-4.86371606,7.6
3482,12.45513148,-5.22693527,7.6
3483,11.94099178,-4.27135248,7.6
3484,12.51171606,-4.63457169,7.6
3485,12.56830064,-4.04220811,7.6
3486,11.1896271,-3.93844505,7.85995674
3487,11.0993069,-3.95360093,7.98993512
3488,11.07389772,-3.68626589,8.06444492
3489,11.37026749,-3.90813327,7.6
3490,11.2799473,-3.92328916,7.72997837
3491,10.87617458,-3.75911527,8.3434429
3492,11.04848854,-3.41893085,8.13895472
3493,10.8507654,-3.49178023,8.4179527
3494,11.24621168,-3.34608147,7.85995674
3495,11.2208025,-3.07874643,7.93446655
3496,11.19539332,-2.81141139,8.00897635
3497,11.42685208,-3.3157697,7.6
3498,11.33653188,-3.33092558,7.72997837
3499,11.39311646,-2.73856201,7.72997837
3500,11.02307936,-3.15159581,8.21346453
3501,10.82535622,-3.22444519,8.49246251
3502,10.99767018,-2.88426077,8.28797433
3503,11.99757636,-3.6789889,7.6
3504,12.62488523,-3.44984453,7.6
3505,12.05416094,-3.08662533,7.6
3506,12.68146981,-2.85748096,7.6
3507,8.89289283,-4.9741542,9.96857194
3508,9.2254203,-4.9741542,9.7295553
3509,9.11628598,-4.0992997,9.89012754
3510,9.44881345,-4.0992997,9.6511109
3511,8.78375851,-4.0992997,10.12914417
3512,9.33967913,-3.22444519,9.81168313
3513,9.00715166,-3.22444519,10.05069977
3514,8.67462419,-3.22444519,10.2897164
3515,9.6722066,-3.22444519,9.5726665
3516,10.71622189,-2.34959069,8.65303474
3517,10.48559197,-2.34959069,8.86907554
3518,10.02433212,-2.34959069,9.30115714
3519,10.25496205,-2.34959069,9.08511634
3520,10.57337938,-1.47473619,8.82017038
3521,10.11431573,-1.47473619,9.25053759
3522,9.88368581,-1.47473619,9.46657839
3523,10.34274946,-1.47473619,9.03621118
3524,10.6611668,-0.59988169,8.77126522
3525,10.43053688,-0.59988169,8.98730602
3526,10.20210314,-0.59988169,9.20163243
3527,9.97366941,-0.59988169,9.41595884
3528,11.36770728,-2.47122697,7.80448818
3529,11.3422981,-2.20389193,7.87899798
3530,11.16998414,-2.54407635,8.08348616
3531,10.972261,-2.61692573,8.36248413
3532,10.94685182,-2.34959069,8.43699394
3533,11.14457496,-2.27674131,8.15799596
3534,11.51461206,-1.8637075,7.6745098
3535,11.55504555,-1.90189817,7.6
3536,11.31688892,-1.93655689,7.95350778
3537,11.52963637,-1.63456313,7.6745098
3538,11.48920288,-1.59637246,7.74901961
3539,11.54466068,-1.40541876,7.6745098
3540,11.50422719,-1.36722809,7.74901961
3541,11.57006986,-1.6727538,7.6
3542,11.58509417,-1.44360943,7.6
3543,11.29147974,-1.66922185,8.02801759
3544,11.11916578,-2.00940627,8.23250576
3545,11.0937566,-1.74207123,8.30701557
3546,11.26607056,-1.40188681,8.10252739
3547,11.03244304,-1.47473619,8.38980317
3548,12.11074553,-2.49426175,7.6
3549,12.73805439,-2.26511738,7.6
3550,12.16733011,-1.90189817,7.6
3551,12.18235442,-1.6727538,7.6
3552,12.19737873,-1.44360943,7.6
3553,12.79463898,-1.6727538,7.6
3554,12.80966329,-1.44360943,7.6
3555,10.80400931,-1.47473619,8.60412958
3556,11.4637937,-1.32903742,7.82352941
3557,11.5192515,-1.13808372,7.74901961
3558,11.47881801,-1.09989305,7.82352941
3559,11.60011848,-1.21446506,7.6
3560,11.55968499,-1.17627439,7.6745098
3561,11.43838452,-1.06170238,7.89803922
3562,11.53427581,-0.90893935,7.74901961
3563,11.49384232,-0.87074868,7.82352941
3564,11.61514279,-0.98532069,7.6
3565,11.5747093,-0.94713002,7.6745098
3566,11.6301671,-0.75617632,7.6
3567,11.58973361,-0.71798565,7.6745098
3568,11.54930012,-0.67979498,7.74901961
3569,11.45340883,-0.83255801,7.89803922
3570,11.41297534,-0.79436734,7.97254902
3571,11.24066138,-1.13455177,8.1770372
3572,11.17934782,-0.86721673,8.2598248
3573,11.50886663,-0.64160431,7.82352941
3574,11.51166613,-0.41245994,7.82668286
3575,11.64519141,-0.52703195,7.6
3576,11.59253311,-0.48884128,7.67766325
3577,11.55209962,-0.45065061,7.75217306
3578,11.46843314,-0.60341364,7.89803922
3579,11.38756616,-0.5270323,8.04705882
3580,11.42799965,-0.56522297,7.97254902
3581,11.45926451,-0.37426927,7.90395193
3582,11.41883102,-0.3360786,7.97846173
3583,11.51446562,-0.18331557,7.82983631
3584,11.66021572,-0.29788758,7.6
3585,11.60755742,-0.25969691,7.67766325
3586,11.55489912,-0.22150624,7.7553265
3587,11.65715449,-0.03055254,7.60535909
3588,11.61438344,-0.03055254,7.67963249
3589,11.37839753,-0.29788793,8.05297154
3590,11.46206401,-0.1451249,7.90710538
3591,11.40966239,-0.10693423,7.98437445
3592,11.3692289,-0.06874356,8.05888425
3593,11.11803426,-0.59988169,8.3426124
3594,11.3262526,-0.25969726,8.12984643
3595,11.30910124,-0.03055289,8.13748601
3596,12.21240304,-1.21446506,7.6
3597,12.22742735,-0.98532069,7.6
3598,12.24245166,-0.75617632,7.6
3599,12.8246876,-1.21446506,7.6
3600,12.83971191,-0.98532069,7.6
3601,12.85473622,-0.75617632,7.6
3602,12.25747597,-0.52703195,7.6
3603,12.27250028,-0.29788758,7.6
3604,12.26900716,-0.03055254,7.60535909
3605,12.86976053,-0.52703195,7.6
3606,12.88478484,-0.29788758,7.6
3607,12.88085982,-0.03055254,7.60535909
3608,10.88960053,-0.59988169,8.55693881
3609,9.56307228,-2.34959069,9.73323873
3610,9.2305448,-2.34959069,9.97225537
3611,8.89801733,-2.34959069,10.211272
3612,9.65305588,-1.47473619,9.68261919
3613,9.42462215,-1.47473619,9.8969456
3614,9.09209468,-1.47473619,10.13596223
3615,8.75956721,-1.47473619,10.37497886
3616,9.7937022,-2.34959069,9.51719793
3617,9.51460576,-0.59988169,9.84632605
3618,8.95364456,-0.59988169,10.2996691
3619,9.28617203,-0.59988169,10.06065246
3620,9.74303949,-0.59988169,9.63199964
3621,8.65594392,-0.59988169,10.46412754
3622,13.08244035,-4.99779089,7.6
3623,13.7663338,-5.36019368,7.6
3624,13.13902493,-4.40542732,7.6
3625,13.7663338,-4.17628295,7.6
3626,14.45022725,-4.53868574,7.6
3627,13.19560951,-3.81306374,7.6
3628,13.82291838,-3.58391937,7.6
3629,13.25219409,-3.22070016,7.6
3630,13.87950296,-2.99155579,7.6
3631,14.45022725,-3.354775,7.6
3632,14.50681183,-2.76241142,7.6
3633,15.13412069,-4.90108853,7.6
3634,15.81801414,-5.26349132,7.6
3635,15.81801414,-4.07958058,7.6
3636,17.18580104,-4.80438616,7.6
3637,17.18580104,-4.80438616,8.44444444
3638,16.50190759,-4.44198337,7.6
3639,17.18580104,-4.80438616,9.28888889
3640,15.13412069,-3.71717779,7.6
3641,15.81801414,-2.89566984,7.6
3642,17.18580104,-3.62047542,7.6
3643,17.18580104,-3.62047542,8.44444444
3644,16.50190759,-3.25807263,7.6
3645,17.18580104,-3.62047542,9.28888889
3646,17.18580104,-4.80438616,10.13333333
3647,17.18580104,-4.80438616,10.97777778
3648,17.18580104,-3.62047542,10.13333333
3649,13.30877868,-2.62833658,7.6
3650,13.36536326,-2.03597301,7.6
3651,13.93608754,-2.39919221,7.6
3652,13.42194784,-1.44360943,7.6
3653,14.56339641,-2.17004784,7.6
3654,13.99267213,-1.80682864,7.6
3655,14.61998099,-1.57768427,7.6
3656,13.43697215,-1.21446506,7.6
3657,13.45199646,-0.98532069,7.6
3658,13.46702077,-0.75617632,7.6
3659,13.48204508,-0.52703195,7.6
3660,13.49706939,-0.29788758,7.6
3661,13.49077035,-0.03055254,7.60535909
3662,13.5120937,-0.0687432,7.6
3663,14.04925671,-1.21446506,7.6
3664,14.06428102,-0.98532069,7.6
3665,14.07930533,-0.75617632,7.6
3666,14.67656558,-0.98532069,7.6
3667,14.69158989,-0.75617632,7.6
3668,14.09432964,-0.52703195,7.6
3669,14.10935395,-0.29788758,7.6
3670,14.12437826,-0.0687432,7.6
3671,14.10262301,-0.03055254,7.60535909
3672,14.7066142,-0.52703195,7.6
3673,14.72163851,-0.29788758,7.6
3674,14.73666282,-0.0687432,7.6
3675,14.71447568,-0.03055254,7.60535909
3676,15.13412069,-2.53326705,7.6
3677,15.19070528,-1.94090347,7.6
3678,15.24728986,-1.34853989,7.6
3679,15.81801414,-1.7117591,7.6
3680,16.50190759,-2.07416189,7.6
3681,17.18580104,-2.43656468,7.6
3682,17.18580104,-2.43656468,8.44444444
3683,17.18580104,-2.43656468,9.28888889
3684,15.30387444,-0.75617632,7.6
3685,15.87459873,-1.11939552,7.6
3686,15.31889875,-0.52703195,7.6
3687,15.33392306,-0.29788758,7.6
3688,15.34894737,-0.0687432,7.6
3689,15.32438621,-0.03055254,7.60535909
3690,15.93118331,-0.52703195,7.6
3691,15.94620762,-0.29788758,7.6
3692,15.96123193,-0.0687432,7.6
3693,15.93623887,-0.03055254,7.60535909
3694,16.50190759,-0.89025115,7.6
3695,17.18580104,-1.25265394,7.6
3696,17.18580104,-1.25265394,8.44444444
3697,16.55849218,-0.29788758,7.6
3698,16.57351649,-0.0687432,7.6
3699,16.54809154,-0.03055254,7.60535909
3700,16.62210677,-0.0687432,9.32351111
3701,17.18580104,-2.43656468,10.97777778
3702,16.62210677,-1.25265394,10.16795556
3703,16.62210677,-0.0687432,11.0124
3704,9.54766725,-3.62047542,15.2
3705,11.4572007,-4.80438616,15.2
3706,9.54766725,-1.25265394,15.2
3707,11.4572007,-2.43656468,15.2
3708,11.4572007,-0.0687432,15.2
3709,17.18580104,-4.80438616,12.66666667
3710,17.18580104,-3.62047542,11.82222222
3711,13.36673414,-3.62047542,15.2
3712,15.27626759,-4.80438616,15.2
3713,17.18580104,-4.80438616,14.35555556
3714,17.18580104,-3.62047542,13.51111111
3715,17.18580104,-3.62047542,15.2
3716,17.18580104,-2.43656468,12.66666667
3717,17.18580104,-1.25265394,11.82222222
3718,17.18580104,-0.0687432,12.66666667
3719,13.36673414,-1.25265394,15.2
3720,14.71257332,-0.0687432,15.09613333
3721,15.27626759,-2.43656468,15.2
3722,17.18580104,-2.43656468,14.35555556
3723,17.18580104,-1.25265394,13.51111111
3724,16.62210677,-1.25265394,15.09613333
3725,16.62210677,-0.0687432,14.25168889
3726,11.95540169,0.27497282,0.0
3727,12.6161589,0.27497282,1.14661649
3728,11.69247633,4.28499842,0.0
3729,13.06120879,0.27497282,3.57647059
3730,12.6161589,0.27497282,6.00632468
3731,11.69777646,0.27497282,7.6
3732,11.54002124,2.68098818,7.6
3733,11.34141508,7.96013191,0.0
3734,12.03078904,7.84445377,0.99206719
3735,12.6161589,7.391793,3.57647059
3736,10.7421742,10.58645344,0.0
3737,11.38024696,10.58645344,0.95479662
3738,11.71153321,10.58645344,2.13889514
3739,11.98760485,10.58645344,3.57647059
3740,17.18580104,10.58645344,0.0
3741,12.03078904,7.84445377,6.16087399
3742,11.03076,8.01226037,7.6
3743,11.71153321,10.58645344,5.01404604
3744,10.50283593,10.32601834,7.6
3745,10.44341314,10.58645344,7.6
3746,11.38024696,10.58645344,6.19814456
3747,17.18580104,10.58645344,7.6
3748,6.33634057,2.02468182,11.36595543
3749,8.52261496,1.14982732,10.33957107
3750,7.01897361,0.27497282,11.37568473
3751,7.31478433,0.27497282,11.21200933
3752,6.8193388,1.14982732,11.28991449
3753,7.08897621,1.14982732,11.1381075
3754,7.37997655,1.14982732,10.97642514
3755,7.90640576,0.27497282,10.88465852
3756,8.49802719,0.27497282,10.55730771
3757,8.20221647,0.27497282,10.72098311
3758,7.61059504,0.27497282,11.04833392
3759,7.94061429,1.14982732,10.66293579
3760,7.67097688,1.14982732,10.81474278
3761,8.23161463,1.14982732,10.50125343
3762,7.96944115,2.02468182,10.44683409
3763,8.55620505,2.02468182,10.01447274
3764,8.2628231,2.02468182,10.23065341
3765,7.15289086,2.02468182,10.90639476
3766,7.41807103,2.02468182,10.75645908
3767,6.8667009,2.02468182,11.06608408
3768,6.60152073,2.02468182,11.21601975
3769,7.68325119,2.02468182,10.6065234
3770,8.4172855,3.77439083,9.44854728
3771,8.49930443,4.64924533,9.02259519
3772,8.30608501,4.64924533,9.21067895
3773,8.12817405,4.64924533,9.38652745
3774,8.58809179,4.84373099,8.74906978
3775,8.40037969,4.91658037,8.9857134
3776,8.56169949,5.09591014,8.61142023
3777,8.48769165,5.11106603,8.71599739
3778,8.30280022,5.18391541,8.95243399
3779,6.38723548,2.89953632,11.14400342
3780,6.12651255,2.89953632,11.29206778
3781,5.6738293,3.77439083,11.36676131
3782,6.42232285,3.77439083,10.93769232
3783,6.18636068,3.77439083,11.0743752
3784,5.93009499,3.77439083,11.22056826
3785,6.20058279,4.64924533,10.88106747
3786,5.73686663,4.64924533,11.15093408
3787,5.48505818,4.64924533,11.29525582
3788,5.96872471,4.64924533,11.01600077
3789,7.19591087,3.77439083,10.44823372
3790,7.47943029,3.77439083,10.23744924
3791,8.49553898,2.89953632,9.71833699
3792,8.29547924,2.89953632,9.91129823
3793,8.00702856,2.89953632,10.1247808
3794,7.71857787,2.89953632,10.33826338
3795,8.02400634,3.77439083,9.82959228
3796,8.22064592,3.77439083,9.63906978
3797,7.76294971,3.77439083,10.02666477
3798,6.90868133,2.89953632,10.84787468
3799,7.43012719,2.89953632,10.55174595
3800,7.16940426,2.89953632,10.69981032
3801,6.64795841,2.89953632,10.99593905
3802,6.93485423,3.77439083,10.64530621
3803,6.67858854,3.77439083,10.79149926
3804,7.5005276,4.64924533,9.94500963
3805,6.96542338,4.64924533,10.34764591
3806,7.24401153,4.64924533,10.13955953
3807,7.95026309,4.64924533,9.56237596
3808,7.75704367,4.64924533,9.75045972
3809,6.70890731,4.64924533,10.54219582
3810,6.45239124,4.64924533,10.73674573
3811,0.0,0.00763813,12.94830832
3812,0.0,0.0458288,12.94783389
3813,0.0,0.08401947,12.94735003
3814,0.0,0.12221014,12.94686582
3815,0.0,0.16040081,12.94638125
3816,0.0,0.19859148,12.94588727
3817,0.0,0.23678215,12.94539295
3818,0.0,0.27497282,12.94489828
3819,0.37388948,0.00763813,12.9128958
3820,0.37362538,0.0458288,12.91244013
3821,0.37217238,0.08401947,12.91206885
3822,0.37190911,0.12221014,12.91160334
3823,0.37164585,0.16040081,12.91113748
3824,0.37019621,0.19859148,12.91075588
3825,0.36993379,0.23678215,12.91028021
3826,0.36967137,0.27497282,12.9098042
3827,0.74777897,0.00763813,12.87748329
3828,0.74725076,0.0458288,12.87704637
3829,0.74553365,0.08401947,12.87669385
3830,0.74381823,0.12221014,12.87634086
3831,0.7432917,0.16040081,12.8758937
3832,0.7415788,0.19859148,12.87553081
3833,0.73986758,0.23678215,12.87516747
3834,0.73934273,0.27497282,12.87471011
3835,0.72847551,1.06573061,12.79757021
3836,1.06854419,1.06573061,12.76477851
3837,0.0,1.06573061,12.86698588
3838,0.36423775,1.06573061,12.83227804
3839,1.49106731,0.08401947,12.80603766
3840,1.48882451,0.12221014,12.80572213
3841,1.4865834,0.16040081,12.80540615
3842,1.4831576,0.19859148,12.80517434
3843,1.48092069,0.23678215,12.80484836
3844,1.47868547,0.27497282,12.80452193
3845,1.86073363,0.12221014,12.77045966
3846,1.85822925,0.16040081,12.77016238
3847,1.85454019,0.19859148,12.76994927
3848,1.85085449,0.23678215,12.76973562
3849,1.84835684,0.27497282,12.76942784
3850,1.12087614,0.0458288,12.84165262
3851,1.11889493,0.08401947,12.84131884
3852,1.1169154,0.12221014,12.84098461
3853,1.11493755,0.16040081,12.84064993
3854,1.11296139,0.19859148,12.84030574
3855,1.1109869,0.23678215,12.8399611
3856,1.1090141,0.27497282,12.83961602
3857,1.43278194,1.06573061,12.73007068
3858,1.79701969,1.06573061,12.69536285
3859,2.13708837,1.06573061,12.66257115
3860,0.0,1.85648841,12.79042915
3861,0.35880414,1.85648841,12.75610757
3862,0.69379975,1.85648841,12.7236808
3863,1.02879537,1.85648841,12.69125404
3864,0.0,2.64724621,12.7152281
3865,0.32992255,2.64724621,12.68316627
3866,0.6598451,2.64724621,12.65110443
3867,0.98976765,2.64724621,12.6190426
3868,1.38759951,1.85648841,12.65693246
3869,1.72259512,1.85648841,12.62450569
3870,2.05759074,1.85648841,12.59207893
3871,1.3196902,2.64724621,12.58698076
3872,1.64961275,2.64724621,12.55491893
3873,1.9795353,2.64724621,12.52285709
3874,3.8976822,1.11602626,12.34457692
3875,4.21284394,1.11602626,12.24886164
3876,2.2298751,0.16040081,12.73491861
3877,2.22592277,0.19859148,12.7347242
3878,2.22197381,0.23678215,12.73452925
3879,2.2180282,0.27497282,12.73433375
3880,2.59611899,0.19859148,12.6995928
3881,2.5919076,0.23678215,12.69941651
3882,2.58769957,0.27497282,12.69923967
3883,2.96184139,0.23678215,12.66430376
3884,2.95737094,0.27497282,12.66414558
3885,2.50132613,1.06573061,12.62786332
3886,3.21949519,1.11602626,12.54794929
3887,2.86556388,1.06573061,12.59315548
3888,3.67152118,0.27497282,12.52616083
3889,3.32704231,0.27497282,12.62905149
3890,4.01600006,0.27497282,12.42327017
3891,3.55858869,1.11602626,12.44626311
3892,3.7575766,1.9570797,12.27336432
3893,4.06773305,1.9570797,12.17878279
3894,2.41639488,1.85648841,12.55775735
3895,2.76539217,1.90678405,12.51306103
3896,3.11371202,1.9570797,12.46842756
3897,3.44742015,1.9570797,12.36794585
3898,1.68398893,1.11516753,15.03551675
3899,0.0,2.29907827,14.87444032
3900,3.29268501,2.29907827,14.87444032
3901,0.0,3.43800401,12.64508706
3902,0.32484948,3.43800401,12.61339016
3903,0.64969897,3.43800401,12.58169325
3904,0.95146102,3.43800401,12.55184851
3905,1.27631051,3.43800401,12.52015161
3906,1.60115999,3.43800401,12.4884547
3907,1.9171789,3.48829965,12.44721248
3908,1.48994,5.12011089,12.34064569
3909,1.79545709,5.17040653,12.30048567
3910,2.09732885,5.22070217,12.26068679
3911,0.0,4.22876181,12.5762164
3912,0.31977642,4.22876181,12.54488443
3913,0.61682596,4.22876181,12.5153833
3914,0.9138755,4.22876181,12.48588216
3915,0.0,5.01951961,12.50861613
3916,0.29233702,5.01951961,12.4794586
3917,0.58467405,5.01951961,12.45030108
3918,0.87701107,5.01951961,12.42114355
3919,1.23365192,4.22876181,12.45455019
3920,1.5450515,4.27905745,12.41378979
3921,1.8558195,4.32935309,12.37308868
3922,1.18379132,5.06981525,12.38086498
3923,2.90432623,3.63918658,12.31929248
3924,3.20447209,3.63918658,12.22697845
3925,3.31484396,2.79813314,12.29703852
3926,3.61999511,2.79813314,12.20359074
3927,3.92514627,2.79813314,12.11014296
3928,4.23029742,2.79813314,12.01669517
3929,3.50461794,3.63918658,12.13466442
3930,3.78197227,3.63918658,12.04810912
3931,4.08211813,3.63918658,11.95579508
3932,2.32359858,2.69754185,12.47867065
3933,2.66698442,2.74783749,12.43454705
3934,3.0096928,2.79813314,12.3904863
3935,2.2556078,3.53859529,12.40359697
3936,2.59335924,3.58889093,12.36004431
3937,2.188614,4.37964873,12.33004411
3938,2.49503337,4.42994437,12.28976875
3939,2.80082737,4.48024002,12.24955222
3940,3.09596793,4.48024002,12.15837193
3941,2.39857523,5.27099781,12.22094674
3942,2.96730013,5.32129346,12.09683625
3943,2.69919624,5.32129346,12.1812655
3944,4.24295589,4.51404108,11.77707712
3945,3.36869704,4.48024002,12.07287965
3946,3.64142615,4.48024002,11.98738738
3947,3.93656672,4.48024002,11.89620709
3948,3.80490591,5.35509452,11.8103075
3949,3.23540402,5.32129346,12.01240699
3950,3.50350791,5.32129346,11.92797774
3951,1.60869608,3.48298901,14.71677072
3952,0.0,4.66689975,14.56250795
3953,3.1420993,4.66689975,14.56250795
3954,4.36047893,0.27497282,12.32037951
3955,4.70495781,0.27497282,12.21748885
3956,5.04943668,0.27497282,12.11459818
3957,4.55193744,1.11602626,12.14717545
3958,4.89103095,1.11602626,12.04548927
3959,5.20619269,1.11602626,11.94977399
3960,6.0828733,0.27497282,11.8059262
3961,6.42735218,0.27497282,11.70303554
3962,5.39391556,0.27497282,12.01170752
3963,5.73839443,0.27497282,11.90881686
3964,5.54528619,1.11602626,11.8480878
3965,5.8843797,1.11602626,11.74640161
3966,6.23733813,1.14982732,11.61327921
3967,5.35546221,1.9570797,11.7886563
3968,4.40144118,1.9570797,12.07830108
3969,4.71159763,1.9570797,11.98371955
3970,5.02175408,1.9570797,11.88913802
3971,5.70303424,1.99088076,11.6570872
3972,6.05015061,2.02468182,11.52564475
3973,6.7231629,0.27497282,11.53936014
3974,6.52833847,1.14982732,11.45159685
3975,5.23575618,1.11516753,14.93335349
3976,6.94473138,2.29907827,14.87444032
3977,4.84059973,2.79813314,11.82979961
3978,5.18278534,2.8319342,11.69978381
3979,4.53544857,2.79813314,11.92324739
3980,4.38226399,3.63918658,11.86348105
3981,4.69364434,3.67298764,11.74289134
3982,5.02997646,3.7067887,11.61455474
3983,5.36585293,3.74058976,11.48634478
3984,5.52451531,2.86573526,11.56989466
3985,5.86578962,2.89953632,11.44013215
3986,4.54892347,4.54784214,11.65806602
3987,4.87940209,4.5816432,11.53140861
3988,5.18243952,4.61544427,11.4132731
3989,4.82608824,3.48298901,14.71677072
3990,5.94127206,4.66689975,14.56250795
3991,8.04348039,3.48298901,14.71677072
3992,3.67856656,8.58899128,11.36853893
3993,3.96376462,8.04726015,11.36777468
3994,3.82045531,8.31812572,11.36815785
3995,4.22066104,8.08106121,11.26374768
3996,4.06854835,8.35192678,11.26697028
3997,3.92526175,8.62279235,11.2677811
3998,4.17158595,8.65659341,11.16713056
3999,3.53809836,8.85985685,11.36891791
4000,3.40385947,9.13072242,11.36929479
4001,3.64052427,9.16452348,11.27176536
4002,4.27287742,8.96126004,11.06825552
4003,3.78339571,8.89365791,11.26858982
4004,4.02832206,8.92745898,11.16836903
4005,4.21115417,9.23212561,11.02843977
4006,4.12721394,9.23212561,11.072288
4007,3.88405461,9.19832454,11.17197304
4008,3.13946947,9.67245355,11.37004226
4009,2.92530557,9.97712018,11.39867761
4010,3.08518911,9.97712018,11.33673584
4011,2.67357403,10.58645344,11.39043625
4012,2.87258225,10.28178681,11.36539552
4013,3.18463324,10.28178681,11.24379741
4014,3.03136114,10.28178681,11.30375743
4015,2.82577979,10.58645344,11.33077164
4016,2.97798555,10.58645344,11.27110703
4017,3.13019131,10.58645344,11.21144242
4018,4.25486717,9.77385674,10.86293291
4019,4.17194103,9.77385674,10.90640344
4020,4.27291363,10.04472231,10.78443122
4021,4.02820748,10.04472231,10.91322544
4022,4.11062658,10.04472231,10.86994378
4023,4.19304568,10.04472231,10.82666211
4024,3.27098317,9.40158799,11.36966957
4025,3.37341857,9.70625462,11.27335194
4026,3.50629012,9.43538905,11.2725597
4027,3.74123697,9.46919011,11.17555456
4028,3.70363339,10.04472231,11.08425057
4029,3.23952755,9.97712018,11.27648042
4030,3.47176052,10.01092125,11.18031312
4031,3.60700757,9.74005568,11.17676636
4032,3.98300029,9.50299117,11.076298
4033,4.06643347,9.50299117,11.03263863
4034,4.14986666,9.50299117,10.98897925
4035,4.23588239,9.50299117,10.94425993
4036,3.9231626,9.77385674,11.036815
4037,4.00608874,9.77385674,10.99334448
4038,3.84023645,9.77385674,11.08028553
4039,3.78350133,10.04472231,11.04201967
4040,3.86592043,10.04472231,10.998738
4041,3.94833953,10.04472231,10.95545634
4042,4.08901488,9.77385674,10.94987396
4043,3.75014383,10.58645344,10.9246638
4044,3.88846403,10.31558788,10.91896045
4045,3.96784063,10.31558788,10.87691382
4046,4.12912928,10.31558788,10.79177439
4047,4.20850588,10.31558788,10.74972777
4048,4.04975268,10.31558788,10.83382101
4049,4.27546387,10.58645344,10.60853394
4050,3.98679958,10.58645344,10.79907674
4051,3.82902908,10.58645344,10.88280144
4052,3.90791433,10.58645344,10.84093909
4053,4.14457008,10.58645344,10.71535204
4054,4.06568483,10.58645344,10.75721439
4055,3.72717537,10.31558788,11.00409988
4056,3.56842218,10.31558788,11.08819312
4057,3.64779877,10.31558788,11.0461465
4058,3.33790534,10.28178681,11.1838374
4059,3.28239707,10.58645344,11.15177781
4060,3.43460283,10.58645344,11.0921132
4061,3.59237333,10.58645344,11.0083885
4062,3.67125858,10.58645344,10.96652615
4063,3.51348808,10.58645344,11.05025085
4064,3.80908743,10.31558788,10.96100707
4065,4.13395832,10.58645344,11.39768912
4066,4.29172882,10.58645344,11.31396442
4067,4.21284357,10.58645344,11.35582677
4068,8.47784988,5.64280606,8.36209041
4069,8.40443194,5.65796195,8.46613249
4070,8.16801687,6.23516964,8.43659115
4071,8.09553005,6.25032553,8.53970119
4072,8.47101305,6.52200751,8.47235986
4073,7.47315198,6.66628937,9.24176413
4074,7.39428652,6.39895433,9.44634249
4075,8.25369129,5.68827372,8.67898273
4076,8.3310583,5.67311783,8.57012742
4077,8.20578829,5.45125045,8.91949713
4078,8.18061082,5.7034296,8.78263121
4079,8.10757452,5.71858549,8.88623268
4080,8.01887654,5.52409983,9.15319531
4081,7.84411477,5.52409983,9.32676373
4082,7.92347099,5.79143487,9.11972042
4083,8.02308753,6.26548141,8.64276409
4084,7.95068932,6.2806373,8.74577986
4085,7.8785362,6.29579318,8.84849967
4086,7.80642727,6.31094907,8.95117246
4087,7.73436251,6.32610495,9.05379824
4088,7.82863298,6.05876991,9.08658806
4089,7.56589911,6.39895433,9.27505418
4090,7.86815102,6.82753322,8.51023901
4091,8.16796907,7.11437109,8.54559473
4092,8.52597402,7.07454616,8.54069785
4093,7.44793656,6.91846853,9.11222736
4094,7.3809724,6.93362441,9.20881663
4095,7.12424316,7.27380884,9.39445459
4096,7.50653252,7.43505268,8.67950149
4097,7.4398385,7.45020857,8.7759241
4098,7.36929687,7.46536445,8.87707804
4099,7.30288348,7.48052034,8.9731654
4100,7.21751311,8.02741626,8.7505553
4101,7.28336879,8.01226037,8.65497607
4102,7.15169921,8.04257214,8.84608964
4103,7.23651174,7.49567622,9.06920797
4104,7.16629605,7.51083211,9.16997863
4105,7.1002045,7.52598799,9.26568635
4106,7.03415446,7.54114388,9.3613494
4107,7.72902087,6.85784499,8.70972678
4108,7.8005351,6.8426891,8.60759479
4109,7.65755094,6.87300087,8.81181163
4110,7.59026119,6.88815676,8.9087839
4111,7.51907679,6.90331264,9.01052914
4112,8.35898785,7.36056761,8.57578151
4113,7.57326832,7.4198968,8.58303398
4114,8.0005428,7.40039254,8.5806507
4115,7.83455882,7.68641399,8.61550782
4116,7.65202696,7.97243544,8.65016611
4117,7.9932326,7.93261051,8.64535229
4118,8.17529386,7.64658906,8.61066632
4119,6.27551558,6.39895433,10.34927892
4120,5.00221532,5.49029877,11.34206677
4121,5.29947627,5.52409983,11.22561568
4122,4.54901176,6.33135221,11.3891921
4123,4.84132233,6.36515327,11.27418822
4124,5.33085159,6.39895433,11.03604187
4125,5.10720171,6.39895433,11.16747602
4126,6.23471371,5.52409983,10.63403718
4127,5.98273821,5.52409983,10.8260645
4128,5.52723025,5.52409983,11.09243196
4129,5.75498423,5.52409983,10.95924823
4130,5.55450147,6.39895433,10.90460772
4131,5.78064571,6.39895433,10.72828841
4132,6.02808065,6.39895433,10.53878367
4133,5.82490792,7.27380884,10.44633396
4134,6.26889666,7.27380884,10.09838947
4135,6.04690229,7.27380884,10.27236171
4136,5.36001919,7.27380884,10.80728837
4137,4.39608511,7.20620671,11.32157455
4138,4.65747301,7.24000777,11.21620495
4139,4.91847904,7.27380884,11.11094519
4140,5.13802482,7.27380884,10.98126062
4141,5.58201355,7.27380884,10.63331612
4142,7.49459122,5.52409983,9.67390055
4143,7.24261572,5.52409983,9.86592787
4144,6.48668921,5.52409983,10.44200985
4145,6.73866471,5.52409983,10.24998253
4146,6.99064022,5.52409983,10.0579552
4147,7.22267393,6.39895433,9.61763081
4148,6.99652969,6.39895433,9.79395012
4149,6.50165982,6.39895433,10.17295961
4150,6.74909476,6.39895433,9.98345487
4151,7.66935299,5.52409983,9.50033214
4152,6.95577976,7.27380884,9.56346281
4153,6.73378539,7.27380884,9.73743506
4154,6.51179102,7.27380884,9.9114073
4155,6.42944718,8.69039447,9.49731943
4156,6.38379869,8.96126004,9.38642746
4157,6.32718432,8.96126004,9.45579148
4158,6.40576616,9.20181384,9.16630813
4159,6.34384444,9.21696972,9.25749879
4160,6.17110381,9.23212561,9.48514184
4161,6.28196312,9.23212561,9.34864577
4162,6.22737826,9.23212561,9.41607529
4163,6.43901868,9.44236763,8.92656586
4164,6.42396836,9.44236763,8.95175947
4165,6.17257701,10.01441054,8.94111092
4166,6.15771959,10.01441054,8.9660746
4167,6.14334695,10.01441054,8.99039919
4168,6.12848953,10.01441054,9.01536287
4169,6.34879181,9.72838909,8.85858395
4170,6.33383794,9.72838909,8.8836626
4171,6.3039302,9.72838909,8.9338199
4172,6.28897633,9.72838909,8.95889855
4173,6.27402246,9.72838909,8.9839772
4174,6.25906859,9.72838909,9.00905585
4175,6.31888407,9.72838909,8.90874125
4176,6.20180706,10.01441054,8.89182265
4177,6.18743443,10.01441054,8.91614724
4178,5.87552725,10.04472231,9.37218424
4179,5.82193156,10.04472231,9.43874249
4180,6.30225814,9.4726794,9.13171654
4181,6.36216176,9.45752352,9.04289428
4182,6.24239377,9.48783529,9.22049611
4183,6.12663962,9.50299117,9.37840302
4184,6.07238448,9.50299117,9.44554212
4185,6.18089475,9.50299117,9.31126392
4186,6.14004602,9.75870086,9.18591592
4187,6.09925947,10.01441054,9.06465113
4188,6.11363211,10.01441054,9.04032655
4189,6.04013995,10.02956642,9.15268871
4190,5.98105967,10.04472231,9.2406836
4191,6.19953769,9.74354497,9.09750723
4192,6.02666819,9.77385674,9.34113059
4193,6.0805936,9.77385674,9.27428191
4194,5.97274277,9.77385674,9.40797927
4195,5.91881736,9.77385674,9.47482795
4196,5.92912295,10.04472231,9.30562598
4197,5.89778169,10.58645344,8.98180406
4198,5.88359566,10.58645344,9.0059046
4199,6.02764036,10.30043199,8.97328763
4200,5.99860006,10.30043199,9.02234891
4201,6.0128794,10.30043199,8.99813635
4202,6.05619903,10.30043199,8.92486251
4203,6.0419197,10.30043199,8.94907507
4204,5.91196772,10.58645344,8.95770352
4205,6.33606044,10.58645344,8.95770352
4206,5.88229295,10.31558788,9.20745908
4207,5.83067574,10.31558788,9.2721181
4208,5.77905853,10.31558788,9.33677711
4209,5.72579256,10.31558788,9.40304495
4210,5.67417535,10.31558788,9.46770396
4211,5.86940963,10.58645344,9.03000514
4212,5.8552236,10.58645344,9.05410567
4213,5.84103757,10.58645344,9.07820621
4214,5.82685154,10.58645344,9.10230675
4215,5.81266551,10.58645344,9.12640729
4216,5.73299575,10.58645344,9.23898401
4217,5.79847947,10.58645344,9.15050783
4218,5.78429344,10.58645344,9.17460837
4219,5.63040036,10.58645344,9.3677353
4220,5.57910267,10.58645344,9.43211095
4221,5.52780498,10.58645344,9.49648659
4222,5.68169806,10.58645344,9.30335966
4223,5.96955976,10.30043199,9.07141019
4224,5.98432073,10.30043199,9.04656147
4225,5.95528042,10.30043199,9.09562275
4226,5.94100109,10.30043199,9.11983531
4227,6.97599556,8.3285936,8.90596134
4228,6.91257072,8.34374948,8.99870599
4229,6.96353263,8.58430328,8.72364073
4230,6.94769244,8.58430328,8.74983306
4231,6.93185225,8.58430328,8.77602539
4232,6.86687193,8.59945916,8.87073433
4233,6.80383168,8.61461505,8.96309854
4234,7.10678978,8.29828183,8.71571806
4235,7.12272957,8.29828183,8.68940782
4236,7.49166476,8.2584569,8.68462555
4237,7.08592709,8.05772803,8.94157908
4238,7.04137178,8.31343771,8.81086215
4239,7.33271206,8.54447835,8.71888614
4240,6.9548947,8.0880398,9.13193918
4241,6.88944097,8.10319568,9.22705206
4242,6.84746954,8.35890537,9.09347491
4243,6.78241001,8.37406125,9.18819905
4244,6.82422203,8.11835157,9.32187822
4245,6.75904461,8.13350745,9.41665972
4246,6.67616661,8.64492682,9.14975436
4247,6.61343932,8.6600827,9.2417468
4248,6.74083195,8.62977093,9.05541896
4249,6.65451491,8.40437302,9.3749647
4250,6.58977149,8.41952891,9.4693143
4251,6.55075241,8.67523859,9.33369556
4252,6.48640149,8.69039447,9.42765794
4253,6.71929984,8.38921714,9.28057042
4254,7.02039007,8.07288391,9.03678152
4255,6.80577798,8.87032473,8.7576748
4256,6.79003739,8.87032473,8.78374922
4257,6.69590055,8.88548061,8.92788183
4258,6.6332854,8.9006365,9.0198218
4259,6.7742968,8.87032473,8.80982364
4260,6.7585562,8.87032473,8.83589806
4261,6.63689298,9.15634618,8.81681861
4262,6.62125199,9.15634618,8.84277512
4263,6.65203976,9.15634618,8.79151003
4264,6.605611,9.15634618,8.86873163
4265,6.59046423,9.15634618,8.89404021
4266,6.5282331,9.17150207,8.9855995
4267,7.15751355,8.8304998,8.7529479
4268,7.00406789,9.11652125,8.78681081
4269,6.57071076,8.91579238,9.11171797
4270,6.50836636,8.93094827,9.20333149
4271,6.44606234,8.94610416,9.29490131
4272,6.46604248,9.18665795,9.07711499
4273,7.83332604,8.21863197,8.67983941
4274,8.28051013,8.21863197,8.67983941
4275,6.49971103,9.44236763,8.82514641
4276,6.46961039,9.44236763,8.87553364
4277,6.48466071,9.44236763,8.85034003
4278,6.454069,9.44236763,8.90137224
4279,6.85199896,9.4025427,8.82047488
4280,7.28763737,9.4025427,8.82047488
4281,6.76015317,10.58645344,8.95770352
4282,7.18424589,10.58645344,8.95770352
4283,7.72327578,9.4025427,8.82047488
4284,8.21973544,9.4025427,8.82047488
4285,7.60833861,10.58645344,8.95770352
4286,8.03243134,10.58645344,8.95770352
4287,8.45652406,10.58645344,8.95770352
4288,5.36507053,8.96126004,10.27084918
4289,5.15731815,8.96126004,10.43637112
4290,5.08148614,9.23212561,10.40423616
4291,5.28799111,9.23212561,10.23942408
4292,5.86656314,8.69039447,9.96833047
4293,6.25821972,8.14866334,9.85464691
4294,6.38628241,8.41952891,9.65535573
4295,6.37249288,8.69039447,9.56698092
4296,6.22716541,8.69039447,9.68256979
4297,6.16972277,8.41952891,9.82625423
4298,6.08183793,8.69039447,9.79815865
4299,5.82253073,8.14866334,10.19789728
4300,5.60468623,8.14866334,10.36952246
4301,5.74291595,8.41952891,10.16409437
4302,5.65756336,8.69039447,10.13456226
4303,5.5263563,8.41952891,10.33499288
4304,5.44856359,8.69039447,10.30079405
4305,6.04037522,8.14866334,10.02627209
4306,5.95316312,8.41952891,9.99715273
4307,5.78057527,8.96126004,9.93980532
4308,5.63377757,9.23212561,9.96272663
4309,5.77737029,9.23212561,9.84812495
4310,6.06949547,8.96126004,9.70961478
4311,6.27056995,8.96126004,9.52515549
4312,6.21395557,8.96126004,9.59451951
4313,5.92503537,8.96126004,9.82471005
4314,6.11482937,9.23212561,9.55420838
4315,5.92096302,9.23212561,9.73352328
4316,6.06024451,9.23212561,9.6216379
4317,5.5728229,8.96126004,10.10532725
4318,5.49449608,9.23212561,10.07461201
4319,4.81528926,8.69039447,10.80342945
4320,4.95115274,8.14866334,10.88439801
4321,5.16899724,8.14866334,10.71277282
4322,5.09954949,8.41952891,10.67283302
4323,5.02428903,8.69039447,10.63719766
4324,5.30979666,8.41952891,10.50589138
4325,5.2332888,8.69039447,10.47096587
4326,4.88298984,8.41952891,10.84373152
4327,4.47717558,8.11486228,11.15983052
4328,4.73330824,8.14866334,11.05602319
4329,4.51243052,8.69039447,11.01890091
4330,4.42484658,8.69039447,11.06420056
4331,4.6664302,8.41952891,11.01463003
4332,4.57832352,8.41952891,11.06012311
4333,4.60001446,8.69039447,10.97360127
4334,4.32362687,8.38572784,11.16349178
4335,4.74181341,8.96126004,10.76741498
4336,4.46817134,9.23212561,10.89476601
4337,4.67467631,9.23212561,10.72995393
4338,4.94956578,8.96126004,10.60189305
4339,4.88118128,9.23212561,10.56514185
4340,4.35993863,8.96126004,11.02314932
4341,4.44699983,8.96126004,10.97804312
4342,4.53406104,8.96126004,10.93293691
4343,4.29769264,9.23212561,10.98352701
4344,4.38423111,9.23212561,10.93861425
4345,5.38684173,8.14866334,10.54114764
4346,5.34158486,10.04472231,9.91994196
4347,4.79878802,10.04472231,10.35901952
4348,5.21145372,9.50299117,10.2083114
4349,5.34989388,9.50299117,10.09690792
4350,5.00619615,9.50299117,10.37241362
4351,5.072303,10.04472231,10.13814014
4352,5.34424465,9.77385674,10.00813874
4353,5.20664583,9.77385674,10.11906032
4354,5.20482737,10.04472231,10.03038165
4355,5.06904701,9.77385674,10.22998191
4356,4.93144819,9.77385674,10.34090349
4357,4.93554551,10.04472231,10.24857983
4358,5.33434867,10.31558788,9.83523714
4359,5.20263959,10.31558788,9.94252543
4360,5.06082662,10.58645344,9.96762536
4361,5.3226142,10.58645344,9.75398917
4362,5.19172041,10.58645344,9.86080727
4363,4.80330527,10.31558788,10.26705981
4364,4.66738911,10.31558788,10.3770176
4365,4.79903904,10.58645344,10.18126155
4366,4.53725145,10.58645344,10.39489775
4367,4.66814524,10.58645344,10.28807965
4368,5.06672343,10.31558788,10.05248322
4369,4.93501435,10.31558788,10.15977152
4370,4.92993283,10.58645344,10.07444346
4371,5.63105938,9.50299117,9.87139636
4372,5.76949953,9.50299117,9.75999287
4373,5.61086672,10.04472231,9.70174378
4374,5.86489194,9.77385674,9.54167663
4375,5.81096653,9.77385674,9.6085253
4376,5.75704111,9.77385674,9.67537398
4377,5.76999483,10.04472231,9.50368488
4378,5.71639914,10.04472231,9.57024314
4379,5.66280344,10.04472231,9.63680139
4380,5.61944229,9.77385674,9.78629557
4381,5.48184347,9.77385674,9.89721715
4382,5.47834235,10.04472231,9.80950227
4383,6.01644996,9.50299117,9.51431119
4384,5.96219482,9.50299117,9.58145029
4385,5.90793969,9.50299117,9.64858939
4386,5.48833403,9.50299117,9.98550443
4387,5.62255814,10.31558788,9.53236298
4388,5.56929217,10.31558788,9.59863081
4389,5.46605775,10.31558788,9.72794885
4390,5.51767496,10.31558788,9.66328983
4391,5.47650728,10.58645344,9.56086223
4392,5.42520959,10.58645344,9.62523788
4393,5.3739119,10.58645344,9.68961352
4394,6.30768838,10.58645344,9.54863715
4395,6.29350235,10.58645344,9.57273769
4396,6.27931632,10.58645344,9.59683823
4397,6.33606044,10.58645344,9.50043607
4398,6.32187441,10.58645344,9.52453661
4399,6.23675823,10.58645344,9.66913984
4400,6.26513029,10.58645344,9.62093876
4401,6.25094426,10.58645344,9.6450393
4402,6.2225722,10.58645344,9.69324038
4403,6.1712745,10.58645344,9.75761602
4404,6.11997681,10.58645344,9.82199167
4405,6.01738142,10.58645344,9.95074296
4406,6.06867912,10.58645344,9.88636731
4407,5.86348834,10.58645344,10.14386989
4408,5.81219065,10.58645344,10.20824554
4409,5.55040307,10.58645344,10.42188173
4410,5.68129686,10.58645344,10.31506363
4411,5.96608373,10.58645344,10.0151186
4412,5.91478604,10.58645344,10.07949425
4413,4.80710124,9.50299117,10.53262628
4414,4.40274876,9.50299117,10.85694117
4415,4.31931557,9.50299117,10.90060055
4416,4.60800634,9.50299117,10.69283895
4417,4.53567827,9.77385674,10.65994276
4418,4.46958864,10.04472231,10.62560461
4419,4.73356323,9.77385674,10.50042313
4420,4.66626365,10.04472231,10.46677801
4421,4.33779331,9.77385674,10.81946239
4422,4.53568003,10.31558788,10.4843059
4423,4.40397095,10.31558788,10.59159419
4424,4.40635766,10.58645344,10.50171584
4425,5.28861548,10.58645344,10.63551792
4426,5.0268279,10.58645344,10.84915412
4427,5.15772169,10.58645344,10.74233602
4428,4.60726982,10.58645344,11.14651501
4429,4.68615507,10.58645344,11.10465266
4430,4.76504032,10.58645344,11.06279031
4431,4.37061407,10.58645344,11.27210207
4432,4.52838457,10.58645344,11.18837736
4433,4.44949932,10.58645344,11.23023972
4434,4.89593411,10.58645344,10.95597221
4435,5.41950927,10.58645344,10.52869983
4436,6.40436248,10.58645344,10.53375062
4437,6.3017671,10.58645344,10.6625019
4438,6.35306479,10.58645344,10.59812626
4439,6.17087331,10.58645344,10.76932
4440,6.03997951,10.58645344,10.8761381
4441,5.77819193,10.58645344,11.08977429
4442,5.51640435,10.58645344,11.30341048
4443,5.64729814,10.58645344,11.19659239
4444,5.90908572,10.58645344,10.98295619
4445,6.69390871,8.14866334,9.51139655
4446,6.47606422,8.14866334,9.68302173
4447,6.53247726,8.41952891,9.53927327
4448,6.76015317,10.58645344,9.50043607
4449,7.18424589,10.58645344,9.50043607
4450,6.70340904,10.58645344,10.13957078
4451,6.68922301,10.58645344,10.16367131
4452,6.67503698,10.58645344,10.18777185
4453,6.66085095,10.58645344,10.21187239
4454,6.76015317,10.58645344,10.04316862
4455,6.74596713,10.58645344,10.06726916
4456,6.7317811,10.58645344,10.0913697
4457,6.71759507,10.58645344,10.11547024
4458,6.60955326,10.58645344,10.27624804
4459,6.55825557,10.58645344,10.34062368
4460,6.50695787,10.58645344,10.40499933
4461,7.18424589,10.58645344,10.04316862
4462,7.60833861,10.58645344,9.50043607
4463,8.03243134,10.58645344,9.50043607
4464,8.45652406,10.58645344,9.50043607
4465,7.60833861,10.58645344,10.04316862
4466,8.03243134,10.58645344,10.04316862
4467,8.45652406,10.58645344,10.04316862
4468,6.45566018,10.58645344,10.46937497
4469,6.94523663,10.58645344,10.92363134
4470,7.17005986,10.58645344,10.61000171
4471,7.18424589,10.58645344,10.58590117
4472,7.15587383,10.58645344,10.63410225
4473,7.1416878,10.58645344,10.65820279
4474,7.12750177,10.58645344,10.68230333
4475,7.11331574,10.58645344,10.70640387
4476,7.09912971,10.58645344,10.7305044
4477,7.04783201,10.58645344,10.79488005
4478,6.99653432,10.58645344,10.85925569
4479,6.89393893,10.58645344,10.98800698
4480,6.84264124,10.58645344,11.05238263
4481,6.79134354,10.58645344,11.11675827
4482,6.66044975,10.58645344,11.22357637
4483,6.52955596,10.58645344,11.33039447
4484,7.48611077,10.58645344,11.31351206
4485,7.43481307,10.58645344,11.37788771
4486,7.60833861,10.58645344,10.58590117
4487,8.03243134,10.58645344,10.58590117
4488,8.45652406,10.58645344,10.58590117
4489,7.60833861,10.58645344,11.12863372
4490,7.59415258,10.58645344,11.15273426
4491,8.03243134,10.58645344,11.12863372
4492,7.57996655,10.58645344,11.1768348
4493,7.56578052,10.58645344,11.20093534
4494,7.55159449,10.58645344,11.22503588
4495,7.53740846,10.58645344,11.24913642
4496,8.45652406,10.58645344,11.12863372
4497,0.55873956,6.65133084,12.31883112
4498,0.83398141,6.70162649,12.28189407
4499,1.15688764,5.91086869,12.31104899
4500,1.45776247,5.96116433,12.27136902
4501,1.7331267,6.01145997,12.23439147
4502,2.02980253,6.06175561,12.1951261
4503,0.0,5.8102774,12.44586262
4504,0.28762451,5.8102774,12.4170487
4505,0.57524901,5.8102774,12.38823478
4506,0.85538122,5.86057305,12.35078824
4507,0.0,6.6010352,12.3842942
4508,0.28291199,6.6010352,12.35582388
4509,0.0,7.391793,12.32391086
4510,0.27152292,7.44208864,12.28737188
4511,0.0,7.74675527,12.27379353
4512,0.14523309,7.74675527,12.258002
4513,0.41453148,7.79705091,12.22170714
4514,0.54246013,7.49238428,12.25088861
4515,0.81281162,7.54267993,12.21446105
4516,0.68324415,7.84734656,12.185468
4517,0.9405268,7.8976422,12.15053101
4518,1.13021398,6.75192213,12.24269414
4519,1.40134528,6.80221777,12.20616502
4520,1.67189706,6.85251341,12.16969115
4521,1.96337698,6.90280905,12.13095929
4522,1.07970999,7.59297557,12.17838035
4523,1.34602884,7.64327121,12.1423549
4524,1.46936239,7.99823348,12.07890796
4525,1.20523435,7.94793784,12.11469186
4526,1.61176819,7.69356685,12.10638471
4527,1.87406993,7.74386249,12.07076025
4528,2.13579836,7.79415813,12.03519059
4529,2.32585299,6.11205125,12.15591956
4530,2.59647716,6.16234689,12.11940895
4531,2.85995584,6.16234689,12.03604271
4532,3.12343451,6.16234689,11.95267648
4533,4.10588231,5.38889558,11.69275614
4534,3.39569357,6.19614796,11.84404868
4535,3.69166736,6.22994902,11.7279563
4536,3.98721956,6.26375008,11.6119828
4537,4.25628242,6.29755115,11.50431423
4538,3.02224616,7.0372014,11.86931419
4539,2.22983993,6.95310469,12.09489176
4540,2.49572958,7.00340033,12.05887902
4541,2.75458304,7.00340033,11.97657581
4542,2.92270032,7.9120559,11.78799593
4543,3.18499243,7.94585696,11.68232267
4544,2.39695349,7.84445377,11.99967574
4545,2.66002068,7.87825484,11.89378028
4546,3.28952174,7.07100246,11.76216366
4547,3.58007133,7.10480352,11.64764914
4548,3.84459048,7.13860459,11.54133496
4549,4.10872492,7.17240565,11.43513124
4550,3.44496787,7.97965803,11.57736288
4551,3.70455859,8.01345909,11.47251355
4552,1.53340323,5.85081049,14.411652
4553,0.0,7.03472123,14.26420288
4554,4.26550054,5.85081049,14.411652
4555,2.66502187,7.03472123,14.26420288
4556,0.0,8.10171754,12.22417303
4557,0.14412029,8.10171754,12.20846857
4558,0.28824058,8.10171754,12.19276411
4559,0.0,8.45667982,12.17504936
4560,0.14300749,8.45667982,12.15943197
4561,0.28601498,8.45667982,12.14381459
4562,0.42902248,8.45667982,12.1281972
4563,1.06618312,8.25260447,12.08725818
4564,0.55531444,8.15201319,12.15671338
4565,0.81102982,8.20230883,12.1219589
4566,0.6831706,8.50697546,12.09362522
4567,0.93675663,8.5572711,12.059107
4568,0.27830862,8.81164209,12.09800198
4569,0.42020331,8.81164209,12.08247167
4570,0.0,8.81164209,12.12858722
4571,0.13641392,8.81164209,12.11353229
4572,0.0,9.16660436,12.08259762
4573,0.13534411,9.16660436,12.06762711
4574,0.27068821,9.16660436,12.0526566
4575,0.41147011,9.16660436,12.03721337
4576,0.55661723,8.81164209,12.06741675
4577,0.80863637,8.86193773,12.03307954
4578,1.06009341,8.91223337,11.99879608
4579,0.54681422,9.16660436,12.02224286
4580,0.68215832,9.16660436,12.00727235
4581,0.93204847,9.2169,11.97316989
4582,1.32869984,8.30290011,12.05166057
4583,1.57989973,8.35319575,12.01735583
4584,1.18978056,8.60756674,12.02464254
4585,1.43944069,8.65786238,11.99051818
4586,1.72210204,8.04852912,12.04442285
4587,1.98224667,8.09882476,12.00903736
4588,1.83054374,8.40349139,11.9831044
4589,1.68854494,8.70815802,11.95644712
4590,2.08853126,8.45378703,11.94795788
4591,1.65459033,9.36778692,11.87390405
4592,1.764939,9.36778692,11.85607695
4593,1.87528766,9.36778692,11.83824985
4594,2.02102252,9.06312029,11.86174612
4595,2.13597641,9.06312029,11.84334478
4596,1.98946345,9.36778692,11.81993742
4597,2.09981212,9.36778692,11.80211032
4598,1.30039413,8.96252901,11.96579216
4599,1.54795898,9.01282465,11.93189998
4600,1.17085385,9.26719564,11.94034106
4601,1.40912076,9.31749128,11.90756404
4602,1.93709329,8.75845366,11.92242937
4603,2.05282528,8.75845366,11.90393913
4604,1.79496795,9.06312029,11.89806111
4605,1.90606863,9.06312029,11.88014746
4606,0.0,9.52156663,12.03708058
4607,0.13427429,9.52156663,12.02219448
4608,0.40282287,9.52156663,11.99242228
4609,0.26854858,9.52156663,12.00730838
4610,0.12785265,9.8765289,11.9798301
4611,0.26105713,9.8765289,11.9650284
4612,0.0,9.8765289,11.99416439
4613,0.3942616,9.8765289,11.95022671
4614,0.52211425,9.8765289,11.93589241
4615,0.53709717,9.52156663,11.97753618
4616,0.67137146,9.52156663,11.96265008
4617,0.80564575,9.52156663,11.94776398
4618,1.04295578,9.57186227,11.91511024
4619,0.65531873,9.8765289,11.92109072
4620,0.78852321,9.8765289,11.90628903
4621,0.91637586,9.8765289,11.89195473
4622,0.37739696,10.58645344,11.86716441
4623,0.50319594,10.58645344,11.8529936
4624,0.7715726,10.23149117,11.8652517
4625,0.89839841,10.23149117,11.85099915
4626,1.02522423,10.23149117,11.83674659
4627,0.62899493,10.58645344,11.83882279
4628,0.75479391,10.58645344,11.82465198
4629,0.8805929,10.58645344,11.81048118
4630,1.00639189,10.58645344,11.79631037
4631,0.0,10.23149117,11.95169648
4632,0.12682582,10.23149117,11.93744393
4633,0.25365163,10.23149117,11.92319137
4634,0.3857863,10.23149117,11.90847409
4635,0.51261212,10.23149117,11.89422154
4636,0.0,10.58645344,11.90967684
4637,0.12579899,10.58645344,11.89550603
4638,0.25159797,10.58645344,11.88133522
4639,0.63943793,10.23149117,11.87996898
4640,0.8805929,10.58645344,12.23995221
4641,1.51596045,9.67245355,11.84995819
4642,1.15165245,9.92682454,11.85952639
4643,1.38639057,9.97712018,11.82714986
4644,1.49146023,9.97712018,11.80997649
4645,1.60030486,9.97712018,11.79232249
4646,1.73515374,9.67245355,11.81447709
4647,1.62555709,9.67245355,11.83221764
4648,1.84475038,9.67245355,11.79673654
4649,1.95434703,9.67245355,11.778996
4650,2.06394368,9.67245355,11.76125545
4651,1.70914949,9.97712018,11.77466849
4652,1.81421915,9.97712018,11.75749512
4653,1.92306378,9.97712018,11.73984112
4654,2.03190841,9.97712018,11.72218712
4655,2.13697808,9.97712018,11.70501375
4656,1.27972735,9.62215791,11.88250831
4657,1.25846738,10.28178681,11.80454365
4658,1.57524744,10.28178681,11.75279784
4659,1.36281111,10.28178681,11.78745447
4660,1.46715483,10.28178681,11.77036529
4661,1.33942645,10.58645344,11.74812958
4662,1.13219087,10.58645344,11.78213956
4663,1.23580866,10.58645344,11.76513457
4664,1.44304425,10.58645344,11.7311246
4665,1.54666204,10.58645344,11.71411961
4666,1.67959117,10.28178681,11.73570866
4667,1.7839349,10.28178681,11.71861948
4668,1.99637124,10.28178681,11.68396286
4669,1.89202751,10.28178681,11.70105204
4670,2.10071497,10.28178681,11.66687368
4671,2.06475099,10.58645344,11.62909468
4672,1.65027983,10.58645344,11.69711463
4673,1.75389762,10.58645344,11.68010964
4674,1.85751541,10.58645344,11.66310465
4675,1.9611332,10.58645344,11.64609967
4676,2.08736991,10.58645344,12.01104588
4677,0.62899493,10.58645344,12.69776486
4678,0.37739696,10.58645344,13.15557751
4679,1.83577194,10.58645344,12.46885853
4680,1.58417397,10.58645344,12.92667118
4681,2.49269489,8.45378703,11.84561175
4682,2.66383835,8.45378703,11.78042393
4683,2.79260267,8.18292147,11.78420079
4684,3.0534252,8.21672253,11.67897383
4685,3.17291563,8.52138916,11.57396409
4686,2.92319131,8.4875881,11.67564327
4687,2.24181799,8.1491204,11.97370667
4688,2.35910618,8.1491204,11.95503861
4689,2.5313926,8.1491204,11.88953884
4690,2.20504135,8.45378703,11.92937873
4691,2.32155144,8.45378703,11.91079957
4692,2.28428927,8.75845366,11.86695863
4693,2.62429025,8.75845366,11.73720688
4694,2.45428976,8.75845366,11.80208276
4695,2.2470771,9.06312029,11.82543113
4696,2.41027459,9.06312029,11.76257834
4697,2.37225363,9.36778692,11.72173411
4698,2.21016078,9.36778692,11.78428322
4699,2.57913212,9.06312029,11.69801441
4700,2.53434647,9.36778692,11.65918499
4701,3.04260044,8.79225473,11.57108538
4702,2.79429074,8.75845366,11.67233101
4703,2.74798965,9.06312029,11.63345048
4704,2.91118714,9.06312029,11.57059769
4705,2.70206103,9.36778692,11.594933
4706,2.86415388,9.36778692,11.53238389
4707,3.15771022,9.09692136,11.46989228
4708,3.02624672,9.36778692,11.46983477
4709,2.16855728,8.75845366,11.88544888
4710,3.30456415,8.25052359,11.57686109
4711,3.56270208,8.28432466,11.47245424
4712,3.42226613,8.55519022,11.47239283
4713,3.29053631,8.82605579,11.46994768
4714,2.4955167,9.67245355,11.61902402
4715,2.65650489,9.67245355,11.55677858
4716,2.17354032,9.67245355,11.7435149
4717,2.33452851,9.67245355,11.68126946
4718,2.45120005,9.97712018,11.58281656
4719,2.61108359,9.97712018,11.5208748
4720,2.29131652,9.97712018,11.64475832
4721,2.81749309,9.67245355,11.49453314
4722,2.97848128,9.67245355,11.4322877
4723,2.76542203,9.97712018,11.46061937
4724,2.25398707,10.28178681,11.60691366
4725,2.40725917,10.28178681,11.54695364
4726,2.56603805,10.28178681,11.48531555
4727,2.36916251,10.58645344,11.50976546
4728,2.21695675,10.58645344,11.56943007
4729,2.52136827,10.58645344,11.45010086
4730,2.71931015,10.28178681,11.42535554
4731,3.22072376,10.58645344,11.75567678
4732,3.068518,10.58645344,11.81534138
4733,2.29460549,10.58645344,11.97703591
4734,2.39822328,10.58645344,11.96003092
4735,2.1909877,10.58645344,11.99404089
4736,2.50184108,10.58645344,11.94302594
4737,2.60545887,10.58645344,11.92602095
4738,2.70907666,10.58645344,11.90901597
4739,2.81269445,10.58645344,11.89201098
4740,2.91631224,10.58645344,11.87500599
4741,3.14616674,10.58645344,12.22294722
4742,3.04254895,10.58645344,12.23995221
4743,3.52513528,10.58645344,11.63634756
4744,3.67734104,10.58645344,11.57668295
4745,3.37292952,10.58645344,11.69601217
4746,3.8295468,10.58645344,11.51701834
4747,3.98175256,10.58645344,11.45735373
4748,3.24978453,10.58645344,12.20594223
4749,3.35340232,10.58645344,12.18893725
4750,3.45702012,10.58645344,12.17193226
4751,3.56063791,10.58645344,12.15492728
4752,3.6642557,10.58645344,12.13792229
4753,3.92007925,10.58645344,12.0612527
4754,4.22449077,10.58645344,11.94192348
4755,4.07228501,10.58645344,12.00158809
4756,3.76787349,10.58645344,12.1209173
4757,2.79095098,10.58645344,12.69776486
4758,2.53935301,10.58645344,13.15557751
4759,3.99772799,10.58645344,12.46885853
4760,4.10134578,10.58645344,12.45185354
4761,4.20496357,10.58645344,12.43484856
4762,3.74613002,10.58645344,12.92667118
4763,1.13983606,8.21863197,14.12016059
4764,0.0,9.4025427,13.97952512
4765,0.12579899,10.58645344,13.61339016
4766,1.332576,10.58645344,13.38448383
4767,1.08097803,10.58645344,13.84229648
4768,3.73778249,8.21863197,14.12016059
4769,2.22081408,9.4025427,13.97952512
4770,2.28775504,10.58645344,13.61339016
4771,3.49453205,10.58645344,13.38448383
4772,3.24293408,10.58645344,13.84229648
4773,4.40643712,5.42269664,11.57532366
4774,4.7045356,5.45649771,11.45863609
4775,5.33004375,7.03472123,14.26420288
4776,6.99759786,5.85081049,14.411652
4777,7.99506562,7.03472123,14.26420288
4778,4.52890229,10.58645344,11.82259426
4779,4.83331381,10.58645344,11.70326504
4780,4.68110805,10.58645344,11.76292965
4781,5.06996956,10.58645344,11.57767799
4782,4.99108431,10.58645344,11.61954034
4783,5.22774005,10.58645344,11.49395328
4784,5.3066253,10.58645344,11.45209093
4785,5.14885481,10.58645344,11.53581563
4786,4.91219906,10.58645344,11.66140269
4787,4.37669653,10.58645344,11.88225887
4788,4.7716405,10.58645344,12.30716401
4789,5.07605202,10.58645344,12.18783479
4790,4.92384626,10.58645344,12.2474994
4791,5.22825778,10.58645344,12.12817018
4792,5.38551055,10.58645344,11.41022858
4793,5.84821029,10.58645344,11.84139155
4794,6.39866217,10.58645344,11.43721256
4795,6.26776838,10.58645344,11.54403066
4796,6.13687459,10.58645344,11.65084875
4797,5.92709554,10.58645344,11.7995292
4798,6.00598079,10.58645344,11.75766685
4799,5.61155454,10.58645344,11.96697861
4800,5.38046354,10.58645344,12.06850557
4801,5.53266929,10.58645344,12.00884096
4802,5.69043979,10.58645344,11.92511626
4803,5.76932504,10.58645344,11.88325391
4804,6.38979528,10.58645344,12.23069218
4805,6.23202478,10.58645344,12.31441688
4806,6.31091003,10.58645344,12.27255453
4807,4.41219916,10.58645344,12.40083859
4808,4.30858136,10.58645344,12.41784357
4809,4.51581695,10.58645344,12.3838336
4810,4.61943474,10.58645344,12.36682861
4811,4.95290703,10.58645344,12.69776486
4812,5.05652482,10.58645344,12.68075987
4813,5.16014261,10.58645344,12.66375488
4814,5.2637604,10.58645344,12.6467499
4815,5.3673782,10.58645344,12.62974491
4816,4.70130906,10.58645344,13.15557751
4817,5.62320175,10.58645344,12.55307532
4818,5.77540751,10.58645344,12.49341071
4819,5.47099599,10.58645344,12.61273993
4820,5.92761326,10.58645344,12.4337461
4821,6.07981902,10.58645344,12.37408149
4822,5.90808607,10.58645344,12.92667118
4823,6.01170386,10.58645344,12.90966619
4824,6.11532165,10.58645344,12.89266121
4825,6.21893944,10.58645344,12.87565622
4826,6.32255724,10.58645344,12.85865124
4827,7.38351538,10.58645344,11.44226335
4828,7.33221769,10.58645344,11.506639
4829,7.28091999,10.58645344,11.57101464
4830,7.1500262,10.58645344,11.67783274
4831,7.01913241,10.58645344,11.78465083
4832,6.62645103,10.58645344,12.10510512
4833,6.88823862,10.58645344,11.89146893
4834,6.75734482,10.58645344,11.99828703
4835,6.54756578,10.58645344,12.14696747
4836,6.46868053,10.58645344,12.18882983
4837,7.37781506,10.58645344,12.3457253
4838,7.50870886,10.58645344,12.2389072
4839,8.0182453,10.58645344,11.69546681
4840,8.03243134,10.58645344,11.67136628
4841,8.00405927,10.58645344,11.71956735
4842,7.98987324,10.58645344,11.74366789
4843,7.97568721,10.58645344,11.76776843
4844,7.92438952,10.58645344,11.83214407
4845,8.45652406,10.58645344,11.67136628
4846,7.77049644,10.58645344,12.02527101
4847,7.87309183,10.58645344,11.89651972
4848,7.82179413,10.58645344,11.96089536
4849,7.63960265,10.58645344,12.1320891
4850,8.45652406,10.58645344,12.21409883
4851,8.44233803,10.58645344,12.23819937
4852,8.41396597,10.58645344,12.28640044
4853,8.428152,10.58645344,12.2622999
4854,6.47476299,10.58645344,12.79898663
4855,6.62696875,10.58645344,12.73932202
4856,6.77917451,10.58645344,12.67965741
4857,6.93138027,10.58645344,12.6199928
4858,7.24692127,10.58645344,12.45254339
4859,7.01026552,10.58645344,12.57813045
4860,7.08915077,10.58645344,12.5362681
4861,7.16803602,10.58645344,12.49440575
4862,6.86326511,10.58645344,13.15557751
4863,6.9668829,10.58645344,13.13857252
4864,7.32632424,10.58645344,13.04489794
4865,7.47853,10.58645344,12.98523333
4866,7.07050069,10.58645344,13.12156753
4867,7.17411848,10.58645344,13.10456255
4868,7.9982853,10.58645344,12.69316357
4869,7.86739151,10.58645344,12.79998167
4870,8.31137058,10.58645344,12.41515173
4871,8.12917909,10.58645344,12.58634547
4872,8.26007289,10.58645344,12.47952738
4873,8.36266827,10.58645344,12.35077609
4874,7.63073576,10.58645344,12.92556872
4875,7.70962101,10.58645344,12.88370637
4876,7.78850626,10.58645344,12.84184402
4877,8.17788549,10.58645344,13.29080925
4878,8.48786175,10.58645344,13.14741994
4879,8.33009125,10.58645344,13.23114464
4880,8.4089765,10.58645344,13.18928229
4881,6.33572892,8.21863197,14.12016059
4882,4.75168507,9.4025427,13.97952512
4883,4.44971109,10.58645344,13.61339016
4884,5.6564881,10.58645344,13.38448383
4885,5.40489013,10.58645344,13.84229648
4886,6.97249916,9.4025427,13.97952512
4887,6.61166714,10.58645344,13.61339016
4888,7.81844415,10.58645344,13.38448383
4889,8.02567973,10.58645344,13.35047386
4890,7.92206194,10.58645344,13.36747884
4891,7.56684618,10.58645344,13.84229648
4892,10.57448276,1.14982732,8.46076353
4893,10.67853344,0.27497282,8.73681531
4894,10.4515499,0.27497282,8.95012125
4895,9.99758281,0.27497282,9.37673313
4896,10.22456635,0.27497282,9.16342719
4897,10.12789794,1.14982732,8.88218064
4898,10.35119035,1.14982732,8.67147208
4899,9.92099788,1.14982732,9.08001936
4900,9.69770547,1.14982732,9.29072791
4901,10.72631427,1.61164802,7.83244645
4902,10.68602999,1.61164802,7.90329683
4903,10.64667014,1.61164802,7.97279968
4904,10.60731029,1.61164802,8.04230254
4905,10.57252229,1.87898306,7.86879378
4906,10.53336301,1.87898306,7.93803312
4907,10.49420374,1.87898306,8.00727245
4908,10.72009264,1.34431298,8.07904881
4909,10.67960308,1.34431298,8.15016781
4910,10.56702601,1.61164802,8.11315292
4911,10.46351722,1.41716236,8.41970661
4912,10.45504446,1.87898306,8.07651179
4913,10.35313603,1.6844974,8.37904389
4914,10.24415939,1.95183244,8.34216555
4915,10.42049288,2.1463181,7.9049674
4916,10.38153417,2.1463181,7.97394322
4917,10.34257546,2.1463181,8.04291903
4918,10.26947127,2.41365314,7.94096731
4919,10.23071313,2.41365314,8.0096796
4920,10.13386129,2.21916748,8.30495014
4921,10.0241587,2.48650252,8.26810849
4922,9.81411325,2.5593519,8.5306197
4923,9.6058473,2.02468182,9.01205046
4924,9.4023674,2.02468182,9.20745044
4925,9.18276612,2.02468182,9.41556161
4926,9.92082337,2.29201686,8.567702
4927,10.02892848,2.02468182,8.60853931
4928,9.8093272,2.02468182,8.81665048
4929,11.26908008,0.54230786,7.83190574
4930,11.22797468,0.54230786,7.90383063
4931,11.14387731,0.54230786,8.05041632
4932,11.185926,0.54230786,7.97712348
4933,11.54240522,0.12221014,7.70067956
4934,11.52440349,0.16040081,7.70598172
4935,11.53560378,0.0458288,7.76445617
4936,11.49989074,0.12221014,7.77459914
4937,11.51774039,0.08401947,7.76952932
4938,11.48191911,0.16040081,7.77986208
4939,11.53083441,0.23678215,7.64277344
4940,11.50653549,0.19859148,7.71108396
4941,11.48854573,0.23678215,7.71637913
4942,11.5128286,0.27497282,7.64810417
4943,11.4640812,0.19859148,7.78492512
4944,11.44625706,0.23678215,7.78998482
4945,11.47056992,0.27497282,7.72167075
4946,11.42831125,0.27497282,7.79523734
4947,11.63908285,0.00763813,7.61071463
4948,11.62102512,0.0458288,7.61606663
4949,11.59634199,0.00763813,7.68494872
4950,11.57831445,0.0458288,7.6902614
4951,11.60296545,0.08401947,7.62141508
4952,11.5849197,0.12221014,7.62675999
4953,11.56688788,0.16040081,7.63210135
4954,11.56042087,0.08401947,7.69537386
4955,11.55360112,0.00763813,7.7591828
4956,11.54885417,0.19859148,7.63743917
4957,11.39695034,0.16040081,7.92762281
4958,11.4928931,0.0458288,7.83865094
4959,11.47505991,0.08401947,7.84368478
4960,11.45724045,0.12221014,7.84871528
4961,11.43943472,0.16040081,7.85374245
4962,11.43251533,0.08401947,7.91764357
4963,11.41472597,0.12221014,7.92263486
4964,11.37221149,0.12221014,7.99655443
4965,11.35446595,0.16040081,8.00150318
4966,11.40383287,0.23678215,7.86378677
4967,11.37930824,0.19859148,7.93241107
4968,11.36154419,0.23678215,7.93739246
4969,11.38605258,0.27497282,7.86880392
4970,11.3437939,0.27497282,7.94237051
4971,11.42162691,0.19859148,7.85876627
4972,11.33685395,0.19859148,8.00625223
4973,11.31925552,0.23678215,8.01099815
4974,11.30153523,0.27497282,8.01593709
4975,11.35317745,0.54230786,7.68532004
4976,11.31112877,0.54230786,7.75861289
4977,11.24904707,0.00763778,8.21600645
4978,11.27683133,0.23678215,8.08480009
4979,11.25208099,0.19859148,8.15373818
4980,11.23454265,0.23678215,8.15840578
4981,11.25927655,0.27497282,8.08950368
4982,11.21701788,0.27497282,8.16307026
4983,11.13250053,0.27497282,8.31020343
4984,11.19225398,0.23678215,8.23201147
4985,11.17475921,0.27497282,8.23663685
4986,10.90551699,0.27497282,8.52350937
4987,11.10277191,0.54230786,8.12234121
4988,11.06072323,0.54230786,8.19563406
4989,11.01867455,0.54230786,8.26892691
4990,11.31198157,0.16040081,8.07538354
4991,11.29439966,0.19859148,8.08009338
4992,11.19454949,0.8096429,7.72236221
4993,11.1527108,0.8096429,7.79538132
4994,11.11181067,0.8096429,7.86703758
4995,11.07091055,0.8096429,7.93869384
4996,11.02907186,0.8096429,8.01171295
4997,10.99624987,1.07697794,7.8306183
4998,11.03694472,1.07697794,7.75923067
4999,10.95555503,1.07697794,7.90200593
5000,10.87416535,1.07697794,8.0447812
5001,10.91486019,1.07697794,7.97339357
5002,11.81126772,0.77145223,7.71708111
5003,11.47832949,1.30612231,7.79069395
5004,11.6372107,1.03878727,7.75397439
5005,10.98817174,0.8096429,8.08336922
5006,10.94727161,0.8096429,8.15502548
5007,10.90543292,0.8096429,8.22804459
5008,10.8334705,1.07697794,8.11616884
5009,10.79277566,1.07697794,8.18755647
5010,12.21158441,0.08401947,7.62141508
5011,12.19310814,0.12221014,7.62675999
5012,12.17271052,0.16040081,7.63210135
5013,12.25050363,0.00763813,7.61071463
5014,12.23007461,0.0458288,7.61606663
5015,12.13579875,0.23678215,7.64277344
5016,12.15424766,0.19859148,7.63743917
5017,11.97302164,0.50411719,7.68001413
5018,12.85998363,0.00763813,7.61071463
5019,12.8391241,0.0458288,7.61606663
5020,12.82020338,0.08401947,7.62141508
5021,12.79935993,0.12221014,7.62675999
5022,12.77853316,0.16040081,7.63210135
5023,12.75964115,0.19859148,7.63743917
5024,12.59373808,0.46592652,7.67470467
5025,12.23832973,1.0005966,7.74871456
5026,12.07639028,1.26793164,7.78545894
5027,12.41545514,0.73326156,7.71179647
5028,12.84030182,0.96240593,7.74345119
5029,12.66202583,1.22974097,7.78022038
5030,10.88112174,1.34431298,7.79592541
5031,10.84063218,1.34431298,7.86704442
5032,10.80014262,1.34431298,7.93816342
5033,10.7605822,1.34431298,8.0079298
5034,11.15048879,1.84079239,7.86361195
5035,11.32046377,1.57345735,7.8272398
5036,11.72928915,1.80260172,7.85842657
5037,10.99546886,2.10812743,7.89981038
5038,10.84145674,2.37546247,7.9358351
5039,11.21264674,2.66230034,7.97429475
5040,11.57127871,2.06993676,7.89464982
5041,11.90226479,1.53526668,7.82202961
5042,12.30892338,1.76441105,7.85323764
5043,12.48489968,1.49707601,7.81681587
5044,11.9104862,2.35677463,7.93332247
5045,12.27548618,2.6436125,7.97179515
5046,12.67745149,2.05124892,7.89212331
5047,9.54361571,0.27497282,9.80334502
5048,8.79383791,0.27497282,10.3936323
5049,9.08964862,0.27497282,10.2299569
5050,9.31663217,0.27497282,10.01665096
5051,9.04422059,1.14982732,9.90998374
5052,9.267513,1.14982732,9.69927519
5053,9.47441306,1.14982732,9.50143647
5054,8.82092817,1.14982732,10.1206923
5055,9.77059926,0.27497282,9.59003907
5056,8.97928622,2.02468182,9.61096159
5057,8.77580633,2.02468182,9.80636157
5058,9.60055545,3.09402198,8.45686361
5059,9.38908234,3.62869206,8.39051889
5060,9.49452534,3.36135702,8.42351729
5061,9.36274489,3.88087122,8.2453501
5062,9.44314624,3.86571533,8.13347091
5063,9.28239037,3.8960271,8.35717992
5064,10.11945747,2.68098818,7.9767935
5065,9.77868835,3.27335175,8.05555865
5066,10.4917562,2.96782604,8.01504014
5067,9.91585919,2.75383756,8.23499203
5068,9.70797907,2.82668694,8.49390578
5069,9.80627871,3.0211726,8.20152617
5070,9.6973049,3.28850764,8.16841363
5071,10.14728266,3.56018962,8.0933923
5072,10.45109554,3.84702749,8.13102597
5073,9.49583767,2.89953632,8.75353079
5074,9.29577793,2.89953632,8.94649203
5075,9.39139407,3.16687136,8.71624454
5076,9.09571819,2.89953632,9.13945327
5077,8.89565846,2.89953632,9.33241451
5078,9.080474,3.96887648,8.60920096
5079,8.99162481,3.77439083,8.88937368
5080,9.28752641,3.4342064,8.67932667
5081,9.18423471,3.70154144,8.64277716
5082,8.79498523,3.77439083,9.07989618
5083,8.59834565,3.77439083,9.27041868
5084,9.11283113,4.45807891,8.2105303
5085,9.03341188,4.47323479,8.32143369
5086,8.95403947,4.48839068,8.43228772
5087,8.8747139,4.50354656,8.54309237
5088,8.79278796,5.05044249,8.2867368
5089,8.71843891,5.06559837,8.3917109
5090,8.64004578,5.08075426,8.50159025
5091,9.12616042,5.33728035,8.32333148
5092,9.44964486,4.74491678,8.24753797
5093,9.77823438,4.1525532,8.17089158
5094,10.11395966,4.43939107,8.20811226
5095,9.75265199,5.03175465,8.28434567
5096,10.02236622,5.31859251,8.32095338
5097,10.38623668,4.72622894,8.24513297
5098,10.67225677,4.99274613,8.27935175
5099,10.44895527,5.27876758,8.31588268
5100,8.9773004,4.23621152,8.5759727
5101,8.78883241,4.30906091,8.81557401
5102,8.88994063,4.04172587,8.85228966
5103,8.68907902,4.57639595,8.7824901
5104,10.82890402,3.25466391,8.0530868
5105,11.51798328,2.9491382,8.01255442
5106,11.13141461,3.54150178,8.09093348
5107,11.46453376,3.82833965,8.12858018
5108,11.84910621,3.23597607,8.05061411
5109,12.57461529,2.93045036,8.01006784
5110,12.82401086,3.19696756,8.04544993
5111,12.18096552,3.52281394,8.08847381
5112,11.96569765,3.80883539,8.12602664
5113,12.58487848,3.48298901,8.08322928
5114,10.75591948,4.13386536,8.16845966
5115,11.08577365,4.42070323,8.20569338
5116,11.73259197,4.09485685,8.16338062
5117,11.50137504,4.3808783,8.20053576
5118,11.29415837,4.66689975,8.23749205
5119,10.87818245,4.70672468,8.24262199
5120,11.84324854,4.66689975,8.23749205
5121,12.45960771,4.66689975,8.23749205
5122,8.69559872,2.89953632,9.52537575
5123,13.40561172,0.12221014,7.62675999
5124,13.3843558,0.16040081,7.63210135
5125,13.20184694,0.42773585,7.66939167
5126,13.46946364,0.00763813,7.61071463
5127,13.44817358,0.0458288,7.61606663
5128,13.42688432,0.08401947,7.62141508
5129,13.64363064,0.65688022,7.70121656
5130,13.82813663,0.38954518,7.66407513
5131,13.02049561,0.69507089,7.70650829
5132,13.26556415,1.1915503,7.77497828
5133,13.44692709,0.92421526,7.73818427
5134,13.869961,1.15335963,7.76973264
5135,14.08088442,0.00763813,7.61071463
5136,14.05722307,0.0458288,7.61606663
5137,14.01380017,0.12221014,7.62675999
5138,14.03550328,0.08401947,7.62141508
5139,14.45530404,0.35135451,7.65875503
5140,14.25421152,0.61868955,7.69592128
5141,14.69036442,0.00763813,7.61071463
5142,14.66627256,0.0458288,7.61606663
5143,14.64412225,0.08401947,7.62141508
5144,14.86565092,0.58049888,7.69062246
5145,14.05441089,0.88602459,7.73291381
5146,14.6627532,0.84783392,7.72763981
5147,15.02698868,1.13467179,7.7671645
5148,13.08535106,1.45888534,7.81159858
5149,13.45259905,1.74572321,7.85069726
5150,13.01028641,2.33808679,7.93080899
5151,13.30794184,2.62492465,7.96929469
5152,13.75290411,2.03256108,7.88959595
5153,14.2045079,1.4401975,7.80904432
5154,14.56539154,1.72703537,7.84815602
5155,14.06432797,2.29907827,7.92555968
5156,14.31391539,2.01305682,7.88695727
5157,14.71022628,2.29907827,7.92555968
5158,15.29984443,0.00763813,7.61071463
5159,15.27532204,0.0458288,7.61606663
5160,15.06984054,0.31316384,7.6534314
5161,15.49522732,0.54230821,7.68532009
5162,15.70260032,0.27497317,7.64810422
5163,15.9112652,0.00763813,7.61071463
5164,15.85801128,0.82914608,7.72505779
5165,15.59796883,1.11516753,7.76448325
5166,16.33624327,0.2367825,7.64277349
5167,16.2586367,1.11516753,7.76448325
5168,16.2586367,1.11516753,8.52696997
5169,15.35612459,2.29907827,7.92555968
5170,15.35612459,2.29907827,8.67533312
5171,15.35612459,2.29907827,9.42510656
5172,15.70726854,1.11516753,10.2222155
5173,15.35612459,2.29907827,11.05859989
5174,13.06503197,2.91094611,8.00747173
5175,13.21600722,3.48298901,8.08322928
5176,13.84713596,3.48298901,8.08322928
5177,14.47826471,3.48298901,8.08322928
5178,14.47826471,3.48298901,8.82028944
5179,13.07596689,4.66689975,8.23749205
5180,13.62505705,4.66689975,8.23749205
5181,13.62505705,4.66689975,8.89713692
5182,14.47826471,3.48298901,9.5573496
5183,14.47826471,3.48298901,10.29440976
5184,13.62505705,4.66689975,9.6214838
5185,13.62505705,4.66689975,10.34583068
5186,13.62505705,4.66689975,11.00547556
5187,9.1551022,1.11516753,15.03551675
5188,10.23741639,2.29907827,14.87444032
5189,12.52308007,1.11516753,15.03551675
5190,9.08337137,4.66689975,14.56250795
5191,11.26087255,3.48298901,14.71677072
5192,12.22547067,4.66689975,14.56250795
5193,16.2586367,1.11516753,11.8493522
5194,15.35612459,2.29907827,12.55814677
5195,13.5301014,2.29907827,14.87444032
5196,16.2586367,1.11516753,13.37432564
5197,15.70726854,1.11516753,14.93335349
5198,15.35612459,2.29907827,14.05769365
5199,14.47826471,3.48298901,11.76853008
5200,14.47826471,3.48298901,13.2426504
5201,13.62505705,4.66689975,12.45416932
5202,14.47826471,3.48298901,14.71677072
5203,13.62505705,4.66689975,13.90286308
5204,8.7790402,5.92964393,8.39827211
5205,9.39715665,5.62411822,8.35972619
5206,9.62420268,5.89063542,8.39336333
5207,9.08096822,6.2164818,8.43425384
5208,8.9067549,6.50250325,8.46993402
5209,9.42761918,6.17665687,8.42927004
5210,9.23542971,6.46267832,8.46497791
5211,9.82245169,5.60461397,8.35725778
5212,10.05118187,5.85081049,8.388348
5213,10.2492522,5.56478904,8.35221476
5214,10.58711441,5.85081049,8.388348
5215,8.71553171,6.7885247,8.50541536
5216,8.85594896,7.03472123,8.53579712
5217,9.04487297,6.74869977,8.50048694
5218,9.37872387,7.03472123,8.53579712
5219,9.90149879,7.03472123,8.53579712
5220,10.4242737,7.03472123,8.53579712
5221,11.12304694,5.85081049,8.388348
5222,11.72463655,5.85081049,8.388348
5223,12.26056909,5.85081049,8.388348
5224,12.79650163,5.85081049,8.388348
5225,12.79650163,5.85081049,9.0364152
5226,10.94704861,7.03472123,8.53579712
5227,11.46982352,7.03472123,8.53579712
5228,11.99259843,7.03472123,8.53579712
5229,11.99259843,7.03472123,9.17228665
5230,12.79650163,5.85081049,9.6844824
5231,12.79650163,5.85081049,10.396116
5232,12.79650163,5.85081049,11.0441832
5233,11.99259843,7.03472123,9.80877618
5234,11.99259843,7.03472123,10.44526571
5235,11.99259843,7.03472123,11.08175524
5236,8.79012742,8.21863197,8.67983941
5237,9.29974471,8.21863197,8.67983941
5238,9.7469288,8.21863197,8.67983941
5239,10.25654609,8.21863197,8.67983941
5240,8.65537385,9.4025427,8.82047488
5241,9.09101226,9.4025427,8.82047488
5242,9.58747192,9.4025427,8.82047488
5243,8.88061678,10.58645344,8.95770352
5244,9.30470951,10.58645344,8.95770352
5245,10.02311033,9.4025427,8.82047488
5246,10.45874873,9.4025427,8.82047488
5247,10.45874873,9.4025427,9.37364949
5248,9.72880223,10.58645344,8.95770352
5249,10.76616338,8.21863197,8.67983941
5250,11.21334747,8.21863197,8.67983941
5251,11.21334747,8.21863197,9.24345609
5252,8.88061678,10.58645344,9.50043607
5253,9.30470951,10.58645344,9.50043607
5254,8.88061678,10.58645344,10.04316862
5255,9.30470951,10.58645344,10.04316862
5256,10.45874873,9.4025427,9.92682411
5257,9.72880223,10.58645344,9.50043607
5258,9.72880223,10.58645344,10.04316862
5259,8.88061678,10.58645344,10.58590117
5260,9.30470951,10.58645344,10.58590117
5261,8.88061678,10.58645344,11.12863372
5262,9.30470951,10.58645344,11.12863372
5263,10.45874873,9.4025427,10.54015829
5264,10.45874873,9.4025427,11.09333291
5265,9.72880223,10.58645344,10.58590117
5266,9.72880223,10.58645344,11.12863372
5267,11.21334747,8.21863197,9.86836795
5268,11.21334747,8.21863197,10.4932798
5269,11.21334747,8.21863197,11.05689648
5270,12.79650163,5.85081049,11.6922504
5271,12.79650163,5.85081049,13.1155176
5272,11.99259843,7.03472123,11.71824476
5273,11.99259843,7.03472123,12.35473429
5274,10.06440431,5.85081049,14.411652
5275,10.6600875,7.03472123,14.26420288
5276,12.79650163,5.85081049,14.411652
5277,11.99259843,7.03472123,13.62771335
5278,8.88061678,10.58645344,11.67136628
5279,9.30470951,10.58645344,11.67136628
5280,8.88061678,10.58645344,12.21409883
5281,9.30470951,10.58645344,12.21409883
5282,10.45874873,9.4025427,11.64650752
5283,10.45874873,9.4025427,12.25984171
5284,9.72880223,10.58645344,11.67136628
5285,9.72880223,10.58645344,12.21409883
5286,8.85224472,10.58645344,12.80503245
5287,8.88061678,10.58645344,12.75683138
5288,8.86643075,10.58645344,12.78093192
5289,9.30470951,10.58645344,12.75683138
5290,8.80094703,10.58645344,12.8694081
5291,8.74964933,10.58645344,12.93378374
5292,8.61875554,10.58645344,13.04060184
5293,9.30470951,10.58645344,13.29956393
5294,10.45874873,9.4025427,12.81301632
5295,9.72880223,10.58645344,12.75683138
5296,9.72880223,10.58645344,13.29956393
5297,11.21334747,8.21863197,11.68180834
5298,11.21334747,8.21863197,12.3067202
5299,11.21334747,8.21863197,12.87033687
5300,8.61540104,8.21863197,14.12016059
5301,9.19331324,9.4025427,13.97952512
5302,9.02944674,10.58645344,13.53672056
5303,9.10833199,10.58645344,13.49485821
5304,8.77362319,10.58645344,13.61339016
5305,8.87724098,10.58645344,13.59638517
5306,9.23922578,10.58645344,13.38804011
5307,9.29052347,10.58645344,13.32366447
5308,10.45874873,9.4025427,13.36619093
5309,9.72880223,10.58645344,13.84229648
5310,11.21334747,8.21863197,14.12016059
