# MAAS exact compiled indexed mesh
# program_hash 1edb2d76906eb4fb20c1a17ced6996acc1ea9aa9a240387a9b2df47ce9908d94
# geometry_hash a47c29414cd333cdde54799696e0aedf779d7a5123ae1306cb2f51a2f9bc3a15
v -18.52116988 -12.22302291 0
v -18.52116988 -12.22302291 4.07861531
v -16.20602365 -9.90787668 4.07861531
v -18.52116988 -2.19072256 0
v -18.52116988 -2.19072256 4.07861531
v -16.20602365 -2.19072256 3.94266147
v -16.20602365 -2.19072256 4.07861531
v -6.17372329 -9.90787668 4.07861531
v -1.54343082 -2.19072256 0
v -6.17372329 -6.49778243 5.38650543
v -5.19210129 -6.49778243 5.38650543
v -6.17372329 -9.35672323 5.94930897
v -6.17372329 -3.17940616 5.38650543
v -5.19210129 -3.17940616 5.38650543
v -6.17372329 -2.19072256 3.94266147
v -6.17372329 -2.19072256 4.07861531
v -3.08686165 -8.36444585 4.07861531
v -2.98808207 -9.35672323 5.94930897
v -3.08686165 -8.36444585 5.92408529
v -2.98808207 -8.36444585 5.94930897
v -3.08686165 -5.91021516 5.92408529
v -3.08686165 -2.19072256 3.94266147
v -3.08686165 -2.19072256 4.07861531
v -1.54343082 -2.19072256 3.94266147
v -16.20602365 -9.90787668 7.95329985
v -9.56927111 -19.20860152 8.11182528
v -9.56927111 -19.20860152 8.12800378
v -9.56927111 -19.20860152 8.14418229
v -9.56927111 -19.20860152 8.1603608
v -9.56927111 -19.20860152 8.17653931
v -9.56927111 -17.70375646 8.11182528
v -9.56927111 -17.70375646 8.12800378
v -9.56927111 -17.70375646 8.14418229
v -9.56927111 -17.70375646 8.1603608
v -9.56927111 -17.70375646 8.17653931
v -9.56927111 -16.19891141 8.11182528
v -9.56927111 -16.19891141 8.12800378
v -9.56927111 -16.19891141 8.14418229
v -9.56927111 -16.19891141 8.1603608
v -9.56927111 -16.19891141 8.17653931
v -9.56927111 -14.69406636 8.11182528
v -9.56927111 -14.69406636 8.12800378
v -9.56927111 -14.69406636 8.14418229
v -9.56927111 -14.69406636 8.1603608
v -9.56927111 -14.69406636 8.17653931
v -9.56927111 -13.1892213 8.11182528
v -9.56927111 -13.1892213 8.12800378
v -9.56927111 -13.1892213 8.14418229
v -9.56927111 -13.1892213 8.1603608
v -9.56927111 -13.1892213 8.17653931
v -9.56927111 -5.9447248 8.11182528
v -9.56927111 -5.9447248 8.12800378
v -9.56927111 -5.9447248 8.14418229
v -9.56927111 -5.9447248 8.1603608
v -9.56927111 -5.9447248 8.17653931
v -9.56927111 -4.43987974 8.11182528
v -9.56927111 -4.43987974 8.12800378
v -9.56927111 -4.43987974 8.14418229
v -9.56927111 -4.43987974 8.1603608
v -9.56927111 -4.43987974 8.17653931
v -9.56927111 -2.93503469 8.11182528
v -9.56927111 -2.93503469 8.12800378
v -9.56927111 -2.93503469 8.14418229
v -9.56927111 -2.93503469 8.1603608
v -9.56927111 -2.93503469 8.17653931
v -9.56927111 -1.43018964 8.11182528
v -9.56927111 -1.43018964 8.12800378
v -9.56927111 -1.43018964 8.14418229
v -9.56927111 -1.43018964 8.1603608
v -9.56927111 -1.43018964 8.17653931
v -8.75896992 -17.65871297 8.14456126
v -8.06442605 -19.01343298 8.22187468
v -8.06442605 -19.01343298 8.23758289
v -8.06442605 -19.01343298 8.2532911
v -8.06442605 -19.01343298 8.26899931
v -8.06442605 -19.01343298 8.28470752
v -8.06442605 -18.22668662 8.22187468
v -8.06442605 -17.5523326 8.28470752
v -8.75896992 -16.16688048 8.14456126
v -8.75896992 -14.67504799 8.14456126
v -8.06442605 -16.09123222 8.28470752
v -7.94866874 -16.07458561 8.23888771
v -7.25412487 -16.60098501 8.36353733
v -8.06442605 -14.63013184 8.28470752
v -7.94866874 -14.62024791 8.23888771
v -7.94866874 -14.50837578 8.30142973
v -7.25412487 -15.19619558 8.42394859
v -7.13836756 -15.07032481 8.44780315
v -7.13836756 -14.53373161 8.38780675
v -7.13836756 -14.42641297 8.44780315
v -6.559581 -18.48086024 8.52217571
v -6.559581 -18.48086024 8.53660058
v -6.559581 -18.48086024 8.55102545
v -6.559581 -18.48086024 8.56545033
v -6.559581 -18.48086024 8.5798752
v -6.559581 -17.7583899 8.52217571
v -6.559581 -17.03591956 8.52217571
v -6.559581 -17.13912961 8.5798752
v -5.05473595 -17.73217636 8.94433501
v -5.05473595 -17.73217636 8.95695578
v -5.05473595 -17.73217636 8.96957656
v -5.05473595 -17.73217636 8.98219733
v -5.05473595 -17.73217636 8.9948181
v -5.05473595 -17.10006442 8.94433501
v -6.559581 -15.79739898 8.5798752
v -6.44382369 -15.66648703 8.60860057
v -6.44382369 -15.0525884 8.55140065
v -6.32806638 -15.53672506 8.63800877
v -6.32806638 -14.92831553 8.63800877
v -5.74927982 -16.16366605 8.79388967
v -5.63352251 -16.02952872 8.82654324
v -5.05473595 -16.55825419 8.9948181
v -5.05473595 -16.46795248 8.94433501
v -5.05473595 -15.83584054 8.94433501
v -5.74927982 -15.48779973 8.73991216
v -5.63352251 -15.36077307 8.82654324
v -6.32806638 -15.53672506 9.45999163
v -6.32806638 -14.92831553 9.45999163
v -4.93897864 -16.42094276 9.02916226
v -4.93897864 -15.79630964 9.02916226
v -4.93897864 -15.17167652 9.02916226
v -5.63352251 -15.36077307 9.60098264
v -4.93897864 -15.17167652 9.75250642
v -6.32806638 -15.53672506 10.2819745
v -6.32806638 -14.92831553 10.2819745
v -5.63352251 -15.36077307 10.37542203
v -4.93897864 -15.17167652 10.47585059
v -8.75896992 -13.87175358 8.2087157
v -8.75896992 -13.1832155 8.14456126
v -8.75896992 -13.1832155 8.16059987
v -8.75896992 -13.1832155 8.17663848
v -8.75896992 -13.1832155 8.19267709
v -8.75896992 -13.1832155 8.2087157
v -7.94866874 -13.837143 8.30142973
v -7.13836756 -13.78250112 8.44780315
v -7.94866874 -13.16591022 8.23888771
v -7.94866874 -13.16591022 8.25452321
v -7.94866874 -13.16591022 8.27015872
v -7.94866874 -13.16591022 8.28579422
v -7.94866874 -13.16591022 8.30142973
v -7.13836756 -13.13858928 8.38780675
v -7.13836756 -13.13858928 8.40280585
v -7.13836756 -13.13858928 8.41780495
v -7.13836756 -13.13858928 8.43280405
v -7.13836756 -13.13858928 8.44780315
v -6.32806638 -14.31990601 8.63800877
v -6.32806638 -13.71149648 8.63800877
v -6.32806638 -13.10308696 8.58132029
v -6.32806638 -13.10308696 8.59549241
v -6.32806638 -13.10308696 8.60966453
v -6.32806638 -13.10308696 8.62383665
v -6.32806638 -13.10308696 8.63800877
v -6.32806638 -12.39327584 8.58132029
v -6.32806638 -12.39327584 8.59549241
v -6.32806638 -12.39327584 8.60966453
v -6.32806638 -12.39327584 8.62383665
v -5.98079444 -12.3961355 8.67484357
v -5.63352251 -13.64111569 8.77313363
v -4.93897864 -14.10087688 8.97927646
v -5.28625057 -12.95678376 8.87501611
v -4.93897864 -12.31621083 8.97927646
v -6.17372329 -9.90787668 7.95329985
v -6.32806638 -11.68346473 8.58132029
v -6.32806638 -11.68346473 8.59549241
v -6.32806638 -11.68346473 8.60966453
v -5.98079444 -11.70634198 8.67484357
v -6.32806638 -10.97365362 8.58132029
v -6.32806638 -10.97365362 8.59549241
v -5.98079444 -11.01654846 8.67484357
v -6.32806638 -10.26384251 8.58132029
v -5.98079444 -10.32675494 8.67484357
v -5.98079444 -10.32675494 8.68861601
v -5.63352251 -11.73038526 8.77313363
v -5.63352251 -11.06162961 8.77313363
v -5.28625057 -11.10835844 8.87501611
v -5.63352251 -10.39287397 8.77313363
v -5.63352251 -10.39287397 8.78648603
v -5.63352251 -10.39287397 8.79983844
v -5.28625057 -10.46140958 8.87501611
v -5.28625057 -10.46140958 8.88793312
v -5.28625057 -10.46140958 8.90085013
v -5.28625057 -10.46140958 8.91376714
v -4.93897864 -10.53154477 8.97927646
v -4.93897864 -10.53154477 8.99174791
v -4.93897864 -9.72844504 8.97927646
v -4.93897864 -9.72844504 8.99174791
v -6.32806638 -14.31990601 9.45999163
v -6.32806638 -13.71149648 9.45999163
v -6.32806638 -12.39327584 9.45999163
v -6.32806638 -14.31990601 10.2819745
v -6.32806638 -13.00168537 10.2819745
v -6.32806638 -11.68346473 9.44581952
v -6.32806638 -10.97365362 9.4316474
v -6.32806638 -10.26384251 9.41747528
v -4.93897864 -10.53154477 9.00421936
v -4.93897864 -10.53154477 9.01669081
v -4.93897864 -10.53154477 9.02916226
v -4.93897864 -9.72844504 9.00421936
v -4.93897864 -9.72844504 9.01669081
v -4.93897864 -9.72844504 9.02916226
v -6.32806638 -11.68346473 10.2819745
v -6.32806638 -10.97365362 10.26780239
v -6.32806638 -10.26384251 10.25363027
v -3.54989089 -16.93259881 9.39519165
v -3.54989089 -16.93259881 9.40588569
v -3.54989089 -16.93259881 9.41657973
v -3.54989089 -16.93259881 9.42727376
v -3.54989089 -16.93259881 9.4379678
v -4.24443477 -16.71703716 9.23624039
v -4.24443477 -16.13749759 9.23624039
v -3.54989089 -16.39698761 9.39519165
v -3.54989089 -16.39698761 9.40588569
v -3.54989089 -16.39698761 9.41657973
v -3.54989089 -16.39698761 9.42727376
v -3.54989089 -16.39698761 9.4379678
v -3.54989089 -15.86137641 9.39519165
v -3.54989089 -15.86137641 9.40588569
v -3.54989089 -15.86137641 9.41657973
v -3.54989089 -15.86137641 9.42727376
v -3.54989089 -15.86137641 9.4379678
v -4.24443477 -15.55795802 9.23624039
v -4.24443477 -14.48167025 9.18995595
v -4.24443477 -14.97841845 9.23624039
v -3.54989089 -15.32576521 9.39519165
v -3.54989089 -15.32576521 9.40588569
v -3.54989089 -15.32576521 9.41657973
v -3.54989089 -15.32576521 9.42727376
v -3.54989089 -15.32576521 9.4379678
v -3.54989089 -14.79015401 9.39519165
v -3.54989089 -14.79015401 9.40588569
v -3.54989089 -14.79015401 9.41657973
v -3.54989089 -14.79015401 9.42727376
v -3.54989089 -14.79015401 9.4379678
v -3.08686165 -14.67183802 9.52417334
v -3.08686165 -14.67183802 9.53431617
v -3.08686165 -14.67183802 9.544459
v -3.08686165 -14.67183802 9.55460183
v -3.08686165 -14.67183802 9.56474466
v -2.6238324 -14.56220136 9.64369329
v -2.6238324 -14.56220136 9.65332536
v -2.6238324 -14.56220136 9.66295742
v -2.6238324 -14.56220136 9.67258948
v -2.6238324 -14.56220136 9.68222154
v -4.24443477 -14.97841845 9.90736485
v -3.78140552 -14.8517946 10.00882903
v -4.47594939 -15.04273394 10.54433156
v -4.01292014 -14.91465989 10.61235127
v -3.31837627 -14.73006297 10.10637305
v -2.85534702 -14.61578579 10.19794378
v -1.69777391 -15.6334744 9.84454804
v -1.69777391 -15.6334744 9.85332175
v -1.69777391 -15.6334744 9.86209546
v -1.69777391 -15.6334744 9.87086917
v -1.69777391 -15.6334744 9.87964288
v -2.16080315 -14.46354942 9.75123831
v -2.16080315 -14.46354942 9.76041077
v -2.16080315 -14.46354942 9.76958324
v -2.16080315 -14.46354942 9.77875571
v -2.16080315 -14.46354942 9.78792818
v -1.69777391 -15.3195947 9.84454804
v -1.69777391 -15.3195947 9.85332175
v -1.69777391 -15.3195947 9.86209546
v -1.69777391 -15.3195947 9.87086917
v -1.69777391 -15.3195947 9.87964288
v -1.69777391 -15.00571501 9.84454804
v -1.69777391 -15.00571501 9.85332175
v -1.69777391 -15.00571501 9.86209546
v -1.69777391 -15.00571501 9.87086917
v -1.69777391 -15.00571501 9.87964288
v -1.69777391 -14.69183531 9.84454804
v -1.69777391 -14.69183531 9.85332175
v -1.69777391 -14.69183531 9.86209546
v -1.69777391 -14.69183531 9.87086917
v -1.69777391 -14.69183531 9.87964288
v -0.19292885 -15.35274169 10.02817181
v -0.19292885 -15.35274169 10.0361608
v -0.19292885 -15.35274169 10.04414979
v -0.19292885 -15.35274169 10.05213878
v -0.19292885 -15.35274169 10.06012778
v -0.19292885 -15.06693526 10.06012778
v -0.19292885 -14.95261269 10.02817181
v -0.19292885 -14.78112884 10.06012778
v -0.19292885 -14.66680627 10.02817181
v -0.19292885 -14.49532241 10.06012778
v -4.5917067 -13.4407937 9.08467392
v -3.89716283 -13.8481139 9.2938727
v -4.24443477 -12.8258429 9.18995595
v -3.78140552 -12.80895972 9.32799442
v -3.43413358 -13.7783006 9.42817861
v -2.97110434 -13.71235579 9.55504238
v -2.50807509 -13.65166673 9.67179519
v -3.31837627 -12.79272884 9.46069966
v -4.5917067 -11.7205823 9.08467392
v -4.12867745 -11.75914613 9.22480792
v -4.24443477 -10.67326735 9.87265152
v -3.31837627 -10.85539471 9.46069966
v -3.31837627 -10.85539471 9.502356
v -2.6238324 -11.73658532 9.64369329
v -3.31837627 -10.18477905 9.46069966
v -3.31837627 -10.18477905 9.502356
v -3.54989089 -10.81132794 10.04752783
v -3.89716283 -10.74317141 9.96149406
v -4.24443477 -10.67326735 10.55534709
v -3.20261896 -10.87692915 10.12990345
v -1.69777391 -14.37795561 9.84454804
v -1.69777391 -14.37795561 9.85332175
v -1.69777391 -14.37795561 9.86209546
v -1.69777391 -14.37795561 9.87086917
v -1.69777391 -14.37795561 9.87964288
v -1.81353122 -12.62156737 9.82266791
v -1.00323004 -13.3862878 9.95362525
v -0.54020079 -14.232125 10.03590197
v -0.19292885 -14.38099984 10.02817181
v -0.19292885 -14.09519342 10.02817181
v -0.54020079 -14.232125 10.50537264
v -0.30868616 -12.49467743 10.02119864
v -1.69777391 -11.11360677 9.84454804
v -1.69777391 -11.11360677 9.87964288
v -1.69777391 -10.54862331 9.84454804
v -1.69777391 -10.54862331 9.87964288
v -1.69777391 -9.98363986 9.84454804
v -1.69777391 -9.98363986 9.87964288
v -1.58201659 -11.12764333 10.40385559
v -1.00323004 -11.84082983 9.95362525
v -0.07717154 -11.24097552 10.03388966
v -0.07717154 -11.24097552 10.06574789
v -0.07717154 -10.72809747 10.03388966
v -0.07717154 -10.72809747 10.06574789
v -0.07717154 -10.21521941 10.03388966
v -0.07717154 -10.21521941 10.06574789
v -0.07717154 -9.70234136 10.03388966
v -0.07717154 -9.70234136 10.06574789
v -6.32806638 -15.53672506 11.10395737
v -6.32806638 -14.92831553 11.10395737
v -5.63352251 -15.36077307 11.14986142
v -5.17049326 -15.2356223 11.18251196
v -6.32806638 -15.53672506 11.92594024
v -5.17049326 -15.05289264 11.92313472
v -6.32806638 -13.61009489 11.10395737
v -6.32806638 -12.29187426 11.10395737
v -6.32806638 -14.21850442 11.92594024
v -6.32806638 -12.90028378 11.92594024
v -5.17049326 -13.86514987 11.92313472
v -5.17049326 -12.67740709 11.92313472
v -6.32806638 -10.97365362 11.10395737
v -6.32806638 -10.26384251 11.08978526
v -6.32806638 -11.58206314 11.92594024
v -6.32806638 -10.26384251 11.92594024
v -5.17049326 -11.48966431 11.92313472
v -5.17049326 -10.57601602 11.92313472
v -2.85534702 -14.61578579 11.34422086
v -4.01292014 -14.91465989 11.92014416
v -4.01292014 -14.59199556 11.92014416
v -2.85534702 -14.47437857 11.91735941
v -4.01292014 -13.5433365 11.92014416
v -4.01292014 -12.49467743 11.92014416
v -2.85534702 -14.19156412 11.91735941
v -2.85534702 -13.27241717 11.91735941
v -2.85534702 -12.56538104 11.91735941
v -4.24443477 -10.67326735 11.23804266
v -4.01292014 -11.68801661 11.92014416
v -4.01292014 -10.88135579 11.92014416
v -4.24443477 -10.67326735 11.92073823
v -3.08686165 -10.97066502 11.91788167
v -2.85534702 -11.85834492 11.91735941
v -2.85534702 -11.1513088 11.91735941
v -1.69777391 -14.37795561 10.89739315
v -0.54020079 -14.232125 11.44431398
v -1.69777391 -14.37795561 11.91514343
v -1.69777391 -14.12685185 11.91514343
v -1.69777391 -13.8757481 11.91514343
v -1.69777391 -13.2479887 11.91514343
v -1.69777391 -13.8757481 12.42401856
v -1.69777391 -13.2479887 12.42401856
v -1.69777391 -12.62022931 11.91514343
v -1.69777391 -12.62022931 12.42401856
v -0.54020079 -14.11629516 11.91378465
v -0.54020079 -13.88463549 11.91378465
v -0.54020079 -13.76880565 11.91378465
v -0.54020079 -13.76880565 12.38325532
v -2.16080315 -11.05083798 10.83358963
v -1.81353122 -11.09888816 10.87786639
v -1.46625928 -11.1409794 10.91721703
v -2.16080315 -11.05083798 11.37476529
v -0.07717154 -11.24097552 11.44361626
v -2.16080315 -11.05083798 11.91594095
v -1.92928853 -11.2117951 11.91552587
v -1.69777391 -11.99246992 11.91514343
v -1.69777391 -11.36471052 11.91514343
v -1.69777391 -11.99246992 12.42401856
v -1.69777391 -11.36471052 12.42401856
v -0.77171541 -11.43979001 11.91397751
v -1.00323004 -11.24642292 11.91421114
v -0.77171541 -11.38118515 11.91397751
v -0.07717154 -11.24097552 11.91352512
v -0.19292885 -11.4657743 12.37693555
v -1.69777391 -13.8757481 12.9328937
v -1.69777391 -13.2479887 12.9328937
v -1.69777391 -13.8757481 13.44176884
v -1.69777391 -13.2479887 13.44176884
v -1.69777391 -12.62022931 12.9328937
v -1.69777391 -12.62022931 13.44176884
v -0.54020079 -13.76880565 12.85272599
v -0.54020079 -13.76880565 13.32219666
v -0.19292885 -13.7522257 13.28768067
v -1.69777391 -13.8757481 13.95064398
v -1.69777391 -13.2479887 13.95064398
v -1.69777391 -12.62022931 13.95064398
v -0.19292885 -13.7522257 13.76702021
v -0.19292885 -13.18061285 13.76702021
v -0.19292885 -12.609 13.76702021
v -0.19292885 -12.03738715 13.76702021
v -1.69777391 -11.99246992 12.9328937
v -1.69777391 -11.36471052 12.9328937
v -1.69777391 -11.99246992 13.44176884
v -1.69777391 -11.36471052 13.44176884
v -0.19292885 -11.4657743 12.8402971
v -0.19292885 -11.4657743 13.30365865
v -1.69777391 -11.99246992 13.95064398
v -1.69777391 -11.36471052 13.95064398
v -0.19292885 -11.4657743 13.76702021
v -8.51047756 -6.49778243 7.95329985
v -8.51047756 -5.80740622 8.18925491
v -8.51047756 -5.80740622 8.25264535
v -8.51047756 -5.25385955 8.18925491
v -6.30645835 -9.35672323 7.95329985
v -6.17372329 -9.35672323 7.95329985
v -4.93897864 -9.35672323 8.97927646
v -4.93897864 -9.35672323 9.02916226
v -8.51047756 -3.17940616 7.95329985
v -8.75896992 -4.39483625 8.14456126
v -8.51047756 -4.5980446 8.17222229
v -8.51047756 -4.22017553 8.18072039
v -8.51047756 -3.90903719 8.17348804
v -8.75896992 -2.90300376 8.14456126
v -8.51047756 -3.17940616 8.17348804
v -8.51047756 -3.17940616 8.25264535
v -8.13726206 -3.17940616 8.21693373
v -8.06442605 -3.17940616 8.28470752
v -8.06442605 -2.8273555 8.28470752
v -7.94866874 -2.81070889 8.23888771
v -7.46220081 -3.17940616 8.32619399
v -7.17159678 -3.17940616 8.38267096
v -7.04093729 -3.17940616 8.41685739
v -8.75896992 -1.41117127 8.14456126
v -8.75896992 -0.60787686 8.2087157
v -8.06442605 -1.36625512 8.28470752
v -7.94866874 -1.35637119 8.23888771
v -7.94866874 -1.24449906 8.30142973
v -7.25412487 -1.93231886 8.42394859
v -7.13836756 -1.80644809 8.44780315
v -7.13836756 -1.26985489 8.38780675
v -7.94866874 -0.57326628 8.30142973
v -7.13836756 -1.16253625 8.44780315
v -7.13836756 -0.5186244 8.44780315
v -6.17372329 -3.17940616 7.88532293
v -5.19210129 -3.17940616 7.88532293
v -5.19210129 -3.17940616 7.95329985
v -6.559581 -3.17940616 8.5798752
v -6.559581 -2.53352226 8.5798752
v -6.44382369 -2.40261031 8.60860057
v -6.24938912 -3.17940616 8.60552753
v -5.81644129 -3.17940616 8.73065122
v -5.28213007 -3.17940616 8.93211691
v -5.25710548 -3.17940616 8.9362735
v -5.74927982 -2.89978934 8.79388967
v -5.63352251 -2.765652 8.82654324
v -5.05473595 -3.35758944 8.94433501
v -5.05473595 -3.35758944 8.9948181
v -5.19210129 -3.17940616 8.90579944
v -5.14144372 -3.24511657 8.96973393
v -5.19210129 -3.17940616 8.95593686
v -5.13459492 -3.25400048 8.97279795
v -5.05473595 -3.29437747 8.9948181
v -5.05473595 -3.20407576 8.94433501
v -5.05473595 -2.57196382 8.94433501
v -6.44382369 -1.78871168 8.55140065
v -6.32806638 -2.27284834 8.63800877
v -6.32806638 -1.66443881 8.63800877
v -6.32806638 -1.05602929 8.63800877
v -6.32806638 -0.44761976 8.63800877
v -5.74927982 -2.22392301 8.73991216
v -5.63352251 -2.09689635 8.82654324
v -5.63352251 -0.37723897 8.77313363
v -4.93897864 -0.83700016 8.97927646
v -4.93897864 -3.15706604 9.02916226
v -4.93897864 -2.53243292 9.02916226
v -6.32806638 -2.27284834 9.45999163
v -6.32806638 -1.66443881 9.45999163
v -6.32806638 -1.05602929 9.45999163
v -6.32806638 -0.44761976 9.45999163
v -4.93897864 -1.9077998 9.02916226
v -5.63352251 -2.09689635 9.60098264
v -4.93897864 -1.9077998 9.75250642
v -6.32806638 -2.27284834 10.2819745
v -6.32806638 -1.66443881 10.2819745
v -6.32806638 -1.05602929 10.2819745
v -5.63352251 -2.09689635 10.37542203
v -4.93897864 -1.9077998 10.47585059
v -2.98808207 -8.36444585 7.95329985
v -2.98808207 -6.03834696 7.95329985
v -3.08686165 -5.91021516 7.95329985
v -3.31837627 -9.51416339 9.46069966
v -3.31837627 -9.51416339 9.502356
v -3.31837627 -9.35672323 9.46069966
v -3.31837627 -9.35672323 9.502356
v -2.98808207 -9.35672323 9.53893161
v -2.98808207 -9.35672323 9.57925066
v -2.98808207 -8.31167354 9.53893161
v -2.98808207 -8.31167354 9.57925066
v -1.69777391 -9.41865641 9.84454804
v -1.69777391 -9.41865641 9.87964288
v -1.69777391 -8.85367295 9.84454804
v -1.69777391 -8.85367295 9.85332175
v -1.69777391 -8.85367295 9.86209546
v -1.69777391 -8.85367295 9.87086917
v -1.69777391 -8.85367295 9.87964288
v -0.07717154 -9.18946331 10.03388966
v -0.07717154 -9.18946331 10.04185422
v -0.07717154 -9.18946331 10.04981878
v -0.07717154 -9.18946331 10.05778334
v -0.07717154 -9.18946331 10.06574789
v -4.16950259 -4.5058688 7.88532293
v -4.16950259 -4.5058688 7.95329985
v -3.08686165 -4.5058688 7.88532293
v -3.08686165 -4.5058688 7.95329985
v -4.44728734 -4.14554065 9.12632866
v -4.44728734 -4.14554065 9.17370075
v -3.54989089 -3.66872209 9.39519165
v -3.54989089 -3.66872209 9.40588569
v -3.54989089 -3.66872209 9.41657973
v -3.54989089 -3.66872209 9.42727376
v -3.54989089 -3.66872209 9.4379678
v -4.24443477 -3.45316044 9.23624039
v -4.24443477 -2.87362087 9.23624039
v -3.54989089 -3.13311089 9.39519165
v -3.54989089 -3.13311089 9.40588569
v -3.54989089 -3.13311089 9.41657973
v -3.54989089 -3.13311089 9.42727376
v -3.54989089 -3.13311089 9.4379678
v -3.54989089 -2.59749969 9.39519165
v -3.54989089 -2.59749969 9.40588569
v -3.54989089 -2.59749969 9.41657973
v -3.54989089 -2.59749969 9.42727376
v -3.54989089 -2.59749969 9.4379678
v -4.24443477 -2.2940813 9.23624039
v -4.24443477 -1.21779353 9.18995595
v -4.24443477 -1.71454173 9.23624039
v -3.54989089 -2.06188849 9.39519165
v -3.54989089 -2.06188849 9.40588569
v -3.54989089 -2.06188849 9.41657973
v -3.54989089 -2.06188849 9.42727376
v -3.54989089 -2.06188849 9.4379678
v -3.54989089 -1.52627729 9.39519165
v -3.54989089 -1.52627729 9.40588569
v -3.54989089 -1.52627729 9.41657973
v -3.54989089 -1.52627729 9.42727376
v -3.54989089 -1.52627729 9.4379678
v -4.5917067 -0.17691698 9.08467392
v -3.89716283 -0.58423718 9.2938727
v -3.08686165 -1.4079613 9.52417334
v -3.08686165 -1.4079613 9.53431617
v -3.08686165 -1.4079613 9.544459
v -3.08686165 -1.4079613 9.55460183
v -3.08686165 -1.4079613 9.56474466
v -2.6238324 -1.29832464 9.64369329
v -2.6238324 -1.29832464 9.65332536
v -2.6238324 -1.29832464 9.66295742
v -2.6238324 -1.29832464 9.67258948
v -2.6238324 -1.29832464 9.68222154
v -3.43413358 -0.51442389 9.42817861
v -2.97110434 -0.44847907 9.55504238
v -2.50807509 -0.38779001 9.67179519
v -4.24443477 -1.71454173 9.90736485
v -3.78140552 -1.58791788 10.00882903
v -4.47594939 -1.77885722 10.54433156
v -4.01292014 -1.65078317 10.61235127
v -3.31837627 -1.46618625 10.10637305
v -2.85534702 -1.35190908 10.19794378
v -1.69777391 -2.36959768 9.84454804
v -1.69777391 -2.36959768 9.85332175
v -1.69777391 -2.36959768 9.86209546
v -1.69777391 -2.36959768 9.87086917
v -1.69777391 -2.36959768 9.87964288
v -1.69777391 -2.05571798 9.84454804
v -1.69777391 -2.05571798 9.85332175
v -1.69777391 -2.05571798 9.86209546
v -1.69777391 -2.05571798 9.87086917
v -1.69777391 -2.05571798 9.87964288
v -1.69777391 -1.74183829 9.84454804
v -1.69777391 -1.74183829 9.85332175
v -1.69777391 -1.74183829 9.86209546
v -1.69777391 -1.74183829 9.87086917
v -1.69777391 -1.74183829 9.87964288
v -1.69777391 -1.42795859 9.84454804
v -1.69777391 -1.42795859 9.85332175
v -1.69777391 -1.42795859 9.86209546
v -1.69777391 -1.42795859 9.87086917
v -1.69777391 -1.42795859 9.87964288
v -2.16080315 -1.1996727 9.75123831
v -2.16080315 -1.1996727 9.76041077
v -2.16080315 -1.1996727 9.76958324
v -2.16080315 -1.1996727 9.77875571
v -2.16080315 -1.1996727 9.78792818
v -1.69777391 -1.11407889 9.84454804
v -1.69777391 -1.11407889 9.85332175
v -1.69777391 -1.11407889 9.86209546
v -1.69777391 -1.11407889 9.87086917
v -1.69777391 -1.11407889 9.87964288
v -0.19292885 -2.08886497 10.02817181
v -0.19292885 -2.08886497 10.0361608
v -0.19292885 -2.08886497 10.04414979
v -0.19292885 -2.08886497 10.05213878
v -0.19292885 -2.08886497 10.06012778
v -0.19292885 -1.80305854 10.06012778
v -0.19292885 -1.68873597 10.02817181
v -0.19292885 -1.51725212 10.06012778
v -0.19292885 -1.40292955 10.02817181
v -0.19292885 -1.23144569 10.06012778
v -1.00323004 -0.12241108 9.95362525
v -0.54020079 -0.96824828 10.03590197
v -0.19292885 -1.11712312 10.02817181
v -0.19292885 -0.8313167 10.02817181
v -0.54020079 -0.96824828 10.50537264
v -8.51047756 -6.49778243 11.59541781
v -6.30645835 -9.35672323 12.15822135
v -6.30645835 -6.03834696 12.15822135
v -8.51047756 -3.17940616 11.59541781
v -5.19210129 -3.17940616 11.59541781
v -6.32806638 -2.27284834 11.10395737
v -6.32806638 -1.66443881 11.10395737
v -6.32806638 -0.34621818 11.10395737
v -5.63352251 -2.09689635 11.14986142
v -5.17049326 -1.97174558 11.18251196
v -6.32806638 -2.27284834 11.92594024
v -6.32806638 -0.9546277 11.92594024
v -5.17049326 -1.78901593 11.92313472
v -5.17049326 -0.60127315 11.92313472
v -2.98808207 -9.35672323 12.15822135
v -2.98808207 -6.03834696 12.15822135
v -2.85534702 -1.35190908 11.34422086
v -4.01292014 -1.65078317 11.92014416
v -4.01292014 -1.32811884 11.92014416
v -4.01292014 -0.27945978 11.92014416
v -2.85534702 -1.21050185 11.91735941
v -2.85534702 -0.9276874 11.91735941
v -2.85534702 -0.00854045 11.91735941
v -1.69777391 -1.11407889 10.89739315
v -0.54020079 -0.96824828 11.44431398
v -1.69777391 -1.11407889 11.91514343
v -1.69777391 -0.86297514 11.91514343
v -1.69777391 -0.61187138 11.91514343
v -1.69777391 -0.61187138 12.42401856
v -0.54020079 -0.85241844 11.91378465
v -0.54020079 -0.62075877 11.91378465
v -0.54020079 -0.50492893 11.91378465
v -0.54020079 -0.50492893 12.38325532
v -1.69777391 -0.61187138 12.9328937
v -1.69777391 -0.61187138 13.44176884
v -0.54020079 -0.50492893 12.85272599
v -0.54020079 -0.50492893 13.32219666
v -0.19292885 -0.48834899 13.28768067
v -1.69777391 -0.61187138 13.95064398
v -0.19292885 -0.48834899 13.76702021
v -13.119162 0.12442368 0
v -16.20602365 0.12442368 3.94266147
v -13.119162 0.12442368 3.94266147
v -13.119162 0.12442368 4.07861531
v -13.119162 10.92843944 0
v -13.119162 10.92843944 4.07861531
v -1.54343082 0.12442368 0
v -8.48886953 3.21128532 4.07861531
v -6.17372329 0.12442368 3.94266147
v -6.17372329 0.12442368 4.07861531
v -8.48886953 6.73806546 5.39202312
v -8.51047756 6.76609429 5.38650543
v -8.48886953 6.76609429 5.38650543
v -3.08686165 0.12442368 3.94266147
v -3.08686165 0.12442368 4.07861531
v -3.08686165 3.21128532 4.07861531
v -1.54343082 0.12442368 3.94266147
v -8.48886953 10.92843944 3.94266147
v -8.48886953 10.92843944 4.07861531
v -8.51047756 10.08447056 5.38650543
v -8.48886953 10.08447056 5.38650543
v -8.48886953 12.47187027 3.94266147
v -16.20602365 0.12442368 7.95329985
v -10.80401577 0.12442368 7.88532293
v -10.80401577 0.12442368 7.95329985
v -9.56927111 0.07465542 8.11182528
v -9.56927111 0.07465542 8.12800378
v -9.56927111 0.07465542 8.14418229
v -9.56927111 0.07465542 8.1603608
v -9.56927111 0.07465542 8.17653931
v -10.80401577 5.52643156 7.88532293
v -10.80401577 5.52643156 7.95329985
v -9.56927111 7.31915192 8.11182528
v -9.56927111 7.31915192 8.12800378
v -9.56927111 7.31915192 8.14418229
v -9.56927111 7.31915192 8.1603608
v -9.56927111 7.31915192 8.17653931
v -9.56927111 8.82399698 8.11182528
v -9.56927111 8.82399698 8.12800378
v -9.56927111 8.82399698 8.14418229
v -9.56927111 8.82399698 8.1603608
v -9.56927111 8.82399698 8.17653931
v -9.56927111 10.32884203 8.11182528
v -9.56927111 10.32884203 8.12800378
v -9.56927111 10.32884203 8.14418229
v -9.56927111 10.32884203 8.1603608
v -9.56927111 10.32884203 8.17653931
v -9.56927111 11.83368708 8.11182528
v -9.56927111 11.83368708 8.12800378
v -9.56927111 11.83368708 8.14418229
v -9.56927111 11.83368708 8.1603608
v -9.56927111 11.83368708 8.17653931
v -9.56927111 13.33853214 8.11182528
v -9.56927111 13.33853214 8.12800378
v -9.56927111 13.33853214 8.14418229
v -9.56927111 13.33853214 8.1603608
v -9.56927111 13.33853214 8.17653931
v -8.75896992 0.08066122 8.14456126
v -8.75896992 0.08066122 8.16059987
v -8.75896992 0.08066122 8.17663848
v -8.75896992 0.08066122 8.19267709
v -8.75896992 0.08066122 8.2087157
v -7.94866874 0.0979665 8.23888771
v -7.94866874 0.0979665 8.25452321
v -7.94866874 0.0979665 8.27015872
v -7.94866874 0.0979665 8.28579422
v -7.94866874 0.0979665 8.30142973
v -7.13836756 0.12528744 8.38780675
v -7.13836756 0.12528744 8.40280585
v -7.13836756 0.12528744 8.41780495
v -7.13836756 0.12528744 8.43280405
v -7.13836756 0.12528744 8.44780315
v -8.48886953 3.21128532 7.88532293
v -6.17372329 0.12442368 7.88532293
v -6.32806638 0.16078976 8.58132029
v -6.32806638 0.16078976 8.59549241
v -6.32806638 0.16078976 8.60966453
v -6.32806638 0.16078976 8.62383665
v -6.32806638 0.16078976 8.63800877
v -6.32806638 0.87060087 8.58132029
v -6.32806638 0.87060087 8.59549241
v -6.32806638 0.87060087 8.60966453
v -6.32806638 0.87060087 8.62383665
v -5.98079444 0.86774122 8.67484357
v -6.32806638 1.58041199 8.58132029
v -6.32806638 1.58041199 8.59549241
v -6.32806638 1.58041199 8.60966453
v -5.98079444 1.55753474 8.67484357
v -6.32806638 2.2902231 8.58132029
v -6.32806638 2.2902231 8.59549241
v -5.98079444 2.24732826 8.67484357
v -5.28625057 0.30709296 8.87501611
v -4.93897864 0.94766589 8.97927646
v -5.63352251 1.53349146 8.77313363
v -5.63352251 2.20224711 8.77313363
v -5.28625057 2.15551828 8.87501611
v -6.30645835 3.90715349 7.95329985
v -6.32806638 3.00003421 8.58132029
v -5.98079444 2.93712178 8.67484357
v -5.98079444 2.93712178 8.68861601
v -5.63352251 2.87100275 8.77313363
v -5.63352251 2.87100275 8.78648603
v -5.63352251 2.87100275 8.79983844
v -5.28625057 2.80246714 8.87501611
v -5.28625057 2.80246714 8.88793312
v -5.28625057 2.80246714 8.90085013
v -5.28625057 2.80246714 8.91376714
v -4.93897864 2.73233195 8.97927646
v -4.93897864 2.73233195 8.99174791
v -4.93897864 3.53543167 8.97927646
v -4.93897864 3.53543167 8.99174791
v -4.93897864 3.90715349 8.97927646
v -6.32806638 0.87060087 9.45999163
v -6.32806638 1.58041199 9.44581952
v -6.32806638 2.2902231 9.4316474
v -6.32806638 0.26219135 10.2819745
v -6.32806638 1.58041199 10.2819745
v -6.32806638 2.2902231 10.26780239
v -6.32806638 3.00003421 9.41747528
v -4.93897864 2.73233195 9.00421936
v -4.93897864 2.73233195 9.01669081
v -4.93897864 2.73233195 9.02916226
v -4.93897864 3.53543167 9.00421936
v -4.93897864 3.53543167 9.01669081
v -4.93897864 3.53543167 9.02916226
v -4.93897864 3.90715349 9.02916226
v -6.32806638 3.00003421 10.25363027
v -8.48886953 5.52643156 7.88532293
v -8.48886953 5.52643156 7.95329985
v -8.48886953 6.73806546 7.95329985
v -8.51047756 7.4564705 8.18925491
v -8.51047756 7.4564705 8.25264535
v -8.51047756 8.01001717 8.18925491
v -8.75896992 8.86904047 8.14456126
v -8.51047756 8.66583212 8.17222229
v -8.51047756 9.04370119 8.18072039
v -8.51047756 9.35483953 8.17348804
v -3.08686165 3.21128532 7.88532293
v -2.98808207 3.90715349 7.95329985
v -4.24443477 0.43803382 9.18995595
v -3.78140552 0.454917 9.32799442
v -4.5917067 1.54329442 9.08467392
v -4.12867745 1.50473059 9.22480792
v -3.31837627 0.47114788 9.46069966
v -2.6238324 1.52729139 9.64369329
v -3.20261896 2.38694757 10.12990345
v -4.24443477 2.59060937 9.87265152
v -3.31837627 2.40848201 9.46069966
v -3.31837627 2.40848201 9.502356
v -3.31837627 3.07909767 9.46069966
v -3.31837627 3.07909767 9.502356
v -3.31837627 3.74971333 9.46069966
v -3.31837627 3.74971333 9.502356
v -3.31837627 3.90715349 9.46069966
v -3.31837627 3.90715349 9.502356
v -2.98808207 3.90715349 9.53893161
v -2.98808207 3.90715349 9.57925066
v -3.89716283 2.52070531 9.96149406
v -3.54989089 2.45254878 10.04752783
v -4.24443477 2.59060937 10.55534709
v -1.81353122 0.64230935 9.82266791
v -1.69777391 2.15026995 9.84454804
v -1.69777391 2.15026995 9.87964288
v -1.58201659 2.13623339 10.40385559
v -0.30868616 0.76919929 10.02119864
v -1.00323004 1.42304689 9.95362525
v -0.07717154 2.0229012 10.03388966
v -0.07717154 2.0229012 10.06574789
v -1.69777391 2.71525341 9.84454804
v -1.69777391 2.71525341 9.87964288
v -1.69777391 3.28023686 9.84454804
v -1.69777391 3.28023686 9.87964288
v -1.69777391 3.84522031 9.84454804
v -1.69777391 3.84522031 9.87964288
v -1.69777391 4.41020377 9.84454804
v -1.69777391 4.41020377 9.85332175
v -1.69777391 4.41020377 9.86209546
v -1.69777391 4.41020377 9.87086917
v -1.69777391 4.41020377 9.87964288
v -0.07717154 2.53577925 10.03388966
v -0.07717154 2.53577925 10.06574789
v -0.07717154 3.04865731 10.03388966
v -0.07717154 3.04865731 10.06574789
v -0.07717154 3.56153536 10.03388966
v -0.07717154 3.56153536 10.06574789
v -0.07717154 4.07441341 10.03388966
v -0.07717154 4.07441341 10.04185422
v -0.07717154 4.07441341 10.04981878
v -0.07717154 4.07441341 10.05778334
v -0.07717154 4.07441341 10.06574789
v -2.98808207 7.22552976 7.95329985
v -2.98808207 4.95220318 9.53893161
v -2.98808207 4.95220318 9.57925066
v -4.44728734 9.11833607 9.12632866
v -4.44728734 9.11833607 9.17370075
v -3.54989089 9.59515463 9.39519165
v -3.54989089 9.59515463 9.40588569
v -3.54989089 9.59515463 9.41657973
v -3.54989089 9.59515463 9.42727376
v -3.54989089 9.59515463 9.4379678
v -6.32806638 0.97200246 11.10395737
v -6.32806638 2.2902231 11.10395737
v -6.32806638 0.36359294 11.92594024
v -6.32806638 1.68181357 11.92594024
v -5.17049326 0.58646963 11.92313472
v -5.17049326 1.77421241 11.92313472
v -6.32806638 3.00003421 11.08978526
v -6.32806638 3.00003421 11.92594024
v -6.30645835 3.90715349 12.15822135
v -5.17049326 2.6878607 11.92313472
v -8.51047756 6.76609429 11.59541781
v -6.30645835 7.22552976 12.15822135
v -4.01292014 0.76919929 11.92014416
v -4.01292014 1.57586011 11.92014416
v -4.01292014 2.38252093 11.92014416
v -2.85534702 0.69849567 11.91735941
v -3.08686165 2.2932117 11.91788167
v -2.85534702 1.4055318 11.91735941
v -2.85534702 2.11256792 11.91735941
v -4.24443477 2.59060937 11.23804266
v -4.24443477 2.59060937 11.92073823
v -2.98808207 3.90715349 12.15822135
v -2.16080315 2.21303874 10.83358963
v -1.81353122 2.16498856 10.87786639
v -1.46625928 2.12289732 10.91721703
v -2.16080315 2.21303874 11.37476529
v -0.07717154 2.0229012 11.44361626
v -1.69777391 0.01588802 11.91514343
v -1.69777391 0.64364741 11.91514343
v -1.69777391 0.01588802 12.42401856
v -1.69777391 0.64364741 12.42401856
v -2.16080315 2.21303874 11.91594095
v -1.92928853 2.05208162 11.91552587
v -1.69777391 1.2714068 11.91514343
v -1.69777391 1.89916619 11.91514343
v -1.69777391 1.2714068 12.42401856
v -1.69777391 1.89916619 12.42401856
v -1.00323004 2.0174538 11.91421114
v -0.77171541 1.82408671 11.91397751
v -0.77171541 1.88269157 11.91397751
v -0.07717154 2.0229012 11.91352512
v -0.19292885 1.79810242 12.37693555
v -1.69777391 0.01588802 12.9328937
v -1.69777391 0.64364741 12.9328937
v -1.69777391 0.01588802 13.44176884
v -1.69777391 0.64364741 13.44176884
v -1.69777391 1.2714068 12.9328937
v -1.69777391 1.89916619 12.9328937
v -1.69777391 1.2714068 13.44176884
v -1.69777391 1.89916619 13.44176884
v -0.19292885 1.79810242 12.8402971
v -0.19292885 1.79810242 13.30365865
v -1.69777391 0.01588802 13.95064398
v -1.69777391 0.64364741 13.95064398
v -1.69777391 1.2714068 13.95064398
v -1.69777391 1.89916619 13.95064398
v -0.19292885 0.08326387 13.76702021
v -0.19292885 0.65487672 13.76702021
v -0.19292885 1.22648957 13.76702021
v -0.19292885 1.79810242 13.76702021
v -2.98808207 7.22552976 12.15822135
v -8.48886953 10.08447056 7.95329985
v -8.75896992 10.36087296 8.14456126
v -8.51047756 10.08447056 8.17348804
v -8.51047756 10.08447056 8.25264535
v -8.13726206 10.08447056 8.21693373
v -8.75896992 11.85270545 8.14456126
v -8.06442605 10.08447056 8.28470752
v -8.06442605 10.43652122 8.28470752
v -7.94866874 10.45316783 8.23888771
v -7.46220081 10.08447056 8.32619399
v -7.17159678 10.08447056 8.38267096
v -7.04093729 10.08447056 8.41685739
v -8.06442605 11.8976216 8.28470752
v -7.94866874 11.90750553 8.23888771
v -7.25412487 11.33155786 8.42394859
v -7.13836756 11.45742862 8.44780315
v -7.13836756 11.99402183 8.38780675
v -8.48886953 12.47187027 7.95329985
v -8.75896992 12.65599986 8.2087157
v -8.75896992 13.34453793 8.14456126
v -8.75896992 13.34453793 8.16059987
v -8.75896992 13.34453793 8.17663848
v -8.75896992 13.34453793 8.19267709
v -8.75896992 13.34453793 8.2087157
v -7.94866874 12.01937766 8.30142973
v -7.94866874 12.69061044 8.30142973
v -7.13836756 12.10134047 8.44780315
v -7.13836756 12.74525232 8.44780315
v -7.94866874 13.36184322 8.23888771
v -7.94866874 13.36184322 8.25452321
v -7.94866874 13.36184322 8.27015872
v -7.94866874 13.36184322 8.28579422
v -7.94866874 13.36184322 8.30142973
v -7.13836756 13.38916416 8.38780675
v -7.13836756 13.38916416 8.40280585
v -7.13836756 13.38916416 8.41780495
v -7.13836756 13.38916416 8.43280405
v -7.13836756 13.38916416 8.44780315
v -5.19210129 10.08447056 7.95329985
v -6.559581 10.08447056 8.5798752
v -6.559581 10.73035446 8.5798752
v -6.24938912 10.08447056 8.60552753
v -5.81644129 10.08447056 8.73065122
v -6.44382369 10.86126641 8.60860057
v -6.44382369 11.47516504 8.55140065
v -6.32806638 10.99102838 8.63800877
v -6.32806638 11.59943791 8.63800877
v -5.28213007 10.08447056 8.93211691
v -5.25710548 10.08447056 8.9362735
v -5.74927982 10.36408738 8.79388967
v -5.63352251 10.49822472 8.82654324
v -5.14144372 10.01876015 8.96973393
v -5.13459492 10.00987624 8.97279795
v -5.19210129 10.08447056 8.90579944
v -5.19210129 10.08447056 8.95593686
v -5.05473595 9.90628727 8.94433501
v -5.05473595 9.90628727 8.9948181
v -5.05473595 9.96949925 8.9948181
v -5.05473595 10.05980096 8.94433501
v -5.05473595 10.6919129 8.94433501
v -5.74927982 11.03995371 8.73991216
v -5.63352251 11.16698037 8.82654324
v -6.32806638 12.20784743 8.63800877
v -6.32806638 12.81625696 8.63800877
v -6.32806638 13.42466648 8.58132029
v -6.32806638 13.42466648 8.59549241
v -6.32806638 13.42466648 8.60966453
v -6.32806638 13.42466648 8.62383665
v -6.32806638 13.42466648 8.63800877
v -6.32806638 14.13447759 8.58132029
v -6.32806638 14.13447759 8.59549241
v -6.32806638 14.13447759 8.60966453
v -6.32806638 14.13447759 8.62383665
v -5.98079444 14.13161794 8.67484357
v -5.63352251 12.88663775 8.77313363
v -4.93897864 12.42687656 8.97927646
v -5.28625057 13.57096968 8.87501611
v -4.93897864 14.21154261 8.97927646
v -6.32806638 10.99102838 9.45999163
v -6.32806638 11.59943791 9.45999163
v -4.93897864 10.10681068 9.02916226
v -4.93897864 10.7314438 9.02916226
v -4.93897864 11.35607692 9.02916226
v -5.63352251 11.16698037 9.60098264
v -4.93897864 11.35607692 9.75250642
v -6.32806638 10.99102838 10.2819745
v -6.32806638 11.59943791 10.2819745
v -5.63352251 11.16698037 10.37542203
v -4.93897864 11.35607692 10.47585059
v -6.32806638 12.20784743 9.45999163
v -6.32806638 12.81625696 9.45999163
v -6.32806638 14.13447759 9.45999163
v -6.32806638 12.20784743 10.2819745
v -6.32806638 13.52606807 10.2819745
v -6.32806638 14.84428871 8.58132029
v -6.32806638 14.84428871 8.59549241
v -6.32806638 14.84428871 8.60966453
v -5.98079444 14.82141146 8.67484357
v -6.32806638 15.55409982 8.58132029
v -6.32806638 15.55409982 8.59549241
v -5.98079444 15.51120498 8.67484357
v -5.98079444 16.20099849 8.67484357
v -5.98079444 16.20099849 8.68861601
v -6.32806638 16.26391093 8.58132029
v -5.63352251 14.79736818 8.77313363
v -5.63352251 15.46612382 8.77313363
v -5.28625057 15.419395 8.87501611
v -5.63352251 16.13487947 8.77313363
v -5.63352251 16.13487947 8.78648603
v -5.63352251 16.13487947 8.79983844
v -5.28625057 16.06634386 8.87501611
v -5.28625057 16.06634386 8.88793312
v -5.28625057 16.06634386 8.90085013
v -5.28625057 16.06634386 8.91376714
v -4.93897864 15.99620867 8.97927646
v -4.93897864 15.99620867 8.99174791
v -4.93897864 16.79930839 8.97927646
v -4.93897864 16.79930839 8.99174791
v -4.93897864 17.60240812 8.97927646
v -4.93897864 17.60240812 8.99174791
v -4.93897864 18.40550784 8.97927646
v -4.93897864 18.40550784 8.99174791
v -4.93897864 19.20860757 8.97927646
v -4.93897864 19.20860757 8.99174791
v -6.32806638 14.84428871 9.44581952
v -6.32806638 15.55409982 9.4316474
v -6.32806638 16.26391093 9.41747528
v -4.93897864 15.99620867 9.00421936
v -4.93897864 15.99620867 9.01669081
v -4.93897864 15.99620867 9.02916226
v -4.93897864 16.79930839 9.00421936
v -4.93897864 16.79930839 9.01669081
v -4.93897864 16.79930839 9.02916226
v -6.32806638 14.84428871 10.2819745
v -6.32806638 15.55409982 10.26780239
v -6.32806638 16.26391093 10.25363027
v -4.93897864 17.60240812 9.00421936
v -4.93897864 17.60240812 9.01669081
v -4.93897864 17.60240812 9.02916226
v -4.93897864 18.40550784 9.00421936
v -4.93897864 18.40550784 9.01669081
v -4.93897864 18.40550784 9.02916226
v -4.93897864 19.20860757 9.00421936
v -4.93897864 19.20860757 9.01669081
v -4.93897864 19.20860757 9.02916226
v -4.24443477 9.81071628 9.23624039
v -4.24443477 10.39025585 9.23624039
v -3.54989089 10.13076583 9.39519165
v -3.54989089 10.13076583 9.40588569
v -3.54989089 10.13076583 9.41657973
v -3.54989089 10.13076583 9.42727376
v -3.54989089 10.13076583 9.4379678
v -3.54989089 10.66637703 9.39519165
v -3.54989089 10.66637703 9.40588569
v -3.54989089 10.66637703 9.41657973
v -3.54989089 10.66637703 9.42727376
v -3.54989089 10.66637703 9.4379678
v -4.24443477 10.96979542 9.23624039
v -4.24443477 11.54933499 9.23624039
v -3.54989089 11.20198823 9.39519165
v -3.54989089 11.20198823 9.40588569
v -3.54989089 11.20198823 9.41657973
v -3.54989089 11.20198823 9.42727376
v -3.54989089 11.20198823 9.4379678
v -3.54989089 11.73759943 9.39519165
v -3.54989089 11.73759943 9.40588569
v -3.54989089 11.73759943 9.41657973
v -3.54989089 11.73759943 9.42727376
v -3.54989089 11.73759943 9.4379678
v -3.08686165 11.85591541 9.52417334
v -3.08686165 11.85591541 9.53431617
v -3.08686165 11.85591541 9.544459
v -3.08686165 11.85591541 9.55460183
v -3.08686165 11.85591541 9.56474466
v -2.6238324 11.96555208 9.64369329
v -2.6238324 11.96555208 9.65332536
v -2.6238324 11.96555208 9.66295742
v -2.6238324 11.96555208 9.67258948
v -2.6238324 11.96555208 9.68222154
v -4.24443477 11.54933499 9.90736485
v -3.78140552 11.67595884 10.00882903
v -4.47594939 11.4850195 10.54433156
v -4.01292014 11.61309355 10.61235127
v -3.31837627 11.79769047 10.10637305
v -2.85534702 11.91196764 10.19794378
v -4.24443477 12.04608319 9.18995595
v -4.5917067 13.08695974 9.08467392
v -3.89716283 12.67963953 9.2938727
v -4.24443477 13.70191054 9.18995595
v -3.78140552 13.71879372 9.32799442
v -3.43413358 12.74945283 9.42817861
v -2.97110434 12.81539765 9.55504238
v -2.50807509 12.87608671 9.67179519
v -3.31837627 13.7350246 9.46069966
v -1.69777391 10.89427904 9.84454804
v -1.69777391 10.89427904 9.85332175
v -1.69777391 10.89427904 9.86209546
v -1.69777391 10.89427904 9.87086917
v -1.69777391 10.89427904 9.87964288
v -1.69777391 11.20815874 9.84454804
v -1.69777391 11.20815874 9.85332175
v -1.69777391 11.20815874 9.86209546
v -1.69777391 11.20815874 9.87086917
v -1.69777391 11.20815874 9.87964288
v -1.69777391 11.52203843 9.84454804
v -1.69777391 11.52203843 9.85332175
v -1.69777391 11.52203843 9.86209546
v -1.69777391 11.52203843 9.87086917
v -1.69777391 11.52203843 9.87964288
v -1.69777391 11.83591813 9.84454804
v -1.69777391 11.83591813 9.85332175
v -1.69777391 11.83591813 9.86209546
v -1.69777391 11.83591813 9.87086917
v -1.69777391 11.83591813 9.87964288
v -0.19292885 11.17501175 10.02817181
v -0.19292885 11.17501175 10.0361608
v -0.19292885 11.17501175 10.04414979
v -0.19292885 11.17501175 10.05213878
v -0.19292885 11.17501175 10.06012778
v -0.19292885 11.46081818 10.06012778
v -0.19292885 11.57514075 10.02817181
v -0.19292885 11.7466246 10.06012778
v -0.19292885 11.86094717 10.02817181
v -2.16080315 12.06420402 9.75123831
v -2.16080315 12.06420402 9.76041077
v -2.16080315 12.06420402 9.76958324
v -2.16080315 12.06420402 9.77875571
v -2.16080315 12.06420402 9.78792818
v -1.69777391 12.14979783 9.84454804
v -1.69777391 12.14979783 9.85332175
v -1.69777391 12.14979783 9.86209546
v -1.69777391 12.14979783 9.87086917
v -1.69777391 12.14979783 9.87964288
v -1.81353122 13.90618607 9.82266791
v -1.00323004 13.14146564 9.95362525
v -0.54020079 12.29562844 10.03590197
v -0.19292885 12.03243103 10.06012778
v -0.19292885 12.1467536 10.02817181
v -0.19292885 12.43256002 10.02817181
v -0.54020079 12.29562844 10.50537264
v -0.30868616 14.03307601 10.02119864
v -4.5917067 14.80717114 9.08467392
v -4.12867745 14.76860731 9.22480792
v -4.24443477 15.85448608 9.87265152
v -2.6238324 14.79116811 9.64369329
v -3.31837627 15.67235873 9.46069966
v -3.31837627 15.67235873 9.502356
v -3.31837627 16.34297439 9.46069966
v -3.31837627 16.34297439 9.502356
v -3.89716283 15.78458203 9.96149406
v -3.54989089 15.71642549 10.04752783
v -4.24443477 15.85448608 10.55534709
v -3.20261896 15.65082429 10.12990345
v -3.31837627 17.01359005 9.46069966
v -3.31837627 17.01359005 9.502356
v -3.31837627 17.68420571 9.46069966
v -3.31837627 17.68420571 9.502356
v -3.31837627 18.35482137 9.46069966
v -3.31837627 18.35482137 9.47111374
v -3.31837627 18.35482137 9.48152783
v -3.31837627 18.35482137 9.49194192
v -3.31837627 18.35482137 9.502356
v -1.69777391 15.41414667 9.84454804
v -1.69777391 15.41414667 9.87964288
v -1.69777391 15.97913013 9.84454804
v -1.69777391 15.97913013 9.87964288
v -1.69777391 16.54411358 9.84454804
v -1.69777391 16.54411358 9.87964288
v -1.58201659 15.40011011 10.40385559
v -1.00323004 14.68692361 9.95362525
v -0.07717154 15.28677792 10.03388966
v -0.07717154 15.28677792 10.06574789
v -0.07717154 15.79965597 10.03388966
v -0.07717154 15.79965597 10.06574789
v -0.07717154 16.31253402 10.03388966
v -0.07717154 16.31253402 10.06574789
v -1.69777391 17.10909703 9.84454804
v -1.69777391 17.10909703 9.87964288
v -1.69777391 17.67408049 9.84454804
v -1.69777391 17.67408049 9.85332175
v -1.69777391 17.67408049 9.86209546
v -1.69777391 17.67408049 9.87086917
v -1.69777391 17.67408049 9.87964288
v -0.07717154 16.82541208 10.03388966
v -0.07717154 16.82541208 10.06574789
v -0.07717154 17.33829013 10.03388966
v -0.07717154 17.33829013 10.04185422
v -0.07717154 17.33829013 10.04981878
v -0.07717154 17.33829013 10.05778334
v -0.07717154 17.33829013 10.06574789
v -8.51047756 10.08447056 11.59541781
v -6.32806638 10.99102838 11.10395737
v -6.32806638 11.59943791 11.10395737
v -5.19210129 10.08447056 11.59541781
v -5.63352251 11.16698037 11.14986142
v -5.17049326 11.29213114 11.18251196
v -6.32806638 10.99102838 11.92594024
v -5.17049326 11.47486079 11.92313472
v -6.32806638 12.91765854 11.10395737
v -6.32806638 14.23587918 11.10395737
v -6.32806638 12.30924902 11.92594024
v -6.32806638 13.62746966 11.92594024
v -5.17049326 12.66260357 11.92313472
v -5.17049326 13.85034635 11.92313472
v -6.32806638 15.55409982 11.10395737
v -6.32806638 16.26391093 11.08978526
v -6.32806638 14.94569029 11.92594024
v -6.32806638 16.26391093 11.92594024
v -5.17049326 15.03808913 11.92313472
v -5.17049326 15.95173742 11.92313472
v -2.85534702 11.91196764 11.34422086
v -4.01292014 11.61309355 11.92014416
v -4.01292014 11.93575788 11.92014416
v -4.01292014 12.98441694 11.92014416
v -4.01292014 14.03307601 11.92014416
v -2.85534702 12.05337487 11.91735941
v -2.85534702 12.33618932 11.91735941
v -2.85534702 13.25533627 11.91735941
v -2.85534702 13.96237239 11.91735941
v -1.69777391 12.14979783 10.89739315
v -0.54020079 12.29562844 11.44431398
v -1.69777391 12.14979783 11.91514343
v -1.69777391 12.40090158 11.91514343
v -1.69777391 12.65200534 11.91514343
v -1.69777391 12.65200534 12.42401856
v -1.69777391 13.27976473 11.91514343
v -1.69777391 13.90752413 11.91514343
v -1.69777391 13.27976473 12.42401856
v -1.69777391 13.90752413 12.42401856
v -0.54020079 12.41145828 11.91378465
v -0.54020079 12.64311795 11.91378465
v -0.54020079 12.75894779 11.91378465
v -0.54020079 12.75894779 12.38325532
v -1.69777391 12.65200534 12.9328937
v -1.69777391 12.65200534 13.44176884
v -1.69777391 13.27976473 12.9328937
v -1.69777391 13.90752413 12.9328937
v -1.69777391 13.27976473 13.44176884
v -1.69777391 13.90752413 13.44176884
v -0.54020079 12.75894779 12.85272599
v -0.54020079 12.75894779 13.32219666
v -0.19292885 12.77552773 13.28768067
v -1.69777391 12.65200534 13.95064398
v -1.69777391 13.27976473 13.95064398
v -1.69777391 13.90752413 13.95064398
v -0.19292885 12.77552773 13.76702021
v -0.19292885 13.34714059 13.76702021
v -0.19292885 13.91875344 13.76702021
v -4.24443477 15.85448608 11.23804266
v -4.01292014 14.83973683 11.92014416
v -4.24443477 15.85448608 11.92073823
v -4.01292014 15.64639765 11.92014416
v -3.08686165 15.55708842 11.91788167
v -2.85534702 14.66940852 11.91735941
v -2.85534702 15.37644464 11.91735941
v -2.16080315 15.47691546 10.83358963
v -1.81353122 15.42886528 10.87786639
v -1.46625928 15.38677404 10.91721703
v -2.16080315 15.47691546 11.37476529
v -0.07717154 15.28677792 11.44361626
v -2.16080315 15.47691546 11.91594095
v -1.92928853 15.31595834 11.91552587
v -1.69777391 14.53528352 11.91514343
v -1.69777391 15.16304291 11.91514343
v -1.69777391 14.53528352 12.42401856
v -1.69777391 15.16304291 12.42401856
v -1.00323004 15.28133052 11.91421114
v -0.77171541 15.08796343 11.91397751
v -0.77171541 15.14656829 11.91397751
v -0.07717154 15.28677792 11.91352512
v -0.19292885 15.06197914 12.37693555
v -1.69777391 14.53528352 12.9328937
v -1.69777391 15.16304291 12.9328937
v -1.69777391 14.53528352 13.44176884
v -1.69777391 15.16304291 13.44176884
v -0.19292885 15.06197914 12.8402971
v -0.19292885 15.06197914 13.30365865
v -1.69777391 14.53528352 13.95064398
v -1.69777391 15.16304291 13.95064398
v -0.19292885 14.49036629 13.76702021
v -0.19292885 15.06197914 13.76702021
v 1.54343082 -12.22302291 0
v 1.54343082 -12.22302291 4.07861531
v 1.54343082 -6.82101503 0
v 1.54343082 -8.36444585 3.94266147
v 1.54343082 -8.36444585 4.07861531
v 1.54343082 -6.82101503 3.94266147
v 6.94543871 -8.36444585 3.94266147
v 6.94543871 -6.82101503 3.94266147
v 6.94543871 -6.82101503 4.07861531
v 6.94543871 -2.96243797 4.07861531
v 18.52116988 -6.82101503 0
v 18.52116988 -6.82101503 4.07861531
v 16.97773906 -2.96243797 4.07861531
v 0.96464426 -14.49532241 10.06012778
v 1.3119162 -15.39042338 10.00352468
v 1.3119162 -15.39042338 10.01161901
v 1.3119162 -15.39042338 10.01971333
v 1.3119162 -15.39042338 10.02780765
v 1.3119162 -15.39042338 10.03590197
v 1.3119162 -15.10084878 10.03590197
v 1.3119162 -14.98501894 10.00352468
v 1.3119162 -14.81127419 10.03590197
v 1.3119162 -14.57961451 10.00352468
v 2.12221738 -14.62821381 9.93807528
v 2.81676125 -15.73830089 9.77598234
v 2.81676125 -15.73830089 9.78504906
v 2.81676125 -15.73830089 9.79411579
v 2.81676125 -15.73830089 9.80318251
v 2.81676125 -15.73830089 9.81224924
v 2.81676125 -15.41393854 9.81224924
v 2.81676125 -15.28419361 9.77598234
v 2.46948932 -15.00571501 9.87964288
v 2.81676125 -14.83008632 9.77598234
v 2.93251857 -14.46354942 9.78792818
v 3.2797905 -14.87671422 9.70984307
v 4.32160631 -16.32047172 9.39519165
v 4.32160631 -16.32047172 9.40588569
v 4.32160631 -16.32047172 9.41657973
v 4.32160631 -16.32047172 9.42727376
v 4.32160631 -16.32047172 9.4379678
v 4.32160631 -15.78486052 9.39519165
v 4.32160631 -15.78486052 9.40588569
v 4.32160631 -15.78486052 9.41657973
v 4.32160631 -15.78486052 9.42727376
v 4.32160631 -15.78486052 9.4379678
v 3.97433437 -15.80370801 9.53382108
v 4.32160631 -15.24924932 9.39519165
v 4.32160631 -15.24924932 9.40588569
v 4.32160631 -15.24924932 9.41657973
v 4.32160631 -15.24924932 9.42727376
v 4.32160631 -15.24924932 9.4379678
v 4.32160631 -14.71363812 9.39519165
v 4.32160631 -14.71363812 9.40588569
v 4.32160631 -14.71363812 9.41657973
v 4.32160631 -14.71363812 9.42727376
v 4.32160631 -14.71363812 9.4379678
v 3.62706244 -15.32282192 9.62480524
v 3.97433437 -15.28896992 9.53382108
v 3.62706244 -14.82789663 9.62480524
v 3.97433437 -14.77423183 9.53382108
v 2.93251857 -14.46354942 10.31993137
v 0.50161502 -13.23170322 10.04344455
v 0.61737233 -14.19726143 10.07325866
v 0.61737233 -14.19726143 10.53330895
v 1.3119162 -14.29003992 10.00352468
v 1.3119162 -14.00046532 10.00352468
v 1.77494545 -14.27789817 9.98685552
v 1.77494545 -14.27789817 10.46869443
v 1.3119162 -12.49467743 10.00352468
v 2.00646007 -13.15927574 9.92166207
v 2.23797469 -11.81782841 9.88523917
v 0.61737233 -11.87039663 10.04153106
v 0.03858577 -11.24397239 10.53096684
v 1.54343082 -11.20537058 9.98096069
v 1.54343082 -11.20537058 9.98915144
v 1.54343082 -11.20537058 9.99734219
v 1.54343082 -11.20537058 10.00553294
v 1.65918814 -11.19657197 9.967881
v 1.65918814 -11.19657197 9.97612765
v 1.65918814 -11.19657197 9.98437429
v 1.65918814 -11.19657197 9.99262094
v 1.54343082 -11.20537058 10.01372369
v 1.77494545 -11.18698223 9.95362525
v 1.77494545 -11.18698223 9.96193282
v 1.77494545 -11.18698223 9.97024039
v 1.89070276 -11.17661397 9.93821219
v 1.89070276 -11.17661397 9.94658562
v 2.00646007 -11.16548082 9.92166207
v 1.65918814 -11.19657197 10.47917301
v 1.77494545 -11.18698223 10.46038686
v 1.89070276 -11.17661397 10.4406183
v 2.00646007 -11.16548082 10.41986764
v 1.54343082 -10.67792687 9.98096069
v 1.54343082 -10.67792687 9.98915144
v 1.54343082 -10.67792687 9.99734219
v 1.54343082 -10.67792687 10.00553294
v 1.54343082 -10.67792687 10.01372369
v 1.54343082 -10.15048315 9.98096069
v 1.54343082 -10.15048315 9.98915144
v 1.54343082 -10.15048315 9.99734219
v 1.54343082 -10.15048315 10.00553294
v 1.54343082 -10.15048315 10.01372369
v 1.54343082 -9.62303944 9.98096069
v 1.54343082 -9.62303944 9.98915144
v 1.54343082 -9.62303944 9.99734219
v 1.54343082 -9.62303944 10.00553294
v 1.54343082 -9.62303944 10.01372369
v 2.00646007 -10.80297266 9.92166207
v 2.00646007 -10.44046449 9.92166207
v 2.00646007 -10.07795632 9.92166207
v 2.00646007 -9.71544816 9.92166207
v 2.00646007 -10.80297266 10.41986764
v 2.00646007 -10.44046449 10.41986764
v 2.00646007 -10.07795632 10.41986764
v 2.00646007 -9.71544816 10.41986764
v 2.81676125 -14.37597904 9.77598234
v 2.81676125 -14.05161669 9.77598234
v 2.93251857 -14.00414595 9.78792818
v 3.2797905 -14.40030686 9.70984307
v 3.2797905 -13.92389951 9.70984307
v 2.93251857 -13.54474249 9.78792818
v 3.2797905 -13.44749215 9.70984307
v 2.93251857 -13.08533903 9.78792818
v 2.93251857 -12.62593556 9.78792818
v 3.2797905 -12.97108479 9.70984307
v 3.2797905 -12.63079382 9.70984307
v 2.93251857 -12.49467743 9.75123831
v 3.04827588 -12.49467743 9.7256031
v 3.16403319 -12.49467743 9.69911044
v 4.32160631 -14.17802692 9.39519165
v 4.32160631 -14.17802692 9.40588569
v 4.32160631 -14.17802692 9.41657973
v 4.32160631 -14.17802692 9.42727376
v 4.32160631 -14.17802692 9.4379678
v 4.32160631 -13.79544749 9.4379678
v 4.32160631 -13.41286806 9.4379678
v 3.62706244 -14.33297135 9.62480524
v 3.62706244 -13.83804606 9.62480524
v 3.97433437 -14.25949374 9.53382108
v 3.74281975 -13.28258696 9.55504238
v 3.62706244 -13.27241717 9.58527844
v 3.62706244 -13.34312078 9.62480524
v 3.97433437 -13.74475565 9.53382108
v 3.97433437 -13.37708559 9.53382108
v 4.32160631 -13.03028863 9.4379678
v 4.32160631 -12.6477092 9.4379678
v 3.62706244 -12.98960272 9.62480524
v 3.62706244 -12.63608466 9.62480524
v 3.97433437 -13.00941552 9.53382108
v 3.97433437 -12.64174546 9.53382108
v 2.93251857 -14.33229128 10.30158643
v 2.93251857 -14.00414595 10.30158643
v 2.93251857 -13.54474249 10.30158643
v 2.93251857 -13.08533903 10.30158643
v 2.93251857 -12.62593556 10.30158643
v 3.2797905 -12.63079382 10.24251335
v 3.2797905 -12.63079382 10.77518363
v 3.97433437 -12.64174546 10.10934889
v 3.62706244 -12.63608466 10.17818038
v 4.32160631 -12.6477092 10.0368338
v 3.62706244 -12.63608466 10.73155553
v 3.97433437 -12.64174546 10.6848767
v 4.32160631 -12.6477092 10.6356998
v 2.35373201 -11.81116038 9.86541427
v 2.58524663 -11.7967828 9.82266791
v 2.46948932 -11.8041421 9.84454804
v 3.39554781 -10.77174082 9.64369329
v 3.39554781 -10.35823604 9.64369329
v 3.39554781 -9.94473125 9.64369329
v 4.09009168 -11.67503607 9.46069966
v 4.09009168 -10.63185615 9.46069966
v 5.82645136 -14.48131496 8.94433501
v 5.82645136 -14.48131496 8.95695578
v 5.82645136 -14.48131496 8.96957656
v 5.82645136 -14.48131496 8.98219733
v 5.82645136 -14.48131496 8.9948181
v 7.33129641 -14.7652985 8.52217571
v 7.33129641 -14.7652985 8.53660058
v 7.33129641 -14.7652985 8.55102545
v 7.33129641 -14.7652985 8.56545033
v 7.33129641 -14.7652985 8.5798752
v 8.83614147 -14.96730885 8.22187468
v 8.83614147 -14.96730885 8.23758289
v 8.83614147 -14.96730885 8.2532911
v 8.83614147 -14.96730885 8.26899931
v 8.83614147 -14.96730885 8.28470752
v 5.94220867 -13.59105538 8.96064365
v 6.63675254 -14.15310528 8.7616721
v 6.75250985 -13.57863868 8.67484357
v 5.94220867 -13.13423124 8.96064365
v 5.94220867 -12.67740709 8.96064365
v 6.17372329 -12.49467743 8.84073042
v 6.75250985 -13.18447095 8.72993335
v 6.75250985 -12.69176129 8.72993335
v 6.17372329 -11.18610279 8.84073042
v 6.17372329 -9.87752814 8.84073042
v 7.44705372 -13.74365208 8.55187107
v 7.56281104 -12.70453501 8.52462572
v 8.1415976 -14.34383267 8.40102537
v 8.25735491 -13.6987045 8.31787286
v 8.25735491 -13.26087647 8.37906471
v 8.95189878 -13.84920837 8.26910929
v 8.25735491 -12.16630641 8.31787286
v 8.95189878 -12.26892228 8.26910929
v 7.56281104 -11.76017591 8.52462572
v 7.56281104 -10.81581681 8.52462572
v 7.56281104 -9.87145771 8.52462572
v 8.25735491 -11.72847839 8.37906471
v 8.25735491 -10.63390833 8.31787286
v 8.25735491 -10.74336534 8.37906471
v 8.25735491 -9.75825229 8.37906471
v 8.95189878 -10.68863618 8.26910929
v 8.95189878 -9.67273798 8.26910929
v 5.13190749 -13.92032594 9.20183493
v 5.13190749 -13.50101756 9.20183493
v 5.2476648 -13.42896482 9.11984267
v 5.13190749 -13.08170917 9.20183493
v 5.13190749 -12.66240079 9.20183493
v 4.66887824 -12.49467743 9.2938727
v 5.13190749 -12.66240079 9.88163555
v 5.94220867 -12.67740709 9.70126642
v 6.75250985 -12.69176129 9.52873524
v 5.13190749 -12.66240079 10.53799477
v 6.75250985 -12.69176129 10.32753713
v 5.94220867 -12.67740709 10.44188919
v 4.78463555 -10.23602714 9.25946208
v 4.78463555 -9.75203065 9.25946208
v 5.47917942 -10.05626058 9.04949232
v 7.56281104 -12.70453501 9.37520083
v 7.56281104 -12.70453501 10.22577595
v 7.56281104 -11.76017591 9.37520083
v 7.56281104 -10.81581681 9.37520083
v 7.56281104 -9.87145771 9.37520083
v 7.56281104 -11.76017591 10.22577595
v 7.56281104 -10.81581681 10.22577595
v 7.56281104 -10.50103044 10.21111086
v 7.56281104 -10.18624407 10.19644577
v 2.93251857 -14.46354942 10.85193456
v 2.93251857 -14.46354942 11.38393775
v 2.93251857 -14.46354942 11.91594095
v 0.61737233 -14.19726143 10.99335924
v 1.77494545 -14.27789817 10.95053333
v 1.77494545 -14.27789817 11.43237224
v 0.61737233 -14.19726143 11.91345981
v 0.61737233 -13.97025023 11.91345981
v 0.61737233 -13.85674463 11.91345981
v 0.61737233 -13.74323903 11.91345981
v 0.61737233 -13.74323903 12.3735101
v 1.77494545 -14.15901678 11.91421114
v 1.77494545 -14.0401354 11.91421114
v 1.77494545 -13.92125402 11.91421114
v 1.77494545 -13.80237264 11.91421114
v 2.12221738 -13.83575744 12.39173602
v 1.77494545 -13.80237264 12.39605005
v 0.15434308 -11.24611583 10.99335924
v 0.27010039 -11.24740302 11.45386745
v 1.77494545 -11.18698223 10.95053333
v 1.89070276 -11.17661397 10.93465097
v 2.00646007 -11.16548082 10.9180732
v 2.00646007 -11.16548082 11.41627877
v 1.89070276 -11.17661397 11.42868364
v 2.00646007 -10.80297266 10.9180732
v 2.00646007 -10.44046449 10.9180732
v 2.00646007 -10.07795632 10.9180732
v 2.00646007 -9.71544816 10.9180732
v 2.00646007 -10.80297266 11.41627877
v 2.00646007 -10.44046449 11.41627877
v 2.00646007 -10.07795632 11.41627877
v 2.00646007 -9.71544816 11.41627877
v 0.15434308 -11.47312703 11.91345981
v 0.15434308 -11.41637423 11.91345981
v 0.15434308 -11.35962143 11.91345981
v 1.08040158 -11.46193637 11.91363359
v 1.08040158 -11.40456187 11.91363359
v 1.08040158 -11.34718737 11.91363359
v 1.08040158 -11.28981286 11.91363359
v 0.73312964 -11.47137331 12.37432711
v 2.00646007 -11.40715293 11.91448433
v 2.00646007 -11.34673491 11.91448433
v 2.00646007 -11.28631688 11.91448433
v 2.00646007 -11.22589885 11.91448433
v 2.00646007 -11.16548082 11.91448433
v 1.65918814 -11.43259114 12.39239473
v 2.00646007 -10.80297266 11.91448433
v 2.00646007 -10.44046449 11.91448433
v 2.00646007 -10.07795632 11.91448433
v 2.00646007 -9.71544816 11.91448433
v 2.93251857 -14.33229128 10.83358963
v 2.93251857 -14.20103315 10.81524469
v 2.93251857 -13.87288782 10.81524469
v 2.93251857 -13.54474249 10.81524469
v 2.93251857 -14.20103315 11.34724788
v 2.93251857 -14.33229128 11.36559282
v 2.93251857 -14.06977502 11.32890294
v 2.93251857 -13.74162969 11.32890294
v 2.93251857 -13.41348436 11.32890294
v 2.93251857 -13.08533903 10.81524469
v 2.93251857 -12.62593556 10.81524469
v 2.93251857 -13.08533903 11.32890294
v 2.93251857 -12.62593556 11.32890294
v 3.2797905 -12.63079382 11.30785391
v 4.32160631 -12.6477092 11.23456579
v 3.62706244 -12.63608466 11.28493067
v 3.97433437 -12.64174546 11.26040451
v 2.93251857 -14.33229128 11.89759601
v 2.93251857 -14.33229128 11.91594095
v 2.93251857 -14.20103315 11.87925107
v 2.93251857 -14.20103315 11.89759601
v 2.93251857 -14.20103315 11.91594095
v 2.93251857 -14.06977502 11.86090613
v 2.93251857 -14.06977502 11.87925107
v 2.93251857 -14.06977502 11.89759601
v 2.93251857 -14.06977502 11.91594095
v 2.93251857 -13.93851689 11.84256119
v 2.93251857 -13.93851689 11.86090613
v 2.93251857 -13.93851689 11.87925107
v 2.93251857 -13.93851689 11.89759601
v 2.93251857 -13.93851689 11.91594095
v 3.2797905 -13.9919577 11.84052419
v 3.2797905 -13.9919577 11.85954813
v 3.2797905 -13.9919577 11.87857207
v 3.2797905 -13.9919577 11.89759601
v 2.93251857 -13.61037156 11.84256119
v 2.93251857 -13.28222623 11.84256119
v 3.2797905 -13.65166673 11.84052419
v 3.2797905 -13.31137576 11.84052419
v 2.46948932 -13.8757481 12.38892373
v 2.81676125 -13.92187175 12.38719916
v 2.93251857 -12.9540809 11.84256119
v 2.93251857 -12.62593556 11.84256119
v 3.2797905 -12.97108479 11.84052419
v 3.2797905 -12.63079382 11.84052419
v 3.62706244 -14.0501569 11.83830581
v 3.62706244 -14.0501569 11.85806921
v 3.62706244 -14.0501569 11.87783261
v 3.97433437 -14.11242571 11.83593231
v 3.97433437 -14.11242571 11.85648688
v 3.62706244 -13.69663884 11.83830581
v 3.62706244 -13.34312078 11.83830581
v 3.97433437 -13.74475565 11.83593231
v 3.97433437 -13.37708559 11.83593231
v 4.32160631 -14.17802692 11.83343179
v 4.32160631 -13.79544749 11.83343179
v 4.32160631 -13.79544749 11.85481987
v 4.32160631 -13.41286806 11.83343179
v 4.32160631 -13.41286806 11.85481987
v 4.32160631 -13.41286806 11.87620794
v 4.32160631 -14.17802692 12.47507394
v 4.32160631 -13.79544749 12.49646201
v 4.32160631 -13.41286806 12.51785008
v 3.62706244 -12.98960272 11.83830581
v 3.62706244 -12.63608466 11.83830581
v 3.97433437 -13.00941552 11.83593231
v 3.97433437 -12.64174546 11.83593231
v 4.32160631 -13.03028863 11.83343179
v 4.32160631 -13.03028863 11.85481987
v 4.32160631 -13.03028863 11.87620794
v 4.32160631 -13.03028863 11.89759601
v 4.32160631 -12.6477092 11.83343179
v 4.32160631 -12.6477092 11.85481987
v 4.32160631 -12.6477092 11.87620794
v 4.32160631 -12.6477092 11.89759601
v 4.32160631 -12.6477092 11.91898408
v 4.32160631 -12.26512977 11.91898408
v 4.32160631 -13.03028863 12.53923815
v 4.32160631 -12.6477092 12.53923815
v 4.32160631 -12.26512977 12.53923815
v 2.58524663 -11.35266803 11.91533044
v 2.58524663 -11.28922306 11.91533044
v 2.58524663 -11.22577809 11.91533044
v 2.58524663 -11.16233313 11.91533044
v 3.16403319 -11.28466385 11.91638648
v 3.16403319 -11.21744087 11.91638648
v 3.16403319 -11.15021789 11.91638648
v 2.58524663 -11.35266803 12.42962885
v 3.16403319 -11.28466385 12.46131026
v 2.58524663 -10.78166332 11.91533044
v 2.58524663 -10.40099352 11.91533044
v 2.58524663 -10.02032372 11.91533044
v 3.16403319 -10.74688003 11.91638648
v 3.16403319 -10.34354217 11.91638648
v 3.39554781 -10.15148364 11.91686013
v 3.74281975 -11.20537094 11.91761783
v 3.74281975 -11.1337428 11.91761783
v 4.32160631 -11.88255035 11.91898408
v 4.32160631 -11.49997092 11.91898408
v 4.32160631 -11.11739149 11.91898408
v 4.55312093 -10.92326599 11.91955841
v 3.74281975 -11.20537094 12.49825078
v 4.32160631 -11.88255035 12.53923815
v 4.32160631 -11.11739149 12.53923815
v 3.74281975 -10.70397397 11.91761783
v 3.97433437 -10.50925909 11.91815057
v 0.96464426 -13.7522257 12.82431912
v 0.61737233 -13.74323903 12.83356038
v 1.3119162 -13.76880565 12.8203487
v 1.3119162 -13.76880565 13.30600802
v 1.3119162 -13.76880565 13.79166733
v 1.3119162 -13.18965646 13.79166733
v 1.3119162 -12.61050727 13.79166733
v 1.3119162 -12.03135808 13.79166733
v 1.3119162 -11.45220889 12.85272599
v 2.23797469 -11.38710631 12.91237424
v 1.3119162 -11.45220889 13.32219666
v 1.3119162 -11.45220889 13.79166733
v 2.81676125 -13.92187175 12.93120267
v 2.81676125 -13.92187175 13.47520617
v 4.32160631 -14.17802692 13.11671608
v 4.32160631 -13.79544749 13.13810415
v 4.32160631 -13.41286806 13.15949222
v 4.32160631 -13.03028863 13.15949222
v 4.32160631 -12.6477092 13.15949222
v 2.81676125 -13.92187175 14.01920968
v 2.81676125 -13.27314706 14.01920968
v 2.81676125 -12.62442237 14.01920968
v 4.32160631 -14.17802692 13.75835822
v 4.32160631 -13.79544749 13.77974629
v 4.32160631 -13.41286806 13.77974629
v 4.32160631 -14.17802692 14.40000036
v 4.32160631 -13.41286806 14.40000036
v 4.32160631 -12.6477092 13.77974629
v 4.32160631 -12.6477092 14.40000036
v 3.16403319 -11.28466385 13.00623403
v 2.81676125 -11.32697299 13.49333962
v 3.74281975 -11.20537094 13.07888373
v 4.32160631 -11.88255035 13.15949222
v 4.32160631 -11.11739149 13.15949222
v 2.81676125 -11.97569768 14.01920968
v 2.81676125 -11.32697299 14.01920968
v 3.74281975 -11.20537094 13.65951668
v 4.32160631 -11.88255035 13.77974629
v 4.32160631 -11.11739149 13.77974629
v 4.32160631 -11.88255035 14.40000036
v 4.32160631 -11.11739149 14.40000036
v 5.13190749 -12.66240079 11.19435399
v 5.94220867 -12.67740709 11.15697324
v 6.75250985 -12.69176129 11.12633901
v 5.13190749 -12.66240079 11.85071321
v 5.13190749 -12.66240079 11.87415461
v 5.13190749 -12.66240079 11.89759601
v 5.13190749 -12.66240079 11.92103741
v 5.13190749 -12.2430924 11.92103741
v 5.94220867 -12.67740709 11.87205729
v 5.94220867 -12.67740709 11.89759601
v 5.94220867 -12.67740709 11.92313472
v 5.94220867 -12.22058295 11.92313472
v 6.75250985 -12.69176129 11.89759601
v 6.75250985 -12.69176129 11.9251409
v 6.75250985 -12.19905164 11.9251409
v 5.13190749 -11.82378402 11.92103741
v 5.13190749 -11.40447563 11.92103741
v 5.36342211 -11.20451888 11.92163808
v 4.78463555 -10.72002363 11.92014416
v 4.78463555 -9.75203065 11.92014416
v 5.94220867 -11.7637588 11.92313472
v 6.17372329 -11.55998126 11.92372306
v 6.17372329 -10.43834585 11.92372306
v 7.56281104 -12.70453501 11.07635107
v 7.56281104 -12.70453501 11.92692618
v 7.56281104 -11.76017591 11.07635107
v 7.56281104 -11.44538954 11.06168598
v 7.56281104 -10.18624407 11.06168598
v 7.56281104 -11.44538954 11.92692618
v 7.56281104 -10.18624407 11.92692618
v 1.54343082 -9.09559573 9.98096069
v 1.54343082 -9.09559573 9.98915144
v 1.54343082 -9.09559573 9.99734219
v 1.54343082 -9.09559573 10.00553294
v 1.54343082 -9.09559573 10.01372369
v 3.39554781 -9.53122647 9.64369329
v 3.39554781 -9.32447407 9.64369329
v 3.39554781 -9.32447407 10.211985
v 3.39554781 -9.32447407 10.78027671
v 0.96464426 -1.23144569 10.06012778
v 0.61737233 -0.93338471 10.07325866
v 0.61737233 -0.93338471 10.53330895
v 1.3119162 -2.12654666 10.00352468
v 1.3119162 -2.12654666 10.01161901
v 1.3119162 -2.12654666 10.01971333
v 1.3119162 -2.12654666 10.02780765
v 1.3119162 -2.12654666 10.03590197
v 1.3119162 -1.83697206 10.03590197
v 1.3119162 -1.72114222 10.00352468
v 1.3119162 -1.54739747 10.03590197
v 1.3119162 -1.31573779 10.00352468
v 2.12221738 -1.36433709 9.93807528
v 1.3119162 -1.0261632 10.00352468
v 1.3119162 -0.7365886 10.00352468
v 1.77494545 -1.01402145 9.98685552
v 1.77494545 -1.01402145 10.46869443
v 2.81676125 -2.47442417 9.77598234
v 2.81676125 -2.47442417 9.78504906
v 2.81676125 -2.47442417 9.79411579
v 2.81676125 -2.47442417 9.80318251
v 2.81676125 -2.47442417 9.81224924
v 4.32160631 -3.056595 9.39519165
v 4.32160631 -3.056595 9.40588569
v 4.32160631 -3.056595 9.41657973
v 4.32160631 -3.056595 9.42727376
v 4.32160631 -3.056595 9.4379678
v 4.32160631 -2.5209838 9.39519165
v 4.32160631 -2.5209838 9.40588569
v 4.32160631 -2.5209838 9.41657973
v 4.32160631 -2.5209838 9.42727376
v 4.32160631 -2.5209838 9.4379678
v 3.97433437 -2.53983129 9.53382108
v 2.81676125 -2.15006183 9.81224924
v 2.81676125 -2.02031689 9.77598234
v 2.46948932 -1.74183829 9.87964288
v 2.81676125 -1.5662096 9.77598234
v 3.2797905 -1.6128375 9.70984307
v 2.81676125 -1.11210232 9.77598234
v 2.81676125 -0.78773997 9.77598234
v 2.93251857 -1.1996727 9.78792818
v 2.93251857 -0.74026923 9.78792818
v 3.2797905 -1.13643014 9.70984307
v 3.2797905 -0.66002279 9.70984307
v 2.93251857 -0.28086577 9.78792818
v 3.2797905 -0.18361543 9.70984307
v 4.32160631 -1.9853726 9.39519165
v 4.32160631 -1.9853726 9.40588569
v 4.32160631 -1.9853726 9.41657973
v 4.32160631 -1.9853726 9.42727376
v 4.32160631 -1.9853726 9.4379678
v 4.32160631 -1.4497614 9.39519165
v 4.32160631 -1.4497614 9.40588569
v 4.32160631 -1.4497614 9.41657973
v 4.32160631 -1.4497614 9.42727376
v 4.32160631 -1.4497614 9.4379678
v 3.62706244 -2.0589452 9.62480524
v 3.97433437 -2.0250932 9.53382108
v 3.62706244 -1.56401991 9.62480524
v 3.97433437 -1.51035511 9.53382108
v 4.32160631 -0.9141502 9.39519165
v 4.32160631 -0.9141502 9.40588569
v 4.32160631 -0.9141502 9.41657973
v 4.32160631 -0.9141502 9.42727376
v 4.32160631 -0.9141502 9.4379678
v 4.32160631 -0.53157077 9.4379678
v 4.32160631 -0.14899134 9.4379678
v 3.62706244 -1.06909463 9.62480524
v 3.97433437 -0.99561702 9.53382108
v 3.62706244 -0.57416934 9.62480524
v 3.74281975 -0.01871024 9.55504238
v 3.62706244 -0.00854045 9.58527844
v 3.62706244 -0.07924406 9.62480524
v 3.97433437 -0.48087893 9.53382108
v 3.97433437 -0.11320887 9.53382108
v 2.93251857 -1.1996727 10.31993137
v 2.93251857 -1.06841457 10.30158643
v 2.93251857 -0.74026923 10.30158643
v 2.93251857 -0.28086577 10.30158643
v 6.94543871 -8.36444585 7.95329985
v 6.17372329 -9.59711929 8.84073042
v 6.17372329 -9.03630158 8.84073042
v 6.17372329 -8.75589273 8.84073042
v 6.17372329 -8.47548388 8.84073042
v 6.86826717 -9.40977211 8.64308292
v 6.17372329 -8.19507502 8.84073042
v 7.56281104 -9.24188497 8.46596537
v 7.56281104 -8.92709861 8.46596537
v 7.56281104 -8.92709861 8.48063045
v 7.56281104 -8.92709861 8.49529554
v 7.56281104 -8.92709861 8.50996063
v 7.56281104 -8.92709861 8.52462572
v 7.56281104 -8.61231224 8.46596537
v 7.56281104 -8.61231224 8.48063045
v 7.56281104 -8.61231224 8.49529554
v 7.56281104 -8.61231224 8.50996063
v 7.56281104 -8.29752587 8.46596537
v 7.56281104 -8.29752587 8.48063045
v 7.56281104 -8.29752587 8.49529554
v 7.56281104 -7.98273951 8.46596537
v 7.56281104 -7.98273951 8.48063045
v 7.56281104 -7.66795314 8.46596537
v 8.25735491 -9.10151025 8.31787286
v 8.25735491 -8.77313924 8.31787286
v 8.25735491 -8.77313924 8.33317082
v 8.25735491 -8.77313924 8.34846878
v 8.25735491 -8.77313924 8.36376674
v 8.25735491 -8.77313924 8.37906471
v 8.95189878 -8.65683978 8.20600517
v 8.95189878 -8.65683978 8.2217812
v 8.95189878 -8.65683978 8.23755723
v 8.95189878 -8.65683978 8.25333326
v 8.95189878 -8.65683978 8.26910929
v 4.78463555 -9.26803415 9.25946208
v 4.78463555 -9.02603591 9.25946208
v 4.78463555 -8.78403766 9.25946208
v 6.17372329 -8.19507502 9.61147858
v 4.78463555 -8.78403766 9.9246326
v 4.78463555 -8.78403766 10.58980312
v 6.17372329 -8.19507502 10.38222674
v 7.56281104 -9.55667134 9.36053575
v 7.56281104 -9.24188497 9.34587066
v 7.56281104 -8.92709861 9.33120557
v 7.56281104 -7.66795314 9.33120557
v 7.56281104 -8.92709861 10.19644577
v 7.56281104 -7.66795314 10.19644577
v 6.94543871 -2.96243797 7.95329985
v 5.82645136 -1.21743824 8.94433501
v 5.82645136 -1.21743824 8.95695578
v 5.82645136 -1.21743824 8.96957656
v 5.82645136 -1.21743824 8.98219733
v 5.82645136 -1.21743824 8.9948181
v 5.94220867 -0.32717866 8.96064365
v 6.63675254 -0.88922856 8.7616721
v 6.75250985 -0.31476196 8.67484357
v 7.33129641 -1.50142178 8.52217571
v 7.33129641 -1.50142178 8.53660058
v 7.33129641 -1.50142178 8.55102545
v 7.33129641 -1.50142178 8.56545033
v 7.33129641 -1.50142178 8.5798752
v 7.44705372 -0.47977536 8.55187107
v 8.83614147 -1.70343213 8.22187468
v 8.83614147 -1.70343213 8.23758289
v 8.83614147 -1.70343213 8.2532911
v 8.83614147 -1.70343213 8.26899931
v 8.83614147 -1.70343213 8.28470752
v 8.1415976 -1.07995595 8.40102537
v 8.25735491 -0.43482778 8.31787286
v 8.95189878 -0.58533165 8.26910929
v 5.13190749 -0.65644922 9.20183493
v 5.13190749 -0.23714084 9.20183493
v 5.2476648 -0.1650881 9.11984267
v 3.39554781 -9.32447407 11.34856842
v 3.39554781 -9.32447407 11.91686013
v 0.61737233 -0.93338471 10.99335924
v 1.77494545 -1.01402145 10.95053333
v 1.77494545 -1.01402145 11.43237224
v 0.61737233 -0.93338471 11.91345981
v 0.61737233 -0.70637351 11.91345981
v 0.61737233 -0.59286791 11.91345981
v 0.61737233 -0.47936231 11.91345981
v 0.61737233 -0.47936231 12.3735101
v 1.77494545 -0.89514006 11.91421114
v 1.77494545 -0.77625868 11.91421114
v 1.77494545 -0.6573773 11.91421114
v 1.77494545 -0.53849592 11.91421114
v 1.77494545 -0.53849592 12.39605005
v 2.12221738 -0.57188072 12.39173602
v 2.93251857 -1.1996727 10.85193456
v 2.93251857 -1.06841457 10.83358963
v 2.93251857 -0.93715643 10.81524469
v 2.93251857 -0.6090111 10.81524469
v 2.93251857 -0.28086577 10.81524469
v 2.93251857 -0.93715643 11.34724788
v 2.93251857 -1.1996727 11.38393775
v 2.93251857 -1.06841457 11.36559282
v 2.93251857 -0.8058983 11.32890294
v 2.93251857 -0.47775297 11.32890294
v 2.93251857 -0.14960764 11.32890294
v 2.93251857 -1.1996727 11.91594095
v 2.93251857 -1.06841457 11.89759601
v 2.93251857 -1.06841457 11.91594095
v 2.93251857 -0.93715643 11.87925107
v 2.93251857 -0.93715643 11.89759601
v 2.93251857 -0.93715643 11.91594095
v 2.93251857 -0.8058983 11.86090613
v 2.93251857 -0.8058983 11.87925107
v 2.93251857 -0.8058983 11.89759601
v 2.93251857 -0.8058983 11.91594095
v 2.93251857 -0.67464017 11.84256119
v 2.93251857 -0.67464017 11.86090613
v 2.93251857 -0.67464017 11.87925107
v 2.93251857 -0.67464017 11.89759601
v 2.93251857 -0.67464017 11.91594095
v 3.2797905 -0.72808098 11.84052419
v 3.2797905 -0.72808098 11.85954813
v 3.2797905 -0.72808098 11.87857207
v 3.2797905 -0.72808098 11.89759601
v 2.93251857 -0.34649484 11.84256119
v 2.93251857 -0.01834951 11.84256119
v 3.2797905 -0.38779001 11.84052419
v 3.2797905 -0.04749904 11.84052419
v 2.46948932 -0.61187138 12.38892373
v 2.81676125 -0.65799503 12.38719916
v 3.62706244 -0.78628018 11.83830581
v 3.62706244 -0.78628018 11.85806921
v 3.62706244 -0.78628018 11.87783261
v 3.97433437 -0.848549 11.83593231
v 3.97433437 -0.848549 11.85648688
v 3.62706244 -0.43276212 11.83830581
v 3.62706244 -0.07924406 11.83830581
v 3.97433437 -0.48087893 11.83593231
v 3.97433437 -0.11320887 11.83593231
v 4.32160631 -0.9141502 11.83343179
v 4.32160631 -0.53157077 11.83343179
v 4.32160631 -0.53157077 11.85481987
v 4.32160631 -0.14899134 11.83343179
v 4.32160631 -0.14899134 11.85481987
v 4.32160631 -0.14899134 11.87620794
v 4.32160631 -0.9141502 12.47507394
v 4.32160631 -0.53157077 12.49646201
v 4.32160631 -0.14899134 12.51785008
v 0.96464426 -0.48834899 12.82431912
v 0.61737233 -0.47936231 12.83356038
v 1.3119162 -0.50492893 12.8203487
v 1.3119162 -0.50492893 13.30600802
v 1.3119162 -0.50492893 13.79166733
v 2.81676125 -0.65799503 12.93120267
v 2.81676125 -0.65799503 13.47520617
v 4.32160631 -0.9141502 13.11671608
v 4.32160631 -0.53157077 13.13810415
v 4.32160631 -0.14899134 13.15949222
v 2.81676125 -0.65799503 14.01920968
v 2.81676125 -0.00927034 14.01920968
v 4.32160631 -0.9141502 13.75835822
v 4.32160631 -0.53157077 13.77974629
v 4.32160631 -0.14899134 13.77974629
v 4.32160631 -0.9141502 14.40000036
v 4.32160631 -0.14899134 14.40000036
v 4.78463555 -8.78403766 11.25497364
v 6.17372329 -8.19507502 11.1529749
v 4.78463555 -8.78403766 11.92014416
v 6.17372329 -9.31671043 11.92372306
v 6.17372329 -8.19507502 11.92372306
v 7.56281104 -8.92709861 11.06168598
v 7.56281104 -7.66795314 11.06168598
v 7.56281104 -8.92709861 11.92692618
v 7.56281104 -7.66795314 11.92692618
v 9.64644265 -14.44999328 8.2002861
v 10.34098652 -15.04133829 8.11182528
v 10.34098652 -15.04133829 8.12800378
v 10.34098652 -15.04133829 8.14418229
v 10.34098652 -15.04133829 8.1603608
v 10.34098652 -15.04133829 8.17653931
v 10.34098652 -13.42073593 8.11182528
v 10.34098652 -13.42073593 8.12800378
v 10.34098652 -13.42073593 8.14418229
v 10.34098652 -13.42073593 8.1603608
v 10.34098652 -13.42073593 8.17653931
v 9.64644265 -12.83973317 8.2002861
v 9.64644265 -11.22947306 8.2002861
v 10.34098652 -11.80013356 8.11182528
v 10.34098652 -11.80013356 8.12800378
v 10.34098652 -11.80013356 8.14418229
v 10.34098652 -11.80013356 8.1603608
v 10.34098652 -11.80013356 8.17653931
v 9.64644265 -9.61921294 8.2002861
v 10.34098652 -10.1795312 8.11182528
v 10.34098652 -10.1795312 8.12800378
v 10.34098652 -10.1795312 8.14418229
v 10.34098652 -10.1795312 8.1603608
v 10.34098652 -10.1795312 8.17653931
v 9.64644265 -8.58404573 8.13598505
v 9.64644265 -8.58404573 8.15206032
v 9.64644265 -8.58404573 8.16813558
v 9.64644265 -8.58404573 8.18421084
v 9.64644265 -8.58404573 8.2002861
v 10.34098652 -8.55892883 8.11182528
v 10.34098652 -8.55892883 8.12800378
v 10.34098652 -8.55892883 8.14418229
v 10.34098652 -8.55892883 8.1603608
v 10.34098652 -8.55892883 8.17653931
v 10.34098652 -1.77746157 8.11182528
v 10.34098652 -1.77746157 8.12800378
v 10.34098652 -1.77746157 8.14418229
v 10.34098652 -1.77746157 8.1603608
v 10.34098652 -1.77746157 8.17653931
v 9.64644265 -1.18611656 8.2002861
v 10.34098652 -0.15685921 8.11182528
v 10.34098652 -0.15685921 8.12800378
v 10.34098652 -0.15685921 8.14418229
v 10.34098652 -0.15685921 8.1603608
v 10.34098652 -0.15685921 8.17653931
v 16.97773906 -2.96243797 7.95329985
v 1.76392094 3.98300074 0
v 5.622498 0.12442368 0
v 2.31514624 5.52643156 4.07861531
v 6.94543871 5.52643156 4.07861531
v 6.94543871 7.84157779 4.07861531
v 2.31514624 10.92843944 3.94266147
v 2.31514624 10.92843944 4.07861531
v 2.31514624 12.47187027 3.94266147
v 10.03230035 3.98300074 0
v 18.52116988 3.98300074 0
v 10.03230035 3.98300074 3.94266147
v 10.03230035 7.84157779 3.94266147
v 10.03230035 7.84157779 4.07861531
v 16.97773906 3.98300074 3.94266147
v 16.97773906 3.98300074 4.07861531
v 18.52116988 3.98300074 4.07861531
v 16.97773906 7.84157779 3.94266147
v 10.03230035 10.92843944 0
v 10.03230035 10.92843944 4.07861531
v 2.23797469 1.4460483 9.88523917
v 0.50161502 0.0321735 10.04344455
v 0.61737233 1.39348009 10.04153106
v 0.03858577 2.01990433 10.53096684
v 1.3119162 0.76919929 10.00352468
v 2.00646007 0.10460098 9.92166207
v 1.54343082 2.05850614 9.98096069
v 1.54343082 2.05850614 9.98915144
v 1.54343082 2.05850614 9.99734219
v 1.54343082 2.05850614 10.00553294
v 1.65918814 2.06730475 9.967881
v 1.65918814 2.06730475 9.97612765
v 1.65918814 2.06730475 9.98437429
v 1.65918814 2.06730475 9.99262094
v 1.54343082 2.05850614 10.01372369
v 1.77494545 2.07689449 9.95362525
v 1.77494545 2.07689449 9.96193282
v 1.77494545 2.07689449 9.97024039
v 1.89070276 2.08726275 9.93821219
v 1.89070276 2.08726275 9.94658562
v 2.00646007 2.0983959 9.92166207
v 1.65918814 2.06730475 10.47917301
v 1.77494545 2.07689449 10.46038686
v 1.89070276 2.08726275 10.4406183
v 2.00646007 2.0983959 10.41986764
v 1.54343082 2.58594985 9.98096069
v 1.54343082 2.58594985 9.98915144
v 1.54343082 2.58594985 9.99734219
v 1.54343082 2.58594985 10.00553294
v 1.54343082 2.58594985 10.01372369
v 1.54343082 3.11339357 9.98096069
v 1.54343082 3.11339357 9.98915144
v 1.54343082 3.11339357 9.99734219
v 1.54343082 3.11339357 10.00553294
v 1.54343082 3.11339357 10.01372369
v 2.00646007 2.46090406 9.92166207
v 2.00646007 2.82341223 9.92166207
v 2.00646007 3.1859204 9.92166207
v 2.00646007 3.54842856 9.92166207
v 2.00646007 2.46090406 10.41986764
v 2.00646007 2.82341223 10.41986764
v 2.00646007 3.1859204 10.41986764
v 2.00646007 3.54842856 10.41986764
v 1.54343082 3.64083728 9.98096069
v 1.54343082 3.64083728 9.98915144
v 1.54343082 3.64083728 9.99734219
v 1.54343082 3.64083728 10.00553294
v 1.54343082 3.64083728 10.01372369
v 1.54343082 4.16828099 9.98096069
v 1.54343082 4.16828099 9.98915144
v 1.54343082 4.16828099 9.99734219
v 1.54343082 4.16828099 10.00553294
v 1.54343082 4.16828099 10.01372369
v 2.93251857 0.17853769 9.78792818
v 3.2797905 0.29279193 9.70984307
v 2.93251857 0.76919929 9.75123831
v 3.04827588 0.76919929 9.7256031
v 3.16403319 0.76919929 9.69911044
v 2.93251857 0.63794115 9.78792818
v 3.2797905 0.6330829 9.70984307
v 2.35373201 1.45271634 9.86541427
v 2.58524663 1.46709392 9.82266791
v 2.46948932 1.45973462 9.84454804
v 4.32160631 0.23358809 9.4379678
v 4.32160631 0.61616752 9.4379678
v 3.62706244 0.274274 9.62480524
v 3.97433437 0.2544612 9.53382108
v 3.62706244 0.62779206 9.62480524
v 3.97433437 0.62213126 9.53382108
v 4.09009168 1.58884065 9.46069966
v 2.93251857 0.17853769 10.30158643
v 2.93251857 0.63794115 10.30158643
v 3.2797905 0.6330829 10.24251335
v 3.2797905 0.6330829 10.77518363
v 3.97433437 0.62213126 10.10934889
v 3.62706244 0.62779206 10.17818038
v 4.32160631 0.61616752 10.0368338
v 3.62706244 0.62779206 10.73155553
v 3.97433437 0.62213126 10.6848767
v 4.32160631 0.61616752 10.6356998
v 3.39554781 2.4921359 9.64369329
v 3.39554781 2.90564068 9.64369329
v 3.39554781 3.31914547 9.64369329
v 3.39554781 3.73265025 9.64369329
v 3.39554781 3.93940265 9.64369329
v 4.09009168 2.63202057 9.46069966
v 3.39554781 3.93940265 10.211985
v 3.39554781 3.93940265 10.78027671
v 2.31514624 5.52643156 7.88532293
v 2.31514624 5.52643156 7.95329985
v 3.08686165 5.52643156 7.88532293
v 3.08686165 5.52643156 7.95329985
v 5.94220867 0.12964548 8.96064365
v 5.94220867 0.58646963 8.96064365
v 6.17372329 0.76919929 8.84073042
v 6.75250985 0.07940577 8.72993335
v 6.75250985 0.57211542 8.72993335
v 6.17372329 2.07777393 8.84073042
v 6.17372329 3.38634858 8.84073042
v 6.17372329 3.66675743 8.84073042
v 6.17372329 4.22757514 8.84073042
v 6.17372329 4.50798399 8.84073042
v 6.17372329 4.78839284 8.84073042
v 6.86826717 3.8541046 8.64308292
v 7.56281104 0.55934171 8.52462572
v 7.56281104 1.50370081 8.52462572
v 8.25735491 0.00300025 8.37906471
v 8.25735491 1.0975703 8.31787286
v 8.95189878 0.99495444 8.26910929
v 8.25735491 1.53539833 8.37906471
v 7.56281104 2.44805991 8.52462572
v 7.56281104 3.39241901 8.52462572
v 7.56281104 4.02199175 8.46596537
v 7.56281104 4.33677811 8.46596537
v 7.56281104 4.33677811 8.48063045
v 7.56281104 4.33677811 8.49529554
v 7.56281104 4.33677811 8.50996063
v 7.56281104 4.33677811 8.52462572
v 7.56281104 4.65156448 8.46596537
v 7.56281104 4.65156448 8.48063045
v 7.56281104 4.65156448 8.49529554
v 7.56281104 4.65156448 8.50996063
v 8.25735491 2.62996839 8.31787286
v 8.25735491 2.52051138 8.37906471
v 8.25735491 3.50562443 8.37906471
v 8.95189878 2.57524054 8.26910929
v 8.95189878 3.59113874 8.26910929
v 8.25735491 4.16236647 8.31787286
v 8.25735491 4.49073748 8.31787286
v 8.25735491 4.49073748 8.33317082
v 8.25735491 4.49073748 8.34846878
v 8.25735491 4.49073748 8.36376674
v 8.25735491 4.49073748 8.37906471
v 8.95189878 4.60703694 8.20600517
v 8.95189878 4.60703694 8.2217812
v 8.95189878 4.60703694 8.23755723
v 8.95189878 4.60703694 8.25333326
v 8.95189878 4.60703694 8.26910929
v 5.13190749 0.18216755 9.20183493
v 5.13190749 0.60147593 9.20183493
v 4.66887824 0.76919929 9.2938727
v 5.13190749 0.60147593 9.88163555
v 5.94220867 0.58646963 9.70126642
v 6.75250985 0.57211542 9.52873524
v 5.13190749 0.60147593 10.53799477
v 6.75250985 0.57211542 10.32753713
v 5.94220867 0.58646963 10.44188919
v 4.78463555 3.02784958 9.25946208
v 4.78463555 3.51184607 9.25946208
v 5.47917942 3.20761614 9.04949232
v 4.78463555 3.99584257 9.25946208
v 4.78463555 4.23784081 9.25946208
v 4.78463555 4.47983906 9.25946208
v 4.78463555 4.47983906 9.9246326
v 4.78463555 4.47983906 10.58980312
v 7.56281104 0.55934171 9.37520083
v 7.56281104 1.50370081 9.37520083
v 7.56281104 0.55934171 10.22577595
v 7.56281104 1.50370081 10.22577595
v 7.56281104 2.44805991 9.37520083
v 7.56281104 3.39241901 9.37520083
v 7.56281104 3.70720538 9.36053575
v 7.56281104 4.02199175 9.34587066
v 7.56281104 4.33677811 9.33120557
v 7.56281104 2.44805991 10.22577595
v 7.56281104 2.76284628 10.21111086
v 7.56281104 3.07763264 10.19644577
v 7.56281104 4.33677811 10.19644577
v 6.94543871 5.52643156 7.88532293
v 6.17372329 5.0688017 8.84073042
v 6.94543871 7.84157779 7.88532293
v 7.56281104 4.96635085 8.46596537
v 7.56281104 4.96635085 8.48063045
v 7.56281104 4.96635085 8.49529554
v 7.56281104 5.28113721 8.46596537
v 7.56281104 5.28113721 8.48063045
v 7.56281104 5.59592358 8.46596537
v 6.17372329 5.0688017 9.61147858
v 6.17372329 5.0688017 10.38222674
v 7.56281104 5.59592358 9.33120557
v 7.56281104 5.59592358 10.19644577
v 0.15434308 2.01776089 10.99335924
v 0.27010039 2.0164737 11.45386745
v 1.77494545 2.07689449 10.95053333
v 1.89070276 2.08726275 10.93465097
v 2.00646007 2.0983959 10.9180732
v 2.00646007 2.0983959 11.41627877
v 1.89070276 2.08726275 11.42868364
v 0.15434308 1.79074969 11.91345981
v 0.15434308 1.84750249 11.91345981
v 0.15434308 1.90425529 11.91345981
v 1.08040158 1.80194035 11.91363359
v 1.08040158 1.85931485 11.91363359
v 1.08040158 1.91668935 11.91363359
v 1.08040158 1.97406386 11.91363359
v 0.73312964 1.79250341 12.37432711
v 2.00646007 1.85672379 11.91448433
v 2.00646007 1.91714181 11.91448433
v 2.00646007 1.97755984 11.91448433
v 2.00646007 2.03797787 11.91448433
v 2.00646007 2.0983959 11.91448433
v 1.65918814 1.83128558 12.39239473
v 2.00646007 2.46090406 10.9180732
v 2.00646007 2.82341223 10.9180732
v 2.00646007 3.1859204 10.9180732
v 2.00646007 3.54842856 10.9180732
v 2.00646007 2.46090406 11.41627877
v 2.00646007 2.82341223 11.41627877
v 2.00646007 3.1859204 11.41627877
v 2.00646007 3.54842856 11.41627877
v 2.00646007 2.46090406 11.91448433
v 2.00646007 2.82341223 11.91448433
v 2.00646007 3.1859204 11.91448433
v 2.00646007 3.54842856 11.91448433
v 2.93251857 0.17853769 10.81524469
v 2.93251857 0.63794115 10.81524469
v 2.93251857 0.17853769 11.32890294
v 2.93251857 0.63794115 11.32890294
v 3.2797905 0.6330829 11.30785391
v 4.32160631 0.61616752 11.23456579
v 3.62706244 0.62779206 11.28493067
v 3.97433437 0.62213126 11.26040451
v 2.93251857 0.30979582 11.84256119
v 3.2797905 0.29279193 11.84052419
v 2.93251857 0.63794115 11.84256119
v 3.2797905 0.6330829 11.84052419
v 2.58524663 1.91120869 11.91533044
v 2.58524663 1.97465366 11.91533044
v 2.58524663 2.03809863 11.91533044
v 2.58524663 2.10154359 11.91533044
v 3.16403319 1.97921287 11.91638648
v 3.16403319 2.04643585 11.91638648
v 3.16403319 2.11365883 11.91638648
v 2.58524663 1.91120869 12.42962885
v 3.16403319 1.97921287 12.46131026
v 3.62706244 0.274274 11.83830581
v 3.97433437 0.2544612 11.83593231
v 3.62706244 0.62779206 11.83830581
v 3.97433437 0.62213126 11.83593231
v 4.32160631 0.23358809 11.83343179
v 4.32160631 0.23358809 11.85481987
v 4.32160631 0.23358809 11.87620794
v 4.32160631 0.23358809 11.89759601
v 4.32160631 0.61616752 11.83343179
v 4.32160631 0.61616752 11.85481987
v 4.32160631 0.61616752 11.87620794
v 4.32160631 0.61616752 11.89759601
v 4.32160631 0.61616752 11.91898408
v 4.32160631 0.99874694 11.91898408
v 4.32160631 0.23358809 12.53923815
v 4.32160631 0.61616752 12.53923815
v 4.32160631 0.99874694 12.53923815
v 3.74281975 2.05850578 11.91761783
v 3.74281975 2.13013392 11.91761783
v 4.32160631 1.38132637 11.91898408
v 4.32160631 1.7639058 11.91898408
v 4.32160631 2.14648523 11.91898408
v 4.55312093 2.34061073 11.91955841
v 3.74281975 2.05850578 12.49825078
v 4.32160631 1.38132637 12.53923815
v 4.32160631 2.14648523 12.53923815
v 3.39554781 3.93940265 11.34856842
v 2.58524663 2.4822134 11.91533044
v 2.58524663 2.8628832 11.91533044
v 2.58524663 3.243553 11.91533044
v 3.16403319 2.51699669 11.91638648
v 3.16403319 2.92033455 11.91638648
v 3.39554781 3.11239307 11.91686013
v 3.39554781 3.93940265 11.91686013
v 3.74281975 2.55990275 11.91761783
v 3.97433437 2.75461763 11.91815057
v 1.3119162 1.81166783 12.85272599
v 2.23797469 1.87677041 12.91237424
v 1.3119162 1.81166783 13.32219666
v 1.3119162 0.07422026 13.79166733
v 1.3119162 0.65336945 13.79166733
v 1.3119162 1.23251864 13.79166733
v 1.3119162 1.81166783 13.79166733
v 3.16403319 1.97921287 13.00623403
v 2.81676125 1.93690373 13.49333962
v 4.32160631 0.23358809 13.15949222
v 4.32160631 0.61616752 13.15949222
v 3.74281975 2.05850578 13.07888373
v 4.32160631 1.38132637 13.15949222
v 4.32160631 2.14648523 13.15949222
v 2.81676125 0.63945435 14.01920968
v 2.81676125 1.28817904 14.01920968
v 2.81676125 1.93690373 14.01920968
v 4.32160631 0.61616752 13.77974629
v 4.32160631 0.61616752 14.40000036
v 3.74281975 2.05850578 13.65951668
v 4.32160631 1.38132637 13.77974629
v 4.32160631 2.14648523 13.77974629
v 4.32160631 1.38132637 14.40000036
v 4.32160631 2.14648523 14.40000036
v 5.13190749 0.60147593 11.19435399
v 5.94220867 0.58646963 11.15697324
v 6.75250985 0.57211542 11.12633901
v 5.13190749 0.60147593 11.85071321
v 5.13190749 0.60147593 11.87415461
v 5.13190749 0.60147593 11.89759601
v 5.13190749 0.60147593 11.92103741
v 5.13190749 1.02078432 11.92103741
v 5.13190749 1.4400927 11.92103741
v 5.13190749 1.85940109 11.92103741
v 5.36342211 2.05935784 11.92163808
v 5.94220867 0.58646963 11.87205729
v 5.94220867 0.58646963 11.89759601
v 5.94220867 0.58646963 11.92313472
v 5.94220867 1.04329377 11.92313472
v 6.75250985 0.57211542 11.89759601
v 6.75250985 0.57211542 11.9251409
v 6.75250985 1.06482508 11.9251409
v 5.94220867 1.50011792 11.92313472
v 6.17372329 1.70389546 11.92372306
v 4.78463555 4.47983906 11.25497364
v 4.78463555 2.54385309 11.92014416
v 4.78463555 3.51184607 11.92014416
v 4.78463555 4.47983906 11.92014416
v 6.17372329 2.82553087 11.92372306
v 6.17372329 3.94716629 11.92372306
v 7.56281104 0.55934171 11.07635107
v 7.56281104 1.50370081 11.07635107
v 7.56281104 1.81848718 11.06168598
v 7.56281104 0.55934171 11.92692618
v 7.56281104 1.81848718 11.92692618
v 7.56281104 3.07763264 11.06168598
v 7.56281104 4.33677811 11.06168598
v 7.56281104 3.07763264 11.92692618
v 7.56281104 4.33677811 11.92692618
v 6.17372329 5.0688017 11.1529749
v 6.17372329 5.0688017 11.92372306
v 7.56281104 5.59592358 11.06168598
v 7.56281104 5.59592358 11.92692618
v 3.08686165 10.15672403 7.88532293
v 3.08686165 10.15672403 7.95329985
v 2.31514624 12.47187027 7.95329985
v 1.3119162 11.13733006 10.00352468
v 1.3119162 11.13733006 10.01161901
v 1.3119162 11.13733006 10.01971333
v 1.3119162 11.13733006 10.02780765
v 1.3119162 11.13733006 10.03590197
v 1.3119162 11.5427345 10.00352468
v 1.3119162 11.42690466 10.03590197
v 1.3119162 11.94813893 10.00352468
v 1.3119162 11.71647925 10.03590197
v 2.12221738 11.89953963 9.93807528
v 0.61737233 12.33049201 10.07325866
v 0.96464426 12.03243103 10.06012778
v 0.61737233 12.33049201 10.53330895
v 0.50161502 13.29605022 10.04344455
v 1.3119162 12.23771352 10.00352468
v 1.3119162 12.52728812 10.00352468
v 1.77494545 12.24985527 9.98685552
v 1.77494545 12.24985527 10.46869443
v 1.3119162 14.03307601 10.00352468
v 2.00646007 13.3684777 9.92166207
v 2.81676125 10.78945255 9.77598234
v 2.81676125 10.78945255 9.78504906
v 2.81676125 10.78945255 9.79411579
v 2.81676125 10.78945255 9.80318251
v 2.81676125 10.78945255 9.81224924
v 2.81676125 11.24355983 9.77598234
v 2.81676125 11.11381489 9.81224924
v 2.46948932 11.52203843 9.87964288
v 2.81676125 11.69766712 9.77598234
v 3.2797905 11.65103922 9.70984307
v 4.32160631 10.20728171 9.39519165
v 4.32160631 10.20728171 9.40588569
v 4.32160631 10.20728171 9.41657973
v 4.32160631 10.20728171 9.42727376
v 4.32160631 10.20728171 9.4379678
v 4.32160631 10.74289292 9.39519165
v 4.32160631 10.74289292 9.40588569
v 4.32160631 10.74289292 9.41657973
v 4.32160631 10.74289292 9.42727376
v 4.32160631 10.74289292 9.4379678
v 3.97433437 10.72404543 9.53382108
v 4.32160631 11.27850412 9.39519165
v 4.32160631 11.27850412 9.40588569
v 4.32160631 11.27850412 9.41657973
v 4.32160631 11.27850412 9.42727376
v 4.32160631 11.27850412 9.4379678
v 4.32160631 11.81411532 9.39519165
v 4.32160631 11.81411532 9.40588569
v 4.32160631 11.81411532 9.41657973
v 4.32160631 11.81411532 9.42727376
v 4.32160631 11.81411532 9.4379678
v 3.62706244 11.20493152 9.62480524
v 3.97433437 11.23878352 9.53382108
v 3.62706244 11.69985681 9.62480524
v 3.97433437 11.75352161 9.53382108
v 2.81676125 12.1517744 9.77598234
v 2.81676125 12.47613675 9.77598234
v 2.93251857 12.06420402 9.78792818
v 2.93251857 12.52360748 9.78792818
v 3.2797905 12.12744658 9.70984307
v 3.2797905 12.60385393 9.70984307
v 2.93251857 12.98301095 9.78792818
v 3.2797905 13.08026129 9.70984307
v 2.93251857 13.44241441 9.78792818
v 3.2797905 13.55666865 9.70984307
v 2.93251857 14.03307601 9.75123831
v 3.04827588 14.03307601 9.7256031
v 3.16403319 14.03307601 9.69911044
v 2.93251857 13.90181787 9.78792818
v 3.2797905 13.89695962 9.70984307
v 4.32160631 12.34972652 9.39519165
v 4.32160631 12.34972652 9.40588569
v 4.32160631 12.34972652 9.41657973
v 4.32160631 12.34972652 9.42727376
v 4.32160631 12.34972652 9.4379678
v 4.32160631 12.73230595 9.4379678
v 4.32160631 13.11488538 9.4379678
v 3.62706244 12.19478209 9.62480524
v 3.97433437 12.2682597 9.53382108
v 3.62706244 12.68970738 9.62480524
v 3.62706244 13.18463266 9.62480524
v 3.97433437 12.78299779 9.53382108
v 3.97433437 13.15066785 9.53382108
v 4.32160631 13.49746481 9.4379678
v 4.32160631 13.88004423 9.4379678
v 3.74281975 13.24516648 9.55504238
v 3.62706244 13.25533627 9.58527844
v 3.62706244 13.53815072 9.62480524
v 3.97433437 13.51833792 9.53382108
v 3.62706244 13.89166878 9.62480524
v 3.97433437 13.88600798 9.53382108
v 2.93251857 12.06420402 10.31993137
v 2.93251857 12.19546215 10.30158643
v 2.93251857 12.52360748 10.30158643
v 2.93251857 12.98301095 10.30158643
v 2.93251857 13.44241441 10.30158643
v 2.93251857 13.90181787 10.30158643
v 3.2797905 13.89695962 10.24251335
v 3.2797905 13.89695962 10.77518363
v 3.97433437 13.88600798 10.10934889
v 3.62706244 13.89166878 10.17818038
v 4.32160631 13.88004423 10.0368338
v 3.62706244 13.89166878 10.73155553
v 3.97433437 13.88600798 10.6848767
v 4.32160631 13.88004423 10.6356998
v 2.23797469 14.70992502 9.88523917
v 0.61737233 14.65735681 10.04153106
v 0.03858577 15.28378105 10.53096684
v 1.54343082 15.32238286 9.98096069
v 1.54343082 15.32238286 9.98915144
v 1.54343082 15.32238286 9.99734219
v 1.54343082 15.32238286 10.00553294
v 1.65918814 15.33118147 9.967881
v 1.65918814 15.33118147 9.97612765
v 1.65918814 15.33118147 9.98437429
v 1.65918814 15.33118147 9.99262094
v 1.54343082 15.32238286 10.01372369
v 1.77494545 15.34077121 9.95362525
v 1.77494545 15.34077121 9.96193282
v 1.77494545 15.34077121 9.97024039
v 1.89070276 15.35113947 9.93821219
v 1.89070276 15.35113947 9.94658562
v 2.00646007 15.36227262 9.92166207
v 1.65918814 15.33118147 10.47917301
v 1.77494545 15.34077121 10.46038686
v 1.89070276 15.35113947 10.4406183
v 2.00646007 15.36227262 10.41986764
v 1.54343082 15.84982657 9.98096069
v 1.54343082 15.84982657 9.98915144
v 1.54343082 15.84982657 9.99734219
v 1.54343082 15.84982657 10.00553294
v 1.54343082 15.84982657 10.01372369
v 1.54343082 16.37727029 9.98096069
v 1.54343082 16.37727029 9.98915144
v 1.54343082 16.37727029 9.99734219
v 1.54343082 16.37727029 10.00553294
v 1.54343082 16.37727029 10.01372369
v 2.00646007 15.72478078 9.92166207
v 2.00646007 16.08728895 9.92166207
v 2.00646007 16.44979712 9.92166207
v 2.00646007 15.72478078 10.41986764
v 2.00646007 16.08728895 10.41986764
v 2.00646007 16.44979712 10.41986764
v 1.54343082 16.904714 9.98096069
v 1.54343082 16.904714 9.98915144
v 1.54343082 16.904714 9.99734219
v 1.54343082 16.904714 10.00553294
v 1.54343082 16.904714 10.01372369
v 1.54343082 17.43215771 9.98096069
v 1.54343082 17.43215771 9.98915144
v 1.54343082 17.43215771 9.99734219
v 1.54343082 17.43215771 10.00553294
v 1.54343082 17.43215771 10.01372369
v 2.00646007 16.81230528 9.92166207
v 2.00646007 16.81230528 10.41986764
v 2.35373201 14.71659306 9.86541427
v 2.58524663 14.73097064 9.82266791
v 2.46948932 14.72361134 9.84454804
v 3.39554781 15.75601262 9.64369329
v 3.39554781 16.1695174 9.64369329
v 3.39554781 16.58302219 9.64369329
v 4.09009168 14.85271737 9.46069966
v 4.09009168 15.89589728 9.46069966
v 3.39554781 16.99652697 9.64369329
v 3.39554781 17.20327937 9.64369329
v 3.39554781 17.20327937 10.211985
v 3.39554781 17.20327937 10.78027671
v 5.82645136 12.04643848 8.94433501
v 5.82645136 12.04643848 8.95695578
v 5.82645136 12.04643848 8.96957656
v 5.82645136 12.04643848 8.98219733
v 5.82645136 12.04643848 8.9948181
v 5.94220867 12.93669806 8.96064365
v 6.63675254 12.37464816 8.7616721
v 6.75250985 12.94911476 8.67484357
v 5.94220867 13.3935222 8.96064365
v 5.94220867 13.85034635 8.96064365
v 6.17372329 14.03307601 8.84073042
v 6.75250985 13.34328249 8.72993335
v 6.75250985 13.83599214 8.72993335
v 7.33129641 11.76245494 8.52217571
v 7.33129641 11.76245494 8.53660058
v 7.33129641 11.76245494 8.55102545
v 7.33129641 11.76245494 8.56545033
v 7.33129641 11.76245494 8.5798752
v 8.83614147 11.56044459 8.22187468
v 8.83614147 11.56044459 8.23758289
v 8.83614147 11.56044459 8.2532911
v 8.83614147 11.56044459 8.26899931
v 8.83614147 11.56044459 8.28470752
v 7.44705372 12.78410135 8.55187107
v 7.56281104 13.82321843 8.52462572
v 8.1415976 12.18392077 8.40102537
v 8.25735491 12.82904894 8.31787286
v 8.95189878 12.67854507 8.26910929
v 8.25735491 13.26687697 8.37906471
v 8.25735491 14.36144702 8.31787286
v 8.95189878 14.25883116 8.26910929
v 5.13190749 12.6074275 9.20183493
v 5.13190749 13.02673588 9.20183493
v 5.2476648 13.09878862 9.11984267
v 5.13190749 13.44604427 9.20183493
v 5.13190749 13.86535265 9.20183493
v 4.66887824 14.03307601 9.2938727
v 5.13190749 13.86535265 9.88163555
v 5.94220867 13.85034635 9.70126642
v 6.75250985 13.83599214 9.52873524
v 5.13190749 13.86535265 10.53799477
v 6.75250985 13.83599214 10.32753713
v 5.94220867 13.85034635 10.44188919
v 7.56281104 13.82321843 9.37520083
v 7.56281104 13.82321843 10.22577595
v 6.17372329 15.34165065 8.84073042
v 6.17372329 16.6502253 8.84073042
v 6.17372329 16.93063415 8.84073042
v 6.17372329 17.49145186 8.84073042
v 6.17372329 17.77186071 8.84073042
v 6.86826717 17.11798132 8.64308292
v 6.17372329 18.05226956 8.84073042
v 6.17372329 18.33267842 8.84073042
v 7.56281104 14.76757753 8.52462572
v 7.56281104 15.71193663 8.52462572
v 7.56281104 16.65629573 8.52462572
v 8.25735491 14.79927505 8.37906471
v 8.25735491 15.8938451 8.31787286
v 8.25735491 15.7843881 8.37906471
v 8.25735491 16.76950115 8.37906471
v 8.95189878 15.83911725 8.26910929
v 7.56281104 17.28586847 8.46596537
v 7.56281104 17.60065483 8.46596537
v 7.56281104 17.60065483 8.48063045
v 7.56281104 17.60065483 8.49529554
v 7.56281104 17.60065483 8.50996063
v 7.56281104 17.60065483 8.52462572
v 7.56281104 17.9154412 8.46596537
v 7.56281104 17.9154412 8.48063045
v 7.56281104 17.9154412 8.49529554
v 7.56281104 17.9154412 8.50996063
v 7.56281104 18.23022757 8.46596537
v 7.56281104 18.23022757 8.48063045
v 7.56281104 18.23022757 8.49529554
v 7.56281104 18.54501393 8.46596537
v 7.56281104 18.54501393 8.48063045
v 7.56281104 18.8598003 8.46596537
v 8.25735491 17.42624319 8.31787286
v 8.25735491 17.7546142 8.31787286
v 8.25735491 17.7546142 8.33317082
v 8.25735491 17.7546142 8.34846878
v 8.25735491 17.7546142 8.36376674
v 8.25735491 17.7546142 8.37906471
v 8.95189878 16.85501546 8.26910929
v 8.95189878 17.87091366 8.20600517
v 8.95189878 17.87091366 8.2217812
v 8.95189878 17.87091366 8.23755723
v 8.95189878 17.87091366 8.25333326
v 8.95189878 17.87091366 8.26910929
v 4.78463555 16.2917263 9.25946208
v 4.78463555 16.77572279 9.25946208
v 5.47917942 16.47149285 9.04949232
v 4.78463555 17.25971928 9.25946208
v 4.78463555 17.50171753 9.25946208
v 4.78463555 17.74371578 9.25946208
v 6.17372329 18.33267842 9.61147858
v 4.78463555 17.74371578 9.9246326
v 4.78463555 17.74371578 10.58980312
v 6.17372329 18.33267842 10.38222674
v 7.56281104 14.76757753 9.37520083
v 7.56281104 15.71193663 9.37520083
v 7.56281104 16.65629573 9.37520083
v 7.56281104 14.76757753 10.22577595
v 7.56281104 15.71193663 10.22577595
v 7.56281104 16.026723 10.21111086
v 7.56281104 16.34150936 10.19644577
v 7.56281104 16.9710821 9.36053575
v 7.56281104 17.28586847 9.34587066
v 7.56281104 17.60065483 9.33120557
v 7.56281104 18.8598003 9.33120557
v 7.56281104 17.60065483 10.19644577
v 7.56281104 18.8598003 10.19644577
v 0.61737233 12.33049201 10.99335924
v 1.77494545 12.24985527 10.95053333
v 1.77494545 12.24985527 11.43237224
v 0.61737233 12.33049201 11.91345981
v 0.61737233 12.55750321 11.91345981
v 0.61737233 12.67100881 11.91345981
v 0.61737233 12.78451441 11.91345981
v 0.61737233 12.78451441 12.3735101
v 1.77494545 12.36873665 11.91421114
v 1.77494545 12.48761804 11.91421114
v 1.77494545 12.60649942 11.91421114
v 1.77494545 12.7253808 11.91421114
v 1.77494545 12.7253808 12.39605005
v 2.12221738 12.691996 12.39173602
v 2.93251857 12.06420402 10.85193456
v 2.93251857 12.19546215 10.83358963
v 2.93251857 12.32672029 10.81524469
v 2.93251857 12.65486562 10.81524469
v 2.93251857 12.98301095 10.81524469
v 2.93251857 12.06420402 11.38393775
v 2.93251857 12.19546215 11.36559282
v 2.93251857 12.32672029 11.34724788
v 2.93251857 12.45797842 11.32890294
v 2.93251857 12.78612375 11.32890294
v 2.93251857 13.11426908 11.32890294
v 2.93251857 13.44241441 10.81524469
v 2.93251857 13.90181787 10.81524469
v 2.93251857 13.44241441 11.32890294
v 2.93251857 13.90181787 11.32890294
v 3.2797905 13.89695962 11.30785391
v 4.32160631 13.88004423 11.23456579
v 3.62706244 13.89166878 11.28493067
v 3.97433437 13.88600798 11.26040451
v 2.93251857 12.06420402 11.91594095
v 2.93251857 12.19546215 11.89759601
v 2.93251857 12.19546215 11.91594095
v 2.93251857 12.32672029 11.87925107
v 2.93251857 12.32672029 11.89759601
v 2.93251857 12.32672029 11.91594095
v 2.93251857 12.45797842 11.86090613
v 2.93251857 12.58923655 11.84256119
v 2.93251857 12.58923655 11.86090613
v 2.93251857 12.45797842 11.87925107
v 2.93251857 12.45797842 11.89759601
v 2.93251857 12.45797842 11.91594095
v 2.93251857 12.58923655 11.87925107
v 2.93251857 12.58923655 11.89759601
v 2.93251857 12.58923655 11.91594095
v 3.2797905 12.53579574 11.84052419
v 3.2797905 12.53579574 11.85954813
v 3.2797905 12.53579574 11.87857207
v 3.2797905 12.53579574 11.89759601
v 2.93251857 12.91738188 11.84256119
v 3.2797905 12.87608671 11.84052419
v 2.46948932 12.65200534 12.38892373
v 2.81676125 12.60588168 12.38719916
v 2.93251857 13.24552721 11.84256119
v 2.93251857 13.57367254 11.84256119
v 3.2797905 13.21637768 11.84052419
v 3.2797905 13.55666865 11.84052419
v 2.93251857 13.90181787 11.84256119
v 3.2797905 13.89695962 11.84052419
v 3.62706244 12.47759654 11.83830581
v 3.62706244 12.47759654 11.85806921
v 3.62706244 12.47759654 11.87783261
v 3.97433437 12.41532772 11.83593231
v 3.97433437 12.41532772 11.85648688
v 3.62706244 12.8311146 11.83830581
v 3.62706244 13.18463266 11.83830581
v 3.97433437 12.78299779 11.83593231
v 3.97433437 13.15066785 11.83593231
v 4.32160631 12.34972652 11.83343179
v 4.32160631 12.73230595 11.83343179
v 4.32160631 12.73230595 11.85481987
v 4.32160631 13.11488538 11.83343179
v 4.32160631 13.11488538 11.85481987
v 4.32160631 13.11488538 11.87620794
v 4.32160631 12.34972652 12.47507394
v 4.32160631 12.73230595 12.49646201
v 4.32160631 13.11488538 12.51785008
v 3.62706244 13.53815072 11.83830581
v 3.97433437 13.51833792 11.83593231
v 3.62706244 13.89166878 11.83830581
v 3.97433437 13.88600798 11.83593231
v 4.32160631 13.49746481 11.83343179
v 4.32160631 13.49746481 11.85481987
v 4.32160631 13.49746481 11.87620794
v 4.32160631 13.49746481 11.89759601
v 4.32160631 13.88004423 11.83343179
v 4.32160631 13.88004423 11.85481987
v 4.32160631 13.88004423 11.87620794
v 4.32160631 13.88004423 11.89759601
v 4.32160631 13.88004423 11.91898408
v 4.32160631 14.26262366 11.91898408
v 4.32160631 13.49746481 12.53923815
v 4.32160631 13.88004423 12.53923815
v 4.32160631 14.26262366 12.53923815
v 0.96464426 12.77552773 12.82431912
v 0.61737233 12.78451441 12.83356038
v 1.3119162 12.75894779 12.8203487
v 1.3119162 12.75894779 13.30600802
v 1.3119162 12.75894779 13.79166733
v 1.3119162 13.33809698 13.79166733
v 1.3119162 13.91724617 13.79166733
v 2.81676125 12.60588168 12.93120267
v 2.81676125 12.60588168 13.47520617
v 4.32160631 12.34972652 13.11671608
v 4.32160631 12.73230595 13.13810415
v 4.32160631 13.11488538 13.15949222
v 4.32160631 13.49746481 13.15949222
v 4.32160631 13.88004423 13.15949222
v 2.81676125 12.60588168 14.01920968
v 2.81676125 13.25460638 14.01920968
v 2.81676125 13.90333107 14.01920968
v 4.32160631 12.34972652 13.75835822
v 4.32160631 12.73230595 13.77974629
v 4.32160631 13.11488538 13.77974629
v 4.32160631 12.34972652 14.40000036
v 4.32160631 13.11488538 14.40000036
v 4.32160631 13.88004423 13.77974629
v 4.32160631 13.88004423 14.40000036
v 0.15434308 15.28163761 10.99335924
v 0.27010039 15.28035041 11.45386745
v 1.77494545 15.34077121 10.95053333
v 1.89070276 15.35113947 10.93465097
v 2.00646007 15.36227262 10.9180732
v 2.00646007 15.36227262 11.41627877
v 1.89070276 15.35113947 11.42868364
v 2.00646007 15.72478078 10.9180732
v 2.00646007 16.08728895 10.9180732
v 2.00646007 16.44979712 10.9180732
v 2.00646007 15.72478078 11.41627877
v 2.00646007 16.08728895 11.41627877
v 2.00646007 16.44979712 11.41627877
v 0.15434308 15.05462641 11.91345981
v 0.15434308 15.11137921 11.91345981
v 0.15434308 15.16813201 11.91345981
v 1.08040158 15.06581706 11.91363359
v 1.08040158 15.12319157 11.91363359
v 1.08040158 15.18056607 11.91363359
v 1.08040158 15.23794057 11.91363359
v 0.73312964 15.05638013 12.37432711
v 2.00646007 15.12060051 11.91448433
v 2.00646007 15.18101853 11.91448433
v 2.00646007 15.24143656 11.91448433
v 2.00646007 15.30185459 11.91448433
v 2.00646007 15.36227262 11.91448433
v 1.65918814 15.0951623 12.39239473
v 2.00646007 15.72478078 11.91448433
v 2.00646007 16.08728895 11.91448433
v 2.00646007 16.44979712 11.91448433
v 2.00646007 16.81230528 10.9180732
v 2.00646007 16.81230528 11.41627877
v 2.00646007 16.81230528 11.91448433
v 2.58524663 15.17508541 11.91533044
v 2.58524663 15.23853038 11.91533044
v 2.58524663 15.30197535 11.91533044
v 2.58524663 15.36542031 11.91533044
v 3.16403319 15.24308959 11.91638648
v 3.16403319 15.31031257 11.91638648
v 3.16403319 15.37753555 11.91638648
v 2.58524663 15.17508541 12.42962885
v 3.16403319 15.24308959 12.46131026
v 2.58524663 15.74609012 11.91533044
v 2.58524663 16.12675992 11.91533044
v 2.58524663 16.50742972 11.91533044
v 3.16403319 15.78087341 11.91638648
v 3.16403319 16.18421127 11.91638648
v 3.39554781 16.37626979 11.91686013
v 3.74281975 15.3223825 11.91761783
v 3.74281975 15.39401064 11.91761783
v 4.32160631 14.64520309 11.91898408
v 4.32160631 15.02778252 11.91898408
v 4.32160631 15.41036195 11.91898408
v 4.55312093 15.60448745 11.91955841
v 3.74281975 15.3223825 12.49825078
v 4.32160631 14.64520309 12.53923815
v 4.32160631 15.41036195 12.53923815
v 3.74281975 15.82377947 11.91761783
v 3.97433437 16.01849435 11.91815057
v 3.39554781 17.20327937 11.34856842
v 3.39554781 17.20327937 11.91686013
v 1.3119162 15.07554455 12.85272599
v 2.23797469 15.14064713 12.91237424
v 1.3119162 15.07554455 13.32219666
v 1.3119162 14.49639536 13.79166733
v 1.3119162 15.07554455 13.79166733
v 3.16403319 15.24308959 13.00623403
v 2.81676125 15.20078045 13.49333962
v 3.74281975 15.3223825 13.07888373
v 4.32160631 14.64520309 13.15949222
v 4.32160631 15.41036195 13.15949222
v 2.81676125 14.55205576 14.01920968
v 2.81676125 15.20078045 14.01920968
v 3.74281975 15.3223825 13.65951668
v 4.32160631 14.64520309 13.77974629
v 4.32160631 15.41036195 13.77974629
v 4.32160631 14.64520309 14.40000036
v 4.32160631 15.41036195 14.40000036
v 5.13190749 13.86535265 11.19435399
v 5.94220867 13.85034635 11.15697324
v 6.75250985 13.83599214 11.12633901
v 5.13190749 13.86535265 11.85071321
v 5.13190749 13.86535265 11.87415461
v 5.13190749 13.86535265 11.89759601
v 5.13190749 13.86535265 11.92103741
v 5.13190749 14.28466104 11.92103741
v 5.94220867 13.85034635 11.87205729
v 5.94220867 13.85034635 11.89759601
v 5.94220867 13.85034635 11.92313472
v 5.94220867 14.30717049 11.92313472
v 6.75250985 13.83599214 11.89759601
v 6.75250985 13.83599214 11.9251409
v 6.75250985 14.3287018 11.9251409
v 7.56281104 13.82321843 11.07635107
v 7.56281104 13.82321843 11.92692618
v 5.13190749 14.70396942 11.92103741
v 5.13190749 15.12327781 11.92103741
v 5.36342211 15.32323456 11.92163808
v 4.78463555 15.80772981 11.92014416
v 4.78463555 16.77572279 11.92014416
v 5.94220867 14.76399464 11.92313472
v 6.17372329 14.96777218 11.92372306
v 6.17372329 16.08940759 11.92372306
v 4.78463555 17.74371578 11.25497364
v 6.17372329 18.33267842 11.1529749
v 4.78463555 17.74371578 11.92014416
v 6.17372329 17.211043 11.92372306
v 6.17372329 18.33267842 11.92372306
v 7.56281104 14.76757753 11.07635107
v 7.56281104 15.0823639 11.06168598
v 7.56281104 16.34150936 11.06168598
v 7.56281104 15.0823639 11.92692618
v 7.56281104 16.34150936 11.92692618
v 7.56281104 17.60065483 11.06168598
v 7.56281104 18.8598003 11.06168598
v 7.56281104 17.60065483 11.92692618
v 7.56281104 18.8598003 11.92692618
v 9.64644265 0.42414355 8.2002861
v 9.64644265 2.03440366 8.2002861
v 10.34098652 1.46374316 8.11182528
v 10.34098652 1.46374316 8.12800378
v 10.34098652 1.46374316 8.14418229
v 10.34098652 1.46374316 8.1603608
v 10.34098652 1.46374316 8.17653931
v 10.34098652 3.08434552 8.11182528
v 10.34098652 3.08434552 8.12800378
v 10.34098652 3.08434552 8.14418229
v 10.34098652 3.08434552 8.1603608
v 10.34098652 3.08434552 8.17653931
v 9.64644265 3.64466378 8.2002861
v 9.64644265 4.67983099 8.13598505
v 9.64644265 4.67983099 8.15206032
v 9.64644265 4.67983099 8.16813558
v 9.64644265 4.67983099 8.18421084
v 9.64644265 4.67983099 8.2002861
v 10.34098652 4.70494789 8.11182528
v 10.34098652 4.70494789 8.12800378
v 10.34098652 4.70494789 8.14418229
v 10.34098652 4.70494789 8.1603608
v 10.34098652 4.70494789 8.17653931
v 12.34744659 7.84157779 7.88532293
v 12.34744659 7.84157779 7.95329985
v 16.97773906 7.84157779 7.95329985
v 10.34098652 11.48641515 8.11182528
v 10.34098652 11.48641515 8.12800378
v 10.34098652 11.48641515 8.14418229
v 10.34098652 11.48641515 8.1603608
v 10.34098652 11.48641515 8.17653931
v 9.64644265 12.07776015 8.2002861
v 10.34098652 13.10701751 8.11182528
v 10.34098652 13.10701751 8.12800378
v 10.34098652 13.10701751 8.14418229
v 10.34098652 13.10701751 8.1603608
v 10.34098652 13.10701751 8.17653931
v 9.64644265 13.68802027 8.2002861
v 12.34744659 10.15672403 7.88532293
v 12.34744659 10.15672403 7.95329985
v 9.64644265 15.29828038 8.2002861
v 10.34098652 14.72761988 8.11182528
v 10.34098652 14.72761988 8.12800378
v 10.34098652 14.72761988 8.14418229
v 10.34098652 14.72761988 8.1603608
v 10.34098652 14.72761988 8.17653931
v 10.34098652 16.34822224 8.11182528
v 10.34098652 16.34822224 8.12800378
v 10.34098652 16.34822224 8.14418229
v 10.34098652 16.34822224 8.1603608
v 10.34098652 16.34822224 8.17653931
v 9.64644265 16.90854049 8.2002861
v 9.64644265 17.94370771 8.13598505
v 9.64644265 17.94370771 8.15206032
v 9.64644265 17.94370771 8.16813558
v 9.64644265 17.94370771 8.18421084
v 9.64644265 17.94370771 8.2002861
v 10.34098652 17.96882461 8.11182528
v 10.34098652 17.96882461 8.12800378
v 10.34098652 17.96882461 8.14418229
v 10.34098652 17.96882461 8.1603608
v 10.34098652 17.96882461 8.17653931
f 1 1307 2
f 2 8 3
f 1 5 4
f 1 2 5
f 4 5 6
f 1 4 1307
f 4 6 15
f 2 3 7
f 2 7 5
f 6 5 7
f 2 1307 1308
f 2 1308 8
f 8 1308 17
f 17 1308 1311
f 4 1309 1307
f 4 15 9
f 4 9 1309
f 9 15 22
f 9 22 24
f 8 23 16
f 15 16 22
f 8 17 23
f 22 16 23
f 1307 1310 1308
f 1310 1311 1308
f 1307 1309 1310
f 1309 1312 1310
f 665 669 671
f 665 667 670
f 665 670 669
f 667 668 670
f 668 672 670
f 668 674 672
f 670 672 683
f 669 670 682
f 682 670 683
f 665 671 667
f 667 671 673
f 671 678 673
f 671 681 678
f 669 2074 671
f 669 2091 2074
f 674 680 672
f 673 679 674
f 673 678 679
f 674 679 680
f 669 682 2079
f 669 2079 2092
f 671 2074 2075
f 2074 2091 2082
f 2076 2077 2078
f 2076 2092 2080
f 2076 2078 2092
f 2078 2086 2092
f 669 2092 2091
f 2079 2080 2092
f 2082 2091 2092
f 2082 2085 2084
f 2082 2092 2085
f 2085 2092 2086
f 9 681 671
f 9 24 681
f 9 2075 1309
f 9 671 2075
f 1309 1317 1312
f 1312 1317 1314
f 1309 2075 1317
f 1314 1317 1318
f 1317 2075 2083
f 1317 2083 1318
f 1314 1318 1315
f 1315 1318 1316
f 1316 1318 1319
f 1318 2089 1319
f 2074 2082 2075
f 2075 2082 2083
f 2082 2084 2087
f 2082 2089 2083
f 2082 2087 2089
f 1318 2083 2089
f 1319 2089 2088
f 2087 2088 2089
f 3 8 25
f 25 8 162
f 3 25 687
f 3 687 7
f 6 7 666
f 7 687 666
f 6 666 15
f 15 666 667
f 8 12 162
f 8 10 12
f 8 16 10
f 15 667 673
f 16 673 10
f 674 13 10
f 15 673 16
f 673 674 10
f 674 738 13
f 738 456 13
f 162 12 427
f 666 668 667
f 666 687 688
f 666 738 668
f 666 688 738
f 668 738 674
f 687 689 688
f 1316 1319 1906
f 1906 1319 2073
f 1319 2088 2073
f 2077 2263 2078
f 2077 2261 2263
f 2078 2263 2970
f 2078 2970 2086
f 2084 2085 2090
f 2085 2086 2090
f 2086 2970 2972
f 2073 2088 2090
f 2073 2090 2972
f 2084 2090 2087
f 2090 2086 2972
f 2087 2090 2088
f 2970 2971 2972
f 672 680 737
f 672 737 792
f 680 802 737
f 672 675 677
f 672 677 685
f 672 685 683
f 672 792 675
f 792 793 675
f 793 794 675
f 682 683 686
f 686 683 943
f 682 686 2079
f 683 685 943
f 943 685 926
f 686 943 2429
f 686 2081 2079
f 686 2429 2081
f 2076 2080 2181
f 2181 2080 2182
f 2079 2081 2080
f 2081 2182 2080
f 2081 2429 2182
f 17 19 21
f 17 21 23
f 17 1311 19
f 1311 20 19
f 22 23 679
f 22 679 678
f 22 678 681
f 22 681 24
f 23 21 525
f 23 525 802
f 525 21 502
f 525 502 526
f 23 802 679
f 679 802 680
f 1313 20 1311
f 1310 1313 1311
f 1310 1312 1313
f 1313 1859 20
f 1312 1314 1313
f 1313 1314 1315
f 1313 1315 1859
f 1315 1316 1859
f 1859 1316 1906
f 1859 500 20
f 2076 2181 2183
f 2076 2183 2261
f 2076 2261 2077
f 525 457 738
f 738 457 456
f 525 523 457
f 526 524 523
f 525 526 523
f 525 738 802
f 688 689 696
f 688 696 695
f 688 695 737
f 695 792 737
f 695 696 793
f 695 793 792
f 688 737 738
f 738 737 802
f 2181 2182 2184
f 2181 2184 2183
f 2183 2184 2428
f 2183 2427 2261
f 2183 2428 2427
f 2261 2427 2263
f 2427 2985 2263
f 2427 2428 2986
f 2427 2986 2985
f 2263 2985 2970
f 2970 2985 2971
f 2971 2985 2986
f 26 27 32
f 27 28 33
f 28 29 34
f 29 30 35
f 26 32 31
f 27 33 32
f 28 34 33
f 29 35 34
f 31 32 37
f 32 33 38
f 33 34 39
f 34 35 40
f 31 37 36
f 32 38 37
f 33 39 38
f 34 40 39
f 36 37 42
f 37 38 43
f 38 39 44
f 39 40 45
f 36 42 41
f 37 43 42
f 38 44 43
f 39 45 44
f 41 42 47
f 42 43 48
f 43 44 49
f 44 45 50
f 41 47 46
f 42 48 47
f 43 49 48
f 44 50 49
f 46 47 130
f 47 48 131
f 48 49 132
f 49 50 133
f 26 72 27
f 27 73 28
f 28 74 29
f 29 75 30
f 30 76 35
f 27 72 73
f 28 73 74
f 29 74 75
f 30 75 76
f 35 76 78
f 35 78 40
f 72 91 73
f 73 92 74
f 74 93 75
f 75 94 76
f 76 95 78
f 73 91 92
f 74 92 93
f 75 93 94
f 76 94 95
f 78 98 81
f 78 95 98
f 40 81 45
f 40 78 81
f 45 81 84
f 81 98 105
f 81 105 84
f 84 87 128
f 86 128 87
f 84 105 87
f 86 87 106
f 86 106 88
f 86 88 90
f 91 99 92
f 92 100 93
f 93 101 94
f 94 102 95
f 95 103 98
f 92 99 100
f 93 100 101
f 94 101 102
f 95 102 103
f 98 103 112
f 87 105 110
f 87 110 106
f 98 112 105
f 108 111 116
f 105 112 110
f 88 109 90
f 88 106 111
f 88 111 108
f 88 108 109
f 90 109 146
f 106 110 119
f 106 119 111
f 111 120 116
f 111 119 120
f 116 120 121
f 110 112 209
f 110 209 119
f 119 210 120
f 120 221 121
f 45 84 50
f 84 128 50
f 50 128 133
f 86 134 128
f 128 134 133
f 133 134 140
f 46 130 129
f 47 131 130
f 48 132 131
f 49 133 132
f 129 130 137
f 130 131 138
f 131 132 139
f 132 133 140
f 129 137 136
f 130 138 137
f 131 139 138
f 132 140 139
f 86 90 134
f 134 135 140
f 90 135 134
f 140 135 145
f 136 137 142
f 137 138 143
f 138 139 144
f 139 140 145
f 136 142 141
f 137 143 142
f 138 144 143
f 139 145 144
f 90 146 135
f 135 147 145
f 135 146 147
f 145 147 152
f 141 142 149
f 142 143 150
f 143 144 151
f 144 145 152
f 141 149 148
f 142 150 149
f 143 151 150
f 144 152 151
f 99 204 100
f 100 205 101
f 101 206 102
f 102 207 103
f 103 208 112
f 100 204 205
f 101 205 206
f 102 206 207
f 103 207 208
f 119 209 210
f 112 208 209
f 120 210 221
f 208 215 209
f 209 215 210
f 204 211 205
f 205 212 206
f 206 213 207
f 207 214 208
f 205 211 212
f 206 212 213
f 207 213 214
f 208 214 215
f 211 216 212
f 212 217 213
f 213 218 214
f 214 219 215
f 210 215 220
f 210 220 221
f 212 216 217
f 213 217 218
f 214 218 219
f 215 219 220
f 216 224 217
f 217 225 218
f 218 226 219
f 219 227 220
f 121 221 223
f 221 220 228
f 221 228 223
f 223 228 233
f 217 224 225
f 218 225 226
f 219 226 227
f 220 227 228
f 224 229 225
f 225 230 226
f 226 231 227
f 227 232 228
f 225 229 230
f 226 230 231
f 227 231 232
f 228 232 233
f 1520 1441 1440
f 1521 1442 1441
f 1523 1451 1442
f 1524 1452 1451
f 1483 1479 1478
f 1484 1480 1479
f 1485 1481 1480
f 1486 1482 1481
f 1483 1484 1479
f 1484 1485 1480
f 1485 1486 1481
f 1486 1487 1482
f 1487 1494 1482
f 1483 1488 1484
f 1484 1489 1485
f 1485 1490 1486
f 1486 1491 1487
f 1487 1492 1505
f 1487 1505 1494
f 1484 1488 1489
f 1485 1489 1490
f 1486 1490 1491
f 1487 1491 1492
f 1492 2028 1505
f 1520 1482 1494
f 1520 1494 1493
f 1499 1496 1493
f 1494 1503 1493
f 1499 1493 1503
f 1500 1497 1496
f 1499 1500 1496
f 1494 1505 1503
f 1499 1503 1507
f 1499 1507 1504
f 1504 1514 1511
f 1504 1507 1514
f 1499 1504 1500
f 1503 1505 1508
f 1503 1508 1507
f 2028 1508 1505
f 1507 1510 1514
f 1507 1508 1510
f 1508 2039 1510
f 1511 1514 1516
f 1511 1516 1512
f 1512 1516 1517
f 1512 1517 1513
f 1514 1518 1516
f 1510 1518 1514
f 1510 2040 1518
f 1516 1519 1517
f 1516 1518 1519
f 1518 2046 1519
f 1520 1440 1482
f 1436 1478 1437
f 1437 1479 1438
f 1438 1480 1439
f 1439 1481 1440
f 1520 1521 1441
f 1521 1523 1442
f 1437 1478 1479
f 1438 1479 1480
f 1439 1480 1481
f 1440 1481 1482
f 1520 1493 1521
f 1521 1496 1523
f 1521 1493 1496
f 1523 1524 1451
f 1523 1497 1524
f 1523 1496 1497
f 1513 1887 1871
f 1513 1517 1887
f 1867 1868 1884
f 1868 1869 1885
f 1869 1870 1886
f 1870 1871 1887
f 1867 1884 1883
f 1868 1885 1884
f 1869 1886 1885
f 1870 1887 1886
f 1517 1892 1887
f 1883 1884 1889
f 1884 1885 1890
f 1885 1886 1891
f 1886 1887 1892
f 1517 1519 1892
f 1883 1889 1888
f 1884 1890 1889
f 1885 1891 1890
f 1886 1892 1891
f 1519 2056 1892
f 1888 1889 2053
f 1889 1890 2054
f 1890 1891 2055
f 1891 1892 2056
f 1489 2029 2030
f 1490 2030 2031
f 1491 2031 2032
f 1492 2032 2033
f 1488 2029 1489
f 1489 2030 1490
f 1490 2031 1491
f 1491 2032 1492
f 1492 2033 2028
f 2029 2034 2030
f 2030 2035 2031
f 2031 2036 2032
f 2032 2037 2033
f 2028 2039 1508
f 2028 2033 2038
f 2030 2034 2035
f 2031 2035 2036
f 2032 2036 2037
f 2033 2037 2038
f 2028 2038 2039
f 1510 2039 2040
f 2039 2038 2045
f 2034 2041 2035
f 2035 2042 2036
f 2036 2043 2037
f 2037 2044 2038
f 2035 2041 2042
f 2036 2042 2043
f 2037 2043 2044
f 2038 2044 2045
f 2039 2045 2040
f 2040 2045 2051
f 2041 2047 2042
f 2042 2048 2043
f 2043 2049 2044
f 2044 2050 2045
f 1518 2040 2046
f 2040 2051 2046
f 2042 2047 2048
f 2043 2048 2049
f 2044 2049 2050
f 2045 2050 2051
f 2047 2057 2048
f 2048 2058 2049
f 2049 2059 2050
f 2050 2060 2051
f 1519 2046 2056
f 1888 2053 2052
f 1889 2054 2053
f 1890 2055 2054
f 1891 2056 2055
f 2046 2051 2061
f 2048 2057 2058
f 2049 2058 2059
f 2050 2059 2060
f 2051 2060 2061
f 2046 2061 2056
f 2052 2053 2058
f 2053 2054 2059
f 2054 2055 2060
f 2055 2056 2061
f 2052 2058 2057
f 2053 2059 2058
f 2054 2060 2059
f 2055 2061 2060
f 183 184 186
f 183 186 185
f 184 198 186
f 185 186 428
f 186 198 428
f 184 195 198
f 195 196 199
f 196 197 200
f 195 199 198
f 196 200 199
f 198 199 428
f 199 200 428
f 197 297 200
f 200 300 429
f 200 297 300
f 429 300 504
f 297 318 300
f 300 320 504
f 322 508 504
f 300 318 320
f 320 322 504
f 318 326 320
f 320 328 322
f 322 330 512
f 320 326 328
f 322 328 330
f 512 330 332
f 200 429 428
f 429 504 506
f 504 508 506
f 509 510 513
f 508 517 510
f 322 512 508
f 508 512 517
f 510 514 513
f 510 515 514
f 510 516 515
f 510 517 516
f 512 332 517
f 513 514 519
f 514 515 520
f 515 516 521
f 516 517 522
f 517 332 522
f 513 519 518
f 514 520 519
f 515 521 520
f 516 522 521
f 326 1388 328
f 328 1388 1403
f 328 1403 330
f 330 1408 332
f 330 1403 1408
f 332 1408 1413
f 1380 1399 1381
f 1381 1400 1382
f 1382 1401 1383
f 1383 1402 1388
f 1381 1399 1400
f 1382 1400 1401
f 1383 1401 1402
f 1388 1402 1403
f 1399 1404 1400
f 1400 1405 1401
f 1401 1406 1402
f 1402 1407 1403
f 1400 1404 1405
f 1401 1405 1406
f 1402 1406 1407
f 1403 1407 1408
f 1404 1409 1405
f 1405 1410 1406
f 1406 1411 1407
f 1407 1412 1408
f 1405 1409 1410
f 1406 1410 1411
f 1407 1411 1412
f 1408 1412 1413
f 332 1413 522
f 518 519 1772
f 519 520 1773
f 520 521 1774
f 521 522 1775
f 518 1772 1771
f 519 1773 1772
f 522 1413 1775
f 520 1774 1773
f 521 1775 1774
f 1409 1771 1410
f 1410 1772 1411
f 1411 1773 1412
f 1412 1774 1413
f 1410 1771 1772
f 1411 1772 1773
f 1412 1773 1774
f 1413 1774 1775
f 250 251 261
f 251 252 262
f 252 253 263
f 253 254 264
f 250 261 260
f 251 262 261
f 252 263 262
f 253 264 263
f 260 261 266
f 261 262 267
f 262 263 268
f 263 264 269
f 260 266 265
f 261 267 266
f 262 268 267
f 263 269 268
f 265 266 271
f 266 267 272
f 267 268 273
f 268 269 274
f 265 271 270
f 266 272 271
f 267 273 272
f 268 274 273
f 270 271 306
f 271 272 307
f 272 273 308
f 273 274 309
f 270 306 305
f 271 307 306
f 272 308 307
f 273 309 308
f 250 275 251
f 251 276 252
f 252 277 253
f 253 278 254
f 254 279 264
f 264 280 269
f 269 282 274
f 274 284 309
f 251 275 276
f 252 276 277
f 253 277 278
f 254 278 279
f 264 279 280
f 269 280 282
f 274 282 284
f 309 284 312
f 1331 1332 1322
f 1332 1333 1323
f 1333 1334 1324
f 1334 1335 1325
f 1335 1336 1326
f 275 1321 276
f 276 1322 277
f 277 1323 278
f 278 1324 279
f 279 1325 280
f 284 1320 312
f 280 1326 282
f 282 1328 284
f 276 1321 1322
f 277 1322 1323
f 278 1323 1324
f 279 1324 1325
f 280 1325 1326
f 282 1326 1328
f 284 1328 1320
f 1320 1330 1369
f 1338 1320 1328
f 1331 1322 1321
f 1332 1323 1322
f 1333 1324 1323
f 1334 1325 1324
f 1335 1326 1325
f 1336 1328 1326
f 1338 1328 1336
f 1338 1330 1320
f 1331 1342 1332
f 1332 1343 1333
f 1333 1344 1334
f 1334 1345 1335
f 1335 1346 1336
f 1341 1373 1330
f 1338 1363 1330
f 1340 1373 1341
f 1338 1336 1352
f 1338 1352 1363
f 1341 1330 1363
f 1340 1341 1425
f 1341 1365 1425
f 1342 1347 1343
f 1343 1348 1344
f 1344 1349 1345
f 1345 1350 1346
f 1343 1347 1348
f 1344 1348 1349
f 1345 1349 1350
f 1346 1350 1351
f 1336 1346 1352
f 1332 1342 1343
f 1333 1343 1344
f 1334 1344 1345
f 1335 1345 1346
f 1352 1346 1351
f 1352 1351 1364
f 1347 1353 1348
f 1348 1354 1349
f 1349 1355 1350
f 1350 1356 1351
f 1348 1353 1354
f 1349 1354 1355
f 1350 1355 1356
f 1351 1356 1357
f 1353 1358 1354
f 1354 1359 1355
f 1355 1360 1356
f 1356 1361 1357
f 1354 1358 1359
f 1355 1359 1360
f 1356 1360 1361
f 1357 1361 1362
f 1358 1436 1359
f 1359 1437 1360
f 1360 1438 1361
f 1361 1439 1362
f 1341 1363 1365
f 1364 1365 1363
f 1352 1364 1363
f 1365 1443 1425
f 1366 1443 1365
f 1364 1366 1365
f 1366 1445 1443
f 1364 1351 1357
f 1364 1357 1366
f 1366 1357 1362
f 1366 1362 1445
f 312 1320 1369
f 1330 1373 1369
f 1340 1425 1424
f 1424 1425 1426
f 1424 1426 1427
f 1425 1443 1426
f 1427 1426 1428
f 1427 1428 1429
f 1426 1444 1428
f 1428 1448 1431
f 1428 1431 1429
f 1429 1431 1430
f 1430 1431 1432
f 1431 1453 1432
f 1359 1436 1437
f 1360 1437 1438
f 1361 1438 1439
f 1362 1439 1440
f 1445 1444 1443
f 1426 1443 1444
f 1445 1449 1444
f 1428 1444 1448
f 1449 1448 1444
f 1450 1453 1448
f 1449 1450 1448
f 1362 1440 1445
f 1445 1440 1449
f 1449 1440 1441
f 1449 1441 1450
f 1450 1441 1442
f 1450 1442 1455
f 1431 1448 1453
f 1432 1453 1454
f 1455 1454 1453
f 1450 1455 1453
f 1455 1456 1454
f 1455 1442 1451
f 1455 1451 1456
f 1456 1451 1452
f 371 379 373
f 371 374 372
f 373 380 397
f 371 373 374
f 373 398 374
f 372 376 375
f 375 390 388
f 372 374 376
f 374 401 376
f 375 376 390
f 376 413 390
f 379 1553 380
f 379 380 373
f 380 1554 403
f 388 391 389
f 388 390 391
f 390 414 391
f 389 391 396
f 389 396 392
f 391 417 396
f 392 396 1583
f 373 397 398
f 397 403 399
f 397 399 400
f 397 400 398
f 374 398 401
f 376 401 413
f 398 400 402
f 398 402 401
f 401 402 415
f 401 415 413
f 397 380 403
f 403 1701 404
f 403 404 399
f 399 404 406
f 399 407 400
f 399 406 407
f 406 409 407
f 400 408 402
f 400 407 408
f 407 410 408
f 402 419 415
f 402 408 419
f 408 411 419
f 406 404 405
f 406 405 409
f 407 409 410
f 408 410 411
f 419 411 412
f 390 413 414
f 391 414 417
f 413 415 416
f 413 416 414
f 414 416 418
f 414 418 417
f 415 420 416
f 415 419 420
f 419 412 420
f 416 420 421
f 416 421 418
f 420 412 421
f 1553 1558 1554
f 380 1553 1554
f 1554 1560 1701
f 1558 1624 1560
f 1558 1560 1554
f 1701 1560 1559
f 1700 1559 1633
f 1702 1633 1634
f 392 1583 1576
f 1576 1589 1579
f 1576 1583 1589
f 396 1708 1583
f 1579 1681 1584
f 1583 1709 1589
f 1579 1589 1681
f 1624 1628 1560
f 1620 1625 1621
f 1621 1626 1622
f 1621 1625 1626
f 1622 1627 1623
f 1623 1628 1624
f 1626 1627 1622
f 1623 1627 1628
f 1620 1631 1625
f 1625 1639 1626
f 1626 1640 1627
f 1627 1641 1628
f 1628 1641 1559
f 1643 1633 1641
f 1620 1629 1631
f 1629 1632 1631
f 1629 1630 1632
f 1625 1631 1644
f 1631 1632 1645
f 1628 1559 1560
f 1641 1633 1559
f 1643 1634 1633
f 1634 1654 1712
f 1630 1635 1637
f 1630 1637 1632
f 1635 1638 1637
f 1635 1636 1638
f 1632 1637 1657
f 1637 1638 1658
f 1626 1639 1640
f 1627 1640 1641
f 1625 1644 1639
f 1639 1642 1640
f 1640 1643 1641
f 1639 1644 1646
f 1640 1642 1643
f 1639 1646 1642
f 1643 1648 1634
f 1631 1645 1644
f 1632 1657 1645
f 1644 1645 1647
f 1644 1647 1646
f 1645 1659 1647
f 1642 1648 1643
f 1642 1646 1649
f 1642 1649 1648
f 1648 1649 1650
f 1648 1650 1654
f 1646 1647 1651
f 1649 1652 1650
f 1646 1651 1649
f 1649 1651 1652
f 1650 1652 1653
f 1647 1661 1651
f 1651 1662 1652
f 1652 1663 1653
f 1650 1653 1655
f 1653 1664 1656
f 1648 1654 1634
f 1650 1655 1654
f 1653 1656 1655
f 1645 1657 1659
f 1637 1658 1657
f 1657 1658 1660
f 1657 1660 1659
f 1647 1659 1661
f 1651 1661 1662
f 1652 1662 1663
f 1653 1663 1664
f 1659 1660 1665
f 1659 1665 1661
f 1661 1666 1662
f 1661 1665 1666
f 1662 1666 1667
f 1662 1667 1663
f 1663 1668 1664
f 1663 1667 1668
f 1664 1668 1669
f 1664 1669 1671
f 1669 1670 1671
f 1670 1691 1672
f 1664 1671 1656
f 1670 1672 1671
f 1691 1673 1672
f 1584 1681 1674
f 1674 1682 1678
f 1674 1681 1682
f 1678 1682 1695
f 1678 1695 1689
f 1691 1692 1673
f 1692 1693 1696
f 1689 1697 1693
f 1689 1695 1697
f 1692 1696 1673
f 1693 1697 1696
f 403 1554 1701
f 404 1701 1700
f 405 1700 1702
f 404 1700 405
f 405 1703 409
f 405 1702 1703
f 1701 1559 1700
f 1700 1633 1702
f 1702 1634 1712
f 1702 1712 1703
f 1712 1713 1703
f 409 1704 410
f 409 1703 1704
f 410 1704 1705
f 410 1705 411
f 411 1706 412
f 411 1705 1706
f 412 1706 1707
f 1703 1713 1704
f 1704 1713 1719
f 1704 1719 1705
f 1705 1719 1720
f 1705 1720 1706
f 1706 1720 1721
f 1706 1721 1707
f 1707 1721 1734
f 396 417 1708
f 417 1710 1708
f 417 418 1710
f 418 1711 1710
f 1583 1708 1709
f 1708 1710 1730
f 1708 1730 1709
f 418 421 1711
f 412 1707 421
f 421 1707 1711
f 1710 1711 1735
f 1707 1734 1711
f 1711 1734 1735
f 1710 1735 1730
f 1712 1714 1713
f 1712 1654 1714
f 1654 1655 1714
f 1655 1715 1714
f 1655 1656 1715
f 1656 1671 1716
f 1656 1716 1715
f 1713 1714 1722
f 1714 1715 1722
f 1715 1716 1723
f 1716 1717 1723
f 1671 1672 1716
f 1672 1673 1717
f 1672 1717 1716
f 1673 1718 1717
f 1673 1696 1718
f 1718 1696 1732
f 1717 1718 1724
f 1718 1732 1727
f 1713 1722 1719
f 1719 1725 1720
f 1720 1726 1721
f 1721 1728 1734
f 1715 1723 1722
f 1717 1724 1723
f 1719 1722 1725
f 1720 1725 1726
f 1722 1723 1725
f 1723 1724 1725
f 1724 1726 1725
f 1718 1727 1724
f 1732 1737 1727
f 1721 1726 1728
f 1734 1728 1739
f 1724 1727 1726
f 1727 1728 1726
f 1727 1737 1728
f 1728 1737 1739
f 1589 1729 1681
f 1589 1709 1729
f 1681 1729 1682
f 1682 1729 1731
f 1709 1736 1729
f 1709 1730 1736
f 1682 1731 1695
f 1695 1731 1733
f 1696 1697 1732
f 1695 1733 1697
f 1697 1733 1732
f 1729 1736 1731
f 1732 1733 1737
f 1731 1738 1733
f 1734 1739 1735
f 1730 1735 1740
f 1731 1736 1738
f 1730 1740 1736
f 1733 1738 1737
f 1736 1740 1738
f 1735 1739 1740
f 1737 1738 1739
f 1738 1740 1739
f 108 117 109
f 108 116 117
f 109 118 146
f 109 117 118
f 117 116 122
f 118 187 146
f 117 124 118
f 117 122 124
f 118 125 187
f 116 121 122
f 121 223 123
f 121 123 122
f 118 124 125
f 122 126 124
f 187 125 190
f 124 333 125
f 124 126 333
f 125 334 190
f 122 123 126
f 123 244 127
f 123 127 126
f 126 127 335
f 127 246 335
f 146 187 147
f 147 188 152
f 148 149 153
f 149 150 154
f 150 151 155
f 151 152 156
f 149 154 153
f 150 155 154
f 151 156 155
f 152 189 156
f 153 154 163
f 154 155 164
f 155 156 165
f 154 164 163
f 155 165 164
f 163 164 167
f 164 165 168
f 156 192 165
f 164 168 167
f 165 193 168
f 167 168 170
f 170 172 171
f 171 172 177
f 168 194 170
f 171 177 176
f 172 178 177
f 176 177 180
f 177 178 181
f 176 180 179
f 177 181 180
f 178 182 181
f 179 184 183
f 180 195 184
f 181 196 195
f 182 197 196
f 179 180 184
f 180 181 195
f 181 182 196
f 147 187 188
f 187 190 188
f 152 188 189
f 156 189 192
f 188 191 189
f 188 190 191
f 190 339 191
f 189 191 201
f 191 340 201
f 165 192 193
f 189 201 192
f 192 202 193
f 168 193 194
f 193 203 194
f 170 295 172
f 170 194 295
f 172 302 178
f 178 301 182
f 172 295 302
f 192 201 202
f 201 345 202
f 193 202 203
f 202 346 203
f 194 203 303
f 194 303 295
f 203 360 303
f 123 223 244
f 223 233 244
f 233 238 244
f 238 245 244
f 229 234 230
f 230 235 231
f 231 236 232
f 232 237 233
f 230 234 235
f 231 235 236
f 232 236 237
f 233 237 238
f 234 239 235
f 235 240 236
f 236 241 237
f 237 242 238
f 238 243 245
f 235 239 240
f 236 240 241
f 237 241 242
f 238 242 243
f 243 259 248
f 239 255 240
f 240 256 241
f 241 257 242
f 242 258 243
f 240 255 256
f 241 256 257
f 242 257 258
f 243 258 259
f 127 245 246
f 127 244 245
f 245 248 246
f 336 246 247
f 246 248 247
f 243 248 245
f 247 248 249
f 259 249 248
f 247 249 367
f 255 305 256
f 256 306 257
f 257 307 258
f 258 308 259
f 256 305 306
f 257 306 307
f 258 307 308
f 259 308 309
f 259 309 249
f 309 315 249
f 249 315 367
f 182 304 197
f 178 302 301
f 197 304 297
f 182 301 304
f 295 303 381
f 295 381 302
f 301 302 382
f 297 304 323
f 301 383 304
f 302 381 382
f 309 312 315
f 312 1370 315
f 367 315 1547
f 297 323 318
f 304 383 323
f 301 382 383
f 318 323 1379
f 318 1379 326
f 323 383 1561
f 323 1561 1379
f 125 333 334
f 126 335 333
f 333 337 334
f 333 335 337
f 334 337 341
f 335 246 336
f 337 335 336
f 337 336 352
f 337 338 341
f 337 352 338
f 338 353 343
f 334 339 190
f 334 341 339
f 339 341 342
f 191 339 340
f 339 342 340
f 340 342 347
f 341 343 342
f 342 344 347
f 338 343 341
f 343 355 344
f 342 343 344
f 344 356 349
f 201 340 345
f 340 347 345
f 345 347 348
f 202 345 346
f 345 348 346
f 203 346 360
f 346 348 363
f 346 363 360
f 347 349 348
f 347 344 349
f 349 361 350
f 348 349 350
f 348 350 363
f 336 247 351
f 336 351 352
f 247 367 351
f 338 352 354
f 338 354 353
f 352 351 369
f 352 369 354
f 351 367 368
f 351 368 369
f 343 353 355
f 353 357 355
f 344 355 356
f 355 358 356
f 356 359 361
f 355 357 358
f 353 354 370
f 353 370 357
f 357 371 358
f 356 358 359
f 361 359 365
f 358 372 359
f 359 375 365
f 303 360 384
f 360 363 386
f 303 384 381
f 360 386 384
f 349 356 361
f 350 361 362
f 350 362 364
f 361 365 362
f 350 364 363
f 362 365 366
f 363 364 386
f 362 387 364
f 362 366 387
f 365 388 366
f 367 1547 368
f 358 371 372
f 354 369 377
f 354 377 370
f 357 370 378
f 357 378 371
f 359 372 375
f 365 375 388
f 371 378 379
f 369 368 1550
f 369 1550 377
f 370 377 1551
f 370 1551 378
f 378 1552 379
f 381 384 385
f 381 385 382
f 382 1562 383
f 383 1562 1561
f 384 395 385
f 382 385 1562
f 366 388 389
f 364 393 386
f 364 387 393
f 366 389 394
f 366 394 387
f 384 386 395
f 389 392 394
f 386 393 395
f 387 1578 393
f 387 394 1578
f 392 1577 394
f 392 1576 1577
f 394 1577 1578
f 393 1582 395
f 1340 1457 1367
f 1367 1594 1544
f 312 1369 1370
f 315 1370 1547
f 1369 1374 1370
f 1369 1373 1374
f 1373 1367 1374
f 1370 1374 1548
f 1374 1544 1548
f 326 1395 1388
f 326 1379 1395
f 1380 1381 1384
f 1381 1382 1385
f 1382 1383 1386
f 1383 1388 1387
f 1381 1385 1384
f 1382 1386 1385
f 1383 1387 1386
f 1389 1384 1385
f 1390 1385 1386
f 1386 1387 1391
f 1389 1385 1390
f 1390 1386 1391
f 1388 1395 1387
f 1387 1396 1391
f 1387 1395 1396
f 1389 1390 1392
f 1390 1393 1392
f 1390 1391 1393
f 1392 1393 1394
f 1391 1397 1393
f 1393 1398 1394
f 1391 1396 1397
f 1393 1397 1398
f 1379 1563 1395
f 1395 1563 1396
f 1397 1396 1564
f 1397 1565 1398
f 1396 1563 1564
f 1397 1564 1565
f 1340 1367 1373
f 1340 1424 1458
f 1340 1458 1457
f 1424 1459 1458
f 1424 1427 1459
f 1427 1429 1460
f 1427 1460 1459
f 1374 1367 1544
f 1367 1457 1594
f 1457 1458 1596
f 1457 1595 1594
f 1457 1596 1595
f 1458 1597 1596
f 1458 1459 1597
f 1459 1460 1603
f 1459 1603 1597
f 1429 1430 1461
f 1429 1461 1460
f 1460 1461 1604
f 1460 1604 1603
f 1544 1599 1545
f 1545 1611 1546
f 1370 1548 1547
f 368 1547 1549
f 368 1549 1550
f 1547 1548 1549
f 1548 1545 1549
f 378 1551 1552
f 379 1552 1553
f 377 1550 1555
f 377 1555 1551
f 1551 1556 1552
f 1552 1557 1553
f 1551 1555 1556
f 1552 1556 1557
f 1553 1557 1558
f 1550 1549 1546
f 1550 1546 1555
f 1555 1612 1556
f 1556 1615 1557
f 1557 1619 1558
f 1379 1561 1563
f 1561 1562 1567
f 385 1588 1562
f 1561 1567 1563
f 1563 1567 1564
f 1564 1566 1565
f 1562 1588 1567
f 1564 1567 1566
f 1567 1588 1566
f 1576 1580 1577
f 393 1578 1582
f 1577 1581 1578
f 1576 1579 1580
f 385 395 1588
f 1577 1580 1581
f 1578 1581 1582
f 395 1582 1588
f 1579 1584 1585
f 1579 1585 1580
f 1580 1586 1581
f 1581 1587 1582
f 1580 1585 1586
f 1581 1586 1587
f 1582 1587 1588
f 1548 1544 1545
f 1544 1594 1599
f 1594 1595 1598
f 1595 1596 1601
f 1594 1598 1599
f 1595 1600 1598
f 1595 1601 1600
f 1596 1597 1602
f 1597 1603 1605
f 1596 1602 1601
f 1597 1605 1602
f 1549 1545 1546
f 1545 1599 1611
f 1599 1598 1613
f 1598 1600 1616
f 1598 1616 1613
f 1600 1601 1629
f 1600 1620 1616
f 1600 1629 1620
f 1601 1630 1629
f 1601 1602 1630
f 1602 1635 1630
f 1603 1604 1606
f 1603 1606 1605
f 1602 1605 1635
f 1605 1606 1636
f 1605 1636 1635
f 1555 1546 1612
f 1556 1612 1615
f 1557 1615 1619
f 1558 1619 1624
f 1599 1613 1611
f 1546 1611 1612
f 1611 1614 1612
f 1611 1613 1614
f 1612 1614 1615
f 1613 1617 1614
f 1616 1617 1613
f 1614 1617 1618
f 1614 1618 1615
f 1615 1618 1619
f 1616 1621 1617
f 1616 1620 1621
f 1617 1622 1618
f 1621 1622 1617
f 1618 1622 1623
f 1618 1623 1619
f 1619 1623 1624
f 1394 1418 1414
f 1394 1398 1418
f 1398 1568 1418
f 1398 1565 1568
f 1414 1419 1415
f 1414 1418 1419
f 1415 1419 1420
f 1415 1420 1416
f 1416 1421 1417
f 1416 1420 1421
f 1418 1569 1419
f 1418 1568 1569
f 1419 1569 1570
f 1419 1570 1420
f 1420 1570 1571
f 1420 1571 1421
f 1432 1454 1462
f 1456 1465 1454
f 1456 1452 1464
f 1452 1466 1464
f 1452 1526 1466
f 1430 1432 1461
f 1432 1462 1461
f 1461 1462 1604
f 1462 1465 1463
f 1462 1463 1604
f 1454 1465 1462
f 1456 1464 1465
f 1464 1467 1465
f 1464 1466 1468
f 1465 1467 1463
f 1464 1468 1467
f 1468 1466 1469
f 1466 1529 1469
f 1500 1504 1535
f 1504 1511 1535
f 1511 1512 1537
f 1512 1513 1538
f 1524 1497 1527
f 1524 1526 1452
f 1524 1527 1526
f 1497 1528 1527
f 1500 1528 1497
f 1527 1528 1530
f 1526 1529 1466
f 1526 1527 1531
f 1526 1531 1529
f 1469 1529 1741
f 1529 1531 1742
f 1527 1530 1531
f 1531 1530 1743
f 1500 1535 1528
f 1511 1537 1535
f 1528 1535 1536
f 1535 1537 1536
f 1528 1536 1530
f 1537 1540 1536
f 1530 1536 1764
f 1536 1540 1764
f 1540 1766 1764
f 1512 1538 1537
f 1537 1538 1540
f 1513 1539 1538
f 1538 1539 1541
f 1539 1900 1541
f 1900 1901 1542
f 1538 1541 1540
f 1540 1541 1766
f 1541 1542 1766
f 1542 1767 1766
f 1900 1542 1541
f 1901 1543 1542
f 1542 1543 1767
f 1543 1768 1767
f 1543 1904 1768
f 1565 1572 1568
f 1565 1566 1572
f 1566 1590 1572
f 1568 1573 1569
f 1569 1574 1570
f 1570 1575 1571
f 1568 1572 1573
f 1569 1573 1574
f 1572 1591 1573
f 1570 1574 1575
f 1573 1592 1574
f 1574 1593 1575
f 1566 1588 1590
f 1584 1674 1585
f 1585 1675 1586
f 1586 1676 1587
f 1587 1677 1588
f 1588 1677 1590
f 1572 1590 1591
f 1573 1591 1592
f 1590 1683 1591
f 1591 1684 1592
f 1574 1592 1593
f 1592 1685 1593
f 1604 1463 1606
f 1463 1467 1607
f 1463 1607 1606
f 1606 1607 1636
f 1607 1638 1636
f 1607 1609 1638
f 1467 1468 1609
f 1467 1609 1607
f 1468 1610 1609
f 1468 1469 1610
f 1469 1741 1608
f 1469 1608 1610
f 1609 1610 1658
f 1609 1658 1638
f 1610 1660 1658
f 1610 1608 1660
f 1660 1608 1665
f 1608 1744 1665
f 1665 1744 1666
f 1666 1745 1667
f 1667 1746 1668
f 1668 1747 1669
f 1669 1747 1670
f 1670 1748 1691
f 1585 1674 1675
f 1586 1675 1676
f 1587 1676 1677
f 1590 1677 1683
f 1674 1678 1675
f 1675 1679 1676
f 1676 1680 1677
f 1677 1680 1683
f 1675 1678 1679
f 1676 1679 1680
f 1683 1680 1686
f 1678 1689 1679
f 1679 1690 1680
f 1680 1690 1686
f 1591 1683 1684
f 1683 1686 1684
f 1684 1687 1685
f 1592 1684 1685
f 1593 1685 1688
f 1684 1686 1687
f 1686 1698 1687
f 1685 1687 1699
f 1685 1699 1688
f 1593 1688 1933
f 1679 1689 1690
f 1686 1690 1698
f 1689 1693 1690
f 1690 1693 1698
f 1691 1756 1692
f 1692 1757 1693
f 1698 1693 1757
f 1698 1757 1694
f 1699 1694 1758
f 1687 1698 1694
f 1687 1694 1699
f 1688 1699 1759
f 1688 1760 1933
f 1688 1759 1760
f 1529 1742 1741
f 1608 1741 1744
f 1741 1742 1749
f 1741 1749 1744
f 1531 1743 1742
f 1742 1753 1749
f 1742 1743 1753
f 1666 1744 1745
f 1667 1745 1746
f 1668 1746 1747
f 1670 1747 1748
f 1744 1749 1745
f 1745 1750 1746
f 1746 1751 1747
f 1745 1749 1750
f 1746 1750 1751
f 1747 1751 1748
f 1748 1752 1756
f 1748 1751 1752
f 1749 1753 1750
f 1750 1754 1751
f 1751 1754 1752
f 1752 1755 1761
f 1750 1753 1754
f 1752 1754 1755
f 1762 1755 1765
f 1748 1756 1691
f 1692 1756 1757
f 1699 1758 1759
f 1694 1757 1761
f 1756 1761 1757
f 1756 1752 1761
f 1694 1761 1758
f 1759 1758 1762
f 1759 1762 1763
f 1759 1763 1760
f 1760 1763 2022
f 1758 1761 1755
f 1758 1755 1762
f 1762 1769 1763
f 1763 1770 2022
f 1530 1764 1743
f 1743 1764 1765
f 1743 1765 1753
f 1764 1766 1765
f 1753 1765 1754
f 1754 1765 1755
f 1765 1766 1767
f 1765 1767 1769
f 1767 1768 1769
f 1768 1770 1769
f 1768 2024 1770
f 1762 1765 1769
f 1763 1769 1770
f 1777 1897 1895
f 1417 1421 1778
f 1777 1417 1778
f 1421 1571 1779
f 1421 1779 1778
f 1777 1778 1897
f 1778 1898 1897
f 1778 1779 1898
f 1867 1872 1868
f 1868 1873 1869
f 1868 1872 1873
f 1873 1874 1869
f 1869 1874 1870
f 1870 1875 1871
f 1870 1874 1875
f 1872 1876 1873
f 1873 1877 1874
f 1874 1878 1875
f 1513 1871 1539
f 1539 1871 1875
f 1880 1901 1878
f 1875 1878 1900
f 1873 1876 1877
f 1874 1877 1878
f 1876 1879 1877
f 1877 1880 1878
f 1877 1879 1880
f 1879 1881 1880
f 1881 1865 1903
f 1880 1881 1902
f 1895 1897 1896
f 1895 1896 1865
f 1865 1896 1903
f 1897 1898 1899
f 1896 1897 1899
f 1898 2020 1899
f 1896 1899 1905
f 1539 1875 1900
f 1878 1901 1900
f 1880 1902 1901
f 1901 1902 1543
f 1902 1903 1904
f 1881 1903 1902
f 1896 1905 1903
f 1902 1904 1543
f 1768 1904 2024
f 1904 1905 2024
f 1903 1905 1904
f 1899 2025 1905
f 1905 2025 2024
f 1571 1575 1932
f 1571 1932 1779
f 1575 1933 1932
f 1779 1932 2019
f 1779 2019 1898
f 1932 2021 2019
f 1575 1593 1933
f 1932 1933 2021
f 1760 2021 1933
f 1898 2019 2020
f 2019 2021 2023
f 2019 2023 2020
f 1899 2020 2025
f 2020 2023 2027
f 1760 2022 2021
f 2021 2022 2023
f 2022 2026 2023
f 1770 2024 2026
f 2024 2025 2026
f 2020 2027 2025
f 2025 2027 2026
f 1770 2026 2022
f 2023 2026 2027
f 51 52 57
f 52 53 58
f 53 54 59
f 54 55 60
f 51 57 56
f 52 58 57
f 53 59 58
f 54 60 59
f 56 57 62
f 57 58 63
f 58 59 64
f 59 60 65
f 56 62 61
f 57 63 62
f 58 64 63
f 59 65 64
f 61 62 67
f 62 63 68
f 63 64 69
f 64 65 70
f 61 67 66
f 62 68 67
f 63 69 68
f 64 70 69
f 66 67 691
f 67 68 692
f 68 69 693
f 69 70 694
f 66 691 690
f 67 692 691
f 68 693 692
f 69 694 693
f 51 423 52
f 52 424 53
f 53 424 54
f 54 424 55
f 52 423 424
f 55 424 437
f 55 437 60
f 60 437 65
f 65 437 440
f 437 439 440
f 439 459 440
f 440 459 460
f 65 440 70
f 70 440 447
f 70 447 694
f 446 694 447
f 446 726 694
f 446 449 453
f 446 453 726
f 453 731 726
f 440 460 447
f 446 447 450
f 446 450 449
f 447 460 450
f 449 450 461
f 449 461 451
f 449 451 454
f 449 454 453
f 453 455 731
f 453 454 455
f 455 736 731
f 450 460 466
f 450 466 461
f 459 464 460
f 460 464 466
f 466 464 465
f 466 465 472
f 461 466 486
f 461 486 467
f 467 487 483
f 473 469 474
f 471 473 474
f 466 472 534
f 467 486 487
f 451 479 454
f 451 461 467
f 451 467 478
f 451 478 479
f 454 479 480
f 478 467 483
f 454 480 455
f 455 481 736
f 455 480 481
f 481 743 736
f 487 492 483
f 466 534 486
f 469 528 474
f 471 474 534
f 472 471 534
f 486 535 487
f 487 546 492
f 474 528 533
f 527 532 528
f 527 529 530
f 527 530 531
f 527 531 532
f 528 532 533
f 486 534 535
f 474 533 534
f 487 535 546
f 534 533 540
f 534 540 535
f 529 536 530
f 530 537 531
f 531 538 532
f 532 539 533
f 530 536 537
f 531 537 538
f 532 538 539
f 533 539 540
f 535 540 545
f 535 545 546
f 536 541 537
f 537 542 538
f 538 543 539
f 539 544 540
f 537 541 542
f 538 542 543
f 539 543 544
f 540 544 545
f 541 549 542
f 542 550 543
f 543 551 544
f 544 552 545
f 492 546 548
f 545 553 546
f 546 553 548
f 542 549 550
f 543 550 551
f 544 551 552
f 545 552 553
f 549 554 550
f 550 555 551
f 551 556 552
f 552 557 553
f 548 553 558
f 550 554 555
f 551 555 556
f 552 556 557
f 553 557 558
f 690 691 723
f 691 692 724
f 692 693 725
f 693 694 726
f 690 723 722
f 691 724 723
f 692 725 724
f 693 726 725
f 722 723 728
f 723 724 729
f 724 725 730
f 725 726 731
f 722 728 727
f 723 729 728
f 724 730 729
f 725 731 730
f 727 728 733
f 728 729 734
f 729 730 735
f 730 731 736
f 727 733 732
f 728 734 733
f 729 735 734
f 730 736 735
f 732 733 740
f 733 734 741
f 734 735 742
f 735 736 743
f 732 740 739
f 733 741 740
f 734 742 741
f 735 743 742
f 1929 1845 1844
f 1930 1846 1845
f 1915 1908 1907
f 1916 1909 1908
f 1917 1910 1909
f 1918 1911 1910
f 1915 1916 1908
f 1916 1917 1909
f 1917 1918 1910
f 1918 1919 1911
f 1913 1911 1919
f 1929 1911 1913
f 1929 1913 1912
f 1912 2188 2185
f 1913 1920 1912
f 1920 2188 1912
f 1915 1921 1916
f 1916 1922 1917
f 1917 1923 1918
f 1918 1924 1919
f 1919 1925 1926
f 1913 1919 1926
f 1913 1926 1920
f 1920 2199 2188
f 1916 1921 1922
f 1917 1922 1923
f 1918 1923 1924
f 1919 1924 1925
f 1926 1925 2067
f 1920 1926 1928
f 1920 1928 2199
f 1926 2067 1928
f 1929 1844 1911
f 1840 1907 1841
f 1841 1908 1842
f 1842 1909 1843
f 1843 1910 1844
f 1929 1930 1845
f 1930 2231 1846
f 1841 1907 1908
f 1842 1908 1909
f 1843 1909 1910
f 1844 1910 1911
f 1929 1912 1930
f 1930 1912 2185
f 1921 2062 1922
f 1922 2063 1923
f 1923 2064 1924
f 1924 2065 1925
f 1922 2062 2063
f 1923 2063 2064
f 1924 2064 2065
f 1925 2065 2066
f 1925 2066 2067
f 2062 2068 2063
f 2063 2069 2064
f 2064 2070 2065
f 2065 2071 2066
f 1928 2067 2947
f 2067 2066 2072
f 2063 2068 2069
f 2064 2069 2070
f 2065 2070 2071
f 2066 2071 2072
f 2067 2072 2947
f 1846 2231 2156
f 2232 2157 2156
f 2189 2186 2185
f 2188 2189 2185
f 2188 2199 2197
f 2197 2202 2198
f 2197 2199 2202
f 2188 2197 2189
f 2198 2216 2203
f 2198 2202 2216
f 2199 2201 2202
f 1928 2201 2199
f 1928 2947 2201
f 2202 2218 2216
f 2202 2201 2218
f 2201 2948 2218
f 2203 2216 2217
f 2203 2217 2204
f 2204 2225 2210
f 2204 2217 2225
f 2206 2207 2222
f 2207 2208 2223
f 2208 2209 2224
f 2209 2210 2225
f 2206 2222 2221
f 2207 2223 2222
f 2208 2224 2223
f 2209 2225 2224
f 2216 2219 2217
f 2216 2218 2219
f 2218 2959 2219
f 2217 2230 2225
f 2221 2222 2227
f 2222 2223 2228
f 2223 2224 2229
f 2224 2225 2230
f 2217 2219 2230
f 2221 2227 2226
f 2222 2228 2227
f 2223 2229 2228
f 2224 2230 2229
f 2219 2964 2230
f 2226 2227 2961
f 2227 2228 2962
f 2228 2229 2963
f 2229 2230 2964
f 2231 2232 2156
f 1930 2185 2231
f 2231 2186 2232
f 2231 2185 2186
f 2201 2947 2948
f 2072 2953 2947
f 2068 2949 2069
f 2069 2950 2070
f 2070 2951 2071
f 2071 2952 2072
f 2069 2949 2950
f 2070 2950 2951
f 2071 2951 2952
f 2072 2952 2953
f 2947 2953 2948
f 2948 2953 2958
f 2949 2954 2950
f 2950 2955 2951
f 2951 2956 2952
f 2952 2957 2953
f 2218 2948 2959
f 2948 2958 2959
f 2950 2954 2955
f 2951 2955 2956
f 2952 2956 2957
f 2953 2957 2958
f 2219 2959 2964
f 2226 2961 2960
f 2227 2962 2961
f 2228 2963 2962
f 2229 2964 2963
f 2959 2958 2969
f 2954 2965 2955
f 2955 2966 2956
f 2956 2967 2957
f 2957 2968 2958
f 2955 2965 2966
f 2956 2966 2967
f 2957 2967 2968
f 2958 2968 2969
f 2959 2969 2964
f 2960 2961 2966
f 2961 2962 2967
f 2962 2963 2968
f 2963 2964 2969
f 2960 2966 2965
f 2961 2967 2966
f 2962 2968 2967
f 2963 2969 2968
f 772 773 775
f 772 775 774
f 773 787 775
f 774 775 776
f 775 787 776
f 773 784 787
f 784 785 788
f 785 786 789
f 784 788 787
f 785 789 788
f 787 788 776
f 788 789 776
f 789 790 776
f 786 813 789
f 789 815 790
f 789 813 815
f 790 815 817
f 790 817 819
f 813 827 815
f 815 834 817
f 817 821 819
f 817 836 821
f 856 857 839
f 821 843 857
f 827 832 834
f 815 827 834
f 817 834 836
f 821 836 838
f 821 838 843
f 857 840 839
f 857 841 840
f 857 842 841
f 857 843 842
f 834 845 836
f 836 847 838
f 838 849 843
f 839 840 851
f 840 841 852
f 841 842 853
f 842 843 854
f 834 832 845
f 836 845 847
f 838 847 849
f 843 849 854
f 839 851 850
f 840 852 851
f 841 853 852
f 842 854 853
f 832 2107 845
f 845 2107 2122
f 2099 2118 2100
f 2100 2119 2101
f 2101 2120 2102
f 2102 2121 2107
f 845 2122 847
f 847 2127 849
f 847 2122 2127
f 849 2127 2140
f 849 2140 854
f 850 851 2142
f 851 852 2143
f 852 853 2144
f 853 854 2145
f 850 2142 2141
f 851 2143 2142
f 854 2140 2145
f 852 2144 2143
f 853 2145 2144
f 2100 2118 2119
f 2101 2119 2120
f 2102 2120 2121
f 2107 2121 2122
f 2118 2123 2119
f 2119 2124 2120
f 2120 2125 2121
f 2121 2126 2122
f 2119 2123 2124
f 2120 2124 2125
f 2121 2125 2126
f 2122 2126 2127
f 2123 2136 2124
f 2124 2137 2125
f 2125 2138 2126
f 2126 2139 2127
f 2124 2136 2137
f 2125 2137 2138
f 2126 2138 2139
f 2127 2139 2140
f 2136 2141 2137
f 2137 2142 2138
f 2138 2143 2139
f 2139 2144 2140
f 2137 2141 2142
f 2138 2142 2143
f 2139 2143 2144
f 2140 2144 2145
f 580 581 586
f 581 582 587
f 582 583 588
f 583 584 589
f 580 586 585
f 581 587 586
f 582 588 587
f 583 589 588
f 585 586 591
f 586 587 592
f 587 588 593
f 588 589 594
f 585 591 590
f 586 592 591
f 587 593 592
f 588 594 593
f 590 591 596
f 591 592 597
f 592 593 598
f 593 594 599
f 590 596 595
f 591 597 596
f 592 598 597
f 593 599 598
f 595 596 606
f 596 597 607
f 597 598 608
f 598 599 609
f 595 606 605
f 596 607 606
f 597 608 607
f 598 609 608
f 580 610 581
f 581 611 582
f 582 612 583
f 583 613 584
f 584 614 589
f 589 615 594
f 594 617 599
f 599 619 609
f 581 610 611
f 582 611 612
f 583 612 613
f 584 613 614
f 589 614 615
f 594 615 617
f 599 617 619
f 609 619 621
f 1797 1798 1784
f 1798 1799 1785
f 1799 1800 1786
f 1800 1801 1787
f 1801 1813 1788
f 610 1783 611
f 611 1784 612
f 612 1785 613
f 613 1786 614
f 614 1787 615
f 615 1788 617
f 617 1790 619
f 611 1783 1784
f 612 1784 1785
f 613 1785 1786
f 614 1786 1787
f 615 1787 1788
f 617 1788 1790
f 619 1790 1780
f 621 619 1780
f 621 1780 1781
f 1815 1780 1790
f 1797 1784 1783
f 1798 1785 1784
f 1799 1786 1785
f 1800 1787 1786
f 1801 1788 1787
f 1813 1790 1788
f 1815 1790 1813
f 1815 1792 1780
f 1780 1792 1781
f 1781 1792 1795
f 1797 1802 1798
f 1798 1803 1799
f 1799 1804 1800
f 1800 1805 1801
f 1801 1806 1813
f 1802 1807 1803
f 1803 1808 1804
f 1804 1809 1805
f 1805 1810 1806
f 1803 1807 1808
f 1804 1808 1809
f 1805 1809 1810
f 1806 1810 1811
f 1813 1806 1812
f 1798 1802 1803
f 1799 1803 1804
f 1800 1804 1805
f 1801 1805 1806
f 1812 1806 1811
f 1817 1795 1792
f 1815 1836 1792
f 1817 1820 1795
f 1815 1813 1812
f 1815 1812 1836
f 1817 1792 1836
f 1817 1822 1820
f 1817 1838 1822
f 1820 1822 1821
f 1821 1822 1823
f 1822 1847 1823
f 1821 1823 1824
f 1824 1823 1825
f 1824 1825 2146
f 1823 1849 1825
f 1807 1826 1808
f 1808 1827 1809
f 1809 1828 1810
f 1810 1829 1811
f 1808 1826 1827
f 1809 1827 1828
f 1810 1828 1829
f 1811 1829 1830
f 1826 1831 1827
f 1827 1832 1828
f 1828 1833 1829
f 1829 1834 1830
f 1827 1831 1832
f 1828 1832 1833
f 1829 1833 1834
f 1830 1834 1835
f 1831 1840 1832
f 1832 1841 1833
f 1833 1842 1834
f 1834 1843 1835
f 1837 1838 1836
f 1812 1837 1836
f 1817 1836 1838
f 1822 1838 1847
f 1839 1847 1838
f 1837 1839 1838
f 1812 1811 1837
f 1837 1811 1830
f 1837 1830 1839
f 1839 1830 1835
f 1839 1835 1848
f 1832 1840 1841
f 1833 1841 1842
f 1834 1842 1843
f 1835 1843 1844
f 1823 1847 1849
f 1848 1849 1847
f 1839 1848 1847
f 1848 1853 1849
f 1853 1852 1849
f 1825 1849 1852
f 1853 1854 1852
f 1848 1835 1844
f 1848 1844 1853
f 1853 1844 1845
f 1853 1845 1854
f 1854 1846 2159
f 1854 1845 1846
f 1825 2147 2146
f 2146 2147 2151
f 2151 2147 2152
f 1825 1852 2147
f 2147 2158 2152
f 1852 2158 2147
f 1854 2158 1852
f 2152 2158 2160
f 2159 2160 2158
f 1854 2159 2158
f 2159 2161 2160
f 1846 2156 2159
f 2159 2156 2161
f 2161 2156 2157
f 652 894 892
f 652 656 653
f 652 653 894
f 653 907 894
f 653 657 658
f 656 1940 657
f 656 657 653
f 657 1941 660
f 653 658 907
f 658 659 909
f 658 909 907
f 658 660 659
f 658 657 660
f 660 2003 661
f 660 661 659
f 659 917 909
f 659 661 663
f 659 663 917
f 663 664 917
f 663 661 662
f 663 662 664
f 664 921 917
f 892 895 893
f 893 900 898
f 892 894 895
f 894 908 895
f 893 895 900
f 895 911 900
f 898 901 899
f 898 900 901
f 900 912 901
f 899 901 906
f 899 906 903
f 901 915 906
f 903 906 2288
f 894 907 908
f 895 908 911
f 907 909 910
f 907 910 908
f 908 910 913
f 908 913 911
f 900 911 912
f 901 912 915
f 911 913 914
f 911 914 912
f 912 914 916
f 912 916 915
f 909 918 910
f 909 917 918
f 917 921 918
f 910 919 913
f 910 918 919
f 918 922 919
f 913 920 914
f 913 919 920
f 919 923 920
f 914 920 924
f 918 921 922
f 919 922 923
f 920 923 924
f 914 924 916
f 1940 1945 1941
f 657 1940 1941
f 1941 1946 2003
f 1945 1973 1946
f 1945 1946 1941
f 2003 1946 1947
f 2002 1947 1982
f 2004 1982 1983
f 1973 1977 1946
f 1969 1974 1970
f 1970 1975 1971
f 1970 1974 1975
f 1971 1976 1972
f 1972 1977 1973
f 1975 1976 1971
f 1972 1976 1977
f 1974 1984 1975
f 1975 1985 1976
f 1976 1986 1977
f 1977 1986 1947
f 1988 1982 1986
f 1969 1978 1980
f 1969 1980 1974
f 1978 1981 1980
f 1978 1979 1981
f 1974 1980 1989
f 1980 1981 1990
f 1977 1947 1946
f 1986 1982 1947
f 1988 1983 1982
f 1983 1999 2007
f 1975 1984 1985
f 1976 1985 1986
f 1974 1989 1984
f 1984 1987 1985
f 1985 1988 1986
f 1985 1987 1988
f 1984 1991 1987
f 1988 1993 1983
f 1984 1989 1991
f 1980 1990 1989
f 1989 1990 1992
f 1989 1992 1991
f 1987 1993 1988
f 1987 1991 1994
f 1987 1994 1993
f 1993 1994 1995
f 1993 1995 1999
f 1991 1996 1994
f 1994 1997 1995
f 1991 1992 1996
f 1994 1996 1997
f 1995 1997 1998
f 1992 2332 1996
f 1996 2333 1997
f 1997 2334 1998
f 1995 1998 2000
f 1998 2335 2001
f 1993 1999 1983
f 1995 2000 1999
f 1998 2001 2000
f 660 1941 2003
f 661 2003 2002
f 662 2002 2004
f 661 2002 662
f 662 2005 664
f 662 2004 2005
f 2003 1947 2002
f 2002 1982 2004
f 2004 1983 2007
f 2004 2007 2005
f 2007 2008 2005
f 664 2006 921
f 664 2005 2006
f 921 2006 2367
f 2006 2008 2012
f 2005 2008 2006
f 2006 2012 2367
f 2012 2013 2367
f 2007 2009 2008
f 2007 1999 2009
f 1999 2000 2009
f 2000 2010 2009
f 2000 2001 2010
f 2001 2342 2011
f 2001 2011 2010
f 2008 2009 2014
f 2009 2010 2014
f 2010 2011 2015
f 2011 2373 2015
f 2008 2014 2012
f 2012 2017 2013
f 2010 2015 2014
f 2015 2373 2016
f 2012 2014 2017
f 2013 2017 2018
f 2014 2015 2017
f 2015 2016 2017
f 2016 2018 2017
f 903 2288 2281
f 2281 2294 2284
f 906 2364 2288
f 2281 2288 2294
f 2284 2326 2289
f 2288 2365 2294
f 2284 2294 2326
f 1979 2316 1981
f 1979 2315 2316
f 2315 2318 2316
f 2315 2317 2318
f 1981 2316 2328
f 2316 2318 2330
f 2289 2326 2319
f 2319 2327 2323
f 2319 2326 2327
f 2323 2327 2351
f 1981 2328 1990
f 1990 2328 2329
f 2316 2330 2328
f 2328 2330 2331
f 1990 2329 1992
f 2328 2331 2329
f 1992 2329 2332
f 1996 2332 2333
f 1997 2333 2334
f 1998 2334 2335
f 2329 2331 2336
f 2329 2336 2332
f 2332 2337 2333
f 2333 2338 2334
f 2334 2339 2335
f 2332 2336 2337
f 2333 2337 2338
f 2334 2338 2339
f 2335 2339 2340
f 2335 2340 2342
f 2340 2341 2342
f 2341 2347 2343
f 2001 2335 2342
f 2341 2343 2342
f 2347 2344 2343
f 2323 2351 2345
f 2347 2348 2344
f 2348 2349 2352
f 2345 2353 2349
f 2345 2351 2353
f 2348 2352 2344
f 2349 2353 2352
f 906 915 2364
f 915 2366 2364
f 915 916 2366
f 916 2370 2366
f 2288 2364 2365
f 2364 2366 2372
f 2364 2372 2365
f 921 2367 922
f 922 2368 923
f 922 2367 2368
f 923 2368 2369
f 923 2369 924
f 916 924 2370
f 924 2369 2370
f 2013 2368 2367
f 2013 2378 2368
f 2368 2378 2369
f 2369 2378 2379
f 2369 2379 2370
f 2370 2379 2380
f 2366 2370 2380
f 2366 2380 2372
f 2294 2371 2326
f 2294 2365 2371
f 2326 2371 2327
f 2327 2371 2375
f 2365 2383 2371
f 2365 2372 2383
f 2011 2342 2343
f 2011 2343 2373
f 2343 2344 2373
f 2344 2352 2374
f 2344 2374 2373
f 2352 2376 2374
f 2016 2373 2374
f 2374 2376 2381
f 2327 2375 2351
f 2351 2375 2377
f 2352 2353 2376
f 2351 2377 2353
f 2353 2377 2376
f 2371 2383 2375
f 2376 2377 2384
f 2375 2385 2377
f 2013 2018 2378
f 2378 2382 2379
f 2379 2386 2380
f 2372 2380 2387
f 2016 2374 2381
f 2376 2384 2381
f 2018 2382 2378
f 2379 2382 2386
f 2016 2381 2018
f 2018 2381 2382
f 2381 2384 2382
f 2384 2386 2382
f 2375 2383 2385
f 2372 2387 2383
f 2377 2385 2384
f 2383 2387 2385
f 2380 2386 2387
f 2384 2385 2386
f 2385 2387 2386
f 478 483 488
f 478 488 479
f 479 489 480
f 480 490 481
f 481 491 743
f 479 488 489
f 488 483 493
f 480 489 490
f 488 493 495
f 488 495 489
f 489 496 490
f 481 490 491
f 490 497 491
f 483 492 493
f 492 548 494
f 492 494 493
f 489 495 496
f 493 498 495
f 490 496 497
f 495 630 496
f 495 498 630
f 496 631 497
f 491 497 780
f 497 632 780
f 493 494 498
f 494 574 499
f 494 499 498
f 498 499 633
f 499 576 633
f 494 548 574
f 548 558 574
f 558 565 574
f 565 575 574
f 554 561 555
f 555 562 556
f 556 563 557
f 557 564 558
f 555 561 562
f 556 562 563
f 557 563 564
f 558 564 565
f 561 566 562
f 562 567 563
f 563 568 564
f 564 569 565
f 565 570 575
f 562 566 567
f 563 567 568
f 564 568 569
f 565 569 570
f 570 604 578
f 566 600 567
f 567 601 568
f 568 602 569
f 569 603 570
f 567 600 601
f 568 601 602
f 569 602 603
f 570 603 604
f 499 575 576
f 499 574 575
f 575 578 576
f 634 576 577
f 576 578 577
f 570 578 575
f 577 578 579
f 604 579 578
f 577 579 648
f 600 605 601
f 601 606 602
f 602 607 603
f 603 608 604
f 601 605 606
f 602 606 607
f 603 607 608
f 604 608 609
f 604 609 579
f 609 624 579
f 579 624 648
f 609 621 624
f 621 1782 624
f 648 624 1934
f 496 630 631
f 498 633 630
f 630 633 635
f 630 635 631
f 631 635 636
f 497 631 632
f 631 636 632
f 632 636 867
f 633 576 634
f 635 633 634
f 635 634 642
f 635 637 636
f 636 638 867
f 635 642 637
f 637 643 638
f 636 637 638
f 638 644 869
f 634 577 641
f 634 641 642
f 577 648 641
f 637 642 645
f 637 645 643
f 638 643 644
f 643 646 644
f 642 641 650
f 642 650 645
f 644 646 647
f 643 645 651
f 643 651 646
f 646 652 647
f 641 648 649
f 641 649 650
f 648 1934 649
f 647 652 892
f 645 650 654
f 645 654 651
f 646 651 655
f 646 655 652
f 652 655 656
f 650 649 1937
f 650 1937 654
f 651 654 1938
f 651 1938 655
f 655 1939 656
f 739 740 744
f 740 741 745
f 741 742 746
f 742 743 747
f 740 745 744
f 741 746 745
f 742 747 746
f 744 745 749
f 745 746 750
f 746 747 751
f 743 777 747
f 745 750 749
f 746 751 750
f 747 778 751
f 749 750 753
f 750 751 754
f 750 754 753
f 751 779 754
f 753 754 762
f 762 764 763
f 763 764 766
f 754 783 762
f 763 766 765
f 764 767 766
f 765 766 769
f 766 767 770
f 765 769 768
f 766 770 769
f 767 771 770
f 768 769 773
f 769 770 784
f 770 771 785
f 768 773 772
f 769 784 773
f 770 785 784
f 771 786 785
f 491 777 743
f 747 777 778
f 491 780 777
f 751 778 779
f 777 781 778
f 778 782 779
f 777 780 781
f 780 865 781
f 778 781 782
f 781 866 782
f 754 779 783
f 779 791 783
f 762 811 764
f 762 783 811
f 764 822 767
f 767 823 771
f 764 811 822
f 779 782 791
f 782 871 791
f 783 791 824
f 783 824 811
f 791 884 824
f 822 888 823
f 813 810 828
f 823 889 810
f 822 887 888
f 771 810 786
f 767 822 823
f 786 810 813
f 771 823 810
f 811 824 887
f 811 887 822
f 813 828 827
f 810 889 828
f 823 888 889
f 827 828 2096
f 827 2096 832
f 828 889 2274
f 828 2274 2096
f 632 865 780
f 632 867 865
f 865 867 868
f 781 865 866
f 865 868 866
f 866 868 872
f 867 869 868
f 868 870 872
f 638 869 867
f 869 877 870
f 868 869 870
f 870 878 874
f 782 866 871
f 866 872 871
f 791 871 884
f 871 872 885
f 871 885 884
f 872 870 874
f 872 874 885
f 824 890 887
f 884 896 890
f 644 877 869
f 644 647 877
f 877 880 878
f 870 877 878
f 874 878 879
f 878 882 879
f 647 880 877
f 647 892 880
f 880 893 882
f 878 880 882
f 879 882 883
f 885 881 896
f 879 897 881
f 879 883 897
f 882 898 883
f 824 884 890
f 884 885 896
f 874 881 885
f 874 879 881
f 887 890 891
f 887 891 888
f 888 2275 889
f 889 2275 2274
f 890 905 891
f 888 891 2275
f 880 892 893
f 882 893 898
f 883 898 899
f 881 902 896
f 883 904 897
f 883 899 904
f 881 897 902
f 890 896 905
f 899 903 904
f 896 902 905
f 897 2283 902
f 897 904 2283
f 903 2282 904
f 903 2281 2282
f 904 2282 2283
f 902 2287 905
f 621 1781 1782
f 624 1782 1934
f 1781 1796 1782
f 1781 1795 1796
f 1795 1855 1796
f 1782 1796 1935
f 1796 1948 1935
f 1820 1855 1795
f 1820 1821 1857
f 1820 1856 1855
f 1820 1857 1856
f 1821 1824 1858
f 1821 1858 1857
f 1824 2163 1858
f 1796 1855 1948
f 1856 1949 1855
f 1856 1857 1951
f 1855 1949 1948
f 1856 1950 1949
f 1856 1951 1950
f 1857 1858 1952
f 1857 1952 1951
f 1858 2307 1952
f 1782 1935 1934
f 649 1934 1936
f 649 1936 1937
f 1934 1935 1936
f 1935 1954 1936
f 655 1938 1939
f 656 1939 1940
f 654 1937 1942
f 654 1942 1938
f 1938 1943 1939
f 1939 1944 1940
f 1938 1942 1943
f 1939 1943 1944
f 1940 1944 1945
f 1937 1936 1959
f 1937 1959 1942
f 1942 1961 1943
f 1943 1964 1944
f 1944 1968 1945
f 1935 1948 1954
f 1949 1955 1948
f 1949 1950 1953
f 1950 1951 1957
f 1948 1955 1954
f 1949 1953 1955
f 1950 1956 1953
f 1950 1957 1956
f 1951 1952 1958
f 1951 1958 1957
f 1952 2309 1958
f 1936 1954 1959
f 1955 1960 1954
f 1955 1953 1962
f 1953 1956 1965
f 1953 1965 1962
f 1956 1969 1965
f 1956 1978 1969
f 1956 1957 1978
f 1957 1958 1979
f 1957 1979 1978
f 1942 1959 1961
f 1943 1961 1964
f 1944 1964 1968
f 1945 1968 1973
f 1954 1960 1959
f 1955 1962 1960
f 1960 1961 1959
f 1960 1962 1963
f 1960 1963 1961
f 1961 1963 1964
f 1965 1970 1966
f 1962 1966 1963
f 1965 1966 1962
f 1963 1966 1967
f 1963 1967 1964
f 1964 1967 1968
f 1966 1971 1967
f 1967 1972 1968
f 1965 1969 1970
f 1970 1971 1966
f 1967 1971 1972
f 1968 1972 1973
f 832 2114 2107
f 832 2096 2114
f 2099 2100 2103
f 2100 2101 2104
f 2101 2102 2105
f 2102 2107 2106
f 2100 2104 2103
f 2101 2105 2104
f 2102 2106 2105
f 2108 2103 2104
f 2109 2104 2105
f 2105 2106 2110
f 2108 2104 2109
f 2109 2105 2110
f 2107 2114 2106
f 2106 2115 2110
f 2106 2114 2115
f 2108 2109 2111
f 2109 2112 2111
f 2109 2110 2112
f 2111 2112 2113
f 2110 2116 2112
f 2112 2117 2113
f 2110 2115 2116
f 2112 2116 2117
f 2096 2276 2114
f 2114 2276 2115
f 2116 2115 2277
f 2116 2278 2117
f 2115 2276 2277
f 2116 2277 2278
f 1824 2146 2163
f 2146 2151 2164
f 2146 2164 2163
f 1858 2163 2307
f 2163 2164 2308
f 2163 2308 2307
f 2096 2274 2276
f 2274 2275 2280
f 891 2293 2275
f 2274 2280 2276
f 2276 2280 2277
f 2277 2279 2278
f 2275 2293 2280
f 2277 2280 2279
f 2280 2293 2279
f 902 2283 2287
f 2281 2285 2282
f 2282 2286 2283
f 891 905 2293
f 2281 2284 2285
f 2282 2285 2286
f 2283 2286 2287
f 905 2287 2293
f 2284 2290 2285
f 2285 2291 2286
f 2286 2292 2287
f 2284 2289 2290
f 2285 2290 2291
f 2286 2291 2292
f 2287 2292 2293
f 1952 2307 2309
f 2307 2308 2310
f 2307 2310 2309
f 1958 2309 2315
f 1958 2315 1979
f 2309 2310 2317
f 2309 2317 2315
f 2113 2132 2128
f 2113 2117 2132
f 2117 2295 2132
f 2117 2278 2295
f 2128 2133 2129
f 2128 2132 2133
f 2129 2133 2134
f 2129 2134 2130
f 2130 2135 2131
f 2130 2134 2135
f 2132 2295 2296
f 2132 2296 2133
f 2133 2296 2297
f 2133 2297 2134
f 2134 2298 2135
f 2134 2297 2298
f 2152 2160 2165
f 2161 2168 2160
f 2161 2157 2167
f 2157 2169 2167
f 2157 2234 2169
f 2151 2152 2164
f 2152 2165 2164
f 2164 2165 2308
f 2165 2168 2166
f 2165 2166 2308
f 2160 2168 2165
f 2161 2167 2168
f 2167 2170 2168
f 2167 2169 2171
f 2168 2170 2166
f 2167 2171 2170
f 2171 2169 2172
f 2169 2237 2172
f 2177 2246 2245
f 2131 2135 2179
f 2177 2131 2179
f 2135 2298 2180
f 2135 2180 2179
f 2177 2179 2246
f 2179 2247 2246
f 2179 2180 2247
f 2189 2197 2248
f 2197 2198 2248
f 2198 2203 2249
f 2203 2204 2252
f 2206 2211 2207
f 2207 2212 2208
f 2208 2213 2209
f 2209 2214 2210
f 2207 2211 2212
f 2212 2213 2208
f 2209 2213 2214
f 2211 2264 2212
f 2212 2265 2213
f 2213 2266 2214
f 2204 2210 2253
f 2210 2214 2253
f 2255 2266 2268
f 2214 2266 2254
f 2232 2186 2235
f 2232 2234 2157
f 2232 2235 2234
f 2186 2236 2235
f 2189 2236 2186
f 2235 2236 2238
f 2234 2237 2169
f 2234 2235 2239
f 2234 2239 2237
f 2172 2237 2388
f 2237 2239 2389
f 2235 2238 2239
f 2239 2238 2390
f 2245 2246 2270
f 2246 2247 2271
f 2189 2248 2236
f 2198 2249 2248
f 2236 2248 2250
f 2248 2249 2250
f 2203 2252 2249
f 2249 2252 2251
f 2236 2250 2238
f 2249 2251 2250
f 2238 2250 2414
f 2250 2251 2414
f 2251 2415 2414
f 2252 2257 2251
f 2251 2257 2415
f 2257 2258 2415
f 2258 2416 2415
f 2204 2253 2252
f 2252 2253 2257
f 2253 2254 2257
f 2254 2255 2258
f 2214 2254 2253
f 2254 2266 2255
f 2255 2268 2256
f 2255 2256 2259
f 2256 2272 2260
f 2254 2258 2257
f 2255 2259 2258
f 2258 2259 2416
f 2259 2419 2416
f 2259 2260 2419
f 2256 2260 2259
f 2260 2420 2419
f 2260 2273 2420
f 2212 2264 2265
f 2213 2265 2266
f 2264 2267 2265
f 2265 2268 2266
f 2265 2267 2268
f 2267 2269 2268
f 2269 2262 2272
f 2256 2268 2269
f 2245 2270 2262
f 2262 2270 2272
f 2270 2246 2271
f 2247 2423 2271
f 2270 2271 2273
f 2256 2269 2272
f 2270 2273 2272
f 2272 2273 2260
f 2271 2425 2273
f 2420 2273 2425
f 2278 2299 2295
f 2278 2279 2299
f 2279 2303 2299
f 2279 2293 2303
f 2289 2319 2290
f 2290 2320 2291
f 2291 2321 2292
f 2292 2322 2293
f 2293 2322 2303
f 2295 2300 2296
f 2296 2301 2297
f 2297 2302 2298
f 2295 2299 2300
f 2296 2300 2301
f 2299 2304 2300
f 2297 2301 2302
f 2300 2305 2301
f 2301 2306 2302
f 2299 2303 2304
f 2300 2304 2305
f 2303 2355 2304
f 2304 2356 2305
f 2301 2305 2306
f 2305 2357 2306
f 2308 2166 2310
f 2166 2170 2311
f 2166 2311 2310
f 2310 2311 2317
f 2311 2318 2317
f 2311 2313 2318
f 2170 2171 2313
f 2170 2313 2311
f 2171 2314 2313
f 2171 2172 2314
f 2172 2388 2312
f 2172 2312 2314
f 2313 2314 2330
f 2313 2330 2318
f 2314 2331 2330
f 2314 2312 2331
f 2331 2312 2336
f 2312 2391 2336
f 2290 2319 2320
f 2291 2320 2321
f 2292 2321 2322
f 2322 2355 2303
f 2319 2323 2320
f 2320 2324 2321
f 2321 2325 2322
f 2322 2325 2355
f 2320 2323 2324
f 2321 2324 2325
f 2355 2325 2358
f 2323 2345 2324
f 2324 2346 2325
f 2325 2346 2358
f 2336 2391 2337
f 2337 2392 2338
f 2338 2393 2339
f 2339 2394 2340
f 2340 2394 2341
f 2341 2395 2347
f 2324 2345 2346
f 2345 2349 2346
f 2346 2349 2362
f 2347 2396 2348
f 2348 2397 2349
f 2362 2349 2397
f 2362 2397 2350
f 2363 2350 2398
f 2298 2302 2354
f 2298 2354 2180
f 2302 2361 2354
f 2180 2354 2408
f 2180 2408 2247
f 2354 2411 2408
f 2304 2355 2356
f 2355 2358 2356
f 2305 2356 2357
f 2306 2357 2360
f 2356 2359 2357
f 2356 2358 2359
f 2358 2362 2359
f 2357 2359 2363
f 2306 2360 2361
f 2357 2363 2360
f 2302 2306 2361
f 2346 2362 2358
f 2359 2362 2350
f 2359 2350 2363
f 2360 2363 2409
f 2360 2410 2361
f 2360 2409 2410
f 2354 2361 2411
f 2361 2410 2411
f 2237 2389 2388
f 2312 2388 2391
f 2388 2389 2399
f 2388 2399 2391
f 2239 2390 2389
f 2389 2403 2399
f 2389 2390 2403
f 2337 2391 2392
f 2338 2392 2393
f 2339 2393 2394
f 2341 2394 2395
f 2391 2399 2392
f 2392 2400 2393
f 2393 2401 2394
f 2392 2399 2400
f 2393 2400 2401
f 2394 2401 2395
f 2395 2402 2396
f 2395 2401 2402
f 2347 2395 2396
f 2348 2396 2397
f 2350 2397 2406
f 2396 2406 2397
f 2396 2402 2406
f 2350 2406 2398
f 2409 2398 2407
f 2409 2407 2412
f 2399 2403 2400
f 2400 2404 2401
f 2401 2404 2402
f 2400 2403 2404
f 2402 2404 2405
f 2407 2405 2417
f 2398 2406 2405
f 2402 2405 2406
f 2398 2405 2407
f 2407 2418 2412
f 2247 2408 2423
f 2408 2411 2424
f 2363 2398 2409
f 2409 2412 2410
f 2410 2412 2413
f 2410 2413 2411
f 2411 2413 2424
f 2412 2421 2413
f 2413 2422 2424
f 2238 2414 2390
f 2390 2414 2417
f 2390 2417 2403
f 2414 2415 2417
f 2415 2416 2417
f 2416 2418 2417
f 2416 2419 2418
f 2403 2417 2404
f 2404 2417 2405
f 2407 2417 2418
f 2418 2419 2421
f 2419 2420 2421
f 2420 2422 2421
f 2420 2425 2422
f 2412 2418 2421
f 2413 2421 2422
f 2408 2424 2423
f 2271 2423 2425
f 2423 2424 2426
f 2423 2426 2425
f 2422 2425 2426
f 2422 2426 2424
f 697 698 703
f 698 699 704
f 699 700 705
f 700 701 706
f 697 703 702
f 698 704 703
f 699 705 704
f 700 706 705
f 702 703 708
f 703 704 709
f 704 705 710
f 705 706 711
f 702 708 707
f 703 709 708
f 704 710 709
f 705 711 710
f 707 708 713
f 708 709 714
f 709 710 715
f 710 711 716
f 707 713 712
f 708 714 713
f 709 715 714
f 710 716 715
f 712 713 718
f 713 714 719
f 714 715 720
f 715 716 721
f 712 718 717
f 713 719 718
f 714 720 719
f 715 721 720
f 717 718 946
f 718 719 947
f 719 720 948
f 720 721 949
f 697 795 698
f 698 796 699
f 699 796 700
f 700 796 701
f 698 795 796
f 701 796 929
f 701 929 706
f 983 859 864
f 858 863 859
f 858 860 861
f 858 861 862
f 858 862 863
f 859 863 864
f 706 929 711
f 711 929 933
f 929 932 933
f 711 933 716
f 716 933 938
f 932 965 933
f 933 965 966
f 933 966 938
f 944 938 940
f 944 940 950
f 938 966 940
f 940 969 950
f 941 952 950
f 941 950 969
f 716 938 721
f 721 944 949
f 721 938 944
f 944 950 951
f 944 951 949
f 949 951 958
f 717 946 945
f 718 947 946
f 719 948 947
f 720 949 948
f 945 946 955
f 946 947 956
f 947 948 957
f 948 949 958
f 945 955 954
f 946 956 955
f 947 957 956
f 948 958 957
f 950 952 951
f 951 953 958
f 951 952 953
f 958 953 963
f 954 955 960
f 955 956 961
f 956 957 962
f 957 958 963
f 954 960 959
f 955 961 960
f 956 962 961
f 957 963 962
f 965 973 966
f 966 973 975
f 941 972 952
f 940 966 975
f 940 975 969
f 941 969 976
f 941 976 971
f 941 971 972
f 952 972 988
f 971 976 987
f 975 973 974
f 975 974 980
f 969 975 1006
f 969 1006 976
f 976 1007 987
f 978 982 983
f 977 978 983
f 975 980 1071
f 976 1006 1007
f 987 1007 1008
f 952 988 953
f 953 989 963
f 953 988 989
f 959 960 991
f 960 961 992
f 961 962 993
f 962 963 994
f 959 991 990
f 960 992 991
f 963 989 994
f 961 993 992
f 962 994 993
f 975 1071 1006
f 982 859 983
f 977 1071 980
f 977 983 1071
f 1006 1072 1007
f 1007 1083 1008
f 1006 1071 1072
f 983 864 1071
f 1007 1072 1083
f 864 1077 1071
f 1071 1077 1072
f 860 1073 861
f 861 1074 862
f 862 1075 863
f 863 1076 864
f 861 1073 1074
f 862 1074 1075
f 863 1075 1076
f 864 1076 1077
f 1072 1077 1082
f 1072 1082 1083
f 1073 1078 1074
f 1074 1079 1075
f 1075 1080 1076
f 1076 1081 1077
f 1074 1078 1079
f 1075 1079 1080
f 1076 1080 1081
f 1077 1081 1082
f 1008 1083 1084
f 1083 1082 1089
f 1083 1089 1084
f 1078 1085 1079
f 1079 1086 1080
f 1080 1087 1081
f 1081 1088 1082
f 1079 1085 1086
f 1080 1086 1087
f 1081 1087 1088
f 1082 1088 1089
f 1085 1090 1086
f 1086 1091 1087
f 1087 1092 1088
f 1088 1093 1089
f 1084 1089 1094
f 1086 1090 1091
f 1087 1091 1092
f 1088 1092 1093
f 1089 1093 1094
f 2628 2505 2504
f 2629 2506 2505
f 2631 2513 2506
f 2632 2514 2513
f 2610 2598 2597
f 2611 2599 2598
f 2612 2600 2599
f 2613 2601 2600
f 2610 2611 2598
f 2611 2612 2599
f 2612 2613 2600
f 2613 2614 2601
f 2628 2601 2603
f 2628 2603 2602
f 2614 2603 2601
f 2603 2620 2602
f 2608 2602 2620
f 2608 2605 2602
f 2609 2606 2605
f 2608 2609 2605
f 2610 2615 2611
f 2611 2616 2612
f 2612 2617 2613
f 2613 2618 2614
f 2614 2619 2622
f 2611 2615 2616
f 2612 2616 2617
f 2613 2617 2618
f 2614 2618 2619
f 2619 2978 2622
f 2614 2622 2603
f 2603 2622 2620
f 2608 2620 2625
f 2608 2625 2621
f 2621 2625 2653
f 2608 2621 2609
f 2620 2622 2624
f 2620 2624 2625
f 2622 2978 2624
f 2625 2627 2653
f 2625 2624 2627
f 2624 2984 2627
f 2628 2504 2601
f 2500 2597 2501
f 2501 2598 2502
f 2502 2599 2503
f 2503 2600 2504
f 2628 2629 2505
f 2629 2631 2506
f 2501 2597 2598
f 2502 2598 2599
f 2503 2599 2600
f 2504 2600 2601
f 2628 2602 2629
f 2629 2602 2605
f 2631 2632 2513
f 2629 2605 2631
f 2631 2606 2632
f 2631 2605 2606
f 2621 2653 2650
f 2650 2655 2651
f 2650 2653 2655
f 2651 2655 2656
f 2651 2656 2652
f 2653 2657 2655
f 2627 2657 2653
f 2627 2987 2657
f 2655 2680 2656
f 2655 2657 2680
f 2657 2998 2680
f 2652 2679 2663
f 2652 2656 2679
f 2659 2660 2676
f 2660 2661 2677
f 2661 2662 2678
f 2662 2663 2679
f 2659 2676 2675
f 2660 2677 2676
f 2661 2678 2677
f 2662 2679 2678
f 2675 2676 2682
f 2676 2677 2683
f 2677 2678 2684
f 2656 2685 2679
f 2678 2679 2685
f 2656 2680 2685
f 2675 2682 2681
f 2676 2683 2682
f 2677 2684 2683
f 2678 2685 2684
f 2680 3003 2685
f 2681 2682 3000
f 2682 2683 3001
f 2683 2684 3002
f 2684 2685 3003
f 2615 2973 2616
f 2616 2974 2617
f 2617 2975 2618
f 2618 2976 2619
f 2616 2973 2974
f 2617 2974 2975
f 2618 2975 2976
f 2619 2976 2977
f 2619 2977 2978
f 2624 2978 2984
f 2977 2983 2978
f 2973 2979 2974
f 2974 2980 2975
f 2975 2981 2976
f 2976 2982 2977
f 2974 2979 2980
f 2975 2980 2981
f 2976 2981 2982
f 2977 2982 2983
f 2978 2983 2984
f 2979 2988 2980
f 2980 2989 2981
f 2981 2990 2982
f 2982 2991 2983
f 2984 2983 2992
f 2980 2988 2989
f 2981 2989 2990
f 2982 2990 2991
f 2983 2991 2992
f 2627 2984 2987
f 2984 2992 2987
f 2987 2992 2997
f 2988 2993 2989
f 2989 2994 2990
f 2990 2995 2991
f 2991 2996 2992
f 2657 2987 2998
f 2987 2997 2998
f 2989 2993 2994
f 2990 2994 2995
f 2991 2995 2996
f 2992 2996 2997
f 2680 2998 3003
f 2681 3000 2999
f 2682 3001 3000
f 2683 3002 3001
f 2684 3003 3002
f 2997 3008 2998
f 2993 3004 2994
f 2994 3005 2995
f 2995 3006 2996
f 2996 3007 2997
f 2998 3008 3003
f 2999 3000 3005
f 3000 3001 3006
f 3001 3002 3007
f 3002 3003 3008
f 2999 3005 3004
f 3000 3006 3005
f 3001 3007 3006
f 3002 3008 3007
f 2994 3004 3005
f 2995 3005 3006
f 2996 3006 3007
f 2997 3007 3008
f 1040 1041 1043
f 1040 1043 1042
f 1041 1056 1043
f 1042 1043 1045
f 1042 1045 1044
f 1043 1062 1045
f 1044 1045 1047
f 1044 1047 1046
f 1045 1065 1047
f 1046 1047 1049
f 1046 1049 1048
f 1047 1068 1049
f 1041 1053 1056
f 1053 1054 1057
f 1054 1055 1058
f 1053 1057 1056
f 1054 1058 1057
f 1043 1056 1062
f 1056 1057 1063
f 1057 1058 1064
f 1056 1063 1062
f 1057 1064 1063
f 1045 1062 1065
f 1062 1063 1066
f 1063 1064 1067
f 1062 1066 1065
f 1063 1067 1066
f 1047 1065 1068
f 1065 1066 1069
f 1066 1067 1070
f 1065 1069 1068
f 1066 1070 1069
f 1055 1172 1058
f 1058 1172 1174
f 1172 1189 1174
f 1174 1191 1180
f 1058 1174 1064
f 1064 1180 1067
f 1064 1174 1180
f 1067 1180 1182
f 1067 1182 1070
f 1048 1049 1184
f 1049 1068 1185
f 1068 1069 1186
f 1069 1070 1187
f 1070 1182 1187
f 1048 1184 1183
f 1049 1185 1184
f 1068 1186 1185
f 1069 1187 1186
f 1180 1193 1182
f 1182 1203 1187
f 1183 1184 1205
f 1184 1185 1206
f 1185 1186 1207
f 1186 1187 1208
f 1174 1189 1191
f 1180 1191 1193
f 1189 1197 1191
f 1191 1199 1193
f 1193 1201 1203
f 1191 1197 1199
f 1193 1199 1201
f 1203 1201 1210
f 1182 1193 1203
f 1187 1203 1208
f 1183 1205 1204
f 1184 1206 1205
f 1185 1207 1206
f 1186 1208 1207
f 1203 1210 1208
f 1204 1205 1212
f 1205 1206 1213
f 1206 1207 1214
f 1207 1208 1215
f 1208 1210 1215
f 1204 1212 1211
f 1205 1213 1212
f 1206 1214 1213
f 1207 1215 1214
f 1197 2546 1199
f 1199 2561 1201
f 1201 2566 1210
f 1199 2546 2561
f 1201 2561 2566
f 1210 2566 2577
f 2538 2557 2539
f 2539 2558 2540
f 2540 2559 2541
f 2541 2560 2546
f 2539 2557 2558
f 2540 2558 2559
f 2541 2559 2560
f 2546 2560 2561
f 2557 2562 2558
f 2558 2563 2559
f 2559 2564 2560
f 2560 2565 2561
f 2558 2562 2563
f 2559 2563 2564
f 2560 2564 2565
f 2561 2565 2566
f 2562 2573 2563
f 2563 2574 2564
f 2564 2575 2565
f 2565 2576 2566
f 2563 2573 2574
f 2564 2574 2575
f 2565 2575 2576
f 2566 2576 2577
f 1210 2577 1215
f 1211 1212 2579
f 1212 1213 2580
f 1213 1214 2581
f 1214 1215 2582
f 1211 2579 2578
f 1212 2580 2579
f 1215 2577 2582
f 1213 2581 2580
f 1214 2582 2581
f 2573 2578 2574
f 2574 2579 2575
f 2575 2580 2576
f 2576 2581 2577
f 2574 2578 2579
f 2575 2579 2580
f 2576 2580 2581
f 2577 2581 2582
f 1120 1121 1126
f 1121 1122 1127
f 1122 1123 1128
f 1123 1124 1129
f 1120 1126 1125
f 1121 1127 1126
f 1122 1128 1127
f 1123 1129 1128
f 1125 1126 1131
f 1126 1127 1132
f 1127 1128 1133
f 1128 1129 1134
f 1125 1131 1130
f 1126 1132 1131
f 1127 1133 1132
f 1128 1134 1133
f 1130 1131 1136
f 1131 1132 1137
f 1132 1133 1138
f 1133 1134 1139
f 1130 1136 1135
f 1131 1137 1136
f 1132 1138 1137
f 1133 1139 1138
f 1135 1136 1155
f 1136 1137 1156
f 1137 1138 1157
f 1138 1139 1158
f 1120 1140 1121
f 1121 1141 1122
f 1122 1142 1123
f 1123 1143 1124
f 1124 1144 1129
f 1129 1145 1134
f 1134 1147 1139
f 1121 1140 1141
f 1122 1141 1142
f 1123 1142 1143
f 1124 1143 1144
f 1129 1144 1145
f 1134 1145 1147
f 1139 1147 1162
f 1135 1155 1154
f 1136 1156 1155
f 1137 1157 1156
f 1138 1158 1157
f 1139 1162 1158
f 1158 1162 1161
f 2450 2451 2431
f 2451 2452 2432
f 2452 2453 2433
f 2453 2454 2434
f 2454 2456 2436
f 1140 2430 1141
f 1141 2431 1142
f 1142 2432 1143
f 1143 2433 1144
f 1144 2434 1145
f 1145 2436 1147
f 1147 2438 1162
f 1141 2430 2431
f 1142 2431 2432
f 1143 2432 2433
f 1144 2433 2434
f 1145 2434 2436
f 1147 2436 2438
f 1162 2438 2441
f 2457 2441 2438
f 2450 2431 2430
f 2451 2432 2431
f 2452 2433 2432
f 2453 2434 2433
f 2454 2436 2434
f 2456 2438 2436
f 2457 2439 2441
f 2457 2438 2456
f 1161 1162 2441
f 1161 2441 2440
f 2440 2441 2439
f 2440 2439 2446
f 2450 2460 2451
f 2451 2461 2452
f 2452 2462 2453
f 2453 2463 2454
f 2454 2464 2456
f 2459 2446 2439
f 2457 2481 2439
f 2459 2487 2446
f 2457 2456 2470
f 2457 2470 2481
f 2459 2439 2481
f 2459 2489 2487
f 2459 2483 2489
f 2460 2465 2461
f 2461 2466 2462
f 2462 2467 2463
f 2463 2468 2464
f 2461 2465 2466
f 2462 2466 2467
f 2463 2467 2468
f 2464 2468 2469
f 2456 2464 2470
f 2451 2460 2461
f 2452 2461 2462
f 2453 2462 2463
f 2454 2463 2464
f 2470 2464 2469
f 2465 2471 2466
f 2466 2472 2467
f 2467 2473 2468
f 2468 2474 2469
f 2466 2471 2472
f 2467 2472 2473
f 2468 2473 2474
f 2469 2474 2475
f 2471 2476 2472
f 2472 2477 2473
f 2473 2478 2474
f 2474 2479 2475
f 2472 2476 2477
f 2473 2477 2478
f 2474 2478 2479
f 2475 2479 2480
f 2476 2500 2477
f 2477 2501 2478
f 2478 2502 2479
f 2479 2503 2480
f 2482 2483 2481
f 2470 2482 2481
f 2459 2481 2483
f 2484 2507 2483
f 2482 2484 2483
f 2470 2469 2482
f 2482 2469 2475
f 2482 2475 2484
f 2484 2475 2480
f 2484 2480 2508
f 2487 2489 2488
f 2488 2489 2490
f 2489 2507 2490
f 2488 2490 2491
f 2491 2490 2492
f 2491 2492 2493
f 2490 2509 2492
f 2492 2494 2493
f 2493 2494 2498
f 2498 2494 2499
f 2492 2510 2494
f 2494 2517 2499
f 2477 2500 2501
f 2478 2501 2502
f 2479 2502 2503
f 2480 2503 2504
f 2483 2507 2489
f 2490 2507 2509
f 2508 2509 2507
f 2484 2508 2507
f 2508 2511 2509
f 2511 2510 2509
f 2492 2509 2510
f 2511 2512 2510
f 2508 2480 2504
f 2508 2504 2511
f 2511 2505 2512
f 2511 2504 2505
f 2512 2505 2506
f 2494 2510 2517
f 2512 2517 2510
f 2499 2517 2519
f 2518 2519 2517
f 2512 2518 2517
f 2518 2520 2519
f 2512 2506 2518
f 2518 2506 2513
f 2518 2513 2520
f 2520 2513 2514
f 1249 1253 1251
f 1249 1257 1250
f 1249 1250 1253
f 1250 1261 1253
f 1250 1258 1259
f 1251 1254 1252
f 1252 1290 1288
f 1251 1253 1254
f 1253 1262 1254
f 1252 1254 1290
f 1254 1297 1290
f 1257 2715 1258
f 1257 1258 1250
f 1258 2716 1265
f 1250 1259 1261
f 1259 1260 1263
f 1259 1263 1261
f 1259 1265 1260
f 1253 1261 1262
f 1254 1262 1297
f 1261 1263 1264
f 1261 1264 1262
f 1262 1299 1297
f 1262 1264 1299
f 1259 1258 1265
f 1265 2807 1266
f 1265 1266 1260
f 1260 1269 1263
f 1260 1266 1268
f 1260 1268 1269
f 1268 1271 1269
f 1263 1270 1264
f 1263 1269 1270
f 1269 1272 1270
f 1264 1303 1299
f 1264 1270 1303
f 1270 1273 1303
f 1268 1266 1267
f 1268 1267 1271
f 1269 1271 1272
f 1270 1272 1273
f 1273 1305 1303
f 1288 1291 1289
f 1288 1290 1291
f 1290 1298 1291
f 1289 1291 1296
f 1289 1296 1293
f 1291 1301 1296
f 1293 1296 2850
f 1290 1297 1298
f 1291 1298 1301
f 1297 1300 1298
f 1297 1299 1300
f 1298 1300 1302
f 1298 1302 1301
f 1299 1304 1300
f 1299 1303 1304
f 1303 1305 1304
f 1300 1304 1306
f 1304 1305 1306
f 1300 1306 1302
f 2715 2720 2716
f 1258 2715 2716
f 2716 2721 2807
f 2720 2756 2721
f 2720 2721 2716
f 2807 2721 2722
f 2806 2722 2763
f 2808 2763 2764
f 2756 2760 2721
f 2749 2757 2750
f 2750 2758 2754
f 2750 2757 2758
f 2754 2759 2755
f 2755 2760 2756
f 2758 2759 2754
f 2755 2759 2760
f 2757 2771 2758
f 2758 2772 2759
f 2759 2773 2760
f 2760 2773 2722
f 2775 2763 2773
f 2749 2762 2757
f 2749 2761 2762
f 2761 2767 2762
f 2761 2765 2767
f 2757 2762 2776
f 2762 2767 2777
f 2760 2722 2721
f 2773 2763 2722
f 2775 2764 2763
f 2764 2786 2813
f 2765 2768 2767
f 2765 2766 2768
f 2766 2769 2770
f 2766 2770 2768
f 2767 2768 2789
f 2768 2770 2791
f 2758 2771 2772
f 2759 2772 2773
f 2771 2774 2772
f 2772 2775 2773
f 2772 2774 2775
f 2771 2778 2774
f 2775 2780 2764
f 2757 2776 2771
f 2771 2776 2778
f 2762 2777 2776
f 2776 2777 2779
f 2776 2779 2778
f 2774 2780 2775
f 2774 2781 2780
f 2780 2781 2782
f 2780 2782 2786
f 2774 2778 2781
f 2778 2783 2781
f 2781 2784 2782
f 2778 2779 2783
f 2781 2783 2784
f 2782 2784 2785
f 2782 2785 2787
f 2780 2786 2764
f 2782 2787 2786
f 2785 2788 2787
f 2767 2789 2777
f 2777 2789 2790
f 2768 2791 2789
f 2789 2791 2792
f 2777 2790 2779
f 2789 2792 2790
f 2779 2790 2793
f 2779 2793 2783
f 2783 2794 2784
f 2784 2795 2785
f 2783 2793 2794
f 2784 2794 2795
f 2785 2795 2796
f 2790 2792 2797
f 2790 2797 2793
f 2793 2798 2794
f 2794 2799 2795
f 2795 2800 2796
f 2793 2797 2798
f 2794 2798 2799
f 2795 2799 2800
f 2796 2800 2801
f 2785 2796 2788
f 2796 2801 2803
f 2801 2802 2803
f 2802 2880 2804
f 2796 2803 2788
f 2802 2804 2803
f 2880 2805 2804
f 1265 2716 2807
f 1266 2807 2806
f 1267 2806 2808
f 1266 2806 1267
f 1267 2809 1271
f 1267 2808 2809
f 2807 2722 2806
f 2806 2763 2808
f 2808 2764 2813
f 2808 2813 2809
f 2813 2814 2809
f 1271 2810 1272
f 1271 2809 2810
f 1272 2810 2811
f 1272 2811 1273
f 1273 2812 1305
f 1273 2811 2812
f 1305 2812 2894
f 2809 2814 2810
f 2810 2820 2811
f 2810 2814 2820
f 2811 2820 2821
f 2811 2821 2812
f 2812 2821 2822
f 2812 2822 2894
f 2822 2901 2894
f 2813 2815 2814
f 2813 2786 2815
f 2786 2787 2815
f 2787 2816 2815
f 2787 2788 2816
f 2788 2817 2816
f 2814 2815 2823
f 2815 2816 2823
f 2816 2817 2824
f 2817 2818 2824
f 2788 2803 2817
f 2803 2804 2817
f 2804 2818 2817
f 2804 2805 2818
f 2805 2885 2819
f 2805 2819 2818
f 2819 2885 2899
f 2818 2819 2825
f 2819 2899 2828
f 2814 2823 2820
f 2820 2826 2821
f 2821 2827 2822
f 2822 2829 2901
f 2816 2824 2823
f 2818 2825 2824
f 2820 2823 2826
f 2821 2826 2827
f 2823 2824 2826
f 2824 2825 2826
f 2825 2827 2826
f 2819 2828 2825
f 2828 2899 2904
f 2822 2827 2829
f 2901 2829 2906
f 2825 2828 2827
f 2828 2829 2827
f 2828 2904 2829
f 2829 2904 2906
f 1293 2850 2843
f 2843 2856 2846
f 2843 2850 2856
f 1296 2891 2850
f 2846 2870 2851
f 2850 2892 2856
f 2846 2856 2870
f 2851 2870 2863
f 2863 2871 2867
f 2863 2870 2871
f 2867 2871 2884
f 2867 2884 2878
f 2880 2881 2805
f 2881 2882 2885
f 2878 2886 2882
f 2878 2884 2886
f 2881 2885 2805
f 2882 2886 2885
f 1296 1301 2891
f 1301 2893 2891
f 1301 1302 2893
f 1302 2895 2893
f 2850 2891 2892
f 2891 2893 2897
f 2891 2897 2892
f 1305 2894 1306
f 1302 1306 2895
f 1306 2894 2895
f 2894 2901 2895
f 2895 2901 2902
f 2893 2895 2902
f 2893 2902 2897
f 2856 2896 2870
f 2856 2892 2896
f 2870 2896 2871
f 2871 2896 2898
f 2892 2903 2896
f 2892 2897 2903
f 2871 2898 2884
f 2884 2898 2900
f 2885 2886 2899
f 2884 2900 2886
f 2886 2900 2899
f 2896 2903 2898
f 2899 2900 2904
f 2898 2905 2900
f 2901 2906 2902
f 2897 2902 2907
f 2898 2903 2905
f 2897 2907 2903
f 2900 2905 2904
f 2903 2907 2905
f 2902 2906 2907
f 2904 2905 2906
f 2905 2907 2906
f 971 987 1004
f 971 1004 972
f 972 1005 988
f 988 1015 989
f 989 1016 994
f 990 991 995
f 991 992 996
f 992 993 997
f 993 994 998
f 991 996 995
f 992 997 996
f 993 998 997
f 995 996 1020
f 996 997 1021
f 997 998 1022
f 994 1017 998
f 972 1004 1005
f 1004 987 1009
f 988 1005 1015
f 1004 1009 1011
f 1004 1011 1005
f 1005 1012 1015
f 987 1008 1009
f 1008 1084 1010
f 1008 1010 1009
f 1005 1011 1012
f 1009 1013 1011
f 1015 1012 1018
f 1011 1217 1012
f 1011 1013 1217
f 1012 1218 1018
f 1009 1010 1013
f 1010 1014 1013
f 1010 1105 1014
f 1013 1014 1220
f 1014 1107 1220
f 989 1015 1016
f 1015 1018 1016
f 994 1016 1017
f 998 1017 1050
f 1016 1019 1017
f 1016 1018 1019
f 1018 1224 1019
f 1017 1019 1059
f 1019 1225 1059
f 996 1021 1020
f 997 1022 1021
f 998 1050 1022
f 1020 1021 1024
f 1021 1022 1025
f 1021 1025 1024
f 1022 1051 1025
f 1024 1025 1029
f 1027 1028 1034
f 1025 1052 1029
f 1029 1028 1027
f 1027 1034 1033
f 1028 1035 1034
f 1033 1034 1037
f 1034 1035 1038
f 1033 1037 1036
f 1034 1038 1037
f 1035 1039 1038
f 1036 1037 1041
f 1037 1038 1053
f 1038 1039 1054
f 1036 1041 1040
f 1037 1053 1041
f 1038 1054 1053
f 1039 1055 1054
f 1022 1050 1051
f 1017 1059 1050
f 1050 1060 1051
f 1025 1051 1052
f 1051 1061 1052
f 1029 1169 1028
f 1029 1052 1169
f 1028 1175 1035
f 1035 1176 1039
f 1028 1169 1175
f 1050 1059 1060
f 1059 1230 1060
f 1051 1060 1061
f 1060 1231 1061
f 1052 1061 1177
f 1052 1177 1169
f 1061 1274 1177
f 1010 1084 1105
f 1084 1094 1105
f 1094 1099 1105
f 1099 1106 1105
f 1090 1095 1091
f 1091 1096 1092
f 1092 1097 1093
f 1093 1098 1094
f 1091 1095 1096
f 1092 1096 1097
f 1093 1097 1098
f 1094 1098 1099
f 1095 1100 1096
f 1096 1101 1097
f 1097 1102 1098
f 1098 1103 1099
f 1099 1104 1106
f 1096 1100 1101
f 1097 1101 1102
f 1098 1102 1103
f 1099 1103 1104
f 1104 1153 1109
f 1100 1149 1101
f 1101 1150 1102
f 1102 1151 1103
f 1103 1152 1104
f 1014 1106 1107
f 1014 1105 1106
f 1106 1109 1107
f 1221 1107 1108
f 1107 1109 1108
f 1104 1109 1106
f 1108 1109 1110
f 1153 1110 1109
f 1108 1110 1245
f 1101 1149 1150
f 1102 1150 1151
f 1103 1151 1152
f 1104 1152 1153
f 1149 1154 1150
f 1150 1155 1151
f 1151 1156 1152
f 1152 1157 1153
f 1150 1154 1155
f 1151 1155 1156
f 1152 1156 1157
f 1153 1157 1158
f 1153 1158 1110
f 1158 1165 1110
f 1110 1165 1245
f 1158 1161 1165
f 1161 2442 1165
f 1245 1165 2709
f 1039 1178 1055
f 1035 1175 1176
f 1055 1178 1172
f 1039 1176 1178
f 1169 1177 1281
f 1172 1178 1194
f 1176 1283 1178
f 1175 1281 1282
f 1169 1281 1175
f 1175 1282 1176
f 1172 1194 1189
f 1178 1283 1194
f 1176 1282 1283
f 1189 1194 2537
f 1189 2537 1197
f 1194 1283 2830
f 1194 2830 2537
f 1012 1217 1218
f 1013 1220 1217
f 1217 1220 1222
f 1217 1222 1218
f 1218 1222 1226
f 1220 1107 1221
f 1222 1220 1221
f 1222 1221 1237
f 1222 1223 1226
f 1222 1237 1223
f 1018 1218 1224
f 1218 1226 1224
f 1224 1226 1227
f 1019 1224 1225
f 1224 1227 1225
f 1225 1227 1232
f 1226 1228 1227
f 1227 1229 1232
f 1226 1223 1228
f 1223 1238 1228
f 1228 1239 1229
f 1227 1228 1229
f 1229 1240 1234
f 1225 1230 1059
f 1225 1232 1230
f 1230 1232 1233
f 1060 1230 1231
f 1230 1233 1231
f 1061 1231 1274
f 1231 1233 1276
f 1231 1276 1274
f 1232 1234 1233
f 1229 1234 1232
f 1234 1275 1235
f 1233 1234 1235
f 1233 1235 1276
f 1221 1108 1236
f 1221 1236 1237
f 1108 1245 1236
f 1223 1237 1241
f 1223 1241 1238
f 1237 1236 1247
f 1237 1247 1241
f 1228 1238 1239
f 1238 1242 1239
f 1229 1239 1240
f 1239 1243 1240
f 1240 1244 1275
f 1239 1242 1243
f 1238 1241 1248
f 1238 1248 1242
f 1242 1249 1243
f 1240 1243 1244
f 1243 1251 1244
f 1244 1252 1279
f 1236 1245 1246
f 1236 1246 1247
f 1245 2709 1246
f 1243 1249 1251
f 1241 1247 1255
f 1241 1255 1248
f 1242 1248 1256
f 1242 1256 1249
f 1244 1251 1252
f 1279 1252 1288
f 1249 1256 1257
f 1247 1246 2712
f 1247 2712 1255
f 1248 1255 2713
f 1248 2713 1256
f 1256 2714 1257
f 1177 1274 1284
f 1274 1276 1286
f 1177 1284 1281
f 1274 1286 1284
f 1234 1240 1275
f 1235 1275 1277
f 1275 1279 1277
f 1235 1277 1278
f 1235 1278 1276
f 1244 1279 1275
f 1277 1279 1280
f 1277 1280 1287
f 1277 1287 1278
f 1279 1288 1280
f 1276 1278 1286
f 1281 1284 1285
f 1281 1285 1282
f 1282 2831 1283
f 1283 2831 2830
f 1284 1295 1285
f 1282 1285 2831
f 1280 1288 1289
f 1278 1292 1286
f 1280 1294 1287
f 1280 1289 1294
f 1278 1287 1292
f 1284 1286 1295
f 1289 1293 1294
f 1287 2845 1292
f 1286 1292 1295
f 1287 1294 2845
f 1293 2844 1294
f 1293 2843 2844
f 1294 2844 2845
f 1292 2849 1295
f 1161 2440 2442
f 1165 2442 2709
f 2440 2447 2442
f 2440 2446 2447
f 2446 2521 2447
f 2442 2447 2710
f 2447 2723 2710
f 2487 2521 2446
f 2487 2488 2523
f 2487 2522 2521
f 2487 2523 2522
f 2488 2491 2524
f 2488 2524 2523
f 2491 2525 2524
f 2447 2521 2723
f 2522 2724 2521
f 2522 2523 2726
f 2521 2724 2723
f 2522 2725 2724
f 2522 2726 2725
f 2523 2524 2727
f 2523 2727 2726
f 2524 2734 2727
f 2491 2493 2525
f 2493 2498 2526
f 2493 2526 2525
f 2524 2525 2734
f 2525 2526 2735
f 2525 2735 2734
f 1197 2553 2546
f 1197 2537 2553
f 2538 2539 2542
f 2539 2540 2543
f 2540 2541 2544
f 2541 2546 2545
f 2539 2543 2542
f 2540 2544 2543
f 2541 2545 2544
f 2547 2542 2543
f 2548 2543 2544
f 2544 2545 2549
f 2547 2543 2548
f 2548 2544 2549
f 2546 2553 2545
f 2545 2554 2549
f 2545 2553 2554
f 2547 2548 2550
f 2548 2551 2550
f 2548 2549 2551
f 2550 2551 2552
f 2549 2555 2551
f 2551 2556 2552
f 2549 2554 2555
f 2551 2555 2556
f 2537 2832 2553
f 2553 2832 2554
f 2555 2554 2833
f 2555 2834 2556
f 2554 2832 2833
f 2555 2833 2834
f 2442 2710 2709
f 1246 2709 2711
f 1246 2711 2712
f 2709 2710 2711
f 2710 2728 2711
f 1256 2713 2714
f 1257 2714 2715
f 1255 2712 2717
f 1255 2717 2713
f 2713 2718 2714
f 2714 2719 2715
f 2713 2717 2718
f 2714 2718 2719
f 2715 2719 2720
f 2712 2711 2742
f 2712 2742 2717
f 2717 2744 2718
f 2718 2747 2719
f 2719 2753 2720
f 2710 2723 2728
f 2723 2724 2729
f 2724 2725 2730
f 2725 2726 2732
f 2723 2729 2728
f 2724 2730 2729
f 2725 2731 2730
f 2725 2732 2731
f 2726 2727 2733
f 2726 2733 2732
f 2727 2736 2733
f 2711 2728 2742
f 2729 2743 2728
f 2729 2730 2745
f 2730 2731 2748
f 2730 2748 2745
f 2731 2749 2748
f 2731 2732 2761
f 2731 2761 2749
f 2732 2733 2765
f 2732 2765 2761
f 2727 2734 2736
f 2734 2735 2737
f 2734 2737 2736
f 2733 2736 2766
f 2733 2766 2765
f 2736 2737 2769
f 2736 2769 2766
f 2717 2742 2744
f 2718 2744 2747
f 2719 2747 2753
f 2720 2753 2756
f 2728 2743 2742
f 2729 2745 2743
f 2742 2743 2744
f 2743 2745 2746
f 2743 2746 2744
f 2744 2746 2747
f 2745 2751 2746
f 2746 2752 2747
f 2748 2751 2745
f 2746 2751 2752
f 2747 2752 2753
f 2748 2750 2751
f 2748 2749 2750
f 2751 2754 2752
f 2752 2755 2753
f 2750 2754 2751
f 2752 2754 2755
f 2755 2756 2753
f 2537 2830 2832
f 2830 2831 2836
f 1285 2855 2831
f 2830 2836 2832
f 2832 2836 2833
f 2833 2835 2834
f 2831 2855 2836
f 2833 2836 2835
f 2836 2855 2835
f 1292 2845 2849
f 2843 2847 2844
f 2844 2848 2845
f 2843 2846 2847
f 2844 2847 2848
f 2845 2848 2849
f 1285 1295 2855
f 1295 2849 2855
f 2846 2852 2847
f 2847 2853 2848
f 2848 2854 2849
f 2846 2851 2852
f 2847 2852 2853
f 2848 2853 2854
f 2849 2854 2855
f 2499 2519 2527
f 2520 2530 2519
f 2520 2514 2529
f 2514 2531 2529
f 2514 2634 2531
f 2498 2499 2526
f 2499 2527 2526
f 2526 2527 2735
f 2527 2530 2528
f 2527 2528 2735
f 2519 2530 2527
f 2520 2529 2530
f 2529 2532 2530
f 2529 2531 2533
f 2530 2532 2528
f 2529 2533 2532
f 2533 2531 2534
f 2531 2637 2534
f 2552 2570 2567
f 2552 2556 2570
f 2556 2837 2570
f 2556 2834 2837
f 2567 2571 2568
f 2567 2570 2571
f 2568 2572 2569
f 2569 2584 2583
f 2568 2571 2572
f 2569 2572 2584
f 2570 2837 2838
f 2570 2838 2571
f 2571 2839 2572
f 2571 2838 2839
f 2572 2860 2584
f 2572 2839 2860
f 2594 2693 2691
f 2583 2584 2595
f 2594 2583 2595
f 2584 2860 2596
f 2584 2596 2595
f 2594 2595 2693
f 2595 2694 2693
f 2595 2596 2694
f 2609 2621 2640
f 2621 2650 2640
f 2632 2606 2635
f 2632 2634 2514
f 2632 2635 2634
f 2606 2636 2635
f 2609 2636 2606
f 2635 2636 2638
f 2634 2637 2531
f 2634 2635 2639
f 2634 2639 2637
f 2534 2637 2908
f 2637 2639 2909
f 2635 2638 2639
f 2639 2638 2910
f 2609 2640 2636
f 2636 2640 2641
f 2640 2696 2641
f 2636 2641 2638
f 2638 2641 2923
f 2641 2699 2923
f 2650 2651 2696
f 2651 2652 2697
f 2659 2664 2660
f 2660 2665 2661
f 2661 2666 2662
f 2662 2667 2663
f 2660 2664 2665
f 2665 2666 2661
f 2662 2666 2667
f 2652 2663 2698
f 2663 2667 2698
f 2667 2670 2703
f 2664 2668 2665
f 2665 2669 2666
f 2665 2668 2669
f 2666 2669 2670
f 2666 2670 2667
f 2668 2671 2669
f 2669 2672 2670
f 2669 2671 2672
f 2671 2673 2672
f 2673 2649 2706
f 2672 2704 2670
f 2672 2673 2705
f 2691 2693 2692
f 2691 2692 2649
f 2649 2692 2706
f 2693 2694 2695
f 2692 2693 2695
f 2694 2934 2695
f 2692 2695 2708
f 2640 2650 2696
f 2651 2697 2696
f 2696 2697 2699
f 2652 2698 2697
f 2697 2698 2700
f 2698 2703 2700
f 2703 2704 2701
f 2696 2699 2641
f 2697 2700 2699
f 2923 2699 2938
f 2699 2700 2938
f 2700 2701 2938
f 2701 2939 2938
f 2703 2701 2700
f 2704 2702 2701
f 2701 2702 2939
f 2702 2940 2939
f 2702 2707 2940
f 2667 2703 2698
f 2670 2704 2703
f 2672 2705 2704
f 2704 2705 2702
f 2673 2706 2705
f 2692 2708 2706
f 2705 2706 2707
f 2705 2707 2702
f 2707 2943 2940
f 2706 2708 2707
f 2695 2944 2708
f 2707 2708 2943
f 2708 2944 2943
f 2735 2528 2737
f 2528 2532 2738
f 2528 2738 2737
f 2737 2738 2769
f 2738 2770 2769
f 2738 2740 2770
f 2532 2533 2740
f 2532 2740 2738
f 2533 2741 2740
f 2533 2534 2741
f 2534 2908 2739
f 2534 2739 2741
f 2740 2741 2791
f 2740 2791 2770
f 2741 2792 2791
f 2741 2739 2792
f 2792 2739 2797
f 2739 2911 2797
f 2797 2911 2798
f 2798 2912 2799
f 2799 2913 2800
f 2800 2914 2801
f 2801 2914 2802
f 2802 2915 2880
f 2834 2840 2837
f 2834 2835 2840
f 2835 2857 2840
f 2837 2841 2838
f 2838 2842 2839
f 2839 2861 2860
f 2837 2840 2841
f 2840 2858 2841
f 2838 2841 2842
f 2839 2842 2861
f 2841 2859 2842
f 2842 2862 2861
f 2835 2855 2857
f 2851 2863 2852
f 2852 2864 2853
f 2853 2865 2854
f 2854 2866 2855
f 2855 2866 2857
f 2840 2857 2858
f 2857 2872 2858
f 2841 2858 2859
f 2842 2859 2862
f 2858 2873 2859
f 2859 2874 2862
f 2852 2863 2864
f 2853 2864 2865
f 2854 2865 2866
f 2863 2867 2864
f 2864 2868 2865
f 2865 2869 2866
f 2866 2869 2872
f 2864 2867 2868
f 2865 2868 2869
f 2867 2878 2868
f 2868 2879 2869
f 2869 2879 2875
f 2857 2866 2872
f 2858 2872 2873
f 2872 2875 2873
f 2859 2873 2874
f 2873 2876 2874
f 2874 2877 2862
f 2872 2869 2875
f 2873 2875 2876
f 2875 2887 2876
f 2862 2877 2890
f 2874 2876 2888
f 2874 2888 2877
f 2868 2878 2879
f 2878 2882 2879
f 2879 2882 2887
f 2880 2925 2881
f 2881 2926 2882
f 2887 2882 2926
f 2887 2926 2883
f 2875 2879 2887
f 2876 2887 2883
f 2876 2883 2888
f 2877 2888 2928
f 2877 2929 2890
f 2888 2883 2927
f 2877 2928 2929
f 2860 2861 2889
f 2860 2889 2596
f 2861 2890 2889
f 2596 2889 2933
f 2596 2933 2694
f 2889 2935 2933
f 2861 2862 2890
f 2889 2890 2935
f 2890 2929 2935
f 2637 2909 2908
f 2739 2908 2911
f 2908 2909 2916
f 2908 2916 2911
f 2639 2910 2909
f 2909 2920 2916
f 2909 2910 2920
f 2798 2911 2912
f 2799 2912 2913
f 2800 2913 2914
f 2802 2914 2915
f 2911 2916 2912
f 2912 2917 2913
f 2913 2918 2914
f 2914 2918 2915
f 2912 2916 2917
f 2913 2917 2918
f 2915 2918 2919
f 2916 2920 2917
f 2917 2921 2918
f 2918 2921 2919
f 2917 2920 2921
f 2919 2921 2922
f 2922 2924 2931
f 2638 2923 2910
f 2910 2923 2924
f 2910 2924 2920
f 2923 2938 2924
f 2920 2924 2921
f 2921 2924 2922
f 2915 2925 2880
f 2881 2925 2926
f 2883 2926 2930
f 2915 2919 2925
f 2925 2930 2926
f 2925 2919 2930
f 2883 2930 2927
f 2928 2927 2931
f 2888 2927 2928
f 2928 2931 2932
f 2928 2932 2929
f 2929 2932 2936
f 2922 2927 2930
f 2919 2922 2930
f 2922 2931 2927
f 2931 2941 2932
f 2932 2942 2936
f 2694 2933 2934
f 2933 2935 2937
f 2933 2937 2934
f 2695 2934 2944
f 2934 2937 2946
f 2929 2936 2935
f 2935 2936 2937
f 2936 2945 2937
f 2924 2938 2939
f 2924 2939 2941
f 2939 2940 2941
f 2940 2942 2941
f 2940 2943 2942
f 2924 2941 2931
f 2932 2941 2942
f 2942 2943 2945
f 2934 2946 2944
f 2943 2944 2945
f 2944 2946 2945
f 2936 2942 2945
f 2937 2945 2946
f 25 162 426
f 25 689 687
f 25 426 422
f 25 422 430
f 25 430 689
f 162 427 426
f 689 430 458
f 793 458 524
f 526 793 524
f 526 1906 761
f 689 793 696
f 689 458 793
f 526 761 794
f 526 794 793
f 1906 803 761
f 2182 855 803
f 943 926 964
f 943 964 2429
f 2429 964 855
f 1906 501 500
f 1906 502 501
f 1859 1906 500
f 526 502 1906
f 1906 2073 2184
f 1906 2182 803
f 1906 2184 2182
f 2182 2429 855
f 2184 2971 2428
f 2428 2971 2986
f 2073 2972 2184
f 2184 2972 2971
f 26 31 71
f 31 36 79
f 36 41 80
f 41 46 129
f 26 71 77
f 26 77 72
f 31 79 71
f 72 77 96
f 72 96 91
f 71 83 77
f 77 97 96
f 77 83 97
f 36 80 79
f 71 79 82
f 79 85 82
f 79 80 85
f 71 82 83
f 82 107 83
f 82 85 89
f 82 89 107
f 91 96 104
f 96 97 113
f 91 104 99
f 96 113 104
f 83 115 97
f 83 107 115
f 89 158 107
f 97 114 113
f 97 115 114
f 107 159 115
f 115 222 114
f 115 159 222
f 41 129 80
f 80 136 85
f 80 129 136
f 85 136 141
f 85 141 89
f 89 141 148
f 89 148 158
f 148 153 157
f 148 157 158
f 153 166 157
f 107 158 159
f 158 160 159
f 160 285 159
f 157 160 158
f 157 173 160
f 160 173 161
f 160 161 285
f 153 163 166
f 163 169 166
f 157 166 173
f 163 167 169
f 166 169 174
f 167 171 169
f 167 170 171
f 169 171 176
f 166 174 173
f 161 173 175
f 169 176 174
f 173 174 175
f 174 179 175
f 161 175 293
f 175 183 293
f 174 176 179
f 175 179 183
f 99 104 211
f 99 211 204
f 104 113 216
f 104 216 211
f 113 114 224
f 113 224 216
f 114 222 229
f 114 229 224
f 229 286 234
f 250 260 281
f 260 265 283
f 265 270 313
f 250 281 275
f 260 283 281
f 265 313 283
f 159 285 222
f 222 285 286
f 285 287 286
f 222 286 229
f 234 286 289
f 287 289 286
f 161 287 285
f 161 293 287
f 287 293 288
f 288 293 294
f 287 288 289
f 288 294 292
f 288 290 289
f 234 289 239
f 239 289 290
f 290 292 291
f 239 290 255
f 255 290 291
f 288 292 290
f 294 310 292
f 294 298 310
f 183 294 293
f 183 298 294
f 183 296 298
f 183 185 299
f 183 299 296
f 185 503 299
f 296 324 298
f 296 299 319
f 299 503 321
f 255 291 305
f 292 311 291
f 291 314 305
f 291 311 314
f 292 310 311
f 298 316 310
f 298 324 316
f 270 305 314
f 270 314 313
f 310 1368 311
f 310 316 1368
f 324 1375 316
f 296 319 317
f 296 317 324
f 299 321 319
f 321 503 511
f 317 319 327
f 319 321 329
f 321 511 331
f 317 1378 324
f 317 327 325
f 317 325 1378
f 319 329 327
f 321 331 329
f 185 428 505
f 185 505 503
f 503 505 507
f 503 507 511
f 507 509 511
f 509 513 511
f 511 513 518
f 511 518 331
f 1331 1321 1337
f 1337 1327 1339
f 1339 1329 1422
f 275 281 1327
f 281 283 1329
f 283 313 1371
f 275 1327 1321
f 281 1329 1327
f 283 1371 1329
f 1337 1321 1327
f 1339 1327 1329
f 1422 1329 1371
f 1331 1337 1347
f 1337 1339 1353
f 1339 1422 1358
f 1331 1347 1342
f 1337 1353 1347
f 1339 1358 1353
f 1422 1436 1358
f 1422 1371 1423
f 1447 1376 1375
f 1377 1433 1378
f 311 1372 314
f 313 314 1372
f 311 1368 1372
f 313 1372 1371
f 324 1378 1375
f 316 1376 1368
f 316 1375 1376
f 1423 1372 1368
f 1423 1371 1372
f 1423 1368 1376
f 1433 1375 1378
f 1470 1389 1472
f 1472 1392 1471
f 1471 1392 1394
f 325 327 1399
f 325 1377 1378
f 325 1399 1380
f 327 329 1404
f 329 331 1409
f 327 1404 1399
f 329 1409 1404
f 325 1380 1377
f 1377 1380 1384
f 1377 1384 1470
f 1470 1384 1389
f 1472 1389 1392
f 1422 1423 1436
f 1447 1436 1376
f 1423 1376 1436
f 1433 1447 1375
f 1377 1470 1433
f 1470 1434 1433
f 1472 1435 1434
f 1470 1472 1434
f 1472 1471 1435
f 1434 1446 1447
f 1434 1435 1446
f 1433 1434 1447
f 1471 1525 1435
f 1446 1478 1436
f 1447 1446 1436
f 1435 1525 1522
f 1435 1522 1446
f 1471 1394 1476
f 1473 1394 1414
f 1476 1394 1477
f 1473 1477 1394
f 1474 1414 1415
f 1475 1415 1416
f 1776 1416 1417
f 1473 1414 1474
f 1474 1415 1475
f 1475 1416 1776
f 1471 1476 1525
f 1473 1534 1477
f 1473 1532 1534
f 1474 1533 1532
f 1475 1893 1533
f 1473 1474 1532
f 1474 1475 1533
f 1483 1495 1488
f 1488 1506 2029
f 1522 1483 1478
f 1522 1495 1483
f 1525 1498 1495
f 1532 1864 1534
f 1498 1501 1509
f 1532 1860 1864
f 1501 1502 1515
f 1534 1866 1502
f 1495 1506 1488
f 1495 1498 1506
f 1498 1509 1506
f 1506 1509 2034
f 1501 1515 1509
f 1502 1882 1515
f 1509 1515 2041
f 1515 1882 2047
f 1446 1522 1478
f 1476 1498 1525
f 1525 1495 1522
f 1476 1477 1501
f 1476 1501 1498
f 1477 1502 1501
f 1477 1534 1502
f 1532 1533 1860
f 331 518 1771
f 331 1771 1409
f 1776 1417 1777
f 1776 1894 1893
f 1777 1895 1894
f 1475 1776 1893
f 1776 1777 1894
f 1533 1861 1860
f 1893 1862 1861
f 1894 1863 1862
f 1895 1865 1863
f 1534 1864 1866
f 1867 1860 1861
f 1872 1861 1862
f 1876 1862 1863
f 1879 1863 1865
f 1502 1866 1882
f 1867 1883 1860
f 1864 1888 1866
f 1864 1883 1888
f 1864 1860 1883
f 1867 1861 1872
f 1872 1862 1876
f 1876 1863 1879
f 1879 1865 1881
f 1866 2052 1882
f 1866 1888 2052
f 1533 1893 1861
f 1893 1894 1862
f 1894 1895 1863
f 2029 1506 2034
f 1509 2041 2034
f 1515 2047 2041
f 2047 1882 2057
f 1882 2052 2057
f 51 56 431
f 56 61 435
f 61 66 445
f 66 690 722
f 51 425 423
f 51 432 425
f 51 431 432
f 56 435 431
f 431 433 432
f 431 434 433
f 431 435 434
f 61 445 435
f 434 435 436
f 436 441 438
f 435 441 436
f 438 441 442
f 441 443 442
f 441 477 443
f 435 445 448
f 435 448 441
f 66 722 445
f 445 727 448
f 445 722 727
f 441 448 452
f 441 452 477
f 448 727 732
f 448 732 452
f 443 477 444
f 444 482 462
f 462 482 463
f 463 482 476
f 463 476 470
f 470 475 468
f 470 476 475
f 444 477 482
f 452 732 739
f 452 484 477
f 452 739 484
f 477 485 482
f 482 547 476
f 482 485 547
f 477 484 485
f 484 756 485
f 485 756 559
f 468 529 527
f 468 475 541
f 468 536 529
f 468 541 536
f 475 476 549
f 475 549 541
f 476 554 549
f 476 547 554
f 485 559 547
f 547 559 560
f 559 804 560
f 547 560 554
f 560 561 554
f 560 571 561
f 560 804 571
f 571 805 572
f 571 566 561
f 571 572 566
f 572 808 573
f 572 600 566
f 572 573 600
f 573 605 600
f 573 808 620
f 573 623 605
f 573 620 623
f 580 585 616
f 585 590 618
f 590 595 622
f 595 605 623
f 580 616 610
f 585 618 616
f 590 622 618
f 595 623 622
f 484 739 748
f 739 744 748
f 744 752 748
f 744 749 752
f 749 755 752
f 748 752 758
f 749 753 755
f 752 755 759
f 484 748 756
f 748 758 756
f 756 758 757
f 559 756 757
f 752 759 758
f 758 760 757
f 758 759 760
f 759 768 760
f 760 806 757
f 760 772 806
f 753 763 755
f 753 762 763
f 755 763 765
f 755 765 759
f 759 765 768
f 760 768 772
f 559 757 804
f 757 806 804
f 804 806 805
f 806 807 805
f 571 804 805
f 807 808 805
f 772 807 806
f 772 809 807
f 772 812 809
f 572 805 808
f 807 825 808
f 807 809 825
f 809 812 830
f 772 774 814
f 772 814 812
f 774 816 814
f 774 776 818
f 774 818 816
f 812 814 833
f 814 816 835
f 816 818 820
f 816 820 837
f 820 856 837
f 620 808 825
f 809 829 825
f 812 826 830
f 809 830 829
f 620 825 2094
f 825 829 2094
f 830 2097 829
f 826 2095 830
f 826 844 831
f 826 831 2095
f 812 833 826
f 814 835 833
f 816 837 835
f 856 839 837
f 826 833 844
f 833 835 846
f 835 837 848
f 837 839 850
f 833 846 844
f 835 848 846
f 837 850 848
f 1797 1783 1814
f 1814 1789 1816
f 1816 1791 1818
f 1818 1793 1819
f 610 616 1789
f 616 618 1791
f 610 1789 1783
f 616 1791 1789
f 618 1793 1791
f 618 622 1793
f 622 623 1794
f 620 1794 623
f 620 2094 1794
f 622 1794 1793
f 1814 1783 1789
f 1816 1789 1791
f 1819 1794 2094
f 1818 1791 1793
f 1819 1793 1794
f 1819 2094 2098
f 1797 1807 1802
f 1797 1814 1807
f 1814 1816 1826
f 1816 1818 1831
f 1818 1819 1840
f 1851 1840 2098
f 1819 2098 1840
f 1814 1826 1807
f 1816 1831 1826
f 1850 1907 1840
f 1818 1840 1831
f 1851 1850 1840
f 1931 1915 1907
f 1931 1914 1915
f 1914 1921 1915
f 1914 1927 1921
f 1927 2062 1921
f 1850 1931 1907
f 1927 2068 2062
f 1851 2098 2097
f 2093 2148 2095
f 2153 2108 2155
f 2155 2111 2154
f 2154 2111 2113
f 830 2095 2097
f 829 2098 2094
f 829 2097 2098
f 831 844 2118
f 831 2093 2095
f 831 2118 2099
f 2148 2097 2095
f 831 2099 2093
f 2093 2103 2153
f 2093 2099 2103
f 2153 2103 2108
f 2155 2108 2111
f 844 846 2123
f 846 848 2136
f 844 2123 2118
f 846 2136 2123
f 848 850 2141
f 848 2141 2136
f 1851 2097 2148
f 2153 2149 2148
f 2155 2150 2149
f 1851 2149 1850
f 1850 2149 2150
f 1851 2148 2149
f 2154 2233 2150
f 2093 2153 2148
f 2153 2155 2149
f 2155 2154 2150
f 2154 2113 2162
f 2173 2113 2128
f 2162 2113 2178
f 1931 2150 2233
f 1850 2150 1931
f 2154 2162 2233
f 2174 2128 2129
f 2175 2129 2130
f 2176 2130 2131
f 2173 2128 2174
f 2173 2178 2113
f 2174 2129 2175
f 2175 2130 2176
f 2176 2131 2177
f 2173 2242 2178
f 2173 2240 2242
f 2174 2241 2240
f 2173 2174 2240
f 2174 2175 2241
f 2175 2243 2241
f 2176 2244 2243
f 2177 2245 2244
f 2175 2176 2243
f 2176 2177 2244
f 1914 2233 2187
f 2187 2190 2200
f 2240 2196 2242
f 2241 2193 2192
f 2243 2194 2193
f 2244 2195 2194
f 2245 2262 2195
f 2240 2192 2196
f 2190 2191 2215
f 2205 2191 2242
f 2196 2205 2242
f 2206 2192 2193
f 2211 2193 2194
f 2194 2195 2264
f 1927 2187 2200
f 1914 2187 1927
f 2190 2215 2200
f 1927 2200 2068
f 2200 2215 2949
f 2191 2220 2215
f 2205 2220 2191
f 2206 2221 2192
f 2196 2226 2205
f 2196 2221 2226
f 2196 2192 2221
f 2206 2193 2211
f 2211 2194 2264
f 2215 2220 2954
f 2205 2960 2220
f 2205 2226 2960
f 2162 2187 2233
f 1931 2233 1914
f 2162 2178 2190
f 2162 2190 2187
f 2178 2191 2190
f 2178 2242 2191
f 2240 2241 2192
f 2241 2243 2193
f 2243 2244 2194
f 2244 2245 2195
f 2195 2262 2267
f 2195 2267 2264
f 2267 2262 2269
f 2068 2200 2949
f 2215 2954 2949
f 2220 2965 2954
f 2220 2960 2965
f 697 702 798
f 702 707 927
f 707 712 931
f 712 717 945
f 697 797 795
f 697 799 797
f 697 798 799
f 702 927 798
f 798 800 799
f 798 801 800
f 798 927 801
f 981 860 858
f 801 927 928
f 927 934 928
f 928 934 930
f 707 931 927
f 927 931 939
f 927 939 934
f 930 934 935
f 934 936 935
f 934 970 936
f 934 939 942
f 934 942 970
f 712 945 931
f 931 954 939
f 931 945 954
f 939 954 959
f 939 959 942
f 936 970 937
f 937 986 967
f 967 986 968
f 937 970 986
f 968 986 985
f 968 985 979
f 979 984 981
f 979 985 984
f 970 1001 986
f 986 1111 985
f 986 1001 1111
f 942 959 990
f 942 1000 970
f 942 990 1000
f 990 999 1000
f 990 995 999
f 995 1023 999
f 970 1000 1001
f 1000 1002 1001
f 1002 1112 1001
f 999 1002 1000
f 999 1030 1002
f 1002 1030 1003
f 1002 1003 1112
f 995 1020 1023
f 999 1023 1030
f 1020 1026 1023
f 1020 1024 1026
f 1023 1026 1031
f 1024 1027 1026
f 1024 1029 1027
f 1026 1027 1033
f 1003 1030 1032
f 1023 1031 1030
f 1030 1031 1032
f 1003 1032 1167
f 1032 1040 1167
f 1026 1033 1031
f 1031 1033 1036
f 1031 1036 1032
f 1032 1036 1040
f 981 1073 860
f 981 984 1078
f 984 985 1085
f 981 1078 1073
f 984 1085 1078
f 985 1090 1085
f 985 1111 1090
f 1001 1112 1111
f 1112 1113 1111
f 1112 1114 1113
f 1090 1111 1113
f 1090 1113 1095
f 1113 1116 1095
f 1114 1116 1113
f 1003 1114 1112
f 1003 1167 1114
f 1114 1167 1115
f 1114 1115 1116
f 1115 1168 1119
f 1115 1117 1116
f 1116 1100 1095
f 1116 1117 1100
f 1117 1119 1118
f 1100 1117 1149
f 1117 1118 1149
f 1115 1119 1117
f 1119 1168 1159
f 1120 1125 1146
f 1125 1130 1148
f 1130 1135 1163
f 1120 1146 1140
f 1125 1148 1146
f 1130 1163 1148
f 1118 1154 1149
f 1118 1164 1154
f 1118 1160 1164
f 1119 1160 1118
f 1119 1159 1160
f 1170 1166 1159
f 1135 1154 1164
f 1135 1164 1163
f 1159 2443 1160
f 1159 1166 2443
f 1115 1167 1168
f 1040 1168 1167
f 1040 1170 1168
f 1040 1171 1170
f 1040 1042 1173
f 1040 1173 1171
f 1042 1179 1173
f 1168 1170 1159
f 1171 1195 1170
f 1171 1173 1190
f 1173 1179 1192
f 1042 1044 1179
f 1044 1046 1181
f 1044 1181 1179
f 1046 1048 1183
f 1046 1183 1181
f 1179 1181 1202
f 1181 1183 1204
f 1171 1188 1195
f 1170 1195 1166
f 1171 1190 1188
f 1173 1192 1190
f 1188 1190 1198
f 1190 1192 1200
f 1188 2536 1195
f 1188 1198 1196
f 1188 1196 2536
f 1190 1200 1198
f 1192 1209 1200
f 1179 1202 1192
f 1181 1204 1202
f 1192 1202 1209
f 1202 1204 1211
f 1202 1211 1209
f 2450 2430 2455
f 2455 2435 2458
f 2458 2437 2485
f 1140 1146 2435
f 1146 1148 2437
f 1140 2435 2430
f 1146 2437 2435
f 2455 2430 2435
f 2458 2435 2437
f 2485 2444 2486
f 2516 2449 2448
f 1148 1163 2444
f 1163 1164 2445
f 1160 2445 1164
f 1160 2443 2445
f 1148 2444 2437
f 1163 2445 2444
f 1166 1195 2448
f 1166 2449 2443
f 1166 2448 2449
f 2486 2445 2443
f 2485 2437 2444
f 2486 2444 2445
f 2486 2443 2449
f 2495 2448 2536
f 2450 2455 2465
f 2455 2458 2471
f 2458 2485 2476
f 2450 2465 2460
f 2455 2471 2465
f 2458 2476 2471
f 2485 2486 2500
f 2516 2500 2449
f 2486 2449 2500
f 2495 2516 2448
f 2585 2496 2495
f 2587 2497 2496
f 2496 2497 2515
f 2496 2515 2516
f 2495 2496 2516
f 2586 2633 2497
f 2515 2597 2500
f 2485 2500 2476
f 2516 2515 2500
f 2497 2633 2630
f 2497 2630 2515
f 2535 2495 2536
f 2585 2547 2587
f 2587 2550 2586
f 2586 2550 2552
f 1195 2536 2448
f 1196 2535 2536
f 1196 2557 2538
f 1196 1198 2557
f 1198 1200 2562
f 1200 1209 2573
f 1198 2562 2557
f 1200 2573 2562
f 1196 2538 2535
f 2535 2542 2585
f 2535 2538 2542
f 2585 2542 2547
f 2587 2547 2550
f 1209 1211 2578
f 1209 2578 2573
f 2535 2585 2495
f 2585 2587 2496
f 2587 2586 2497
f 2586 2552 2591
f 2591 2552 2592
f 2588 2552 2567
f 2589 2567 2568
f 2590 2568 2569
f 2593 2569 2583
f 2588 2567 2589
f 2588 2592 2552
f 2589 2568 2590
f 2590 2569 2593
f 2586 2591 2633
f 2588 2688 2592
f 2588 2686 2688
f 2589 2687 2686
f 2588 2589 2686
f 2589 2590 2687
f 2593 2583 2594
f 2590 2689 2687
f 2593 2690 2689
f 2594 2691 2690
f 2590 2593 2689
f 2593 2594 2690
f 2630 2610 2597
f 2630 2604 2610
f 2633 2607 2604
f 2615 2623 2973
f 2610 2604 2615
f 2604 2623 2615
f 2607 2626 2623
f 2604 2607 2623
f 2623 2626 2979
f 2515 2630 2597
f 2633 2591 2607
f 2633 2604 2630
f 2686 2647 2688
f 2607 2642 2626
f 2686 2644 2647
f 2642 2643 2654
f 2658 2643 2688
f 2687 2645 2644
f 2689 2646 2645
f 2690 2648 2646
f 2691 2649 2648
f 2647 2658 2688
f 2659 2644 2645
f 2664 2645 2646
f 2668 2646 2648
f 2671 2648 2649
f 2642 2654 2626
f 2643 2674 2654
f 2626 2654 2988
f 2654 2674 2993
f 2658 2674 2643
f 2659 2675 2644
f 2647 2681 2658
f 2647 2675 2681
f 2647 2644 2675
f 2659 2645 2664
f 2664 2646 2668
f 2668 2648 2671
f 2671 2649 2673
f 2658 2999 2674
f 2658 2681 2999
f 2591 2592 2642
f 2591 2642 2607
f 2592 2643 2642
f 2592 2688 2643
f 2686 2687 2644
f 2687 2689 2645
f 2689 2690 2646
f 2690 2691 2648
f 2623 2979 2973
f 2626 2988 2979
f 2654 2993 2988
f 2674 3004 2993
f 2674 2999 3004
f 11 10 14
f 11 12 10
f 11 18 12
f 18 427 12
f 14 10 13
f 14 13 456
f 14 456 457
f 18 19 20
f 18 20 500
f 11 14 18
f 14 19 18
f 14 21 19
f 14 457 21
f 423 430 422
f 428 427 18
f 428 426 427
f 626 422 426
f 625 422 626
f 423 422 625
f 423 625 424
f 424 625 437
f 428 626 426
f 428 429 626
f 429 506 626
f 436 458 430
f 423 425 430
f 425 432 430
f 432 433 430
f 433 434 430
f 434 436 430
f 436 438 458
f 438 442 458
f 442 443 458
f 443 444 458
f 444 462 458
f 470 524 458
f 470 468 524
f 462 463 458
f 463 470 458
f 437 628 439
f 439 628 459
f 437 625 628
f 459 629 464
f 464 629 465
f 465 629 472
f 472 629 471
f 471 629 473
f 473 629 469
f 459 628 629
f 469 629 528
f 18 500 509
f 428 18 505
f 18 507 505
f 18 509 507
f 524 502 523
f 21 523 502
f 509 500 640
f 506 508 626
f 508 510 639
f 509 640 510
f 527 640 524
f 640 500 501
f 640 502 524
f 640 501 502
f 21 457 523
f 468 527 524
f 527 528 640
f 625 626 628
f 628 626 627
f 628 627 640
f 626 640 627
f 628 640 629
f 508 639 626
f 510 640 639
f 626 639 640
f 528 629 640
f 676 677 675
f 676 685 677
f 676 684 685
f 676 675 794
f 676 797 684
f 684 926 685
f 684 928 926
f 776 761 818
f 776 873 761
f 776 790 873
f 790 819 873
f 676 794 875
f 676 875 795
f 676 795 797
f 797 799 684
f 799 800 684
f 800 801 684
f 873 794 761
f 875 794 873
f 795 875 796
f 796 875 929
f 929 875 1216
f 818 761 803
f 818 803 820
f 820 803 856
f 819 821 873
f 821 857 886
f 979 855 964
f 981 858 855
f 979 981 855
f 856 803 925
f 925 803 855
f 856 925 857
f 858 925 855
f 858 859 925
f 875 873 1216
f 873 876 1216
f 873 925 876
f 876 925 1216
f 1216 925 1219
f 821 886 873
f 857 925 886
f 873 886 925
f 859 1219 925
f 801 928 684
f 928 964 926
f 928 930 964
f 930 935 964
f 935 936 964
f 936 937 964
f 937 967 964
f 967 968 964
f 968 979 964
f 929 1216 932
f 932 1216 965
f 965 1219 973
f 973 1219 974
f 974 1219 980
f 977 1219 978
f 978 1219 982
f 977 980 1219
f 965 1216 1219
f 982 1219 859
