triangle_id,a,b,c
0,0,1306,1
1,1,7,2
2,0,4,3
3,0,1,4
4,3,4,5
5,0,3,1306
6,3,5,14
7,1,2,6
8,1,6,4
9,5,4,6
10,1,1306,1307
11,1,1307,7
12,7,1307,16
13,16,1307,1310
14,3,1308,1306
15,3,14,8
16,3,8,1308
17,8,14,21
18,8,21,23
19,7,22,15
20,14,15,21
21,7,16,22
22,21,15,22
23,1306,1309,1307
24,1309,1310,1307
25,1306,1308,1309
26,1308,1311,1309
27,664,668,670
28,664,666,669
29,664,669,668
30,666,667,669
31,667,671,669
32,667,673,671
33,669,671,682
34,668,669,681
35,681,669,682
36,664,670,666
37,666,670,672
38,670,677,672
39,670,680,677
40,668,2073,670
41,668,2090,2073
42,673,679,671
43,672,678,673
44,672,677,678
45,673,678,679
46,668,681,2078
47,668,2078,2091
48,670,2073,2074
49,2073,2090,2081
50,2075,2076,2077
51,2075,2091,2079
52,2075,2077,2091
53,2077,2085,2091
54,668,2091,2090
55,2078,2079,2091
56,2081,2090,2091
57,2081,2084,2083
58,2081,2091,2084
59,2084,2091,2085
60,8,680,670
61,8,23,680
62,8,2074,1308
63,8,670,2074
64,1308,1316,1311
65,1311,1316,1313
66,1308,2074,1316
67,1313,1316,1317
68,1316,2074,2082
69,1316,2082,1317
70,1313,1317,1314
71,1314,1317,1315
72,1315,1317,1318
73,1317,2088,1318
74,2073,2081,2074
75,2074,2081,2082
76,2081,2083,2086
77,2081,2088,2082
78,2081,2086,2088
79,1317,2082,2088
80,1318,2088,2087
81,2086,2087,2088
82,2,7,24
83,24,7,161
84,2,24,686
85,2,686,6
86,5,6,665
87,6,686,665
88,5,665,14
89,14,665,666
90,7,11,161
91,7,9,11
92,7,15,9
93,14,666,672
94,15,672,9
95,673,12,9
96,14,672,15
97,672,673,9
98,673,737,12
99,737,455,12
100,161,11,426
101,665,667,666
102,665,686,687
103,665,737,667
104,665,687,737
105,667,737,673
106,686,688,687
107,1315,1318,1905
108,1905,1318,2072
109,1318,2087,2072
110,2076,2262,2077
111,2076,2260,2262
112,2077,2262,2969
113,2077,2969,2085
114,2083,2084,2089
115,2084,2085,2089
116,2085,2969,2971
117,2072,2087,2089
118,2072,2089,2971
119,2083,2089,2086
120,2089,2085,2971
121,2086,2089,2087
122,2969,2970,2971
123,671,679,736
124,671,736,791
125,679,801,736
126,671,674,676
127,671,676,684
128,671,684,682
129,671,791,674
130,791,792,674
131,792,793,674
132,681,682,685
133,685,682,942
134,681,685,2078
135,682,684,942
136,942,684,925
137,685,942,2428
138,685,2080,2078
139,685,2428,2080
140,2075,2079,2180
141,2180,2079,2181
142,2078,2080,2079
143,2080,2181,2079
144,2080,2428,2181
145,16,18,20
146,16,20,22
147,16,1310,18
148,1310,19,18
149,21,22,678
150,21,678,677
151,21,677,680
152,21,680,23
153,22,20,524
154,22,524,801
155,524,20,501
156,524,501,525
157,22,801,678
158,678,801,679
159,1312,19,1310
160,1309,1312,1310
161,1309,1311,1312
162,1312,1858,19
163,1311,1313,1312
164,1312,1313,1314
165,1312,1314,1858
166,1314,1315,1858
167,1858,1315,1905
168,1858,499,19
169,2075,2180,2182
170,2075,2182,2260
171,2075,2260,2076
172,524,456,737
173,737,456,455
174,524,522,456
175,525,523,522
176,524,525,522
177,524,737,801
178,687,688,695
179,687,695,694
180,687,694,736
181,694,791,736
182,694,695,792
183,694,792,791
184,687,736,737
185,737,736,801
186,2180,2181,2183
187,2180,2183,2182
188,2182,2183,2427
189,2182,2426,2260
190,2182,2427,2426
191,2260,2426,2262
192,2426,2984,2262
193,2426,2427,2985
194,2426,2985,2984
195,2262,2984,2969
196,2969,2984,2970
197,2970,2984,2985
198,25,26,31
199,26,27,32
200,27,28,33
201,28,29,34
202,25,31,30
203,26,32,31
204,27,33,32
205,28,34,33
206,30,31,36
207,31,32,37
208,32,33,38
209,33,34,39
210,30,36,35
211,31,37,36
212,32,38,37
213,33,39,38
214,35,36,41
215,36,37,42
216,37,38,43
217,38,39,44
218,35,41,40
219,36,42,41
220,37,43,42
221,38,44,43
222,40,41,46
223,41,42,47
224,42,43,48
225,43,44,49
226,40,46,45
227,41,47,46
228,42,48,47
229,43,49,48
230,45,46,129
231,46,47,130
232,47,48,131
233,48,49,132
234,25,71,26
235,26,72,27
236,27,73,28
237,28,74,29
238,29,75,34
239,26,71,72
240,27,72,73
241,28,73,74
242,29,74,75
243,34,75,77
244,34,77,39
245,71,90,72
246,72,91,73
247,73,92,74
248,74,93,75
249,75,94,77
250,72,90,91
251,73,91,92
252,74,92,93
253,75,93,94
254,77,97,80
255,77,94,97
256,39,80,44
257,39,77,80
258,44,80,83
259,80,97,104
260,80,104,83
261,83,86,127
262,85,127,86
263,83,104,86
264,85,86,105
265,85,105,87
266,85,87,89
267,90,98,91
268,91,99,92
269,92,100,93
270,93,101,94
271,94,102,97
272,91,98,99
273,92,99,100
274,93,100,101
275,94,101,102
276,97,102,111
277,86,104,109
278,86,109,105
279,97,111,104
280,107,110,115
281,104,111,109
282,87,108,89
283,87,105,110
284,87,110,107
285,87,107,108
286,89,108,145
287,105,109,118
288,105,118,110
289,110,119,115
290,110,118,119
291,115,119,120
292,109,111,208
293,109,208,118
294,118,209,119
295,119,220,120
296,44,83,49
297,83,127,49
298,49,127,132
299,85,133,127
300,127,133,132
301,132,133,139
302,45,129,128
303,46,130,129
304,47,131,130
305,48,132,131
306,128,129,136
307,129,130,137
308,130,131,138
309,131,132,139
310,128,136,135
311,129,137,136
312,130,138,137
313,131,139,138
314,85,89,133
315,133,134,139
316,89,134,133
317,139,134,144
318,135,136,141
319,136,137,142
320,137,138,143
321,138,139,144
322,135,141,140
323,136,142,141
324,137,143,142
325,138,144,143
326,89,145,134
327,134,146,144
328,134,145,146
329,144,146,151
330,140,141,148
331,141,142,149
332,142,143,150
333,143,144,151
334,140,148,147
335,141,149,148
336,142,150,149
337,143,151,150
338,98,203,99
339,99,204,100
340,100,205,101
341,101,206,102
342,102,207,111
343,99,203,204
344,100,204,205
345,101,205,206
346,102,206,207
347,118,208,209
348,111,207,208
349,119,209,220
350,207,214,208
351,208,214,209
352,203,210,204
353,204,211,205
354,205,212,206
355,206,213,207
356,204,210,211
357,205,211,212
358,206,212,213
359,207,213,214
360,210,215,211
361,211,216,212
362,212,217,213
363,213,218,214
364,209,214,219
365,209,219,220
366,211,215,216
367,212,216,217
368,213,217,218
369,214,218,219
370,215,223,216
371,216,224,217
372,217,225,218
373,218,226,219
374,120,220,222
375,220,219,227
376,220,227,222
377,222,227,232
378,216,223,224
379,217,224,225
380,218,225,226
381,219,226,227
382,223,228,224
383,224,229,225
384,225,230,226
385,226,231,227
386,224,228,229
387,225,229,230
388,226,230,231
389,227,231,232
390,1519,1440,1439
391,1520,1441,1440
392,1522,1450,1441
393,1523,1451,1450
394,1482,1478,1477
395,1483,1479,1478
396,1484,1480,1479
397,1485,1481,1480
398,1482,1483,1478
399,1483,1484,1479
400,1484,1485,1480
401,1485,1486,1481
402,1486,1493,1481
403,1482,1487,1483
404,1483,1488,1484
405,1484,1489,1485
406,1485,1490,1486
407,1486,1491,1504
408,1486,1504,1493
409,1483,1487,1488
410,1484,1488,1489
411,1485,1489,1490
412,1486,1490,1491
413,1491,2027,1504
414,1519,1481,1493
415,1519,1493,1492
416,1498,1495,1492
417,1493,1502,1492
418,1498,1492,1502
419,1499,1496,1495
420,1498,1499,1495
421,1493,1504,1502
422,1498,1502,1506
423,1498,1506,1503
424,1503,1513,1510
425,1503,1506,1513
426,1498,1503,1499
427,1502,1504,1507
428,1502,1507,1506
429,2027,1507,1504
430,1506,1509,1513
431,1506,1507,1509
432,1507,2038,1509
433,1510,1513,1515
434,1510,1515,1511
435,1511,1515,1516
436,1511,1516,1512
437,1513,1517,1515
438,1509,1517,1513
439,1509,2039,1517
440,1515,1518,1516
441,1515,1517,1518
442,1517,2045,1518
443,1519,1439,1481
444,1435,1477,1436
445,1436,1478,1437
446,1437,1479,1438
447,1438,1480,1439
448,1519,1520,1440
449,1520,1522,1441
450,1436,1477,1478
451,1437,1478,1479
452,1438,1479,1480
453,1439,1480,1481
454,1519,1492,1520
455,1520,1495,1522
456,1520,1492,1495
457,1522,1523,1450
458,1522,1496,1523
459,1522,1495,1496
460,1512,1886,1870
461,1512,1516,1886
462,1866,1867,1883
463,1867,1868,1884
464,1868,1869,1885
465,1869,1870,1886
466,1866,1883,1882
467,1867,1884,1883
468,1868,1885,1884
469,1869,1886,1885
470,1516,1891,1886
471,1882,1883,1888
472,1883,1884,1889
473,1884,1885,1890
474,1885,1886,1891
475,1516,1518,1891
476,1882,1888,1887
477,1883,1889,1888
478,1884,1890,1889
479,1885,1891,1890
480,1518,2055,1891
481,1887,1888,2052
482,1888,1889,2053
483,1889,1890,2054
484,1890,1891,2055
485,1488,2028,2029
486,1489,2029,2030
487,1490,2030,2031
488,1491,2031,2032
489,1487,2028,1488
490,1488,2029,1489
491,1489,2030,1490
492,1490,2031,1491
493,1491,2032,2027
494,2028,2033,2029
495,2029,2034,2030
496,2030,2035,2031
497,2031,2036,2032
498,2027,2038,1507
499,2027,2032,2037
500,2029,2033,2034
501,2030,2034,2035
502,2031,2035,2036
503,2032,2036,2037
504,2027,2037,2038
505,1509,2038,2039
506,2038,2037,2044
507,2033,2040,2034
508,2034,2041,2035
509,2035,2042,2036
510,2036,2043,2037
511,2034,2040,2041
512,2035,2041,2042
513,2036,2042,2043
514,2037,2043,2044
515,2038,2044,2039
516,2039,2044,2050
517,2040,2046,2041
518,2041,2047,2042
519,2042,2048,2043
520,2043,2049,2044
521,1517,2039,2045
522,2039,2050,2045
523,2041,2046,2047
524,2042,2047,2048
525,2043,2048,2049
526,2044,2049,2050
527,2046,2056,2047
528,2047,2057,2048
529,2048,2058,2049
530,2049,2059,2050
531,1518,2045,2055
532,1887,2052,2051
533,1888,2053,2052
534,1889,2054,2053
535,1890,2055,2054
536,2045,2050,2060
537,2047,2056,2057
538,2048,2057,2058
539,2049,2058,2059
540,2050,2059,2060
541,2045,2060,2055
542,2051,2052,2057
543,2052,2053,2058
544,2053,2054,2059
545,2054,2055,2060
546,2051,2057,2056
547,2052,2058,2057
548,2053,2059,2058
549,2054,2060,2059
550,182,183,185
551,182,185,184
552,183,197,185
553,184,185,427
554,185,197,427
555,183,194,197
556,194,195,198
557,195,196,199
558,194,198,197
559,195,199,198
560,197,198,427
561,198,199,427
562,196,296,199
563,199,299,428
564,199,296,299
565,428,299,503
566,296,317,299
567,299,319,503
568,321,507,503
569,299,317,319
570,319,321,503
571,317,325,319
572,319,327,321
573,321,329,511
574,319,325,327
575,321,327,329
576,511,329,331
577,199,428,427
578,428,503,505
579,503,507,505
580,508,509,512
581,507,516,509
582,321,511,507
583,507,511,516
584,509,513,512
585,509,514,513
586,509,515,514
587,509,516,515
588,511,331,516
589,512,513,518
590,513,514,519
591,514,515,520
592,515,516,521
593,516,331,521
594,512,518,517
595,513,519,518
596,514,520,519
597,515,521,520
598,325,1387,327
599,327,1387,1402
600,327,1402,329
601,329,1407,331
602,329,1402,1407
603,331,1407,1412
604,1379,1398,1380
605,1380,1399,1381
606,1381,1400,1382
607,1382,1401,1387
608,1380,1398,1399
609,1381,1399,1400
610,1382,1400,1401
611,1387,1401,1402
612,1398,1403,1399
613,1399,1404,1400
614,1400,1405,1401
615,1401,1406,1402
616,1399,1403,1404
617,1400,1404,1405
618,1401,1405,1406
619,1402,1406,1407
620,1403,1408,1404
621,1404,1409,1405
622,1405,1410,1406
623,1406,1411,1407
624,1404,1408,1409
625,1405,1409,1410
626,1406,1410,1411
627,1407,1411,1412
628,331,1412,521
629,517,518,1771
630,518,519,1772
631,519,520,1773
632,520,521,1774
633,517,1771,1770
634,518,1772,1771
635,521,1412,1774
636,519,1773,1772
637,520,1774,1773
638,1408,1770,1409
639,1409,1771,1410
640,1410,1772,1411
641,1411,1773,1412
642,1409,1770,1771
643,1410,1771,1772
644,1411,1772,1773
645,1412,1773,1774
646,249,250,260
647,250,251,261
648,251,252,262
649,252,253,263
650,249,260,259
651,250,261,260
652,251,262,261
653,252,263,262
654,259,260,265
655,260,261,266
656,261,262,267
657,262,263,268
658,259,265,264
659,260,266,265
660,261,267,266
661,262,268,267
662,264,265,270
663,265,266,271
664,266,267,272
665,267,268,273
666,264,270,269
667,265,271,270
668,266,272,271
669,267,273,272
670,269,270,305
671,270,271,306
672,271,272,307
673,272,273,308
674,269,305,304
675,270,306,305
676,271,307,306
677,272,308,307
678,249,274,250
679,250,275,251
680,251,276,252
681,252,277,253
682,253,278,263
683,263,279,268
684,268,281,273
685,273,283,308
686,250,274,275
687,251,275,276
688,252,276,277
689,253,277,278
690,263,278,279
691,268,279,281
692,273,281,283
693,308,283,311
694,1330,1331,1321
695,1331,1332,1322
696,1332,1333,1323
697,1333,1334,1324
698,1334,1335,1325
699,274,1320,275
700,275,1321,276
701,276,1322,277
702,277,1323,278
703,278,1324,279
704,283,1319,311
705,279,1325,281
706,281,1327,283
707,275,1320,1321
708,276,1321,1322
709,277,1322,1323
710,278,1323,1324
711,279,1324,1325
712,281,1325,1327
713,283,1327,1319
714,1319,1329,1368
715,1337,1319,1327
716,1330,1321,1320
717,1331,1322,1321
718,1332,1323,1322
719,1333,1324,1323
720,1334,1325,1324
721,1335,1327,1325
722,1337,1327,1335
723,1337,1329,1319
724,1330,1341,1331
725,1331,1342,1332
726,1332,1343,1333
727,1333,1344,1334
728,1334,1345,1335
729,1340,1372,1329
730,1337,1362,1329
731,1339,1372,1340
732,1337,1335,1351
733,1337,1351,1362
734,1340,1329,1362
735,1339,1340,1424
736,1340,1364,1424
737,1341,1346,1342
738,1342,1347,1343
739,1343,1348,1344
740,1344,1349,1345
741,1342,1346,1347
742,1343,1347,1348
743,1344,1348,1349
744,1345,1349,1350
745,1335,1345,1351
746,1331,1341,1342
747,1332,1342,1343
748,1333,1343,1344
749,1334,1344,1345
750,1351,1345,1350
751,1351,1350,1363
752,1346,1352,1347
753,1347,1353,1348
754,1348,1354,1349
755,1349,1355,1350
756,1347,1352,1353
757,1348,1353,1354
758,1349,1354,1355
759,1350,1355,1356
760,1352,1357,1353
761,1353,1358,1354
762,1354,1359,1355
763,1355,1360,1356
764,1353,1357,1358
765,1354,1358,1359
766,1355,1359,1360
767,1356,1360,1361
768,1357,1435,1358
769,1358,1436,1359
770,1359,1437,1360
771,1360,1438,1361
772,1340,1362,1364
773,1363,1364,1362
774,1351,1363,1362
775,1364,1442,1424
776,1365,1442,1364
777,1363,1365,1364
778,1365,1444,1442
779,1363,1350,1356
780,1363,1356,1365
781,1365,1356,1361
782,1365,1361,1444
783,311,1319,1368
784,1329,1372,1368
785,1339,1424,1423
786,1423,1424,1425
787,1423,1425,1426
788,1424,1442,1425
789,1426,1425,1427
790,1426,1427,1428
791,1425,1443,1427
792,1427,1447,1430
793,1427,1430,1428
794,1428,1430,1429
795,1429,1430,1431
796,1430,1452,1431
797,1358,1435,1436
798,1359,1436,1437
799,1360,1437,1438
800,1361,1438,1439
801,1444,1443,1442
802,1425,1442,1443
803,1444,1448,1443
804,1427,1443,1447
805,1448,1447,1443
806,1449,1452,1447
807,1448,1449,1447
808,1361,1439,1444
809,1444,1439,1448
810,1448,1439,1440
811,1448,1440,1449
812,1449,1440,1441
813,1449,1441,1454
814,1430,1447,1452
815,1431,1452,1453
816,1454,1453,1452
817,1449,1454,1452
818,1454,1455,1453
819,1454,1441,1450
820,1454,1450,1455
821,1455,1450,1451
822,370,378,372
823,370,373,371
824,372,379,396
825,370,372,373
826,372,397,373
827,371,375,374
828,374,389,387
829,371,373,375
830,373,400,375
831,374,375,389
832,375,412,389
833,378,1552,379
834,378,379,372
835,379,1553,402
836,387,390,388
837,387,389,390
838,389,413,390
839,388,390,395
840,388,395,391
841,390,416,395
842,391,395,1582
843,372,396,397
844,396,402,398
845,396,398,399
846,396,399,397
847,373,397,400
848,375,400,412
849,397,399,401
850,397,401,400
851,400,401,414
852,400,414,412
853,396,379,402
854,402,1700,403
855,402,403,398
856,398,403,405
857,398,406,399
858,398,405,406
859,405,408,406
860,399,407,401
861,399,406,407
862,406,409,407
863,401,418,414
864,401,407,418
865,407,410,418
866,405,403,404
867,405,404,408
868,406,408,409
869,407,409,410
870,418,410,411
871,389,412,413
872,390,413,416
873,412,414,415
874,412,415,413
875,413,415,417
876,413,417,416
877,414,419,415
878,414,418,419
879,418,411,419
880,415,419,420
881,415,420,417
882,419,411,420
883,1552,1557,1553
884,379,1552,1553
885,1553,1559,1700
886,1557,1623,1559
887,1557,1559,1553
888,1700,1559,1558
889,1699,1558,1632
890,1701,1632,1633
891,391,1582,1575
892,1575,1588,1578
893,1575,1582,1588
894,395,1707,1582
895,1578,1680,1583
896,1582,1708,1588
897,1578,1588,1680
898,1623,1627,1559
899,1619,1624,1620
900,1620,1625,1621
901,1620,1624,1625
902,1621,1626,1622
903,1622,1627,1623
904,1625,1626,1621
905,1622,1626,1627
906,1619,1630,1624
907,1624,1638,1625
908,1625,1639,1626
909,1626,1640,1627
910,1627,1640,1558
911,1642,1632,1640
912,1619,1628,1630
913,1628,1631,1630
914,1628,1629,1631
915,1624,1630,1643
916,1630,1631,1644
917,1627,1558,1559
918,1640,1632,1558
919,1642,1633,1632
920,1633,1653,1711
921,1629,1634,1636
922,1629,1636,1631
923,1634,1637,1636
924,1634,1635,1637
925,1631,1636,1656
926,1636,1637,1657
927,1625,1638,1639
928,1626,1639,1640
929,1624,1643,1638
930,1638,1641,1639
931,1639,1642,1640
932,1638,1643,1645
933,1639,1641,1642
934,1638,1645,1641
935,1642,1647,1633
936,1630,1644,1643
937,1631,1656,1644
938,1643,1644,1646
939,1643,1646,1645
940,1644,1658,1646
941,1641,1647,1642
942,1641,1645,1648
943,1641,1648,1647
944,1647,1648,1649
945,1647,1649,1653
946,1645,1646,1650
947,1648,1651,1649
948,1645,1650,1648
949,1648,1650,1651
950,1649,1651,1652
951,1646,1660,1650
952,1650,1661,1651
953,1651,1662,1652
954,1649,1652,1654
955,1652,1663,1655
956,1647,1653,1633
957,1649,1654,1653
958,1652,1655,1654
959,1644,1656,1658
960,1636,1657,1656
961,1656,1657,1659
962,1656,1659,1658
963,1646,1658,1660
964,1650,1660,1661
965,1651,1661,1662
966,1652,1662,1663
967,1658,1659,1664
968,1658,1664,1660
969,1660,1665,1661
970,1660,1664,1665
971,1661,1665,1666
972,1661,1666,1662
973,1662,1667,1663
974,1662,1666,1667
975,1663,1667,1668
976,1663,1668,1670
977,1668,1669,1670
978,1669,1690,1671
979,1663,1670,1655
980,1669,1671,1670
981,1690,1672,1671
982,1583,1680,1673
983,1673,1681,1677
984,1673,1680,1681
985,1677,1681,1694
986,1677,1694,1688
987,1690,1691,1672
988,1691,1692,1695
989,1688,1696,1692
990,1688,1694,1696
991,1691,1695,1672
992,1692,1696,1695
993,402,1553,1700
994,403,1700,1699
995,404,1699,1701
996,403,1699,404
997,404,1702,408
998,404,1701,1702
999,1700,1558,1699
1000,1699,1632,1701
1001,1701,1633,1711
1002,1701,1711,1702
1003,1711,1712,1702
1004,408,1703,409
1005,408,1702,1703
1006,409,1703,1704
1007,409,1704,410
1008,410,1705,411
1009,410,1704,1705
1010,411,1705,1706
1011,1702,1712,1703
1012,1703,1712,1718
1013,1703,1718,1704
1014,1704,1718,1719
1015,1704,1719,1705
1016,1705,1719,1720
1017,1705,1720,1706
1018,1706,1720,1733
1019,395,416,1707
1020,416,1709,1707
1021,416,417,1709
1022,417,1710,1709
1023,1582,1707,1708
1024,1707,1709,1729
1025,1707,1729,1708
1026,417,420,1710
1027,411,1706,420
1028,420,1706,1710
1029,1709,1710,1734
1030,1706,1733,1710
1031,1710,1733,1734
1032,1709,1734,1729
1033,1711,1713,1712
1034,1711,1653,1713
1035,1653,1654,1713
1036,1654,1714,1713
1037,1654,1655,1714
1038,1655,1670,1715
1039,1655,1715,1714
1040,1712,1713,1721
1041,1713,1714,1721
1042,1714,1715,1722
1043,1715,1716,1722
1044,1670,1671,1715
1045,1671,1672,1716
1046,1671,1716,1715
1047,1672,1717,1716
1048,1672,1695,1717
1049,1717,1695,1731
1050,1716,1717,1723
1051,1717,1731,1726
1052,1712,1721,1718
1053,1718,1724,1719
1054,1719,1725,1720
1055,1720,1727,1733
1056,1714,1722,1721
1057,1716,1723,1722
1058,1718,1721,1724
1059,1719,1724,1725
1060,1721,1722,1724
1061,1722,1723,1724
1062,1723,1725,1724
1063,1717,1726,1723
1064,1731,1736,1726
1065,1720,1725,1727
1066,1733,1727,1738
1067,1723,1726,1725
1068,1726,1727,1725
1069,1726,1736,1727
1070,1727,1736,1738
1071,1588,1728,1680
1072,1588,1708,1728
1073,1680,1728,1681
1074,1681,1728,1730
1075,1708,1735,1728
1076,1708,1729,1735
1077,1681,1730,1694
1078,1694,1730,1732
1079,1695,1696,1731
1080,1694,1732,1696
1081,1696,1732,1731
1082,1728,1735,1730
1083,1731,1732,1736
1084,1730,1737,1732
1085,1733,1738,1734
1086,1729,1734,1739
1087,1730,1735,1737
1088,1729,1739,1735
1089,1732,1737,1736
1090,1735,1739,1737
1091,1734,1738,1739
1092,1736,1737,1738
1093,1737,1739,1738
1094,107,116,108
1095,107,115,116
1096,108,117,145
1097,108,116,117
1098,116,115,121
1099,117,186,145
1100,116,123,117
1101,116,121,123
1102,117,124,186
1103,115,120,121
1104,120,222,122
1105,120,122,121
1106,117,123,124
1107,121,125,123
1108,186,124,189
1109,123,332,124
1110,123,125,332
1111,124,333,189
1112,121,122,125
1113,122,243,126
1114,122,126,125
1115,125,126,334
1116,126,245,334
1117,145,186,146
1118,146,187,151
1119,147,148,152
1120,148,149,153
1121,149,150,154
1122,150,151,155
1123,148,153,152
1124,149,154,153
1125,150,155,154
1126,151,188,155
1127,152,153,162
1128,153,154,163
1129,154,155,164
1130,153,163,162
1131,154,164,163
1132,162,163,166
1133,163,164,167
1134,155,191,164
1135,163,167,166
1136,164,192,167
1137,166,167,169
1138,169,171,170
1139,170,171,176
1140,167,193,169
1141,170,176,175
1142,171,177,176
1143,175,176,179
1144,176,177,180
1145,175,179,178
1146,176,180,179
1147,177,181,180
1148,178,183,182
1149,179,194,183
1150,180,195,194
1151,181,196,195
1152,178,179,183
1153,179,180,194
1154,180,181,195
1155,146,186,187
1156,186,189,187
1157,151,187,188
1158,155,188,191
1159,187,190,188
1160,187,189,190
1161,189,338,190
1162,188,190,200
1163,190,339,200
1164,164,191,192
1165,188,200,191
1166,191,201,192
1167,167,192,193
1168,192,202,193
1169,169,294,171
1170,169,193,294
1171,171,301,177
1172,177,300,181
1173,171,294,301
1174,191,200,201
1175,200,344,201
1176,192,201,202
1177,201,345,202
1178,193,202,302
1179,193,302,294
1180,202,359,302
1181,122,222,243
1182,222,232,243
1183,232,237,243
1184,237,244,243
1185,228,233,229
1186,229,234,230
1187,230,235,231
1188,231,236,232
1189,229,233,234
1190,230,234,235
1191,231,235,236
1192,232,236,237
1193,233,238,234
1194,234,239,235
1195,235,240,236
1196,236,241,237
1197,237,242,244
1198,234,238,239
1199,235,239,240
1200,236,240,241
1201,237,241,242
1202,242,258,247
1203,238,254,239
1204,239,255,240
1205,240,256,241
1206,241,257,242
1207,239,254,255
1208,240,255,256
1209,241,256,257
1210,242,257,258
1211,126,244,245
1212,126,243,244
1213,244,247,245
1214,335,245,246
1215,245,247,246
1216,242,247,244
1217,246,247,248
1218,258,248,247
1219,246,248,366
1220,254,304,255
1221,255,305,256
1222,256,306,257
1223,257,307,258
1224,255,304,305
1225,256,305,306
1226,257,306,307
1227,258,307,308
1228,258,308,248
1229,308,314,248
1230,248,314,366
1231,181,303,196
1232,177,301,300
1233,196,303,296
1234,181,300,303
1235,294,302,380
1236,294,380,301
1237,300,301,381
1238,296,303,322
1239,300,382,303
1240,301,380,381
1241,308,311,314
1242,311,1369,314
1243,366,314,1546
1244,296,322,317
1245,303,382,322
1246,300,381,382
1247,317,322,1378
1248,317,1378,325
1249,322,382,1560
1250,322,1560,1378
1251,124,332,333
1252,125,334,332
1253,332,336,333
1254,332,334,336
1255,333,336,340
1256,334,245,335
1257,336,334,335
1258,336,335,351
1259,336,337,340
1260,336,351,337
1261,337,352,342
1262,333,338,189
1263,333,340,338
1264,338,340,341
1265,190,338,339
1266,338,341,339
1267,339,341,346
1268,340,342,341
1269,341,343,346
1270,337,342,340
1271,342,354,343
1272,341,342,343
1273,343,355,348
1274,200,339,344
1275,339,346,344
1276,344,346,347
1277,201,344,345
1278,344,347,345
1279,202,345,359
1280,345,347,362
1281,345,362,359
1282,346,348,347
1283,346,343,348
1284,348,360,349
1285,347,348,349
1286,347,349,362
1287,335,246,350
1288,335,350,351
1289,246,366,350
1290,337,351,353
1291,337,353,352
1292,351,350,368
1293,351,368,353
1294,350,366,367
1295,350,367,368
1296,342,352,354
1297,352,356,354
1298,343,354,355
1299,354,357,355
1300,355,358,360
1301,354,356,357
1302,352,353,369
1303,352,369,356
1304,356,370,357
1305,355,357,358
1306,360,358,364
1307,357,371,358
1308,358,374,364
1309,302,359,383
1310,359,362,385
1311,302,383,380
1312,359,385,383
1313,348,355,360
1314,349,360,361
1315,349,361,363
1316,360,364,361
1317,349,363,362
1318,361,364,365
1319,362,363,385
1320,361,386,363
1321,361,365,386
1322,364,387,365
1323,366,1546,367
1324,357,370,371
1325,353,368,376
1326,353,376,369
1327,356,369,377
1328,356,377,370
1329,358,371,374
1330,364,374,387
1331,370,377,378
1332,368,367,1549
1333,368,1549,376
1334,369,376,1550
1335,369,1550,377
1336,377,1551,378
1337,380,383,384
1338,380,384,381
1339,381,1561,382
1340,382,1561,1560
1341,383,394,384
1342,381,384,1561
1343,365,387,388
1344,363,392,385
1345,363,386,392
1346,365,388,393
1347,365,393,386
1348,383,385,394
1349,388,391,393
1350,385,392,394
1351,386,1577,392
1352,386,393,1577
1353,391,1576,393
1354,391,1575,1576
1355,393,1576,1577
1356,392,1581,394
1357,1339,1456,1366
1358,1366,1593,1543
1359,311,1368,1369
1360,314,1369,1546
1361,1368,1373,1369
1362,1368,1372,1373
1363,1372,1366,1373
1364,1369,1373,1547
1365,1373,1543,1547
1366,325,1394,1387
1367,325,1378,1394
1368,1379,1380,1383
1369,1380,1381,1384
1370,1381,1382,1385
1371,1382,1387,1386
1372,1380,1384,1383
1373,1381,1385,1384
1374,1382,1386,1385
1375,1388,1383,1384
1376,1389,1384,1385
1377,1385,1386,1390
1378,1388,1384,1389
1379,1389,1385,1390
1380,1387,1394,1386
1381,1386,1395,1390
1382,1386,1394,1395
1383,1388,1389,1391
1384,1389,1392,1391
1385,1389,1390,1392
1386,1391,1392,1393
1387,1390,1396,1392
1388,1392,1397,1393
1389,1390,1395,1396
1390,1392,1396,1397
1391,1378,1562,1394
1392,1394,1562,1395
1393,1396,1395,1563
1394,1396,1564,1397
1395,1395,1562,1563
1396,1396,1563,1564
1397,1339,1366,1372
1398,1339,1423,1457
1399,1339,1457,1456
1400,1423,1458,1457
1401,1423,1426,1458
1402,1426,1428,1459
1403,1426,1459,1458
1404,1373,1366,1543
1405,1366,1456,1593
1406,1456,1457,1595
1407,1456,1594,1593
1408,1456,1595,1594
1409,1457,1596,1595
1410,1457,1458,1596
1411,1458,1459,1602
1412,1458,1602,1596
1413,1428,1429,1460
1414,1428,1460,1459
1415,1459,1460,1603
1416,1459,1603,1602
1417,1543,1598,1544
1418,1544,1610,1545
1419,1369,1547,1546
1420,367,1546,1548
1421,367,1548,1549
1422,1546,1547,1548
1423,1547,1544,1548
1424,377,1550,1551
1425,378,1551,1552
1426,376,1549,1554
1427,376,1554,1550
1428,1550,1555,1551
1429,1551,1556,1552
1430,1550,1554,1555
1431,1551,1555,1556
1432,1552,1556,1557
1433,1549,1548,1545
1434,1549,1545,1554
1435,1554,1611,1555
1436,1555,1614,1556
1437,1556,1618,1557
1438,1378,1560,1562
1439,1560,1561,1566
1440,384,1587,1561
1441,1560,1566,1562
1442,1562,1566,1563
1443,1563,1565,1564
1444,1561,1587,1566
1445,1563,1566,1565
1446,1566,1587,1565
1447,1575,1579,1576
1448,392,1577,1581
1449,1576,1580,1577
1450,1575,1578,1579
1451,384,394,1587
1452,1576,1579,1580
1453,1577,1580,1581
1454,394,1581,1587
1455,1578,1583,1584
1456,1578,1584,1579
1457,1579,1585,1580
1458,1580,1586,1581
1459,1579,1584,1585
1460,1580,1585,1586
1461,1581,1586,1587
1462,1547,1543,1544
1463,1543,1593,1598
1464,1593,1594,1597
1465,1594,1595,1600
1466,1593,1597,1598
1467,1594,1599,1597
1468,1594,1600,1599
1469,1595,1596,1601
1470,1596,1602,1604
1471,1595,1601,1600
1472,1596,1604,1601
1473,1548,1544,1545
1474,1544,1598,1610
1475,1598,1597,1612
1476,1597,1599,1615
1477,1597,1615,1612
1478,1599,1600,1628
1479,1599,1619,1615
1480,1599,1628,1619
1481,1600,1629,1628
1482,1600,1601,1629
1483,1601,1634,1629
1484,1602,1603,1605
1485,1602,1605,1604
1486,1601,1604,1634
1487,1604,1605,1635
1488,1604,1635,1634
1489,1554,1545,1611
1490,1555,1611,1614
1491,1556,1614,1618
1492,1557,1618,1623
1493,1598,1612,1610
1494,1545,1610,1611
1495,1610,1613,1611
1496,1610,1612,1613
1497,1611,1613,1614
1498,1612,1616,1613
1499,1615,1616,1612
1500,1613,1616,1617
1501,1613,1617,1614
1502,1614,1617,1618
1503,1615,1620,1616
1504,1615,1619,1620
1505,1616,1621,1617
1506,1620,1621,1616
1507,1617,1621,1622
1508,1617,1622,1618
1509,1618,1622,1623
1510,1393,1417,1413
1511,1393,1397,1417
1512,1397,1567,1417
1513,1397,1564,1567
1514,1413,1418,1414
1515,1413,1417,1418
1516,1414,1418,1419
1517,1414,1419,1415
1518,1415,1420,1416
1519,1415,1419,1420
1520,1417,1568,1418
1521,1417,1567,1568
1522,1418,1568,1569
1523,1418,1569,1419
1524,1419,1569,1570
1525,1419,1570,1420
1526,1431,1453,1461
1527,1455,1464,1453
1528,1455,1451,1463
1529,1451,1465,1463
1530,1451,1525,1465
1531,1429,1431,1460
1532,1431,1461,1460
1533,1460,1461,1603
1534,1461,1464,1462
1535,1461,1462,1603
1536,1453,1464,1461
1537,1455,1463,1464
1538,1463,1466,1464
1539,1463,1465,1467
1540,1464,1466,1462
1541,1463,1467,1466
1542,1467,1465,1468
1543,1465,1528,1468
1544,1499,1503,1534
1545,1503,1510,1534
1546,1510,1511,1536
1547,1511,1512,1537
1548,1523,1496,1526
1549,1523,1525,1451
1550,1523,1526,1525
1551,1496,1527,1526
1552,1499,1527,1496
1553,1526,1527,1529
1554,1525,1528,1465
1555,1525,1526,1530
1556,1525,1530,1528
1557,1468,1528,1740
1558,1528,1530,1741
1559,1526,1529,1530
1560,1530,1529,1742
1561,1499,1534,1527
1562,1510,1536,1534
1563,1527,1534,1535
1564,1534,1536,1535
1565,1527,1535,1529
1566,1536,1539,1535
1567,1529,1535,1763
1568,1535,1539,1763
1569,1539,1765,1763
1570,1511,1537,1536
1571,1536,1537,1539
1572,1512,1538,1537
1573,1537,1538,1540
1574,1538,1899,1540
1575,1899,1900,1541
1576,1537,1540,1539
1577,1539,1540,1765
1578,1540,1541,1765
1579,1541,1766,1765
1580,1899,1541,1540
1581,1900,1542,1541
1582,1541,1542,1766
1583,1542,1767,1766
1584,1542,1903,1767
1585,1564,1571,1567
1586,1564,1565,1571
1587,1565,1589,1571
1588,1567,1572,1568
1589,1568,1573,1569
1590,1569,1574,1570
1591,1567,1571,1572
1592,1568,1572,1573
1593,1571,1590,1572
1594,1569,1573,1574
1595,1572,1591,1573
1596,1573,1592,1574
1597,1565,1587,1589
1598,1583,1673,1584
1599,1584,1674,1585
1600,1585,1675,1586
1601,1586,1676,1587
1602,1587,1676,1589
1603,1571,1589,1590
1604,1572,1590,1591
1605,1589,1682,1590
1606,1590,1683,1591
1607,1573,1591,1592
1608,1591,1684,1592
1609,1603,1462,1605
1610,1462,1466,1606
1611,1462,1606,1605
1612,1605,1606,1635
1613,1606,1637,1635
1614,1606,1608,1637
1615,1466,1467,1608
1616,1466,1608,1606
1617,1467,1609,1608
1618,1467,1468,1609
1619,1468,1740,1607
1620,1468,1607,1609
1621,1608,1609,1657
1622,1608,1657,1637
1623,1609,1659,1657
1624,1609,1607,1659
1625,1659,1607,1664
1626,1607,1743,1664
1627,1664,1743,1665
1628,1665,1744,1666
1629,1666,1745,1667
1630,1667,1746,1668
1631,1668,1746,1669
1632,1669,1747,1690
1633,1584,1673,1674
1634,1585,1674,1675
1635,1586,1675,1676
1636,1589,1676,1682
1637,1673,1677,1674
1638,1674,1678,1675
1639,1675,1679,1676
1640,1676,1679,1682
1641,1674,1677,1678
1642,1675,1678,1679
1643,1682,1679,1685
1644,1677,1688,1678
1645,1678,1689,1679
1646,1679,1689,1685
1647,1590,1682,1683
1648,1682,1685,1683
1649,1683,1686,1684
1650,1591,1683,1684
1651,1592,1684,1687
1652,1683,1685,1686
1653,1685,1697,1686
1654,1684,1686,1698
1655,1684,1698,1687
1656,1592,1687,1932
1657,1678,1688,1689
1658,1685,1689,1697
1659,1688,1692,1689
1660,1689,1692,1697
1661,1690,1755,1691
1662,1691,1756,1692
1663,1697,1692,1756
1664,1697,1756,1693
1665,1698,1693,1757
1666,1686,1697,1693
1667,1686,1693,1698
1668,1687,1698,1758
1669,1687,1759,1932
1670,1687,1758,1759
1671,1528,1741,1740
1672,1607,1740,1743
1673,1740,1741,1748
1674,1740,1748,1743
1675,1530,1742,1741
1676,1741,1752,1748
1677,1741,1742,1752
1678,1665,1743,1744
1679,1666,1744,1745
1680,1667,1745,1746
1681,1669,1746,1747
1682,1743,1748,1744
1683,1744,1749,1745
1684,1745,1750,1746
1685,1744,1748,1749
1686,1745,1749,1750
1687,1746,1750,1747
1688,1747,1751,1755
1689,1747,1750,1751
1690,1748,1752,1749
1691,1749,1753,1750
1692,1750,1753,1751
1693,1751,1754,1760
1694,1749,1752,1753
1695,1751,1753,1754
1696,1761,1754,1764
1697,1747,1755,1690
1698,1691,1755,1756
1699,1698,1757,1758
1700,1693,1756,1760
1701,1755,1760,1756
1702,1755,1751,1760
1703,1693,1760,1757
1704,1758,1757,1761
1705,1758,1761,1762
1706,1758,1762,1759
1707,1759,1762,2021
1708,1757,1760,1754
1709,1757,1754,1761
1710,1761,1768,1762
1711,1762,1769,2021
1712,1529,1763,1742
1713,1742,1763,1764
1714,1742,1764,1752
1715,1763,1765,1764
1716,1752,1764,1753
1717,1753,1764,1754
1718,1764,1765,1766
1719,1764,1766,1768
1720,1766,1767,1768
1721,1767,1769,1768
1722,1767,2023,1769
1723,1761,1764,1768
1724,1762,1768,1769
1725,1776,1896,1894
1726,1416,1420,1777
1727,1776,1416,1777
1728,1420,1570,1778
1729,1420,1778,1777
1730,1776,1777,1896
1731,1777,1897,1896
1732,1777,1778,1897
1733,1866,1871,1867
1734,1867,1872,1868
1735,1867,1871,1872
1736,1872,1873,1868
1737,1868,1873,1869
1738,1869,1874,1870
1739,1869,1873,1874
1740,1871,1875,1872
1741,1872,1876,1873
1742,1873,1877,1874
1743,1512,1870,1538
1744,1538,1870,1874
1745,1879,1900,1877
1746,1874,1877,1899
1747,1872,1875,1876
1748,1873,1876,1877
1749,1875,1878,1876
1750,1876,1879,1877
1751,1876,1878,1879
1752,1878,1880,1879
1753,1880,1864,1902
1754,1879,1880,1901
1755,1894,1896,1895
1756,1894,1895,1864
1757,1864,1895,1902
1758,1896,1897,1898
1759,1895,1896,1898
1760,1897,2019,1898
1761,1895,1898,1904
1762,1538,1874,1899
1763,1877,1900,1899
1764,1879,1901,1900
1765,1900,1901,1542
1766,1901,1902,1903
1767,1880,1902,1901
1768,1895,1904,1902
1769,1901,1903,1542
1770,1767,1903,2023
1771,1903,1904,2023
1772,1902,1904,1903
1773,1898,2024,1904
1774,1904,2024,2023
1775,1570,1574,1931
1776,1570,1931,1778
1777,1574,1932,1931
1778,1778,1931,2018
1779,1778,2018,1897
1780,1931,2020,2018
1781,1574,1592,1932
1782,1931,1932,2020
1783,1759,2020,1932
1784,1897,2018,2019
1785,2018,2020,2022
1786,2018,2022,2019
1787,1898,2019,2024
1788,2019,2022,2026
1789,1759,2021,2020
1790,2020,2021,2022
1791,2021,2025,2022
1792,1769,2023,2025
1793,2023,2024,2025
1794,2019,2026,2024
1795,2024,2026,2025
1796,1769,2025,2021
1797,2022,2025,2026
1798,50,51,56
1799,51,52,57
1800,52,53,58
1801,53,54,59
1802,50,56,55
1803,51,57,56
1804,52,58,57
1805,53,59,58
1806,55,56,61
1807,56,57,62
1808,57,58,63
1809,58,59,64
1810,55,61,60
1811,56,62,61
1812,57,63,62
1813,58,64,63
1814,60,61,66
1815,61,62,67
1816,62,63,68
1817,63,64,69
1818,60,66,65
1819,61,67,66
1820,62,68,67
1821,63,69,68
1822,65,66,690
1823,66,67,691
1824,67,68,692
1825,68,69,693
1826,65,690,689
1827,66,691,690
1828,67,692,691
1829,68,693,692
1830,50,422,51
1831,51,423,52
1832,52,423,53
1833,53,423,54
1834,51,422,423
1835,54,423,436
1836,54,436,59
1837,59,436,64
1838,64,436,439
1839,436,438,439
1840,438,458,439
1841,439,458,459
1842,64,439,69
1843,69,439,446
1844,69,446,693
1845,445,693,446
1846,445,725,693
1847,445,448,452
1848,445,452,725
1849,452,730,725
1850,439,459,446
1851,445,446,449
1852,445,449,448
1853,446,459,449
1854,448,449,460
1855,448,460,450
1856,448,450,453
1857,448,453,452
1858,452,454,730
1859,452,453,454
1860,454,735,730
1861,449,459,465
1862,449,465,460
1863,458,463,459
1864,459,463,465
1865,465,463,464
1866,465,464,471
1867,460,465,485
1868,460,485,466
1869,466,486,482
1870,472,468,473
1871,470,472,473
1872,465,471,533
1873,466,485,486
1874,450,478,453
1875,450,460,466
1876,450,466,477
1877,450,477,478
1878,453,478,479
1879,477,466,482
1880,453,479,454
1881,454,480,735
1882,454,479,480
1883,480,742,735
1884,486,491,482
1885,465,533,485
1886,468,527,473
1887,470,473,533
1888,471,470,533
1889,485,534,486
1890,486,545,491
1891,473,527,532
1892,526,531,527
1893,526,528,529
1894,526,529,530
1895,526,530,531
1896,527,531,532
1897,485,533,534
1898,473,532,533
1899,486,534,545
1900,533,532,539
1901,533,539,534
1902,528,535,529
1903,529,536,530
1904,530,537,531
1905,531,538,532
1906,529,535,536
1907,530,536,537
1908,531,537,538
1909,532,538,539
1910,534,539,544
1911,534,544,545
1912,535,540,536
1913,536,541,537
1914,537,542,538
1915,538,543,539
1916,536,540,541
1917,537,541,542
1918,538,542,543
1919,539,543,544
1920,540,548,541
1921,541,549,542
1922,542,550,543
1923,543,551,544
1924,491,545,547
1925,544,552,545
1926,545,552,547
1927,541,548,549
1928,542,549,550
1929,543,550,551
1930,544,551,552
1931,548,553,549
1932,549,554,550
1933,550,555,551
1934,551,556,552
1935,547,552,557
1936,549,553,554
1937,550,554,555
1938,551,555,556
1939,552,556,557
1940,689,690,722
1941,690,691,723
1942,691,692,724
1943,692,693,725
1944,689,722,721
1945,690,723,722
1946,691,724,723
1947,692,725,724
1948,721,722,727
1949,722,723,728
1950,723,724,729
1951,724,725,730
1952,721,727,726
1953,722,728,727
1954,723,729,728
1955,724,730,729
1956,726,727,732
1957,727,728,733
1958,728,729,734
1959,729,730,735
1960,726,732,731
1961,727,733,732
1962,728,734,733
1963,729,735,734
1964,731,732,739
1965,732,733,740
1966,733,734,741
1967,734,735,742
1968,731,739,738
1969,732,740,739
1970,733,741,740
1971,734,742,741
1972,1928,1844,1843
1973,1929,1845,1844
1974,1914,1907,1906
1975,1915,1908,1907
1976,1916,1909,1908
1977,1917,1910,1909
1978,1914,1915,1907
1979,1915,1916,1908
1980,1916,1917,1909
1981,1917,1918,1910
1982,1912,1910,1918
1983,1928,1910,1912
1984,1928,1912,1911
1985,1911,2187,2184
1986,1912,1919,1911
1987,1919,2187,1911
1988,1914,1920,1915
1989,1915,1921,1916
1990,1916,1922,1917
1991,1917,1923,1918
1992,1918,1924,1925
1993,1912,1918,1925
1994,1912,1925,1919
1995,1919,2198,2187
1996,1915,1920,1921
1997,1916,1921,1922
1998,1917,1922,1923
1999,1918,1923,1924
2000,1925,1924,2066
2001,1919,1925,1927
2002,1919,1927,2198
2003,1925,2066,1927
2004,1928,1843,1910
2005,1839,1906,1840
2006,1840,1907,1841
2007,1841,1908,1842
2008,1842,1909,1843
2009,1928,1929,1844
2010,1929,2230,1845
2011,1840,1906,1907
2012,1841,1907,1908
2013,1842,1908,1909
2014,1843,1909,1910
2015,1928,1911,1929
2016,1929,1911,2184
2017,1920,2061,1921
2018,1921,2062,1922
2019,1922,2063,1923
2020,1923,2064,1924
2021,1921,2061,2062
2022,1922,2062,2063
2023,1923,2063,2064
2024,1924,2064,2065
2025,1924,2065,2066
2026,2061,2067,2062
2027,2062,2068,2063
2028,2063,2069,2064
2029,2064,2070,2065
2030,1927,2066,2946
2031,2066,2065,2071
2032,2062,2067,2068
2033,2063,2068,2069
2034,2064,2069,2070
2035,2065,2070,2071
2036,2066,2071,2946
2037,1845,2230,2155
2038,2231,2156,2155
2039,2188,2185,2184
2040,2187,2188,2184
2041,2187,2198,2196
2042,2196,2201,2197
2043,2196,2198,2201
2044,2187,2196,2188
2045,2197,2215,2202
2046,2197,2201,2215
2047,2198,2200,2201
2048,1927,2200,2198
2049,1927,2946,2200
2050,2201,2217,2215
2051,2201,2200,2217
2052,2200,2947,2217
2053,2202,2215,2216
2054,2202,2216,2203
2055,2203,2224,2209
2056,2203,2216,2224
2057,2205,2206,2221
2058,2206,2207,2222
2059,2207,2208,2223
2060,2208,2209,2224
2061,2205,2221,2220
2062,2206,2222,2221
2063,2207,2223,2222
2064,2208,2224,2223
2065,2215,2218,2216
2066,2215,2217,2218
2067,2217,2958,2218
2068,2216,2229,2224
2069,2220,2221,2226
2070,2221,2222,2227
2071,2222,2223,2228
2072,2223,2224,2229
2073,2216,2218,2229
2074,2220,2226,2225
2075,2221,2227,2226
2076,2222,2228,2227
2077,2223,2229,2228
2078,2218,2963,2229
2079,2225,2226,2960
2080,2226,2227,2961
2081,2227,2228,2962
2082,2228,2229,2963
2083,2230,2231,2155
2084,1929,2184,2230
2085,2230,2185,2231
2086,2230,2184,2185
2087,2200,2946,2947
2088,2071,2952,2946
2089,2067,2948,2068
2090,2068,2949,2069
2091,2069,2950,2070
2092,2070,2951,2071
2093,2068,2948,2949
2094,2069,2949,2950
2095,2070,2950,2951
2096,2071,2951,2952
2097,2946,2952,2947
2098,2947,2952,2957
2099,2948,2953,2949
2100,2949,2954,2950
2101,2950,2955,2951
2102,2951,2956,2952
2103,2217,2947,2958
2104,2947,2957,2958
2105,2949,2953,2954
2106,2950,2954,2955
2107,2951,2955,2956
2108,2952,2956,2957
2109,2218,2958,2963
2110,2225,2960,2959
2111,2226,2961,2960
2112,2227,2962,2961
2113,2228,2963,2962
2114,2958,2957,2968
2115,2953,2964,2954
2116,2954,2965,2955
2117,2955,2966,2956
2118,2956,2967,2957
2119,2954,2964,2965
2120,2955,2965,2966
2121,2956,2966,2967
2122,2957,2967,2968
2123,2958,2968,2963
2124,2959,2960,2965
2125,2960,2961,2966
2126,2961,2962,2967
2127,2962,2963,2968
2128,2959,2965,2964
2129,2960,2966,2965
2130,2961,2967,2966
2131,2962,2968,2967
2132,771,772,774
2133,771,774,773
2134,772,786,774
2135,773,774,775
2136,774,786,775
2137,772,783,786
2138,783,784,787
2139,784,785,788
2140,783,787,786
2141,784,788,787
2142,786,787,775
2143,787,788,775
2144,788,789,775
2145,785,812,788
2146,788,814,789
2147,788,812,814
2148,789,814,816
2149,789,816,818
2150,812,826,814
2151,814,833,816
2152,816,820,818
2153,816,835,820
2154,855,856,838
2155,820,842,856
2156,826,831,833
2157,814,826,833
2158,816,833,835
2159,820,835,837
2160,820,837,842
2161,856,839,838
2162,856,840,839
2163,856,841,840
2164,856,842,841
2165,833,844,835
2166,835,846,837
2167,837,848,842
2168,838,839,850
2169,839,840,851
2170,840,841,852
2171,841,842,853
2172,833,831,844
2173,835,844,846
2174,837,846,848
2175,842,848,853
2176,838,850,849
2177,839,851,850
2178,840,852,851
2179,841,853,852
2180,831,2106,844
2181,844,2106,2121
2182,2098,2117,2099
2183,2099,2118,2100
2184,2100,2119,2101
2185,2101,2120,2106
2186,844,2121,846
2187,846,2126,848
2188,846,2121,2126
2189,848,2126,2139
2190,848,2139,853
2191,849,850,2141
2192,850,851,2142
2193,851,852,2143
2194,852,853,2144
2195,849,2141,2140
2196,850,2142,2141
2197,853,2139,2144
2198,851,2143,2142
2199,852,2144,2143
2200,2099,2117,2118
2201,2100,2118,2119
2202,2101,2119,2120
2203,2106,2120,2121
2204,2117,2122,2118
2205,2118,2123,2119
2206,2119,2124,2120
2207,2120,2125,2121
2208,2118,2122,2123
2209,2119,2123,2124
2210,2120,2124,2125
2211,2121,2125,2126
2212,2122,2135,2123
2213,2123,2136,2124
2214,2124,2137,2125
2215,2125,2138,2126
2216,2123,2135,2136
2217,2124,2136,2137
2218,2125,2137,2138
2219,2126,2138,2139
2220,2135,2140,2136
2221,2136,2141,2137
2222,2137,2142,2138
2223,2138,2143,2139
2224,2136,2140,2141
2225,2137,2141,2142
2226,2138,2142,2143
2227,2139,2143,2144
2228,579,580,585
2229,580,581,586
2230,581,582,587
2231,582,583,588
2232,579,585,584
2233,580,586,585
2234,581,587,586
2235,582,588,587
2236,584,585,590
2237,585,586,591
2238,586,587,592
2239,587,588,593
2240,584,590,589
2241,585,591,590
2242,586,592,591
2243,587,593,592
2244,589,590,595
2245,590,591,596
2246,591,592,597
2247,592,593,598
2248,589,595,594
2249,590,596,595
2250,591,597,596
2251,592,598,597
2252,594,595,605
2253,595,596,606
2254,596,597,607
2255,597,598,608
2256,594,605,604
2257,595,606,605
2258,596,607,606
2259,597,608,607
2260,579,609,580
2261,580,610,581
2262,581,611,582
2263,582,612,583
2264,583,613,588
2265,588,614,593
2266,593,616,598
2267,598,618,608
2268,580,609,610
2269,581,610,611
2270,582,611,612
2271,583,612,613
2272,588,613,614
2273,593,614,616
2274,598,616,618
2275,608,618,620
2276,1796,1797,1783
2277,1797,1798,1784
2278,1798,1799,1785
2279,1799,1800,1786
2280,1800,1812,1787
2281,609,1782,610
2282,610,1783,611
2283,611,1784,612
2284,612,1785,613
2285,613,1786,614
2286,614,1787,616
2287,616,1789,618
2288,610,1782,1783
2289,611,1783,1784
2290,612,1784,1785
2291,613,1785,1786
2292,614,1786,1787
2293,616,1787,1789
2294,618,1789,1779
2295,620,618,1779
2296,620,1779,1780
2297,1814,1779,1789
2298,1796,1783,1782
2299,1797,1784,1783
2300,1798,1785,1784
2301,1799,1786,1785
2302,1800,1787,1786
2303,1812,1789,1787
2304,1814,1789,1812
2305,1814,1791,1779
2306,1779,1791,1780
2307,1780,1791,1794
2308,1796,1801,1797
2309,1797,1802,1798
2310,1798,1803,1799
2311,1799,1804,1800
2312,1800,1805,1812
2313,1801,1806,1802
2314,1802,1807,1803
2315,1803,1808,1804
2316,1804,1809,1805
2317,1802,1806,1807
2318,1803,1807,1808
2319,1804,1808,1809
2320,1805,1809,1810
2321,1812,1805,1811
2322,1797,1801,1802
2323,1798,1802,1803
2324,1799,1803,1804
2325,1800,1804,1805
2326,1811,1805,1810
2327,1816,1794,1791
2328,1814,1835,1791
2329,1816,1819,1794
2330,1814,1812,1811
2331,1814,1811,1835
2332,1816,1791,1835
2333,1816,1821,1819
2334,1816,1837,1821
2335,1819,1821,1820
2336,1820,1821,1822
2337,1821,1846,1822
2338,1820,1822,1823
2339,1823,1822,1824
2340,1823,1824,2145
2341,1822,1848,1824
2342,1806,1825,1807
2343,1807,1826,1808
2344,1808,1827,1809
2345,1809,1828,1810
2346,1807,1825,1826
2347,1808,1826,1827
2348,1809,1827,1828
2349,1810,1828,1829
2350,1825,1830,1826
2351,1826,1831,1827
2352,1827,1832,1828
2353,1828,1833,1829
2354,1826,1830,1831
2355,1827,1831,1832
2356,1828,1832,1833
2357,1829,1833,1834
2358,1830,1839,1831
2359,1831,1840,1832
2360,1832,1841,1833
2361,1833,1842,1834
2362,1836,1837,1835
2363,1811,1836,1835
2364,1816,1835,1837
2365,1821,1837,1846
2366,1838,1846,1837
2367,1836,1838,1837
2368,1811,1810,1836
2369,1836,1810,1829
2370,1836,1829,1838
2371,1838,1829,1834
2372,1838,1834,1847
2373,1831,1839,1840
2374,1832,1840,1841
2375,1833,1841,1842
2376,1834,1842,1843
2377,1822,1846,1848
2378,1847,1848,1846
2379,1838,1847,1846
2380,1847,1852,1848
2381,1852,1851,1848
2382,1824,1848,1851
2383,1852,1853,1851
2384,1847,1834,1843
2385,1847,1843,1852
2386,1852,1843,1844
2387,1852,1844,1853
2388,1853,1845,2158
2389,1853,1844,1845
2390,1824,2146,2145
2391,2145,2146,2150
2392,2150,2146,2151
2393,1824,1851,2146
2394,2146,2157,2151
2395,1851,2157,2146
2396,1853,2157,1851
2397,2151,2157,2159
2398,2158,2159,2157
2399,1853,2158,2157
2400,2158,2160,2159
2401,1845,2155,2158
2402,2158,2155,2160
2403,2160,2155,2156
2404,651,893,891
2405,651,655,652
2406,651,652,893
2407,652,906,893
2408,652,656,657
2409,655,1939,656
2410,655,656,652
2411,656,1940,659
2412,652,657,906
2413,657,658,908
2414,657,908,906
2415,657,659,658
2416,657,656,659
2417,659,2002,660
2418,659,660,658
2419,658,916,908
2420,658,660,662
2421,658,662,916
2422,662,663,916
2423,662,660,661
2424,662,661,663
2425,663,920,916
2426,891,894,892
2427,892,899,897
2428,891,893,894
2429,893,907,894
2430,892,894,899
2431,894,910,899
2432,897,900,898
2433,897,899,900
2434,899,911,900
2435,898,900,905
2436,898,905,902
2437,900,914,905
2438,902,905,2287
2439,893,906,907
2440,894,907,910
2441,906,908,909
2442,906,909,907
2443,907,909,912
2444,907,912,910
2445,899,910,911
2446,900,911,914
2447,910,912,913
2448,910,913,911
2449,911,913,915
2450,911,915,914
2451,908,917,909
2452,908,916,917
2453,916,920,917
2454,909,918,912
2455,909,917,918
2456,917,921,918
2457,912,919,913
2458,912,918,919
2459,918,922,919
2460,913,919,923
2461,917,920,921
2462,918,921,922
2463,919,922,923
2464,913,923,915
2465,1939,1944,1940
2466,656,1939,1940
2467,1940,1945,2002
2468,1944,1972,1945
2469,1944,1945,1940
2470,2002,1945,1946
2471,2001,1946,1981
2472,2003,1981,1982
2473,1972,1976,1945
2474,1968,1973,1969
2475,1969,1974,1970
2476,1969,1973,1974
2477,1970,1975,1971
2478,1971,1976,1972
2479,1974,1975,1970
2480,1971,1975,1976
2481,1973,1983,1974
2482,1974,1984,1975
2483,1975,1985,1976
2484,1976,1985,1946
2485,1987,1981,1985
2486,1968,1977,1979
2487,1968,1979,1973
2488,1977,1980,1979
2489,1977,1978,1980
2490,1973,1979,1988
2491,1979,1980,1989
2492,1976,1946,1945
2493,1985,1981,1946
2494,1987,1982,1981
2495,1982,1998,2006
2496,1974,1983,1984
2497,1975,1984,1985
2498,1973,1988,1983
2499,1983,1986,1984
2500,1984,1987,1985
2501,1984,1986,1987
2502,1983,1990,1986
2503,1987,1992,1982
2504,1983,1988,1990
2505,1979,1989,1988
2506,1988,1989,1991
2507,1988,1991,1990
2508,1986,1992,1987
2509,1986,1990,1993
2510,1986,1993,1992
2511,1992,1993,1994
2512,1992,1994,1998
2513,1990,1995,1993
2514,1993,1996,1994
2515,1990,1991,1995
2516,1993,1995,1996
2517,1994,1996,1997
2518,1991,2331,1995
2519,1995,2332,1996
2520,1996,2333,1997
2521,1994,1997,1999
2522,1997,2334,2000
2523,1992,1998,1982
2524,1994,1999,1998
2525,1997,2000,1999
2526,659,1940,2002
2527,660,2002,2001
2528,661,2001,2003
2529,660,2001,661
2530,661,2004,663
2531,661,2003,2004
2532,2002,1946,2001
2533,2001,1981,2003
2534,2003,1982,2006
2535,2003,2006,2004
2536,2006,2007,2004
2537,663,2005,920
2538,663,2004,2005
2539,920,2005,2366
2540,2005,2007,2011
2541,2004,2007,2005
2542,2005,2011,2366
2543,2011,2012,2366
2544,2006,2008,2007
2545,2006,1998,2008
2546,1998,1999,2008
2547,1999,2009,2008
2548,1999,2000,2009
2549,2000,2341,2010
2550,2000,2010,2009
2551,2007,2008,2013
2552,2008,2009,2013
2553,2009,2010,2014
2554,2010,2372,2014
2555,2007,2013,2011
2556,2011,2016,2012
2557,2009,2014,2013
2558,2014,2372,2015
2559,2011,2013,2016
2560,2012,2016,2017
2561,2013,2014,2016
2562,2014,2015,2016
2563,2015,2017,2016
2564,902,2287,2280
2565,2280,2293,2283
2566,905,2363,2287
2567,2280,2287,2293
2568,2283,2325,2288
2569,2287,2364,2293
2570,2283,2293,2325
2571,1978,2315,1980
2572,1978,2314,2315
2573,2314,2317,2315
2574,2314,2316,2317
2575,1980,2315,2327
2576,2315,2317,2329
2577,2288,2325,2318
2578,2318,2326,2322
2579,2318,2325,2326
2580,2322,2326,2350
2581,1980,2327,1989
2582,1989,2327,2328
2583,2315,2329,2327
2584,2327,2329,2330
2585,1989,2328,1991
2586,2327,2330,2328
2587,1991,2328,2331
2588,1995,2331,2332
2589,1996,2332,2333
2590,1997,2333,2334
2591,2328,2330,2335
2592,2328,2335,2331
2593,2331,2336,2332
2594,2332,2337,2333
2595,2333,2338,2334
2596,2331,2335,2336
2597,2332,2336,2337
2598,2333,2337,2338
2599,2334,2338,2339
2600,2334,2339,2341
2601,2339,2340,2341
2602,2340,2346,2342
2603,2000,2334,2341
2604,2340,2342,2341
2605,2346,2343,2342
2606,2322,2350,2344
2607,2346,2347,2343
2608,2347,2348,2351
2609,2344,2352,2348
2610,2344,2350,2352
2611,2347,2351,2343
2612,2348,2352,2351
2613,905,914,2363
2614,914,2365,2363
2615,914,915,2365
2616,915,2369,2365
2617,2287,2363,2364
2618,2363,2365,2371
2619,2363,2371,2364
2620,920,2366,921
2621,921,2367,922
2622,921,2366,2367
2623,922,2367,2368
2624,922,2368,923
2625,915,923,2369
2626,923,2368,2369
2627,2012,2367,2366
2628,2012,2377,2367
2629,2367,2377,2368
2630,2368,2377,2378
2631,2368,2378,2369
2632,2369,2378,2379
2633,2365,2369,2379
2634,2365,2379,2371
2635,2293,2370,2325
2636,2293,2364,2370
2637,2325,2370,2326
2638,2326,2370,2374
2639,2364,2382,2370
2640,2364,2371,2382
2641,2010,2341,2342
2642,2010,2342,2372
2643,2342,2343,2372
2644,2343,2351,2373
2645,2343,2373,2372
2646,2351,2375,2373
2647,2015,2372,2373
2648,2373,2375,2380
2649,2326,2374,2350
2650,2350,2374,2376
2651,2351,2352,2375
2652,2350,2376,2352
2653,2352,2376,2375
2654,2370,2382,2374
2655,2375,2376,2383
2656,2374,2384,2376
2657,2012,2017,2377
2658,2377,2381,2378
2659,2378,2385,2379
2660,2371,2379,2386
2661,2015,2373,2380
2662,2375,2383,2380
2663,2017,2381,2377
2664,2378,2381,2385
2665,2015,2380,2017
2666,2017,2380,2381
2667,2380,2383,2381
2668,2383,2385,2381
2669,2374,2382,2384
2670,2371,2386,2382
2671,2376,2384,2383
2672,2382,2386,2384
2673,2379,2385,2386
2674,2383,2384,2385
2675,2384,2386,2385
2676,477,482,487
2677,477,487,478
2678,478,488,479
2679,479,489,480
2680,480,490,742
2681,478,487,488
2682,487,482,492
2683,479,488,489
2684,487,492,494
2685,487,494,488
2686,488,495,489
2687,480,489,490
2688,489,496,490
2689,482,491,492
2690,491,547,493
2691,491,493,492
2692,488,494,495
2693,492,497,494
2694,489,495,496
2695,494,629,495
2696,494,497,629
2697,495,630,496
2698,490,496,779
2699,496,631,779
2700,492,493,497
2701,493,573,498
2702,493,498,497
2703,497,498,632
2704,498,575,632
2705,493,547,573
2706,547,557,573
2707,557,564,573
2708,564,574,573
2709,553,560,554
2710,554,561,555
2711,555,562,556
2712,556,563,557
2713,554,560,561
2714,555,561,562
2715,556,562,563
2716,557,563,564
2717,560,565,561
2718,561,566,562
2719,562,567,563
2720,563,568,564
2721,564,569,574
2722,561,565,566
2723,562,566,567
2724,563,567,568
2725,564,568,569
2726,569,603,577
2727,565,599,566
2728,566,600,567
2729,567,601,568
2730,568,602,569
2731,566,599,600
2732,567,600,601
2733,568,601,602
2734,569,602,603
2735,498,574,575
2736,498,573,574
2737,574,577,575
2738,633,575,576
2739,575,577,576
2740,569,577,574
2741,576,577,578
2742,603,578,577
2743,576,578,647
2744,599,604,600
2745,600,605,601
2746,601,606,602
2747,602,607,603
2748,600,604,605
2749,601,605,606
2750,602,606,607
2751,603,607,608
2752,603,608,578
2753,608,623,578
2754,578,623,647
2755,608,620,623
2756,620,1781,623
2757,647,623,1933
2758,495,629,630
2759,497,632,629
2760,629,632,634
2761,629,634,630
2762,630,634,635
2763,496,630,631
2764,630,635,631
2765,631,635,866
2766,632,575,633
2767,634,632,633
2768,634,633,641
2769,634,636,635
2770,635,637,866
2771,634,641,636
2772,636,642,637
2773,635,636,637
2774,637,643,868
2775,633,576,640
2776,633,640,641
2777,576,647,640
2778,636,641,644
2779,636,644,642
2780,637,642,643
2781,642,645,643
2782,641,640,649
2783,641,649,644
2784,643,645,646
2785,642,644,650
2786,642,650,645
2787,645,651,646
2788,640,647,648
2789,640,648,649
2790,647,1933,648
2791,646,651,891
2792,644,649,653
2793,644,653,650
2794,645,650,654
2795,645,654,651
2796,651,654,655
2797,649,648,1936
2798,649,1936,653
2799,650,653,1937
2800,650,1937,654
2801,654,1938,655
2802,738,739,743
2803,739,740,744
2804,740,741,745
2805,741,742,746
2806,739,744,743
2807,740,745,744
2808,741,746,745
2809,743,744,748
2810,744,745,749
2811,745,746,750
2812,742,776,746
2813,744,749,748
2814,745,750,749
2815,746,777,750
2816,748,749,752
2817,749,750,753
2818,749,753,752
2819,750,778,753
2820,752,753,761
2821,761,763,762
2822,762,763,765
2823,753,782,761
2824,762,765,764
2825,763,766,765
2826,764,765,768
2827,765,766,769
2828,764,768,767
2829,765,769,768
2830,766,770,769
2831,767,768,772
2832,768,769,783
2833,769,770,784
2834,767,772,771
2835,768,783,772
2836,769,784,783
2837,770,785,784
2838,490,776,742
2839,746,776,777
2840,490,779,776
2841,750,777,778
2842,776,780,777
2843,777,781,778
2844,776,779,780
2845,779,864,780
2846,777,780,781
2847,780,865,781
2848,753,778,782
2849,778,790,782
2850,761,810,763
2851,761,782,810
2852,763,821,766
2853,766,822,770
2854,763,810,821
2855,778,781,790
2856,781,870,790
2857,782,790,823
2858,782,823,810
2859,790,883,823
2860,821,887,822
2861,812,809,827
2862,822,888,809
2863,821,886,887
2864,770,809,785
2865,766,821,822
2866,785,809,812
2867,770,822,809
2868,810,823,886
2869,810,886,821
2870,812,827,826
2871,809,888,827
2872,822,887,888
2873,826,827,2095
2874,826,2095,831
2875,827,888,2273
2876,827,2273,2095
2877,631,864,779
2878,631,866,864
2879,864,866,867
2880,780,864,865
2881,864,867,865
2882,865,867,871
2883,866,868,867
2884,867,869,871
2885,637,868,866
2886,868,876,869
2887,867,868,869
2888,869,877,873
2889,781,865,870
2890,865,871,870
2891,790,870,883
2892,870,871,884
2893,870,884,883
2894,871,869,873
2895,871,873,884
2896,823,889,886
2897,883,895,889
2898,643,876,868
2899,643,646,876
2900,876,879,877
2901,869,876,877
2902,873,877,878
2903,877,881,878
2904,646,879,876
2905,646,891,879
2906,879,892,881
2907,877,879,881
2908,878,881,882
2909,884,880,895
2910,878,896,880
2911,878,882,896
2912,881,897,882
2913,823,883,889
2914,883,884,895
2915,873,880,884
2916,873,878,880
2917,886,889,890
2918,886,890,887
2919,887,2274,888
2920,888,2274,2273
2921,889,904,890
2922,887,890,2274
2923,879,891,892
2924,881,892,897
2925,882,897,898
2926,880,901,895
2927,882,903,896
2928,882,898,903
2929,880,896,901
2930,889,895,904
2931,898,902,903
2932,895,901,904
2933,896,2282,901
2934,896,903,2282
2935,902,2281,903
2936,902,2280,2281
2937,903,2281,2282
2938,901,2286,904
2939,620,1780,1781
2940,623,1781,1933
2941,1780,1795,1781
2942,1780,1794,1795
2943,1794,1854,1795
2944,1781,1795,1934
2945,1795,1947,1934
2946,1819,1854,1794
2947,1819,1820,1856
2948,1819,1855,1854
2949,1819,1856,1855
2950,1820,1823,1857
2951,1820,1857,1856
2952,1823,2162,1857
2953,1795,1854,1947
2954,1855,1948,1854
2955,1855,1856,1950
2956,1854,1948,1947
2957,1855,1949,1948
2958,1855,1950,1949
2959,1856,1857,1951
2960,1856,1951,1950
2961,1857,2306,1951
2962,1781,1934,1933
2963,648,1933,1935
2964,648,1935,1936
2965,1933,1934,1935
2966,1934,1953,1935
2967,654,1937,1938
2968,655,1938,1939
2969,653,1936,1941
2970,653,1941,1937
2971,1937,1942,1938
2972,1938,1943,1939
2973,1937,1941,1942
2974,1938,1942,1943
2975,1939,1943,1944
2976,1936,1935,1958
2977,1936,1958,1941
2978,1941,1960,1942
2979,1942,1963,1943
2980,1943,1967,1944
2981,1934,1947,1953
2982,1948,1954,1947
2983,1948,1949,1952
2984,1949,1950,1956
2985,1947,1954,1953
2986,1948,1952,1954
2987,1949,1955,1952
2988,1949,1956,1955
2989,1950,1951,1957
2990,1950,1957,1956
2991,1951,2308,1957
2992,1935,1953,1958
2993,1954,1959,1953
2994,1954,1952,1961
2995,1952,1955,1964
2996,1952,1964,1961
2997,1955,1968,1964
2998,1955,1977,1968
2999,1955,1956,1977
3000,1956,1957,1978
3001,1956,1978,1977
3002,1941,1958,1960
3003,1942,1960,1963
3004,1943,1963,1967
3005,1944,1967,1972
3006,1953,1959,1958
3007,1954,1961,1959
3008,1959,1960,1958
3009,1959,1961,1962
3010,1959,1962,1960
3011,1960,1962,1963
3012,1964,1969,1965
3013,1961,1965,1962
3014,1964,1965,1961
3015,1962,1965,1966
3016,1962,1966,1963
3017,1963,1966,1967
3018,1965,1970,1966
3019,1966,1971,1967
3020,1964,1968,1969
3021,1969,1970,1965
3022,1966,1970,1971
3023,1967,1971,1972
3024,831,2113,2106
3025,831,2095,2113
3026,2098,2099,2102
3027,2099,2100,2103
3028,2100,2101,2104
3029,2101,2106,2105
3030,2099,2103,2102
3031,2100,2104,2103
3032,2101,2105,2104
3033,2107,2102,2103
3034,2108,2103,2104
3035,2104,2105,2109
3036,2107,2103,2108
3037,2108,2104,2109
3038,2106,2113,2105
3039,2105,2114,2109
3040,2105,2113,2114
3041,2107,2108,2110
3042,2108,2111,2110
3043,2108,2109,2111
3044,2110,2111,2112
3045,2109,2115,2111
3046,2111,2116,2112
3047,2109,2114,2115
3048,2111,2115,2116
3049,2095,2275,2113
3050,2113,2275,2114
3051,2115,2114,2276
3052,2115,2277,2116
3053,2114,2275,2276
3054,2115,2276,2277
3055,1823,2145,2162
3056,2145,2150,2163
3057,2145,2163,2162
3058,1857,2162,2306
3059,2162,2163,2307
3060,2162,2307,2306
3061,2095,2273,2275
3062,2273,2274,2279
3063,890,2292,2274
3064,2273,2279,2275
3065,2275,2279,2276
3066,2276,2278,2277
3067,2274,2292,2279
3068,2276,2279,2278
3069,2279,2292,2278
3070,901,2282,2286
3071,2280,2284,2281
3072,2281,2285,2282
3073,890,904,2292
3074,2280,2283,2284
3075,2281,2284,2285
3076,2282,2285,2286
3077,904,2286,2292
3078,2283,2289,2284
3079,2284,2290,2285
3080,2285,2291,2286
3081,2283,2288,2289
3082,2284,2289,2290
3083,2285,2290,2291
3084,2286,2291,2292
3085,1951,2306,2308
3086,2306,2307,2309
3087,2306,2309,2308
3088,1957,2308,2314
3089,1957,2314,1978
3090,2308,2309,2316
3091,2308,2316,2314
3092,2112,2131,2127
3093,2112,2116,2131
3094,2116,2294,2131
3095,2116,2277,2294
3096,2127,2132,2128
3097,2127,2131,2132
3098,2128,2132,2133
3099,2128,2133,2129
3100,2129,2134,2130
3101,2129,2133,2134
3102,2131,2294,2295
3103,2131,2295,2132
3104,2132,2295,2296
3105,2132,2296,2133
3106,2133,2297,2134
3107,2133,2296,2297
3108,2151,2159,2164
3109,2160,2167,2159
3110,2160,2156,2166
3111,2156,2168,2166
3112,2156,2233,2168
3113,2150,2151,2163
3114,2151,2164,2163
3115,2163,2164,2307
3116,2164,2167,2165
3117,2164,2165,2307
3118,2159,2167,2164
3119,2160,2166,2167
3120,2166,2169,2167
3121,2166,2168,2170
3122,2167,2169,2165
3123,2166,2170,2169
3124,2170,2168,2171
3125,2168,2236,2171
3126,2176,2245,2244
3127,2130,2134,2178
3128,2176,2130,2178
3129,2134,2297,2179
3130,2134,2179,2178
3131,2176,2178,2245
3132,2178,2246,2245
3133,2178,2179,2246
3134,2188,2196,2247
3135,2196,2197,2247
3136,2197,2202,2248
3137,2202,2203,2251
3138,2205,2210,2206
3139,2206,2211,2207
3140,2207,2212,2208
3141,2208,2213,2209
3142,2206,2210,2211
3143,2211,2212,2207
3144,2208,2212,2213
3145,2210,2263,2211
3146,2211,2264,2212
3147,2212,2265,2213
3148,2203,2209,2252
3149,2209,2213,2252
3150,2254,2265,2267
3151,2213,2265,2253
3152,2231,2185,2234
3153,2231,2233,2156
3154,2231,2234,2233
3155,2185,2235,2234
3156,2188,2235,2185
3157,2234,2235,2237
3158,2233,2236,2168
3159,2233,2234,2238
3160,2233,2238,2236
3161,2171,2236,2387
3162,2236,2238,2388
3163,2234,2237,2238
3164,2238,2237,2389
3165,2244,2245,2269
3166,2245,2246,2270
3167,2188,2247,2235
3168,2197,2248,2247
3169,2235,2247,2249
3170,2247,2248,2249
3171,2202,2251,2248
3172,2248,2251,2250
3173,2235,2249,2237
3174,2248,2250,2249
3175,2237,2249,2413
3176,2249,2250,2413
3177,2250,2414,2413
3178,2251,2256,2250
3179,2250,2256,2414
3180,2256,2257,2414
3181,2257,2415,2414
3182,2203,2252,2251
3183,2251,2252,2256
3184,2252,2253,2256
3185,2253,2254,2257
3186,2213,2253,2252
3187,2253,2265,2254
3188,2254,2267,2255
3189,2254,2255,2258
3190,2255,2271,2259
3191,2253,2257,2256
3192,2254,2258,2257
3193,2257,2258,2415
3194,2258,2418,2415
3195,2258,2259,2418
3196,2255,2259,2258
3197,2259,2419,2418
3198,2259,2272,2419
3199,2211,2263,2264
3200,2212,2264,2265
3201,2263,2266,2264
3202,2264,2267,2265
3203,2264,2266,2267
3204,2266,2268,2267
3205,2268,2261,2271
3206,2255,2267,2268
3207,2244,2269,2261
3208,2261,2269,2271
3209,2269,2245,2270
3210,2246,2422,2270
3211,2269,2270,2272
3212,2255,2268,2271
3213,2269,2272,2271
3214,2271,2272,2259
3215,2270,2424,2272
3216,2419,2272,2424
3217,2277,2298,2294
3218,2277,2278,2298
3219,2278,2302,2298
3220,2278,2292,2302
3221,2288,2318,2289
3222,2289,2319,2290
3223,2290,2320,2291
3224,2291,2321,2292
3225,2292,2321,2302
3226,2294,2299,2295
3227,2295,2300,2296
3228,2296,2301,2297
3229,2294,2298,2299
3230,2295,2299,2300
3231,2298,2303,2299
3232,2296,2300,2301
3233,2299,2304,2300
3234,2300,2305,2301
3235,2298,2302,2303
3236,2299,2303,2304
3237,2302,2354,2303
3238,2303,2355,2304
3239,2300,2304,2305
3240,2304,2356,2305
3241,2307,2165,2309
3242,2165,2169,2310
3243,2165,2310,2309
3244,2309,2310,2316
3245,2310,2317,2316
3246,2310,2312,2317
3247,2169,2170,2312
3248,2169,2312,2310
3249,2170,2313,2312
3250,2170,2171,2313
3251,2171,2387,2311
3252,2171,2311,2313
3253,2312,2313,2329
3254,2312,2329,2317
3255,2313,2330,2329
3256,2313,2311,2330
3257,2330,2311,2335
3258,2311,2390,2335
3259,2289,2318,2319
3260,2290,2319,2320
3261,2291,2320,2321
3262,2321,2354,2302
3263,2318,2322,2319
3264,2319,2323,2320
3265,2320,2324,2321
3266,2321,2324,2354
3267,2319,2322,2323
3268,2320,2323,2324
3269,2354,2324,2357
3270,2322,2344,2323
3271,2323,2345,2324
3272,2324,2345,2357
3273,2335,2390,2336
3274,2336,2391,2337
3275,2337,2392,2338
3276,2338,2393,2339
3277,2339,2393,2340
3278,2340,2394,2346
3279,2323,2344,2345
3280,2344,2348,2345
3281,2345,2348,2361
3282,2346,2395,2347
3283,2347,2396,2348
3284,2361,2348,2396
3285,2361,2396,2349
3286,2362,2349,2397
3287,2297,2301,2353
3288,2297,2353,2179
3289,2301,2360,2353
3290,2179,2353,2407
3291,2179,2407,2246
3292,2353,2410,2407
3293,2303,2354,2355
3294,2354,2357,2355
3295,2304,2355,2356
3296,2305,2356,2359
3297,2355,2358,2356
3298,2355,2357,2358
3299,2357,2361,2358
3300,2356,2358,2362
3301,2305,2359,2360
3302,2356,2362,2359
3303,2301,2305,2360
3304,2345,2361,2357
3305,2358,2361,2349
3306,2358,2349,2362
3307,2359,2362,2408
3308,2359,2409,2360
3309,2359,2408,2409
3310,2353,2360,2410
3311,2360,2409,2410
3312,2236,2388,2387
3313,2311,2387,2390
3314,2387,2388,2398
3315,2387,2398,2390
3316,2238,2389,2388
3317,2388,2402,2398
3318,2388,2389,2402
3319,2336,2390,2391
3320,2337,2391,2392
3321,2338,2392,2393
3322,2340,2393,2394
3323,2390,2398,2391
3324,2391,2399,2392
3325,2392,2400,2393
3326,2391,2398,2399
3327,2392,2399,2400
3328,2393,2400,2394
3329,2394,2401,2395
3330,2394,2400,2401
3331,2346,2394,2395
3332,2347,2395,2396
3333,2349,2396,2405
3334,2395,2405,2396
3335,2395,2401,2405
3336,2349,2405,2397
3337,2408,2397,2406
3338,2408,2406,2411
3339,2398,2402,2399
3340,2399,2403,2400
3341,2400,2403,2401
3342,2399,2402,2403
3343,2401,2403,2404
3344,2406,2404,2416
3345,2397,2405,2404
3346,2401,2404,2405
3347,2397,2404,2406
3348,2406,2417,2411
3349,2246,2407,2422
3350,2407,2410,2423
3351,2362,2397,2408
3352,2408,2411,2409
3353,2409,2411,2412
3354,2409,2412,2410
3355,2410,2412,2423
3356,2411,2420,2412
3357,2412,2421,2423
3358,2237,2413,2389
3359,2389,2413,2416
3360,2389,2416,2402
3361,2413,2414,2416
3362,2414,2415,2416
3363,2415,2417,2416
3364,2415,2418,2417
3365,2402,2416,2403
3366,2403,2416,2404
3367,2406,2416,2417
3368,2417,2418,2420
3369,2418,2419,2420
3370,2419,2421,2420
3371,2419,2424,2421
3372,2411,2417,2420
3373,2412,2420,2421
3374,2407,2423,2422
3375,2270,2422,2424
3376,2422,2423,2425
3377,2422,2425,2424
3378,2421,2424,2425
3379,2421,2425,2423
3380,696,697,702
3381,697,698,703
3382,698,699,704
3383,699,700,705
3384,696,702,701
3385,697,703,702
3386,698,704,703
3387,699,705,704
3388,701,702,707
3389,702,703,708
3390,703,704,709
3391,704,705,710
3392,701,707,706
3393,702,708,707
3394,703,709,708
3395,704,710,709
3396,706,707,712
3397,707,708,713
3398,708,709,714
3399,709,710,715
3400,706,712,711
3401,707,713,712
3402,708,714,713
3403,709,715,714
3404,711,712,717
3405,712,713,718
3406,713,714,719
3407,714,715,720
3408,711,717,716
3409,712,718,717
3410,713,719,718
3411,714,720,719
3412,716,717,945
3413,717,718,946
3414,718,719,947
3415,719,720,948
3416,696,794,697
3417,697,795,698
3418,698,795,699
3419,699,795,700
3420,697,794,795
3421,700,795,928
3422,700,928,705
3423,982,858,863
3424,857,862,858
3425,857,859,860
3426,857,860,861
3427,857,861,862
3428,858,862,863
3429,705,928,710
3430,710,928,932
3431,928,931,932
3432,710,932,715
3433,715,932,937
3434,931,964,932
3435,932,964,965
3436,932,965,937
3437,943,937,939
3438,943,939,949
3439,937,965,939
3440,939,968,949
3441,940,951,949
3442,940,949,968
3443,715,937,720
3444,720,943,948
3445,720,937,943
3446,943,949,950
3447,943,950,948
3448,948,950,957
3449,716,945,944
3450,717,946,945
3451,718,947,946
3452,719,948,947
3453,944,945,954
3454,945,946,955
3455,946,947,956
3456,947,948,957
3457,944,954,953
3458,945,955,954
3459,946,956,955
3460,947,957,956
3461,949,951,950
3462,950,952,957
3463,950,951,952
3464,957,952,962
3465,953,954,959
3466,954,955,960
3467,955,956,961
3468,956,957,962
3469,953,959,958
3470,954,960,959
3471,955,961,960
3472,956,962,961
3473,964,972,965
3474,965,972,974
3475,940,971,951
3476,939,965,974
3477,939,974,968
3478,940,968,975
3479,940,975,970
3480,940,970,971
3481,951,971,987
3482,970,975,986
3483,974,972,973
3484,974,973,979
3485,968,974,1005
3486,968,1005,975
3487,975,1006,986
3488,977,981,982
3489,976,977,982
3490,974,979,1070
3491,975,1005,1006
3492,986,1006,1007
3493,951,987,952
3494,952,988,962
3495,952,987,988
3496,958,959,990
3497,959,960,991
3498,960,961,992
3499,961,962,993
3500,958,990,989
3501,959,991,990
3502,962,988,993
3503,960,992,991
3504,961,993,992
3505,974,1070,1005
3506,981,858,982
3507,976,1070,979
3508,976,982,1070
3509,1005,1071,1006
3510,1006,1082,1007
3511,1005,1070,1071
3512,982,863,1070
3513,1006,1071,1082
3514,863,1076,1070
3515,1070,1076,1071
3516,859,1072,860
3517,860,1073,861
3518,861,1074,862
3519,862,1075,863
3520,860,1072,1073
3521,861,1073,1074
3522,862,1074,1075
3523,863,1075,1076
3524,1071,1076,1081
3525,1071,1081,1082
3526,1072,1077,1073
3527,1073,1078,1074
3528,1074,1079,1075
3529,1075,1080,1076
3530,1073,1077,1078
3531,1074,1078,1079
3532,1075,1079,1080
3533,1076,1080,1081
3534,1007,1082,1083
3535,1082,1081,1088
3536,1082,1088,1083
3537,1077,1084,1078
3538,1078,1085,1079
3539,1079,1086,1080
3540,1080,1087,1081
3541,1078,1084,1085
3542,1079,1085,1086
3543,1080,1086,1087
3544,1081,1087,1088
3545,1084,1089,1085
3546,1085,1090,1086
3547,1086,1091,1087
3548,1087,1092,1088
3549,1083,1088,1093
3550,1085,1089,1090
3551,1086,1090,1091
3552,1087,1091,1092
3553,1088,1092,1093
3554,2627,2504,2503
3555,2628,2505,2504
3556,2630,2512,2505
3557,2631,2513,2512
3558,2609,2597,2596
3559,2610,2598,2597
3560,2611,2599,2598
3561,2612,2600,2599
3562,2609,2610,2597
3563,2610,2611,2598
3564,2611,2612,2599
3565,2612,2613,2600
3566,2627,2600,2602
3567,2627,2602,2601
3568,2613,2602,2600
3569,2602,2619,2601
3570,2607,2601,2619
3571,2607,2604,2601
3572,2608,2605,2604
3573,2607,2608,2604
3574,2609,2614,2610
3575,2610,2615,2611
3576,2611,2616,2612
3577,2612,2617,2613
3578,2613,2618,2621
3579,2610,2614,2615
3580,2611,2615,2616
3581,2612,2616,2617
3582,2613,2617,2618
3583,2618,2977,2621
3584,2613,2621,2602
3585,2602,2621,2619
3586,2607,2619,2624
3587,2607,2624,2620
3588,2620,2624,2652
3589,2607,2620,2608
3590,2619,2621,2623
3591,2619,2623,2624
3592,2621,2977,2623
3593,2624,2626,2652
3594,2624,2623,2626
3595,2623,2983,2626
3596,2627,2503,2600
3597,2499,2596,2500
3598,2500,2597,2501
3599,2501,2598,2502
3600,2502,2599,2503
3601,2627,2628,2504
3602,2628,2630,2505
3603,2500,2596,2597
3604,2501,2597,2598
3605,2502,2598,2599
3606,2503,2599,2600
3607,2627,2601,2628
3608,2628,2601,2604
3609,2630,2631,2512
3610,2628,2604,2630
3611,2630,2605,2631
3612,2630,2604,2605
3613,2620,2652,2649
3614,2649,2654,2650
3615,2649,2652,2654
3616,2650,2654,2655
3617,2650,2655,2651
3618,2652,2656,2654
3619,2626,2656,2652
3620,2626,2986,2656
3621,2654,2679,2655
3622,2654,2656,2679
3623,2656,2997,2679
3624,2651,2678,2662
3625,2651,2655,2678
3626,2658,2659,2675
3627,2659,2660,2676
3628,2660,2661,2677
3629,2661,2662,2678
3630,2658,2675,2674
3631,2659,2676,2675
3632,2660,2677,2676
3633,2661,2678,2677
3634,2674,2675,2681
3635,2675,2676,2682
3636,2676,2677,2683
3637,2655,2684,2678
3638,2677,2678,2684
3639,2655,2679,2684
3640,2674,2681,2680
3641,2675,2682,2681
3642,2676,2683,2682
3643,2677,2684,2683
3644,2679,3002,2684
3645,2680,2681,2999
3646,2681,2682,3000
3647,2682,2683,3001
3648,2683,2684,3002
3649,2614,2972,2615
3650,2615,2973,2616
3651,2616,2974,2617
3652,2617,2975,2618
3653,2615,2972,2973
3654,2616,2973,2974
3655,2617,2974,2975
3656,2618,2975,2976
3657,2618,2976,2977
3658,2623,2977,2983
3659,2976,2982,2977
3660,2972,2978,2973
3661,2973,2979,2974
3662,2974,2980,2975
3663,2975,2981,2976
3664,2973,2978,2979
3665,2974,2979,2980
3666,2975,2980,2981
3667,2976,2981,2982
3668,2977,2982,2983
3669,2978,2987,2979
3670,2979,2988,2980
3671,2980,2989,2981
3672,2981,2990,2982
3673,2983,2982,2991
3674,2979,2987,2988
3675,2980,2988,2989
3676,2981,2989,2990
3677,2982,2990,2991
3678,2626,2983,2986
3679,2983,2991,2986
3680,2986,2991,2996
3681,2987,2992,2988
3682,2988,2993,2989
3683,2989,2994,2990
3684,2990,2995,2991
3685,2656,2986,2997
3686,2986,2996,2997
3687,2988,2992,2993
3688,2989,2993,2994
3689,2990,2994,2995
3690,2991,2995,2996
3691,2679,2997,3002
3692,2680,2999,2998
3693,2681,3000,2999
3694,2682,3001,3000
3695,2683,3002,3001
3696,2996,3007,2997
3697,2992,3003,2993
3698,2993,3004,2994
3699,2994,3005,2995
3700,2995,3006,2996
3701,2997,3007,3002
3702,2998,2999,3004
3703,2999,3000,3005
3704,3000,3001,3006
3705,3001,3002,3007
3706,2998,3004,3003
3707,2999,3005,3004
3708,3000,3006,3005
3709,3001,3007,3006
3710,2993,3003,3004
3711,2994,3004,3005
3712,2995,3005,3006
3713,2996,3006,3007
3714,1039,1040,1042
3715,1039,1042,1041
3716,1040,1055,1042
3717,1041,1042,1044
3718,1041,1044,1043
3719,1042,1061,1044
3720,1043,1044,1046
3721,1043,1046,1045
3722,1044,1064,1046
3723,1045,1046,1048
3724,1045,1048,1047
3725,1046,1067,1048
3726,1040,1052,1055
3727,1052,1053,1056
3728,1053,1054,1057
3729,1052,1056,1055
3730,1053,1057,1056
3731,1042,1055,1061
3732,1055,1056,1062
3733,1056,1057,1063
3734,1055,1062,1061
3735,1056,1063,1062
3736,1044,1061,1064
3737,1061,1062,1065
3738,1062,1063,1066
3739,1061,1065,1064
3740,1062,1066,1065
3741,1046,1064,1067
3742,1064,1065,1068
3743,1065,1066,1069
3744,1064,1068,1067
3745,1065,1069,1068
3746,1054,1171,1057
3747,1057,1171,1173
3748,1171,1188,1173
3749,1173,1190,1179
3750,1057,1173,1063
3751,1063,1179,1066
3752,1063,1173,1179
3753,1066,1179,1181
3754,1066,1181,1069
3755,1047,1048,1183
3756,1048,1067,1184
3757,1067,1068,1185
3758,1068,1069,1186
3759,1069,1181,1186
3760,1047,1183,1182
3761,1048,1184,1183
3762,1067,1185,1184
3763,1068,1186,1185
3764,1179,1192,1181
3765,1181,1202,1186
3766,1182,1183,1204
3767,1183,1184,1205
3768,1184,1185,1206
3769,1185,1186,1207
3770,1173,1188,1190
3771,1179,1190,1192
3772,1188,1196,1190
3773,1190,1198,1192
3774,1192,1200,1202
3775,1190,1196,1198
3776,1192,1198,1200
3777,1202,1200,1209
3778,1181,1192,1202
3779,1186,1202,1207
3780,1182,1204,1203
3781,1183,1205,1204
3782,1184,1206,1205
3783,1185,1207,1206
3784,1202,1209,1207
3785,1203,1204,1211
3786,1204,1205,1212
3787,1205,1206,1213
3788,1206,1207,1214
3789,1207,1209,1214
3790,1203,1211,1210
3791,1204,1212,1211
3792,1205,1213,1212
3793,1206,1214,1213
3794,1196,2545,1198
3795,1198,2560,1200
3796,1200,2565,1209
3797,1198,2545,2560
3798,1200,2560,2565
3799,1209,2565,2576
3800,2537,2556,2538
3801,2538,2557,2539
3802,2539,2558,2540
3803,2540,2559,2545
3804,2538,2556,2557
3805,2539,2557,2558
3806,2540,2558,2559
3807,2545,2559,2560
3808,2556,2561,2557
3809,2557,2562,2558
3810,2558,2563,2559
3811,2559,2564,2560
3812,2557,2561,2562
3813,2558,2562,2563
3814,2559,2563,2564
3815,2560,2564,2565
3816,2561,2572,2562
3817,2562,2573,2563
3818,2563,2574,2564
3819,2564,2575,2565
3820,2562,2572,2573
3821,2563,2573,2574
3822,2564,2574,2575
3823,2565,2575,2576
3824,1209,2576,1214
3825,1210,1211,2578
3826,1211,1212,2579
3827,1212,1213,2580
3828,1213,1214,2581
3829,1210,2578,2577
3830,1211,2579,2578
3831,1214,2576,2581
3832,1212,2580,2579
3833,1213,2581,2580
3834,2572,2577,2573
3835,2573,2578,2574
3836,2574,2579,2575
3837,2575,2580,2576
3838,2573,2577,2578
3839,2574,2578,2579
3840,2575,2579,2580
3841,2576,2580,2581
3842,1119,1120,1125
3843,1120,1121,1126
3844,1121,1122,1127
3845,1122,1123,1128
3846,1119,1125,1124
3847,1120,1126,1125
3848,1121,1127,1126
3849,1122,1128,1127
3850,1124,1125,1130
3851,1125,1126,1131
3852,1126,1127,1132
3853,1127,1128,1133
3854,1124,1130,1129
3855,1125,1131,1130
3856,1126,1132,1131
3857,1127,1133,1132
3858,1129,1130,1135
3859,1130,1131,1136
3860,1131,1132,1137
3861,1132,1133,1138
3862,1129,1135,1134
3863,1130,1136,1135
3864,1131,1137,1136
3865,1132,1138,1137
3866,1134,1135,1154
3867,1135,1136,1155
3868,1136,1137,1156
3869,1137,1138,1157
3870,1119,1139,1120
3871,1120,1140,1121
3872,1121,1141,1122
3873,1122,1142,1123
3874,1123,1143,1128
3875,1128,1144,1133
3876,1133,1146,1138
3877,1120,1139,1140
3878,1121,1140,1141
3879,1122,1141,1142
3880,1123,1142,1143
3881,1128,1143,1144
3882,1133,1144,1146
3883,1138,1146,1161
3884,1134,1154,1153
3885,1135,1155,1154
3886,1136,1156,1155
3887,1137,1157,1156
3888,1138,1161,1157
3889,1157,1161,1160
3890,2449,2450,2430
3891,2450,2451,2431
3892,2451,2452,2432
3893,2452,2453,2433
3894,2453,2455,2435
3895,1139,2429,1140
3896,1140,2430,1141
3897,1141,2431,1142
3898,1142,2432,1143
3899,1143,2433,1144
3900,1144,2435,1146
3901,1146,2437,1161
3902,1140,2429,2430
3903,1141,2430,2431
3904,1142,2431,2432
3905,1143,2432,2433
3906,1144,2433,2435
3907,1146,2435,2437
3908,1161,2437,2440
3909,2456,2440,2437
3910,2449,2430,2429
3911,2450,2431,2430
3912,2451,2432,2431
3913,2452,2433,2432
3914,2453,2435,2433
3915,2455,2437,2435
3916,2456,2438,2440
3917,2456,2437,2455
3918,1160,1161,2440
3919,1160,2440,2439
3920,2439,2440,2438
3921,2439,2438,2445
3922,2449,2459,2450
3923,2450,2460,2451
3924,2451,2461,2452
3925,2452,2462,2453
3926,2453,2463,2455
3927,2458,2445,2438
3928,2456,2480,2438
3929,2458,2486,2445
3930,2456,2455,2469
3931,2456,2469,2480
3932,2458,2438,2480
3933,2458,2488,2486
3934,2458,2482,2488
3935,2459,2464,2460
3936,2460,2465,2461
3937,2461,2466,2462
3938,2462,2467,2463
3939,2460,2464,2465
3940,2461,2465,2466
3941,2462,2466,2467
3942,2463,2467,2468
3943,2455,2463,2469
3944,2450,2459,2460
3945,2451,2460,2461
3946,2452,2461,2462
3947,2453,2462,2463
3948,2469,2463,2468
3949,2464,2470,2465
3950,2465,2471,2466
3951,2466,2472,2467
3952,2467,2473,2468
3953,2465,2470,2471
3954,2466,2471,2472
3955,2467,2472,2473
3956,2468,2473,2474
3957,2470,2475,2471
3958,2471,2476,2472
3959,2472,2477,2473
3960,2473,2478,2474
3961,2471,2475,2476
3962,2472,2476,2477
3963,2473,2477,2478
3964,2474,2478,2479
3965,2475,2499,2476
3966,2476,2500,2477
3967,2477,2501,2478
3968,2478,2502,2479
3969,2481,2482,2480
3970,2469,2481,2480
3971,2458,2480,2482
3972,2483,2506,2482
3973,2481,2483,2482
3974,2469,2468,2481
3975,2481,2468,2474
3976,2481,2474,2483
3977,2483,2474,2479
3978,2483,2479,2507
3979,2486,2488,2487
3980,2487,2488,2489
3981,2488,2506,2489
3982,2487,2489,2490
3983,2490,2489,2491
3984,2490,2491,2492
3985,2489,2508,2491
3986,2491,2493,2492
3987,2492,2493,2497
3988,2497,2493,2498
3989,2491,2509,2493
3990,2493,2516,2498
3991,2476,2499,2500
3992,2477,2500,2501
3993,2478,2501,2502
3994,2479,2502,2503
3995,2482,2506,2488
3996,2489,2506,2508
3997,2507,2508,2506
3998,2483,2507,2506
3999,2507,2510,2508
4000,2510,2509,2508
4001,2491,2508,2509
4002,2510,2511,2509
4003,2507,2479,2503
4004,2507,2503,2510
4005,2510,2504,2511
4006,2510,2503,2504
4007,2511,2504,2505
4008,2493,2509,2516
4009,2511,2516,2509
4010,2498,2516,2518
4011,2517,2518,2516
4012,2511,2517,2516
4013,2517,2519,2518
4014,2511,2505,2517
4015,2517,2505,2512
4016,2517,2512,2519
4017,2519,2512,2513
4018,1248,1252,1250
4019,1248,1256,1249
4020,1248,1249,1252
4021,1249,1260,1252
4022,1249,1257,1258
4023,1250,1253,1251
4024,1251,1289,1287
4025,1250,1252,1253
4026,1252,1261,1253
4027,1251,1253,1289
4028,1253,1296,1289
4029,1256,2714,1257
4030,1256,1257,1249
4031,1257,2715,1264
4032,1249,1258,1260
4033,1258,1259,1262
4034,1258,1262,1260
4035,1258,1264,1259
4036,1252,1260,1261
4037,1253,1261,1296
4038,1260,1262,1263
4039,1260,1263,1261
4040,1261,1298,1296
4041,1261,1263,1298
4042,1258,1257,1264
4043,1264,2806,1265
4044,1264,1265,1259
4045,1259,1268,1262
4046,1259,1265,1267
4047,1259,1267,1268
4048,1267,1270,1268
4049,1262,1269,1263
4050,1262,1268,1269
4051,1268,1271,1269
4052,1263,1302,1298
4053,1263,1269,1302
4054,1269,1272,1302
4055,1267,1265,1266
4056,1267,1266,1270
4057,1268,1270,1271
4058,1269,1271,1272
4059,1272,1304,1302
4060,1287,1290,1288
4061,1287,1289,1290
4062,1289,1297,1290
4063,1288,1290,1295
4064,1288,1295,1292
4065,1290,1300,1295
4066,1292,1295,2849
4067,1289,1296,1297
4068,1290,1297,1300
4069,1296,1299,1297
4070,1296,1298,1299
4071,1297,1299,1301
4072,1297,1301,1300
4073,1298,1303,1299
4074,1298,1302,1303
4075,1302,1304,1303
4076,1299,1303,1305
4077,1303,1304,1305
4078,1299,1305,1301
4079,2714,2719,2715
4080,1257,2714,2715
4081,2715,2720,2806
4082,2719,2755,2720
4083,2719,2720,2715
4084,2806,2720,2721
4085,2805,2721,2762
4086,2807,2762,2763
4087,2755,2759,2720
4088,2748,2756,2749
4089,2749,2757,2753
4090,2749,2756,2757
4091,2753,2758,2754
4092,2754,2759,2755
4093,2757,2758,2753
4094,2754,2758,2759
4095,2756,2770,2757
4096,2757,2771,2758
4097,2758,2772,2759
4098,2759,2772,2721
4099,2774,2762,2772
4100,2748,2761,2756
4101,2748,2760,2761
4102,2760,2766,2761
4103,2760,2764,2766
4104,2756,2761,2775
4105,2761,2766,2776
4106,2759,2721,2720
4107,2772,2762,2721
4108,2774,2763,2762
4109,2763,2785,2812
4110,2764,2767,2766
4111,2764,2765,2767
4112,2765,2768,2769
4113,2765,2769,2767
4114,2766,2767,2788
4115,2767,2769,2790
4116,2757,2770,2771
4117,2758,2771,2772
4118,2770,2773,2771
4119,2771,2774,2772
4120,2771,2773,2774
4121,2770,2777,2773
4122,2774,2779,2763
4123,2756,2775,2770
4124,2770,2775,2777
4125,2761,2776,2775
4126,2775,2776,2778
4127,2775,2778,2777
4128,2773,2779,2774
4129,2773,2780,2779
4130,2779,2780,2781
4131,2779,2781,2785
4132,2773,2777,2780
4133,2777,2782,2780
4134,2780,2783,2781
4135,2777,2778,2782
4136,2780,2782,2783
4137,2781,2783,2784
4138,2781,2784,2786
4139,2779,2785,2763
4140,2781,2786,2785
4141,2784,2787,2786
4142,2766,2788,2776
4143,2776,2788,2789
4144,2767,2790,2788
4145,2788,2790,2791
4146,2776,2789,2778
4147,2788,2791,2789
4148,2778,2789,2792
4149,2778,2792,2782
4150,2782,2793,2783
4151,2783,2794,2784
4152,2782,2792,2793
4153,2783,2793,2794
4154,2784,2794,2795
4155,2789,2791,2796
4156,2789,2796,2792
4157,2792,2797,2793
4158,2793,2798,2794
4159,2794,2799,2795
4160,2792,2796,2797
4161,2793,2797,2798
4162,2794,2798,2799
4163,2795,2799,2800
4164,2784,2795,2787
4165,2795,2800,2802
4166,2800,2801,2802
4167,2801,2879,2803
4168,2795,2802,2787
4169,2801,2803,2802
4170,2879,2804,2803
4171,1264,2715,2806
4172,1265,2806,2805
4173,1266,2805,2807
4174,1265,2805,1266
4175,1266,2808,1270
4176,1266,2807,2808
4177,2806,2721,2805
4178,2805,2762,2807
4179,2807,2763,2812
4180,2807,2812,2808
4181,2812,2813,2808
4182,1270,2809,1271
4183,1270,2808,2809
4184,1271,2809,2810
4185,1271,2810,1272
4186,1272,2811,1304
4187,1272,2810,2811
4188,1304,2811,2893
4189,2808,2813,2809
4190,2809,2819,2810
4191,2809,2813,2819
4192,2810,2819,2820
4193,2810,2820,2811
4194,2811,2820,2821
4195,2811,2821,2893
4196,2821,2900,2893
4197,2812,2814,2813
4198,2812,2785,2814
4199,2785,2786,2814
4200,2786,2815,2814
4201,2786,2787,2815
4202,2787,2816,2815
4203,2813,2814,2822
4204,2814,2815,2822
4205,2815,2816,2823
4206,2816,2817,2823
4207,2787,2802,2816
4208,2802,2803,2816
4209,2803,2817,2816
4210,2803,2804,2817
4211,2804,2884,2818
4212,2804,2818,2817
4213,2818,2884,2898
4214,2817,2818,2824
4215,2818,2898,2827
4216,2813,2822,2819
4217,2819,2825,2820
4218,2820,2826,2821
4219,2821,2828,2900
4220,2815,2823,2822
4221,2817,2824,2823
4222,2819,2822,2825
4223,2820,2825,2826
4224,2822,2823,2825
4225,2823,2824,2825
4226,2824,2826,2825
4227,2818,2827,2824
4228,2827,2898,2903
4229,2821,2826,2828
4230,2900,2828,2905
4231,2824,2827,2826
4232,2827,2828,2826
4233,2827,2903,2828
4234,2828,2903,2905
4235,1292,2849,2842
4236,2842,2855,2845
4237,2842,2849,2855
4238,1295,2890,2849
4239,2845,2869,2850
4240,2849,2891,2855
4241,2845,2855,2869
4242,2850,2869,2862
4243,2862,2870,2866
4244,2862,2869,2870
4245,2866,2870,2883
4246,2866,2883,2877
4247,2879,2880,2804
4248,2880,2881,2884
4249,2877,2885,2881
4250,2877,2883,2885
4251,2880,2884,2804
4252,2881,2885,2884
4253,1295,1300,2890
4254,1300,2892,2890
4255,1300,1301,2892
4256,1301,2894,2892
4257,2849,2890,2891
4258,2890,2892,2896
4259,2890,2896,2891
4260,1304,2893,1305
4261,1301,1305,2894
4262,1305,2893,2894
4263,2893,2900,2894
4264,2894,2900,2901
4265,2892,2894,2901
4266,2892,2901,2896
4267,2855,2895,2869
4268,2855,2891,2895
4269,2869,2895,2870
4270,2870,2895,2897
4271,2891,2902,2895
4272,2891,2896,2902
4273,2870,2897,2883
4274,2883,2897,2899
4275,2884,2885,2898
4276,2883,2899,2885
4277,2885,2899,2898
4278,2895,2902,2897
4279,2898,2899,2903
4280,2897,2904,2899
4281,2900,2905,2901
4282,2896,2901,2906
4283,2897,2902,2904
4284,2896,2906,2902
4285,2899,2904,2903
4286,2902,2906,2904
4287,2901,2905,2906
4288,2903,2904,2905
4289,2904,2906,2905
4290,970,986,1003
4291,970,1003,971
4292,971,1004,987
4293,987,1014,988
4294,988,1015,993
4295,989,990,994
4296,990,991,995
4297,991,992,996
4298,992,993,997
4299,990,995,994
4300,991,996,995
4301,992,997,996
4302,994,995,1019
4303,995,996,1020
4304,996,997,1021
4305,993,1016,997
4306,971,1003,1004
4307,1003,986,1008
4308,987,1004,1014
4309,1003,1008,1010
4310,1003,1010,1004
4311,1004,1011,1014
4312,986,1007,1008
4313,1007,1083,1009
4314,1007,1009,1008
4315,1004,1010,1011
4316,1008,1012,1010
4317,1014,1011,1017
4318,1010,1216,1011
4319,1010,1012,1216
4320,1011,1217,1017
4321,1008,1009,1012
4322,1009,1013,1012
4323,1009,1104,1013
4324,1012,1013,1219
4325,1013,1106,1219
4326,988,1014,1015
4327,1014,1017,1015
4328,993,1015,1016
4329,997,1016,1049
4330,1015,1018,1016
4331,1015,1017,1018
4332,1017,1223,1018
4333,1016,1018,1058
4334,1018,1224,1058
4335,995,1020,1019
4336,996,1021,1020
4337,997,1049,1021
4338,1019,1020,1023
4339,1020,1021,1024
4340,1020,1024,1023
4341,1021,1050,1024
4342,1023,1024,1028
4343,1026,1027,1033
4344,1024,1051,1028
4345,1028,1027,1026
4346,1026,1033,1032
4347,1027,1034,1033
4348,1032,1033,1036
4349,1033,1034,1037
4350,1032,1036,1035
4351,1033,1037,1036
4352,1034,1038,1037
4353,1035,1036,1040
4354,1036,1037,1052
4355,1037,1038,1053
4356,1035,1040,1039
4357,1036,1052,1040
4358,1037,1053,1052
4359,1038,1054,1053
4360,1021,1049,1050
4361,1016,1058,1049
4362,1049,1059,1050
4363,1024,1050,1051
4364,1050,1060,1051
4365,1028,1168,1027
4366,1028,1051,1168
4367,1027,1174,1034
4368,1034,1175,1038
4369,1027,1168,1174
4370,1049,1058,1059
4371,1058,1229,1059
4372,1050,1059,1060
4373,1059,1230,1060
4374,1051,1060,1176
4375,1051,1176,1168
4376,1060,1273,1176
4377,1009,1083,1104
4378,1083,1093,1104
4379,1093,1098,1104
4380,1098,1105,1104
4381,1089,1094,1090
4382,1090,1095,1091
4383,1091,1096,1092
4384,1092,1097,1093
4385,1090,1094,1095
4386,1091,1095,1096
4387,1092,1096,1097
4388,1093,1097,1098
4389,1094,1099,1095
4390,1095,1100,1096
4391,1096,1101,1097
4392,1097,1102,1098
4393,1098,1103,1105
4394,1095,1099,1100
4395,1096,1100,1101
4396,1097,1101,1102
4397,1098,1102,1103
4398,1103,1152,1108
4399,1099,1148,1100
4400,1100,1149,1101
4401,1101,1150,1102
4402,1102,1151,1103
4403,1013,1105,1106
4404,1013,1104,1105
4405,1105,1108,1106
4406,1220,1106,1107
4407,1106,1108,1107
4408,1103,1108,1105
4409,1107,1108,1109
4410,1152,1109,1108
4411,1107,1109,1244
4412,1100,1148,1149
4413,1101,1149,1150
4414,1102,1150,1151
4415,1103,1151,1152
4416,1148,1153,1149
4417,1149,1154,1150
4418,1150,1155,1151
4419,1151,1156,1152
4420,1149,1153,1154
4421,1150,1154,1155
4422,1151,1155,1156
4423,1152,1156,1157
4424,1152,1157,1109
4425,1157,1164,1109
4426,1109,1164,1244
4427,1157,1160,1164
4428,1160,2441,1164
4429,1244,1164,2708
4430,1038,1177,1054
4431,1034,1174,1175
4432,1054,1177,1171
4433,1038,1175,1177
4434,1168,1176,1280
4435,1171,1177,1193
4436,1175,1282,1177
4437,1174,1280,1281
4438,1168,1280,1174
4439,1174,1281,1175
4440,1171,1193,1188
4441,1177,1282,1193
4442,1175,1281,1282
4443,1188,1193,2536
4444,1188,2536,1196
4445,1193,1282,2829
4446,1193,2829,2536
4447,1011,1216,1217
4448,1012,1219,1216
4449,1216,1219,1221
4450,1216,1221,1217
4451,1217,1221,1225
4452,1219,1106,1220
4453,1221,1219,1220
4454,1221,1220,1236
4455,1221,1222,1225
4456,1221,1236,1222
4457,1017,1217,1223
4458,1217,1225,1223
4459,1223,1225,1226
4460,1018,1223,1224
4461,1223,1226,1224
4462,1224,1226,1231
4463,1225,1227,1226
4464,1226,1228,1231
4465,1225,1222,1227
4466,1222,1237,1227
4467,1227,1238,1228
4468,1226,1227,1228
4469,1228,1239,1233
4470,1224,1229,1058
4471,1224,1231,1229
4472,1229,1231,1232
4473,1059,1229,1230
4474,1229,1232,1230
4475,1060,1230,1273
4476,1230,1232,1275
4477,1230,1275,1273
4478,1231,1233,1232
4479,1228,1233,1231
4480,1233,1274,1234
4481,1232,1233,1234
4482,1232,1234,1275
4483,1220,1107,1235
4484,1220,1235,1236
4485,1107,1244,1235
4486,1222,1236,1240
4487,1222,1240,1237
4488,1236,1235,1246
4489,1236,1246,1240
4490,1227,1237,1238
4491,1237,1241,1238
4492,1228,1238,1239
4493,1238,1242,1239
4494,1239,1243,1274
4495,1238,1241,1242
4496,1237,1240,1247
4497,1237,1247,1241
4498,1241,1248,1242
4499,1239,1242,1243
4500,1242,1250,1243
4501,1243,1251,1278
4502,1235,1244,1245
4503,1235,1245,1246
4504,1244,2708,1245
4505,1242,1248,1250
4506,1240,1246,1254
4507,1240,1254,1247
4508,1241,1247,1255
4509,1241,1255,1248
4510,1243,1250,1251
4511,1278,1251,1287
4512,1248,1255,1256
4513,1246,1245,2711
4514,1246,2711,1254
4515,1247,1254,2712
4516,1247,2712,1255
4517,1255,2713,1256
4518,1176,1273,1283
4519,1273,1275,1285
4520,1176,1283,1280
4521,1273,1285,1283
4522,1233,1239,1274
4523,1234,1274,1276
4524,1274,1278,1276
4525,1234,1276,1277
4526,1234,1277,1275
4527,1243,1278,1274
4528,1276,1278,1279
4529,1276,1279,1286
4530,1276,1286,1277
4531,1278,1287,1279
4532,1275,1277,1285
4533,1280,1283,1284
4534,1280,1284,1281
4535,1281,2830,1282
4536,1282,2830,2829
4537,1283,1294,1284
4538,1281,1284,2830
4539,1279,1287,1288
4540,1277,1291,1285
4541,1279,1293,1286
4542,1279,1288,1293
4543,1277,1286,1291
4544,1283,1285,1294
4545,1288,1292,1293
4546,1286,2844,1291
4547,1285,1291,1294
4548,1286,1293,2844
4549,1292,2843,1293
4550,1292,2842,2843
4551,1293,2843,2844
4552,1291,2848,1294
4553,1160,2439,2441
4554,1164,2441,2708
4555,2439,2446,2441
4556,2439,2445,2446
4557,2445,2520,2446
4558,2441,2446,2709
4559,2446,2722,2709
4560,2486,2520,2445
4561,2486,2487,2522
4562,2486,2521,2520
4563,2486,2522,2521
4564,2487,2490,2523
4565,2487,2523,2522
4566,2490,2524,2523
4567,2446,2520,2722
4568,2521,2723,2520
4569,2521,2522,2725
4570,2520,2723,2722
4571,2521,2724,2723
4572,2521,2725,2724
4573,2522,2523,2726
4574,2522,2726,2725
4575,2523,2733,2726
4576,2490,2492,2524
4577,2492,2497,2525
4578,2492,2525,2524
4579,2523,2524,2733
4580,2524,2525,2734
4581,2524,2734,2733
4582,1196,2552,2545
4583,1196,2536,2552
4584,2537,2538,2541
4585,2538,2539,2542
4586,2539,2540,2543
4587,2540,2545,2544
4588,2538,2542,2541
4589,2539,2543,2542
4590,2540,2544,2543
4591,2546,2541,2542
4592,2547,2542,2543
4593,2543,2544,2548
4594,2546,2542,2547
4595,2547,2543,2548
4596,2545,2552,2544
4597,2544,2553,2548
4598,2544,2552,2553
4599,2546,2547,2549
4600,2547,2550,2549
4601,2547,2548,2550
4602,2549,2550,2551
4603,2548,2554,2550
4604,2550,2555,2551
4605,2548,2553,2554
4606,2550,2554,2555
4607,2536,2831,2552
4608,2552,2831,2553
4609,2554,2553,2832
4610,2554,2833,2555
4611,2553,2831,2832
4612,2554,2832,2833
4613,2441,2709,2708
4614,1245,2708,2710
4615,1245,2710,2711
4616,2708,2709,2710
4617,2709,2727,2710
4618,1255,2712,2713
4619,1256,2713,2714
4620,1254,2711,2716
4621,1254,2716,2712
4622,2712,2717,2713
4623,2713,2718,2714
4624,2712,2716,2717
4625,2713,2717,2718
4626,2714,2718,2719
4627,2711,2710,2741
4628,2711,2741,2716
4629,2716,2743,2717
4630,2717,2746,2718
4631,2718,2752,2719
4632,2709,2722,2727
4633,2722,2723,2728
4634,2723,2724,2729
4635,2724,2725,2731
4636,2722,2728,2727
4637,2723,2729,2728
4638,2724,2730,2729
4639,2724,2731,2730
4640,2725,2726,2732
4641,2725,2732,2731
4642,2726,2735,2732
4643,2710,2727,2741
4644,2728,2742,2727
4645,2728,2729,2744
4646,2729,2730,2747
4647,2729,2747,2744
4648,2730,2748,2747
4649,2730,2731,2760
4650,2730,2760,2748
4651,2731,2732,2764
4652,2731,2764,2760
4653,2726,2733,2735
4654,2733,2734,2736
4655,2733,2736,2735
4656,2732,2735,2765
4657,2732,2765,2764
4658,2735,2736,2768
4659,2735,2768,2765
4660,2716,2741,2743
4661,2717,2743,2746
4662,2718,2746,2752
4663,2719,2752,2755
4664,2727,2742,2741
4665,2728,2744,2742
4666,2741,2742,2743
4667,2742,2744,2745
4668,2742,2745,2743
4669,2743,2745,2746
4670,2744,2750,2745
4671,2745,2751,2746
4672,2747,2750,2744
4673,2745,2750,2751
4674,2746,2751,2752
4675,2747,2749,2750
4676,2747,2748,2749
4677,2750,2753,2751
4678,2751,2754,2752
4679,2749,2753,2750
4680,2751,2753,2754
4681,2754,2755,2752
4682,2536,2829,2831
4683,2829,2830,2835
4684,1284,2854,2830
4685,2829,2835,2831
4686,2831,2835,2832
4687,2832,2834,2833
4688,2830,2854,2835
4689,2832,2835,2834
4690,2835,2854,2834
4691,1291,2844,2848
4692,2842,2846,2843
4693,2843,2847,2844
4694,2842,2845,2846
4695,2843,2846,2847
4696,2844,2847,2848
4697,1284,1294,2854
4698,1294,2848,2854
4699,2845,2851,2846
4700,2846,2852,2847
4701,2847,2853,2848
4702,2845,2850,2851
4703,2846,2851,2852
4704,2847,2852,2853
4705,2848,2853,2854
4706,2498,2518,2526
4707,2519,2529,2518
4708,2519,2513,2528
4709,2513,2530,2528
4710,2513,2633,2530
4711,2497,2498,2525
4712,2498,2526,2525
4713,2525,2526,2734
4714,2526,2529,2527
4715,2526,2527,2734
4716,2518,2529,2526
4717,2519,2528,2529
4718,2528,2531,2529
4719,2528,2530,2532
4720,2529,2531,2527
4721,2528,2532,2531
4722,2532,2530,2533
4723,2530,2636,2533
4724,2551,2569,2566
4725,2551,2555,2569
4726,2555,2836,2569
4727,2555,2833,2836
4728,2566,2570,2567
4729,2566,2569,2570
4730,2567,2571,2568
4731,2568,2583,2582
4732,2567,2570,2571
4733,2568,2571,2583
4734,2569,2836,2837
4735,2569,2837,2570
4736,2570,2838,2571
4737,2570,2837,2838
4738,2571,2859,2583
4739,2571,2838,2859
4740,2593,2692,2690
4741,2582,2583,2594
4742,2593,2582,2594
4743,2583,2859,2595
4744,2583,2595,2594
4745,2593,2594,2692
4746,2594,2693,2692
4747,2594,2595,2693
4748,2608,2620,2639
4749,2620,2649,2639
4750,2631,2605,2634
4751,2631,2633,2513
4752,2631,2634,2633
4753,2605,2635,2634
4754,2608,2635,2605
4755,2634,2635,2637
4756,2633,2636,2530
4757,2633,2634,2638
4758,2633,2638,2636
4759,2533,2636,2907
4760,2636,2638,2908
4761,2634,2637,2638
4762,2638,2637,2909
4763,2608,2639,2635
4764,2635,2639,2640
4765,2639,2695,2640
4766,2635,2640,2637
4767,2637,2640,2922
4768,2640,2698,2922
4769,2649,2650,2695
4770,2650,2651,2696
4771,2658,2663,2659
4772,2659,2664,2660
4773,2660,2665,2661
4774,2661,2666,2662
4775,2659,2663,2664
4776,2664,2665,2660
4777,2661,2665,2666
4778,2651,2662,2697
4779,2662,2666,2697
4780,2666,2669,2702
4781,2663,2667,2664
4782,2664,2668,2665
4783,2664,2667,2668
4784,2665,2668,2669
4785,2665,2669,2666
4786,2667,2670,2668
4787,2668,2671,2669
4788,2668,2670,2671
4789,2670,2672,2671
4790,2672,2648,2705
4791,2671,2703,2669
4792,2671,2672,2704
4793,2690,2692,2691
4794,2690,2691,2648
4795,2648,2691,2705
4796,2692,2693,2694
4797,2691,2692,2694
4798,2693,2933,2694
4799,2691,2694,2707
4800,2639,2649,2695
4801,2650,2696,2695
4802,2695,2696,2698
4803,2651,2697,2696
4804,2696,2697,2699
4805,2697,2702,2699
4806,2702,2703,2700
4807,2695,2698,2640
4808,2696,2699,2698
4809,2922,2698,2937
4810,2698,2699,2937
4811,2699,2700,2937
4812,2700,2938,2937
4813,2702,2700,2699
4814,2703,2701,2700
4815,2700,2701,2938
4816,2701,2939,2938
4817,2701,2706,2939
4818,2666,2702,2697
4819,2669,2703,2702
4820,2671,2704,2703
4821,2703,2704,2701
4822,2672,2705,2704
4823,2691,2707,2705
4824,2704,2705,2706
4825,2704,2706,2701
4826,2706,2942,2939
4827,2705,2707,2706
4828,2694,2943,2707
4829,2706,2707,2942
4830,2707,2943,2942
4831,2734,2527,2736
4832,2527,2531,2737
4833,2527,2737,2736
4834,2736,2737,2768
4835,2737,2769,2768
4836,2737,2739,2769
4837,2531,2532,2739
4838,2531,2739,2737
4839,2532,2740,2739
4840,2532,2533,2740
4841,2533,2907,2738
4842,2533,2738,2740
4843,2739,2740,2790
4844,2739,2790,2769
4845,2740,2791,2790
4846,2740,2738,2791
4847,2791,2738,2796
4848,2738,2910,2796
4849,2796,2910,2797
4850,2797,2911,2798
4851,2798,2912,2799
4852,2799,2913,2800
4853,2800,2913,2801
4854,2801,2914,2879
4855,2833,2839,2836
4856,2833,2834,2839
4857,2834,2856,2839
4858,2836,2840,2837
4859,2837,2841,2838
4860,2838,2860,2859
4861,2836,2839,2840
4862,2839,2857,2840
4863,2837,2840,2841
4864,2838,2841,2860
4865,2840,2858,2841
4866,2841,2861,2860
4867,2834,2854,2856
4868,2850,2862,2851
4869,2851,2863,2852
4870,2852,2864,2853
4871,2853,2865,2854
4872,2854,2865,2856
4873,2839,2856,2857
4874,2856,2871,2857
4875,2840,2857,2858
4876,2841,2858,2861
4877,2857,2872,2858
4878,2858,2873,2861
4879,2851,2862,2863
4880,2852,2863,2864
4881,2853,2864,2865
4882,2862,2866,2863
4883,2863,2867,2864
4884,2864,2868,2865
4885,2865,2868,2871
4886,2863,2866,2867
4887,2864,2867,2868
4888,2866,2877,2867
4889,2867,2878,2868
4890,2868,2878,2874
4891,2856,2865,2871
4892,2857,2871,2872
4893,2871,2874,2872
4894,2858,2872,2873
4895,2872,2875,2873
4896,2873,2876,2861
4897,2871,2868,2874
4898,2872,2874,2875
4899,2874,2886,2875
4900,2861,2876,2889
4901,2873,2875,2887
4902,2873,2887,2876
4903,2867,2877,2878
4904,2877,2881,2878
4905,2878,2881,2886
4906,2879,2924,2880
4907,2880,2925,2881
4908,2886,2881,2925
4909,2886,2925,2882
4910,2874,2878,2886
4911,2875,2886,2882
4912,2875,2882,2887
4913,2876,2887,2927
4914,2876,2928,2889
4915,2887,2882,2926
4916,2876,2927,2928
4917,2859,2860,2888
4918,2859,2888,2595
4919,2860,2889,2888
4920,2595,2888,2932
4921,2595,2932,2693
4922,2888,2934,2932
4923,2860,2861,2889
4924,2888,2889,2934
4925,2889,2928,2934
4926,2636,2908,2907
4927,2738,2907,2910
4928,2907,2908,2915
4929,2907,2915,2910
4930,2638,2909,2908
4931,2908,2919,2915
4932,2908,2909,2919
4933,2797,2910,2911
4934,2798,2911,2912
4935,2799,2912,2913
4936,2801,2913,2914
4937,2910,2915,2911
4938,2911,2916,2912
4939,2912,2917,2913
4940,2913,2917,2914
4941,2911,2915,2916
4942,2912,2916,2917
4943,2914,2917,2918
4944,2915,2919,2916
4945,2916,2920,2917
4946,2917,2920,2918
4947,2916,2919,2920
4948,2918,2920,2921
4949,2921,2923,2930
4950,2637,2922,2909
4951,2909,2922,2923
4952,2909,2923,2919
4953,2922,2937,2923
4954,2919,2923,2920
4955,2920,2923,2921
4956,2914,2924,2879
4957,2880,2924,2925
4958,2882,2925,2929
4959,2914,2918,2924
4960,2924,2929,2925
4961,2924,2918,2929
4962,2882,2929,2926
4963,2927,2926,2930
4964,2887,2926,2927
4965,2927,2930,2931
4966,2927,2931,2928
4967,2928,2931,2935
4968,2921,2926,2929
4969,2918,2921,2929
4970,2921,2930,2926
4971,2930,2940,2931
4972,2931,2941,2935
4973,2693,2932,2933
4974,2932,2934,2936
4975,2932,2936,2933
4976,2694,2933,2943
4977,2933,2936,2945
4978,2928,2935,2934
4979,2934,2935,2936
4980,2935,2944,2936
4981,2923,2937,2938
4982,2923,2938,2940
4983,2938,2939,2940
4984,2939,2941,2940
4985,2939,2942,2941
4986,2923,2940,2930
4987,2931,2940,2941
4988,2941,2942,2944
4989,2933,2945,2943
4990,2942,2943,2944
4991,2943,2945,2944
4992,2935,2941,2944
4993,2936,2944,2945
4994,24,161,425
4995,24,688,686
4996,24,425,421
4997,24,421,429
4998,24,429,688
4999,161,426,425
5000,688,429,457
5001,792,457,523
5002,525,792,523
5003,525,1905,760
5004,688,792,695
5005,688,457,792
5006,525,760,793
5007,525,793,792
5008,1905,802,760
5009,2181,854,802
5010,942,925,963
5011,942,963,2428
5012,2428,963,854
5013,1905,500,499
5014,1905,501,500
5015,1858,1905,499
5016,525,501,1905
5017,1905,2072,2183
5018,1905,2181,802
5019,1905,2183,2181
5020,2181,2428,854
5021,2183,2970,2427
5022,2427,2970,2985
5023,2072,2971,2183
5024,2183,2971,2970
5025,25,30,70
5026,30,35,78
5027,35,40,79
5028,40,45,128
5029,25,70,76
5030,25,76,71
5031,30,78,70
5032,71,76,95
5033,71,95,90
5034,70,82,76
5035,76,96,95
5036,76,82,96
5037,35,79,78
5038,70,78,81
5039,78,84,81
5040,78,79,84
5041,70,81,82
5042,81,106,82
5043,81,84,88
5044,81,88,106
5045,90,95,103
5046,95,96,112
5047,90,103,98
5048,95,112,103
5049,82,114,96
5050,82,106,114
5051,88,157,106
5052,96,113,112
5053,96,114,113
5054,106,158,114
5055,114,221,113
5056,114,158,221
5057,40,128,79
5058,79,135,84
5059,79,128,135
5060,84,135,140
5061,84,140,88
5062,88,140,147
5063,88,147,157
5064,147,152,156
5065,147,156,157
5066,152,165,156
5067,106,157,158
5068,157,159,158
5069,159,284,158
5070,156,159,157
5071,156,172,159
5072,159,172,160
5073,159,160,284
5074,152,162,165
5075,162,168,165
5076,156,165,172
5077,162,166,168
5078,165,168,173
5079,166,170,168
5080,166,169,170
5081,168,170,175
5082,165,173,172
5083,160,172,174
5084,168,175,173
5085,172,173,174
5086,173,178,174
5087,160,174,292
5088,174,182,292
5089,173,175,178
5090,174,178,182
5091,98,103,210
5092,98,210,203
5093,103,112,215
5094,103,215,210
5095,112,113,223
5096,112,223,215
5097,113,221,228
5098,113,228,223
5099,228,285,233
5100,249,259,280
5101,259,264,282
5102,264,269,312
5103,249,280,274
5104,259,282,280
5105,264,312,282
5106,158,284,221
5107,221,284,285
5108,284,286,285
5109,221,285,228
5110,233,285,288
5111,286,288,285
5112,160,286,284
5113,160,292,286
5114,286,292,287
5115,287,292,293
5116,286,287,288
5117,287,293,291
5118,287,289,288
5119,233,288,238
5120,238,288,289
5121,289,291,290
5122,238,289,254
5123,254,289,290
5124,287,291,289
5125,293,309,291
5126,293,297,309
5127,182,293,292
5128,182,297,293
5129,182,295,297
5130,182,184,298
5131,182,298,295
5132,184,502,298
5133,295,323,297
5134,295,298,318
5135,298,502,320
5136,254,290,304
5137,291,310,290
5138,290,313,304
5139,290,310,313
5140,291,309,310
5141,297,315,309
5142,297,323,315
5143,269,304,313
5144,269,313,312
5145,309,1367,310
5146,309,315,1367
5147,323,1374,315
5148,295,318,316
5149,295,316,323
5150,298,320,318
5151,320,502,510
5152,316,318,326
5153,318,320,328
5154,320,510,330
5155,316,1377,323
5156,316,326,324
5157,316,324,1377
5158,318,328,326
5159,320,330,328
5160,184,427,504
5161,184,504,502
5162,502,504,506
5163,502,506,510
5164,506,508,510
5165,508,512,510
5166,510,512,517
5167,510,517,330
5168,1330,1320,1336
5169,1336,1326,1338
5170,1338,1328,1421
5171,274,280,1326
5172,280,282,1328
5173,282,312,1370
5174,274,1326,1320
5175,280,1328,1326
5176,282,1370,1328
5177,1336,1320,1326
5178,1338,1326,1328
5179,1421,1328,1370
5180,1330,1336,1346
5181,1336,1338,1352
5182,1338,1421,1357
5183,1330,1346,1341
5184,1336,1352,1346
5185,1338,1357,1352
5186,1421,1435,1357
5187,1421,1370,1422
5188,1446,1375,1374
5189,1376,1432,1377
5190,310,1371,313
5191,312,313,1371
5192,310,1367,1371
5193,312,1371,1370
5194,323,1377,1374
5195,315,1375,1367
5196,315,1374,1375
5197,1422,1371,1367
5198,1422,1370,1371
5199,1422,1367,1375
5200,1432,1374,1377
5201,1469,1388,1471
5202,1471,1391,1470
5203,1470,1391,1393
5204,324,326,1398
5205,324,1376,1377
5206,324,1398,1379
5207,326,328,1403
5208,328,330,1408
5209,326,1403,1398
5210,328,1408,1403
5211,324,1379,1376
5212,1376,1379,1383
5213,1376,1383,1469
5214,1469,1383,1388
5215,1471,1388,1391
5216,1421,1422,1435
5217,1446,1435,1375
5218,1422,1375,1435
5219,1432,1446,1374
5220,1376,1469,1432
5221,1469,1433,1432
5222,1471,1434,1433
5223,1469,1471,1433
5224,1471,1470,1434
5225,1433,1445,1446
5226,1433,1434,1445
5227,1432,1433,1446
5228,1470,1524,1434
5229,1445,1477,1435
5230,1446,1445,1435
5231,1434,1524,1521
5232,1434,1521,1445
5233,1470,1393,1475
5234,1472,1393,1413
5235,1475,1393,1476
5236,1472,1476,1393
5237,1473,1413,1414
5238,1474,1414,1415
5239,1775,1415,1416
5240,1472,1413,1473
5241,1473,1414,1474
5242,1474,1415,1775
5243,1470,1475,1524
5244,1472,1533,1476
5245,1472,1531,1533
5246,1473,1532,1531
5247,1474,1892,1532
5248,1472,1473,1531
5249,1473,1474,1532
5250,1482,1494,1487
5251,1487,1505,2028
5252,1521,1482,1477
5253,1521,1494,1482
5254,1524,1497,1494
5255,1531,1863,1533
5256,1497,1500,1508
5257,1531,1859,1863
5258,1500,1501,1514
5259,1533,1865,1501
5260,1494,1505,1487
5261,1494,1497,1505
5262,1497,1508,1505
5263,1505,1508,2033
5264,1500,1514,1508
5265,1501,1881,1514
5266,1508,1514,2040
5267,1514,1881,2046
5268,1445,1521,1477
5269,1475,1497,1524
5270,1524,1494,1521
5271,1475,1476,1500
5272,1475,1500,1497
5273,1476,1501,1500
5274,1476,1533,1501
5275,1531,1532,1859
5276,330,517,1770
5277,330,1770,1408
5278,1775,1416,1776
5279,1775,1893,1892
5280,1776,1894,1893
5281,1474,1775,1892
5282,1775,1776,1893
5283,1532,1860,1859
5284,1892,1861,1860
5285,1893,1862,1861
5286,1894,1864,1862
5287,1533,1863,1865
5288,1866,1859,1860
5289,1871,1860,1861
5290,1875,1861,1862
5291,1878,1862,1864
5292,1501,1865,1881
5293,1866,1882,1859
5294,1863,1887,1865
5295,1863,1882,1887
5296,1863,1859,1882
5297,1866,1860,1871
5298,1871,1861,1875
5299,1875,1862,1878
5300,1878,1864,1880
5301,1865,2051,1881
5302,1865,1887,2051
5303,1532,1892,1860
5304,1892,1893,1861
5305,1893,1894,1862
5306,2028,1505,2033
5307,1508,2040,2033
5308,1514,2046,2040
5309,2046,1881,2056
5310,1881,2051,2056
5311,50,55,430
5312,55,60,434
5313,60,65,444
5314,65,689,721
5315,50,424,422
5316,50,431,424
5317,50,430,431
5318,55,434,430
5319,430,432,431
5320,430,433,432
5321,430,434,433
5322,60,444,434
5323,433,434,435
5324,435,440,437
5325,434,440,435
5326,437,440,441
5327,440,442,441
5328,440,476,442
5329,434,444,447
5330,434,447,440
5331,65,721,444
5332,444,726,447
5333,444,721,726
5334,440,447,451
5335,440,451,476
5336,447,726,731
5337,447,731,451
5338,442,476,443
5339,443,481,461
5340,461,481,462
5341,462,481,475
5342,462,475,469
5343,469,474,467
5344,469,475,474
5345,443,476,481
5346,451,731,738
5347,451,483,476
5348,451,738,483
5349,476,484,481
5350,481,546,475
5351,481,484,546
5352,476,483,484
5353,483,755,484
5354,484,755,558
5355,467,528,526
5356,467,474,540
5357,467,535,528
5358,467,540,535
5359,474,475,548
5360,474,548,540
5361,475,553,548
5362,475,546,553
5363,484,558,546
5364,546,558,559
5365,558,803,559
5366,546,559,553
5367,559,560,553
5368,559,570,560
5369,559,803,570
5370,570,804,571
5371,570,565,560
5372,570,571,565
5373,571,807,572
5374,571,599,565
5375,571,572,599
5376,572,604,599
5377,572,807,619
5378,572,622,604
5379,572,619,622
5380,579,584,615
5381,584,589,617
5382,589,594,621
5383,594,604,622
5384,579,615,609
5385,584,617,615
5386,589,621,617
5387,594,622,621
5388,483,738,747
5389,738,743,747
5390,743,751,747
5391,743,748,751
5392,748,754,751
5393,747,751,757
5394,748,752,754
5395,751,754,758
5396,483,747,755
5397,747,757,755
5398,755,757,756
5399,558,755,756
5400,751,758,757
5401,757,759,756
5402,757,758,759
5403,758,767,759
5404,759,805,756
5405,759,771,805
5406,752,762,754
5407,752,761,762
5408,754,762,764
5409,754,764,758
5410,758,764,767
5411,759,767,771
5412,558,756,803
5413,756,805,803
5414,803,805,804
5415,805,806,804
5416,570,803,804
5417,806,807,804
5418,771,806,805
5419,771,808,806
5420,771,811,808
5421,571,804,807
5422,806,824,807
5423,806,808,824
5424,808,811,829
5425,771,773,813
5426,771,813,811
5427,773,815,813
5428,773,775,817
5429,773,817,815
5430,811,813,832
5431,813,815,834
5432,815,817,819
5433,815,819,836
5434,819,855,836
5435,619,807,824
5436,808,828,824
5437,811,825,829
5438,808,829,828
5439,619,824,2093
5440,824,828,2093
5441,829,2096,828
5442,825,2094,829
5443,825,843,830
5444,825,830,2094
5445,811,832,825
5446,813,834,832
5447,815,836,834
5448,855,838,836
5449,825,832,843
5450,832,834,845
5451,834,836,847
5452,836,838,849
5453,832,845,843
5454,834,847,845
5455,836,849,847
5456,1796,1782,1813
5457,1813,1788,1815
5458,1815,1790,1817
5459,1817,1792,1818
5460,609,615,1788
5461,615,617,1790
5462,609,1788,1782
5463,615,1790,1788
5464,617,1792,1790
5465,617,621,1792
5466,621,622,1793
5467,619,1793,622
5468,619,2093,1793
5469,621,1793,1792
5470,1813,1782,1788
5471,1815,1788,1790
5472,1818,1793,2093
5473,1817,1790,1792
5474,1818,1792,1793
5475,1818,2093,2097
5476,1796,1806,1801
5477,1796,1813,1806
5478,1813,1815,1825
5479,1815,1817,1830
5480,1817,1818,1839
5481,1850,1839,2097
5482,1818,2097,1839
5483,1813,1825,1806
5484,1815,1830,1825
5485,1849,1906,1839
5486,1817,1839,1830
5487,1850,1849,1839
5488,1930,1914,1906
5489,1930,1913,1914
5490,1913,1920,1914
5491,1913,1926,1920
5492,1926,2061,1920
5493,1849,1930,1906
5494,1926,2067,2061
5495,1850,2097,2096
5496,2092,2147,2094
5497,2152,2107,2154
5498,2154,2110,2153
5499,2153,2110,2112
5500,829,2094,2096
5501,828,2097,2093
5502,828,2096,2097
5503,830,843,2117
5504,830,2092,2094
5505,830,2117,2098
5506,2147,2096,2094
5507,830,2098,2092
5508,2092,2102,2152
5509,2092,2098,2102
5510,2152,2102,2107
5511,2154,2107,2110
5512,843,845,2122
5513,845,847,2135
5514,843,2122,2117
5515,845,2135,2122
5516,847,849,2140
5517,847,2140,2135
5518,1850,2096,2147
5519,2152,2148,2147
5520,2154,2149,2148
5521,1850,2148,1849
5522,1849,2148,2149
5523,1850,2147,2148
5524,2153,2232,2149
5525,2092,2152,2147
5526,2152,2154,2148
5527,2154,2153,2149
5528,2153,2112,2161
5529,2172,2112,2127
5530,2161,2112,2177
5531,1930,2149,2232
5532,1849,2149,1930
5533,2153,2161,2232
5534,2173,2127,2128
5535,2174,2128,2129
5536,2175,2129,2130
5537,2172,2127,2173
5538,2172,2177,2112
5539,2173,2128,2174
5540,2174,2129,2175
5541,2175,2130,2176
5542,2172,2241,2177
5543,2172,2239,2241
5544,2173,2240,2239
5545,2172,2173,2239
5546,2173,2174,2240
5547,2174,2242,2240
5548,2175,2243,2242
5549,2176,2244,2243
5550,2174,2175,2242
5551,2175,2176,2243
5552,1913,2232,2186
5553,2186,2189,2199
5554,2239,2195,2241
5555,2240,2192,2191
5556,2242,2193,2192
5557,2243,2194,2193
5558,2244,2261,2194
5559,2239,2191,2195
5560,2189,2190,2214
5561,2204,2190,2241
5562,2195,2204,2241
5563,2205,2191,2192
5564,2210,2192,2193
5565,2193,2194,2263
5566,1926,2186,2199
5567,1913,2186,1926
5568,2189,2214,2199
5569,1926,2199,2067
5570,2199,2214,2948
5571,2190,2219,2214
5572,2204,2219,2190
5573,2205,2220,2191
5574,2195,2225,2204
5575,2195,2220,2225
5576,2195,2191,2220
5577,2205,2192,2210
5578,2210,2193,2263
5579,2214,2219,2953
5580,2204,2959,2219
5581,2204,2225,2959
5582,2161,2186,2232
5583,1930,2232,1913
5584,2161,2177,2189
5585,2161,2189,2186
5586,2177,2190,2189
5587,2177,2241,2190
5588,2239,2240,2191
5589,2240,2242,2192
5590,2242,2243,2193
5591,2243,2244,2194
5592,2194,2261,2266
5593,2194,2266,2263
5594,2266,2261,2268
5595,2067,2199,2948
5596,2214,2953,2948
5597,2219,2964,2953
5598,2219,2959,2964
5599,696,701,797
5600,701,706,926
5601,706,711,930
5602,711,716,944
5603,696,796,794
5604,696,798,796
5605,696,797,798
5606,701,926,797
5607,797,799,798
5608,797,800,799
5609,797,926,800
5610,980,859,857
5611,800,926,927
5612,926,933,927
5613,927,933,929
5614,706,930,926
5615,926,930,938
5616,926,938,933
5617,929,933,934
5618,933,935,934
5619,933,969,935
5620,933,938,941
5621,933,941,969
5622,711,944,930
5623,930,953,938
5624,930,944,953
5625,938,953,958
5626,938,958,941
5627,935,969,936
5628,936,985,966
5629,966,985,967
5630,936,969,985
5631,967,985,984
5632,967,984,978
5633,978,983,980
5634,978,984,983
5635,969,1000,985
5636,985,1110,984
5637,985,1000,1110
5638,941,958,989
5639,941,999,969
5640,941,989,999
5641,989,998,999
5642,989,994,998
5643,994,1022,998
5644,969,999,1000
5645,999,1001,1000
5646,1001,1111,1000
5647,998,1001,999
5648,998,1029,1001
5649,1001,1029,1002
5650,1001,1002,1111
5651,994,1019,1022
5652,998,1022,1029
5653,1019,1025,1022
5654,1019,1023,1025
5655,1022,1025,1030
5656,1023,1026,1025
5657,1023,1028,1026
5658,1025,1026,1032
5659,1002,1029,1031
5660,1022,1030,1029
5661,1029,1030,1031
5662,1002,1031,1166
5663,1031,1039,1166
5664,1025,1032,1030
5665,1030,1032,1035
5666,1030,1035,1031
5667,1031,1035,1039
5668,980,1072,859
5669,980,983,1077
5670,983,984,1084
5671,980,1077,1072
5672,983,1084,1077
5673,984,1089,1084
5674,984,1110,1089
5675,1000,1111,1110
5676,1111,1112,1110
5677,1111,1113,1112
5678,1089,1110,1112
5679,1089,1112,1094
5680,1112,1115,1094
5681,1113,1115,1112
5682,1002,1113,1111
5683,1002,1166,1113
5684,1113,1166,1114
5685,1113,1114,1115
5686,1114,1167,1118
5687,1114,1116,1115
5688,1115,1099,1094
5689,1115,1116,1099
5690,1116,1118,1117
5691,1099,1116,1148
5692,1116,1117,1148
5693,1114,1118,1116
5694,1118,1167,1158
5695,1119,1124,1145
5696,1124,1129,1147
5697,1129,1134,1162
5698,1119,1145,1139
5699,1124,1147,1145
5700,1129,1162,1147
5701,1117,1153,1148
5702,1117,1163,1153
5703,1117,1159,1163
5704,1118,1159,1117
5705,1118,1158,1159
5706,1169,1165,1158
5707,1134,1153,1163
5708,1134,1163,1162
5709,1158,2442,1159
5710,1158,1165,2442
5711,1114,1166,1167
5712,1039,1167,1166
5713,1039,1169,1167
5714,1039,1170,1169
5715,1039,1041,1172
5716,1039,1172,1170
5717,1041,1178,1172
5718,1167,1169,1158
5719,1170,1194,1169
5720,1170,1172,1189
5721,1172,1178,1191
5722,1041,1043,1178
5723,1043,1045,1180
5724,1043,1180,1178
5725,1045,1047,1182
5726,1045,1182,1180
5727,1178,1180,1201
5728,1180,1182,1203
5729,1170,1187,1194
5730,1169,1194,1165
5731,1170,1189,1187
5732,1172,1191,1189
5733,1187,1189,1197
5734,1189,1191,1199
5735,1187,2535,1194
5736,1187,1197,1195
5737,1187,1195,2535
5738,1189,1199,1197
5739,1191,1208,1199
5740,1178,1201,1191
5741,1180,1203,1201
5742,1191,1201,1208
5743,1201,1203,1210
5744,1201,1210,1208
5745,2449,2429,2454
5746,2454,2434,2457
5747,2457,2436,2484
5748,1139,1145,2434
5749,1145,1147,2436
5750,1139,2434,2429
5751,1145,2436,2434
5752,2454,2429,2434
5753,2457,2434,2436
5754,2484,2443,2485
5755,2515,2448,2447
5756,1147,1162,2443
5757,1162,1163,2444
5758,1159,2444,1163
5759,1159,2442,2444
5760,1147,2443,2436
5761,1162,2444,2443
5762,1165,1194,2447
5763,1165,2448,2442
5764,1165,2447,2448
5765,2485,2444,2442
5766,2484,2436,2443
5767,2485,2443,2444
5768,2485,2442,2448
5769,2494,2447,2535
5770,2449,2454,2464
5771,2454,2457,2470
5772,2457,2484,2475
5773,2449,2464,2459
5774,2454,2470,2464
5775,2457,2475,2470
5776,2484,2485,2499
5777,2515,2499,2448
5778,2485,2448,2499
5779,2494,2515,2447
5780,2584,2495,2494
5781,2586,2496,2495
5782,2495,2496,2514
5783,2495,2514,2515
5784,2494,2495,2515
5785,2585,2632,2496
5786,2514,2596,2499
5787,2484,2499,2475
5788,2515,2514,2499
5789,2496,2632,2629
5790,2496,2629,2514
5791,2534,2494,2535
5792,2584,2546,2586
5793,2586,2549,2585
5794,2585,2549,2551
5795,1194,2535,2447
5796,1195,2534,2535
5797,1195,2556,2537
5798,1195,1197,2556
5799,1197,1199,2561
5800,1199,1208,2572
5801,1197,2561,2556
5802,1199,2572,2561
5803,1195,2537,2534
5804,2534,2541,2584
5805,2534,2537,2541
5806,2584,2541,2546
5807,2586,2546,2549
5808,1208,1210,2577
5809,1208,2577,2572
5810,2534,2584,2494
5811,2584,2586,2495
5812,2586,2585,2496
5813,2585,2551,2590
5814,2590,2551,2591
5815,2587,2551,2566
5816,2588,2566,2567
5817,2589,2567,2568
5818,2592,2568,2582
5819,2587,2566,2588
5820,2587,2591,2551
5821,2588,2567,2589
5822,2589,2568,2592
5823,2585,2590,2632
5824,2587,2687,2591
5825,2587,2685,2687
5826,2588,2686,2685
5827,2587,2588,2685
5828,2588,2589,2686
5829,2592,2582,2593
5830,2589,2688,2686
5831,2592,2689,2688
5832,2593,2690,2689
5833,2589,2592,2688
5834,2592,2593,2689
5835,2629,2609,2596
5836,2629,2603,2609
5837,2632,2606,2603
5838,2614,2622,2972
5839,2609,2603,2614
5840,2603,2622,2614
5841,2606,2625,2622
5842,2603,2606,2622
5843,2622,2625,2978
5844,2514,2629,2596
5845,2632,2590,2606
5846,2632,2603,2629
5847,2685,2646,2687
5848,2606,2641,2625
5849,2685,2643,2646
5850,2641,2642,2653
5851,2657,2642,2687
5852,2686,2644,2643
5853,2688,2645,2644
5854,2689,2647,2645
5855,2690,2648,2647
5856,2646,2657,2687
5857,2658,2643,2644
5858,2663,2644,2645
5859,2667,2645,2647
5860,2670,2647,2648
5861,2641,2653,2625
5862,2642,2673,2653
5863,2625,2653,2987
5864,2653,2673,2992
5865,2657,2673,2642
5866,2658,2674,2643
5867,2646,2680,2657
5868,2646,2674,2680
5869,2646,2643,2674
5870,2658,2644,2663
5871,2663,2645,2667
5872,2667,2647,2670
5873,2670,2648,2672
5874,2657,2998,2673
5875,2657,2680,2998
5876,2590,2591,2641
5877,2590,2641,2606
5878,2591,2642,2641
5879,2591,2687,2642
5880,2685,2686,2643
5881,2686,2688,2644
5882,2688,2689,2645
5883,2689,2690,2647
5884,2622,2978,2972
5885,2625,2987,2978
5886,2653,2992,2987
5887,2673,3003,2992
5888,2673,2998,3003
5889,10,9,13
5890,10,11,9
5891,10,17,11
5892,17,426,11
5893,13,9,12
5894,13,12,455
5895,13,455,456
5896,17,18,19
5897,17,19,499
5898,10,13,17
5899,13,18,17
5900,13,20,18
5901,13,456,20
5902,422,429,421
5903,427,426,17
5904,427,425,426
5905,625,421,425
5906,624,421,625
5907,422,421,624
5908,422,624,423
5909,423,624,436
5910,427,625,425
5911,427,428,625
5912,428,505,625
5913,435,457,429
5914,422,424,429
5915,424,431,429
5916,431,432,429
5917,432,433,429
5918,433,435,429
5919,435,437,457
5920,437,441,457
5921,441,442,457
5922,442,443,457
5923,443,461,457
5924,469,523,457
5925,469,467,523
5926,461,462,457
5927,462,469,457
5928,436,627,438
5929,438,627,458
5930,436,624,627
5931,458,628,463
5932,463,628,464
5933,464,628,471
5934,471,628,470
5935,470,628,472
5936,472,628,468
5937,458,627,628
5938,468,628,527
5939,17,499,508
5940,427,17,504
5941,17,506,504
5942,17,508,506
5943,523,501,522
5944,20,522,501
5945,508,499,639
5946,505,507,625
5947,507,509,638
5948,508,639,509
5949,526,639,523
5950,639,499,500
5951,639,501,523
5952,639,500,501
5953,20,456,522
5954,467,526,523
5955,526,527,639
5956,624,625,627
5957,627,625,626
5958,627,626,639
5959,625,639,626
5960,627,639,628
5961,507,638,625
5962,509,639,638
5963,625,638,639
5964,527,628,639
5965,675,676,674
5966,675,684,676
5967,675,683,684
5968,675,674,793
5969,675,796,683
5970,683,925,684
5971,683,927,925
5972,775,760,817
5973,775,872,760
5974,775,789,872
5975,789,818,872
5976,675,793,874
5977,675,874,794
5978,675,794,796
5979,796,798,683
5980,798,799,683
5981,799,800,683
5982,872,793,760
5983,874,793,872
5984,794,874,795
5985,795,874,928
5986,928,874,1215
5987,817,760,802
5988,817,802,819
5989,819,802,855
5990,818,820,872
5991,820,856,885
5992,978,854,963
5993,980,857,854
5994,978,980,854
5995,855,802,924
5996,924,802,854
5997,855,924,856
5998,857,924,854
5999,857,858,924
6000,874,872,1215
6001,872,875,1215
6002,872,924,875
6003,875,924,1215
6004,1215,924,1218
6005,820,885,872
6006,856,924,885
6007,872,885,924
6008,858,1218,924
6009,800,927,683
6010,927,963,925
6011,927,929,963
6012,929,934,963
6013,934,935,963
6014,935,936,963
6015,936,966,963
6016,966,967,963
6017,967,978,963
6018,928,1215,931
6019,931,1215,964
6020,964,1218,972
6021,972,1218,973
6022,973,1218,979
6023,976,1218,977
6024,977,1218,981
6025,976,979,1218
6026,964,1215,1218
6027,981,1218,858
