vertex_id,x,y,z
0,-18.52116988,-12.22302291,0.0
1,-18.52116988,-12.22302291,4.07861531
2,-16.20602365,-9.90787668,4.07861531
3,-18.52116988,-2.19072256,0.0
4,-18.52116988,-2.19072256,4.07861531
5,-16.20602365,-2.19072256,3.94266147
6,-16.20602365,-2.19072256,4.07861531
7,-6.17372329,-9.90787668,4.07861531
8,-1.54343082,-2.19072256,0.0
9,-6.17372329,-6.49778243,5.38650543
10,-5.19210129,-6.49778243,5.38650543
11,-6.17372329,-9.35672323,5.94930897
12,-6.17372329,-3.17940616,5.38650543
13,-5.19210129,-3.17940616,5.38650543
14,-6.17372329,-2.19072256,3.94266147
15,-6.17372329,-2.19072256,4.07861531
16,-3.08686165,-8.36444585,4.07861531
17,-2.98808207,-9.35672323,5.94930897
18,-3.08686165,-8.36444585,5.92408529
19,-2.98808207,-8.36444585,5.94930897
20,-3.08686165,-5.91021516,5.92408529
21,-3.08686165,-2.19072256,3.94266147
22,-3.08686165,-2.19072256,4.07861531
23,-1.54343082,-2.19072256,3.94266147
24,-16.20602365,-9.90787668,7.95329985
25,-9.56927111,-19.20860152,8.11182528
26,-9.56927111,-19.20860152,8.12800378
27,-9.56927111,-19.20860152,8.14418229
28,-9.56927111,-19.20860152,8.1603608
29,-9.56927111,-19.20860152,8.17653931
30,-9.56927111,-17.70375646,8.11182528
31,-9.56927111,-17.70375646,8.12800378
32,-9.56927111,-17.70375646,8.14418229
33,-9.56927111,-17.70375646,8.1603608
34,-9.56927111,-17.70375646,8.17653931
35,-9.56927111,-16.19891141,8.11182528
36,-9.56927111,-16.19891141,8.12800378
37,-9.56927111,-16.19891141,8.14418229
38,-9.56927111,-16.19891141,8.1603608
39,-9.56927111,-16.19891141,8.17653931
40,-9.56927111,-14.69406636,8.11182528
41,-9.56927111,-14.69406636,8.12800378
42,-9.56927111,-14.69406636,8.14418229
43,-9.56927111,-14.69406636,8.1603608
44,-9.56927111,-14.69406636,8.17653931
45,-9.56927111,-13.1892213,8.11182528
46,-9.56927111,-13.1892213,8.12800378
47,-9.56927111,-13.1892213,8.14418229
48,-9.56927111,-13.1892213,8.1603608
49,-9.56927111,-13.1892213,8.17653931
50,-9.56927111,-5.9447248,8.11182528
51,-9.56927111,-5.9447248,8.12800378
52,-9.56927111,-5.9447248,8.14418229
53,-9.56927111,-5.9447248,8.1603608
54,-9.56927111,-5.9447248,8.17653931
55,-9.56927111,-4.43987974,8.11182528
56,-9.56927111,-4.43987974,8.12800378
57,-9.56927111,-4.43987974,8.14418229
58,-9.56927111,-4.43987974,8.1603608
59,-9.56927111,-4.43987974,8.17653931
60,-9.56927111,-2.93503469,8.11182528
61,-9.56927111,-2.93503469,8.12800378
62,-9.56927111,-2.93503469,8.14418229
63,-9.56927111,-2.93503469,8.1603608
64,-9.56927111,-2.93503469,8.17653931
65,-9.56927111,-1.43018964,8.11182528
66,-9.56927111,-1.43018964,8.12800378
67,-9.56927111,-1.43018964,8.14418229
68,-9.56927111,-1.43018964,8.1603608
69,-9.56927111,-1.43018964,8.17653931
70,-8.75896992,-17.65871297,8.14456126
71,-8.06442605,-19.01343298,8.22187468
72,-8.06442605,-19.01343298,8.23758289
73,-8.06442605,-19.01343298,8.2532911
74,-8.06442605,-19.01343298,8.26899931
75,-8.06442605,-19.01343298,8.28470752
76,-8.06442605,-18.22668662,8.22187468
77,-8.06442605,-17.5523326,8.28470752
78,-8.75896992,-16.16688048,8.14456126
79,-8.75896992,-14.67504799,8.14456126
80,-8.06442605,-16.09123222,8.28470752
81,-7.94866874,-16.07458561,8.23888771
82,-7.25412487,-16.60098501,8.36353733
83,-8.06442605,-14.63013184,8.28470752
84,-7.94866874,-14.62024791,8.23888771
85,-7.94866874,-14.50837578,8.30142973
86,-7.25412487,-15.19619558,8.42394859
87,-7.13836756,-15.07032481,8.44780315
88,-7.13836756,-14.53373161,8.38780675
89,-7.13836756,-14.42641297,8.44780315
90,-6.559581,-18.48086024,8.52217571
91,-6.559581,-18.48086024,8.53660058
92,-6.559581,-18.48086024,8.55102545
93,-6.559581,-18.48086024,8.56545033
94,-6.559581,-18.48086024,8.5798752
95,-6.559581,-17.7583899,8.52217571
96,-6.559581,-17.03591956,8.52217571
97,-6.559581,-17.13912961,8.5798752
98,-5.05473595,-17.73217636,8.94433501
99,-5.05473595,-17.73217636,8.95695578
100,-5.05473595,-17.73217636,8.96957656
101,-5.05473595,-17.73217636,8.98219733
102,-5.05473595,-17.73217636,8.9948181
103,-5.05473595,-17.10006442,8.94433501
104,-6.559581,-15.79739898,8.5798752
105,-6.44382369,-15.66648703,8.60860057
106,-6.44382369,-15.0525884,8.55140065
107,-6.32806638,-15.53672506,8.63800877
108,-6.32806638,-14.92831553,8.63800877
109,-5.74927982,-16.16366605,8.79388967
110,-5.63352251,-16.02952872,8.82654324
111,-5.05473595,-16.55825419,8.9948181
112,-5.05473595,-16.46795248,8.94433501
113,-5.05473595,-15.83584054,8.94433501
114,-5.74927982,-15.48779973,8.73991216
115,-5.63352251,-15.36077307,8.82654324
116,-6.32806638,-15.53672506,9.45999163
117,-6.32806638,-14.92831553,9.45999163
118,-4.93897864,-16.42094276,9.02916226
119,-4.93897864,-15.79630964,9.02916226
120,-4.93897864,-15.17167652,9.02916226
121,-5.63352251,-15.36077307,9.60098264
122,-4.93897864,-15.17167652,9.75250642
123,-6.32806638,-15.53672506,10.2819745
124,-6.32806638,-14.92831553,10.2819745
125,-5.63352251,-15.36077307,10.37542203
126,-4.93897864,-15.17167652,10.47585059
127,-8.75896992,-13.87175358,8.2087157
128,-8.75896992,-13.1832155,8.14456126
129,-8.75896992,-13.1832155,8.16059987
130,-8.75896992,-13.1832155,8.17663848
131,-8.75896992,-13.1832155,8.19267709
132,-8.75896992,-13.1832155,8.2087157
133,-7.94866874,-13.837143,8.30142973
134,-7.13836756,-13.78250112,8.44780315
135,-7.94866874,-13.16591022,8.23888771
136,-7.94866874,-13.16591022,8.25452321
137,-7.94866874,-13.16591022,8.27015872
138,-7.94866874,-13.16591022,8.28579422
139,-7.94866874,-13.16591022,8.30142973
140,-7.13836756,-13.13858928,8.38780675
141,-7.13836756,-13.13858928,8.40280585
142,-7.13836756,-13.13858928,8.41780495
143,-7.13836756,-13.13858928,8.43280405
144,-7.13836756,-13.13858928,8.44780315
145,-6.32806638,-14.31990601,8.63800877
146,-6.32806638,-13.71149648,8.63800877
147,-6.32806638,-13.10308696,8.58132029
148,-6.32806638,-13.10308696,8.59549241
149,-6.32806638,-13.10308696,8.60966453
150,-6.32806638,-13.10308696,8.62383665
151,-6.32806638,-13.10308696,8.63800877
152,-6.32806638,-12.39327584,8.58132029
153,-6.32806638,-12.39327584,8.59549241
154,-6.32806638,-12.39327584,8.60966453
155,-6.32806638,-12.39327584,8.62383665
156,-5.98079444,-12.3961355,8.67484357
157,-5.63352251,-13.64111569,8.77313363
158,-4.93897864,-14.10087688,8.97927646
159,-5.28625057,-12.95678376,8.87501611
160,-4.93897864,-12.31621083,8.97927646
161,-6.17372329,-9.90787668,7.95329985
162,-6.32806638,-11.68346473,8.58132029
163,-6.32806638,-11.68346473,8.59549241
164,-6.32806638,-11.68346473,8.60966453
165,-5.98079444,-11.70634198,8.67484357
166,-6.32806638,-10.97365362,8.58132029
167,-6.32806638,-10.97365362,8.59549241
168,-5.98079444,-11.01654846,8.67484357
169,-6.32806638,-10.26384251,8.58132029
170,-5.98079444,-10.32675494,8.67484357
171,-5.98079444,-10.32675494,8.68861601
172,-5.63352251,-11.73038526,8.77313363
173,-5.63352251,-11.06162961,8.77313363
174,-5.28625057,-11.10835844,8.87501611
175,-5.63352251,-10.39287397,8.77313363
176,-5.63352251,-10.39287397,8.78648603
177,-5.63352251,-10.39287397,8.79983844
178,-5.28625057,-10.46140958,8.87501611
179,-5.28625057,-10.46140958,8.88793312
180,-5.28625057,-10.46140958,8.90085013
181,-5.28625057,-10.46140958,8.91376714
182,-4.93897864,-10.53154477,8.97927646
183,-4.93897864,-10.53154477,8.99174791
184,-4.93897864,-9.72844504,8.97927646
185,-4.93897864,-9.72844504,8.99174791
186,-6.32806638,-14.31990601,9.45999163
187,-6.32806638,-13.71149648,9.45999163
188,-6.32806638,-12.39327584,9.45999163
189,-6.32806638,-14.31990601,10.2819745
190,-6.32806638,-13.00168537,10.2819745
191,-6.32806638,-11.68346473,9.44581952
192,-6.32806638,-10.97365362,9.4316474
193,-6.32806638,-10.26384251,9.41747528
194,-4.93897864,-10.53154477,9.00421936
195,-4.93897864,-10.53154477,9.01669081
196,-4.93897864,-10.53154477,9.02916226
197,-4.93897864,-9.72844504,9.00421936
198,-4.93897864,-9.72844504,9.01669081
199,-4.93897864,-9.72844504,9.02916226
200,-6.32806638,-11.68346473,10.2819745
201,-6.32806638,-10.97365362,10.26780239
202,-6.32806638,-10.26384251,10.25363027
203,-3.54989089,-16.93259881,9.39519165
204,-3.54989089,-16.93259881,9.40588569
205,-3.54989089,-16.93259881,9.41657973
206,-3.54989089,-16.93259881,9.42727376
207,-3.54989089,-16.93259881,9.4379678
208,-4.24443477,-16.71703716,9.23624039
209,-4.24443477,-16.13749759,9.23624039
210,-3.54989089,-16.39698761,9.39519165
211,-3.54989089,-16.39698761,9.40588569
212,-3.54989089,-16.39698761,9.41657973
213,-3.54989089,-16.39698761,9.42727376
214,-3.54989089,-16.39698761,9.4379678
215,-3.54989089,-15.86137641,9.39519165
216,-3.54989089,-15.86137641,9.40588569
217,-3.54989089,-15.86137641,9.41657973
218,-3.54989089,-15.86137641,9.42727376
219,-3.54989089,-15.86137641,9.4379678
220,-4.24443477,-15.55795802,9.23624039
221,-4.24443477,-14.48167025,9.18995595
222,-4.24443477,-14.97841845,9.23624039
223,-3.54989089,-15.32576521,9.39519165
224,-3.54989089,-15.32576521,9.40588569
225,-3.54989089,-15.32576521,9.41657973
226,-3.54989089,-15.32576521,9.42727376
227,-3.54989089,-15.32576521,9.4379678
228,-3.54989089,-14.79015401,9.39519165
229,-3.54989089,-14.79015401,9.40588569
230,-3.54989089,-14.79015401,9.41657973
231,-3.54989089,-14.79015401,9.42727376
232,-3.54989089,-14.79015401,9.4379678
233,-3.08686165,-14.67183802,9.52417334
234,-3.08686165,-14.67183802,9.53431617
235,-3.08686165,-14.67183802,9.544459
236,-3.08686165,-14.67183802,9.55460183
237,-3.08686165,-14.67183802,9.56474466
238,-2.6238324,-14.56220136,9.64369329
239,-2.6238324,-14.56220136,9.65332536
240,-2.6238324,-14.56220136,9.66295742
241,-2.6238324,-14.56220136,9.67258948
242,-2.6238324,-14.56220136,9.68222154
243,-4.24443477,-14.97841845,9.90736485
244,-3.78140552,-14.8517946,10.00882903
245,-4.47594939,-15.04273394,10.54433156
246,-4.01292014,-14.91465989,10.61235127
247,-3.31837627,-14.73006297,10.10637305
248,-2.85534702,-14.61578579,10.19794378
249,-1.69777391,-15.6334744,9.84454804
250,-1.69777391,-15.6334744,9.85332175
251,-1.69777391,-15.6334744,9.86209546
252,-1.69777391,-15.6334744,9.87086917
253,-1.69777391,-15.6334744,9.87964288
254,-2.16080315,-14.46354942,9.75123831
255,-2.16080315,-14.46354942,9.76041077
256,-2.16080315,-14.46354942,9.76958324
257,-2.16080315,-14.46354942,9.77875571
258,-2.16080315,-14.46354942,9.78792818
259,-1.69777391,-15.3195947,9.84454804
260,-1.69777391,-15.3195947,9.85332175
261,-1.69777391,-15.3195947,9.86209546
262,-1.69777391,-15.3195947,9.87086917
263,-1.69777391,-15.3195947,9.87964288
264,-1.69777391,-15.00571501,9.84454804
265,-1.69777391,-15.00571501,9.85332175
266,-1.69777391,-15.00571501,9.86209546
267,-1.69777391,-15.00571501,9.87086917
268,-1.69777391,-15.00571501,9.87964288
269,-1.69777391,-14.69183531,9.84454804
270,-1.69777391,-14.69183531,9.85332175
271,-1.69777391,-14.69183531,9.86209546
272,-1.69777391,-14.69183531,9.87086917
273,-1.69777391,-14.69183531,9.87964288
274,-0.19292885,-15.35274169,10.02817181
275,-0.19292885,-15.35274169,10.0361608
276,-0.19292885,-15.35274169,10.04414979
277,-0.19292885,-15.35274169,10.05213878
278,-0.19292885,-15.35274169,10.06012778
279,-0.19292885,-15.06693526,10.06012778
280,-0.19292885,-14.95261269,10.02817181
281,-0.19292885,-14.78112884,10.06012778
282,-0.19292885,-14.66680627,10.02817181
283,-0.19292885,-14.49532241,10.06012778
284,-4.5917067,-13.4407937,9.08467392
285,-3.89716283,-13.8481139,9.2938727
286,-4.24443477,-12.8258429,9.18995595
287,-3.78140552,-12.80895972,9.32799442
288,-3.43413358,-13.7783006,9.42817861
289,-2.97110434,-13.71235579,9.55504238
290,-2.50807509,-13.65166673,9.67179519
291,-3.31837627,-12.79272884,9.46069966
292,-4.5917067,-11.7205823,9.08467392
293,-4.12867745,-11.75914613,9.22480792
294,-4.24443477,-10.67326735,9.87265152
295,-3.31837627,-10.85539471,9.46069966
296,-3.31837627,-10.85539471,9.502356
297,-2.6238324,-11.73658532,9.64369329
298,-3.31837627,-10.18477905,9.46069966
299,-3.31837627,-10.18477905,9.502356
300,-3.54989089,-10.81132794,10.04752783
301,-3.89716283,-10.74317141,9.96149406
302,-4.24443477,-10.67326735,10.55534709
303,-3.20261896,-10.87692915,10.12990345
304,-1.69777391,-14.37795561,9.84454804
305,-1.69777391,-14.37795561,9.85332175
306,-1.69777391,-14.37795561,9.86209546
307,-1.69777391,-14.37795561,9.87086917
308,-1.69777391,-14.37795561,9.87964288
309,-1.81353122,-12.62156737,9.82266791
310,-1.00323004,-13.3862878,9.95362525
311,-0.54020079,-14.232125,10.03590197
312,-0.19292885,-14.38099984,10.02817181
313,-0.19292885,-14.09519342,10.02817181
314,-0.54020079,-14.232125,10.50537264
315,-0.30868616,-12.49467743,10.02119864
316,-1.69777391,-11.11360677,9.84454804
317,-1.69777391,-11.11360677,9.87964288
318,-1.69777391,-10.54862331,9.84454804
319,-1.69777391,-10.54862331,9.87964288
320,-1.69777391,-9.98363986,9.84454804
321,-1.69777391,-9.98363986,9.87964288
322,-1.58201659,-11.12764333,10.40385559
323,-1.00323004,-11.84082983,9.95362525
324,-0.07717154,-11.24097552,10.03388966
325,-0.07717154,-11.24097552,10.06574789
326,-0.07717154,-10.72809747,10.03388966
327,-0.07717154,-10.72809747,10.06574789
328,-0.07717154,-10.21521941,10.03388966
329,-0.07717154,-10.21521941,10.06574789
330,-0.07717154,-9.70234136,10.03388966
331,-0.07717154,-9.70234136,10.06574789
332,-6.32806638,-15.53672506,11.10395737
333,-6.32806638,-14.92831553,11.10395737
334,-5.63352251,-15.36077307,11.14986142
335,-5.17049326,-15.2356223,11.18251196
336,-6.32806638,-15.53672506,11.92594024
337,-5.17049326,-15.05289264,11.92313472
338,-6.32806638,-13.61009489,11.10395737
339,-6.32806638,-12.29187426,11.10395737
340,-6.32806638,-14.21850442,11.92594024
341,-6.32806638,-12.90028378,11.92594024
342,-5.17049326,-13.86514987,11.92313472
343,-5.17049326,-12.67740709,11.92313472
344,-6.32806638,-10.97365362,11.10395737
345,-6.32806638,-10.26384251,11.08978526
346,-6.32806638,-11.58206314,11.92594024
347,-6.32806638,-10.26384251,11.92594024
348,-5.17049326,-11.48966431,11.92313472
349,-5.17049326,-10.57601602,11.92313472
350,-2.85534702,-14.61578579,11.34422086
351,-4.01292014,-14.91465989,11.92014416
352,-4.01292014,-14.59199556,11.92014416
353,-2.85534702,-14.47437857,11.91735941
354,-4.01292014,-13.5433365,11.92014416
355,-4.01292014,-12.49467743,11.92014416
356,-2.85534702,-14.19156412,11.91735941
357,-2.85534702,-13.27241717,11.91735941
358,-2.85534702,-12.56538104,11.91735941
359,-4.24443477,-10.67326735,11.23804266
360,-4.01292014,-11.68801661,11.92014416
361,-4.01292014,-10.88135579,11.92014416
362,-4.24443477,-10.67326735,11.92073823
363,-3.08686165,-10.97066502,11.91788167
364,-2.85534702,-11.85834492,11.91735941
365,-2.85534702,-11.1513088,11.91735941
366,-1.69777391,-14.37795561,10.89739315
367,-0.54020079,-14.232125,11.44431398
368,-1.69777391,-14.37795561,11.91514343
369,-1.69777391,-14.12685185,11.91514343
370,-1.69777391,-13.8757481,11.91514343
371,-1.69777391,-13.2479887,11.91514343
372,-1.69777391,-13.8757481,12.42401856
373,-1.69777391,-13.2479887,12.42401856
374,-1.69777391,-12.62022931,11.91514343
375,-1.69777391,-12.62022931,12.42401856
376,-0.54020079,-14.11629516,11.91378465
377,-0.54020079,-13.88463549,11.91378465
378,-0.54020079,-13.76880565,11.91378465
379,-0.54020079,-13.76880565,12.38325532
380,-2.16080315,-11.05083798,10.83358963
381,-1.81353122,-11.09888816,10.87786639
382,-1.46625928,-11.1409794,10.91721703
383,-2.16080315,-11.05083798,11.37476529
384,-0.07717154,-11.24097552,11.44361626
385,-2.16080315,-11.05083798,11.91594095
386,-1.92928853,-11.2117951,11.91552587
387,-1.69777391,-11.99246992,11.91514343
388,-1.69777391,-11.36471052,11.91514343
389,-1.69777391,-11.99246992,12.42401856
390,-1.69777391,-11.36471052,12.42401856
391,-0.77171541,-11.43979001,11.91397751
392,-1.00323004,-11.24642292,11.91421114
393,-0.77171541,-11.38118515,11.91397751
394,-0.07717154,-11.24097552,11.91352512
395,-0.19292885,-11.4657743,12.37693555
396,-1.69777391,-13.8757481,12.9328937
397,-1.69777391,-13.2479887,12.9328937
398,-1.69777391,-13.8757481,13.44176884
399,-1.69777391,-13.2479887,13.44176884
400,-1.69777391,-12.62022931,12.9328937
401,-1.69777391,-12.62022931,13.44176884
402,-0.54020079,-13.76880565,12.85272599
403,-0.54020079,-13.76880565,13.32219666
404,-0.19292885,-13.7522257,13.28768067
405,-1.69777391,-13.8757481,13.95064398
406,-1.69777391,-13.2479887,13.95064398
407,-1.69777391,-12.62022931,13.95064398
408,-0.19292885,-13.7522257,13.76702021
409,-0.19292885,-13.18061285,13.76702021
410,-0.19292885,-12.609,13.76702021
411,-0.19292885,-12.03738715,13.76702021
412,-1.69777391,-11.99246992,12.9328937
413,-1.69777391,-11.36471052,12.9328937
414,-1.69777391,-11.99246992,13.44176884
415,-1.69777391,-11.36471052,13.44176884
416,-0.19292885,-11.4657743,12.8402971
417,-0.19292885,-11.4657743,13.30365865
418,-1.69777391,-11.99246992,13.95064398
419,-1.69777391,-11.36471052,13.95064398
420,-0.19292885,-11.4657743,13.76702021
421,-8.51047756,-6.49778243,7.95329985
422,-8.51047756,-5.80740622,8.18925491
423,-8.51047756,-5.80740622,8.25264535
424,-8.51047756,-5.25385955,8.18925491
425,-6.30645835,-9.35672323,7.95329985
426,-6.17372329,-9.35672323,7.95329985
427,-4.93897864,-9.35672323,8.97927646
428,-4.93897864,-9.35672323,9.02916226
429,-8.51047756,-3.17940616,7.95329985
430,-8.75896992,-4.39483625,8.14456126
431,-8.51047756,-4.5980446,8.17222229
432,-8.51047756,-4.22017553,8.18072039
433,-8.51047756,-3.90903719,8.17348804
434,-8.75896992,-2.90300376,8.14456126
435,-8.51047756,-3.17940616,8.17348804
436,-8.51047756,-3.17940616,8.25264535
437,-8.13726206,-3.17940616,8.21693373
438,-8.06442605,-3.17940616,8.28470752
439,-8.06442605,-2.8273555,8.28470752
440,-7.94866874,-2.81070889,8.23888771
441,-7.46220081,-3.17940616,8.32619399
442,-7.17159678,-3.17940616,8.38267096
443,-7.04093729,-3.17940616,8.41685739
444,-8.75896992,-1.41117127,8.14456126
445,-8.75896992,-0.60787686,8.2087157
446,-8.06442605,-1.36625512,8.28470752
447,-7.94866874,-1.35637119,8.23888771
448,-7.94866874,-1.24449906,8.30142973
449,-7.25412487,-1.93231886,8.42394859
450,-7.13836756,-1.80644809,8.44780315
451,-7.13836756,-1.26985489,8.38780675
452,-7.94866874,-0.57326628,8.30142973
453,-7.13836756,-1.16253625,8.44780315
454,-7.13836756,-0.5186244,8.44780315
455,-6.17372329,-3.17940616,7.88532293
456,-5.19210129,-3.17940616,7.88532293
457,-5.19210129,-3.17940616,7.95329985
458,-6.559581,-3.17940616,8.5798752
459,-6.559581,-2.53352226,8.5798752
460,-6.44382369,-2.40261031,8.60860057
461,-6.24938912,-3.17940616,8.60552753
462,-5.81644129,-3.17940616,8.73065122
463,-5.28213007,-3.17940616,8.93211691
464,-5.25710548,-3.17940616,8.9362735
465,-5.74927982,-2.89978934,8.79388967
466,-5.63352251,-2.765652,8.82654324
467,-5.05473595,-3.35758944,8.94433501
468,-5.05473595,-3.35758944,8.9948181
469,-5.19210129,-3.17940616,8.90579944
470,-5.14144372,-3.24511657,8.96973393
471,-5.19210129,-3.17940616,8.95593686
472,-5.13459492,-3.25400048,8.97279795
473,-5.05473595,-3.29437747,8.9948181
474,-5.05473595,-3.20407576,8.94433501
475,-5.05473595,-2.57196382,8.94433501
476,-6.44382369,-1.78871168,8.55140065
477,-6.32806638,-2.27284834,8.63800877
478,-6.32806638,-1.66443881,8.63800877
479,-6.32806638,-1.05602929,8.63800877
480,-6.32806638,-0.44761976,8.63800877
481,-5.74927982,-2.22392301,8.73991216
482,-5.63352251,-2.09689635,8.82654324
483,-5.63352251,-0.37723897,8.77313363
484,-4.93897864,-0.83700016,8.97927646
485,-4.93897864,-3.15706604,9.02916226
486,-4.93897864,-2.53243292,9.02916226
487,-6.32806638,-2.27284834,9.45999163
488,-6.32806638,-1.66443881,9.45999163
489,-6.32806638,-1.05602929,9.45999163
490,-6.32806638,-0.44761976,9.45999163
491,-4.93897864,-1.9077998,9.02916226
492,-5.63352251,-2.09689635,9.60098264
493,-4.93897864,-1.9077998,9.75250642
494,-6.32806638,-2.27284834,10.2819745
495,-6.32806638,-1.66443881,10.2819745
496,-6.32806638,-1.05602929,10.2819745
497,-5.63352251,-2.09689635,10.37542203
498,-4.93897864,-1.9077998,10.47585059
499,-2.98808207,-8.36444585,7.95329985
500,-2.98808207,-6.03834696,7.95329985
501,-3.08686165,-5.91021516,7.95329985
502,-3.31837627,-9.51416339,9.46069966
503,-3.31837627,-9.51416339,9.502356
504,-3.31837627,-9.35672323,9.46069966
505,-3.31837627,-9.35672323,9.502356
506,-2.98808207,-9.35672323,9.53893161
507,-2.98808207,-9.35672323,9.57925066
508,-2.98808207,-8.31167354,9.53893161
509,-2.98808207,-8.31167354,9.57925066
510,-1.69777391,-9.41865641,9.84454804
511,-1.69777391,-9.41865641,9.87964288
512,-1.69777391,-8.85367295,9.84454804
513,-1.69777391,-8.85367295,9.85332175
514,-1.69777391,-8.85367295,9.86209546
515,-1.69777391,-8.85367295,9.87086917
516,-1.69777391,-8.85367295,9.87964288
517,-0.07717154,-9.18946331,10.03388966
518,-0.07717154,-9.18946331,10.04185422
519,-0.07717154,-9.18946331,10.04981878
520,-0.07717154,-9.18946331,10.05778334
521,-0.07717154,-9.18946331,10.06574789
522,-4.16950259,-4.5058688,7.88532293
523,-4.16950259,-4.5058688,7.95329985
524,-3.08686165,-4.5058688,7.88532293
525,-3.08686165,-4.5058688,7.95329985
526,-4.44728734,-4.14554065,9.12632866
527,-4.44728734,-4.14554065,9.17370075
528,-3.54989089,-3.66872209,9.39519165
529,-3.54989089,-3.66872209,9.40588569
530,-3.54989089,-3.66872209,9.41657973
531,-3.54989089,-3.66872209,9.42727376
532,-3.54989089,-3.66872209,9.4379678
533,-4.24443477,-3.45316044,9.23624039
534,-4.24443477,-2.87362087,9.23624039
535,-3.54989089,-3.13311089,9.39519165
536,-3.54989089,-3.13311089,9.40588569
537,-3.54989089,-3.13311089,9.41657973
538,-3.54989089,-3.13311089,9.42727376
539,-3.54989089,-3.13311089,9.4379678
540,-3.54989089,-2.59749969,9.39519165
541,-3.54989089,-2.59749969,9.40588569
542,-3.54989089,-2.59749969,9.41657973
543,-3.54989089,-2.59749969,9.42727376
544,-3.54989089,-2.59749969,9.4379678
545,-4.24443477,-2.2940813,9.23624039
546,-4.24443477,-1.21779353,9.18995595
547,-4.24443477,-1.71454173,9.23624039
548,-3.54989089,-2.06188849,9.39519165
549,-3.54989089,-2.06188849,9.40588569
550,-3.54989089,-2.06188849,9.41657973
551,-3.54989089,-2.06188849,9.42727376
552,-3.54989089,-2.06188849,9.4379678
553,-3.54989089,-1.52627729,9.39519165
554,-3.54989089,-1.52627729,9.40588569
555,-3.54989089,-1.52627729,9.41657973
556,-3.54989089,-1.52627729,9.42727376
557,-3.54989089,-1.52627729,9.4379678
558,-4.5917067,-0.17691698,9.08467392
559,-3.89716283,-0.58423718,9.2938727
560,-3.08686165,-1.4079613,9.52417334
561,-3.08686165,-1.4079613,9.53431617
562,-3.08686165,-1.4079613,9.544459
563,-3.08686165,-1.4079613,9.55460183
564,-3.08686165,-1.4079613,9.56474466
565,-2.6238324,-1.29832464,9.64369329
566,-2.6238324,-1.29832464,9.65332536
567,-2.6238324,-1.29832464,9.66295742
568,-2.6238324,-1.29832464,9.67258948
569,-2.6238324,-1.29832464,9.68222154
570,-3.43413358,-0.51442389,9.42817861
571,-2.97110434,-0.44847907,9.55504238
572,-2.50807509,-0.38779001,9.67179519
573,-4.24443477,-1.71454173,9.90736485
574,-3.78140552,-1.58791788,10.00882903
575,-4.47594939,-1.77885722,10.54433156
576,-4.01292014,-1.65078317,10.61235127
577,-3.31837627,-1.46618625,10.10637305
578,-2.85534702,-1.35190908,10.19794378
579,-1.69777391,-2.36959768,9.84454804
580,-1.69777391,-2.36959768,9.85332175
581,-1.69777391,-2.36959768,9.86209546
582,-1.69777391,-2.36959768,9.87086917
583,-1.69777391,-2.36959768,9.87964288
584,-1.69777391,-2.05571798,9.84454804
585,-1.69777391,-2.05571798,9.85332175
586,-1.69777391,-2.05571798,9.86209546
587,-1.69777391,-2.05571798,9.87086917
588,-1.69777391,-2.05571798,9.87964288
589,-1.69777391,-1.74183829,9.84454804
590,-1.69777391,-1.74183829,9.85332175
591,-1.69777391,-1.74183829,9.86209546
592,-1.69777391,-1.74183829,9.87086917
593,-1.69777391,-1.74183829,9.87964288
594,-1.69777391,-1.42795859,9.84454804
595,-1.69777391,-1.42795859,9.85332175
596,-1.69777391,-1.42795859,9.86209546
597,-1.69777391,-1.42795859,9.87086917
598,-1.69777391,-1.42795859,9.87964288
599,-2.16080315,-1.1996727,9.75123831
600,-2.16080315,-1.1996727,9.76041077
601,-2.16080315,-1.1996727,9.76958324
602,-2.16080315,-1.1996727,9.77875571
603,-2.16080315,-1.1996727,9.78792818
604,-1.69777391,-1.11407889,9.84454804
605,-1.69777391,-1.11407889,9.85332175
606,-1.69777391,-1.11407889,9.86209546
607,-1.69777391,-1.11407889,9.87086917
608,-1.69777391,-1.11407889,9.87964288
609,-0.19292885,-2.08886497,10.02817181
610,-0.19292885,-2.08886497,10.0361608
611,-0.19292885,-2.08886497,10.04414979
612,-0.19292885,-2.08886497,10.05213878
613,-0.19292885,-2.08886497,10.06012778
614,-0.19292885,-1.80305854,10.06012778
615,-0.19292885,-1.68873597,10.02817181
616,-0.19292885,-1.51725212,10.06012778
617,-0.19292885,-1.40292955,10.02817181
618,-0.19292885,-1.23144569,10.06012778
619,-1.00323004,-0.12241108,9.95362525
620,-0.54020079,-0.96824828,10.03590197
621,-0.19292885,-1.11712312,10.02817181
622,-0.19292885,-0.8313167,10.02817181
623,-0.54020079,-0.96824828,10.50537264
624,-8.51047756,-6.49778243,11.59541781
625,-6.30645835,-9.35672323,12.15822135
626,-6.30645835,-6.03834696,12.15822135
627,-8.51047756,-3.17940616,11.59541781
628,-5.19210129,-3.17940616,11.59541781
629,-6.32806638,-2.27284834,11.10395737
630,-6.32806638,-1.66443881,11.10395737
631,-6.32806638,-0.34621818,11.10395737
632,-5.63352251,-2.09689635,11.14986142
633,-5.17049326,-1.97174558,11.18251196
634,-6.32806638,-2.27284834,11.92594024
635,-6.32806638,-0.9546277,11.92594024
636,-5.17049326,-1.78901593,11.92313472
637,-5.17049326,-0.60127315,11.92313472
638,-2.98808207,-9.35672323,12.15822135
639,-2.98808207,-6.03834696,12.15822135
640,-2.85534702,-1.35190908,11.34422086
641,-4.01292014,-1.65078317,11.92014416
642,-4.01292014,-1.32811884,11.92014416
643,-4.01292014,-0.27945978,11.92014416
644,-2.85534702,-1.21050185,11.91735941
645,-2.85534702,-0.9276874,11.91735941
646,-2.85534702,-0.00854045,11.91735941
647,-1.69777391,-1.11407889,10.89739315
648,-0.54020079,-0.96824828,11.44431398
649,-1.69777391,-1.11407889,11.91514343
650,-1.69777391,-0.86297514,11.91514343
651,-1.69777391,-0.61187138,11.91514343
652,-1.69777391,-0.61187138,12.42401856
653,-0.54020079,-0.85241844,11.91378465
654,-0.54020079,-0.62075877,11.91378465
655,-0.54020079,-0.50492893,11.91378465
656,-0.54020079,-0.50492893,12.38325532
657,-1.69777391,-0.61187138,12.9328937
658,-1.69777391,-0.61187138,13.44176884
659,-0.54020079,-0.50492893,12.85272599
660,-0.54020079,-0.50492893,13.32219666
661,-0.19292885,-0.48834899,13.28768067
662,-1.69777391,-0.61187138,13.95064398
663,-0.19292885,-0.48834899,13.76702021
664,-13.119162,0.12442368,0.0
665,-16.20602365,0.12442368,3.94266147
666,-13.119162,0.12442368,3.94266147
667,-13.119162,0.12442368,4.07861531
668,-13.119162,10.92843944,0.0
669,-13.119162,10.92843944,4.07861531
670,-1.54343082,0.12442368,0.0
671,-8.48886953,3.21128532,4.07861531
672,-6.17372329,0.12442368,3.94266147
673,-6.17372329,0.12442368,4.07861531
674,-8.48886953,6.73806546,5.39202312
675,-8.51047756,6.76609429,5.38650543
676,-8.48886953,6.76609429,5.38650543
677,-3.08686165,0.12442368,3.94266147
678,-3.08686165,0.12442368,4.07861531
679,-3.08686165,3.21128532,4.07861531
680,-1.54343082,0.12442368,3.94266147
681,-8.48886953,10.92843944,3.94266147
682,-8.48886953,10.92843944,4.07861531
683,-8.51047756,10.08447056,5.38650543
684,-8.48886953,10.08447056,5.38650543
685,-8.48886953,12.47187027,3.94266147
686,-16.20602365,0.12442368,7.95329985
687,-10.80401577,0.12442368,7.88532293
688,-10.80401577,0.12442368,7.95329985
689,-9.56927111,0.07465542,8.11182528
690,-9.56927111,0.07465542,8.12800378
691,-9.56927111,0.07465542,8.14418229
692,-9.56927111,0.07465542,8.1603608
693,-9.56927111,0.07465542,8.17653931
694,-10.80401577,5.52643156,7.88532293
695,-10.80401577,5.52643156,7.95329985
696,-9.56927111,7.31915192,8.11182528
697,-9.56927111,7.31915192,8.12800378
698,-9.56927111,7.31915192,8.14418229
699,-9.56927111,7.31915192,8.1603608
700,-9.56927111,7.31915192,8.17653931
701,-9.56927111,8.82399698,8.11182528
702,-9.56927111,8.82399698,8.12800378
703,-9.56927111,8.82399698,8.14418229
704,-9.56927111,8.82399698,8.1603608
705,-9.56927111,8.82399698,8.17653931
706,-9.56927111,10.32884203,8.11182528
707,-9.56927111,10.32884203,8.12800378
708,-9.56927111,10.32884203,8.14418229
709,-9.56927111,10.32884203,8.1603608
710,-9.56927111,10.32884203,8.17653931
711,-9.56927111,11.83368708,8.11182528
712,-9.56927111,11.83368708,8.12800378
713,-9.56927111,11.83368708,8.14418229
714,-9.56927111,11.83368708,8.1603608
715,-9.56927111,11.83368708,8.17653931
716,-9.56927111,13.33853214,8.11182528
717,-9.56927111,13.33853214,8.12800378
718,-9.56927111,13.33853214,8.14418229
719,-9.56927111,13.33853214,8.1603608
720,-9.56927111,13.33853214,8.17653931
721,-8.75896992,0.08066122,8.14456126
722,-8.75896992,0.08066122,8.16059987
723,-8.75896992,0.08066122,8.17663848
724,-8.75896992,0.08066122,8.19267709
725,-8.75896992,0.08066122,8.2087157
726,-7.94866874,0.0979665,8.23888771
727,-7.94866874,0.0979665,8.25452321
728,-7.94866874,0.0979665,8.27015872
729,-7.94866874,0.0979665,8.28579422
730,-7.94866874,0.0979665,8.30142973
731,-7.13836756,0.12528744,8.38780675
732,-7.13836756,0.12528744,8.40280585
733,-7.13836756,0.12528744,8.41780495
734,-7.13836756,0.12528744,8.43280405
735,-7.13836756,0.12528744,8.44780315
736,-8.48886953,3.21128532,7.88532293
737,-6.17372329,0.12442368,7.88532293
738,-6.32806638,0.16078976,8.58132029
739,-6.32806638,0.16078976,8.59549241
740,-6.32806638,0.16078976,8.60966453
741,-6.32806638,0.16078976,8.62383665
742,-6.32806638,0.16078976,8.63800877
743,-6.32806638,0.87060087,8.58132029
744,-6.32806638,0.87060087,8.59549241
745,-6.32806638,0.87060087,8.60966453
746,-6.32806638,0.87060087,8.62383665
747,-5.98079444,0.86774122,8.67484357
748,-6.32806638,1.58041199,8.58132029
749,-6.32806638,1.58041199,8.59549241
750,-6.32806638,1.58041199,8.60966453
751,-5.98079444,1.55753474,8.67484357
752,-6.32806638,2.2902231,8.58132029
753,-6.32806638,2.2902231,8.59549241
754,-5.98079444,2.24732826,8.67484357
755,-5.28625057,0.30709296,8.87501611
756,-4.93897864,0.94766589,8.97927646
757,-5.63352251,1.53349146,8.77313363
758,-5.63352251,2.20224711,8.77313363
759,-5.28625057,2.15551828,8.87501611
760,-6.30645835,3.90715349,7.95329985
761,-6.32806638,3.00003421,8.58132029
762,-5.98079444,2.93712178,8.67484357
763,-5.98079444,2.93712178,8.68861601
764,-5.63352251,2.87100275,8.77313363
765,-5.63352251,2.87100275,8.78648603
766,-5.63352251,2.87100275,8.79983844
767,-5.28625057,2.80246714,8.87501611
768,-5.28625057,2.80246714,8.88793312
769,-5.28625057,2.80246714,8.90085013
770,-5.28625057,2.80246714,8.91376714
771,-4.93897864,2.73233195,8.97927646
772,-4.93897864,2.73233195,8.99174791
773,-4.93897864,3.53543167,8.97927646
774,-4.93897864,3.53543167,8.99174791
775,-4.93897864,3.90715349,8.97927646
776,-6.32806638,0.87060087,9.45999163
777,-6.32806638,1.58041199,9.44581952
778,-6.32806638,2.2902231,9.4316474
779,-6.32806638,0.26219135,10.2819745
780,-6.32806638,1.58041199,10.2819745
781,-6.32806638,2.2902231,10.26780239
782,-6.32806638,3.00003421,9.41747528
783,-4.93897864,2.73233195,9.00421936
784,-4.93897864,2.73233195,9.01669081
785,-4.93897864,2.73233195,9.02916226
786,-4.93897864,3.53543167,9.00421936
787,-4.93897864,3.53543167,9.01669081
788,-4.93897864,3.53543167,9.02916226
789,-4.93897864,3.90715349,9.02916226
790,-6.32806638,3.00003421,10.25363027
791,-8.48886953,5.52643156,7.88532293
792,-8.48886953,5.52643156,7.95329985
793,-8.48886953,6.73806546,7.95329985
794,-8.51047756,7.4564705,8.18925491
795,-8.51047756,7.4564705,8.25264535
796,-8.51047756,8.01001717,8.18925491
797,-8.75896992,8.86904047,8.14456126
798,-8.51047756,8.66583212,8.17222229
799,-8.51047756,9.04370119,8.18072039
800,-8.51047756,9.35483953,8.17348804
801,-3.08686165,3.21128532,7.88532293
802,-2.98808207,3.90715349,7.95329985
803,-4.24443477,0.43803382,9.18995595
804,-3.78140552,0.454917,9.32799442
805,-4.5917067,1.54329442,9.08467392
806,-4.12867745,1.50473059,9.22480792
807,-3.31837627,0.47114788,9.46069966
808,-2.6238324,1.52729139,9.64369329
809,-3.20261896,2.38694757,10.12990345
810,-4.24443477,2.59060937,9.87265152
811,-3.31837627,2.40848201,9.46069966
812,-3.31837627,2.40848201,9.502356
813,-3.31837627,3.07909767,9.46069966
814,-3.31837627,3.07909767,9.502356
815,-3.31837627,3.74971333,9.46069966
816,-3.31837627,3.74971333,9.502356
817,-3.31837627,3.90715349,9.46069966
818,-3.31837627,3.90715349,9.502356
819,-2.98808207,3.90715349,9.53893161
820,-2.98808207,3.90715349,9.57925066
821,-3.89716283,2.52070531,9.96149406
822,-3.54989089,2.45254878,10.04752783
823,-4.24443477,2.59060937,10.55534709
824,-1.81353122,0.64230935,9.82266791
825,-1.69777391,2.15026995,9.84454804
826,-1.69777391,2.15026995,9.87964288
827,-1.58201659,2.13623339,10.40385559
828,-0.30868616,0.76919929,10.02119864
829,-1.00323004,1.42304689,9.95362525
830,-0.07717154,2.0229012,10.03388966
831,-0.07717154,2.0229012,10.06574789
832,-1.69777391,2.71525341,9.84454804
833,-1.69777391,2.71525341,9.87964288
834,-1.69777391,3.28023686,9.84454804
835,-1.69777391,3.28023686,9.87964288
836,-1.69777391,3.84522031,9.84454804
837,-1.69777391,3.84522031,9.87964288
838,-1.69777391,4.41020377,9.84454804
839,-1.69777391,4.41020377,9.85332175
840,-1.69777391,4.41020377,9.86209546
841,-1.69777391,4.41020377,9.87086917
842,-1.69777391,4.41020377,9.87964288
843,-0.07717154,2.53577925,10.03388966
844,-0.07717154,2.53577925,10.06574789
845,-0.07717154,3.04865731,10.03388966
846,-0.07717154,3.04865731,10.06574789
847,-0.07717154,3.56153536,10.03388966
848,-0.07717154,3.56153536,10.06574789
849,-0.07717154,4.07441341,10.03388966
850,-0.07717154,4.07441341,10.04185422
851,-0.07717154,4.07441341,10.04981878
852,-0.07717154,4.07441341,10.05778334
853,-0.07717154,4.07441341,10.06574789
854,-2.98808207,7.22552976,7.95329985
855,-2.98808207,4.95220318,9.53893161
856,-2.98808207,4.95220318,9.57925066
857,-4.44728734,9.11833607,9.12632866
858,-4.44728734,9.11833607,9.17370075
859,-3.54989089,9.59515463,9.39519165
860,-3.54989089,9.59515463,9.40588569
861,-3.54989089,9.59515463,9.41657973
862,-3.54989089,9.59515463,9.42727376
863,-3.54989089,9.59515463,9.4379678
864,-6.32806638,0.97200246,11.10395737
865,-6.32806638,2.2902231,11.10395737
866,-6.32806638,0.36359294,11.92594024
867,-6.32806638,1.68181357,11.92594024
868,-5.17049326,0.58646963,11.92313472
869,-5.17049326,1.77421241,11.92313472
870,-6.32806638,3.00003421,11.08978526
871,-6.32806638,3.00003421,11.92594024
872,-6.30645835,3.90715349,12.15822135
873,-5.17049326,2.6878607,11.92313472
874,-8.51047756,6.76609429,11.59541781
875,-6.30645835,7.22552976,12.15822135
876,-4.01292014,0.76919929,11.92014416
877,-4.01292014,1.57586011,11.92014416
878,-4.01292014,2.38252093,11.92014416
879,-2.85534702,0.69849567,11.91735941
880,-3.08686165,2.2932117,11.91788167
881,-2.85534702,1.4055318,11.91735941
882,-2.85534702,2.11256792,11.91735941
883,-4.24443477,2.59060937,11.23804266
884,-4.24443477,2.59060937,11.92073823
885,-2.98808207,3.90715349,12.15822135
886,-2.16080315,2.21303874,10.83358963
887,-1.81353122,2.16498856,10.87786639
888,-1.46625928,2.12289732,10.91721703
889,-2.16080315,2.21303874,11.37476529
890,-0.07717154,2.0229012,11.44361626
891,-1.69777391,0.01588802,11.91514343
892,-1.69777391,0.64364741,11.91514343
893,-1.69777391,0.01588802,12.42401856
894,-1.69777391,0.64364741,12.42401856
895,-2.16080315,2.21303874,11.91594095
896,-1.92928853,2.05208162,11.91552587
897,-1.69777391,1.2714068,11.91514343
898,-1.69777391,1.89916619,11.91514343
899,-1.69777391,1.2714068,12.42401856
900,-1.69777391,1.89916619,12.42401856
901,-1.00323004,2.0174538,11.91421114
902,-0.77171541,1.82408671,11.91397751
903,-0.77171541,1.88269157,11.91397751
904,-0.07717154,2.0229012,11.91352512
905,-0.19292885,1.79810242,12.37693555
906,-1.69777391,0.01588802,12.9328937
907,-1.69777391,0.64364741,12.9328937
908,-1.69777391,0.01588802,13.44176884
909,-1.69777391,0.64364741,13.44176884
910,-1.69777391,1.2714068,12.9328937
911,-1.69777391,1.89916619,12.9328937
912,-1.69777391,1.2714068,13.44176884
913,-1.69777391,1.89916619,13.44176884
914,-0.19292885,1.79810242,12.8402971
915,-0.19292885,1.79810242,13.30365865
916,-1.69777391,0.01588802,13.95064398
917,-1.69777391,0.64364741,13.95064398
918,-1.69777391,1.2714068,13.95064398
919,-1.69777391,1.89916619,13.95064398
920,-0.19292885,0.08326387,13.76702021
921,-0.19292885,0.65487672,13.76702021
922,-0.19292885,1.22648957,13.76702021
923,-0.19292885,1.79810242,13.76702021
924,-2.98808207,7.22552976,12.15822135
925,-8.48886953,10.08447056,7.95329985
926,-8.75896992,10.36087296,8.14456126
927,-8.51047756,10.08447056,8.17348804
928,-8.51047756,10.08447056,8.25264535
929,-8.13726206,10.08447056,8.21693373
930,-8.75896992,11.85270545,8.14456126
931,-8.06442605,10.08447056,8.28470752
932,-8.06442605,10.43652122,8.28470752
933,-7.94866874,10.45316783,8.23888771
934,-7.46220081,10.08447056,8.32619399
935,-7.17159678,10.08447056,8.38267096
936,-7.04093729,10.08447056,8.41685739
937,-8.06442605,11.8976216,8.28470752
938,-7.94866874,11.90750553,8.23888771
939,-7.25412487,11.33155786,8.42394859
940,-7.13836756,11.45742862,8.44780315
941,-7.13836756,11.99402183,8.38780675
942,-8.48886953,12.47187027,7.95329985
943,-8.75896992,12.65599986,8.2087157
944,-8.75896992,13.34453793,8.14456126
945,-8.75896992,13.34453793,8.16059987
946,-8.75896992,13.34453793,8.17663848
947,-8.75896992,13.34453793,8.19267709
948,-8.75896992,13.34453793,8.2087157
949,-7.94866874,12.01937766,8.30142973
950,-7.94866874,12.69061044,8.30142973
951,-7.13836756,12.10134047,8.44780315
952,-7.13836756,12.74525232,8.44780315
953,-7.94866874,13.36184322,8.23888771
954,-7.94866874,13.36184322,8.25452321
955,-7.94866874,13.36184322,8.27015872
956,-7.94866874,13.36184322,8.28579422
957,-7.94866874,13.36184322,8.30142973
958,-7.13836756,13.38916416,8.38780675
959,-7.13836756,13.38916416,8.40280585
960,-7.13836756,13.38916416,8.41780495
961,-7.13836756,13.38916416,8.43280405
962,-7.13836756,13.38916416,8.44780315
963,-5.19210129,10.08447056,7.95329985
964,-6.559581,10.08447056,8.5798752
965,-6.559581,10.73035446,8.5798752
966,-6.24938912,10.08447056,8.60552753
967,-5.81644129,10.08447056,8.73065122
968,-6.44382369,10.86126641,8.60860057
969,-6.44382369,11.47516504,8.55140065
970,-6.32806638,10.99102838,8.63800877
971,-6.32806638,11.59943791,8.63800877
972,-5.28213007,10.08447056,8.93211691
973,-5.25710548,10.08447056,8.9362735
974,-5.74927982,10.36408738,8.79388967
975,-5.63352251,10.49822472,8.82654324
976,-5.14144372,10.01876015,8.96973393
977,-5.13459492,10.00987624,8.97279795
978,-5.19210129,10.08447056,8.90579944
979,-5.19210129,10.08447056,8.95593686
980,-5.05473595,9.90628727,8.94433501
981,-5.05473595,9.90628727,8.9948181
982,-5.05473595,9.96949925,8.9948181
983,-5.05473595,10.05980096,8.94433501
984,-5.05473595,10.6919129,8.94433501
985,-5.74927982,11.03995371,8.73991216
986,-5.63352251,11.16698037,8.82654324
987,-6.32806638,12.20784743,8.63800877
988,-6.32806638,12.81625696,8.63800877
989,-6.32806638,13.42466648,8.58132029
990,-6.32806638,13.42466648,8.59549241
991,-6.32806638,13.42466648,8.60966453
992,-6.32806638,13.42466648,8.62383665
993,-6.32806638,13.42466648,8.63800877
994,-6.32806638,14.13447759,8.58132029
995,-6.32806638,14.13447759,8.59549241
996,-6.32806638,14.13447759,8.60966453
997,-6.32806638,14.13447759,8.62383665
998,-5.98079444,14.13161794,8.67484357
999,-5.63352251,12.88663775,8.77313363
1000,-4.93897864,12.42687656,8.97927646
1001,-5.28625057,13.57096968,8.87501611
1002,-4.93897864,14.21154261,8.97927646
1003,-6.32806638,10.99102838,9.45999163
1004,-6.32806638,11.59943791,9.45999163
1005,-4.93897864,10.10681068,9.02916226
1006,-4.93897864,10.7314438,9.02916226
1007,-4.93897864,11.35607692,9.02916226
1008,-5.63352251,11.16698037,9.60098264
1009,-4.93897864,11.35607692,9.75250642
1010,-6.32806638,10.99102838,10.2819745
1011,-6.32806638,11.59943791,10.2819745
1012,-5.63352251,11.16698037,10.37542203
1013,-4.93897864,11.35607692,10.47585059
1014,-6.32806638,12.20784743,9.45999163
1015,-6.32806638,12.81625696,9.45999163
1016,-6.32806638,14.13447759,9.45999163
1017,-6.32806638,12.20784743,10.2819745
1018,-6.32806638,13.52606807,10.2819745
1019,-6.32806638,14.84428871,8.58132029
1020,-6.32806638,14.84428871,8.59549241
1021,-6.32806638,14.84428871,8.60966453
1022,-5.98079444,14.82141146,8.67484357
1023,-6.32806638,15.55409982,8.58132029
1024,-6.32806638,15.55409982,8.59549241
1025,-5.98079444,15.51120498,8.67484357
1026,-5.98079444,16.20099849,8.67484357
1027,-5.98079444,16.20099849,8.68861601
1028,-6.32806638,16.26391093,8.58132029
1029,-5.63352251,14.79736818,8.77313363
1030,-5.63352251,15.46612382,8.77313363
1031,-5.28625057,15.419395,8.87501611
1032,-5.63352251,16.13487947,8.77313363
1033,-5.63352251,16.13487947,8.78648603
1034,-5.63352251,16.13487947,8.79983844
1035,-5.28625057,16.06634386,8.87501611
1036,-5.28625057,16.06634386,8.88793312
1037,-5.28625057,16.06634386,8.90085013
1038,-5.28625057,16.06634386,8.91376714
1039,-4.93897864,15.99620867,8.97927646
1040,-4.93897864,15.99620867,8.99174791
1041,-4.93897864,16.79930839,8.97927646
1042,-4.93897864,16.79930839,8.99174791
1043,-4.93897864,17.60240812,8.97927646
1044,-4.93897864,17.60240812,8.99174791
1045,-4.93897864,18.40550784,8.97927646
1046,-4.93897864,18.40550784,8.99174791
1047,-4.93897864,19.20860757,8.97927646
1048,-4.93897864,19.20860757,8.99174791
1049,-6.32806638,14.84428871,9.44581952
1050,-6.32806638,15.55409982,9.4316474
1051,-6.32806638,16.26391093,9.41747528
1052,-4.93897864,15.99620867,9.00421936
1053,-4.93897864,15.99620867,9.01669081
1054,-4.93897864,15.99620867,9.02916226
1055,-4.93897864,16.79930839,9.00421936
1056,-4.93897864,16.79930839,9.01669081
1057,-4.93897864,16.79930839,9.02916226
1058,-6.32806638,14.84428871,10.2819745
1059,-6.32806638,15.55409982,10.26780239
1060,-6.32806638,16.26391093,10.25363027
1061,-4.93897864,17.60240812,9.00421936
1062,-4.93897864,17.60240812,9.01669081
1063,-4.93897864,17.60240812,9.02916226
1064,-4.93897864,18.40550784,9.00421936
1065,-4.93897864,18.40550784,9.01669081
1066,-4.93897864,18.40550784,9.02916226
1067,-4.93897864,19.20860757,9.00421936
1068,-4.93897864,19.20860757,9.01669081
1069,-4.93897864,19.20860757,9.02916226
1070,-4.24443477,9.81071628,9.23624039
1071,-4.24443477,10.39025585,9.23624039
1072,-3.54989089,10.13076583,9.39519165
1073,-3.54989089,10.13076583,9.40588569
1074,-3.54989089,10.13076583,9.41657973
1075,-3.54989089,10.13076583,9.42727376
1076,-3.54989089,10.13076583,9.4379678
1077,-3.54989089,10.66637703,9.39519165
1078,-3.54989089,10.66637703,9.40588569
1079,-3.54989089,10.66637703,9.41657973
1080,-3.54989089,10.66637703,9.42727376
1081,-3.54989089,10.66637703,9.4379678
1082,-4.24443477,10.96979542,9.23624039
1083,-4.24443477,11.54933499,9.23624039
1084,-3.54989089,11.20198823,9.39519165
1085,-3.54989089,11.20198823,9.40588569
1086,-3.54989089,11.20198823,9.41657973
1087,-3.54989089,11.20198823,9.42727376
1088,-3.54989089,11.20198823,9.4379678
1089,-3.54989089,11.73759943,9.39519165
1090,-3.54989089,11.73759943,9.40588569
1091,-3.54989089,11.73759943,9.41657973
1092,-3.54989089,11.73759943,9.42727376
1093,-3.54989089,11.73759943,9.4379678
1094,-3.08686165,11.85591541,9.52417334
1095,-3.08686165,11.85591541,9.53431617
1096,-3.08686165,11.85591541,9.544459
1097,-3.08686165,11.85591541,9.55460183
1098,-3.08686165,11.85591541,9.56474466
1099,-2.6238324,11.96555208,9.64369329
1100,-2.6238324,11.96555208,9.65332536
1101,-2.6238324,11.96555208,9.66295742
1102,-2.6238324,11.96555208,9.67258948
1103,-2.6238324,11.96555208,9.68222154
1104,-4.24443477,11.54933499,9.90736485
1105,-3.78140552,11.67595884,10.00882903
1106,-4.47594939,11.4850195,10.54433156
1107,-4.01292014,11.61309355,10.61235127
1108,-3.31837627,11.79769047,10.10637305
1109,-2.85534702,11.91196764,10.19794378
1110,-4.24443477,12.04608319,9.18995595
1111,-4.5917067,13.08695974,9.08467392
1112,-3.89716283,12.67963953,9.2938727
1113,-4.24443477,13.70191054,9.18995595
1114,-3.78140552,13.71879372,9.32799442
1115,-3.43413358,12.74945283,9.42817861
1116,-2.97110434,12.81539765,9.55504238
1117,-2.50807509,12.87608671,9.67179519
1118,-3.31837627,13.7350246,9.46069966
1119,-1.69777391,10.89427904,9.84454804
1120,-1.69777391,10.89427904,9.85332175
1121,-1.69777391,10.89427904,9.86209546
1122,-1.69777391,10.89427904,9.87086917
1123,-1.69777391,10.89427904,9.87964288
1124,-1.69777391,11.20815874,9.84454804
1125,-1.69777391,11.20815874,9.85332175
1126,-1.69777391,11.20815874,9.86209546
1127,-1.69777391,11.20815874,9.87086917
1128,-1.69777391,11.20815874,9.87964288
1129,-1.69777391,11.52203843,9.84454804
1130,-1.69777391,11.52203843,9.85332175
1131,-1.69777391,11.52203843,9.86209546
1132,-1.69777391,11.52203843,9.87086917
1133,-1.69777391,11.52203843,9.87964288
1134,-1.69777391,11.83591813,9.84454804
1135,-1.69777391,11.83591813,9.85332175
1136,-1.69777391,11.83591813,9.86209546
1137,-1.69777391,11.83591813,9.87086917
1138,-1.69777391,11.83591813,9.87964288
1139,-0.19292885,11.17501175,10.02817181
1140,-0.19292885,11.17501175,10.0361608
1141,-0.19292885,11.17501175,10.04414979
1142,-0.19292885,11.17501175,10.05213878
1143,-0.19292885,11.17501175,10.06012778
1144,-0.19292885,11.46081818,10.06012778
1145,-0.19292885,11.57514075,10.02817181
1146,-0.19292885,11.7466246,10.06012778
1147,-0.19292885,11.86094717,10.02817181
1148,-2.16080315,12.06420402,9.75123831
1149,-2.16080315,12.06420402,9.76041077
1150,-2.16080315,12.06420402,9.76958324
1151,-2.16080315,12.06420402,9.77875571
1152,-2.16080315,12.06420402,9.78792818
1153,-1.69777391,12.14979783,9.84454804
1154,-1.69777391,12.14979783,9.85332175
1155,-1.69777391,12.14979783,9.86209546
1156,-1.69777391,12.14979783,9.87086917
1157,-1.69777391,12.14979783,9.87964288
1158,-1.81353122,13.90618607,9.82266791
1159,-1.00323004,13.14146564,9.95362525
1160,-0.54020079,12.29562844,10.03590197
1161,-0.19292885,12.03243103,10.06012778
1162,-0.19292885,12.1467536,10.02817181
1163,-0.19292885,12.43256002,10.02817181
1164,-0.54020079,12.29562844,10.50537264
1165,-0.30868616,14.03307601,10.02119864
1166,-4.5917067,14.80717114,9.08467392
1167,-4.12867745,14.76860731,9.22480792
1168,-4.24443477,15.85448608,9.87265152
1169,-2.6238324,14.79116811,9.64369329
1170,-3.31837627,15.67235873,9.46069966
1171,-3.31837627,15.67235873,9.502356
1172,-3.31837627,16.34297439,9.46069966
1173,-3.31837627,16.34297439,9.502356
1174,-3.89716283,15.78458203,9.96149406
1175,-3.54989089,15.71642549,10.04752783
1176,-4.24443477,15.85448608,10.55534709
1177,-3.20261896,15.65082429,10.12990345
1178,-3.31837627,17.01359005,9.46069966
1179,-3.31837627,17.01359005,9.502356
1180,-3.31837627,17.68420571,9.46069966
1181,-3.31837627,17.68420571,9.502356
1182,-3.31837627,18.35482137,9.46069966
1183,-3.31837627,18.35482137,9.47111374
1184,-3.31837627,18.35482137,9.48152783
1185,-3.31837627,18.35482137,9.49194192
1186,-3.31837627,18.35482137,9.502356
1187,-1.69777391,15.41414667,9.84454804
1188,-1.69777391,15.41414667,9.87964288
1189,-1.69777391,15.97913013,9.84454804
1190,-1.69777391,15.97913013,9.87964288
1191,-1.69777391,16.54411358,9.84454804
1192,-1.69777391,16.54411358,9.87964288
1193,-1.58201659,15.40011011,10.40385559
1194,-1.00323004,14.68692361,9.95362525
1195,-0.07717154,15.28677792,10.03388966
1196,-0.07717154,15.28677792,10.06574789
1197,-0.07717154,15.79965597,10.03388966
1198,-0.07717154,15.79965597,10.06574789
1199,-0.07717154,16.31253402,10.03388966
1200,-0.07717154,16.31253402,10.06574789
1201,-1.69777391,17.10909703,9.84454804
1202,-1.69777391,17.10909703,9.87964288
1203,-1.69777391,17.67408049,9.84454804
1204,-1.69777391,17.67408049,9.85332175
1205,-1.69777391,17.67408049,9.86209546
1206,-1.69777391,17.67408049,9.87086917
1207,-1.69777391,17.67408049,9.87964288
1208,-0.07717154,16.82541208,10.03388966
1209,-0.07717154,16.82541208,10.06574789
1210,-0.07717154,17.33829013,10.03388966
1211,-0.07717154,17.33829013,10.04185422
1212,-0.07717154,17.33829013,10.04981878
1213,-0.07717154,17.33829013,10.05778334
1214,-0.07717154,17.33829013,10.06574789
1215,-8.51047756,10.08447056,11.59541781
1216,-6.32806638,10.99102838,11.10395737
1217,-6.32806638,11.59943791,11.10395737
1218,-5.19210129,10.08447056,11.59541781
1219,-5.63352251,11.16698037,11.14986142
1220,-5.17049326,11.29213114,11.18251196
1221,-6.32806638,10.99102838,11.92594024
1222,-5.17049326,11.47486079,11.92313472
1223,-6.32806638,12.91765854,11.10395737
1224,-6.32806638,14.23587918,11.10395737
1225,-6.32806638,12.30924902,11.92594024
1226,-6.32806638,13.62746966,11.92594024
1227,-5.17049326,12.66260357,11.92313472
1228,-5.17049326,13.85034635,11.92313472
1229,-6.32806638,15.55409982,11.10395737
1230,-6.32806638,16.26391093,11.08978526
1231,-6.32806638,14.94569029,11.92594024
1232,-6.32806638,16.26391093,11.92594024
1233,-5.17049326,15.03808913,11.92313472
1234,-5.17049326,15.95173742,11.92313472
1235,-2.85534702,11.91196764,11.34422086
1236,-4.01292014,11.61309355,11.92014416
1237,-4.01292014,11.93575788,11.92014416
1238,-4.01292014,12.98441694,11.92014416
1239,-4.01292014,14.03307601,11.92014416
1240,-2.85534702,12.05337487,11.91735941
1241,-2.85534702,12.33618932,11.91735941
1242,-2.85534702,13.25533627,11.91735941
1243,-2.85534702,13.96237239,11.91735941
1244,-1.69777391,12.14979783,10.89739315
1245,-0.54020079,12.29562844,11.44431398
1246,-1.69777391,12.14979783,11.91514343
1247,-1.69777391,12.40090158,11.91514343
1248,-1.69777391,12.65200534,11.91514343
1249,-1.69777391,12.65200534,12.42401856
1250,-1.69777391,13.27976473,11.91514343
1251,-1.69777391,13.90752413,11.91514343
1252,-1.69777391,13.27976473,12.42401856
1253,-1.69777391,13.90752413,12.42401856
1254,-0.54020079,12.41145828,11.91378465
1255,-0.54020079,12.64311795,11.91378465
1256,-0.54020079,12.75894779,11.91378465
1257,-0.54020079,12.75894779,12.38325532
1258,-1.69777391,12.65200534,12.9328937
1259,-1.69777391,12.65200534,13.44176884
1260,-1.69777391,13.27976473,12.9328937
1261,-1.69777391,13.90752413,12.9328937
1262,-1.69777391,13.27976473,13.44176884
1263,-1.69777391,13.90752413,13.44176884
1264,-0.54020079,12.75894779,12.85272599
1265,-0.54020079,12.75894779,13.32219666
1266,-0.19292885,12.77552773,13.28768067
1267,-1.69777391,12.65200534,13.95064398
1268,-1.69777391,13.27976473,13.95064398
1269,-1.69777391,13.90752413,13.95064398
1270,-0.19292885,12.77552773,13.76702021
1271,-0.19292885,13.34714059,13.76702021
1272,-0.19292885,13.91875344,13.76702021
1273,-4.24443477,15.85448608,11.23804266
1274,-4.01292014,14.83973683,11.92014416
1275,-4.24443477,15.85448608,11.92073823
1276,-4.01292014,15.64639765,11.92014416
1277,-3.08686165,15.55708842,11.91788167
1278,-2.85534702,14.66940852,11.91735941
1279,-2.85534702,15.37644464,11.91735941
1280,-2.16080315,15.47691546,10.83358963
1281,-1.81353122,15.42886528,10.87786639
1282,-1.46625928,15.38677404,10.91721703
1283,-2.16080315,15.47691546,11.37476529
1284,-0.07717154,15.28677792,11.44361626
1285,-2.16080315,15.47691546,11.91594095
1286,-1.92928853,15.31595834,11.91552587
1287,-1.69777391,14.53528352,11.91514343
1288,-1.69777391,15.16304291,11.91514343
1289,-1.69777391,14.53528352,12.42401856
1290,-1.69777391,15.16304291,12.42401856
1291,-1.00323004,15.28133052,11.91421114
1292,-0.77171541,15.08796343,11.91397751
1293,-0.77171541,15.14656829,11.91397751
1294,-0.07717154,15.28677792,11.91352512
1295,-0.19292885,15.06197914,12.37693555
1296,-1.69777391,14.53528352,12.9328937
1297,-1.69777391,15.16304291,12.9328937
1298,-1.69777391,14.53528352,13.44176884
1299,-1.69777391,15.16304291,13.44176884
1300,-0.19292885,15.06197914,12.8402971
1301,-0.19292885,15.06197914,13.30365865
1302,-1.69777391,14.53528352,13.95064398
1303,-1.69777391,15.16304291,13.95064398
1304,-0.19292885,14.49036629,13.76702021
1305,-0.19292885,15.06197914,13.76702021
1306,1.54343082,-12.22302291,0.0
1307,1.54343082,-12.22302291,4.07861531
1308,1.54343082,-6.82101503,0.0
1309,1.54343082,-8.36444585,3.94266147
1310,1.54343082,-8.36444585,4.07861531
1311,1.54343082,-6.82101503,3.94266147
1312,6.94543871,-8.36444585,3.94266147
1313,6.94543871,-6.82101503,3.94266147
1314,6.94543871,-6.82101503,4.07861531
1315,6.94543871,-2.96243797,4.07861531
1316,18.52116988,-6.82101503,0.0
1317,18.52116988,-6.82101503,4.07861531
1318,16.97773906,-2.96243797,4.07861531
1319,0.96464426,-14.49532241,10.06012778
1320,1.3119162,-15.39042338,10.00352468
1321,1.3119162,-15.39042338,10.01161901
1322,1.3119162,-15.39042338,10.01971333
1323,1.3119162,-15.39042338,10.02780765
1324,1.3119162,-15.39042338,10.03590197
1325,1.3119162,-15.10084878,10.03590197
1326,1.3119162,-14.98501894,10.00352468
1327,1.3119162,-14.81127419,10.03590197
1328,1.3119162,-14.57961451,10.00352468
1329,2.12221738,-14.62821381,9.93807528
1330,2.81676125,-15.73830089,9.77598234
1331,2.81676125,-15.73830089,9.78504906
1332,2.81676125,-15.73830089,9.79411579
1333,2.81676125,-15.73830089,9.80318251
1334,2.81676125,-15.73830089,9.81224924
1335,2.81676125,-15.41393854,9.81224924
1336,2.81676125,-15.28419361,9.77598234
1337,2.46948932,-15.00571501,9.87964288
1338,2.81676125,-14.83008632,9.77598234
1339,2.93251857,-14.46354942,9.78792818
1340,3.2797905,-14.87671422,9.70984307
1341,4.32160631,-16.32047172,9.39519165
1342,4.32160631,-16.32047172,9.40588569
1343,4.32160631,-16.32047172,9.41657973
1344,4.32160631,-16.32047172,9.42727376
1345,4.32160631,-16.32047172,9.4379678
1346,4.32160631,-15.78486052,9.39519165
1347,4.32160631,-15.78486052,9.40588569
1348,4.32160631,-15.78486052,9.41657973
1349,4.32160631,-15.78486052,9.42727376
1350,4.32160631,-15.78486052,9.4379678
1351,3.97433437,-15.80370801,9.53382108
1352,4.32160631,-15.24924932,9.39519165
1353,4.32160631,-15.24924932,9.40588569
1354,4.32160631,-15.24924932,9.41657973
1355,4.32160631,-15.24924932,9.42727376
1356,4.32160631,-15.24924932,9.4379678
1357,4.32160631,-14.71363812,9.39519165
1358,4.32160631,-14.71363812,9.40588569
1359,4.32160631,-14.71363812,9.41657973
1360,4.32160631,-14.71363812,9.42727376
1361,4.32160631,-14.71363812,9.4379678
1362,3.62706244,-15.32282192,9.62480524
1363,3.97433437,-15.28896992,9.53382108
1364,3.62706244,-14.82789663,9.62480524
1365,3.97433437,-14.77423183,9.53382108
1366,2.93251857,-14.46354942,10.31993137
1367,0.50161502,-13.23170322,10.04344455
1368,0.61737233,-14.19726143,10.07325866
1369,0.61737233,-14.19726143,10.53330895
1370,1.3119162,-14.29003992,10.00352468
1371,1.3119162,-14.00046532,10.00352468
1372,1.77494545,-14.27789817,9.98685552
1373,1.77494545,-14.27789817,10.46869443
1374,1.3119162,-12.49467743,10.00352468
1375,2.00646007,-13.15927574,9.92166207
1376,2.23797469,-11.81782841,9.88523917
1377,0.61737233,-11.87039663,10.04153106
1378,0.03858577,-11.24397239,10.53096684
1379,1.54343082,-11.20537058,9.98096069
1380,1.54343082,-11.20537058,9.98915144
1381,1.54343082,-11.20537058,9.99734219
1382,1.54343082,-11.20537058,10.00553294
1383,1.65918814,-11.19657197,9.967881
1384,1.65918814,-11.19657197,9.97612765
1385,1.65918814,-11.19657197,9.98437429
1386,1.65918814,-11.19657197,9.99262094
1387,1.54343082,-11.20537058,10.01372369
1388,1.77494545,-11.18698223,9.95362525
1389,1.77494545,-11.18698223,9.96193282
1390,1.77494545,-11.18698223,9.97024039
1391,1.89070276,-11.17661397,9.93821219
1392,1.89070276,-11.17661397,9.94658562
1393,2.00646007,-11.16548082,9.92166207
1394,1.65918814,-11.19657197,10.47917301
1395,1.77494545,-11.18698223,10.46038686
1396,1.89070276,-11.17661397,10.4406183
1397,2.00646007,-11.16548082,10.41986764
1398,1.54343082,-10.67792687,9.98096069
1399,1.54343082,-10.67792687,9.98915144
1400,1.54343082,-10.67792687,9.99734219
1401,1.54343082,-10.67792687,10.00553294
1402,1.54343082,-10.67792687,10.01372369
1403,1.54343082,-10.15048315,9.98096069
1404,1.54343082,-10.15048315,9.98915144
1405,1.54343082,-10.15048315,9.99734219
1406,1.54343082,-10.15048315,10.00553294
1407,1.54343082,-10.15048315,10.01372369
1408,1.54343082,-9.62303944,9.98096069
1409,1.54343082,-9.62303944,9.98915144
1410,1.54343082,-9.62303944,9.99734219
1411,1.54343082,-9.62303944,10.00553294
1412,1.54343082,-9.62303944,10.01372369
1413,2.00646007,-10.80297266,9.92166207
1414,2.00646007,-10.44046449,9.92166207
1415,2.00646007,-10.07795632,9.92166207
1416,2.00646007,-9.71544816,9.92166207
1417,2.00646007,-10.80297266,10.41986764
1418,2.00646007,-10.44046449,10.41986764
1419,2.00646007,-10.07795632,10.41986764
1420,2.00646007,-9.71544816,10.41986764
1421,2.81676125,-14.37597904,9.77598234
1422,2.81676125,-14.05161669,9.77598234
1423,2.93251857,-14.00414595,9.78792818
1424,3.2797905,-14.40030686,9.70984307
1425,3.2797905,-13.92389951,9.70984307
1426,2.93251857,-13.54474249,9.78792818
1427,3.2797905,-13.44749215,9.70984307
1428,2.93251857,-13.08533903,9.78792818
1429,2.93251857,-12.62593556,9.78792818
1430,3.2797905,-12.97108479,9.70984307
1431,3.2797905,-12.63079382,9.70984307
1432,2.93251857,-12.49467743,9.75123831
1433,3.04827588,-12.49467743,9.7256031
1434,3.16403319,-12.49467743,9.69911044
1435,4.32160631,-14.17802692,9.39519165
1436,4.32160631,-14.17802692,9.40588569
1437,4.32160631,-14.17802692,9.41657973
1438,4.32160631,-14.17802692,9.42727376
1439,4.32160631,-14.17802692,9.4379678
1440,4.32160631,-13.79544749,9.4379678
1441,4.32160631,-13.41286806,9.4379678
1442,3.62706244,-14.33297135,9.62480524
1443,3.62706244,-13.83804606,9.62480524
1444,3.97433437,-14.25949374,9.53382108
1445,3.74281975,-13.28258696,9.55504238
1446,3.62706244,-13.27241717,9.58527844
1447,3.62706244,-13.34312078,9.62480524
1448,3.97433437,-13.74475565,9.53382108
1449,3.97433437,-13.37708559,9.53382108
1450,4.32160631,-13.03028863,9.4379678
1451,4.32160631,-12.6477092,9.4379678
1452,3.62706244,-12.98960272,9.62480524
1453,3.62706244,-12.63608466,9.62480524
1454,3.97433437,-13.00941552,9.53382108
1455,3.97433437,-12.64174546,9.53382108
1456,2.93251857,-14.33229128,10.30158643
1457,2.93251857,-14.00414595,10.30158643
1458,2.93251857,-13.54474249,10.30158643
1459,2.93251857,-13.08533903,10.30158643
1460,2.93251857,-12.62593556,10.30158643
1461,3.2797905,-12.63079382,10.24251335
1462,3.2797905,-12.63079382,10.77518363
1463,3.97433437,-12.64174546,10.10934889
1464,3.62706244,-12.63608466,10.17818038
1465,4.32160631,-12.6477092,10.0368338
1466,3.62706244,-12.63608466,10.73155553
1467,3.97433437,-12.64174546,10.6848767
1468,4.32160631,-12.6477092,10.6356998
1469,2.35373201,-11.81116038,9.86541427
1470,2.58524663,-11.7967828,9.82266791
1471,2.46948932,-11.8041421,9.84454804
1472,3.39554781,-10.77174082,9.64369329
1473,3.39554781,-10.35823604,9.64369329
1474,3.39554781,-9.94473125,9.64369329
1475,4.09009168,-11.67503607,9.46069966
1476,4.09009168,-10.63185615,9.46069966
1477,5.82645136,-14.48131496,8.94433501
1478,5.82645136,-14.48131496,8.95695578
1479,5.82645136,-14.48131496,8.96957656
1480,5.82645136,-14.48131496,8.98219733
1481,5.82645136,-14.48131496,8.9948181
1482,7.33129641,-14.7652985,8.52217571
1483,7.33129641,-14.7652985,8.53660058
1484,7.33129641,-14.7652985,8.55102545
1485,7.33129641,-14.7652985,8.56545033
1486,7.33129641,-14.7652985,8.5798752
1487,8.83614147,-14.96730885,8.22187468
1488,8.83614147,-14.96730885,8.23758289
1489,8.83614147,-14.96730885,8.2532911
1490,8.83614147,-14.96730885,8.26899931
1491,8.83614147,-14.96730885,8.28470752
1492,5.94220867,-13.59105538,8.96064365
1493,6.63675254,-14.15310528,8.7616721
1494,6.75250985,-13.57863868,8.67484357
1495,5.94220867,-13.13423124,8.96064365
1496,5.94220867,-12.67740709,8.96064365
1497,6.17372329,-12.49467743,8.84073042
1498,6.75250985,-13.18447095,8.72993335
1499,6.75250985,-12.69176129,8.72993335
1500,6.17372329,-11.18610279,8.84073042
1501,6.17372329,-9.87752814,8.84073042
1502,7.44705372,-13.74365208,8.55187107
1503,7.56281104,-12.70453501,8.52462572
1504,8.1415976,-14.34383267,8.40102537
1505,8.25735491,-13.6987045,8.31787286
1506,8.25735491,-13.26087647,8.37906471
1507,8.95189878,-13.84920837,8.26910929
1508,8.25735491,-12.16630641,8.31787286
1509,8.95189878,-12.26892228,8.26910929
1510,7.56281104,-11.76017591,8.52462572
1511,7.56281104,-10.81581681,8.52462572
1512,7.56281104,-9.87145771,8.52462572
1513,8.25735491,-11.72847839,8.37906471
1514,8.25735491,-10.63390833,8.31787286
1515,8.25735491,-10.74336534,8.37906471
1516,8.25735491,-9.75825229,8.37906471
1517,8.95189878,-10.68863618,8.26910929
1518,8.95189878,-9.67273798,8.26910929
1519,5.13190749,-13.92032594,9.20183493
1520,5.13190749,-13.50101756,9.20183493
1521,5.2476648,-13.42896482,9.11984267
1522,5.13190749,-13.08170917,9.20183493
1523,5.13190749,-12.66240079,9.20183493
1524,4.66887824,-12.49467743,9.2938727
1525,5.13190749,-12.66240079,9.88163555
1526,5.94220867,-12.67740709,9.70126642
1527,6.75250985,-12.69176129,9.52873524
1528,5.13190749,-12.66240079,10.53799477
1529,6.75250985,-12.69176129,10.32753713
1530,5.94220867,-12.67740709,10.44188919
1531,4.78463555,-10.23602714,9.25946208
1532,4.78463555,-9.75203065,9.25946208
1533,5.47917942,-10.05626058,9.04949232
1534,7.56281104,-12.70453501,9.37520083
1535,7.56281104,-12.70453501,10.22577595
1536,7.56281104,-11.76017591,9.37520083
1537,7.56281104,-10.81581681,9.37520083
1538,7.56281104,-9.87145771,9.37520083
1539,7.56281104,-11.76017591,10.22577595
1540,7.56281104,-10.81581681,10.22577595
1541,7.56281104,-10.50103044,10.21111086
1542,7.56281104,-10.18624407,10.19644577
1543,2.93251857,-14.46354942,10.85193456
1544,2.93251857,-14.46354942,11.38393775
1545,2.93251857,-14.46354942,11.91594095
1546,0.61737233,-14.19726143,10.99335924
1547,1.77494545,-14.27789817,10.95053333
1548,1.77494545,-14.27789817,11.43237224
1549,0.61737233,-14.19726143,11.91345981
1550,0.61737233,-13.97025023,11.91345981
1551,0.61737233,-13.85674463,11.91345981
1552,0.61737233,-13.74323903,11.91345981
1553,0.61737233,-13.74323903,12.3735101
1554,1.77494545,-14.15901678,11.91421114
1555,1.77494545,-14.0401354,11.91421114
1556,1.77494545,-13.92125402,11.91421114
1557,1.77494545,-13.80237264,11.91421114
1558,2.12221738,-13.83575744,12.39173602
1559,1.77494545,-13.80237264,12.39605005
1560,0.15434308,-11.24611583,10.99335924
1561,0.27010039,-11.24740302,11.45386745
1562,1.77494545,-11.18698223,10.95053333
1563,1.89070276,-11.17661397,10.93465097
1564,2.00646007,-11.16548082,10.9180732
1565,2.00646007,-11.16548082,11.41627877
1566,1.89070276,-11.17661397,11.42868364
1567,2.00646007,-10.80297266,10.9180732
1568,2.00646007,-10.44046449,10.9180732
1569,2.00646007,-10.07795632,10.9180732
1570,2.00646007,-9.71544816,10.9180732
1571,2.00646007,-10.80297266,11.41627877
1572,2.00646007,-10.44046449,11.41627877
1573,2.00646007,-10.07795632,11.41627877
1574,2.00646007,-9.71544816,11.41627877
1575,0.15434308,-11.47312703,11.91345981
1576,0.15434308,-11.41637423,11.91345981
1577,0.15434308,-11.35962143,11.91345981
1578,1.08040158,-11.46193637,11.91363359
1579,1.08040158,-11.40456187,11.91363359
1580,1.08040158,-11.34718737,11.91363359
1581,1.08040158,-11.28981286,11.91363359
1582,0.73312964,-11.47137331,12.37432711
1583,2.00646007,-11.40715293,11.91448433
1584,2.00646007,-11.34673491,11.91448433
1585,2.00646007,-11.28631688,11.91448433
1586,2.00646007,-11.22589885,11.91448433
1587,2.00646007,-11.16548082,11.91448433
1588,1.65918814,-11.43259114,12.39239473
1589,2.00646007,-10.80297266,11.91448433
1590,2.00646007,-10.44046449,11.91448433
1591,2.00646007,-10.07795632,11.91448433
1592,2.00646007,-9.71544816,11.91448433
1593,2.93251857,-14.33229128,10.83358963
1594,2.93251857,-14.20103315,10.81524469
1595,2.93251857,-13.87288782,10.81524469
1596,2.93251857,-13.54474249,10.81524469
1597,2.93251857,-14.20103315,11.34724788
1598,2.93251857,-14.33229128,11.36559282
1599,2.93251857,-14.06977502,11.32890294
1600,2.93251857,-13.74162969,11.32890294
1601,2.93251857,-13.41348436,11.32890294
1602,2.93251857,-13.08533903,10.81524469
1603,2.93251857,-12.62593556,10.81524469
1604,2.93251857,-13.08533903,11.32890294
1605,2.93251857,-12.62593556,11.32890294
1606,3.2797905,-12.63079382,11.30785391
1607,4.32160631,-12.6477092,11.23456579
1608,3.62706244,-12.63608466,11.28493067
1609,3.97433437,-12.64174546,11.26040451
1610,2.93251857,-14.33229128,11.89759601
1611,2.93251857,-14.33229128,11.91594095
1612,2.93251857,-14.20103315,11.87925107
1613,2.93251857,-14.20103315,11.89759601
1614,2.93251857,-14.20103315,11.91594095
1615,2.93251857,-14.06977502,11.86090613
1616,2.93251857,-14.06977502,11.87925107
1617,2.93251857,-14.06977502,11.89759601
1618,2.93251857,-14.06977502,11.91594095
1619,2.93251857,-13.93851689,11.84256119
1620,2.93251857,-13.93851689,11.86090613
1621,2.93251857,-13.93851689,11.87925107
1622,2.93251857,-13.93851689,11.89759601
1623,2.93251857,-13.93851689,11.91594095
1624,3.2797905,-13.9919577,11.84052419
1625,3.2797905,-13.9919577,11.85954813
1626,3.2797905,-13.9919577,11.87857207
1627,3.2797905,-13.9919577,11.89759601
1628,2.93251857,-13.61037156,11.84256119
1629,2.93251857,-13.28222623,11.84256119
1630,3.2797905,-13.65166673,11.84052419
1631,3.2797905,-13.31137576,11.84052419
1632,2.46948932,-13.8757481,12.38892373
1633,2.81676125,-13.92187175,12.38719916
1634,2.93251857,-12.9540809,11.84256119
1635,2.93251857,-12.62593556,11.84256119
1636,3.2797905,-12.97108479,11.84052419
1637,3.2797905,-12.63079382,11.84052419
1638,3.62706244,-14.0501569,11.83830581
1639,3.62706244,-14.0501569,11.85806921
1640,3.62706244,-14.0501569,11.87783261
1641,3.97433437,-14.11242571,11.83593231
1642,3.97433437,-14.11242571,11.85648688
1643,3.62706244,-13.69663884,11.83830581
1644,3.62706244,-13.34312078,11.83830581
1645,3.97433437,-13.74475565,11.83593231
1646,3.97433437,-13.37708559,11.83593231
1647,4.32160631,-14.17802692,11.83343179
1648,4.32160631,-13.79544749,11.83343179
1649,4.32160631,-13.79544749,11.85481987
1650,4.32160631,-13.41286806,11.83343179
1651,4.32160631,-13.41286806,11.85481987
1652,4.32160631,-13.41286806,11.87620794
1653,4.32160631,-14.17802692,12.47507394
1654,4.32160631,-13.79544749,12.49646201
1655,4.32160631,-13.41286806,12.51785008
1656,3.62706244,-12.98960272,11.83830581
1657,3.62706244,-12.63608466,11.83830581
1658,3.97433437,-13.00941552,11.83593231
1659,3.97433437,-12.64174546,11.83593231
1660,4.32160631,-13.03028863,11.83343179
1661,4.32160631,-13.03028863,11.85481987
1662,4.32160631,-13.03028863,11.87620794
1663,4.32160631,-13.03028863,11.89759601
1664,4.32160631,-12.6477092,11.83343179
1665,4.32160631,-12.6477092,11.85481987
1666,4.32160631,-12.6477092,11.87620794
1667,4.32160631,-12.6477092,11.89759601
1668,4.32160631,-12.6477092,11.91898408
1669,4.32160631,-12.26512977,11.91898408
1670,4.32160631,-13.03028863,12.53923815
1671,4.32160631,-12.6477092,12.53923815
1672,4.32160631,-12.26512977,12.53923815
1673,2.58524663,-11.35266803,11.91533044
1674,2.58524663,-11.28922306,11.91533044
1675,2.58524663,-11.22577809,11.91533044
1676,2.58524663,-11.16233313,11.91533044
1677,3.16403319,-11.28466385,11.91638648
1678,3.16403319,-11.21744087,11.91638648
1679,3.16403319,-11.15021789,11.91638648
1680,2.58524663,-11.35266803,12.42962885
1681,3.16403319,-11.28466385,12.46131026
1682,2.58524663,-10.78166332,11.91533044
1683,2.58524663,-10.40099352,11.91533044
1684,2.58524663,-10.02032372,11.91533044
1685,3.16403319,-10.74688003,11.91638648
1686,3.16403319,-10.34354217,11.91638648
1687,3.39554781,-10.15148364,11.91686013
1688,3.74281975,-11.20537094,11.91761783
1689,3.74281975,-11.1337428,11.91761783
1690,4.32160631,-11.88255035,11.91898408
1691,4.32160631,-11.49997092,11.91898408
1692,4.32160631,-11.11739149,11.91898408
1693,4.55312093,-10.92326599,11.91955841
1694,3.74281975,-11.20537094,12.49825078
1695,4.32160631,-11.88255035,12.53923815
1696,4.32160631,-11.11739149,12.53923815
1697,3.74281975,-10.70397397,11.91761783
1698,3.97433437,-10.50925909,11.91815057
1699,0.96464426,-13.7522257,12.82431912
1700,0.61737233,-13.74323903,12.83356038
1701,1.3119162,-13.76880565,12.8203487
1702,1.3119162,-13.76880565,13.30600802
1703,1.3119162,-13.76880565,13.79166733
1704,1.3119162,-13.18965646,13.79166733
1705,1.3119162,-12.61050727,13.79166733
1706,1.3119162,-12.03135808,13.79166733
1707,1.3119162,-11.45220889,12.85272599
1708,2.23797469,-11.38710631,12.91237424
1709,1.3119162,-11.45220889,13.32219666
1710,1.3119162,-11.45220889,13.79166733
1711,2.81676125,-13.92187175,12.93120267
1712,2.81676125,-13.92187175,13.47520617
1713,4.32160631,-14.17802692,13.11671608
1714,4.32160631,-13.79544749,13.13810415
1715,4.32160631,-13.41286806,13.15949222
1716,4.32160631,-13.03028863,13.15949222
1717,4.32160631,-12.6477092,13.15949222
1718,2.81676125,-13.92187175,14.01920968
1719,2.81676125,-13.27314706,14.01920968
1720,2.81676125,-12.62442237,14.01920968
1721,4.32160631,-14.17802692,13.75835822
1722,4.32160631,-13.79544749,13.77974629
1723,4.32160631,-13.41286806,13.77974629
1724,4.32160631,-14.17802692,14.40000036
1725,4.32160631,-13.41286806,14.40000036
1726,4.32160631,-12.6477092,13.77974629
1727,4.32160631,-12.6477092,14.40000036
1728,3.16403319,-11.28466385,13.00623403
1729,2.81676125,-11.32697299,13.49333962
1730,3.74281975,-11.20537094,13.07888373
1731,4.32160631,-11.88255035,13.15949222
1732,4.32160631,-11.11739149,13.15949222
1733,2.81676125,-11.97569768,14.01920968
1734,2.81676125,-11.32697299,14.01920968
1735,3.74281975,-11.20537094,13.65951668
1736,4.32160631,-11.88255035,13.77974629
1737,4.32160631,-11.11739149,13.77974629
1738,4.32160631,-11.88255035,14.40000036
1739,4.32160631,-11.11739149,14.40000036
1740,5.13190749,-12.66240079,11.19435399
1741,5.94220867,-12.67740709,11.15697324
1742,6.75250985,-12.69176129,11.12633901
1743,5.13190749,-12.66240079,11.85071321
1744,5.13190749,-12.66240079,11.87415461
1745,5.13190749,-12.66240079,11.89759601
1746,5.13190749,-12.66240079,11.92103741
1747,5.13190749,-12.2430924,11.92103741
1748,5.94220867,-12.67740709,11.87205729
1749,5.94220867,-12.67740709,11.89759601
1750,5.94220867,-12.67740709,11.92313472
1751,5.94220867,-12.22058295,11.92313472
1752,6.75250985,-12.69176129,11.89759601
1753,6.75250985,-12.69176129,11.9251409
1754,6.75250985,-12.19905164,11.9251409
1755,5.13190749,-11.82378402,11.92103741
1756,5.13190749,-11.40447563,11.92103741
1757,5.36342211,-11.20451888,11.92163808
1758,4.78463555,-10.72002363,11.92014416
1759,4.78463555,-9.75203065,11.92014416
1760,5.94220867,-11.7637588,11.92313472
1761,6.17372329,-11.55998126,11.92372306
1762,6.17372329,-10.43834585,11.92372306
1763,7.56281104,-12.70453501,11.07635107
1764,7.56281104,-12.70453501,11.92692618
1765,7.56281104,-11.76017591,11.07635107
1766,7.56281104,-11.44538954,11.06168598
1767,7.56281104,-10.18624407,11.06168598
1768,7.56281104,-11.44538954,11.92692618
1769,7.56281104,-10.18624407,11.92692618
1770,1.54343082,-9.09559573,9.98096069
1771,1.54343082,-9.09559573,9.98915144
1772,1.54343082,-9.09559573,9.99734219
1773,1.54343082,-9.09559573,10.00553294
1774,1.54343082,-9.09559573,10.01372369
1775,3.39554781,-9.53122647,9.64369329
1776,3.39554781,-9.32447407,9.64369329
1777,3.39554781,-9.32447407,10.211985
1778,3.39554781,-9.32447407,10.78027671
1779,0.96464426,-1.23144569,10.06012778
1780,0.61737233,-0.93338471,10.07325866
1781,0.61737233,-0.93338471,10.53330895
1782,1.3119162,-2.12654666,10.00352468
1783,1.3119162,-2.12654666,10.01161901
1784,1.3119162,-2.12654666,10.01971333
1785,1.3119162,-2.12654666,10.02780765
1786,1.3119162,-2.12654666,10.03590197
1787,1.3119162,-1.83697206,10.03590197
1788,1.3119162,-1.72114222,10.00352468
1789,1.3119162,-1.54739747,10.03590197
1790,1.3119162,-1.31573779,10.00352468
1791,2.12221738,-1.36433709,9.93807528
1792,1.3119162,-1.0261632,10.00352468
1793,1.3119162,-0.7365886,10.00352468
1794,1.77494545,-1.01402145,9.98685552
1795,1.77494545,-1.01402145,10.46869443
1796,2.81676125,-2.47442417,9.77598234
1797,2.81676125,-2.47442417,9.78504906
1798,2.81676125,-2.47442417,9.79411579
1799,2.81676125,-2.47442417,9.80318251
1800,2.81676125,-2.47442417,9.81224924
1801,4.32160631,-3.056595,9.39519165
1802,4.32160631,-3.056595,9.40588569
1803,4.32160631,-3.056595,9.41657973
1804,4.32160631,-3.056595,9.42727376
1805,4.32160631,-3.056595,9.4379678
1806,4.32160631,-2.5209838,9.39519165
1807,4.32160631,-2.5209838,9.40588569
1808,4.32160631,-2.5209838,9.41657973
1809,4.32160631,-2.5209838,9.42727376
1810,4.32160631,-2.5209838,9.4379678
1811,3.97433437,-2.53983129,9.53382108
1812,2.81676125,-2.15006183,9.81224924
1813,2.81676125,-2.02031689,9.77598234
1814,2.46948932,-1.74183829,9.87964288
1815,2.81676125,-1.5662096,9.77598234
1816,3.2797905,-1.6128375,9.70984307
1817,2.81676125,-1.11210232,9.77598234
1818,2.81676125,-0.78773997,9.77598234
1819,2.93251857,-1.1996727,9.78792818
1820,2.93251857,-0.74026923,9.78792818
1821,3.2797905,-1.13643014,9.70984307
1822,3.2797905,-0.66002279,9.70984307
1823,2.93251857,-0.28086577,9.78792818
1824,3.2797905,-0.18361543,9.70984307
1825,4.32160631,-1.9853726,9.39519165
1826,4.32160631,-1.9853726,9.40588569
1827,4.32160631,-1.9853726,9.41657973
1828,4.32160631,-1.9853726,9.42727376
1829,4.32160631,-1.9853726,9.4379678
1830,4.32160631,-1.4497614,9.39519165
1831,4.32160631,-1.4497614,9.40588569
1832,4.32160631,-1.4497614,9.41657973
1833,4.32160631,-1.4497614,9.42727376
1834,4.32160631,-1.4497614,9.4379678
1835,3.62706244,-2.0589452,9.62480524
1836,3.97433437,-2.0250932,9.53382108
1837,3.62706244,-1.56401991,9.62480524
1838,3.97433437,-1.51035511,9.53382108
1839,4.32160631,-0.9141502,9.39519165
1840,4.32160631,-0.9141502,9.40588569
1841,4.32160631,-0.9141502,9.41657973
1842,4.32160631,-0.9141502,9.42727376
1843,4.32160631,-0.9141502,9.4379678
1844,4.32160631,-0.53157077,9.4379678
1845,4.32160631,-0.14899134,9.4379678
1846,3.62706244,-1.06909463,9.62480524
1847,3.97433437,-0.99561702,9.53382108
1848,3.62706244,-0.57416934,9.62480524
1849,3.74281975,-0.01871024,9.55504238
1850,3.62706244,-0.00854045,9.58527844
1851,3.62706244,-0.07924406,9.62480524
1852,3.97433437,-0.48087893,9.53382108
1853,3.97433437,-0.11320887,9.53382108
1854,2.93251857,-1.1996727,10.31993137
1855,2.93251857,-1.06841457,10.30158643
1856,2.93251857,-0.74026923,10.30158643
1857,2.93251857,-0.28086577,10.30158643
1858,6.94543871,-8.36444585,7.95329985
1859,6.17372329,-9.59711929,8.84073042
1860,6.17372329,-9.03630158,8.84073042
1861,6.17372329,-8.75589273,8.84073042
1862,6.17372329,-8.47548388,8.84073042
1863,6.86826717,-9.40977211,8.64308292
1864,6.17372329,-8.19507502,8.84073042
1865,7.56281104,-9.24188497,8.46596537
1866,7.56281104,-8.92709861,8.46596537
1867,7.56281104,-8.92709861,8.48063045
1868,7.56281104,-8.92709861,8.49529554
1869,7.56281104,-8.92709861,8.50996063
1870,7.56281104,-8.92709861,8.52462572
1871,7.56281104,-8.61231224,8.46596537
1872,7.56281104,-8.61231224,8.48063045
1873,7.56281104,-8.61231224,8.49529554
1874,7.56281104,-8.61231224,8.50996063
1875,7.56281104,-8.29752587,8.46596537
1876,7.56281104,-8.29752587,8.48063045
1877,7.56281104,-8.29752587,8.49529554
1878,7.56281104,-7.98273951,8.46596537
1879,7.56281104,-7.98273951,8.48063045
1880,7.56281104,-7.66795314,8.46596537
1881,8.25735491,-9.10151025,8.31787286
1882,8.25735491,-8.77313924,8.31787286
1883,8.25735491,-8.77313924,8.33317082
1884,8.25735491,-8.77313924,8.34846878
1885,8.25735491,-8.77313924,8.36376674
1886,8.25735491,-8.77313924,8.37906471
1887,8.95189878,-8.65683978,8.20600517
1888,8.95189878,-8.65683978,8.2217812
1889,8.95189878,-8.65683978,8.23755723
1890,8.95189878,-8.65683978,8.25333326
1891,8.95189878,-8.65683978,8.26910929
1892,4.78463555,-9.26803415,9.25946208
1893,4.78463555,-9.02603591,9.25946208
1894,4.78463555,-8.78403766,9.25946208
1895,6.17372329,-8.19507502,9.61147858
1896,4.78463555,-8.78403766,9.9246326
1897,4.78463555,-8.78403766,10.58980312
1898,6.17372329,-8.19507502,10.38222674
1899,7.56281104,-9.55667134,9.36053575
1900,7.56281104,-9.24188497,9.34587066
1901,7.56281104,-8.92709861,9.33120557
1902,7.56281104,-7.66795314,9.33120557
1903,7.56281104,-8.92709861,10.19644577
1904,7.56281104,-7.66795314,10.19644577
1905,6.94543871,-2.96243797,7.95329985
1906,5.82645136,-1.21743824,8.94433501
1907,5.82645136,-1.21743824,8.95695578
1908,5.82645136,-1.21743824,8.96957656
1909,5.82645136,-1.21743824,8.98219733
1910,5.82645136,-1.21743824,8.9948181
1911,5.94220867,-0.32717866,8.96064365
1912,6.63675254,-0.88922856,8.7616721
1913,6.75250985,-0.31476196,8.67484357
1914,7.33129641,-1.50142178,8.52217571
1915,7.33129641,-1.50142178,8.53660058
1916,7.33129641,-1.50142178,8.55102545
1917,7.33129641,-1.50142178,8.56545033
1918,7.33129641,-1.50142178,8.5798752
1919,7.44705372,-0.47977536,8.55187107
1920,8.83614147,-1.70343213,8.22187468
1921,8.83614147,-1.70343213,8.23758289
1922,8.83614147,-1.70343213,8.2532911
1923,8.83614147,-1.70343213,8.26899931
1924,8.83614147,-1.70343213,8.28470752
1925,8.1415976,-1.07995595,8.40102537
1926,8.25735491,-0.43482778,8.31787286
1927,8.95189878,-0.58533165,8.26910929
1928,5.13190749,-0.65644922,9.20183493
1929,5.13190749,-0.23714084,9.20183493
1930,5.2476648,-0.1650881,9.11984267
1931,3.39554781,-9.32447407,11.34856842
1932,3.39554781,-9.32447407,11.91686013
1933,0.61737233,-0.93338471,10.99335924
1934,1.77494545,-1.01402145,10.95053333
1935,1.77494545,-1.01402145,11.43237224
1936,0.61737233,-0.93338471,11.91345981
1937,0.61737233,-0.70637351,11.91345981
1938,0.61737233,-0.59286791,11.91345981
1939,0.61737233,-0.47936231,11.91345981
1940,0.61737233,-0.47936231,12.3735101
1941,1.77494545,-0.89514006,11.91421114
1942,1.77494545,-0.77625868,11.91421114
1943,1.77494545,-0.6573773,11.91421114
1944,1.77494545,-0.53849592,11.91421114
1945,1.77494545,-0.53849592,12.39605005
1946,2.12221738,-0.57188072,12.39173602
1947,2.93251857,-1.1996727,10.85193456
1948,2.93251857,-1.06841457,10.83358963
1949,2.93251857,-0.93715643,10.81524469
1950,2.93251857,-0.6090111,10.81524469
1951,2.93251857,-0.28086577,10.81524469
1952,2.93251857,-0.93715643,11.34724788
1953,2.93251857,-1.1996727,11.38393775
1954,2.93251857,-1.06841457,11.36559282
1955,2.93251857,-0.8058983,11.32890294
1956,2.93251857,-0.47775297,11.32890294
1957,2.93251857,-0.14960764,11.32890294
1958,2.93251857,-1.1996727,11.91594095
1959,2.93251857,-1.06841457,11.89759601
1960,2.93251857,-1.06841457,11.91594095
1961,2.93251857,-0.93715643,11.87925107
1962,2.93251857,-0.93715643,11.89759601
1963,2.93251857,-0.93715643,11.91594095
1964,2.93251857,-0.8058983,11.86090613
1965,2.93251857,-0.8058983,11.87925107
1966,2.93251857,-0.8058983,11.89759601
1967,2.93251857,-0.8058983,11.91594095
1968,2.93251857,-0.67464017,11.84256119
1969,2.93251857,-0.67464017,11.86090613
1970,2.93251857,-0.67464017,11.87925107
1971,2.93251857,-0.67464017,11.89759601
1972,2.93251857,-0.67464017,11.91594095
1973,3.2797905,-0.72808098,11.84052419
1974,3.2797905,-0.72808098,11.85954813
1975,3.2797905,-0.72808098,11.87857207
1976,3.2797905,-0.72808098,11.89759601
1977,2.93251857,-0.34649484,11.84256119
1978,2.93251857,-0.01834951,11.84256119
1979,3.2797905,-0.38779001,11.84052419
1980,3.2797905,-0.04749904,11.84052419
1981,2.46948932,-0.61187138,12.38892373
1982,2.81676125,-0.65799503,12.38719916
1983,3.62706244,-0.78628018,11.83830581
1984,3.62706244,-0.78628018,11.85806921
1985,3.62706244,-0.78628018,11.87783261
1986,3.97433437,-0.848549,11.83593231
1987,3.97433437,-0.848549,11.85648688
1988,3.62706244,-0.43276212,11.83830581
1989,3.62706244,-0.07924406,11.83830581
1990,3.97433437,-0.48087893,11.83593231
1991,3.97433437,-0.11320887,11.83593231
1992,4.32160631,-0.9141502,11.83343179
1993,4.32160631,-0.53157077,11.83343179
1994,4.32160631,-0.53157077,11.85481987
1995,4.32160631,-0.14899134,11.83343179
1996,4.32160631,-0.14899134,11.85481987
1997,4.32160631,-0.14899134,11.87620794
1998,4.32160631,-0.9141502,12.47507394
1999,4.32160631,-0.53157077,12.49646201
2000,4.32160631,-0.14899134,12.51785008
2001,0.96464426,-0.48834899,12.82431912
2002,0.61737233,-0.47936231,12.83356038
2003,1.3119162,-0.50492893,12.8203487
2004,1.3119162,-0.50492893,13.30600802
2005,1.3119162,-0.50492893,13.79166733
2006,2.81676125,-0.65799503,12.93120267
2007,2.81676125,-0.65799503,13.47520617
2008,4.32160631,-0.9141502,13.11671608
2009,4.32160631,-0.53157077,13.13810415
2010,4.32160631,-0.14899134,13.15949222
2011,2.81676125,-0.65799503,14.01920968
2012,2.81676125,-0.00927034,14.01920968
2013,4.32160631,-0.9141502,13.75835822
2014,4.32160631,-0.53157077,13.77974629
2015,4.32160631,-0.14899134,13.77974629
2016,4.32160631,-0.9141502,14.40000036
2017,4.32160631,-0.14899134,14.40000036
2018,4.78463555,-8.78403766,11.25497364
2019,6.17372329,-8.19507502,11.1529749
2020,4.78463555,-8.78403766,11.92014416
2021,6.17372329,-9.31671043,11.92372306
2022,6.17372329,-8.19507502,11.92372306
2023,7.56281104,-8.92709861,11.06168598
2024,7.56281104,-7.66795314,11.06168598
2025,7.56281104,-8.92709861,11.92692618
2026,7.56281104,-7.66795314,11.92692618
2027,9.64644265,-14.44999328,8.2002861
2028,10.34098652,-15.04133829,8.11182528
2029,10.34098652,-15.04133829,8.12800378
2030,10.34098652,-15.04133829,8.14418229
2031,10.34098652,-15.04133829,8.1603608
2032,10.34098652,-15.04133829,8.17653931
2033,10.34098652,-13.42073593,8.11182528
2034,10.34098652,-13.42073593,8.12800378
2035,10.34098652,-13.42073593,8.14418229
2036,10.34098652,-13.42073593,8.1603608
2037,10.34098652,-13.42073593,8.17653931
2038,9.64644265,-12.83973317,8.2002861
2039,9.64644265,-11.22947306,8.2002861
2040,10.34098652,-11.80013356,8.11182528
2041,10.34098652,-11.80013356,8.12800378
2042,10.34098652,-11.80013356,8.14418229
2043,10.34098652,-11.80013356,8.1603608
2044,10.34098652,-11.80013356,8.17653931
2045,9.64644265,-9.61921294,8.2002861
2046,10.34098652,-10.1795312,8.11182528
2047,10.34098652,-10.1795312,8.12800378
2048,10.34098652,-10.1795312,8.14418229
2049,10.34098652,-10.1795312,8.1603608
2050,10.34098652,-10.1795312,8.17653931
2051,9.64644265,-8.58404573,8.13598505
2052,9.64644265,-8.58404573,8.15206032
2053,9.64644265,-8.58404573,8.16813558
2054,9.64644265,-8.58404573,8.18421084
2055,9.64644265,-8.58404573,8.2002861
2056,10.34098652,-8.55892883,8.11182528
2057,10.34098652,-8.55892883,8.12800378
2058,10.34098652,-8.55892883,8.14418229
2059,10.34098652,-8.55892883,8.1603608
2060,10.34098652,-8.55892883,8.17653931
2061,10.34098652,-1.77746157,8.11182528
2062,10.34098652,-1.77746157,8.12800378
2063,10.34098652,-1.77746157,8.14418229
2064,10.34098652,-1.77746157,8.1603608
2065,10.34098652,-1.77746157,8.17653931
2066,9.64644265,-1.18611656,8.2002861
2067,10.34098652,-0.15685921,8.11182528
2068,10.34098652,-0.15685921,8.12800378
2069,10.34098652,-0.15685921,8.14418229
2070,10.34098652,-0.15685921,8.1603608
2071,10.34098652,-0.15685921,8.17653931
2072,16.97773906,-2.96243797,7.95329985
2073,1.76392094,3.98300074,0.0
2074,5.622498,0.12442368,0.0
2075,2.31514624,5.52643156,4.07861531
2076,6.94543871,5.52643156,4.07861531
2077,6.94543871,7.84157779,4.07861531
2078,2.31514624,10.92843944,3.94266147
2079,2.31514624,10.92843944,4.07861531
2080,2.31514624,12.47187027,3.94266147
2081,10.03230035,3.98300074,0.0
2082,18.52116988,3.98300074,0.0
2083,10.03230035,3.98300074,3.94266147
2084,10.03230035,7.84157779,3.94266147
2085,10.03230035,7.84157779,4.07861531
2086,16.97773906,3.98300074,3.94266147
2087,16.97773906,3.98300074,4.07861531
2088,18.52116988,3.98300074,4.07861531
2089,16.97773906,7.84157779,3.94266147
2090,10.03230035,10.92843944,0.0
2091,10.03230035,10.92843944,4.07861531
2092,2.23797469,1.4460483,9.88523917
2093,0.50161502,0.0321735,10.04344455
2094,0.61737233,1.39348009,10.04153106
2095,0.03858577,2.01990433,10.53096684
2096,1.3119162,0.76919929,10.00352468
2097,2.00646007,0.10460098,9.92166207
2098,1.54343082,2.05850614,9.98096069
2099,1.54343082,2.05850614,9.98915144
2100,1.54343082,2.05850614,9.99734219
2101,1.54343082,2.05850614,10.00553294
2102,1.65918814,2.06730475,9.967881
2103,1.65918814,2.06730475,9.97612765
2104,1.65918814,2.06730475,9.98437429
2105,1.65918814,2.06730475,9.99262094
2106,1.54343082,2.05850614,10.01372369
2107,1.77494545,2.07689449,9.95362525
2108,1.77494545,2.07689449,9.96193282
2109,1.77494545,2.07689449,9.97024039
2110,1.89070276,2.08726275,9.93821219
2111,1.89070276,2.08726275,9.94658562
2112,2.00646007,2.0983959,9.92166207
2113,1.65918814,2.06730475,10.47917301
2114,1.77494545,2.07689449,10.46038686
2115,1.89070276,2.08726275,10.4406183
2116,2.00646007,2.0983959,10.41986764
2117,1.54343082,2.58594985,9.98096069
2118,1.54343082,2.58594985,9.98915144
2119,1.54343082,2.58594985,9.99734219
2120,1.54343082,2.58594985,10.00553294
2121,1.54343082,2.58594985,10.01372369
2122,1.54343082,3.11339357,9.98096069
2123,1.54343082,3.11339357,9.98915144
2124,1.54343082,3.11339357,9.99734219
2125,1.54343082,3.11339357,10.00553294
2126,1.54343082,3.11339357,10.01372369
2127,2.00646007,2.46090406,9.92166207
2128,2.00646007,2.82341223,9.92166207
2129,2.00646007,3.1859204,9.92166207
2130,2.00646007,3.54842856,9.92166207
2131,2.00646007,2.46090406,10.41986764
2132,2.00646007,2.82341223,10.41986764
2133,2.00646007,3.1859204,10.41986764
2134,2.00646007,3.54842856,10.41986764
2135,1.54343082,3.64083728,9.98096069
2136,1.54343082,3.64083728,9.98915144
2137,1.54343082,3.64083728,9.99734219
2138,1.54343082,3.64083728,10.00553294
2139,1.54343082,3.64083728,10.01372369
2140,1.54343082,4.16828099,9.98096069
2141,1.54343082,4.16828099,9.98915144
2142,1.54343082,4.16828099,9.99734219
2143,1.54343082,4.16828099,10.00553294
2144,1.54343082,4.16828099,10.01372369
2145,2.93251857,0.17853769,9.78792818
2146,3.2797905,0.29279193,9.70984307
2147,2.93251857,0.76919929,9.75123831
2148,3.04827588,0.76919929,9.7256031
2149,3.16403319,0.76919929,9.69911044
2150,2.93251857,0.63794115,9.78792818
2151,3.2797905,0.6330829,9.70984307
2152,2.35373201,1.45271634,9.86541427
2153,2.58524663,1.46709392,9.82266791
2154,2.46948932,1.45973462,9.84454804
2155,4.32160631,0.23358809,9.4379678
2156,4.32160631,0.61616752,9.4379678
2157,3.62706244,0.274274,9.62480524
2158,3.97433437,0.2544612,9.53382108
2159,3.62706244,0.62779206,9.62480524
2160,3.97433437,0.62213126,9.53382108
2161,4.09009168,1.58884065,9.46069966
2162,2.93251857,0.17853769,10.30158643
2163,2.93251857,0.63794115,10.30158643
2164,3.2797905,0.6330829,10.24251335
2165,3.2797905,0.6330829,10.77518363
2166,3.97433437,0.62213126,10.10934889
2167,3.62706244,0.62779206,10.17818038
2168,4.32160631,0.61616752,10.0368338
2169,3.62706244,0.62779206,10.73155553
2170,3.97433437,0.62213126,10.6848767
2171,4.32160631,0.61616752,10.6356998
2172,3.39554781,2.4921359,9.64369329
2173,3.39554781,2.90564068,9.64369329
2174,3.39554781,3.31914547,9.64369329
2175,3.39554781,3.73265025,9.64369329
2176,3.39554781,3.93940265,9.64369329
2177,4.09009168,2.63202057,9.46069966
2178,3.39554781,3.93940265,10.211985
2179,3.39554781,3.93940265,10.78027671
2180,2.31514624,5.52643156,7.88532293
2181,2.31514624,5.52643156,7.95329985
2182,3.08686165,5.52643156,7.88532293
2183,3.08686165,5.52643156,7.95329985
2184,5.94220867,0.12964548,8.96064365
2185,5.94220867,0.58646963,8.96064365
2186,6.17372329,0.76919929,8.84073042
2187,6.75250985,0.07940577,8.72993335
2188,6.75250985,0.57211542,8.72993335
2189,6.17372329,2.07777393,8.84073042
2190,6.17372329,3.38634858,8.84073042
2191,6.17372329,3.66675743,8.84073042
2192,6.17372329,4.22757514,8.84073042
2193,6.17372329,4.50798399,8.84073042
2194,6.17372329,4.78839284,8.84073042
2195,6.86826717,3.8541046,8.64308292
2196,7.56281104,0.55934171,8.52462572
2197,7.56281104,1.50370081,8.52462572
2198,8.25735491,0.00300025,8.37906471
2199,8.25735491,1.0975703,8.31787286
2200,8.95189878,0.99495444,8.26910929
2201,8.25735491,1.53539833,8.37906471
2202,7.56281104,2.44805991,8.52462572
2203,7.56281104,3.39241901,8.52462572
2204,7.56281104,4.02199175,8.46596537
2205,7.56281104,4.33677811,8.46596537
2206,7.56281104,4.33677811,8.48063045
2207,7.56281104,4.33677811,8.49529554
2208,7.56281104,4.33677811,8.50996063
2209,7.56281104,4.33677811,8.52462572
2210,7.56281104,4.65156448,8.46596537
2211,7.56281104,4.65156448,8.48063045
2212,7.56281104,4.65156448,8.49529554
2213,7.56281104,4.65156448,8.50996063
2214,8.25735491,2.62996839,8.31787286
2215,8.25735491,2.52051138,8.37906471
2216,8.25735491,3.50562443,8.37906471
2217,8.95189878,2.57524054,8.26910929
2218,8.95189878,3.59113874,8.26910929
2219,8.25735491,4.16236647,8.31787286
2220,8.25735491,4.49073748,8.31787286
2221,8.25735491,4.49073748,8.33317082
2222,8.25735491,4.49073748,8.34846878
2223,8.25735491,4.49073748,8.36376674
2224,8.25735491,4.49073748,8.37906471
2225,8.95189878,4.60703694,8.20600517
2226,8.95189878,4.60703694,8.2217812
2227,8.95189878,4.60703694,8.23755723
2228,8.95189878,4.60703694,8.25333326
2229,8.95189878,4.60703694,8.26910929
2230,5.13190749,0.18216755,9.20183493
2231,5.13190749,0.60147593,9.20183493
2232,4.66887824,0.76919929,9.2938727
2233,5.13190749,0.60147593,9.88163555
2234,5.94220867,0.58646963,9.70126642
2235,6.75250985,0.57211542,9.52873524
2236,5.13190749,0.60147593,10.53799477
2237,6.75250985,0.57211542,10.32753713
2238,5.94220867,0.58646963,10.44188919
2239,4.78463555,3.02784958,9.25946208
2240,4.78463555,3.51184607,9.25946208
2241,5.47917942,3.20761614,9.04949232
2242,4.78463555,3.99584257,9.25946208
2243,4.78463555,4.23784081,9.25946208
2244,4.78463555,4.47983906,9.25946208
2245,4.78463555,4.47983906,9.9246326
2246,4.78463555,4.47983906,10.58980312
2247,7.56281104,0.55934171,9.37520083
2248,7.56281104,1.50370081,9.37520083
2249,7.56281104,0.55934171,10.22577595
2250,7.56281104,1.50370081,10.22577595
2251,7.56281104,2.44805991,9.37520083
2252,7.56281104,3.39241901,9.37520083
2253,7.56281104,3.70720538,9.36053575
2254,7.56281104,4.02199175,9.34587066
2255,7.56281104,4.33677811,9.33120557
2256,7.56281104,2.44805991,10.22577595
2257,7.56281104,2.76284628,10.21111086
2258,7.56281104,3.07763264,10.19644577
2259,7.56281104,4.33677811,10.19644577
2260,6.94543871,5.52643156,7.88532293
2261,6.17372329,5.0688017,8.84073042
2262,6.94543871,7.84157779,7.88532293
2263,7.56281104,4.96635085,8.46596537
2264,7.56281104,4.96635085,8.48063045
2265,7.56281104,4.96635085,8.49529554
2266,7.56281104,5.28113721,8.46596537
2267,7.56281104,5.28113721,8.48063045
2268,7.56281104,5.59592358,8.46596537
2269,6.17372329,5.0688017,9.61147858
2270,6.17372329,5.0688017,10.38222674
2271,7.56281104,5.59592358,9.33120557
2272,7.56281104,5.59592358,10.19644577
2273,0.15434308,2.01776089,10.99335924
2274,0.27010039,2.0164737,11.45386745
2275,1.77494545,2.07689449,10.95053333
2276,1.89070276,2.08726275,10.93465097
2277,2.00646007,2.0983959,10.9180732
2278,2.00646007,2.0983959,11.41627877
2279,1.89070276,2.08726275,11.42868364
2280,0.15434308,1.79074969,11.91345981
2281,0.15434308,1.84750249,11.91345981
2282,0.15434308,1.90425529,11.91345981
2283,1.08040158,1.80194035,11.91363359
2284,1.08040158,1.85931485,11.91363359
2285,1.08040158,1.91668935,11.91363359
2286,1.08040158,1.97406386,11.91363359
2287,0.73312964,1.79250341,12.37432711
2288,2.00646007,1.85672379,11.91448433
2289,2.00646007,1.91714181,11.91448433
2290,2.00646007,1.97755984,11.91448433
2291,2.00646007,2.03797787,11.91448433
2292,2.00646007,2.0983959,11.91448433
2293,1.65918814,1.83128558,12.39239473
2294,2.00646007,2.46090406,10.9180732
2295,2.00646007,2.82341223,10.9180732
2296,2.00646007,3.1859204,10.9180732
2297,2.00646007,3.54842856,10.9180732
2298,2.00646007,2.46090406,11.41627877
2299,2.00646007,2.82341223,11.41627877
2300,2.00646007,3.1859204,11.41627877
2301,2.00646007,3.54842856,11.41627877
2302,2.00646007,2.46090406,11.91448433
2303,2.00646007,2.82341223,11.91448433
2304,2.00646007,3.1859204,11.91448433
2305,2.00646007,3.54842856,11.91448433
2306,2.93251857,0.17853769,10.81524469
2307,2.93251857,0.63794115,10.81524469
2308,2.93251857,0.17853769,11.32890294
2309,2.93251857,0.63794115,11.32890294
2310,3.2797905,0.6330829,11.30785391
2311,4.32160631,0.61616752,11.23456579
2312,3.62706244,0.62779206,11.28493067
2313,3.97433437,0.62213126,11.26040451
2314,2.93251857,0.30979582,11.84256119
2315,3.2797905,0.29279193,11.84052419
2316,2.93251857,0.63794115,11.84256119
2317,3.2797905,0.6330829,11.84052419
2318,2.58524663,1.91120869,11.91533044
2319,2.58524663,1.97465366,11.91533044
2320,2.58524663,2.03809863,11.91533044
2321,2.58524663,2.10154359,11.91533044
2322,3.16403319,1.97921287,11.91638648
2323,3.16403319,2.04643585,11.91638648
2324,3.16403319,2.11365883,11.91638648
2325,2.58524663,1.91120869,12.42962885
2326,3.16403319,1.97921287,12.46131026
2327,3.62706244,0.274274,11.83830581
2328,3.97433437,0.2544612,11.83593231
2329,3.62706244,0.62779206,11.83830581
2330,3.97433437,0.62213126,11.83593231
2331,4.32160631,0.23358809,11.83343179
2332,4.32160631,0.23358809,11.85481987
2333,4.32160631,0.23358809,11.87620794
2334,4.32160631,0.23358809,11.89759601
2335,4.32160631,0.61616752,11.83343179
2336,4.32160631,0.61616752,11.85481987
2337,4.32160631,0.61616752,11.87620794
2338,4.32160631,0.61616752,11.89759601
2339,4.32160631,0.61616752,11.91898408
2340,4.32160631,0.99874694,11.91898408
2341,4.32160631,0.23358809,12.53923815
2342,4.32160631,0.61616752,12.53923815
2343,4.32160631,0.99874694,12.53923815
2344,3.74281975,2.05850578,11.91761783
2345,3.74281975,2.13013392,11.91761783
2346,4.32160631,1.38132637,11.91898408
2347,4.32160631,1.7639058,11.91898408
2348,4.32160631,2.14648523,11.91898408
2349,4.55312093,2.34061073,11.91955841
2350,3.74281975,2.05850578,12.49825078
2351,4.32160631,1.38132637,12.53923815
2352,4.32160631,2.14648523,12.53923815
2353,3.39554781,3.93940265,11.34856842
2354,2.58524663,2.4822134,11.91533044
2355,2.58524663,2.8628832,11.91533044
2356,2.58524663,3.243553,11.91533044
2357,3.16403319,2.51699669,11.91638648
2358,3.16403319,2.92033455,11.91638648
2359,3.39554781,3.11239307,11.91686013
2360,3.39554781,3.93940265,11.91686013
2361,3.74281975,2.55990275,11.91761783
2362,3.97433437,2.75461763,11.91815057
2363,1.3119162,1.81166783,12.85272599
2364,2.23797469,1.87677041,12.91237424
2365,1.3119162,1.81166783,13.32219666
2366,1.3119162,0.07422026,13.79166733
2367,1.3119162,0.65336945,13.79166733
2368,1.3119162,1.23251864,13.79166733
2369,1.3119162,1.81166783,13.79166733
2370,3.16403319,1.97921287,13.00623403
2371,2.81676125,1.93690373,13.49333962
2372,4.32160631,0.23358809,13.15949222
2373,4.32160631,0.61616752,13.15949222
2374,3.74281975,2.05850578,13.07888373
2375,4.32160631,1.38132637,13.15949222
2376,4.32160631,2.14648523,13.15949222
2377,2.81676125,0.63945435,14.01920968
2378,2.81676125,1.28817904,14.01920968
2379,2.81676125,1.93690373,14.01920968
2380,4.32160631,0.61616752,13.77974629
2381,4.32160631,0.61616752,14.40000036
2382,3.74281975,2.05850578,13.65951668
2383,4.32160631,1.38132637,13.77974629
2384,4.32160631,2.14648523,13.77974629
2385,4.32160631,1.38132637,14.40000036
2386,4.32160631,2.14648523,14.40000036
2387,5.13190749,0.60147593,11.19435399
2388,5.94220867,0.58646963,11.15697324
2389,6.75250985,0.57211542,11.12633901
2390,5.13190749,0.60147593,11.85071321
2391,5.13190749,0.60147593,11.87415461
2392,5.13190749,0.60147593,11.89759601
2393,5.13190749,0.60147593,11.92103741
2394,5.13190749,1.02078432,11.92103741
2395,5.13190749,1.4400927,11.92103741
2396,5.13190749,1.85940109,11.92103741
2397,5.36342211,2.05935784,11.92163808
2398,5.94220867,0.58646963,11.87205729
2399,5.94220867,0.58646963,11.89759601
2400,5.94220867,0.58646963,11.92313472
2401,5.94220867,1.04329377,11.92313472
2402,6.75250985,0.57211542,11.89759601
2403,6.75250985,0.57211542,11.9251409
2404,6.75250985,1.06482508,11.9251409
2405,5.94220867,1.50011792,11.92313472
2406,6.17372329,1.70389546,11.92372306
2407,4.78463555,4.47983906,11.25497364
2408,4.78463555,2.54385309,11.92014416
2409,4.78463555,3.51184607,11.92014416
2410,4.78463555,4.47983906,11.92014416
2411,6.17372329,2.82553087,11.92372306
2412,6.17372329,3.94716629,11.92372306
2413,7.56281104,0.55934171,11.07635107
2414,7.56281104,1.50370081,11.07635107
2415,7.56281104,1.81848718,11.06168598
2416,7.56281104,0.55934171,11.92692618
2417,7.56281104,1.81848718,11.92692618
2418,7.56281104,3.07763264,11.06168598
2419,7.56281104,4.33677811,11.06168598
2420,7.56281104,3.07763264,11.92692618
2421,7.56281104,4.33677811,11.92692618
2422,6.17372329,5.0688017,11.1529749
2423,6.17372329,5.0688017,11.92372306
2424,7.56281104,5.59592358,11.06168598
2425,7.56281104,5.59592358,11.92692618
2426,3.08686165,10.15672403,7.88532293
2427,3.08686165,10.15672403,7.95329985
2428,2.31514624,12.47187027,7.95329985
2429,1.3119162,11.13733006,10.00352468
2430,1.3119162,11.13733006,10.01161901
2431,1.3119162,11.13733006,10.01971333
2432,1.3119162,11.13733006,10.02780765
2433,1.3119162,11.13733006,10.03590197
2434,1.3119162,11.5427345,10.00352468
2435,1.3119162,11.42690466,10.03590197
2436,1.3119162,11.94813893,10.00352468
2437,1.3119162,11.71647925,10.03590197
2438,2.12221738,11.89953963,9.93807528
2439,0.61737233,12.33049201,10.07325866
2440,0.96464426,12.03243103,10.06012778
2441,0.61737233,12.33049201,10.53330895
2442,0.50161502,13.29605022,10.04344455
2443,1.3119162,12.23771352,10.00352468
2444,1.3119162,12.52728812,10.00352468
2445,1.77494545,12.24985527,9.98685552
2446,1.77494545,12.24985527,10.46869443
2447,1.3119162,14.03307601,10.00352468
2448,2.00646007,13.3684777,9.92166207
2449,2.81676125,10.78945255,9.77598234
2450,2.81676125,10.78945255,9.78504906
2451,2.81676125,10.78945255,9.79411579
2452,2.81676125,10.78945255,9.80318251
2453,2.81676125,10.78945255,9.81224924
2454,2.81676125,11.24355983,9.77598234
2455,2.81676125,11.11381489,9.81224924
2456,2.46948932,11.52203843,9.87964288
2457,2.81676125,11.69766712,9.77598234
2458,3.2797905,11.65103922,9.70984307
2459,4.32160631,10.20728171,9.39519165
2460,4.32160631,10.20728171,9.40588569
2461,4.32160631,10.20728171,9.41657973
2462,4.32160631,10.20728171,9.42727376
2463,4.32160631,10.20728171,9.4379678
2464,4.32160631,10.74289292,9.39519165
2465,4.32160631,10.74289292,9.40588569
2466,4.32160631,10.74289292,9.41657973
2467,4.32160631,10.74289292,9.42727376
2468,4.32160631,10.74289292,9.4379678
2469,3.97433437,10.72404543,9.53382108
2470,4.32160631,11.27850412,9.39519165
2471,4.32160631,11.27850412,9.40588569
2472,4.32160631,11.27850412,9.41657973
2473,4.32160631,11.27850412,9.42727376
2474,4.32160631,11.27850412,9.4379678
2475,4.32160631,11.81411532,9.39519165
2476,4.32160631,11.81411532,9.40588569
2477,4.32160631,11.81411532,9.41657973
2478,4.32160631,11.81411532,9.42727376
2479,4.32160631,11.81411532,9.4379678
2480,3.62706244,11.20493152,9.62480524
2481,3.97433437,11.23878352,9.53382108
2482,3.62706244,11.69985681,9.62480524
2483,3.97433437,11.75352161,9.53382108
2484,2.81676125,12.1517744,9.77598234
2485,2.81676125,12.47613675,9.77598234
2486,2.93251857,12.06420402,9.78792818
2487,2.93251857,12.52360748,9.78792818
2488,3.2797905,12.12744658,9.70984307
2489,3.2797905,12.60385393,9.70984307
2490,2.93251857,12.98301095,9.78792818
2491,3.2797905,13.08026129,9.70984307
2492,2.93251857,13.44241441,9.78792818
2493,3.2797905,13.55666865,9.70984307
2494,2.93251857,14.03307601,9.75123831
2495,3.04827588,14.03307601,9.7256031
2496,3.16403319,14.03307601,9.69911044
2497,2.93251857,13.90181787,9.78792818
2498,3.2797905,13.89695962,9.70984307
2499,4.32160631,12.34972652,9.39519165
2500,4.32160631,12.34972652,9.40588569
2501,4.32160631,12.34972652,9.41657973
2502,4.32160631,12.34972652,9.42727376
2503,4.32160631,12.34972652,9.4379678
2504,4.32160631,12.73230595,9.4379678
2505,4.32160631,13.11488538,9.4379678
2506,3.62706244,12.19478209,9.62480524
2507,3.97433437,12.2682597,9.53382108
2508,3.62706244,12.68970738,9.62480524
2509,3.62706244,13.18463266,9.62480524
2510,3.97433437,12.78299779,9.53382108
2511,3.97433437,13.15066785,9.53382108
2512,4.32160631,13.49746481,9.4379678
2513,4.32160631,13.88004423,9.4379678
2514,3.74281975,13.24516648,9.55504238
2515,3.62706244,13.25533627,9.58527844
2516,3.62706244,13.53815072,9.62480524
2517,3.97433437,13.51833792,9.53382108
2518,3.62706244,13.89166878,9.62480524
2519,3.97433437,13.88600798,9.53382108
2520,2.93251857,12.06420402,10.31993137
2521,2.93251857,12.19546215,10.30158643
2522,2.93251857,12.52360748,10.30158643
2523,2.93251857,12.98301095,10.30158643
2524,2.93251857,13.44241441,10.30158643
2525,2.93251857,13.90181787,10.30158643
2526,3.2797905,13.89695962,10.24251335
2527,3.2797905,13.89695962,10.77518363
2528,3.97433437,13.88600798,10.10934889
2529,3.62706244,13.89166878,10.17818038
2530,4.32160631,13.88004423,10.0368338
2531,3.62706244,13.89166878,10.73155553
2532,3.97433437,13.88600798,10.6848767
2533,4.32160631,13.88004423,10.6356998
2534,2.23797469,14.70992502,9.88523917
2535,0.61737233,14.65735681,10.04153106
2536,0.03858577,15.28378105,10.53096684
2537,1.54343082,15.32238286,9.98096069
2538,1.54343082,15.32238286,9.98915144
2539,1.54343082,15.32238286,9.99734219
2540,1.54343082,15.32238286,10.00553294
2541,1.65918814,15.33118147,9.967881
2542,1.65918814,15.33118147,9.97612765
2543,1.65918814,15.33118147,9.98437429
2544,1.65918814,15.33118147,9.99262094
2545,1.54343082,15.32238286,10.01372369
2546,1.77494545,15.34077121,9.95362525
2547,1.77494545,15.34077121,9.96193282
2548,1.77494545,15.34077121,9.97024039
2549,1.89070276,15.35113947,9.93821219
2550,1.89070276,15.35113947,9.94658562
2551,2.00646007,15.36227262,9.92166207
2552,1.65918814,15.33118147,10.47917301
2553,1.77494545,15.34077121,10.46038686
2554,1.89070276,15.35113947,10.4406183
2555,2.00646007,15.36227262,10.41986764
2556,1.54343082,15.84982657,9.98096069
2557,1.54343082,15.84982657,9.98915144
2558,1.54343082,15.84982657,9.99734219
2559,1.54343082,15.84982657,10.00553294
2560,1.54343082,15.84982657,10.01372369
2561,1.54343082,16.37727029,9.98096069
2562,1.54343082,16.37727029,9.98915144
2563,1.54343082,16.37727029,9.99734219
2564,1.54343082,16.37727029,10.00553294
2565,1.54343082,16.37727029,10.01372369
2566,2.00646007,15.72478078,9.92166207
2567,2.00646007,16.08728895,9.92166207
2568,2.00646007,16.44979712,9.92166207
2569,2.00646007,15.72478078,10.41986764
2570,2.00646007,16.08728895,10.41986764
2571,2.00646007,16.44979712,10.41986764
2572,1.54343082,16.904714,9.98096069
2573,1.54343082,16.904714,9.98915144
2574,1.54343082,16.904714,9.99734219
2575,1.54343082,16.904714,10.00553294
2576,1.54343082,16.904714,10.01372369
2577,1.54343082,17.43215771,9.98096069
2578,1.54343082,17.43215771,9.98915144
2579,1.54343082,17.43215771,9.99734219
2580,1.54343082,17.43215771,10.00553294
2581,1.54343082,17.43215771,10.01372369
2582,2.00646007,16.81230528,9.92166207
2583,2.00646007,16.81230528,10.41986764
2584,2.35373201,14.71659306,9.86541427
2585,2.58524663,14.73097064,9.82266791
2586,2.46948932,14.72361134,9.84454804
2587,3.39554781,15.75601262,9.64369329
2588,3.39554781,16.1695174,9.64369329
2589,3.39554781,16.58302219,9.64369329
2590,4.09009168,14.85271737,9.46069966
2591,4.09009168,15.89589728,9.46069966
2592,3.39554781,16.99652697,9.64369329
2593,3.39554781,17.20327937,9.64369329
2594,3.39554781,17.20327937,10.211985
2595,3.39554781,17.20327937,10.78027671
2596,5.82645136,12.04643848,8.94433501
2597,5.82645136,12.04643848,8.95695578
2598,5.82645136,12.04643848,8.96957656
2599,5.82645136,12.04643848,8.98219733
2600,5.82645136,12.04643848,8.9948181
2601,5.94220867,12.93669806,8.96064365
2602,6.63675254,12.37464816,8.7616721
2603,6.75250985,12.94911476,8.67484357
2604,5.94220867,13.3935222,8.96064365
2605,5.94220867,13.85034635,8.96064365
2606,6.17372329,14.03307601,8.84073042
2607,6.75250985,13.34328249,8.72993335
2608,6.75250985,13.83599214,8.72993335
2609,7.33129641,11.76245494,8.52217571
2610,7.33129641,11.76245494,8.53660058
2611,7.33129641,11.76245494,8.55102545
2612,7.33129641,11.76245494,8.56545033
2613,7.33129641,11.76245494,8.5798752
2614,8.83614147,11.56044459,8.22187468
2615,8.83614147,11.56044459,8.23758289
2616,8.83614147,11.56044459,8.2532911
2617,8.83614147,11.56044459,8.26899931
2618,8.83614147,11.56044459,8.28470752
2619,7.44705372,12.78410135,8.55187107
2620,7.56281104,13.82321843,8.52462572
2621,8.1415976,12.18392077,8.40102537
2622,8.25735491,12.82904894,8.31787286
2623,8.95189878,12.67854507,8.26910929
2624,8.25735491,13.26687697,8.37906471
2625,8.25735491,14.36144702,8.31787286
2626,8.95189878,14.25883116,8.26910929
2627,5.13190749,12.6074275,9.20183493
2628,5.13190749,13.02673588,9.20183493
2629,5.2476648,13.09878862,9.11984267
2630,5.13190749,13.44604427,9.20183493
2631,5.13190749,13.86535265,9.20183493
2632,4.66887824,14.03307601,9.2938727
2633,5.13190749,13.86535265,9.88163555
2634,5.94220867,13.85034635,9.70126642
2635,6.75250985,13.83599214,9.52873524
2636,5.13190749,13.86535265,10.53799477
2637,6.75250985,13.83599214,10.32753713
2638,5.94220867,13.85034635,10.44188919
2639,7.56281104,13.82321843,9.37520083
2640,7.56281104,13.82321843,10.22577595
2641,6.17372329,15.34165065,8.84073042
2642,6.17372329,16.6502253,8.84073042
2643,6.17372329,16.93063415,8.84073042
2644,6.17372329,17.49145186,8.84073042
2645,6.17372329,17.77186071,8.84073042
2646,6.86826717,17.11798132,8.64308292
2647,6.17372329,18.05226956,8.84073042
2648,6.17372329,18.33267842,8.84073042
2649,7.56281104,14.76757753,8.52462572
2650,7.56281104,15.71193663,8.52462572
2651,7.56281104,16.65629573,8.52462572
2652,8.25735491,14.79927505,8.37906471
2653,8.25735491,15.8938451,8.31787286
2654,8.25735491,15.7843881,8.37906471
2655,8.25735491,16.76950115,8.37906471
2656,8.95189878,15.83911725,8.26910929
2657,7.56281104,17.28586847,8.46596537
2658,7.56281104,17.60065483,8.46596537
2659,7.56281104,17.60065483,8.48063045
2660,7.56281104,17.60065483,8.49529554
2661,7.56281104,17.60065483,8.50996063
2662,7.56281104,17.60065483,8.52462572
2663,7.56281104,17.9154412,8.46596537
2664,7.56281104,17.9154412,8.48063045
2665,7.56281104,17.9154412,8.49529554
2666,7.56281104,17.9154412,8.50996063
2667,7.56281104,18.23022757,8.46596537
2668,7.56281104,18.23022757,8.48063045
2669,7.56281104,18.23022757,8.49529554
2670,7.56281104,18.54501393,8.46596537
2671,7.56281104,18.54501393,8.48063045
2672,7.56281104,18.8598003,8.46596537
2673,8.25735491,17.42624319,8.31787286
2674,8.25735491,17.7546142,8.31787286
2675,8.25735491,17.7546142,8.33317082
2676,8.25735491,17.7546142,8.34846878
2677,8.25735491,17.7546142,8.36376674
2678,8.25735491,17.7546142,8.37906471
2679,8.95189878,16.85501546,8.26910929
2680,8.95189878,17.87091366,8.20600517
2681,8.95189878,17.87091366,8.2217812
2682,8.95189878,17.87091366,8.23755723
2683,8.95189878,17.87091366,8.25333326
2684,8.95189878,17.87091366,8.26910929
2685,4.78463555,16.2917263,9.25946208
2686,4.78463555,16.77572279,9.25946208
2687,5.47917942,16.47149285,9.04949232
2688,4.78463555,17.25971928,9.25946208
2689,4.78463555,17.50171753,9.25946208
2690,4.78463555,17.74371578,9.25946208
2691,6.17372329,18.33267842,9.61147858
2692,4.78463555,17.74371578,9.9246326
2693,4.78463555,17.74371578,10.58980312
2694,6.17372329,18.33267842,10.38222674
2695,7.56281104,14.76757753,9.37520083
2696,7.56281104,15.71193663,9.37520083
2697,7.56281104,16.65629573,9.37520083
2698,7.56281104,14.76757753,10.22577595
2699,7.56281104,15.71193663,10.22577595
2700,7.56281104,16.026723,10.21111086
2701,7.56281104,16.34150936,10.19644577
2702,7.56281104,16.9710821,9.36053575
2703,7.56281104,17.28586847,9.34587066
2704,7.56281104,17.60065483,9.33120557
2705,7.56281104,18.8598003,9.33120557
2706,7.56281104,17.60065483,10.19644577
2707,7.56281104,18.8598003,10.19644577
2708,0.61737233,12.33049201,10.99335924
2709,1.77494545,12.24985527,10.95053333
2710,1.77494545,12.24985527,11.43237224
2711,0.61737233,12.33049201,11.91345981
2712,0.61737233,12.55750321,11.91345981
2713,0.61737233,12.67100881,11.91345981
2714,0.61737233,12.78451441,11.91345981
2715,0.61737233,12.78451441,12.3735101
2716,1.77494545,12.36873665,11.91421114
2717,1.77494545,12.48761804,11.91421114
2718,1.77494545,12.60649942,11.91421114
2719,1.77494545,12.7253808,11.91421114
2720,1.77494545,12.7253808,12.39605005
2721,2.12221738,12.691996,12.39173602
2722,2.93251857,12.06420402,10.85193456
2723,2.93251857,12.19546215,10.83358963
2724,2.93251857,12.32672029,10.81524469
2725,2.93251857,12.65486562,10.81524469
2726,2.93251857,12.98301095,10.81524469
2727,2.93251857,12.06420402,11.38393775
2728,2.93251857,12.19546215,11.36559282
2729,2.93251857,12.32672029,11.34724788
2730,2.93251857,12.45797842,11.32890294
2731,2.93251857,12.78612375,11.32890294
2732,2.93251857,13.11426908,11.32890294
2733,2.93251857,13.44241441,10.81524469
2734,2.93251857,13.90181787,10.81524469
2735,2.93251857,13.44241441,11.32890294
2736,2.93251857,13.90181787,11.32890294
2737,3.2797905,13.89695962,11.30785391
2738,4.32160631,13.88004423,11.23456579
2739,3.62706244,13.89166878,11.28493067
2740,3.97433437,13.88600798,11.26040451
2741,2.93251857,12.06420402,11.91594095
2742,2.93251857,12.19546215,11.89759601
2743,2.93251857,12.19546215,11.91594095
2744,2.93251857,12.32672029,11.87925107
2745,2.93251857,12.32672029,11.89759601
2746,2.93251857,12.32672029,11.91594095
2747,2.93251857,12.45797842,11.86090613
2748,2.93251857,12.58923655,11.84256119
2749,2.93251857,12.58923655,11.86090613
2750,2.93251857,12.45797842,11.87925107
2751,2.93251857,12.45797842,11.89759601
2752,2.93251857,12.45797842,11.91594095
2753,2.93251857,12.58923655,11.87925107
2754,2.93251857,12.58923655,11.89759601
2755,2.93251857,12.58923655,11.91594095
2756,3.2797905,12.53579574,11.84052419
2757,3.2797905,12.53579574,11.85954813
2758,3.2797905,12.53579574,11.87857207
2759,3.2797905,12.53579574,11.89759601
2760,2.93251857,12.91738188,11.84256119
2761,3.2797905,12.87608671,11.84052419
2762,2.46948932,12.65200534,12.38892373
2763,2.81676125,12.60588168,12.38719916
2764,2.93251857,13.24552721,11.84256119
2765,2.93251857,13.57367254,11.84256119
2766,3.2797905,13.21637768,11.84052419
2767,3.2797905,13.55666865,11.84052419
2768,2.93251857,13.90181787,11.84256119
2769,3.2797905,13.89695962,11.84052419
2770,3.62706244,12.47759654,11.83830581
2771,3.62706244,12.47759654,11.85806921
2772,3.62706244,12.47759654,11.87783261
2773,3.97433437,12.41532772,11.83593231
2774,3.97433437,12.41532772,11.85648688
2775,3.62706244,12.8311146,11.83830581
2776,3.62706244,13.18463266,11.83830581
2777,3.97433437,12.78299779,11.83593231
2778,3.97433437,13.15066785,11.83593231
2779,4.32160631,12.34972652,11.83343179
2780,4.32160631,12.73230595,11.83343179
2781,4.32160631,12.73230595,11.85481987
2782,4.32160631,13.11488538,11.83343179
2783,4.32160631,13.11488538,11.85481987
2784,4.32160631,13.11488538,11.87620794
2785,4.32160631,12.34972652,12.47507394
2786,4.32160631,12.73230595,12.49646201
2787,4.32160631,13.11488538,12.51785008
2788,3.62706244,13.53815072,11.83830581
2789,3.97433437,13.51833792,11.83593231
2790,3.62706244,13.89166878,11.83830581
2791,3.97433437,13.88600798,11.83593231
2792,4.32160631,13.49746481,11.83343179
2793,4.32160631,13.49746481,11.85481987
2794,4.32160631,13.49746481,11.87620794
2795,4.32160631,13.49746481,11.89759601
2796,4.32160631,13.88004423,11.83343179
2797,4.32160631,13.88004423,11.85481987
2798,4.32160631,13.88004423,11.87620794
2799,4.32160631,13.88004423,11.89759601
2800,4.32160631,13.88004423,11.91898408
2801,4.32160631,14.26262366,11.91898408
2802,4.32160631,13.49746481,12.53923815
2803,4.32160631,13.88004423,12.53923815
2804,4.32160631,14.26262366,12.53923815
2805,0.96464426,12.77552773,12.82431912
2806,0.61737233,12.78451441,12.83356038
2807,1.3119162,12.75894779,12.8203487
2808,1.3119162,12.75894779,13.30600802
2809,1.3119162,12.75894779,13.79166733
2810,1.3119162,13.33809698,13.79166733
2811,1.3119162,13.91724617,13.79166733
2812,2.81676125,12.60588168,12.93120267
2813,2.81676125,12.60588168,13.47520617
2814,4.32160631,12.34972652,13.11671608
2815,4.32160631,12.73230595,13.13810415
2816,4.32160631,13.11488538,13.15949222
2817,4.32160631,13.49746481,13.15949222
2818,4.32160631,13.88004423,13.15949222
2819,2.81676125,12.60588168,14.01920968
2820,2.81676125,13.25460638,14.01920968
2821,2.81676125,13.90333107,14.01920968
2822,4.32160631,12.34972652,13.75835822
2823,4.32160631,12.73230595,13.77974629
2824,4.32160631,13.11488538,13.77974629
2825,4.32160631,12.34972652,14.40000036
2826,4.32160631,13.11488538,14.40000036
2827,4.32160631,13.88004423,13.77974629
2828,4.32160631,13.88004423,14.40000036
2829,0.15434308,15.28163761,10.99335924
2830,0.27010039,15.28035041,11.45386745
2831,1.77494545,15.34077121,10.95053333
2832,1.89070276,15.35113947,10.93465097
2833,2.00646007,15.36227262,10.9180732
2834,2.00646007,15.36227262,11.41627877
2835,1.89070276,15.35113947,11.42868364
2836,2.00646007,15.72478078,10.9180732
2837,2.00646007,16.08728895,10.9180732
2838,2.00646007,16.44979712,10.9180732
2839,2.00646007,15.72478078,11.41627877
2840,2.00646007,16.08728895,11.41627877
2841,2.00646007,16.44979712,11.41627877
2842,0.15434308,15.05462641,11.91345981
2843,0.15434308,15.11137921,11.91345981
2844,0.15434308,15.16813201,11.91345981
2845,1.08040158,15.06581706,11.91363359
2846,1.08040158,15.12319157,11.91363359
2847,1.08040158,15.18056607,11.91363359
2848,1.08040158,15.23794057,11.91363359
2849,0.73312964,15.05638013,12.37432711
2850,2.00646007,15.12060051,11.91448433
2851,2.00646007,15.18101853,11.91448433
2852,2.00646007,15.24143656,11.91448433
2853,2.00646007,15.30185459,11.91448433
2854,2.00646007,15.36227262,11.91448433
2855,1.65918814,15.0951623,12.39239473
2856,2.00646007,15.72478078,11.91448433
2857,2.00646007,16.08728895,11.91448433
2858,2.00646007,16.44979712,11.91448433
2859,2.00646007,16.81230528,10.9180732
2860,2.00646007,16.81230528,11.41627877
2861,2.00646007,16.81230528,11.91448433
2862,2.58524663,15.17508541,11.91533044
2863,2.58524663,15.23853038,11.91533044
2864,2.58524663,15.30197535,11.91533044
2865,2.58524663,15.36542031,11.91533044
2866,3.16403319,15.24308959,11.91638648
2867,3.16403319,15.31031257,11.91638648
2868,3.16403319,15.37753555,11.91638648
2869,2.58524663,15.17508541,12.42962885
2870,3.16403319,15.24308959,12.46131026
2871,2.58524663,15.74609012,11.91533044
2872,2.58524663,16.12675992,11.91533044
2873,2.58524663,16.50742972,11.91533044
2874,3.16403319,15.78087341,11.91638648
2875,3.16403319,16.18421127,11.91638648
2876,3.39554781,16.37626979,11.91686013
2877,3.74281975,15.3223825,11.91761783
2878,3.74281975,15.39401064,11.91761783
2879,4.32160631,14.64520309,11.91898408
2880,4.32160631,15.02778252,11.91898408
2881,4.32160631,15.41036195,11.91898408
2882,4.55312093,15.60448745,11.91955841
2883,3.74281975,15.3223825,12.49825078
2884,4.32160631,14.64520309,12.53923815
2885,4.32160631,15.41036195,12.53923815
2886,3.74281975,15.82377947,11.91761783
2887,3.97433437,16.01849435,11.91815057
2888,3.39554781,17.20327937,11.34856842
2889,3.39554781,17.20327937,11.91686013
2890,1.3119162,15.07554455,12.85272599
2891,2.23797469,15.14064713,12.91237424
2892,1.3119162,15.07554455,13.32219666
2893,1.3119162,14.49639536,13.79166733
2894,1.3119162,15.07554455,13.79166733
2895,3.16403319,15.24308959,13.00623403
2896,2.81676125,15.20078045,13.49333962
2897,3.74281975,15.3223825,13.07888373
2898,4.32160631,14.64520309,13.15949222
2899,4.32160631,15.41036195,13.15949222
2900,2.81676125,14.55205576,14.01920968
2901,2.81676125,15.20078045,14.01920968
2902,3.74281975,15.3223825,13.65951668
2903,4.32160631,14.64520309,13.77974629
2904,4.32160631,15.41036195,13.77974629
2905,4.32160631,14.64520309,14.40000036
2906,4.32160631,15.41036195,14.40000036
2907,5.13190749,13.86535265,11.19435399
2908,5.94220867,13.85034635,11.15697324
2909,6.75250985,13.83599214,11.12633901
2910,5.13190749,13.86535265,11.85071321
2911,5.13190749,13.86535265,11.87415461
2912,5.13190749,13.86535265,11.89759601
2913,5.13190749,13.86535265,11.92103741
2914,5.13190749,14.28466104,11.92103741
2915,5.94220867,13.85034635,11.87205729
2916,5.94220867,13.85034635,11.89759601
2917,5.94220867,13.85034635,11.92313472
2918,5.94220867,14.30717049,11.92313472
2919,6.75250985,13.83599214,11.89759601
2920,6.75250985,13.83599214,11.9251409
2921,6.75250985,14.3287018,11.9251409
2922,7.56281104,13.82321843,11.07635107
2923,7.56281104,13.82321843,11.92692618
2924,5.13190749,14.70396942,11.92103741
2925,5.13190749,15.12327781,11.92103741
2926,5.36342211,15.32323456,11.92163808
2927,4.78463555,15.80772981,11.92014416
2928,4.78463555,16.77572279,11.92014416
2929,5.94220867,14.76399464,11.92313472
2930,6.17372329,14.96777218,11.92372306
2931,6.17372329,16.08940759,11.92372306
2932,4.78463555,17.74371578,11.25497364
2933,6.17372329,18.33267842,11.1529749
2934,4.78463555,17.74371578,11.92014416
2935,6.17372329,17.211043,11.92372306
2936,6.17372329,18.33267842,11.92372306
2937,7.56281104,14.76757753,11.07635107
2938,7.56281104,15.0823639,11.06168598
2939,7.56281104,16.34150936,11.06168598
2940,7.56281104,15.0823639,11.92692618
2941,7.56281104,16.34150936,11.92692618
2942,7.56281104,17.60065483,11.06168598
2943,7.56281104,18.8598003,11.06168598
2944,7.56281104,17.60065483,11.92692618
2945,7.56281104,18.8598003,11.92692618
2946,9.64644265,0.42414355,8.2002861
2947,9.64644265,2.03440366,8.2002861
2948,10.34098652,1.46374316,8.11182528
2949,10.34098652,1.46374316,8.12800378
2950,10.34098652,1.46374316,8.14418229
2951,10.34098652,1.46374316,8.1603608
2952,10.34098652,1.46374316,8.17653931
2953,10.34098652,3.08434552,8.11182528
2954,10.34098652,3.08434552,8.12800378
2955,10.34098652,3.08434552,8.14418229
2956,10.34098652,3.08434552,8.1603608
2957,10.34098652,3.08434552,8.17653931
2958,9.64644265,3.64466378,8.2002861
2959,9.64644265,4.67983099,8.13598505
2960,9.64644265,4.67983099,8.15206032
2961,9.64644265,4.67983099,8.16813558
2962,9.64644265,4.67983099,8.18421084
2963,9.64644265,4.67983099,8.2002861
2964,10.34098652,4.70494789,8.11182528
2965,10.34098652,4.70494789,8.12800378
2966,10.34098652,4.70494789,8.14418229
2967,10.34098652,4.70494789,8.1603608
2968,10.34098652,4.70494789,8.17653931
2969,12.34744659,7.84157779,7.88532293
2970,12.34744659,7.84157779,7.95329985
2971,16.97773906,7.84157779,7.95329985
2972,10.34098652,11.48641515,8.11182528
2973,10.34098652,11.48641515,8.12800378
2974,10.34098652,11.48641515,8.14418229
2975,10.34098652,11.48641515,8.1603608
2976,10.34098652,11.48641515,8.17653931
2977,9.64644265,12.07776015,8.2002861
2978,10.34098652,13.10701751,8.11182528
2979,10.34098652,13.10701751,8.12800378
2980,10.34098652,13.10701751,8.14418229
2981,10.34098652,13.10701751,8.1603608
2982,10.34098652,13.10701751,8.17653931
2983,9.64644265,13.68802027,8.2002861
2984,12.34744659,10.15672403,7.88532293
2985,12.34744659,10.15672403,7.95329985
2986,9.64644265,15.29828038,8.2002861
2987,10.34098652,14.72761988,8.11182528
2988,10.34098652,14.72761988,8.12800378
2989,10.34098652,14.72761988,8.14418229
2990,10.34098652,14.72761988,8.1603608
2991,10.34098652,14.72761988,8.17653931
2992,10.34098652,16.34822224,8.11182528
2993,10.34098652,16.34822224,8.12800378
2994,10.34098652,16.34822224,8.14418229
2995,10.34098652,16.34822224,8.1603608
2996,10.34098652,16.34822224,8.17653931
2997,9.64644265,16.90854049,8.2002861
2998,9.64644265,17.94370771,8.13598505
2999,9.64644265,17.94370771,8.15206032
3000,9.64644265,17.94370771,8.16813558
3001,9.64644265,17.94370771,8.18421084
3002,9.64644265,17.94370771,8.2002861
3003,10.34098652,17.96882461,8.11182528
3004,10.34098652,17.96882461,8.12800378
3005,10.34098652,17.96882461,8.14418229
3006,10.34098652,17.96882461,8.1603608
3007,10.34098652,17.96882461,8.17653931
