# MAAS exact compiled indexed mesh
# program_hash cbbfe91dbd3ffd91e9ab440b924d110000b902e70c4c73a3506d23c27f45f44b
# geometry_hash 36c2429f9310525aa12bcdad94119d48abd34e5e3e26e936d458ee97ac718ece
v -28.51877284 -21.13631592 0
v -28.51877284 -20.57451183 0
v -28.51877284 -20.01270774 0
v -28.19936256 -20.89958912 0.70996579
v -28.19936256 -20.34407724 0.70996579
v -28.51877284 -19.45090364 0
v -28.51877284 -18.88909955 0
v -28.19936256 -19.78856535 0.70996579
v -28.19936256 -19.23305346 0.70996579
v -28.19936256 -18.67754158 0.70996579
v -25.68736018 -20.8137172 0
v -25.68736018 -20.25191311 0
v -25.39966173 -20.58060351 0.70996579
v -25.68736018 -19.69010901 0
v -25.68736018 -19.12830492 0
v -25.68736018 -18.56650083 0
v -27.87995229 -20.66286233 1.41993159
v -27.87995229 -20.11364264 1.41993159
v -27.56054202 -20.42613553 2.12989738
v -27.56054202 -19.88320805 2.12989738
v -27.87995229 -19.56442296 1.41993159
v -27.87995229 -19.01520328 1.41993159
v -27.56054202 -19.34028058 2.12989738
v -27.56054202 -18.7973531 2.12989738
v -25.11196329 -20.34748981 1.41993159
v -28.51877284 -18.32729546 0
v -28.51877284 -17.76549136 0
v -28.51877284 -17.20368727 0
v -28.19936256 -18.12202969 0.70996579
v -28.19936256 -17.5665178 0.70996579
v -28.51877284 -16.64188318 0
v -28.51877284 -16.08007908 0
v -28.19936256 -17.01100591 0.70996579
v -28.19936256 -16.45549403 0.70996579
v -28.19936256 -15.89998214 0.70996579
v -25.81373861 -18.01909574 0
v -25.81373861 -17.45729164 0
v -25.81373861 -16.89548755 0
v -25.81373861 -16.33368346 0
v -27.87995229 -18.4659836 1.41993159
v -27.87995229 -17.91676392 1.41993159
v -27.87995229 -17.36754424 1.41993159
v -27.56054202 -18.25442562 2.12989738
v -27.56054202 -17.71149815 2.12989738
v -27.87995229 -16.81832456 1.41993159
v -27.87995229 -16.26910487 1.41993159
v -27.56054202 -17.16857067 2.12989738
v -27.56054202 -16.6256432 2.12989738
v -27.56054202 -16.08271572 2.12989738
v -22.85594753 -20.49111848 0
v -22.85594753 -19.92931438 0
v -22.59996091 -20.26161789 0.70996579
v -22.85594753 -19.36751029 0
v -22.85594753 -18.8057062 0
v -24.82426484 -20.11437612 2.12989738
v -22.34397428 -20.0321173 1.41993159
v -22.08798765 -19.80261672 2.12989738
v -22.98232596 -18.25830111 0
v -23.10870438 -17.71089602 0
v -23.10870438 -17.14909192 0
v -23.10870438 -16.58728783 0
v -23.10870438 -16.02548374 0
v -27.24113175 -20.18940873 2.83986318
v -27.24113175 -19.65277346 2.83986318
v -27.24113175 -19.11613819 2.83986318
v -27.24113175 -18.57950292 2.83986318
v -26.92172148 -19.95268193 3.54982897
v -26.92172148 -19.42233887 3.54982897
v -26.92172148 -18.8919958 3.54982897
v -26.60231121 -19.71595513 4.25979477
v -26.60231121 -19.19190427 4.25979477
v -26.60231121 -18.66785341 4.25979477
v -27.24113175 -18.04286765 2.83986318
v -27.24113175 -17.50623238 2.83986318
v -27.24113175 -16.96959711 2.83986318
v -27.24113175 -16.43296184 2.83986318
v -27.24113175 -15.89632657 2.83986318
v -26.92172148 -18.36165274 3.54982897
v -26.92172148 -17.83130967 3.54982897
v -26.92172148 -17.30096661 3.54982897
v -26.92172148 -16.77062355 3.54982897
v -26.92172148 -16.24028048 3.54982897
v -26.60231121 -18.14380256 4.25979477
v -26.60231121 -17.6197517 4.25979477
v -26.60231121 -17.09570084 4.25979477
v -26.60231121 -16.57164998 4.25979477
v -26.60231121 -16.04759912 4.25979477
v -24.53656639 -19.88126243 2.83986318
v -21.83200102 -19.57311613 2.83986318
v -24.24886794 -19.64814874 3.54982897
v -23.96116949 -19.41503504 4.25979477
v -21.57601439 -19.34361554 3.54982897
v -28.51877284 -15.51827499 0
v -28.51877284 -14.9564709 0
v -28.19936256 -15.34447025 0.70996579
v -28.19936256 -14.78895836 0.70996579
v -28.51877284 -14.3946668 0
v -28.51877284 -13.83286271 0
v -28.51877284 -13.27105862 0
v -28.19936256 -14.23344648 0.70996579
v -28.19936256 -13.67793459 0.70996579
v -25.94011703 -15.22447427 0
v -25.94011703 -14.66267018 0
v -25.81373861 -15.77187936 0
v -25.94011703 -14.10086609 0
v -25.94011703 -13.53906199 0
v -27.87995229 -15.71988519 1.41993159
v -27.87995229 -15.17066551 1.41993159
v -27.87995229 -14.62144583 1.41993159
v -27.56054202 -15.53978825 2.12989738
v -27.56054202 -14.99686077 2.12989738
v -27.87995229 -14.07222615 1.41993159
v -27.87995229 -13.52300647 1.41993159
v -27.56054202 -14.45393329 2.12989738
v -27.56054202 -13.91100582 2.12989738
v -27.56054202 -13.36807834 2.12989738
v -28.51877284 -12.70925453 0
v -28.51877284 -12.14745043 0
v -28.19936256 -13.1224227 0.70996579
v -28.19936256 -12.56691081 0.70996579
v -28.19936256 -12.01139893 0.70996579
v -28.51877284 -11.58564634 0
v -28.51877284 -11.02384225 0
v -28.19936256 -11.45588704 0.70996579
v -28.19936256 -10.90037515 0.70996579
v -25.94011703 -12.9772579 0
v -26.06649545 -12.42985281 0
v -26.06649545 -11.86804872 0
v -26.06649545 -11.30624462 0
v -26.06649545 -10.74444053 0
v -27.87995229 -12.97378678 1.41993159
v -27.87995229 -12.4245671 1.41993159
v -27.56054202 -12.82515087 2.12989738
v -27.56054202 -12.28222339 2.12989738
v -27.87995229 -11.87534742 1.41993159
v -27.87995229 -11.32612774 1.41993159
v -27.87995229 -10.77690806 1.41993159
v -27.56054202 -11.73929592 2.12989738
v -27.56054202 -11.19636844 2.12989738
v -27.56054202 -10.65344096 2.12989738
v -23.2350828 -15.47807865 0
v -23.36146123 -14.93067356 0
v -23.36146123 -14.36886946 0
v -23.36146123 -13.80706537 0
v -23.36146123 -13.24526128 0
v -23.48783965 -12.69785619 0
v -23.61421807 -12.15045109 0
v -23.61421807 -11.588647 0
v -23.61421807 -11.02684291 0
v -27.24113175 -15.3596913 2.83986318
v -27.24113175 -14.82305603 2.83986318
v -27.24113175 -14.28642076 2.83986318
v -27.24113175 -13.74978549 2.83986318
v -27.24113175 -13.21315022 2.83986318
v -26.92172148 -15.70993742 3.54982897
v -26.92172148 -15.17959435 3.54982897
v -26.92172148 -14.64925129 3.54982897
v -26.92172148 -14.11890823 3.54982897
v -26.92172148 -13.58856516 3.54982897
v -26.60231121 -15.52354827 4.25979477
v -26.60231121 -14.99949741 4.25979477
v -26.60231121 -14.47544655 4.25979477
v -26.60231121 -13.95139569 4.25979477
v -26.60231121 -13.42734483 4.25979477
v -27.24113175 -12.67651495 2.83986318
v -27.24113175 -12.13987968 2.83986318
v -27.24113175 -11.60324441 2.83986318
v -27.24113175 -11.06660914 2.83986318
v -26.92172148 -13.0582221 3.54982897
v -26.92172148 -12.52787903 3.54982897
v -26.92172148 -11.99753597 3.54982897
v -26.92172148 -11.46719291 3.54982897
v -26.92172148 -10.93684984 3.54982897
v -26.60231121 -12.90329398 4.25979477
v -26.60231121 -12.37924312 4.25979477
v -26.60231121 -11.85519226 4.25979477
v -26.60231121 -11.3311414 4.25979477
v -26.60231121 -10.80709054 4.25979477
v -20.02453488 -20.16851976 0
v -19.80026008 -19.94263227 0.70996579
v -20.02453488 -19.60671566 0
v -20.15091331 -18.49750648 0
v -20.02453488 -19.04491157 0
v -19.57598527 -19.71674479 1.41993159
v -19.35171046 -19.49085731 2.12989738
v -20.27729173 -17.95010139 0
v -20.40367015 -17.4026963 0
v -20.40367015 -16.8408922 0
v -20.40367015 -16.27908811 0
v -17.82501435 -15.98528739 0
v -17.19312223 -19.84592103 0
v -17.19312223 -19.28411694 0
v -17.31950065 -18.73671185 0
v -17.00055925 -19.62364666 0.70996579
v -14.36170958 -19.52332231 0
v -14.488088 -18.97591722 0
v -16.80799626 -19.40137228 1.41993159
v -16.61543328 -19.1790979 2.12989738
v -17.44587908 -18.18930676 0
v -17.5722575 -17.64190167 0
v -17.69863592 -17.09449658 0
v -17.69863592 -16.53269248 0
v -14.74084485 -17.88110704 0
v -14.61446643 -18.42851213 0
v -14.86722327 -17.33370195 0
v -14.9936017 -16.78629686 0
v -15.11998012 -16.23889177 0
v -19.12743566 -19.26496983 2.83986318
v -21.32002776 -19.11411495 4.25979477
v -18.90316085 -19.03908235 3.54982897
v -18.67888604 -18.81319487 4.25979477
v -16.42287029 -18.95682353 2.83986318
v -16.23030731 -18.73454915 3.54982897
v -16.03774432 -18.51227478 4.25979477
v -20.53004857 -15.73168302 0
v -20.656427 -15.18427793 0
v -20.78280542 -14.63687284 0
v -20.78280542 -14.07506874 0
v -20.78280542 -13.51326465 0
v -17.95139277 -15.4378823 0
v -18.07777119 -14.89047721 0
v -18.20414962 -14.34307212 0
v -18.33052804 -13.23386294 0
v -18.20414962 -13.78126803 0
v -20.90918384 -12.96585956 0
v -21.03556227 -12.41845447 0
v -21.16194069 -11.87104938 0
v -21.16194069 -11.30924529 0
v -21.16194069 -10.74744119 0
v -18.45690646 -12.68645785 0
v -18.58328489 -12.13905275 0
v -18.70966331 -11.59164766 0
v -18.70966331 -11.02984357 0
v -15.24635854 -15.69148667 0
v -15.37273696 -15.14408158 0
v -15.49911539 -14.59667649 0
v -15.62549381 -14.0492714 0
v -15.75187223 -13.50186631 0
v -16.1310075 -11.85965104 0
v -16.25738593 -11.31224595 0
v -16.38376435 -10.76484086 0
v -15.87825066 -12.95446122 0
v -16.00462908 -12.40705613 0
v -26.28290094 -19.47922833 4.96976056
v -26.28290094 -18.96146968 4.96976056
v -25.96349066 -19.24250153 5.67972635
v -25.96349066 -18.73103509 5.67972635
v -25.64408039 -19.00577474 6.38969215
v -25.64408039 -18.50060049 6.38969215
v -26.28290094 -18.44371103 4.96976056
v -26.28290094 -17.92595238 4.96976056
v -26.28290094 -17.40819372 4.96976056
v -26.28290094 -16.89043507 4.96976056
v -26.28290094 -16.37267642 4.96976056
v -26.28290094 -15.85491777 4.96976056
v -25.96349066 -18.21956864 5.67972635
v -25.96349066 -17.70810219 5.67972635
v -25.96349066 -17.19663575 5.67972635
v -25.64408039 -17.99542625 6.38969215
v -25.64408039 -17.49025201 6.38969215
v -25.96349066 -16.6851693 5.67972635
v -25.96349066 -16.17370286 5.67972635
v -25.64408039 -16.98507777 6.38969215
v -25.64408039 -16.47990353 6.38969215
v -25.64408039 -15.97472929 6.38969215
v -23.67347104 -19.18192135 4.96976056
v -23.38577259 -18.94880766 5.67972635
v -23.09807414 -18.71569396 6.38969215
v -25.32467012 -18.76904794 7.09965794
v -25.00525985 -18.53232114 7.80962374
v -25.32467012 -18.2701659 7.09965794
v -25.32467012 -17.77128387 7.09965794
v -25.32467012 -17.27240183 7.09965794
v -25.32467012 -16.7735198 7.09965794
v -25.32467012 -16.27463776 7.09965794
v -25.00525985 -18.03973131 7.80962374
v -25.00525985 -17.54714148 7.80962374
v -25.00525985 -17.05455165 7.80962374
v -25.00525985 -16.56196182 7.80962374
v -25.00525985 -16.06937199 7.80962374
v -22.81037569 -18.48258027 7.09965794
v -24.68584958 -18.29559434 8.51958953
v -24.68584958 -17.80929672 8.51958953
v -24.68584958 -17.32299909 8.51958953
v -24.68584958 -16.83670147 8.51958953
v -24.68584958 -16.35040385 8.51958953
v -24.68584958 -15.86410622 8.51958953
v -22.52267724 -18.24946658 7.80962374
v -22.23497879 -18.01635288 8.51958953
v -26.28290094 -15.33715911 4.96976056
v -26.28290094 -14.81940046 4.96976056
v -26.28290094 -14.30164181 4.96976056
v -26.28290094 -13.78388316 4.96976056
v -26.28290094 -13.2661245 4.96976056
v -25.96349066 -15.66223641 5.67972635
v -25.96349066 -15.15076996 5.67972635
v -25.96349066 -14.63930352 5.67972635
v -25.64408039 -15.46955505 6.38969215
v -25.64408039 -14.96438081 6.38969215
v -25.96349066 -14.12783707 5.67972635
v -25.96349066 -13.61637062 5.67972635
v -25.64408039 -14.45920657 6.38969215
v -25.64408039 -13.95403233 6.38969215
v -25.64408039 -13.44885809 6.38969215
v -26.28290094 -12.74836585 4.96976056
v -26.28290094 -12.2306072 4.96976056
v -26.28290094 -11.71284855 4.96976056
v -26.28290094 -11.1950899 4.96976056
v -26.28290094 -10.67733124 4.96976056
v -25.96349066 -13.10490418 5.67972635
v -25.96349066 -12.59343773 5.67972635
v -25.96349066 -12.08197128 5.67972635
v -25.64408039 -12.94368385 6.38969215
v -25.64408039 -12.43850961 6.38969215
v -25.64408039 -11.93333537 6.38969215
v -25.96349066 -11.57050484 5.67972635
v -25.96349066 -11.05903839 5.67972635
v -25.64408039 -11.42816113 6.38969215
v -25.64408039 -10.92298689 6.38969215
v -25.32467012 -15.77575573 7.09965794
v -25.32467012 -15.27687369 7.09965794
v -25.32467012 -14.77799166 7.09965794
v -25.32467012 -14.27910962 7.09965794
v -25.32467012 -13.78022759 7.09965794
v -25.32467012 -13.28134555 7.09965794
v -25.00525985 -15.57678216 7.80962374
v -25.00525985 -15.08419234 7.80962374
v -25.00525985 -14.59160251 7.80962374
v -25.00525985 -14.09901268 7.80962374
v -25.00525985 -13.60642285 7.80962374
v -25.32467012 -12.78246352 7.09965794
v -25.32467012 -12.28358148 7.09965794
v -25.32467012 -11.78469945 7.09965794
v -25.32467012 -11.28581741 7.09965794
v -25.32467012 -10.78693538 7.09965794
v -25.00525985 -13.11383302 7.80962374
v -25.00525985 -12.62124319 7.80962374
v -25.00525985 -12.12865336 7.80962374
v -25.00525985 -11.63606353 7.80962374
v -25.00525985 -11.1434737 7.80962374
v -25.00525985 -10.65088387 7.80962374
v -24.68584958 -15.3778086 8.51958953
v -24.68584958 -14.89151098 8.51958953
v -24.68584958 -14.40521335 8.51958953
v -24.68584958 -13.91891573 8.51958953
v -24.68584958 -13.43261811 8.51958953
v -24.68584958 -12.94632048 8.51958953
v -24.68584958 -12.46002286 8.51958953
v -24.68584958 -11.97372524 8.51958953
v -24.68584958 -11.48742762 8.51958953
v -24.68584958 -11.00112999 8.51958953
v -21.06404114 -18.88461437 4.96976056
v -18.45461124 -18.58730738 4.96976056
v -20.80805451 -18.65511378 5.67972635
v -20.55206788 -18.42561319 6.38969215
v -18.23033643 -18.3614199 5.67972635
v -18.00606162 -18.13553242 6.38969215
v -15.84518134 -18.2900004 4.96976056
v -15.65261835 -18.06772603 5.67972635
v -15.46005537 -17.84545165 6.38969215
v -20.29608125 -18.1961126 7.09965794
v -20.04009462 -17.96661202 7.80962374
v -19.784108 -17.73711143 8.51958953
v -17.78178682 -17.90964494 7.09965794
v -15.26749238 -17.62317727 7.09965794
v -17.55751201 -17.68375746 7.80962374
v -17.3332372 -17.45786998 8.51958953
v -15.0749294 -17.4009029 7.80962374
v -14.88236641 -17.17862852 8.51958953
v -28.51877284 -10.46203815 0
v -28.51877284 -9.90023406 0
v -28.51877284 -9.33842997 0
v -28.19936256 -10.34486326 0.70996579
v -28.19936256 -9.78935138 0.70996579
v -28.51877284 -8.77662587 0
v -28.51877284 -8.21482178 0
v -28.19936256 -9.23383949 0.70996579
v -28.19936256 -8.6783276 0.70996579
v -28.19936256 -8.12281572 0.70996579
v -26.06649545 -10.18263644 0
v -26.19287388 -9.63523135 0
v -26.19287388 -9.07342725 0
v -26.19287388 -8.51162316 0
v -26.19287388 -7.94981907 0
v -27.87995229 -10.22768838 1.41993159
v -27.87995229 -9.6784687 1.41993159
v -27.56054202 -10.11051349 2.12989738
v -27.56054202 -9.56758601 2.12989738
v -27.87995229 -9.12924901 1.41993159
v -27.87995229 -8.58002933 1.41993159
v -27.87995229 -8.03080965 1.41993159
v -27.56054202 -9.02465854 2.12989738
v -27.56054202 -8.48173106 2.12989738
v -27.56054202 -7.93880359 2.12989738
v -28.51877284 -7.65301769 0
v -28.51877284 -7.09121359 0
v -28.19936256 -7.56730383 0.70996579
v -28.19936256 -7.01179194 0.70996579
v -26.19287388 -7.38801497 0
v -26.3192523 -6.84060988 0
v -26.02447666 -6.76399499 0.70996579
v -27.87995229 -7.48158997 1.41993159
v -27.87995229 -6.93237029 1.41993159
v -27.56054202 -7.39587611 2.12989738
v -27.56054202 -6.85294864 2.12989738
v -25.72970102 -6.6873801 1.41993159
v -25.43492538 -6.61076521 2.12989738
v -23.7405965 -9.91763372 0
v -23.61421807 -10.46503882 0
v -23.86697492 -9.37022863 0
v -23.86697492 -8.80842454 0
v -23.86697492 -8.24662045 0
v -21.41469754 -9.65263101 0
v -21.54107596 -9.10522592 0
v -21.54107596 -8.54342183 0
v -21.54107596 -7.98161773 0
v -23.86697492 -7.68481635 0
v -23.99335334 -7.13741126 0
v -24.11973176 -6.59000617 0
v -23.84959075 -6.51619804 0.70996579
v -21.66745438 -7.43421264 0
v -21.79383281 -6.88680755 0
v -21.92021123 -6.33940246 0
v -21.67470485 -6.26840109 0.70996579
v -23.57944974 -6.44238991 1.41993159
v -23.30930873 -6.36858178 2.12989738
v -21.42919847 -6.19739973 1.41993159
v -27.24113175 -10.52997387 2.83986318
v -27.24113175 -9.9933386 2.83986318
v -27.24113175 -9.45670333 2.83986318
v -27.24113175 -8.92006806 2.83986318
v -27.24113175 -8.38343279 2.83986318
v -26.92172148 -10.40650678 3.54982897
v -26.92172148 -9.87616371 3.54982897
v -26.92172148 -9.34582065 3.54982897
v -26.92172148 -8.81547759 3.54982897
v -26.92172148 -8.28513452 3.54982897
v -26.60231121 -10.28303968 4.25979477
v -26.60231121 -9.75898883 4.25979477
v -26.60231121 -9.23493797 4.25979477
v -26.60231121 -8.71088711 4.25979477
v -26.60231121 -8.18683625 4.25979477
v -27.24113175 -7.84679752 2.83986318
v -27.24113175 -7.31016225 2.83986318
v -27.24113175 -6.77352698 2.83986318
v -25.14014973 -6.53415032 2.83986318
v -26.92172148 -7.75479146 3.54982897
v -26.92172148 -7.22444839 3.54982897
v -26.92172148 -6.69410533 3.54982897
v -26.60231121 -7.66278539 4.25979477
v -26.60231121 -7.13873454 4.25979477
v -26.60231121 -6.61468368 4.25979477
v -23.03916772 -6.29477365 2.83986318
v -24.84537409 -6.45753543 3.54982897
v -24.55059845 -6.38092054 4.25979477
v -22.76902671 -6.22096553 3.54982897
v -22.4988857 -6.1471574 4.25979477
v -21.28831911 -10.2000361 0
v -18.83604173 -10.48243848 0
v -18.96242015 -9.93503339 0
v -19.08879858 -9.3876283 0
v -19.215177 -8.84022321 0
v -19.215177 -8.27841911 0
v -19.72069069 -6.08879875 0
v -19.34155542 -7.73101402 0
v -19.46793385 -7.18360893 0
v -19.59431227 -6.63620384 0
v -19.49981894 -6.02060415 0.70996579
v -21.18369208 -6.12639836 2.12989738
v -19.27894719 -5.95240954 1.41993159
v -19.05807544 -5.88421493 2.12989738
v -16.51014277 -10.21743577 0
v -16.6365212 -9.67003068 0
v -17.01565647 -8.0278154 0
v -16.76289962 -9.12262559 0
v -16.88927804 -8.5752205 0
v -14.30994723 -8.84614763 0
v -14.43632566 -8.29874254 0
v -17.14203489 -7.48041031 0
v -17.26841331 -6.93300522 0
v -17.39479173 -6.38560013 0
v -17.52117016 -5.83819504 0
v -17.32493304 -5.7728072 0.70996579
v -14.68260436 -7.79379636 0
v -14.80898279 -7.24639127 0
v -14.93536121 -6.69898618 0
v -15.18811805 -5.604176 0
v -15.06173963 -6.15158109 0
v -17.12869591 -5.70741935 1.41993159
v -16.93245879 -5.64203151 2.12989738
v -20.9381857 -6.05539699 2.83986318
v -18.83720369 -5.81602033 2.83986318
v -20.69267932 -5.98439562 3.54982897
v -20.44717294 -5.91339425 4.25979477
v -18.61633194 -5.74782572 3.54982897
v -18.39546018 -5.67963111 4.25979477
v -16.73622167 -5.57664366 2.83986318
v -16.53998455 -5.51125582 3.54982897
v -16.34374743 -5.44586797 4.25979477
v -15.43439676 -5.09922983 0
v -15.2615315 -5.04211839 0.70996579
v -15.08866624 -4.98500696 1.41993159
v -14.91580098 -4.92789552 2.12989738
v -14.74293572 -4.87078409 2.83986318
v -14.57007046 -4.81367265 3.54982897
v -14.3972052 -4.75656122 4.25979477
v -26.28290094 -10.15957259 4.96976056
v -26.28290094 -9.64181394 4.96976056
v -26.28290094 -9.12405529 4.96976056
v -26.28290094 -8.60629663 4.96976056
v -26.28290094 -8.08853798 4.96976056
v -25.96349066 -10.54757194 5.67972635
v -25.96349066 -10.0361055 5.67972635
v -25.96349066 -9.52463905 5.67972635
v -25.64408039 -10.41781264 6.38969215
v -25.64408039 -9.9126384 6.38969215
v -25.64408039 -9.40746416 6.38969215
v -25.96349066 -9.0131726 5.67972635
v -25.96349066 -8.50170616 5.67972635
v -25.96349066 -7.99023971 5.67972635
v -25.64408039 -8.90228992 6.38969215
v -25.64408039 -8.39711568 6.38969215
v -26.28290094 -7.57077933 4.96976056
v -26.28290094 -7.05302068 4.96976056
v -26.28290094 -6.53526202 4.96976056
v -25.96349066 -7.47877327 5.67972635
v -25.96349066 -6.96730682 5.67972635
v -25.64408039 -7.89194144 6.38969215
v -25.64408039 -7.3867672 6.38969215
v -25.64408039 -6.88159296 6.38969215
v -25.96349066 -6.45584037 5.67972635
v -25.64408039 -6.37641872 6.38969215
v -24.25582281 -6.30430565 4.96976056
v -22.22874468 -6.07334927 4.96976056
v -23.96104717 -6.22769075 5.67972635
v -23.66627153 -6.15107586 6.38969215
v -21.95860367 -5.99954114 5.67972635
v -21.68846266 -5.92573301 6.38969215
v -25.32467012 -10.28805335 7.09965794
v -25.32467012 -9.78917131 7.09965794
v -25.32467012 -9.29028928 7.09965794
v -25.32467012 -8.79140724 7.09965794
v -25.32467012 -8.29252521 7.09965794
v -25.00525985 -10.15829405 7.80962374
v -25.00525985 -9.66570422 7.80962374
v -25.00525985 -9.17311439 7.80962374
v -25.00525985 -8.68052456 7.80962374
v -25.00525985 -8.18793473 7.80962374
v -25.32467012 -7.79364317 7.09965794
v -25.32467012 -7.29476114 7.09965794
v -25.32467012 -6.7958791 7.09965794
v -25.32467012 -6.29699707 7.09965794
v -25.00525985 -7.6953449 7.80962374
v -25.00525985 -7.20275507 7.80962374
v -25.00525985 -6.71016524 7.80962374
v -25.00525985 -6.21757541 7.80962374
v -24.68584958 -10.51483237 8.51958953
v -24.68584958 -10.02853475 8.51958953
v -24.68584958 -9.54223712 8.51958953
v -24.68584958 -9.0559395 8.51958953
v -24.68584958 -8.56964188 8.51958953
v -24.68584958 -8.08334425 8.51958953
v -23.37149588 -6.07446097 7.09965794
v -21.41832165 -5.85192488 7.09965794
v -24.68584958 -7.59704663 8.51958953
v -24.68584958 -7.11074901 8.51958953
v -24.68584958 -6.62445138 8.51958953
v -24.68584958 -6.13815376 8.51958953
v -23.07672024 -5.99784608 7.80962374
v -22.7819446 -5.92123119 8.51958953
v -20.20166656 -5.84239289 4.96976056
v -18.17458843 -5.61143651 4.96976056
v -19.95616018 -5.77139152 5.67972635
v -19.71065379 -5.70039015 6.38969215
v -17.95371668 -5.5432419 5.67972635
v -16.14751031 -5.38048013 4.96976056
v -17.73284493 -5.47504729 6.38969215
v -15.95127319 -5.31509228 5.67972635
v -19.46514741 -5.62938878 7.09965794
v -21.14818064 -5.77811675 7.80962374
v -20.87803963 -5.70430862 8.51958953
v -19.21964103 -5.55838741 7.80962374
v -18.97413465 -5.48738605 8.51958953
v -17.51197318 -5.40685269 7.09965794
v -17.29110143 -5.33865808 7.80962374
v -15.75503606 -5.24970444 6.38969215
v -15.55879894 -5.18431659 7.09965794
v -17.07022967 -5.27046348 8.51958953
v -15.36256182 -5.11892875 7.80962374
v -15.1663247 -5.0535409 8.51958953
v -14.20085842 -19.30466104 0.70996579
v -11.67543477 -18.57206251 0
v -14.04000725 -19.08599977 1.41993159
v -13.87915609 -18.8673385 2.12989738
v -11.8018132 -18.02465742 0
v -11.92819162 -17.47725233 0
v -11.54466989 -18.36405535 0.70996579
v -12.05457004 -16.92984724 0
v -12.18094847 -16.38244215 0
v -12.42722717 -15.87749597 0
v -11.413905 -18.15604819 1.41993159
v -11.28314012 -17.94804103 2.12989738
v -8.98915997 -17.62080271 0
v -9.11553839 -17.07339762 0
v -9.24191681 -16.52599253 0
v -9.36829524 -15.97858744 0
v -8.88848136 -17.42344966 0.70996579
v -8.78780275 -17.22609661 1.41993159
v -8.68712415 -17.02874356 2.12989738
v -13.71830493 -18.64867723 2.83986318
v -11.15237523 -17.74003387 2.83986318
v -13.55745376 -18.43001596 3.54982897
v -13.3966026 -18.21135469 4.25979477
v -11.02161035 -17.53202671 3.54982897
v -10.89084546 -17.32401955 4.25979477
v -8.58644554 -16.83139051 2.83986318
v -8.48576693 -16.63403746 3.54982897
v -8.38508832 -16.43668441 4.25979477
v -12.55360559 -15.33009088 0
v -12.67998402 -14.78268579 0
v -12.80636244 -14.2352807 0
v -12.93274086 -13.68787561 0
v -13.43177641 -12.08811925 0
v -13.17901957 -13.18292944 0
v -13.30539799 -12.63552435 0
v -13.55815484 -11.54071416 0
v -13.68453326 -10.99330907 0
v -10.73254533 -12.31658747 0
v -10.85892375 -11.76918238 0
v -10.98530217 -11.22177729 0
v -11.1116806 -10.6743722 0
v -9.86085265 -14.96869509 0
v -9.61457394 -15.47364126 0
v -9.98723107 -14.42129 0
v -10.11360949 -13.87388491 0
v -10.23998792 -13.32647982 0
v -7.29447812 -14.05989421 0
v -7.42085655 -13.51248912 0
v -10.48626662 -12.82153364 0
v -8.03979238 -11.95519168 0
v -7.54723497 -12.96508403 0
v -7.79351367 -12.46013785 0
v -8.28607108 -11.4502455 0
v -8.41244951 -10.90284041 0
v -6.30288516 -16.66954291 0
v -6.42926359 -16.12213782 0
v -6.23229283 -16.48284397 0.70996579
v -6.1617005 -16.29614503 1.41993159
v -6.09110817 -16.10944609 2.12989738
v -6.02051584 -15.92274715 2.83986318
v -6.55564201 -15.57473273 0
v -6.80192071 -15.06978656 0
v -7.04819942 -14.56484038 0
v -3.61661036 -15.71828311 0
v -3.74298878 -15.17087802 0
v -3.98926749 -14.66593185 0
v -3.57610431 -15.54223828 0.70996579
v -4.48182489 -13.6560395 0
v -4.23554619 -14.16098567 0
v -5.83959684 -10.58390354 0
v -5.59331814 -11.08884971 0
v -4.7281036 -13.15109332 0
v -4.85448202 -12.60368823 0
v -5.10076073 -12.09874206 0
v -5.34703943 -11.59379588 0
v -0.93033555 -14.76702331 0
v -0.91991578 -14.60163259 0.70996579
v -1.17661426 -14.26207714 0
v -1.42289296 -13.75713096 0
v -1.66917167 -13.25218479 0
v -3.53559825 -15.36619345 1.41993159
v -3.4950922 -15.19014862 2.12989738
v -0.909496 -14.43624187 1.41993159
v -0.89907623 -14.27085115 2.12989738
v -1.91545037 -12.74723862 0
v -2.16172908 -12.24229244 0
v -2.90056519 -10.72745392 0
v -2.40800778 -11.73734627 0
v -2.65428648 -11.23240009 0
v -5.94992352 -15.73604821 3.54982897
v -5.87933119 -15.54934927 4.25979477
v -3.45458615 -15.01410379 2.83986318
v -0.88865646 -14.10546043 2.83986318
v -3.4140801 -14.83805896 3.54982897
v -3.37357405 -14.66201412 4.25979477
v -0.87823668 -13.9400697 3.54982897
v -0.86781691 -13.77467898 4.25979477
v -13.23575144 -17.99269342 4.96976056
v -10.76008058 -17.11601239 4.96976056
v -13.07490028 -17.77403215 5.67972635
v -12.91404911 -17.55537088 6.38969215
v -8.28440972 -16.23933136 4.96976056
v -10.62931569 -16.90800523 5.67972635
v -10.49855081 -16.69999807 6.38969215
v -8.18373111 -16.0419783 5.67972635
v -12.75319795 -17.33670961 7.09965794
v -12.59234679 -17.11804834 7.80962374
v -12.43149562 -16.89938707 8.51958953
v -10.36778592 -16.49199091 7.09965794
v -10.23702104 -16.28398374 7.80962374
v -10.10625615 -16.07597658 8.51958953
v -8.0830525 -15.84462525 6.38969215
v -7.98237389 -15.6472722 7.09965794
v -7.88169529 -15.44991915 7.80962374
v -7.78101668 -15.2525661 8.51958953
v -5.80873886 -15.36265032 4.96976056
v -5.73814653 -15.17595138 5.67972635
v -5.6675542 -14.98925244 6.38969215
v -3.333068 -14.48596929 4.96976056
v -0.85739713 -13.60928826 4.96976056
v -3.29256194 -14.30992446 5.67972635
v -3.25205589 -14.13387963 6.38969215
v -0.84697736 -13.44389754 5.67972635
v -0.83655759 -13.27850682 6.38969215
v -5.59696187 -14.8025535 7.09965794
v -5.52636954 -14.61585456 7.80962374
v -5.45577721 -14.42915562 8.51958953
v -3.21154984 -13.9578348 7.09965794
v -3.17104379 -13.78178997 7.80962374
v -3.13053774 -13.60574514 8.51958953
v -0.82613781 -13.1131161 7.09965794
v -0.81571804 -12.94772538 7.80962374
v -0.80529826 -12.78233465 8.51958953
v -13.93081197 -10.4883629 0
v -14.05719039 -9.94095781 0
v -14.18356881 -9.39355272 0
v -11.604238 -9.66447985 0
v -11.3579593 -10.16942602 0
v -11.73061643 -9.11707476 0
v -11.85699485 -8.56966967 0
v -11.98337327 -8.02226458 0
v -12.60230911 -6.46496714 0
v -12.72868753 -5.91756205 0
v -12.85506595 -5.37015696 0
v -12.22965198 -7.5173184 0
v -12.47593068 -7.01237223 0
v -9.03138534 -9.34554297 0
v -9.27766404 -8.8405968 0
v -9.40404247 -8.29319171 0
v -8.53882793 -10.35543532 0
v -8.78510663 -9.85048915 0
v -10.0229783 -6.73589427 0
v -9.53042089 -7.74578662 0
v -9.77669959 -7.24084044 0
v -10.269257 -6.2309481 0
v -10.39563543 -5.683543 0
v -7.32374721 -6.96436248 0
v -8.06258332 -5.44952396 0
v -7.81630462 -5.95447014 0
v -7.57002591 -6.45941631 0
v -13.10134466 -4.86521078 0
v -13.34762336 -4.36026461 0
v -13.19812996 -4.31142958 0.70996579
v -10.76829255 -4.63119174 0
v -11.01457126 -4.12624557 0
v -11.26084996 -3.62129939 0
v -11.13472843 -3.58074078 0.70996579
v -13.04863657 -4.26259456 1.41993159
v -12.89914317 -4.21375954 2.12989738
v -11.00860689 -3.54018216 1.41993159
v -10.88248536 -3.49962355 2.12989738
v -10.52201385 -5.13613791 0
v -8.92779786 -3.38728035 0
v -9.17407657 -2.88233417 0
v -9.07132689 -2.85005197 0.70996579
v -8.18896175 -4.90211887 0
v -8.43524045 -4.3971727 0
v -8.68151916 -3.89222652 0
v -8.96857722 -2.81776977 1.41993159
v -8.86582755 -2.78548756 2.12989738
v -12.74964977 -4.16492451 2.83986318
v -10.75636382 -3.45906494 2.83986318
v -12.60015637 -4.11608949 3.54982897
v -12.45066298 -4.06725446 4.25979477
v -8.76307787 -2.75320536 2.83986318
v -10.63024229 -3.41850632 3.54982897
v -10.50412075 -3.37794771 4.25979477
v -8.6603282 -2.72092316 3.54982897
v -8.55757853 -2.68864096 4.25979477
v -5.96597526 -10.03649845 0
v -6.21225397 -9.53155227 0
v -6.45853267 -9.0266061 0
v -6.70481138 -8.52165992 0
v -6.95109008 -8.01671375 0
v -3.6394013 -9.2126154 0
v -3.88568001 -8.70766922 0
v -4.13195871 -8.20272305 0
v -7.07746851 -7.46930866 0
v -5.36335224 -5.67799218 0
v -4.62451612 -7.1928307 0
v -4.87079483 -6.68788452 0
v -4.37823742 -7.69777687 0
v -5.11707353 -6.18293835 0
v -3.14684389 -10.22250774 0
v -3.3931226 -9.71756157 0
v -0.11184499 -10.27452924 0
v -0.60440239 -9.26463689 0
v -0.35812369 -9.76958306 0
v -1.20423587 -8.32308693 0
v -0.8506811 -8.75969071 0
v -1.94307198 -6.80824841 0
v -2.78918417 -5.36175228 0
v -2.18935069 -6.30330224 0
v -2.54290546 -5.86669845 0
v -1.45051458 -7.81814076 0
v -1.69679328 -7.31319458 0
v -5.85590964 -4.66809983 0
v -5.60963094 -5.173046 0
v -6.10218835 -4.16315365 0
v -6.34846705 -3.65820748 0
v -6.84102446 -2.64831513 0
v -6.59474576 -3.15326131 0
v -3.88157505 -3.41030997 0
v -4.12785376 -2.9053638 0
v -7.08730317 -2.14336896 0
v -7.00792536 -2.11936316 0.70996579
v -4.62041116 -1.89547145 0
v -4.86668987 -1.39052528 0
v -4.37413246 -2.40041763 0
v -5.22024464 -0.9539215 0
v -5.16177789 -0.94323751 0.70996579
v -6.92854754 -2.09535737 1.41993159
v -6.84916973 -2.07135158 2.12989738
v -5.10331113 -0.93255353 1.41993159
v -5.04484437 -0.92186955 2.12989738
v -3.03546287 -4.8568061 0
v -3.28174157 -4.35185993 0
v -3.52802028 -3.84691376 0
v -0.10774003 -4.97716999 0
v -0.4612948 -4.54056621 0
v -0.70757351 -4.03562003 0
v -0.95385221 -3.53067386 0
v -1.20013091 -3.02572768 0
v -1.90724046 -2.15252012 0
v -2.15351916 -1.64757395 0
v -2.99963134 -0.20107781 0
v -2.39979787 -1.14262777 0
v -2.64607657 -0.6376816 0
v -1.55368569 -2.5891239 0
v -0.17918457 -0.38978409 0
v -6.76979192 -2.04734579 2.83986318
v -4.98637762 -0.91118557 2.83986318
v -6.69041411 -2.02333999 3.54982897
v -6.6110363 -1.9993342 4.25979477
v -4.92791086 -0.90050159 3.54982897
v -4.86944411 -0.88981761 4.25979477
v -14.22433994 -4.69944978 4.96976056
v -12.30116958 -4.01841944 4.96976056
v -14.05147468 -4.64233835 5.67972635
v -13.87860942 -4.58522692 6.38969215
v -12.15167618 -3.96958442 5.67972635
v -12.00218278 -3.92074939 6.38969215
v -10.37799922 -3.3373891 4.96976056
v -8.45482885 -2.65635875 4.96976056
v -10.25187768 -3.29683048 5.67972635
v -10.12575615 -3.25627187 6.38969215
v -8.35207918 -2.62407655 5.67972635
v -8.24932951 -2.59179435 6.38969215
v -13.70574416 -4.52811548 7.09965794
v -11.85268939 -3.87191437 7.09965794
v -13.53287891 -4.47100405 7.80962374
v -13.36001365 -4.41389261 8.51958953
v -11.70319599 -3.82307934 7.80962374
v -11.55370259 -3.77424432 8.51958953
v -9.99963461 -3.21571326 7.09965794
v -9.87351307 -3.17515464 7.80962374
v -9.74739154 -3.13459603 8.51958953
v -8.14657983 -2.55951214 7.09965794
v -8.04383016 -2.52722994 7.80962374
v -7.94108049 -2.49494774 8.51958953
v -6.53165849 -1.97532841 4.96976056
v -4.81097735 -0.87913363 4.96976056
v -6.45228068 -1.95132262 5.67972635
v -6.37290287 -1.92731682 6.38969215
v -4.75251059 -0.86844965 5.67972635
v -4.69404384 -0.85776567 6.38969215
v -6.29352505 -1.90331103 7.09965794
v -4.63557708 -0.84708168 7.09965794
v -6.21414724 -1.87930524 7.80962374
v -6.13476943 -1.85529945 8.51958953
v -4.57711033 -0.8363977 7.80962374
v -4.51864357 -0.82571372 8.51958953
v -24.36643931 -18.05886754 9.22955533
v -24.36643931 -17.57886212 9.22955533
v -24.04702903 -17.82214074 9.93952112
v -24.04702903 -17.34842753 9.93952112
v -24.36643931 -17.09885671 9.22955533
v -24.36643931 -16.61885129 9.22955533
v -24.36643931 -16.13884587 9.22955533
v -24.04702903 -16.87471432 9.93952112
v -24.04702903 -16.40100111 9.93952112
v -24.04702903 -15.9272879 9.93952112
v -21.94728034 -17.78323919 9.22955533
v -21.65958189 -17.5501255 9.93952112
v -23.72761876 -17.58541394 10.64948691
v -23.72761876 -17.11799294 10.64948691
v -23.72761876 -16.65057193 10.64948691
v -23.72761876 -16.18315093 10.64948691
v -23.40820849 -17.34868714 11.35945271
v -23.40820849 -16.88755834 11.35945271
v -23.40820849 -16.42642954 11.35945271
v -23.40820849 -15.96530075 11.35945271
v -23.08879822 -17.11196035 12.0694185
v -23.08879822 -16.65712375 12.0694185
v -23.08879822 -16.20228716 12.0694185
v -22.76938795 -16.87523355 12.7793843
v -22.76938795 -16.42668916 12.7793843
v -22.76938795 -15.97814477 12.7793843
v -24.36643931 -15.65884045 9.22955533
v -24.36643931 -15.17883504 9.22955533
v -24.36643931 -14.69882962 9.22955533
v -24.04702903 -15.45357468 9.93952112
v -24.04702903 -14.97986147 9.93952112
v -24.36643931 -14.2188242 9.22955533
v -24.36643931 -13.73881879 9.22955533
v -24.36643931 -13.25881337 9.22955533
v -24.04702903 -14.50614826 9.93952112
v -24.04702903 -14.03243505 9.93952112
v -24.04702903 -13.55872184 9.93952112
v -23.72761876 -15.71572992 10.64948691
v -23.72761876 -15.24830892 10.64948691
v -23.72761876 -14.78088791 10.64948691
v -23.72761876 -14.3134669 10.64948691
v -23.72761876 -13.8460459 10.64948691
v -23.72761876 -13.37862489 10.64948691
v -24.36643931 -12.77880795 9.22955533
v -24.36643931 -12.29880253 9.22955533
v -24.04702903 -13.08500863 9.93952112
v -24.04702903 -12.61129542 9.93952112
v -24.04702903 -12.1375822 9.93952112
v -24.36643931 -11.81879712 9.22955533
v -24.36643931 -11.3387917 9.22955533
v -24.36643931 -10.85878628 9.22955533
v -24.04702903 -11.66386899 9.93952112
v -24.04702903 -11.19015578 9.93952112
v -24.04702903 -10.71644257 9.93952112
v -23.72761876 -12.91120389 10.64948691
v -23.72761876 -12.44378288 10.64948691
v -23.72761876 -11.97636188 10.64948691
v -23.72761876 -11.50894087 10.64948691
v -23.72761876 -11.04151987 10.64948691
v -23.72761876 -10.57409886 10.64948691
v -23.40820849 -15.50417195 11.35945271
v -23.40820849 -15.04304315 11.35945271
v -23.40820849 -14.58191435 11.35945271
v -23.40820849 -14.12078555 11.35945271
v -23.40820849 -13.65965675 11.35945271
v -23.08879822 -15.74745056 12.0694185
v -23.08879822 -15.29261397 12.0694185
v -23.08879822 -14.83777738 12.0694185
v -23.08879822 -14.38294078 12.0694185
v -23.08879822 -13.92810419 12.0694185
v -23.08879822 -13.47326759 12.0694185
v -22.76938795 -15.52960038 12.7793843
v -22.76938795 -15.08105599 12.7793843
v -22.76938795 -14.63251161 12.7793843
v -22.76938795 -14.18396722 12.7793843
v -22.76938795 -13.73542283 12.7793843
v -22.76938795 -13.28687844 12.7793843
v -23.40820849 -13.19852795 11.35945271
v -23.40820849 -12.73739915 11.35945271
v -23.40820849 -12.27627035 11.35945271
v -23.40820849 -11.81514155 11.35945271
v -23.40820849 -11.35401275 11.35945271
v -23.40820849 -10.89288395 11.35945271
v -23.08879822 -13.018431 12.0694185
v -23.08879822 -12.56359441 12.0694185
v -23.08879822 -12.10875781 12.0694185
v -23.08879822 -11.65392122 12.0694185
v -23.08879822 -11.19908463 12.0694185
v -23.08879822 -10.74424803 12.0694185
v -22.76938795 -12.83833405 12.7793843
v -22.76938795 -12.38978967 12.7793843
v -22.76938795 -11.94124528 12.7793843
v -22.76938795 -11.49270089 12.7793843
v -22.76938795 -11.0441565 12.7793843
v -22.76938795 -10.59561211 12.7793843
v -19.52812137 -17.50761084 9.22955533
v -19.27213474 -17.27811026 9.93952112
v -21.37188344 -17.31701181 10.64948691
v -19.01614811 -17.04860967 10.64948691
v -17.1089624 -17.23198249 9.22955533
v -16.88468759 -17.00609501 9.93952112
v -14.68980343 -16.95635415 9.22955533
v -14.49724044 -16.73407977 9.93952112
v -16.66041279 -16.78020753 10.64948691
v -14.30467746 -16.51180539 10.64948691
v -21.08418499 -17.08389811 11.35945271
v -20.79648654 -16.85078442 12.0694185
v -18.76016148 -16.81910908 11.35945271
v -18.50417485 -16.58960849 12.0694185
v -20.50878809 -16.61767073 12.7793843
v -18.24818823 -16.36010791 12.7793843
v -16.43613798 -16.55432005 11.35945271
v -16.21186317 -16.32843257 12.0694185
v -15.98758837 -16.10254509 12.7793843
v -22.44997768 -16.63850675 13.48935009
v -22.44997768 -16.19625457 13.48935009
v -22.1305674 -16.40177995 14.19931589
v -22.1305674 -15.96581997 14.19931589
v -21.81115713 -16.16505315 14.90928168
v -21.49174686 -15.92832635 15.61924747
v -22.44997768 -15.75400238 13.48935009
v -22.44997768 -15.3117502 13.48935009
v -22.44997768 -14.86949802 13.48935009
v -22.1305674 -15.52986 14.19931589
v -22.1305674 -15.09390002 14.19931589
v -22.1305674 -14.65794004 14.19931589
v -22.44997768 -14.42724584 13.48935009
v -22.44997768 -13.98499365 13.48935009
v -22.44997768 -13.54274147 13.48935009
v -22.1305674 -14.22198007 14.19931589
v -22.1305674 -13.78602009 14.19931589
v -22.1305674 -13.35006011 14.19931589
v -21.81115713 -15.73538538 14.90928168
v -21.81115713 -15.30571761 14.90928168
v -21.81115713 -14.87604984 14.90928168
v -21.81115713 -14.44638207 14.90928168
v -21.81115713 -14.0167143 14.90928168
v -21.81115713 -13.58704653 14.90928168
v -22.44997768 -13.10048929 13.48935009
v -22.44997768 -12.65823711 13.48935009
v -22.44997768 -12.21598493 13.48935009
v -22.1305674 -12.91410014 14.19931589
v -22.1305674 -12.47814016 14.19931589
v -22.1305674 -12.04218019 14.19931589
v -22.44997768 -11.77373274 13.48935009
v -22.44997768 -11.33148056 13.48935009
v -22.44997768 -10.88922838 13.48935009
v -22.1305674 -11.60622021 14.19931589
v -22.1305674 -11.17026023 14.19931589
v -22.1305674 -10.73430026 14.19931589
v -21.81115713 -13.15737876 14.90928168
v -21.81115713 -12.72771099 14.90928168
v -21.81115713 -12.29804322 14.90928168
v -21.81115713 -11.86837545 14.90928168
v -21.81115713 -11.43870768 14.90928168
v -21.81115713 -11.0090399 14.90928168
v -21.81115713 -10.57937213 14.90928168
v -21.49174686 -15.50495079 15.61924747
v -21.49174686 -15.08157522 15.61924747
v -21.49174686 -14.65819966 15.61924747
v -21.49174686 -14.23482409 15.61924747
v -21.49174686 -13.81144853 15.61924747
v -21.49174686 -13.38807296 15.61924747
v -21.49174686 -12.9646974 15.61924747
v -21.49174686 -12.54132183 15.61924747
v -21.49174686 -12.11794627 15.61924747
v -21.49174686 -11.69457071 15.61924747
v -21.49174686 -11.27119514 15.61924747
v -21.49174686 -10.84781958 15.61924747
v -20.22108964 -16.38455703 13.48935009
v -19.93339119 -16.15144334 14.19931589
v -17.9922016 -16.13060732 13.48935009
v -19.64569274 -15.91832965 14.90928168
v -17.73621497 -15.90110673 14.19931589
v -15.76331356 -15.8766576 13.48935009
v -15.53903875 -15.65077012 14.19931589
v -17.48022834 -15.67160614 14.90928168
v -15.31476395 -15.42488264 14.90928168
v -21.17233659 -15.69159955 16.32921327
v -21.17233659 -15.27451619 16.32921327
v -21.17233659 -14.85743284 16.32921327
v -21.17233659 -14.44034948 16.32921327
v -21.17233659 -14.02326612 16.32921327
v -21.17233659 -13.60618276 16.32921327
v -19.35799429 -15.68521595 15.61924747
v -19.07029584 -15.45210226 16.32921327
v -20.85292632 -15.45487275 17.03917906
v -20.85292632 -15.0440816 17.03917906
v -20.85292632 -14.63329045 17.03917906
v -20.53351605 -15.21814596 17.74914486
v -20.53351605 -14.81364701 17.74914486
v -20.85292632 -14.2224993 17.03917906
v -20.85292632 -13.81170814 17.03917906
v -20.85292632 -13.40091699 17.03917906
v -20.53351605 -14.40914806 17.74914486
v -20.53351605 -14.00464911 17.74914486
v -20.53351605 -13.60015017 17.74914486
v -18.78259739 -15.21898857 17.03917906
v -18.49489894 -14.98587488 17.74914486
v -18.49489894 -14.58137593 17.74914486
v -18.49489894 -14.17687698 17.74914486
v -18.49489894 -13.77237803 17.74914486
v -18.49489894 -13.36787909 17.74914486
v -21.17233659 -13.1890994 16.32921327
v -21.17233659 -12.77201604 16.32921327
v -21.17233659 -12.35493268 16.32921327
v -21.17233659 -11.93784932 16.32921327
v -21.17233659 -11.52076597 16.32921327
v -21.17233659 -11.10368261 16.32921327
v -21.17233659 -10.68659925 16.32921327
v -20.85292632 -12.99012584 17.03917906
v -20.85292632 -12.57933468 17.03917906
v -20.85292632 -12.16854353 17.03917906
v -20.53351605 -13.19565122 17.74914486
v -20.53351605 -12.79115227 17.74914486
v -20.53351605 -12.38665333 17.74914486
v -20.53351605 -11.98215438 17.74914486
v -20.85292632 -11.75775238 17.03917906
v -20.85292632 -11.34696122 17.03917906
v -20.85292632 -10.93617007 17.03917906
v -20.53351605 -11.57765543 17.74914486
v -20.53351605 -11.17315648 17.74914486
v -20.53351605 -10.76865754 17.74914486
v -18.5858914 -12.97374742 17.74914486
v -18.5858914 -12.56924847 17.74914486
v -18.5858914 -12.16474953 17.74914486
v -18.5858914 -11.76025058 17.74914486
v -18.5858914 -11.35575163 17.74914486
v -18.67688387 -10.96161997 17.74914486
v -17.22424171 -15.44210556 15.61924747
v -16.96825509 -15.21260497 16.32921327
v -15.09048914 -15.19899516 15.61924747
v -14.86621433 -14.97310768 16.32921327
v -16.71226846 -14.98310438 17.03917906
v -16.45628183 -14.75360379 17.74914486
v -16.45628183 -14.34910485 17.74914486
v -16.45628183 -13.9446059 17.74914486
v -16.45628183 -13.54010695 17.74914486
v -14.64193953 -14.7472202 17.03917906
v -14.41766472 -14.52133271 17.74914486
v -14.41766472 -14.11683377 17.74914486
v -14.41766472 -13.71233482 17.74914486
v -14.50865719 -13.31820316 17.74914486
v -16.54727429 -13.14597529 17.74914486
v -16.63826676 -12.75184362 17.74914486
v -16.63826676 -12.34734468 17.74914486
v -16.63826676 -11.94284573 17.74914486
v -16.63826676 -11.53834678 17.74914486
v -16.72925922 -11.14421512 17.74914486
v -16.82025169 -10.75008345 17.74914486
v -14.59964965 -12.92407149 17.74914486
v -14.69064211 -12.52993982 17.74914486
v -14.69064211 -12.12544088 17.74914486
v -14.78163458 -11.32681026 17.74914486
v -14.69064211 -11.72094193 17.74914486
v -14.87262704 -10.9326786 17.74914486
v -24.36643931 -10.37878086 9.22955533
v -24.36643931 -9.89877545 9.22955533
v -24.36643931 -9.41877003 9.22955533
v -24.04702903 -10.24272936 9.93952112
v -24.04702903 -9.76901615 9.93952112
v -24.04702903 -9.29530294 9.93952112
v -24.36643931 -8.93876461 9.22955533
v -24.36643931 -8.4587592 9.22955533
v -24.36643931 -7.97875378 9.22955533
v -24.04702903 -8.82158972 9.93952112
v -24.04702903 -8.34787651 9.93952112
v -23.72761876 -10.10667785 10.64948691
v -23.72761876 -9.63925685 10.64948691
v -23.72761876 -9.17183584 10.64948691
v -23.72761876 -8.70441484 10.64948691
v -23.72761876 -8.23699383 10.64948691
v -24.36643931 -7.49874836 9.22955533
v -24.36643931 -7.01874294 9.22955533
v -24.04702903 -7.8741633 9.93952112
v -24.04702903 -7.40045009 9.93952112
v -24.04702903 -6.92673688 9.93952112
v -24.36643931 -6.53873753 9.22955533
v -24.36643931 -6.05873211 9.22955533
v -24.04702903 -6.45302367 9.93952112
v -24.04702903 -5.97931046 9.93952112
v -22.48716896 -5.8446163 9.22955533
v -22.19239332 -5.76800141 9.93952112
v -23.72761876 -7.76957283 10.64948691
v -23.72761876 -7.30215182 10.64948691
v -23.72761876 -6.83473081 10.64948691
v -23.72761876 -6.36730981 10.64948691
v -23.72761876 -5.8998888 10.64948691
v -21.89761768 -5.69138652 10.64948691
v -23.40820849 -10.43175515 11.35945271
v -23.40820849 -9.97062635 11.35945271
v -23.40820849 -9.50949755 11.35945271
v -23.40820849 -9.04836875 11.35945271
v -23.40820849 -8.58723995 11.35945271
v -23.40820849 -8.12611115 11.35945271
v -23.08879822 -10.28941144 12.0694185
v -23.08879822 -9.83457484 12.0694185
v -23.08879822 -9.37973825 12.0694185
v -23.08879822 -8.92490166 12.0694185
v -23.08879822 -8.47006506 12.0694185
v -23.08879822 -8.01522847 12.0694185
v -22.76938795 -10.14706773 12.7793843
v -22.76938795 -9.69852334 12.7793843
v -22.76938795 -9.24997895 12.7793843
v -22.76938795 -8.80143456 12.7793843
v -22.76938795 -8.35289017 12.7793843
v -23.40820849 -7.66498235 11.35945271
v -23.40820849 -7.20385355 11.35945271
v -23.40820849 -6.74272475 11.35945271
v -23.40820849 -6.28159595 11.35945271
v -23.40820849 -5.82046715 11.35945271
v -23.08879822 -7.56039187 12.0694185
v -23.08879822 -7.10555528 12.0694185
v -23.08879822 -6.65071869 12.0694185
v -21.60284204 -5.61477163 11.35945271
v -23.08879822 -6.19588209 12.0694185
v -23.08879822 -5.7410455 12.0694185
v -22.76938795 -7.90434579 12.7793843
v -22.76938795 -7.4558014 12.7793843
v -22.76938795 -7.00725701 12.7793843
v -22.76938795 -6.55871262 12.7793843
v -22.76938795 -6.11016823 12.7793843
v -22.76938795 -5.66162385 12.7793843
v -20.60789861 -5.63050049 9.22955533
v -20.3377576 -5.55669236 9.93952112
v -18.72862827 -5.41638468 9.22955533
v -18.48312189 -5.34538331 9.93952112
v -20.06761659 -5.48288423 10.64948691
v -19.79747558 -5.4090761 11.35945271
v -21.30806639 -5.53815673 12.0694185
v -19.52733457 -5.33526797 12.0694185
v -21.01329075 -5.46154184 12.7793843
v -18.23761551 -5.27438194 10.64948691
v -16.84935792 -5.20226887 9.22955533
v -16.62848617 -5.13407426 9.93952112
v -14.97008758 -4.98815306 9.22955533
v -14.77385046 -4.92276521 9.93952112
v -16.40761442 -5.06587966 10.64948691
v -14.57761333 -4.85737737 10.64948691
v -17.99210912 -5.20338058 11.35945271
v -19.25719356 -5.26145984 12.7793843
v -16.18674267 -4.99768505 11.35945271
v -17.74660274 -5.13237921 12.0694185
v -14.38137621 -4.79198952 11.35945271
v -15.96587092 -4.92949044 12.0694185
v -17.50109636 -5.06137784 12.7793843
v -15.74499917 -4.86129584 12.7793843
v -22.44997768 -10.4469762 13.48935009
v -22.44997768 -10.00472402 13.48935009
v -22.44997768 -9.56247183 13.48935009
v -22.1305674 -10.29834028 14.19931589
v -22.1305674 -9.8623803 14.19931589
v -22.1305674 -9.42642033 14.19931589
v -22.44997768 -9.12021965 13.48935009
v -22.44997768 -8.67796747 13.48935009
v -22.44997768 -8.23571529 13.48935009
v -22.1305674 -8.99046035 14.19931589
v -22.1305674 -8.55450038 14.19931589
v -22.1305674 -8.1185404 14.19931589
v -21.81115713 -10.14970436 14.90928168
v -21.81115713 -9.72003659 14.90928168
v -21.81115713 -9.29036882 14.90928168
v -21.81115713 -8.86070105 14.90928168
v -21.81115713 -8.43103328 14.90928168
v -21.81115713 -8.00136551 14.90928168
v -22.44997768 -7.7934631 13.48935009
v -22.44997768 -7.35121092 13.48935009
v -22.44997768 -6.90895874 13.48935009
v -22.1305674 -7.68258042 14.19931589
v -22.1305674 -7.24662045 14.19931589
v -22.1305674 -6.81066047 14.19931589
v -22.44997768 -6.46670656 13.48935009
v -22.44997768 -6.02445438 13.48935009
v -22.44997768 -5.58220219 13.48935009
v -22.1305674 -6.37470049 14.19931589
v -22.1305674 -5.93874052 14.19931589
v -22.1305674 -5.50278054 14.19931589
v -21.81115713 -7.57169774 14.90928168
v -21.81115713 -7.14202997 14.90928168
v -21.81115713 -6.7123622 14.90928168
v -21.81115713 -6.28269443 14.90928168
v -21.81115713 -5.85302666 14.90928168
v -21.81115713 -5.42335889 14.90928168
v -21.49174686 -10.42444401 15.61924747
v -21.49174686 -10.00106845 15.61924747
v -21.49174686 -9.57769288 15.61924747
v -21.49174686 -9.15431732 15.61924747
v -21.49174686 -8.73094175 15.61924747
v -21.49174686 -8.30756619 15.61924747
v -21.49174686 -7.88419062 15.61924747
v -21.49174686 -7.46081506 15.61924747
v -21.49174686 -7.03743949 15.61924747
v -21.49174686 -6.61406393 15.61924747
v -21.49174686 -6.19068836 15.61924747
v -21.49174686 -5.7673128 15.61924747
v -21.49174686 -5.34393724 15.61924747
v -20.71851511 -5.38492695 13.48935009
v -20.42373947 -5.30831206 14.19931589
v -21.17233659 -10.26951589 16.32921327
v -21.17233659 -9.85243253 16.32921327
v -21.17233659 -9.43534917 16.32921327
v -21.17233659 -9.01826581 16.32921327
v -21.17233659 -8.60118245 16.32921327
v -21.17233659 -8.18409909 16.32921327
v -20.85292632 -10.52537892 17.03917906
v -20.85292632 -10.11458777 17.03917906
v -20.85292632 -9.70379661 17.03917906
v -20.85292632 -9.29300546 17.03917906
v -20.53351605 -10.36415859 17.74914486
v -20.53351605 -9.95965964 17.74914486
v -20.53351605 -9.5551607 17.74914486
v -20.85292632 -8.88221431 17.03917906
v -20.85292632 -8.47142315 17.03917906
v -20.85292632 -8.060632 17.03917906
v -20.53351605 -9.15066175 17.74914486
v -20.53351605 -8.7461628 17.74914486
v -20.53351605 -8.34166385 17.74914486
v -20.53351605 -7.93716491 17.74914486
v -18.67688387 -10.55712102 17.74914486
v -18.67688387 -10.15262207 17.74914486
v -18.67688387 -9.74812313 17.74914486
v -18.67688387 -9.34362418 17.74914486
v -18.76787633 -8.94949251 17.74914486
v -18.76787633 -8.54499357 17.74914486
v -18.76787633 -8.14049462 17.74914486
v -21.17233659 -7.76701574 16.32921327
v -21.17233659 -7.34993238 16.32921327
v -21.17233659 -6.93284902 16.32921327
v -21.17233659 -6.51576566 16.32921327
v -21.17233659 -6.0986823 16.32921327
v -21.17233659 -5.68159894 16.32921327
v -20.85292632 -7.64984085 17.03917906
v -20.85292632 -7.2390497 17.03917906
v -20.85292632 -6.82825854 17.03917906
v -20.53351605 -7.53266596 17.74914486
v -20.53351605 -7.12816701 17.74914486
v -20.53351605 -6.72366807 17.74914486
v -20.85292632 -6.41746739 17.03917906
v -20.85292632 -6.00667624 17.03917906
v -20.85292632 -5.59588508 17.03917906
v -20.53351605 -6.31916912 17.74914486
v -20.53351605 -5.91467017 17.74914486
v -20.53351605 -5.51017122 17.74914486
v -18.76787633 -7.73599567 17.74914486
v -18.76787633 -7.33149673 17.74914486
v -18.8588688 -6.93736506 17.74914486
v -18.8588688 -6.53286611 17.74914486
v -18.8588688 -6.12836717 17.74914486
v -18.8588688 -5.72386822 17.74914486
v -18.8588688 -5.31936927 17.74914486
v -16.82025169 -10.3455845 17.74914486
v -16.82025169 -9.94108556 17.74914486
v -16.82025169 -9.53658661 17.74914486
v -17.00223662 -8.74832328 17.74914486
v -17.00223662 -8.34382433 17.74914486
v -17.00223662 -7.93932538 17.74914486
v -16.91124415 -9.14245494 17.74914486
v -14.96361951 -10.53854693 17.74914486
v -14.96361951 -10.13404799 17.74914486
v -14.96361951 -9.72954904 17.74914486
v -15.05461197 -9.33541737 17.74914486
v -15.2365969 -8.54715404 17.74914486
v -15.2365969 -8.1426551 17.74914486
v -15.14560444 -8.94128571 17.74914486
v -17.00223662 -7.53482644 17.74914486
v -17.09322908 -7.14069477 17.74914486
v -17.18422155 -6.74656311 17.74914486
v -17.18422155 -6.34206416 17.74914486
v -17.18422155 -5.93756521 17.74914486
v -17.18422155 -5.53306627 17.74914486
v -15.2365969 -7.73815615 17.74914486
v -15.32758937 -7.34402448 17.74914486
v -15.41858183 -6.94989282 17.74914486
v -15.5095743 -6.55576115 17.74914486
v -15.5095743 -6.15126221 17.74914486
v -15.60056676 -5.35263159 17.74914486
v -15.5095743 -5.74676326 17.74914486
v -18.98705255 -5.18765171 13.48935009
v -18.71691153 -5.11384358 14.19931589
v -20.12896383 -5.23169717 14.90928168
v -18.44677052 -5.04003545 14.90928168
v -17.25558998 -4.99037647 13.48935009
v -17.0100836 -4.9193751 14.19931589
v -15.52412741 -4.79310123 13.48935009
v -15.30325566 -4.72490662 14.19931589
v -16.76457722 -4.84837374 14.90928168
v -15.08238391 -4.65671202 14.90928168
v -19.83418819 -5.15508228 15.61924747
v -21.17233659 -5.26451558 16.32921327
v -18.17662951 -4.96622732 15.61924747
v -19.53941254 -5.07846739 16.32921327
v -17.9064885 -4.89241919 16.32921327
v -20.85292632 -5.18509393 17.03917906
v -20.53351605 -5.10567228 17.74914486
v -19.2446369 -5.0018525 17.03917906
v -18.94986126 -4.92523761 17.74914486
v -16.51907083 -4.77737237 15.61924747
v -16.27356445 -4.706371 16.32921327
v -14.86151216 -4.58851741 15.61924747
v -14.64064041 -4.52032281 16.32921327
v -17.63634749 -4.81861106 17.03917906
v -17.27521401 -5.1389346 17.74914486
v -17.36620648 -4.74480294 17.74914486
v -16.02805807 -4.63536963 17.03917906
v -14.41976866 -4.4521282 17.03917906
v -15.69155923 -4.95849993 17.74914486
v -15.78255169 -4.56436826 17.74914486
v -12.27064446 -16.6807258 9.22955533
v -12.1097933 -16.46206453 9.93952112
v -11.94894213 -16.24340326 10.64948691
v -9.97549127 -15.86796942 9.22955533
v -14.11211447 -16.28953102 11.35945271
v -13.91955149 -16.06725664 12.0694185
v -11.78809097 -16.02474199 11.35945271
v -9.84472638 -15.65996226 9.93952112
v -7.68033807 -15.05521305 9.22955533
v -7.57965946 -14.85786 9.93952112
v -9.7139615 -15.4519551 10.64948691
v -7.47898086 -14.66050695 10.64948691
v -11.62723981 -15.80608072 12.0694185
v -13.72698851 -15.84498227 12.7793843
v -11.46638864 -15.58741945 12.7793843
v -9.58319661 -15.24394794 11.35945271
v -9.45243172 -15.03594078 12.0694185
v -7.37830225 -14.4631539 11.35945271
v -7.27762364 -14.26580085 12.0694185
v -9.32166684 -14.82793362 12.7793843
v -7.17694503 -14.0684478 12.7793843
v -5.38518488 -14.24245668 9.22955533
v -5.31459255 -14.05575774 9.93952112
v -5.24400022 -13.8690588 10.64948691
v -3.09003168 -13.42970031 9.22955533
v -3.04952563 -13.25365547 9.93952112
v -0.79487849 -12.61694393 9.22955533
v -0.78445872 -12.45155321 9.93952112
v -3.00901958 -13.07761064 10.64948691
v -0.77403894 -12.28616249 10.64948691
v -5.17340789 -13.68235986 11.35945271
v -5.10281556 -13.49566091 12.0694185
v -5.03222323 -13.30896197 12.7793843
v -2.96851353 -12.90156581 11.35945271
v -2.92800748 -12.72552098 12.0694185
v -0.76361917 -12.12077177 11.35945271
v -0.75319939 -11.95538105 12.0694185
v -2.88750143 -12.54947615 12.7793843
v -0.74277962 -11.78999033 12.7793843
v -13.53442552 -15.62270789 13.48935009
v -13.34186254 -15.40043351 14.19931589
v -11.30553748 -15.36875818 13.48935009
v -11.14468632 -15.1500969 14.19931589
v -13.14929955 -15.17815914 14.90928168
v -10.98383516 -14.93143563 14.90928168
v -9.19090195 -14.61992646 13.48935009
v -9.06013707 -14.4119193 14.19931589
v -8.92937218 -14.20391214 14.90928168
v -12.95673657 -14.95588476 15.61924747
v -12.76417358 -14.73361039 16.32921327
v -10.82298399 -14.71277436 15.61924747
v -12.5716106 -14.51133601 17.03917906
v -12.37904761 -14.28906163 17.74914486
v -12.37904761 -13.88456269 17.74914486
v -12.47004008 -13.49043102 17.74914486
v -12.56103254 -13.09629936 17.74914486
v -12.65202501 -12.70216769 17.74914486
v -12.74301747 -12.30803603 17.74914486
v -12.74301747 -11.90353708 17.74914486
v -12.83400993 -11.50940541 17.74914486
v -12.9250024 -11.11527375 17.74914486
v -13.01599486 -10.72114208 17.74914486
v -10.70440036 -12.48026389 17.74914486
v -10.79539283 -12.08613223 17.74914486
v -10.88638529 -11.69200056 17.74914486
v -10.97737776 -11.2978689 17.74914486
v -11.06837022 -10.90373723 17.74914486
v -10.66213283 -14.49411309 16.32921327
v -8.7986073 -13.99590498 15.61924747
v -8.66784241 -13.78789782 16.32921327
v -10.50128167 -14.27545182 17.03917906
v -10.3404305 -14.05679055 17.74914486
v -10.43142297 -13.66265889 17.74914486
v -10.52241543 -13.26852722 17.74914486
v -8.53707753 -13.57989066 17.03917906
v -8.40631264 -13.3718835 17.74914486
v -10.6134079 -12.87439556 17.74914486
v -8.94760317 -11.43179559 17.74914486
v -9.03859563 -11.03766393 17.74914486
v -9.1295881 -10.64353226 17.74914486
v -8.49730511 -12.97775183 17.74914486
v -8.58829757 -12.58362017 17.74914486
v -8.67929004 -12.1894885 17.74914486
v -8.7702825 -11.79535684 17.74914486
v -7.07626643 -13.87109475 13.48935009
v -6.97558782 -13.6737417 14.19931589
v -6.87490921 -13.47638865 14.90928168
v -4.9616309 -13.12226303 13.48935009
v -4.89103857 -12.93556409 14.19931589
v -4.82044624 -12.74886515 14.90928168
v -2.84699537 -12.37343132 13.48935009
v -2.80648932 -12.19738649 14.19931589
v -0.73235985 -11.6245996 13.48935009
v -0.72194007 -11.45920888 14.19931589
v -2.76598327 -12.02134166 14.90928168
v -0.7115203 -11.29381816 14.90928168
v -6.77423061 -13.27903559 15.61924747
v -6.673552 -13.08168254 16.32921327
v -4.74985391 -12.56216621 15.61924747
v -4.67926158 -12.37546727 16.32921327
v -6.57287339 -12.88432949 17.03917906
v -6.47219478 -12.68697644 17.74914486
v -6.56318725 -12.29284478 17.74914486
v -6.65417971 -11.89871311 17.74914486
v -6.74517218 -11.50458145 17.74914486
v -6.92249284 -11.1410202 17.74914486
v -7.09981351 -10.77745896 17.74914486
v -4.60866925 -12.18876833 17.03917906
v -4.53807692 -12.00206939 17.74914486
v -4.62906939 -11.60793772 17.74914486
v -4.72006185 -11.21380606 17.74914486
v -4.89738252 -10.85024481 17.74914486
v -2.72547722 -11.84529682 15.61924747
v -2.68497117 -11.66925199 16.32921327
v -0.70110052 -11.12842744 15.61924747
v -0.69068075 -10.96303672 16.32921327
v -2.64446511 -11.49320716 17.03917906
v -2.69495153 -10.92303067 17.74914486
v -2.60395906 -11.31716233 17.74914486
v -0.68026098 -10.797646 17.03917906
v -0.6698412 -10.63225528 17.74914486
v -13.18714839 -4.35678118 9.22955533
v -13.01428313 -4.29966974 9.93952112
v -11.40420919 -3.7254093 9.22955533
v -11.2547158 -3.67657427 9.93952112
v -12.84141787 -4.24255831 10.64948691
v -11.1052224 -3.62773925 10.64948691
v -9.62127 -3.09403742 9.22955533
v -9.49514847 -3.0534788 9.93952112
v -9.36902693 -3.01292019 10.64948691
v -7.83833081 -2.46266553 9.22955533
v -7.73558114 -2.43038333 9.93952112
v -7.63283147 -2.39810113 10.64948691
v -12.66855261 -4.18544687 11.35945271
v -14.18513909 -4.72660168 12.0694185
v -12.49568735 -4.12833544 12.0694185
v -10.955729 -3.57890422 11.35945271
v -10.8062356 -3.5300692 12.0694185
v -13.98890197 -4.66121383 12.7793843
v -12.32282209 -4.07122401 12.7793843
v -9.2429054 -2.97236157 11.35945271
v -9.11678386 -2.93180296 12.0694185
v -10.65674221 -3.48123418 12.7793843
v -8.99066233 -2.89124435 12.7793843
v -7.53008179 -2.36581892 11.35945271
v -7.42733212 -2.33353672 12.0694185
v -7.32458245 -2.30125452 12.7793843
v -6.05539162 -1.83129365 9.22955533
v -5.97601381 -1.80728786 9.93952112
v -4.46017682 -0.81502974 9.22955533
v -4.40171006 -0.80434576 9.93952112
v -5.896636 -1.78328207 10.64948691
v -4.3432433 -0.79366178 10.64948691
v -5.81725819 -1.75927627 11.35945271
v -5.73788038 -1.73527048 12.0694185
v -4.28477655 -0.7829778 11.35945271
v -4.22630979 -0.77229382 12.0694185
v -5.65850256 -1.71126469 12.7793843
v -4.16784304 -0.76160984 12.7793843
v -13.10698733 -10.32701042 17.74914486
v -13.10698733 -9.92251147 17.74914486
v -13.19797979 -9.52837981 17.74914486
v -13.37996472 -8.74011647 17.74914486
v -13.47095719 -8.34598481 17.74914486
v -13.47095719 -7.94148586 17.74914486
v -13.28897226 -9.13424814 17.74914486
v -11.15936268 -10.50960557 17.74914486
v -11.25035515 -10.1154739 17.74914486
v -11.34134761 -9.72134224 17.74914486
v -11.43234008 -9.32721057 17.74914486
v -11.61432501 -8.53894724 17.74914486
v -11.70531747 -8.14481557 17.74914486
v -11.52333254 -8.9330789 17.74914486
v -13.56194965 -7.5473542 17.74914486
v -13.65294212 -7.15322253 17.74914486
v -13.74393458 -6.75909087 17.74914486
v -13.83492705 -6.3649592 17.74914486
v -13.83492705 -5.96046025 17.74914486
v -13.92591951 -5.56632859 17.74914486
v -11.79630994 -7.75068391 17.74914486
v -11.8873024 -7.35655224 17.74914486
v -11.97829487 -6.96242058 17.74914486
v -12.06928733 -6.56828891 17.74914486
v -12.1602798 -6.17415725 17.74914486
v -12.25127226 -5.78002558 17.74914486
v -12.34226472 -5.38589392 17.74914486
v -9.22058056 -10.2494006 17.74914486
v -9.48889369 -9.49170768 17.74914486
v -9.31157303 -9.85526893 17.74914486
v -9.57988616 -9.09757602 17.74914486
v -9.67087862 -8.70344435 17.74914486
v -9.76187109 -8.30931269 17.74914486
v -7.19080598 -10.38332729 17.74914486
v -7.28179844 -9.98919563 17.74914486
v -7.37279091 -9.59506396 17.74914486
v -7.72743224 -8.86794147 17.74914486
v -7.55011157 -9.23150271 17.74914486
v -7.8184247 -8.4738098 17.74914486
v -7.90941717 -8.07967814 17.74914486
v -9.85286355 -7.91518102 17.74914486
v -10.03018422 -7.55161978 17.74914486
v -10.12117668 -7.15748811 17.74914486
v -10.21216915 -6.76335645 17.74914486
v -10.30316161 -6.36922478 17.74914486
v -10.39415408 -5.97509312 17.74914486
v -10.57147475 -5.61153187 17.74914486
v -8.1777303 -7.32198523 17.74914486
v -8.35505097 -6.95842398 17.74914486
v -8.00040963 -7.68554647 17.74914486
v -8.5370359 -6.17016065 17.74914486
v -8.44604343 -6.56429232 17.74914486
v -8.62802836 -5.77602899 17.74914486
v -8.80534903 -5.41246774 17.74914486
v -13.79266485 -4.59582599 13.48935009
v -13.59642773 -4.53043815 14.19931589
v -12.14995683 -4.01411257 13.48935009
v -11.97709157 -3.95700114 14.19931589
v -13.4001906 -4.4650503 14.90928168
v -11.80422631 -3.8998897 14.90928168
v -10.50724881 -3.43239915 13.48935009
v -10.35775541 -3.38356413 14.19931589
v -8.86454079 -2.85068573 13.48935009
v -8.73841926 -2.81012712 14.19931589
v -10.20826202 -3.3347291 14.90928168
v -8.61229772 -2.76956851 14.90928168
v -7.22183277 -2.26897232 13.48935009
v -13.20395348 -4.39966246 15.61924747
v -13.00771636 -4.33427461 16.32921327
v -11.63136105 -3.84277827 15.61924747
v -11.45849579 -3.78566683 16.32921327
v -12.81147924 -4.26888677 17.03917906
v -14.01691198 -5.17219692 17.74914486
v -14.10790444 -4.77806526 17.74914486
v -14.1988969 -4.38393359 17.74914486
v -12.52424965 -4.59763059 17.74914486
v -12.61524212 -4.20349892 17.74914486
v -12.43325719 -4.99176225 17.74914486
v -10.75345968 -4.82326854 17.74914486
v -10.84445214 -4.42913688 17.74914486
v -10.9354446 -4.03500521 17.74914486
v -11.28563053 -3.7285554 17.03917906
v -11.11276527 -3.67144396 17.74914486
v -10.05876862 -3.28589408 15.61924747
v -9.90927522 -3.23705906 16.32921327
v -8.48617619 -2.72900989 15.61924747
v -8.36005465 -2.68845128 16.32921327
v -10.66246721 -5.21740021 17.74914486
v -8.9826697 -5.0489065 17.74914486
v -9.07366216 -4.65477483 17.74914486
v -9.16465463 -4.26064316 17.74914486
v -9.75978182 -3.18822403 17.03917906
v -9.43296776 -3.50295025 17.74914486
v -9.25564709 -3.8665115 17.74914486
v -9.61028843 -3.13938901 17.74914486
v -7.21654398 -4.84984236 17.74914486
v -7.39386465 -4.48628112 17.74914486
v -7.48485711 -4.09214945 17.74914486
v -8.23393311 -2.64789267 17.03917906
v -7.57584958 -3.69801779 17.74914486
v -7.75317024 -3.33445654 17.74914486
v -7.93049091 -2.9708953 17.74914486
v -8.10781158 -2.60733405 17.74914486
v -5.43400878 -9.33485899 17.74914486
v -5.61132945 -8.97129774 17.74914486
v -5.78865012 -8.6077365 17.74914486
v -5.96597079 -8.24417525 17.74914486
v -5.07470319 -10.48668357 17.74914486
v -5.25202385 -10.12312232 17.74914486
v -5.34301632 -9.72899065 17.74914486
v -3.67254733 -8.71109277 17.74914486
v -4.02718866 -7.98397028 17.74914486
v -3.849868 -8.34753153 17.74914486
v -6.32527638 -7.09235068 17.74914486
v -6.50259705 -6.72878943 17.74914486
v -6.05696325 -7.85004359 17.74914486
v -6.14795571 -7.45591192 17.74914486
v -6.77091018 -5.97109652 17.74914486
v -6.67991772 -6.36522819 17.74914486
v -6.86190265 -5.57696486 17.74914486
v -4.47282246 -6.86271613 17.74914486
v -4.20450933 -7.62040904 17.74914486
v -4.2955018 -7.22627737 17.74914486
v -4.65014313 -6.49915488 17.74914486
v -4.8274638 -6.13559364 17.74914486
v -5.00478446 -5.77203239 17.74914486
v -5.09577693 -5.37790072 17.74914486
v -2.87227219 -10.55946942 17.74914486
v -3.04959286 -10.19590817 17.74914486
v -3.22691353 -9.83234693 17.74914486
v -3.4042342 -9.46878568 17.74914486
v -3.49522666 -9.07465402 17.74914486
v -1.91108587 -8.08732656 17.74914486
v -1.02448254 -9.90513278 17.74914486
v -1.2018032 -9.54157154 17.74914486
v -0.84716187 -10.26869403 17.74914486
v -1.37912387 -9.17801029 17.74914486
v -1.55644454 -8.81444905 17.74914486
v -1.73376521 -8.4508878 17.74914486
v -2.26572721 -7.36020407 17.74914486
v -2.08840654 -7.72376531 17.74914486
v -2.44304788 -6.99664282 17.74914486
v -2.62036854 -6.63308158 17.74914486
v -2.79768921 -6.26952033 17.74914486
v -3.15233055 -5.54239784 17.74914486
v -2.97500988 -5.90595909 17.74914486
v -0.08052799 -7.39765954 17.74914486
v -0.25784866 -7.0340983 17.74914486
v -0.43516933 -6.67053705 17.74914486
v -1.0443701 -5.62905984 17.74914486
v -0.61249 -6.3069758 17.74914486
v -0.86704943 -5.99262108 17.74914486
v -5.57912475 -1.6872589 13.48935009
v -7.1190831 -2.23669011 14.19931589
v -5.49974694 -1.6632531 14.19931589
v -4.10937628 -0.75092585 13.48935009
v -4.05090953 -0.74024187 14.19931589
v -7.01633343 -2.20440791 14.90928168
v -5.42036913 -1.63924731 14.90928168
v -3.99244277 -0.72955789 14.90928168
v -7.03922331 -5.21340361 17.74914486
v -5.45041826 -4.65077823 17.74914486
v -5.62773893 -4.28721699 17.74914486
v -6.2506934 -2.80240159 17.74914486
v -5.8050596 -3.92365574 17.74914486
v -5.89605206 -3.52952408 17.74914486
v -6.07337273 -3.16596283 17.74914486
v -5.2730976 -5.01433948 17.74914486
v -3.68429255 -4.4517141 17.74914486
v -3.86161321 -4.08815286 17.74914486
v -4.03893388 -3.72459161 17.74914486
v -4.21625455 -3.36103037 17.74914486
v -4.39357522 -2.99746912 17.74914486
v -6.91358375 -2.17212571 15.61924747
v -6.81083408 -2.1398435 16.32921327
v -5.34099132 -1.61524152 15.61924747
v -5.26161351 -1.59123573 16.32921327
v -3.93397601 -0.71887391 15.61924747
v -3.87550926 -0.70818993 16.32921327
v -6.70808441 -2.1075613 17.03917906
v -6.42801406 -2.43884034 17.74914486
v -6.60533473 -2.0752791 17.74914486
v -5.1822357 -1.56722993 17.03917906
v -4.57089588 -2.63390788 17.74914486
v -4.74821655 -2.27034663 17.74914486
v -4.92553722 -1.90678539 17.74914486
v -5.10285789 -1.54322414 17.74914486
v -3.8170425 -0.69750595 17.03917906
v -3.75857575 -0.68682197 17.74914486
v -3.32965121 -5.17883659 17.74914486
v -3.50697188 -4.81527535 17.74914486
v -1.83089154 -4.22402138 17.74914486
v -2.0082122 -3.86046013 17.74914486
v -2.18553287 -3.49689889 17.74914486
v -2.36285354 -3.13333764 17.74914486
v -2.54017421 -2.7697764 17.74914486
v -1.39901143 -4.90193735 17.74914486
v -1.22169077 -5.26549859 17.74914486
v -1.5763321 -4.5383761 17.74914486
v -0.07757243 -3.58356088 17.74914486
v -0.50945253 -2.90564491 17.74914486
v -0.33213186 -3.26920616 17.74914486
v -2.79473364 -2.45542167 17.74914486
v -2.97205431 -2.09186043 17.74914486
v -3.14937498 -1.72829918 17.74914486
v -3.32669564 -1.36473794 17.74914486
v -3.50401631 -1.00117669 17.74914486
v -1.90517474 -0.45912924 17.74914486
v -2.15973417 -0.14477452 17.74914486
v -1.37321273 -1.54981298 17.74914486
v -1.1186533 -1.8641677 17.74914486
v -0.6867732 -2.54208367 17.74914486
v -0.86409386 -2.17852242 17.74914486
v -1.5505334 -1.18625173 17.74914486
v -1.72785407 -0.82269049 17.74914486
v -0.12901249 -0.28064304 17.74914486
v -3.35318611 0.23552597 0
v -3.31563041 0.23288814 0.70996579
v -1.13257282 0.98836965 0
v -0.77901805 0.55176587 0
v -0.42546327 0.11516208 0
v -1.48612759 1.42497343 0
v -1.46948294 1.40901379 0.70996579
v -3.27807471 0.23025031 1.41993159
v -3.24051901 0.22761248 2.12989738
v -1.4528383 1.39305415 1.41993159
v -1.43619365 1.3770945 2.12989738
v -3.20296331 0.22497465 2.83986318
v -1.41954901 1.36113486 2.83986318
v -3.16540761 0.22233681 3.54982897
v -3.12785191 0.21969898 4.25979477
v -1.40290436 1.34517522 3.54982897
v -1.38625972 1.32921558 4.25979477
v -3.09029621 0.21706115 4.96976056
v -1.36961507 1.31325594 4.96976056
v -3.05274051 0.21442332 5.67972635
v -3.01518481 0.21178549 6.38969215
v -1.35297043 1.29729629 5.67972635
v -1.33632579 1.28133665 6.38969215
v -2.97762911 0.20914766 7.09965794
v -1.31968114 1.26537701 7.09965794
v -2.94007341 0.20650983 7.80962374
v -2.90251771 0.203872 8.51958953
v -1.3030365 1.24941737 7.80962374
v -1.28639185 1.23345773 8.51958953
v -2.86496201 0.20123417 9.22955533
v -2.82740631 0.19859634 9.93952112
v -1.26974721 1.21749808 9.22955533
v -1.25310256 1.20153844 9.93952112
v -2.78985061 0.19595851 10.64948691
v -1.23645792 1.1855788 10.64948691
v -2.75229491 0.19332068 11.35945271
v -2.71473921 0.19068285 12.0694185
v -1.21981327 1.16961916 11.35945271
v -1.20316863 1.15365951 12.0694185
v -2.67718351 0.18804502 12.7793843
v -1.18652398 1.13769987 12.7793843
v -2.63962781 0.18540719 13.48935009
v -2.60207211 0.18276936 14.19931589
v -1.16987934 1.12174023 13.48935009
v -1.15323469 1.10578059 14.19931589
v -2.56451641 0.18013153 14.90928168
v -1.13659005 1.08982095 14.90928168
v -2.52696071 0.1774937 15.61924747
v -2.48940501 0.17485587 16.32921327
v -1.1199454 1.0738613 15.61924747
v -1.10330076 1.05790166 16.32921327
v -2.45184931 0.17221804 17.03917906
v -2.41429361 0.16958021 17.74914486
v -1.08665611 1.04194202 17.03917906
v -1.07001147 1.02598238 17.74914486
v -0.5608926 0.39727293 17.74914486
v -0.30633316 0.08291821 17.74914486
v -0.81545203 0.71162766 17.74914486
v 1.47310331 -13.23586389 0
v 1.2268246 -12.73091772 0
v 0.9805459 -12.22597154 0
v 1.45660457 -13.08762215 0.70996579
v 0.7342672 -11.72102537 0
v 0.13443372 -10.77947541 0
v 0.48798849 -11.21607919 0
v 3.38398476 -10.69481212 0
v 1.44010583 -12.93938042 1.41993159
v 1.42360709 -12.79113868 2.12989738
v 3.87654217 -11.70470447 0
v 3.63026347 -11.19975829 0
v 3.83312491 -11.57361172 0.70996579
v 3.78970766 -11.44251897 1.41993159
v 3.7462904 -11.31142622 2.12989738
v 1.40710834 -12.64289695 2.83986318
v 1.3906096 -12.49465521 3.54982897
v 1.37411086 -12.34641347 4.25979477
v 3.70287314 -11.18033347 2.83986318
v 3.65945589 -11.04924072 3.54982897
v 3.61603863 -10.91814796 4.25979477
v 1.35761212 -12.19817174 4.96976056
v 1.34111338 -12.04993 5.67972635
v 1.32461464 -11.90168827 6.38969215
v 3.52920412 -10.65596246 5.67972635
v 3.57262138 -10.78705521 4.96976056
v 1.3081159 -11.75344653 7.09965794
v 1.29161716 -11.60520479 7.80962374
v 1.27511841 -11.45696306 8.51958953
v 2.43059651 -9.31665838 0
v 3.13770606 -10.18986594 0
v 2.78415129 -9.75326216 0
v 2.18431781 -8.81171221 0
v 1.9380391 -8.30676603 0
v 1.6917604 -7.80181986 0
v 1.33820563 -7.36521608 0
v 0.98465086 -6.92861229 0
v 0.73837215 -6.42366612 0
v 0.24581474 -5.41377377 0
v 0.49209345 -5.91871995 0
v 3.52709236 -5.97074144 0
v 3.17353758 -5.53413766 0
v 5.08031408 -8.29044513 0
v 6.03370233 -9.66859887 0
v 6.27998103 -10.17354504 0
v 6.20964526 -10.05960128 0.70996579
v 5.78742362 -9.1636527 0
v 5.43386885 -8.72704891 0
v 6.13930949 -9.94565752 1.41993159
v 6.06897372 -9.83171375 2.12989738
v 4.2342019 -6.843949 0
v 4.72675931 -7.85384135 0
v 4.4804806 -7.34889518 0
v 3.88064713 -6.40734522 0
v 7.0229221 -6.39102432 0
v 6.42308863 -5.44947436 0
v 6.7766434 -5.88607815 0
v 5.99863795 -9.71776999 2.83986318
v 5.92830217 -9.60382622 3.54982897
v 5.8579664 -9.48988246 4.25979477
v 1.62031586 -3.21443396 0
v 1.37403716 -2.70948779 0
v 2.3274254 -4.08764152 0
v 2.92725888 -5.02919148 0
v 2.68098017 -4.52424531 0
v 1.97387063 -3.65103774 0
v 0.42064891 -1.33133405 0
v 0.77420368 -1.76793783 0
v 1.12775845 -2.20454161 0
v 0.06709414 -0.89473027 0
v 3.45564782 -1.38335554 0
v 2.3949835 -0.07354419 0
v 3.10209304 -0.94675176 0
v 2.74853827 -0.51014798 0
v 4.40903606 -2.76150928 0
v 5.11614561 -3.63471684 0
v 4.76259084 -3.19811306 0
v 6.06953385 -5.01287058 0
v 5.71597908 -4.5762668 0
v 5.36242431 -4.13966302 0
v 4.05548129 -2.3249055 0
v 3.70192652 -1.88830171 0
v 6.49064672 -1.43537703 0
v 6.8442015 -1.87198081 0
v 6.13709195 -0.99877325 0
v 5.78353718 -0.56216947 0
v 5.42998241 -0.12556569 0
v 8.68341989 -8.64238562 0
v 8.43714119 -8.13743945 0
v 8.58616561 -8.54559084 0.70996579
v 8.48891132 -8.44879606 1.41993159
v 8.39165703 -8.35200128 2.12989738
v 7.37647687 -6.8276281 0
v 7.73003165 -7.26423188 0
v 8.08358642 -7.70083567 0
v 9.67263967 -5.36481107 0
v 10.37974921 -6.23801864 0
v 10.02619444 -5.80141485 0
v 11.08685876 -7.1112262 0
v 10.73330398 -6.67462242 0
v 10.96268595 -7.03158041 0.70996579
v 10.83851315 -6.95193461 1.41993159
v 10.71434035 -6.87228882 2.12989738
v 8.29440275 -8.25520651 2.83986318
v 8.19714846 -8.15841173 3.54982897
v 8.09989417 -8.06161695 4.25979477
v 10.59016755 -6.79264302 2.83986318
v 10.46599474 -6.71299723 3.54982897
v 10.34182194 -6.63335144 4.25979477
v 8.61197535 -4.05499972 0
v 7.55131104 -2.74518838 0
v 7.90486581 -3.18179216 0
v 8.25842058 -3.61839594 0
v 9.3190849 -4.92820729 0
v 8.96553013 -4.49160351 0
v 7.19775627 -2.3085846 0
v 8.66329866 -0.02085409 0
v 10.52022541 -2.11315036 0
v 10.16667064 -1.67654658 0
v 9.3704082 -0.89406166 0
v 9.01685343 -0.45745788 0
v 9.81311587 -1.23994279 0
v 12.37715216 -4.20544662 0
v 11.22733495 -2.98635792 0
v 12.02359739 -3.76884284 0
v 11.67004262 -3.33223906 0
v 12.73070694 -4.64205041 0
v 13.08426171 -5.07865419 0
v 12.93771799 -5.0217732 0.70996579
v 12.79117428 -4.96489221 1.41993159
v 12.64463056 -4.90801123 2.12989738
v 10.87378018 -2.54975414 0
v 12.42847547 -0.17130099 0
v 13.57829268 -1.39038969 0
v 14.02100035 -1.73627083 0
v 13.13558501 -1.04450856 0
v 12.78203024 -0.60790477 0
v 12.49808685 -4.85113024 2.83986318
v 12.35154313 -4.79424925 3.54982897
v 12.20499942 -4.73736827 4.25979477
v 14.23709152 -2.87550127 3.54982897
v 14.06817689 -2.84138509 4.25979477
v 3.48578686 -10.52486971 6.38969215
v 5.78763063 -9.37593869 4.96976056
v 5.71729486 -9.26199493 5.67972635
v 5.64695909 -9.14805116 6.38969215
v 3.44236961 -10.39377696 7.09965794
v 3.39895235 -10.26268421 7.80962374
v 3.35553509 -10.13159146 8.51958953
v 5.57662331 -9.0341074 7.09965794
v 5.50628754 -8.92016363 7.80962374
v 5.43595177 -8.80621987 8.51958953
v 8.00263988 -7.96482217 4.96976056
v 10.21764914 -6.55370564 4.96976056
v 7.9053856 -7.86802739 5.67972635
v 7.80813131 -7.77123261 6.38969215
v 10.09347634 -6.47405985 5.67972635
v 9.96930353 -6.39441406 6.38969215
v 7.71087702 -7.67443783 7.09965794
v 9.84513073 -6.31476826 7.09965794
v 7.61362274 -7.57764305 7.80962374
v 7.51636845 -7.48084827 8.51958953
v 9.72095793 -6.23512247 7.80962374
v 9.59678513 -6.15547667 8.51958953
v 12.0584557 -4.68048728 4.96976056
v 13.89926226 -2.80726891 4.96976056
v 11.91191199 -4.62360629 5.67972635
v 11.76536827 -4.5667253 6.38969215
v 13.73034763 -2.77315273 5.67972635
v 13.56143301 -2.73903655 6.38969215
v 11.61882455 -4.50984432 7.09965794
v 13.39251838 -2.70492037 7.09965794
v 11.47228084 -4.45296333 7.80962374
v 11.32573712 -4.39608234 8.51958953
v 13.22360375 -2.67080419 7.80962374
v 13.05468912 -2.63668801 8.51958953
v 15.08166466 -3.04608218 0
v 14.91275003 -3.011966 0.70996579
v 14.7438354 -2.97784982 1.41993159
v 14.57492078 -2.94373364 2.12989738
v 14.37455512 -2.17287461 0
v 14.72810989 -2.6094784 0
v 16.37195807 -0.1403026 0
v 16.72551284 -0.57690638 0
v 17.07906761 -1.01351017 0
v 16.88778207 -1.00215879 0.70996579
v 16.69649653 -0.99080742 1.41993159
v 16.50521099 -0.97945604 2.12989738
v 14.40600615 -2.90961745 2.83986318
v 16.31392545 -0.96810467 2.83986318
v 15.93135436 -0.94540192 4.25979477
v 16.12263991 -0.95675329 3.54982897
v 15.74006882 -0.93405055 4.96976056
v 15.54878328 -0.92269917 5.67972635
v 15.35749774 -0.9113478 6.38969215
v 15.1662122 -0.89999642 7.09965794
v 14.97492666 -0.88864505 7.80962374
v 14.78364112 -0.87729368 8.51958953
v 1.25861967 -11.30872132 9.22955533
v 1.24212093 -11.16047959 9.93952112
v 1.22562219 -11.01223785 10.64948691
v 1.20912345 -10.86399611 11.35945271
v 1.19262471 -10.71575438 12.0694185
v 3.31211784 -10.00049871 9.22955533
v 3.26870058 -9.86940596 9.93952112
v 3.22528332 -9.73831321 10.64948691
v 5.29528023 -8.57833234 9.93952112
v 5.365616 -8.6922761 9.22955533
v 5.22494446 -8.46438857 10.64948691
v 3.18186607 -9.60722046 11.35945271
v 3.13844881 -9.47612771 12.0694185
v 1.17612597 -10.56751264 12.7793843
v 3.09503155 -9.34503496 12.7793843
v 5.15460868 -8.35044481 11.35945271
v 5.08427291 -8.23650104 12.0694185
v 5.01393714 -8.12255728 12.7793843
v 7.1273513 -7.09366915 11.35945271
v 7.03009701 -6.99687437 12.0694185
v 6.93284273 -6.90007959 12.7793843
v 7.41911416 -7.38405349 9.22955533
v 7.32185988 -7.28725871 9.93952112
v 9.47261233 -6.07583088 9.22955533
v 9.34843952 -5.99618509 9.93952112
v 7.22460559 -7.19046393 10.64948691
v 9.22426672 -5.91653929 10.64948691
v 9.10009392 -5.8368935 11.35945271
v 8.97592112 -5.75724771 12.0694185
v 8.85174831 -5.67760191 12.7793843
v 11.17919341 -4.33920135 9.22955533
v 11.03264969 -4.28232037 9.93952112
v 10.88610598 -4.22543938 10.64948691
v 12.88577449 -2.60257183 9.22955533
v 12.71685986 -2.56845565 9.93952112
v 12.54794523 -2.53433947 10.64948691
v 14.20978449 -0.84323955 10.64948691
v 10.59301855 -4.1116774 12.0694185
v 10.44647483 -4.05479642 12.7793843
v 10.73956226 -4.16855839 11.35945271
v 12.37903061 -2.50022329 11.35945271
v 12.21011598 -2.4661071 12.0694185
v 14.01849895 -0.83188818 11.35945271
v 13.82721341 -0.8205368 12.0694185
v 12.04120135 -2.43199092 12.7793843
v 13.63592787 -0.80918543 12.7793843
v 1.15962723 -10.41927091 13.48935009
v 1.14312848 -10.27102917 14.19931589
v 3.0516143 -9.21394221 13.48935009
v 3.00819704 -9.08284946 14.19931589
v 1.12662974 -10.12278743 14.90928168
v 2.96477978 -8.95175671 14.90928168
v 4.94360137 -8.00861351 13.48935009
v 4.8732656 -7.89466975 14.19931589
v 6.83558844 -6.80328482 13.48935009
v 6.73833415 -6.70649004 14.19931589
v 4.80292983 -7.78072598 14.90928168
v 6.64107987 -6.60969526 14.90928168
v 1.110131 -9.9745457 15.61924747
v 1.09363226 -9.82630396 16.32921327
v 2.92136253 -8.82066396 15.61924747
v 2.87794527 -8.68957121 16.32921327
v 1.07713352 -9.67806223 17.03917906
v 1.06063478 -9.52982049 17.74914486
v 0.88331411 -9.16625925 17.74914486
v 0.70599344 -8.802698 17.74914486
v 0.35135211 -8.07557551 17.74914486
v 0.52867278 -8.43913676 17.74914486
v 2.83452801 -8.55847846 17.03917906
v 2.61379009 -8.06382446 17.74914486
v 2.79111076 -8.42738571 17.74914486
v 0.09679267 -7.76122079 17.74914486
v 1.75002988 -6.70799252 17.74914486
v 1.57270922 -6.34443128 17.74914486
v 1.39538855 -5.98087003 17.74914486
v 1.21806788 -5.61730879 17.74914486
v 0.96350845 -5.30295407 17.74914486
v 2.43646942 -7.70026322 17.74914486
v 2.25914876 -7.33670197 17.74914486
v 2.00458932 -7.02234725 17.74914486
v 3.4032671 -5.65476426 17.74914486
v 3.22594643 -5.29120302 17.74914486
v 4.73259405 -7.66678222 15.61924747
v 4.66225828 -7.55283845 16.32921327
v 6.54382558 -6.51290048 15.61924747
v 6.44657129 -6.4161057 16.32921327
v 4.59192251 -7.43889469 17.03917906
v 4.34426607 -6.96138968 17.74914486
v 4.52158674 -7.32495092 17.74914486
v 3.91238597 -6.28347371 17.74914486
v 3.65782653 -5.96911899 17.74914486
v 4.1669454 -6.59782843 17.74914486
v 6.34931701 -6.31931092 17.03917906
v 6.07474205 -5.85895489 17.74914486
v 5.82018262 -5.54460017 17.74914486
v 6.25206272 -6.22251614 17.74914486
v 0.70894901 -4.98859934 17.74914486
v 0.53162834 -4.6250381 17.74914486
v 0.35430768 -4.26147685 17.74914486
v 0.17698701 -3.89791561 17.74914486
v 1.67574669 -2.94310039 17.74914486
v 2.53950689 -4.29893233 17.74914486
v 2.28494746 -3.9845776 17.74914486
v 3.04862576 -4.92764177 17.74914486
v 2.79406633 -4.61328705 17.74914486
v 2.10762679 -3.62101636 17.74914486
v 1.93030612 -3.25745511 17.74914486
v 0.81198648 -1.58726845 17.74914486
v 1.16662781 -2.31439094 17.74914486
v 1.42118725 -2.62874567 17.74914486
v 0.98930715 -1.9508297 17.74914486
v 0.30286761 -0.95855901 17.74914486
v 0.55742704 -1.27291373 17.74914486
v 0.04830817 -0.64420428 17.74914486
v 1.72438852 -0.05295031 17.74914486
v 2.66538749 -1.35957572 17.74914486
v 3.17450636 -1.98828517 17.74914486
v 3.4290658 -2.30263989 17.74914486
v 2.91994693 -1.67393045 17.74914486
v 2.48806682 -0.99601448 17.74914486
v 2.23350739 -0.68165976 17.74914486
v 1.97894795 -0.36730503 17.74914486
v 5.31106374 -4.91589072 17.74914486
v 4.87918364 -4.23797476 17.74914486
v 5.05650431 -4.601536 17.74914486
v 4.37006477 -3.60926531 17.74914486
v 3.8609459 -2.98055586 17.74914486
v 4.11550533 -3.29491059 17.74914486
v 4.62462421 -3.92362003 17.74914486
v 5.56562318 -5.23024545 17.74914486
v 6.20062265 -2.91959829 17.74914486
v 6.96430096 -3.86266246 17.74914486
v 6.70974152 -3.54830774 17.74914486
v 6.45518209 -3.23395302 17.74914486
v 3.68362523 -2.61699462 17.74914486
v 5.18238491 -1.6621794 17.74914486
v 4.92782547 -1.34782468 17.74914486
v 4.4187066 -0.71911523 17.74914486
v 3.90958773 -0.09040578 17.74914486
v 4.16414716 -0.40476051 17.74914486
v 4.67326604 -1.03346995 17.74914486
v 5.69150378 -2.29088885 17.74914486
v 5.94606321 -2.60524357 17.74914486
v 5.43694434 -1.97653412 17.74914486
v 6.23757543 -0.01501344 17.74914486
v 7.06544382 -0.8927573 17.74914486
v 6.49213486 -0.32936816 17.74914486
v 6.7466943 -0.64372288 17.74914486
v 8.72757551 -5.59795612 13.48935009
v 8.60340271 -5.51831032 14.19931589
v 8.47922991 -5.43866453 14.90928168
v 8.35505711 -5.35901874 15.61924747
v 10.29993112 -3.99791543 13.48935009
v 10.1533874 -3.94103444 14.19931589
v 10.00684369 -3.88415346 14.90928168
v 11.87228672 -2.39787474 13.48935009
v 11.70337209 -2.36375856 14.19931589
v 13.44464233 -0.79783406 13.48935009
v 13.25335678 -0.78648268 14.19931589
v 11.53445746 -2.32964238 14.90928168
v 13.06207124 -0.77513131 14.90928168
v 8.2308843 -5.27937294 16.32921327
v 9.86029997 -3.82727247 15.61924747
v 9.71375626 -3.77039148 16.32921327
v 8.1067115 -5.19972715 17.03917906
v 7.9825387 -5.12008135 17.74914486
v 7.72797926 -4.80572663 17.74914486
v 7.47341983 -4.49137191 17.74914486
v 7.21886039 -4.17701719 17.74914486
v 8.91154995 -3.02792006 17.74914486
v 8.65699052 -2.71356534 17.74914486
v 9.56721254 -3.71351049 17.03917906
v 9.16610939 -3.34227478 17.74914486
v 9.42066882 -3.65662951 17.74914486
v 7.57456269 -1.52146675 17.74914486
v 7.82912213 -1.83582147 17.74914486
v 8.40243108 -2.39921061 17.74914486
v 8.08368156 -2.1501762 17.74914486
v 7.32000326 -1.20711203 17.74914486
v 10.60423952 -1.87882294 17.74914486
v 10.34968008 -1.56446821 17.74914486
v 9.77637112 -1.00107907 17.74914486
v 9.4576216 -0.75204465 17.74914486
v 9.20306217 -0.43768993 17.74914486
v 8.94850273 -0.12333521 17.74914486
v 10.09512064 -1.25011349 17.74914486
v 11.36554284 -2.2955262 15.61924747
v 11.19662821 -2.26141002 16.32921327
v 12.8707857 -0.76377993 15.61924747
v 12.67950016 -0.75242856 16.32921327
v 11.02771358 -2.22729384 17.03917906
v 10.85879895 -2.19317766 17.74914486
v 12.29692908 -0.72972581 17.74914486
v 11.78781021 -0.10101636 17.74914486
v 12.04236964 -0.41537109 17.74914486
v 12.48821462 -0.74107718 17.03917906
v 14.59235557 -0.8659423 9.22955533
v 14.40107003 -0.85459093 9.93952112
v 1.44159525 1.30460955 0
v 0.38093094 2.61442089 0
v 0.73448571 2.17781711 0
v 1.08804048 1.74121333 0
v 0.37666453 2.58513944 0.70996579
v 2.04142873 0.36305959 0
v 1.79515002 0.86800576 0
v 3.30865378 2.49405701 0
v 0.37239812 2.55585798 1.41993159
v 0.36813171 2.52657653 2.12989738
v 2.60154424 3.36726457 0
v 2.24798946 3.80386835 0
v 2.95509901 2.93066079 0
v 2.222812 3.76126509 0.70996579
v 2.19763453 3.71866182 1.41993159
v 2.17245707 3.67605856 2.12989738
v 4.36931809 1.18424566 0
v 5.07642764 0.3110381 0
v 4.72287287 0.74764188 0
v 4.01576332 1.62084944 0
v 3.66220855 2.05745323 0
v 6.45281713 2.50804595 0
v 6.8063719 2.07144217 0
v 5.30299992 3.72713466 0
v 4.24233561 5.036946 0
v 4.59589038 4.60034222 0
v 4.94944515 4.16373844 0
v 5.65655469 3.29053087 0
v 6.09926236 2.94464974 0
v 3.71451631 5.26225193 1.41993159
v 3.67196049 5.20196433 2.12989738
v 0.3638653 2.49729508 2.83986318
v 0.35959888 2.46801362 3.54982897
v 0.35533247 2.43873217 4.25979477
v 2.1472796 3.63345529 2.83986318
v 2.12210213 3.59085203 3.54982897
v 2.09692467 3.54824876 4.25979477
v 3.54429304 5.02110152 4.25979477
v 3.62940467 5.14167672 2.83986318
v 3.58684886 5.08138912 3.54982897
v 3.79962794 5.38282714 0
v 3.75707212 5.32253954 0.70996579
v 5.29133225 6.88381398 0.70996579
v 6.23668175 6.27002365 0
v 6.59023652 5.83341987 0
v 6.94379129 5.39681609 0
v 5.35126642 6.96178592 0
v 5.79397408 6.61590479 0
v 5.23139808 6.80584204 1.41993159
v 5.17146391 6.7278701 2.12989738
v 6.90290489 8.54074471 0
v 6.82559237 8.44508843 0.70996579
v 6.74827986 8.34943215 1.41993159
v 6.67096734 8.25377587 2.12989738
v 5.11152975 6.64989816 2.83986318
v 5.05159558 6.57192621 3.54982897
v 4.99166141 6.49395427 4.25979477
v 6.59365482 8.15811959 2.83986318
v 6.5163423 8.06246331 3.54982897
v 6.43902978 7.96680703 4.25979477
v 7.51348145 1.19823461 0
v 7.95618911 0.85235347 0
v 8.30974389 0.41574969 0
v 7.15992668 1.63483839 0
v 9.68613338 2.61275755 0
v 10.48239582 1.83027263 0
v 10.12884105 2.26687641 0
v 8.88987094 3.39524247 0
v 8.53631617 3.83184625 0
v 7.74005373 4.61433117 0
v 7.29734607 4.9602123 0
v 8.1827614 4.26845003 0
v 9.24342571 2.95863868 0
v 10.61981521 5.15564654 0
v 11.18950536 0.95706506 0
v 11.63221303 0.61118393 0
v 12.0749207 0.26530279 0
v 10.83595059 1.39366885 0
v 13.45131019 2.46231065 0
v 13.89401786 2.11642951 0
v 12.30149298 3.68139935 0
v 11.41607765 4.37316162 0
v 10.97336998 4.71904276 0
v 11.85878532 4.02728049 0
v 12.65504775 3.24479557 0
v 13.00860253 2.80819178 0
v 7.78832023 7.84898244 0
v 8.58458267 7.06649752 0
v 8.23102789 7.5031013 0
v 9.3808451 6.2840126 0
v 9.82355277 5.93813146 0
v 10.26626044 5.59225032 0
v 8.93813744 6.62989373 0
v 7.34561256 8.19486357 0
v 8.89725104 9.77382236 0
v 8.45454337 10.11970349 0
v 8.3598525 10.00636288 0.70996579
v 9.78266637 9.08206008 0
v 10.57892881 8.29957516 0
v 10.22537404 8.73617895 0
v 9.3399587 9.42794122 0
v 8.26516163 9.89302226 1.41993159
v 8.17047076 9.77968164 2.12989738
v 11.46434414 7.60781289 0
v 11.90705181 7.26193175 0
v 12.34975948 6.91605062 0
v 12.70331425 6.47944683 0
v 13.14602192 6.1335657 0
v 13.58872958 5.78768456 0
v 14.03143725 5.44180342 0
v 11.02163648 7.95369403 0
v 11.77701251 10.31513773 0
v 12.21972018 9.96925659 0
v 13.99055085 8.58573205 0
v 13.54784318 8.93161318 0
v 12.66242785 9.62337546 0
v 13.10513552 9.27749432 0
v 8.07577989 9.66634102 2.83986318
v 7.98108902 9.5530004 3.54982897
v 7.88639815 9.43965978 4.25979477
v 0.35106606 2.40945072 4.96976056
v 0.34679965 2.38016926 5.67972635
v 0.34253324 2.35088781 6.38969215
v 2.0717472 3.5056455 4.96976056
v 3.50173722 4.96081391 4.96976056
v 2.04656973 3.46304223 5.67972635
v 2.02139227 3.42043897 6.38969215
v 3.4591814 4.90052631 5.67972635
v 3.41662559 4.84023871 6.38969215
v 0.33826683 2.32160636 7.09965794
v 0.33400042 2.2923249 7.80962374
v 0.32973401 2.26304345 8.51958953
v 1.9962148 3.3778357 7.09965794
v 3.37406977 4.7799511 7.09965794
v 1.97103734 3.33523244 7.80962374
v 1.94585987 3.29262917 8.51958953
v 3.33151395 4.7196635 7.80962374
v 3.28895814 4.6593759 8.51958953
v 4.93172724 6.41598233 4.96976056
v 6.36171726 7.87115075 4.96976056
v 4.87179307 6.33801039 5.67972635
v 4.8118589 6.26003845 6.38969215
v 6.28440474 7.77549447 5.67972635
v 6.20709222 7.67983819 6.38969215
v 4.75192474 6.1820665 7.09965794
v 6.1297797 7.58418191 7.09965794
v 4.69199057 6.10409456 7.80962374
v 4.6320564 6.02612262 8.51958953
v 6.05246718 7.48852562 7.80962374
v 5.97515467 7.39286934 8.51958953
v 7.79170728 9.32631916 4.96976056
v 7.69701641 9.21297854 5.67972635
v 7.60232554 9.09963793 6.38969215
v 8.99755886 10.51943766 6.38969215
v 7.50763467 8.98629731 7.09965794
v 8.88548964 10.38841271 7.09965794
v 7.4129438 8.87295669 7.80962374
v 7.31825293 8.75961607 8.51958953
v 8.77342042 10.25738775 7.80962374
v 8.6613512 10.12636279 8.51958953
v 10.00618185 11.69866228 0
v 10.44888951 11.35278114 0
v 9.89411263 11.56763732 0.70996579
v 9.78204341 11.43661236 1.41993159
v 9.66997418 11.30558741 2.12989738
v 10.89159718 11.00690001 0
v 11.33430485 10.66101887 0
v 12.11473858 13.00288536 0
v 13.952029 11.72781328 0
v 13.00015391 12.31112308 0
v 12.55744624 12.65700422 0
v 13.44286158 11.96524195 0
v 10.78779132 13.12969919 2.12989738
v 11.16286349 13.58619516 0
v 11.67203091 13.34876649 0
v 11.03783943 13.43402984 0.70996579
v 12.31954513 15.47372805 0
v 12.18156624 15.30042235 0.70996579
v 14.22329531 14.30710844 0
v 13.33787997 14.99887071 0
v 12.82871255 15.23629938 0
v 13.78058764 14.65298957 0
v 10.91281538 13.28186451 1.41993159
v 12.04358735 15.12711666 1.41993159
v 11.90560846 14.95381097 2.12989738
v 9.55790496 11.17456245 2.83986318
v 10.66276727 12.97753386 2.83986318
v 9.44583574 11.04353749 3.54982897
v 9.33376652 10.91251254 4.25979477
v 10.53774321 12.82536854 3.54982897
v 10.41271916 12.67320321 4.25979477
v 11.76762957 14.78050527 2.83986318
v 11.49167179 14.43389389 4.25979477
v 11.62965068 14.60719958 3.54982897
v 13.98539419 17.12383226 0
v 13.32529304 17.16681487 0.70996579
v 13.47622677 17.36126093 0
v 13.17435932 16.97236881 1.41993159
v 13.02342559 16.77792275 2.12989738
v 14.14124273 18.60203453 2.12989738
v 12.87249187 16.58347669 2.83986318
v 13.97735417 18.3864481 2.83986318
v 12.72155815 16.38903062 3.54982897
v 12.57062442 16.19458456 4.25979477
v 13.81346561 18.17086167 3.54982897
v 13.64957705 17.95527524 4.25979477
v 9.2216973 10.78148758 4.96976056
v 10.2876951 12.52103789 4.96976056
v 9.10962808 10.65046262 5.67972635
v 10.16267104 12.36887256 5.67972635
v 10.03764699 12.21670723 6.38969215
v 11.3536929 14.26058819 4.96976056
v 11.21571401 14.0872825 5.67972635
v 11.07773512 13.9139768 6.38969215
v 12.26875697 15.80569244 5.67972635
v 12.11782325 15.61124637 6.38969215
v 9.91262293 12.06454191 7.09965794
v 9.66257482 11.76021126 8.51958953
v 9.78759888 11.91237658 7.80962374
v 10.66379845 13.39405972 8.51958953
v 10.93975623 13.74067111 7.09965794
v 11.96688953 15.41680031 7.09965794
v 10.80177734 13.56736542 7.80962374
v 11.8159558 15.22235425 7.80962374
v 11.66502208 15.02790819 8.51958953
v 12.4196907 16.0001385 4.96976056
v 13.4856885 17.73968881 4.96976056
v 13.32179994 17.52410238 5.67972635
v 13.15791138 17.30851594 6.38969215
v 14.19799951 19.00578551 6.38969215
v 12.99402282 17.09292951 7.09965794
v 12.83013426 16.87734308 7.80962374
v 12.6662457 16.66175665 8.51958953
v 13.66746933 18.29560512 8.51958953
v 14.10820465 18.09008686 8.51958953
v 14.02115612 18.76905872 7.09965794
v 13.84431272 18.53233192 7.80962374
v 15.04383507 0.89734081 0
v 15.48654274 0.55145967 0
v 15.9292504 0.20557854 0
v 14.6902803 1.33394459 0
v 14.33672553 1.77054837 0
v 17.39479279 2.49330904 0
v 14.47414492 5.09592229 0
v 14.82769969 4.6593185 0
v 15.27040735 4.31343737 0
v 15.71311502 3.96755623 0
v 16.59853036 3.27579396 0
v 16.15582269 3.62167509 0
v 16.95208513 2.83919018 0
v 19.07647057 1.01906185 0
v 18.86281411 1.00764841 0.70996579
v 18.28020813 1.80154676 0
v 17.83750046 2.1474279 0
v 18.72291579 1.45566563 0
v 18.64915766 0.99623498 1.41993159
v 18.4355012 0.98482155 2.12989738
v 18.41762752 5.12692068 0
v 19.30304285 4.4351584 0
v 18.86033518 4.78103954 0
v 20.18845819 3.74339613 0
v 21.07387352 3.05163386 0
v 20.63116585 3.39751499 0
v 20.83784615 3.01745562 0.70996579
v 19.74575052 4.08927727 0
v 20.60181878 2.98327738 1.41993159
v 20.36579142 2.94909914 2.12989738
v 17.79453184 0.95058125 4.25979477
v 18.22184475 0.97340812 2.83986318
v 18.00818829 0.96199468 3.54982897
v 20.12976405 2.9149209 2.83986318
v 19.89373668 2.88074266 3.54982897
v 19.65770931 2.84656442 4.25979477
v 21.2993342 5.17446935 3.54982897
v 21.04663026 5.11307741 4.25979477
v 14.87596618 7.89396977 0
v 15.76138152 7.2022075 0
v 15.31867385 7.54808864 0
v 16.64679685 6.51044523 0
v 17.53221218 5.81868295 0
v 17.08950452 6.16456409 0
v 16.20408918 6.85632636 0
v 14.43325852 8.23985091 0
v 15.72285967 10.34428873 0
v 17.5601501 9.06921665 0
v 16.67473476 9.76097892 0
v 16.2320271 10.10686006 0
v 17.11744243 9.41509779 0
v 17.97491985 5.47280182 0
v 19.39744052 7.79414457 0
v 21.23473095 6.51907249 0
v 20.28285585 7.1023823 0
v 19.84014819 7.44826343 0
v 20.79202328 6.86495363 0
v 18.51202519 8.48590684 0
v 18.00285776 8.72333551 0
v 18.95473285 8.14002571 0
v 20.37725352 10.46136846 0
v 21.26266886 9.76960619 0
v 20.81996119 10.11548733 0
v 21.55203815 5.2358613 2.83986318
v 22.12014628 5.82731022 0
v 21.67743861 6.17319135 0
v 22.56285395 5.48142908 0
v 22.31015 5.42003713 0.70996579
v 24.05183437 7.9112243 0
v 23.78245384 7.82261865 0.70996579
v 22.05744605 5.35864519 1.41993159
v 21.8047421 5.29725324 2.12989738
v 23.51307332 7.734013 1.41993159
v 23.24369279 7.64540735 2.12989738
v 22.21454395 9.18629638 0
v 22.72371137 8.94886771 0
v 23.16641904 8.60298658 0
v 21.70537652 9.42372505 0
v 23.60912671 8.25710544 0
v 24.68264347 9.99356145 2.12989738
v 25.5408148 10.34101953 0
v 25.25475769 10.22520017 0.70996579
v 24.96870058 10.10938081 1.41993159
v 22.97431226 7.5568017 2.83986318
v 22.70493173 7.46819604 3.54982897
v 22.4355512 7.37959039 4.25979477
v 24.39658636 9.87774209 2.83986318
v 24.11052925 9.76192273 3.54982897
v 23.82447214 9.64610338 4.25979477
v 17.58087538 0.93916782 4.96976056
v 17.36721893 0.92775439 5.67972635
v 17.15356248 0.91634095 6.38969215
v 19.42168195 2.81238619 4.96976056
v 20.79392631 5.05168546 4.96976056
v 19.18565458 2.77820795 5.67972635
v 18.94962721 2.74402971 6.38969215
v 20.54122236 4.99029352 5.67972635
v 20.28851841 4.92890157 6.38969215
v 16.93990602 0.90492752 7.09965794
v 16.72624957 0.89351409 7.80962374
v 16.51259311 0.88210066 8.51958953
v 18.24154511 2.64149499 8.51958953
v 18.71359984 2.70985147 7.09965794
v 20.03581446 4.86750963 7.09965794
v 18.47757248 2.67567323 7.80962374
v 19.53040657 4.74472574 8.51958953
v 19.78311051 4.80611768 7.80962374
v 21.35802908 7.02516778 7.09965794
v 21.08864855 6.93656213 7.80962374
v 20.81926802 6.84795648 8.51958953
v 22.16617067 7.29098474 4.96976056
v 21.89679014 7.20237909 5.67972635
v 21.62740961 7.11377344 6.38969215
v 23.53841503 9.53028402 4.96976056
v 22.96630081 9.2986453 6.38969215
v 23.25235792 9.41446466 5.67972635
v 22.6802437 9.18282594 7.09965794
v 22.39418659 9.06700658 7.80962374
v 22.10812948 8.95118723 8.51958953
v 14.83744434 11.036051 0
v 14.39473667 11.38193214 0
v 15.280152 10.69016987 0
v 16.12704549 13.14048882 0
v 16.56975316 12.79460769 0
v 17.01246083 12.44872655 0
v 17.52162825 12.21129788 0
v 14.66600298 13.9612273 0
v 15.1751704 13.72379863 0
v 15.68433782 13.48636996 0
v 16.3983118 15.71978398 0
v 16.90747922 15.48235531 0
v 17.41664665 15.24492664 0
v 18.47350334 11.62798807 0
v 19.35891867 10.9362258 0
v 18.91621101 11.28210694 0
v 18.03079567 11.97386921 0
v 19.8680861 10.69879713 0
v 20.71497959 13.14911609 0
v 21.22414701 12.91168742 0
v 18.8112294 14.3157357 0
v 19.32039683 14.07830703 0
v 17.85935431 14.89904551 0
v 18.30206198 14.55316437 0
v 19.82956425 13.84087836 0
v 20.27227192 13.49499723 0
v 14.49456161 16.88640359 0
v 15.00372904 16.64897493 0
v 15.44643671 16.30309379 0
v 15.88914437 15.95721265 0
v 16.6695781 18.29907914 0
v 17.62145319 17.71576933 0
v 17.11228577 17.953198 0
v 15.14207583 19.01136515 0
v 14.6329084 19.24879382 0
v 15.65124325 18.77393648 0
v 14.46901985 19.03320739 0.70996579
v 15.78959004 21.1363267 0
v 15.61274665 20.8995999 0.70996579
v 16.16041068 18.53650781 0
v 16.29875747 20.89889803 0
v 16.80792489 20.66146936 0
v 17.31709232 20.4240407 0
v 16.61967615 20.43006097 0.70996579
v 16.1162114 20.66483044 0.70996579
v 17.1231409 20.1952915 0.70996579
v 17.62660565 19.96052203 0.70996579
v 14.30513129 18.81762096 1.41993159
v 15.93366533 20.43076284 1.41993159
v 15.43590326 20.66287311 1.41993159
v 15.25905987 20.42614631 2.12989738
v 15.75111927 20.19669524 2.12989738
v 17.42695156 19.73443204 1.41993159
v 16.73523806 19.73779311 2.12989738
v 17.22729746 19.50834204 2.12989738
v 17.71935686 19.27889098 2.12989738
v 16.43142741 20.19865257 1.41993159
v 16.92918948 19.9665423 1.41993159
v 16.24317866 19.96724418 2.12989738
v 19.14895547 17.00348333 0
v 19.59166313 16.65760219 0
v 18.13062062 17.47834067 0
v 18.63978804 17.240912 0
v 20.10083056 16.42017352 0
v 20.60999798 16.18274485 0
v 21.11916541 15.94531618 0
v 21.15085889 18.31713575 0.70996579
v 20.413524 18.34177043 1.41993159
v 20.91128607 18.10966017 1.41993159
v 19.68759446 18.36108671 2.12989738
v 20.17965386 18.13163565 2.12989738
v 21.16377265 17.67273351 2.12989738
v 20.67171326 17.90218458 2.12989738
v 18.84459459 19.71175469 0
v 19.35376202 19.47432602 0
v 18.1300704 19.72575256 0.70996579
v 18.63353515 19.4909831 0.70996579
v 19.1369999 19.25621363 0.70996579
v 17.82625974 20.18661203 0
v 18.33542717 19.94918336 0
v 20.37209686 18.99946868 0
v 19.86292944 19.23689735 0
v 20.88126429 18.76204001 0
v 19.64046465 19.02144416 0.70996579
v 20.1439294 18.78667469 0.70996579
v 20.64739414 18.55190522 0.70996579
v 17.92471363 19.50232177 1.41993159
v 18.4224757 19.2702115 1.41993159
v 18.92023778 19.03810124 1.41993159
v 19.41799985 18.80599097 1.41993159
v 18.21141626 19.04943991 2.12989738
v 18.70347566 18.81998884 2.12989738
v 19.19553506 18.59053778 2.12989738
v 19.91576193 18.5738807 1.41993159
v 17.57823793 18.38712513 4.25979477
v 15.08221647 20.18941951 2.83986318
v 15.5685732 19.96262764 2.83986318
v 16.05492992 19.73583578 2.83986318
v 16.54128665 19.50904391 2.83986318
v 17.51400009 19.05546018 2.83986318
v 17.02764337 19.28225205 2.83986318
v 15.38602713 19.72856005 3.54982897
v 15.86668118 19.50442738 3.54982897
v 14.72852969 19.71596591 4.25979477
v 15.20348106 19.49449245 4.25979477
v 15.67843244 19.27301899 4.25979477
v 14.90537308 19.95269271 3.54982897
v 16.82798928 19.05616205 3.54982897
v 16.34733523 19.28029472 3.54982897
v 17.30864332 18.83202939 3.54982897
v 17.78929737 18.60789673 3.54982897
v 16.15338381 19.05154552 4.25979477
v 16.62833518 18.83007206 4.25979477
v 17.10328656 18.6085986 4.25979477
v 18.97307026 18.37508459 2.83986318
v 19.45942699 18.14829272 2.83986318
v 20.43214044 17.69470899 2.83986318
v 19.94578371 17.92150086 2.83986318
v 20.91849716 17.46791713 2.83986318
v 18.26995142 18.38376406 3.54982897
v 18.75060547 18.1596314 3.54982897
v 19.23125952 17.93549874 3.54982897
v 18.0531893 18.16565167 4.25979477
v 18.52814068 17.94417821 4.25979477
v 19.00309205 17.72270475 4.25979477
v 19.47804342 17.50123128 4.25979477
v 21.15387571 17.03896808 3.54982897
v 20.42794617 17.05828436 4.25979477
v 20.90289754 16.8368109 4.25979477
v 21.37784892 16.61533743 4.25979477
v 19.71191357 17.71136607 3.54982897
v 20.19256762 17.48723341 3.54982897
v 20.67322167 17.26310074 3.54982897
v 19.9529948 17.27975782 4.25979477
v 18.00035682 18.82866832 2.83986318
v 18.48671354 18.60187645 2.83986318
v 23.12789719 11.74506781 0
v 22.24248186 12.43683008 0
v 21.73331444 12.67425875 0
v 22.68518953 12.09094894 0
v 23.63706462 11.50763914 0
v 24.65539947 11.0327818 0
v 24.14623204 11.27021047 0
v 21.62833283 15.70788751 0
v 22.0710405 15.36200638 0
v 22.58020792 15.12457771 0
v 23.08937535 14.88714904 0
v 24.1077102 14.4122917 0
v 24.55041786 14.06641056 0
v 23.59854277 14.64972037 0
v 25.09810713 10.68690066 0
v 26.58708756 13.11669588 0
v 26.72706154 12.62778168 0.70996579
v 27.02979523 12.77081475 0
v 26.42432785 12.48474862 1.41993159
v 26.12159416 12.34171555 2.12989738
v 25.05958529 13.82898189 0
v 25.56875271 13.59155322 0
v 26.07792014 13.35412455 0
v 26.68897114 15.7346716 0.70996579
v 27.50044081 15.67546731 0
v 28.00960823 15.43803864 0
v 28.51877566 15.20060997 0
v 27.19243589 15.49990214 0.70996579
v 28.19936538 15.0303632 0.70996579
v 27.69590064 15.26513267 0.70996579
v 25.88890682 15.7885575 1.41993159
v 26.38666889 15.55644723 1.41993159
v 25.10024785 15.83712499 2.12989738
v 25.59230725 15.60767392 2.12989738
v 26.57642604 15.14877179 2.12989738
v 26.08436664 15.37822285 2.12989738
v 27.38219304 15.09222669 1.41993159
v 26.88443096 15.32433696 1.41993159
v 27.87995511 14.86011643 1.41993159
v 27.06848544 14.91932072 2.12989738
v 27.56054484 14.68986966 2.12989738
v 24.80935095 15.65358221 2.83986318
v 24.03780001 15.6941721 3.54982897
v 24.51845406 15.47003943 3.54982897
v 23.27765441 15.72944358 4.25979477
v 23.75260579 15.50797012 4.25979477
v 24.70250853 15.06502319 4.25979477
v 24.22755716 15.28649666 4.25979477
v 25.81886047 12.19868249 2.83986318
v 25.51612678 12.05564942 3.54982897
v 25.21339308 11.91261636 4.25979477
v 25.29570767 15.42679034 2.83986318
v 25.7820644 15.19999848 2.83986318
v 26.26842112 14.97320662 2.83986318
v 27.24113457 14.51962289 2.83986318
v 26.75477785 14.74641475 2.83986318
v 26.12736265 14.40060281 4.25979477
v 26.60231403 14.17912934 4.25979477
v 25.47976215 15.02177411 3.54982897
v 24.9991081 15.24590677 3.54982897
v 25.9604162 14.79764144 3.54982897
v 26.44107025 14.57350878 3.54982897
v 25.17745991 14.84354973 4.25979477
v 25.65241128 14.62207627 4.25979477
v 26.9217243 14.34937611 3.54982897
v 21.89959914 18.28718267 0
v 22.91793399 17.81232533 0
v 22.40876656 18.049754 0
v 21.65432364 18.08236629 0.70996579
v 22.15778839 17.84759682 0.70996579
v 22.66125314 17.61282735 0.70996579
v 23.16471789 17.37805788 0.70996579
v 24.44543626 17.10003932 0
v 23.66818264 17.14328841 0.70996579
v 24.17164739 16.90851894 0.70996579
v 24.67511214 16.67374948 0.70996579
v 23.42710141 17.57489666 0
v 23.93626884 17.33746799 0
v 22.63995085 16.98438032 2.12989738
v 23.13201025 16.75492925 2.12989738
v 21.90681022 17.64543963 1.41993159
v 21.40904815 17.8775499 1.41993159
v 22.4045723 17.41332937 1.41993159
v 22.90233437 17.1812191 1.41993159
v 21.65583205 17.44328245 2.12989738
v 22.14789145 17.21383138 2.12989738
v 23.40009645 16.94910883 1.41993159
v 23.89785852 16.71699856 1.41993159
v 24.39562059 16.4848883 1.41993159
v 24.89338267 16.25277803 1.41993159
v 23.62406965 16.52547818 2.12989738
v 24.11612905 16.29602712 2.12989738
v 24.60818845 16.06657605 2.12989738
v 21.39043171 18.52461134 0
v 24.95460369 16.86261066 0
v 25.46377111 16.62518199 0
v 25.97293853 16.38775332 0
v 26.48210596 16.15032465 0
v 25.17857689 16.43898001 0.70996579
v 25.68204164 16.20421054 0.70996579
v 26.18550639 15.96944107 0.70996579
v 26.99127338 15.91289598 0
v 25.39114474 16.02066776 1.41993159
v 21.89121061 17.0143334 2.83986318
v 22.37756733 16.78754153 2.83986318
v 22.86392406 16.56074967 2.83986318
v 21.40485388 17.24112526 2.83986318
v 23.35028078 16.3339578 2.83986318
v 23.8366375 16.10716594 2.83986318
v 24.32299423 15.88037407 2.83986318
v 21.63452976 16.81483542 3.54982897
v 22.11518381 16.59070275 3.54982897
v 22.59583786 16.36657009 3.54982897
v 23.07649191 16.14243742 3.54982897
v 21.85280029 16.39386397 4.25979477
v 22.32775167 16.17239051 4.25979477
v 22.80270304 15.95091704 4.25979477
v 23.55714596 15.91830476 3.54982897
v 21.06564973 15.80334762 6.38969215
v 20.35112554 15.8173455 7.09965794
v 20.80326621 15.60650884 7.09965794
v 21.25540688 15.39567218 7.09965794
v 18.9562932 15.82938604 8.51958953
v 19.39702853 15.62386779 8.51958953
v 19.6480067 15.82602497 7.80962374
v 20.09444469 15.61784752 7.80962374
v 20.54088269 15.40967006 7.80962374
v 20.98732069 15.2014926 7.80962374
v 19.83776385 15.41834953 8.51958953
v 20.27849917 15.21283128 8.51958953
v 20.71923449 15.00731302 8.51958953
v 21.15996982 14.80179476 8.51958953
v 16.89792979 18.3851678 4.96976056
v 17.36717849 18.16635354 4.96976056
v 15.57152955 18.36529794 6.38969215
v 16.0293729 18.15180208 6.38969215
v 16.229027 18.37789207 5.67972635
v 16.69257302 18.16173701 5.67972635
v 17.61966507 17.72942689 5.67972635
v 17.15611904 17.94558195 5.67972635
v 16.48721625 17.93830622 6.38969215
v 16.9450596 17.72481036 6.38969215
v 17.40290295 17.5113145 6.38969215
v 14.5516863 19.47923911 4.96976056
v 15.02093499 19.26042485 4.96976056
v 15.49018369 19.04161059 4.96976056
v 15.95943239 18.82279633 4.96976056
v 16.42868109 18.60398207 4.96976056
v 14.83838893 19.02635725 5.67972635
v 14.3748429 19.24251231 5.67972635
v 15.30193495 18.81020219 5.67972635
v 15.76548097 18.59404713 5.67972635
v 14.65584286 18.79228966 6.38969215
v 15.11368621 18.5787938 6.38969215
v 18.30567588 17.72872502 4.96976056
v 17.83642718 17.94753928 4.96976056
v 18.77492458 17.50991076 4.96976056
v 19.24417328 17.2910965 4.96976056
v 19.71342198 17.07228223 4.96976056
v 20.18267068 16.85346797 4.96976056
v 21.12116807 16.41583945 4.96976056
v 20.65191937 16.63465371 4.96976056
v 19.01030314 17.08096171 5.67972635
v 19.47384916 16.86480665 5.67972635
v 18.31858964 17.08432278 6.38969215
v 18.77643299 16.87082692 6.38969215
v 19.23427634 16.65733106 6.38969215
v 18.08321109 17.51327183 5.67972635
v 18.54675711 17.29711677 5.67972635
v 17.86074629 17.29781864 6.38969215
v 20.4009412 16.43249653 5.67972635
v 19.93739518 16.64865159 5.67972635
v 20.86448723 16.21634147 5.67972635
v 21.32803325 16.00018641 5.67972635
v 19.69211969 16.4438352 6.38969215
v 20.14996304 16.23033934 6.38969215
v 20.60780638 16.01684348 6.38969215
v 14.92543746 18.3473854 7.09965794
v 15.37757814 18.13654874 7.09965794
v 15.82971881 17.92571208 7.09965794
v 17.6382815 17.08236545 7.09965794
v 16.28185948 17.71487542 7.09965794
v 16.73400016 17.50403877 7.09965794
v 17.18614083 17.29320211 7.09965794
v 14.29075072 18.32415446 7.80962374
v 14.73718872 18.115977 7.80962374
v 15.63006472 17.69962209 7.80962374
v 15.18362672 17.90779955 7.80962374
v 14.9896753 17.67905035 8.51958953
v 14.54893998 17.88456861 8.51958953
v 15.43041062 17.47353209 8.51958953
v 15.87114595 17.26801384 8.51958953
v 16.96937871 17.07508972 7.80962374
v 17.41581671 16.86691226 7.80962374
v 16.31188127 17.06249558 8.51958953
v 16.75261659 16.85697733 8.51958953
v 17.63408724 16.44594081 8.51958953
v 17.19335191 16.65145907 8.51958953
v 16.07650271 17.49144463 7.80962374
v 16.52294071 17.28326717 7.80962374
v 14.47329679 18.55822206 7.09965794
v 18.09042217 16.87152879 7.09965794
v 18.54256285 16.66069213 7.09965794
v 18.99470352 16.44985547 7.09965794
v 19.44684419 16.23901882 7.09965794
v 19.89898487 16.02818216 7.09965794
v 18.3086927 16.45055734 7.80962374
v 17.8622547 16.6587348 7.80962374
v 18.7551307 16.24237989 7.80962374
v 19.2015687 16.03420243 7.80962374
v 18.07482256 16.24042256 8.51958953
v 18.51555788 16.0349043 8.51958953
v 24.91065939 11.76958329 4.96976056
v 24.6079257 11.62655023 5.67972635
v 24.30519201 11.48351716 6.38969215
v 22.52891417 15.75939666 4.96976056
v 22.99816287 15.5405824 4.96976056
v 23.93666026 15.10295388 4.96976056
v 23.46741157 15.32176814 4.96976056
v 24.40590896 14.88413962 4.96976056
v 24.87515766 14.66532536 4.96976056
v 21.79157927 15.78403134 5.67972635
v 22.2551253 15.56787628 5.67972635
v 22.71867132 15.35172122 5.67972635
v 21.52349308 15.58985176 6.38969215
v 21.98133643 15.3763559 6.38969215
v 22.43917978 15.16286004 6.38969215
v 22.89702312 14.94936419 6.38969215
v 24.57285541 14.48710098 5.67972635
v 23.81270982 14.52237247 6.38969215
v 24.27055317 14.30887661 6.38969215
v 24.72839652 14.09538075 6.38969215
v 23.18221734 15.13556616 5.67972635
v 23.64576337 14.9194111 5.67972635
v 24.10930939 14.70325604 5.67972635
v 23.35486647 14.73586833 6.38969215
v 25.34440636 14.44651109 4.96976056
v 25.81365506 14.22769683 4.96976056
v 26.28290376 14.00888257 4.96976056
v 25.03640144 14.27094592 5.67972635
v 25.49994746 14.05479086 5.67972635
v 25.96349348 13.8386358 5.67972635
v 25.64408321 13.66838903 6.38969215
v 25.18623986 13.88188489 6.38969215
v 24.00245832 11.3404841 7.09965794
v 23.69972463 11.19745103 7.80962374
v 23.39699094 11.05441797 8.51958953
v 24.6858524 13.15764871 8.51958953
v 21.70754756 15.18483552 7.09965794
v 22.15968823 14.97399887 7.09965794
v 22.6118289 14.76316221 7.09965794
v 23.06396958 14.55232555 7.09965794
v 23.51611025 14.34148889 7.09965794
v 23.96825092 14.13065223 7.09965794
v 24.87253227 13.70897892 7.09965794
v 24.42039159 13.91981557 7.09965794
v 22.77307268 14.36878277 7.80962374
v 22.04144046 14.39075825 8.51958953
v 22.48217578 14.18524 8.51958953
v 22.92291111 13.97972174 8.51958953
v 21.43375869 14.99331514 7.80962374
v 21.88019668 14.78513769 7.80962374
v 22.32663468 14.57696023 7.80962374
v 21.60070514 14.59627651 8.51958953
v 23.21951068 14.16060532 7.80962374
v 23.66594868 13.95242786 7.80962374
v 24.11238667 13.7442504 7.80962374
v 24.55882467 13.53607294 7.80962374
v 23.36364643 13.77420348 8.51958953
v 23.80438175 13.56868523 8.51958953
v 24.24511708 13.36316697 8.51958953
v 25.32467294 13.49814226 7.09965794
v 25.00526267 13.32789549 7.80962374
v 21.59041677 16.19702519 4.96976056
v 22.05966547 15.97821093 4.96976056
v 0.3254676 2.23376199 9.22955533
v 0.32120119 2.20448054 9.93952112
v 0.31693478 2.17519909 10.64948691
v 1.9206824 3.25002591 9.22955533
v 1.89550494 3.20742264 9.93952112
v 3.24640232 4.59908829 9.22955533
v 3.2038465 4.53880069 9.93952112
v 1.87032747 3.16481938 10.64948691
v 3.16129068 4.47851309 10.64948691
v 0.31266837 2.14591763 11.35945271
v 0.30840196 2.11663618 12.0694185
v 0.30413555 2.08735473 12.7793843
v 1.84515001 3.12221611 11.35945271
v 1.81997254 3.07961285 12.0694185
v 3.11873487 4.41822548 11.35945271
v 3.07617905 4.35793788 12.0694185
v 1.79479507 3.03700958 12.7793843
v 3.03362323 4.29765027 12.7793843
v 4.57212223 5.94815068 9.22955533
v 4.51218806 5.87017874 9.93952112
v 5.89784215 7.29721306 9.22955533
v 5.82052963 7.20155678 9.93952112
v 4.4522539 5.79220679 10.64948691
v 5.74321711 7.1059005 10.64948691
v 7.12887119 8.53293483 9.93952112
v 7.03418032 8.41959421 10.64948691
v 4.39231973 5.71423485 11.35945271
v 4.33238556 5.63626291 12.0694185
v 5.66590459 7.01024422 11.35945271
v 5.58859207 6.91458794 12.0694185
v 4.27245139 5.55829097 12.7793843
v 5.51127955 6.81893166 12.7793843
v 6.93948945 8.30625359 11.35945271
v 6.84479858 8.19291298 12.0694185
v 6.75010771 8.07957236 12.7793843
v 7.22356206 8.64627545 9.22955533
v 8.54928198 9.99533784 9.22955533
v 8.43721275 9.86431288 9.93952112
v 8.32514353 9.73328792 10.64948691
v 8.21307431 9.60226296 11.35945271
v 8.10100509 9.47123801 12.0694185
v 7.98893587 9.34021305 12.7793843
v 0.29986913 2.05807327 13.48935009
v 0.29560272 2.02879182 14.19931589
v 0.29133631 1.99951037 14.90928168
v 1.76961761 2.99440632 13.48935009
v 1.74444014 2.95180305 14.19931589
v 2.99106742 4.23736267 13.48935009
v 2.9485116 4.17707507 14.19931589
v 1.71926267 2.90919979 14.90928168
v 2.90595578 4.11678746 14.90928168
v 0.2870699 1.97022891 15.61924747
v 0.28280349 1.94094746 16.32921327
v 0.78338954 1.2536751 17.74914486
v 1.29250841 0.62496566 17.74914486
v 1.46982908 0.26140441 17.74914486
v 1.03794898 0.93932038 17.74914486
v 0.27853708 1.911666 17.03917906
v 0.27427067 1.88238455 17.74914486
v 0.52883011 1.56802983 17.74914486
v 3.40046886 0.53830366 17.74914486
v 2.89134999 1.16701311 17.74914486
v 3.14590942 0.85265839 17.74914486
v 2.63679055 1.48136783 17.74914486
v 2.38223112 1.79572255 17.74914486
v 2.12767168 2.11007728 17.74914486
v 1.87311224 2.424432 17.74914486
v 1.69408521 2.86659652 15.61924747
v 1.66890774 2.82399325 16.32921327
v 2.86339996 4.05649986 15.61924747
v 2.82084415 3.99621226 16.32921327
v 1.64373028 2.78138999 17.03917906
v 1.61855281 2.73878672 17.74914486
v 2.77828833 3.93592465 17.03917906
v 3.5636009 2.99789318 17.74914486
v 3.05448203 3.62660263 17.74914486
v 2.73573251 3.87563705 17.74914486
v 3.30904147 3.31224791 17.74914486
v 3.65502829 0.22394894 17.74914486
v 5.1551476 1.17708515 17.74914486
v 4.39146929 2.12014932 17.74914486
v 4.07271977 2.36918374 17.74914486
v 4.90058817 1.49143987 17.74914486
v 4.64602873 1.8057946 17.74914486
v 5.72845656 0.61369601 17.74914486
v 5.98301599 0.29934129 17.74914486
v 5.40970704 0.86273043 17.74914486
v 6.97401643 1.88118694 17.74914486
v 6.65526691 2.13022136 17.74914486
v 6.40070747 2.44457608 17.74914486
v 4.03271472 5.2464032 15.61924747
v 3.97278055 5.16843126 16.32921327
v 3.81816034 2.68353846 17.74914486
v 5.25408956 3.57135437 17.74914486
v 4.99953013 3.88570909 17.74914486
v 3.91284638 5.09045932 17.03917906
v 3.85291222 5.01248737 17.74914486
v 4.17166174 4.76345296 17.74914486
v 4.74497069 4.20006381 17.74914486
v 4.49041126 4.51441854 17.74914486
v 6.14614804 2.75893081 17.74914486
v 5.8915886 3.07328553 17.74914486
v 5.57283908 3.32231995 17.74914486
v 6.18089991 5.08787972 17.74914486
v 7.07295839 4.27545616 17.74914486
v 6.75420887 4.52449058 17.74914486
v 6.43545935 4.773525 17.74914486
v 4.21251722 5.48031903 13.48935009
v 4.15258306 5.40234708 14.19931589
v 5.43396703 6.72327538 13.48935009
v 5.35665451 6.6276191 14.19931589
v 6.56072597 7.85289112 14.19931589
v 4.09264889 5.32437514 14.90928168
v 5.27934199 6.53196282 14.90928168
v 6.4660351 7.7395505 14.90928168
v 6.65541684 7.96623174 13.48935009
v 5.20202948 6.43630654 15.61924747
v 5.12471696 6.34065026 16.32921327
v 6.37134423 7.62620988 15.61924747
v 6.27665336 7.51286926 16.32921327
v 5.04740444 6.24499398 17.03917906
v 5.28884144 5.90030328 17.74914486
v 4.97009192 6.1493377 17.74914486
v 5.60759096 5.65126886 17.74914486
v 5.92634048 5.40223444 17.74914486
v 7.04352018 6.53908477 17.74914486
v 6.18196249 7.39952864 17.03917906
v 6.08727162 7.28618802 17.74914486
v 6.40602114 7.03715361 17.74914486
v 6.72477066 6.78811919 17.74914486
v 7.54732539 1.3177978 17.74914486
v 7.80188482 1.00344308 17.74914486
v 8.37519378 0.44005394 17.74914486
v 8.6939433 0.19101952 17.74914486
v 8.05644426 0.68908835 17.74914486
v 7.29276595 1.63215252 17.74914486
v 10.57700221 0.96044161 17.74914486
v 10.32244277 1.27479634 17.74914486
v 9.68494373 1.77286518 17.74914486
v 9.11163478 2.33625432 17.74914486
v 9.36619421 2.02189959 17.74914486
v 10.00369325 1.52383076 17.74914486
v 7.90082678 3.3977123 17.74914486
v 7.64626735 3.71206702 17.74914486
v 8.2195763 3.14867788 17.74914486
v 8.53832582 2.89964346 17.74914486
v 8.85707534 2.65060904 17.74914486
v 7.39170791 4.02642174 17.74914486
v 8.5730777 5.22859237 17.74914486
v 8.89182722 4.97955795 17.74914486
v 10.10263521 3.91809997 17.74914486
v 10.67594417 3.35471083 17.74914486
v 10.42138473 3.66906556 17.74914486
v 9.78388569 4.16713439 17.74914486
v 9.46513617 4.41616881 17.74914486
v 9.14638665 4.66520323 17.74914486
v 14.16237211 0.7565529 16.32921327
v 10.83156164 0.64608689 17.74914486
v 11.46906069 0.14801805 17.74914486
v 11.15031117 0.39705247 17.74914486
v 11.63219273 2.60760758 17.74914486
v 11.95094225 2.35857316 17.74914486
v 12.20550169 2.04421844 17.74914486
v 13.94871566 0.74513947 17.03917906
v 13.16175025 1.29711518 17.74914486
v 13.7350592 0.73372604 17.74914486
v 13.48049977 1.04808076 17.74914486
v 12.84300073 1.5461496 17.74914486
v 12.52425121 1.79518402 17.74914486
v 10.99469369 3.10567641 17.74914486
v 11.31344321 2.856642 17.74914486
v 11.34819509 5.18559091 17.74914486
v 12.30444365 4.43848765 17.74914486
v 11.66694461 4.93655649 17.74914486
v 11.98569413 4.68752207 17.74914486
v 12.94194269 3.94041882 17.74914486
v 13.26069221 3.6913844 17.74914486
v 14.21694077 2.94428114 17.74914486
v 13.89819125 3.19331556 17.74914486
v 13.57944173 3.44234998 17.74914486
v 12.62319317 4.18945323 17.74914486
v 7.87686665 9.20918809 13.48935009
v 7.76479743 9.07816314 14.19931589
v 8.66238238 10.54288865 14.19931589
v 7.65272821 8.94713818 14.90928168
v 8.53735833 10.39072333 14.90928168
v 7.93557866 5.72666121 17.74914486
v 7.3622697 6.29005035 17.74914486
v 7.61682914 5.97569563 17.74914486
v 8.25432818 5.47762679 17.74914486
v 7.84195037 7.92496951 17.74914486
v 8.79819893 7.17786626 17.74914486
v 8.16069989 7.67593509 17.74914486
v 8.47944941 7.42690068 17.74914486
v 9.75444749 6.430763 17.74914486
v 10.39194653 5.93269416 17.74914486
v 10.07319701 6.18172858 17.74914486
v 9.11694845 6.92883184 17.74914486
v 9.43569797 6.67979742 17.74914486
v 7.54065899 8.81611322 15.61924747
v 7.42858977 8.68508826 16.32921327
v 8.41233427 10.238558 15.61924747
v 8.28731022 10.08639268 16.32921327
v 7.31652055 8.55406331 17.03917906
v 7.52320084 8.17400393 17.74914486
v 7.20445132 8.42303835 17.74914486
v 8.16228616 9.93422735 17.03917906
v 8.03726211 9.78206203 17.74914486
v 8.40386265 9.61111339 17.74914486
v 8.72261217 9.36207897 17.74914486
v 9.04136169 9.11304455 17.74914486
v 9.36011121 8.86401013 17.74914486
v 9.67886073 8.61497571 17.74914486
v 10.04546128 8.44402707 17.74914486
v 10.3642108 8.19499265 17.74914486
v 10.68296032 7.94595823 17.74914486
v 9.9220235 10.550154 17.74914486
v 10.24077302 10.30111958 17.74914486
v 10.55952254 10.05208516 17.74914486
v 11.02944557 5.43462533 17.74914486
v 10.71069605 5.68365975 17.74914486
v 11.00170984 7.69692381 17.74914486
v 11.32045936 7.44788939 17.74914486
v 12.00580942 7.02790633 17.74914486
v 12.32455894 6.77887192 17.74914486
v 11.6870599 7.27694075 17.74914486
v 12.64330846 6.5298375 17.74914486
v 13.32865853 6.10985444 17.74914486
v 12.96205798 6.28080308 17.74914486
v 13.64740805 5.86082002 17.74914486
v 13.96615757 5.6117856 17.74914486
v 13.93842184 7.87408409 17.74914486
v 11.93022267 9.21211904 17.74914486
v 12.24897219 8.96308463 17.74914486
v 10.92612308 9.88113652 17.74914486
v 11.29272363 9.71018788 17.74914486
v 11.61147315 9.46115346 17.74914486
v 13.3009228 8.37215292 17.74914486
v 12.61557273 8.79213598 17.74914486
v 12.98217328 8.62118734 17.74914486
v 13.61967232 8.1231185 17.74914486
v 13.17748502 10.47827986 17.74914486
v 13.54408557 10.30733121 17.74914486
v 13.91068611 10.13638257 17.74914486
v 9.53755077 11.60804593 9.22955533
v 9.41252671 11.45588061 9.93952112
v 10.38784067 13.04744834 9.93952112
v 9.28750266 11.30371528 10.64948691
v 10.24986178 12.87414264 10.64948691
v 10.52581956 13.22075403 9.22955533
v 11.51408835 14.83346213 9.22955533
v 11.36315463 14.63901606 9.93952112
v 11.21222091 14.44457 10.64948691
v 9.1624786 11.15154996 11.35945271
v 9.03745455 10.99938463 12.0694185
v 10.11188289 12.70083695 11.35945271
v 9.973904 12.52753125 12.0694185
v 8.91243049 10.84721931 12.7793843
v 9.83592511 12.35422556 12.7793843
v 11.06128718 14.25012394 11.35945271
v 10.91035346 14.05567788 12.0694185
v 12.01069147 15.79941093 11.35945271
v 11.84680291 15.5838245 12.0694185
v 10.75941973 13.86123182 12.7793843
v 11.68291435 15.36823807 12.7793843
v 12.33846859 16.23058379 9.93952112
v 12.50235715 16.44617022 9.22955533
v 13.49062594 18.05887832 9.22955533
v 13.92565859 17.85601926 9.22955533
v 13.31378255 17.82215152 9.93952112
v 13.74311252 17.62195167 9.93952112
v 14.17244249 17.42175181 9.93952112
v 12.17458003 16.01499736 10.64948691
v 13.13693915 17.58542472 10.64948691
v 13.56056645 17.38788407 10.64948691
v 13.98419375 17.19034342 10.64948691
v 13.37802038 17.15381647 11.35945271
v 13.79594501 16.95893502 11.35945271
v 14.21386963 16.76405357 11.35945271
v 12.78325237 17.11197113 12.0694185
v 13.19547432 16.91974887 12.0694185
v 13.60769626 16.72752662 12.0694185
v 14.01991821 16.53530437 12.0694185
v 12.96009576 17.34869792 11.35945271
v 12.60640898 16.87524433 12.7793843
v 13.01292825 16.68568128 12.7793843
v 13.41944752 16.49611823 12.7793843
v 14.23248606 16.11699213 12.7793843
v 13.82596679 16.30655518 12.7793843
v 8.78740644 10.69505398 13.48935009
v 9.69794622 12.18091987 13.48935009
v 9.55996733 12.00761417 14.19931589
v 9.42198844 11.83430848 14.90928168
v 10.60848601 13.66678575 13.48935009
v 10.45755229 13.47233969 14.19931589
v 10.30661856 13.27789363 14.90928168
v 11.5190258 15.15265164 13.48935009
v 11.35513724 14.93706521 14.19931589
v 13.43806395 15.84905679 14.19931589
v 14.2282918 15.48056749 14.19931589
v 13.83317788 15.66481214 14.19931589
v 11.19124868 14.72147878 14.90928168
v 12.85470129 15.80189304 14.90928168
v 13.24411254 15.62030759 14.90928168
v 13.63352378 15.43872215 14.90928168
v 14.02293503 15.2571367 14.90928168
v 9.28400955 11.66100279 15.61924747
v 9.14603066 11.48769709 16.32921327
v 10.15568484 13.08344757 15.61924747
v 10.00475111 12.88900151 16.32921327
v 8.87007289 11.1410857 17.74914486
v 9.00805178 11.3143914 17.03917906
v 9.23667343 10.97013706 17.74914486
v 9.60327398 10.79918842 17.74914486
v 9.85381739 12.69455544 17.03917906
v 9.70288367 12.50010938 17.74914486
v 10.06948421 12.32916074 17.74914486
v 10.43608476 12.1582121 17.74914486
v 10.53569445 13.85913306 17.74914486
v 11.12143482 11.73822904 17.74914486
v 11.44018434 11.48919462 17.74914486
v 12.17338543 11.14729733 17.74914486
v 11.80678489 11.31824598 17.74914486
v 10.8026853 11.98726346 17.74914486
v 12.00209663 13.17533849 17.74914486
v 12.32084615 12.92630407 17.74914486
v 12.8587355 10.72731427 17.74914486
v 12.53998598 10.97634869 17.74914486
v 12.68744669 12.75535543 17.74914486
v 13.05404724 12.58440679 17.74914486
v 13.42064779 12.41345815 17.74914486
v 13.78724833 12.2425095 17.74914486
v 14.10599785 11.99347509 17.74914486
v 11.02736012 14.50589235 15.61924747
v 10.86347156 14.29030592 16.32921327
v 12.28274398 15.74941089 15.61924747
v 11.72219201 15.69161033 16.32921327
v 12.10019791 15.51534329 16.32921327
v 12.66645255 15.57048464 15.61924747
v 13.05016112 15.3915584 15.61924747
v 14.20128683 14.85477966 15.61924747
v 13.81757826 15.03370591 15.61924747
v 13.43386969 15.21263215 15.61924747
v 12.8562097 15.1628092 16.32921327
v 13.2342156 14.98654216 16.32921327
v 12.4782038 15.33907624 16.32921327
v 13.61222149 14.81027511 16.32921327
v 13.99022739 14.63400807 16.32921327
v 10.699583 14.07471949 17.03917906
v 10.90229499 13.68818442 17.74914486
v 11.26889554 13.51723577 17.74914486
v 11.63549608 13.34628713 17.74914486
v 11.54534862 15.45488353 17.03917906
v 12.28995506 15.10766785 17.03917906
v 11.91765184 15.28127569 17.03917906
v 11.36850523 15.21815674 17.74914486
v 11.73510577 15.04720809 17.74914486
v 12.46830686 14.70531081 17.74914486
v 12.10170632 14.87625945 17.74914486
v 13.77916794 14.41323648 17.03917906
v 14.15147117 14.23962863 17.03917906
v 13.20150795 14.36341353 17.74914486
v 13.5681085 14.19246488 17.74914486
v 13.93470905 14.02151624 17.74914486
v 12.66225828 14.93406001 17.03917906
v 13.0345615 14.76045216 17.03917906
v 13.40686472 14.58684432 17.03917906
v 12.83490741 14.53436217 17.74914486
v 12.42956558 16.63851753 13.48935009
v 12.25272219 16.40179073 14.19931589
v 12.83038218 16.45161368 13.48935009
v 13.23119878 16.26470983 13.48935009
v 13.63201537 16.07780598 13.48935009
v 14.03283197 15.89090213 13.48935009
v 12.64783611 16.21754608 14.19931589
v 13.04295003 16.03330143 14.19931589
v 12.0758788 16.16506393 14.90928168
v 12.46529004 15.98347848 14.90928168
v 11.8990354 15.92833713 15.61924747
v 16.29893666 0.87068723 9.22955533
v 16.0852802 0.85927379 9.93952112
v 17.76949037 2.57313851 9.93952112
v 15.87162375 0.84786036 10.64948691
v 17.533463 2.53896027 10.64948691
v 18.00551774 2.60731675 9.22955533
v 19.27770262 4.68333379 9.22955533
v 19.02499867 4.62194185 9.93952112
v 18.77229472 4.5605499 10.64948691
v 15.65796729 0.83644693 11.35945271
v 15.44431084 0.8250335 12.0694185
v 17.29743564 2.50478204 11.35945271
v 17.06140827 2.4706038 12.0694185
v 15.23065438 0.81362006 12.7793843
v 16.8253809 2.43642556 12.7793843
v 18.51959077 4.49915795 11.35945271
v 18.26688682 4.43776601 12.0694185
v 18.01418288 4.37637406 12.7793843
v 20.54988749 6.75935083 9.22955533
v 20.28050697 6.67074518 9.93952112
v 20.01112644 6.58213953 10.64948691
v 21.24995815 8.60372915 10.64948691
v 19.47236538 6.40492822 12.0694185
v 19.74174591 6.49353387 11.35945271
v 19.20298485 6.31632257 12.7793843
v 20.96390104 8.48790979 11.35945271
v 20.67784393 8.37209043 12.0694185
v 20.39178682 8.25627108 12.7793843
v 21.82207237 8.83536787 9.22955533
v 21.53601526 8.71954851 9.93952112
v 22.18605618 10.48228571 11.35945271
v 21.88332249 10.33925265 12.0694185
v 21.5805888 10.19621958 12.7793843
v 15.01699793 0.80220663 13.48935009
v 14.80334148 0.7907932 14.19931589
v 16.58935353 2.40224732 13.48935009
v 16.35332617 2.36806908 14.19931589
v 14.58968502 0.77937977 14.90928168
v 16.1172988 2.33389084 14.90928168
v 17.76147893 4.31498212 13.48935009
v 17.50877498 4.25359017 14.19931589
v 17.25607103 4.19219823 14.90928168
v 14.37602857 0.76796633 15.61924747
v 15.88127143 2.2997126 15.61924747
v 15.64524406 2.26553436 16.32921327
v 15.4092167 2.23135613 17.03917906
v 14.85443981 2.4462123 17.74914486
v 15.17318933 2.19717789 17.74914486
v 17.00336708 4.13080628 15.61924747
v 16.75066313 4.06941434 16.32921327
v 14.53569029 2.69524672 17.74914486
v 14.60365661 5.11371676 17.74914486
v 14.97025716 4.94276812 17.74914486
v 15.92650572 4.19566487 17.74914486
v 15.6077562 4.44469928 17.74914486
v 15.28900668 4.6937337 17.74914486
v 16.24525524 3.94663045 17.74914486
v 16.49795918 4.00802239 17.03917906
v 18.93360432 6.22771692 13.48935009
v 18.66422379 6.13911127 14.19931589
v 18.39484326 6.05050561 14.90928168
v 19.53361549 7.908813 14.90928168
v 20.10572971 8.14045172 13.48935009
v 19.8196726 8.02463236 14.19931589
v 21.2778551 10.05318652 13.48935009
v 20.97512141 9.91015345 14.19931589
v 20.67238772 9.76712039 14.90928168
v 14.28490709 5.36275118 17.74914486
v 14.67162293 7.5321868 17.74914486
v 14.30502239 7.70313544 17.74914486
v 14.99037245 7.28315238 17.74914486
v 15.30912197 7.03411796 17.74914486
v 15.62787149 6.78508355 17.74914486
v 15.99447204 6.6141349 17.74914486
v 17.58670167 5.78468866 17.03917906
v 16.36107258 6.44318626 17.74914486
v 16.6798221 6.19415184 17.74914486
v 17.31732114 5.69608301 17.74914486
v 16.99857162 5.94511743 17.74914486
v 15.64798679 9.12546781 17.74914486
v 16.01458733 8.95451917 17.74914486
v 14.59603618 9.71639951 17.74914486
v 14.9147857 9.46736509 17.74914486
v 14.27728666 9.96543393 17.74914486
v 15.28138624 9.29641645 17.74914486
v 16.65208637 8.45645033 17.74914486
v 16.33333685 8.70548475 17.74914486
v 17.01868692 8.28550169 17.74914486
v 17.38528747 8.11455305 17.74914486
v 17.75188801 7.9436044 17.74914486
v 16.99095119 10.54780017 17.74914486
v 17.35755174 10.37685153 17.74914486
v 17.67630126 10.12781711 17.74914486
v 18.12546273 5.96189996 15.61924747
v 17.8560822 5.87329431 16.32921327
v 19.24755838 7.79299364 15.61924747
v 18.96150127 7.67717428 16.32921327
v 18.67544416 7.56135493 17.03917906
v 18.07063753 7.69456999 17.74914486
v 18.38938705 7.44553557 17.74914486
v 20.36965403 9.62408732 15.61924747
v 20.06692034 9.48105426 16.32921327
v 19.46145296 9.19498813 17.74914486
v 18.40950235 9.78591983 17.74914486
v 18.0429018 9.95686847 17.74914486
v 19.14270344 9.44402255 17.74914486
v 18.77610289 9.61497119 17.74914486
v 19.76418665 9.33802119 17.03917906
v 17.60708227 15.82015298 9.93952112
v 16.94958483 15.80755885 10.64948691
v 17.37321213 15.61001819 10.64948691
v 17.79683942 15.41247754 10.64948691
v 18.27598506 15.82742871 9.22955533
v 18.71101771 15.62456966 9.22955533
v 19.14605036 15.4217106 9.22955533
v 19.581083 15.21885155 9.22955533
v 18.03641224 15.61995313 9.93952112
v 18.46574221 15.41975327 9.93952112
v 19.32440216 15.01935357 9.93952112
v 18.89507219 15.21955342 9.93952112
v 21.32121359 14.40741533 9.22955533
v 20.61239208 14.418754 9.93952112
v 21.04172205 14.21855415 9.93952112
v 20.01611565 15.01599249 9.22955533
v 20.4511483 14.81313344 9.22955533
v 20.88618095 14.61027438 9.22955533
v 19.75373213 14.81915371 9.93952112
v 20.1830621 14.61895386 9.93952112
v 18.64409402 15.01739624 10.64948691
v 18.22046672 15.21493689 10.64948691
v 19.06772131 14.81985558 10.64948691
v 19.49134861 14.62231493 10.64948691
v 19.91497591 14.42477428 10.64948691
v 20.33860321 14.22723362 10.64948691
v 21.1858578 13.83215232 10.64948691
v 20.7622305 14.02969297 10.64948691
v 15.668806 15.76641537 12.0694185
v 16.30349274 15.78964631 11.35945271
v 16.72141736 15.59476486 11.35945271
v 17.13934198 15.39988341 11.35945271
v 17.5572666 15.20500195 11.35945271
v 16.90547184 15.18974862 12.0694185
v 16.08102794 15.57419312 12.0694185
v 16.49324989 15.38197087 12.0694185
v 17.31769378 14.99752637 12.0694185
v 17.72991573 14.80530412 12.0694185
v 15.04552461 15.73786603 12.7793843
v 15.45204388 15.54830298 12.7793843
v 15.85856315 15.35873993 12.7793843
v 16.26508242 15.16917688 12.7793843
v 16.67160169 14.97961383 12.7793843
v 17.07812096 14.79005078 12.7793843
v 17.48464024 14.60048773 12.7793843
v 20.73679441 13.08398333 12.7793843
v 21.14331368 12.89442029 12.7793843
v 19.22896509 14.42547615 11.35945271
v 18.55435962 14.42085962 12.0694185
v 18.96658157 14.22863737 12.0694185
v 19.37880352 14.03641511 12.0694185
v 17.97519123 15.0101205 11.35945271
v 18.39311585 14.81523905 11.35945271
v 18.81104047 14.6203576 11.35945271
v 18.14213768 14.61308187 12.0694185
v 20.48273896 13.84083179 11.35945271
v 19.64688971 14.2305947 11.35945271
v 20.06481434 14.03571324 11.35945271
v 20.90066358 13.64595034 11.35945271
v 21.3185882 13.45106889 11.35945271
v 19.79102547 13.84419286 12.0694185
v 20.20324741 13.65197061 12.0694185
v 20.61546936 13.45974836 12.0694185
v 21.02769131 13.26752611 12.0694185
v 17.89115951 14.41092468 12.7793843
v 18.70419805 14.03179858 12.7793843
v 18.29767878 14.22136163 12.7793843
v 19.11071732 13.84223553 12.7793843
v 19.51723659 13.65267248 12.7793843
v 19.92375587 13.46310943 12.7793843
v 20.33027514 13.27354638 12.7793843
v 15.66578918 17.04458304 9.22955533
v 15.03110244 17.02135211 9.93952112
v 15.46043241 16.82115225 9.93952112
v 15.88976238 16.6209524 9.93952112
v 14.36069123 17.65316021 9.22955533
v 14.79572388 17.45030115 9.22955533
v 15.23075653 17.2474421 9.22955533
v 14.60177246 17.22155196 9.93952112
v 16.10082182 16.84172399 9.22955533
v 16.53585447 16.63886493 9.22955533
v 16.97088712 16.43600588 9.22955533
v 17.40591977 16.23314682 9.22955533
v 16.31909235 16.42075254 9.93952112
v 16.74842233 16.22055269 9.93952112
v 17.1777523 16.02035284 9.93952112
v 14.40782105 16.99280276 10.64948691
v 14.83144834 16.79526211 10.64948691
v 15.67870294 16.40018081 10.64948691
v 15.25507564 16.59772146 10.64948691
v 16.10233023 16.20264015 10.64948691
v 16.52595753 16.0050995 10.64948691
v 17.84095241 16.03028777 9.22955533
v 15.04971887 16.37429067 11.35945271
v 14.63179425 16.56917212 11.35945271
v 15.46764349 16.17940921 11.35945271
v 15.88556812 15.98452776 11.35945271
v 14.43214016 16.34308212 12.0694185
v 14.8443621 16.15085987 12.0694185
v 15.25658405 15.95863762 12.0694185
v 14.63900533 15.92742908 12.7793843
v 23.09425725 10.91138491 9.22955533
v 22.79152356 10.76835184 9.93952112
v 23.93140948 13.190261 9.22955533
v 24.36644213 12.98740194 9.22955533
v 24.04703185 12.81715517 9.93952112
v 23.61770188 13.01735503 9.93952112
v 22.48878987 10.62531878 10.64948691
v 22.88036699 13.04198971 10.64948691
v 23.30399429 12.84444905 10.64948691
v 23.72762158 12.6469084 10.64948691
v 21.75624624 14.20455627 9.22955533
v 22.19127889 14.00169722 9.22955533
v 22.62631154 13.79883816 9.22955533
v 23.06134418 13.59597911 9.22955533
v 21.90038199 13.81815444 9.93952112
v 21.47105202 14.0183543 9.93952112
v 22.32971197 13.61795459 9.93952112
v 22.75904194 13.41775473 9.93952112
v 23.49637683 13.39312005 9.22955533
v 23.18837191 13.21755488 9.93952112
v 21.6094851 13.63461167 10.64948691
v 22.03311239 13.43707101 10.64948691
v 22.45673969 13.23953036 10.64948691
v 22.15443745 13.06130598 11.35945271
v 22.57236207 12.86642453 11.35945271
v 22.99028669 12.67154308 11.35945271
v 21.43991325 13.07530386 12.0694185
v 22.26435715 12.69085936 12.0694185
v 21.8521352 12.88308161 12.0694185
v 22.67657909 12.49863711 12.0694185
v 23.08880104 12.30641486 12.0694185
v 23.40821131 12.47666163 11.35945271
v 21.95635222 12.51529419 12.7793843
v 21.54983295 12.70485724 12.7793843
v 22.3628715 12.32573114 12.7793843
v 22.76939077 12.13616809 12.7793843
v 21.73651282 13.25618744 11.35945271
v 14.43364857 15.70399829 13.48935009
v 14.83446516 15.51709444 13.48935009
v 15.63609836 15.14328674 13.48935009
v 16.03691495 14.95638289 13.48935009
v 15.23528176 15.33019059 13.48935009
v 15.01851964 15.1120782 14.19931589
v 14.62340572 15.29632284 14.19931589
v 15.41363356 14.92783355 14.19931589
v 15.80874748 14.7435889 14.19931589
v 17.23936474 14.39567135 13.48935009
v 17.64018134 14.2087675 13.48935009
v 16.59897533 14.37509961 14.19931589
v 17.78431709 13.82236567 14.19931589
v 16.99408925 14.19085496 14.19931589
v 17.38920317 14.00661031 14.19931589
v 16.43773155 14.76947904 13.48935009
v 16.83854815 14.58257519 13.48935009
v 16.2038614 14.55934426 14.19931589
v 15.58058001 14.53079491 14.90928168
v 15.96999126 14.34920947 14.90928168
v 14.41234628 15.07555125 14.90928168
v 14.80175752 14.89396581 14.90928168
v 15.19116877 14.71238036 14.90928168
v 16.35940251 14.16762402 14.90928168
v 16.74881375 13.98603857 14.90928168
v 17.138225 13.80445313 14.90928168
v 17.52763625 13.62286768 14.90928168
v 19.36477278 13.08538708 14.19931589
v 20.04508092 13.08734441 13.48935009
v 20.44589751 12.90044056 13.48935009
v 21.24753071 12.52663286 13.48935009
v 20.84671411 12.71353671 13.48935009
v 19.7598867 12.90114243 14.19931589
v 20.15500062 12.71689778 14.19931589
v 20.55011454 12.53265313 14.19931589
v 21.34034238 12.16416384 14.19931589
v 20.94522846 12.34840849 14.19931589
v 18.69586998 13.07811134 14.90928168
v 19.08528123 12.8965259 14.90928168
v 19.47469248 12.71494045 14.90928168
v 19.86410372 12.533355 14.90928168
v 20.25351497 12.35176956 14.90928168
v 20.64292621 12.17018411 14.90928168
v 21.03233746 11.98859867 14.90928168
v 18.44181453 13.8349598 13.48935009
v 18.04099793 14.02186365 13.48935009
v 18.84263113 13.64805595 13.48935009
v 19.24344772 13.4611521 13.48935009
v 18.17943101 13.63812102 14.19931589
v 18.57454493 13.45387637 14.19931589
v 18.96965885 13.26963172 14.19931589
v 19.64426432 13.27424826 13.48935009
v 17.91704749 13.44128224 14.90928168
v 18.30645874 13.25969679 14.90928168
v 17.77028635 12.87133763 16.32921327
v 17.39228045 13.04760467 16.32921327
v 14.4725984 11.82252644 17.74914486
v 14.83919894 11.6515778 17.74914486
v 15.89114955 11.0606461 17.74914486
v 15.20579949 11.48062916 17.74914486
v 15.57240003 11.30968052 17.74914486
v 15.76771177 13.16677303 17.74914486
v 16.2577501 10.88969746 17.74914486
v 16.62435065 10.71874882 17.74914486
v 16.38529049 13.19798158 17.03917906
v 16.75759371 13.02437373 17.03917906
v 17.12989693 12.85076589 17.03917906
v 17.50220015 12.67715805 17.03917906
v 16.13431232 12.99582439 17.74914486
v 16.50091287 12.82487575 17.74914486
v 16.86751341 12.65392711 17.74914486
v 17.23411396 12.48297846 17.74914486
v 17.6007145 12.31202982 17.74914486
v 14.96870397 14.49692717 15.61924747
v 15.35241254 14.31800092 15.61924747
v 15.73612112 14.13907468 15.61924747
v 14.36823328 14.45774102 16.32921327
v 15.12424508 14.10520694 16.32921327
v 14.74623918 14.28147398 16.32921327
v 15.88025687 13.75267285 16.32921327
v 15.50225097 13.92893989 16.32921327
v 14.5849954 14.67585342 15.61924747
v 16.50353826 13.78122219 15.61924747
v 16.88724683 13.60229594 15.61924747
v 16.11982969 13.96014843 15.61924747
v 17.2709554 13.4233697 15.61924747
v 17.65466397 13.24444345 15.61924747
v 16.25826276 13.5764058 16.32921327
v 16.63626866 13.40013876 16.32921327
v 17.01427456 13.22387172 16.32921327
v 14.52377439 14.06602079 17.03917906
v 14.89607761 13.89241295 17.03917906
v 15.26838083 13.7188051 17.03917906
v 16.01298727 13.37158942 17.03917906
v 15.64068405 13.54519726 17.03917906
v 14.30130959 13.8505676 17.74914486
v 14.66791014 13.67961896 17.74914486
v 15.03451068 13.50867032 17.74914486
v 15.40111123 13.33772167 17.74914486
v 18.03837254 13.06551721 15.61924747
v 18.42208111 12.88659096 15.61924747
v 19.18949826 12.52873847 15.61924747
v 19.57320683 12.34981223 15.61924747
v 18.80578968 12.70766472 15.61924747
v 18.52629814 12.51880354 16.32921327
v 18.14829224 12.69507058 16.32921327
v 18.90430403 12.3425365 16.32921327
v 19.28230993 12.16626945 16.32921327
v 20.72433254 11.81303349 15.61924747
v 21.10804111 11.63410725 15.61924747
v 20.03832172 11.81373536 16.32921327
v 20.41632762 11.63746832 16.32921327
v 20.79433351 11.46120127 16.32921327
v 21.17233941 11.28493423 16.32921327
v 19.9569154 12.17088598 15.61924747
v 20.34062397 11.99195974 15.61924747
v 19.66031583 11.99000241 16.32921327
v 19.36371626 11.80911883 17.03917906
v 18.70051614 11.7991839 17.74914486
v 19.06711668 11.62823526 17.74914486
v 19.43371723 11.45728661 17.74914486
v 17.87450337 12.5035502 17.03917906
v 18.24680659 12.32994236 17.03917906
v 18.61910981 12.15633452 17.03917906
v 18.99141304 11.98272667 17.03917906
v 17.96731505 12.14108118 17.74914486
v 18.33391559 11.97013254 17.74914486
v 19.73601948 11.63551099 17.03917906
v 20.1083227 11.46190315 17.03917906
v 20.48062592 11.2882953 17.03917906
v 20.85292914 11.11468746 17.03917906
v 20.16691832 11.11538933 17.74914486
v 19.80031778 11.28633797 17.74914486
v 20.53351887 10.94444069 17.74914486
v 22.13057023 11.79567454 14.19931589
v 21.6483473 12.33972901 13.48935009
v 22.0491639 12.15282516 13.48935009
v 22.4499805 11.96592132 13.48935009
v 21.7354563 11.97991919 14.19931589
v 21.42174871 11.80701322 14.90928168
v 21.81115995 11.62542777 14.90928168
v 21.49174968 11.455181 15.61924747
f 2 1 5
f 5 1 4
f 2 8 3
f 2 5 8
f 11 1 2
f 4 1 11
f 2 3 12
f 5 4 18
f 5 21 8
f 4 13 17
f 9 6 3
f 9 3 8
f 10 7 6
f 10 6 9
f 29 7 10
f 3 6 14
f 6 7 15
f 7 26 16
f 8 22 9
f 40 10 9
f 11 2 12
f 4 11 13
f 12 3 14
f 14 6 15
f 15 7 16
f 4 17 18
f 5 18 21
f 18 17 20
f 25 19 17
f 17 19 20
f 8 21 22
f 23 21 18
f 40 9 22
f 21 24 22
f 22 43 40
f 18 20 23
f 23 24 21
f 22 24 43
f 25 17 13
f 55 19 25
f 29 26 7
f 27 26 30
f 30 26 29
f 27 33 28
f 27 30 33
f 36 26 27
f 27 28 37
f 41 29 10
f 30 29 42
f 34 31 28
f 34 28 33
f 35 32 31
f 35 31 34
f 28 31 38
f 31 32 39
f 30 45 33
f 33 46 34
f 107 35 34
f 16 26 36
f 36 27 37
f 37 28 38
f 38 31 39
f 39 32 104
f 41 10 40
f 44 41 40
f 29 41 42
f 30 42 45
f 42 41 47
f 44 40 43
f 41 44 47
f 33 45 46
f 48 45 42
f 107 34 46
f 45 49 46
f 42 47 48
f 48 49 45
f 46 49 110
f 11 12 50
f 11 50 13
f 12 14 51
f 51 50 12
f 13 50 52
f 13 52 25
f 14 15 53
f 15 16 54
f 53 51 14
f 54 53 15
f 54 16 58
f 51 179 50
f 50 179 52
f 52 180 56
f 53 181 51
f 54 183 53
f 182 54 58
f 56 55 25
f 56 25 52
f 57 55 56
f 58 16 36
f 36 37 59
f 58 36 59
f 60 59 37
f 37 38 60
f 38 39 61
f 39 104 62
f 61 60 38
f 62 61 39
f 59 186 58
f 60 187 59
f 61 188 60
f 62 189 61
f 20 19 64
f 19 63 64
f 63 67 68
f 65 23 20
f 20 64 65
f 66 24 23
f 65 66 23
f 64 63 68
f 69 65 64
f 64 68 69
f 78 66 65
f 69 78 65
f 55 63 19
f 88 63 55
f 88 67 63
f 90 67 88
f 68 67 71
f 69 68 72
f 70 67 90
f 71 67 70
f 72 68 71
f 83 69 72
f 24 73 43
f 66 73 24
f 43 73 74
f 43 74 44
f 47 44 75
f 44 74 75
f 78 79 66
f 79 73 66
f 73 80 74
f 79 80 73
f 74 80 81
f 76 48 47
f 47 75 76
f 77 49 48
f 76 77 48
f 75 74 81
f 82 76 75
f 75 81 82
f 155 77 76
f 82 155 76
f 78 69 83
f 79 78 84
f 85 80 79
f 81 80 86
f 81 87 82
f 84 78 83
f 85 79 84
f 86 80 85
f 81 86 87
f 160 82 87
f 57 88 55
f 90 88 89
f 89 88 57
f 92 90 89
f 91 90 92
f 70 90 91
f 91 92 209
f 95 93 32
f 102 93 94
f 95 32 35
f 96 93 95
f 94 93 96
f 103 94 97
f 94 96 100
f 32 93 104
f 104 93 102
f 102 94 103
f 108 95 35
f 96 95 109
f 94 100 97
f 101 98 97
f 105 97 98
f 101 97 100
f 119 99 98
f 99 106 98
f 119 98 101
f 103 97 105
f 105 98 106
f 99 126 106
f 96 112 100
f 100 113 101
f 131 119 101
f 104 102 141
f 142 102 103
f 143 103 105
f 106 144 105
f 126 145 106
f 108 35 107
f 46 110 107
f 111 108 107
f 95 108 109
f 109 108 114
f 111 107 110
f 108 111 114
f 96 109 112
f 100 112 113
f 115 112 109
f 131 101 113
f 112 116 113
f 109 114 115
f 115 116 112
f 113 116 133
f 120 117 99
f 99 117 126
f 120 99 119
f 118 117 121
f 127 117 118
f 121 117 120
f 126 117 127
f 127 118 128
f 132 120 119
f 121 120 135
f 118 124 122
f 128 118 122
f 129 122 123
f 118 121 124
f 125 122 124
f 125 123 122
f 373 370 123
f 370 130 123
f 373 123 125
f 128 122 129
f 129 123 130
f 121 136 124
f 124 137 125
f 126 127 146
f 147 127 128
f 148 128 129
f 130 149 129
f 132 119 131
f 113 133 131
f 134 132 131
f 120 132 135
f 135 132 138
f 134 131 133
f 132 134 138
f 121 135 136
f 139 136 135
f 124 136 137
f 385 125 137
f 136 140 137
f 135 138 139
f 139 140 136
f 141 102 142
f 142 103 143
f 62 104 141
f 143 105 144
f 106 145 144
f 62 141 215
f 141 142 216
f 217 142 143
f 215 141 216
f 216 142 217
f 144 218 143
f 145 219 144
f 217 143 218
f 144 219 218
f 219 145 225
f 145 126 146
f 146 127 147
f 147 128 148
f 148 129 149
f 130 409 149
f 145 146 225
f 146 147 226
f 225 146 226
f 226 147 227
f 227 147 148
f 149 228 148
f 409 229 149
f 227 148 228
f 149 229 228
f 49 150 110
f 77 150 49
f 110 150 151
f 110 151 111
f 114 111 152
f 111 151 152
f 155 156 77
f 156 150 77
f 150 157 151
f 156 157 150
f 153 115 114
f 114 152 153
f 154 116 115
f 153 154 115
f 152 151 158
f 151 157 158
f 159 153 152
f 152 158 159
f 169 154 153
f 159 169 153
f 160 155 82
f 161 156 155
f 162 157 156
f 158 157 163
f 158 164 159
f 161 155 160
f 162 156 161
f 163 157 162
f 158 163 164
f 174 159 164
f 116 165 133
f 154 165 116
f 133 166 134
f 133 165 166
f 134 166 167
f 169 170 154
f 170 165 154
f 165 171 166
f 170 171 165
f 138 134 167
f 168 139 138
f 138 167 168
f 428 140 139
f 168 428 139
f 167 166 172
f 166 171 172
f 167 172 173
f 173 168 167
f 433 428 168
f 173 433 168
f 174 169 159
f 175 170 169
f 176 171 170
f 172 171 177
f 172 178 173
f 175 169 174
f 176 170 175
f 177 171 176
f 172 177 178
f 438 173 178
f 181 179 51
f 52 179 180
f 183 181 53
f 183 54 182
f 181 191 179
f 179 191 180
f 183 192 181
f 193 183 182
f 192 191 181
f 180 191 194
f 192 183 193
f 180 194 184
f 184 56 180
f 184 57 56
f 185 57 184
f 185 184 197
f 182 58 186
f 59 187 186
f 188 187 60
f 189 188 61
f 189 62 215
f 186 199 182
f 187 200 186
f 193 182 199
f 186 200 199
f 187 201 200
f 188 201 187
f 189 202 188
f 189 215 190
f 202 201 188
f 190 202 189
f 192 195 191
f 191 195 194
f 196 192 193
f 196 195 192
f 194 195 591
f 196 193 204
f 194 591 197
f 194 197 184
f 197 198 185
f 197 593 198
f 591 593 197
f 593 594 198
f 200 203 199
f 199 204 193
f 201 205 200
f 202 206 201
f 190 207 202
f 234 207 190
f 199 203 204
f 200 205 203
f 201 206 205
f 207 206 202
f 89 57 185
f 208 89 185
f 92 89 208
f 210 92 208
f 208 185 198
f 210 208 212
f 209 92 210
f 209 210 211
f 213 211 210
f 198 212 208
f 212 213 210
f 198 594 212
f 594 610 212
f 212 610 213
f 610 612 213
f 213 214 211
f 213 612 214
f 214 612 613
f 215 216 220
f 216 217 221
f 218 222 217
f 219 224 218
f 219 225 223
f 220 190 215
f 221 220 216
f 222 221 217
f 218 224 222
f 223 224 219
f 225 226 230
f 226 227 231
f 228 232 227
f 229 233 228
f 230 223 225
f 231 230 226
f 232 231 227
f 228 233 232
f 459 233 229
f 233 240 232
f 459 241 233
f 220 234 190
f 221 235 220
f 222 236 221
f 235 234 220
f 236 235 221
f 224 237 222
f 223 238 224
f 222 237 236
f 238 237 224
f 242 238 223
f 207 234 619
f 234 235 620
f 235 236 621
f 236 237 622
f 624 237 238
f 230 242 223
f 231 243 230
f 243 242 230
f 239 243 231
f 232 239 231
f 232 240 239
f 241 240 233
f 239 626 243
f 625 238 242
f 623 242 243
f 623 243 626
f 239 240 627
f 724 240 241
f 239 627 626
f 627 240 724
f 71 70 245
f 70 244 245
f 72 71 250
f 71 245 250
f 244 70 91
f 245 244 247
f 256 250 245
f 244 246 247
f 245 247 256
f 246 244 266
f 247 246 249
f 267 248 246
f 246 248 249
f 249 248 271
f 83 72 251
f 250 251 72
f 84 83 252
f 85 84 253
f 251 252 83
f 252 253 84
f 250 257 251
f 256 257 250
f 251 258 252
f 257 258 251
f 86 85 254
f 85 253 254
f 86 255 87
f 86 254 255
f 252 261 253
f 258 261 252
f 253 261 262
f 254 253 262
f 295 255 254
f 254 262 295
f 259 256 247
f 260 257 256
f 257 263 258
f 247 249 259
f 259 260 256
f 272 259 249
f 260 263 257
f 273 260 259
f 258 264 261
f 262 261 265
f 263 264 258
f 274 263 260
f 263 275 264
f 261 264 265
f 262 265 298
f 265 264 320
f 244 91 266
f 246 266 267
f 266 91 209
f 266 209 352
f 352 267 266
f 352 354 267
f 268 269 248
f 267 268 248
f 354 268 267
f 268 354 355
f 281 268 355
f 248 269 271
f 249 271 272
f 272 273 259
f 273 274 260
f 271 269 276
f 272 271 277
f 276 269 270
f 271 276 277
f 273 272 278
f 272 277 278
f 274 275 263
f 264 275 320
f 279 274 273
f 273 278 279
f 280 275 274
f 320 275 326
f 279 280 274
f 326 275 280
f 281 269 268
f 270 269 281
f 288 270 281
f 288 281 361
f 283 270 282
f 276 270 283
f 282 270 288
f 277 276 284
f 284 276 283
f 277 284 285
f 283 282 884
f 284 283 887
f 883 282 289
f 278 277 285
f 286 279 278
f 278 285 286
f 286 287 279
f 287 280 279
f 285 284 888
f 889 286 285
f 909 287 286
f 289 282 288
f 289 288 362
f 87 290 160
f 87 255 290
f 291 160 290
f 291 161 160
f 292 162 161
f 292 161 291
f 255 296 290
f 295 296 255
f 290 297 291
f 290 296 297
f 293 163 162
f 293 162 292
f 163 294 164
f 294 163 293
f 300 292 291
f 292 301 293
f 300 291 297
f 292 300 301
f 310 294 293
f 310 293 301
f 298 295 262
f 299 296 295
f 296 302 297
f 298 299 295
f 321 298 265
f 299 302 296
f 322 299 298
f 323 302 299
f 297 303 300
f 300 304 301
f 301 313 310
f 297 302 303
f 302 324 303
f 300 303 304
f 301 304 313
f 303 325 304
f 164 305 174
f 164 294 305
f 306 174 305
f 306 175 174
f 307 176 175
f 307 175 306
f 294 311 305
f 311 294 310
f 305 312 306
f 305 311 312
f 316 306 312
f 308 177 176
f 308 176 307
f 177 309 178
f 309 177 308
f 316 307 306
f 307 317 308
f 307 316 317
f 512 309 308
f 512 308 317
f 314 311 310
f 311 315 312
f 314 310 313
f 304 331 313
f 313 332 314
f 315 311 314
f 333 315 314
f 312 318 316
f 316 319 317
f 317 515 512
f 312 315 318
f 316 318 319
f 315 334 318
f 317 319 515
f 318 335 319
f 265 320 321
f 321 322 298
f 322 323 299
f 321 320 327
f 327 320 326
f 322 321 328
f 328 321 327
f 323 324 302
f 303 324 325
f 323 322 329
f 330 324 323
f 329 322 328
f 330 323 329
f 325 324 336
f 336 324 330
f 304 325 331
f 313 331 332
f 333 314 332
f 331 325 337
f 325 336 337
f 332 331 338
f 339 333 332
f 331 337 338
f 332 338 339
f 333 334 315
f 318 334 335
f 319 335 539
f 340 334 333
f 339 340 333
f 335 334 341
f 341 334 340
f 326 280 342
f 280 287 342
f 326 342 343
f 327 326 343
f 328 327 344
f 343 344 327
f 342 287 910
f 911 343 342
f 329 328 345
f 344 345 328
f 330 329 346
f 345 346 329
f 336 330 347
f 330 346 347
f 343 914 344
f 344 915 345
f 345 916 346
f 337 336 348
f 336 347 348
f 338 337 349
f 337 348 349
f 347 346 926
f 927 348 347
f 349 348 931
f 350 339 338
f 338 349 350
f 351 340 339
f 350 351 339
f 557 341 340
f 557 340 351
f 932 350 349
f 933 351 350
f 351 1139 557
f 211 352 209
f 353 354 352
f 211 353 352
f 354 353 356
f 355 354 356
f 357 361 355
f 355 356 357
f 214 353 211
f 353 214 358
f 356 353 358
f 356 358 359
f 358 214 613
f 688 359 358
f 359 357 356
f 360 364 357
f 359 360 357
f 690 360 359
f 691 365 360
f 281 355 361
f 361 362 288
f 357 364 361
f 361 364 362
f 364 366 362
f 362 363 289
f 893 289 363
f 362 366 363
f 366 367 363
f 363 367 978
f 360 365 364
f 364 365 366
f 365 368 366
f 365 696 368
f 366 368 367
f 982 367 369
f 367 368 369
f 374 371 370
f 370 371 380
f 374 370 373
f 372 371 377
f 381 371 372
f 377 371 374
f 370 380 130
f 380 371 381
f 381 372 382
f 385 373 125
f 386 374 373
f 377 374 389
f 375 372 378
f 382 372 375
f 378 372 377
f 376 375 379
f 383 375 376
f 395 384 376
f 379 375 378
f 397 376 379
f 382 375 383
f 383 376 384
f 378 377 390
f 379 378 391
f 380 409 130
f 380 381 408
f 410 381 382
f 411 382 383
f 384 412 383
f 386 373 385
f 137 387 385
f 374 386 389
f 388 386 385
f 389 386 392
f 137 140 387
f 388 385 387
f 386 388 392
f 377 389 390
f 393 390 389
f 390 391 378
f 390 394 391
f 389 392 393
f 393 394 390
f 395 376 397
f 395 396 399
f 398 395 397
f 398 396 395
f 395 399 384
f 399 396 400
f 400 396 401
f 401 396 398
f 397 379 402
f 398 397 403
f 399 417 384
f 399 400 418
f 400 401 420
f 401 398 406
f 391 402 379
f 402 403 397
f 391 404 402
f 402 405 403
f 398 403 406
f 394 404 391
f 404 405 402
f 403 405 407
f 406 403 407
f 401 406 425
f 409 380 408
f 408 381 410
f 410 382 411
f 411 383 412
f 384 417 412
f 409 408 458
f 408 410 413
f 229 409 458
f 458 408 413
f 413 410 414
f 414 410 411
f 414 411 415
f 412 415 411
f 417 416 412
f 412 416 415
f 399 418 417
f 400 419 418
f 400 420 419
f 421 417 418
f 418 419 422
f 424 419 420
f 401 425 420
f 421 416 417
f 418 422 421
f 419 423 422
f 424 423 419
f 420 427 424
f 426 425 406
f 406 407 426
f 420 425 427
f 425 469 427
f 426 469 425
f 140 429 387
f 428 429 140
f 387 430 388
f 387 429 430
f 388 430 431
f 433 434 428
f 434 429 428
f 429 435 430
f 434 435 429
f 392 388 431
f 432 393 392
f 392 431 432
f 443 394 393
f 432 443 393
f 431 430 436
f 430 435 436
f 431 436 437
f 437 432 431
f 447 443 432
f 437 447 432
f 438 433 173
f 439 434 433
f 440 435 434
f 436 435 441
f 436 442 437
f 439 433 438
f 440 434 439
f 441 435 440
f 436 441 442
f 450 437 442
f 394 444 404
f 443 444 394
f 404 445 405
f 444 445 404
f 447 448 443
f 448 444 443
f 448 449 444
f 444 449 445
f 407 405 446
f 405 445 446
f 445 449 454
f 446 445 454
f 450 447 437
f 451 448 447
f 452 449 448
f 451 447 450
f 452 448 451
f 454 449 455
f 455 449 452
f 407 446 453
f 453 426 407
f 446 454 456
f 456 453 446
f 453 491 426
f 491 469 426
f 456 493 453
f 493 491 453
f 456 454 457
f 457 454 455
f 494 456 457
f 458 413 460
f 413 414 461
f 229 458 459
f 460 459 458
f 461 460 413
f 415 462 414
f 416 463 415
f 462 461 414
f 415 463 462
f 465 463 416
f 460 472 459
f 461 473 460
f 462 475 461
f 463 476 462
f 474 463 465
f 465 416 421
f 466 421 422
f 422 423 467
f 466 465 421
f 422 467 466
f 468 423 424
f 423 464 467
f 468 464 423
f 470 468 424
f 480 466 467
f 479 465 466
f 479 474 465
f 480 479 466
f 467 481 480
f 467 464 481
f 483 464 468
f 464 482 481
f 483 482 464
f 489 483 468
f 470 424 427
f 427 471 470
f 427 469 471
f 489 468 470
f 490 470 471
f 472 241 459
f 473 472 460
f 475 473 461
f 462 476 475
f 474 476 463
f 484 476 474
f 725 241 472
f 726 472 473
f 724 241 725
f 725 472 726
f 726 473 477
f 475 477 473
f 475 476 478
f 475 478 477
f 478 476 484
f 474 479 485
f 479 480 486
f 480 481 488
f 481 482 487
f 487 482 500
f 500 482 501
f 501 482 483
f 484 474 485
f 485 479 486
f 486 480 488
f 488 481 487
f 488 487 734
f 490 489 470
f 483 489 502
f 489 490 503
f 491 492 469
f 469 492 471
f 493 495 491
f 471 492 497
f 495 492 491
f 495 498 492
f 493 456 494
f 496 493 494
f 495 493 496
f 471 497 490
f 490 497 504
f 492 498 497
f 497 498 505
f 499 498 495
f 499 495 496
f 487 500 751
f 500 501 753
f 501 483 502
f 502 489 503
f 501 502 758
f 502 503 759
f 503 490 504
f 504 497 505
f 505 498 506
f 506 498 499
f 178 507 438
f 178 309 507
f 508 438 507
f 508 439 438
f 509 440 439
f 509 439 508
f 309 513 507
f 513 309 512
f 507 514 508
f 518 509 508
f 507 513 514
f 518 508 514
f 510 441 440
f 510 440 509
f 441 511 442
f 511 441 510
f 442 511 523
f 509 519 510
f 509 518 519
f 520 511 510
f 520 510 519
f 516 513 512
f 513 517 514
f 516 512 515
f 319 539 515
f 515 540 516
f 517 513 516
f 514 517 521
f 541 517 516
f 514 521 518
f 518 522 519
f 519 528 520
f 518 521 522
f 517 542 521
f 519 522 528
f 521 543 522
f 522 549 528
f 442 523 450
f 524 451 450
f 524 450 523
f 525 452 451
f 525 451 524
f 511 526 523
f 526 511 520
f 523 526 527
f 523 527 524
f 531 525 524
f 531 524 527
f 455 452 533
f 452 525 533
f 525 531 535
f 529 526 520
f 526 530 527
f 529 520 528
f 528 550 529
f 530 526 529
f 527 530 532
f 551 530 529
f 527 532 531
f 531 532 536
f 530 552 532
f 455 533 534
f 533 525 535
f 533 535 537
f 457 455 534
f 534 571 457
f 537 534 533
f 535 531 536
f 536 532 563
f 538 537 535
f 535 536 538
f 564 538 536
f 515 539 540
f 541 516 540
f 539 335 544
f 540 539 545
f 335 341 544
f 539 544 545
f 546 541 540
f 540 545 546
f 541 542 517
f 521 542 543
f 522 543 549
f 547 542 541
f 546 547 541
f 543 542 548
f 549 543 553
f 548 542 547
f 543 548 553
f 528 549 550
f 551 529 550
f 551 552 530
f 550 549 554
f 549 553 554
f 555 551 550
f 550 554 555
f 556 552 551
f 555 556 551
f 544 341 558
f 558 341 557
f 544 558 559
f 545 544 559
f 560 546 545
f 545 559 560
f 1140 558 557
f 559 558 1141
f 560 561 546
f 561 547 546
f 562 548 547
f 562 547 561
f 565 548 562
f 1145 560 559
f 1146 561 560
f 561 1147 562
f 532 552 563
f 569 552 556
f 563 552 569
f 536 563 564
f 563 569 580
f 564 563 580
f 553 548 565
f 554 553 566
f 553 565 566
f 554 566 567
f 567 555 554
f 1155 565 562
f 566 565 1156
f 1160 567 566
f 568 556 555
f 567 568 555
f 570 556 568
f 569 556 570
f 1161 568 567
f 570 568 1164
f 581 569 570
f 580 569 581
f 581 570 1206
f 494 457 571
f 571 572 494
f 537 573 534
f 534 573 571
f 496 494 572
f 571 575 572
f 573 575 571
f 574 573 537
f 538 574 537
f 579 574 538
f 573 577 575
f 574 577 573
f 584 577 574
f 499 496 576
f 572 576 496
f 575 578 572
f 572 578 576
f 575 586 578
f 577 586 575
f 577 587 586
f 564 579 538
f 564 580 582
f 579 564 582
f 579 584 574
f 585 584 579
f 579 582 585
f 580 581 583
f 582 580 583
f 582 583 588
f 588 585 582
f 583 581 1208
f 584 587 577
f 585 589 584
f 1216 588 583
f 499 576 847
f 506 499 847
f 576 578 849
f 847 576 849
f 849 578 850
f 578 586 850
f 850 586 859
f 589 587 584
f 586 587 859
f 859 587 861
f 861 587 589
f 588 590 585
f 590 589 585
f 589 590 862
f 1218 590 588
f 592 195 196
f 591 195 592
f 592 196 595
f 593 591 597
f 591 592 597
f 594 593 601
f 593 597 601
f 196 204 595
f 204 203 596
f 203 205 598
f 595 204 596
f 596 203 598
f 205 206 599
f 600 206 207
f 598 205 599
f 599 206 600
f 597 592 603
f 592 595 603
f 595 596 604
f 596 598 605
f 598 599 606
f 633 599 600
f 594 601 602
f 604 603 595
f 597 603 607
f 601 597 607
f 605 604 596
f 606 599 633
f 606 605 598
f 607 603 645
f 604 645 603
f 605 646 604
f 606 651 605
f 646 645 604
f 607 645 647
f 651 646 605
f 647 608 607
f 608 602 601
f 601 607 608
f 608 609 602
f 648 609 608
f 602 610 594
f 611 612 610
f 602 611 610
f 614 612 611
f 613 612 614
f 613 614 615
f 609 611 602
f 616 611 609
f 614 611 616
f 617 614 616
f 616 609 649
f 617 616 650
f 615 614 617
f 615 617 618
f 618 617 680
f 619 234 620
f 620 235 621
f 600 207 619
f 621 236 622
f 622 237 624
f 600 619 632
f 619 620 634
f 634 632 619
f 620 621 635
f 622 624 639
f 621 622 636
f 635 634 620
f 636 622 639
f 636 635 621
f 624 238 625
f 625 242 623
f 629 625 623
f 626 630 623
f 627 631 626
f 628 624 625
f 628 625 629
f 639 624 628
f 629 623 630
f 631 627 728
f 626 631 630
f 633 600 632
f 634 637 632
f 635 638 634
f 636 641 635
f 652 606 633
f 632 653 633
f 651 606 652
f 652 633 653
f 632 637 653
f 638 637 634
f 641 638 635
f 636 639 642
f 639 628 640
f 640 628 643
f 643 628 629
f 630 644 629
f 631 740 630
f 643 629 644
f 630 740 644
f 641 636 642
f 642 639 640
f 640 643 661
f 644 660 643
f 654 647 645
f 646 654 645
f 654 657 647
f 657 648 647
f 647 648 608
f 649 609 648
f 649 648 671
f 650 616 649
f 680 617 650
f 618 680 681
f 651 655 646
f 653 659 652
f 656 651 652
f 637 658 653
f 638 662 637
f 637 662 658
f 655 654 646
f 656 652 659
f 655 651 656
f 653 658 659
f 657 671 648
f 671 672 649
f 641 663 638
f 641 642 664
f 642 640 665
f 664 663 641
f 663 662 638
f 665 664 642
f 661 665 640
f 660 661 643
f 662 675 658
f 663 676 662
f 664 678 663
f 661 677 665
f 660 794 661
f 665 679 664
f 677 679 665
f 794 677 661
f 655 666 654
f 654 666 657
f 668 655 656
f 668 666 655
f 657 666 667
f 657 667 671
f 659 669 656
f 658 670 659
f 658 675 670
f 668 656 669
f 659 670 669
f 667 666 1823
f 1823 666 668
f 668 669 1824
f 673 667 1826
f 667 673 671
f 671 673 672
f 673 674 672
f 674 673 1831
f 662 676 675
f 678 676 663
f 679 678 664
f 679 677 798
f 670 675 1827
f 675 676 1829
f 669 670 1825
f 1827 675 1829
f 1828 676 678
f 678 679 796
f 1829 676 1828
f 1828 678 796
f 650 649 672
f 672 682 650
f 680 650 682
f 682 684 680
f 684 681 680
f 684 685 681
f 672 674 682
f 682 683 684
f 674 683 682
f 1832 683 674
f 683 686 684
f 1838 686 683
f 684 686 685
f 687 686 1839
f 685 686 687
f 358 613 688
f 688 613 615
f 688 690 359
f 688 615 689
f 690 688 689
f 690 689 693
f 690 691 360
f 693 691 690
f 694 696 691
f 693 694 691
f 689 615 618
f 689 618 692
f 692 693 689
f 692 695 693
f 681 692 618
f 706 695 692
f 695 694 693
f 694 695 702
f 699 694 702
f 691 696 365
f 368 696 697
f 699 696 694
f 697 696 699
f 700 697 699
f 369 368 697
f 369 697 698
f 698 984 369
f 698 697 700
f 701 698 700
f 1390 698 701
f 700 699 703
f 699 702 703
f 701 700 704
f 702 695 707
f 708 703 702
f 703 704 700
f 703 715 704
f 1393 701 705
f 704 705 701
f 681 706 692
f 695 706 707
f 685 706 681
f 706 685 709
f 707 706 709
f 707 709 711
f 702 707 708
f 711 708 707
f 712 715 708
f 711 712 708
f 709 685 687
f 710 711 709
f 709 687 710
f 710 687 1840
f 710 713 711
f 713 712 711
f 714 718 712
f 713 714 712
f 713 710 1844
f 1845 714 713
f 1846 721 714
f 708 715 703
f 715 716 704
f 712 718 715
f 715 718 716
f 718 719 716
f 704 716 705
f 716 717 705
f 705 717 1398
f 716 719 717
f 717 719 720
f 1411 717 720
f 718 721 719
f 714 721 718
f 719 721 722
f 720 719 722
f 723 1414 720
f 722 721 1849
f 720 722 723
f 723 722 1850
f 1416 723 1851
f 627 724 728
f 727 724 725
f 729 725 726
f 477 730 726
f 478 731 477
f 729 726 730
f 477 731 730
f 478 735 731
f 728 724 727
f 727 725 729
f 738 727 729
f 730 739 729
f 731 743 730
f 484 485 736
f 478 484 735
f 485 486 732
f 484 736 735
f 732 736 485
f 486 488 733
f 733 732 486
f 734 733 488
f 744 731 735
f 735 736 742
f 736 745 742
f 732 745 736
f 733 746 732
f 734 762 733
f 746 745 732
f 762 746 733
f 631 728 741
f 728 727 737
f 737 727 738
f 740 631 741
f 741 728 737
f 738 729 739
f 730 743 739
f 741 737 782
f 740 780 644
f 740 741 781
f 782 781 741
f 737 738 783
f 739 784 738
f 783 782 737
f 784 783 738
f 739 788 784
f 744 743 731
f 735 742 744
f 750 744 742
f 742 745 749
f 746 748 745
f 743 788 739
f 747 743 744
f 750 747 744
f 747 788 743
f 742 749 750
f 745 748 749
f 766 748 746
f 749 748 808
f 500 752 751
f 487 751 734
f 500 753 752
f 751 752 755
f 757 752 753
f 501 758 753
f 754 734 751
f 751 755 754
f 752 756 755
f 754 762 734
f 757 756 752
f 753 760 757
f 759 758 502
f 753 758 760
f 759 761 758
f 758 761 760
f 767 762 754
f 768 754 755
f 762 766 746
f 767 766 762
f 768 767 754
f 755 756 763
f 765 756 757
f 765 764 756
f 755 763 768
f 756 764 763
f 769 765 757
f 766 807 748
f 809 766 767
f 810 767 768
f 812 768 763
f 763 764 811
f 812 810 768
f 763 811 812
f 769 757 760
f 760 770 769
f 760 761 770
f 816 764 765
f 764 815 811
f 816 815 764
f 822 816 765
f 822 765 769
f 823 822 769
f 823 769 770
f 503 504 771
f 771 759 503
f 504 505 773
f 773 771 504
f 771 772 759
f 772 761 759
f 773 776 771
f 776 772 771
f 505 774 773
f 505 506 774
f 777 776 773
f 777 773 774
f 772 775 761
f 761 775 770
f 776 778 772
f 778 775 772
f 779 778 776
f 779 776 777
f 770 775 841
f 770 841 823
f 778 843 775
f 775 843 841
f 844 843 778
f 844 778 779
f 644 780 660
f 781 780 740
f 782 786 781
f 784 792 783
f 783 787 782
f 780 795 660
f 781 785 780
f 660 795 794
f 785 795 780
f 786 785 781
f 787 786 782
f 792 787 783
f 791 788 747
f 788 790 784
f 791 790 788
f 793 791 747
f 789 750 749
f 793 747 750
f 749 808 789
f 789 793 750
f 784 790 792
f 792 790 803
f 793 789 826
f 804 790 791
f 791 793 802
f 802 793 826
f 677 794 797
f 794 795 800
f 799 795 785
f 806 786 787
f 805 785 786
f 800 795 799
f 805 786 806
f 799 785 805
f 796 679 798
f 798 677 797
f 797 794 800
f 800 799 1858
f 792 801 787
f 792 803 801
f 806 787 801
f 804 791 802
f 803 790 804
f 801 1862 806
f 1859 799 805
f 1860 805 806
f 803 1861 801
f 803 804 829
f 1860 806 1862
f 801 1861 1862
f 803 829 1861
f 748 807 808
f 809 807 766
f 810 809 767
f 814 809 810
f 810 812 819
f 789 808 827
f 808 807 828
f 813 807 809
f 826 789 827
f 827 808 828
f 828 807 813
f 814 813 809
f 810 819 814
f 811 815 818
f 821 815 816
f 812 811 817
f 820 815 821
f 811 818 817
f 818 815 820
f 821 816 824
f 812 817 819
f 819 817 837
f 820 821 1766
f 817 818 838
f 818 820 836
f 836 820 1765
f 820 1766 1765
f 821 1772 1766
f 816 822 824
f 822 823 825
f 824 822 825
f 821 824 1772
f 1773 1772 824
f 824 825 1773
f 804 802 830
f 802 826 831
f 826 827 832
f 834 813 814
f 828 813 839
f 827 828 833
f 833 832 827
f 813 834 839
f 828 839 833
f 804 830 829
f 831 830 802
f 832 831 826
f 832 1884 831
f 833 1891 832
f 835 814 819
f 835 834 814
f 819 837 835
f 817 838 837
f 838 818 836
f 837 838 1769
f 838 836 1768
f 839 834 1889
f 1892 834 835
f 1890 833 839
f 834 1892 1889
f 839 1889 1890
f 840 835 837
f 837 1769 840
f 840 1892 835
f 823 841 842
f 841 843 845
f 825 823 842
f 842 841 845
f 1776 1773 825
f 825 842 1776
f 842 845 1778
f 1778 1776 842
f 846 843 844
f 845 843 846
f 845 1779 1778
f 845 846 1779
f 506 847 848
f 506 848 774
f 847 849 851
f 851 848 847
f 774 848 853
f 774 853 777
f 848 855 853
f 851 855 848
f 852 851 849
f 849 850 852
f 860 852 850
f 856 855 851
f 852 856 851
f 865 856 852
f 854 779 777
f 854 777 853
f 853 857 854
f 853 855 857
f 855 858 857
f 856 858 855
f 868 858 856
f 871 844 779
f 871 779 854
f 873 871 854
f 873 854 857
f 857 858 874
f 850 859 860
f 863 859 861
f 860 859 863
f 860 865 852
f 866 860 863
f 861 589 862
f 861 862 864
f 862 590 1511
f 863 861 864
f 1513 864 862
f 864 867 863
f 865 868 856
f 865 860 866
f 869 865 866
f 868 865 869
f 866 863 867
f 867 870 866
f 864 1517 867
f 869 866 870
f 867 1520 870
f 868 877 858
f 879 868 869
f 870 880 869
f 872 844 871
f 871 873 875
f 872 846 844
f 871 875 872
f 846 1782 1779
f 1782 846 872
f 1784 1782 872
f 1784 872 875
f 857 874 873
f 858 877 874
f 873 874 876
f 873 876 875
f 875 1785 1784
f 874 878 876
f 875 876 1785
f 876 1788 1785
f 874 877 878
f 879 877 868
f 881 877 879
f 876 878 1788
f 878 877 881
f 878 881 1790
f 879 869 880
f 879 880 882
f 870 1537 880
f 881 879 882
f 881 882 1791
f 882 880 1539
f 1788 878 1790
f 1790 881 1791
f 1794 1791 882
f 884 282 883
f 887 283 884
f 884 883 886
f 885 886 883
f 887 884 890
f 886 890 884
f 885 883 893
f 888 284 887
f 285 888 889
f 889 909 286
f 888 887 891
f 890 891 887
f 892 889 888
f 891 892 888
f 893 883 289
f 894 885 893
f 885 896 886
f 885 895 896
f 896 895 900
f 886 897 890
f 896 897 886
f 897 898 890
f 890 898 891
f 891 920 892
f 898 920 891
f 897 896 901
f 898 897 902
f 894 895 885
f 980 895 894
f 899 895 980
f 900 895 899
f 896 900 901
f 900 899 904
f 897 901 902
f 898 902 943
f 901 900 905
f 902 901 948
f 904 899 903
f 905 900 904
f 901 905 948
f 903 899 988
f 988 899 980
f 989 903 988
f 904 903 907
f 907 903 906
f 905 904 908
f 908 904 907
f 954 905 908
f 906 903 989
f 997 998 906
f 907 906 998
f 908 907 1003
f 998 1003 907
f 997 906 992
f 287 909 910
f 342 910 911
f 911 914 343
f 912 909 889
f 892 912 889
f 910 909 913
f 909 912 913
f 910 913 917
f 917 911 910
f 914 915 344
f 915 916 345
f 918 914 911
f 917 918 911
f 918 919 914
f 914 919 915
f 915 928 916
f 919 928 915
f 892 921 912
f 920 921 892
f 913 912 922
f 923 917 913
f 912 921 922
f 913 922 923
f 943 920 898
f 944 921 920
f 922 921 945
f 924 918 917
f 923 924 917
f 925 919 918
f 924 925 918
f 925 937 919
f 923 922 946
f 924 923 947
f 960 925 924
f 346 916 926
f 347 926 927
f 927 931 348
f 926 916 929
f 916 928 929
f 930 927 926
f 926 929 930
f 934 931 927
f 930 934 927
f 349 931 932
f 932 933 350
f 351 933 1139
f 935 932 931
f 934 935 931
f 936 933 932
f 935 936 932
f 933 936 1142
f 919 937 928
f 929 928 938
f 928 937 938
f 939 930 929
f 929 938 939
f 961 937 925
f 938 937 962
f 939 938 963
f 940 934 930
f 941 935 934
f 939 940 930
f 940 941 934
f 935 942 936
f 941 942 935
f 940 939 964
f 941 940 965
f 1172 942 941
f 943 944 920
f 949 943 902
f 945 921 944
f 950 944 943
f 945 944 951
f 902 948 949
f 949 950 943
f 951 944 950
f 922 945 946
f 923 946 947
f 946 945 952
f 924 947 960
f 947 946 953
f 966 960 947
f 952 945 951
f 946 952 953
f 947 953 966
f 948 905 954
f 955 949 948
f 948 954 955
f 956 950 949
f 955 956 949
f 957 950 956
f 954 908 1004
f 1003 1004 908
f 1004 1005 954
f 1005 955 954
f 1009 956 955
f 1005 1009 955
f 951 950 957
f 952 951 958
f 958 951 957
f 953 952 959
f 959 952 958
f 957 956 1010
f 1009 1010 956
f 1010 1011 957
f 958 957 1011
f 959 958 1021
f 1011 1021 958
f 960 961 925
f 962 937 961
f 967 961 960
f 963 938 962
f 962 961 968
f 963 962 969
f 966 967 960
f 961 967 968
f 962 968 969
f 964 939 963
f 965 940 964
f 964 963 970
f 1172 941 965
f 965 964 971
f 969 970 963
f 970 971 964
f 971 1178 965
f 972 966 953
f 973 967 966
f 953 959 972
f 972 973 966
f 968 967 974
f 967 973 974
f 1022 972 959
f 1021 1022 959
f 1022 1023 972
f 1023 973 972
f 974 973 1027
f 973 1023 1027
f 975 969 968
f 969 976 970
f 968 974 975
f 975 976 969
f 970 977 971
f 976 977 970
f 1028 975 974
f 974 1027 1028
f 1028 1029 975
f 1029 976 975
f 976 1230 977
f 1029 1230 976
f 363 978 893
f 894 893 978
f 894 978 979
f 978 367 982
f 979 978 982
f 980 894 979
f 980 979 981
f 988 980 981
f 983 981 979
f 981 986 990
f 979 982 983
f 984 983 982
f 982 369 984
f 984 985 983
f 983 986 981
f 985 986 983
f 985 987 986
f 986 987 994
f 981 990 988
f 989 988 990
f 990 994 991
f 990 991 989
f 992 906 989
f 992 989 991
f 1052 997 992
f 1052 992 993
f 991 993 992
f 1052 993 1054
f 986 994 990
f 994 995 991
f 994 1394 995
f 987 1394 994
f 995 1394 1395
f 991 995 993
f 993 995 996
f 1054 993 996
f 1054 996 1057
f 996 995 1395
f 996 1395 1403
f 1403 1057 996
f 1403 1429 1057
f 997 1000 998
f 1052 999 997
f 997 999 1000
f 1000 1006 998
f 1000 999 1015
f 1015 999 1001
f 1040 1001 1002
f 998 1006 1003
f 1003 1007 1004
f 1004 1008 1005
f 1006 1007 1003
f 1007 1008 1004
f 1008 1012 1005
f 1005 1012 1009
f 1009 1013 1010
f 1010 1014 1011
f 1009 1012 1013
f 1013 1014 1010
f 1014 1024 1011
f 1006 1000 1016
f 1000 1015 1016
f 1006 1016 1017
f 1007 1006 1017
f 1018 1008 1007
f 1007 1017 1018
f 1015 1001 1040
f 1016 1015 1041
f 1041 1015 1040
f 1017 1016 1042
f 1016 1041 1042
f 1017 1042 1043
f 1019 1012 1008
f 1018 1019 1008
f 1020 1012 1019
f 1013 1012 1020
f 1014 1013 1033
f 1013 1020 1033
f 1043 1018 1017
f 1044 1019 1018
f 1043 1044 1018
f 1020 1019 1045
f 1033 1020 1046
f 1045 1019 1044
f 1046 1020 1045
f 1011 1024 1021
f 1021 1025 1022
f 1022 1026 1023
f 1024 1025 1021
f 1025 1026 1022
f 1023 1026 1030
f 1027 1023 1030
f 1031 1028 1027
f 1032 1029 1028
f 1027 1030 1031
f 1031 1032 1028
f 1032 1233 1029
f 1024 1014 1034
f 1014 1033 1034
f 1035 1025 1024
f 1024 1034 1035
f 1036 1026 1025
f 1035 1036 1025
f 1034 1033 1047
f 1033 1046 1047
f 1048 1035 1034
f 1049 1036 1035
f 1034 1047 1048
f 1048 1049 1035
f 1030 1026 1037
f 1037 1026 1036
f 1031 1030 1038
f 1030 1037 1038
f 1031 1038 1039
f 1032 1031 1039
f 1037 1036 1050
f 1050 1036 1049
f 1038 1037 1051
f 1039 1038 1266
f 1051 1037 1050
f 1038 1051 1266
f 1053 999 1052
f 1053 1052 1054
f 1053 1054 1056
f 1001 999 1053
f 1055 1001 1053
f 1002 1001 1055
f 1055 1053 1056
f 1057 1056 1054
f 1067 1002 1055
f 1056 1059 1055
f 1067 1055 1059
f 1059 1112 1067
f 1057 1058 1056
f 1429 1058 1057
f 1056 1058 1059
f 1058 1060 1059
f 1059 1060 1112
f 1058 1430 1060
f 1060 1114 1112
f 1060 1433 1114
f 1040 1002 1062
f 1061 1002 1067
f 1041 1040 1063
f 1042 1041 1064
f 1062 1002 1061
f 1063 1040 1062
f 1062 1061 1070
f 1064 1041 1063
f 1063 1062 1071
f 1068 1061 1067
f 1069 1061 1068
f 1065 1043 1042
f 1066 1044 1043
f 1045 1044 1086
f 1042 1064 1065
f 1065 1066 1043
f 1064 1063 1074
f 1075 1065 1064
f 1086 1044 1066
f 1076 1066 1065
f 1086 1066 1093
f 1068 1067 1112
f 1080 1068 1113
f 1069 1070 1061
f 1070 1071 1062
f 1071 1074 1063
f 1069 1073 1070
f 1070 1077 1071
f 1069 1072 1073
f 1073 1077 1070
f 1080 1072 1069
f 1073 1072 1081
f 1073 1082 1077
f 1074 1075 1064
f 1075 1076 1065
f 1076 1093 1066
f 1071 1078 1074
f 1074 1079 1075
f 1077 1078 1071
f 1078 1079 1074
f 1075 1096 1076
f 1079 1096 1075
f 1083 1078 1077
f 1084 1079 1078
f 1085 1096 1079
f 1080 1069 1068
f 1081 1072 1080
f 1073 1081 1082
f 1081 1080 1116
f 1083 1077 1082
f 1084 1078 1083
f 1085 1079 1084
f 1046 1045 1087
f 1047 1046 1088
f 1089 1048 1047
f 1087 1045 1086
f 1088 1046 1087
f 1087 1086 1094
f 1047 1088 1089
f 1088 1087 1095
f 1100 1089 1088
f 1090 1049 1048
f 1050 1049 1091
f 1051 1050 1092
f 1089 1090 1048
f 1091 1049 1090
f 1101 1090 1089
f 1092 1050 1091
f 1281 1051 1092
f 1091 1090 1102
f 1092 1091 1287
f 1093 1094 1086
f 1094 1095 1087
f 1095 1100 1088
f 1076 1097 1093
f 1093 1098 1094
f 1076 1096 1097
f 1097 1098 1093
f 1094 1099 1095
f 1098 1099 1094
f 1099 1103 1095
f 1097 1096 1106
f 1098 1097 1107
f 1099 1098 1108
f 1100 1101 1089
f 1101 1102 1090
f 1102 1287 1091
f 1095 1103 1100
f 1100 1104 1101
f 1103 1104 1100
f 1101 1105 1102
f 1102 1291 1287
f 1101 1104 1105
f 1105 1291 1102
f 1109 1103 1099
f 1110 1104 1103
f 1105 1104 1111
f 1106 1096 1085
f 1097 1106 1107
f 1098 1107 1108
f 1099 1108 1109
f 1106 1085 1126
f 1107 1106 1127
f 1108 1107 1128
f 1129 1109 1108
f 1109 1110 1103
f 1111 1104 1110
f 1301 1105 1111
f 1130 1110 1109
f 1111 1110 1131
f 1301 1111 1132
f 1112 1114 1113
f 1112 1113 1068
f 1116 1113 1115
f 1115 1114 1438
f 1113 1114 1115
f 1080 1113 1116
f 1081 1117 1082
f 1081 1116 1117
f 1082 1117 1118
f 1082 1118 1083
f 1119 1084 1083
f 1119 1083 1118
f 1120 1085 1084
f 1120 1084 1119
f 1126 1085 1120
f 1116 1115 1121
f 1121 1117 1116
f 1117 1122 1118
f 1121 1122 1117
f 1118 1123 1119
f 1124 1120 1119
f 1126 1120 1125
f 1118 1122 1123
f 1124 1119 1123
f 1125 1120 1124
f 1127 1106 1126
f 1107 1127 1128
f 1108 1128 1129
f 1129 1130 1109
f 1110 1130 1131
f 1111 1131 1132
f 1131 1130 1136
f 1138 1132 1131
f 1127 1126 1133
f 1133 1126 1125
f 1134 1127 1133
f 1128 1127 1134
f 1135 1129 1128
f 1128 1134 1135
f 1135 1137 1129
f 1137 1130 1129
f 1130 1137 1136
f 1131 1136 1138
f 1138 1340 1132
f 1451 1340 1138
f 1140 557 1139
f 1141 558 1140
f 559 1141 1145
f 933 1142 1139
f 1139 1143 1140
f 1139 1142 1143
f 1144 1140 1143
f 1144 1141 1140
f 1145 1146 560
f 561 1146 1147
f 1148 1145 1141
f 1148 1141 1144
f 1148 1149 1145
f 1149 1146 1145
f 1146 1157 1147
f 1146 1149 1157
f 936 1150 1142
f 936 942 1150
f 1142 1150 1151
f 1142 1151 1143
f 1143 1152 1144
f 1143 1151 1152
f 1150 942 1173
f 1151 1150 1174
f 1152 1151 1175
f 1153 1148 1144
f 1153 1144 1152
f 1153 1154 1148
f 1148 1154 1149
f 1149 1166 1157
f 1149 1154 1166
f 1176 1153 1152
f 1177 1154 1153
f 1155 562 1147
f 1156 565 1155
f 566 1156 1160
f 1147 1158 1155
f 1147 1157 1158
f 1159 1155 1158
f 1159 1156 1155
f 1162 1160 1156
f 1162 1156 1159
f 1160 1161 567
f 1164 568 1161
f 1162 1163 1160
f 1163 1161 1160
f 1163 1165 1161
f 1206 570 1164
f 1164 1161 1165
f 1165 1207 1164
f 1157 1167 1158
f 1157 1166 1167
f 1158 1168 1159
f 1158 1167 1168
f 1169 1159 1168
f 1166 1154 1189
f 1167 1166 1190
f 1168 1167 1191
f 1169 1162 1159
f 1162 1170 1163
f 1169 1170 1162
f 1163 1170 1171
f 1192 1169 1168
f 1193 1170 1169
f 1163 1171 1165
f 1171 1170 1197
f 1173 942 1172
f 1172 965 1178
f 1173 1172 1179
f 1150 1173 1174
f 1151 1174 1175
f 1174 1173 1180
f 1172 1178 1179
f 1173 1179 1180
f 1174 1180 1181
f 1152 1175 1176
f 1175 1174 1181
f 1182 1176 1175
f 1176 1177 1153
f 1189 1154 1177
f 1183 1177 1176
f 1175 1181 1182
f 1182 1183 1176
f 971 1184 1178
f 1179 1178 1185
f 977 1184 971
f 1178 1184 1185
f 1186 1180 1179
f 1179 1185 1186
f 977 1231 1184
f 1230 1231 977
f 1185 1184 1232
f 1236 1186 1185
f 1184 1231 1232
f 1185 1232 1236
f 1181 1180 1187
f 1186 1187 1180
f 1181 1187 1188
f 1188 1182 1181
f 1200 1183 1182
f 1188 1200 1182
f 1237 1187 1186
f 1236 1237 1186
f 1238 1188 1187
f 1248 1200 1188
f 1237 1238 1187
f 1238 1248 1188
f 1166 1189 1190
f 1194 1189 1177
f 1190 1189 1195
f 1167 1190 1191
f 1168 1191 1192
f 1191 1190 1196
f 1194 1177 1183
f 1195 1189 1194
f 1190 1195 1196
f 1192 1193 1169
f 1198 1192 1191
f 1199 1193 1192
f 1191 1196 1198
f 1198 1199 1192
f 1197 1170 1193
f 1197 1193 1212
f 1212 1193 1199
f 1183 1201 1194
f 1183 1200 1201
f 1202 1194 1201
f 1202 1195 1194
f 1196 1195 1203
f 1203 1195 1202
f 1200 1249 1201
f 1200 1248 1249
f 1201 1250 1202
f 1254 1203 1202
f 1201 1249 1250
f 1254 1202 1250
f 1204 1198 1196
f 1196 1203 1204
f 1204 1205 1198
f 1205 1199 1198
f 1214 1199 1205
f 1212 1199 1214
f 1255 1204 1203
f 1255 1203 1254
f 1256 1205 1204
f 1255 1256 1204
f 1214 1205 1279
f 1256 1279 1205
f 1208 581 1206
f 1206 1164 1207
f 1207 1209 1206
f 583 1208 1216
f 1208 1206 1209
f 1209 1217 1208
f 1165 1210 1207
f 1171 1210 1165
f 1210 1171 1211
f 1207 1215 1209
f 1210 1215 1207
f 1215 1210 1222
f 1171 1197 1211
f 1211 1197 1213
f 1213 1197 1212
f 1210 1211 1222
f 1211 1213 1225
f 1223 1212 1214
f 1213 1212 1223
f 1223 1214 1360
f 1279 1360 1214
f 1216 1218 588
f 1217 1216 1208
f 1217 1219 1216
f 590 1218 1511
f 1219 1218 1216
f 1209 1220 1217
f 1215 1220 1209
f 1224 1220 1215
f 1217 1221 1219
f 1220 1221 1217
f 1226 1221 1220
f 1222 1211 1225
f 1228 1213 1223
f 1225 1213 1228
f 1228 1223 1364
f 1360 1364 1223
f 1215 1222 1224
f 1227 1224 1222
f 1222 1225 1227
f 1224 1226 1220
f 1524 1226 1224
f 1227 1524 1224
f 1225 1228 1229
f 1229 1227 1225
f 1366 1229 1228
f 1364 1366 1228
f 1229 1528 1227
f 1528 1524 1227
f 1603 1528 1229
f 1366 1603 1229
f 1233 1230 1029
f 1230 1234 1231
f 1232 1231 1235
f 1233 1234 1230
f 1231 1234 1235
f 1232 1235 1239
f 1239 1236 1232
f 1240 1237 1236
f 1241 1238 1237
f 1239 1240 1236
f 1240 1241 1237
f 1241 1251 1238
f 1242 1233 1032
f 1032 1039 1242
f 1243 1234 1233
f 1242 1243 1233
f 1244 1234 1243
f 1235 1234 1244
f 1267 1242 1039
f 1039 1266 1267
f 1267 1268 1242
f 1268 1243 1242
f 1244 1243 1269
f 1243 1268 1269
f 1239 1235 1245
f 1245 1235 1244
f 1240 1239 1246
f 1246 1239 1245
f 1247 1240 1246
f 1241 1240 1247
f 1245 1244 1270
f 1244 1269 1270
f 1270 1271 1245
f 1246 1245 1271
f 1247 1246 1272
f 1271 1272 1246
f 1238 1251 1248
f 1248 1252 1249
f 1249 1253 1250
f 1248 1251 1252
f 1249 1252 1253
f 1250 1253 1257
f 1250 1257 1254
f 1258 1255 1254
f 1255 1259 1256
f 1258 1254 1257
f 1258 1259 1255
f 1256 1259 1280
f 1260 1251 1241
f 1260 1241 1247
f 1252 1251 1261
f 1261 1251 1260
f 1252 1261 1262
f 1253 1252 1262
f 1260 1247 1273
f 1272 1273 1247
f 1274 1260 1273
f 1274 1261 1260
f 1262 1261 1275
f 1275 1261 1274
f 1257 1253 1263
f 1253 1262 1263
f 1264 1258 1257
f 1257 1263 1264
f 1265 1259 1258
f 1264 1265 1258
f 1263 1262 1276
f 1277 1264 1263
f 1262 1275 1276
f 1263 1276 1277
f 1278 1265 1264
f 1277 1278 1264
f 1256 1280 1279
f 1362 1259 1265
f 1280 1259 1362
f 1370 1265 1278
f 1266 1051 1281
f 1282 1267 1266
f 1283 1268 1267
f 1269 1268 1284
f 1266 1281 1282
f 1281 1092 1288
f 1289 1282 1281
f 1282 1283 1267
f 1268 1283 1284
f 1290 1283 1282
f 1285 1270 1269
f 1270 1286 1271
f 1271 1308 1272
f 1269 1284 1285
f 1284 1283 1294
f 1295 1285 1284
f 1285 1286 1270
f 1286 1308 1271
f 1296 1286 1285
f 1287 1288 1092
f 1288 1289 1281
f 1289 1290 1282
f 1287 1292 1288
f 1291 1292 1287
f 1288 1293 1289
f 1289 1297 1290
f 1292 1293 1288
f 1293 1297 1289
f 1291 1105 1301
f 1292 1291 1302
f 1293 1292 1303
f 1304 1297 1293
f 1283 1290 1294
f 1284 1294 1295
f 1295 1296 1285
f 1296 1314 1286
f 1294 1290 1298
f 1290 1297 1298
f 1294 1298 1299
f 1299 1295 1294
f 1300 1296 1295
f 1299 1300 1295
f 1298 1297 1305
f 1299 1298 1306
f 1300 1299 1307
f 1302 1291 1301
f 1303 1292 1302
f 1304 1293 1303
f 1302 1301 1333
f 1303 1302 1334
f 1304 1303 1335
f 1305 1297 1304
f 1306 1298 1305
f 1307 1299 1306
f 1326 1300 1307
f 1305 1304 1339
f 1306 1305 1336
f 1307 1306 1337
f 1326 1307 1338
f 1272 1309 1273
f 1273 1310 1274
f 1311 1275 1274
f 1308 1309 1272
f 1286 1314 1308
f 1308 1315 1309
f 1273 1309 1310
f 1311 1274 1310
f 1309 1316 1310
f 1310 1320 1311
f 1276 1275 1312
f 1313 1277 1276
f 1371 1278 1277
f 1312 1275 1311
f 1276 1312 1313
f 1321 1312 1311
f 1313 1371 1277
f 1322 1313 1312
f 1375 1371 1313
f 1314 1315 1308
f 1309 1315 1316
f 1310 1316 1320
f 1317 1314 1296
f 1314 1318 1315
f 1300 1317 1296
f 1317 1318 1314
f 1315 1319 1316
f 1315 1318 1319
f 1316 1319 1323
f 1317 1300 1326
f 1327 1318 1317
f 1319 1318 1328
f 1321 1311 1320
f 1322 1312 1321
f 1322 1375 1313
f 1316 1323 1320
f 1320 1324 1321
f 1320 1323 1324
f 1325 1322 1321
f 1322 1376 1375
f 1325 1321 1324
f 1325 1376 1322
f 1323 1319 1329
f 1324 1323 1330
f 1325 1324 1331
f 1332 1376 1325
f 1327 1317 1326
f 1328 1318 1327
f 1329 1319 1328
f 1327 1326 1347
f 1329 1328 1349
f 1328 1327 1348
f 1330 1323 1329
f 1331 1324 1330
f 1332 1325 1331
f 1330 1329 1350
f 1331 1330 1351
f 1332 1331 1352
f 1132 1333 1301
f 1333 1334 1302
f 1334 1335 1303
f 1304 1335 1339
f 1132 1340 1333
f 1333 1341 1334
f 1334 1342 1335
f 1339 1335 1343
f 1305 1339 1336
f 1336 1337 1306
f 1337 1338 1307
f 1346 1336 1339
f 1336 1344 1337
f 1337 1345 1338
f 1340 1341 1333
f 1341 1342 1334
f 1335 1342 1343
f 1340 1549 1341
f 1341 1550 1342
f 1343 1342 1551
f 1339 1343 1346
f 1346 1344 1336
f 1344 1345 1337
f 1345 1353 1338
f 1555 1346 1343
f 1552 1344 1346
f 1344 1553 1345
f 1345 1554 1353
f 1338 1347 1326
f 1327 1347 1348
f 1328 1348 1349
f 1338 1353 1347
f 1348 1347 1354
f 1355 1349 1348
f 1349 1350 1329
f 1350 1351 1330
f 1351 1352 1331
f 1332 1352 1384
f 1349 1356 1350
f 1350 1357 1351
f 1356 1357 1350
f 1357 1359 1351
f 1351 1359 1352
f 1384 1352 1358
f 1352 1359 1358
f 1347 1353 1354
f 1348 1354 1355
f 1355 1356 1349
f 1354 1353 1563
f 1564 1355 1354
f 1565 1356 1355
f 1564 1565 1355
f 1356 1566 1357
f 1357 1567 1359
f 1565 1566 1356
f 1566 1567 1357
f 1358 1359 1568
f 1359 1567 1568
f 1358 1568 1621
f 1280 1361 1279
f 1279 1361 1360
f 1361 1365 1360
f 1280 1362 1363
f 1362 1265 1370
f 1361 1280 1363
f 1361 1363 1368
f 1363 1362 1372
f 1372 1362 1370
f 1360 1365 1364
f 1365 1367 1364
f 1364 1367 1366
f 1366 1604 1603
f 1367 1604 1366
f 1365 1361 1368
f 1365 1368 1369
f 1368 1363 1379
f 1363 1372 1379
f 1368 1379 1381
f 1369 1367 1365
f 1369 1607 1367
f 1381 1369 1368
f 1381 1616 1369
f 1370 1278 1373
f 1373 1278 1371
f 1373 1371 1377
f 1372 1370 1374
f 1374 1370 1373
f 1374 1373 1383
f 1375 1377 1371
f 1375 1378 1377
f 1375 1376 1378
f 1377 1383 1373
f 1378 1376 1332
f 1377 1385 1383
f 1378 1332 1384
f 1378 1385 1377
f 1378 1384 1385
f 1379 1372 1380
f 1380 1372 1374
f 1380 1374 1386
f 1382 1381 1379
f 1379 1380 1382
f 1387 1382 1380
f 1383 1386 1374
f 1383 1389 1386
f 1385 1389 1383
f 1388 1385 1384
f 1384 1358 1388
f 1388 1389 1385
f 1386 1387 1380
f 1622 1389 1388
f 1389 1623 1386
f 1621 1388 1358
f 1621 1622 1388
f 1386 1623 1387
f 1622 1623 1389
f 698 1390 984
f 1390 985 984
f 1390 1391 985
f 1393 1390 701
f 1391 1390 1393
f 1391 987 985
f 1391 1392 987
f 987 1392 1394
f 1397 1392 1391
f 1396 1392 1400
f 1397 1391 1393
f 1394 1392 1396
f 1395 1394 1396
f 1395 1396 1402
f 1402 1403 1395
f 1397 1393 1398
f 705 1398 1393
f 1397 1398 1399
f 1400 1392 1397
f 1400 1397 1399
f 1405 1400 1401
f 1400 1399 1401
f 1402 1396 1405
f 1404 1429 1403
f 1402 1404 1403
f 1404 1402 1406
f 1404 1431 1429
f 1431 1404 1409
f 1405 1396 1400
f 1406 1402 1405
f 1401 1407 1405
f 1406 1405 1407
f 1407 1408 1406
f 1409 1404 1406
f 1435 1431 1409
f 1409 1406 1408
f 1408 1410 1409
f 1435 1409 1410
f 1474 1435 1410
f 1398 717 1411
f 1399 1398 1411
f 1399 1411 1412
f 1411 720 1414
f 1414 1412 1411
f 1414 1415 1412
f 1412 1401 1399
f 1412 1413 1401
f 1401 1413 1407
f 1415 1413 1412
f 1415 1418 1413
f 1413 1418 1420
f 1416 1415 1414
f 723 1416 1414
f 1416 1417 1415
f 1417 1416 2021
f 1417 1418 1415
f 1418 1419 1423
f 1417 1419 1418
f 2022 1419 1417
f 1425 1419 2023
f 1407 1420 1408
f 1413 1420 1407
f 1420 1421 1408
f 1418 1423 1420
f 1420 1423 1421
f 1408 1421 1410
f 1422 1410 1421
f 1474 1410 1422
f 1477 1474 1422
f 1423 1424 1421
f 1422 1421 1424
f 1424 1427 1422
f 1477 1422 1427
f 1427 1480 1477
f 1423 1425 1424
f 1423 1419 1425
f 1425 1426 1424
f 1425 2024 1426
f 1424 1426 1427
f 1427 1428 1480
f 1426 1428 1427
f 1428 1482 1480
f 2025 1428 1426
f 2034 1482 1428
f 1431 1430 1429
f 1429 1430 1058
f 1431 1432 1430
f 1430 1433 1060
f 1430 1432 1433
f 1114 1433 1438
f 1433 1432 1434
f 1438 1433 1434
f 1438 1434 1440
f 1435 1432 1431
f 1436 1432 1435
f 1436 1435 1474
f 1475 1436 1474
f 1434 1432 1436
f 1434 1437 1440
f 1434 1436 1437
f 1458 1440 1437
f 1436 1475 1437
f 1437 1475 1476
f 1437 1476 1458
f 1486 1458 1476
f 1115 1438 1439
f 1439 1121 1115
f 1440 1439 1438
f 1457 1441 1439
f 1440 1457 1439
f 1439 1441 1121
f 1441 1122 1121
f 1122 1442 1123
f 1123 1443 1124
f 1125 1124 1444
f 1441 1442 1122
f 1123 1442 1443
f 1443 1444 1124
f 1444 1445 1125
f 1457 1460 1441
f 1460 1442 1441
f 1442 1461 1443
f 1443 1462 1444
f 1444 1463 1445
f 1460 1461 1442
f 1462 1463 1444
f 1443 1461 1462
f 1133 1125 1445
f 1134 1133 1446
f 1447 1135 1134
f 1448 1137 1135
f 1447 1448 1135
f 1445 1446 1133
f 1446 1447 1134
f 1136 1137 1449
f 1137 1448 1449
f 1136 1449 1450
f 1450 1138 1136
f 1450 1451 1138
f 1445 1466 1446
f 1446 1452 1447
f 1447 1453 1448
f 1463 1466 1445
f 1466 1452 1446
f 1452 1453 1447
f 1448 1453 1454
f 1449 1448 1454
f 1455 1450 1449
f 1456 1451 1450
f 1455 1456 1450
f 1456 1556 1451
f 1449 1454 1455
f 1458 1457 1440
f 1459 1460 1457
f 1459 1457 1458
f 1486 1459 1458
f 1487 1459 1486
f 1487 1464 1459
f 1464 1460 1459
f 1463 1462 1470
f 1464 1461 1460
f 1462 1461 1465
f 1465 1461 1464
f 1462 1465 1470
f 1465 1464 1490
f 1466 1463 1471
f 1472 1452 1466
f 1473 1453 1452
f 1463 1470 1471
f 1472 1473 1452
f 1466 1471 1472
f 1455 1454 1468
f 1454 1453 1467
f 1456 1455 1469
f 1456 1469 1576
f 1467 1453 1473
f 1454 1467 1468
f 1455 1468 1469
f 1490 1464 1487
f 1470 1465 1491
f 1471 1470 1492
f 1491 1465 1490
f 1470 1491 1492
f 1493 1472 1471
f 1471 1492 1493
f 1494 1473 1472
f 1467 1473 1495
f 1468 1467 1496
f 1469 1468 1582
f 1493 1494 1472
f 1495 1473 1494
f 1496 1467 1495
f 1468 1496 1582
f 1475 1474 1477
f 1478 1475 1477
f 1475 1478 1476
f 1478 1477 1480
f 1476 1478 1479
f 1476 1479 1486
f 1488 1486 1479
f 1478 1481 1479
f 1479 1484 1488
f 1480 1482 1481
f 1480 1481 1478
f 2067 1483 1482
f 1482 1483 1481
f 1479 1481 1484
f 1481 1483 1484
f 1484 1502 1488
f 1484 1485 1502
f 1484 1483 1485
f 1485 1483 2068
f 1485 1504 1502
f 1504 1485 2071
f 1488 1487 1486
f 1489 1487 1488
f 1490 1487 1489
f 1489 1488 1502
f 1497 1489 1503
f 1491 1490 1497
f 1492 1491 1498
f 1499 1493 1492
f 1496 1495 1656
f 1500 1494 1493
f 1495 1494 1501
f 1501 1494 1500
f 1656 1495 1501
f 1497 1490 1489
f 1498 1491 1497
f 1492 1498 1499
f 1498 1497 1506
f 1499 1500 1493
f 1507 1500 1499
f 1508 1499 1498
f 1501 1500 1676
f 1502 1503 1489
f 1502 1504 1503
f 1503 1505 1506
f 1505 1504 2079
f 1504 1505 1503
f 1503 1506 1497
f 1506 1508 1498
f 1508 1507 1499
f 1507 1676 1500
f 1506 1509 1508
f 1508 1510 1507
f 1507 1684 1676
f 1505 1509 1506
f 1507 1510 1684
f 1509 1510 1508
f 862 1511 1513
f 1218 1219 1512
f 1511 1218 1512
f 1511 1512 1514
f 1513 1517 864
f 1514 1513 1511
f 1514 1518 1513
f 1219 1221 1515
f 1512 1219 1515
f 1515 1221 1523
f 1512 1515 1516
f 1516 1514 1512
f 1516 1515 1526
f 1517 1520 867
f 1518 1517 1513
f 1518 1521 1517
f 1517 1521 1520
f 1516 1519 1514
f 1519 1518 1514
f 1519 1516 1530
f 1519 1522 1518
f 1520 1537 870
f 1521 1538 1520
f 1522 1521 1518
f 1534 1522 1519
f 1523 1221 1226
f 1523 1226 1525
f 1525 1226 1524
f 1515 1523 1526
f 1526 1523 1527
f 1527 1523 1525
f 1529 1524 1528
f 1525 1524 1529
f 1529 1528 1605
f 1603 1605 1528
f 1532 1525 1529
f 1527 1525 1532
f 1605 1609 1529
f 1532 1529 1609
f 1516 1526 1530
f 1530 1526 1531
f 1526 1527 1531
f 1519 1530 1534
f 1530 1531 1535
f 1533 1527 1532
f 1531 1527 1533
f 1609 1611 1532
f 1533 1532 1611
f 1531 1533 1536
f 1611 1615 1533
f 1535 1534 1530
f 1536 1535 1531
f 1615 1536 1533
f 880 1537 1539
f 1520 1538 1537
f 1537 1538 1540
f 882 1539 1794
f 1539 1537 1540
f 1539 1540 1795
f 1521 1541 1538
f 1522 1541 1521
f 1538 1541 1542
f 1543 1541 1522
f 1540 1538 1542
f 1540 1542 1798
f 1542 1541 1545
f 1795 1794 1539
f 1798 1795 1540
f 1798 1542 1800
f 1534 1543 1522
f 1544 1543 1534
f 1535 1544 1534
f 1545 1541 1543
f 1543 1544 1546
f 1545 1543 1546
f 1800 1542 1545
f 1545 1546 1801
f 1536 1547 1535
f 1547 1544 1535
f 1615 1701 1536
f 1701 1547 1536
f 1544 1547 1548
f 1547 1701 1704
f 1546 1544 1548
f 1546 1548 1804
f 1548 1547 1704
f 1548 1704 1806
f 1800 1545 1801
f 1804 1801 1546
f 1806 1804 1548
f 1451 1549 1340
f 1549 1550 1341
f 1343 1551 1555
f 1342 1550 1551
f 1549 1557 1550
f 1551 1550 1558
f 1559 1555 1551
f 1555 1552 1346
f 1552 1553 1344
f 1553 1554 1345
f 1562 1552 1555
f 1560 1553 1552
f 1553 1561 1554
f 1556 1549 1451
f 1556 1557 1549
f 1550 1557 1558
f 1551 1558 1559
f 1559 1558 1579
f 1559 1562 1555
f 1562 1560 1552
f 1560 1561 1553
f 1554 1561 1569
f 1562 1559 1580
f 1560 1562 1581
f 1589 1561 1560
f 1353 1554 1563
f 1354 1563 1564
f 1563 1554 1569
f 1570 1564 1563
f 1571 1565 1564
f 1570 1571 1564
f 1571 1572 1565
f 1575 1621 1568
f 1572 1566 1565
f 1566 1573 1567
f 1572 1573 1566
f 1567 1573 1574
f 1568 1567 1574
f 1568 1574 1575
f 1563 1569 1570
f 1569 1561 1590
f 1570 1569 1591
f 1571 1570 1592
f 1572 1571 1593
f 1592 1570 1591
f 1593 1571 1592
f 1574 1573 1595
f 1574 1636 1575
f 1594 1573 1572
f 1594 1572 1593
f 1574 1595 1636
f 1595 1573 1594
f 1576 1556 1456
f 1578 1557 1556
f 1576 1578 1556
f 1558 1557 1577
f 1577 1557 1578
f 1579 1558 1577
f 1581 1562 1580
f 1580 1559 1579
f 1589 1560 1581
f 1579 1577 1585
f 1580 1579 1587
f 1581 1580 1588
f 1589 1581 1598
f 1583 1576 1469
f 1584 1578 1576
f 1577 1578 1586
f 1578 1584 1586
f 1469 1582 1583
f 1583 1584 1576
f 1577 1586 1585
f 1585 1587 1579
f 1588 1598 1581
f 1587 1588 1580
f 1585 1655 1587
f 1587 1664 1588
f 1590 1561 1589
f 1591 1569 1590
f 1590 1589 1596
f 1591 1590 1597
f 1592 1591 1600
f 1597 1600 1591
f 1595 1594 1602
f 1595 1637 1636
f 1593 1592 1599
f 1594 1593 1601
f 1600 1599 1592
f 1599 1601 1593
f 1637 1595 1602
f 1602 1594 1601
f 1589 1598 1596
f 1590 1596 1597
f 1588 1665 1598
f 1596 1598 1662
f 1663 1597 1596
f 1597 1667 1600
f 1663 1667 1597
f 1602 1601 1709
f 1600 1666 1599
f 1667 1666 1600
f 1599 1668 1601
f 1666 1668 1599
f 1709 1601 1668
f 1603 1606 1605
f 1603 1604 1606
f 1605 1610 1609
f 1606 1610 1605
f 1607 1604 1367
f 1608 1604 1607
f 1616 1607 1369
f 1618 1607 1616
f 1606 1604 1608
f 1608 1607 1618
f 1606 1608 1613
f 1610 1606 1613
f 1632 1608 1618
f 1609 1612 1611
f 1610 1612 1609
f 1610 1613 1614
f 1612 1610 1614
f 1613 1608 1632
f 1614 1613 1634
f 1613 1632 1634
f 1611 1702 1615
f 1612 1702 1611
f 1612 1614 1706
f 1706 1702 1612
f 1722 1706 1614
f 1614 1634 1722
f 1617 1616 1381
f 1382 1617 1381
f 1620 1617 1382
f 1619 1616 1617
f 1618 1616 1619
f 1619 1617 1630
f 1633 1618 1619
f 1387 1620 1382
f 1626 1622 1621
f 1623 1625 1387
f 1624 1623 1622
f 1575 1626 1621
f 1626 1624 1622
f 1387 1625 1620
f 1624 1625 1623
f 1620 1630 1617
f 1627 1626 1575
f 1628 1624 1626
f 1620 1625 1631
f 1629 1625 1624
f 1627 1575 1636
f 1628 1626 1627
f 1629 1624 1628
f 1631 1625 1629
f 1630 1640 1619
f 1620 1631 1630
f 1632 1618 1633
f 1634 1632 1635
f 1633 1619 1640
f 1635 1632 1633
f 1635 1633 1647
f 1636 1638 1627
f 1639 1628 1627
f 1642 1629 1628
f 1636 1637 1638
f 1639 1627 1638
f 1642 1628 1639
f 1640 1647 1633
f 1630 1643 1640
f 1631 1629 1641
f 1631 1643 1630
f 1641 1629 1642
f 1643 1631 1641
f 1643 1651 1640
f 1643 1641 1650
f 1637 1645 1638
f 1637 1602 1644
f 1638 1646 1639
f 1648 1639 1646
f 1644 1602 1709
f 1645 1637 1644
f 1638 1645 1646
f 1648 1642 1639
f 1641 1642 1649
f 1649 1642 1648
f 1640 1651 1647
f 1651 1643 1650
f 1650 1641 1649
f 1649 1648 1715
f 1650 1649 1712
f 1651 1650 1729
f 1723 1722 1634
f 1634 1635 1723
f 1728 1723 1635
f 1647 1728 1635
f 1647 1730 1728
f 1651 1730 1647
f 1582 1496 1657
f 1658 1583 1582
f 1652 1584 1583
f 1586 1584 1653
f 1657 1496 1656
f 1582 1657 1658
f 1658 1652 1583
f 1584 1652 1653
f 1654 1585 1586
f 1586 1653 1654
f 1654 1655 1585
f 1655 1664 1587
f 1657 1656 1678
f 1679 1658 1657
f 1680 1652 1658
f 1656 1501 1677
f 1676 1677 1501
f 1677 1678 1656
f 1679 1680 1658
f 1678 1679 1657
f 1653 1652 1659
f 1661 1654 1653
f 1660 1655 1654
f 1661 1660 1654
f 1660 1670 1655
f 1652 1680 1659
f 1653 1659 1661
f 1664 1665 1588
f 1598 1665 1662
f 1596 1662 1663
f 1655 1670 1664
f 1664 1671 1665
f 1672 1663 1662
f 1662 1665 1669
f 1666 1675 1668
f 1673 1667 1663
f 1667 1674 1666
f 1673 1674 1667
f 1674 1675 1666
f 1675 1716 1668
f 1670 1671 1664
f 1665 1671 1669
f 1662 1669 1672
f 1670 1690 1671
f 1669 1671 1691
f 1672 1673 1663
f 1674 1738 1675
f 1694 1673 1672
f 1692 1672 1669
f 1693 1674 1673
f 1694 1693 1673
f 1693 1738 1674
f 1509 1505 2080
f 1676 1682 1677
f 1677 1683 1678
f 1678 1685 1679
f 1683 1685 1678
f 1679 1686 1680
f 1659 1680 1687
f 1681 1661 1659
f 1689 1660 1661
f 1680 1686 1687
f 1685 1686 1679
f 1659 1687 1681
f 1681 1689 1661
f 1684 1682 1676
f 1682 1683 1677
f 2083 1510 1509
f 1684 1510 2084
f 1683 1682 2086
f 1682 1684 2085
f 1687 1686 2092
f 1681 1687 1695
f 2088 1685 1683
f 2087 1686 1685
f 2088 2087 1685
f 2092 1686 2087
f 1688 1670 1660
f 1689 1688 1660
f 1688 1690 1670
f 1671 1690 1691
f 1669 1691 1692
f 1692 1694 1672
f 1691 1690 1700
f 1692 1691 1698
f 1694 1692 1746
f 1693 1694 1745
f 1745 1694 1746
f 1689 1681 1696
f 1697 1688 1689
f 1699 1690 1688
f 1689 1696 1697
f 1697 1699 1688
f 1687 2092 1695
f 1681 1695 1696
f 1698 1691 1700
f 1700 1690 1699
f 1746 1692 1698
f 1700 1699 2097
f 1698 1700 2117
f 1615 1703 1701
f 1702 1703 1615
f 1701 1703 1705
f 1704 1701 1705
f 1704 1705 1807
f 1706 1707 1702
f 1707 1703 1702
f 1722 1724 1706
f 1724 1707 1706
f 1708 1703 1707
f 1726 1707 1724
f 1705 1703 1708
f 1708 1707 1726
f 1807 1806 1704
f 1705 1708 1810
f 1807 1705 1810
f 1810 1708 1812
f 1812 1708 1726
f 1709 1668 1716
f 1644 1709 1710
f 1645 1644 1711
f 1645 1713 1646
f 1711 1713 1645
f 1716 1710 1709
f 1710 1711 1644
f 1646 1714 1648
f 1646 1713 1714
f 1714 1715 1648
f 1715 1712 1649
f 1712 1729 1650
f 1714 1721 1715
f 1715 1732 1712
f 1675 1739 1716
f 1716 1717 1710
f 1710 1718 1711
f 1711 1719 1713
f 1718 1719 1711
f 1739 1717 1716
f 1675 1738 1739
f 1717 1718 1710
f 1713 1720 1714
f 1719 1720 1713
f 1721 1732 1715
f 1714 1720 1721
f 1744 1720 1719
f 1721 1720 1751
f 1725 1724 1722
f 1723 1725 1722
f 1731 1725 1723
f 1726 1724 1727
f 1727 1724 1725
f 1727 1725 1736
f 1728 1731 1723
f 1729 1730 1651
f 1712 1733 1729
f 1729 1734 1730
f 1733 1734 1729
f 1728 1735 1731
f 1730 1735 1728
f 1734 1735 1730
f 1732 1733 1712
f 1755 1735 1734
f 1733 1732 1753
f 1732 1721 1752
f 1734 1733 1754
f 1754 1733 1753
f 1755 1734 1754
f 1731 1736 1725
f 1731 1735 1737
f 1731 1737 1736
f 1737 1735 1755
f 1747 1738 1693
f 1739 1738 1740
f 1742 1718 1717
f 1739 1741 1717
f 1740 1738 1747
f 1747 1693 1745
f 1739 1740 1741
f 1743 1719 1718
f 1743 1718 1742
f 1751 1720 1744
f 1744 1719 1743
f 1742 1717 1741
f 1761 1744 1743
f 1747 1745 2120
f 1740 1747 1748
f 1746 1698 2118
f 1745 1746 2119
f 2118 2119 1746
f 1748 1747 2120
f 2119 2120 1745
f 1740 1750 1741
f 1741 1749 1742
f 1741 1750 1749
f 1760 1743 1742
f 1760 1742 1749
f 1750 1740 1748
f 1812 1726 1813
f 1813 1726 1727
f 1813 1727 1816
f 1752 1721 1751
f 1753 1732 1752
f 1752 1751 1758
f 1751 1744 1759
f 1753 1752 1762
f 1758 1762 1752
f 1736 1816 1727
f 1754 1753 1763
f 1755 1754 1756
f 1736 1817 1816
f 1737 1817 1736
f 1757 1737 1755
f 1817 1737 1757
f 1763 1756 1754
f 1762 1763 1753
f 1757 1755 1756
f 1759 1744 1761
f 1761 1743 1760
f 1758 1751 1759
f 1749 2131 1760
f 2128 1761 1760
f 1759 1761 2133
f 1758 1759 2132
f 2132 1759 2133
f 1758 2134 1762
f 1762 1764 1763
f 1756 1820 1757
f 1763 1821 1756
f 2134 1764 1762
f 2134 1758 2132
f 1764 1821 1763
f 1771 1765 1766
f 836 1765 1767
f 1767 1765 1770
f 1771 1770 1765
f 1766 1774 1771
f 1768 836 1767
f 1769 838 1768
f 1768 1767 2222
f 1767 1770 2221
f 2223 1770 1771
f 2220 2221 1770
f 2223 2220 1770
f 2227 2223 1771
f 1766 1772 1774
f 1772 1775 1774
f 1773 1775 1772
f 2227 1771 1774
f 1774 2228 2227
f 1774 1775 2228
f 1776 1777 1773
f 1777 1775 1773
f 1778 1780 1776
f 1780 1777 1776
f 1777 2250 1775
f 1775 2250 2228
f 1780 2251 1777
f 2251 2250 1777
f 1781 1780 1778
f 1781 1778 1779
f 2252 2251 1780
f 2252 1780 1781
f 1779 1782 1783
f 1779 1783 1781
f 1786 1782 1784
f 1782 1786 1783
f 2339 1781 1783
f 2339 2252 1781
f 1783 1786 2340
f 1783 2340 2339
f 1787 1786 1784
f 1787 1784 1785
f 1785 1789 1787
f 1786 2341 2340
f 2341 1786 1787
f 2348 2341 1787
f 1785 1788 1789
f 1788 1790 1792
f 1789 1788 1792
f 2348 1787 1789
f 2349 2348 1789
f 1789 1792 2349
f 1790 1791 1793
f 1792 1790 1793
f 1793 1791 1796
f 1792 1793 2350
f 2350 2349 1792
f 2986 2350 1793
f 1794 1796 1791
f 1795 1797 1794
f 1797 1796 1794
f 1793 1796 2986
f 1797 2987 1796
f 2987 2986 1796
f 1798 1799 1795
f 1799 1797 1795
f 1799 1798 1802
f 2988 2987 1797
f 1799 2988 1797
f 2988 1799 2995
f 1802 1798 1800
f 1801 1803 1800
f 1802 1800 1803
f 2995 1799 1802
f 2995 1802 2996
f 1803 2996 1802
f 1804 1805 1801
f 1806 1808 1804
f 1801 1805 1803
f 1808 1805 1804
f 1803 2997 2996
f 1805 2997 1803
f 1805 3028 2997
f 1808 3028 1805
f 1807 1809 1806
f 1809 1808 1806
f 3029 3028 1808
f 1809 3029 1808
f 1807 1810 1811
f 1810 1812 1814
f 1809 1807 1811
f 1811 1810 1814
f 1809 1811 3030
f 3030 3029 1809
f 3037 3030 1811
f 1811 1814 3037
f 1815 1812 1813
f 1814 1812 1815
f 1815 1813 1818
f 3038 3037 1814
f 1814 1815 3038
f 3043 3038 1815
f 1816 1818 1813
f 1822 1817 1757
f 1817 1819 1816
f 1819 1817 1822
f 1822 1757 1820
f 1756 1821 1820
f 1816 1819 1818
f 1819 3044 1818
f 3045 1819 1822
f 1820 3039 1822
f 1818 3043 1815
f 1818 3044 3043
f 3044 1819 3045
f 1823 668 1824
f 667 1823 1826
f 673 1826 1831
f 674 1831 1832
f 1824 669 1825
f 1825 670 1827
f 1825 1827 1830
f 1854 1829 1828
f 1827 1829 1853
f 1823 1824 1833
f 1826 1823 1833
f 1824 1825 1834
f 1826 1833 1835
f 1831 1826 1835
f 1830 1834 1825
f 1853 1830 1827
f 1834 1833 1824
f 1836 1832 1831
f 1831 1835 1836
f 1836 1837 1832
f 1834 1867 1833
f 1835 1833 1867
f 1868 1836 1835
f 1835 1867 1868
f 1871 1837 1836
f 1832 1838 683
f 1839 686 1838
f 1837 1838 1832
f 1839 1838 1841
f 1841 1838 1837
f 1842 1839 1841
f 687 1839 1840
f 1840 1839 1842
f 1840 1842 1843
f 1841 1837 1872
f 1842 1841 1880
f 710 1840 1844
f 713 1844 1845
f 1844 1840 1843
f 1844 1843 1848
f 1848 1845 1844
f 1848 1847 1845
f 1845 1846 714
f 1847 1846 1845
f 1849 1846 1965
f 1846 1847 1965
f 1849 721 1846
f 1850 722 1849
f 1849 1965 1969
f 1850 1849 1969
f 1969 1970 1850
f 1851 723 1850
f 1851 1850 1970
f 1970 1971 1851
f 2021 1851 1971
f 1828 796 1852
f 796 798 1855
f 1855 1852 796
f 798 797 1856
f 797 800 1857
f 1857 800 1858
f 1856 1855 798
f 1857 1856 797
f 1853 1829 1854
f 1854 1828 1852
f 1855 1874 1852
f 1852 1865 1854
f 1856 1875 1855
f 1858 799 1859
f 1859 805 1860
f 1864 1859 1860
f 1861 1887 1862
f 1862 1886 1860
f 1857 1873 1856
f 1858 1859 1863
f 1857 1858 1876
f 1873 1875 1856
f 1873 1857 1876
f 1863 1859 1864
f 1864 1860 1886
f 1876 1858 1863
f 1830 1866 1834
f 1853 1869 1830
f 1870 1853 1854
f 1866 1867 1834
f 1869 1853 1870
f 1869 1866 1830
f 1870 1854 1865
f 1875 1874 1855
f 1852 1874 1865
f 1910 1868 1867
f 1866 1910 1867
f 1912 1871 1868
f 1865 1916 1870
f 1869 1911 1866
f 1917 1869 1870
f 1872 1837 1871
f 1868 1871 1836
f 1872 1871 1913
f 1873 1879 1875
f 1863 1864 1901
f 1873 1876 1878
f 1876 1863 1900
f 1874 1915 1865
f 1875 1877 1874
f 1917 1870 1916
f 1865 1915 1916
f 1874 1877 1915
f 1879 1877 1875
f 1878 1879 1873
f 1900 1878 1876
f 1880 1841 1872
f 1881 1842 1880
f 1880 1872 1914
f 1881 1880 1926
f 1843 1842 1881
f 1843 1881 1882
f 1927 1882 1881
f 1885 1861 829
f 829 830 1888
f 1885 1887 1861
f 829 1888 1885
f 831 1883 830
f 1884 1883 831
f 1891 1884 832
f 830 1883 1888
f 1862 1887 1886
f 1888 1883 1903
f 1897 1885 1888
f 1899 1887 1885
f 1888 1903 1897
f 1890 1891 833
f 1895 1891 1890
f 2224 1892 840
f 1896 1890 1889
f 1889 1892 1894
f 1892 2224 1894
f 1891 1893 1884
f 1884 1904 1883
f 1895 1893 1891
f 1893 1904 1884
f 1883 1904 1903
f 1896 1895 1890
f 1889 1894 1896
f 1886 1902 1864
f 1887 1898 1886
f 1902 1901 1864
f 1901 1900 1863
f 1886 1898 1902
f 1897 1899 1885
f 1899 1898 1887
f 1900 1932 1878
f 1901 1935 1900
f 1902 1934 1901
f 1898 1933 1902
f 1938 1898 1899
f 1902 1933 1934
f 1938 1933 1898
f 1906 1899 1897
f 1905 1897 1903
f 1903 1904 1907
f 1909 1893 1895
f 1893 1908 1904
f 2236 1895 1896
f 1909 1908 1893
f 1904 1908 1907
f 2236 1909 1895
f 1905 1906 1897
f 1903 1907 1905
f 1906 1938 1899
f 1905 1907 2281
f 1907 1908 2280
f 1911 1910 1866
f 1910 1912 1868
f 1911 1869 1917
f 1911 1921 1910
f 1910 1921 1912
f 1912 1923 1913
f 1912 1913 1871
f 1913 1914 1872
f 1915 1920 1916
f 1916 1919 1917
f 1879 1936 1877
f 1877 1918 1915
f 1877 1936 1918
f 1922 1911 1917
f 1922 1917 1919
f 1922 1921 1911
f 1912 1921 1923
f 1915 1918 1920
f 1916 1920 1919
f 1913 1924 1914
f 1923 1924 1913
f 1924 1925 1914
f 1919 1920 1945
f 1922 1919 1949
f 1950 1921 1922
f 1923 1921 1950
f 1950 1922 1949
f 1923 1950 1951
f 1924 1923 1951
f 1925 1924 1952
f 1924 1951 1952
f 1925 1952 1953
f 1914 1926 1880
f 1926 1927 1881
f 1927 1928 1882
f 1914 1925 1926
f 1925 1929 1926
f 1926 1929 1927
f 1929 1930 1927
f 1927 1930 1928
f 1928 1930 1931
f 1953 1929 1925
f 1953 1960 1929
f 1960 1930 1929
f 1961 1930 1960
f 1931 1930 1961
f 1931 1961 1962
f 1878 1937 1879
f 1932 1937 1878
f 1935 1932 1900
f 1937 1936 1879
f 1934 1935 1901
f 1935 1934 1941
f 1920 1918 1947
f 1918 1936 1948
f 1946 1936 1937
f 1937 1932 1954
f 1932 1935 1940
f 1946 1937 1954
f 1954 1932 1940
f 1938 1906 1943
f 1934 1933 1944
f 1942 1933 1938
f 1944 1933 1942
f 1906 1905 1939
f 1939 1905 2281
f 1943 1906 1939
f 1942 1938 1943
f 1941 1934 1944
f 1940 1935 1941
f 1941 1944 2295
f 1942 1943 2293
f 1944 1942 2294
f 1947 1918 1948
f 1945 1920 1947
f 1949 1919 1945
f 1948 1936 1946
f 1951 1950 1999
f 1950 1949 1999
f 1952 1951 2000
f 1949 1945 2004
f 1945 1947 2003
f 1947 1948 1957
f 2004 1999 1949
f 2003 2004 1945
f 2001 1953 1952
f 1952 2000 2001
f 2001 2002 1953
f 1954 1940 1959
f 1946 1954 1958
f 1956 1948 1946
f 1959 1958 1954
f 1940 1941 1955
f 2295 1955 1941
f 1944 2294 2295
f 1955 1959 1940
f 1957 1948 1956
f 1956 1946 1958
f 1957 2003 1947
f 1959 2456 1958
f 1958 2457 1956
f 2002 1960 1953
f 1961 1960 2011
f 2011 1960 2002
f 1963 1961 2011
f 1962 1961 1963
f 1962 1963 1964
f 1882 1848 1843
f 1882 1966 1848
f 1966 1847 1848
f 1847 1966 1967
f 1928 1966 1882
f 1967 1966 1975
f 1965 1847 1967
f 1968 1969 1965
f 1965 1967 1968
f 1977 1968 1967
f 1978 1972 1968
f 1977 1978 1968
f 1968 1972 1969
f 1969 1972 1970
f 1972 1973 1970
f 1978 1981 1972
f 1972 1981 1973
f 1981 1983 1973
f 1970 1973 1971
f 1973 1974 1971
f 1971 1974 2026
f 1973 1983 1974
f 1983 1984 1974
f 2030 1974 1984
f 1966 1928 1975
f 1967 1975 1977
f 1975 1928 1931
f 1976 1977 1975
f 1975 1931 1976
f 1976 1979 1977
f 1979 1978 1977
f 1980 1981 1978
f 1979 1980 1978
f 1989 1980 1979
f 1990 1982 1980
f 1976 1931 1962
f 1976 1962 1987
f 1979 1976 1987
f 1981 1982 1983
f 1980 1982 1981
f 1983 1982 1985
f 1985 1982 1993
f 1983 1985 1984
f 1984 1986 2042
f 1985 1986 1984
f 1985 1995 1986
f 1996 2044 1986
f 1979 1987 1989
f 1987 1962 1964
f 1988 1989 1987
f 1987 1964 1988
f 1988 1991 1989
f 1991 1990 1989
f 1989 1990 1980
f 1993 1990 1992
f 1992 1990 1991
f 1994 1992 2017
f 1993 1982 1990
f 1985 1993 1995
f 1993 1994 1995
f 1994 1993 1992
f 1995 1994 1997
f 1996 1986 1995
f 1995 1997 1996
f 1998 2051 1996
f 1998 1996 1997
f 1994 2018 1997
f 1997 2019 1998
f 2020 2054 1998
f 1951 1999 2000
f 1957 2005 2003
f 2000 1999 2007
f 2004 2007 1999
f 2003 2006 2004
f 2008 2001 2000
f 2458 1957 1956
f 2458 1956 2457
f 2005 2006 2003
f 2005 1957 2458
f 2006 2007 2004
f 2000 2007 2008
f 2469 2008 2007
f 2006 2469 2007
f 2470 2009 2008
f 2009 2002 2001
f 2010 2002 2009
f 2008 2009 2001
f 2010 2009 2474
f 2011 2002 2010
f 2012 2011 2010
f 1963 2011 2012
f 2014 1963 2012
f 2012 2010 2475
f 2014 2012 2487
f 1964 1963 2014
f 1964 2014 2013
f 2488 2013 2014
f 2013 1988 1964
f 2013 2015 1988
f 2015 1991 1988
f 2016 1991 2015
f 2486 2015 2013
f 2016 2015 2545
f 1992 1991 2016
f 2017 1992 2016
f 2018 2017 2547
f 2017 2016 2546
f 2018 1994 2017
f 1997 2018 2019
f 2018 2554 2019
f 2020 1998 2019
f 2019 2555 2020
f 2217 2020 2556
f 2021 1416 1851
f 2022 1417 2021
f 2022 2021 2026
f 2023 1419 2022
f 2023 2022 2027
f 1425 2023 2024
f 2025 1426 2024
f 2034 1428 2025
f 2067 1482 2034
f 2068 1483 2067
f 1971 2026 2021
f 2027 2022 2026
f 2028 2023 2027
f 2023 2028 2024
f 2027 2026 2030
f 2030 2026 1974
f 2029 2027 2030
f 2029 2030 2042
f 2028 2027 2029
f 2028 2031 2032
f 2031 2028 2029
f 2031 2029 2043
f 2031 2046 2036
f 1984 2042 2030
f 2042 2043 2029
f 2043 2046 2031
f 2024 2028 2032
f 2024 2032 2025
f 2033 2025 2032
f 2033 2034 2025
f 2035 2034 2033
f 2035 2067 2034
f 2069 2067 2035
f 2032 2036 2033
f 2032 2031 2036
f 2037 2033 2036
f 2037 2035 2033
f 2038 2035 2037
f 2069 2035 2038
f 2073 2069 2038
f 2036 2039 2037
f 2036 2046 2039
f 2039 2040 2037
f 2038 2037 2040
f 2040 2041 2038
f 2073 2038 2041
f 2041 2075 2073
f 2042 2044 2043
f 1986 2044 2042
f 2044 2045 2043
f 2051 2045 2044
f 2043 2045 2046
f 2046 2047 2039
f 2045 2047 2046
f 2052 2047 2045
f 2048 2047 2053
f 2039 2048 2040
f 2039 2047 2048
f 2048 2049 2040
f 2040 2049 2041
f 2049 2050 2041
f 2041 2050 2075
f 2050 2169 2075
f 2051 2044 1996
f 2052 2045 2051
f 2053 2047 2052
f 2054 2051 1998
f 2054 2052 2051
f 2055 2052 2054
f 2053 2052 2055
f 2056 2053 2055
f 2060 2053 2056
f 2217 2054 2020
f 2055 2054 2217
f 2218 2055 2217
f 2056 2055 2218
f 2057 2056 2218
f 2056 2057 2061
f 2049 2048 2060
f 2060 2048 2053
f 2058 2049 2060
f 2050 2049 2058
f 2059 2050 2058
f 2169 2050 2059
f 2173 2169 2059
f 2058 2060 2061
f 2056 2061 2060
f 2061 2062 2058
f 2059 2058 2062
f 2062 2065 2059
f 2173 2059 2065
f 2176 2173 2065
f 2061 2063 2062
f 2057 2063 2061
f 2063 2064 2062
f 2062 2064 2065
f 2065 2064 2066
f 2065 2066 2176
f 2178 2176 2066
f 2066 3378 2178
f 2068 2067 2069
f 2070 2068 2069
f 2071 1485 2068
f 2071 2068 2070
f 2079 1504 2071
f 2079 2071 2072
f 2070 2072 2071
f 2072 2081 2079
f 2072 2077 2081
f 2070 2069 2073
f 2074 2070 2073
f 2070 2074 2072
f 2074 2077 2072
f 2077 2103 2081
f 2074 2073 2075
f 2075 2076 2074
f 2074 2076 2077
f 2076 2078 2077
f 2077 2078 2103
f 2103 2078 2105
f 2080 2079 2081
f 2080 1505 2079
f 2083 2080 2082
f 2081 2103 2082
f 2081 2082 2080
f 2082 2104 2089
f 2083 1509 2080
f 2084 1510 2083
f 1684 2084 2085
f 1682 2085 2086
f 2089 2084 2083
f 1683 2086 2088
f 2085 2084 2091
f 2086 2085 2090
f 2098 2088 2086
f 2099 2087 2088
f 2089 2083 2082
f 2091 2084 2089
f 2085 2091 2090
f 2086 2090 2098
f 2107 2091 2089
f 2090 2091 2109
f 2092 2087 2100
f 1695 2092 2093
f 1696 1695 2094
f 2098 2099 2088
f 2100 2087 2099
f 2093 2092 2100
f 1695 2093 2094
f 2095 1697 1696
f 2096 1699 1697
f 2095 2096 1697
f 1700 2097 2117
f 1699 2096 2097
f 1696 2094 2095
f 2108 2098 2090
f 2112 2099 2098
f 2100 2099 2110
f 2110 2099 2112
f 2093 2100 2111
f 2094 2093 2101
f 2102 2095 2094
f 2124 2096 2095
f 2102 2124 2095
f 2101 2093 2111
f 2111 2100 2110
f 2094 2101 2102
f 2082 2103 2104
f 2103 2105 2104
f 2104 2106 2107
f 2104 2105 2106
f 2105 2172 2106
f 2106 2182 2113
f 2107 2089 2104
f 2109 2091 2107
f 2090 2109 2108
f 2108 2112 2098
f 2113 2109 2107
f 2116 2108 2109
f 2111 2110 2150
f 2101 2111 2143
f 2114 2112 2108
f 2110 2112 2115
f 2150 2143 2111
f 2115 2150 2110
f 2113 2107 2106
f 2116 2109 2113
f 2116 2114 2108
f 2114 2115 2112
f 2185 2116 2113
f 2114 2187 2115
f 2116 2186 2114
f 2117 2118 1698
f 2097 2096 2125
f 2122 2117 2097
f 2117 2123 2118
f 2118 2126 2119
f 2123 2126 2118
f 2119 2127 2120
f 1748 2120 2121
f 1750 1748 2130
f 1750 2129 1749
f 2129 1750 2130
f 2121 2120 2127
f 2126 2127 2119
f 2130 1748 2121
f 2097 2125 2122
f 2096 2124 2125
f 2122 2123 2117
f 2125 2124 2149
f 2146 2122 2125
f 2126 2155 2127
f 2121 2127 2138
f 2148 2123 2122
f 2123 2147 2126
f 2148 2147 2123
f 2155 2138 2127
f 2147 2155 2126
f 2128 1760 2131
f 1749 2129 2131
f 2133 1761 2128
f 2129 2136 2131
f 2131 2140 2128
f 2134 2132 2135
f 2134 3041 1764
f 2133 2128 2141
f 2132 2133 2142
f 2141 2142 2133
f 2142 2135 2132
f 2135 3041 2134
f 2130 2121 2137
f 2129 2130 2139
f 2137 2139 2130
f 2131 2136 2140
f 2139 2136 2129
f 2138 2137 2121
f 2140 2141 2128
f 2141 3064 2142
f 2136 2160 2140
f 2139 2158 2136
f 2140 2159 2141
f 2140 2160 2159
f 2159 3064 2141
f 2145 2102 2101
f 2144 2124 2102
f 2145 2144 2102
f 2125 2149 2146
f 2124 2144 2149
f 2143 2145 2101
f 2146 2148 2122
f 2149 2144 2154
f 2151 2146 2149
f 2163 2148 2146
f 2162 2147 2148
f 2163 2162 2148
f 2150 2189 2143
f 2143 2152 2145
f 2145 2153 2144
f 2115 2188 2150
f 2188 2189 2150
f 2187 2188 2115
f 2189 2152 2143
f 2152 2153 2145
f 2149 2154 2151
f 2144 2153 2154
f 2151 2163 2146
f 2154 2153 2198
f 2151 2154 2196
f 2147 2164 2155
f 2155 2156 2138
f 2138 2157 2137
f 2137 2161 2139
f 2157 2161 2137
f 2155 2164 2156
f 2162 2164 2147
f 2156 2157 2138
f 2161 2158 2139
f 2158 2160 2136
f 2165 2161 2157
f 3070 2160 2158
f 3071 2158 2161
f 2156 2164 2168
f 2166 2164 2162
f 2163 2151 2195
f 2199 2162 2163
f 2163 2195 2199
f 2199 2166 2162
f 2156 2167 2157
f 2156 2168 2167
f 3071 2161 2165
f 2165 2157 2167
f 2168 2164 2166
f 2168 3120 2167
f 2075 2169 2076
f 2169 2170 2076
f 2076 2170 2078
f 2078 2170 2171
f 2078 2171 2105
f 2105 2171 2172
f 2106 2172 2182
f 2185 2113 2182
f 2185 2186 2116
f 2173 2170 2169
f 2174 2170 2173
f 2171 2170 2174
f 2175 2171 2174
f 2172 2171 2175
f 2183 2172 2175
f 2175 2174 2177
f 2183 2175 2180
f 2176 2174 2173
f 2177 2174 2176
f 2177 2180 2175
f 2180 2207 2183
f 2178 2177 2176
f 3398 2179 2178
f 2179 2177 2178
f 2177 2179 2180
f 2180 2181 2207
f 2181 2209 2207
f 2179 2181 2180
f 2179 3399 2181
f 2181 3402 2209
f 2182 2172 2183
f 2185 2182 2184
f 2184 2182 2183
f 2184 2183 2207
f 2192 2184 2208
f 2114 2186 2187
f 2192 2186 2185
f 2187 2186 2194
f 2188 2187 2193
f 2189 2188 2190
f 2191 2152 2189
f 2197 2153 2152
f 2191 2197 2152
f 2198 2153 2197
f 2189 2190 2191
f 2187 2194 2193
f 2188 2193 2190
f 2192 2185 2184
f 2194 2186 2192
f 2211 2192 2208
f 2190 2193 2200
f 2211 2194 2192
f 2193 2194 2212
f 2212 2194 2211
f 2154 2198 2196
f 2151 2196 2195
f 2196 2198 2203
f 2198 2197 2202
f 2205 2199 2195
f 2168 2166 3118
f 3119 2166 2199
f 2195 2196 2204
f 2196 2203 2204
f 2195 2204 2205
f 2205 3119 2199
f 3118 2166 3119
f 2201 2191 2190
f 2206 2197 2191
f 2201 2206 2191
f 2202 2197 2206
f 2193 2212 2200
f 2190 2200 2201
f 2203 2198 2202
f 2202 2206 3144
f 2203 2202 3145
f 2204 2203 3143
f 2207 2208 2184
f 2207 2209 2208
f 2208 2210 2211
f 2208 2209 2210
f 2209 3407 2210
f 2210 3142 2216
f 2216 2212 2211
f 2200 2212 2213
f 2216 2211 2210
f 2215 2201 2200
f 2214 2206 2201
f 2215 2214 2201
f 3144 2206 2214
f 3145 2202 3144
f 2213 2212 2216
f 2200 2213 2215
f 3149 2213 2216
f 3151 2215 2213
f 2218 2217 3365
f 2057 2218 3366
f 2057 3368 2063
f 2063 3374 2064
f 2064 3375 2066
f 2225 840 1769
f 1769 1768 2219
f 2222 2219 1768
f 2225 2224 840
f 2219 2225 1769
f 2221 2222 1767
f 2221 2231 2222
f 2225 2238 2224
f 1894 2224 2235
f 2237 1896 1894
f 2224 2238 2235
f 2222 2226 2219
f 2219 2239 2225
f 2231 2226 2222
f 2226 2239 2219
f 2239 2238 2225
f 2220 2229 2221
f 2220 2230 2229
f 2232 2220 2223
f 2232 2230 2220
f 2233 2232 2223
f 2229 2231 2221
f 2231 2229 2244
f 2229 2230 2243
f 2260 2230 2232
f 2243 2230 2259
f 2259 2230 2260
f 2260 2232 2248
f 2233 2223 2227
f 2234 2233 2227
f 2234 2227 2228
f 2232 2233 2248
f 2248 2233 2249
f 2233 2234 2249
f 1894 2235 2237
f 2237 2236 1896
f 2246 2238 2239
f 2235 2238 2247
f 2237 2235 2240
f 2247 2238 2246
f 2282 1909 2236
f 2236 2237 2241
f 2279 1908 1909
f 2280 1908 2279
f 2282 2279 1909
f 2237 2240 2241
f 2235 2247 2240
f 2236 2241 2282
f 2226 2231 2245
f 2242 2239 2226
f 2231 2244 2245
f 2242 2246 2239
f 2226 2245 2242
f 2229 2243 2244
f 2240 2247 2290
f 2247 2246 2288
f 2264 2242 2245
f 2289 2246 2242
f 2245 2244 2263
f 2245 2263 2264
f 2288 2246 2289
f 2264 2289 2242
f 2228 2253 2234
f 2228 2250 2253
f 2251 2254 2250
f 2250 2254 2253
f 2234 2253 2257
f 2249 2234 2257
f 2253 2254 2258
f 2257 2253 2258
f 2255 2254 2251
f 2255 2251 2252
f 2258 2254 2256
f 2256 2254 2255
f 2259 2260 2261
f 2243 2259 2266
f 2244 2243 2262
f 2259 2261 2265
f 2266 2259 2265
f 2260 2267 2261
f 2244 2262 2263
f 2262 2243 2266
f 2263 2262 2307
f 2266 2265 2312
f 2270 2265 2261
f 2262 2266 2305
f 2312 2265 2269
f 2305 2266 2312
f 2261 2271 2270
f 2260 2248 2267
f 2268 2267 2248
f 2248 2249 2268
f 2261 2267 2271
f 2267 2272 2271
f 2268 2272 2267
f 2270 2269 2265
f 2249 2257 2273
f 2273 2268 2249
f 2257 2258 2274
f 2274 2273 2257
f 2273 2276 2268
f 2276 2272 2268
f 2274 2277 2273
f 2277 2276 2273
f 2258 2275 2274
f 2258 2256 2275
f 2278 2277 2274
f 2278 2274 2275
f 2276 2336 2272
f 2277 2337 2276
f 2338 2277 2278
f 2281 1907 2280
f 2281 2280 2285
f 2291 2279 2282
f 2286 2282 2241
f 2280 2279 2283
f 2279 2291 2283
f 1943 1939 2296
f 1939 2281 2284
f 2296 2293 1943
f 2284 2296 1939
f 2280 2283 2285
f 2285 2284 2281
f 2241 2240 2287
f 2290 2247 2288
f 2240 2290 2287
f 2286 2291 2282
f 2241 2287 2286
f 2290 2288 2309
f 2301 2291 2286
f 2302 2285 2283
f 2283 2291 2300
f 2292 2286 2287
f 2287 2290 2310
f 2310 2290 2309
f 2292 2301 2286
f 2291 2301 2300
f 2287 2310 2292
f 1942 2293 2294
f 2285 2299 2284
f 2284 2303 2296
f 2296 2304 2293
f 2294 2293 2297
f 2303 2304 2296
f 1955 2459 1959
f 2295 2460 1955
f 2298 2295 2294
f 2459 2456 1959
f 2460 2459 1955
f 2294 2297 2298
f 2293 2304 2297
f 2298 2460 2295
f 2283 2300 2302
f 2302 2299 2285
f 2299 2303 2284
f 2300 2301 2326
f 2327 2302 2300
f 2297 2304 2464
f 2303 2463 2304
f 2328 2299 2302
f 2299 2462 2303
f 2327 2328 2302
f 2462 2463 2303
f 2328 2462 2299
f 2311 2289 2264
f 2306 2264 2263
f 2288 2289 2308
f 2306 2311 2264
f 2308 2289 2311
f 2307 2262 2305
f 2263 2307 2306
f 2309 2288 2308
f 2310 2309 2323
f 2308 2311 2329
f 2318 2306 2307
f 2317 2311 2306
f 2309 2308 2322
f 2317 2329 2311
f 2329 2322 2308
f 2312 2269 2313
f 2315 2269 2270
f 2305 2312 2319
f 2307 2305 2316
f 2313 2319 2312
f 2315 2314 2269
f 2314 2313 2269
f 2381 2314 2315
f 2320 2315 2270
f 2318 2317 2306
f 2316 2318 2307
f 2319 2316 2305
f 2314 2380 2313
f 2313 2384 2319
f 2319 2385 2316
f 2316 2330 2318
f 2384 2385 2319
f 2320 2270 2271
f 2271 2272 2321
f 2271 2321 2320
f 2382 2315 2320
f 2383 2320 2321
f 2324 2292 2310
f 2325 2301 2292
f 2323 2324 2310
f 2301 2325 2326
f 2324 2325 2292
f 2322 2323 2309
f 2300 2326 2327
f 2496 2327 2326
f 2324 2501 2325
f 2323 2332 2324
f 2326 2325 2494
f 2332 2501 2324
f 2325 2501 2494
f 2318 2331 2317
f 2317 2334 2329
f 2329 2335 2322
f 2322 2333 2323
f 2334 2335 2329
f 2330 2331 2318
f 2385 2330 2316
f 2317 2331 2334
f 2333 2332 2323
f 2335 2333 2322
f 2334 2331 2387
f 2333 2335 2575
f 2335 2334 2576
f 2335 2576 2575
f 2272 2336 2321
f 2337 2336 2276
f 2321 2336 2404
f 2337 2406 2336
f 2338 2337 2277
f 2407 2337 2338
f 2407 2406 2337
f 2342 2255 2252
f 2342 2252 2339
f 2344 2342 2339
f 2344 2339 2340
f 2342 2344 2346
f 2343 2255 2342
f 2343 2256 2255
f 2342 2346 2343
f 2340 2345 2344
f 2340 2341 2345
f 2341 2351 2345
f 2344 2345 2347
f 2344 2347 2346
f 2345 2352 2347
f 2350 2354 2349
f 2348 2351 2341
f 2349 2353 2348
f 2353 2351 2348
f 2345 2351 2352
f 2355 2351 2353
f 2352 2351 2355
f 2354 2353 2349
f 2989 2354 2350
f 2356 2353 2354
f 2356 2355 2353
f 2354 2991 2356
f 2347 2352 2363
f 2352 2355 2365
f 2366 2355 2356
f 2357 2256 2343
f 2256 2357 2275
f 2359 2357 2343
f 2359 2343 2346
f 2275 2357 2358
f 2275 2358 2278
f 2361 2357 2359
f 2357 2361 2358
f 2346 2360 2359
f 2346 2347 2360
f 2347 2363 2360
f 2362 2359 2360
f 2362 2361 2359
f 2360 2364 2362
f 2369 2278 2358
f 2358 2361 2370
f 2371 2361 2362
f 2373 2371 2362
f 2363 2352 2365
f 2363 2365 2367
f 2360 2363 2364
f 2364 2363 2367
f 2365 2355 2366
f 2365 2366 2368
f 3004 2366 2356
f 2367 2365 2368
f 2367 2368 2376
f 2368 2366 3006
f 2373 2362 2364
f 2375 2373 2364
f 2364 2367 2375
f 2376 2375 2367
f 3021 2376 2368
f 2369 2338 2278
f 2358 2370 2369
f 2425 2338 2369
f 2425 2407 2338
f 2427 2369 2370
f 2427 2425 2369
f 2361 2371 2370
f 2370 2372 2427
f 2370 2371 2372
f 2371 2374 2372
f 2373 2374 2371
f 2375 2377 2373
f 2377 2374 2373
f 2376 2378 2375
f 2378 2377 2375
f 3022 2378 2376
f 2314 2379 2380
f 2381 2379 2314
f 2380 2384 2313
f 2382 2381 2315
f 2394 2379 2381
f 2394 2381 2401
f 2383 2382 2320
f 2381 2382 2401
f 2401 2382 2391
f 2382 2383 2391
f 2384 2380 2386
f 2388 2330 2385
f 2385 2384 2389
f 2385 2389 2388
f 2380 2379 2393
f 2393 2379 2392
f 2392 2379 2394
f 2380 2393 2386
f 2384 2386 2389
f 2390 2331 2330
f 2387 2331 2390
f 2388 2390 2330
f 2334 2387 2576
f 2397 2388 2389
f 2387 2390 2583
f 2582 2390 2388
f 2396 2392 2394
f 2386 2393 2398
f 2393 2392 2399
f 2395 2392 2396
f 2399 2392 2395
f 2396 2394 2402
f 2389 2386 2400
f 2398 2393 2399
f 2386 2398 2400
f 2397 2582 2388
f 2389 2400 2397
f 2398 2399 2601
f 2400 2398 2602
f 2394 2401 2402
f 2403 2402 2401
f 2401 2391 2403
f 2402 2416 2396
f 2403 2417 2402
f 2321 2404 2383
f 2383 2404 2405
f 2336 2406 2404
f 2404 2406 2408
f 2391 2383 2405
f 2405 2404 2408
f 2409 2406 2407
f 2408 2406 2409
f 2391 2405 2410
f 2410 2403 2391
f 2405 2408 2412
f 2412 2410 2405
f 2410 2419 2403
f 2412 2421 2410
f 2408 2411 2412
f 2408 2409 2411
f 2422 2421 2412
f 2422 2412 2411
f 2399 2395 2413
f 2414 2395 2396
f 2413 2395 2415
f 2415 2395 2414
f 2601 2399 2413
f 2414 2396 2416
f 2413 2415 2608
f 2611 2415 2414
f 2611 2414 2622
f 2402 2417 2416
f 2416 2622 2414
f 2416 2418 2622
f 2417 2418 2416
f 2609 2415 2611
f 2421 2419 2410
f 2419 2417 2403
f 2421 2423 2419
f 2419 2420 2417
f 2417 2420 2418
f 2423 2420 2419
f 2424 2421 2422
f 2424 2423 2421
f 2423 2681 2420
f 2678 2423 2424
f 2426 2407 2425
f 2425 2427 2428
f 2426 2409 2407
f 2430 2409 2426
f 2425 2428 2426
f 2431 2426 2428
f 2427 2429 2428
f 2427 2372 2429
f 2372 2435 2429
f 2428 2429 2432
f 2429 2439 2432
f 2409 2430 2411
f 2431 2430 2426
f 2411 2430 2444
f 2411 2444 2422
f 2433 2430 2431
f 2430 2433 2444
f 2428 2432 2431
f 2434 2433 2431
f 2434 2431 2432
f 2432 2440 2434
f 2372 2374 2435
f 2437 2374 2377
f 2435 2374 2437
f 2429 2435 2439
f 2435 2437 2441
f 2439 2435 2441
f 2436 2377 2378
f 2436 2437 2377
f 2378 3230 2436
f 2438 2437 2436
f 2441 2437 2438
f 3235 2438 2436
f 2432 2439 2440
f 2439 2441 2442
f 2440 2439 2442
f 2440 2442 2450
f 2441 2438 2443
f 2443 2438 3236
f 2442 2441 2443
f 2442 2443 2451
f 2445 2422 2444
f 2444 2433 2446
f 2444 2446 2445
f 2445 2424 2422
f 2854 2424 2445
f 2860 2445 2446
f 2433 2447 2446
f 2447 2433 2434
f 2449 2447 2434
f 2446 2447 2448
f 2447 2454 2448
f 2860 2854 2445
f 2446 2448 2860
f 2449 2434 2440
f 2450 2449 2440
f 2449 2454 2447
f 2450 2455 2449
f 2455 2454 2449
f 2451 2450 2442
f 3252 2451 2443
f 2451 2452 2450
f 2452 2455 2450
f 2895 2455 2453
f 2453 2455 2452
f 3253 2452 2451
f 2453 2452 3254
f 2448 2454 2911
f 2895 2454 2455
f 1958 2456 2457
f 2456 2461 2457
f 2467 2460 2298
f 2459 2468 2456
f 2460 2466 2459
f 2471 2005 2458
f 2457 2472 2458
f 2005 2473 2006
f 2473 2005 2471
f 2457 2461 2472
f 2456 2468 2461
f 2466 2468 2459
f 2471 2458 2472
f 2465 2298 2297
f 2304 2463 2464
f 2297 2464 2465
f 2465 2467 2298
f 2467 2466 2460
f 2464 2463 2499
f 2466 2478 2468
f 2507 2467 2465
f 2498 2465 2464
f 2476 2466 2467
f 2498 2507 2465
f 2507 2476 2467
f 2473 2469 2006
f 2469 2470 2008
f 2472 2479 2471
f 2481 2473 2471
f 2470 2482 2474
f 2473 2480 2469
f 2469 2480 2470
f 2481 2480 2473
f 2470 2480 2482
f 2470 2474 2009
f 2474 2475 2010
f 2474 2484 2475
f 2482 2484 2474
f 2484 2485 2475
f 2468 2477 2461
f 2461 2483 2472
f 2461 2477 2483
f 2472 2483 2479
f 2476 2478 2466
f 2468 2478 2477
f 2481 2471 2479
f 2484 2482 2523
f 2483 2477 2509
f 2520 2481 2479
f 2479 2483 2521
f 2479 2521 2520
f 2485 2484 2526
f 2475 2487 2012
f 2487 2488 2014
f 2488 2486 2013
f 2475 2485 2487
f 2485 2489 2487
f 2487 2489 2488
f 2489 2490 2488
f 2488 2490 2486
f 2486 2490 2491
f 2527 2489 2485
f 2519 2490 2489
f 2527 2519 2489
f 2492 2490 2519
f 2491 2490 2492
f 2491 2492 2493
f 2500 2462 2328
f 2495 2328 2327
f 2462 2497 2463
f 2495 2500 2328
f 2500 2497 2462
f 2326 2494 2496
f 2496 2495 2327
f 2463 2497 2499
f 2464 2499 2498
f 2503 2500 2495
f 2499 2497 2513
f 2514 2497 2500
f 2513 2497 2514
f 2502 2501 2332
f 2496 2494 2504
f 2494 2501 2505
f 2577 2332 2333
f 2577 2502 2332
f 2333 2575 2577
f 2505 2501 2502
f 2494 2505 2504
f 2495 2496 2506
f 2495 2506 2503
f 2496 2504 2506
f 2503 2514 2500
f 2506 2504 2588
f 2507 2498 2508
f 2510 2478 2476
f 2476 2507 2511
f 2510 2476 2511
f 2498 2499 2515
f 2508 2498 2515
f 2515 2499 2513
f 2511 2507 2508
f 2477 2478 2512
f 2477 2512 2509
f 2512 2478 2510
f 2483 2509 2521
f 2530 2512 2510
f 2515 2513 2516
f 2589 2514 2503
f 2590 2503 2506
f 2590 2589 2503
f 2513 2514 2592
f 2513 2592 2516
f 2514 2589 2592
f 2511 2508 2517
f 2508 2515 2518
f 2518 2517 2508
f 2510 2511 2533
f 2517 2533 2511
f 2516 2518 2515
f 2482 2480 2522
f 2522 2480 2481
f 2520 2522 2481
f 2482 2522 2523
f 2484 2523 2526
f 2485 2526 2527
f 2523 2522 2524
f 2524 2522 2520
f 2526 2523 2525
f 2521 2509 2532
f 2509 2512 2531
f 2534 2520 2521
f 2521 2532 2534
f 2523 2524 2525
f 2534 2524 2520
f 2528 2527 2526
f 2526 2525 2528
f 2528 2529 2527
f 2530 2510 2533
f 2531 2512 2530
f 2509 2531 2532
f 2517 2711 2533
f 2717 2531 2530
f 2533 2715 2530
f 2725 2534 2532
f 2536 2524 2534
f 2525 2524 2536
f 2537 2528 2525
f 2532 2531 2716
f 2716 2531 2717
f 2725 2536 2534
f 2525 2536 2537
f 2532 2716 2725
f 2538 2529 2528
f 2537 2538 2528
f 2535 2529 2538
f 2529 2519 2527
f 2492 2519 2539
f 2539 2519 2529
f 2540 2492 2539
f 2492 2540 2493
f 2493 2540 2541
f 2539 2529 2535
f 2542 2539 2535
f 2540 2539 2542
f 2543 2540 2542
f 2540 2543 2541
f 2541 2543 2544
f 2543 2760 2544
f 2486 2545 2015
f 2545 2546 2016
f 2546 2547 2017
f 2547 2551 2554
f 2486 2491 2545
f 2491 2548 2545
f 2545 2548 2546
f 2548 2550 2546
f 2546 2550 2547
f 2550 2551 2547
f 2491 2493 2548
f 2549 2550 2548
f 2549 2548 2493
f 2552 2550 2549
f 2552 2551 2550
f 2553 2558 2551
f 2553 2551 2552
f 2547 2554 2018
f 2019 2554 2555
f 2554 2558 2555
f 2555 2556 2020
f 2555 2560 2556
f 2560 2557 2556
f 2556 2557 3365
f 2551 2558 2554
f 2555 2558 2560
f 2560 2558 2559
f 2562 2560 2559
f 2559 2558 2553
f 2557 2560 2562
f 3370 2557 2561
f 2561 2557 2562
f 2566 2552 2549
f 2567 2553 2552
f 2559 2553 2568
f 2568 2553 2567
f 2563 2559 2568
f 2562 2559 2563
f 2563 2564 2562
f 2561 2562 2564
f 2564 2565 2561
f 3371 2561 2565
f 2565 2574 3383
f 2493 2541 2549
f 2566 2549 2541
f 2567 2552 2566
f 2568 2567 2571
f 2563 2568 2570
f 2541 2544 2566
f 2569 2567 2566
f 2571 2567 2569
f 2569 2566 2544
f 2544 2761 2569
f 2571 2569 2923
f 2570 2568 2571
f 2570 2571 2924
f 2572 2570 2925
f 2563 2572 2564
f 2564 2573 2565
f 2572 2563 2570
f 2572 2573 2564
f 2572 2955 2573
f 2955 2956 2573
f 2573 2574 2565
f 2573 2956 2574
f 2574 2956 2957
f 2574 2957 3393
f 2575 2576 2578
f 2580 2502 2577
f 2579 2577 2575
f 2576 2387 2584
f 2584 2387 2583
f 2575 2578 2579
f 2576 2584 2578
f 2505 2502 2581
f 2581 2502 2580
f 2504 2505 2591
f 2504 2591 2588
f 2591 2505 2581
f 2579 2580 2577
f 2581 2580 2595
f 2583 2390 2582
f 2583 2582 2585
f 2584 2583 2586
f 2603 2397 2400
f 2604 2582 2397
f 2603 2604 2397
f 2585 2582 2604
f 2597 2579 2578
f 2578 2584 2587
f 2598 2580 2579
f 2578 2587 2597
f 2597 2598 2579
f 2586 2583 2585
f 2587 2584 2586
f 2506 2588 2590
f 2591 2581 2596
f 2588 2591 2599
f 2600 2590 2588
f 2588 2599 2600
f 2593 2589 2590
f 2592 2589 2594
f 2516 2712 2518
f 2713 2516 2592
f 2589 2593 2594
f 2600 2593 2590
f 2592 2594 2713
f 2595 2580 2598
f 2596 2581 2595
f 2599 2591 2596
f 2634 2597 2587
f 2635 2598 2597
f 2595 2598 2638
f 2596 2595 2639
f 2718 2600 2599
f 2719 2593 2600
f 2599 2596 2640
f 2638 2639 2595
f 2639 2640 2596
f 2640 2718 2599
f 2718 2719 2600
f 2602 2398 2601
f 2400 2602 2603
f 2605 2603 2602
f 2601 2413 2610
f 2608 2610 2413
f 2602 2601 2614
f 2614 2605 2602
f 2610 2614 2601
f 2585 2604 2606
f 2607 2604 2603
f 2586 2585 2636
f 2587 2586 2637
f 2606 2636 2585
f 2605 2607 2603
f 2607 2606 2604
f 2609 2608 2415
f 2613 2609 2611
f 2609 2615 2608
f 2608 2616 2610
f 2609 2612 2615
f 2613 2612 2609
f 2619 2612 2613
f 2613 2611 2624
f 2619 2613 2623
f 2614 2653 2605
f 2610 2617 2614
f 2605 2654 2607
f 2617 2653 2614
f 2653 2654 2605
f 2615 2616 2608
f 2616 2617 2610
f 2620 2616 2618
f 2615 2612 2619
f 2615 2618 2616
f 2615 2619 2618
f 2620 2617 2616
f 2621 2653 2617
f 2621 2617 2620
f 2619 2631 2618
f 2618 2632 2620
f 2627 2621 2620
f 2622 2624 2611
f 2418 2625 2622
f 2622 2625 2624
f 2623 2624 2626
f 2613 2624 2623
f 2624 2625 2626
f 2623 2626 2633
f 2661 2621 2627
f 2632 2629 2627
f 2630 2661 2627
f 2632 2628 2629
f 2630 2627 2629
f 2619 2623 2631
f 2618 2631 2632
f 2633 2631 2623
f 2631 2628 2632
f 2627 2620 2632
f 2633 2628 2631
f 2637 2634 2587
f 2636 2637 2586
f 2634 2635 2597
f 2635 2638 2598
f 2607 2648 2606
f 2606 2649 2636
f 2637 2655 2634
f 2636 2656 2637
f 2638 2776 2639
f 2639 2778 2640
f 2634 2657 2635
f 2635 2804 2638
f 2656 2655 2637
f 2655 2657 2634
f 2804 2776 2638
f 2635 2657 2804
f 2641 2660 2643
f 2645 2642 2668
f 2660 2642 2643
f 2641 2643 2792
f 2643 2642 2647
f 2646 2792 2643
f 2645 2668 2644
f 2642 2645 2647
f 2643 2647 2646
f 2648 2649 2606
f 2607 2654 2648
f 2648 2654 2651
f 2651 2654 2650
f 2649 2656 2636
f 2648 2652 2649
f 2648 2651 2652
f 2658 2649 2652
f 2661 2650 2621
f 2651 2650 2662
f 2652 2664 2658
f 2651 2663 2652
f 2650 2654 2653
f 2650 2653 2621
f 2659 2655 2656
f 2659 2656 2658
f 2660 2655 2659
f 2658 2656 2649
f 2660 2657 2655
f 2804 2657 2641
f 2641 2657 2660
f 2668 2659 2658
f 2642 2660 2659
f 2666 2663 2662
f 2650 2661 2662
f 2651 2662 2663
f 2662 2661 2665
f 2652 2663 2664
f 2663 2667 2664
f 2662 2665 2666
f 2661 2630 2665
f 2666 2667 2663
f 2664 2667 2644
f 2668 2658 2664
f 2642 2659 2668
f 2664 2644 2668
f 2685 2669 2697
f 2420 2670 2418
f 2418 2670 2625
f 2420 2681 2670
f 2677 2672 2671
f 2671 2676 2677
f 2626 2625 2671
f 2672 2633 2626
f 2625 2670 2671
f 2626 2671 2672
f 2670 2681 2676
f 2671 2670 2676
f 2673 2628 2633
f 2672 2673 2633
f 2673 2675 2628
f 2630 2674 2709
f 2628 2675 2629
f 2629 2674 2630
f 2629 2675 2674
f 2683 2673 2672
f 2677 2683 2672
f 2682 2675 2673
f 2683 2682 2673
f 2675 2684 2674
f 2682 2684 2675
f 2709 2674 2685
f 2674 2684 2685
f 2678 2681 2423
f 2676 2681 2679
f 2677 2676 2680
f 2679 2681 2678
f 2680 2676 2679
f 2686 2677 2680
f 2682 2683 2687
f 2683 2677 2686
f 2688 2684 2682
f 2685 2684 2669
f 2687 2683 2686
f 2688 2682 2687
f 2669 2684 2688
f 2667 2690 2644
f 2689 2690 2667
f 2694 2695 2710
f 2695 2696 2689
f 2695 2689 2710
f 2696 2690 2689
f 2696 2705 2690
f 2644 2692 2645
f 2647 2645 2691
f 2644 2690 2692
f 2645 2692 2691
f 2693 2646 2647
f 2647 2691 2693
f 2693 2817 2646
f 2692 2705 2706
f 2691 2706 2707
f 2691 2692 2706
f 2690 2705 2692
f 2707 2693 2691
f 2707 2701 2693
f 2701 2817 2693
f 2685 2697 2694
f 2698 2695 2694
f 2700 2705 2696
f 2699 2696 2695
f 2698 2694 2697
f 2700 2696 2699
f 2699 2695 2698
f 2703 2701 2707
f 2704 2821 2701
f 2703 2707 2702
f 2704 2701 2703
f 2706 2705 2708
f 2706 2702 2707
f 2708 2705 2700
f 2706 2708 2702
f 2665 2630 2709
f 2710 2666 2665
f 2665 2709 2710
f 2689 2667 2666
f 2710 2689 2666
f 2694 2710 2709
f 2709 2685 2694
f 2518 2714 2517
f 2713 2712 2516
f 2712 2714 2518
f 2714 2711 2517
f 2533 2711 2715
f 2712 2722 2714
f 2717 2530 2715
f 2711 2731 2715
f 2714 2723 2711
f 2715 2732 2717
f 2715 2731 2732
f 2594 2593 2720
f 2721 2713 2594
f 2724 2712 2713
f 2594 2720 2721
f 2721 2724 2713
f 2593 2719 2720
f 2724 2722 2712
f 2722 2723 2714
f 2711 2723 2731
f 2783 2721 2720
f 2805 2724 2721
f 2722 2807 2723
f 2806 2722 2724
f 2733 2716 2717
f 2726 2725 2716
f 2728 2537 2536
f 2728 2536 2725
f 2728 2727 2537
f 2727 2538 2537
f 2726 2716 2733
f 2733 2717 2732
f 2726 2728 2725
f 2535 2538 2729
f 2727 2729 2538
f 2729 2730 2535
f 2731 2812 2732
f 2732 2735 2733
f 2723 2808 2731
f 2806 2807 2722
f 2723 2807 2808
f 2732 2812 2735
f 2731 2808 2812
f 2734 2811 2742
f 2728 2737 2727
f 2726 2737 2728
f 2736 2726 2733
f 2727 2737 2739
f 2727 2739 2729
f 2736 2733 2735
f 2735 2812 2738
f 2738 2812 2734
f 2740 2735 2738
f 2736 2737 2726
f 2736 2735 2740
f 2739 2737 2736
f 2739 2736 2740
f 2738 2734 2748
f 2740 2738 2747
f 2739 2740 2749
f 2741 2813 2744
f 2811 2741 2742
f 2742 2748 2734
f 2746 2742 2741
f 2742 2745 2748
f 2813 2743 2744
f 2741 2744 2746
f 2746 2745 2742
f 2729 2749 2730
f 2739 2749 2729
f 2749 2751 2730
f 2748 2750 2747
f 2747 2751 2749
f 2748 2747 2738
f 2747 2749 2740
f 2745 2750 2748
f 2750 2751 2747
f 2543 2542 2759
f 2544 2760 2761
f 2753 2754 2820
f 2752 2754 2770
f 2820 2754 2752
f 2756 2753 2828
f 2758 2754 2753
f 2770 2754 2757
f 2756 2828 2755
f 2758 2753 2756
f 2757 2754 2758
f 2542 2535 2730
f 2730 2759 2542
f 2759 2760 2543
f 2730 2751 2759
f 2759 2765 2760
f 2760 2775 2761
f 2765 2775 2760
f 2744 2743 2762
f 2763 2746 2744
f 2743 2752 2762
f 2744 2762 2763
f 2764 2745 2746
f 2763 2764 2746
f 2764 2766 2745
f 2769 2771 2763
f 2762 2752 2770
f 2762 2770 2769
f 2769 2763 2762
f 2771 2772 2764
f 2771 2764 2763
f 2772 2766 2764
f 2772 2775 2766
f 2751 2765 2759
f 2745 2766 2750
f 2750 2765 2751
f 2766 2765 2750
f 2766 2775 2765
f 2768 2775 2772
f 2761 2775 2768
f 2768 2772 2767
f 2770 2773 2769
f 2774 2771 2769
f 2767 2772 2771
f 2770 2757 2773
f 2774 2769 2773
f 2767 2771 2774
f 2640 2777 2718
f 2718 2787 2719
f 2720 2719 2788
f 2777 2787 2718
f 2719 2787 2788
f 2776 2778 2639
f 2778 2777 2640
f 2804 2779 2776
f 2780 2778 2776
f 2804 2641 2779
f 2780 2776 2779
f 2781 2777 2778
f 2782 2787 2777
f 2782 2777 2781
f 2781 2778 2780
f 2641 2792 2779
f 2779 2791 2780
f 2793 2781 2780
f 2794 2782 2781
f 2720 2788 2783
f 2788 2784 2785
f 2783 2805 2721
f 2805 2806 2724
f 2788 2785 2783
f 2786 2805 2783
f 2786 2783 2785
f 2809 2805 2786
f 2784 2782 2797
f 2784 2798 2785
f 2800 2809 2786
f 2785 2799 2786
f 2788 2787 2784
f 2784 2787 2782
f 2782 2794 2797
f 2797 2794 2790
f 2794 2789 2790
f 2793 2780 2791
f 2792 2795 2791
f 2791 2796 2793
f 2779 2792 2791
f 2794 2781 2793
f 2789 2794 2793
f 2646 2795 2792
f 2791 2795 2796
f 2789 2793 2796
f 2784 2797 2798
f 2801 2798 2797
f 2800 2786 2799
f 2798 2802 2799
f 2799 2803 2800
f 2785 2798 2799
f 2797 2790 2801
f 2801 2802 2798
f 2799 2802 2803
f 2743 2800 2803
f 2810 2807 2806
f 2810 2806 2809
f 2809 2806 2805
f 2808 2807 2811
f 2812 2808 2734
f 2811 2807 2810
f 2734 2808 2811
f 2813 2810 2809
f 2811 2810 2741
f 2813 2809 2800
f 2810 2813 2741
f 2743 2813 2800
f 2796 2814 2815
f 2796 2815 2789
f 2790 2789 2816
f 2789 2815 2816
f 2790 2816 2818
f 2821 2814 2817
f 2701 2821 2817
f 2814 2822 2815
f 2821 2822 2814
f 2824 2818 2816
f 2816 2823 2824
f 2816 2815 2823
f 2815 2822 2823
f 2817 2795 2646
f 2795 2814 2796
f 2817 2814 2795
f 2819 2802 2801
f 2818 2819 2801
f 2818 2801 2790
f 2802 2820 2803
f 2803 2752 2743
f 2819 2820 2802
f 2803 2820 2752
f 2828 2819 2818
f 2824 2828 2818
f 2828 2753 2819
f 2753 2820 2819
f 2825 2822 2821
f 2823 2822 2826
f 2823 2827 2824
f 2826 2822 2825
f 2825 2821 2704
f 2823 2826 2827
f 2755 2824 2827
f 2755 2828 2824
f 2884 2829 2935
f 2887 2831 2829
f 2829 2832 2935
f 2830 2831 2887
f 2829 2831 2832
f 2836 2830 2916
f 2916 2835 2836
f 2836 2837 2830
f 2837 2831 2830
f 2832 2831 2838
f 2838 2831 2837
f 2832 2838 2971
f 2835 2920 2834
f 2920 2833 2834
f 3478 2833 2922
f 3480 2839 2834
f 2834 2833 3479
f 2839 2836 2835
f 2835 2834 2839
f 2840 2837 2836
f 2839 2840 2836
f 2971 2838 2842
f 2842 2838 2841
f 2841 2838 2837
f 2841 2837 2840
f 2840 3489 2841
f 3488 2840 2839
f 3490 2842 2841
f 2974 2842 3485
f 2669 2688 2844
f 2669 2866 2697
f 2688 2843 2844
f 2669 2844 2866
f 2858 2848 2843
f 2847 2848 2858
f 2843 2848 2850
f 2844 2843 2850
f 2849 2866 2844
f 2844 2850 2849
f 2862 2846 2847
f 2845 2846 2862
f 2889 2845 2864
f 2890 2846 2845
f 2847 2851 2848
f 2850 2848 2852
f 2853 2849 2850
f 2852 2851 2893
f 2846 2851 2847
f 2848 2851 2852
f 2846 2892 2851
f 2850 2852 2853
f 2853 2880 2849
f 2894 2853 2852
f 2891 2880 2853
f 2854 2678 2424
f 2679 2678 2855
f 2678 2854 2855
f 2686 2680 2857
f 2856 2857 2680
f 2680 2679 2856
f 2679 2855 2856
f 2855 2859 2861
f 2855 2854 2859
f 2854 2860 2859
f 2861 2856 2855
f 2856 2862 2857
f 2861 2862 2856
f 2862 2847 2857
f 2687 2686 2858
f 2688 2687 2843
f 2857 2858 2686
f 2858 2843 2687
f 2857 2847 2858
f 2859 2860 2863
f 2864 2861 2859
f 2845 2862 2861
f 2860 2448 2863
f 2859 2863 2864
f 2863 2448 2911
f 2888 2864 2863
f 2864 2845 2861
f 2868 2874 2869
f 2868 2873 2874
f 2867 2698 2865
f 2697 2865 2698
f 2697 2866 2865
f 2867 2699 2698
f 2868 2700 2699
f 2868 2699 2867
f 2869 2700 2868
f 2866 2878 2865
f 2865 2879 2867
f 2849 2878 2866
f 2865 2878 2879
f 2873 2868 2867
f 2873 2867 2879
f 2708 2870 2702
f 2870 2708 2869
f 2702 2870 2872
f 2984 2704 2871
f 2702 2872 2703
f 2871 2704 2703
f 2871 2703 2872
f 2882 2870 2869
f 2870 2881 2872
f 2882 2869 2874
f 2881 2870 2882
f 2872 2883 2871
f 2884 2984 2871
f 2872 2881 2883
f 2884 2871 2883
f 2869 2708 2700
f 2879 2876 2873
f 2873 2877 2874
f 2879 2875 2876
f 2912 2875 2880
f 2875 2913 2876
f 2877 2915 2885
f 2873 2876 2877
f 2874 2877 2885
f 2876 2914 2877
f 2880 2878 2849
f 2878 2875 2879
f 2880 2875 2878
f 2886 2881 2882
f 2874 2885 2882
f 2881 2887 2883
f 2883 2829 2884
f 2886 2882 2885
f 2887 2881 2886
f 2885 2916 2886
f 2830 2887 2886
f 2883 2887 2829
f 2888 2889 2864
f 2889 2890 2845
f 2888 2911 2896
f 2911 2895 2896
f 2888 2896 2898
f 2897 2909 2890
f 2889 2888 2898
f 2897 2890 2889
f 2889 2898 2897
f 2891 2894 2904
f 2904 2894 2903
f 2918 2891 2904
f 2851 2892 2893
f 2890 2892 2846
f 2852 2893 2894
f 2894 2891 2853
f 2909 2892 2890
f 2893 2892 2910
f 2910 2892 2909
f 2903 2893 2910
f 2894 2893 2903
f 2896 2895 2900
f 2900 2895 2453
f 2898 2896 2899
f 2896 2900 2899
f 2901 2897 2898
f 2898 2899 2901
f 2902 2909 2897
f 2901 2902 2897
f 2899 2900 3549
f 2900 2453 3548
f 3550 2901 2899
f 3544 2902 2901
f 2903 2910 2906
f 2910 2905 2906
f 2904 2903 2908
f 2906 2908 2903
f 2918 2904 2907
f 2908 2907 2904
f 2905 2902 3552
f 3553 2906 2905
f 2908 3555 2907
f 2906 3554 2908
f 2910 2909 2905
f 2909 2902 2905
f 2863 2911 2888
f 2911 2454 2895
f 2891 2912 2880
f 2912 2913 2875
f 2877 2914 2915
f 2876 2913 2914
f 2919 2913 2917
f 2912 2891 2918
f 2917 2913 2912
f 2917 2912 2918
f 2914 2913 2919
f 2915 2914 2920
f 2914 2919 2920
f 2915 2920 2835
f 2885 2915 2916
f 2830 2886 2916
f 2916 2915 2835
f 2917 2918 2921
f 2907 2921 2918
f 2919 2917 2922
f 2917 2921 2922
f 2920 2919 2833
f 2919 2922 2833
f 2907 3565 2921
f 2922 2921 3477
f 2761 2923 2569
f 2923 2924 2571
f 2924 2925 2570
f 2925 2953 2955
f 2827 2927 2755
f 2827 2926 2927
f 2933 2985 2932
f 2933 2926 2985
f 2926 2934 2927
f 2934 2926 2933
f 2927 2934 2943
f 2950 2931 2939
f 2929 2756 2755
f 2928 2758 2756
f 2929 2755 2927
f 2928 2756 2929
f 2930 2757 2758
f 2757 2931 2773
f 2930 2758 2928
f 2931 2757 2930
f 2944 2928 2929
f 2944 2929 2943
f 2928 2944 2945
f 2927 2943 2929
f 2928 2945 2930
f 2939 2931 2930
f 2939 2930 2945
f 2884 2935 2932
f 2932 2936 2933
f 2934 2938 2943
f 2937 2934 2933
f 2936 2960 2937
f 2932 2935 2936
f 2937 2933 2936
f 2935 2959 2936
f 2938 2934 2937
f 2943 2938 2946
f 2961 2938 2937
f 2938 2962 2946
f 2945 2941 2939
f 2942 2950 2939
f 2940 2964 2941
f 2945 2940 2941
f 2942 2939 2941
f 2941 2966 2942
f 2965 2954 2942
f 2943 2946 2944
f 2944 2940 2945
f 2944 2946 2940
f 2946 2963 2940
f 2761 2768 2923
f 2923 2949 2924
f 2949 2952 2924
f 2924 2952 2925
f 2952 2953 2925
f 2948 2774 2947
f 2768 2949 2923
f 2948 2767 2774
f 2949 2768 2767
f 2949 2767 2948
f 2931 2950 2947
f 2947 2951 2948
f 2947 2950 2951
f 2952 2948 2951
f 2952 2949 2948
f 2773 2947 2774
f 2773 2931 2947
f 2951 2953 2952
f 2950 2954 2951
f 2951 2954 2953
f 2954 2982 2953
f 2954 2950 2942
f 2925 2955 2572
f 2955 2982 2956
f 2956 2982 2983
f 2956 2983 2957
f 2957 2958 3574
f 2957 2983 2958
f 3577 2958 2981
f 2975 2962 2967
f 2936 2959 2960
f 2935 2832 2959
f 2961 2937 2960
f 2961 2962 2938
f 2959 2832 2971
f 2960 2959 2972
f 2959 2971 2972
f 2960 2972 2973
f 2973 2961 2960
f 2967 2962 2961
f 2973 2967 2961
f 2940 2963 2964
f 2941 2964 2966
f 2965 2942 2966
f 2963 2962 2975
f 2964 2963 2976
f 2963 2975 2976
f 2964 2976 2977
f 2978 2965 2966
f 2966 2977 2978
f 2978 2983 2965
f 2966 2964 2977
f 2946 2962 2963
f 2969 2967 2973
f 2968 2969 2973
f 2970 2975 2967
f 2970 2967 2969
f 2979 2975 2970
f 3584 2968 2974
f 3585 2969 2968
f 3587 2979 2970
f 2969 3586 2970
f 2972 2971 2974
f 2971 2842 2974
f 2968 2973 2972
f 2972 2974 2968
f 2976 2979 2980
f 2977 2976 2980
f 2977 2980 2981
f 2976 2975 2979
f 2981 2958 2978
f 2981 2978 2977
f 2958 2983 2978
f 2980 2979 3592
f 3576 2981 2980
f 2953 2982 2955
f 2965 2982 2954
f 2983 2982 2965
f 2984 2825 2704
f 2985 2826 2825
f 2985 2825 2984
f 2826 2926 2827
f 2926 2826 2985
f 2984 2932 2985
f 2984 2884 2932
f 2986 2989 2350
f 2987 2990 2986
f 2988 2993 2987
f 2990 2989 2986
f 2354 2989 2991
f 2989 2990 2992
f 2989 2992 2991
f 2987 2993 2990
f 2998 2993 2988
f 2990 2993 2994
f 2990 2994 2992
f 2994 2993 3000
f 3004 2356 2991
f 2991 2992 3005
f 2992 2994 3008
f 2998 2988 2995
f 2996 2999 2995
f 2997 3002 2996
f 3028 3031 2997
f 2998 2995 2999
f 3000 2993 2998
f 2998 2999 3001
f 3000 2998 3001
f 2994 3000 3012
f 3000 3001 3013
f 2996 3002 2999
f 2997 3031 3002
f 3001 2999 3003
f 2999 3002 3003
f 3003 3002 3033
f 3002 3031 3033
f 3001 3003 3016
f 3003 3033 3093
f 3012 3000 3013
f 3016 3013 3001
f 3093 3016 3003
f 3006 2366 3004
f 2991 3005 3004
f 3007 3004 3005
f 2368 3006 3021
f 3007 3006 3004
f 3010 3006 3007
f 2992 3008 3005
f 3005 3008 3009
f 3008 2994 3012
f 3009 3008 3014
f 3005 3009 3007
f 3011 3007 3009
f 3010 3021 3006
f 3011 3010 3007
f 3018 3011 3009
f 3008 3012 3014
f 3014 3012 3015
f 3012 3013 3015
f 3009 3014 3018
f 3019 3018 3014
f 3014 3015 3019
f 3015 3013 3017
f 3016 3017 3013
f 3093 3095 3016
f 3095 3017 3016
f 3015 3017 3020
f 3020 3019 3015
f 3095 3101 3017
f 3101 3020 3017
f 3101 3167 3020
f 3021 3022 2376
f 3010 3023 3021
f 3023 3022 3021
f 3022 3023 3231
f 3011 3024 3010
f 3010 3024 3023
f 3023 3024 3233
f 3025 3024 3011
f 3018 3025 3011
f 3026 3025 3018
f 3019 3026 3018
f 3239 3024 3025
f 3240 3025 3026
f 3020 3027 3019
f 3027 3026 3019
f 3167 3027 3020
f 3026 3027 3243
f 3026 3243 3240
f 3027 3167 3275
f 3027 3275 3243
f 3029 3032 3028
f 3030 3035 3029
f 3035 3032 3029
f 3037 3053 3030
f 3053 3035 3030
f 3028 3032 3031
f 3033 3031 3034
f 3031 3032 3034
f 3033 3034 3094
f 3036 3032 3035
f 3034 3032 3036
f 3035 3053 3055
f 3036 3035 3055
f 3098 3034 3036
f 3036 3055 3076
f 3094 3093 3033
f 3094 3034 3098
f 3098 3036 3076
f 3054 3053 3037
f 3038 3054 3037
f 3057 3054 3038
f 1764 3040 1821
f 1821 3042 1820
f 3041 3040 1764
f 1821 3040 3042
f 1820 3042 3039
f 3045 1822 3039
f 3040 3049 3042
f 3043 3057 3038
f 3044 3058 3043
f 3039 3051 3045
f 3052 3044 3045
f 3042 3050 3039
f 3039 3050 3051
f 3043 3058 3057
f 3052 3058 3044
f 3052 3045 3051
f 2135 3048 3041
f 2142 3046 2135
f 3041 3047 3040
f 3048 3047 3041
f 3040 3047 3049
f 3064 3046 2142
f 3046 3048 2135
f 3042 3049 3050
f 3052 3051 3063
f 3066 3047 3048
f 3049 3047 3067
f 3051 3050 3060
f 3050 3049 3078
f 3078 3049 3067
f 3060 3050 3078
f 3055 3053 3056
f 3053 3054 3056
f 3056 3054 3059
f 3055 3056 3077
f 3054 3057 3059
f 3061 3058 3052
f 3057 3058 3062
f 3059 3057 3062
f 3062 3058 3061
f 3063 3051 3060
f 3061 3052 3063
f 3056 3059 3081
f 3059 3062 3082
f 3083 3062 3061
f 3082 3081 3059
f 3064 2159 3065
f 3046 3064 3068
f 3048 3046 3069
f 3069 3046 3068
f 2159 2160 3072
f 3065 2159 3072
f 3072 2160 3070
f 3068 3064 3065
f 3067 3047 3066
f 3066 3048 3069
f 3088 3067 3066
f 3069 3068 3086
f 3066 3069 3087
f 3070 2158 3071
f 3072 3070 3073
f 3116 3071 2165
f 2167 3117 2165
f 3121 3070 3071
f 3121 3071 3116
f 3065 3072 3074
f 3068 3065 3075
f 3074 3075 3065
f 3086 3087 3069
f 3075 3086 3068
f 3074 3072 3073
f 3073 3070 3121
f 3077 3076 3055
f 3081 3077 3056
f 3078 3067 3079
f 3060 3078 3080
f 3063 3060 3084
f 3061 3063 3085
f 3080 3084 3060
f 3088 3066 3087
f 3079 3067 3088
f 3079 3080 3078
f 3082 3062 3083
f 3083 3061 3085
f 3084 3085 3063
f 3107 3082 3083
f 3080 3089 3084
f 3085 3109 3083
f 3084 3110 3085
f 3085 3110 3109
f 3087 3090 3088
f 3091 3079 3088
f 3086 3133 3087
f 3075 3129 3086
f 3074 3128 3075
f 3129 3133 3086
f 3087 3133 3090
f 3079 3092 3080
f 3092 3079 3091
f 3092 3089 3080
f 3089 3110 3084
f 3091 3088 3090
f 3092 3174 3089
f 3172 3092 3091
f 3096 3095 3093
f 3094 3096 3093
f 3097 3101 3095
f 3096 3097 3095
f 3099 3094 3098
f 3096 3094 3099
f 3076 3102 3098
f 3099 3098 3102
f 3100 3096 3099
f 3097 3096 3100
f 3102 3104 3099
f 3100 3099 3104
f 3097 3168 3101
f 3170 3097 3100
f 3104 3185 3100
f 3076 3103 3102
f 3077 3103 3076
f 3106 3103 3077
f 3102 3105 3104
f 3103 3105 3102
f 3103 3112 3105
f 3081 3106 3077
f 3082 3108 3081
f 3108 3106 3081
f 3108 3082 3107
f 3107 3083 3109
f 3110 3111 3109
f 3108 3113 3106
f 3114 3108 3107
f 3109 3115 3107
f 3114 3107 3115
f 3089 3173 3110
f 3174 3173 3089
f 3109 3111 3115
f 3110 3173 3111
f 3106 3112 3103
f 3112 3189 3105
f 3113 3112 3106
f 3113 3108 3114
f 3115 3176 3114
f 3190 3113 3114
f 3113 3191 3112
f 3104 3186 3185
f 3105 3186 3104
f 3105 3189 3186
f 3112 3191 3189
f 3190 3191 3113
f 3399 3402 2181
f 2209 3402 3407
f 2167 3120 3117
f 3120 2168 3118
f 3116 2165 3117
f 3120 3126 3117
f 3120 3118 3124
f 3132 3121 3116
f 3074 3073 3130
f 3073 3121 3131
f 3117 3125 3116
f 3117 3126 3125
f 3131 3121 3132
f 3132 3116 3125
f 3123 3119 2205
f 3122 2205 2204
f 3118 3119 3127
f 3124 3118 3127
f 3127 3119 3123
f 2204 3143 3122
f 3143 2203 3145
f 3122 3123 2205
f 3126 3120 3124
f 3126 3137 3125
f 3127 3123 3146
f 3126 3124 3155
f 3124 3127 3156
f 3156 3155 3124
f 3128 3129 3075
f 3128 3074 3130
f 3130 3073 3131
f 3128 3141 3129
f 3130 3131 3139
f 3128 3130 3140
f 3129 3135 3133
f 3133 3134 3090
f 3090 3175 3091
f 3172 3091 3175
f 3090 3134 3175
f 3140 3141 3128
f 3141 3135 3129
f 3133 3135 3134
f 3131 3132 3136
f 3125 3138 3132
f 3139 3140 3130
f 3138 3136 3132
f 3136 3139 3131
f 3125 3137 3138
f 3155 3137 3126
f 3140 3206 3141
f 3141 3181 3135
f 3136 3157 3139
f 3139 3205 3140
f 3205 3206 3140
f 2210 3407 3142
f 3143 3145 3154
f 3148 3122 3143
f 3152 2214 2215
f 3144 2214 3150
f 3145 3144 3153
f 3153 3154 3145
f 3147 3123 3122
f 3148 3147 3122
f 3146 3156 3127
f 3147 3146 3123
f 3154 3148 3143
f 3149 2216 3142
f 3151 2213 3149
f 3151 3152 2215
f 3152 3150 2214
f 3150 3153 3144
f 3148 3165 3147
f 3154 3164 3148
f 3153 3163 3154
f 3150 3415 3153
f 3152 3411 3150
f 3151 3412 3152
f 3411 3415 3150
f 3415 3163 3153
f 3137 3160 3138
f 3155 3158 3137
f 3146 3161 3156
f 3147 3162 3146
f 3156 3166 3155
f 3166 3158 3155
f 3161 3166 3156
f 3138 3159 3136
f 3138 3160 3159
f 3157 3205 3139
f 3159 3157 3136
f 3158 3160 3137
f 3164 3165 3148
f 3147 3165 3162
f 3162 3161 3146
f 3163 3164 3154
f 3417 3165 3164
f 3216 3166 3161
f 3215 3158 3166
f 3213 3160 3158
f 3162 3432 3161
f 3162 3165 3416
f 3215 3166 3216
f 3216 3161 3432
f 3162 3416 3432
f 3101 3168 3167
f 3167 3169 3275
f 3167 3168 3169
f 3170 3168 3097
f 3170 3100 3185
f 3171 3168 3170
f 3169 3168 3171
f 3187 3170 3185
f 3187 3171 3170
f 3174 3092 3172
f 3174 3177 3173
f 3134 3180 3175
f 3183 3174 3172
f 3175 3184 3172
f 3183 3172 3184
f 3111 3178 3115
f 3173 3179 3111
f 3111 3179 3178
f 3190 3114 3176
f 3115 3178 3176
f 3173 3177 3179
f 3183 3177 3174
f 3135 3182 3134
f 3135 3181 3182
f 3175 3180 3184
f 3134 3182 3180
f 3206 3181 3141
f 3182 3181 3208
f 3199 3177 3183
f 3179 3177 3198
f 3183 3184 3200
f 3184 3180 3201
f 3180 3182 3207
f 3199 3183 3200
f 3200 3184 3201
f 3201 3180 3207
f 3185 3186 3188
f 3185 3188 3187
f 3186 3192 3188
f 3186 3189 3192
f 3189 3191 3193
f 3194 3191 3190
f 3176 3178 3196
f 3190 3176 3195
f 3178 3179 3197
f 3196 3178 3197
f 3194 3190 3195
f 3195 3176 3196
f 3188 3192 3297
f 3189 3193 3192
f 3193 3191 3194
f 3192 3193 3296
f 3298 3193 3194
f 3194 3195 3299
f 3197 3179 3198
f 3198 3177 3199
f 3197 3198 3204
f 3220 3198 3199
f 3199 3200 3221
f 3195 3196 3202
f 3196 3197 3203
f 3298 3194 3299
f 3202 3299 3195
f 3203 3202 3196
f 3204 3203 3197
f 3204 3198 3220
f 3205 3157 3210
f 3211 3181 3206
f 3206 3205 3209
f 3157 3159 3212
f 3159 3160 3214
f 3212 3159 3214
f 3209 3205 3210
f 3210 3157 3212
f 3208 3181 3211
f 3207 3182 3208
f 3211 3206 3209
f 3224 3208 3211
f 3211 3209 3225
f 3214 3160 3213
f 3213 3158 3215
f 3435 3215 3216
f 3433 3213 3215
f 3210 3212 3226
f 3212 3214 3217
f 3209 3210 3223
f 3226 3223 3210
f 3214 3213 3434
f 3434 3213 3433
f 3217 3226 3212
f 3217 3214 3434
f 3200 3201 3222
f 3207 3208 3219
f 3201 3207 3218
f 3222 3221 3200
f 3218 3222 3201
f 3224 3211 3225
f 3219 3208 3224
f 3219 3218 3207
f 3220 3199 3221
f 3308 3204 3220
f 3221 3307 3220
f 3219 3227 3218
f 3218 3312 3222
f 3222 3313 3221
f 3312 3313 3222
f 3223 3225 3209
f 3225 3229 3224
f 3217 3447 3226
f 3223 3448 3225
f 3226 3446 3223
f 3228 3219 3224
f 3228 3224 3229
f 3227 3312 3218
f 3227 3219 3228
f 3225 3448 3229
f 3446 3448 3223
f 2378 3022 3230
f 3022 3231 3230
f 3235 2436 3230
f 3230 3231 3232
f 3230 3232 3235
f 3023 3233 3231
f 3231 3233 3234
f 3233 3024 3239
f 3231 3234 3232
f 3234 3233 3241
f 3232 3234 3238
f 3236 2438 3235
f 3237 3235 3232
f 3237 3236 3235
f 2443 3236 3252
f 3251 3236 3237
f 3251 3252 3236
f 3232 3238 3237
f 3238 3234 3245
f 3258 3237 3238
f 3258 3251 3237
f 3247 3258 3238
f 3240 3239 3025
f 3233 3239 3241
f 3242 3239 3240
f 3241 3239 3242
f 3241 3242 3246
f 3244 3240 3243
f 3243 3276 3244
f 3243 3275 3276
f 3244 3242 3240
f 3249 3242 3244
f 3279 3244 3276
f 3234 3241 3245
f 3245 3241 3246
f 3246 3242 3249
f 3279 3249 3244
f 3238 3245 3247
f 3248 3247 3245
f 3245 3246 3248
f 3246 3249 3250
f 3282 3249 3279
f 3250 3248 3246
f 3282 3250 3249
f 3282 3354 3250
f 3252 3253 2451
f 3251 3255 3252
f 3254 2452 3253
f 3548 2453 3254
f 3255 3253 3252
f 3548 3254 3257
f 3256 3257 3254
f 3254 3253 3256
f 3255 3256 3253
f 3258 3259 3251
f 3269 3259 3258
f 3559 3261 3264
f 3251 3259 3255
f 3255 3259 3260
f 3255 3260 3256
f 3256 3261 3257
f 3260 3261 3256
f 3261 3559 3257
f 3260 3259 3262
f 3261 3260 3263
f 3247 3269 3258
f 3248 3265 3247
f 3265 3269 3247
f 3262 3269 3266
f 3260 3262 3263
f 3261 3263 3264
f 3263 3262 3267
f 3264 3263 3268
f 3266 3269 3265
f 3263 3267 3268
f 3267 3262 3266
f 3264 3268 3570
f 3262 3259 3269
f 3250 3270 3248
f 3270 3265 3248
f 3354 3270 3250
f 3266 3265 3271
f 3271 3265 3270
f 3272 3266 3271
f 3273 3570 3268
f 3274 3267 3272
f 3268 3274 3273
f 3267 3266 3272
f 3268 3267 3274
f 3272 3271 3357
f 3356 3357 3271
f 3271 3270 3356
f 3354 3356 3270
f 3274 3272 3358
f 3359 3273 3274
f 3357 3358 3272
f 3358 3359 3274
f 3359 3611 3273
f 3275 3277 3276
f 3275 3169 3277
f 3276 3280 3279
f 3276 3277 3280
f 3169 3171 3278
f 3292 3171 3187
f 3277 3169 3278
f 3278 3171 3292
f 3277 3278 3281
f 3280 3277 3281
f 3278 3292 3294
f 3281 3278 3294
f 3280 3281 3287
f 3281 3294 3319
f 3283 3279 3280
f 3283 3282 3279
f 3283 3355 3282
f 3359 3285 3611
f 3286 3285 3359
f 3287 3283 3280
f 3319 3287 3281
f 3287 3362 3283
f 3362 3355 3283
f 3319 3364 3287
f 3364 3362 3287
f 3324 3363 3321
f 3284 3361 3289
f 3361 3288 3289
f 3290 3286 3284
f 3284 3289 3290
f 3291 3285 3286
f 3290 3291 3286
f 3631 3285 3291
f 3288 3363 3324
f 3289 3288 3325
f 3288 3324 3325
f 3289 3325 3328
f 3631 3291 3326
f 3326 3291 3327
f 3328 3290 3289
f 3327 3291 3290
f 3328 3327 3290
f 3293 3187 3188
f 3188 3297 3293
f 3293 3292 3187
f 3294 3292 3295
f 3295 3292 3293
f 3300 3295 3293
f 3192 3296 3297
f 3296 3193 3298
f 3300 3293 3297
f 3297 3296 3301
f 3302 3296 3298
f 3299 3303 3298
f 3202 3309 3299
f 3203 3305 3202
f 3302 3298 3303
f 3305 3309 3202
f 3299 3309 3303
f 3297 3301 3300
f 3301 3296 3302
f 3335 3301 3302
f 3304 3300 3301
f 3303 3336 3302
f 3320 3319 3294
f 3294 3295 3320
f 3334 3320 3295
f 3334 3295 3300
f 3304 3334 3300
f 3304 3301 3335
f 3204 3306 3203
f 3306 3305 3203
f 3306 3204 3308
f 3308 3220 3307
f 3221 3313 3307
f 3314 3306 3308
f 3307 3315 3308
f 3309 3337 3303
f 3305 3310 3309
f 3335 3302 3336
f 3303 3337 3336
f 3309 3310 3337
f 3306 3311 3305
f 3311 3306 3314
f 3311 3310 3305
f 3313 3316 3307
f 3312 3317 3313
f 3313 3317 3316
f 3667 3227 3228
f 3227 3318 3312
f 3229 3668 3228
f 3318 3317 3312
f 3318 3227 3667
f 3314 3308 3315
f 3307 3316 3315
f 3315 3349 3314
f 3316 3706 3315
f 3317 3707 3316
f 3322 3364 3319
f 3321 3364 3323
f 3324 3321 3331
f 3320 3322 3319
f 3338 3322 3320
f 3323 3364 3322
f 3331 3321 3323
f 3323 3322 3340
f 3331 3323 3339
f 3687 3333 3346
f 3325 3324 3329
f 3330 3328 3325
f 3332 3327 3328
f 3326 3327 3333
f 3325 3329 3330
f 3329 3331 3350
f 3351 3330 3329
f 3329 3324 3331
f 3333 3327 3332
f 3330 3332 3328
f 3687 3326 3333
f 3352 3332 3330
f 3333 3332 3345
f 3342 3304 3335
f 3304 3341 3334
f 3336 3344 3335
f 3337 3343 3336
f 3310 3353 3337
f 3336 3343 3344
f 3337 3353 3343
f 3334 3338 3320
f 3339 3350 3331
f 3338 3340 3322
f 3340 3339 3323
f 3334 3341 3338
f 3342 3341 3304
f 3342 3335 3344
f 3338 3341 3342
f 3340 3344 3339
f 3339 3343 3350
f 3342 3344 3340
f 3344 3343 3339
f 3338 3342 3340
f 3345 3346 3333
f 3311 3347 3310
f 3348 3311 3314
f 3348 3347 3311
f 3310 3347 3353
f 3315 3706 3349
f 3348 3314 3349
f 3316 3707 3706
f 3352 3348 3345
f 3345 3349 3346
f 3352 3347 3348
f 3348 3349 3345
f 3349 3706 3346
f 3350 3351 3329
f 3351 3352 3330
f 3352 3345 3332
f 3350 3353 3351
f 3351 3347 3352
f 3343 3353 3350
f 3353 3347 3351
f 3282 3355 3354
f 3354 3355 3360
f 3354 3360 3356
f 3356 3361 3357
f 3357 3284 3358
f 3358 3286 3359
f 3360 3361 3356
f 3361 3284 3357
f 3284 3286 3358
f 3360 3355 3363
f 3363 3355 3362
f 3363 3362 3321
f 3321 3362 3364
f 3361 3360 3288
f 3360 3363 3288
f 2556 3365 2217
f 3365 3366 2218
f 2557 3370 3365
f 3365 3370 3366
f 3370 3367 3366
f 3366 3368 2057
f 3366 3367 3368
f 3367 3369 3368
f 3368 3369 3374
f 3367 3370 3371
f 3372 3367 3371
f 3371 3370 2561
f 3372 3369 3367
f 3373 3369 3372
f 3376 3369 3373
f 3380 3373 3385
f 3368 3374 2063
f 2064 3374 3375
f 3374 3369 3376
f 3374 3376 3375
f 3375 3376 3377
f 2066 3375 3378
f 3398 2178 3378
f 3375 3377 3378
f 3378 3379 3398
f 3378 3377 3379
f 3400 3398 3379
f 3377 3376 3380
f 3379 3377 3381
f 3382 3379 3381
f 3400 3379 3382
f 3404 3400 3382
f 3380 3376 3373
f 3381 3377 3380
f 3381 3380 3388
f 3382 3381 3387
f 3404 3382 3389
f 2565 3383 3371
f 3372 3371 3383
f 3384 3372 3383
f 3383 3393 3384
f 3384 3373 3372
f 3385 3373 3384
f 3394 3385 3384
f 3385 3386 3388
f 3394 3384 3393
f 3386 3385 3394
f 3385 3388 3380
f 3388 3387 3381
f 3388 3390 3387
f 3386 3390 3388
f 3390 3391 3387
f 3387 3389 3382
f 3423 3404 3389
f 3389 3392 3423
f 3387 3391 3389
f 3389 3391 3392
f 3427 3423 3392
f 3390 3395 3391
f 3391 3396 3392
f 3392 3397 3427
f 3392 3396 3397
f 3429 3427 3397
f 3383 2574 3393
f 3393 2957 3574
f 3393 3574 3394
f 3575 3394 3574
f 3386 3580 3390
f 3575 3386 3394
f 3580 3386 3575
f 3580 3395 3390
f 3391 3395 3396
f 3399 2179 3398
f 3400 3399 3398
f 3400 3401 3399
f 3399 3401 3402
f 3402 3403 3407
f 3402 3401 3403
f 3407 3403 3408
f 3404 3401 3400
f 3405 3401 3404
f 3403 3401 3405
f 3406 3403 3405
f 3408 3403 3406
f 3413 3408 3406
f 3406 3405 3424
f 3413 3406 3425
f 3423 3405 3404
f 3407 3408 3142
f 3142 3409 3149
f 3142 3408 3409
f 3410 3151 3149
f 3410 3149 3409
f 3152 3412 3411
f 3410 3412 3151
f 3410 3409 3414
f 3409 3408 3413
f 3414 3409 3413
f 3414 3413 3458
f 3422 3414 3459
f 3415 3411 3418
f 3420 3164 3163
f 3163 3415 3419
f 3422 3412 3410
f 3411 3412 3421
f 3415 3418 3419
f 3421 3412 3422
f 3411 3421 3418
f 3416 3165 3417
f 3420 3417 3164
f 3163 3419 3420
f 3441 3420 3419
f 3422 3410 3414
f 3439 3422 3459
f 3439 3421 3422
f 3418 3421 3442
f 3419 3418 3443
f 3418 3442 3443
f 3442 3421 3439
f 3424 3405 3423
f 3427 3424 3423
f 3428 3424 3427
f 3424 3425 3406
f 3425 3458 3413
f 3424 3428 3425
f 3428 3426 3425
f 3425 3426 3458
f 3426 3460 3458
f 3429 3428 3427
f 3430 3428 3429
f 3428 3430 3426
f 3430 3431 3426
f 3426 3431 3460
f 3460 3431 3465
f 3430 3745 3431
f 3431 3751 3465
f 3458 3459 3414
f 3416 3437 3432
f 3432 3436 3216
f 3432 3437 3436
f 3416 3417 3438
f 3440 3417 3420
f 3437 3416 3438
f 3438 3417 3440
f 3433 3215 3435
f 3435 3216 3436
f 3445 3433 3435
f 3436 3451 3435
f 3437 3450 3436
f 3419 3443 3441
f 3441 3440 3420
f 3443 3442 3464
f 3437 3438 3452
f 3454 3440 3441
f 3438 3440 3453
f 3450 3437 3452
f 3452 3438 3453
f 3463 3441 3443
f 3443 3464 3463
f 3453 3440 3454
f 3463 3454 3441
f 3217 3434 3449
f 3434 3433 3444
f 3447 3446 3226
f 3447 3217 3449
f 3449 3434 3444
f 3444 3433 3445
f 3445 3435 3451
f 3448 3670 3229
f 3447 3669 3446
f 3446 3671 3448
f 3447 3449 3673
f 3449 3444 3674
f 3673 3669 3447
f 3436 3450 3451
f 3450 3457 3451
f 3450 3452 3469
f 3452 3453 3468
f 3444 3445 3455
f 3451 3456 3445
f 3455 3674 3444
f 3674 3673 3449
f 3456 3455 3445
f 3451 3457 3456
f 3469 3457 3450
f 3468 3469 3452
f 3458 3460 3459
f 3459 3461 3439
f 3459 3460 3461
f 3462 3442 3439
f 3462 3439 3461
f 3464 3442 3462
f 3460 3465 3461
f 3461 3466 3462
f 3461 3465 3466
f 3465 3752 3466
f 3466 3724 3472
f 3472 3462 3466
f 3453 3454 3471
f 3467 3463 3464
f 3470 3454 3463
f 3471 3468 3453
f 3470 3471 3454
f 3472 3464 3462
f 3467 3470 3463
f 3467 3464 3472
f 3468 3731 3469
f 3471 3743 3468
f 3470 3742 3471
f 3741 3467 3472
f 3467 3744 3470
f 3470 3744 3742
f 3741 3744 3467
f 3558 3475 3473
f 3481 3473 3476
f 3474 3475 3558
f 3473 3475 3476
f 3503 3474 3564
f 3504 3475 3474
f 3476 3475 3505
f 2922 3477 3478
f 3478 3479 2833
f 2834 3479 3480
f 3477 3565 3481
f 3565 3473 3481
f 3477 3481 3482
f 3482 3484 3478
f 3482 3478 3477
f 3483 3491 3480
f 3484 3479 3478
f 3484 3483 3479
f 3483 3480 3479
f 3487 3490 3486
f 3487 3485 3490
f 3589 3485 3487
f 2840 3488 3489
f 3480 3488 2839
f 3490 2841 3489
f 3485 2842 3490
f 3488 3491 3492
f 3491 3488 3480
f 3488 3492 3489
f 3489 3492 3486
f 3489 3486 3490
f 3494 3482 3481
f 3493 3484 3482
f 3481 3476 3494
f 3494 3493 3482
f 3495 3483 3484
f 3483 3496 3491
f 3493 3495 3484
f 3495 3496 3483
f 3493 3494 3525
f 3494 3476 3524
f 3495 3493 3526
f 3520 3496 3495
f 3492 3498 3486
f 3492 3497 3498
f 3486 3500 3487
f 3499 3589 3487
f 3486 3498 3500
f 3499 3487 3500
f 3497 3496 3529
f 3498 3497 3530
f 3531 3499 3500
f 3532 3594 3499
f 3500 3498 3528
f 3491 3497 3492
f 3491 3496 3497
f 3569 3501 3507
f 3564 3502 3503
f 3502 3569 3507
f 3506 3504 3503
f 3508 3503 3502
f 3524 3505 3510
f 3505 3475 3504
f 3503 3504 3474
f 3524 3476 3505
f 3505 3504 3509
f 3502 3507 3508
f 3508 3506 3503
f 3505 3509 3510
f 3504 3506 3509
f 3501 3572 3512
f 3507 3501 3513
f 3512 3572 3511
f 3513 3501 3512
f 3511 3573 3612
f 3611 3612 3573
f 3612 3615 3511
f 3613 3614 3513
f 3512 3511 3615
f 3513 3512 3613
f 3615 3613 3512
f 3621 3537 3517
f 3620 3621 3517
f 3515 3506 3508
f 3514 3515 3508
f 3506 3515 3516
f 3514 3508 3507
f 3507 3513 3514
f 3509 3506 3516
f 3517 3510 3509
f 3509 3516 3517
f 3517 3537 3510
f 3614 3514 3513
f 3626 3515 3514
f 3516 3515 3627
f 3614 3626 3514
f 3515 3626 3627
f 3620 3517 3516
f 3516 3627 3620
f 3536 3519 3600
f 3536 3518 3519
f 3607 3600 3519
f 3639 3640 3543
f 3640 3518 3543
f 3518 3642 3519
f 3519 3641 3607
f 3518 3640 3642
f 3519 3642 3641
f 3529 3496 3520
f 3520 3526 3522
f 3529 3520 3523
f 3521 3522 3526
f 3529 3523 3533
f 3520 3522 3523
f 3525 3494 3524
f 3526 3493 3525
f 3525 3524 3527
f 3526 3525 3521
f 3520 3495 3526
f 3510 3527 3524
f 3527 3521 3525
f 3528 3530 3534
f 3497 3529 3530
f 3498 3530 3528
f 3530 3529 3533
f 3500 3528 3531
f 3531 3532 3499
f 3535 3531 3528
f 3536 3532 3531
f 3530 3533 3534
f 3528 3534 3535
f 3535 3536 3531
f 3600 3532 3536
f 3527 3539 3521
f 3537 3539 3527
f 3539 3538 3521
f 3541 3533 3523
f 3523 3540 3541
f 3523 3522 3540
f 3521 3538 3522
f 3522 3538 3540
f 3538 3655 3657
f 3537 3656 3539
f 3539 3655 3538
f 3656 3655 3539
f 3621 3656 3537
f 3540 3538 3657
f 3658 3541 3540
f 3540 3657 3658
f 3658 3662 3541
f 3510 3537 3527
f 3534 3533 3542
f 3543 3535 3534
f 3541 3542 3533
f 3534 3542 3543
f 3518 3536 3535
f 3543 3518 3535
f 3662 3542 3541
f 3639 3543 3542
f 3662 3639 3542
f 2902 3544 3552
f 3546 3544 3550
f 3545 3546 3550
f 3552 3544 3547
f 3544 3546 3547
f 3549 2900 3548
f 2899 3549 3550
f 3550 3544 2901
f 3549 3548 3551
f 3257 3551 3548
f 3545 3550 3549
f 3551 3545 3549
f 2905 3552 3553
f 3553 3554 2906
f 3554 3555 2908
f 3555 3565 2907
f 3557 3554 3553
f 3556 3557 3553
f 3556 3553 3552
f 3552 3547 3556
f 3554 3558 3555
f 3557 3558 3554
f 3555 3473 3565
f 3558 3473 3555
f 3551 3560 3545
f 3559 3560 3551
f 3560 3562 3545
f 3547 3561 3563
f 3545 3562 3546
f 3547 3546 3561
f 3546 3562 3561
f 3567 3560 3559
f 3566 3562 3560
f 3561 3562 3568
f 3563 3561 3569
f 3257 3559 3551
f 3563 3556 3547
f 3564 3557 3556
f 3563 3564 3556
f 3564 3474 3557
f 3474 3558 3557
f 3564 3563 3502
f 2921 3565 3477
f 3571 3566 3567
f 3559 3264 3567
f 3567 3566 3560
f 3570 3567 3264
f 3568 3562 3566
f 3561 3568 3569
f 3568 3566 3572
f 3569 3568 3501
f 3570 3571 3567
f 3572 3566 3571
f 3501 3568 3572
f 3563 3569 3502
f 3573 3571 3570
f 3572 3571 3511
f 3273 3573 3570
f 3511 3571 3573
f 3611 3573 3273
f 3574 3577 3575
f 3574 2958 3577
f 3576 3577 2981
f 3578 3575 3577
f 3579 3592 3593
f 3579 3576 3592
f 3579 3578 3576
f 3578 3577 3576
f 3578 3580 3575
f 3580 3583 3395
f 3582 3593 3581
f 3581 3596 3598
f 3599 3582 3581
f 3578 3583 3580
f 3582 3579 3593
f 3579 3583 3578
f 3582 3583 3579
f 3605 3583 3582
f 2974 3485 3584
f 3584 3585 2968
f 3587 2970 3586
f 2969 3585 3586
f 3585 3588 3590
f 3589 3588 3584
f 3589 3584 3485
f 3588 3585 3584
f 3585 3590 3586
f 3586 3590 3591
f 3593 3587 3591
f 3586 3591 3587
f 3592 2979 3587
f 2980 3592 3576
f 3593 3592 3587
f 3589 3594 3588
f 3588 3595 3590
f 3499 3594 3589
f 3590 3595 3596
f 3588 3594 3595
f 3590 3596 3591
f 3591 3581 3593
f 3591 3596 3581
f 3595 3594 3610
f 3596 3595 3597
f 3395 3605 3396
f 3395 3583 3605
f 3396 3605 3604
f 3597 3610 3602
f 3604 3605 3599
f 3596 3597 3598
f 3581 3598 3599
f 3598 3597 3601
f 3603 3599 3598
f 3602 3610 3600
f 3597 3602 3601
f 3603 3604 3599
f 3598 3601 3603
f 3599 3605 3582
f 3396 3604 3397
f 3397 3604 3609
f 3397 3609 3429
f 3748 3429 3609
f 3601 3606 3608
f 3607 3602 3600
f 3601 3602 3606
f 3606 3602 3607
f 3608 3603 3601
f 3609 3604 3603
f 3608 3609 3603
f 3746 3606 3607
f 3747 3608 3606
f 3746 3607 3641
f 3747 3606 3746
f 3748 3609 3608
f 3747 3748 3608
f 3610 3594 3532
f 3595 3610 3597
f 3600 3610 3532
f 3611 3617 3612
f 3612 3616 3615
f 3615 3618 3613
f 3613 3619 3614
f 3611 3285 3617
f 3617 3616 3612
f 3616 3618 3615
f 3619 3628 3614
f 3618 3619 3613
f 3624 3620 3627
f 3623 3656 3621
f 3625 3621 3620
f 3627 3622 3624
f 3624 3625 3620
f 3625 3623 3621
f 3614 3628 3626
f 3627 3626 3622
f 3626 3628 3622
f 3685 3629 3633
f 3686 3630 3629
f 3633 3684 3685
f 3685 3686 3629
f 3695 3630 3686
f 3617 3631 3632
f 3616 3617 3632
f 3616 3632 3633
f 3617 3285 3631
f 3618 3633 3629
f 3618 3616 3633
f 3629 3619 3618
f 3630 3628 3619
f 3629 3630 3619
f 3632 3631 3692
f 3633 3632 3684
f 3692 3631 3326
f 3632 3692 3684
f 3622 3628 3634
f 3634 3628 3630
f 3624 3622 3635
f 3622 3634 3635
f 3625 3636 3637
f 3637 3623 3625
f 3637 3663 3623
f 3625 3624 3636
f 3624 3635 3636
f 3636 3635 3694
f 3635 3693 3694
f 3634 3630 3695
f 3635 3634 3693
f 3693 3634 3695
f 3696 3637 3636
f 3697 3663 3637
f 3636 3694 3696
f 3696 3697 3637
f 3638 3643 3662
f 3643 3639 3662
f 3639 3644 3640
f 3642 3647 3641
f 3640 3645 3642
f 3643 3644 3639
f 3640 3644 3645
f 3642 3645 3647
f 3641 3647 3646
f 3638 3661 3649
f 3649 3661 3648
f 3643 3638 3650
f 3650 3638 3649
f 3648 3664 3711
f 3664 3710 3711
f 3711 3714 3648
f 3712 3713 3650
f 3649 3648 3714
f 3650 3649 3712
f 3714 3712 3649
f 3465 3751 3752
f 3720 3750 3654
f 3654 3719 3720
f 3720 3752 3750
f 3645 3644 3652
f 3652 3644 3651
f 3645 3652 3653
f 3651 3644 3643
f 3651 3643 3650
f 3647 3653 3654
f 3647 3645 3653
f 3646 3647 3654
f 3646 3654 3750
f 3651 3650 3713
f 3725 3652 3651
f 3653 3652 3726
f 3725 3651 3713
f 3726 3652 3725
f 3654 3653 3719
f 3653 3726 3719
f 3656 3659 3655
f 3657 3655 3660
f 3661 3658 3657
f 3638 3662 3658
f 3623 3659 3656
f 3655 3659 3660
f 3657 3660 3661
f 3661 3638 3658
f 3664 3659 3663
f 3663 3659 3623
f 3660 3659 3664
f 3648 3660 3664
f 3661 3660 3648
f 3664 3663 3710
f 3663 3697 3710
f 3710 3697 3665
f 3697 3666 3665
f 3677 3666 3700
f 3665 3666 3678
f 3229 3670 3668
f 3448 3671 3670
f 3667 3228 3668
f 3669 3671 3446
f 3671 3680 3670
f 3709 3318 3667
f 3668 3672 3667
f 3318 3708 3317
f 3317 3708 3707
f 3709 3708 3318
f 3670 3679 3668
f 3670 3680 3679
f 3709 3667 3672
f 3668 3679 3672
f 3672 3679 3704
f 3673 3682 3669
f 3669 3681 3671
f 3674 3683 3673
f 3455 3736 3674
f 3456 3737 3455
f 3737 3736 3455
f 3736 3683 3674
f 3675 3676 3699
f 3666 3677 3678
f 3676 3677 3700
f 3665 3678 3732
f 3671 3681 3680
f 3682 3681 3669
f 3704 3679 3675
f 3676 3681 3677
f 3675 3680 3676
f 3679 3680 3675
f 3680 3681 3676
f 3683 3732 3678
f 3683 3682 3673
f 3678 3682 3683
f 3683 3736 3732
f 3678 3677 3682
f 3677 3681 3682
f 3684 3692 3689
f 3688 3685 3684
f 3691 3686 3685
f 3695 3686 3690
f 3689 3692 3687
f 3684 3689 3688
f 3689 3687 3701
f 3702 3688 3689
f 3690 3691 3705
f 3688 3691 3685
f 3690 3686 3691
f 3703 3691 3688
f 3692 3326 3687
f 3693 3695 3698
f 3694 3693 3699
f 3700 3696 3694
f 3666 3697 3696
f 3698 3695 3690
f 3699 3693 3698
f 3694 3699 3700
f 3699 3698 3675
f 3698 3690 3704
f 3676 3700 3699
f 3700 3666 3696
f 3346 3701 3687
f 3701 3702 3689
f 3702 3703 3688
f 3703 3705 3691
f 3705 3704 3690
f 3702 3708 3703
f 3706 3707 3701
f 3707 3708 3702
f 3346 3706 3701
f 3701 3707 3702
f 3703 3709 3705
f 3705 3672 3704
f 3703 3708 3709
f 3709 3672 3705
f 3704 3675 3698
f 3716 3711 3710
f 3711 3715 3714
f 3714 3717 3712
f 3712 3718 3713
f 3733 3715 3716
f 3715 3734 3717
f 3710 3665 3716
f 3716 3715 3711
f 3732 3716 3665
f 3715 3717 3714
f 3717 3718 3712
f 3713 3718 3727
f 3717 3735 3718
f 3718 3728 3727
f 3719 3726 3722
f 3723 3720 3719
f 3724 3752 3720
f 3722 3726 3721
f 3727 3738 3721
f 3739 3722 3721
f 3466 3752 3724
f 3719 3722 3723
f 3723 3724 3720
f 3740 3723 3722
f 3741 3724 3723
f 3713 3727 3725
f 3721 3726 3725
f 3721 3725 3727
f 3727 3728 3738
f 3457 3729 3456
f 3469 3730 3457
f 3730 3729 3457
f 3456 3729 3737
f 3731 3730 3469
f 3743 3731 3468
f 3742 3743 3471
f 3735 3730 3728
f 3728 3731 3738
f 3735 3729 3730
f 3728 3730 3731
f 3732 3733 3716
f 3733 3734 3715
f 3734 3735 3717
f 3718 3735 3728
f 3736 3733 3732
f 3737 3734 3733
f 3736 3737 3733
f 3737 3729 3734
f 3734 3729 3735
f 3739 3721 3738
f 3740 3722 3739
f 3741 3472 3724
f 3740 3741 3723
f 3742 3744 3740
f 3738 3743 3739
f 3742 3740 3739
f 3738 3731 3743
f 3742 3739 3743
f 3740 3744 3741
f 3748 3430 3429
f 3748 3745 3430
f 3749 3747 3746
f 3641 3646 3746
f 3747 3745 3748
f 3749 3746 3646
f 3749 3745 3747
f 3431 3745 3751
f 3750 3751 3749
f 3751 3745 3749
f 3752 3751 3750
f 3750 3749 3646
