triangle_id,a,b,c
0,1,0,4
1,4,0,3
2,1,7,2
3,1,4,7
4,10,0,1
5,3,0,10
6,1,2,11
7,4,3,17
8,4,20,7
9,3,12,16
10,8,5,2
11,8,2,7
12,9,6,5
13,9,5,8
14,28,6,9
15,2,5,13
16,5,6,14
17,6,25,15
18,7,21,8
19,39,9,8
20,10,1,11
21,3,10,12
22,11,2,13
23,13,5,14
24,14,6,15
25,3,16,17
26,4,17,20
27,17,16,19
28,24,18,16
29,16,18,19
30,7,20,21
31,22,20,17
32,39,8,21
33,20,23,21
34,21,42,39
35,17,19,22
36,22,23,20
37,21,23,42
38,24,16,12
39,54,18,24
40,28,25,6
41,26,25,29
42,29,25,28
43,26,32,27
44,26,29,32
45,35,25,26
46,26,27,36
47,40,28,9
48,29,28,41
49,33,30,27
50,33,27,32
51,34,31,30
52,34,30,33
53,27,30,37
54,30,31,38
55,29,44,32
56,32,45,33
57,106,34,33
58,15,25,35
59,35,26,36
60,36,27,37
61,37,30,38
62,38,31,103
63,40,9,39
64,43,40,39
65,28,40,41
66,29,41,44
67,41,40,46
68,43,39,42
69,40,43,46
70,32,44,45
71,47,44,41
72,106,33,45
73,44,48,45
74,41,46,47
75,47,48,44
76,45,48,109
77,10,11,49
78,10,49,12
79,11,13,50
80,50,49,11
81,12,49,51
82,12,51,24
83,13,14,52
84,14,15,53
85,52,50,13
86,53,52,14
87,53,15,57
88,50,178,49
89,49,178,51
90,51,179,55
91,52,180,50
92,53,182,52
93,181,53,57
94,55,54,24
95,55,24,51
96,56,54,55
97,57,15,35
98,35,36,58
99,57,35,58
100,59,58,36
101,36,37,59
102,37,38,60
103,38,103,61
104,60,59,37
105,61,60,38
106,58,185,57
107,59,186,58
108,60,187,59
109,61,188,60
110,19,18,63
111,18,62,63
112,62,66,67
113,64,22,19
114,19,63,64
115,65,23,22
116,64,65,22
117,63,62,67
118,68,64,63
119,63,67,68
120,77,65,64
121,68,77,64
122,54,62,18
123,87,62,54
124,87,66,62
125,89,66,87
126,67,66,70
127,68,67,71
128,69,66,89
129,70,66,69
130,71,67,70
131,82,68,71
132,23,72,42
133,65,72,23
134,42,72,73
135,42,73,43
136,46,43,74
137,43,73,74
138,77,78,65
139,78,72,65
140,72,79,73
141,78,79,72
142,73,79,80
143,75,47,46
144,46,74,75
145,76,48,47
146,75,76,47
147,74,73,80
148,81,75,74
149,74,80,81
150,154,76,75
151,81,154,75
152,77,68,82
153,78,77,83
154,84,79,78
155,80,79,85
156,80,86,81
157,83,77,82
158,84,78,83
159,85,79,84
160,80,85,86
161,159,81,86
162,56,87,54
163,89,87,88
164,88,87,56
165,91,89,88
166,90,89,91
167,69,89,90
168,90,91,208
169,94,92,31
170,101,92,93
171,94,31,34
172,95,92,94
173,93,92,95
174,102,93,96
175,93,95,99
176,31,92,103
177,103,92,101
178,101,93,102
179,107,94,34
180,95,94,108
181,93,99,96
182,100,97,96
183,104,96,97
184,100,96,99
185,118,98,97
186,98,105,97
187,118,97,100
188,102,96,104
189,104,97,105
190,98,125,105
191,95,111,99
192,99,112,100
193,130,118,100
194,103,101,140
195,141,101,102
196,142,102,104
197,105,143,104
198,125,144,105
199,107,34,106
200,45,109,106
201,110,107,106
202,94,107,108
203,108,107,113
204,110,106,109
205,107,110,113
206,95,108,111
207,99,111,112
208,114,111,108
209,130,100,112
210,111,115,112
211,108,113,114
212,114,115,111
213,112,115,132
214,119,116,98
215,98,116,125
216,119,98,118
217,117,116,120
218,126,116,117
219,120,116,119
220,125,116,126
221,126,117,127
222,131,119,118
223,120,119,134
224,117,123,121
225,127,117,121
226,128,121,122
227,117,120,123
228,124,121,123
229,124,122,121
230,372,369,122
231,369,129,122
232,372,122,124
233,127,121,128
234,128,122,129
235,120,135,123
236,123,136,124
237,125,126,145
238,146,126,127
239,147,127,128
240,129,148,128
241,131,118,130
242,112,132,130
243,133,131,130
244,119,131,134
245,134,131,137
246,133,130,132
247,131,133,137
248,120,134,135
249,138,135,134
250,123,135,136
251,384,124,136
252,135,139,136
253,134,137,138
254,138,139,135
255,140,101,141
256,141,102,142
257,61,103,140
258,142,104,143
259,105,144,143
260,61,140,214
261,140,141,215
262,216,141,142
263,214,140,215
264,215,141,216
265,143,217,142
266,144,218,143
267,216,142,217
268,143,218,217
269,218,144,224
270,144,125,145
271,145,126,146
272,146,127,147
273,147,128,148
274,129,408,148
275,144,145,224
276,145,146,225
277,224,145,225
278,225,146,226
279,226,146,147
280,148,227,147
281,408,228,148
282,226,147,227
283,148,228,227
284,48,149,109
285,76,149,48
286,109,149,150
287,109,150,110
288,113,110,151
289,110,150,151
290,154,155,76
291,155,149,76
292,149,156,150
293,155,156,149
294,152,114,113
295,113,151,152
296,153,115,114
297,152,153,114
298,151,150,157
299,150,156,157
300,158,152,151
301,151,157,158
302,168,153,152
303,158,168,152
304,159,154,81
305,160,155,154
306,161,156,155
307,157,156,162
308,157,163,158
309,160,154,159
310,161,155,160
311,162,156,161
312,157,162,163
313,173,158,163
314,115,164,132
315,153,164,115
316,132,165,133
317,132,164,165
318,133,165,166
319,168,169,153
320,169,164,153
321,164,170,165
322,169,170,164
323,137,133,166
324,167,138,137
325,137,166,167
326,427,139,138
327,167,427,138
328,166,165,171
329,165,170,171
330,166,171,172
331,172,167,166
332,432,427,167
333,172,432,167
334,173,168,158
335,174,169,168
336,175,170,169
337,171,170,176
338,171,177,172
339,174,168,173
340,175,169,174
341,176,170,175
342,171,176,177
343,437,172,177
344,180,178,50
345,51,178,179
346,182,180,52
347,182,53,181
348,180,190,178
349,178,190,179
350,182,191,180
351,192,182,181
352,191,190,180
353,179,190,193
354,191,182,192
355,179,193,183
356,183,55,179
357,183,56,55
358,184,56,183
359,184,183,196
360,181,57,185
361,58,186,185
362,187,186,59
363,188,187,60
364,188,61,214
365,185,198,181
366,186,199,185
367,192,181,198
368,185,199,198
369,186,200,199
370,187,200,186
371,188,201,187
372,188,214,189
373,201,200,187
374,189,201,188
375,191,194,190
376,190,194,193
377,195,191,192
378,195,194,191
379,193,194,590
380,195,192,203
381,193,590,196
382,193,196,183
383,196,197,184
384,196,592,197
385,590,592,196
386,592,593,197
387,199,202,198
388,198,203,192
389,200,204,199
390,201,205,200
391,189,206,201
392,233,206,189
393,198,202,203
394,199,204,202
395,200,205,204
396,206,205,201
397,88,56,184
398,207,88,184
399,91,88,207
400,209,91,207
401,207,184,197
402,209,207,211
403,208,91,209
404,208,209,210
405,212,210,209
406,197,211,207
407,211,212,209
408,197,593,211
409,593,609,211
410,211,609,212
411,609,611,212
412,212,213,210
413,212,611,213
414,213,611,612
415,214,215,219
416,215,216,220
417,217,221,216
418,218,223,217
419,218,224,222
420,219,189,214
421,220,219,215
422,221,220,216
423,217,223,221
424,222,223,218
425,224,225,229
426,225,226,230
427,227,231,226
428,228,232,227
429,229,222,224
430,230,229,225
431,231,230,226
432,227,232,231
433,458,232,228
434,232,239,231
435,458,240,232
436,219,233,189
437,220,234,219
438,221,235,220
439,234,233,219
440,235,234,220
441,223,236,221
442,222,237,223
443,221,236,235
444,237,236,223
445,241,237,222
446,206,233,618
447,233,234,619
448,234,235,620
449,235,236,621
450,623,236,237
451,229,241,222
452,230,242,229
453,242,241,229
454,238,242,230
455,231,238,230
456,231,239,238
457,240,239,232
458,238,625,242
459,624,237,241
460,622,241,242
461,622,242,625
462,238,239,626
463,723,239,240
464,238,626,625
465,626,239,723
466,70,69,244
467,69,243,244
468,71,70,249
469,70,244,249
470,243,69,90
471,244,243,246
472,255,249,244
473,243,245,246
474,244,246,255
475,245,243,265
476,246,245,248
477,266,247,245
478,245,247,248
479,248,247,270
480,82,71,250
481,249,250,71
482,83,82,251
483,84,83,252
484,250,251,82
485,251,252,83
486,249,256,250
487,255,256,249
488,250,257,251
489,256,257,250
490,85,84,253
491,84,252,253
492,85,254,86
493,85,253,254
494,251,260,252
495,257,260,251
496,252,260,261
497,253,252,261
498,294,254,253
499,253,261,294
500,258,255,246
501,259,256,255
502,256,262,257
503,246,248,258
504,258,259,255
505,271,258,248
506,259,262,256
507,272,259,258
508,257,263,260
509,261,260,264
510,262,263,257
511,273,262,259
512,262,274,263
513,260,263,264
514,261,264,297
515,264,263,319
516,243,90,265
517,245,265,266
518,265,90,208
519,265,208,351
520,351,266,265
521,351,353,266
522,267,268,247
523,266,267,247
524,353,267,266
525,267,353,354
526,280,267,354
527,247,268,270
528,248,270,271
529,271,272,258
530,272,273,259
531,270,268,275
532,271,270,276
533,275,268,269
534,270,275,276
535,272,271,277
536,271,276,277
537,273,274,262
538,263,274,319
539,278,273,272
540,272,277,278
541,279,274,273
542,319,274,325
543,278,279,273
544,325,274,279
545,280,268,267
546,269,268,280
547,287,269,280
548,287,280,360
549,282,269,281
550,275,269,282
551,281,269,287
552,276,275,283
553,283,275,282
554,276,283,284
555,282,281,883
556,283,282,886
557,882,281,288
558,277,276,284
559,285,278,277
560,277,284,285
561,285,286,278
562,286,279,278
563,284,283,887
564,888,285,284
565,908,286,285
566,288,281,287
567,288,287,361
568,86,289,159
569,86,254,289
570,290,159,289
571,290,160,159
572,291,161,160
573,291,160,290
574,254,295,289
575,294,295,254
576,289,296,290
577,289,295,296
578,292,162,161
579,292,161,291
580,162,293,163
581,293,162,292
582,299,291,290
583,291,300,292
584,299,290,296
585,291,299,300
586,309,293,292
587,309,292,300
588,297,294,261
589,298,295,294
590,295,301,296
591,297,298,294
592,320,297,264
593,298,301,295
594,321,298,297
595,322,301,298
596,296,302,299
597,299,303,300
598,300,312,309
599,296,301,302
600,301,323,302
601,299,302,303
602,300,303,312
603,302,324,303
604,163,304,173
605,163,293,304
606,305,173,304
607,305,174,173
608,306,175,174
609,306,174,305
610,293,310,304
611,310,293,309
612,304,311,305
613,304,310,311
614,315,305,311
615,307,176,175
616,307,175,306
617,176,308,177
618,308,176,307
619,315,306,305
620,306,316,307
621,306,315,316
622,511,308,307
623,511,307,316
624,313,310,309
625,310,314,311
626,313,309,312
627,303,330,312
628,312,331,313
629,314,310,313
630,332,314,313
631,311,317,315
632,315,318,316
633,316,514,511
634,311,314,317
635,315,317,318
636,314,333,317
637,316,318,514
638,317,334,318
639,264,319,320
640,320,321,297
641,321,322,298
642,320,319,326
643,326,319,325
644,321,320,327
645,327,320,326
646,322,323,301
647,302,323,324
648,322,321,328
649,329,323,322
650,328,321,327
651,329,322,328
652,324,323,335
653,335,323,329
654,303,324,330
655,312,330,331
656,332,313,331
657,330,324,336
658,324,335,336
659,331,330,337
660,338,332,331
661,330,336,337
662,331,337,338
663,332,333,314
664,317,333,334
665,318,334,538
666,339,333,332
667,338,339,332
668,334,333,340
669,340,333,339
670,325,279,341
671,279,286,341
672,325,341,342
673,326,325,342
674,327,326,343
675,342,343,326
676,341,286,909
677,910,342,341
678,328,327,344
679,343,344,327
680,329,328,345
681,344,345,328
682,335,329,346
683,329,345,346
684,342,913,343
685,343,914,344
686,344,915,345
687,336,335,347
688,335,346,347
689,337,336,348
690,336,347,348
691,346,345,925
692,926,347,346
693,348,347,930
694,349,338,337
695,337,348,349
696,350,339,338
697,349,350,338
698,556,340,339
699,556,339,350
700,931,349,348
701,932,350,349
702,350,1138,556
703,210,351,208
704,352,353,351
705,210,352,351
706,353,352,355
707,354,353,355
708,356,360,354
709,354,355,356
710,213,352,210
711,352,213,357
712,355,352,357
713,355,357,358
714,357,213,612
715,687,358,357
716,358,356,355
717,359,363,356
718,358,359,356
719,689,359,358
720,690,364,359
721,280,354,360
722,360,361,287
723,356,363,360
724,360,363,361
725,363,365,361
726,361,362,288
727,892,288,362
728,361,365,362
729,365,366,362
730,362,366,977
731,359,364,363
732,363,364,365
733,364,367,365
734,364,695,367
735,365,367,366
736,981,366,368
737,366,367,368
738,373,370,369
739,369,370,379
740,373,369,372
741,371,370,376
742,380,370,371
743,376,370,373
744,369,379,129
745,379,370,380
746,380,371,381
747,384,372,124
748,385,373,372
749,376,373,388
750,374,371,377
751,381,371,374
752,377,371,376
753,375,374,378
754,382,374,375
755,394,383,375
756,378,374,377
757,396,375,378
758,381,374,382
759,382,375,383
760,377,376,389
761,378,377,390
762,379,408,129
763,379,380,407
764,409,380,381
765,410,381,382
766,383,411,382
767,385,372,384
768,136,386,384
769,373,385,388
770,387,385,384
771,388,385,391
772,136,139,386
773,387,384,386
774,385,387,391
775,376,388,389
776,392,389,388
777,389,390,377
778,389,393,390
779,388,391,392
780,392,393,389
781,394,375,396
782,394,395,398
783,397,394,396
784,397,395,394
785,394,398,383
786,398,395,399
787,399,395,400
788,400,395,397
789,396,378,401
790,397,396,402
791,398,416,383
792,398,399,417
793,399,400,419
794,400,397,405
795,390,401,378
796,401,402,396
797,390,403,401
798,401,404,402
799,397,402,405
800,393,403,390
801,403,404,401
802,402,404,406
803,405,402,406
804,400,405,424
805,408,379,407
806,407,380,409
807,409,381,410
808,410,382,411
809,383,416,411
810,408,407,457
811,407,409,412
812,228,408,457
813,457,407,412
814,412,409,413
815,413,409,410
816,413,410,414
817,411,414,410
818,416,415,411
819,411,415,414
820,398,417,416
821,399,418,417
822,399,419,418
823,420,416,417
824,417,418,421
825,423,418,419
826,400,424,419
827,420,415,416
828,417,421,420
829,418,422,421
830,423,422,418
831,419,426,423
832,425,424,405
833,405,406,425
834,419,424,426
835,424,468,426
836,425,468,424
837,139,428,386
838,427,428,139
839,386,429,387
840,386,428,429
841,387,429,430
842,432,433,427
843,433,428,427
844,428,434,429
845,433,434,428
846,391,387,430
847,431,392,391
848,391,430,431
849,442,393,392
850,431,442,392
851,430,429,435
852,429,434,435
853,430,435,436
854,436,431,430
855,446,442,431
856,436,446,431
857,437,432,172
858,438,433,432
859,439,434,433
860,435,434,440
861,435,441,436
862,438,432,437
863,439,433,438
864,440,434,439
865,435,440,441
866,449,436,441
867,393,443,403
868,442,443,393
869,403,444,404
870,443,444,403
871,446,447,442
872,447,443,442
873,447,448,443
874,443,448,444
875,406,404,445
876,404,444,445
877,444,448,453
878,445,444,453
879,449,446,436
880,450,447,446
881,451,448,447
882,450,446,449
883,451,447,450
884,453,448,454
885,454,448,451
886,406,445,452
887,452,425,406
888,445,453,455
889,455,452,445
890,452,490,425
891,490,468,425
892,455,492,452
893,492,490,452
894,455,453,456
895,456,453,454
896,493,455,456
897,457,412,459
898,412,413,460
899,228,457,458
900,459,458,457
901,460,459,412
902,414,461,413
903,415,462,414
904,461,460,413
905,414,462,461
906,464,462,415
907,459,471,458
908,460,472,459
909,461,474,460
910,462,475,461
911,473,462,464
912,464,415,420
913,465,420,421
914,421,422,466
915,465,464,420
916,421,466,465
917,467,422,423
918,422,463,466
919,467,463,422
920,469,467,423
921,479,465,466
922,478,464,465
923,478,473,464
924,479,478,465
925,466,480,479
926,466,463,480
927,482,463,467
928,463,481,480
929,482,481,463
930,488,482,467
931,469,423,426
932,426,470,469
933,426,468,470
934,488,467,469
935,489,469,470
936,471,240,458
937,472,471,459
938,474,472,460
939,461,475,474
940,473,475,462
941,483,475,473
942,724,240,471
943,725,471,472
944,723,240,724
945,724,471,725
946,725,472,476
947,474,476,472
948,474,475,477
949,474,477,476
950,477,475,483
951,473,478,484
952,478,479,485
953,479,480,487
954,480,481,486
955,486,481,499
956,499,481,500
957,500,481,482
958,483,473,484
959,484,478,485
960,485,479,487
961,487,480,486
962,487,486,733
963,489,488,469
964,482,488,501
965,488,489,502
966,490,491,468
967,468,491,470
968,492,494,490
969,470,491,496
970,494,491,490
971,494,497,491
972,492,455,493
973,495,492,493
974,494,492,495
975,470,496,489
976,489,496,503
977,491,497,496
978,496,497,504
979,498,497,494
980,498,494,495
981,486,499,750
982,499,500,752
983,500,482,501
984,501,488,502
985,500,501,757
986,501,502,758
987,502,489,503
988,503,496,504
989,504,497,505
990,505,497,498
991,177,506,437
992,177,308,506
993,507,437,506
994,507,438,437
995,508,439,438
996,508,438,507
997,308,512,506
998,512,308,511
999,506,513,507
1000,517,508,507
1001,506,512,513
1002,517,507,513
1003,509,440,439
1004,509,439,508
1005,440,510,441
1006,510,440,509
1007,441,510,522
1008,508,518,509
1009,508,517,518
1010,519,510,509
1011,519,509,518
1012,515,512,511
1013,512,516,513
1014,515,511,514
1015,318,538,514
1016,514,539,515
1017,516,512,515
1018,513,516,520
1019,540,516,515
1020,513,520,517
1021,517,521,518
1022,518,527,519
1023,517,520,521
1024,516,541,520
1025,518,521,527
1026,520,542,521
1027,521,548,527
1028,441,522,449
1029,523,450,449
1030,523,449,522
1031,524,451,450
1032,524,450,523
1033,510,525,522
1034,525,510,519
1035,522,525,526
1036,522,526,523
1037,530,524,523
1038,530,523,526
1039,454,451,532
1040,451,524,532
1041,524,530,534
1042,528,525,519
1043,525,529,526
1044,528,519,527
1045,527,549,528
1046,529,525,528
1047,526,529,531
1048,550,529,528
1049,526,531,530
1050,530,531,535
1051,529,551,531
1052,454,532,533
1053,532,524,534
1054,532,534,536
1055,456,454,533
1056,533,570,456
1057,536,533,532
1058,534,530,535
1059,535,531,562
1060,537,536,534
1061,534,535,537
1062,563,537,535
1063,514,538,539
1064,540,515,539
1065,538,334,543
1066,539,538,544
1067,334,340,543
1068,538,543,544
1069,545,540,539
1070,539,544,545
1071,540,541,516
1072,520,541,542
1073,521,542,548
1074,546,541,540
1075,545,546,540
1076,542,541,547
1077,548,542,552
1078,547,541,546
1079,542,547,552
1080,527,548,549
1081,550,528,549
1082,550,551,529
1083,549,548,553
1084,548,552,553
1085,554,550,549
1086,549,553,554
1087,555,551,550
1088,554,555,550
1089,543,340,557
1090,557,340,556
1091,543,557,558
1092,544,543,558
1093,559,545,544
1094,544,558,559
1095,1139,557,556
1096,558,557,1140
1097,559,560,545
1098,560,546,545
1099,561,547,546
1100,561,546,560
1101,564,547,561
1102,1144,559,558
1103,1145,560,559
1104,560,1146,561
1105,531,551,562
1106,568,551,555
1107,562,551,568
1108,535,562,563
1109,562,568,579
1110,563,562,579
1111,552,547,564
1112,553,552,565
1113,552,564,565
1114,553,565,566
1115,566,554,553
1116,1154,564,561
1117,565,564,1155
1118,1159,566,565
1119,567,555,554
1120,566,567,554
1121,569,555,567
1122,568,555,569
1123,1160,567,566
1124,569,567,1163
1125,580,568,569
1126,579,568,580
1127,580,569,1205
1128,493,456,570
1129,570,571,493
1130,536,572,533
1131,533,572,570
1132,495,493,571
1133,570,574,571
1134,572,574,570
1135,573,572,536
1136,537,573,536
1137,578,573,537
1138,572,576,574
1139,573,576,572
1140,583,576,573
1141,498,495,575
1142,571,575,495
1143,574,577,571
1144,571,577,575
1145,574,585,577
1146,576,585,574
1147,576,586,585
1148,563,578,537
1149,563,579,581
1150,578,563,581
1151,578,583,573
1152,584,583,578
1153,578,581,584
1154,579,580,582
1155,581,579,582
1156,581,582,587
1157,587,584,581
1158,582,580,1207
1159,583,586,576
1160,584,588,583
1161,1215,587,582
1162,498,575,846
1163,505,498,846
1164,575,577,848
1165,846,575,848
1166,848,577,849
1167,577,585,849
1168,849,585,858
1169,588,586,583
1170,585,586,858
1171,858,586,860
1172,860,586,588
1173,587,589,584
1174,589,588,584
1175,588,589,861
1176,1217,589,587
1177,591,194,195
1178,590,194,591
1179,591,195,594
1180,592,590,596
1181,590,591,596
1182,593,592,600
1183,592,596,600
1184,195,203,594
1185,203,202,595
1186,202,204,597
1187,594,203,595
1188,595,202,597
1189,204,205,598
1190,599,205,206
1191,597,204,598
1192,598,205,599
1193,596,591,602
1194,591,594,602
1195,594,595,603
1196,595,597,604
1197,597,598,605
1198,632,598,599
1199,593,600,601
1200,603,602,594
1201,596,602,606
1202,600,596,606
1203,604,603,595
1204,605,598,632
1205,605,604,597
1206,606,602,644
1207,603,644,602
1208,604,645,603
1209,605,650,604
1210,645,644,603
1211,606,644,646
1212,650,645,604
1213,646,607,606
1214,607,601,600
1215,600,606,607
1216,607,608,601
1217,647,608,607
1218,601,609,593
1219,610,611,609
1220,601,610,609
1221,613,611,610
1222,612,611,613
1223,612,613,614
1224,608,610,601
1225,615,610,608
1226,613,610,615
1227,616,613,615
1228,615,608,648
1229,616,615,649
1230,614,613,616
1231,614,616,617
1232,617,616,679
1233,618,233,619
1234,619,234,620
1235,599,206,618
1236,620,235,621
1237,621,236,623
1238,599,618,631
1239,618,619,633
1240,633,631,618
1241,619,620,634
1242,621,623,638
1243,620,621,635
1244,634,633,619
1245,635,621,638
1246,635,634,620
1247,623,237,624
1248,624,241,622
1249,628,624,622
1250,625,629,622
1251,626,630,625
1252,627,623,624
1253,627,624,628
1254,638,623,627
1255,628,622,629
1256,630,626,727
1257,625,630,629
1258,632,599,631
1259,633,636,631
1260,634,637,633
1261,635,640,634
1262,651,605,632
1263,631,652,632
1264,650,605,651
1265,651,632,652
1266,631,636,652
1267,637,636,633
1268,640,637,634
1269,635,638,641
1270,638,627,639
1271,639,627,642
1272,642,627,628
1273,629,643,628
1274,630,739,629
1275,642,628,643
1276,629,739,643
1277,640,635,641
1278,641,638,639
1279,639,642,660
1280,643,659,642
1281,653,646,644
1282,645,653,644
1283,653,656,646
1284,656,647,646
1285,646,647,607
1286,648,608,647
1287,648,647,670
1288,649,615,648
1289,679,616,649
1290,617,679,680
1291,650,654,645
1292,652,658,651
1293,655,650,651
1294,636,657,652
1295,637,661,636
1296,636,661,657
1297,654,653,645
1298,655,651,658
1299,654,650,655
1300,652,657,658
1301,656,670,647
1302,670,671,648
1303,640,662,637
1304,640,641,663
1305,641,639,664
1306,663,662,640
1307,662,661,637
1308,664,663,641
1309,660,664,639
1310,659,660,642
1311,661,674,657
1312,662,675,661
1313,663,677,662
1314,660,676,664
1315,659,793,660
1316,664,678,663
1317,676,678,664
1318,793,676,660
1319,654,665,653
1320,653,665,656
1321,667,654,655
1322,667,665,654
1323,656,665,666
1324,656,666,670
1325,658,668,655
1326,657,669,658
1327,657,674,669
1328,667,655,668
1329,658,669,668
1330,666,665,1822
1331,1822,665,667
1332,667,668,1823
1333,672,666,1825
1334,666,672,670
1335,670,672,671
1336,672,673,671
1337,673,672,1830
1338,661,675,674
1339,677,675,662
1340,678,677,663
1341,678,676,797
1342,669,674,1826
1343,674,675,1828
1344,668,669,1824
1345,1826,674,1828
1346,1827,675,677
1347,677,678,795
1348,1828,675,1827
1349,1827,677,795
1350,649,648,671
1351,671,681,649
1352,679,649,681
1353,681,683,679
1354,683,680,679
1355,683,684,680
1356,671,673,681
1357,681,682,683
1358,673,682,681
1359,1831,682,673
1360,682,685,683
1361,1837,685,682
1362,683,685,684
1363,686,685,1838
1364,684,685,686
1365,357,612,687
1366,687,612,614
1367,687,689,358
1368,687,614,688
1369,689,687,688
1370,689,688,692
1371,689,690,359
1372,692,690,689
1373,693,695,690
1374,692,693,690
1375,688,614,617
1376,688,617,691
1377,691,692,688
1378,691,694,692
1379,680,691,617
1380,705,694,691
1381,694,693,692
1382,693,694,701
1383,698,693,701
1384,690,695,364
1385,367,695,696
1386,698,695,693
1387,696,695,698
1388,699,696,698
1389,368,367,696
1390,368,696,697
1391,697,983,368
1392,697,696,699
1393,700,697,699
1394,1389,697,700
1395,699,698,702
1396,698,701,702
1397,700,699,703
1398,701,694,706
1399,707,702,701
1400,702,703,699
1401,702,714,703
1402,1392,700,704
1403,703,704,700
1404,680,705,691
1405,694,705,706
1406,684,705,680
1407,705,684,708
1408,706,705,708
1409,706,708,710
1410,701,706,707
1411,710,707,706
1412,711,714,707
1413,710,711,707
1414,708,684,686
1415,709,710,708
1416,708,686,709
1417,709,686,1839
1418,709,712,710
1419,712,711,710
1420,713,717,711
1421,712,713,711
1422,712,709,1843
1423,1844,713,712
1424,1845,720,713
1425,707,714,702
1426,714,715,703
1427,711,717,714
1428,714,717,715
1429,717,718,715
1430,703,715,704
1431,715,716,704
1432,704,716,1397
1433,715,718,716
1434,716,718,719
1435,1410,716,719
1436,717,720,718
1437,713,720,717
1438,718,720,721
1439,719,718,721
1440,722,1413,719
1441,721,720,1848
1442,719,721,722
1443,722,721,1849
1444,1415,722,1850
1445,626,723,727
1446,726,723,724
1447,728,724,725
1448,476,729,725
1449,477,730,476
1450,728,725,729
1451,476,730,729
1452,477,734,730
1453,727,723,726
1454,726,724,728
1455,737,726,728
1456,729,738,728
1457,730,742,729
1458,483,484,735
1459,477,483,734
1460,484,485,731
1461,483,735,734
1462,731,735,484
1463,485,487,732
1464,732,731,485
1465,733,732,487
1466,743,730,734
1467,734,735,741
1468,735,744,741
1469,731,744,735
1470,732,745,731
1471,733,761,732
1472,745,744,731
1473,761,745,732
1474,630,727,740
1475,727,726,736
1476,736,726,737
1477,739,630,740
1478,740,727,736
1479,737,728,738
1480,729,742,738
1481,740,736,781
1482,739,779,643
1483,739,740,780
1484,781,780,740
1485,736,737,782
1486,738,783,737
1487,782,781,736
1488,783,782,737
1489,738,787,783
1490,743,742,730
1491,734,741,743
1492,749,743,741
1493,741,744,748
1494,745,747,744
1495,742,787,738
1496,746,742,743
1497,749,746,743
1498,746,787,742
1499,741,748,749
1500,744,747,748
1501,765,747,745
1502,748,747,807
1503,499,751,750
1504,486,750,733
1505,499,752,751
1506,750,751,754
1507,756,751,752
1508,500,757,752
1509,753,733,750
1510,750,754,753
1511,751,755,754
1512,753,761,733
1513,756,755,751
1514,752,759,756
1515,758,757,501
1516,752,757,759
1517,758,760,757
1518,757,760,759
1519,766,761,753
1520,767,753,754
1521,761,765,745
1522,766,765,761
1523,767,766,753
1524,754,755,762
1525,764,755,756
1526,764,763,755
1527,754,762,767
1528,755,763,762
1529,768,764,756
1530,765,806,747
1531,808,765,766
1532,809,766,767
1533,811,767,762
1534,762,763,810
1535,811,809,767
1536,762,810,811
1537,768,756,759
1538,759,769,768
1539,759,760,769
1540,815,763,764
1541,763,814,810
1542,815,814,763
1543,821,815,764
1544,821,764,768
1545,822,821,768
1546,822,768,769
1547,502,503,770
1548,770,758,502
1549,503,504,772
1550,772,770,503
1551,770,771,758
1552,771,760,758
1553,772,775,770
1554,775,771,770
1555,504,773,772
1556,504,505,773
1557,776,775,772
1558,776,772,773
1559,771,774,760
1560,760,774,769
1561,775,777,771
1562,777,774,771
1563,778,777,775
1564,778,775,776
1565,769,774,840
1566,769,840,822
1567,777,842,774
1568,774,842,840
1569,843,842,777
1570,843,777,778
1571,643,779,659
1572,780,779,739
1573,781,785,780
1574,783,791,782
1575,782,786,781
1576,779,794,659
1577,780,784,779
1578,659,794,793
1579,784,794,779
1580,785,784,780
1581,786,785,781
1582,791,786,782
1583,790,787,746
1584,787,789,783
1585,790,789,787
1586,792,790,746
1587,788,749,748
1588,792,746,749
1589,748,807,788
1590,788,792,749
1591,783,789,791
1592,791,789,802
1593,792,788,825
1594,803,789,790
1595,790,792,801
1596,801,792,825
1597,676,793,796
1598,793,794,799
1599,798,794,784
1600,805,785,786
1601,804,784,785
1602,799,794,798
1603,804,785,805
1604,798,784,804
1605,795,678,797
1606,797,676,796
1607,796,793,799
1608,799,798,1857
1609,791,800,786
1610,791,802,800
1611,805,786,800
1612,803,790,801
1613,802,789,803
1614,800,1861,805
1615,1858,798,804
1616,1859,804,805
1617,802,1860,800
1618,802,803,828
1619,1859,805,1861
1620,800,1860,1861
1621,802,828,1860
1622,747,806,807
1623,808,806,765
1624,809,808,766
1625,813,808,809
1626,809,811,818
1627,788,807,826
1628,807,806,827
1629,812,806,808
1630,825,788,826
1631,826,807,827
1632,827,806,812
1633,813,812,808
1634,809,818,813
1635,810,814,817
1636,820,814,815
1637,811,810,816
1638,819,814,820
1639,810,817,816
1640,817,814,819
1641,820,815,823
1642,811,816,818
1643,818,816,836
1644,819,820,1765
1645,816,817,837
1646,817,819,835
1647,835,819,1764
1648,819,1765,1764
1649,820,1771,1765
1650,815,821,823
1651,821,822,824
1652,823,821,824
1653,820,823,1771
1654,1772,1771,823
1655,823,824,1772
1656,803,801,829
1657,801,825,830
1658,825,826,831
1659,833,812,813
1660,827,812,838
1661,826,827,832
1662,832,831,826
1663,812,833,838
1664,827,838,832
1665,803,829,828
1666,830,829,801
1667,831,830,825
1668,831,1883,830
1669,832,1890,831
1670,834,813,818
1671,834,833,813
1672,818,836,834
1673,816,837,836
1674,837,817,835
1675,836,837,1768
1676,837,835,1767
1677,838,833,1888
1678,1891,833,834
1679,1889,832,838
1680,833,1891,1888
1681,838,1888,1889
1682,839,834,836
1683,836,1768,839
1684,839,1891,834
1685,822,840,841
1686,840,842,844
1687,824,822,841
1688,841,840,844
1689,1775,1772,824
1690,824,841,1775
1691,841,844,1777
1692,1777,1775,841
1693,845,842,843
1694,844,842,845
1695,844,1778,1777
1696,844,845,1778
1697,505,846,847
1698,505,847,773
1699,846,848,850
1700,850,847,846
1701,773,847,852
1702,773,852,776
1703,847,854,852
1704,850,854,847
1705,851,850,848
1706,848,849,851
1707,859,851,849
1708,855,854,850
1709,851,855,850
1710,864,855,851
1711,853,778,776
1712,853,776,852
1713,852,856,853
1714,852,854,856
1715,854,857,856
1716,855,857,854
1717,867,857,855
1718,870,843,778
1719,870,778,853
1720,872,870,853
1721,872,853,856
1722,856,857,873
1723,849,858,859
1724,862,858,860
1725,859,858,862
1726,859,864,851
1727,865,859,862
1728,860,588,861
1729,860,861,863
1730,861,589,1510
1731,862,860,863
1732,1512,863,861
1733,863,866,862
1734,864,867,855
1735,864,859,865
1736,868,864,865
1737,867,864,868
1738,865,862,866
1739,866,869,865
1740,863,1516,866
1741,868,865,869
1742,866,1519,869
1743,867,876,857
1744,878,867,868
1745,869,879,868
1746,871,843,870
1747,870,872,874
1748,871,845,843
1749,870,874,871
1750,845,1781,1778
1751,1781,845,871
1752,1783,1781,871
1753,1783,871,874
1754,856,873,872
1755,857,876,873
1756,872,873,875
1757,872,875,874
1758,874,1784,1783
1759,873,877,875
1760,874,875,1784
1761,875,1787,1784
1762,873,876,877
1763,878,876,867
1764,880,876,878
1765,875,877,1787
1766,877,876,880
1767,877,880,1789
1768,878,868,879
1769,878,879,881
1770,869,1536,879
1771,880,878,881
1772,880,881,1790
1773,881,879,1538
1774,1787,877,1789
1775,1789,880,1790
1776,1793,1790,881
1777,883,281,882
1778,886,282,883
1779,883,882,885
1780,884,885,882
1781,886,883,889
1782,885,889,883
1783,884,882,892
1784,887,283,886
1785,284,887,888
1786,888,908,285
1787,887,886,890
1788,889,890,886
1789,891,888,887
1790,890,891,887
1791,892,882,288
1792,893,884,892
1793,884,895,885
1794,884,894,895
1795,895,894,899
1796,885,896,889
1797,895,896,885
1798,896,897,889
1799,889,897,890
1800,890,919,891
1801,897,919,890
1802,896,895,900
1803,897,896,901
1804,893,894,884
1805,979,894,893
1806,898,894,979
1807,899,894,898
1808,895,899,900
1809,899,898,903
1810,896,900,901
1811,897,901,942
1812,900,899,904
1813,901,900,947
1814,903,898,902
1815,904,899,903
1816,900,904,947
1817,902,898,987
1818,987,898,979
1819,988,902,987
1820,903,902,906
1821,906,902,905
1822,904,903,907
1823,907,903,906
1824,953,904,907
1825,905,902,988
1826,996,997,905
1827,906,905,997
1828,907,906,1002
1829,997,1002,906
1830,996,905,991
1831,286,908,909
1832,341,909,910
1833,910,913,342
1834,911,908,888
1835,891,911,888
1836,909,908,912
1837,908,911,912
1838,909,912,916
1839,916,910,909
1840,913,914,343
1841,914,915,344
1842,917,913,910
1843,916,917,910
1844,917,918,913
1845,913,918,914
1846,914,927,915
1847,918,927,914
1848,891,920,911
1849,919,920,891
1850,912,911,921
1851,922,916,912
1852,911,920,921
1853,912,921,922
1854,942,919,897
1855,943,920,919
1856,921,920,944
1857,923,917,916
1858,922,923,916
1859,924,918,917
1860,923,924,917
1861,924,936,918
1862,922,921,945
1863,923,922,946
1864,959,924,923
1865,345,915,925
1866,346,925,926
1867,926,930,347
1868,925,915,928
1869,915,927,928
1870,929,926,925
1871,925,928,929
1872,933,930,926
1873,929,933,926
1874,348,930,931
1875,931,932,349
1876,350,932,1138
1877,934,931,930
1878,933,934,930
1879,935,932,931
1880,934,935,931
1881,932,935,1141
1882,918,936,927
1883,928,927,937
1884,927,936,937
1885,938,929,928
1886,928,937,938
1887,960,936,924
1888,937,936,961
1889,938,937,962
1890,939,933,929
1891,940,934,933
1892,938,939,929
1893,939,940,933
1894,934,941,935
1895,940,941,934
1896,939,938,963
1897,940,939,964
1898,1171,941,940
1899,942,943,919
1900,948,942,901
1901,944,920,943
1902,949,943,942
1903,944,943,950
1904,901,947,948
1905,948,949,942
1906,950,943,949
1907,921,944,945
1908,922,945,946
1909,945,944,951
1910,923,946,959
1911,946,945,952
1912,965,959,946
1913,951,944,950
1914,945,951,952
1915,946,952,965
1916,947,904,953
1917,954,948,947
1918,947,953,954
1919,955,949,948
1920,954,955,948
1921,956,949,955
1922,953,907,1003
1923,1002,1003,907
1924,1003,1004,953
1925,1004,954,953
1926,1008,955,954
1927,1004,1008,954
1928,950,949,956
1929,951,950,957
1930,957,950,956
1931,952,951,958
1932,958,951,957
1933,956,955,1009
1934,1008,1009,955
1935,1009,1010,956
1936,957,956,1010
1937,958,957,1020
1938,1010,1020,957
1939,959,960,924
1940,961,936,960
1941,966,960,959
1942,962,937,961
1943,961,960,967
1944,962,961,968
1945,965,966,959
1946,960,966,967
1947,961,967,968
1948,963,938,962
1949,964,939,963
1950,963,962,969
1951,1171,940,964
1952,964,963,970
1953,968,969,962
1954,969,970,963
1955,970,1177,964
1956,971,965,952
1957,972,966,965
1958,952,958,971
1959,971,972,965
1960,967,966,973
1961,966,972,973
1962,1021,971,958
1963,1020,1021,958
1964,1021,1022,971
1965,1022,972,971
1966,973,972,1026
1967,972,1022,1026
1968,974,968,967
1969,968,975,969
1970,967,973,974
1971,974,975,968
1972,969,976,970
1973,975,976,969
1974,1027,974,973
1975,973,1026,1027
1976,1027,1028,974
1977,1028,975,974
1978,975,1229,976
1979,1028,1229,975
1980,362,977,892
1981,893,892,977
1982,893,977,978
1983,977,366,981
1984,978,977,981
1985,979,893,978
1986,979,978,980
1987,987,979,980
1988,982,980,978
1989,980,985,989
1990,978,981,982
1991,983,982,981
1992,981,368,983
1993,983,984,982
1994,982,985,980
1995,984,985,982
1996,984,986,985
1997,985,986,993
1998,980,989,987
1999,988,987,989
2000,989,993,990
2001,989,990,988
2002,991,905,988
2003,991,988,990
2004,1051,996,991
2005,1051,991,992
2006,990,992,991
2007,1051,992,1053
2008,985,993,989
2009,993,994,990
2010,993,1393,994
2011,986,1393,993
2012,994,1393,1394
2013,990,994,992
2014,992,994,995
2015,1053,992,995
2016,1053,995,1056
2017,995,994,1394
2018,995,1394,1402
2019,1402,1056,995
2020,1402,1428,1056
2021,996,999,997
2022,1051,998,996
2023,996,998,999
2024,999,1005,997
2025,999,998,1014
2026,1014,998,1000
2027,1039,1000,1001
2028,997,1005,1002
2029,1002,1006,1003
2030,1003,1007,1004
2031,1005,1006,1002
2032,1006,1007,1003
2033,1007,1011,1004
2034,1004,1011,1008
2035,1008,1012,1009
2036,1009,1013,1010
2037,1008,1011,1012
2038,1012,1013,1009
2039,1013,1023,1010
2040,1005,999,1015
2041,999,1014,1015
2042,1005,1015,1016
2043,1006,1005,1016
2044,1017,1007,1006
2045,1006,1016,1017
2046,1014,1000,1039
2047,1015,1014,1040
2048,1040,1014,1039
2049,1016,1015,1041
2050,1015,1040,1041
2051,1016,1041,1042
2052,1018,1011,1007
2053,1017,1018,1007
2054,1019,1011,1018
2055,1012,1011,1019
2056,1013,1012,1032
2057,1012,1019,1032
2058,1042,1017,1016
2059,1043,1018,1017
2060,1042,1043,1017
2061,1019,1018,1044
2062,1032,1019,1045
2063,1044,1018,1043
2064,1045,1019,1044
2065,1010,1023,1020
2066,1020,1024,1021
2067,1021,1025,1022
2068,1023,1024,1020
2069,1024,1025,1021
2070,1022,1025,1029
2071,1026,1022,1029
2072,1030,1027,1026
2073,1031,1028,1027
2074,1026,1029,1030
2075,1030,1031,1027
2076,1031,1232,1028
2077,1023,1013,1033
2078,1013,1032,1033
2079,1034,1024,1023
2080,1023,1033,1034
2081,1035,1025,1024
2082,1034,1035,1024
2083,1033,1032,1046
2084,1032,1045,1046
2085,1047,1034,1033
2086,1048,1035,1034
2087,1033,1046,1047
2088,1047,1048,1034
2089,1029,1025,1036
2090,1036,1025,1035
2091,1030,1029,1037
2092,1029,1036,1037
2093,1030,1037,1038
2094,1031,1030,1038
2095,1036,1035,1049
2096,1049,1035,1048
2097,1037,1036,1050
2098,1038,1037,1265
2099,1050,1036,1049
2100,1037,1050,1265
2101,1052,998,1051
2102,1052,1051,1053
2103,1052,1053,1055
2104,1000,998,1052
2105,1054,1000,1052
2106,1001,1000,1054
2107,1054,1052,1055
2108,1056,1055,1053
2109,1066,1001,1054
2110,1055,1058,1054
2111,1066,1054,1058
2112,1058,1111,1066
2113,1056,1057,1055
2114,1428,1057,1056
2115,1055,1057,1058
2116,1057,1059,1058
2117,1058,1059,1111
2118,1057,1429,1059
2119,1059,1113,1111
2120,1059,1432,1113
2121,1039,1001,1061
2122,1060,1001,1066
2123,1040,1039,1062
2124,1041,1040,1063
2125,1061,1001,1060
2126,1062,1039,1061
2127,1061,1060,1069
2128,1063,1040,1062
2129,1062,1061,1070
2130,1067,1060,1066
2131,1068,1060,1067
2132,1064,1042,1041
2133,1065,1043,1042
2134,1044,1043,1085
2135,1041,1063,1064
2136,1064,1065,1042
2137,1063,1062,1073
2138,1074,1064,1063
2139,1085,1043,1065
2140,1075,1065,1064
2141,1085,1065,1092
2142,1067,1066,1111
2143,1079,1067,1112
2144,1068,1069,1060
2145,1069,1070,1061
2146,1070,1073,1062
2147,1068,1072,1069
2148,1069,1076,1070
2149,1068,1071,1072
2150,1072,1076,1069
2151,1079,1071,1068
2152,1072,1071,1080
2153,1072,1081,1076
2154,1073,1074,1063
2155,1074,1075,1064
2156,1075,1092,1065
2157,1070,1077,1073
2158,1073,1078,1074
2159,1076,1077,1070
2160,1077,1078,1073
2161,1074,1095,1075
2162,1078,1095,1074
2163,1082,1077,1076
2164,1083,1078,1077
2165,1084,1095,1078
2166,1079,1068,1067
2167,1080,1071,1079
2168,1072,1080,1081
2169,1080,1079,1115
2170,1082,1076,1081
2171,1083,1077,1082
2172,1084,1078,1083
2173,1045,1044,1086
2174,1046,1045,1087
2175,1088,1047,1046
2176,1086,1044,1085
2177,1087,1045,1086
2178,1086,1085,1093
2179,1046,1087,1088
2180,1087,1086,1094
2181,1099,1088,1087
2182,1089,1048,1047
2183,1049,1048,1090
2184,1050,1049,1091
2185,1088,1089,1047
2186,1090,1048,1089
2187,1100,1089,1088
2188,1091,1049,1090
2189,1280,1050,1091
2190,1090,1089,1101
2191,1091,1090,1286
2192,1092,1093,1085
2193,1093,1094,1086
2194,1094,1099,1087
2195,1075,1096,1092
2196,1092,1097,1093
2197,1075,1095,1096
2198,1096,1097,1092
2199,1093,1098,1094
2200,1097,1098,1093
2201,1098,1102,1094
2202,1096,1095,1105
2203,1097,1096,1106
2204,1098,1097,1107
2205,1099,1100,1088
2206,1100,1101,1089
2207,1101,1286,1090
2208,1094,1102,1099
2209,1099,1103,1100
2210,1102,1103,1099
2211,1100,1104,1101
2212,1101,1290,1286
2213,1100,1103,1104
2214,1104,1290,1101
2215,1108,1102,1098
2216,1109,1103,1102
2217,1104,1103,1110
2218,1105,1095,1084
2219,1096,1105,1106
2220,1097,1106,1107
2221,1098,1107,1108
2222,1105,1084,1125
2223,1106,1105,1126
2224,1107,1106,1127
2225,1128,1108,1107
2226,1108,1109,1102
2227,1110,1103,1109
2228,1300,1104,1110
2229,1129,1109,1108
2230,1110,1109,1130
2231,1300,1110,1131
2232,1111,1113,1112
2233,1111,1112,1067
2234,1115,1112,1114
2235,1114,1113,1437
2236,1112,1113,1114
2237,1079,1112,1115
2238,1080,1116,1081
2239,1080,1115,1116
2240,1081,1116,1117
2241,1081,1117,1082
2242,1118,1083,1082
2243,1118,1082,1117
2244,1119,1084,1083
2245,1119,1083,1118
2246,1125,1084,1119
2247,1115,1114,1120
2248,1120,1116,1115
2249,1116,1121,1117
2250,1120,1121,1116
2251,1117,1122,1118
2252,1123,1119,1118
2253,1125,1119,1124
2254,1117,1121,1122
2255,1123,1118,1122
2256,1124,1119,1123
2257,1126,1105,1125
2258,1106,1126,1127
2259,1107,1127,1128
2260,1128,1129,1108
2261,1109,1129,1130
2262,1110,1130,1131
2263,1130,1129,1135
2264,1137,1131,1130
2265,1126,1125,1132
2266,1132,1125,1124
2267,1133,1126,1132
2268,1127,1126,1133
2269,1134,1128,1127
2270,1127,1133,1134
2271,1134,1136,1128
2272,1136,1129,1128
2273,1129,1136,1135
2274,1130,1135,1137
2275,1137,1339,1131
2276,1450,1339,1137
2277,1139,556,1138
2278,1140,557,1139
2279,558,1140,1144
2280,932,1141,1138
2281,1138,1142,1139
2282,1138,1141,1142
2283,1143,1139,1142
2284,1143,1140,1139
2285,1144,1145,559
2286,560,1145,1146
2287,1147,1144,1140
2288,1147,1140,1143
2289,1147,1148,1144
2290,1148,1145,1144
2291,1145,1156,1146
2292,1145,1148,1156
2293,935,1149,1141
2294,935,941,1149
2295,1141,1149,1150
2296,1141,1150,1142
2297,1142,1151,1143
2298,1142,1150,1151
2299,1149,941,1172
2300,1150,1149,1173
2301,1151,1150,1174
2302,1152,1147,1143
2303,1152,1143,1151
2304,1152,1153,1147
2305,1147,1153,1148
2306,1148,1165,1156
2307,1148,1153,1165
2308,1175,1152,1151
2309,1176,1153,1152
2310,1154,561,1146
2311,1155,564,1154
2312,565,1155,1159
2313,1146,1157,1154
2314,1146,1156,1157
2315,1158,1154,1157
2316,1158,1155,1154
2317,1161,1159,1155
2318,1161,1155,1158
2319,1159,1160,566
2320,1163,567,1160
2321,1161,1162,1159
2322,1162,1160,1159
2323,1162,1164,1160
2324,1205,569,1163
2325,1163,1160,1164
2326,1164,1206,1163
2327,1156,1166,1157
2328,1156,1165,1166
2329,1157,1167,1158
2330,1157,1166,1167
2331,1168,1158,1167
2332,1165,1153,1188
2333,1166,1165,1189
2334,1167,1166,1190
2335,1168,1161,1158
2336,1161,1169,1162
2337,1168,1169,1161
2338,1162,1169,1170
2339,1191,1168,1167
2340,1192,1169,1168
2341,1162,1170,1164
2342,1170,1169,1196
2343,1172,941,1171
2344,1171,964,1177
2345,1172,1171,1178
2346,1149,1172,1173
2347,1150,1173,1174
2348,1173,1172,1179
2349,1171,1177,1178
2350,1172,1178,1179
2351,1173,1179,1180
2352,1151,1174,1175
2353,1174,1173,1180
2354,1181,1175,1174
2355,1175,1176,1152
2356,1188,1153,1176
2357,1182,1176,1175
2358,1174,1180,1181
2359,1181,1182,1175
2360,970,1183,1177
2361,1178,1177,1184
2362,976,1183,970
2363,1177,1183,1184
2364,1185,1179,1178
2365,1178,1184,1185
2366,976,1230,1183
2367,1229,1230,976
2368,1184,1183,1231
2369,1235,1185,1184
2370,1183,1230,1231
2371,1184,1231,1235
2372,1180,1179,1186
2373,1185,1186,1179
2374,1180,1186,1187
2375,1187,1181,1180
2376,1199,1182,1181
2377,1187,1199,1181
2378,1236,1186,1185
2379,1235,1236,1185
2380,1237,1187,1186
2381,1247,1199,1187
2382,1236,1237,1186
2383,1237,1247,1187
2384,1165,1188,1189
2385,1193,1188,1176
2386,1189,1188,1194
2387,1166,1189,1190
2388,1167,1190,1191
2389,1190,1189,1195
2390,1193,1176,1182
2391,1194,1188,1193
2392,1189,1194,1195
2393,1191,1192,1168
2394,1197,1191,1190
2395,1198,1192,1191
2396,1190,1195,1197
2397,1197,1198,1191
2398,1196,1169,1192
2399,1196,1192,1211
2400,1211,1192,1198
2401,1182,1200,1193
2402,1182,1199,1200
2403,1201,1193,1200
2404,1201,1194,1193
2405,1195,1194,1202
2406,1202,1194,1201
2407,1199,1248,1200
2408,1199,1247,1248
2409,1200,1249,1201
2410,1253,1202,1201
2411,1200,1248,1249
2412,1253,1201,1249
2413,1203,1197,1195
2414,1195,1202,1203
2415,1203,1204,1197
2416,1204,1198,1197
2417,1213,1198,1204
2418,1211,1198,1213
2419,1254,1203,1202
2420,1254,1202,1253
2421,1255,1204,1203
2422,1254,1255,1203
2423,1213,1204,1278
2424,1255,1278,1204
2425,1207,580,1205
2426,1205,1163,1206
2427,1206,1208,1205
2428,582,1207,1215
2429,1207,1205,1208
2430,1208,1216,1207
2431,1164,1209,1206
2432,1170,1209,1164
2433,1209,1170,1210
2434,1206,1214,1208
2435,1209,1214,1206
2436,1214,1209,1221
2437,1170,1196,1210
2438,1210,1196,1212
2439,1212,1196,1211
2440,1209,1210,1221
2441,1210,1212,1224
2442,1222,1211,1213
2443,1212,1211,1222
2444,1222,1213,1359
2445,1278,1359,1213
2446,1215,1217,587
2447,1216,1215,1207
2448,1216,1218,1215
2449,589,1217,1510
2450,1218,1217,1215
2451,1208,1219,1216
2452,1214,1219,1208
2453,1223,1219,1214
2454,1216,1220,1218
2455,1219,1220,1216
2456,1225,1220,1219
2457,1221,1210,1224
2458,1227,1212,1222
2459,1224,1212,1227
2460,1227,1222,1363
2461,1359,1363,1222
2462,1214,1221,1223
2463,1226,1223,1221
2464,1221,1224,1226
2465,1223,1225,1219
2466,1523,1225,1223
2467,1226,1523,1223
2468,1224,1227,1228
2469,1228,1226,1224
2470,1365,1228,1227
2471,1363,1365,1227
2472,1228,1527,1226
2473,1527,1523,1226
2474,1602,1527,1228
2475,1365,1602,1228
2476,1232,1229,1028
2477,1229,1233,1230
2478,1231,1230,1234
2479,1232,1233,1229
2480,1230,1233,1234
2481,1231,1234,1238
2482,1238,1235,1231
2483,1239,1236,1235
2484,1240,1237,1236
2485,1238,1239,1235
2486,1239,1240,1236
2487,1240,1250,1237
2488,1241,1232,1031
2489,1031,1038,1241
2490,1242,1233,1232
2491,1241,1242,1232
2492,1243,1233,1242
2493,1234,1233,1243
2494,1266,1241,1038
2495,1038,1265,1266
2496,1266,1267,1241
2497,1267,1242,1241
2498,1243,1242,1268
2499,1242,1267,1268
2500,1238,1234,1244
2501,1244,1234,1243
2502,1239,1238,1245
2503,1245,1238,1244
2504,1246,1239,1245
2505,1240,1239,1246
2506,1244,1243,1269
2507,1243,1268,1269
2508,1269,1270,1244
2509,1245,1244,1270
2510,1246,1245,1271
2511,1270,1271,1245
2512,1237,1250,1247
2513,1247,1251,1248
2514,1248,1252,1249
2515,1247,1250,1251
2516,1248,1251,1252
2517,1249,1252,1256
2518,1249,1256,1253
2519,1257,1254,1253
2520,1254,1258,1255
2521,1257,1253,1256
2522,1257,1258,1254
2523,1255,1258,1279
2524,1259,1250,1240
2525,1259,1240,1246
2526,1251,1250,1260
2527,1260,1250,1259
2528,1251,1260,1261
2529,1252,1251,1261
2530,1259,1246,1272
2531,1271,1272,1246
2532,1273,1259,1272
2533,1273,1260,1259
2534,1261,1260,1274
2535,1274,1260,1273
2536,1256,1252,1262
2537,1252,1261,1262
2538,1263,1257,1256
2539,1256,1262,1263
2540,1264,1258,1257
2541,1263,1264,1257
2542,1262,1261,1275
2543,1276,1263,1262
2544,1261,1274,1275
2545,1262,1275,1276
2546,1277,1264,1263
2547,1276,1277,1263
2548,1255,1279,1278
2549,1361,1258,1264
2550,1279,1258,1361
2551,1369,1264,1277
2552,1265,1050,1280
2553,1281,1266,1265
2554,1282,1267,1266
2555,1268,1267,1283
2556,1265,1280,1281
2557,1280,1091,1287
2558,1288,1281,1280
2559,1281,1282,1266
2560,1267,1282,1283
2561,1289,1282,1281
2562,1284,1269,1268
2563,1269,1285,1270
2564,1270,1307,1271
2565,1268,1283,1284
2566,1283,1282,1293
2567,1294,1284,1283
2568,1284,1285,1269
2569,1285,1307,1270
2570,1295,1285,1284
2571,1286,1287,1091
2572,1287,1288,1280
2573,1288,1289,1281
2574,1286,1291,1287
2575,1290,1291,1286
2576,1287,1292,1288
2577,1288,1296,1289
2578,1291,1292,1287
2579,1292,1296,1288
2580,1290,1104,1300
2581,1291,1290,1301
2582,1292,1291,1302
2583,1303,1296,1292
2584,1282,1289,1293
2585,1283,1293,1294
2586,1294,1295,1284
2587,1295,1313,1285
2588,1293,1289,1297
2589,1289,1296,1297
2590,1293,1297,1298
2591,1298,1294,1293
2592,1299,1295,1294
2593,1298,1299,1294
2594,1297,1296,1304
2595,1298,1297,1305
2596,1299,1298,1306
2597,1301,1290,1300
2598,1302,1291,1301
2599,1303,1292,1302
2600,1301,1300,1332
2601,1302,1301,1333
2602,1303,1302,1334
2603,1304,1296,1303
2604,1305,1297,1304
2605,1306,1298,1305
2606,1325,1299,1306
2607,1304,1303,1338
2608,1305,1304,1335
2609,1306,1305,1336
2610,1325,1306,1337
2611,1271,1308,1272
2612,1272,1309,1273
2613,1310,1274,1273
2614,1307,1308,1271
2615,1285,1313,1307
2616,1307,1314,1308
2617,1272,1308,1309
2618,1310,1273,1309
2619,1308,1315,1309
2620,1309,1319,1310
2621,1275,1274,1311
2622,1312,1276,1275
2623,1370,1277,1276
2624,1311,1274,1310
2625,1275,1311,1312
2626,1320,1311,1310
2627,1312,1370,1276
2628,1321,1312,1311
2629,1374,1370,1312
2630,1313,1314,1307
2631,1308,1314,1315
2632,1309,1315,1319
2633,1316,1313,1295
2634,1313,1317,1314
2635,1299,1316,1295
2636,1316,1317,1313
2637,1314,1318,1315
2638,1314,1317,1318
2639,1315,1318,1322
2640,1316,1299,1325
2641,1326,1317,1316
2642,1318,1317,1327
2643,1320,1310,1319
2644,1321,1311,1320
2645,1321,1374,1312
2646,1315,1322,1319
2647,1319,1323,1320
2648,1319,1322,1323
2649,1324,1321,1320
2650,1321,1375,1374
2651,1324,1320,1323
2652,1324,1375,1321
2653,1322,1318,1328
2654,1323,1322,1329
2655,1324,1323,1330
2656,1331,1375,1324
2657,1326,1316,1325
2658,1327,1317,1326
2659,1328,1318,1327
2660,1326,1325,1346
2661,1328,1327,1348
2662,1327,1326,1347
2663,1329,1322,1328
2664,1330,1323,1329
2665,1331,1324,1330
2666,1329,1328,1349
2667,1330,1329,1350
2668,1331,1330,1351
2669,1131,1332,1300
2670,1332,1333,1301
2671,1333,1334,1302
2672,1303,1334,1338
2673,1131,1339,1332
2674,1332,1340,1333
2675,1333,1341,1334
2676,1338,1334,1342
2677,1304,1338,1335
2678,1335,1336,1305
2679,1336,1337,1306
2680,1345,1335,1338
2681,1335,1343,1336
2682,1336,1344,1337
2683,1339,1340,1332
2684,1340,1341,1333
2685,1334,1341,1342
2686,1339,1548,1340
2687,1340,1549,1341
2688,1342,1341,1550
2689,1338,1342,1345
2690,1345,1343,1335
2691,1343,1344,1336
2692,1344,1352,1337
2693,1554,1345,1342
2694,1551,1343,1345
2695,1343,1552,1344
2696,1344,1553,1352
2697,1337,1346,1325
2698,1326,1346,1347
2699,1327,1347,1348
2700,1337,1352,1346
2701,1347,1346,1353
2702,1354,1348,1347
2703,1348,1349,1328
2704,1349,1350,1329
2705,1350,1351,1330
2706,1331,1351,1383
2707,1348,1355,1349
2708,1349,1356,1350
2709,1355,1356,1349
2710,1356,1358,1350
2711,1350,1358,1351
2712,1383,1351,1357
2713,1351,1358,1357
2714,1346,1352,1353
2715,1347,1353,1354
2716,1354,1355,1348
2717,1353,1352,1562
2718,1563,1354,1353
2719,1564,1355,1354
2720,1563,1564,1354
2721,1355,1565,1356
2722,1356,1566,1358
2723,1564,1565,1355
2724,1565,1566,1356
2725,1357,1358,1567
2726,1358,1566,1567
2727,1357,1567,1620
2728,1279,1360,1278
2729,1278,1360,1359
2730,1360,1364,1359
2731,1279,1361,1362
2732,1361,1264,1369
2733,1360,1279,1362
2734,1360,1362,1367
2735,1362,1361,1371
2736,1371,1361,1369
2737,1359,1364,1363
2738,1364,1366,1363
2739,1363,1366,1365
2740,1365,1603,1602
2741,1366,1603,1365
2742,1364,1360,1367
2743,1364,1367,1368
2744,1367,1362,1378
2745,1362,1371,1378
2746,1367,1378,1380
2747,1368,1366,1364
2748,1368,1606,1366
2749,1380,1368,1367
2750,1380,1615,1368
2751,1369,1277,1372
2752,1372,1277,1370
2753,1372,1370,1376
2754,1371,1369,1373
2755,1373,1369,1372
2756,1373,1372,1382
2757,1374,1376,1370
2758,1374,1377,1376
2759,1374,1375,1377
2760,1376,1382,1372
2761,1377,1375,1331
2762,1376,1384,1382
2763,1377,1331,1383
2764,1377,1384,1376
2765,1377,1383,1384
2766,1378,1371,1379
2767,1379,1371,1373
2768,1379,1373,1385
2769,1381,1380,1378
2770,1378,1379,1381
2771,1386,1381,1379
2772,1382,1385,1373
2773,1382,1388,1385
2774,1384,1388,1382
2775,1387,1384,1383
2776,1383,1357,1387
2777,1387,1388,1384
2778,1385,1386,1379
2779,1621,1388,1387
2780,1388,1622,1385
2781,1620,1387,1357
2782,1620,1621,1387
2783,1385,1622,1386
2784,1621,1622,1388
2785,697,1389,983
2786,1389,984,983
2787,1389,1390,984
2788,1392,1389,700
2789,1390,1389,1392
2790,1390,986,984
2791,1390,1391,986
2792,986,1391,1393
2793,1396,1391,1390
2794,1395,1391,1399
2795,1396,1390,1392
2796,1393,1391,1395
2797,1394,1393,1395
2798,1394,1395,1401
2799,1401,1402,1394
2800,1396,1392,1397
2801,704,1397,1392
2802,1396,1397,1398
2803,1399,1391,1396
2804,1399,1396,1398
2805,1404,1399,1400
2806,1399,1398,1400
2807,1401,1395,1404
2808,1403,1428,1402
2809,1401,1403,1402
2810,1403,1401,1405
2811,1403,1430,1428
2812,1430,1403,1408
2813,1404,1395,1399
2814,1405,1401,1404
2815,1400,1406,1404
2816,1405,1404,1406
2817,1406,1407,1405
2818,1408,1403,1405
2819,1434,1430,1408
2820,1408,1405,1407
2821,1407,1409,1408
2822,1434,1408,1409
2823,1473,1434,1409
2824,1397,716,1410
2825,1398,1397,1410
2826,1398,1410,1411
2827,1410,719,1413
2828,1413,1411,1410
2829,1413,1414,1411
2830,1411,1400,1398
2831,1411,1412,1400
2832,1400,1412,1406
2833,1414,1412,1411
2834,1414,1417,1412
2835,1412,1417,1419
2836,1415,1414,1413
2837,722,1415,1413
2838,1415,1416,1414
2839,1416,1415,2020
2840,1416,1417,1414
2841,1417,1418,1422
2842,1416,1418,1417
2843,2021,1418,1416
2844,1424,1418,2022
2845,1406,1419,1407
2846,1412,1419,1406
2847,1419,1420,1407
2848,1417,1422,1419
2849,1419,1422,1420
2850,1407,1420,1409
2851,1421,1409,1420
2852,1473,1409,1421
2853,1476,1473,1421
2854,1422,1423,1420
2855,1421,1420,1423
2856,1423,1426,1421
2857,1476,1421,1426
2858,1426,1479,1476
2859,1422,1424,1423
2860,1422,1418,1424
2861,1424,1425,1423
2862,1424,2023,1425
2863,1423,1425,1426
2864,1426,1427,1479
2865,1425,1427,1426
2866,1427,1481,1479
2867,2024,1427,1425
2868,2033,1481,1427
2869,1430,1429,1428
2870,1428,1429,1057
2871,1430,1431,1429
2872,1429,1432,1059
2873,1429,1431,1432
2874,1113,1432,1437
2875,1432,1431,1433
2876,1437,1432,1433
2877,1437,1433,1439
2878,1434,1431,1430
2879,1435,1431,1434
2880,1435,1434,1473
2881,1474,1435,1473
2882,1433,1431,1435
2883,1433,1436,1439
2884,1433,1435,1436
2885,1457,1439,1436
2886,1435,1474,1436
2887,1436,1474,1475
2888,1436,1475,1457
2889,1485,1457,1475
2890,1114,1437,1438
2891,1438,1120,1114
2892,1439,1438,1437
2893,1456,1440,1438
2894,1439,1456,1438
2895,1438,1440,1120
2896,1440,1121,1120
2897,1121,1441,1122
2898,1122,1442,1123
2899,1124,1123,1443
2900,1440,1441,1121
2901,1122,1441,1442
2902,1442,1443,1123
2903,1443,1444,1124
2904,1456,1459,1440
2905,1459,1441,1440
2906,1441,1460,1442
2907,1442,1461,1443
2908,1443,1462,1444
2909,1459,1460,1441
2910,1461,1462,1443
2911,1442,1460,1461
2912,1132,1124,1444
2913,1133,1132,1445
2914,1446,1134,1133
2915,1447,1136,1134
2916,1446,1447,1134
2917,1444,1445,1132
2918,1445,1446,1133
2919,1135,1136,1448
2920,1136,1447,1448
2921,1135,1448,1449
2922,1449,1137,1135
2923,1449,1450,1137
2924,1444,1465,1445
2925,1445,1451,1446
2926,1446,1452,1447
2927,1462,1465,1444
2928,1465,1451,1445
2929,1451,1452,1446
2930,1447,1452,1453
2931,1448,1447,1453
2932,1454,1449,1448
2933,1455,1450,1449
2934,1454,1455,1449
2935,1455,1555,1450
2936,1448,1453,1454
2937,1457,1456,1439
2938,1458,1459,1456
2939,1458,1456,1457
2940,1485,1458,1457
2941,1486,1458,1485
2942,1486,1463,1458
2943,1463,1459,1458
2944,1462,1461,1469
2945,1463,1460,1459
2946,1461,1460,1464
2947,1464,1460,1463
2948,1461,1464,1469
2949,1464,1463,1489
2950,1465,1462,1470
2951,1471,1451,1465
2952,1472,1452,1451
2953,1462,1469,1470
2954,1471,1472,1451
2955,1465,1470,1471
2956,1454,1453,1467
2957,1453,1452,1466
2958,1455,1454,1468
2959,1455,1468,1575
2960,1466,1452,1472
2961,1453,1466,1467
2962,1454,1467,1468
2963,1489,1463,1486
2964,1469,1464,1490
2965,1470,1469,1491
2966,1490,1464,1489
2967,1469,1490,1491
2968,1492,1471,1470
2969,1470,1491,1492
2970,1493,1472,1471
2971,1466,1472,1494
2972,1467,1466,1495
2973,1468,1467,1581
2974,1492,1493,1471
2975,1494,1472,1493
2976,1495,1466,1494
2977,1467,1495,1581
2978,1474,1473,1476
2979,1477,1474,1476
2980,1474,1477,1475
2981,1477,1476,1479
2982,1475,1477,1478
2983,1475,1478,1485
2984,1487,1485,1478
2985,1477,1480,1478
2986,1478,1483,1487
2987,1479,1481,1480
2988,1479,1480,1477
2989,2066,1482,1481
2990,1481,1482,1480
2991,1478,1480,1483
2992,1480,1482,1483
2993,1483,1501,1487
2994,1483,1484,1501
2995,1483,1482,1484
2996,1484,1482,2067
2997,1484,1503,1501
2998,1503,1484,2070
2999,1487,1486,1485
3000,1488,1486,1487
3001,1489,1486,1488
3002,1488,1487,1501
3003,1496,1488,1502
3004,1490,1489,1496
3005,1491,1490,1497
3006,1498,1492,1491
3007,1495,1494,1655
3008,1499,1493,1492
3009,1494,1493,1500
3010,1500,1493,1499
3011,1655,1494,1500
3012,1496,1489,1488
3013,1497,1490,1496
3014,1491,1497,1498
3015,1497,1496,1505
3016,1498,1499,1492
3017,1506,1499,1498
3018,1507,1498,1497
3019,1500,1499,1675
3020,1501,1502,1488
3021,1501,1503,1502
3022,1502,1504,1505
3023,1504,1503,2078
3024,1503,1504,1502
3025,1502,1505,1496
3026,1505,1507,1497
3027,1507,1506,1498
3028,1506,1675,1499
3029,1505,1508,1507
3030,1507,1509,1506
3031,1506,1683,1675
3032,1504,1508,1505
3033,1506,1509,1683
3034,1508,1509,1507
3035,861,1510,1512
3036,1217,1218,1511
3037,1510,1217,1511
3038,1510,1511,1513
3039,1512,1516,863
3040,1513,1512,1510
3041,1513,1517,1512
3042,1218,1220,1514
3043,1511,1218,1514
3044,1514,1220,1522
3045,1511,1514,1515
3046,1515,1513,1511
3047,1515,1514,1525
3048,1516,1519,866
3049,1517,1516,1512
3050,1517,1520,1516
3051,1516,1520,1519
3052,1515,1518,1513
3053,1518,1517,1513
3054,1518,1515,1529
3055,1518,1521,1517
3056,1519,1536,869
3057,1520,1537,1519
3058,1521,1520,1517
3059,1533,1521,1518
3060,1522,1220,1225
3061,1522,1225,1524
3062,1524,1225,1523
3063,1514,1522,1525
3064,1525,1522,1526
3065,1526,1522,1524
3066,1528,1523,1527
3067,1524,1523,1528
3068,1528,1527,1604
3069,1602,1604,1527
3070,1531,1524,1528
3071,1526,1524,1531
3072,1604,1608,1528
3073,1531,1528,1608
3074,1515,1525,1529
3075,1529,1525,1530
3076,1525,1526,1530
3077,1518,1529,1533
3078,1529,1530,1534
3079,1532,1526,1531
3080,1530,1526,1532
3081,1608,1610,1531
3082,1532,1531,1610
3083,1530,1532,1535
3084,1610,1614,1532
3085,1534,1533,1529
3086,1535,1534,1530
3087,1614,1535,1532
3088,879,1536,1538
3089,1519,1537,1536
3090,1536,1537,1539
3091,881,1538,1793
3092,1538,1536,1539
3093,1538,1539,1794
3094,1520,1540,1537
3095,1521,1540,1520
3096,1537,1540,1541
3097,1542,1540,1521
3098,1539,1537,1541
3099,1539,1541,1797
3100,1541,1540,1544
3101,1794,1793,1538
3102,1797,1794,1539
3103,1797,1541,1799
3104,1533,1542,1521
3105,1543,1542,1533
3106,1534,1543,1533
3107,1544,1540,1542
3108,1542,1543,1545
3109,1544,1542,1545
3110,1799,1541,1544
3111,1544,1545,1800
3112,1535,1546,1534
3113,1546,1543,1534
3114,1614,1700,1535
3115,1700,1546,1535
3116,1543,1546,1547
3117,1546,1700,1703
3118,1545,1543,1547
3119,1545,1547,1803
3120,1547,1546,1703
3121,1547,1703,1805
3122,1799,1544,1800
3123,1803,1800,1545
3124,1805,1803,1547
3125,1450,1548,1339
3126,1548,1549,1340
3127,1342,1550,1554
3128,1341,1549,1550
3129,1548,1556,1549
3130,1550,1549,1557
3131,1558,1554,1550
3132,1554,1551,1345
3133,1551,1552,1343
3134,1552,1553,1344
3135,1561,1551,1554
3136,1559,1552,1551
3137,1552,1560,1553
3138,1555,1548,1450
3139,1555,1556,1548
3140,1549,1556,1557
3141,1550,1557,1558
3142,1558,1557,1578
3143,1558,1561,1554
3144,1561,1559,1551
3145,1559,1560,1552
3146,1553,1560,1568
3147,1561,1558,1579
3148,1559,1561,1580
3149,1588,1560,1559
3150,1352,1553,1562
3151,1353,1562,1563
3152,1562,1553,1568
3153,1569,1563,1562
3154,1570,1564,1563
3155,1569,1570,1563
3156,1570,1571,1564
3157,1574,1620,1567
3158,1571,1565,1564
3159,1565,1572,1566
3160,1571,1572,1565
3161,1566,1572,1573
3162,1567,1566,1573
3163,1567,1573,1574
3164,1562,1568,1569
3165,1568,1560,1589
3166,1569,1568,1590
3167,1570,1569,1591
3168,1571,1570,1592
3169,1591,1569,1590
3170,1592,1570,1591
3171,1573,1572,1594
3172,1573,1635,1574
3173,1593,1572,1571
3174,1593,1571,1592
3175,1573,1594,1635
3176,1594,1572,1593
3177,1575,1555,1455
3178,1577,1556,1555
3179,1575,1577,1555
3180,1557,1556,1576
3181,1576,1556,1577
3182,1578,1557,1576
3183,1580,1561,1579
3184,1579,1558,1578
3185,1588,1559,1580
3186,1578,1576,1584
3187,1579,1578,1586
3188,1580,1579,1587
3189,1588,1580,1597
3190,1582,1575,1468
3191,1583,1577,1575
3192,1576,1577,1585
3193,1577,1583,1585
3194,1468,1581,1582
3195,1582,1583,1575
3196,1576,1585,1584
3197,1584,1586,1578
3198,1587,1597,1580
3199,1586,1587,1579
3200,1584,1654,1586
3201,1586,1663,1587
3202,1589,1560,1588
3203,1590,1568,1589
3204,1589,1588,1595
3205,1590,1589,1596
3206,1591,1590,1599
3207,1596,1599,1590
3208,1594,1593,1601
3209,1594,1636,1635
3210,1592,1591,1598
3211,1593,1592,1600
3212,1599,1598,1591
3213,1598,1600,1592
3214,1636,1594,1601
3215,1601,1593,1600
3216,1588,1597,1595
3217,1589,1595,1596
3218,1587,1664,1597
3219,1595,1597,1661
3220,1662,1596,1595
3221,1596,1666,1599
3222,1662,1666,1596
3223,1601,1600,1708
3224,1599,1665,1598
3225,1666,1665,1599
3226,1598,1667,1600
3227,1665,1667,1598
3228,1708,1600,1667
3229,1602,1605,1604
3230,1602,1603,1605
3231,1604,1609,1608
3232,1605,1609,1604
3233,1606,1603,1366
3234,1607,1603,1606
3235,1615,1606,1368
3236,1617,1606,1615
3237,1605,1603,1607
3238,1607,1606,1617
3239,1605,1607,1612
3240,1609,1605,1612
3241,1631,1607,1617
3242,1608,1611,1610
3243,1609,1611,1608
3244,1609,1612,1613
3245,1611,1609,1613
3246,1612,1607,1631
3247,1613,1612,1633
3248,1612,1631,1633
3249,1610,1701,1614
3250,1611,1701,1610
3251,1611,1613,1705
3252,1705,1701,1611
3253,1721,1705,1613
3254,1613,1633,1721
3255,1616,1615,1380
3256,1381,1616,1380
3257,1619,1616,1381
3258,1618,1615,1616
3259,1617,1615,1618
3260,1618,1616,1629
3261,1632,1617,1618
3262,1386,1619,1381
3263,1625,1621,1620
3264,1622,1624,1386
3265,1623,1622,1621
3266,1574,1625,1620
3267,1625,1623,1621
3268,1386,1624,1619
3269,1623,1624,1622
3270,1619,1629,1616
3271,1626,1625,1574
3272,1627,1623,1625
3273,1619,1624,1630
3274,1628,1624,1623
3275,1626,1574,1635
3276,1627,1625,1626
3277,1628,1623,1627
3278,1630,1624,1628
3279,1629,1639,1618
3280,1619,1630,1629
3281,1631,1617,1632
3282,1633,1631,1634
3283,1632,1618,1639
3284,1634,1631,1632
3285,1634,1632,1646
3286,1635,1637,1626
3287,1638,1627,1626
3288,1641,1628,1627
3289,1635,1636,1637
3290,1638,1626,1637
3291,1641,1627,1638
3292,1639,1646,1632
3293,1629,1642,1639
3294,1630,1628,1640
3295,1630,1642,1629
3296,1640,1628,1641
3297,1642,1630,1640
3298,1642,1650,1639
3299,1642,1640,1649
3300,1636,1644,1637
3301,1636,1601,1643
3302,1637,1645,1638
3303,1647,1638,1645
3304,1643,1601,1708
3305,1644,1636,1643
3306,1637,1644,1645
3307,1647,1641,1638
3308,1640,1641,1648
3309,1648,1641,1647
3310,1639,1650,1646
3311,1650,1642,1649
3312,1649,1640,1648
3313,1648,1647,1714
3314,1649,1648,1711
3315,1650,1649,1728
3316,1722,1721,1633
3317,1633,1634,1722
3318,1727,1722,1634
3319,1646,1727,1634
3320,1646,1729,1727
3321,1650,1729,1646
3322,1581,1495,1656
3323,1657,1582,1581
3324,1651,1583,1582
3325,1585,1583,1652
3326,1656,1495,1655
3327,1581,1656,1657
3328,1657,1651,1582
3329,1583,1651,1652
3330,1653,1584,1585
3331,1585,1652,1653
3332,1653,1654,1584
3333,1654,1663,1586
3334,1656,1655,1677
3335,1678,1657,1656
3336,1679,1651,1657
3337,1655,1500,1676
3338,1675,1676,1500
3339,1676,1677,1655
3340,1678,1679,1657
3341,1677,1678,1656
3342,1652,1651,1658
3343,1660,1653,1652
3344,1659,1654,1653
3345,1660,1659,1653
3346,1659,1669,1654
3347,1651,1679,1658
3348,1652,1658,1660
3349,1663,1664,1587
3350,1597,1664,1661
3351,1595,1661,1662
3352,1654,1669,1663
3353,1663,1670,1664
3354,1671,1662,1661
3355,1661,1664,1668
3356,1665,1674,1667
3357,1672,1666,1662
3358,1666,1673,1665
3359,1672,1673,1666
3360,1673,1674,1665
3361,1674,1715,1667
3362,1669,1670,1663
3363,1664,1670,1668
3364,1661,1668,1671
3365,1669,1689,1670
3366,1668,1670,1690
3367,1671,1672,1662
3368,1673,1737,1674
3369,1693,1672,1671
3370,1691,1671,1668
3371,1692,1673,1672
3372,1693,1692,1672
3373,1692,1737,1673
3374,1508,1504,2079
3375,1675,1681,1676
3376,1676,1682,1677
3377,1677,1684,1678
3378,1682,1684,1677
3379,1678,1685,1679
3380,1658,1679,1686
3381,1680,1660,1658
3382,1688,1659,1660
3383,1679,1685,1686
3384,1684,1685,1678
3385,1658,1686,1680
3386,1680,1688,1660
3387,1683,1681,1675
3388,1681,1682,1676
3389,2082,1509,1508
3390,1683,1509,2083
3391,1682,1681,2085
3392,1681,1683,2084
3393,1686,1685,2091
3394,1680,1686,1694
3395,2087,1684,1682
3396,2086,1685,1684
3397,2087,2086,1684
3398,2091,1685,2086
3399,1687,1669,1659
3400,1688,1687,1659
3401,1687,1689,1669
3402,1670,1689,1690
3403,1668,1690,1691
3404,1691,1693,1671
3405,1690,1689,1699
3406,1691,1690,1697
3407,1693,1691,1745
3408,1692,1693,1744
3409,1744,1693,1745
3410,1688,1680,1695
3411,1696,1687,1688
3412,1698,1689,1687
3413,1688,1695,1696
3414,1696,1698,1687
3415,1686,2091,1694
3416,1680,1694,1695
3417,1697,1690,1699
3418,1699,1689,1698
3419,1745,1691,1697
3420,1699,1698,2096
3421,1697,1699,2116
3422,1614,1702,1700
3423,1701,1702,1614
3424,1700,1702,1704
3425,1703,1700,1704
3426,1703,1704,1806
3427,1705,1706,1701
3428,1706,1702,1701
3429,1721,1723,1705
3430,1723,1706,1705
3431,1707,1702,1706
3432,1725,1706,1723
3433,1704,1702,1707
3434,1707,1706,1725
3435,1806,1805,1703
3436,1704,1707,1809
3437,1806,1704,1809
3438,1809,1707,1811
3439,1811,1707,1725
3440,1708,1667,1715
3441,1643,1708,1709
3442,1644,1643,1710
3443,1644,1712,1645
3444,1710,1712,1644
3445,1715,1709,1708
3446,1709,1710,1643
3447,1645,1713,1647
3448,1645,1712,1713
3449,1713,1714,1647
3450,1714,1711,1648
3451,1711,1728,1649
3452,1713,1720,1714
3453,1714,1731,1711
3454,1674,1738,1715
3455,1715,1716,1709
3456,1709,1717,1710
3457,1710,1718,1712
3458,1717,1718,1710
3459,1738,1716,1715
3460,1674,1737,1738
3461,1716,1717,1709
3462,1712,1719,1713
3463,1718,1719,1712
3464,1720,1731,1714
3465,1713,1719,1720
3466,1743,1719,1718
3467,1720,1719,1750
3468,1724,1723,1721
3469,1722,1724,1721
3470,1730,1724,1722
3471,1725,1723,1726
3472,1726,1723,1724
3473,1726,1724,1735
3474,1727,1730,1722
3475,1728,1729,1650
3476,1711,1732,1728
3477,1728,1733,1729
3478,1732,1733,1728
3479,1727,1734,1730
3480,1729,1734,1727
3481,1733,1734,1729
3482,1731,1732,1711
3483,1754,1734,1733
3484,1732,1731,1752
3485,1731,1720,1751
3486,1733,1732,1753
3487,1753,1732,1752
3488,1754,1733,1753
3489,1730,1735,1724
3490,1730,1734,1736
3491,1730,1736,1735
3492,1736,1734,1754
3493,1746,1737,1692
3494,1738,1737,1739
3495,1741,1717,1716
3496,1738,1740,1716
3497,1739,1737,1746
3498,1746,1692,1744
3499,1738,1739,1740
3500,1742,1718,1717
3501,1742,1717,1741
3502,1750,1719,1743
3503,1743,1718,1742
3504,1741,1716,1740
3505,1760,1743,1742
3506,1746,1744,2119
3507,1739,1746,1747
3508,1745,1697,2117
3509,1744,1745,2118
3510,2117,2118,1745
3511,1747,1746,2119
3512,2118,2119,1744
3513,1739,1749,1740
3514,1740,1748,1741
3515,1740,1749,1748
3516,1759,1742,1741
3517,1759,1741,1748
3518,1749,1739,1747
3519,1811,1725,1812
3520,1812,1725,1726
3521,1812,1726,1815
3522,1751,1720,1750
3523,1752,1731,1751
3524,1751,1750,1757
3525,1750,1743,1758
3526,1752,1751,1761
3527,1757,1761,1751
3528,1735,1815,1726
3529,1753,1752,1762
3530,1754,1753,1755
3531,1735,1816,1815
3532,1736,1816,1735
3533,1756,1736,1754
3534,1816,1736,1756
3535,1762,1755,1753
3536,1761,1762,1752
3537,1756,1754,1755
3538,1758,1743,1760
3539,1760,1742,1759
3540,1757,1750,1758
3541,1748,2130,1759
3542,2127,1760,1759
3543,1758,1760,2132
3544,1757,1758,2131
3545,2131,1758,2132
3546,1757,2133,1761
3547,1761,1763,1762
3548,1755,1819,1756
3549,1762,1820,1755
3550,2133,1763,1761
3551,2133,1757,2131
3552,1763,1820,1762
3553,1770,1764,1765
3554,835,1764,1766
3555,1766,1764,1769
3556,1770,1769,1764
3557,1765,1773,1770
3558,1767,835,1766
3559,1768,837,1767
3560,1767,1766,2221
3561,1766,1769,2220
3562,2222,1769,1770
3563,2219,2220,1769
3564,2222,2219,1769
3565,2226,2222,1770
3566,1765,1771,1773
3567,1771,1774,1773
3568,1772,1774,1771
3569,2226,1770,1773
3570,1773,2227,2226
3571,1773,1774,2227
3572,1775,1776,1772
3573,1776,1774,1772
3574,1777,1779,1775
3575,1779,1776,1775
3576,1776,2249,1774
3577,1774,2249,2227
3578,1779,2250,1776
3579,2250,2249,1776
3580,1780,1779,1777
3581,1780,1777,1778
3582,2251,2250,1779
3583,2251,1779,1780
3584,1778,1781,1782
3585,1778,1782,1780
3586,1785,1781,1783
3587,1781,1785,1782
3588,2338,1780,1782
3589,2338,2251,1780
3590,1782,1785,2339
3591,1782,2339,2338
3592,1786,1785,1783
3593,1786,1783,1784
3594,1784,1788,1786
3595,1785,2340,2339
3596,2340,1785,1786
3597,2347,2340,1786
3598,1784,1787,1788
3599,1787,1789,1791
3600,1788,1787,1791
3601,2347,1786,1788
3602,2348,2347,1788
3603,1788,1791,2348
3604,1789,1790,1792
3605,1791,1789,1792
3606,1792,1790,1795
3607,1791,1792,2349
3608,2349,2348,1791
3609,2985,2349,1792
3610,1793,1795,1790
3611,1794,1796,1793
3612,1796,1795,1793
3613,1792,1795,2985
3614,1796,2986,1795
3615,2986,2985,1795
3616,1797,1798,1794
3617,1798,1796,1794
3618,1798,1797,1801
3619,2987,2986,1796
3620,1798,2987,1796
3621,2987,1798,2994
3622,1801,1797,1799
3623,1800,1802,1799
3624,1801,1799,1802
3625,2994,1798,1801
3626,2994,1801,2995
3627,1802,2995,1801
3628,1803,1804,1800
3629,1805,1807,1803
3630,1800,1804,1802
3631,1807,1804,1803
3632,1802,2996,2995
3633,1804,2996,1802
3634,1804,3027,2996
3635,1807,3027,1804
3636,1806,1808,1805
3637,1808,1807,1805
3638,3028,3027,1807
3639,1808,3028,1807
3640,1806,1809,1810
3641,1809,1811,1813
3642,1808,1806,1810
3643,1810,1809,1813
3644,1808,1810,3029
3645,3029,3028,1808
3646,3036,3029,1810
3647,1810,1813,3036
3648,1814,1811,1812
3649,1813,1811,1814
3650,1814,1812,1817
3651,3037,3036,1813
3652,1813,1814,3037
3653,3042,3037,1814
3654,1815,1817,1812
3655,1821,1816,1756
3656,1816,1818,1815
3657,1818,1816,1821
3658,1821,1756,1819
3659,1755,1820,1819
3660,1815,1818,1817
3661,1818,3043,1817
3662,3044,1818,1821
3663,1819,3038,1821
3664,1817,3042,1814
3665,1817,3043,3042
3666,3043,1818,3044
3667,1822,667,1823
3668,666,1822,1825
3669,672,1825,1830
3670,673,1830,1831
3671,1823,668,1824
3672,1824,669,1826
3673,1824,1826,1829
3674,1853,1828,1827
3675,1826,1828,1852
3676,1822,1823,1832
3677,1825,1822,1832
3678,1823,1824,1833
3679,1825,1832,1834
3680,1830,1825,1834
3681,1829,1833,1824
3682,1852,1829,1826
3683,1833,1832,1823
3684,1835,1831,1830
3685,1830,1834,1835
3686,1835,1836,1831
3687,1833,1866,1832
3688,1834,1832,1866
3689,1867,1835,1834
3690,1834,1866,1867
3691,1870,1836,1835
3692,1831,1837,682
3693,1838,685,1837
3694,1836,1837,1831
3695,1838,1837,1840
3696,1840,1837,1836
3697,1841,1838,1840
3698,686,1838,1839
3699,1839,1838,1841
3700,1839,1841,1842
3701,1840,1836,1871
3702,1841,1840,1879
3703,709,1839,1843
3704,712,1843,1844
3705,1843,1839,1842
3706,1843,1842,1847
3707,1847,1844,1843
3708,1847,1846,1844
3709,1844,1845,713
3710,1846,1845,1844
3711,1848,1845,1964
3712,1845,1846,1964
3713,1848,720,1845
3714,1849,721,1848
3715,1848,1964,1968
3716,1849,1848,1968
3717,1968,1969,1849
3718,1850,722,1849
3719,1850,1849,1969
3720,1969,1970,1850
3721,2020,1850,1970
3722,1827,795,1851
3723,795,797,1854
3724,1854,1851,795
3725,797,796,1855
3726,796,799,1856
3727,1856,799,1857
3728,1855,1854,797
3729,1856,1855,796
3730,1852,1828,1853
3731,1853,1827,1851
3732,1854,1873,1851
3733,1851,1864,1853
3734,1855,1874,1854
3735,1857,798,1858
3736,1858,804,1859
3737,1863,1858,1859
3738,1860,1886,1861
3739,1861,1885,1859
3740,1856,1872,1855
3741,1857,1858,1862
3742,1856,1857,1875
3743,1872,1874,1855
3744,1872,1856,1875
3745,1862,1858,1863
3746,1863,1859,1885
3747,1875,1857,1862
3748,1829,1865,1833
3749,1852,1868,1829
3750,1869,1852,1853
3751,1865,1866,1833
3752,1868,1852,1869
3753,1868,1865,1829
3754,1869,1853,1864
3755,1874,1873,1854
3756,1851,1873,1864
3757,1909,1867,1866
3758,1865,1909,1866
3759,1911,1870,1867
3760,1864,1915,1869
3761,1868,1910,1865
3762,1916,1868,1869
3763,1871,1836,1870
3764,1867,1870,1835
3765,1871,1870,1912
3766,1872,1878,1874
3767,1862,1863,1900
3768,1872,1875,1877
3769,1875,1862,1899
3770,1873,1914,1864
3771,1874,1876,1873
3772,1916,1869,1915
3773,1864,1914,1915
3774,1873,1876,1914
3775,1878,1876,1874
3776,1877,1878,1872
3777,1899,1877,1875
3778,1879,1840,1871
3779,1880,1841,1879
3780,1879,1871,1913
3781,1880,1879,1925
3782,1842,1841,1880
3783,1842,1880,1881
3784,1926,1881,1880
3785,1884,1860,828
3786,828,829,1887
3787,1884,1886,1860
3788,828,1887,1884
3789,830,1882,829
3790,1883,1882,830
3791,1890,1883,831
3792,829,1882,1887
3793,1861,1886,1885
3794,1887,1882,1902
3795,1896,1884,1887
3796,1898,1886,1884
3797,1887,1902,1896
3798,1889,1890,832
3799,1894,1890,1889
3800,2223,1891,839
3801,1895,1889,1888
3802,1888,1891,1893
3803,1891,2223,1893
3804,1890,1892,1883
3805,1883,1903,1882
3806,1894,1892,1890
3807,1892,1903,1883
3808,1882,1903,1902
3809,1895,1894,1889
3810,1888,1893,1895
3811,1885,1901,1863
3812,1886,1897,1885
3813,1901,1900,1863
3814,1900,1899,1862
3815,1885,1897,1901
3816,1896,1898,1884
3817,1898,1897,1886
3818,1899,1931,1877
3819,1900,1934,1899
3820,1901,1933,1900
3821,1897,1932,1901
3822,1937,1897,1898
3823,1901,1932,1933
3824,1937,1932,1897
3825,1905,1898,1896
3826,1904,1896,1902
3827,1902,1903,1906
3828,1908,1892,1894
3829,1892,1907,1903
3830,2235,1894,1895
3831,1908,1907,1892
3832,1903,1907,1906
3833,2235,1908,1894
3834,1904,1905,1896
3835,1902,1906,1904
3836,1905,1937,1898
3837,1904,1906,2280
3838,1906,1907,2279
3839,1910,1909,1865
3840,1909,1911,1867
3841,1910,1868,1916
3842,1910,1920,1909
3843,1909,1920,1911
3844,1911,1922,1912
3845,1911,1912,1870
3846,1912,1913,1871
3847,1914,1919,1915
3848,1915,1918,1916
3849,1878,1935,1876
3850,1876,1917,1914
3851,1876,1935,1917
3852,1921,1910,1916
3853,1921,1916,1918
3854,1921,1920,1910
3855,1911,1920,1922
3856,1914,1917,1919
3857,1915,1919,1918
3858,1912,1923,1913
3859,1922,1923,1912
3860,1923,1924,1913
3861,1918,1919,1944
3862,1921,1918,1948
3863,1949,1920,1921
3864,1922,1920,1949
3865,1949,1921,1948
3866,1922,1949,1950
3867,1923,1922,1950
3868,1924,1923,1951
3869,1923,1950,1951
3870,1924,1951,1952
3871,1913,1925,1879
3872,1925,1926,1880
3873,1926,1927,1881
3874,1913,1924,1925
3875,1924,1928,1925
3876,1925,1928,1926
3877,1928,1929,1926
3878,1926,1929,1927
3879,1927,1929,1930
3880,1952,1928,1924
3881,1952,1959,1928
3882,1959,1929,1928
3883,1960,1929,1959
3884,1930,1929,1960
3885,1930,1960,1961
3886,1877,1936,1878
3887,1931,1936,1877
3888,1934,1931,1899
3889,1936,1935,1878
3890,1933,1934,1900
3891,1934,1933,1940
3892,1919,1917,1946
3893,1917,1935,1947
3894,1945,1935,1936
3895,1936,1931,1953
3896,1931,1934,1939
3897,1945,1936,1953
3898,1953,1931,1939
3899,1937,1905,1942
3900,1933,1932,1943
3901,1941,1932,1937
3902,1943,1932,1941
3903,1905,1904,1938
3904,1938,1904,2280
3905,1942,1905,1938
3906,1941,1937,1942
3907,1940,1933,1943
3908,1939,1934,1940
3909,1940,1943,2294
3910,1941,1942,2292
3911,1943,1941,2293
3912,1946,1917,1947
3913,1944,1919,1946
3914,1948,1918,1944
3915,1947,1935,1945
3916,1950,1949,1998
3917,1949,1948,1998
3918,1951,1950,1999
3919,1948,1944,2003
3920,1944,1946,2002
3921,1946,1947,1956
3922,2003,1998,1948
3923,2002,2003,1944
3924,2000,1952,1951
3925,1951,1999,2000
3926,2000,2001,1952
3927,1953,1939,1958
3928,1945,1953,1957
3929,1955,1947,1945
3930,1958,1957,1953
3931,1939,1940,1954
3932,2294,1954,1940
3933,1943,2293,2294
3934,1954,1958,1939
3935,1956,1947,1955
3936,1955,1945,1957
3937,1956,2002,1946
3938,1958,2455,1957
3939,1957,2456,1955
3940,2001,1959,1952
3941,1960,1959,2010
3942,2010,1959,2001
3943,1962,1960,2010
3944,1961,1960,1962
3945,1961,1962,1963
3946,1881,1847,1842
3947,1881,1965,1847
3948,1965,1846,1847
3949,1846,1965,1966
3950,1927,1965,1881
3951,1966,1965,1974
3952,1964,1846,1966
3953,1967,1968,1964
3954,1964,1966,1967
3955,1976,1967,1966
3956,1977,1971,1967
3957,1976,1977,1967
3958,1967,1971,1968
3959,1968,1971,1969
3960,1971,1972,1969
3961,1977,1980,1971
3962,1971,1980,1972
3963,1980,1982,1972
3964,1969,1972,1970
3965,1972,1973,1970
3966,1970,1973,2025
3967,1972,1982,1973
3968,1982,1983,1973
3969,2029,1973,1983
3970,1965,1927,1974
3971,1966,1974,1976
3972,1974,1927,1930
3973,1975,1976,1974
3974,1974,1930,1975
3975,1975,1978,1976
3976,1978,1977,1976
3977,1979,1980,1977
3978,1978,1979,1977
3979,1988,1979,1978
3980,1989,1981,1979
3981,1975,1930,1961
3982,1975,1961,1986
3983,1978,1975,1986
3984,1980,1981,1982
3985,1979,1981,1980
3986,1982,1981,1984
3987,1984,1981,1992
3988,1982,1984,1983
3989,1983,1985,2041
3990,1984,1985,1983
3991,1984,1994,1985
3992,1995,2043,1985
3993,1978,1986,1988
3994,1986,1961,1963
3995,1987,1988,1986
3996,1986,1963,1987
3997,1987,1990,1988
3998,1990,1989,1988
3999,1988,1989,1979
4000,1992,1989,1991
4001,1991,1989,1990
4002,1993,1991,2016
4003,1992,1981,1989
4004,1984,1992,1994
4005,1992,1993,1994
4006,1993,1992,1991
4007,1994,1993,1996
4008,1995,1985,1994
4009,1994,1996,1995
4010,1997,2050,1995
4011,1997,1995,1996
4012,1993,2017,1996
4013,1996,2018,1997
4014,2019,2053,1997
4015,1950,1998,1999
4016,1956,2004,2002
4017,1999,1998,2006
4018,2003,2006,1998
4019,2002,2005,2003
4020,2007,2000,1999
4021,2457,1956,1955
4022,2457,1955,2456
4023,2004,2005,2002
4024,2004,1956,2457
4025,2005,2006,2003
4026,1999,2006,2007
4027,2468,2007,2006
4028,2005,2468,2006
4029,2469,2008,2007
4030,2008,2001,2000
4031,2009,2001,2008
4032,2007,2008,2000
4033,2009,2008,2473
4034,2010,2001,2009
4035,2011,2010,2009
4036,1962,2010,2011
4037,2013,1962,2011
4038,2011,2009,2474
4039,2013,2011,2486
4040,1963,1962,2013
4041,1963,2013,2012
4042,2487,2012,2013
4043,2012,1987,1963
4044,2012,2014,1987
4045,2014,1990,1987
4046,2015,1990,2014
4047,2485,2014,2012
4048,2015,2014,2544
4049,1991,1990,2015
4050,2016,1991,2015
4051,2017,2016,2546
4052,2016,2015,2545
4053,2017,1993,2016
4054,1996,2017,2018
4055,2017,2553,2018
4056,2019,1997,2018
4057,2018,2554,2019
4058,2216,2019,2555
4059,2020,1415,1850
4060,2021,1416,2020
4061,2021,2020,2025
4062,2022,1418,2021
4063,2022,2021,2026
4064,1424,2022,2023
4065,2024,1425,2023
4066,2033,1427,2024
4067,2066,1481,2033
4068,2067,1482,2066
4069,1970,2025,2020
4070,2026,2021,2025
4071,2027,2022,2026
4072,2022,2027,2023
4073,2026,2025,2029
4074,2029,2025,1973
4075,2028,2026,2029
4076,2028,2029,2041
4077,2027,2026,2028
4078,2027,2030,2031
4079,2030,2027,2028
4080,2030,2028,2042
4081,2030,2045,2035
4082,1983,2041,2029
4083,2041,2042,2028
4084,2042,2045,2030
4085,2023,2027,2031
4086,2023,2031,2024
4087,2032,2024,2031
4088,2032,2033,2024
4089,2034,2033,2032
4090,2034,2066,2033
4091,2068,2066,2034
4092,2031,2035,2032
4093,2031,2030,2035
4094,2036,2032,2035
4095,2036,2034,2032
4096,2037,2034,2036
4097,2068,2034,2037
4098,2072,2068,2037
4099,2035,2038,2036
4100,2035,2045,2038
4101,2038,2039,2036
4102,2037,2036,2039
4103,2039,2040,2037
4104,2072,2037,2040
4105,2040,2074,2072
4106,2041,2043,2042
4107,1985,2043,2041
4108,2043,2044,2042
4109,2050,2044,2043
4110,2042,2044,2045
4111,2045,2046,2038
4112,2044,2046,2045
4113,2051,2046,2044
4114,2047,2046,2052
4115,2038,2047,2039
4116,2038,2046,2047
4117,2047,2048,2039
4118,2039,2048,2040
4119,2048,2049,2040
4120,2040,2049,2074
4121,2049,2168,2074
4122,2050,2043,1995
4123,2051,2044,2050
4124,2052,2046,2051
4125,2053,2050,1997
4126,2053,2051,2050
4127,2054,2051,2053
4128,2052,2051,2054
4129,2055,2052,2054
4130,2059,2052,2055
4131,2216,2053,2019
4132,2054,2053,2216
4133,2217,2054,2216
4134,2055,2054,2217
4135,2056,2055,2217
4136,2055,2056,2060
4137,2048,2047,2059
4138,2059,2047,2052
4139,2057,2048,2059
4140,2049,2048,2057
4141,2058,2049,2057
4142,2168,2049,2058
4143,2172,2168,2058
4144,2057,2059,2060
4145,2055,2060,2059
4146,2060,2061,2057
4147,2058,2057,2061
4148,2061,2064,2058
4149,2172,2058,2064
4150,2175,2172,2064
4151,2060,2062,2061
4152,2056,2062,2060
4153,2062,2063,2061
4154,2061,2063,2064
4155,2064,2063,2065
4156,2064,2065,2175
4157,2177,2175,2065
4158,2065,3377,2177
4159,2067,2066,2068
4160,2069,2067,2068
4161,2070,1484,2067
4162,2070,2067,2069
4163,2078,1503,2070
4164,2078,2070,2071
4165,2069,2071,2070
4166,2071,2080,2078
4167,2071,2076,2080
4168,2069,2068,2072
4169,2073,2069,2072
4170,2069,2073,2071
4171,2073,2076,2071
4172,2076,2102,2080
4173,2073,2072,2074
4174,2074,2075,2073
4175,2073,2075,2076
4176,2075,2077,2076
4177,2076,2077,2102
4178,2102,2077,2104
4179,2079,2078,2080
4180,2079,1504,2078
4181,2082,2079,2081
4182,2080,2102,2081
4183,2080,2081,2079
4184,2081,2103,2088
4185,2082,1508,2079
4186,2083,1509,2082
4187,1683,2083,2084
4188,1681,2084,2085
4189,2088,2083,2082
4190,1682,2085,2087
4191,2084,2083,2090
4192,2085,2084,2089
4193,2097,2087,2085
4194,2098,2086,2087
4195,2088,2082,2081
4196,2090,2083,2088
4197,2084,2090,2089
4198,2085,2089,2097
4199,2106,2090,2088
4200,2089,2090,2108
4201,2091,2086,2099
4202,1694,2091,2092
4203,1695,1694,2093
4204,2097,2098,2087
4205,2099,2086,2098
4206,2092,2091,2099
4207,1694,2092,2093
4208,2094,1696,1695
4209,2095,1698,1696
4210,2094,2095,1696
4211,1699,2096,2116
4212,1698,2095,2096
4213,1695,2093,2094
4214,2107,2097,2089
4215,2111,2098,2097
4216,2099,2098,2109
4217,2109,2098,2111
4218,2092,2099,2110
4219,2093,2092,2100
4220,2101,2094,2093
4221,2123,2095,2094
4222,2101,2123,2094
4223,2100,2092,2110
4224,2110,2099,2109
4225,2093,2100,2101
4226,2081,2102,2103
4227,2102,2104,2103
4228,2103,2105,2106
4229,2103,2104,2105
4230,2104,2171,2105
4231,2105,2181,2112
4232,2106,2088,2103
4233,2108,2090,2106
4234,2089,2108,2107
4235,2107,2111,2097
4236,2112,2108,2106
4237,2115,2107,2108
4238,2110,2109,2149
4239,2100,2110,2142
4240,2113,2111,2107
4241,2109,2111,2114
4242,2149,2142,2110
4243,2114,2149,2109
4244,2112,2106,2105
4245,2115,2108,2112
4246,2115,2113,2107
4247,2113,2114,2111
4248,2184,2115,2112
4249,2113,2186,2114
4250,2115,2185,2113
4251,2116,2117,1697
4252,2096,2095,2124
4253,2121,2116,2096
4254,2116,2122,2117
4255,2117,2125,2118
4256,2122,2125,2117
4257,2118,2126,2119
4258,1747,2119,2120
4259,1749,1747,2129
4260,1749,2128,1748
4261,2128,1749,2129
4262,2120,2119,2126
4263,2125,2126,2118
4264,2129,1747,2120
4265,2096,2124,2121
4266,2095,2123,2124
4267,2121,2122,2116
4268,2124,2123,2148
4269,2145,2121,2124
4270,2125,2154,2126
4271,2120,2126,2137
4272,2147,2122,2121
4273,2122,2146,2125
4274,2147,2146,2122
4275,2154,2137,2126
4276,2146,2154,2125
4277,2127,1759,2130
4278,1748,2128,2130
4279,2132,1760,2127
4280,2128,2135,2130
4281,2130,2139,2127
4282,2133,2131,2134
4283,2133,3040,1763
4284,2132,2127,2140
4285,2131,2132,2141
4286,2140,2141,2132
4287,2141,2134,2131
4288,2134,3040,2133
4289,2129,2120,2136
4290,2128,2129,2138
4291,2136,2138,2129
4292,2130,2135,2139
4293,2138,2135,2128
4294,2137,2136,2120
4295,2139,2140,2127
4296,2140,3063,2141
4297,2135,2159,2139
4298,2138,2157,2135
4299,2139,2158,2140
4300,2139,2159,2158
4301,2158,3063,2140
4302,2144,2101,2100
4303,2143,2123,2101
4304,2144,2143,2101
4305,2124,2148,2145
4306,2123,2143,2148
4307,2142,2144,2100
4308,2145,2147,2121
4309,2148,2143,2153
4310,2150,2145,2148
4311,2162,2147,2145
4312,2161,2146,2147
4313,2162,2161,2147
4314,2149,2188,2142
4315,2142,2151,2144
4316,2144,2152,2143
4317,2114,2187,2149
4318,2187,2188,2149
4319,2186,2187,2114
4320,2188,2151,2142
4321,2151,2152,2144
4322,2148,2153,2150
4323,2143,2152,2153
4324,2150,2162,2145
4325,2153,2152,2197
4326,2150,2153,2195
4327,2146,2163,2154
4328,2154,2155,2137
4329,2137,2156,2136
4330,2136,2160,2138
4331,2156,2160,2136
4332,2154,2163,2155
4333,2161,2163,2146
4334,2155,2156,2137
4335,2160,2157,2138
4336,2157,2159,2135
4337,2164,2160,2156
4338,3069,2159,2157
4339,3070,2157,2160
4340,2155,2163,2167
4341,2165,2163,2161
4342,2162,2150,2194
4343,2198,2161,2162
4344,2162,2194,2198
4345,2198,2165,2161
4346,2155,2166,2156
4347,2155,2167,2166
4348,3070,2160,2164
4349,2164,2156,2166
4350,2167,2163,2165
4351,2167,3119,2166
4352,2074,2168,2075
4353,2168,2169,2075
4354,2075,2169,2077
4355,2077,2169,2170
4356,2077,2170,2104
4357,2104,2170,2171
4358,2105,2171,2181
4359,2184,2112,2181
4360,2184,2185,2115
4361,2172,2169,2168
4362,2173,2169,2172
4363,2170,2169,2173
4364,2174,2170,2173
4365,2171,2170,2174
4366,2182,2171,2174
4367,2174,2173,2176
4368,2182,2174,2179
4369,2175,2173,2172
4370,2176,2173,2175
4371,2176,2179,2174
4372,2179,2206,2182
4373,2177,2176,2175
4374,3397,2178,2177
4375,2178,2176,2177
4376,2176,2178,2179
4377,2179,2180,2206
4378,2180,2208,2206
4379,2178,2180,2179
4380,2178,3398,2180
4381,2180,3401,2208
4382,2181,2171,2182
4383,2184,2181,2183
4384,2183,2181,2182
4385,2183,2182,2206
4386,2191,2183,2207
4387,2113,2185,2186
4388,2191,2185,2184
4389,2186,2185,2193
4390,2187,2186,2192
4391,2188,2187,2189
4392,2190,2151,2188
4393,2196,2152,2151
4394,2190,2196,2151
4395,2197,2152,2196
4396,2188,2189,2190
4397,2186,2193,2192
4398,2187,2192,2189
4399,2191,2184,2183
4400,2193,2185,2191
4401,2210,2191,2207
4402,2189,2192,2199
4403,2210,2193,2191
4404,2192,2193,2211
4405,2211,2193,2210
4406,2153,2197,2195
4407,2150,2195,2194
4408,2195,2197,2202
4409,2197,2196,2201
4410,2204,2198,2194
4411,2167,2165,3117
4412,3118,2165,2198
4413,2194,2195,2203
4414,2195,2202,2203
4415,2194,2203,2204
4416,2204,3118,2198
4417,3117,2165,3118
4418,2200,2190,2189
4419,2205,2196,2190
4420,2200,2205,2190
4421,2201,2196,2205
4422,2192,2211,2199
4423,2189,2199,2200
4424,2202,2197,2201
4425,2201,2205,3143
4426,2202,2201,3144
4427,2203,2202,3142
4428,2206,2207,2183
4429,2206,2208,2207
4430,2207,2209,2210
4431,2207,2208,2209
4432,2208,3406,2209
4433,2209,3141,2215
4434,2215,2211,2210
4435,2199,2211,2212
4436,2215,2210,2209
4437,2214,2200,2199
4438,2213,2205,2200
4439,2214,2213,2200
4440,3143,2205,2213
4441,3144,2201,3143
4442,2212,2211,2215
4443,2199,2212,2214
4444,3148,2212,2215
4445,3150,2214,2212
4446,2217,2216,3364
4447,2056,2217,3365
4448,2056,3367,2062
4449,2062,3373,2063
4450,2063,3374,2065
4451,2224,839,1768
4452,1768,1767,2218
4453,2221,2218,1767
4454,2224,2223,839
4455,2218,2224,1768
4456,2220,2221,1766
4457,2220,2230,2221
4458,2224,2237,2223
4459,1893,2223,2234
4460,2236,1895,1893
4461,2223,2237,2234
4462,2221,2225,2218
4463,2218,2238,2224
4464,2230,2225,2221
4465,2225,2238,2218
4466,2238,2237,2224
4467,2219,2228,2220
4468,2219,2229,2228
4469,2231,2219,2222
4470,2231,2229,2219
4471,2232,2231,2222
4472,2228,2230,2220
4473,2230,2228,2243
4474,2228,2229,2242
4475,2259,2229,2231
4476,2242,2229,2258
4477,2258,2229,2259
4478,2259,2231,2247
4479,2232,2222,2226
4480,2233,2232,2226
4481,2233,2226,2227
4482,2231,2232,2247
4483,2247,2232,2248
4484,2232,2233,2248
4485,1893,2234,2236
4486,2236,2235,1895
4487,2245,2237,2238
4488,2234,2237,2246
4489,2236,2234,2239
4490,2246,2237,2245
4491,2281,1908,2235
4492,2235,2236,2240
4493,2278,1907,1908
4494,2279,1907,2278
4495,2281,2278,1908
4496,2236,2239,2240
4497,2234,2246,2239
4498,2235,2240,2281
4499,2225,2230,2244
4500,2241,2238,2225
4501,2230,2243,2244
4502,2241,2245,2238
4503,2225,2244,2241
4504,2228,2242,2243
4505,2239,2246,2289
4506,2246,2245,2287
4507,2263,2241,2244
4508,2288,2245,2241
4509,2244,2243,2262
4510,2244,2262,2263
4511,2287,2245,2288
4512,2263,2288,2241
4513,2227,2252,2233
4514,2227,2249,2252
4515,2250,2253,2249
4516,2249,2253,2252
4517,2233,2252,2256
4518,2248,2233,2256
4519,2252,2253,2257
4520,2256,2252,2257
4521,2254,2253,2250
4522,2254,2250,2251
4523,2257,2253,2255
4524,2255,2253,2254
4525,2258,2259,2260
4526,2242,2258,2265
4527,2243,2242,2261
4528,2258,2260,2264
4529,2265,2258,2264
4530,2259,2266,2260
4531,2243,2261,2262
4532,2261,2242,2265
4533,2262,2261,2306
4534,2265,2264,2311
4535,2269,2264,2260
4536,2261,2265,2304
4537,2311,2264,2268
4538,2304,2265,2311
4539,2260,2270,2269
4540,2259,2247,2266
4541,2267,2266,2247
4542,2247,2248,2267
4543,2260,2266,2270
4544,2266,2271,2270
4545,2267,2271,2266
4546,2269,2268,2264
4547,2248,2256,2272
4548,2272,2267,2248
4549,2256,2257,2273
4550,2273,2272,2256
4551,2272,2275,2267
4552,2275,2271,2267
4553,2273,2276,2272
4554,2276,2275,2272
4555,2257,2274,2273
4556,2257,2255,2274
4557,2277,2276,2273
4558,2277,2273,2274
4559,2275,2335,2271
4560,2276,2336,2275
4561,2337,2276,2277
4562,2280,1906,2279
4563,2280,2279,2284
4564,2290,2278,2281
4565,2285,2281,2240
4566,2279,2278,2282
4567,2278,2290,2282
4568,1942,1938,2295
4569,1938,2280,2283
4570,2295,2292,1942
4571,2283,2295,1938
4572,2279,2282,2284
4573,2284,2283,2280
4574,2240,2239,2286
4575,2289,2246,2287
4576,2239,2289,2286
4577,2285,2290,2281
4578,2240,2286,2285
4579,2289,2287,2308
4580,2300,2290,2285
4581,2301,2284,2282
4582,2282,2290,2299
4583,2291,2285,2286
4584,2286,2289,2309
4585,2309,2289,2308
4586,2291,2300,2285
4587,2290,2300,2299
4588,2286,2309,2291
4589,1941,2292,2293
4590,2284,2298,2283
4591,2283,2302,2295
4592,2295,2303,2292
4593,2293,2292,2296
4594,2302,2303,2295
4595,1954,2458,1958
4596,2294,2459,1954
4597,2297,2294,2293
4598,2458,2455,1958
4599,2459,2458,1954
4600,2293,2296,2297
4601,2292,2303,2296
4602,2297,2459,2294
4603,2282,2299,2301
4604,2301,2298,2284
4605,2298,2302,2283
4606,2299,2300,2325
4607,2326,2301,2299
4608,2296,2303,2463
4609,2302,2462,2303
4610,2327,2298,2301
4611,2298,2461,2302
4612,2326,2327,2301
4613,2461,2462,2302
4614,2327,2461,2298
4615,2310,2288,2263
4616,2305,2263,2262
4617,2287,2288,2307
4618,2305,2310,2263
4619,2307,2288,2310
4620,2306,2261,2304
4621,2262,2306,2305
4622,2308,2287,2307
4623,2309,2308,2322
4624,2307,2310,2328
4625,2317,2305,2306
4626,2316,2310,2305
4627,2308,2307,2321
4628,2316,2328,2310
4629,2328,2321,2307
4630,2311,2268,2312
4631,2314,2268,2269
4632,2304,2311,2318
4633,2306,2304,2315
4634,2312,2318,2311
4635,2314,2313,2268
4636,2313,2312,2268
4637,2380,2313,2314
4638,2319,2314,2269
4639,2317,2316,2305
4640,2315,2317,2306
4641,2318,2315,2304
4642,2313,2379,2312
4643,2312,2383,2318
4644,2318,2384,2315
4645,2315,2329,2317
4646,2383,2384,2318
4647,2319,2269,2270
4648,2270,2271,2320
4649,2270,2320,2319
4650,2381,2314,2319
4651,2382,2319,2320
4652,2323,2291,2309
4653,2324,2300,2291
4654,2322,2323,2309
4655,2300,2324,2325
4656,2323,2324,2291
4657,2321,2322,2308
4658,2299,2325,2326
4659,2495,2326,2325
4660,2323,2500,2324
4661,2322,2331,2323
4662,2325,2324,2493
4663,2331,2500,2323
4664,2324,2500,2493
4665,2317,2330,2316
4666,2316,2333,2328
4667,2328,2334,2321
4668,2321,2332,2322
4669,2333,2334,2328
4670,2329,2330,2317
4671,2384,2329,2315
4672,2316,2330,2333
4673,2332,2331,2322
4674,2334,2332,2321
4675,2333,2330,2386
4676,2332,2334,2574
4677,2334,2333,2575
4678,2334,2575,2574
4679,2271,2335,2320
4680,2336,2335,2275
4681,2320,2335,2403
4682,2336,2405,2335
4683,2337,2336,2276
4684,2406,2336,2337
4685,2406,2405,2336
4686,2341,2254,2251
4687,2341,2251,2338
4688,2343,2341,2338
4689,2343,2338,2339
4690,2341,2343,2345
4691,2342,2254,2341
4692,2342,2255,2254
4693,2341,2345,2342
4694,2339,2344,2343
4695,2339,2340,2344
4696,2340,2350,2344
4697,2343,2344,2346
4698,2343,2346,2345
4699,2344,2351,2346
4700,2349,2353,2348
4701,2347,2350,2340
4702,2348,2352,2347
4703,2352,2350,2347
4704,2344,2350,2351
4705,2354,2350,2352
4706,2351,2350,2354
4707,2353,2352,2348
4708,2988,2353,2349
4709,2355,2352,2353
4710,2355,2354,2352
4711,2353,2990,2355
4712,2346,2351,2362
4713,2351,2354,2364
4714,2365,2354,2355
4715,2356,2255,2342
4716,2255,2356,2274
4717,2358,2356,2342
4718,2358,2342,2345
4719,2274,2356,2357
4720,2274,2357,2277
4721,2360,2356,2358
4722,2356,2360,2357
4723,2345,2359,2358
4724,2345,2346,2359
4725,2346,2362,2359
4726,2361,2358,2359
4727,2361,2360,2358
4728,2359,2363,2361
4729,2368,2277,2357
4730,2357,2360,2369
4731,2370,2360,2361
4732,2372,2370,2361
4733,2362,2351,2364
4734,2362,2364,2366
4735,2359,2362,2363
4736,2363,2362,2366
4737,2364,2354,2365
4738,2364,2365,2367
4739,3003,2365,2355
4740,2366,2364,2367
4741,2366,2367,2375
4742,2367,2365,3005
4743,2372,2361,2363
4744,2374,2372,2363
4745,2363,2366,2374
4746,2375,2374,2366
4747,3020,2375,2367
4748,2368,2337,2277
4749,2357,2369,2368
4750,2424,2337,2368
4751,2424,2406,2337
4752,2426,2368,2369
4753,2426,2424,2368
4754,2360,2370,2369
4755,2369,2371,2426
4756,2369,2370,2371
4757,2370,2373,2371
4758,2372,2373,2370
4759,2374,2376,2372
4760,2376,2373,2372
4761,2375,2377,2374
4762,2377,2376,2374
4763,3021,2377,2375
4764,2313,2378,2379
4765,2380,2378,2313
4766,2379,2383,2312
4767,2381,2380,2314
4768,2393,2378,2380
4769,2393,2380,2400
4770,2382,2381,2319
4771,2380,2381,2400
4772,2400,2381,2390
4773,2381,2382,2390
4774,2383,2379,2385
4775,2387,2329,2384
4776,2384,2383,2388
4777,2384,2388,2387
4778,2379,2378,2392
4779,2392,2378,2391
4780,2391,2378,2393
4781,2379,2392,2385
4782,2383,2385,2388
4783,2389,2330,2329
4784,2386,2330,2389
4785,2387,2389,2329
4786,2333,2386,2575
4787,2396,2387,2388
4788,2386,2389,2582
4789,2581,2389,2387
4790,2395,2391,2393
4791,2385,2392,2397
4792,2392,2391,2398
4793,2394,2391,2395
4794,2398,2391,2394
4795,2395,2393,2401
4796,2388,2385,2399
4797,2397,2392,2398
4798,2385,2397,2399
4799,2396,2581,2387
4800,2388,2399,2396
4801,2397,2398,2600
4802,2399,2397,2601
4803,2393,2400,2401
4804,2402,2401,2400
4805,2400,2390,2402
4806,2401,2415,2395
4807,2402,2416,2401
4808,2320,2403,2382
4809,2382,2403,2404
4810,2335,2405,2403
4811,2403,2405,2407
4812,2390,2382,2404
4813,2404,2403,2407
4814,2408,2405,2406
4815,2407,2405,2408
4816,2390,2404,2409
4817,2409,2402,2390
4818,2404,2407,2411
4819,2411,2409,2404
4820,2409,2418,2402
4821,2411,2420,2409
4822,2407,2410,2411
4823,2407,2408,2410
4824,2421,2420,2411
4825,2421,2411,2410
4826,2398,2394,2412
4827,2413,2394,2395
4828,2412,2394,2414
4829,2414,2394,2413
4830,2600,2398,2412
4831,2413,2395,2415
4832,2412,2414,2607
4833,2610,2414,2413
4834,2610,2413,2621
4835,2401,2416,2415
4836,2415,2621,2413
4837,2415,2417,2621
4838,2416,2417,2415
4839,2608,2414,2610
4840,2420,2418,2409
4841,2418,2416,2402
4842,2420,2422,2418
4843,2418,2419,2416
4844,2416,2419,2417
4845,2422,2419,2418
4846,2423,2420,2421
4847,2423,2422,2420
4848,2422,2680,2419
4849,2677,2422,2423
4850,2425,2406,2424
4851,2424,2426,2427
4852,2425,2408,2406
4853,2429,2408,2425
4854,2424,2427,2425
4855,2430,2425,2427
4856,2426,2428,2427
4857,2426,2371,2428
4858,2371,2434,2428
4859,2427,2428,2431
4860,2428,2438,2431
4861,2408,2429,2410
4862,2430,2429,2425
4863,2410,2429,2443
4864,2410,2443,2421
4865,2432,2429,2430
4866,2429,2432,2443
4867,2427,2431,2430
4868,2433,2432,2430
4869,2433,2430,2431
4870,2431,2439,2433
4871,2371,2373,2434
4872,2436,2373,2376
4873,2434,2373,2436
4874,2428,2434,2438
4875,2434,2436,2440
4876,2438,2434,2440
4877,2435,2376,2377
4878,2435,2436,2376
4879,2377,3229,2435
4880,2437,2436,2435
4881,2440,2436,2437
4882,3234,2437,2435
4883,2431,2438,2439
4884,2438,2440,2441
4885,2439,2438,2441
4886,2439,2441,2449
4887,2440,2437,2442
4888,2442,2437,3235
4889,2441,2440,2442
4890,2441,2442,2450
4891,2444,2421,2443
4892,2443,2432,2445
4893,2443,2445,2444
4894,2444,2423,2421
4895,2853,2423,2444
4896,2859,2444,2445
4897,2432,2446,2445
4898,2446,2432,2433
4899,2448,2446,2433
4900,2445,2446,2447
4901,2446,2453,2447
4902,2859,2853,2444
4903,2445,2447,2859
4904,2448,2433,2439
4905,2449,2448,2439
4906,2448,2453,2446
4907,2449,2454,2448
4908,2454,2453,2448
4909,2450,2449,2441
4910,3251,2450,2442
4911,2450,2451,2449
4912,2451,2454,2449
4913,2894,2454,2452
4914,2452,2454,2451
4915,3252,2451,2450
4916,2452,2451,3253
4917,2447,2453,2910
4918,2894,2453,2454
4919,1957,2455,2456
4920,2455,2460,2456
4921,2466,2459,2297
4922,2458,2467,2455
4923,2459,2465,2458
4924,2470,2004,2457
4925,2456,2471,2457
4926,2004,2472,2005
4927,2472,2004,2470
4928,2456,2460,2471
4929,2455,2467,2460
4930,2465,2467,2458
4931,2470,2457,2471
4932,2464,2297,2296
4933,2303,2462,2463
4934,2296,2463,2464
4935,2464,2466,2297
4936,2466,2465,2459
4937,2463,2462,2498
4938,2465,2477,2467
4939,2506,2466,2464
4940,2497,2464,2463
4941,2475,2465,2466
4942,2497,2506,2464
4943,2506,2475,2466
4944,2472,2468,2005
4945,2468,2469,2007
4946,2471,2478,2470
4947,2480,2472,2470
4948,2469,2481,2473
4949,2472,2479,2468
4950,2468,2479,2469
4951,2480,2479,2472
4952,2469,2479,2481
4953,2469,2473,2008
4954,2473,2474,2009
4955,2473,2483,2474
4956,2481,2483,2473
4957,2483,2484,2474
4958,2467,2476,2460
4959,2460,2482,2471
4960,2460,2476,2482
4961,2471,2482,2478
4962,2475,2477,2465
4963,2467,2477,2476
4964,2480,2470,2478
4965,2483,2481,2522
4966,2482,2476,2508
4967,2519,2480,2478
4968,2478,2482,2520
4969,2478,2520,2519
4970,2484,2483,2525
4971,2474,2486,2011
4972,2486,2487,2013
4973,2487,2485,2012
4974,2474,2484,2486
4975,2484,2488,2486
4976,2486,2488,2487
4977,2488,2489,2487
4978,2487,2489,2485
4979,2485,2489,2490
4980,2526,2488,2484
4981,2518,2489,2488
4982,2526,2518,2488
4983,2491,2489,2518
4984,2490,2489,2491
4985,2490,2491,2492
4986,2499,2461,2327
4987,2494,2327,2326
4988,2461,2496,2462
4989,2494,2499,2327
4990,2499,2496,2461
4991,2325,2493,2495
4992,2495,2494,2326
4993,2462,2496,2498
4994,2463,2498,2497
4995,2502,2499,2494
4996,2498,2496,2512
4997,2513,2496,2499
4998,2512,2496,2513
4999,2501,2500,2331
5000,2495,2493,2503
5001,2493,2500,2504
5002,2576,2331,2332
5003,2576,2501,2331
5004,2332,2574,2576
5005,2504,2500,2501
5006,2493,2504,2503
5007,2494,2495,2505
5008,2494,2505,2502
5009,2495,2503,2505
5010,2502,2513,2499
5011,2505,2503,2587
5012,2506,2497,2507
5013,2509,2477,2475
5014,2475,2506,2510
5015,2509,2475,2510
5016,2497,2498,2514
5017,2507,2497,2514
5018,2514,2498,2512
5019,2510,2506,2507
5020,2476,2477,2511
5021,2476,2511,2508
5022,2511,2477,2509
5023,2482,2508,2520
5024,2529,2511,2509
5025,2514,2512,2515
5026,2588,2513,2502
5027,2589,2502,2505
5028,2589,2588,2502
5029,2512,2513,2591
5030,2512,2591,2515
5031,2513,2588,2591
5032,2510,2507,2516
5033,2507,2514,2517
5034,2517,2516,2507
5035,2509,2510,2532
5036,2516,2532,2510
5037,2515,2517,2514
5038,2481,2479,2521
5039,2521,2479,2480
5040,2519,2521,2480
5041,2481,2521,2522
5042,2483,2522,2525
5043,2484,2525,2526
5044,2522,2521,2523
5045,2523,2521,2519
5046,2525,2522,2524
5047,2520,2508,2531
5048,2508,2511,2530
5049,2533,2519,2520
5050,2520,2531,2533
5051,2522,2523,2524
5052,2533,2523,2519
5053,2527,2526,2525
5054,2525,2524,2527
5055,2527,2528,2526
5056,2529,2509,2532
5057,2530,2511,2529
5058,2508,2530,2531
5059,2516,2710,2532
5060,2716,2530,2529
5061,2532,2714,2529
5062,2724,2533,2531
5063,2535,2523,2533
5064,2524,2523,2535
5065,2536,2527,2524
5066,2531,2530,2715
5067,2715,2530,2716
5068,2724,2535,2533
5069,2524,2535,2536
5070,2531,2715,2724
5071,2537,2528,2527
5072,2536,2537,2527
5073,2534,2528,2537
5074,2528,2518,2526
5075,2491,2518,2538
5076,2538,2518,2528
5077,2539,2491,2538
5078,2491,2539,2492
5079,2492,2539,2540
5080,2538,2528,2534
5081,2541,2538,2534
5082,2539,2538,2541
5083,2542,2539,2541
5084,2539,2542,2540
5085,2540,2542,2543
5086,2542,2759,2543
5087,2485,2544,2014
5088,2544,2545,2015
5089,2545,2546,2016
5090,2546,2550,2553
5091,2485,2490,2544
5092,2490,2547,2544
5093,2544,2547,2545
5094,2547,2549,2545
5095,2545,2549,2546
5096,2549,2550,2546
5097,2490,2492,2547
5098,2548,2549,2547
5099,2548,2547,2492
5100,2551,2549,2548
5101,2551,2550,2549
5102,2552,2557,2550
5103,2552,2550,2551
5104,2546,2553,2017
5105,2018,2553,2554
5106,2553,2557,2554
5107,2554,2555,2019
5108,2554,2559,2555
5109,2559,2556,2555
5110,2555,2556,3364
5111,2550,2557,2553
5112,2554,2557,2559
5113,2559,2557,2558
5114,2561,2559,2558
5115,2558,2557,2552
5116,2556,2559,2561
5117,3369,2556,2560
5118,2560,2556,2561
5119,2565,2551,2548
5120,2566,2552,2551
5121,2558,2552,2567
5122,2567,2552,2566
5123,2562,2558,2567
5124,2561,2558,2562
5125,2562,2563,2561
5126,2560,2561,2563
5127,2563,2564,2560
5128,3370,2560,2564
5129,2564,2573,3382
5130,2492,2540,2548
5131,2565,2548,2540
5132,2566,2551,2565
5133,2567,2566,2570
5134,2562,2567,2569
5135,2540,2543,2565
5136,2568,2566,2565
5137,2570,2566,2568
5138,2568,2565,2543
5139,2543,2760,2568
5140,2570,2568,2922
5141,2569,2567,2570
5142,2569,2570,2923
5143,2571,2569,2924
5144,2562,2571,2563
5145,2563,2572,2564
5146,2571,2562,2569
5147,2571,2572,2563
5148,2571,2954,2572
5149,2954,2955,2572
5150,2572,2573,2564
5151,2572,2955,2573
5152,2573,2955,2956
5153,2573,2956,3392
5154,2574,2575,2577
5155,2579,2501,2576
5156,2578,2576,2574
5157,2575,2386,2583
5158,2583,2386,2582
5159,2574,2577,2578
5160,2575,2583,2577
5161,2504,2501,2580
5162,2580,2501,2579
5163,2503,2504,2590
5164,2503,2590,2587
5165,2590,2504,2580
5166,2578,2579,2576
5167,2580,2579,2594
5168,2582,2389,2581
5169,2582,2581,2584
5170,2583,2582,2585
5171,2602,2396,2399
5172,2603,2581,2396
5173,2602,2603,2396
5174,2584,2581,2603
5175,2596,2578,2577
5176,2577,2583,2586
5177,2597,2579,2578
5178,2577,2586,2596
5179,2596,2597,2578
5180,2585,2582,2584
5181,2586,2583,2585
5182,2505,2587,2589
5183,2590,2580,2595
5184,2587,2590,2598
5185,2599,2589,2587
5186,2587,2598,2599
5187,2592,2588,2589
5188,2591,2588,2593
5189,2515,2711,2517
5190,2712,2515,2591
5191,2588,2592,2593
5192,2599,2592,2589
5193,2591,2593,2712
5194,2594,2579,2597
5195,2595,2580,2594
5196,2598,2590,2595
5197,2633,2596,2586
5198,2634,2597,2596
5199,2594,2597,2637
5200,2595,2594,2638
5201,2717,2599,2598
5202,2718,2592,2599
5203,2598,2595,2639
5204,2637,2638,2594
5205,2638,2639,2595
5206,2639,2717,2598
5207,2717,2718,2599
5208,2601,2397,2600
5209,2399,2601,2602
5210,2604,2602,2601
5211,2600,2412,2609
5212,2607,2609,2412
5213,2601,2600,2613
5214,2613,2604,2601
5215,2609,2613,2600
5216,2584,2603,2605
5217,2606,2603,2602
5218,2585,2584,2635
5219,2586,2585,2636
5220,2605,2635,2584
5221,2604,2606,2602
5222,2606,2605,2603
5223,2608,2607,2414
5224,2612,2608,2610
5225,2608,2614,2607
5226,2607,2615,2609
5227,2608,2611,2614
5228,2612,2611,2608
5229,2618,2611,2612
5230,2612,2610,2623
5231,2618,2612,2622
5232,2613,2652,2604
5233,2609,2616,2613
5234,2604,2653,2606
5235,2616,2652,2613
5236,2652,2653,2604
5237,2614,2615,2607
5238,2615,2616,2609
5239,2619,2615,2617
5240,2614,2611,2618
5241,2614,2617,2615
5242,2614,2618,2617
5243,2619,2616,2615
5244,2620,2652,2616
5245,2620,2616,2619
5246,2618,2630,2617
5247,2617,2631,2619
5248,2626,2620,2619
5249,2621,2623,2610
5250,2417,2624,2621
5251,2621,2624,2623
5252,2622,2623,2625
5253,2612,2623,2622
5254,2623,2624,2625
5255,2622,2625,2632
5256,2660,2620,2626
5257,2631,2628,2626
5258,2629,2660,2626
5259,2631,2627,2628
5260,2629,2626,2628
5261,2618,2622,2630
5262,2617,2630,2631
5263,2632,2630,2622
5264,2630,2627,2631
5265,2626,2619,2631
5266,2632,2627,2630
5267,2636,2633,2586
5268,2635,2636,2585
5269,2633,2634,2596
5270,2634,2637,2597
5271,2606,2647,2605
5272,2605,2648,2635
5273,2636,2654,2633
5274,2635,2655,2636
5275,2637,2775,2638
5276,2638,2777,2639
5277,2633,2656,2634
5278,2634,2803,2637
5279,2655,2654,2636
5280,2654,2656,2633
5281,2803,2775,2637
5282,2634,2656,2803
5283,2640,2659,2642
5284,2644,2641,2667
5285,2659,2641,2642
5286,2640,2642,2791
5287,2642,2641,2646
5288,2645,2791,2642
5289,2644,2667,2643
5290,2641,2644,2646
5291,2642,2646,2645
5292,2647,2648,2605
5293,2606,2653,2647
5294,2647,2653,2650
5295,2650,2653,2649
5296,2648,2655,2635
5297,2647,2651,2648
5298,2647,2650,2651
5299,2657,2648,2651
5300,2660,2649,2620
5301,2650,2649,2661
5302,2651,2663,2657
5303,2650,2662,2651
5304,2649,2653,2652
5305,2649,2652,2620
5306,2658,2654,2655
5307,2658,2655,2657
5308,2659,2654,2658
5309,2657,2655,2648
5310,2659,2656,2654
5311,2803,2656,2640
5312,2640,2656,2659
5313,2667,2658,2657
5314,2641,2659,2658
5315,2665,2662,2661
5316,2649,2660,2661
5317,2650,2661,2662
5318,2661,2660,2664
5319,2651,2662,2663
5320,2662,2666,2663
5321,2661,2664,2665
5322,2660,2629,2664
5323,2665,2666,2662
5324,2663,2666,2643
5325,2667,2657,2663
5326,2641,2658,2667
5327,2663,2643,2667
5328,2684,2668,2696
5329,2419,2669,2417
5330,2417,2669,2624
5331,2419,2680,2669
5332,2676,2671,2670
5333,2670,2675,2676
5334,2625,2624,2670
5335,2671,2632,2625
5336,2624,2669,2670
5337,2625,2670,2671
5338,2669,2680,2675
5339,2670,2669,2675
5340,2672,2627,2632
5341,2671,2672,2632
5342,2672,2674,2627
5343,2629,2673,2708
5344,2627,2674,2628
5345,2628,2673,2629
5346,2628,2674,2673
5347,2682,2672,2671
5348,2676,2682,2671
5349,2681,2674,2672
5350,2682,2681,2672
5351,2674,2683,2673
5352,2681,2683,2674
5353,2708,2673,2684
5354,2673,2683,2684
5355,2677,2680,2422
5356,2675,2680,2678
5357,2676,2675,2679
5358,2678,2680,2677
5359,2679,2675,2678
5360,2685,2676,2679
5361,2681,2682,2686
5362,2682,2676,2685
5363,2687,2683,2681
5364,2684,2683,2668
5365,2686,2682,2685
5366,2687,2681,2686
5367,2668,2683,2687
5368,2666,2689,2643
5369,2688,2689,2666
5370,2693,2694,2709
5371,2694,2695,2688
5372,2694,2688,2709
5373,2695,2689,2688
5374,2695,2704,2689
5375,2643,2691,2644
5376,2646,2644,2690
5377,2643,2689,2691
5378,2644,2691,2690
5379,2692,2645,2646
5380,2646,2690,2692
5381,2692,2816,2645
5382,2691,2704,2705
5383,2690,2705,2706
5384,2690,2691,2705
5385,2689,2704,2691
5386,2706,2692,2690
5387,2706,2700,2692
5388,2700,2816,2692
5389,2684,2696,2693
5390,2697,2694,2693
5391,2699,2704,2695
5392,2698,2695,2694
5393,2697,2693,2696
5394,2699,2695,2698
5395,2698,2694,2697
5396,2702,2700,2706
5397,2703,2820,2700
5398,2702,2706,2701
5399,2703,2700,2702
5400,2705,2704,2707
5401,2705,2701,2706
5402,2707,2704,2699
5403,2705,2707,2701
5404,2664,2629,2708
5405,2709,2665,2664
5406,2664,2708,2709
5407,2688,2666,2665
5408,2709,2688,2665
5409,2693,2709,2708
5410,2708,2684,2693
5411,2517,2713,2516
5412,2712,2711,2515
5413,2711,2713,2517
5414,2713,2710,2516
5415,2532,2710,2714
5416,2711,2721,2713
5417,2716,2529,2714
5418,2710,2730,2714
5419,2713,2722,2710
5420,2714,2731,2716
5421,2714,2730,2731
5422,2593,2592,2719
5423,2720,2712,2593
5424,2723,2711,2712
5425,2593,2719,2720
5426,2720,2723,2712
5427,2592,2718,2719
5428,2723,2721,2711
5429,2721,2722,2713
5430,2710,2722,2730
5431,2782,2720,2719
5432,2804,2723,2720
5433,2721,2806,2722
5434,2805,2721,2723
5435,2732,2715,2716
5436,2725,2724,2715
5437,2727,2536,2535
5438,2727,2535,2724
5439,2727,2726,2536
5440,2726,2537,2536
5441,2725,2715,2732
5442,2732,2716,2731
5443,2725,2727,2724
5444,2534,2537,2728
5445,2726,2728,2537
5446,2728,2729,2534
5447,2730,2811,2731
5448,2731,2734,2732
5449,2722,2807,2730
5450,2805,2806,2721
5451,2722,2806,2807
5452,2731,2811,2734
5453,2730,2807,2811
5454,2733,2810,2741
5455,2727,2736,2726
5456,2725,2736,2727
5457,2735,2725,2732
5458,2726,2736,2738
5459,2726,2738,2728
5460,2735,2732,2734
5461,2734,2811,2737
5462,2737,2811,2733
5463,2739,2734,2737
5464,2735,2736,2725
5465,2735,2734,2739
5466,2738,2736,2735
5467,2738,2735,2739
5468,2737,2733,2747
5469,2739,2737,2746
5470,2738,2739,2748
5471,2740,2812,2743
5472,2810,2740,2741
5473,2741,2747,2733
5474,2745,2741,2740
5475,2741,2744,2747
5476,2812,2742,2743
5477,2740,2743,2745
5478,2745,2744,2741
5479,2728,2748,2729
5480,2738,2748,2728
5481,2748,2750,2729
5482,2747,2749,2746
5483,2746,2750,2748
5484,2747,2746,2737
5485,2746,2748,2739
5486,2744,2749,2747
5487,2749,2750,2746
5488,2542,2541,2758
5489,2543,2759,2760
5490,2752,2753,2819
5491,2751,2753,2769
5492,2819,2753,2751
5493,2755,2752,2827
5494,2757,2753,2752
5495,2769,2753,2756
5496,2755,2827,2754
5497,2757,2752,2755
5498,2756,2753,2757
5499,2541,2534,2729
5500,2729,2758,2541
5501,2758,2759,2542
5502,2729,2750,2758
5503,2758,2764,2759
5504,2759,2774,2760
5505,2764,2774,2759
5506,2743,2742,2761
5507,2762,2745,2743
5508,2742,2751,2761
5509,2743,2761,2762
5510,2763,2744,2745
5511,2762,2763,2745
5512,2763,2765,2744
5513,2768,2770,2762
5514,2761,2751,2769
5515,2761,2769,2768
5516,2768,2762,2761
5517,2770,2771,2763
5518,2770,2763,2762
5519,2771,2765,2763
5520,2771,2774,2765
5521,2750,2764,2758
5522,2744,2765,2749
5523,2749,2764,2750
5524,2765,2764,2749
5525,2765,2774,2764
5526,2767,2774,2771
5527,2760,2774,2767
5528,2767,2771,2766
5529,2769,2772,2768
5530,2773,2770,2768
5531,2766,2771,2770
5532,2769,2756,2772
5533,2773,2768,2772
5534,2766,2770,2773
5535,2639,2776,2717
5536,2717,2786,2718
5537,2719,2718,2787
5538,2776,2786,2717
5539,2718,2786,2787
5540,2775,2777,2638
5541,2777,2776,2639
5542,2803,2778,2775
5543,2779,2777,2775
5544,2803,2640,2778
5545,2779,2775,2778
5546,2780,2776,2777
5547,2781,2786,2776
5548,2781,2776,2780
5549,2780,2777,2779
5550,2640,2791,2778
5551,2778,2790,2779
5552,2792,2780,2779
5553,2793,2781,2780
5554,2719,2787,2782
5555,2787,2783,2784
5556,2782,2804,2720
5557,2804,2805,2723
5558,2787,2784,2782
5559,2785,2804,2782
5560,2785,2782,2784
5561,2808,2804,2785
5562,2783,2781,2796
5563,2783,2797,2784
5564,2799,2808,2785
5565,2784,2798,2785
5566,2787,2786,2783
5567,2783,2786,2781
5568,2781,2793,2796
5569,2796,2793,2789
5570,2793,2788,2789
5571,2792,2779,2790
5572,2791,2794,2790
5573,2790,2795,2792
5574,2778,2791,2790
5575,2793,2780,2792
5576,2788,2793,2792
5577,2645,2794,2791
5578,2790,2794,2795
5579,2788,2792,2795
5580,2783,2796,2797
5581,2800,2797,2796
5582,2799,2785,2798
5583,2797,2801,2798
5584,2798,2802,2799
5585,2784,2797,2798
5586,2796,2789,2800
5587,2800,2801,2797
5588,2798,2801,2802
5589,2742,2799,2802
5590,2809,2806,2805
5591,2809,2805,2808
5592,2808,2805,2804
5593,2807,2806,2810
5594,2811,2807,2733
5595,2810,2806,2809
5596,2733,2807,2810
5597,2812,2809,2808
5598,2810,2809,2740
5599,2812,2808,2799
5600,2809,2812,2740
5601,2742,2812,2799
5602,2795,2813,2814
5603,2795,2814,2788
5604,2789,2788,2815
5605,2788,2814,2815
5606,2789,2815,2817
5607,2820,2813,2816
5608,2700,2820,2816
5609,2813,2821,2814
5610,2820,2821,2813
5611,2823,2817,2815
5612,2815,2822,2823
5613,2815,2814,2822
5614,2814,2821,2822
5615,2816,2794,2645
5616,2794,2813,2795
5617,2816,2813,2794
5618,2818,2801,2800
5619,2817,2818,2800
5620,2817,2800,2789
5621,2801,2819,2802
5622,2802,2751,2742
5623,2818,2819,2801
5624,2802,2819,2751
5625,2827,2818,2817
5626,2823,2827,2817
5627,2827,2752,2818
5628,2752,2819,2818
5629,2824,2821,2820
5630,2822,2821,2825
5631,2822,2826,2823
5632,2825,2821,2824
5633,2824,2820,2703
5634,2822,2825,2826
5635,2754,2823,2826
5636,2754,2827,2823
5637,2883,2828,2934
5638,2886,2830,2828
5639,2828,2831,2934
5640,2829,2830,2886
5641,2828,2830,2831
5642,2835,2829,2915
5643,2915,2834,2835
5644,2835,2836,2829
5645,2836,2830,2829
5646,2831,2830,2837
5647,2837,2830,2836
5648,2831,2837,2970
5649,2834,2919,2833
5650,2919,2832,2833
5651,3477,2832,2921
5652,3479,2838,2833
5653,2833,2832,3478
5654,2838,2835,2834
5655,2834,2833,2838
5656,2839,2836,2835
5657,2838,2839,2835
5658,2970,2837,2841
5659,2841,2837,2840
5660,2840,2837,2836
5661,2840,2836,2839
5662,2839,3488,2840
5663,3487,2839,2838
5664,3489,2841,2840
5665,2973,2841,3484
5666,2668,2687,2843
5667,2668,2865,2696
5668,2687,2842,2843
5669,2668,2843,2865
5670,2857,2847,2842
5671,2846,2847,2857
5672,2842,2847,2849
5673,2843,2842,2849
5674,2848,2865,2843
5675,2843,2849,2848
5676,2861,2845,2846
5677,2844,2845,2861
5678,2888,2844,2863
5679,2889,2845,2844
5680,2846,2850,2847
5681,2849,2847,2851
5682,2852,2848,2849
5683,2851,2850,2892
5684,2845,2850,2846
5685,2847,2850,2851
5686,2845,2891,2850
5687,2849,2851,2852
5688,2852,2879,2848
5689,2893,2852,2851
5690,2890,2879,2852
5691,2853,2677,2423
5692,2678,2677,2854
5693,2677,2853,2854
5694,2685,2679,2856
5695,2855,2856,2679
5696,2679,2678,2855
5697,2678,2854,2855
5698,2854,2858,2860
5699,2854,2853,2858
5700,2853,2859,2858
5701,2860,2855,2854
5702,2855,2861,2856
5703,2860,2861,2855
5704,2861,2846,2856
5705,2686,2685,2857
5706,2687,2686,2842
5707,2856,2857,2685
5708,2857,2842,2686
5709,2856,2846,2857
5710,2858,2859,2862
5711,2863,2860,2858
5712,2844,2861,2860
5713,2859,2447,2862
5714,2858,2862,2863
5715,2862,2447,2910
5716,2887,2863,2862
5717,2863,2844,2860
5718,2867,2873,2868
5719,2867,2872,2873
5720,2866,2697,2864
5721,2696,2864,2697
5722,2696,2865,2864
5723,2866,2698,2697
5724,2867,2699,2698
5725,2867,2698,2866
5726,2868,2699,2867
5727,2865,2877,2864
5728,2864,2878,2866
5729,2848,2877,2865
5730,2864,2877,2878
5731,2872,2867,2866
5732,2872,2866,2878
5733,2707,2869,2701
5734,2869,2707,2868
5735,2701,2869,2871
5736,2983,2703,2870
5737,2701,2871,2702
5738,2870,2703,2702
5739,2870,2702,2871
5740,2881,2869,2868
5741,2869,2880,2871
5742,2881,2868,2873
5743,2880,2869,2881
5744,2871,2882,2870
5745,2883,2983,2870
5746,2871,2880,2882
5747,2883,2870,2882
5748,2868,2707,2699
5749,2878,2875,2872
5750,2872,2876,2873
5751,2878,2874,2875
5752,2911,2874,2879
5753,2874,2912,2875
5754,2876,2914,2884
5755,2872,2875,2876
5756,2873,2876,2884
5757,2875,2913,2876
5758,2879,2877,2848
5759,2877,2874,2878
5760,2879,2874,2877
5761,2885,2880,2881
5762,2873,2884,2881
5763,2880,2886,2882
5764,2882,2828,2883
5765,2885,2881,2884
5766,2886,2880,2885
5767,2884,2915,2885
5768,2829,2886,2885
5769,2882,2886,2828
5770,2887,2888,2863
5771,2888,2889,2844
5772,2887,2910,2895
5773,2910,2894,2895
5774,2887,2895,2897
5775,2896,2908,2889
5776,2888,2887,2897
5777,2896,2889,2888
5778,2888,2897,2896
5779,2890,2893,2903
5780,2903,2893,2902
5781,2917,2890,2903
5782,2850,2891,2892
5783,2889,2891,2845
5784,2851,2892,2893
5785,2893,2890,2852
5786,2908,2891,2889
5787,2892,2891,2909
5788,2909,2891,2908
5789,2902,2892,2909
5790,2893,2892,2902
5791,2895,2894,2899
5792,2899,2894,2452
5793,2897,2895,2898
5794,2895,2899,2898
5795,2900,2896,2897
5796,2897,2898,2900
5797,2901,2908,2896
5798,2900,2901,2896
5799,2898,2899,3548
5800,2899,2452,3547
5801,3549,2900,2898
5802,3543,2901,2900
5803,2902,2909,2905
5804,2909,2904,2905
5805,2903,2902,2907
5806,2905,2907,2902
5807,2917,2903,2906
5808,2907,2906,2903
5809,2904,2901,3551
5810,3552,2905,2904
5811,2907,3554,2906
5812,2905,3553,2907
5813,2909,2908,2904
5814,2908,2901,2904
5815,2862,2910,2887
5816,2910,2453,2894
5817,2890,2911,2879
5818,2911,2912,2874
5819,2876,2913,2914
5820,2875,2912,2913
5821,2918,2912,2916
5822,2911,2890,2917
5823,2916,2912,2911
5824,2916,2911,2917
5825,2913,2912,2918
5826,2914,2913,2919
5827,2913,2918,2919
5828,2914,2919,2834
5829,2884,2914,2915
5830,2829,2885,2915
5831,2915,2914,2834
5832,2916,2917,2920
5833,2906,2920,2917
5834,2918,2916,2921
5835,2916,2920,2921
5836,2919,2918,2832
5837,2918,2921,2832
5838,2906,3564,2920
5839,2921,2920,3476
5840,2760,2922,2568
5841,2922,2923,2570
5842,2923,2924,2569
5843,2924,2952,2954
5844,2826,2926,2754
5845,2826,2925,2926
5846,2932,2984,2931
5847,2932,2925,2984
5848,2925,2933,2926
5849,2933,2925,2932
5850,2926,2933,2942
5851,2949,2930,2938
5852,2928,2755,2754
5853,2927,2757,2755
5854,2928,2754,2926
5855,2927,2755,2928
5856,2929,2756,2757
5857,2756,2930,2772
5858,2929,2757,2927
5859,2930,2756,2929
5860,2943,2927,2928
5861,2943,2928,2942
5862,2927,2943,2944
5863,2926,2942,2928
5864,2927,2944,2929
5865,2938,2930,2929
5866,2938,2929,2944
5867,2883,2934,2931
5868,2931,2935,2932
5869,2933,2937,2942
5870,2936,2933,2932
5871,2935,2959,2936
5872,2931,2934,2935
5873,2936,2932,2935
5874,2934,2958,2935
5875,2937,2933,2936
5876,2942,2937,2945
5877,2960,2937,2936
5878,2937,2961,2945
5879,2944,2940,2938
5880,2941,2949,2938
5881,2939,2963,2940
5882,2944,2939,2940
5883,2941,2938,2940
5884,2940,2965,2941
5885,2964,2953,2941
5886,2942,2945,2943
5887,2943,2939,2944
5888,2943,2945,2939
5889,2945,2962,2939
5890,2760,2767,2922
5891,2922,2948,2923
5892,2948,2951,2923
5893,2923,2951,2924
5894,2951,2952,2924
5895,2947,2773,2946
5896,2767,2948,2922
5897,2947,2766,2773
5898,2948,2767,2766
5899,2948,2766,2947
5900,2930,2949,2946
5901,2946,2950,2947
5902,2946,2949,2950
5903,2951,2947,2950
5904,2951,2948,2947
5905,2772,2946,2773
5906,2772,2930,2946
5907,2950,2952,2951
5908,2949,2953,2950
5909,2950,2953,2952
5910,2953,2981,2952
5911,2953,2949,2941
5912,2924,2954,2571
5913,2954,2981,2955
5914,2955,2981,2982
5915,2955,2982,2956
5916,2956,2957,3573
5917,2956,2982,2957
5918,3576,2957,2980
5919,2974,2961,2966
5920,2935,2958,2959
5921,2934,2831,2958
5922,2960,2936,2959
5923,2960,2961,2937
5924,2958,2831,2970
5925,2959,2958,2971
5926,2958,2970,2971
5927,2959,2971,2972
5928,2972,2960,2959
5929,2966,2961,2960
5930,2972,2966,2960
5931,2939,2962,2963
5932,2940,2963,2965
5933,2964,2941,2965
5934,2962,2961,2974
5935,2963,2962,2975
5936,2962,2974,2975
5937,2963,2975,2976
5938,2977,2964,2965
5939,2965,2976,2977
5940,2977,2982,2964
5941,2965,2963,2976
5942,2945,2961,2962
5943,2968,2966,2972
5944,2967,2968,2972
5945,2969,2974,2966
5946,2969,2966,2968
5947,2978,2974,2969
5948,3583,2967,2973
5949,3584,2968,2967
5950,3586,2978,2969
5951,2968,3585,2969
5952,2971,2970,2973
5953,2970,2841,2973
5954,2967,2972,2971
5955,2971,2973,2967
5956,2975,2978,2979
5957,2976,2975,2979
5958,2976,2979,2980
5959,2975,2974,2978
5960,2980,2957,2977
5961,2980,2977,2976
5962,2957,2982,2977
5963,2979,2978,3591
5964,3575,2980,2979
5965,2952,2981,2954
5966,2964,2981,2953
5967,2982,2981,2964
5968,2983,2824,2703
5969,2984,2825,2824
5970,2984,2824,2983
5971,2825,2925,2826
5972,2925,2825,2984
5973,2983,2931,2984
5974,2983,2883,2931
5975,2985,2988,2349
5976,2986,2989,2985
5977,2987,2992,2986
5978,2989,2988,2985
5979,2353,2988,2990
5980,2988,2989,2991
5981,2988,2991,2990
5982,2986,2992,2989
5983,2997,2992,2987
5984,2989,2992,2993
5985,2989,2993,2991
5986,2993,2992,2999
5987,3003,2355,2990
5988,2990,2991,3004
5989,2991,2993,3007
5990,2997,2987,2994
5991,2995,2998,2994
5992,2996,3001,2995
5993,3027,3030,2996
5994,2997,2994,2998
5995,2999,2992,2997
5996,2997,2998,3000
5997,2999,2997,3000
5998,2993,2999,3011
5999,2999,3000,3012
6000,2995,3001,2998
6001,2996,3030,3001
6002,3000,2998,3002
6003,2998,3001,3002
6004,3002,3001,3032
6005,3001,3030,3032
6006,3000,3002,3015
6007,3002,3032,3092
6008,3011,2999,3012
6009,3015,3012,3000
6010,3092,3015,3002
6011,3005,2365,3003
6012,2990,3004,3003
6013,3006,3003,3004
6014,2367,3005,3020
6015,3006,3005,3003
6016,3009,3005,3006
6017,2991,3007,3004
6018,3004,3007,3008
6019,3007,2993,3011
6020,3008,3007,3013
6021,3004,3008,3006
6022,3010,3006,3008
6023,3009,3020,3005
6024,3010,3009,3006
6025,3017,3010,3008
6026,3007,3011,3013
6027,3013,3011,3014
6028,3011,3012,3014
6029,3008,3013,3017
6030,3018,3017,3013
6031,3013,3014,3018
6032,3014,3012,3016
6033,3015,3016,3012
6034,3092,3094,3015
6035,3094,3016,3015
6036,3014,3016,3019
6037,3019,3018,3014
6038,3094,3100,3016
6039,3100,3019,3016
6040,3100,3166,3019
6041,3020,3021,2375
6042,3009,3022,3020
6043,3022,3021,3020
6044,3021,3022,3230
6045,3010,3023,3009
6046,3009,3023,3022
6047,3022,3023,3232
6048,3024,3023,3010
6049,3017,3024,3010
6050,3025,3024,3017
6051,3018,3025,3017
6052,3238,3023,3024
6053,3239,3024,3025
6054,3019,3026,3018
6055,3026,3025,3018
6056,3166,3026,3019
6057,3025,3026,3242
6058,3025,3242,3239
6059,3026,3166,3274
6060,3026,3274,3242
6061,3028,3031,3027
6062,3029,3034,3028
6063,3034,3031,3028
6064,3036,3052,3029
6065,3052,3034,3029
6066,3027,3031,3030
6067,3032,3030,3033
6068,3030,3031,3033
6069,3032,3033,3093
6070,3035,3031,3034
6071,3033,3031,3035
6072,3034,3052,3054
6073,3035,3034,3054
6074,3097,3033,3035
6075,3035,3054,3075
6076,3093,3092,3032
6077,3093,3033,3097
6078,3097,3035,3075
6079,3053,3052,3036
6080,3037,3053,3036
6081,3056,3053,3037
6082,1763,3039,1820
6083,1820,3041,1819
6084,3040,3039,1763
6085,1820,3039,3041
6086,1819,3041,3038
6087,3044,1821,3038
6088,3039,3048,3041
6089,3042,3056,3037
6090,3043,3057,3042
6091,3038,3050,3044
6092,3051,3043,3044
6093,3041,3049,3038
6094,3038,3049,3050
6095,3042,3057,3056
6096,3051,3057,3043
6097,3051,3044,3050
6098,2134,3047,3040
6099,2141,3045,2134
6100,3040,3046,3039
6101,3047,3046,3040
6102,3039,3046,3048
6103,3063,3045,2141
6104,3045,3047,2134
6105,3041,3048,3049
6106,3051,3050,3062
6107,3065,3046,3047
6108,3048,3046,3066
6109,3050,3049,3059
6110,3049,3048,3077
6111,3077,3048,3066
6112,3059,3049,3077
6113,3054,3052,3055
6114,3052,3053,3055
6115,3055,3053,3058
6116,3054,3055,3076
6117,3053,3056,3058
6118,3060,3057,3051
6119,3056,3057,3061
6120,3058,3056,3061
6121,3061,3057,3060
6122,3062,3050,3059
6123,3060,3051,3062
6124,3055,3058,3080
6125,3058,3061,3081
6126,3082,3061,3060
6127,3081,3080,3058
6128,3063,2158,3064
6129,3045,3063,3067
6130,3047,3045,3068
6131,3068,3045,3067
6132,2158,2159,3071
6133,3064,2158,3071
6134,3071,2159,3069
6135,3067,3063,3064
6136,3066,3046,3065
6137,3065,3047,3068
6138,3087,3066,3065
6139,3068,3067,3085
6140,3065,3068,3086
6141,3069,2157,3070
6142,3071,3069,3072
6143,3115,3070,2164
6144,2166,3116,2164
6145,3120,3069,3070
6146,3120,3070,3115
6147,3064,3071,3073
6148,3067,3064,3074
6149,3073,3074,3064
6150,3085,3086,3068
6151,3074,3085,3067
6152,3073,3071,3072
6153,3072,3069,3120
6154,3076,3075,3054
6155,3080,3076,3055
6156,3077,3066,3078
6157,3059,3077,3079
6158,3062,3059,3083
6159,3060,3062,3084
6160,3079,3083,3059
6161,3087,3065,3086
6162,3078,3066,3087
6163,3078,3079,3077
6164,3081,3061,3082
6165,3082,3060,3084
6166,3083,3084,3062
6167,3106,3081,3082
6168,3079,3088,3083
6169,3084,3108,3082
6170,3083,3109,3084
6171,3084,3109,3108
6172,3086,3089,3087
6173,3090,3078,3087
6174,3085,3132,3086
6175,3074,3128,3085
6176,3073,3127,3074
6177,3128,3132,3085
6178,3086,3132,3089
6179,3078,3091,3079
6180,3091,3078,3090
6181,3091,3088,3079
6182,3088,3109,3083
6183,3090,3087,3089
6184,3091,3173,3088
6185,3171,3091,3090
6186,3095,3094,3092
6187,3093,3095,3092
6188,3096,3100,3094
6189,3095,3096,3094
6190,3098,3093,3097
6191,3095,3093,3098
6192,3075,3101,3097
6193,3098,3097,3101
6194,3099,3095,3098
6195,3096,3095,3099
6196,3101,3103,3098
6197,3099,3098,3103
6198,3096,3167,3100
6199,3169,3096,3099
6200,3103,3184,3099
6201,3075,3102,3101
6202,3076,3102,3075
6203,3105,3102,3076
6204,3101,3104,3103
6205,3102,3104,3101
6206,3102,3111,3104
6207,3080,3105,3076
6208,3081,3107,3080
6209,3107,3105,3080
6210,3107,3081,3106
6211,3106,3082,3108
6212,3109,3110,3108
6213,3107,3112,3105
6214,3113,3107,3106
6215,3108,3114,3106
6216,3113,3106,3114
6217,3088,3172,3109
6218,3173,3172,3088
6219,3108,3110,3114
6220,3109,3172,3110
6221,3105,3111,3102
6222,3111,3188,3104
6223,3112,3111,3105
6224,3112,3107,3113
6225,3114,3175,3113
6226,3189,3112,3113
6227,3112,3190,3111
6228,3103,3185,3184
6229,3104,3185,3103
6230,3104,3188,3185
6231,3111,3190,3188
6232,3189,3190,3112
6233,3398,3401,2180
6234,2208,3401,3406
6235,2166,3119,3116
6236,3119,2167,3117
6237,3115,2164,3116
6238,3119,3125,3116
6239,3119,3117,3123
6240,3131,3120,3115
6241,3073,3072,3129
6242,3072,3120,3130
6243,3116,3124,3115
6244,3116,3125,3124
6245,3130,3120,3131
6246,3131,3115,3124
6247,3122,3118,2204
6248,3121,2204,2203
6249,3117,3118,3126
6250,3123,3117,3126
6251,3126,3118,3122
6252,2203,3142,3121
6253,3142,2202,3144
6254,3121,3122,2204
6255,3125,3119,3123
6256,3125,3136,3124
6257,3126,3122,3145
6258,3125,3123,3154
6259,3123,3126,3155
6260,3155,3154,3123
6261,3127,3128,3074
6262,3127,3073,3129
6263,3129,3072,3130
6264,3127,3140,3128
6265,3129,3130,3138
6266,3127,3129,3139
6267,3128,3134,3132
6268,3132,3133,3089
6269,3089,3174,3090
6270,3171,3090,3174
6271,3089,3133,3174
6272,3139,3140,3127
6273,3140,3134,3128
6274,3132,3134,3133
6275,3130,3131,3135
6276,3124,3137,3131
6277,3138,3139,3129
6278,3137,3135,3131
6279,3135,3138,3130
6280,3124,3136,3137
6281,3154,3136,3125
6282,3139,3205,3140
6283,3140,3180,3134
6284,3135,3156,3138
6285,3138,3204,3139
6286,3204,3205,3139
6287,2209,3406,3141
6288,3142,3144,3153
6289,3147,3121,3142
6290,3151,2213,2214
6291,3143,2213,3149
6292,3144,3143,3152
6293,3152,3153,3144
6294,3146,3122,3121
6295,3147,3146,3121
6296,3145,3155,3126
6297,3146,3145,3122
6298,3153,3147,3142
6299,3148,2215,3141
6300,3150,2212,3148
6301,3150,3151,2214
6302,3151,3149,2213
6303,3149,3152,3143
6304,3147,3164,3146
6305,3153,3163,3147
6306,3152,3162,3153
6307,3149,3414,3152
6308,3151,3410,3149
6309,3150,3411,3151
6310,3410,3414,3149
6311,3414,3162,3152
6312,3136,3159,3137
6313,3154,3157,3136
6314,3145,3160,3155
6315,3146,3161,3145
6316,3155,3165,3154
6317,3165,3157,3154
6318,3160,3165,3155
6319,3137,3158,3135
6320,3137,3159,3158
6321,3156,3204,3138
6322,3158,3156,3135
6323,3157,3159,3136
6324,3163,3164,3147
6325,3146,3164,3161
6326,3161,3160,3145
6327,3162,3163,3153
6328,3416,3164,3163
6329,3215,3165,3160
6330,3214,3157,3165
6331,3212,3159,3157
6332,3161,3431,3160
6333,3161,3164,3415
6334,3214,3165,3215
6335,3215,3160,3431
6336,3161,3415,3431
6337,3100,3167,3166
6338,3166,3168,3274
6339,3166,3167,3168
6340,3169,3167,3096
6341,3169,3099,3184
6342,3170,3167,3169
6343,3168,3167,3170
6344,3186,3169,3184
6345,3186,3170,3169
6346,3173,3091,3171
6347,3173,3176,3172
6348,3133,3179,3174
6349,3182,3173,3171
6350,3174,3183,3171
6351,3182,3171,3183
6352,3110,3177,3114
6353,3172,3178,3110
6354,3110,3178,3177
6355,3189,3113,3175
6356,3114,3177,3175
6357,3172,3176,3178
6358,3182,3176,3173
6359,3134,3181,3133
6360,3134,3180,3181
6361,3174,3179,3183
6362,3133,3181,3179
6363,3205,3180,3140
6364,3181,3180,3207
6365,3198,3176,3182
6366,3178,3176,3197
6367,3182,3183,3199
6368,3183,3179,3200
6369,3179,3181,3206
6370,3198,3182,3199
6371,3199,3183,3200
6372,3200,3179,3206
6373,3184,3185,3187
6374,3184,3187,3186
6375,3185,3191,3187
6376,3185,3188,3191
6377,3188,3190,3192
6378,3193,3190,3189
6379,3175,3177,3195
6380,3189,3175,3194
6381,3177,3178,3196
6382,3195,3177,3196
6383,3193,3189,3194
6384,3194,3175,3195
6385,3187,3191,3296
6386,3188,3192,3191
6387,3192,3190,3193
6388,3191,3192,3295
6389,3297,3192,3193
6390,3193,3194,3298
6391,3196,3178,3197
6392,3197,3176,3198
6393,3196,3197,3203
6394,3219,3197,3198
6395,3198,3199,3220
6396,3194,3195,3201
6397,3195,3196,3202
6398,3297,3193,3298
6399,3201,3298,3194
6400,3202,3201,3195
6401,3203,3202,3196
6402,3203,3197,3219
6403,3204,3156,3209
6404,3210,3180,3205
6405,3205,3204,3208
6406,3156,3158,3211
6407,3158,3159,3213
6408,3211,3158,3213
6409,3208,3204,3209
6410,3209,3156,3211
6411,3207,3180,3210
6412,3206,3181,3207
6413,3210,3205,3208
6414,3223,3207,3210
6415,3210,3208,3224
6416,3213,3159,3212
6417,3212,3157,3214
6418,3434,3214,3215
6419,3432,3212,3214
6420,3209,3211,3225
6421,3211,3213,3216
6422,3208,3209,3222
6423,3225,3222,3209
6424,3213,3212,3433
6425,3433,3212,3432
6426,3216,3225,3211
6427,3216,3213,3433
6428,3199,3200,3221
6429,3206,3207,3218
6430,3200,3206,3217
6431,3221,3220,3199
6432,3217,3221,3200
6433,3223,3210,3224
6434,3218,3207,3223
6435,3218,3217,3206
6436,3219,3198,3220
6437,3307,3203,3219
6438,3220,3306,3219
6439,3218,3226,3217
6440,3217,3311,3221
6441,3221,3312,3220
6442,3311,3312,3221
6443,3222,3224,3208
6444,3224,3228,3223
6445,3216,3446,3225
6446,3222,3447,3224
6447,3225,3445,3222
6448,3227,3218,3223
6449,3227,3223,3228
6450,3226,3311,3217
6451,3226,3218,3227
6452,3224,3447,3228
6453,3445,3447,3222
6454,2377,3021,3229
6455,3021,3230,3229
6456,3234,2435,3229
6457,3229,3230,3231
6458,3229,3231,3234
6459,3022,3232,3230
6460,3230,3232,3233
6461,3232,3023,3238
6462,3230,3233,3231
6463,3233,3232,3240
6464,3231,3233,3237
6465,3235,2437,3234
6466,3236,3234,3231
6467,3236,3235,3234
6468,2442,3235,3251
6469,3250,3235,3236
6470,3250,3251,3235
6471,3231,3237,3236
6472,3237,3233,3244
6473,3257,3236,3237
6474,3257,3250,3236
6475,3246,3257,3237
6476,3239,3238,3024
6477,3232,3238,3240
6478,3241,3238,3239
6479,3240,3238,3241
6480,3240,3241,3245
6481,3243,3239,3242
6482,3242,3275,3243
6483,3242,3274,3275
6484,3243,3241,3239
6485,3248,3241,3243
6486,3278,3243,3275
6487,3233,3240,3244
6488,3244,3240,3245
6489,3245,3241,3248
6490,3278,3248,3243
6491,3237,3244,3246
6492,3247,3246,3244
6493,3244,3245,3247
6494,3245,3248,3249
6495,3281,3248,3278
6496,3249,3247,3245
6497,3281,3249,3248
6498,3281,3353,3249
6499,3251,3252,2450
6500,3250,3254,3251
6501,3253,2451,3252
6502,3547,2452,3253
6503,3254,3252,3251
6504,3547,3253,3256
6505,3255,3256,3253
6506,3253,3252,3255
6507,3254,3255,3252
6508,3257,3258,3250
6509,3268,3258,3257
6510,3558,3260,3263
6511,3250,3258,3254
6512,3254,3258,3259
6513,3254,3259,3255
6514,3255,3260,3256
6515,3259,3260,3255
6516,3260,3558,3256
6517,3259,3258,3261
6518,3260,3259,3262
6519,3246,3268,3257
6520,3247,3264,3246
6521,3264,3268,3246
6522,3261,3268,3265
6523,3259,3261,3262
6524,3260,3262,3263
6525,3262,3261,3266
6526,3263,3262,3267
6527,3265,3268,3264
6528,3262,3266,3267
6529,3266,3261,3265
6530,3263,3267,3569
6531,3261,3258,3268
6532,3249,3269,3247
6533,3269,3264,3247
6534,3353,3269,3249
6535,3265,3264,3270
6536,3270,3264,3269
6537,3271,3265,3270
6538,3272,3569,3267
6539,3273,3266,3271
6540,3267,3273,3272
6541,3266,3265,3271
6542,3267,3266,3273
6543,3271,3270,3356
6544,3355,3356,3270
6545,3270,3269,3355
6546,3353,3355,3269
6547,3273,3271,3357
6548,3358,3272,3273
6549,3356,3357,3271
6550,3357,3358,3273
6551,3358,3610,3272
6552,3274,3276,3275
6553,3274,3168,3276
6554,3275,3279,3278
6555,3275,3276,3279
6556,3168,3170,3277
6557,3291,3170,3186
6558,3276,3168,3277
6559,3277,3170,3291
6560,3276,3277,3280
6561,3279,3276,3280
6562,3277,3291,3293
6563,3280,3277,3293
6564,3279,3280,3286
6565,3280,3293,3318
6566,3282,3278,3279
6567,3282,3281,3278
6568,3282,3354,3281
6569,3358,3284,3610
6570,3285,3284,3358
6571,3286,3282,3279
6572,3318,3286,3280
6573,3286,3361,3282
6574,3361,3354,3282
6575,3318,3363,3286
6576,3363,3361,3286
6577,3323,3362,3320
6578,3283,3360,3288
6579,3360,3287,3288
6580,3289,3285,3283
6581,3283,3288,3289
6582,3290,3284,3285
6583,3289,3290,3285
6584,3630,3284,3290
6585,3287,3362,3323
6586,3288,3287,3324
6587,3287,3323,3324
6588,3288,3324,3327
6589,3630,3290,3325
6590,3325,3290,3326
6591,3327,3289,3288
6592,3326,3290,3289
6593,3327,3326,3289
6594,3292,3186,3187
6595,3187,3296,3292
6596,3292,3291,3186
6597,3293,3291,3294
6598,3294,3291,3292
6599,3299,3294,3292
6600,3191,3295,3296
6601,3295,3192,3297
6602,3299,3292,3296
6603,3296,3295,3300
6604,3301,3295,3297
6605,3298,3302,3297
6606,3201,3308,3298
6607,3202,3304,3201
6608,3301,3297,3302
6609,3304,3308,3201
6610,3298,3308,3302
6611,3296,3300,3299
6612,3300,3295,3301
6613,3334,3300,3301
6614,3303,3299,3300
6615,3302,3335,3301
6616,3319,3318,3293
6617,3293,3294,3319
6618,3333,3319,3294
6619,3333,3294,3299
6620,3303,3333,3299
6621,3303,3300,3334
6622,3203,3305,3202
6623,3305,3304,3202
6624,3305,3203,3307
6625,3307,3219,3306
6626,3220,3312,3306
6627,3313,3305,3307
6628,3306,3314,3307
6629,3308,3336,3302
6630,3304,3309,3308
6631,3334,3301,3335
6632,3302,3336,3335
6633,3308,3309,3336
6634,3305,3310,3304
6635,3310,3305,3313
6636,3310,3309,3304
6637,3312,3315,3306
6638,3311,3316,3312
6639,3312,3316,3315
6640,3666,3226,3227
6641,3226,3317,3311
6642,3228,3667,3227
6643,3317,3316,3311
6644,3317,3226,3666
6645,3313,3307,3314
6646,3306,3315,3314
6647,3314,3348,3313
6648,3315,3705,3314
6649,3316,3706,3315
6650,3321,3363,3318
6651,3320,3363,3322
6652,3323,3320,3330
6653,3319,3321,3318
6654,3337,3321,3319
6655,3322,3363,3321
6656,3330,3320,3322
6657,3322,3321,3339
6658,3330,3322,3338
6659,3686,3332,3345
6660,3324,3323,3328
6661,3329,3327,3324
6662,3331,3326,3327
6663,3325,3326,3332
6664,3324,3328,3329
6665,3328,3330,3349
6666,3350,3329,3328
6667,3328,3323,3330
6668,3332,3326,3331
6669,3329,3331,3327
6670,3686,3325,3332
6671,3351,3331,3329
6672,3332,3331,3344
6673,3341,3303,3334
6674,3303,3340,3333
6675,3335,3343,3334
6676,3336,3342,3335
6677,3309,3352,3336
6678,3335,3342,3343
6679,3336,3352,3342
6680,3333,3337,3319
6681,3338,3349,3330
6682,3337,3339,3321
6683,3339,3338,3322
6684,3333,3340,3337
6685,3341,3340,3303
6686,3341,3334,3343
6687,3337,3340,3341
6688,3339,3343,3338
6689,3338,3342,3349
6690,3341,3343,3339
6691,3343,3342,3338
6692,3337,3341,3339
6693,3344,3345,3332
6694,3310,3346,3309
6695,3347,3310,3313
6696,3347,3346,3310
6697,3309,3346,3352
6698,3314,3705,3348
6699,3347,3313,3348
6700,3315,3706,3705
6701,3351,3347,3344
6702,3344,3348,3345
6703,3351,3346,3347
6704,3347,3348,3344
6705,3348,3705,3345
6706,3349,3350,3328
6707,3350,3351,3329
6708,3351,3344,3331
6709,3349,3352,3350
6710,3350,3346,3351
6711,3342,3352,3349
6712,3352,3346,3350
6713,3281,3354,3353
6714,3353,3354,3359
6715,3353,3359,3355
6716,3355,3360,3356
6717,3356,3283,3357
6718,3357,3285,3358
6719,3359,3360,3355
6720,3360,3283,3356
6721,3283,3285,3357
6722,3359,3354,3362
6723,3362,3354,3361
6724,3362,3361,3320
6725,3320,3361,3363
6726,3360,3359,3287
6727,3359,3362,3287
6728,2555,3364,2216
6729,3364,3365,2217
6730,2556,3369,3364
6731,3364,3369,3365
6732,3369,3366,3365
6733,3365,3367,2056
6734,3365,3366,3367
6735,3366,3368,3367
6736,3367,3368,3373
6737,3366,3369,3370
6738,3371,3366,3370
6739,3370,3369,2560
6740,3371,3368,3366
6741,3372,3368,3371
6742,3375,3368,3372
6743,3379,3372,3384
6744,3367,3373,2062
6745,2063,3373,3374
6746,3373,3368,3375
6747,3373,3375,3374
6748,3374,3375,3376
6749,2065,3374,3377
6750,3397,2177,3377
6751,3374,3376,3377
6752,3377,3378,3397
6753,3377,3376,3378
6754,3399,3397,3378
6755,3376,3375,3379
6756,3378,3376,3380
6757,3381,3378,3380
6758,3399,3378,3381
6759,3403,3399,3381
6760,3379,3375,3372
6761,3380,3376,3379
6762,3380,3379,3387
6763,3381,3380,3386
6764,3403,3381,3388
6765,2564,3382,3370
6766,3371,3370,3382
6767,3383,3371,3382
6768,3382,3392,3383
6769,3383,3372,3371
6770,3384,3372,3383
6771,3393,3384,3383
6772,3384,3385,3387
6773,3393,3383,3392
6774,3385,3384,3393
6775,3384,3387,3379
6776,3387,3386,3380
6777,3387,3389,3386
6778,3385,3389,3387
6779,3389,3390,3386
6780,3386,3388,3381
6781,3422,3403,3388
6782,3388,3391,3422
6783,3386,3390,3388
6784,3388,3390,3391
6785,3426,3422,3391
6786,3389,3394,3390
6787,3390,3395,3391
6788,3391,3396,3426
6789,3391,3395,3396
6790,3428,3426,3396
6791,3382,2573,3392
6792,3392,2956,3573
6793,3392,3573,3393
6794,3574,3393,3573
6795,3385,3579,3389
6796,3574,3385,3393
6797,3579,3385,3574
6798,3579,3394,3389
6799,3390,3394,3395
6800,3398,2178,3397
6801,3399,3398,3397
6802,3399,3400,3398
6803,3398,3400,3401
6804,3401,3402,3406
6805,3401,3400,3402
6806,3406,3402,3407
6807,3403,3400,3399
6808,3404,3400,3403
6809,3402,3400,3404
6810,3405,3402,3404
6811,3407,3402,3405
6812,3412,3407,3405
6813,3405,3404,3423
6814,3412,3405,3424
6815,3422,3404,3403
6816,3406,3407,3141
6817,3141,3408,3148
6818,3141,3407,3408
6819,3409,3150,3148
6820,3409,3148,3408
6821,3151,3411,3410
6822,3409,3411,3150
6823,3409,3408,3413
6824,3408,3407,3412
6825,3413,3408,3412
6826,3413,3412,3457
6827,3421,3413,3458
6828,3414,3410,3417
6829,3419,3163,3162
6830,3162,3414,3418
6831,3421,3411,3409
6832,3410,3411,3420
6833,3414,3417,3418
6834,3420,3411,3421
6835,3410,3420,3417
6836,3415,3164,3416
6837,3419,3416,3163
6838,3162,3418,3419
6839,3440,3419,3418
6840,3421,3409,3413
6841,3438,3421,3458
6842,3438,3420,3421
6843,3417,3420,3441
6844,3418,3417,3442
6845,3417,3441,3442
6846,3441,3420,3438
6847,3423,3404,3422
6848,3426,3423,3422
6849,3427,3423,3426
6850,3423,3424,3405
6851,3424,3457,3412
6852,3423,3427,3424
6853,3427,3425,3424
6854,3424,3425,3457
6855,3425,3459,3457
6856,3428,3427,3426
6857,3429,3427,3428
6858,3427,3429,3425
6859,3429,3430,3425
6860,3425,3430,3459
6861,3459,3430,3464
6862,3429,3744,3430
6863,3430,3750,3464
6864,3457,3458,3413
6865,3415,3436,3431
6866,3431,3435,3215
6867,3431,3436,3435
6868,3415,3416,3437
6869,3439,3416,3419
6870,3436,3415,3437
6871,3437,3416,3439
6872,3432,3214,3434
6873,3434,3215,3435
6874,3444,3432,3434
6875,3435,3450,3434
6876,3436,3449,3435
6877,3418,3442,3440
6878,3440,3439,3419
6879,3442,3441,3463
6880,3436,3437,3451
6881,3453,3439,3440
6882,3437,3439,3452
6883,3449,3436,3451
6884,3451,3437,3452
6885,3462,3440,3442
6886,3442,3463,3462
6887,3452,3439,3453
6888,3462,3453,3440
6889,3216,3433,3448
6890,3433,3432,3443
6891,3446,3445,3225
6892,3446,3216,3448
6893,3448,3433,3443
6894,3443,3432,3444
6895,3444,3434,3450
6896,3447,3669,3228
6897,3446,3668,3445
6898,3445,3670,3447
6899,3446,3448,3672
6900,3448,3443,3673
6901,3672,3668,3446
6902,3435,3449,3450
6903,3449,3456,3450
6904,3449,3451,3468
6905,3451,3452,3467
6906,3443,3444,3454
6907,3450,3455,3444
6908,3454,3673,3443
6909,3673,3672,3448
6910,3455,3454,3444
6911,3450,3456,3455
6912,3468,3456,3449
6913,3467,3468,3451
6914,3457,3459,3458
6915,3458,3460,3438
6916,3458,3459,3460
6917,3461,3441,3438
6918,3461,3438,3460
6919,3463,3441,3461
6920,3459,3464,3460
6921,3460,3465,3461
6922,3460,3464,3465
6923,3464,3751,3465
6924,3465,3723,3471
6925,3471,3461,3465
6926,3452,3453,3470
6927,3466,3462,3463
6928,3469,3453,3462
6929,3470,3467,3452
6930,3469,3470,3453
6931,3471,3463,3461
6932,3466,3469,3462
6933,3466,3463,3471
6934,3467,3730,3468
6935,3470,3742,3467
6936,3469,3741,3470
6937,3740,3466,3471
6938,3466,3743,3469
6939,3469,3743,3741
6940,3740,3743,3466
6941,3557,3474,3472
6942,3480,3472,3475
6943,3473,3474,3557
6944,3472,3474,3475
6945,3502,3473,3563
6946,3503,3474,3473
6947,3475,3474,3504
6948,2921,3476,3477
6949,3477,3478,2832
6950,2833,3478,3479
6951,3476,3564,3480
6952,3564,3472,3480
6953,3476,3480,3481
6954,3481,3483,3477
6955,3481,3477,3476
6956,3482,3490,3479
6957,3483,3478,3477
6958,3483,3482,3478
6959,3482,3479,3478
6960,3486,3489,3485
6961,3486,3484,3489
6962,3588,3484,3486
6963,2839,3487,3488
6964,3479,3487,2838
6965,3489,2840,3488
6966,3484,2841,3489
6967,3487,3490,3491
6968,3490,3487,3479
6969,3487,3491,3488
6970,3488,3491,3485
6971,3488,3485,3489
6972,3493,3481,3480
6973,3492,3483,3481
6974,3480,3475,3493
6975,3493,3492,3481
6976,3494,3482,3483
6977,3482,3495,3490
6978,3492,3494,3483
6979,3494,3495,3482
6980,3492,3493,3524
6981,3493,3475,3523
6982,3494,3492,3525
6983,3519,3495,3494
6984,3491,3497,3485
6985,3491,3496,3497
6986,3485,3499,3486
6987,3498,3588,3486
6988,3485,3497,3499
6989,3498,3486,3499
6990,3496,3495,3528
6991,3497,3496,3529
6992,3530,3498,3499
6993,3531,3593,3498
6994,3499,3497,3527
6995,3490,3496,3491
6996,3490,3495,3496
6997,3568,3500,3506
6998,3563,3501,3502
6999,3501,3568,3506
7000,3505,3503,3502
7001,3507,3502,3501
7002,3523,3504,3509
7003,3504,3474,3503
7004,3502,3503,3473
7005,3523,3475,3504
7006,3504,3503,3508
7007,3501,3506,3507
7008,3507,3505,3502
7009,3504,3508,3509
7010,3503,3505,3508
7011,3500,3571,3511
7012,3506,3500,3512
7013,3511,3571,3510
7014,3512,3500,3511
7015,3510,3572,3611
7016,3610,3611,3572
7017,3611,3614,3510
7018,3612,3613,3512
7019,3511,3510,3614
7020,3512,3511,3612
7021,3614,3612,3511
7022,3620,3536,3516
7023,3619,3620,3516
7024,3514,3505,3507
7025,3513,3514,3507
7026,3505,3514,3515
7027,3513,3507,3506
7028,3506,3512,3513
7029,3508,3505,3515
7030,3516,3509,3508
7031,3508,3515,3516
7032,3516,3536,3509
7033,3613,3513,3512
7034,3625,3514,3513
7035,3515,3514,3626
7036,3613,3625,3513
7037,3514,3625,3626
7038,3619,3516,3515
7039,3515,3626,3619
7040,3535,3518,3599
7041,3535,3517,3518
7042,3606,3599,3518
7043,3638,3639,3542
7044,3639,3517,3542
7045,3517,3641,3518
7046,3518,3640,3606
7047,3517,3639,3641
7048,3518,3641,3640
7049,3528,3495,3519
7050,3519,3525,3521
7051,3528,3519,3522
7052,3520,3521,3525
7053,3528,3522,3532
7054,3519,3521,3522
7055,3524,3493,3523
7056,3525,3492,3524
7057,3524,3523,3526
7058,3525,3524,3520
7059,3519,3494,3525
7060,3509,3526,3523
7061,3526,3520,3524
7062,3527,3529,3533
7063,3496,3528,3529
7064,3497,3529,3527
7065,3529,3528,3532
7066,3499,3527,3530
7067,3530,3531,3498
7068,3534,3530,3527
7069,3535,3531,3530
7070,3529,3532,3533
7071,3527,3533,3534
7072,3534,3535,3530
7073,3599,3531,3535
7074,3526,3538,3520
7075,3536,3538,3526
7076,3538,3537,3520
7077,3540,3532,3522
7078,3522,3539,3540
7079,3522,3521,3539
7080,3520,3537,3521
7081,3521,3537,3539
7082,3537,3654,3656
7083,3536,3655,3538
7084,3538,3654,3537
7085,3655,3654,3538
7086,3620,3655,3536
7087,3539,3537,3656
7088,3657,3540,3539
7089,3539,3656,3657
7090,3657,3661,3540
7091,3509,3536,3526
7092,3533,3532,3541
7093,3542,3534,3533
7094,3540,3541,3532
7095,3533,3541,3542
7096,3517,3535,3534
7097,3542,3517,3534
7098,3661,3541,3540
7099,3638,3542,3541
7100,3661,3638,3541
7101,2901,3543,3551
7102,3545,3543,3549
7103,3544,3545,3549
7104,3551,3543,3546
7105,3543,3545,3546
7106,3548,2899,3547
7107,2898,3548,3549
7108,3549,3543,2900
7109,3548,3547,3550
7110,3256,3550,3547
7111,3544,3549,3548
7112,3550,3544,3548
7113,2904,3551,3552
7114,3552,3553,2905
7115,3553,3554,2907
7116,3554,3564,2906
7117,3556,3553,3552
7118,3555,3556,3552
7119,3555,3552,3551
7120,3551,3546,3555
7121,3553,3557,3554
7122,3556,3557,3553
7123,3554,3472,3564
7124,3557,3472,3554
7125,3550,3559,3544
7126,3558,3559,3550
7127,3559,3561,3544
7128,3546,3560,3562
7129,3544,3561,3545
7130,3546,3545,3560
7131,3545,3561,3560
7132,3566,3559,3558
7133,3565,3561,3559
7134,3560,3561,3567
7135,3562,3560,3568
7136,3256,3558,3550
7137,3562,3555,3546
7138,3563,3556,3555
7139,3562,3563,3555
7140,3563,3473,3556
7141,3473,3557,3556
7142,3563,3562,3501
7143,2920,3564,3476
7144,3570,3565,3566
7145,3558,3263,3566
7146,3566,3565,3559
7147,3569,3566,3263
7148,3567,3561,3565
7149,3560,3567,3568
7150,3567,3565,3571
7151,3568,3567,3500
7152,3569,3570,3566
7153,3571,3565,3570
7154,3500,3567,3571
7155,3562,3568,3501
7156,3572,3570,3569
7157,3571,3570,3510
7158,3272,3572,3569
7159,3510,3570,3572
7160,3610,3572,3272
7161,3573,3576,3574
7162,3573,2957,3576
7163,3575,3576,2980
7164,3577,3574,3576
7165,3578,3591,3592
7166,3578,3575,3591
7167,3578,3577,3575
7168,3577,3576,3575
7169,3577,3579,3574
7170,3579,3582,3394
7171,3581,3592,3580
7172,3580,3595,3597
7173,3598,3581,3580
7174,3577,3582,3579
7175,3581,3578,3592
7176,3578,3582,3577
7177,3581,3582,3578
7178,3604,3582,3581
7179,2973,3484,3583
7180,3583,3584,2967
7181,3586,2969,3585
7182,2968,3584,3585
7183,3584,3587,3589
7184,3588,3587,3583
7185,3588,3583,3484
7186,3587,3584,3583
7187,3584,3589,3585
7188,3585,3589,3590
7189,3592,3586,3590
7190,3585,3590,3586
7191,3591,2978,3586
7192,2979,3591,3575
7193,3592,3591,3586
7194,3588,3593,3587
7195,3587,3594,3589
7196,3498,3593,3588
7197,3589,3594,3595
7198,3587,3593,3594
7199,3589,3595,3590
7200,3590,3580,3592
7201,3590,3595,3580
7202,3594,3593,3609
7203,3595,3594,3596
7204,3394,3604,3395
7205,3394,3582,3604
7206,3395,3604,3603
7207,3596,3609,3601
7208,3603,3604,3598
7209,3595,3596,3597
7210,3580,3597,3598
7211,3597,3596,3600
7212,3602,3598,3597
7213,3601,3609,3599
7214,3596,3601,3600
7215,3602,3603,3598
7216,3597,3600,3602
7217,3598,3604,3581
7218,3395,3603,3396
7219,3396,3603,3608
7220,3396,3608,3428
7221,3747,3428,3608
7222,3600,3605,3607
7223,3606,3601,3599
7224,3600,3601,3605
7225,3605,3601,3606
7226,3607,3602,3600
7227,3608,3603,3602
7228,3607,3608,3602
7229,3745,3605,3606
7230,3746,3607,3605
7231,3745,3606,3640
7232,3746,3605,3745
7233,3747,3608,3607
7234,3746,3747,3607
7235,3609,3593,3531
7236,3594,3609,3596
7237,3599,3609,3531
7238,3610,3616,3611
7239,3611,3615,3614
7240,3614,3617,3612
7241,3612,3618,3613
7242,3610,3284,3616
7243,3616,3615,3611
7244,3615,3617,3614
7245,3618,3627,3613
7246,3617,3618,3612
7247,3623,3619,3626
7248,3622,3655,3620
7249,3624,3620,3619
7250,3626,3621,3623
7251,3623,3624,3619
7252,3624,3622,3620
7253,3613,3627,3625
7254,3626,3625,3621
7255,3625,3627,3621
7256,3684,3628,3632
7257,3685,3629,3628
7258,3632,3683,3684
7259,3684,3685,3628
7260,3694,3629,3685
7261,3616,3630,3631
7262,3615,3616,3631
7263,3615,3631,3632
7264,3616,3284,3630
7265,3617,3632,3628
7266,3617,3615,3632
7267,3628,3618,3617
7268,3629,3627,3618
7269,3628,3629,3618
7270,3631,3630,3691
7271,3632,3631,3683
7272,3691,3630,3325
7273,3631,3691,3683
7274,3621,3627,3633
7275,3633,3627,3629
7276,3623,3621,3634
7277,3621,3633,3634
7278,3624,3635,3636
7279,3636,3622,3624
7280,3636,3662,3622
7281,3624,3623,3635
7282,3623,3634,3635
7283,3635,3634,3693
7284,3634,3692,3693
7285,3633,3629,3694
7286,3634,3633,3692
7287,3692,3633,3694
7288,3695,3636,3635
7289,3696,3662,3636
7290,3635,3693,3695
7291,3695,3696,3636
7292,3637,3642,3661
7293,3642,3638,3661
7294,3638,3643,3639
7295,3641,3646,3640
7296,3639,3644,3641
7297,3642,3643,3638
7298,3639,3643,3644
7299,3641,3644,3646
7300,3640,3646,3645
7301,3637,3660,3648
7302,3648,3660,3647
7303,3642,3637,3649
7304,3649,3637,3648
7305,3647,3663,3710
7306,3663,3709,3710
7307,3710,3713,3647
7308,3711,3712,3649
7309,3648,3647,3713
7310,3649,3648,3711
7311,3713,3711,3648
7312,3464,3750,3751
7313,3719,3749,3653
7314,3653,3718,3719
7315,3719,3751,3749
7316,3644,3643,3651
7317,3651,3643,3650
7318,3644,3651,3652
7319,3650,3643,3642
7320,3650,3642,3649
7321,3646,3652,3653
7322,3646,3644,3652
7323,3645,3646,3653
7324,3645,3653,3749
7325,3650,3649,3712
7326,3724,3651,3650
7327,3652,3651,3725
7328,3724,3650,3712
7329,3725,3651,3724
7330,3653,3652,3718
7331,3652,3725,3718
7332,3655,3658,3654
7333,3656,3654,3659
7334,3660,3657,3656
7335,3637,3661,3657
7336,3622,3658,3655
7337,3654,3658,3659
7338,3656,3659,3660
7339,3660,3637,3657
7340,3663,3658,3662
7341,3662,3658,3622
7342,3659,3658,3663
7343,3647,3659,3663
7344,3660,3659,3647
7345,3663,3662,3709
7346,3662,3696,3709
7347,3709,3696,3664
7348,3696,3665,3664
7349,3676,3665,3699
7350,3664,3665,3677
7351,3228,3669,3667
7352,3447,3670,3669
7353,3666,3227,3667
7354,3668,3670,3445
7355,3670,3679,3669
7356,3708,3317,3666
7357,3667,3671,3666
7358,3317,3707,3316
7359,3316,3707,3706
7360,3708,3707,3317
7361,3669,3678,3667
7362,3669,3679,3678
7363,3708,3666,3671
7364,3667,3678,3671
7365,3671,3678,3703
7366,3672,3681,3668
7367,3668,3680,3670
7368,3673,3682,3672
7369,3454,3735,3673
7370,3455,3736,3454
7371,3736,3735,3454
7372,3735,3682,3673
7373,3674,3675,3698
7374,3665,3676,3677
7375,3675,3676,3699
7376,3664,3677,3731
7377,3670,3680,3679
7378,3681,3680,3668
7379,3703,3678,3674
7380,3675,3680,3676
7381,3674,3679,3675
7382,3678,3679,3674
7383,3679,3680,3675
7384,3682,3731,3677
7385,3682,3681,3672
7386,3677,3681,3682
7387,3682,3735,3731
7388,3677,3676,3681
7389,3676,3680,3681
7390,3683,3691,3688
7391,3687,3684,3683
7392,3690,3685,3684
7393,3694,3685,3689
7394,3688,3691,3686
7395,3683,3688,3687
7396,3688,3686,3700
7397,3701,3687,3688
7398,3689,3690,3704
7399,3687,3690,3684
7400,3689,3685,3690
7401,3702,3690,3687
7402,3691,3325,3686
7403,3692,3694,3697
7404,3693,3692,3698
7405,3699,3695,3693
7406,3665,3696,3695
7407,3697,3694,3689
7408,3698,3692,3697
7409,3693,3698,3699
7410,3698,3697,3674
7411,3697,3689,3703
7412,3675,3699,3698
7413,3699,3665,3695
7414,3345,3700,3686
7415,3700,3701,3688
7416,3701,3702,3687
7417,3702,3704,3690
7418,3704,3703,3689
7419,3701,3707,3702
7420,3705,3706,3700
7421,3706,3707,3701
7422,3345,3705,3700
7423,3700,3706,3701
7424,3702,3708,3704
7425,3704,3671,3703
7426,3702,3707,3708
7427,3708,3671,3704
7428,3703,3674,3697
7429,3715,3710,3709
7430,3710,3714,3713
7431,3713,3716,3711
7432,3711,3717,3712
7433,3732,3714,3715
7434,3714,3733,3716
7435,3709,3664,3715
7436,3715,3714,3710
7437,3731,3715,3664
7438,3714,3716,3713
7439,3716,3717,3711
7440,3712,3717,3726
7441,3716,3734,3717
7442,3717,3727,3726
7443,3718,3725,3721
7444,3722,3719,3718
7445,3723,3751,3719
7446,3721,3725,3720
7447,3726,3737,3720
7448,3738,3721,3720
7449,3465,3751,3723
7450,3718,3721,3722
7451,3722,3723,3719
7452,3739,3722,3721
7453,3740,3723,3722
7454,3712,3726,3724
7455,3720,3725,3724
7456,3720,3724,3726
7457,3726,3727,3737
7458,3456,3728,3455
7459,3468,3729,3456
7460,3729,3728,3456
7461,3455,3728,3736
7462,3730,3729,3468
7463,3742,3730,3467
7464,3741,3742,3470
7465,3734,3729,3727
7466,3727,3730,3737
7467,3734,3728,3729
7468,3727,3729,3730
7469,3731,3732,3715
7470,3732,3733,3714
7471,3733,3734,3716
7472,3717,3734,3727
7473,3735,3732,3731
7474,3736,3733,3732
7475,3735,3736,3732
7476,3736,3728,3733
7477,3733,3728,3734
7478,3738,3720,3737
7479,3739,3721,3738
7480,3740,3471,3723
7481,3739,3740,3722
7482,3741,3743,3739
7483,3737,3742,3738
7484,3741,3739,3738
7485,3737,3730,3742
7486,3741,3738,3742
7487,3739,3743,3740
7488,3747,3429,3428
7489,3747,3744,3429
7490,3748,3746,3745
7491,3640,3645,3745
7492,3746,3744,3747
7493,3748,3745,3645
7494,3748,3744,3746
7495,3430,3744,3750
7496,3749,3750,3748
7497,3750,3744,3748
7498,3751,3750,3749
7499,3749,3748,3645
