vertex_id,x,y,z
0,-28.51877284,-21.13631592,0.0
1,-28.51877284,-20.57451183,0.0
2,-28.51877284,-20.01270774,0.0
3,-28.19936256,-20.89958912,0.70996579
4,-28.19936256,-20.34407724,0.70996579
5,-28.51877284,-19.45090364,0.0
6,-28.51877284,-18.88909955,0.0
7,-28.19936256,-19.78856535,0.70996579
8,-28.19936256,-19.23305346,0.70996579
9,-28.19936256,-18.67754158,0.70996579
10,-25.68736018,-20.8137172,0.0
11,-25.68736018,-20.25191311,0.0
12,-25.39966173,-20.58060351,0.70996579
13,-25.68736018,-19.69010901,0.0
14,-25.68736018,-19.12830492,0.0
15,-25.68736018,-18.56650083,0.0
16,-27.87995229,-20.66286233,1.41993159
17,-27.87995229,-20.11364264,1.41993159
18,-27.56054202,-20.42613553,2.12989738
19,-27.56054202,-19.88320805,2.12989738
20,-27.87995229,-19.56442296,1.41993159
21,-27.87995229,-19.01520328,1.41993159
22,-27.56054202,-19.34028058,2.12989738
23,-27.56054202,-18.7973531,2.12989738
24,-25.11196329,-20.34748981,1.41993159
25,-28.51877284,-18.32729546,0.0
26,-28.51877284,-17.76549136,0.0
27,-28.51877284,-17.20368727,0.0
28,-28.19936256,-18.12202969,0.70996579
29,-28.19936256,-17.5665178,0.70996579
30,-28.51877284,-16.64188318,0.0
31,-28.51877284,-16.08007908,0.0
32,-28.19936256,-17.01100591,0.70996579
33,-28.19936256,-16.45549403,0.70996579
34,-28.19936256,-15.89998214,0.70996579
35,-25.81373861,-18.01909574,0.0
36,-25.81373861,-17.45729164,0.0
37,-25.81373861,-16.89548755,0.0
38,-25.81373861,-16.33368346,0.0
39,-27.87995229,-18.4659836,1.41993159
40,-27.87995229,-17.91676392,1.41993159
41,-27.87995229,-17.36754424,1.41993159
42,-27.56054202,-18.25442562,2.12989738
43,-27.56054202,-17.71149815,2.12989738
44,-27.87995229,-16.81832456,1.41993159
45,-27.87995229,-16.26910487,1.41993159
46,-27.56054202,-17.16857067,2.12989738
47,-27.56054202,-16.6256432,2.12989738
48,-27.56054202,-16.08271572,2.12989738
49,-22.85594753,-20.49111848,0.0
50,-22.85594753,-19.92931438,0.0
51,-22.59996091,-20.26161789,0.70996579
52,-22.85594753,-19.36751029,0.0
53,-22.85594753,-18.8057062,0.0
54,-24.82426484,-20.11437612,2.12989738
55,-22.34397428,-20.0321173,1.41993159
56,-22.08798765,-19.80261672,2.12989738
57,-22.98232596,-18.25830111,0.0
58,-23.10870438,-17.71089602,0.0
59,-23.10870438,-17.14909192,0.0
60,-23.10870438,-16.58728783,0.0
61,-23.10870438,-16.02548374,0.0
62,-27.24113175,-20.18940873,2.83986318
63,-27.24113175,-19.65277346,2.83986318
64,-27.24113175,-19.11613819,2.83986318
65,-27.24113175,-18.57950292,2.83986318
66,-26.92172148,-19.95268193,3.54982897
67,-26.92172148,-19.42233887,3.54982897
68,-26.92172148,-18.8919958,3.54982897
69,-26.60231121,-19.71595513,4.25979477
70,-26.60231121,-19.19190427,4.25979477
71,-26.60231121,-18.66785341,4.25979477
72,-27.24113175,-18.04286765,2.83986318
73,-27.24113175,-17.50623238,2.83986318
74,-27.24113175,-16.96959711,2.83986318
75,-27.24113175,-16.43296184,2.83986318
76,-27.24113175,-15.89632657,2.83986318
77,-26.92172148,-18.36165274,3.54982897
78,-26.92172148,-17.83130967,3.54982897
79,-26.92172148,-17.30096661,3.54982897
80,-26.92172148,-16.77062355,3.54982897
81,-26.92172148,-16.24028048,3.54982897
82,-26.60231121,-18.14380256,4.25979477
83,-26.60231121,-17.6197517,4.25979477
84,-26.60231121,-17.09570084,4.25979477
85,-26.60231121,-16.57164998,4.25979477
86,-26.60231121,-16.04759912,4.25979477
87,-24.53656639,-19.88126243,2.83986318
88,-21.83200102,-19.57311613,2.83986318
89,-24.24886794,-19.64814874,3.54982897
90,-23.96116949,-19.41503504,4.25979477
91,-21.57601439,-19.34361554,3.54982897
92,-28.51877284,-15.51827499,0.0
93,-28.51877284,-14.9564709,0.0
94,-28.19936256,-15.34447025,0.70996579
95,-28.19936256,-14.78895836,0.70996579
96,-28.51877284,-14.3946668,0.0
97,-28.51877284,-13.83286271,0.0
98,-28.51877284,-13.27105862,0.0
99,-28.19936256,-14.23344648,0.70996579
100,-28.19936256,-13.67793459,0.70996579
101,-25.94011703,-15.22447427,0.0
102,-25.94011703,-14.66267018,0.0
103,-25.81373861,-15.77187936,0.0
104,-25.94011703,-14.10086609,0.0
105,-25.94011703,-13.53906199,0.0
106,-27.87995229,-15.71988519,1.41993159
107,-27.87995229,-15.17066551,1.41993159
108,-27.87995229,-14.62144583,1.41993159
109,-27.56054202,-15.53978825,2.12989738
110,-27.56054202,-14.99686077,2.12989738
111,-27.87995229,-14.07222615,1.41993159
112,-27.87995229,-13.52300647,1.41993159
113,-27.56054202,-14.45393329,2.12989738
114,-27.56054202,-13.91100582,2.12989738
115,-27.56054202,-13.36807834,2.12989738
116,-28.51877284,-12.70925453,0.0
117,-28.51877284,-12.14745043,0.0
118,-28.19936256,-13.1224227,0.70996579
119,-28.19936256,-12.56691081,0.70996579
120,-28.19936256,-12.01139893,0.70996579
121,-28.51877284,-11.58564634,0.0
122,-28.51877284,-11.02384225,0.0
123,-28.19936256,-11.45588704,0.70996579
124,-28.19936256,-10.90037515,0.70996579
125,-25.94011703,-12.9772579,0.0
126,-26.06649545,-12.42985281,0.0
127,-26.06649545,-11.86804872,0.0
128,-26.06649545,-11.30624462,0.0
129,-26.06649545,-10.74444053,0.0
130,-27.87995229,-12.97378678,1.41993159
131,-27.87995229,-12.4245671,1.41993159
132,-27.56054202,-12.82515087,2.12989738
133,-27.56054202,-12.28222339,2.12989738
134,-27.87995229,-11.87534742,1.41993159
135,-27.87995229,-11.32612774,1.41993159
136,-27.87995229,-10.77690806,1.41993159
137,-27.56054202,-11.73929592,2.12989738
138,-27.56054202,-11.19636844,2.12989738
139,-27.56054202,-10.65344096,2.12989738
140,-23.2350828,-15.47807865,0.0
141,-23.36146123,-14.93067356,0.0
142,-23.36146123,-14.36886946,0.0
143,-23.36146123,-13.80706537,0.0
144,-23.36146123,-13.24526128,0.0
145,-23.48783965,-12.69785619,0.0
146,-23.61421807,-12.15045109,0.0
147,-23.61421807,-11.588647,0.0
148,-23.61421807,-11.02684291,0.0
149,-27.24113175,-15.3596913,2.83986318
150,-27.24113175,-14.82305603,2.83986318
151,-27.24113175,-14.28642076,2.83986318
152,-27.24113175,-13.74978549,2.83986318
153,-27.24113175,-13.21315022,2.83986318
154,-26.92172148,-15.70993742,3.54982897
155,-26.92172148,-15.17959435,3.54982897
156,-26.92172148,-14.64925129,3.54982897
157,-26.92172148,-14.11890823,3.54982897
158,-26.92172148,-13.58856516,3.54982897
159,-26.60231121,-15.52354827,4.25979477
160,-26.60231121,-14.99949741,4.25979477
161,-26.60231121,-14.47544655,4.25979477
162,-26.60231121,-13.95139569,4.25979477
163,-26.60231121,-13.42734483,4.25979477
164,-27.24113175,-12.67651495,2.83986318
165,-27.24113175,-12.13987968,2.83986318
166,-27.24113175,-11.60324441,2.83986318
167,-27.24113175,-11.06660914,2.83986318
168,-26.92172148,-13.0582221,3.54982897
169,-26.92172148,-12.52787903,3.54982897
170,-26.92172148,-11.99753597,3.54982897
171,-26.92172148,-11.46719291,3.54982897
172,-26.92172148,-10.93684984,3.54982897
173,-26.60231121,-12.90329398,4.25979477
174,-26.60231121,-12.37924312,4.25979477
175,-26.60231121,-11.85519226,4.25979477
176,-26.60231121,-11.3311414,4.25979477
177,-26.60231121,-10.80709054,4.25979477
178,-20.02453488,-20.16851976,0.0
179,-19.80026008,-19.94263227,0.70996579
180,-20.02453488,-19.60671566,0.0
181,-20.15091331,-18.49750648,0.0
182,-20.02453488,-19.04491157,0.0
183,-19.57598527,-19.71674479,1.41993159
184,-19.35171046,-19.49085731,2.12989738
185,-20.27729173,-17.95010139,0.0
186,-20.40367015,-17.4026963,0.0
187,-20.40367015,-16.8408922,0.0
188,-20.40367015,-16.27908811,0.0
189,-17.82501435,-15.98528739,0.0
190,-17.19312223,-19.84592103,0.0
191,-17.19312223,-19.28411694,0.0
192,-17.31950065,-18.73671185,0.0
193,-17.00055925,-19.62364666,0.70996579
194,-14.36170958,-19.52332231,0.0
195,-14.488088,-18.97591722,0.0
196,-16.80799626,-19.40137228,1.41993159
197,-16.61543328,-19.1790979,2.12989738
198,-17.44587908,-18.18930676,0.0
199,-17.5722575,-17.64190167,0.0
200,-17.69863592,-17.09449658,0.0
201,-17.69863592,-16.53269248,0.0
202,-14.74084485,-17.88110704,0.0
203,-14.61446643,-18.42851213,0.0
204,-14.86722327,-17.33370195,0.0
205,-14.9936017,-16.78629686,0.0
206,-15.11998012,-16.23889177,0.0
207,-19.12743566,-19.26496983,2.83986318
208,-21.32002776,-19.11411495,4.25979477
209,-18.90316085,-19.03908235,3.54982897
210,-18.67888604,-18.81319487,4.25979477
211,-16.42287029,-18.95682353,2.83986318
212,-16.23030731,-18.73454915,3.54982897
213,-16.03774432,-18.51227478,4.25979477
214,-20.53004857,-15.73168302,0.0
215,-20.656427,-15.18427793,0.0
216,-20.78280542,-14.63687284,0.0
217,-20.78280542,-14.07506874,0.0
218,-20.78280542,-13.51326465,0.0
219,-17.95139277,-15.4378823,0.0
220,-18.07777119,-14.89047721,0.0
221,-18.20414962,-14.34307212,0.0
222,-18.33052804,-13.23386294,0.0
223,-18.20414962,-13.78126803,0.0
224,-20.90918384,-12.96585956,0.0
225,-21.03556227,-12.41845447,0.0
226,-21.16194069,-11.87104938,0.0
227,-21.16194069,-11.30924529,0.0
228,-21.16194069,-10.74744119,0.0
229,-18.45690646,-12.68645785,0.0
230,-18.58328489,-12.13905275,0.0
231,-18.70966331,-11.59164766,0.0
232,-18.70966331,-11.02984357,0.0
233,-15.24635854,-15.69148667,0.0
234,-15.37273696,-15.14408158,0.0
235,-15.49911539,-14.59667649,0.0
236,-15.62549381,-14.0492714,0.0
237,-15.75187223,-13.50186631,0.0
238,-16.1310075,-11.85965104,0.0
239,-16.25738593,-11.31224595,0.0
240,-16.38376435,-10.76484086,0.0
241,-15.87825066,-12.95446122,0.0
242,-16.00462908,-12.40705613,0.0
243,-26.28290094,-19.47922833,4.96976056
244,-26.28290094,-18.96146968,4.96976056
245,-25.96349066,-19.24250153,5.67972635
246,-25.96349066,-18.73103509,5.67972635
247,-25.64408039,-19.00577474,6.38969215
248,-25.64408039,-18.50060049,6.38969215
249,-26.28290094,-18.44371103,4.96976056
250,-26.28290094,-17.92595238,4.96976056
251,-26.28290094,-17.40819372,4.96976056
252,-26.28290094,-16.89043507,4.96976056
253,-26.28290094,-16.37267642,4.96976056
254,-26.28290094,-15.85491777,4.96976056
255,-25.96349066,-18.21956864,5.67972635
256,-25.96349066,-17.70810219,5.67972635
257,-25.96349066,-17.19663575,5.67972635
258,-25.64408039,-17.99542625,6.38969215
259,-25.64408039,-17.49025201,6.38969215
260,-25.96349066,-16.6851693,5.67972635
261,-25.96349066,-16.17370286,5.67972635
262,-25.64408039,-16.98507777,6.38969215
263,-25.64408039,-16.47990353,6.38969215
264,-25.64408039,-15.97472929,6.38969215
265,-23.67347104,-19.18192135,4.96976056
266,-23.38577259,-18.94880766,5.67972635
267,-23.09807414,-18.71569396,6.38969215
268,-25.32467012,-18.76904794,7.09965794
269,-25.00525985,-18.53232114,7.80962374
270,-25.32467012,-18.2701659,7.09965794
271,-25.32467012,-17.77128387,7.09965794
272,-25.32467012,-17.27240183,7.09965794
273,-25.32467012,-16.7735198,7.09965794
274,-25.32467012,-16.27463776,7.09965794
275,-25.00525985,-18.03973131,7.80962374
276,-25.00525985,-17.54714148,7.80962374
277,-25.00525985,-17.05455165,7.80962374
278,-25.00525985,-16.56196182,7.80962374
279,-25.00525985,-16.06937199,7.80962374
280,-22.81037569,-18.48258027,7.09965794
281,-24.68584958,-18.29559434,8.51958953
282,-24.68584958,-17.80929672,8.51958953
283,-24.68584958,-17.32299909,8.51958953
284,-24.68584958,-16.83670147,8.51958953
285,-24.68584958,-16.35040385,8.51958953
286,-24.68584958,-15.86410622,8.51958953
287,-22.52267724,-18.24946658,7.80962374
288,-22.23497879,-18.01635288,8.51958953
289,-26.28290094,-15.33715911,4.96976056
290,-26.28290094,-14.81940046,4.96976056
291,-26.28290094,-14.30164181,4.96976056
292,-26.28290094,-13.78388316,4.96976056
293,-26.28290094,-13.2661245,4.96976056
294,-25.96349066,-15.66223641,5.67972635
295,-25.96349066,-15.15076996,5.67972635
296,-25.96349066,-14.63930352,5.67972635
297,-25.64408039,-15.46955505,6.38969215
298,-25.64408039,-14.96438081,6.38969215
299,-25.96349066,-14.12783707,5.67972635
300,-25.96349066,-13.61637062,5.67972635
301,-25.64408039,-14.45920657,6.38969215
302,-25.64408039,-13.95403233,6.38969215
303,-25.64408039,-13.44885809,6.38969215
304,-26.28290094,-12.74836585,4.96976056
305,-26.28290094,-12.2306072,4.96976056
306,-26.28290094,-11.71284855,4.96976056
307,-26.28290094,-11.1950899,4.96976056
308,-26.28290094,-10.67733124,4.96976056
309,-25.96349066,-13.10490418,5.67972635
310,-25.96349066,-12.59343773,5.67972635
311,-25.96349066,-12.08197128,5.67972635
312,-25.64408039,-12.94368385,6.38969215
313,-25.64408039,-12.43850961,6.38969215
314,-25.64408039,-11.93333537,6.38969215
315,-25.96349066,-11.57050484,5.67972635
316,-25.96349066,-11.05903839,5.67972635
317,-25.64408039,-11.42816113,6.38969215
318,-25.64408039,-10.92298689,6.38969215
319,-25.32467012,-15.77575573,7.09965794
320,-25.32467012,-15.27687369,7.09965794
321,-25.32467012,-14.77799166,7.09965794
322,-25.32467012,-14.27910962,7.09965794
323,-25.32467012,-13.78022759,7.09965794
324,-25.32467012,-13.28134555,7.09965794
325,-25.00525985,-15.57678216,7.80962374
326,-25.00525985,-15.08419234,7.80962374
327,-25.00525985,-14.59160251,7.80962374
328,-25.00525985,-14.09901268,7.80962374
329,-25.00525985,-13.60642285,7.80962374
330,-25.32467012,-12.78246352,7.09965794
331,-25.32467012,-12.28358148,7.09965794
332,-25.32467012,-11.78469945,7.09965794
333,-25.32467012,-11.28581741,7.09965794
334,-25.32467012,-10.78693538,7.09965794
335,-25.00525985,-13.11383302,7.80962374
336,-25.00525985,-12.62124319,7.80962374
337,-25.00525985,-12.12865336,7.80962374
338,-25.00525985,-11.63606353,7.80962374
339,-25.00525985,-11.1434737,7.80962374
340,-25.00525985,-10.65088387,7.80962374
341,-24.68584958,-15.3778086,8.51958953
342,-24.68584958,-14.89151098,8.51958953
343,-24.68584958,-14.40521335,8.51958953
344,-24.68584958,-13.91891573,8.51958953
345,-24.68584958,-13.43261811,8.51958953
346,-24.68584958,-12.94632048,8.51958953
347,-24.68584958,-12.46002286,8.51958953
348,-24.68584958,-11.97372524,8.51958953
349,-24.68584958,-11.48742762,8.51958953
350,-24.68584958,-11.00112999,8.51958953
351,-21.06404114,-18.88461437,4.96976056
352,-18.45461124,-18.58730738,4.96976056
353,-20.80805451,-18.65511378,5.67972635
354,-20.55206788,-18.42561319,6.38969215
355,-18.23033643,-18.3614199,5.67972635
356,-18.00606162,-18.13553242,6.38969215
357,-15.84518134,-18.2900004,4.96976056
358,-15.65261835,-18.06772603,5.67972635
359,-15.46005537,-17.84545165,6.38969215
360,-20.29608125,-18.1961126,7.09965794
361,-20.04009462,-17.96661202,7.80962374
362,-19.784108,-17.73711143,8.51958953
363,-17.78178682,-17.90964494,7.09965794
364,-15.26749238,-17.62317727,7.09965794
365,-17.55751201,-17.68375746,7.80962374
366,-17.3332372,-17.45786998,8.51958953
367,-15.0749294,-17.4009029,7.80962374
368,-14.88236641,-17.17862852,8.51958953
369,-28.51877284,-10.46203815,0.0
370,-28.51877284,-9.90023406,0.0
371,-28.51877284,-9.33842997,0.0
372,-28.19936256,-10.34486326,0.70996579
373,-28.19936256,-9.78935138,0.70996579
374,-28.51877284,-8.77662587,0.0
375,-28.51877284,-8.21482178,0.0
376,-28.19936256,-9.23383949,0.70996579
377,-28.19936256,-8.6783276,0.70996579
378,-28.19936256,-8.12281572,0.70996579
379,-26.06649545,-10.18263644,0.0
380,-26.19287388,-9.63523135,0.0
381,-26.19287388,-9.07342725,0.0
382,-26.19287388,-8.51162316,0.0
383,-26.19287388,-7.94981907,0.0
384,-27.87995229,-10.22768838,1.41993159
385,-27.87995229,-9.6784687,1.41993159
386,-27.56054202,-10.11051349,2.12989738
387,-27.56054202,-9.56758601,2.12989738
388,-27.87995229,-9.12924901,1.41993159
389,-27.87995229,-8.58002933,1.41993159
390,-27.87995229,-8.03080965,1.41993159
391,-27.56054202,-9.02465854,2.12989738
392,-27.56054202,-8.48173106,2.12989738
393,-27.56054202,-7.93880359,2.12989738
394,-28.51877284,-7.65301769,0.0
395,-28.51877284,-7.09121359,0.0
396,-28.19936256,-7.56730383,0.70996579
397,-28.19936256,-7.01179194,0.70996579
398,-26.19287388,-7.38801497,0.0
399,-26.3192523,-6.84060988,0.0
400,-26.02447666,-6.76399499,0.70996579
401,-27.87995229,-7.48158997,1.41993159
402,-27.87995229,-6.93237029,1.41993159
403,-27.56054202,-7.39587611,2.12989738
404,-27.56054202,-6.85294864,2.12989738
405,-25.72970102,-6.6873801,1.41993159
406,-25.43492538,-6.61076521,2.12989738
407,-23.7405965,-9.91763372,0.0
408,-23.61421807,-10.46503882,0.0
409,-23.86697492,-9.37022863,0.0
410,-23.86697492,-8.80842454,0.0
411,-23.86697492,-8.24662045,0.0
412,-21.41469754,-9.65263101,0.0
413,-21.54107596,-9.10522592,0.0
414,-21.54107596,-8.54342183,0.0
415,-21.54107596,-7.98161773,0.0
416,-23.86697492,-7.68481635,0.0
417,-23.99335334,-7.13741126,0.0
418,-24.11973176,-6.59000617,0.0
419,-23.84959075,-6.51619804,0.70996579
420,-21.66745438,-7.43421264,0.0
421,-21.79383281,-6.88680755,0.0
422,-21.92021123,-6.33940246,0.0
423,-21.67470485,-6.26840109,0.70996579
424,-23.57944974,-6.44238991,1.41993159
425,-23.30930873,-6.36858178,2.12989738
426,-21.42919847,-6.19739973,1.41993159
427,-27.24113175,-10.52997387,2.83986318
428,-27.24113175,-9.9933386,2.83986318
429,-27.24113175,-9.45670333,2.83986318
430,-27.24113175,-8.92006806,2.83986318
431,-27.24113175,-8.38343279,2.83986318
432,-26.92172148,-10.40650678,3.54982897
433,-26.92172148,-9.87616371,3.54982897
434,-26.92172148,-9.34582065,3.54982897
435,-26.92172148,-8.81547759,3.54982897
436,-26.92172148,-8.28513452,3.54982897
437,-26.60231121,-10.28303968,4.25979477
438,-26.60231121,-9.75898883,4.25979477
439,-26.60231121,-9.23493797,4.25979477
440,-26.60231121,-8.71088711,4.25979477
441,-26.60231121,-8.18683625,4.25979477
442,-27.24113175,-7.84679752,2.83986318
443,-27.24113175,-7.31016225,2.83986318
444,-27.24113175,-6.77352698,2.83986318
445,-25.14014973,-6.53415032,2.83986318
446,-26.92172148,-7.75479146,3.54982897
447,-26.92172148,-7.22444839,3.54982897
448,-26.92172148,-6.69410533,3.54982897
449,-26.60231121,-7.66278539,4.25979477
450,-26.60231121,-7.13873454,4.25979477
451,-26.60231121,-6.61468368,4.25979477
452,-23.03916772,-6.29477365,2.83986318
453,-24.84537409,-6.45753543,3.54982897
454,-24.55059845,-6.38092054,4.25979477
455,-22.76902671,-6.22096553,3.54982897
456,-22.4988857,-6.1471574,4.25979477
457,-21.28831911,-10.2000361,0.0
458,-18.83604173,-10.48243848,0.0
459,-18.96242015,-9.93503339,0.0
460,-19.08879858,-9.3876283,0.0
461,-19.215177,-8.84022321,0.0
462,-19.215177,-8.27841911,0.0
463,-19.72069069,-6.08879875,0.0
464,-19.34155542,-7.73101402,0.0
465,-19.46793385,-7.18360893,0.0
466,-19.59431227,-6.63620384,0.0
467,-19.49981894,-6.02060415,0.70996579
468,-21.18369208,-6.12639836,2.12989738
469,-19.27894719,-5.95240954,1.41993159
470,-19.05807544,-5.88421493,2.12989738
471,-16.51014277,-10.21743577,0.0
472,-16.6365212,-9.67003068,0.0
473,-17.01565647,-8.0278154,0.0
474,-16.76289962,-9.12262559,0.0
475,-16.88927804,-8.5752205,0.0
476,-14.30994723,-8.84614763,0.0
477,-14.43632566,-8.29874254,0.0
478,-17.14203489,-7.48041031,0.0
479,-17.26841331,-6.93300522,0.0
480,-17.39479173,-6.38560013,0.0
481,-17.52117016,-5.83819504,0.0
482,-17.32493304,-5.7728072,0.70996579
483,-14.68260436,-7.79379636,0.0
484,-14.80898279,-7.24639127,0.0
485,-14.93536121,-6.69898618,0.0
486,-15.18811805,-5.604176,0.0
487,-15.06173963,-6.15158109,0.0
488,-17.12869591,-5.70741935,1.41993159
489,-16.93245879,-5.64203151,2.12989738
490,-20.9381857,-6.05539699,2.83986318
491,-18.83720369,-5.81602033,2.83986318
492,-20.69267932,-5.98439562,3.54982897
493,-20.44717294,-5.91339425,4.25979477
494,-18.61633194,-5.74782572,3.54982897
495,-18.39546018,-5.67963111,4.25979477
496,-16.73622167,-5.57664366,2.83986318
497,-16.53998455,-5.51125582,3.54982897
498,-16.34374743,-5.44586797,4.25979477
499,-15.43439676,-5.09922983,0.0
500,-15.2615315,-5.04211839,0.70996579
501,-15.08866624,-4.98500696,1.41993159
502,-14.91580098,-4.92789552,2.12989738
503,-14.74293572,-4.87078409,2.83986318
504,-14.57007046,-4.81367265,3.54982897
505,-14.3972052,-4.75656122,4.25979477
506,-26.28290094,-10.15957259,4.96976056
507,-26.28290094,-9.64181394,4.96976056
508,-26.28290094,-9.12405529,4.96976056
509,-26.28290094,-8.60629663,4.96976056
510,-26.28290094,-8.08853798,4.96976056
511,-25.96349066,-10.54757194,5.67972635
512,-25.96349066,-10.0361055,5.67972635
513,-25.96349066,-9.52463905,5.67972635
514,-25.64408039,-10.41781264,6.38969215
515,-25.64408039,-9.9126384,6.38969215
516,-25.64408039,-9.40746416,6.38969215
517,-25.96349066,-9.0131726,5.67972635
518,-25.96349066,-8.50170616,5.67972635
519,-25.96349066,-7.99023971,5.67972635
520,-25.64408039,-8.90228992,6.38969215
521,-25.64408039,-8.39711568,6.38969215
522,-26.28290094,-7.57077933,4.96976056
523,-26.28290094,-7.05302068,4.96976056
524,-26.28290094,-6.53526202,4.96976056
525,-25.96349066,-7.47877327,5.67972635
526,-25.96349066,-6.96730682,5.67972635
527,-25.64408039,-7.89194144,6.38969215
528,-25.64408039,-7.3867672,6.38969215
529,-25.64408039,-6.88159296,6.38969215
530,-25.96349066,-6.45584037,5.67972635
531,-25.64408039,-6.37641872,6.38969215
532,-24.25582281,-6.30430565,4.96976056
533,-22.22874468,-6.07334927,4.96976056
534,-23.96104717,-6.22769075,5.67972635
535,-23.66627153,-6.15107586,6.38969215
536,-21.95860367,-5.99954114,5.67972635
537,-21.68846266,-5.92573301,6.38969215
538,-25.32467012,-10.28805335,7.09965794
539,-25.32467012,-9.78917131,7.09965794
540,-25.32467012,-9.29028928,7.09965794
541,-25.32467012,-8.79140724,7.09965794
542,-25.32467012,-8.29252521,7.09965794
543,-25.00525985,-10.15829405,7.80962374
544,-25.00525985,-9.66570422,7.80962374
545,-25.00525985,-9.17311439,7.80962374
546,-25.00525985,-8.68052456,7.80962374
547,-25.00525985,-8.18793473,7.80962374
548,-25.32467012,-7.79364317,7.09965794
549,-25.32467012,-7.29476114,7.09965794
550,-25.32467012,-6.7958791,7.09965794
551,-25.32467012,-6.29699707,7.09965794
552,-25.00525985,-7.6953449,7.80962374
553,-25.00525985,-7.20275507,7.80962374
554,-25.00525985,-6.71016524,7.80962374
555,-25.00525985,-6.21757541,7.80962374
556,-24.68584958,-10.51483237,8.51958953
557,-24.68584958,-10.02853475,8.51958953
558,-24.68584958,-9.54223712,8.51958953
559,-24.68584958,-9.0559395,8.51958953
560,-24.68584958,-8.56964188,8.51958953
561,-24.68584958,-8.08334425,8.51958953
562,-23.37149588,-6.07446097,7.09965794
563,-21.41832165,-5.85192488,7.09965794
564,-24.68584958,-7.59704663,8.51958953
565,-24.68584958,-7.11074901,8.51958953
566,-24.68584958,-6.62445138,8.51958953
567,-24.68584958,-6.13815376,8.51958953
568,-23.07672024,-5.99784608,7.80962374
569,-22.7819446,-5.92123119,8.51958953
570,-20.20166656,-5.84239289,4.96976056
571,-18.17458843,-5.61143651,4.96976056
572,-19.95616018,-5.77139152,5.67972635
573,-19.71065379,-5.70039015,6.38969215
574,-17.95371668,-5.5432419,5.67972635
575,-16.14751031,-5.38048013,4.96976056
576,-17.73284493,-5.47504729,6.38969215
577,-15.95127319,-5.31509228,5.67972635
578,-19.46514741,-5.62938878,7.09965794
579,-21.14818064,-5.77811675,7.80962374
580,-20.87803963,-5.70430862,8.51958953
581,-19.21964103,-5.55838741,7.80962374
582,-18.97413465,-5.48738605,8.51958953
583,-17.51197318,-5.40685269,7.09965794
584,-17.29110143,-5.33865808,7.80962374
585,-15.75503606,-5.24970444,6.38969215
586,-15.55879894,-5.18431659,7.09965794
587,-17.07022967,-5.27046348,8.51958953
588,-15.36256182,-5.11892875,7.80962374
589,-15.1663247,-5.0535409,8.51958953
590,-14.20085842,-19.30466104,0.70996579
591,-11.67543477,-18.57206251,0.0
592,-14.04000725,-19.08599977,1.41993159
593,-13.87915609,-18.8673385,2.12989738
594,-11.8018132,-18.02465742,0.0
595,-11.92819162,-17.47725233,0.0
596,-11.54466989,-18.36405535,0.70996579
597,-12.05457004,-16.92984724,0.0
598,-12.18094847,-16.38244215,0.0
599,-12.42722717,-15.87749597,0.0
600,-11.413905,-18.15604819,1.41993159
601,-11.28314012,-17.94804103,2.12989738
602,-8.98915997,-17.62080271,0.0
603,-9.11553839,-17.07339762,0.0
604,-9.24191681,-16.52599253,0.0
605,-9.36829524,-15.97858744,0.0
606,-8.88848136,-17.42344966,0.70996579
607,-8.78780275,-17.22609661,1.41993159
608,-8.68712415,-17.02874356,2.12989738
609,-13.71830493,-18.64867723,2.83986318
610,-11.15237523,-17.74003387,2.83986318
611,-13.55745376,-18.43001596,3.54982897
612,-13.3966026,-18.21135469,4.25979477
613,-11.02161035,-17.53202671,3.54982897
614,-10.89084546,-17.32401955,4.25979477
615,-8.58644554,-16.83139051,2.83986318
616,-8.48576693,-16.63403746,3.54982897
617,-8.38508832,-16.43668441,4.25979477
618,-12.55360559,-15.33009088,0.0
619,-12.67998402,-14.78268579,0.0
620,-12.80636244,-14.2352807,0.0
621,-12.93274086,-13.68787561,0.0
622,-13.43177641,-12.08811925,0.0
623,-13.17901957,-13.18292944,0.0
624,-13.30539799,-12.63552435,0.0
625,-13.55815484,-11.54071416,0.0
626,-13.68453326,-10.99330907,0.0
627,-10.73254533,-12.31658747,0.0
628,-10.85892375,-11.76918238,0.0
629,-10.98530217,-11.22177729,0.0
630,-11.1116806,-10.6743722,0.0
631,-9.86085265,-14.96869509,0.0
632,-9.61457394,-15.47364126,0.0
633,-9.98723107,-14.42129,0.0
634,-10.11360949,-13.87388491,0.0
635,-10.23998792,-13.32647982,0.0
636,-7.29447812,-14.05989421,0.0
637,-7.42085655,-13.51248912,0.0
638,-10.48626662,-12.82153364,0.0
639,-8.03979238,-11.95519168,0.0
640,-7.54723497,-12.96508403,0.0
641,-7.79351367,-12.46013785,0.0
642,-8.28607108,-11.4502455,0.0
643,-8.41244951,-10.90284041,0.0
644,-6.30288516,-16.66954291,0.0
645,-6.42926359,-16.12213782,0.0
646,-6.23229283,-16.48284397,0.70996579
647,-6.1617005,-16.29614503,1.41993159
648,-6.09110817,-16.10944609,2.12989738
649,-6.02051584,-15.92274715,2.83986318
650,-6.55564201,-15.57473273,0.0
651,-6.80192071,-15.06978656,0.0
652,-7.04819942,-14.56484038,0.0
653,-3.61661036,-15.71828311,0.0
654,-3.74298878,-15.17087802,0.0
655,-3.98926749,-14.66593185,0.0
656,-3.57610431,-15.54223828,0.70996579
657,-4.48182489,-13.6560395,0.0
658,-4.23554619,-14.16098567,0.0
659,-5.83959684,-10.58390354,0.0
660,-5.59331814,-11.08884971,0.0
661,-4.7281036,-13.15109332,0.0
662,-4.85448202,-12.60368823,0.0
663,-5.10076073,-12.09874206,0.0
664,-5.34703943,-11.59379588,0.0
665,-0.93033555,-14.76702331,0.0
666,-0.91991578,-14.60163259,0.70996579
667,-1.17661426,-14.26207714,0.0
668,-1.42289296,-13.75713096,0.0
669,-1.66917167,-13.25218479,0.0
670,-3.53559825,-15.36619345,1.41993159
671,-3.4950922,-15.19014862,2.12989738
672,-0.909496,-14.43624187,1.41993159
673,-0.89907623,-14.27085115,2.12989738
674,-1.91545037,-12.74723862,0.0
675,-2.16172908,-12.24229244,0.0
676,-2.90056519,-10.72745392,0.0
677,-2.40800778,-11.73734627,0.0
678,-2.65428648,-11.23240009,0.0
679,-5.94992352,-15.73604821,3.54982897
680,-5.87933119,-15.54934927,4.25979477
681,-3.45458615,-15.01410379,2.83986318
682,-0.88865646,-14.10546043,2.83986318
683,-3.4140801,-14.83805896,3.54982897
684,-3.37357405,-14.66201412,4.25979477
685,-0.87823668,-13.9400697,3.54982897
686,-0.86781691,-13.77467898,4.25979477
687,-13.23575144,-17.99269342,4.96976056
688,-10.76008058,-17.11601239,4.96976056
689,-13.07490028,-17.77403215,5.67972635
690,-12.91404911,-17.55537088,6.38969215
691,-8.28440972,-16.23933136,4.96976056
692,-10.62931569,-16.90800523,5.67972635
693,-10.49855081,-16.69999807,6.38969215
694,-8.18373111,-16.0419783,5.67972635
695,-12.75319795,-17.33670961,7.09965794
696,-12.59234679,-17.11804834,7.80962374
697,-12.43149562,-16.89938707,8.51958953
698,-10.36778592,-16.49199091,7.09965794
699,-10.23702104,-16.28398374,7.80962374
700,-10.10625615,-16.07597658,8.51958953
701,-8.0830525,-15.84462525,6.38969215
702,-7.98237389,-15.6472722,7.09965794
703,-7.88169529,-15.44991915,7.80962374
704,-7.78101668,-15.2525661,8.51958953
705,-5.80873886,-15.36265032,4.96976056
706,-5.73814653,-15.17595138,5.67972635
707,-5.6675542,-14.98925244,6.38969215
708,-3.333068,-14.48596929,4.96976056
709,-0.85739713,-13.60928826,4.96976056
710,-3.29256194,-14.30992446,5.67972635
711,-3.25205589,-14.13387963,6.38969215
712,-0.84697736,-13.44389754,5.67972635
713,-0.83655759,-13.27850682,6.38969215
714,-5.59696187,-14.8025535,7.09965794
715,-5.52636954,-14.61585456,7.80962374
716,-5.45577721,-14.42915562,8.51958953
717,-3.21154984,-13.9578348,7.09965794
718,-3.17104379,-13.78178997,7.80962374
719,-3.13053774,-13.60574514,8.51958953
720,-0.82613781,-13.1131161,7.09965794
721,-0.81571804,-12.94772538,7.80962374
722,-0.80529826,-12.78233465,8.51958953
723,-13.93081197,-10.4883629,0.0
724,-14.05719039,-9.94095781,0.0
725,-14.18356881,-9.39355272,0.0
726,-11.604238,-9.66447985,0.0
727,-11.3579593,-10.16942602,0.0
728,-11.73061643,-9.11707476,0.0
729,-11.85699485,-8.56966967,0.0
730,-11.98337327,-8.02226458,0.0
731,-12.60230911,-6.46496714,0.0
732,-12.72868753,-5.91756205,0.0
733,-12.85506595,-5.37015696,0.0
734,-12.22965198,-7.5173184,0.0
735,-12.47593068,-7.01237223,0.0
736,-9.03138534,-9.34554297,0.0
737,-9.27766404,-8.8405968,0.0
738,-9.40404247,-8.29319171,0.0
739,-8.53882793,-10.35543532,0.0
740,-8.78510663,-9.85048915,0.0
741,-10.0229783,-6.73589427,0.0
742,-9.53042089,-7.74578662,0.0
743,-9.77669959,-7.24084044,0.0
744,-10.269257,-6.2309481,0.0
745,-10.39563543,-5.683543,0.0
746,-7.32374721,-6.96436248,0.0
747,-8.06258332,-5.44952396,0.0
748,-7.81630462,-5.95447014,0.0
749,-7.57002591,-6.45941631,0.0
750,-13.10134466,-4.86521078,0.0
751,-13.34762336,-4.36026461,0.0
752,-13.19812996,-4.31142958,0.70996579
753,-10.76829255,-4.63119174,0.0
754,-11.01457126,-4.12624557,0.0
755,-11.26084996,-3.62129939,0.0
756,-11.13472843,-3.58074078,0.70996579
757,-13.04863657,-4.26259456,1.41993159
758,-12.89914317,-4.21375954,2.12989738
759,-11.00860689,-3.54018216,1.41993159
760,-10.88248536,-3.49962355,2.12989738
761,-10.52201385,-5.13613791,0.0
762,-8.92779786,-3.38728035,0.0
763,-9.17407657,-2.88233417,0.0
764,-9.07132689,-2.85005197,0.70996579
765,-8.18896175,-4.90211887,0.0
766,-8.43524045,-4.3971727,0.0
767,-8.68151916,-3.89222652,0.0
768,-8.96857722,-2.81776977,1.41993159
769,-8.86582755,-2.78548756,2.12989738
770,-12.74964977,-4.16492451,2.83986318
771,-10.75636382,-3.45906494,2.83986318
772,-12.60015637,-4.11608949,3.54982897
773,-12.45066298,-4.06725446,4.25979477
774,-8.76307787,-2.75320536,2.83986318
775,-10.63024229,-3.41850632,3.54982897
776,-10.50412075,-3.37794771,4.25979477
777,-8.6603282,-2.72092316,3.54982897
778,-8.55757853,-2.68864096,4.25979477
779,-5.96597526,-10.03649845,0.0
780,-6.21225397,-9.53155227,0.0
781,-6.45853267,-9.0266061,0.0
782,-6.70481138,-8.52165992,0.0
783,-6.95109008,-8.01671375,0.0
784,-3.6394013,-9.2126154,0.0
785,-3.88568001,-8.70766922,0.0
786,-4.13195871,-8.20272305,0.0
787,-7.07746851,-7.46930866,0.0
788,-5.36335224,-5.67799218,0.0
789,-4.62451612,-7.1928307,0.0
790,-4.87079483,-6.68788452,0.0
791,-4.37823742,-7.69777687,0.0
792,-5.11707353,-6.18293835,0.0
793,-3.14684389,-10.22250774,0.0
794,-3.3931226,-9.71756157,0.0
795,-0.11184499,-10.27452924,0.0
796,-0.60440239,-9.26463689,0.0
797,-0.35812369,-9.76958306,0.0
798,-1.20423587,-8.32308693,0.0
799,-0.8506811,-8.75969071,0.0
800,-1.94307198,-6.80824841,0.0
801,-2.78918417,-5.36175228,0.0
802,-2.18935069,-6.30330224,0.0
803,-2.54290546,-5.86669845,0.0
804,-1.45051458,-7.81814076,0.0
805,-1.69679328,-7.31319458,0.0
806,-5.85590964,-4.66809983,0.0
807,-5.60963094,-5.173046,0.0
808,-6.10218835,-4.16315365,0.0
809,-6.34846705,-3.65820748,0.0
810,-6.84102446,-2.64831513,0.0
811,-6.59474576,-3.15326131,0.0
812,-3.88157505,-3.41030997,0.0
813,-4.12785376,-2.9053638,0.0
814,-7.08730317,-2.14336896,0.0
815,-7.00792536,-2.11936316,0.70996579
816,-4.62041116,-1.89547145,0.0
817,-4.86668987,-1.39052528,0.0
818,-4.37413246,-2.40041763,0.0
819,-5.22024464,-0.9539215,0.0
820,-5.16177789,-0.94323751,0.70996579
821,-6.92854754,-2.09535737,1.41993159
822,-6.84916973,-2.07135158,2.12989738
823,-5.10331113,-0.93255353,1.41993159
824,-5.04484437,-0.92186955,2.12989738
825,-3.03546287,-4.8568061,0.0
826,-3.28174157,-4.35185993,0.0
827,-3.52802028,-3.84691376,0.0
828,-0.10774003,-4.97716999,0.0
829,-0.4612948,-4.54056621,0.0
830,-0.70757351,-4.03562003,0.0
831,-0.95385221,-3.53067386,0.0
832,-1.20013091,-3.02572768,0.0
833,-1.90724046,-2.15252012,0.0
834,-2.15351916,-1.64757395,0.0
835,-2.99963134,-0.20107781,0.0
836,-2.39979787,-1.14262777,0.0
837,-2.64607657,-0.6376816,0.0
838,-1.55368569,-2.5891239,0.0
839,-0.17918457,-0.38978409,0.0
840,-6.76979192,-2.04734579,2.83986318
841,-4.98637762,-0.91118557,2.83986318
842,-6.69041411,-2.02333999,3.54982897
843,-6.6110363,-1.9993342,4.25979477
844,-4.92791086,-0.90050159,3.54982897
845,-4.86944411,-0.88981761,4.25979477
846,-14.22433994,-4.69944978,4.96976056
847,-12.30116958,-4.01841944,4.96976056
848,-14.05147468,-4.64233835,5.67972635
849,-13.87860942,-4.58522692,6.38969215
850,-12.15167618,-3.96958442,5.67972635
851,-12.00218278,-3.92074939,6.38969215
852,-10.37799922,-3.3373891,4.96976056
853,-8.45482885,-2.65635875,4.96976056
854,-10.25187768,-3.29683048,5.67972635
855,-10.12575615,-3.25627187,6.38969215
856,-8.35207918,-2.62407655,5.67972635
857,-8.24932951,-2.59179435,6.38969215
858,-13.70574416,-4.52811548,7.09965794
859,-11.85268939,-3.87191437,7.09965794
860,-13.53287891,-4.47100405,7.80962374
861,-13.36001365,-4.41389261,8.51958953
862,-11.70319599,-3.82307934,7.80962374
863,-11.55370259,-3.77424432,8.51958953
864,-9.99963461,-3.21571326,7.09965794
865,-9.87351307,-3.17515464,7.80962374
866,-9.74739154,-3.13459603,8.51958953
867,-8.14657983,-2.55951214,7.09965794
868,-8.04383016,-2.52722994,7.80962374
869,-7.94108049,-2.49494774,8.51958953
870,-6.53165849,-1.97532841,4.96976056
871,-4.81097735,-0.87913363,4.96976056
872,-6.45228068,-1.95132262,5.67972635
873,-6.37290287,-1.92731682,6.38969215
874,-4.75251059,-0.86844965,5.67972635
875,-4.69404384,-0.85776567,6.38969215
876,-6.29352505,-1.90331103,7.09965794
877,-4.63557708,-0.84708168,7.09965794
878,-6.21414724,-1.87930524,7.80962374
879,-6.13476943,-1.85529945,8.51958953
880,-4.57711033,-0.8363977,7.80962374
881,-4.51864357,-0.82571372,8.51958953
882,-24.36643931,-18.05886754,9.22955533
883,-24.36643931,-17.57886212,9.22955533
884,-24.04702903,-17.82214074,9.93952112
885,-24.04702903,-17.34842753,9.93952112
886,-24.36643931,-17.09885671,9.22955533
887,-24.36643931,-16.61885129,9.22955533
888,-24.36643931,-16.13884587,9.22955533
889,-24.04702903,-16.87471432,9.93952112
890,-24.04702903,-16.40100111,9.93952112
891,-24.04702903,-15.9272879,9.93952112
892,-21.94728034,-17.78323919,9.22955533
893,-21.65958189,-17.5501255,9.93952112
894,-23.72761876,-17.58541394,10.64948691
895,-23.72761876,-17.11799294,10.64948691
896,-23.72761876,-16.65057193,10.64948691
897,-23.72761876,-16.18315093,10.64948691
898,-23.40820849,-17.34868714,11.35945271
899,-23.40820849,-16.88755834,11.35945271
900,-23.40820849,-16.42642954,11.35945271
901,-23.40820849,-15.96530075,11.35945271
902,-23.08879822,-17.11196035,12.0694185
903,-23.08879822,-16.65712375,12.0694185
904,-23.08879822,-16.20228716,12.0694185
905,-22.76938795,-16.87523355,12.7793843
906,-22.76938795,-16.42668916,12.7793843
907,-22.76938795,-15.97814477,12.7793843
908,-24.36643931,-15.65884045,9.22955533
909,-24.36643931,-15.17883504,9.22955533
910,-24.36643931,-14.69882962,9.22955533
911,-24.04702903,-15.45357468,9.93952112
912,-24.04702903,-14.97986147,9.93952112
913,-24.36643931,-14.2188242,9.22955533
914,-24.36643931,-13.73881879,9.22955533
915,-24.36643931,-13.25881337,9.22955533
916,-24.04702903,-14.50614826,9.93952112
917,-24.04702903,-14.03243505,9.93952112
918,-24.04702903,-13.55872184,9.93952112
919,-23.72761876,-15.71572992,10.64948691
920,-23.72761876,-15.24830892,10.64948691
921,-23.72761876,-14.78088791,10.64948691
922,-23.72761876,-14.3134669,10.64948691
923,-23.72761876,-13.8460459,10.64948691
924,-23.72761876,-13.37862489,10.64948691
925,-24.36643931,-12.77880795,9.22955533
926,-24.36643931,-12.29880253,9.22955533
927,-24.04702903,-13.08500863,9.93952112
928,-24.04702903,-12.61129542,9.93952112
929,-24.04702903,-12.1375822,9.93952112
930,-24.36643931,-11.81879712,9.22955533
931,-24.36643931,-11.3387917,9.22955533
932,-24.36643931,-10.85878628,9.22955533
933,-24.04702903,-11.66386899,9.93952112
934,-24.04702903,-11.19015578,9.93952112
935,-24.04702903,-10.71644257,9.93952112
936,-23.72761876,-12.91120389,10.64948691
937,-23.72761876,-12.44378288,10.64948691
938,-23.72761876,-11.97636188,10.64948691
939,-23.72761876,-11.50894087,10.64948691
940,-23.72761876,-11.04151987,10.64948691
941,-23.72761876,-10.57409886,10.64948691
942,-23.40820849,-15.50417195,11.35945271
943,-23.40820849,-15.04304315,11.35945271
944,-23.40820849,-14.58191435,11.35945271
945,-23.40820849,-14.12078555,11.35945271
946,-23.40820849,-13.65965675,11.35945271
947,-23.08879822,-15.74745056,12.0694185
948,-23.08879822,-15.29261397,12.0694185
949,-23.08879822,-14.83777738,12.0694185
950,-23.08879822,-14.38294078,12.0694185
951,-23.08879822,-13.92810419,12.0694185
952,-23.08879822,-13.47326759,12.0694185
953,-22.76938795,-15.52960038,12.7793843
954,-22.76938795,-15.08105599,12.7793843
955,-22.76938795,-14.63251161,12.7793843
956,-22.76938795,-14.18396722,12.7793843
957,-22.76938795,-13.73542283,12.7793843
958,-22.76938795,-13.28687844,12.7793843
959,-23.40820849,-13.19852795,11.35945271
960,-23.40820849,-12.73739915,11.35945271
961,-23.40820849,-12.27627035,11.35945271
962,-23.40820849,-11.81514155,11.35945271
963,-23.40820849,-11.35401275,11.35945271
964,-23.40820849,-10.89288395,11.35945271
965,-23.08879822,-13.018431,12.0694185
966,-23.08879822,-12.56359441,12.0694185
967,-23.08879822,-12.10875781,12.0694185
968,-23.08879822,-11.65392122,12.0694185
969,-23.08879822,-11.19908463,12.0694185
970,-23.08879822,-10.74424803,12.0694185
971,-22.76938795,-12.83833405,12.7793843
972,-22.76938795,-12.38978967,12.7793843
973,-22.76938795,-11.94124528,12.7793843
974,-22.76938795,-11.49270089,12.7793843
975,-22.76938795,-11.0441565,12.7793843
976,-22.76938795,-10.59561211,12.7793843
977,-19.52812137,-17.50761084,9.22955533
978,-19.27213474,-17.27811026,9.93952112
979,-21.37188344,-17.31701181,10.64948691
980,-19.01614811,-17.04860967,10.64948691
981,-17.1089624,-17.23198249,9.22955533
982,-16.88468759,-17.00609501,9.93952112
983,-14.68980343,-16.95635415,9.22955533
984,-14.49724044,-16.73407977,9.93952112
985,-16.66041279,-16.78020753,10.64948691
986,-14.30467746,-16.51180539,10.64948691
987,-21.08418499,-17.08389811,11.35945271
988,-20.79648654,-16.85078442,12.0694185
989,-18.76016148,-16.81910908,11.35945271
990,-18.50417485,-16.58960849,12.0694185
991,-20.50878809,-16.61767073,12.7793843
992,-18.24818823,-16.36010791,12.7793843
993,-16.43613798,-16.55432005,11.35945271
994,-16.21186317,-16.32843257,12.0694185
995,-15.98758837,-16.10254509,12.7793843
996,-22.44997768,-16.63850675,13.48935009
997,-22.44997768,-16.19625457,13.48935009
998,-22.1305674,-16.40177995,14.19931589
999,-22.1305674,-15.96581997,14.19931589
1000,-21.81115713,-16.16505315,14.90928168
1001,-21.49174686,-15.92832635,15.61924747
1002,-22.44997768,-15.75400238,13.48935009
1003,-22.44997768,-15.3117502,13.48935009
1004,-22.44997768,-14.86949802,13.48935009
1005,-22.1305674,-15.52986,14.19931589
1006,-22.1305674,-15.09390002,14.19931589
1007,-22.1305674,-14.65794004,14.19931589
1008,-22.44997768,-14.42724584,13.48935009
1009,-22.44997768,-13.98499365,13.48935009
1010,-22.44997768,-13.54274147,13.48935009
1011,-22.1305674,-14.22198007,14.19931589
1012,-22.1305674,-13.78602009,14.19931589
1013,-22.1305674,-13.35006011,14.19931589
1014,-21.81115713,-15.73538538,14.90928168
1015,-21.81115713,-15.30571761,14.90928168
1016,-21.81115713,-14.87604984,14.90928168
1017,-21.81115713,-14.44638207,14.90928168
1018,-21.81115713,-14.0167143,14.90928168
1019,-21.81115713,-13.58704653,14.90928168
1020,-22.44997768,-13.10048929,13.48935009
1021,-22.44997768,-12.65823711,13.48935009
1022,-22.44997768,-12.21598493,13.48935009
1023,-22.1305674,-12.91410014,14.19931589
1024,-22.1305674,-12.47814016,14.19931589
1025,-22.1305674,-12.04218019,14.19931589
1026,-22.44997768,-11.77373274,13.48935009
1027,-22.44997768,-11.33148056,13.48935009
1028,-22.44997768,-10.88922838,13.48935009
1029,-22.1305674,-11.60622021,14.19931589
1030,-22.1305674,-11.17026023,14.19931589
1031,-22.1305674,-10.73430026,14.19931589
1032,-21.81115713,-13.15737876,14.90928168
1033,-21.81115713,-12.72771099,14.90928168
1034,-21.81115713,-12.29804322,14.90928168
1035,-21.81115713,-11.86837545,14.90928168
1036,-21.81115713,-11.43870768,14.90928168
1037,-21.81115713,-11.0090399,14.90928168
1038,-21.81115713,-10.57937213,14.90928168
1039,-21.49174686,-15.50495079,15.61924747
1040,-21.49174686,-15.08157522,15.61924747
1041,-21.49174686,-14.65819966,15.61924747
1042,-21.49174686,-14.23482409,15.61924747
1043,-21.49174686,-13.81144853,15.61924747
1044,-21.49174686,-13.38807296,15.61924747
1045,-21.49174686,-12.9646974,15.61924747
1046,-21.49174686,-12.54132183,15.61924747
1047,-21.49174686,-12.11794627,15.61924747
1048,-21.49174686,-11.69457071,15.61924747
1049,-21.49174686,-11.27119514,15.61924747
1050,-21.49174686,-10.84781958,15.61924747
1051,-20.22108964,-16.38455703,13.48935009
1052,-19.93339119,-16.15144334,14.19931589
1053,-17.9922016,-16.13060732,13.48935009
1054,-19.64569274,-15.91832965,14.90928168
1055,-17.73621497,-15.90110673,14.19931589
1056,-15.76331356,-15.8766576,13.48935009
1057,-15.53903875,-15.65077012,14.19931589
1058,-17.48022834,-15.67160614,14.90928168
1059,-15.31476395,-15.42488264,14.90928168
1060,-21.17233659,-15.69159955,16.32921327
1061,-21.17233659,-15.27451619,16.32921327
1062,-21.17233659,-14.85743284,16.32921327
1063,-21.17233659,-14.44034948,16.32921327
1064,-21.17233659,-14.02326612,16.32921327
1065,-21.17233659,-13.60618276,16.32921327
1066,-19.35799429,-15.68521595,15.61924747
1067,-19.07029584,-15.45210226,16.32921327
1068,-20.85292632,-15.45487275,17.03917906
1069,-20.85292632,-15.0440816,17.03917906
1070,-20.85292632,-14.63329045,17.03917906
1071,-20.53351605,-15.21814596,17.74914486
1072,-20.53351605,-14.81364701,17.74914486
1073,-20.85292632,-14.2224993,17.03917906
1074,-20.85292632,-13.81170814,17.03917906
1075,-20.85292632,-13.40091699,17.03917906
1076,-20.53351605,-14.40914806,17.74914486
1077,-20.53351605,-14.00464911,17.74914486
1078,-20.53351605,-13.60015017,17.74914486
1079,-18.78259739,-15.21898857,17.03917906
1080,-18.49489894,-14.98587488,17.74914486
1081,-18.49489894,-14.58137593,17.74914486
1082,-18.49489894,-14.17687698,17.74914486
1083,-18.49489894,-13.77237803,17.74914486
1084,-18.49489894,-13.36787909,17.74914486
1085,-21.17233659,-13.1890994,16.32921327
1086,-21.17233659,-12.77201604,16.32921327
1087,-21.17233659,-12.35493268,16.32921327
1088,-21.17233659,-11.93784932,16.32921327
1089,-21.17233659,-11.52076597,16.32921327
1090,-21.17233659,-11.10368261,16.32921327
1091,-21.17233659,-10.68659925,16.32921327
1092,-20.85292632,-12.99012584,17.03917906
1093,-20.85292632,-12.57933468,17.03917906
1094,-20.85292632,-12.16854353,17.03917906
1095,-20.53351605,-13.19565122,17.74914486
1096,-20.53351605,-12.79115227,17.74914486
1097,-20.53351605,-12.38665333,17.74914486
1098,-20.53351605,-11.98215438,17.74914486
1099,-20.85292632,-11.75775238,17.03917906
1100,-20.85292632,-11.34696122,17.03917906
1101,-20.85292632,-10.93617007,17.03917906
1102,-20.53351605,-11.57765543,17.74914486
1103,-20.53351605,-11.17315648,17.74914486
1104,-20.53351605,-10.76865754,17.74914486
1105,-18.5858914,-12.97374742,17.74914486
1106,-18.5858914,-12.56924847,17.74914486
1107,-18.5858914,-12.16474953,17.74914486
1108,-18.5858914,-11.76025058,17.74914486
1109,-18.5858914,-11.35575163,17.74914486
1110,-18.67688387,-10.96161997,17.74914486
1111,-17.22424171,-15.44210556,15.61924747
1112,-16.96825509,-15.21260497,16.32921327
1113,-15.09048914,-15.19899516,15.61924747
1114,-14.86621433,-14.97310768,16.32921327
1115,-16.71226846,-14.98310438,17.03917906
1116,-16.45628183,-14.75360379,17.74914486
1117,-16.45628183,-14.34910485,17.74914486
1118,-16.45628183,-13.9446059,17.74914486
1119,-16.45628183,-13.54010695,17.74914486
1120,-14.64193953,-14.7472202,17.03917906
1121,-14.41766472,-14.52133271,17.74914486
1122,-14.41766472,-14.11683377,17.74914486
1123,-14.41766472,-13.71233482,17.74914486
1124,-14.50865719,-13.31820316,17.74914486
1125,-16.54727429,-13.14597529,17.74914486
1126,-16.63826676,-12.75184362,17.74914486
1127,-16.63826676,-12.34734468,17.74914486
1128,-16.63826676,-11.94284573,17.74914486
1129,-16.63826676,-11.53834678,17.74914486
1130,-16.72925922,-11.14421512,17.74914486
1131,-16.82025169,-10.75008345,17.74914486
1132,-14.59964965,-12.92407149,17.74914486
1133,-14.69064211,-12.52993982,17.74914486
1134,-14.69064211,-12.12544088,17.74914486
1135,-14.78163458,-11.32681026,17.74914486
1136,-14.69064211,-11.72094193,17.74914486
1137,-14.87262704,-10.9326786,17.74914486
1138,-24.36643931,-10.37878086,9.22955533
1139,-24.36643931,-9.89877545,9.22955533
1140,-24.36643931,-9.41877003,9.22955533
1141,-24.04702903,-10.24272936,9.93952112
1142,-24.04702903,-9.76901615,9.93952112
1143,-24.04702903,-9.29530294,9.93952112
1144,-24.36643931,-8.93876461,9.22955533
1145,-24.36643931,-8.4587592,9.22955533
1146,-24.36643931,-7.97875378,9.22955533
1147,-24.04702903,-8.82158972,9.93952112
1148,-24.04702903,-8.34787651,9.93952112
1149,-23.72761876,-10.10667785,10.64948691
1150,-23.72761876,-9.63925685,10.64948691
1151,-23.72761876,-9.17183584,10.64948691
1152,-23.72761876,-8.70441484,10.64948691
1153,-23.72761876,-8.23699383,10.64948691
1154,-24.36643931,-7.49874836,9.22955533
1155,-24.36643931,-7.01874294,9.22955533
1156,-24.04702903,-7.8741633,9.93952112
1157,-24.04702903,-7.40045009,9.93952112
1158,-24.04702903,-6.92673688,9.93952112
1159,-24.36643931,-6.53873753,9.22955533
1160,-24.36643931,-6.05873211,9.22955533
1161,-24.04702903,-6.45302367,9.93952112
1162,-24.04702903,-5.97931046,9.93952112
1163,-22.48716896,-5.8446163,9.22955533
1164,-22.19239332,-5.76800141,9.93952112
1165,-23.72761876,-7.76957283,10.64948691
1166,-23.72761876,-7.30215182,10.64948691
1167,-23.72761876,-6.83473081,10.64948691
1168,-23.72761876,-6.36730981,10.64948691
1169,-23.72761876,-5.8998888,10.64948691
1170,-21.89761768,-5.69138652,10.64948691
1171,-23.40820849,-10.43175515,11.35945271
1172,-23.40820849,-9.97062635,11.35945271
1173,-23.40820849,-9.50949755,11.35945271
1174,-23.40820849,-9.04836875,11.35945271
1175,-23.40820849,-8.58723995,11.35945271
1176,-23.40820849,-8.12611115,11.35945271
1177,-23.08879822,-10.28941144,12.0694185
1178,-23.08879822,-9.83457484,12.0694185
1179,-23.08879822,-9.37973825,12.0694185
1180,-23.08879822,-8.92490166,12.0694185
1181,-23.08879822,-8.47006506,12.0694185
1182,-23.08879822,-8.01522847,12.0694185
1183,-22.76938795,-10.14706773,12.7793843
1184,-22.76938795,-9.69852334,12.7793843
1185,-22.76938795,-9.24997895,12.7793843
1186,-22.76938795,-8.80143456,12.7793843
1187,-22.76938795,-8.35289017,12.7793843
1188,-23.40820849,-7.66498235,11.35945271
1189,-23.40820849,-7.20385355,11.35945271
1190,-23.40820849,-6.74272475,11.35945271
1191,-23.40820849,-6.28159595,11.35945271
1192,-23.40820849,-5.82046715,11.35945271
1193,-23.08879822,-7.56039187,12.0694185
1194,-23.08879822,-7.10555528,12.0694185
1195,-23.08879822,-6.65071869,12.0694185
1196,-21.60284204,-5.61477163,11.35945271
1197,-23.08879822,-6.19588209,12.0694185
1198,-23.08879822,-5.7410455,12.0694185
1199,-22.76938795,-7.90434579,12.7793843
1200,-22.76938795,-7.4558014,12.7793843
1201,-22.76938795,-7.00725701,12.7793843
1202,-22.76938795,-6.55871262,12.7793843
1203,-22.76938795,-6.11016823,12.7793843
1204,-22.76938795,-5.66162385,12.7793843
1205,-20.60789861,-5.63050049,9.22955533
1206,-20.3377576,-5.55669236,9.93952112
1207,-18.72862827,-5.41638468,9.22955533
1208,-18.48312189,-5.34538331,9.93952112
1209,-20.06761659,-5.48288423,10.64948691
1210,-19.79747558,-5.4090761,11.35945271
1211,-21.30806639,-5.53815673,12.0694185
1212,-19.52733457,-5.33526797,12.0694185
1213,-21.01329075,-5.46154184,12.7793843
1214,-18.23761551,-5.27438194,10.64948691
1215,-16.84935792,-5.20226887,9.22955533
1216,-16.62848617,-5.13407426,9.93952112
1217,-14.97008758,-4.98815306,9.22955533
1218,-14.77385046,-4.92276521,9.93952112
1219,-16.40761442,-5.06587966,10.64948691
1220,-14.57761333,-4.85737737,10.64948691
1221,-17.99210912,-5.20338058,11.35945271
1222,-19.25719356,-5.26145984,12.7793843
1223,-16.18674267,-4.99768505,11.35945271
1224,-17.74660274,-5.13237921,12.0694185
1225,-14.38137621,-4.79198952,11.35945271
1226,-15.96587092,-4.92949044,12.0694185
1227,-17.50109636,-5.06137784,12.7793843
1228,-15.74499917,-4.86129584,12.7793843
1229,-22.44997768,-10.4469762,13.48935009
1230,-22.44997768,-10.00472402,13.48935009
1231,-22.44997768,-9.56247183,13.48935009
1232,-22.1305674,-10.29834028,14.19931589
1233,-22.1305674,-9.8623803,14.19931589
1234,-22.1305674,-9.42642033,14.19931589
1235,-22.44997768,-9.12021965,13.48935009
1236,-22.44997768,-8.67796747,13.48935009
1237,-22.44997768,-8.23571529,13.48935009
1238,-22.1305674,-8.99046035,14.19931589
1239,-22.1305674,-8.55450038,14.19931589
1240,-22.1305674,-8.1185404,14.19931589
1241,-21.81115713,-10.14970436,14.90928168
1242,-21.81115713,-9.72003659,14.90928168
1243,-21.81115713,-9.29036882,14.90928168
1244,-21.81115713,-8.86070105,14.90928168
1245,-21.81115713,-8.43103328,14.90928168
1246,-21.81115713,-8.00136551,14.90928168
1247,-22.44997768,-7.7934631,13.48935009
1248,-22.44997768,-7.35121092,13.48935009
1249,-22.44997768,-6.90895874,13.48935009
1250,-22.1305674,-7.68258042,14.19931589
1251,-22.1305674,-7.24662045,14.19931589
1252,-22.1305674,-6.81066047,14.19931589
1253,-22.44997768,-6.46670656,13.48935009
1254,-22.44997768,-6.02445438,13.48935009
1255,-22.44997768,-5.58220219,13.48935009
1256,-22.1305674,-6.37470049,14.19931589
1257,-22.1305674,-5.93874052,14.19931589
1258,-22.1305674,-5.50278054,14.19931589
1259,-21.81115713,-7.57169774,14.90928168
1260,-21.81115713,-7.14202997,14.90928168
1261,-21.81115713,-6.7123622,14.90928168
1262,-21.81115713,-6.28269443,14.90928168
1263,-21.81115713,-5.85302666,14.90928168
1264,-21.81115713,-5.42335889,14.90928168
1265,-21.49174686,-10.42444401,15.61924747
1266,-21.49174686,-10.00106845,15.61924747
1267,-21.49174686,-9.57769288,15.61924747
1268,-21.49174686,-9.15431732,15.61924747
1269,-21.49174686,-8.73094175,15.61924747
1270,-21.49174686,-8.30756619,15.61924747
1271,-21.49174686,-7.88419062,15.61924747
1272,-21.49174686,-7.46081506,15.61924747
1273,-21.49174686,-7.03743949,15.61924747
1274,-21.49174686,-6.61406393,15.61924747
1275,-21.49174686,-6.19068836,15.61924747
1276,-21.49174686,-5.7673128,15.61924747
1277,-21.49174686,-5.34393724,15.61924747
1278,-20.71851511,-5.38492695,13.48935009
1279,-20.42373947,-5.30831206,14.19931589
1280,-21.17233659,-10.26951589,16.32921327
1281,-21.17233659,-9.85243253,16.32921327
1282,-21.17233659,-9.43534917,16.32921327
1283,-21.17233659,-9.01826581,16.32921327
1284,-21.17233659,-8.60118245,16.32921327
1285,-21.17233659,-8.18409909,16.32921327
1286,-20.85292632,-10.52537892,17.03917906
1287,-20.85292632,-10.11458777,17.03917906
1288,-20.85292632,-9.70379661,17.03917906
1289,-20.85292632,-9.29300546,17.03917906
1290,-20.53351605,-10.36415859,17.74914486
1291,-20.53351605,-9.95965964,17.74914486
1292,-20.53351605,-9.5551607,17.74914486
1293,-20.85292632,-8.88221431,17.03917906
1294,-20.85292632,-8.47142315,17.03917906
1295,-20.85292632,-8.060632,17.03917906
1296,-20.53351605,-9.15066175,17.74914486
1297,-20.53351605,-8.7461628,17.74914486
1298,-20.53351605,-8.34166385,17.74914486
1299,-20.53351605,-7.93716491,17.74914486
1300,-18.67688387,-10.55712102,17.74914486
1301,-18.67688387,-10.15262207,17.74914486
1302,-18.67688387,-9.74812313,17.74914486
1303,-18.67688387,-9.34362418,17.74914486
1304,-18.76787633,-8.94949251,17.74914486
1305,-18.76787633,-8.54499357,17.74914486
1306,-18.76787633,-8.14049462,17.74914486
1307,-21.17233659,-7.76701574,16.32921327
1308,-21.17233659,-7.34993238,16.32921327
1309,-21.17233659,-6.93284902,16.32921327
1310,-21.17233659,-6.51576566,16.32921327
1311,-21.17233659,-6.0986823,16.32921327
1312,-21.17233659,-5.68159894,16.32921327
1313,-20.85292632,-7.64984085,17.03917906
1314,-20.85292632,-7.2390497,17.03917906
1315,-20.85292632,-6.82825854,17.03917906
1316,-20.53351605,-7.53266596,17.74914486
1317,-20.53351605,-7.12816701,17.74914486
1318,-20.53351605,-6.72366807,17.74914486
1319,-20.85292632,-6.41746739,17.03917906
1320,-20.85292632,-6.00667624,17.03917906
1321,-20.85292632,-5.59588508,17.03917906
1322,-20.53351605,-6.31916912,17.74914486
1323,-20.53351605,-5.91467017,17.74914486
1324,-20.53351605,-5.51017122,17.74914486
1325,-18.76787633,-7.73599567,17.74914486
1326,-18.76787633,-7.33149673,17.74914486
1327,-18.8588688,-6.93736506,17.74914486
1328,-18.8588688,-6.53286611,17.74914486
1329,-18.8588688,-6.12836717,17.74914486
1330,-18.8588688,-5.72386822,17.74914486
1331,-18.8588688,-5.31936927,17.74914486
1332,-16.82025169,-10.3455845,17.74914486
1333,-16.82025169,-9.94108556,17.74914486
1334,-16.82025169,-9.53658661,17.74914486
1335,-17.00223662,-8.74832328,17.74914486
1336,-17.00223662,-8.34382433,17.74914486
1337,-17.00223662,-7.93932538,17.74914486
1338,-16.91124415,-9.14245494,17.74914486
1339,-14.96361951,-10.53854693,17.74914486
1340,-14.96361951,-10.13404799,17.74914486
1341,-14.96361951,-9.72954904,17.74914486
1342,-15.05461197,-9.33541737,17.74914486
1343,-15.2365969,-8.54715404,17.74914486
1344,-15.2365969,-8.1426551,17.74914486
1345,-15.14560444,-8.94128571,17.74914486
1346,-17.00223662,-7.53482644,17.74914486
1347,-17.09322908,-7.14069477,17.74914486
1348,-17.18422155,-6.74656311,17.74914486
1349,-17.18422155,-6.34206416,17.74914486
1350,-17.18422155,-5.93756521,17.74914486
1351,-17.18422155,-5.53306627,17.74914486
1352,-15.2365969,-7.73815615,17.74914486
1353,-15.32758937,-7.34402448,17.74914486
1354,-15.41858183,-6.94989282,17.74914486
1355,-15.5095743,-6.55576115,17.74914486
1356,-15.5095743,-6.15126221,17.74914486
1357,-15.60056676,-5.35263159,17.74914486
1358,-15.5095743,-5.74676326,17.74914486
1359,-18.98705255,-5.18765171,13.48935009
1360,-18.71691153,-5.11384358,14.19931589
1361,-20.12896383,-5.23169717,14.90928168
1362,-18.44677052,-5.04003545,14.90928168
1363,-17.25558998,-4.99037647,13.48935009
1364,-17.0100836,-4.9193751,14.19931589
1365,-15.52412741,-4.79310123,13.48935009
1366,-15.30325566,-4.72490662,14.19931589
1367,-16.76457722,-4.84837374,14.90928168
1368,-15.08238391,-4.65671202,14.90928168
1369,-19.83418819,-5.15508228,15.61924747
1370,-21.17233659,-5.26451558,16.32921327
1371,-18.17662951,-4.96622732,15.61924747
1372,-19.53941254,-5.07846739,16.32921327
1373,-17.9064885,-4.89241919,16.32921327
1374,-20.85292632,-5.18509393,17.03917906
1375,-20.53351605,-5.10567228,17.74914486
1376,-19.2446369,-5.0018525,17.03917906
1377,-18.94986126,-4.92523761,17.74914486
1378,-16.51907083,-4.77737237,15.61924747
1379,-16.27356445,-4.706371,16.32921327
1380,-14.86151216,-4.58851741,15.61924747
1381,-14.64064041,-4.52032281,16.32921327
1382,-17.63634749,-4.81861106,17.03917906
1383,-17.27521401,-5.1389346,17.74914486
1384,-17.36620648,-4.74480294,17.74914486
1385,-16.02805807,-4.63536963,17.03917906
1386,-14.41976866,-4.4521282,17.03917906
1387,-15.69155923,-4.95849993,17.74914486
1388,-15.78255169,-4.56436826,17.74914486
1389,-12.27064446,-16.6807258,9.22955533
1390,-12.1097933,-16.46206453,9.93952112
1391,-11.94894213,-16.24340326,10.64948691
1392,-9.97549127,-15.86796942,9.22955533
1393,-14.11211447,-16.28953102,11.35945271
1394,-13.91955149,-16.06725664,12.0694185
1395,-11.78809097,-16.02474199,11.35945271
1396,-9.84472638,-15.65996226,9.93952112
1397,-7.68033807,-15.05521305,9.22955533
1398,-7.57965946,-14.85786,9.93952112
1399,-9.7139615,-15.4519551,10.64948691
1400,-7.47898086,-14.66050695,10.64948691
1401,-11.62723981,-15.80608072,12.0694185
1402,-13.72698851,-15.84498227,12.7793843
1403,-11.46638864,-15.58741945,12.7793843
1404,-9.58319661,-15.24394794,11.35945271
1405,-9.45243172,-15.03594078,12.0694185
1406,-7.37830225,-14.4631539,11.35945271
1407,-7.27762364,-14.26580085,12.0694185
1408,-9.32166684,-14.82793362,12.7793843
1409,-7.17694503,-14.0684478,12.7793843
1410,-5.38518488,-14.24245668,9.22955533
1411,-5.31459255,-14.05575774,9.93952112
1412,-5.24400022,-13.8690588,10.64948691
1413,-3.09003168,-13.42970031,9.22955533
1414,-3.04952563,-13.25365547,9.93952112
1415,-0.79487849,-12.61694393,9.22955533
1416,-0.78445872,-12.45155321,9.93952112
1417,-3.00901958,-13.07761064,10.64948691
1418,-0.77403894,-12.28616249,10.64948691
1419,-5.17340789,-13.68235986,11.35945271
1420,-5.10281556,-13.49566091,12.0694185
1421,-5.03222323,-13.30896197,12.7793843
1422,-2.96851353,-12.90156581,11.35945271
1423,-2.92800748,-12.72552098,12.0694185
1424,-0.76361917,-12.12077177,11.35945271
1425,-0.75319939,-11.95538105,12.0694185
1426,-2.88750143,-12.54947615,12.7793843
1427,-0.74277962,-11.78999033,12.7793843
1428,-13.53442552,-15.62270789,13.48935009
1429,-13.34186254,-15.40043351,14.19931589
1430,-11.30553748,-15.36875818,13.48935009
1431,-11.14468632,-15.1500969,14.19931589
1432,-13.14929955,-15.17815914,14.90928168
1433,-10.98383516,-14.93143563,14.90928168
1434,-9.19090195,-14.61992646,13.48935009
1435,-9.06013707,-14.4119193,14.19931589
1436,-8.92937218,-14.20391214,14.90928168
1437,-12.95673657,-14.95588476,15.61924747
1438,-12.76417358,-14.73361039,16.32921327
1439,-10.82298399,-14.71277436,15.61924747
1440,-12.5716106,-14.51133601,17.03917906
1441,-12.37904761,-14.28906163,17.74914486
1442,-12.37904761,-13.88456269,17.74914486
1443,-12.47004008,-13.49043102,17.74914486
1444,-12.56103254,-13.09629936,17.74914486
1445,-12.65202501,-12.70216769,17.74914486
1446,-12.74301747,-12.30803603,17.74914486
1447,-12.74301747,-11.90353708,17.74914486
1448,-12.83400993,-11.50940541,17.74914486
1449,-12.9250024,-11.11527375,17.74914486
1450,-13.01599486,-10.72114208,17.74914486
1451,-10.70440036,-12.48026389,17.74914486
1452,-10.79539283,-12.08613223,17.74914486
1453,-10.88638529,-11.69200056,17.74914486
1454,-10.97737776,-11.2978689,17.74914486
1455,-11.06837022,-10.90373723,17.74914486
1456,-10.66213283,-14.49411309,16.32921327
1457,-8.7986073,-13.99590498,15.61924747
1458,-8.66784241,-13.78789782,16.32921327
1459,-10.50128167,-14.27545182,17.03917906
1460,-10.3404305,-14.05679055,17.74914486
1461,-10.43142297,-13.66265889,17.74914486
1462,-10.52241543,-13.26852722,17.74914486
1463,-8.53707753,-13.57989066,17.03917906
1464,-8.40631264,-13.3718835,17.74914486
1465,-10.6134079,-12.87439556,17.74914486
1466,-8.94760317,-11.43179559,17.74914486
1467,-9.03859563,-11.03766393,17.74914486
1468,-9.1295881,-10.64353226,17.74914486
1469,-8.49730511,-12.97775183,17.74914486
1470,-8.58829757,-12.58362017,17.74914486
1471,-8.67929004,-12.1894885,17.74914486
1472,-8.7702825,-11.79535684,17.74914486
1473,-7.07626643,-13.87109475,13.48935009
1474,-6.97558782,-13.6737417,14.19931589
1475,-6.87490921,-13.47638865,14.90928168
1476,-4.9616309,-13.12226303,13.48935009
1477,-4.89103857,-12.93556409,14.19931589
1478,-4.82044624,-12.74886515,14.90928168
1479,-2.84699537,-12.37343132,13.48935009
1480,-2.80648932,-12.19738649,14.19931589
1481,-0.73235985,-11.6245996,13.48935009
1482,-0.72194007,-11.45920888,14.19931589
1483,-2.76598327,-12.02134166,14.90928168
1484,-0.7115203,-11.29381816,14.90928168
1485,-6.77423061,-13.27903559,15.61924747
1486,-6.673552,-13.08168254,16.32921327
1487,-4.74985391,-12.56216621,15.61924747
1488,-4.67926158,-12.37546727,16.32921327
1489,-6.57287339,-12.88432949,17.03917906
1490,-6.47219478,-12.68697644,17.74914486
1491,-6.56318725,-12.29284478,17.74914486
1492,-6.65417971,-11.89871311,17.74914486
1493,-6.74517218,-11.50458145,17.74914486
1494,-6.92249284,-11.1410202,17.74914486
1495,-7.09981351,-10.77745896,17.74914486
1496,-4.60866925,-12.18876833,17.03917906
1497,-4.53807692,-12.00206939,17.74914486
1498,-4.62906939,-11.60793772,17.74914486
1499,-4.72006185,-11.21380606,17.74914486
1500,-4.89738252,-10.85024481,17.74914486
1501,-2.72547722,-11.84529682,15.61924747
1502,-2.68497117,-11.66925199,16.32921327
1503,-0.70110052,-11.12842744,15.61924747
1504,-0.69068075,-10.96303672,16.32921327
1505,-2.64446511,-11.49320716,17.03917906
1506,-2.69495153,-10.92303067,17.74914486
1507,-2.60395906,-11.31716233,17.74914486
1508,-0.68026098,-10.797646,17.03917906
1509,-0.6698412,-10.63225528,17.74914486
1510,-13.18714839,-4.35678118,9.22955533
1511,-13.01428313,-4.29966974,9.93952112
1512,-11.40420919,-3.7254093,9.22955533
1513,-11.2547158,-3.67657427,9.93952112
1514,-12.84141787,-4.24255831,10.64948691
1515,-11.1052224,-3.62773925,10.64948691
1516,-9.62127,-3.09403742,9.22955533
1517,-9.49514847,-3.0534788,9.93952112
1518,-9.36902693,-3.01292019,10.64948691
1519,-7.83833081,-2.46266553,9.22955533
1520,-7.73558114,-2.43038333,9.93952112
1521,-7.63283147,-2.39810113,10.64948691
1522,-12.66855261,-4.18544687,11.35945271
1523,-14.18513909,-4.72660168,12.0694185
1524,-12.49568735,-4.12833544,12.0694185
1525,-10.955729,-3.57890422,11.35945271
1526,-10.8062356,-3.5300692,12.0694185
1527,-13.98890197,-4.66121383,12.7793843
1528,-12.32282209,-4.07122401,12.7793843
1529,-9.2429054,-2.97236157,11.35945271
1530,-9.11678386,-2.93180296,12.0694185
1531,-10.65674221,-3.48123418,12.7793843
1532,-8.99066233,-2.89124435,12.7793843
1533,-7.53008179,-2.36581892,11.35945271
1534,-7.42733212,-2.33353672,12.0694185
1535,-7.32458245,-2.30125452,12.7793843
1536,-6.05539162,-1.83129365,9.22955533
1537,-5.97601381,-1.80728786,9.93952112
1538,-4.46017682,-0.81502974,9.22955533
1539,-4.40171006,-0.80434576,9.93952112
1540,-5.896636,-1.78328207,10.64948691
1541,-4.3432433,-0.79366178,10.64948691
1542,-5.81725819,-1.75927627,11.35945271
1543,-5.73788038,-1.73527048,12.0694185
1544,-4.28477655,-0.7829778,11.35945271
1545,-4.22630979,-0.77229382,12.0694185
1546,-5.65850256,-1.71126469,12.7793843
1547,-4.16784304,-0.76160984,12.7793843
1548,-13.10698733,-10.32701042,17.74914486
1549,-13.10698733,-9.92251147,17.74914486
1550,-13.19797979,-9.52837981,17.74914486
1551,-13.37996472,-8.74011647,17.74914486
1552,-13.47095719,-8.34598481,17.74914486
1553,-13.47095719,-7.94148586,17.74914486
1554,-13.28897226,-9.13424814,17.74914486
1555,-11.15936268,-10.50960557,17.74914486
1556,-11.25035515,-10.1154739,17.74914486
1557,-11.34134761,-9.72134224,17.74914486
1558,-11.43234008,-9.32721057,17.74914486
1559,-11.61432501,-8.53894724,17.74914486
1560,-11.70531747,-8.14481557,17.74914486
1561,-11.52333254,-8.9330789,17.74914486
1562,-13.56194965,-7.5473542,17.74914486
1563,-13.65294212,-7.15322253,17.74914486
1564,-13.74393458,-6.75909087,17.74914486
1565,-13.83492705,-6.3649592,17.74914486
1566,-13.83492705,-5.96046025,17.74914486
1567,-13.92591951,-5.56632859,17.74914486
1568,-11.79630994,-7.75068391,17.74914486
1569,-11.8873024,-7.35655224,17.74914486
1570,-11.97829487,-6.96242058,17.74914486
1571,-12.06928733,-6.56828891,17.74914486
1572,-12.1602798,-6.17415725,17.74914486
1573,-12.25127226,-5.78002558,17.74914486
1574,-12.34226472,-5.38589392,17.74914486
1575,-9.22058056,-10.2494006,17.74914486
1576,-9.48889369,-9.49170768,17.74914486
1577,-9.31157303,-9.85526893,17.74914486
1578,-9.57988616,-9.09757602,17.74914486
1579,-9.67087862,-8.70344435,17.74914486
1580,-9.76187109,-8.30931269,17.74914486
1581,-7.19080598,-10.38332729,17.74914486
1582,-7.28179844,-9.98919563,17.74914486
1583,-7.37279091,-9.59506396,17.74914486
1584,-7.72743224,-8.86794147,17.74914486
1585,-7.55011157,-9.23150271,17.74914486
1586,-7.8184247,-8.4738098,17.74914486
1587,-7.90941717,-8.07967814,17.74914486
1588,-9.85286355,-7.91518102,17.74914486
1589,-10.03018422,-7.55161978,17.74914486
1590,-10.12117668,-7.15748811,17.74914486
1591,-10.21216915,-6.76335645,17.74914486
1592,-10.30316161,-6.36922478,17.74914486
1593,-10.39415408,-5.97509312,17.74914486
1594,-10.57147475,-5.61153187,17.74914486
1595,-8.1777303,-7.32198523,17.74914486
1596,-8.35505097,-6.95842398,17.74914486
1597,-8.00040963,-7.68554647,17.74914486
1598,-8.5370359,-6.17016065,17.74914486
1599,-8.44604343,-6.56429232,17.74914486
1600,-8.62802836,-5.77602899,17.74914486
1601,-8.80534903,-5.41246774,17.74914486
1602,-13.79266485,-4.59582599,13.48935009
1603,-13.59642773,-4.53043815,14.19931589
1604,-12.14995683,-4.01411257,13.48935009
1605,-11.97709157,-3.95700114,14.19931589
1606,-13.4001906,-4.4650503,14.90928168
1607,-11.80422631,-3.8998897,14.90928168
1608,-10.50724881,-3.43239915,13.48935009
1609,-10.35775541,-3.38356413,14.19931589
1610,-8.86454079,-2.85068573,13.48935009
1611,-8.73841926,-2.81012712,14.19931589
1612,-10.20826202,-3.3347291,14.90928168
1613,-8.61229772,-2.76956851,14.90928168
1614,-7.22183277,-2.26897232,13.48935009
1615,-13.20395348,-4.39966246,15.61924747
1616,-13.00771636,-4.33427461,16.32921327
1617,-11.63136105,-3.84277827,15.61924747
1618,-11.45849579,-3.78566683,16.32921327
1619,-12.81147924,-4.26888677,17.03917906
1620,-14.01691198,-5.17219692,17.74914486
1621,-14.10790444,-4.77806526,17.74914486
1622,-14.1988969,-4.38393359,17.74914486
1623,-12.52424965,-4.59763059,17.74914486
1624,-12.61524212,-4.20349892,17.74914486
1625,-12.43325719,-4.99176225,17.74914486
1626,-10.75345968,-4.82326854,17.74914486
1627,-10.84445214,-4.42913688,17.74914486
1628,-10.9354446,-4.03500521,17.74914486
1629,-11.28563053,-3.7285554,17.03917906
1630,-11.11276527,-3.67144396,17.74914486
1631,-10.05876862,-3.28589408,15.61924747
1632,-9.90927522,-3.23705906,16.32921327
1633,-8.48617619,-2.72900989,15.61924747
1634,-8.36005465,-2.68845128,16.32921327
1635,-10.66246721,-5.21740021,17.74914486
1636,-8.9826697,-5.0489065,17.74914486
1637,-9.07366216,-4.65477483,17.74914486
1638,-9.16465463,-4.26064316,17.74914486
1639,-9.75978182,-3.18822403,17.03917906
1640,-9.43296776,-3.50295025,17.74914486
1641,-9.25564709,-3.8665115,17.74914486
1642,-9.61028843,-3.13938901,17.74914486
1643,-7.21654398,-4.84984236,17.74914486
1644,-7.39386465,-4.48628112,17.74914486
1645,-7.48485711,-4.09214945,17.74914486
1646,-8.23393311,-2.64789267,17.03917906
1647,-7.57584958,-3.69801779,17.74914486
1648,-7.75317024,-3.33445654,17.74914486
1649,-7.93049091,-2.9708953,17.74914486
1650,-8.10781158,-2.60733405,17.74914486
1651,-5.43400878,-9.33485899,17.74914486
1652,-5.61132945,-8.97129774,17.74914486
1653,-5.78865012,-8.6077365,17.74914486
1654,-5.96597079,-8.24417525,17.74914486
1655,-5.07470319,-10.48668357,17.74914486
1656,-5.25202385,-10.12312232,17.74914486
1657,-5.34301632,-9.72899065,17.74914486
1658,-3.67254733,-8.71109277,17.74914486
1659,-4.02718866,-7.98397028,17.74914486
1660,-3.849868,-8.34753153,17.74914486
1661,-6.32527638,-7.09235068,17.74914486
1662,-6.50259705,-6.72878943,17.74914486
1663,-6.05696325,-7.85004359,17.74914486
1664,-6.14795571,-7.45591192,17.74914486
1665,-6.77091018,-5.97109652,17.74914486
1666,-6.67991772,-6.36522819,17.74914486
1667,-6.86190265,-5.57696486,17.74914486
1668,-4.47282246,-6.86271613,17.74914486
1669,-4.20450933,-7.62040904,17.74914486
1670,-4.2955018,-7.22627737,17.74914486
1671,-4.65014313,-6.49915488,17.74914486
1672,-4.8274638,-6.13559364,17.74914486
1673,-5.00478446,-5.77203239,17.74914486
1674,-5.09577693,-5.37790072,17.74914486
1675,-2.87227219,-10.55946942,17.74914486
1676,-3.04959286,-10.19590817,17.74914486
1677,-3.22691353,-9.83234693,17.74914486
1678,-3.4042342,-9.46878568,17.74914486
1679,-3.49522666,-9.07465402,17.74914486
1680,-1.91108587,-8.08732656,17.74914486
1681,-1.02448254,-9.90513278,17.74914486
1682,-1.2018032,-9.54157154,17.74914486
1683,-0.84716187,-10.26869403,17.74914486
1684,-1.37912387,-9.17801029,17.74914486
1685,-1.55644454,-8.81444905,17.74914486
1686,-1.73376521,-8.4508878,17.74914486
1687,-2.26572721,-7.36020407,17.74914486
1688,-2.08840654,-7.72376531,17.74914486
1689,-2.44304788,-6.99664282,17.74914486
1690,-2.62036854,-6.63308158,17.74914486
1691,-2.79768921,-6.26952033,17.74914486
1692,-3.15233055,-5.54239784,17.74914486
1693,-2.97500988,-5.90595909,17.74914486
1694,-0.08052799,-7.39765954,17.74914486
1695,-0.25784866,-7.0340983,17.74914486
1696,-0.43516933,-6.67053705,17.74914486
1697,-1.0443701,-5.62905984,17.74914486
1698,-0.61249,-6.3069758,17.74914486
1699,-0.86704943,-5.99262108,17.74914486
1700,-5.57912475,-1.6872589,13.48935009
1701,-7.1190831,-2.23669011,14.19931589
1702,-5.49974694,-1.6632531,14.19931589
1703,-4.10937628,-0.75092585,13.48935009
1704,-4.05090953,-0.74024187,14.19931589
1705,-7.01633343,-2.20440791,14.90928168
1706,-5.42036913,-1.63924731,14.90928168
1707,-3.99244277,-0.72955789,14.90928168
1708,-7.03922331,-5.21340361,17.74914486
1709,-5.45041826,-4.65077823,17.74914486
1710,-5.62773893,-4.28721699,17.74914486
1711,-6.2506934,-2.80240159,17.74914486
1712,-5.8050596,-3.92365574,17.74914486
1713,-5.89605206,-3.52952408,17.74914486
1714,-6.07337273,-3.16596283,17.74914486
1715,-5.2730976,-5.01433948,17.74914486
1716,-3.68429255,-4.4517141,17.74914486
1717,-3.86161321,-4.08815286,17.74914486
1718,-4.03893388,-3.72459161,17.74914486
1719,-4.21625455,-3.36103037,17.74914486
1720,-4.39357522,-2.99746912,17.74914486
1721,-6.91358375,-2.17212571,15.61924747
1722,-6.81083408,-2.1398435,16.32921327
1723,-5.34099132,-1.61524152,15.61924747
1724,-5.26161351,-1.59123573,16.32921327
1725,-3.93397601,-0.71887391,15.61924747
1726,-3.87550926,-0.70818993,16.32921327
1727,-6.70808441,-2.1075613,17.03917906
1728,-6.42801406,-2.43884034,17.74914486
1729,-6.60533473,-2.0752791,17.74914486
1730,-5.1822357,-1.56722993,17.03917906
1731,-4.57089588,-2.63390788,17.74914486
1732,-4.74821655,-2.27034663,17.74914486
1733,-4.92553722,-1.90678539,17.74914486
1734,-5.10285789,-1.54322414,17.74914486
1735,-3.8170425,-0.69750595,17.03917906
1736,-3.75857575,-0.68682197,17.74914486
1737,-3.32965121,-5.17883659,17.74914486
1738,-3.50697188,-4.81527535,17.74914486
1739,-1.83089154,-4.22402138,17.74914486
1740,-2.0082122,-3.86046013,17.74914486
1741,-2.18553287,-3.49689889,17.74914486
1742,-2.36285354,-3.13333764,17.74914486
1743,-2.54017421,-2.7697764,17.74914486
1744,-1.39901143,-4.90193735,17.74914486
1745,-1.22169077,-5.26549859,17.74914486
1746,-1.5763321,-4.5383761,17.74914486
1747,-0.07757243,-3.58356088,17.74914486
1748,-0.50945253,-2.90564491,17.74914486
1749,-0.33213186,-3.26920616,17.74914486
1750,-2.79473364,-2.45542167,17.74914486
1751,-2.97205431,-2.09186043,17.74914486
1752,-3.14937498,-1.72829918,17.74914486
1753,-3.32669564,-1.36473794,17.74914486
1754,-3.50401631,-1.00117669,17.74914486
1755,-1.90517474,-0.45912924,17.74914486
1756,-2.15973417,-0.14477452,17.74914486
1757,-1.37321273,-1.54981298,17.74914486
1758,-1.1186533,-1.8641677,17.74914486
1759,-0.6867732,-2.54208367,17.74914486
1760,-0.86409386,-2.17852242,17.74914486
1761,-1.5505334,-1.18625173,17.74914486
1762,-1.72785407,-0.82269049,17.74914486
1763,-0.12901249,-0.28064304,17.74914486
1764,-3.35318611,0.23552597,0.0
1765,-3.31563041,0.23288814,0.70996579
1766,-1.13257282,0.98836965,0.0
1767,-0.77901805,0.55176587,0.0
1768,-0.42546327,0.11516208,0.0
1769,-1.48612759,1.42497343,0.0
1770,-1.46948294,1.40901379,0.70996579
1771,-3.27807471,0.23025031,1.41993159
1772,-3.24051901,0.22761248,2.12989738
1773,-1.4528383,1.39305415,1.41993159
1774,-1.43619365,1.3770945,2.12989738
1775,-3.20296331,0.22497465,2.83986318
1776,-1.41954901,1.36113486,2.83986318
1777,-3.16540761,0.22233681,3.54982897
1778,-3.12785191,0.21969898,4.25979477
1779,-1.40290436,1.34517522,3.54982897
1780,-1.38625972,1.32921558,4.25979477
1781,-3.09029621,0.21706115,4.96976056
1782,-1.36961507,1.31325594,4.96976056
1783,-3.05274051,0.21442332,5.67972635
1784,-3.01518481,0.21178549,6.38969215
1785,-1.35297043,1.29729629,5.67972635
1786,-1.33632579,1.28133665,6.38969215
1787,-2.97762911,0.20914766,7.09965794
1788,-1.31968114,1.26537701,7.09965794
1789,-2.94007341,0.20650983,7.80962374
1790,-2.90251771,0.203872,8.51958953
1791,-1.3030365,1.24941737,7.80962374
1792,-1.28639185,1.23345773,8.51958953
1793,-2.86496201,0.20123417,9.22955533
1794,-2.82740631,0.19859634,9.93952112
1795,-1.26974721,1.21749808,9.22955533
1796,-1.25310256,1.20153844,9.93952112
1797,-2.78985061,0.19595851,10.64948691
1798,-1.23645792,1.1855788,10.64948691
1799,-2.75229491,0.19332068,11.35945271
1800,-2.71473921,0.19068285,12.0694185
1801,-1.21981327,1.16961916,11.35945271
1802,-1.20316863,1.15365951,12.0694185
1803,-2.67718351,0.18804502,12.7793843
1804,-1.18652398,1.13769987,12.7793843
1805,-2.63962781,0.18540719,13.48935009
1806,-2.60207211,0.18276936,14.19931589
1807,-1.16987934,1.12174023,13.48935009
1808,-1.15323469,1.10578059,14.19931589
1809,-2.56451641,0.18013153,14.90928168
1810,-1.13659005,1.08982095,14.90928168
1811,-2.52696071,0.1774937,15.61924747
1812,-2.48940501,0.17485587,16.32921327
1813,-1.1199454,1.0738613,15.61924747
1814,-1.10330076,1.05790166,16.32921327
1815,-2.45184931,0.17221804,17.03917906
1816,-2.41429361,0.16958021,17.74914486
1817,-1.08665611,1.04194202,17.03917906
1818,-1.07001147,1.02598238,17.74914486
1819,-0.5608926,0.39727293,17.74914486
1820,-0.30633316,0.08291821,17.74914486
1821,-0.81545203,0.71162766,17.74914486
1822,1.47310331,-13.23586389,0.0
1823,1.2268246,-12.73091772,0.0
1824,0.9805459,-12.22597154,0.0
1825,1.45660457,-13.08762215,0.70996579
1826,0.7342672,-11.72102537,0.0
1827,0.13443372,-10.77947541,0.0
1828,0.48798849,-11.21607919,0.0
1829,3.38398476,-10.69481212,0.0
1830,1.44010583,-12.93938042,1.41993159
1831,1.42360709,-12.79113868,2.12989738
1832,3.87654217,-11.70470447,0.0
1833,3.63026347,-11.19975829,0.0
1834,3.83312491,-11.57361172,0.70996579
1835,3.78970766,-11.44251897,1.41993159
1836,3.7462904,-11.31142622,2.12989738
1837,1.40710834,-12.64289695,2.83986318
1838,1.3906096,-12.49465521,3.54982897
1839,1.37411086,-12.34641347,4.25979477
1840,3.70287314,-11.18033347,2.83986318
1841,3.65945589,-11.04924072,3.54982897
1842,3.61603863,-10.91814796,4.25979477
1843,1.35761212,-12.19817174,4.96976056
1844,1.34111338,-12.04993,5.67972635
1845,1.32461464,-11.90168827,6.38969215
1846,3.52920412,-10.65596246,5.67972635
1847,3.57262138,-10.78705521,4.96976056
1848,1.3081159,-11.75344653,7.09965794
1849,1.29161716,-11.60520479,7.80962374
1850,1.27511841,-11.45696306,8.51958953
1851,2.43059651,-9.31665838,0.0
1852,3.13770606,-10.18986594,0.0
1853,2.78415129,-9.75326216,0.0
1854,2.18431781,-8.81171221,0.0
1855,1.9380391,-8.30676603,0.0
1856,1.6917604,-7.80181986,0.0
1857,1.33820563,-7.36521608,0.0
1858,0.98465086,-6.92861229,0.0
1859,0.73837215,-6.42366612,0.0
1860,0.24581474,-5.41377377,0.0
1861,0.49209345,-5.91871995,0.0
1862,3.52709236,-5.97074144,0.0
1863,3.17353758,-5.53413766,0.0
1864,5.08031408,-8.29044513,0.0
1865,6.03370233,-9.66859887,0.0
1866,6.27998103,-10.17354504,0.0
1867,6.20964526,-10.05960128,0.70996579
1868,5.78742362,-9.1636527,0.0
1869,5.43386885,-8.72704891,0.0
1870,6.13930949,-9.94565752,1.41993159
1871,6.06897372,-9.83171375,2.12989738
1872,4.2342019,-6.843949,0.0
1873,4.72675931,-7.85384135,0.0
1874,4.4804806,-7.34889518,0.0
1875,3.88064713,-6.40734522,0.0
1876,7.0229221,-6.39102432,0.0
1877,6.42308863,-5.44947436,0.0
1878,6.7766434,-5.88607815,0.0
1879,5.99863795,-9.71776999,2.83986318
1880,5.92830217,-9.60382622,3.54982897
1881,5.8579664,-9.48988246,4.25979477
1882,1.62031586,-3.21443396,0.0
1883,1.37403716,-2.70948779,0.0
1884,2.3274254,-4.08764152,0.0
1885,2.92725888,-5.02919148,0.0
1886,2.68098017,-4.52424531,0.0
1887,1.97387063,-3.65103774,0.0
1888,0.42064891,-1.33133405,0.0
1889,0.77420368,-1.76793783,0.0
1890,1.12775845,-2.20454161,0.0
1891,0.06709414,-0.89473027,0.0
1892,3.45564782,-1.38335554,0.0
1893,2.3949835,-0.07354419,0.0
1894,3.10209304,-0.94675176,0.0
1895,2.74853827,-0.51014798,0.0
1896,4.40903606,-2.76150928,0.0
1897,5.11614561,-3.63471684,0.0
1898,4.76259084,-3.19811306,0.0
1899,6.06953385,-5.01287058,0.0
1900,5.71597908,-4.5762668,0.0
1901,5.36242431,-4.13966302,0.0
1902,4.05548129,-2.3249055,0.0
1903,3.70192652,-1.88830171,0.0
1904,6.49064672,-1.43537703,0.0
1905,6.8442015,-1.87198081,0.0
1906,6.13709195,-0.99877325,0.0
1907,5.78353718,-0.56216947,0.0
1908,5.42998241,-0.12556569,0.0
1909,8.68341989,-8.64238562,0.0
1910,8.43714119,-8.13743945,0.0
1911,8.58616561,-8.54559084,0.70996579
1912,8.48891132,-8.44879606,1.41993159
1913,8.39165703,-8.35200128,2.12989738
1914,7.37647687,-6.8276281,0.0
1915,7.73003165,-7.26423188,0.0
1916,8.08358642,-7.70083567,0.0
1917,9.67263967,-5.36481107,0.0
1918,10.37974921,-6.23801864,0.0
1919,10.02619444,-5.80141485,0.0
1920,11.08685876,-7.1112262,0.0
1921,10.73330398,-6.67462242,0.0
1922,10.96268595,-7.03158041,0.70996579
1923,10.83851315,-6.95193461,1.41993159
1924,10.71434035,-6.87228882,2.12989738
1925,8.29440275,-8.25520651,2.83986318
1926,8.19714846,-8.15841173,3.54982897
1927,8.09989417,-8.06161695,4.25979477
1928,10.59016755,-6.79264302,2.83986318
1929,10.46599474,-6.71299723,3.54982897
1930,10.34182194,-6.63335144,4.25979477
1931,8.61197535,-4.05499972,0.0
1932,7.55131104,-2.74518838,0.0
1933,7.90486581,-3.18179216,0.0
1934,8.25842058,-3.61839594,0.0
1935,9.3190849,-4.92820729,0.0
1936,8.96553013,-4.49160351,0.0
1937,7.19775627,-2.3085846,0.0
1938,8.66329866,-0.02085409,0.0
1939,10.52022541,-2.11315036,0.0
1940,10.16667064,-1.67654658,0.0
1941,9.3704082,-0.89406166,0.0
1942,9.01685343,-0.45745788,0.0
1943,9.81311587,-1.23994279,0.0
1944,12.37715216,-4.20544662,0.0
1945,11.22733495,-2.98635792,0.0
1946,12.02359739,-3.76884284,0.0
1947,11.67004262,-3.33223906,0.0
1948,12.73070694,-4.64205041,0.0
1949,13.08426171,-5.07865419,0.0
1950,12.93771799,-5.0217732,0.70996579
1951,12.79117428,-4.96489221,1.41993159
1952,12.64463056,-4.90801123,2.12989738
1953,10.87378018,-2.54975414,0.0
1954,12.42847547,-0.17130099,0.0
1955,13.57829268,-1.39038969,0.0
1956,14.02100035,-1.73627083,0.0
1957,13.13558501,-1.04450856,0.0
1958,12.78203024,-0.60790477,0.0
1959,12.49808685,-4.85113024,2.83986318
1960,12.35154313,-4.79424925,3.54982897
1961,12.20499942,-4.73736827,4.25979477
1962,14.23709152,-2.87550127,3.54982897
1963,14.06817689,-2.84138509,4.25979477
1964,3.48578686,-10.52486971,6.38969215
1965,5.78763063,-9.37593869,4.96976056
1966,5.71729486,-9.26199493,5.67972635
1967,5.64695909,-9.14805116,6.38969215
1968,3.44236961,-10.39377696,7.09965794
1969,3.39895235,-10.26268421,7.80962374
1970,3.35553509,-10.13159146,8.51958953
1971,5.57662331,-9.0341074,7.09965794
1972,5.50628754,-8.92016363,7.80962374
1973,5.43595177,-8.80621987,8.51958953
1974,8.00263988,-7.96482217,4.96976056
1975,10.21764914,-6.55370564,4.96976056
1976,7.9053856,-7.86802739,5.67972635
1977,7.80813131,-7.77123261,6.38969215
1978,10.09347634,-6.47405985,5.67972635
1979,9.96930353,-6.39441406,6.38969215
1980,7.71087702,-7.67443783,7.09965794
1981,9.84513073,-6.31476826,7.09965794
1982,7.61362274,-7.57764305,7.80962374
1983,7.51636845,-7.48084827,8.51958953
1984,9.72095793,-6.23512247,7.80962374
1985,9.59678513,-6.15547667,8.51958953
1986,12.0584557,-4.68048728,4.96976056
1987,13.89926226,-2.80726891,4.96976056
1988,11.91191199,-4.62360629,5.67972635
1989,11.76536827,-4.5667253,6.38969215
1990,13.73034763,-2.77315273,5.67972635
1991,13.56143301,-2.73903655,6.38969215
1992,11.61882455,-4.50984432,7.09965794
1993,13.39251838,-2.70492037,7.09965794
1994,11.47228084,-4.45296333,7.80962374
1995,11.32573712,-4.39608234,8.51958953
1996,13.22360375,-2.67080419,7.80962374
1997,13.05468912,-2.63668801,8.51958953
1998,15.08166466,-3.04608218,0.0
1999,14.91275003,-3.011966,0.70996579
2000,14.7438354,-2.97784982,1.41993159
2001,14.57492078,-2.94373364,2.12989738
2002,14.37455512,-2.17287461,0.0
2003,14.72810989,-2.6094784,0.0
2004,16.37195807,-0.1403026,0.0
2005,16.72551284,-0.57690638,0.0
2006,17.07906761,-1.01351017,0.0
2007,16.88778207,-1.00215879,0.70996579
2008,16.69649653,-0.99080742,1.41993159
2009,16.50521099,-0.97945604,2.12989738
2010,14.40600615,-2.90961745,2.83986318
2011,16.31392545,-0.96810467,2.83986318
2012,15.93135436,-0.94540192,4.25979477
2013,16.12263991,-0.95675329,3.54982897
2014,15.74006882,-0.93405055,4.96976056
2015,15.54878328,-0.92269917,5.67972635
2016,15.35749774,-0.9113478,6.38969215
2017,15.1662122,-0.89999642,7.09965794
2018,14.97492666,-0.88864505,7.80962374
2019,14.78364112,-0.87729368,8.51958953
2020,1.25861967,-11.30872132,9.22955533
2021,1.24212093,-11.16047959,9.93952112
2022,1.22562219,-11.01223785,10.64948691
2023,1.20912345,-10.86399611,11.35945271
2024,1.19262471,-10.71575438,12.0694185
2025,3.31211784,-10.00049871,9.22955533
2026,3.26870058,-9.86940596,9.93952112
2027,3.22528332,-9.73831321,10.64948691
2028,5.29528023,-8.57833234,9.93952112
2029,5.365616,-8.6922761,9.22955533
2030,5.22494446,-8.46438857,10.64948691
2031,3.18186607,-9.60722046,11.35945271
2032,3.13844881,-9.47612771,12.0694185
2033,1.17612597,-10.56751264,12.7793843
2034,3.09503155,-9.34503496,12.7793843
2035,5.15460868,-8.35044481,11.35945271
2036,5.08427291,-8.23650104,12.0694185
2037,5.01393714,-8.12255728,12.7793843
2038,7.1273513,-7.09366915,11.35945271
2039,7.03009701,-6.99687437,12.0694185
2040,6.93284273,-6.90007959,12.7793843
2041,7.41911416,-7.38405349,9.22955533
2042,7.32185988,-7.28725871,9.93952112
2043,9.47261233,-6.07583088,9.22955533
2044,9.34843952,-5.99618509,9.93952112
2045,7.22460559,-7.19046393,10.64948691
2046,9.22426672,-5.91653929,10.64948691
2047,9.10009392,-5.8368935,11.35945271
2048,8.97592112,-5.75724771,12.0694185
2049,8.85174831,-5.67760191,12.7793843
2050,11.17919341,-4.33920135,9.22955533
2051,11.03264969,-4.28232037,9.93952112
2052,10.88610598,-4.22543938,10.64948691
2053,12.88577449,-2.60257183,9.22955533
2054,12.71685986,-2.56845565,9.93952112
2055,12.54794523,-2.53433947,10.64948691
2056,14.20978449,-0.84323955,10.64948691
2057,10.59301855,-4.1116774,12.0694185
2058,10.44647483,-4.05479642,12.7793843
2059,10.73956226,-4.16855839,11.35945271
2060,12.37903061,-2.50022329,11.35945271
2061,12.21011598,-2.4661071,12.0694185
2062,14.01849895,-0.83188818,11.35945271
2063,13.82721341,-0.8205368,12.0694185
2064,12.04120135,-2.43199092,12.7793843
2065,13.63592787,-0.80918543,12.7793843
2066,1.15962723,-10.41927091,13.48935009
2067,1.14312848,-10.27102917,14.19931589
2068,3.0516143,-9.21394221,13.48935009
2069,3.00819704,-9.08284946,14.19931589
2070,1.12662974,-10.12278743,14.90928168
2071,2.96477978,-8.95175671,14.90928168
2072,4.94360137,-8.00861351,13.48935009
2073,4.8732656,-7.89466975,14.19931589
2074,6.83558844,-6.80328482,13.48935009
2075,6.73833415,-6.70649004,14.19931589
2076,4.80292983,-7.78072598,14.90928168
2077,6.64107987,-6.60969526,14.90928168
2078,1.110131,-9.9745457,15.61924747
2079,1.09363226,-9.82630396,16.32921327
2080,2.92136253,-8.82066396,15.61924747
2081,2.87794527,-8.68957121,16.32921327
2082,1.07713352,-9.67806223,17.03917906
2083,1.06063478,-9.52982049,17.74914486
2084,0.88331411,-9.16625925,17.74914486
2085,0.70599344,-8.802698,17.74914486
2086,0.35135211,-8.07557551,17.74914486
2087,0.52867278,-8.43913676,17.74914486
2088,2.83452801,-8.55847846,17.03917906
2089,2.61379009,-8.06382446,17.74914486
2090,2.79111076,-8.42738571,17.74914486
2091,0.09679267,-7.76122079,17.74914486
2092,1.75002988,-6.70799252,17.74914486
2093,1.57270922,-6.34443128,17.74914486
2094,1.39538855,-5.98087003,17.74914486
2095,1.21806788,-5.61730879,17.74914486
2096,0.96350845,-5.30295407,17.74914486
2097,2.43646942,-7.70026322,17.74914486
2098,2.25914876,-7.33670197,17.74914486
2099,2.00458932,-7.02234725,17.74914486
2100,3.4032671,-5.65476426,17.74914486
2101,3.22594643,-5.29120302,17.74914486
2102,4.73259405,-7.66678222,15.61924747
2103,4.66225828,-7.55283845,16.32921327
2104,6.54382558,-6.51290048,15.61924747
2105,6.44657129,-6.4161057,16.32921327
2106,4.59192251,-7.43889469,17.03917906
2107,4.34426607,-6.96138968,17.74914486
2108,4.52158674,-7.32495092,17.74914486
2109,3.91238597,-6.28347371,17.74914486
2110,3.65782653,-5.96911899,17.74914486
2111,4.1669454,-6.59782843,17.74914486
2112,6.34931701,-6.31931092,17.03917906
2113,6.07474205,-5.85895489,17.74914486
2114,5.82018262,-5.54460017,17.74914486
2115,6.25206272,-6.22251614,17.74914486
2116,0.70894901,-4.98859934,17.74914486
2117,0.53162834,-4.6250381,17.74914486
2118,0.35430768,-4.26147685,17.74914486
2119,0.17698701,-3.89791561,17.74914486
2120,1.67574669,-2.94310039,17.74914486
2121,2.53950689,-4.29893233,17.74914486
2122,2.28494746,-3.9845776,17.74914486
2123,3.04862576,-4.92764177,17.74914486
2124,2.79406633,-4.61328705,17.74914486
2125,2.10762679,-3.62101636,17.74914486
2126,1.93030612,-3.25745511,17.74914486
2127,0.81198648,-1.58726845,17.74914486
2128,1.16662781,-2.31439094,17.74914486
2129,1.42118725,-2.62874567,17.74914486
2130,0.98930715,-1.9508297,17.74914486
2131,0.30286761,-0.95855901,17.74914486
2132,0.55742704,-1.27291373,17.74914486
2133,0.04830817,-0.64420428,17.74914486
2134,1.72438852,-0.05295031,17.74914486
2135,2.66538749,-1.35957572,17.74914486
2136,3.17450636,-1.98828517,17.74914486
2137,3.4290658,-2.30263989,17.74914486
2138,2.91994693,-1.67393045,17.74914486
2139,2.48806682,-0.99601448,17.74914486
2140,2.23350739,-0.68165976,17.74914486
2141,1.97894795,-0.36730503,17.74914486
2142,5.31106374,-4.91589072,17.74914486
2143,4.87918364,-4.23797476,17.74914486
2144,5.05650431,-4.601536,17.74914486
2145,4.37006477,-3.60926531,17.74914486
2146,3.8609459,-2.98055586,17.74914486
2147,4.11550533,-3.29491059,17.74914486
2148,4.62462421,-3.92362003,17.74914486
2149,5.56562318,-5.23024545,17.74914486
2150,6.20062265,-2.91959829,17.74914486
2151,6.96430096,-3.86266246,17.74914486
2152,6.70974152,-3.54830774,17.74914486
2153,6.45518209,-3.23395302,17.74914486
2154,3.68362523,-2.61699462,17.74914486
2155,5.18238491,-1.6621794,17.74914486
2156,4.92782547,-1.34782468,17.74914486
2157,4.4187066,-0.71911523,17.74914486
2158,3.90958773,-0.09040578,17.74914486
2159,4.16414716,-0.40476051,17.74914486
2160,4.67326604,-1.03346995,17.74914486
2161,5.69150378,-2.29088885,17.74914486
2162,5.94606321,-2.60524357,17.74914486
2163,5.43694434,-1.97653412,17.74914486
2164,6.23757543,-0.01501344,17.74914486
2165,7.06544382,-0.8927573,17.74914486
2166,6.49213486,-0.32936816,17.74914486
2167,6.7466943,-0.64372288,17.74914486
2168,8.72757551,-5.59795612,13.48935009
2169,8.60340271,-5.51831032,14.19931589
2170,8.47922991,-5.43866453,14.90928168
2171,8.35505711,-5.35901874,15.61924747
2172,10.29993112,-3.99791543,13.48935009
2173,10.1533874,-3.94103444,14.19931589
2174,10.00684369,-3.88415346,14.90928168
2175,11.87228672,-2.39787474,13.48935009
2176,11.70337209,-2.36375856,14.19931589
2177,13.44464233,-0.79783406,13.48935009
2178,13.25335678,-0.78648268,14.19931589
2179,11.53445746,-2.32964238,14.90928168
2180,13.06207124,-0.77513131,14.90928168
2181,8.2308843,-5.27937294,16.32921327
2182,9.86029997,-3.82727247,15.61924747
2183,9.71375626,-3.77039148,16.32921327
2184,8.1067115,-5.19972715,17.03917906
2185,7.9825387,-5.12008135,17.74914486
2186,7.72797926,-4.80572663,17.74914486
2187,7.47341983,-4.49137191,17.74914486
2188,7.21886039,-4.17701719,17.74914486
2189,8.91154995,-3.02792006,17.74914486
2190,8.65699052,-2.71356534,17.74914486
2191,9.56721254,-3.71351049,17.03917906
2192,9.16610939,-3.34227478,17.74914486
2193,9.42066882,-3.65662951,17.74914486
2194,7.57456269,-1.52146675,17.74914486
2195,7.82912213,-1.83582147,17.74914486
2196,8.40243108,-2.39921061,17.74914486
2197,8.08368156,-2.1501762,17.74914486
2198,7.32000326,-1.20711203,17.74914486
2199,10.60423952,-1.87882294,17.74914486
2200,10.34968008,-1.56446821,17.74914486
2201,9.77637112,-1.00107907,17.74914486
2202,9.4576216,-0.75204465,17.74914486
2203,9.20306217,-0.43768993,17.74914486
2204,8.94850273,-0.12333521,17.74914486
2205,10.09512064,-1.25011349,17.74914486
2206,11.36554284,-2.2955262,15.61924747
2207,11.19662821,-2.26141002,16.32921327
2208,12.8707857,-0.76377993,15.61924747
2209,12.67950016,-0.75242856,16.32921327
2210,11.02771358,-2.22729384,17.03917906
2211,10.85879895,-2.19317766,17.74914486
2212,12.29692908,-0.72972581,17.74914486
2213,11.78781021,-0.10101636,17.74914486
2214,12.04236964,-0.41537109,17.74914486
2215,12.48821462,-0.74107718,17.03917906
2216,14.59235557,-0.8659423,9.22955533
2217,14.40107003,-0.85459093,9.93952112
2218,1.44159525,1.30460955,0.0
2219,0.38093094,2.61442089,0.0
2220,0.73448571,2.17781711,0.0
2221,1.08804048,1.74121333,0.0
2222,0.37666453,2.58513944,0.70996579
2223,2.04142873,0.36305959,0.0
2224,1.79515002,0.86800576,0.0
2225,3.30865378,2.49405701,0.0
2226,0.37239812,2.55585798,1.41993159
2227,0.36813171,2.52657653,2.12989738
2228,2.60154424,3.36726457,0.0
2229,2.24798946,3.80386835,0.0
2230,2.95509901,2.93066079,0.0
2231,2.222812,3.76126509,0.70996579
2232,2.19763453,3.71866182,1.41993159
2233,2.17245707,3.67605856,2.12989738
2234,4.36931809,1.18424566,0.0
2235,5.07642764,0.3110381,0.0
2236,4.72287287,0.74764188,0.0
2237,4.01576332,1.62084944,0.0
2238,3.66220855,2.05745323,0.0
2239,6.45281713,2.50804595,0.0
2240,6.8063719,2.07144217,0.0
2241,5.30299992,3.72713466,0.0
2242,4.24233561,5.036946,0.0
2243,4.59589038,4.60034222,0.0
2244,4.94944515,4.16373844,0.0
2245,5.65655469,3.29053087,0.0
2246,6.09926236,2.94464974,0.0
2247,3.71451631,5.26225193,1.41993159
2248,3.67196049,5.20196433,2.12989738
2249,0.3638653,2.49729508,2.83986318
2250,0.35959888,2.46801362,3.54982897
2251,0.35533247,2.43873217,4.25979477
2252,2.1472796,3.63345529,2.83986318
2253,2.12210213,3.59085203,3.54982897
2254,2.09692467,3.54824876,4.25979477
2255,3.54429304,5.02110152,4.25979477
2256,3.62940467,5.14167672,2.83986318
2257,3.58684886,5.08138912,3.54982897
2258,3.79962794,5.38282714,0.0
2259,3.75707212,5.32253954,0.70996579
2260,5.29133225,6.88381398,0.70996579
2261,6.23668175,6.27002365,0.0
2262,6.59023652,5.83341987,0.0
2263,6.94379129,5.39681609,0.0
2264,5.35126642,6.96178592,0.0
2265,5.79397408,6.61590479,0.0
2266,5.23139808,6.80584204,1.41993159
2267,5.17146391,6.7278701,2.12989738
2268,6.90290489,8.54074471,0.0
2269,6.82559237,8.44508843,0.70996579
2270,6.74827986,8.34943215,1.41993159
2271,6.67096734,8.25377587,2.12989738
2272,5.11152975,6.64989816,2.83986318
2273,5.05159558,6.57192621,3.54982897
2274,4.99166141,6.49395427,4.25979477
2275,6.59365482,8.15811959,2.83986318
2276,6.5163423,8.06246331,3.54982897
2277,6.43902978,7.96680703,4.25979477
2278,7.51348145,1.19823461,0.0
2279,7.95618911,0.85235347,0.0
2280,8.30974389,0.41574969,0.0
2281,7.15992668,1.63483839,0.0
2282,9.68613338,2.61275755,0.0
2283,10.48239582,1.83027263,0.0
2284,10.12884105,2.26687641,0.0
2285,8.88987094,3.39524247,0.0
2286,8.53631617,3.83184625,0.0
2287,7.74005373,4.61433117,0.0
2288,7.29734607,4.9602123,0.0
2289,8.1827614,4.26845003,0.0
2290,9.24342571,2.95863868,0.0
2291,10.61981521,5.15564654,0.0
2292,11.18950536,0.95706506,0.0
2293,11.63221303,0.61118393,0.0
2294,12.0749207,0.26530279,0.0
2295,10.83595059,1.39366885,0.0
2296,13.45131019,2.46231065,0.0
2297,13.89401786,2.11642951,0.0
2298,12.30149298,3.68139935,0.0
2299,11.41607765,4.37316162,0.0
2300,10.97336998,4.71904276,0.0
2301,11.85878532,4.02728049,0.0
2302,12.65504775,3.24479557,0.0
2303,13.00860253,2.80819178,0.0
2304,7.78832023,7.84898244,0.0
2305,8.58458267,7.06649752,0.0
2306,8.23102789,7.5031013,0.0
2307,9.3808451,6.2840126,0.0
2308,9.82355277,5.93813146,0.0
2309,10.26626044,5.59225032,0.0
2310,8.93813744,6.62989373,0.0
2311,7.34561256,8.19486357,0.0
2312,8.89725104,9.77382236,0.0
2313,8.45454337,10.11970349,0.0
2314,8.3598525,10.00636288,0.70996579
2315,9.78266637,9.08206008,0.0
2316,10.57892881,8.29957516,0.0
2317,10.22537404,8.73617895,0.0
2318,9.3399587,9.42794122,0.0
2319,8.26516163,9.89302226,1.41993159
2320,8.17047076,9.77968164,2.12989738
2321,11.46434414,7.60781289,0.0
2322,11.90705181,7.26193175,0.0
2323,12.34975948,6.91605062,0.0
2324,12.70331425,6.47944683,0.0
2325,13.14602192,6.1335657,0.0
2326,13.58872958,5.78768456,0.0
2327,14.03143725,5.44180342,0.0
2328,11.02163648,7.95369403,0.0
2329,11.77701251,10.31513773,0.0
2330,12.21972018,9.96925659,0.0
2331,13.99055085,8.58573205,0.0
2332,13.54784318,8.93161318,0.0
2333,12.66242785,9.62337546,0.0
2334,13.10513552,9.27749432,0.0
2335,8.07577989,9.66634102,2.83986318
2336,7.98108902,9.5530004,3.54982897
2337,7.88639815,9.43965978,4.25979477
2338,0.35106606,2.40945072,4.96976056
2339,0.34679965,2.38016926,5.67972635
2340,0.34253324,2.35088781,6.38969215
2341,2.0717472,3.5056455,4.96976056
2342,3.50173722,4.96081391,4.96976056
2343,2.04656973,3.46304223,5.67972635
2344,2.02139227,3.42043897,6.38969215
2345,3.4591814,4.90052631,5.67972635
2346,3.41662559,4.84023871,6.38969215
2347,0.33826683,2.32160636,7.09965794
2348,0.33400042,2.2923249,7.80962374
2349,0.32973401,2.26304345,8.51958953
2350,1.9962148,3.3778357,7.09965794
2351,3.37406977,4.7799511,7.09965794
2352,1.97103734,3.33523244,7.80962374
2353,1.94585987,3.29262917,8.51958953
2354,3.33151395,4.7196635,7.80962374
2355,3.28895814,4.6593759,8.51958953
2356,4.93172724,6.41598233,4.96976056
2357,6.36171726,7.87115075,4.96976056
2358,4.87179307,6.33801039,5.67972635
2359,4.8118589,6.26003845,6.38969215
2360,6.28440474,7.77549447,5.67972635
2361,6.20709222,7.67983819,6.38969215
2362,4.75192474,6.1820665,7.09965794
2363,6.1297797,7.58418191,7.09965794
2364,4.69199057,6.10409456,7.80962374
2365,4.6320564,6.02612262,8.51958953
2366,6.05246718,7.48852562,7.80962374
2367,5.97515467,7.39286934,8.51958953
2368,7.79170728,9.32631916,4.96976056
2369,7.69701641,9.21297854,5.67972635
2370,7.60232554,9.09963793,6.38969215
2371,8.99755886,10.51943766,6.38969215
2372,7.50763467,8.98629731,7.09965794
2373,8.88548964,10.38841271,7.09965794
2374,7.4129438,8.87295669,7.80962374
2375,7.31825293,8.75961607,8.51958953
2376,8.77342042,10.25738775,7.80962374
2377,8.6613512,10.12636279,8.51958953
2378,10.00618185,11.69866228,0.0
2379,10.44888951,11.35278114,0.0
2380,9.89411263,11.56763732,0.70996579
2381,9.78204341,11.43661236,1.41993159
2382,9.66997418,11.30558741,2.12989738
2383,10.89159718,11.00690001,0.0
2384,11.33430485,10.66101887,0.0
2385,12.11473858,13.00288536,0.0
2386,13.952029,11.72781328,0.0
2387,13.00015391,12.31112308,0.0
2388,12.55744624,12.65700422,0.0
2389,13.44286158,11.96524195,0.0
2390,10.78779132,13.12969919,2.12989738
2391,11.16286349,13.58619516,0.0
2392,11.67203091,13.34876649,0.0
2393,11.03783943,13.43402984,0.70996579
2394,12.31954513,15.47372805,0.0
2395,12.18156624,15.30042235,0.70996579
2396,14.22329531,14.30710844,0.0
2397,13.33787997,14.99887071,0.0
2398,12.82871255,15.23629938,0.0
2399,13.78058764,14.65298957,0.0
2400,10.91281538,13.28186451,1.41993159
2401,12.04358735,15.12711666,1.41993159
2402,11.90560846,14.95381097,2.12989738
2403,9.55790496,11.17456245,2.83986318
2404,10.66276727,12.97753386,2.83986318
2405,9.44583574,11.04353749,3.54982897
2406,9.33376652,10.91251254,4.25979477
2407,10.53774321,12.82536854,3.54982897
2408,10.41271916,12.67320321,4.25979477
2409,11.76762957,14.78050527,2.83986318
2410,11.49167179,14.43389389,4.25979477
2411,11.62965068,14.60719958,3.54982897
2412,13.98539419,17.12383226,0.0
2413,13.32529304,17.16681487,0.70996579
2414,13.47622677,17.36126093,0.0
2415,13.17435932,16.97236881,1.41993159
2416,13.02342559,16.77792275,2.12989738
2417,14.14124273,18.60203453,2.12989738
2418,12.87249187,16.58347669,2.83986318
2419,13.97735417,18.3864481,2.83986318
2420,12.72155815,16.38903062,3.54982897
2421,12.57062442,16.19458456,4.25979477
2422,13.81346561,18.17086167,3.54982897
2423,13.64957705,17.95527524,4.25979477
2424,9.2216973,10.78148758,4.96976056
2425,10.2876951,12.52103789,4.96976056
2426,9.10962808,10.65046262,5.67972635
2427,10.16267104,12.36887256,5.67972635
2428,10.03764699,12.21670723,6.38969215
2429,11.3536929,14.26058819,4.96976056
2430,11.21571401,14.0872825,5.67972635
2431,11.07773512,13.9139768,6.38969215
2432,12.26875697,15.80569244,5.67972635
2433,12.11782325,15.61124637,6.38969215
2434,9.91262293,12.06454191,7.09965794
2435,9.66257482,11.76021126,8.51958953
2436,9.78759888,11.91237658,7.80962374
2437,10.66379845,13.39405972,8.51958953
2438,10.93975623,13.74067111,7.09965794
2439,11.96688953,15.41680031,7.09965794
2440,10.80177734,13.56736542,7.80962374
2441,11.8159558,15.22235425,7.80962374
2442,11.66502208,15.02790819,8.51958953
2443,12.4196907,16.0001385,4.96976056
2444,13.4856885,17.73968881,4.96976056
2445,13.32179994,17.52410238,5.67972635
2446,13.15791138,17.30851594,6.38969215
2447,14.19799951,19.00578551,6.38969215
2448,12.99402282,17.09292951,7.09965794
2449,12.83013426,16.87734308,7.80962374
2450,12.6662457,16.66175665,8.51958953
2451,13.66746933,18.29560512,8.51958953
2452,14.10820465,18.09008686,8.51958953
2453,14.02115612,18.76905872,7.09965794
2454,13.84431272,18.53233192,7.80962374
2455,15.04383507,0.89734081,0.0
2456,15.48654274,0.55145967,0.0
2457,15.9292504,0.20557854,0.0
2458,14.6902803,1.33394459,0.0
2459,14.33672553,1.77054837,0.0
2460,17.39479279,2.49330904,0.0
2461,14.47414492,5.09592229,0.0
2462,14.82769969,4.6593185,0.0
2463,15.27040735,4.31343737,0.0
2464,15.71311502,3.96755623,0.0
2465,16.59853036,3.27579396,0.0
2466,16.15582269,3.62167509,0.0
2467,16.95208513,2.83919018,0.0
2468,19.07647057,1.01906185,0.0
2469,18.86281411,1.00764841,0.70996579
2470,18.28020813,1.80154676,0.0
2471,17.83750046,2.1474279,0.0
2472,18.72291579,1.45566563,0.0
2473,18.64915766,0.99623498,1.41993159
2474,18.4355012,0.98482155,2.12989738
2475,18.41762752,5.12692068,0.0
2476,19.30304285,4.4351584,0.0
2477,18.86033518,4.78103954,0.0
2478,20.18845819,3.74339613,0.0
2479,21.07387352,3.05163386,0.0
2480,20.63116585,3.39751499,0.0
2481,20.83784615,3.01745562,0.70996579
2482,19.74575052,4.08927727,0.0
2483,20.60181878,2.98327738,1.41993159
2484,20.36579142,2.94909914,2.12989738
2485,17.79453184,0.95058125,4.25979477
2486,18.22184475,0.97340812,2.83986318
2487,18.00818829,0.96199468,3.54982897
2488,20.12976405,2.9149209,2.83986318
2489,19.89373668,2.88074266,3.54982897
2490,19.65770931,2.84656442,4.25979477
2491,21.2993342,5.17446935,3.54982897
2492,21.04663026,5.11307741,4.25979477
2493,14.87596618,7.89396977,0.0
2494,15.76138152,7.2022075,0.0
2495,15.31867385,7.54808864,0.0
2496,16.64679685,6.51044523,0.0
2497,17.53221218,5.81868295,0.0
2498,17.08950452,6.16456409,0.0
2499,16.20408918,6.85632636,0.0
2500,14.43325852,8.23985091,0.0
2501,15.72285967,10.34428873,0.0
2502,17.5601501,9.06921665,0.0
2503,16.67473476,9.76097892,0.0
2504,16.2320271,10.10686006,0.0
2505,17.11744243,9.41509779,0.0
2506,17.97491985,5.47280182,0.0
2507,19.39744052,7.79414457,0.0
2508,21.23473095,6.51907249,0.0
2509,20.28285585,7.1023823,0.0
2510,19.84014819,7.44826343,0.0
2511,20.79202328,6.86495363,0.0
2512,18.51202519,8.48590684,0.0
2513,18.00285776,8.72333551,0.0
2514,18.95473285,8.14002571,0.0
2515,20.37725352,10.46136846,0.0
2516,21.26266886,9.76960619,0.0
2517,20.81996119,10.11548733,0.0
2518,21.55203815,5.2358613,2.83986318
2519,22.12014628,5.82731022,0.0
2520,21.67743861,6.17319135,0.0
2521,22.56285395,5.48142908,0.0
2522,22.31015,5.42003713,0.70996579
2523,24.05183437,7.9112243,0.0
2524,23.78245384,7.82261865,0.70996579
2525,22.05744605,5.35864519,1.41993159
2526,21.8047421,5.29725324,2.12989738
2527,23.51307332,7.734013,1.41993159
2528,23.24369279,7.64540735,2.12989738
2529,22.21454395,9.18629638,0.0
2530,22.72371137,8.94886771,0.0
2531,23.16641904,8.60298658,0.0
2532,21.70537652,9.42372505,0.0
2533,23.60912671,8.25710544,0.0
2534,24.68264347,9.99356145,2.12989738
2535,25.5408148,10.34101953,0.0
2536,25.25475769,10.22520017,0.70996579
2537,24.96870058,10.10938081,1.41993159
2538,22.97431226,7.5568017,2.83986318
2539,22.70493173,7.46819604,3.54982897
2540,22.4355512,7.37959039,4.25979477
2541,24.39658636,9.87774209,2.83986318
2542,24.11052925,9.76192273,3.54982897
2543,23.82447214,9.64610338,4.25979477
2544,17.58087538,0.93916782,4.96976056
2545,17.36721893,0.92775439,5.67972635
2546,17.15356248,0.91634095,6.38969215
2547,19.42168195,2.81238619,4.96976056
2548,20.79392631,5.05168546,4.96976056
2549,19.18565458,2.77820795,5.67972635
2550,18.94962721,2.74402971,6.38969215
2551,20.54122236,4.99029352,5.67972635
2552,20.28851841,4.92890157,6.38969215
2553,16.93990602,0.90492752,7.09965794
2554,16.72624957,0.89351409,7.80962374
2555,16.51259311,0.88210066,8.51958953
2556,18.24154511,2.64149499,8.51958953
2557,18.71359984,2.70985147,7.09965794
2558,20.03581446,4.86750963,7.09965794
2559,18.47757248,2.67567323,7.80962374
2560,19.53040657,4.74472574,8.51958953
2561,19.78311051,4.80611768,7.80962374
2562,21.35802908,7.02516778,7.09965794
2563,21.08864855,6.93656213,7.80962374
2564,20.81926802,6.84795648,8.51958953
2565,22.16617067,7.29098474,4.96976056
2566,21.89679014,7.20237909,5.67972635
2567,21.62740961,7.11377344,6.38969215
2568,23.53841503,9.53028402,4.96976056
2569,22.96630081,9.2986453,6.38969215
2570,23.25235792,9.41446466,5.67972635
2571,22.6802437,9.18282594,7.09965794
2572,22.39418659,9.06700658,7.80962374
2573,22.10812948,8.95118723,8.51958953
2574,14.83744434,11.036051,0.0
2575,14.39473667,11.38193214,0.0
2576,15.280152,10.69016987,0.0
2577,16.12704549,13.14048882,0.0
2578,16.56975316,12.79460769,0.0
2579,17.01246083,12.44872655,0.0
2580,17.52162825,12.21129788,0.0
2581,14.66600298,13.9612273,0.0
2582,15.1751704,13.72379863,0.0
2583,15.68433782,13.48636996,0.0
2584,16.3983118,15.71978398,0.0
2585,16.90747922,15.48235531,0.0
2586,17.41664665,15.24492664,0.0
2587,18.47350334,11.62798807,0.0
2588,19.35891867,10.9362258,0.0
2589,18.91621101,11.28210694,0.0
2590,18.03079567,11.97386921,0.0
2591,19.8680861,10.69879713,0.0
2592,20.71497959,13.14911609,0.0
2593,21.22414701,12.91168742,0.0
2594,18.8112294,14.3157357,0.0
2595,19.32039683,14.07830703,0.0
2596,17.85935431,14.89904551,0.0
2597,18.30206198,14.55316437,0.0
2598,19.82956425,13.84087836,0.0
2599,20.27227192,13.49499723,0.0
2600,14.49456161,16.88640359,0.0
2601,15.00372904,16.64897493,0.0
2602,15.44643671,16.30309379,0.0
2603,15.88914437,15.95721265,0.0
2604,16.6695781,18.29907914,0.0
2605,17.62145319,17.71576933,0.0
2606,17.11228577,17.953198,0.0
2607,15.14207583,19.01136515,0.0
2608,14.6329084,19.24879382,0.0
2609,15.65124325,18.77393648,0.0
2610,14.46901985,19.03320739,0.70996579
2611,15.78959004,21.1363267,0.0
2612,15.61274665,20.8995999,0.70996579
2613,16.16041068,18.53650781,0.0
2614,16.29875747,20.89889803,0.0
2615,16.80792489,20.66146936,0.0
2616,17.31709232,20.4240407,0.0
2617,16.61967615,20.43006097,0.70996579
2618,16.1162114,20.66483044,0.70996579
2619,17.1231409,20.1952915,0.70996579
2620,17.62660565,19.96052203,0.70996579
2621,14.30513129,18.81762096,1.41993159
2622,15.93366533,20.43076284,1.41993159
2623,15.43590326,20.66287311,1.41993159
2624,15.25905987,20.42614631,2.12989738
2625,15.75111927,20.19669524,2.12989738
2626,17.42695156,19.73443204,1.41993159
2627,16.73523806,19.73779311,2.12989738
2628,17.22729746,19.50834204,2.12989738
2629,17.71935686,19.27889098,2.12989738
2630,16.43142741,20.19865257,1.41993159
2631,16.92918948,19.9665423,1.41993159
2632,16.24317866,19.96724418,2.12989738
2633,19.14895547,17.00348333,0.0
2634,19.59166313,16.65760219,0.0
2635,18.13062062,17.47834067,0.0
2636,18.63978804,17.240912,0.0
2637,20.10083056,16.42017352,0.0
2638,20.60999798,16.18274485,0.0
2639,21.11916541,15.94531618,0.0
2640,21.15085889,18.31713575,0.70996579
2641,20.413524,18.34177043,1.41993159
2642,20.91128607,18.10966017,1.41993159
2643,19.68759446,18.36108671,2.12989738
2644,20.17965386,18.13163565,2.12989738
2645,21.16377265,17.67273351,2.12989738
2646,20.67171326,17.90218458,2.12989738
2647,18.84459459,19.71175469,0.0
2648,19.35376202,19.47432602,0.0
2649,18.1300704,19.72575256,0.70996579
2650,18.63353515,19.4909831,0.70996579
2651,19.1369999,19.25621363,0.70996579
2652,17.82625974,20.18661203,0.0
2653,18.33542717,19.94918336,0.0
2654,20.37209686,18.99946868,0.0
2655,19.86292944,19.23689735,0.0
2656,20.88126429,18.76204001,0.0
2657,19.64046465,19.02144416,0.70996579
2658,20.1439294,18.78667469,0.70996579
2659,20.64739414,18.55190522,0.70996579
2660,17.92471363,19.50232177,1.41993159
2661,18.4224757,19.2702115,1.41993159
2662,18.92023778,19.03810124,1.41993159
2663,19.41799985,18.80599097,1.41993159
2664,18.21141626,19.04943991,2.12989738
2665,18.70347566,18.81998884,2.12989738
2666,19.19553506,18.59053778,2.12989738
2667,19.91576193,18.5738807,1.41993159
2668,17.57823793,18.38712513,4.25979477
2669,15.08221647,20.18941951,2.83986318
2670,15.5685732,19.96262764,2.83986318
2671,16.05492992,19.73583578,2.83986318
2672,16.54128665,19.50904391,2.83986318
2673,17.51400009,19.05546018,2.83986318
2674,17.02764337,19.28225205,2.83986318
2675,15.38602713,19.72856005,3.54982897
2676,15.86668118,19.50442738,3.54982897
2677,14.72852969,19.71596591,4.25979477
2678,15.20348106,19.49449245,4.25979477
2679,15.67843244,19.27301899,4.25979477
2680,14.90537308,19.95269271,3.54982897
2681,16.82798928,19.05616205,3.54982897
2682,16.34733523,19.28029472,3.54982897
2683,17.30864332,18.83202939,3.54982897
2684,17.78929737,18.60789673,3.54982897
2685,16.15338381,19.05154552,4.25979477
2686,16.62833518,18.83007206,4.25979477
2687,17.10328656,18.6085986,4.25979477
2688,18.97307026,18.37508459,2.83986318
2689,19.45942699,18.14829272,2.83986318
2690,20.43214044,17.69470899,2.83986318
2691,19.94578371,17.92150086,2.83986318
2692,20.91849716,17.46791713,2.83986318
2693,18.26995142,18.38376406,3.54982897
2694,18.75060547,18.1596314,3.54982897
2695,19.23125952,17.93549874,3.54982897
2696,18.0531893,18.16565167,4.25979477
2697,18.52814068,17.94417821,4.25979477
2698,19.00309205,17.72270475,4.25979477
2699,19.47804342,17.50123128,4.25979477
2700,21.15387571,17.03896808,3.54982897
2701,20.42794617,17.05828436,4.25979477
2702,20.90289754,16.8368109,4.25979477
2703,21.37784892,16.61533743,4.25979477
2704,19.71191357,17.71136607,3.54982897
2705,20.19256762,17.48723341,3.54982897
2706,20.67322167,17.26310074,3.54982897
2707,19.9529948,17.27975782,4.25979477
2708,18.00035682,18.82866832,2.83986318
2709,18.48671354,18.60187645,2.83986318
2710,23.12789719,11.74506781,0.0
2711,22.24248186,12.43683008,0.0
2712,21.73331444,12.67425875,0.0
2713,22.68518953,12.09094894,0.0
2714,23.63706462,11.50763914,0.0
2715,24.65539947,11.0327818,0.0
2716,24.14623204,11.27021047,0.0
2717,21.62833283,15.70788751,0.0
2718,22.0710405,15.36200638,0.0
2719,22.58020792,15.12457771,0.0
2720,23.08937535,14.88714904,0.0
2721,24.1077102,14.4122917,0.0
2722,24.55041786,14.06641056,0.0
2723,23.59854277,14.64972037,0.0
2724,25.09810713,10.68690066,0.0
2725,26.58708756,13.11669588,0.0
2726,26.72706154,12.62778168,0.70996579
2727,27.02979523,12.77081475,0.0
2728,26.42432785,12.48474862,1.41993159
2729,26.12159416,12.34171555,2.12989738
2730,25.05958529,13.82898189,0.0
2731,25.56875271,13.59155322,0.0
2732,26.07792014,13.35412455,0.0
2733,26.68897114,15.7346716,0.70996579
2734,27.50044081,15.67546731,0.0
2735,28.00960823,15.43803864,0.0
2736,28.51877566,15.20060997,0.0
2737,27.19243589,15.49990214,0.70996579
2738,28.19936538,15.0303632,0.70996579
2739,27.69590064,15.26513267,0.70996579
2740,25.88890682,15.7885575,1.41993159
2741,26.38666889,15.55644723,1.41993159
2742,25.10024785,15.83712499,2.12989738
2743,25.59230725,15.60767392,2.12989738
2744,26.57642604,15.14877179,2.12989738
2745,26.08436664,15.37822285,2.12989738
2746,27.38219304,15.09222669,1.41993159
2747,26.88443096,15.32433696,1.41993159
2748,27.87995511,14.86011643,1.41993159
2749,27.06848544,14.91932072,2.12989738
2750,27.56054484,14.68986966,2.12989738
2751,24.80935095,15.65358221,2.83986318
2752,24.03780001,15.6941721,3.54982897
2753,24.51845406,15.47003943,3.54982897
2754,23.27765441,15.72944358,4.25979477
2755,23.75260579,15.50797012,4.25979477
2756,24.70250853,15.06502319,4.25979477
2757,24.22755716,15.28649666,4.25979477
2758,25.81886047,12.19868249,2.83986318
2759,25.51612678,12.05564942,3.54982897
2760,25.21339308,11.91261636,4.25979477
2761,25.29570767,15.42679034,2.83986318
2762,25.7820644,15.19999848,2.83986318
2763,26.26842112,14.97320662,2.83986318
2764,27.24113457,14.51962289,2.83986318
2765,26.75477785,14.74641475,2.83986318
2766,26.12736265,14.40060281,4.25979477
2767,26.60231403,14.17912934,4.25979477
2768,25.47976215,15.02177411,3.54982897
2769,24.9991081,15.24590677,3.54982897
2770,25.9604162,14.79764144,3.54982897
2771,26.44107025,14.57350878,3.54982897
2772,25.17745991,14.84354973,4.25979477
2773,25.65241128,14.62207627,4.25979477
2774,26.9217243,14.34937611,3.54982897
2775,21.89959914,18.28718267,0.0
2776,22.91793399,17.81232533,0.0
2777,22.40876656,18.049754,0.0
2778,21.65432364,18.08236629,0.70996579
2779,22.15778839,17.84759682,0.70996579
2780,22.66125314,17.61282735,0.70996579
2781,23.16471789,17.37805788,0.70996579
2782,24.44543626,17.10003932,0.0
2783,23.66818264,17.14328841,0.70996579
2784,24.17164739,16.90851894,0.70996579
2785,24.67511214,16.67374948,0.70996579
2786,23.42710141,17.57489666,0.0
2787,23.93626884,17.33746799,0.0
2788,22.63995085,16.98438032,2.12989738
2789,23.13201025,16.75492925,2.12989738
2790,21.90681022,17.64543963,1.41993159
2791,21.40904815,17.8775499,1.41993159
2792,22.4045723,17.41332937,1.41993159
2793,22.90233437,17.1812191,1.41993159
2794,21.65583205,17.44328245,2.12989738
2795,22.14789145,17.21383138,2.12989738
2796,23.40009645,16.94910883,1.41993159
2797,23.89785852,16.71699856,1.41993159
2798,24.39562059,16.4848883,1.41993159
2799,24.89338267,16.25277803,1.41993159
2800,23.62406965,16.52547818,2.12989738
2801,24.11612905,16.29602712,2.12989738
2802,24.60818845,16.06657605,2.12989738
2803,21.39043171,18.52461134,0.0
2804,24.95460369,16.86261066,0.0
2805,25.46377111,16.62518199,0.0
2806,25.97293853,16.38775332,0.0
2807,26.48210596,16.15032465,0.0
2808,25.17857689,16.43898001,0.70996579
2809,25.68204164,16.20421054,0.70996579
2810,26.18550639,15.96944107,0.70996579
2811,26.99127338,15.91289598,0.0
2812,25.39114474,16.02066776,1.41993159
2813,21.89121061,17.0143334,2.83986318
2814,22.37756733,16.78754153,2.83986318
2815,22.86392406,16.56074967,2.83986318
2816,21.40485388,17.24112526,2.83986318
2817,23.35028078,16.3339578,2.83986318
2818,23.8366375,16.10716594,2.83986318
2819,24.32299423,15.88037407,2.83986318
2820,21.63452976,16.81483542,3.54982897
2821,22.11518381,16.59070275,3.54982897
2822,22.59583786,16.36657009,3.54982897
2823,23.07649191,16.14243742,3.54982897
2824,21.85280029,16.39386397,4.25979477
2825,22.32775167,16.17239051,4.25979477
2826,22.80270304,15.95091704,4.25979477
2827,23.55714596,15.91830476,3.54982897
2828,21.06564973,15.80334762,6.38969215
2829,20.35112554,15.8173455,7.09965794
2830,20.80326621,15.60650884,7.09965794
2831,21.25540688,15.39567218,7.09965794
2832,18.9562932,15.82938604,8.51958953
2833,19.39702853,15.62386779,8.51958953
2834,19.6480067,15.82602497,7.80962374
2835,20.09444469,15.61784752,7.80962374
2836,20.54088269,15.40967006,7.80962374
2837,20.98732069,15.2014926,7.80962374
2838,19.83776385,15.41834953,8.51958953
2839,20.27849917,15.21283128,8.51958953
2840,20.71923449,15.00731302,8.51958953
2841,21.15996982,14.80179476,8.51958953
2842,16.89792979,18.3851678,4.96976056
2843,17.36717849,18.16635354,4.96976056
2844,15.57152955,18.36529794,6.38969215
2845,16.0293729,18.15180208,6.38969215
2846,16.229027,18.37789207,5.67972635
2847,16.69257302,18.16173701,5.67972635
2848,17.61966507,17.72942689,5.67972635
2849,17.15611904,17.94558195,5.67972635
2850,16.48721625,17.93830622,6.38969215
2851,16.9450596,17.72481036,6.38969215
2852,17.40290295,17.5113145,6.38969215
2853,14.5516863,19.47923911,4.96976056
2854,15.02093499,19.26042485,4.96976056
2855,15.49018369,19.04161059,4.96976056
2856,15.95943239,18.82279633,4.96976056
2857,16.42868109,18.60398207,4.96976056
2858,14.83838893,19.02635725,5.67972635
2859,14.3748429,19.24251231,5.67972635
2860,15.30193495,18.81020219,5.67972635
2861,15.76548097,18.59404713,5.67972635
2862,14.65584286,18.79228966,6.38969215
2863,15.11368621,18.5787938,6.38969215
2864,18.30567588,17.72872502,4.96976056
2865,17.83642718,17.94753928,4.96976056
2866,18.77492458,17.50991076,4.96976056
2867,19.24417328,17.2910965,4.96976056
2868,19.71342198,17.07228223,4.96976056
2869,20.18267068,16.85346797,4.96976056
2870,21.12116807,16.41583945,4.96976056
2871,20.65191937,16.63465371,4.96976056
2872,19.01030314,17.08096171,5.67972635
2873,19.47384916,16.86480665,5.67972635
2874,18.31858964,17.08432278,6.38969215
2875,18.77643299,16.87082692,6.38969215
2876,19.23427634,16.65733106,6.38969215
2877,18.08321109,17.51327183,5.67972635
2878,18.54675711,17.29711677,5.67972635
2879,17.86074629,17.29781864,6.38969215
2880,20.4009412,16.43249653,5.67972635
2881,19.93739518,16.64865159,5.67972635
2882,20.86448723,16.21634147,5.67972635
2883,21.32803325,16.00018641,5.67972635
2884,19.69211969,16.4438352,6.38969215
2885,20.14996304,16.23033934,6.38969215
2886,20.60780638,16.01684348,6.38969215
2887,14.92543746,18.3473854,7.09965794
2888,15.37757814,18.13654874,7.09965794
2889,15.82971881,17.92571208,7.09965794
2890,17.6382815,17.08236545,7.09965794
2891,16.28185948,17.71487542,7.09965794
2892,16.73400016,17.50403877,7.09965794
2893,17.18614083,17.29320211,7.09965794
2894,14.29075072,18.32415446,7.80962374
2895,14.73718872,18.115977,7.80962374
2896,15.63006472,17.69962209,7.80962374
2897,15.18362672,17.90779955,7.80962374
2898,14.9896753,17.67905035,8.51958953
2899,14.54893998,17.88456861,8.51958953
2900,15.43041062,17.47353209,8.51958953
2901,15.87114595,17.26801384,8.51958953
2902,16.96937871,17.07508972,7.80962374
2903,17.41581671,16.86691226,7.80962374
2904,16.31188127,17.06249558,8.51958953
2905,16.75261659,16.85697733,8.51958953
2906,17.63408724,16.44594081,8.51958953
2907,17.19335191,16.65145907,8.51958953
2908,16.07650271,17.49144463,7.80962374
2909,16.52294071,17.28326717,7.80962374
2910,14.47329679,18.55822206,7.09965794
2911,18.09042217,16.87152879,7.09965794
2912,18.54256285,16.66069213,7.09965794
2913,18.99470352,16.44985547,7.09965794
2914,19.44684419,16.23901882,7.09965794
2915,19.89898487,16.02818216,7.09965794
2916,18.3086927,16.45055734,7.80962374
2917,17.8622547,16.6587348,7.80962374
2918,18.7551307,16.24237989,7.80962374
2919,19.2015687,16.03420243,7.80962374
2920,18.07482256,16.24042256,8.51958953
2921,18.51555788,16.0349043,8.51958953
2922,24.91065939,11.76958329,4.96976056
2923,24.6079257,11.62655023,5.67972635
2924,24.30519201,11.48351716,6.38969215
2925,22.52891417,15.75939666,4.96976056
2926,22.99816287,15.5405824,4.96976056
2927,23.93666026,15.10295388,4.96976056
2928,23.46741157,15.32176814,4.96976056
2929,24.40590896,14.88413962,4.96976056
2930,24.87515766,14.66532536,4.96976056
2931,21.79157927,15.78403134,5.67972635
2932,22.2551253,15.56787628,5.67972635
2933,22.71867132,15.35172122,5.67972635
2934,21.52349308,15.58985176,6.38969215
2935,21.98133643,15.3763559,6.38969215
2936,22.43917978,15.16286004,6.38969215
2937,22.89702312,14.94936419,6.38969215
2938,24.57285541,14.48710098,5.67972635
2939,23.81270982,14.52237247,6.38969215
2940,24.27055317,14.30887661,6.38969215
2941,24.72839652,14.09538075,6.38969215
2942,23.18221734,15.13556616,5.67972635
2943,23.64576337,14.9194111,5.67972635
2944,24.10930939,14.70325604,5.67972635
2945,23.35486647,14.73586833,6.38969215
2946,25.34440636,14.44651109,4.96976056
2947,25.81365506,14.22769683,4.96976056
2948,26.28290376,14.00888257,4.96976056
2949,25.03640144,14.27094592,5.67972635
2950,25.49994746,14.05479086,5.67972635
2951,25.96349348,13.8386358,5.67972635
2952,25.64408321,13.66838903,6.38969215
2953,25.18623986,13.88188489,6.38969215
2954,24.00245832,11.3404841,7.09965794
2955,23.69972463,11.19745103,7.80962374
2956,23.39699094,11.05441797,8.51958953
2957,24.6858524,13.15764871,8.51958953
2958,21.70754756,15.18483552,7.09965794
2959,22.15968823,14.97399887,7.09965794
2960,22.6118289,14.76316221,7.09965794
2961,23.06396958,14.55232555,7.09965794
2962,23.51611025,14.34148889,7.09965794
2963,23.96825092,14.13065223,7.09965794
2964,24.87253227,13.70897892,7.09965794
2965,24.42039159,13.91981557,7.09965794
2966,22.77307268,14.36878277,7.80962374
2967,22.04144046,14.39075825,8.51958953
2968,22.48217578,14.18524,8.51958953
2969,22.92291111,13.97972174,8.51958953
2970,21.43375869,14.99331514,7.80962374
2971,21.88019668,14.78513769,7.80962374
2972,22.32663468,14.57696023,7.80962374
2973,21.60070514,14.59627651,8.51958953
2974,23.21951068,14.16060532,7.80962374
2975,23.66594868,13.95242786,7.80962374
2976,24.11238667,13.7442504,7.80962374
2977,24.55882467,13.53607294,7.80962374
2978,23.36364643,13.77420348,8.51958953
2979,23.80438175,13.56868523,8.51958953
2980,24.24511708,13.36316697,8.51958953
2981,25.32467294,13.49814226,7.09965794
2982,25.00526267,13.32789549,7.80962374
2983,21.59041677,16.19702519,4.96976056
2984,22.05966547,15.97821093,4.96976056
2985,0.3254676,2.23376199,9.22955533
2986,0.32120119,2.20448054,9.93952112
2987,0.31693478,2.17519909,10.64948691
2988,1.9206824,3.25002591,9.22955533
2989,1.89550494,3.20742264,9.93952112
2990,3.24640232,4.59908829,9.22955533
2991,3.2038465,4.53880069,9.93952112
2992,1.87032747,3.16481938,10.64948691
2993,3.16129068,4.47851309,10.64948691
2994,0.31266837,2.14591763,11.35945271
2995,0.30840196,2.11663618,12.0694185
2996,0.30413555,2.08735473,12.7793843
2997,1.84515001,3.12221611,11.35945271
2998,1.81997254,3.07961285,12.0694185
2999,3.11873487,4.41822548,11.35945271
3000,3.07617905,4.35793788,12.0694185
3001,1.79479507,3.03700958,12.7793843
3002,3.03362323,4.29765027,12.7793843
3003,4.57212223,5.94815068,9.22955533
3004,4.51218806,5.87017874,9.93952112
3005,5.89784215,7.29721306,9.22955533
3006,5.82052963,7.20155678,9.93952112
3007,4.4522539,5.79220679,10.64948691
3008,5.74321711,7.1059005,10.64948691
3009,7.12887119,8.53293483,9.93952112
3010,7.03418032,8.41959421,10.64948691
3011,4.39231973,5.71423485,11.35945271
3012,4.33238556,5.63626291,12.0694185
3013,5.66590459,7.01024422,11.35945271
3014,5.58859207,6.91458794,12.0694185
3015,4.27245139,5.55829097,12.7793843
3016,5.51127955,6.81893166,12.7793843
3017,6.93948945,8.30625359,11.35945271
3018,6.84479858,8.19291298,12.0694185
3019,6.75010771,8.07957236,12.7793843
3020,7.22356206,8.64627545,9.22955533
3021,8.54928198,9.99533784,9.22955533
3022,8.43721275,9.86431288,9.93952112
3023,8.32514353,9.73328792,10.64948691
3024,8.21307431,9.60226296,11.35945271
3025,8.10100509,9.47123801,12.0694185
3026,7.98893587,9.34021305,12.7793843
3027,0.29986913,2.05807327,13.48935009
3028,0.29560272,2.02879182,14.19931589
3029,0.29133631,1.99951037,14.90928168
3030,1.76961761,2.99440632,13.48935009
3031,1.74444014,2.95180305,14.19931589
3032,2.99106742,4.23736267,13.48935009
3033,2.9485116,4.17707507,14.19931589
3034,1.71926267,2.90919979,14.90928168
3035,2.90595578,4.11678746,14.90928168
3036,0.2870699,1.97022891,15.61924747
3037,0.28280349,1.94094746,16.32921327
3038,0.78338954,1.2536751,17.74914486
3039,1.29250841,0.62496566,17.74914486
3040,1.46982908,0.26140441,17.74914486
3041,1.03794898,0.93932038,17.74914486
3042,0.27853708,1.911666,17.03917906
3043,0.27427067,1.88238455,17.74914486
3044,0.52883011,1.56802983,17.74914486
3045,3.40046886,0.53830366,17.74914486
3046,2.89134999,1.16701311,17.74914486
3047,3.14590942,0.85265839,17.74914486
3048,2.63679055,1.48136783,17.74914486
3049,2.38223112,1.79572255,17.74914486
3050,2.12767168,2.11007728,17.74914486
3051,1.87311224,2.424432,17.74914486
3052,1.69408521,2.86659652,15.61924747
3053,1.66890774,2.82399325,16.32921327
3054,2.86339996,4.05649986,15.61924747
3055,2.82084415,3.99621226,16.32921327
3056,1.64373028,2.78138999,17.03917906
3057,1.61855281,2.73878672,17.74914486
3058,2.77828833,3.93592465,17.03917906
3059,3.5636009,2.99789318,17.74914486
3060,3.05448203,3.62660263,17.74914486
3061,2.73573251,3.87563705,17.74914486
3062,3.30904147,3.31224791,17.74914486
3063,3.65502829,0.22394894,17.74914486
3064,5.1551476,1.17708515,17.74914486
3065,4.39146929,2.12014932,17.74914486
3066,4.07271977,2.36918374,17.74914486
3067,4.90058817,1.49143987,17.74914486
3068,4.64602873,1.8057946,17.74914486
3069,5.72845656,0.61369601,17.74914486
3070,5.98301599,0.29934129,17.74914486
3071,5.40970704,0.86273043,17.74914486
3072,6.97401643,1.88118694,17.74914486
3073,6.65526691,2.13022136,17.74914486
3074,6.40070747,2.44457608,17.74914486
3075,4.03271472,5.2464032,15.61924747
3076,3.97278055,5.16843126,16.32921327
3077,3.81816034,2.68353846,17.74914486
3078,5.25408956,3.57135437,17.74914486
3079,4.99953013,3.88570909,17.74914486
3080,3.91284638,5.09045932,17.03917906
3081,3.85291222,5.01248737,17.74914486
3082,4.17166174,4.76345296,17.74914486
3083,4.74497069,4.20006381,17.74914486
3084,4.49041126,4.51441854,17.74914486
3085,6.14614804,2.75893081,17.74914486
3086,5.8915886,3.07328553,17.74914486
3087,5.57283908,3.32231995,17.74914486
3088,6.18089991,5.08787972,17.74914486
3089,7.07295839,4.27545616,17.74914486
3090,6.75420887,4.52449058,17.74914486
3091,6.43545935,4.773525,17.74914486
3092,4.21251722,5.48031903,13.48935009
3093,4.15258306,5.40234708,14.19931589
3094,5.43396703,6.72327538,13.48935009
3095,5.35665451,6.6276191,14.19931589
3096,6.56072597,7.85289112,14.19931589
3097,4.09264889,5.32437514,14.90928168
3098,5.27934199,6.53196282,14.90928168
3099,6.4660351,7.7395505,14.90928168
3100,6.65541684,7.96623174,13.48935009
3101,5.20202948,6.43630654,15.61924747
3102,5.12471696,6.34065026,16.32921327
3103,6.37134423,7.62620988,15.61924747
3104,6.27665336,7.51286926,16.32921327
3105,5.04740444,6.24499398,17.03917906
3106,5.28884144,5.90030328,17.74914486
3107,4.97009192,6.1493377,17.74914486
3108,5.60759096,5.65126886,17.74914486
3109,5.92634048,5.40223444,17.74914486
3110,7.04352018,6.53908477,17.74914486
3111,6.18196249,7.39952864,17.03917906
3112,6.08727162,7.28618802,17.74914486
3113,6.40602114,7.03715361,17.74914486
3114,6.72477066,6.78811919,17.74914486
3115,7.54732539,1.3177978,17.74914486
3116,7.80188482,1.00344308,17.74914486
3117,8.37519378,0.44005394,17.74914486
3118,8.6939433,0.19101952,17.74914486
3119,8.05644426,0.68908835,17.74914486
3120,7.29276595,1.63215252,17.74914486
3121,10.57700221,0.96044161,17.74914486
3122,10.32244277,1.27479634,17.74914486
3123,9.68494373,1.77286518,17.74914486
3124,9.11163478,2.33625432,17.74914486
3125,9.36619421,2.02189959,17.74914486
3126,10.00369325,1.52383076,17.74914486
3127,7.90082678,3.3977123,17.74914486
3128,7.64626735,3.71206702,17.74914486
3129,8.2195763,3.14867788,17.74914486
3130,8.53832582,2.89964346,17.74914486
3131,8.85707534,2.65060904,17.74914486
3132,7.39170791,4.02642174,17.74914486
3133,8.5730777,5.22859237,17.74914486
3134,8.89182722,4.97955795,17.74914486
3135,10.10263521,3.91809997,17.74914486
3136,10.67594417,3.35471083,17.74914486
3137,10.42138473,3.66906556,17.74914486
3138,9.78388569,4.16713439,17.74914486
3139,9.46513617,4.41616881,17.74914486
3140,9.14638665,4.66520323,17.74914486
3141,14.16237211,0.7565529,16.32921327
3142,10.83156164,0.64608689,17.74914486
3143,11.46906069,0.14801805,17.74914486
3144,11.15031117,0.39705247,17.74914486
3145,11.63219273,2.60760758,17.74914486
3146,11.95094225,2.35857316,17.74914486
3147,12.20550169,2.04421844,17.74914486
3148,13.94871566,0.74513947,17.03917906
3149,13.16175025,1.29711518,17.74914486
3150,13.7350592,0.73372604,17.74914486
3151,13.48049977,1.04808076,17.74914486
3152,12.84300073,1.5461496,17.74914486
3153,12.52425121,1.79518402,17.74914486
3154,10.99469369,3.10567641,17.74914486
3155,11.31344321,2.856642,17.74914486
3156,11.34819509,5.18559091,17.74914486
3157,12.30444365,4.43848765,17.74914486
3158,11.66694461,4.93655649,17.74914486
3159,11.98569413,4.68752207,17.74914486
3160,12.94194269,3.94041882,17.74914486
3161,13.26069221,3.6913844,17.74914486
3162,14.21694077,2.94428114,17.74914486
3163,13.89819125,3.19331556,17.74914486
3164,13.57944173,3.44234998,17.74914486
3165,12.62319317,4.18945323,17.74914486
3166,7.87686665,9.20918809,13.48935009
3167,7.76479743,9.07816314,14.19931589
3168,8.66238238,10.54288865,14.19931589
3169,7.65272821,8.94713818,14.90928168
3170,8.53735833,10.39072333,14.90928168
3171,7.93557866,5.72666121,17.74914486
3172,7.3622697,6.29005035,17.74914486
3173,7.61682914,5.97569563,17.74914486
3174,8.25432818,5.47762679,17.74914486
3175,7.84195037,7.92496951,17.74914486
3176,8.79819893,7.17786626,17.74914486
3177,8.16069989,7.67593509,17.74914486
3178,8.47944941,7.42690068,17.74914486
3179,9.75444749,6.430763,17.74914486
3180,10.39194653,5.93269416,17.74914486
3181,10.07319701,6.18172858,17.74914486
3182,9.11694845,6.92883184,17.74914486
3183,9.43569797,6.67979742,17.74914486
3184,7.54065899,8.81611322,15.61924747
3185,7.42858977,8.68508826,16.32921327
3186,8.41233427,10.238558,15.61924747
3187,8.28731022,10.08639268,16.32921327
3188,7.31652055,8.55406331,17.03917906
3189,7.52320084,8.17400393,17.74914486
3190,7.20445132,8.42303835,17.74914486
3191,8.16228616,9.93422735,17.03917906
3192,8.03726211,9.78206203,17.74914486
3193,8.40386265,9.61111339,17.74914486
3194,8.72261217,9.36207897,17.74914486
3195,9.04136169,9.11304455,17.74914486
3196,9.36011121,8.86401013,17.74914486
3197,9.67886073,8.61497571,17.74914486
3198,10.04546128,8.44402707,17.74914486
3199,10.3642108,8.19499265,17.74914486
3200,10.68296032,7.94595823,17.74914486
3201,9.9220235,10.550154,17.74914486
3202,10.24077302,10.30111958,17.74914486
3203,10.55952254,10.05208516,17.74914486
3204,11.02944557,5.43462533,17.74914486
3205,10.71069605,5.68365975,17.74914486
3206,11.00170984,7.69692381,17.74914486
3207,11.32045936,7.44788939,17.74914486
3208,12.00580942,7.02790633,17.74914486
3209,12.32455894,6.77887192,17.74914486
3210,11.6870599,7.27694075,17.74914486
3211,12.64330846,6.5298375,17.74914486
3212,13.32865853,6.10985444,17.74914486
3213,12.96205798,6.28080308,17.74914486
3214,13.64740805,5.86082002,17.74914486
3215,13.96615757,5.6117856,17.74914486
3216,13.93842184,7.87408409,17.74914486
3217,11.93022267,9.21211904,17.74914486
3218,12.24897219,8.96308463,17.74914486
3219,10.92612308,9.88113652,17.74914486
3220,11.29272363,9.71018788,17.74914486
3221,11.61147315,9.46115346,17.74914486
3222,13.3009228,8.37215292,17.74914486
3223,12.61557273,8.79213598,17.74914486
3224,12.98217328,8.62118734,17.74914486
3225,13.61967232,8.1231185,17.74914486
3226,13.17748502,10.47827986,17.74914486
3227,13.54408557,10.30733121,17.74914486
3228,13.91068611,10.13638257,17.74914486
3229,9.53755077,11.60804593,9.22955533
3230,9.41252671,11.45588061,9.93952112
3231,10.38784067,13.04744834,9.93952112
3232,9.28750266,11.30371528,10.64948691
3233,10.24986178,12.87414264,10.64948691
3234,10.52581956,13.22075403,9.22955533
3235,11.51408835,14.83346213,9.22955533
3236,11.36315463,14.63901606,9.93952112
3237,11.21222091,14.44457,10.64948691
3238,9.1624786,11.15154996,11.35945271
3239,9.03745455,10.99938463,12.0694185
3240,10.11188289,12.70083695,11.35945271
3241,9.973904,12.52753125,12.0694185
3242,8.91243049,10.84721931,12.7793843
3243,9.83592511,12.35422556,12.7793843
3244,11.06128718,14.25012394,11.35945271
3245,10.91035346,14.05567788,12.0694185
3246,12.01069147,15.79941093,11.35945271
3247,11.84680291,15.5838245,12.0694185
3248,10.75941973,13.86123182,12.7793843
3249,11.68291435,15.36823807,12.7793843
3250,12.33846859,16.23058379,9.93952112
3251,12.50235715,16.44617022,9.22955533
3252,13.49062594,18.05887832,9.22955533
3253,13.92565859,17.85601926,9.22955533
3254,13.31378255,17.82215152,9.93952112
3255,13.74311252,17.62195167,9.93952112
3256,14.17244249,17.42175181,9.93952112
3257,12.17458003,16.01499736,10.64948691
3258,13.13693915,17.58542472,10.64948691
3259,13.56056645,17.38788407,10.64948691
3260,13.98419375,17.19034342,10.64948691
3261,13.37802038,17.15381647,11.35945271
3262,13.79594501,16.95893502,11.35945271
3263,14.21386963,16.76405357,11.35945271
3264,12.78325237,17.11197113,12.0694185
3265,13.19547432,16.91974887,12.0694185
3266,13.60769626,16.72752662,12.0694185
3267,14.01991821,16.53530437,12.0694185
3268,12.96009576,17.34869792,11.35945271
3269,12.60640898,16.87524433,12.7793843
3270,13.01292825,16.68568128,12.7793843
3271,13.41944752,16.49611823,12.7793843
3272,14.23248606,16.11699213,12.7793843
3273,13.82596679,16.30655518,12.7793843
3274,8.78740644,10.69505398,13.48935009
3275,9.69794622,12.18091987,13.48935009
3276,9.55996733,12.00761417,14.19931589
3277,9.42198844,11.83430848,14.90928168
3278,10.60848601,13.66678575,13.48935009
3279,10.45755229,13.47233969,14.19931589
3280,10.30661856,13.27789363,14.90928168
3281,11.5190258,15.15265164,13.48935009
3282,11.35513724,14.93706521,14.19931589
3283,13.43806395,15.84905679,14.19931589
3284,14.2282918,15.48056749,14.19931589
3285,13.83317788,15.66481214,14.19931589
3286,11.19124868,14.72147878,14.90928168
3287,12.85470129,15.80189304,14.90928168
3288,13.24411254,15.62030759,14.90928168
3289,13.63352378,15.43872215,14.90928168
3290,14.02293503,15.2571367,14.90928168
3291,9.28400955,11.66100279,15.61924747
3292,9.14603066,11.48769709,16.32921327
3293,10.15568484,13.08344757,15.61924747
3294,10.00475111,12.88900151,16.32921327
3295,8.87007289,11.1410857,17.74914486
3296,9.00805178,11.3143914,17.03917906
3297,9.23667343,10.97013706,17.74914486
3298,9.60327398,10.79918842,17.74914486
3299,9.85381739,12.69455544,17.03917906
3300,9.70288367,12.50010938,17.74914486
3301,10.06948421,12.32916074,17.74914486
3302,10.43608476,12.1582121,17.74914486
3303,10.53569445,13.85913306,17.74914486
3304,11.12143482,11.73822904,17.74914486
3305,11.44018434,11.48919462,17.74914486
3306,12.17338543,11.14729733,17.74914486
3307,11.80678489,11.31824598,17.74914486
3308,10.8026853,11.98726346,17.74914486
3309,12.00209663,13.17533849,17.74914486
3310,12.32084615,12.92630407,17.74914486
3311,12.8587355,10.72731427,17.74914486
3312,12.53998598,10.97634869,17.74914486
3313,12.68744669,12.75535543,17.74914486
3314,13.05404724,12.58440679,17.74914486
3315,13.42064779,12.41345815,17.74914486
3316,13.78724833,12.2425095,17.74914486
3317,14.10599785,11.99347509,17.74914486
3318,11.02736012,14.50589235,15.61924747
3319,10.86347156,14.29030592,16.32921327
3320,12.28274398,15.74941089,15.61924747
3321,11.72219201,15.69161033,16.32921327
3322,12.10019791,15.51534329,16.32921327
3323,12.66645255,15.57048464,15.61924747
3324,13.05016112,15.3915584,15.61924747
3325,14.20128683,14.85477966,15.61924747
3326,13.81757826,15.03370591,15.61924747
3327,13.43386969,15.21263215,15.61924747
3328,12.8562097,15.1628092,16.32921327
3329,13.2342156,14.98654216,16.32921327
3330,12.4782038,15.33907624,16.32921327
3331,13.61222149,14.81027511,16.32921327
3332,13.99022739,14.63400807,16.32921327
3333,10.699583,14.07471949,17.03917906
3334,10.90229499,13.68818442,17.74914486
3335,11.26889554,13.51723577,17.74914486
3336,11.63549608,13.34628713,17.74914486
3337,11.54534862,15.45488353,17.03917906
3338,12.28995506,15.10766785,17.03917906
3339,11.91765184,15.28127569,17.03917906
3340,11.36850523,15.21815674,17.74914486
3341,11.73510577,15.04720809,17.74914486
3342,12.46830686,14.70531081,17.74914486
3343,12.10170632,14.87625945,17.74914486
3344,13.77916794,14.41323648,17.03917906
3345,14.15147117,14.23962863,17.03917906
3346,13.20150795,14.36341353,17.74914486
3347,13.5681085,14.19246488,17.74914486
3348,13.93470905,14.02151624,17.74914486
3349,12.66225828,14.93406001,17.03917906
3350,13.0345615,14.76045216,17.03917906
3351,13.40686472,14.58684432,17.03917906
3352,12.83490741,14.53436217,17.74914486
3353,12.42956558,16.63851753,13.48935009
3354,12.25272219,16.40179073,14.19931589
3355,12.83038218,16.45161368,13.48935009
3356,13.23119878,16.26470983,13.48935009
3357,13.63201537,16.07780598,13.48935009
3358,14.03283197,15.89090213,13.48935009
3359,12.64783611,16.21754608,14.19931589
3360,13.04295003,16.03330143,14.19931589
3361,12.0758788,16.16506393,14.90928168
3362,12.46529004,15.98347848,14.90928168
3363,11.8990354,15.92833713,15.61924747
3364,16.29893666,0.87068723,9.22955533
3365,16.0852802,0.85927379,9.93952112
3366,17.76949037,2.57313851,9.93952112
3367,15.87162375,0.84786036,10.64948691
3368,17.533463,2.53896027,10.64948691
3369,18.00551774,2.60731675,9.22955533
3370,19.27770262,4.68333379,9.22955533
3371,19.02499867,4.62194185,9.93952112
3372,18.77229472,4.5605499,10.64948691
3373,15.65796729,0.83644693,11.35945271
3374,15.44431084,0.8250335,12.0694185
3375,17.29743564,2.50478204,11.35945271
3376,17.06140827,2.4706038,12.0694185
3377,15.23065438,0.81362006,12.7793843
3378,16.8253809,2.43642556,12.7793843
3379,18.51959077,4.49915795,11.35945271
3380,18.26688682,4.43776601,12.0694185
3381,18.01418288,4.37637406,12.7793843
3382,20.54988749,6.75935083,9.22955533
3383,20.28050697,6.67074518,9.93952112
3384,20.01112644,6.58213953,10.64948691
3385,21.24995815,8.60372915,10.64948691
3386,19.47236538,6.40492822,12.0694185
3387,19.74174591,6.49353387,11.35945271
3388,19.20298485,6.31632257,12.7793843
3389,20.96390104,8.48790979,11.35945271
3390,20.67784393,8.37209043,12.0694185
3391,20.39178682,8.25627108,12.7793843
3392,21.82207237,8.83536787,9.22955533
3393,21.53601526,8.71954851,9.93952112
3394,22.18605618,10.48228571,11.35945271
3395,21.88332249,10.33925265,12.0694185
3396,21.5805888,10.19621958,12.7793843
3397,15.01699793,0.80220663,13.48935009
3398,14.80334148,0.7907932,14.19931589
3399,16.58935353,2.40224732,13.48935009
3400,16.35332617,2.36806908,14.19931589
3401,14.58968502,0.77937977,14.90928168
3402,16.1172988,2.33389084,14.90928168
3403,17.76147893,4.31498212,13.48935009
3404,17.50877498,4.25359017,14.19931589
3405,17.25607103,4.19219823,14.90928168
3406,14.37602857,0.76796633,15.61924747
3407,15.88127143,2.2997126,15.61924747
3408,15.64524406,2.26553436,16.32921327
3409,15.4092167,2.23135613,17.03917906
3410,14.85443981,2.4462123,17.74914486
3411,15.17318933,2.19717789,17.74914486
3412,17.00336708,4.13080628,15.61924747
3413,16.75066313,4.06941434,16.32921327
3414,14.53569029,2.69524672,17.74914486
3415,14.60365661,5.11371676,17.74914486
3416,14.97025716,4.94276812,17.74914486
3417,15.92650572,4.19566487,17.74914486
3418,15.6077562,4.44469928,17.74914486
3419,15.28900668,4.6937337,17.74914486
3420,16.24525524,3.94663045,17.74914486
3421,16.49795918,4.00802239,17.03917906
3422,18.93360432,6.22771692,13.48935009
3423,18.66422379,6.13911127,14.19931589
3424,18.39484326,6.05050561,14.90928168
3425,19.53361549,7.908813,14.90928168
3426,20.10572971,8.14045172,13.48935009
3427,19.8196726,8.02463236,14.19931589
3428,21.2778551,10.05318652,13.48935009
3429,20.97512141,9.91015345,14.19931589
3430,20.67238772,9.76712039,14.90928168
3431,14.28490709,5.36275118,17.74914486
3432,14.67162293,7.5321868,17.74914486
3433,14.30502239,7.70313544,17.74914486
3434,14.99037245,7.28315238,17.74914486
3435,15.30912197,7.03411796,17.74914486
3436,15.62787149,6.78508355,17.74914486
3437,15.99447204,6.6141349,17.74914486
3438,17.58670167,5.78468866,17.03917906
3439,16.36107258,6.44318626,17.74914486
3440,16.6798221,6.19415184,17.74914486
3441,17.31732114,5.69608301,17.74914486
3442,16.99857162,5.94511743,17.74914486
3443,15.64798679,9.12546781,17.74914486
3444,16.01458733,8.95451917,17.74914486
3445,14.59603618,9.71639951,17.74914486
3446,14.9147857,9.46736509,17.74914486
3447,14.27728666,9.96543393,17.74914486
3448,15.28138624,9.29641645,17.74914486
3449,16.65208637,8.45645033,17.74914486
3450,16.33333685,8.70548475,17.74914486
3451,17.01868692,8.28550169,17.74914486
3452,17.38528747,8.11455305,17.74914486
3453,17.75188801,7.9436044,17.74914486
3454,16.99095119,10.54780017,17.74914486
3455,17.35755174,10.37685153,17.74914486
3456,17.67630126,10.12781711,17.74914486
3457,18.12546273,5.96189996,15.61924747
3458,17.8560822,5.87329431,16.32921327
3459,19.24755838,7.79299364,15.61924747
3460,18.96150127,7.67717428,16.32921327
3461,18.67544416,7.56135493,17.03917906
3462,18.07063753,7.69456999,17.74914486
3463,18.38938705,7.44553557,17.74914486
3464,20.36965403,9.62408732,15.61924747
3465,20.06692034,9.48105426,16.32921327
3466,19.46145296,9.19498813,17.74914486
3467,18.40950235,9.78591983,17.74914486
3468,18.0429018,9.95686847,17.74914486
3469,19.14270344,9.44402255,17.74914486
3470,18.77610289,9.61497119,17.74914486
3471,19.76418665,9.33802119,17.03917906
3472,17.60708227,15.82015298,9.93952112
3473,16.94958483,15.80755885,10.64948691
3474,17.37321213,15.61001819,10.64948691
3475,17.79683942,15.41247754,10.64948691
3476,18.27598506,15.82742871,9.22955533
3477,18.71101771,15.62456966,9.22955533
3478,19.14605036,15.4217106,9.22955533
3479,19.581083,15.21885155,9.22955533
3480,18.03641224,15.61995313,9.93952112
3481,18.46574221,15.41975327,9.93952112
3482,19.32440216,15.01935357,9.93952112
3483,18.89507219,15.21955342,9.93952112
3484,21.32121359,14.40741533,9.22955533
3485,20.61239208,14.418754,9.93952112
3486,21.04172205,14.21855415,9.93952112
3487,20.01611565,15.01599249,9.22955533
3488,20.4511483,14.81313344,9.22955533
3489,20.88618095,14.61027438,9.22955533
3490,19.75373213,14.81915371,9.93952112
3491,20.1830621,14.61895386,9.93952112
3492,18.64409402,15.01739624,10.64948691
3493,18.22046672,15.21493689,10.64948691
3494,19.06772131,14.81985558,10.64948691
3495,19.49134861,14.62231493,10.64948691
3496,19.91497591,14.42477428,10.64948691
3497,20.33860321,14.22723362,10.64948691
3498,21.1858578,13.83215232,10.64948691
3499,20.7622305,14.02969297,10.64948691
3500,15.668806,15.76641537,12.0694185
3501,16.30349274,15.78964631,11.35945271
3502,16.72141736,15.59476486,11.35945271
3503,17.13934198,15.39988341,11.35945271
3504,17.5572666,15.20500195,11.35945271
3505,16.90547184,15.18974862,12.0694185
3506,16.08102794,15.57419312,12.0694185
3507,16.49324989,15.38197087,12.0694185
3508,17.31769378,14.99752637,12.0694185
3509,17.72991573,14.80530412,12.0694185
3510,15.04552461,15.73786603,12.7793843
3511,15.45204388,15.54830298,12.7793843
3512,15.85856315,15.35873993,12.7793843
3513,16.26508242,15.16917688,12.7793843
3514,16.67160169,14.97961383,12.7793843
3515,17.07812096,14.79005078,12.7793843
3516,17.48464024,14.60048773,12.7793843
3517,20.73679441,13.08398333,12.7793843
3518,21.14331368,12.89442029,12.7793843
3519,19.22896509,14.42547615,11.35945271
3520,18.55435962,14.42085962,12.0694185
3521,18.96658157,14.22863737,12.0694185
3522,19.37880352,14.03641511,12.0694185
3523,17.97519123,15.0101205,11.35945271
3524,18.39311585,14.81523905,11.35945271
3525,18.81104047,14.6203576,11.35945271
3526,18.14213768,14.61308187,12.0694185
3527,20.48273896,13.84083179,11.35945271
3528,19.64688971,14.2305947,11.35945271
3529,20.06481434,14.03571324,11.35945271
3530,20.90066358,13.64595034,11.35945271
3531,21.3185882,13.45106889,11.35945271
3532,19.79102547,13.84419286,12.0694185
3533,20.20324741,13.65197061,12.0694185
3534,20.61546936,13.45974836,12.0694185
3535,21.02769131,13.26752611,12.0694185
3536,17.89115951,14.41092468,12.7793843
3537,18.70419805,14.03179858,12.7793843
3538,18.29767878,14.22136163,12.7793843
3539,19.11071732,13.84223553,12.7793843
3540,19.51723659,13.65267248,12.7793843
3541,19.92375587,13.46310943,12.7793843
3542,20.33027514,13.27354638,12.7793843
3543,15.66578918,17.04458304,9.22955533
3544,15.03110244,17.02135211,9.93952112
3545,15.46043241,16.82115225,9.93952112
3546,15.88976238,16.6209524,9.93952112
3547,14.36069123,17.65316021,9.22955533
3548,14.79572388,17.45030115,9.22955533
3549,15.23075653,17.2474421,9.22955533
3550,14.60177246,17.22155196,9.93952112
3551,16.10082182,16.84172399,9.22955533
3552,16.53585447,16.63886493,9.22955533
3553,16.97088712,16.43600588,9.22955533
3554,17.40591977,16.23314682,9.22955533
3555,16.31909235,16.42075254,9.93952112
3556,16.74842233,16.22055269,9.93952112
3557,17.1777523,16.02035284,9.93952112
3558,14.40782105,16.99280276,10.64948691
3559,14.83144834,16.79526211,10.64948691
3560,15.67870294,16.40018081,10.64948691
3561,15.25507564,16.59772146,10.64948691
3562,16.10233023,16.20264015,10.64948691
3563,16.52595753,16.0050995,10.64948691
3564,17.84095241,16.03028777,9.22955533
3565,15.04971887,16.37429067,11.35945271
3566,14.63179425,16.56917212,11.35945271
3567,15.46764349,16.17940921,11.35945271
3568,15.88556812,15.98452776,11.35945271
3569,14.43214016,16.34308212,12.0694185
3570,14.8443621,16.15085987,12.0694185
3571,15.25658405,15.95863762,12.0694185
3572,14.63900533,15.92742908,12.7793843
3573,23.09425725,10.91138491,9.22955533
3574,22.79152356,10.76835184,9.93952112
3575,23.93140948,13.190261,9.22955533
3576,24.36644213,12.98740194,9.22955533
3577,24.04703185,12.81715517,9.93952112
3578,23.61770188,13.01735503,9.93952112
3579,22.48878987,10.62531878,10.64948691
3580,22.88036699,13.04198971,10.64948691
3581,23.30399429,12.84444905,10.64948691
3582,23.72762158,12.6469084,10.64948691
3583,21.75624624,14.20455627,9.22955533
3584,22.19127889,14.00169722,9.22955533
3585,22.62631154,13.79883816,9.22955533
3586,23.06134418,13.59597911,9.22955533
3587,21.90038199,13.81815444,9.93952112
3588,21.47105202,14.0183543,9.93952112
3589,22.32971197,13.61795459,9.93952112
3590,22.75904194,13.41775473,9.93952112
3591,23.49637683,13.39312005,9.22955533
3592,23.18837191,13.21755488,9.93952112
3593,21.6094851,13.63461167,10.64948691
3594,22.03311239,13.43707101,10.64948691
3595,22.45673969,13.23953036,10.64948691
3596,22.15443745,13.06130598,11.35945271
3597,22.57236207,12.86642453,11.35945271
3598,22.99028669,12.67154308,11.35945271
3599,21.43991325,13.07530386,12.0694185
3600,22.26435715,12.69085936,12.0694185
3601,21.8521352,12.88308161,12.0694185
3602,22.67657909,12.49863711,12.0694185
3603,23.08880104,12.30641486,12.0694185
3604,23.40821131,12.47666163,11.35945271
3605,21.95635222,12.51529419,12.7793843
3606,21.54983295,12.70485724,12.7793843
3607,22.3628715,12.32573114,12.7793843
3608,22.76939077,12.13616809,12.7793843
3609,21.73651282,13.25618744,11.35945271
3610,14.43364857,15.70399829,13.48935009
3611,14.83446516,15.51709444,13.48935009
3612,15.63609836,15.14328674,13.48935009
3613,16.03691495,14.95638289,13.48935009
3614,15.23528176,15.33019059,13.48935009
3615,15.01851964,15.1120782,14.19931589
3616,14.62340572,15.29632284,14.19931589
3617,15.41363356,14.92783355,14.19931589
3618,15.80874748,14.7435889,14.19931589
3619,17.23936474,14.39567135,13.48935009
3620,17.64018134,14.2087675,13.48935009
3621,16.59897533,14.37509961,14.19931589
3622,17.78431709,13.82236567,14.19931589
3623,16.99408925,14.19085496,14.19931589
3624,17.38920317,14.00661031,14.19931589
3625,16.43773155,14.76947904,13.48935009
3626,16.83854815,14.58257519,13.48935009
3627,16.2038614,14.55934426,14.19931589
3628,15.58058001,14.53079491,14.90928168
3629,15.96999126,14.34920947,14.90928168
3630,14.41234628,15.07555125,14.90928168
3631,14.80175752,14.89396581,14.90928168
3632,15.19116877,14.71238036,14.90928168
3633,16.35940251,14.16762402,14.90928168
3634,16.74881375,13.98603857,14.90928168
3635,17.138225,13.80445313,14.90928168
3636,17.52763625,13.62286768,14.90928168
3637,19.36477278,13.08538708,14.19931589
3638,20.04508092,13.08734441,13.48935009
3639,20.44589751,12.90044056,13.48935009
3640,21.24753071,12.52663286,13.48935009
3641,20.84671411,12.71353671,13.48935009
3642,19.7598867,12.90114243,14.19931589
3643,20.15500062,12.71689778,14.19931589
3644,20.55011454,12.53265313,14.19931589
3645,21.34034238,12.16416384,14.19931589
3646,20.94522846,12.34840849,14.19931589
3647,18.69586998,13.07811134,14.90928168
3648,19.08528123,12.8965259,14.90928168
3649,19.47469248,12.71494045,14.90928168
3650,19.86410372,12.533355,14.90928168
3651,20.25351497,12.35176956,14.90928168
3652,20.64292621,12.17018411,14.90928168
3653,21.03233746,11.98859867,14.90928168
3654,18.44181453,13.8349598,13.48935009
3655,18.04099793,14.02186365,13.48935009
3656,18.84263113,13.64805595,13.48935009
3657,19.24344772,13.4611521,13.48935009
3658,18.17943101,13.63812102,14.19931589
3659,18.57454493,13.45387637,14.19931589
3660,18.96965885,13.26963172,14.19931589
3661,19.64426432,13.27424826,13.48935009
3662,17.91704749,13.44128224,14.90928168
3663,18.30645874,13.25969679,14.90928168
3664,17.77028635,12.87133763,16.32921327
3665,17.39228045,13.04760467,16.32921327
3666,14.4725984,11.82252644,17.74914486
3667,14.83919894,11.6515778,17.74914486
3668,15.89114955,11.0606461,17.74914486
3669,15.20579949,11.48062916,17.74914486
3670,15.57240003,11.30968052,17.74914486
3671,15.76771177,13.16677303,17.74914486
3672,16.2577501,10.88969746,17.74914486
3673,16.62435065,10.71874882,17.74914486
3674,16.38529049,13.19798158,17.03917906
3675,16.75759371,13.02437373,17.03917906
3676,17.12989693,12.85076589,17.03917906
3677,17.50220015,12.67715805,17.03917906
3678,16.13431232,12.99582439,17.74914486
3679,16.50091287,12.82487575,17.74914486
3680,16.86751341,12.65392711,17.74914486
3681,17.23411396,12.48297846,17.74914486
3682,17.6007145,12.31202982,17.74914486
3683,14.96870397,14.49692717,15.61924747
3684,15.35241254,14.31800092,15.61924747
3685,15.73612112,14.13907468,15.61924747
3686,14.36823328,14.45774102,16.32921327
3687,15.12424508,14.10520694,16.32921327
3688,14.74623918,14.28147398,16.32921327
3689,15.88025687,13.75267285,16.32921327
3690,15.50225097,13.92893989,16.32921327
3691,14.5849954,14.67585342,15.61924747
3692,16.50353826,13.78122219,15.61924747
3693,16.88724683,13.60229594,15.61924747
3694,16.11982969,13.96014843,15.61924747
3695,17.2709554,13.4233697,15.61924747
3696,17.65466397,13.24444345,15.61924747
3697,16.25826276,13.5764058,16.32921327
3698,16.63626866,13.40013876,16.32921327
3699,17.01427456,13.22387172,16.32921327
3700,14.52377439,14.06602079,17.03917906
3701,14.89607761,13.89241295,17.03917906
3702,15.26838083,13.7188051,17.03917906
3703,16.01298727,13.37158942,17.03917906
3704,15.64068405,13.54519726,17.03917906
3705,14.30130959,13.8505676,17.74914486
3706,14.66791014,13.67961896,17.74914486
3707,15.03451068,13.50867032,17.74914486
3708,15.40111123,13.33772167,17.74914486
3709,18.03837254,13.06551721,15.61924747
3710,18.42208111,12.88659096,15.61924747
3711,19.18949826,12.52873847,15.61924747
3712,19.57320683,12.34981223,15.61924747
3713,18.80578968,12.70766472,15.61924747
3714,18.52629814,12.51880354,16.32921327
3715,18.14829224,12.69507058,16.32921327
3716,18.90430403,12.3425365,16.32921327
3717,19.28230993,12.16626945,16.32921327
3718,20.72433254,11.81303349,15.61924747
3719,21.10804111,11.63410725,15.61924747
3720,20.03832172,11.81373536,16.32921327
3721,20.41632762,11.63746832,16.32921327
3722,20.79433351,11.46120127,16.32921327
3723,21.17233941,11.28493423,16.32921327
3724,19.9569154,12.17088598,15.61924747
3725,20.34062397,11.99195974,15.61924747
3726,19.66031583,11.99000241,16.32921327
3727,19.36371626,11.80911883,17.03917906
3728,18.70051614,11.7991839,17.74914486
3729,19.06711668,11.62823526,17.74914486
3730,19.43371723,11.45728661,17.74914486
3731,17.87450337,12.5035502,17.03917906
3732,18.24680659,12.32994236,17.03917906
3733,18.61910981,12.15633452,17.03917906
3734,18.99141304,11.98272667,17.03917906
3735,17.96731505,12.14108118,17.74914486
3736,18.33391559,11.97013254,17.74914486
3737,19.73601948,11.63551099,17.03917906
3738,20.1083227,11.46190315,17.03917906
3739,20.48062592,11.2882953,17.03917906
3740,20.85292914,11.11468746,17.03917906
3741,20.16691832,11.11538933,17.74914486
3742,19.80031778,11.28633797,17.74914486
3743,20.53351887,10.94444069,17.74914486
3744,22.13057023,11.79567454,14.19931589
3745,21.6483473,12.33972901,13.48935009
3746,22.0491639,12.15282516,13.48935009
3747,22.4499805,11.96592132,13.48935009
3748,21.7354563,11.97991919,14.19931589
3749,21.42174871,11.80701322,14.90928168
3750,21.81115995,11.62542777,14.90928168
3751,21.49174968,11.455181,15.61924747
