# MAAS exact compiled indexed mesh
# program_hash d04cd114b423ba7f3492759d40192d64cc1f011c8bd2bb3f44475b7d5e654cde
# geometry_hash 3d3652631213367ddbee0d69985f98a6e92f518e7196bbb3c4b215f1f51db448
v -16.18089061 -11.59558581 0
v -12.81964502 -8.6825063 0
v -16.18089061 -11.59558581 4.95
v -15.88729805 -11.35265305 4.95
v -15.88375081 -11.33806466 4.95
v -15.88844079 -10.40030081 4.95
v -15.88850346 -10.34806734 4.95
v -16.18089061 -9.68154319 4.95
v -13.43803139 -11.58022674 4.95
v -14.13800028 -9.88770986 4.95
v -14.13852253 -9.82553348 4.95
v -13.53853508 -9.30554436 4.95
v -13.27216046 -9.07468636 4.95
v -13.85763926 -8.690029 4.95
v -13.56986503 -8.4443246 4.95
v -12.81964502 -8.6825063 4.95
v -12.69634935 -8.65741898 4.95
v -12.99607589 -7.95189144 4.95
v -12.81964502 -7.79969546 4.95
v -12.71006177 -7.70516478 4.95
v -11.4143956 -9.84957964 4.95
v -11.12765886 -9.60098108 4.95
v -10.84151183 -9.35204486 4.95
v -10.55595493 -9.10277206 4.95
v -10.27098854 -8.85316372 4.95
v -11.89304521 -8.64451773 4.95
v -11.4020272 -8.6825063 4.95
v -14.19399395 -3.2214746 4.95
v -14.20930777 -3.18349905 4.95
v -13.91249 -2.97617477 4.95
v -14.21007056 -1.30749949 4.95
v -13.63157187 -2.7305403 4.95
v -13.36266709 -1.53228789 4.95
v -13.07149463 -2.23827168 4.95
v -12.81964502 -2.11445233 4.95
v -12.79233632 -1.99163963 4.95
v -13.65234412 -0.8071208 4.95
v -13.940005 -0.10991129 4.95
v -13.08406442 -1.28600172 4.95
v -12.80604874 -1.03938544 4.95
v -12.81964502 -0.09519701 4.95
v -3.52019889 -8.6825063 0
v -7.07452251 -8.51111653 4.95
v -6.27173503 -8.47955299 4.95
v -5.46905676 -8.44532458 4.95
v -4.66649654 -8.40843165 4.95
v -3.86406322 -8.36887463 4.95
v -3.52019889 -8.6825063 4.95
v -3.52019889 -8.35077886 4.95
v -3.06176564 -8.32665394 4.95
v -3.11339224 -7.37570138 4.95
v -2.52693067 -7.67045866 4.95
v -2.46659872 -7.48604509 4.95
v -2.57340721 -6.85013639 4.95
v -3.42315181 -1.66998602 4.95
v -2.95050097 -0.19433981 4.95
v -15.59428848 -11.10936869 4.95
v -16.18089061 -11.59558581 5.3625
v -15.30186234 -10.8657338 4.95
v -15.59657396 -10.15701852 4.95
v -15.01002003 -10.62174942 4.95
v -14.71876197 -10.3774166 4.95
v -16.18089061 -11.59558581 5.775
v -16.18089061 -11.59558581 6.1875
v -15.30529055 -9.91338705 4.95
v -16.18089061 -9.68154319 5.3625
v -15.59885944 -9.20466834 4.95
v -15.30871877 -8.96104031 4.95
v -15.01459098 -9.66940747 4.95
v -14.72447564 -9.42508082 4.95
v -14.42808858 -10.1327364 4.95
v -15.01916192 -8.71706552 4.95
v -14.43494497 -9.18040816 4.95
v -16.18089061 -9.68154319 5.775
v -16.18089061 -9.68154319 6.1875
v -13.14717783 -11.33402128 4.95
v -13.43803139 -11.58022674 5.3625
v -12.85691118 -11.08747078 4.95
v -12.56723183 -10.84057629 4.95
v -12.27814019 -10.59333888 4.95
v -13.43803139 -11.58022674 5.775
v -13.43803139 -11.58022674 6.1875
v -14.14599937 -8.93539054 4.95
v -16.18089061 -11.59558581 6.6
v -16.18089061 -11.59558581 7.0125
v -16.18089061 -11.59558581 7.425
v -16.18089061 -9.68154319 6.6
v -16.18089061 -9.68154319 7.0125
v -16.18089061 -9.68154319 7.425
v -13.43803139 -11.58022674 6.6
v -13.43803139 -11.58022674 7.0125
v -13.43803139 -11.58022674 7.425
v -15.89073747 -8.48625957 4.95
v -15.31214699 -8.00869356 4.95
v -16.18089061 -7.76750056 4.95
v -15.60345281 -7.29063123 4.95
v -16.18089061 -7.76750056 5.3625
v -14.73018932 -8.47274505 4.95
v -14.44180136 -8.22807993 4.95
v -15.02373287 -7.76472358 4.95
v -14.73590299 -7.52040927 4.95
v -14.44865775 -7.27575169 4.95
v -16.18089061 -7.76750056 5.775
v -16.18089061 -7.76750056 6.1875
v -15.89303416 -6.57221832 4.95
v -16.18089061 -5.85345794 4.95
v -15.31903703 -6.09466333 4.95
v -16.18089061 -5.85345794 5.3625
v -15.02830382 -6.81238163 4.95
v -14.74161666 -6.56807349 4.95
v -14.16199756 -7.03075189 4.95
v -14.45551414 -6.32342346 4.95
v -14.16999666 -6.07843257 4.95
v -16.18089061 -5.85345794 5.775
v -16.18089061 -5.85345794 6.1875
v -14.15399847 -7.98307121 4.95
v -13.28267711 -8.1982784 4.95
v -13.86678105 -7.73771996 4.95
v -13.5801495 -7.49202722 4.95
v -12.69634935 -8.65741898 5.3625
v -12.71006177 -7.70516478 5.3625
v -12.69634935 -8.65741898 5.775
v -12.69634935 -8.65741898 6.1875
v -12.71006177 -7.70516478 5.775
v -12.71006177 -7.70516478 6.1875
v -13.87592284 -6.78541092 4.95
v -13.29410425 -7.24599404 4.95
v -13.59043398 -6.53972983 4.95
v -13.88506463 -5.83310188 4.95
v -13.30553139 -6.29370968 4.95
v -13.00864568 -6.99962148 4.95
v -12.7237742 -6.75291059 4.95
v -12.7237742 -6.75291059 5.3625
v -13.02121547 -6.04735152 4.95
v -12.73748662 -5.8006564 4.95
v -12.73748662 -5.8006564 5.3625
v -12.7237742 -6.75291059 5.775
v -12.7237742 -6.75291059 6.1875
v -12.73748662 -5.8006564 5.775
v -16.18089061 -7.76750056 6.6
v -16.18089061 -7.76750056 7.0125
v -16.18089061 -5.85345794 6.6
v -16.18089061 -5.85345794 7.0125
v -12.69634935 -8.65741898 6.6
v -12.71006177 -7.70516478 6.6
v -12.69634935 -8.65741898 7.0125
v -12.69634935 -8.65741898 7.425
v -12.71006177 -7.70516478 7.0125
v -12.71006177 -7.70516478 7.425
v -12.7237742 -6.75291059 6.6
v -12.73748662 -5.8006564 6.1875
v -12.73748662 -5.8006564 6.6
v -12.7237742 -6.75291059 7.0125
v -12.7237742 -6.75291059 7.425
v -12.73748662 -5.8006564 7.0125
v -11.98963667 -10.3457596 4.95
v -10.69551618 -11.53415146 4.95
v -10.40743811 -11.28470418 4.95
v -10.11995077 -11.03491845 4.95
v -10.69551618 -11.53415146 5.3625
v -10.69551618 -11.53415146 5.775
v -10.69551618 -11.53415146 6.1875
v -11.70172168 -10.0978395 4.95
v -9.83305455 -10.78479534 4.95
v -9.54674984 -10.53433591 4.95
v -9.26103704 -10.28354121 4.95
v -9.46704794 -8.83220979 4.95
v -8.97591655 -10.03241231 4.95
v -8.69138875 -9.78095027 4.95
v -8.40745403 -9.52915614 4.95
v -8.66318133 -8.80858709 4.95
v -8.12411278 -9.27703099 4.95
v -10.69551618 -11.53415146 6.6
v -10.69551618 -11.53415146 7.0125
v -10.69551618 -11.53415146 7.425
v -11.89304521 -8.64451773 5.3625
v -11.08978832 -8.62894978 4.95
v -10.28658753 -8.6107153 4.95
v -11.08978832 -8.62894978 5.3625
v -10.28658753 -8.6107153 5.3625
v -11.89304521 -8.64451773 5.775
v -11.89304521 -8.64451773 6.1875
v -11.08978832 -8.62894978 5.775
v -10.28658753 -8.6107153 5.775
v -11.08978832 -8.62894978 6.1875
v -10.28658753 -8.6107153 6.1875
v -9.48345171 -8.58981449 4.95
v -9.48345171 -8.58981449 5.3625
v -8.6803897 -8.56624758 4.95
v -8.6803897 -8.56624758 5.3625
v -9.48345171 -8.58981449 5.775
v -9.48345171 -8.58981449 6.1875
v -8.6803897 -8.56624758 5.775
v -8.6803897 -8.56624758 6.1875
v -11.89304521 -8.64451773 6.6
v -11.08978832 -8.62894978 6.6
v -10.28658753 -8.6107153 6.6
v -11.89304521 -8.64451773 7.0125
v -11.89304521 -8.64451773 7.425
v -11.08978832 -8.62894978 7.0125
v -10.28658753 -8.6107153 7.0125
v -9.48345171 -8.58981449 6.6
v -8.6803897 -8.56624758 6.6
v -9.48345171 -8.58981449 7.0125
v -8.6803897 -8.56624758 7.0125
v -8.6803897 -8.56624758 7.425
v -16.18089061 -11.59558581 7.8375
v -16.18089061 -11.59558581 8.25
v -16.18089061 -11.59558581 8.6625
v -16.18089061 -9.68154319 7.8375
v -16.18089061 -9.68154319 8.25
v -16.18089061 -9.68154319 8.6625
v -13.43803139 -11.58022674 7.8375
v -13.43803139 -11.58022674 8.25
v -13.43803139 -11.58022674 8.6625
v -16.18089061 -11.59558581 9.075
v -16.18089061 -11.59558581 9.4875
v -16.18089061 -11.59558581 9.9
v -15.88729805 -11.35265305 9.9
v -15.59428848 -11.10936869 9.9
v -15.88844079 -10.40030081 9.9
v -15.30186234 -10.8657338 9.9
v -15.59657396 -10.15701852 9.9
v -15.01002003 -10.62174942 9.9
v -14.71876197 -10.3774166 9.9
v -16.18089061 -9.68154319 9.075
v -16.18089061 -9.68154319 9.4875
v -16.18089061 -9.68154319 9.9
v -15.30529055 -9.91338705 9.9
v -15.59885944 -9.20466834 9.9
v -15.30871877 -8.96104031 9.9
v -15.01459098 -9.66940747 9.9
v -14.72447564 -9.42508082 9.9
v -14.42808858 -10.1327364 9.9
v -15.01916192 -8.71706552 9.9
v -14.43494497 -9.18040816 9.9
v -13.43803139 -11.58022674 9.075
v -13.43803139 -11.58022674 9.4875
v -13.43803139 -11.58022674 9.9
v -13.14717783 -11.33402128 9.9
v -12.85691118 -11.08747078 9.9
v -12.56723183 -10.84057629 9.9
v -12.27814019 -10.59333888 9.9
v -14.13800028 -9.88770986 9.9
v -13.84849746 -9.64233804 9.9
v -14.14599937 -8.93539054 9.9
v -13.55958056 -9.39662199 9.9
v -13.27124997 -9.15056276 9.9
v -12.98350609 -8.9041614 9.9
v -16.18089061 -7.76750056 7.425
v -16.18089061 -7.76750056 7.8375
v -16.18089061 -7.76750056 8.25
v -16.18089061 -7.76750056 8.6625
v -16.18089061 -5.85345794 7.425
v -16.18089061 -5.85345794 7.8375
v -16.18089061 -5.85345794 8.25
v -16.18089061 -5.85345794 8.6625
v -12.69634935 -8.65741898 7.8375
v -12.71006177 -7.70516478 7.8375
v -12.69634935 -8.65741898 8.25
v -12.69634935 -8.65741898 8.6625
v -12.71006177 -7.70516478 8.25
v -12.71006177 -7.70516478 8.6625
v -12.7237742 -6.75291059 7.8375
v -12.73748662 -5.8006564 7.425
v -12.73748662 -5.8006564 7.8375
v -12.7237742 -6.75291059 8.25
v -12.7237742 -6.75291059 8.6625
v -12.73748662 -5.8006564 8.25
v -12.73748662 -5.8006564 8.6625
v -16.18089061 -7.76750056 9.075
v -15.89073747 -8.48625957 9.9
v -15.31214699 -8.00869356 9.9
v -16.18089061 -7.76750056 9.4875
v -16.18089061 -7.76750056 9.9
v -15.60345281 -7.29063123 9.9
v -14.73018932 -8.47274505 9.9
v -14.44180136 -8.22807993 9.9
v -15.02373287 -7.76472358 9.9
v -14.73590299 -7.52040927 9.9
v -14.44865775 -7.27575169 9.9
v -16.18089061 -5.85345794 9.075
v -15.89303416 -6.57221832 9.9
v -16.18089061 -5.85345794 9.4875
v -16.18089061 -5.85345794 9.9
v -15.31903703 -6.09466333 9.9
v -15.02830382 -6.81238163 9.9
v -14.74161666 -6.56807349 9.9
v -14.16199756 -7.03075189 9.9
v -14.45551414 -6.32342346 9.9
v -14.16999666 -6.07843257 9.9
v -12.69634935 -8.65741898 9.075
v -12.71006177 -7.70516478 9.075
v -13.85763926 -8.690029 9.9
v -14.15399847 -7.98307121 9.9
v -13.56986503 -8.4443246 9.9
v -13.28267711 -8.1982784 9.9
v -13.86678105 -7.73771996 9.9
v -13.5801495 -7.49202722 9.9
v -12.69634935 -8.65741898 9.4875
v -12.69634935 -8.65741898 9.9
v -12.71006177 -7.70516478 9.4875
v -12.99607589 -7.95189144 9.9
v -12.71006177 -7.70516478 9.9
v -12.7237742 -6.75291059 9.075
v -12.73748662 -5.8006564 9.075
v -13.87592284 -6.78541092 9.9
v -13.29410425 -7.24599404 9.9
v -13.59043398 -6.53972983 9.9
v -13.88506463 -5.83310188 9.9
v -13.30553139 -6.29370968 9.9
v -12.7237742 -6.75291059 9.4875
v -13.00864568 -6.99962148 9.9
v -12.7237742 -6.75291059 9.9
v -12.73748662 -5.8006564 9.4875
v -13.02121547 -6.04735152 9.9
v -12.73748662 -5.8006564 9.9
v -10.69551618 -11.53415146 7.8375
v -10.69551618 -11.53415146 8.25
v -10.69551618 -11.53415146 8.6625
v -10.69551618 -11.53415146 9.075
v -11.98963667 -10.3457596 9.9
v -10.69551618 -11.53415146 9.4875
v -10.69551618 -11.53415146 9.9
v -10.40743811 -11.28470418 9.9
v -10.11995077 -11.03491845 9.9
v -11.70172168 -10.0978395 9.9
v -11.4143956 -9.84957964 9.9
v -11.12765886 -9.60098108 9.9
v -10.84151183 -9.35204486 9.9
v -10.55595493 -9.10277206 9.9
v -10.27098854 -8.85316372 9.9
v -9.83305455 -10.78479534 9.9
v -9.54674984 -10.53433591 9.9
v -9.26103704 -10.28354121 9.9
v -9.46704794 -8.83220979 9.9
v -8.97591655 -10.03241231 9.9
v -8.69138875 -9.78095027 9.9
v -8.40745403 -9.52915614 9.9
v -8.66318133 -8.80858709 9.9
v -8.12411278 -9.27703099 9.9
v -11.89304521 -8.64451773 7.8375
v -11.08978832 -8.62894978 7.425
v -10.28658753 -8.6107153 7.425
v -11.08978832 -8.62894978 7.8375
v -10.28658753 -8.6107153 7.8375
v -11.89304521 -8.64451773 8.25
v -11.89304521 -8.64451773 8.6625
v -11.08978832 -8.62894978 8.25
v -10.28658753 -8.6107153 8.25
v -11.08978832 -8.62894978 8.6625
v -10.28658753 -8.6107153 8.6625
v -9.48345171 -8.58981449 7.425
v -9.48345171 -8.58981449 7.8375
v -8.6803897 -8.56624758 7.8375
v -9.48345171 -8.58981449 8.25
v -9.48345171 -8.58981449 8.6625
v -8.6803897 -8.56624758 8.25
v -8.6803897 -8.56624758 8.6625
v -11.89304521 -8.64451773 9.075
v -11.08978832 -8.62894978 9.075
v -10.28658753 -8.6107153 9.075
v -11.89304521 -8.64451773 9.4875
v -11.89304521 -8.64451773 9.9
v -11.08978832 -8.62894978 9.4875
v -10.28658753 -8.6107153 9.4875
v -11.08978832 -8.62894978 9.9
v -10.28658753 -8.6107153 9.9
v -9.48345171 -8.58981449 9.075
v -8.6803897 -8.56624758 9.075
v -9.48345171 -8.58981449 9.4875
v -9.48345171 -8.58981449 9.9
v -8.6803897 -8.56624758 9.4875
v -8.6803897 -8.56624758 9.9
v -15.60804618 -5.37659411 4.95
v -15.89533084 -4.65817707 4.95
v -14.74733034 -5.61573772 4.95
v -14.46237053 -5.37109522 4.95
v -14.17799576 -5.12611325 4.95
v -15.03749053 -4.89836105 4.95
v -14.46922692 -4.41876699 4.95
v -16.18089061 -3.93941531 4.95
v -15.32592708 -4.18063311 4.95
v -16.18089061 -3.93941531 5.3625
v -15.61263955 -3.462557 4.95
v -14.7588137 -3.70172954 4.95
v -14.18599485 -4.17379392 4.95
v -15.04667724 -2.98434047 4.95
v -16.18089061 -3.93941531 5.775
v -16.18089061 -3.93941531 6.1875
v -13.60071845 -5.58743245 4.95
v -13.31695853 -5.34142533 4.95
v -13.89420642 -4.88079284 4.95
v -13.61100292 -4.63513507 4.95
v -13.32838567 -4.38914097 4.95
v -13.03378526 -5.09508156 4.95
v -12.75119905 -4.84840221 4.95
v -12.75119905 -4.84840221 5.3625
v -12.75119905 -4.84840221 5.775
v -13.90334821 -3.92848381 4.95
v -13.6212874 -3.68283768 4.95
v -13.33981281 -3.43685661 4.95
v -13.04635505 -4.1428116 4.95
v -12.76491147 -3.89614801 4.95
v -12.76491147 -3.89614801 5.3625
v -13.05892484 -3.19054164 4.95
v -12.77862389 -2.94389382 4.95
v -12.77862389 -2.94389382 5.3625
v -12.76491147 -3.89614801 5.775
v -12.77862389 -2.94389382 5.775
v -16.18089061 -3.93941531 6.6
v -16.18089061 -3.93941531 7.0125
v -12.75119905 -4.84840221 6.1875
v -12.75119905 -4.84840221 6.6
v -12.75119905 -4.84840221 7.0125
v -12.76491147 -3.89614801 6.1875
v -12.76491147 -3.89614801 6.6
v -12.77862389 -2.94389382 6.1875
v -12.77862389 -2.94389382 6.6
v -12.76491147 -3.89614801 7.0125
v -12.77862389 -2.94389382 7.0125
v -15.89762753 -2.74413582 4.95
v -15.33281712 -2.26660288 4.95
v -16.18089061 -2.02537268 4.95
v -15.61723292 -1.54851988 4.95
v -16.18089061 -2.02537268 5.3625
v -14.48300692 -2.50477396 4.95
v -14.77029706 -1.78772136 4.95
v -16.18089061 -2.02537268 5.775
v -16.18089061 -2.02537268 6.1875
v -15.89992422 -0.83009457 4.95
v -16.18089061 -0.11133006 4.95
v -15.33970716 -0.35257266 4.95
v -16.18089061 -0.11133006 5.3625
v -15.05586395 -1.07031989 4.95
v -14.49678692 -0.59078094 4.95
v -16.18089061 -0.11133006 5.775
v -13.35123995 -2.48457225 4.95
v -12.79233632 -1.99163963 5.3625
v -12.79233632 -1.99163963 5.775
v -12.79233632 -1.99163963 6.1875
v -12.80604874 -1.03938544 5.3625
v -12.81976116 -0.08713124 5.3625
v -12.80604874 -1.03938544 5.775
v -12.80604874 -1.03938544 6.1875
v -12.81976116 -0.08713124 5.775
v -12.81976116 -0.08713124 6.1875
v -16.18089061 -2.02537268 6.6
v -16.18089061 -2.02537268 7.0125
v -16.18089061 -2.02537268 7.425
v -16.18089061 -0.11133006 6.1875
v -16.18089061 -0.11133006 6.6
v -16.18089061 -0.11133006 7.0125
v -16.18089061 -0.11133006 7.425
v -12.79233632 -1.99163963 6.6
v -12.79233632 -1.99163963 7.0125
v -12.79233632 -1.99163963 7.425
v -12.80604874 -1.03938544 6.6
v -12.81976116 -0.08713124 6.6
v -12.80604874 -1.03938544 7.0125
v -12.81976116 -0.08713124 7.0125
v -16.18089061 -3.93941531 7.425
v -16.18089061 -3.93941531 7.8375
v -16.18089061 -3.93941531 8.25
v -16.18089061 -3.93941531 8.6625
v -12.75119905 -4.84840221 7.425
v -12.75119905 -4.84840221 7.8375
v -12.75119905 -4.84840221 8.25
v -12.75119905 -4.84840221 8.6625
v -12.76491147 -3.89614801 7.425
v -12.76491147 -3.89614801 7.8375
v -12.77862389 -2.94389382 7.425
v -12.77862389 -2.94389382 7.8375
v -12.76491147 -3.89614801 8.25
v -12.76491147 -3.89614801 8.6625
v -12.77862389 -2.94389382 8.25
v -12.77862389 -2.94389382 8.6625
v -15.60804618 -5.37659411 9.9
v -15.89533084 -4.65817707 9.9
v -14.74733034 -5.61573772 9.9
v -14.46237053 -5.37109522 9.9
v -14.17799576 -5.12611325 9.9
v -15.03749053 -4.89836105 9.9
v -14.46922692 -4.41876699 9.9
v -16.18089061 -3.93941531 9.075
v -16.18089061 -3.93941531 9.4875
v -16.18089061 -3.93941531 9.9
v -15.32592708 -4.18063311 9.9
v -15.61263955 -3.462557 9.9
v -14.7588137 -3.70172954 9.9
v -14.18599485 -4.17379392 9.9
v -15.04667724 -2.98434047 9.9
v -14.19399395 -3.2214746 9.9
v -12.75119905 -4.84840221 9.075
v -13.60071845 -5.58743245 9.9
v -13.31695853 -5.34142533 9.9
v -13.89420642 -4.88079284 9.9
v -13.61100292 -4.63513507 9.9
v -13.32838567 -4.38914097 9.9
v -13.03378526 -5.09508156 9.9
v -12.75119905 -4.84840221 9.4875
v -12.75119905 -4.84840221 9.9
v -12.76491147 -3.89614801 9.075
v -12.77862389 -2.94389382 9.075
v -13.90334821 -3.92848381 9.9
v -13.6212874 -3.68283768 9.9
v -13.91249 -2.97617477 9.9
v -13.33981281 -3.43685661 9.9
v -12.76491147 -3.89614801 9.4875
v -13.04635505 -4.1428116 9.9
v -12.76491147 -3.89614801 9.9
v -12.77862389 -2.94389382 9.4875
v -13.05892484 -3.19054164 9.9
v -12.77862389 -2.94389382 9.9
v -16.18089061 -2.02537268 7.8375
v -16.18089061 -2.02537268 8.25
v -16.18089061 -2.02537268 8.6625
v -16.18089061 -0.11133006 7.8375
v -16.18089061 -0.11133006 8.25
v -16.18089061 -0.11133006 8.6625
v -12.79233632 -1.99163963 7.8375
v -12.79233632 -1.99163963 8.25
v -12.79233632 -1.99163963 8.6625
v -12.80604874 -1.03938544 7.425
v -12.80604874 -1.03938544 7.8375
v -12.81976116 -0.08713124 7.425
v -12.81976116 -0.08713124 7.8375
v -12.80604874 -1.03938544 8.25
v -12.80604874 -1.03938544 8.6625
v -12.81976116 -0.08713124 8.25
v -12.81976116 -0.08713124 8.6625
v -16.18089061 -2.02537268 9.075
v -15.89762753 -2.74413582 9.9
v -15.33281712 -2.26660288 9.9
v -16.18089061 -2.02537268 9.4875
v -16.18089061 -2.02537268 9.9
v -15.61723292 -1.54851988 9.9
v -14.48300692 -2.50477396 9.9
v -14.77029706 -1.78772136 9.9
v -16.18089061 -0.11133006 9.075
v -15.89992422 -0.83009457 9.9
v -16.18089061 -0.11133006 9.4875
v -16.18089061 -0.11133006 9.9
v -15.33970716 -0.35257266 9.9
v -15.05586395 -1.07031989 9.9
v -14.21007056 -1.30749949 9.9
v -14.49678692 -0.59078094 9.9
v -12.79233632 -1.99163963 9.075
v -13.63157187 -2.7305403 9.9
v -13.35123995 -2.48457225 9.9
v -13.92163179 -2.02386573 9.9
v -13.64185634 -1.77824292 9.9
v -13.36266709 -1.53228789 9.9
v -13.07149463 -2.23827168 9.9
v -12.79233632 -1.99163963 9.4875
v -12.79233632 -1.99163963 9.9
v -12.80604874 -1.03938544 9.075
v -12.81976116 -0.08713124 9.075
v -13.65214082 -0.82594553 9.9
v -13.940005 -0.10991129 9.9
v -13.37409423 -0.58000354 9.9
v -12.80604874 -1.03938544 9.4875
v -13.08406442 -1.28600172 9.9
v -12.80604874 -1.03938544 9.9
v -12.81976116 -0.08713124 9.4875
v -13.09663422 -0.33373176 9.9
v -12.81976116 -0.08713124 9.9
v -7.95368895 -11.45736575 4.95
v -7.6684225 -11.20470793 4.95
v -7.38375053 -10.95171831 4.95
v -7.95368895 -11.45736575 5.3625
v -7.09967341 -10.69839794 4.95
v -6.81619155 -10.4447479 4.95
v -6.53330531 -10.19076925 4.95
v -7.95368895 -11.45736575 5.775
v -7.84136538 -9.02457588 4.95
v -7.85939756 -8.78229588 4.95
v -6.25101508 -9.93646304 4.95
v -7.03686912 -8.99555524 4.95
v -7.05589499 -8.74830991 4.95108723
v -6.23247363 -8.96386404 4.95
v -6.25232019 -8.71668323 4.95108723
v -5.21289358 -11.34987923 4.95
v -5.21289358 -11.34987923 5.3625
v -4.93047453 -11.09404257 4.95
v -4.64865363 -10.83788078 4.95
v -4.36743125 -10.58139493 4.95
v -4.08680778 -10.32458609 4.95
v -5.21289358 -11.34987923 5.775
v -5.96932124 -9.68183035 4.95
v -5.68822415 -9.42687224 4.95
v -5.40772421 -9.17158977 4.95
v -5.42841082 -8.92447746 4.95108723
v -4.60275331 -9.13448923 4.95
v -4.62449989 -8.88242258 4.95217446
v -7.95368895 -11.45736575 6.1875
v -7.95368895 -11.45736575 6.6
v -7.95368895 -11.45736575 7.0125
v -5.21289358 -11.34987923 6.1875
v -5.21289358 -11.34987923 6.6
v -5.21289358 -11.34987923 7.0125
v -7.87741035 -8.54001483 4.95
v -7.87741035 -8.54001483 5.3625
v -7.07452251 -8.51111653 5.3625
v -6.27173503 -8.47955299 5.3625
v -7.87741035 -8.54001483 5.775
v -7.07452251 -8.51111653 5.775
v -6.27173503 -8.47955299 5.775
v -5.44885481 -8.68238906 4.95108723
v -5.46905676 -8.44532458 5.3625
v -4.6455077 -8.64542776 4.95108723
v -4.66649654 -8.40843165 5.3625
v -5.46905676 -8.44532458 5.775
v -5.46905676 -8.44532458 6.1875
v -4.66649654 -8.40843165 5.775
v -4.66649654 -8.40843165 6.1875
v -7.87741035 -8.54001483 6.1875
v -7.87741035 -8.54001483 6.6
v -7.07452251 -8.51111653 6.1875
v -6.27173503 -8.47955299 6.1875
v -7.07452251 -8.51111653 6.6
v -6.27173503 -8.47955299 6.6
v -7.87741035 -8.54001483 7.0125
v -7.87741035 -8.54001483 7.425
v -7.07452251 -8.51111653 7.0125
v -6.27173503 -8.47955299 7.0125
v -7.07452251 -8.51111653 7.425
v -6.27173503 -8.47955299 7.425
v -5.46905676 -8.44532458 6.6
v -4.66649654 -8.40843165 6.6
v -5.46905676 -8.44532458 7.0125
v -5.46905676 -8.44532458 7.425
v -4.66649654 -8.40843165 7.0125
v -4.66649654 -8.40843165 7.425
v -2.48928514 -10.92963549 5.0007375
v -2.48928514 -10.92963549 5.4132375
v -2.21008735 -10.67067125 5.0007375
v -2.48928514 -10.92963549 5.8257375
v -3.80678358 -10.06745533 4.95
v -3.52735902 -9.81000372 4.95
v -3.24853446 -9.55223231 4.95
v -3.79816661 -9.08969304 4.95108723
v -3.82049326 -8.84272352 4.95217446
v -2.97031028 -9.29414219 4.95
v -2.99374974 -9.04222694 4.95217446
v -3.01662286 -8.80035558 4.95217446
v -2.16523611 -9.24392764 4.95108723
v -2.18951154 -8.99209158 4.9532617
v -1.93149129 -10.41138901 5.0007375
v -1.65349733 -10.15178983 5.0007375
v -1.37802168 -9.86040057 5.01160982
v -1.10127076 -9.60017308 5.01160982
v -1.36034976 -9.1910417 4.95217446
v -1.38515426 -8.94430835 4.9532617
v -0.825123 -9.33963191 5.01160982
v -0.55566007 -9.13548507 4.9532617
v -0.54957876 -9.07877815 5.01160982
v -0.5899044 -8.75497664 4.98334179
v -2.48928514 -10.92963549 6.2382375
v -2.48928514 -10.92963549 6.6169125
v -2.48928514 -10.92963549 7.0294125
v -3.84937606 -8.46681418 4.98116732
v -3.04675343 -8.42454419 4.98116732
v -3.86406322 -8.36887463 5.3625
v -3.06176564 -8.32665394 5.3625
v -3.11339224 -7.37570138 5.3625
v -2.22091406 -8.61638409 4.98225455
v -2.24427554 -8.37960993 4.98116732
v -3.86406322 -8.36887463 5.775
v -3.06176564 -8.32665394 5.775
v -3.86406322 -8.36887463 6.1875
v -3.06176564 -8.32665394 6.1875
v -3.11339224 -7.37570138 5.775
v -3.11339224 -7.37570138 6.1875
v -3.16501883 -6.42474882 4.95
v -3.16501883 -6.42474882 5.3625
v -2.62727775 -5.89930831 4.95
v -2.04353169 -6.19287802 4.95
v -3.16501883 -6.42474882 5.775
v -3.16501883 -6.42474882 6.1875
v -1.42628158 -8.42979943 5.01233464
v -1.44195125 -8.33201188 4.98116732
v -0.62379518 -8.37948557 5.01233464
v -0.91127911 -7.67224439 4.98116732
v -1.99511946 -7.01308833 4.95
v -1.46633458 -6.35455356 4.95
v -0.38363855 -7.01132152 4.98116732
v -3.86406322 -8.36887463 6.6
v -3.06176564 -8.32665394 6.6
v -3.11339224 -7.37570138 6.6
v -3.86406322 -8.36887463 7.0125
v -3.06176564 -8.32665394 7.0125
v -3.86406322 -8.36887463 7.425
v -3.06176564 -8.32665394 7.425
v -3.11339224 -7.37570138 7.0125
v -3.11339224 -7.37570138 7.425
v -3.16501883 -6.42474882 6.6
v -3.16501883 -6.42474882 7.0125
v -7.95368895 -11.45736575 7.425
v -7.95368895 -11.45736575 7.8375
v -7.95368895 -11.45736575 8.25
v -7.95368895 -11.45736575 8.6625
v -5.21289358 -11.34987923 7.425
v -5.21289358 -11.34987923 7.8375
v -5.21289358 -11.34987923 8.25
v -5.21289358 -11.34987923 8.6625
v -7.95368895 -11.45736575 9.075
v -7.95368895 -11.45736575 9.4875
v -7.95368895 -11.45736575 9.9
v -7.6684225 -11.20470793 9.9
v -7.38375053 -10.95171831 9.9
v -7.09967341 -10.69839794 9.9
v -6.81619155 -10.4447479 9.9
v -6.53330531 -10.19076925 9.9
v -7.84136538 -9.02457588 9.9
v -7.85939756 -8.78229588 9.9
v -6.25101508 -9.93646304 9.9
v -7.03686912 -8.99555524 9.9
v -7.05589499 -8.74830991 9.89891277
v -6.23247363 -8.96386404 9.9
v -6.25232019 -8.71668323 9.89891277
v -5.21289358 -11.34987923 9.075
v -5.21289358 -11.34987923 9.4875
v -5.21289358 -11.34987923 9.9
v -4.93047453 -11.09404257 9.9
v -4.64865363 -10.83788078 9.9
v -4.36743125 -10.58139493 9.9
v -4.08680778 -10.32458609 9.9
v -5.96932124 -9.68183035 9.9
v -5.68822415 -9.42687224 9.9
v -5.40772421 -9.17158977 9.9
v -5.42841082 -8.92447746 9.89891277
v -4.60275331 -9.13448923 9.9
v -4.62449989 -8.88242258 9.89782554
v -7.87741035 -8.54001483 7.8375
v -7.07452251 -8.51111653 7.8375
v -6.27173503 -8.47955299 7.8375
v -7.87741035 -8.54001483 8.25
v -7.87741035 -8.54001483 8.6625
v -7.07452251 -8.51111653 8.25
v -6.27173503 -8.47955299 8.25
v -7.07452251 -8.51111653 8.6625
v -6.27173503 -8.47955299 8.6625
v -5.46905676 -8.44532458 7.8375
v -4.66649654 -8.40843165 7.8375
v -5.46905676 -8.44532458 8.25
v -5.46905676 -8.44532458 8.6625
v -4.66649654 -8.40843165 8.25
v -4.66649654 -8.40843165 8.6625
v -7.87741035 -8.54001483 9.075
v -7.07452251 -8.51111653 9.075
v -6.27173503 -8.47955299 9.075
v -7.87741035 -8.54001483 9.4875
v -7.87741035 -8.54001483 9.9
v -7.07452251 -8.51111653 9.4875
v -6.27173503 -8.47955299 9.4875
v -7.07452251 -8.51111653 9.9
v -6.27173503 -8.47955299 9.9
v -5.46905676 -8.44532458 9.075
v -4.66649654 -8.40843165 9.075
v -5.46905676 -8.44532458 9.4875
v -5.44885481 -8.68238906 9.89891277
v -5.46905676 -8.44532458 9.9
v -4.66649654 -8.40843165 9.4875
v -4.6455077 -8.64542776 9.89891277
v -4.66649654 -8.40843165 9.9
v -2.48928514 -10.92963549 7.4419125
v -2.48928514 -10.92963549 7.8544125
v -2.48928514 -10.92963549 8.2330875
v -2.48928514 -10.92963549 8.6455875
v -2.48928514 -10.92963549 9.0580875
v -2.48928514 -10.92963549 9.4705875
v -2.48928514 -10.92963549 9.8492625
v -2.21008735 -10.67067125 9.8492625
v -3.80678358 -10.06745533 9.9
v -3.52735902 -9.81000372 9.9
v -3.24853446 -9.55223231 9.9
v -3.79816661 -9.08969304 9.89891277
v -3.82049326 -8.84272352 9.89782554
v -2.97031028 -9.29414219 9.9
v -2.99374974 -9.04222694 9.89782554
v -3.01662286 -8.80035558 9.89782554
v -2.16523611 -9.24392764 9.89891277
v -2.18951154 -8.99209158 9.8967383
v -1.93149129 -10.41138901 9.8492625
v -1.65349733 -10.15178983 9.8492625
v -1.37802168 -9.86040057 9.83839018
v -1.10127076 -9.60017308 9.83839018
v -1.36034976 -9.1910417 9.89782554
v -1.38515426 -8.94430835 9.8967383
v -0.825123 -9.33963191 9.83839018
v -0.54957876 -9.07877815 9.83839018
v -0.55566007 -9.13548507 9.8967383
v -0.5899044 -8.75497664 9.86665821
v -3.86406322 -8.36887463 7.8375
v -3.06176564 -8.32665394 7.8375
v -3.11339224 -7.37570138 7.8375
v -3.86406322 -8.36887463 8.25
v -3.06176564 -8.32665394 8.25
v -3.86406322 -8.36887463 8.6625
v -3.06176564 -8.32665394 8.6625
v -3.11339224 -7.37570138 8.25
v -3.11339224 -7.37570138 8.6625
v -3.16501883 -6.42474882 7.425
v -3.16501883 -6.42474882 7.8375
v -3.16501883 -6.42474882 8.25
v -3.16501883 -6.42474882 8.6625
v -3.86406322 -8.36887463 9.075
v -3.06176564 -8.32665394 9.075
v -3.11339224 -7.37570138 9.075
v -3.86406322 -8.36887463 9.4875
v -3.06176564 -8.32665394 9.4875
v -3.84937606 -8.46681418 9.86883268
v -3.86406322 -8.36887463 9.9
v -3.04675343 -8.42454419 9.86883268
v -3.06176564 -8.32665394 9.9
v -3.11339224 -7.37570138 9.4875
v -3.11339224 -7.37570138 9.9
v -2.22091406 -8.61638409 9.86774545
v -2.24427554 -8.37960993 9.86883268
v -2.52693067 -7.67045866 9.9
v -3.16501883 -6.42474882 9.075
v -3.16501883 -6.42474882 9.4875
v -3.16501883 -6.42474882 9.9
v -2.58080121 -6.71963057 9.9
v -2.05123364 -6.06239002 9.9
v -1.42628158 -8.42979943 9.83766536
v -1.44195125 -8.33201188 9.86883268
v -0.62379518 -8.37948557 9.83766536
v -0.91127911 -7.67224439 9.86883268
v -1.99511946 -7.01308833 9.9
v -1.46633458 -6.35455356 9.9
v -0.38363855 -7.01132152 9.86883268
v -3.21664543 -5.47379626 4.95
v -3.21664543 -5.47379626 5.3625
v -3.26827202 -4.5228437 4.95
v -3.26827202 -4.5228437 5.3625
v -2.09194393 -5.37266771 4.95
v -2.68114829 -4.94848022 4.95
v -2.1480581 -4.4219694 4.95
v -3.21664543 -5.47379626 5.775
v -3.21664543 -5.47379626 6.1875
v -3.26827202 -4.5228437 5.775
v -3.26827202 -4.5228437 6.1875
v -3.31989862 -3.57189114 4.95
v -3.31989862 -3.57189114 5.3625
v -2.73501882 -3.99765214 4.95
v -2.78888936 -3.04682406 4.95
v -2.20417228 -3.47127109 4.95
v -3.31989862 -3.57189114 5.775
v -3.31989862 -3.57189114 6.1875
v -1.51668223 -5.53445978 4.95
v -1.56702988 -4.714366 4.95
v -0.94057853 -5.69486499 4.95
v -0.99286133 -4.8748923 4.95
v -0.41938397 -5.01089541 4.9634092
v -1.61737753 -3.89427223 4.95
v -1.04514412 -4.05491962 4.95
v -1.67573504 -2.94370898 4.95
v -1.09742691 -3.23494694 4.95
v -0.47219164 -4.2123691 4.9634092
v -0.52640928 -3.39252208 4.9634092
v -3.21664543 -5.47379626 6.6
v -3.26827202 -4.5228437 6.6
v -3.21664543 -5.47379626 7.0125
v -3.26827202 -4.5228437 7.0125
v -3.31989862 -3.57189114 6.6
v -3.31989862 -3.57189114 7.0125
v -3.31989862 -3.57189114 7.425
v -3.37152521 -2.62093858 4.95
v -3.37152521 -2.62093858 5.3625
v -3.42315181 -1.66998602 5.3625
v -2.26028646 -2.52057278 4.95
v -2.84275989 -2.09599598 4.95
v -2.31640064 -1.56987447 4.95
v -3.37152521 -2.62093858 5.775
v -3.42315181 -1.66998602 5.775
v -3.4747784 -0.71903346 5.3625
v -2.89663043 -1.14516789 4.95
v -2.37251481 -0.61917616 4.95
v -3.4747784 -0.71903346 5.775
v -1.1497097 -2.41497425 4.95
v -1.73409254 -1.99314574 4.95
v -1.21031021 -1.46455137 4.95
v -0.58062693 -2.57267506 4.9634092
v -0.01071622 -2.7290017 4.97681839
v -0.63484457 -1.75282804 4.9634092
v -0.06686841 -1.9092849 4.97681839
v -1.79245005 -1.0425825 4.95
v -1.85080756 -0.09201925 4.95
v -1.27091072 -0.51412849 4.95
v -0.68765224 -0.95430172 4.9634092
v -0.1230206 -1.08956811 4.97681839
v -0.75049542 -0.00402449 4.9634092
v -0.17771251 -0.29116863 4.97681839
v -3.37152521 -2.62093858 6.1875
v -3.37152521 -2.62093858 6.6
v -3.42315181 -1.66998602 6.1875
v -3.42315181 -1.66998602 6.6
v -3.37152521 -2.62093858 7.0125
v -3.37152521 -2.62093858 7.425
v -3.42315181 -1.66998602 7.0125
v -3.42315181 -1.66998602 7.425
v -3.4747784 -0.71903346 6.1875
v -3.4747784 -0.71903346 6.6
v -3.4747784 -0.71903346 7.0125
v -3.4747784 -0.71903346 7.425
v -3.21664543 -5.47379626 7.425
v -3.21664543 -5.47379626 7.8375
v -3.26827202 -4.5228437 7.425
v -3.26827202 -4.5228437 7.8375
v -3.21664543 -5.47379626 8.25
v -3.21664543 -5.47379626 8.6625
v -3.26827202 -4.5228437 8.25
v -3.26827202 -4.5228437 8.6625
v -3.31989862 -3.57189114 7.8375
v -3.31989862 -3.57189114 8.25
v -3.31989862 -3.57189114 8.6625
v -3.21664543 -5.47379626 9.075
v -3.26827202 -4.5228437 9.075
v -3.21664543 -5.47379626 9.4875
v -3.21664543 -5.47379626 9.9
v -3.26827202 -4.5228437 9.4875
v -3.26827202 -4.5228437 9.9
v -2.63467175 -5.76880249 9.9
v -2.10734782 -5.11169171 9.9
v -2.68854228 -4.81797441 9.9
v -3.31989862 -3.57189114 9.075
v -3.31989862 -3.57189114 9.4875
v -3.31989862 -3.57189114 9.9
v -2.74241282 -3.86714633 9.9
v -2.163462 -4.1609934 9.9
v -2.79628335 -2.91631824 9.9
v -2.21957617 -3.21029509 9.9
v -1.52469208 -5.40399032 9.9
v -1.58304959 -4.45342707 9.9
v -0.94057853 -5.69486499 9.9
v -1.00117904 -4.7444421 9.9
v -0.41938397 -5.01089541 9.8865908
v -1.06177955 -3.79401922 9.9
v -1.64140709 -3.50286383 9.9
v -0.48222714 -4.06061818 9.8865908
v -0.54507032 -3.11034095 9.8865908
v -3.37152521 -2.62093858 7.8375
v -3.42315181 -1.66998602 7.8375
v -3.37152521 -2.62093858 8.25
v -3.37152521 -2.62093858 8.6625
v -3.42315181 -1.66998602 8.25
v -3.42315181 -1.66998602 8.6625
v -3.4747784 -0.71903346 7.8375
v -3.4747784 -0.71903346 8.25
v -3.4747784 -0.71903346 8.6625
v -3.37152521 -2.62093858 9.075
v -3.42315181 -1.66998602 9.075
v -3.37152521 -2.62093858 9.4875
v -3.37152521 -2.62093858 9.9
v -3.42315181 -1.66998602 9.4875
v -3.42315181 -1.66998602 9.9
v -2.27569035 -2.25959677 9.9
v -2.85015389 -1.96549016 9.9
v -3.4747784 -0.71903346 9.075
v -3.4747784 -0.71903346 9.4875
v -3.4747784 -0.71903346 9.9
v -2.90402443 -1.01466208 9.9
v -2.33180453 -1.30889846 9.9
v -2.95789496 -0.063834 9.9
v -2.3879187 -0.35820015 9.9
v -1.6997646 -2.55230059 9.9
v -1.12238006 -2.84359634 9.9
v -1.75812211 -1.60173734 9.9
v -1.18298057 -1.89317345 9.9
v -0.03150338 -2.42554807 9.87318161
v -0.6079135 -2.16006373 9.8865908
v -0.09489628 -1.5001305 9.87318161
v -1.24358108 -0.94275057 9.9
v -1.81647961 -0.6511741 9.9
v -0.66912239 -1.23449913 9.8865908
v -0.73196557 -0.2842219 9.8865908
v -0.15828918 -0.57471293 9.87318161
v -12.81964502 2.74572869 0
v -16.18089061 1.80271257 4.95
v -13.38552137 0.37228082 4.95
v -13.40848768 2.28618566 4.95
v -12.86089844 2.76963133 4.95
v -12.81964502 2.74572869 4.95
v -15.90451759 2.99798792 4.95
v -15.63101302 4.19359146 4.95
v -13.14703661 3.48468407 4.95
v -13.10777701 3.48526747 4.95
v -12.0955284 2.78192335 4.95
v -8.40744018 5.03483535 4.95
v -8.70497838 5.74421773 4.95
v -16.18089061 11.3729257 0
v -15.63560639 6.10762858 4.95
v -15.09261079 6.58576243 4.95
v -15.36726734 7.30354824 4.95
v -14.82771387 7.78231953 4.95
v -14.76506655 7.73897729 4.95
v -14.35543782 8.50460421 4.95
v -14.0789739 7.78805458 4.95
v -14.63017911 9.22149155 4.95
v -14.90319735 9.93871348 4.95
v -15.17449215 10.65626692 4.95
v -16.18089061 11.3729257 4.95
v -15.11765216 10.64841809 4.95
v -14.65243864 11.15410018 4.95
v -14.53908827 11.143837 4.95
v -13.98907915 11.15909044 4.95
v -13.99486687 11.15959721 4.95
v -13.99435467 11.15960512 4.95
v -13.69525487 11.38684441 4.95
v -13.53395987 11.3729257 4.95
v -9.00080296 6.45398442 4.95
v -8.98503667 6.4695562 4.95
v -3.52019889 2.74572869 0
v -7.80722491 3.6172359 4.95
v -7.50454886 2.909025 4.95
v -6.73967109 2.93909802 4.95
v -7.04469656 3.6463002 4.95
v -7.34801124 4.35390165 4.95
v -6.89188305 5.09147885 4.95
v -6.3746066 5.60842665 4.95
v -5.97489737 2.97171008 4.95
v -5.21023613 3.00686083 4.95
v -4.44569579 3.04454987 4.95
v -4.24177802 4.27045427 4.95
v -5.82795643 4.41759421 4.95
v -3.52019889 0.11760372 4.95
v -3.526405 0.2319191 4.95
v -3.57803159 1.18287166 4.95
v -3.62965819 2.13382422 4.95
v -3.66287808 2.74572869 4.95
v -3.52019889 2.74572869 4.95
v -3.11211258 2.65814444 4.95
v -3.68128478 3.08477678 4.95
v -3.16598311 3.60897252 4.95
v -2.91614387 3.28835439 4.95
v -7.43159393 6.28483127 4.95
v -5.58522746 9.89446108 4.95
v -5.42105597 10.06347273 4.95
v -4.37424531 9.39644798 4.95
v -3.87306546 9.91903394 4.95
v -3.21188537 9.95644099 4.95
v -15.62182629 0.36551723 4.95
v -15.9022209 1.08394668 4.95
v -14.78178042 0.12628682 4.95
v -14.22614718 0.60647562 4.95
v -15.06505066 0.84370069 4.95
v -14.51056691 1.32321208 4.95
v -15.34659721 1.56145757 4.95
v -16.18089061 1.80271257 5.3625
v -15.62641965 2.27955435 4.95
v -14.79326379 2.040295 4.95
v -15.07423737 2.75772127 4.95
v -14.24222379 2.52045073 4.95
v -16.18089061 1.80271257 5.775
v -13.67281059 1.08798548 4.95
v -12.83347359 0.86512295 5.3625
v -12.83347359 0.86512295 5.775
v -12.83347359 0.86512295 6.1875
v -13.95837821 1.80404315 4.95
v -12.84718601 1.81737714 5.3625
v -12.86089844 2.76963133 5.3625
v -12.84718601 1.81737714 5.775
v -12.84718601 1.81737714 6.1875
v -12.86089844 2.76963133 5.775
v -12.86089844 2.76963133 6.1875
v -16.18089061 1.80271257 6.1875
v -16.18089061 1.80271257 6.6
v -16.18089061 1.80271257 7.0125
v -16.18089061 1.80271257 7.425
v -12.83347359 0.86512295 6.6
v -12.83347359 0.86512295 7.0125
v -12.84718601 1.81737714 6.6
v -12.86089844 2.76963133 6.6
v -12.84718601 1.81737714 7.0125
v -12.84718601 1.81737714 7.425
v -12.86089844 2.76963133 7.0125
v -12.86089844 2.76963133 7.425
v -15.35348725 3.47548779 4.95
v -16.18089061 3.7167552 5.3625
v -14.52434691 3.2372051 4.95
v -14.80474715 3.95430318 4.95
v -16.18089061 3.7167552 5.775
v -15.3603773 5.38951802 4.95
v -16.18089061 5.63079782 5.3625
v -15.08342408 4.67174185 4.95
v -14.25830041 4.43442583 4.95
v -14.53812691 5.15119812 4.95
v -16.18089061 5.63079782 5.775
v -16.18089061 5.63079782 6.1875
v -13.69348037 3.0019165 4.95
v -13.97675142 3.71799759 4.95
v -13.43145399 4.2000905 4.95
v -12.3840388 3.49602224 4.95
v -12.67082959 4.21048052 4.95
v -13.71415014 4.91584752 4.95
v -13.99512463 5.63195203 4.95
v -13.23925054 5.64046292 4.95
v -12.95590031 4.92529512 4.95
v -12.19768603 4.93725988 4.95
v -12.48340888 5.65148309 4.95
v -16.18089061 3.7167552 6.1875
v -16.18089061 3.7167552 6.6
v -16.18089061 3.7167552 7.0125
v -16.18089061 3.7167552 7.425
v -16.18089061 5.63079782 6.6
v -16.18089061 5.63079782 7.0125
v -16.18089061 5.63079782 7.425
v -11.33020338 2.79675614 4.95
v -12.0955284 2.78192335 5.3625
v -11.33020338 2.79675614 5.3625
v -10.56493183 2.81412954 4.95
v -10.56493183 2.81412954 5.3625
v -12.0955284 2.78192335 5.775
v -11.33020338 2.79675614 5.775
v -12.0955284 2.78192335 6.1875
v -11.33020338 2.79675614 6.1875
v -10.56493183 2.81412954 5.775
v -9.79972216 2.83404336 4.95
v -9.79972216 2.83404336 5.3625
v -9.03458283 2.85649738 4.95
v -8.26952225 2.88149135 4.95
v -9.03458283 2.85649738 5.3625
v -8.26952225 2.88149135 5.3625
v -9.79972216 2.83404336 5.775
v -9.03458283 2.85649738 5.775
v -8.26952225 2.88149135 5.775
v -12.0955284 2.78192335 6.6
v -11.33020338 2.79675614 6.6
v -10.56493183 2.81412954 6.1875
v -10.56493183 2.81412954 6.6
v -12.0955284 2.78192335 7.0125
v -11.33020338 2.79675614 7.0125
v -12.0955284 2.78192335 7.425
v -11.33020338 2.79675614 7.425
v -10.56493183 2.81412954 7.0125
v -10.56493183 2.81412954 7.425
v -9.79972216 2.83404336 6.1875
v -9.79972216 2.83404336 6.6
v -9.03458283 2.85649738 6.1875
v -8.26952225 2.88149135 6.1875
v -9.03458283 2.85649738 6.6
v -8.26952225 2.88149135 6.6
v -9.79972216 2.83404336 7.0125
v -9.79972216 2.83404336 7.425
v -9.03458283 2.85649738 7.0125
v -8.26952225 2.88149135 7.0125
v -9.03458283 2.85649738 7.425
v -8.26952225 2.88149135 7.425
v -11.62108283 3.50989331 4.95
v -11.91024386 4.22339558 4.95
v -11.1497052 4.23883553 4.95
v -10.85817711 3.52629713 4.95
v -10.38922199 4.2568002 4.95
v -11.43951564 4.95174165 4.95
v -11.72760796 5.6650124 4.95
v -10.68139751 4.96874029 4.95
v -10.97185613 5.68105071 4.95
v -10.2161617 5.69959784 4.95
v -10.09533005 3.54523352 4.95
v -9.33255006 3.56670228 4.95
v -9.62880261 4.27728938 4.95
v -8.56984555 3.59070316 4.95
v -8.86845544 4.30030286 4.95
v -8.10818886 4.32584038 4.95
v -9.92333999 4.9882556 4.95
v -9.16535142 5.01028737 4.95
v -9.46053301 5.72065359 4.95
v -16.18089061 1.80271257 7.8375
v -16.18089061 1.80271257 8.25
v -16.18089061 1.80271257 8.6625
v -12.83347359 0.86512295 7.425
v -12.83347359 0.86512295 7.8375
v -12.83347359 0.86512295 8.25
v -12.83347359 0.86512295 8.6625
v -12.84718601 1.81737714 7.8375
v -12.86089844 2.76963133 7.8375
v -12.84718601 1.81737714 8.25
v -12.84718601 1.81737714 8.6625
v -12.86089844 2.76963133 8.25
v -12.86089844 2.76963133 8.6625
v -15.62182629 0.36551723 9.9
v -15.9022209 1.08394668 9.9
v -14.78178042 0.12628682 9.9
v -14.22614718 0.60647562 9.9
v -15.06505066 0.84370069 9.9
v -14.51056691 1.32321208 9.9
v -16.18089061 1.80271257 9.075
v -16.18089061 1.80271257 9.4875
v -16.18089061 1.80271257 9.9
v -15.34659721 1.56145757 9.9
v -15.62641965 2.27955435 9.9
v -14.79326379 2.040295 9.9
v -15.07423737 2.75772127 9.9
v -14.24222379 2.52045073 9.9
v -12.83347359 0.86512295 9.075
v -13.38552137 0.37228082 9.9
v -13.67281059 1.08798548 9.9
v -13.10920401 0.61853821 9.9
v -12.83347359 0.86512295 9.4875
v -12.83347359 0.86512295 9.9
v -12.84718601 1.81737714 9.075
v -12.86089844 2.76963133 9.075
v -13.95837821 1.80404315 9.9
v -13.40848768 2.28618566 9.9
v -12.84718601 1.81737714 9.4875
v -13.1217738 1.57080817 9.9
v -12.84718601 1.81737714 9.9
v -12.86089844 2.76963133 9.4875
v -12.86089844 2.76963133 9.9
v -16.18089061 3.7167552 7.8375
v -16.18089061 3.7167552 8.25
v -16.18089061 3.7167552 8.6625
v -16.18089061 5.63079782 7.8375
v -16.18089061 5.63079782 8.25
v -16.18089061 5.63079782 8.6625
v -16.18089061 3.7167552 9.075
v -15.90451759 2.99798792 9.9
v -15.35348725 3.47548779 9.9
v -16.18089061 3.7167552 9.4875
v -16.18089061 3.7167552 9.9
v -15.63101302 4.19359146 9.9
v -14.52434691 3.2372051 9.9
v -14.80474715 3.95430318 9.9
v -16.18089061 5.63079782 9.075
v -15.90681427 4.91202917 9.9
v -16.18089061 5.63079782 9.4875
v -16.18089061 5.63079782 9.9
v -15.3603773 5.38951802 9.9
v -15.08342408 4.67174185 9.9
v -14.25830041 4.43442583 9.9
v -14.53812691 5.15119812 9.9
v -13.69348037 3.0019165 9.9
v -13.14703661 3.48468407 9.9
v -13.97675142 3.71799759 9.9
v -13.43145399 4.2000905 9.9
v -12.3840388 3.49602224 9.9
v -12.67082959 4.21048052 9.9
v -13.71415014 4.91584752 9.9
v -13.99512463 5.63195203 9.9
v -13.23925054 5.64046292 9.9
v -12.95590031 4.92529512 9.9
v -12.19768603 4.93725988 9.9
v -12.48340888 5.65148309 9.9
v -12.0955284 2.78192335 7.8375
v -11.33020338 2.79675614 7.8375
v -10.56493183 2.81412954 7.8375
v -12.0955284 2.78192335 8.25
v -11.33020338 2.79675614 8.25
v -12.0955284 2.78192335 8.6625
v -11.33020338 2.79675614 8.6625
v -10.56493183 2.81412954 8.25
v -10.56493183 2.81412954 8.6625
v -9.79972216 2.83404336 7.8375
v -9.03458283 2.85649738 7.8375
v -8.26952225 2.88149135 7.8375
v -9.79972216 2.83404336 8.25
v -9.79972216 2.83404336 8.6625
v -9.03458283 2.85649738 8.25
v -8.26952225 2.88149135 8.25
v -9.03458283 2.85649738 8.6625
v -8.26952225 2.88149135 8.6625
v -12.0955284 2.78192335 9.075
v -11.33020338 2.79675614 9.075
v -10.56493183 2.81412954 9.075
v -12.0955284 2.78192335 9.4875
v -11.33020338 2.79675614 9.4875
v -12.0955284 2.78192335 9.9
v -11.33020338 2.79675614 9.9
v -10.56493183 2.81412954 9.4875
v -10.56493183 2.81412954 9.9
v -9.79972216 2.83404336 9.075
v -9.03458283 2.85649738 9.075
v -8.26952225 2.88149135 9.075
v -9.79972216 2.83404336 9.4875
v -9.79972216 2.83404336 9.9
v -9.03458283 2.85649738 9.4875
v -8.26952225 2.88149135 9.4875
v -9.03458283 2.85649738 9.9
v -8.26952225 2.88149135 9.9
v -11.62108283 3.50989331 9.9
v -11.91024386 4.22339558 9.9
v -11.1497052 4.23883553 9.9
v -10.85817711 3.52629713 9.9
v -10.38922199 4.2568002 9.9
v -11.43951564 4.95174165 9.9
v -11.72760796 5.6650124 9.9
v -10.68139751 4.96874029 9.9
v -10.97185613 5.68105071 9.9
v -10.2161617 5.69959784 9.9
v -10.09533005 3.54523352 9.9
v -9.33255006 3.56670228 9.9
v -9.62880261 4.27728938 9.9
v -8.56984555 3.59070316 9.9
v -8.86845544 4.30030286 9.9
v -8.10818886 4.32584038 9.9
v -9.92333999 4.9882556 9.9
v -9.16535142 5.01028737 9.9
v -9.46053301 5.72065359 9.9
v -8.40744018 5.03483535 9.9
v -8.70497838 5.74421773 9.9
v -14.81623051 5.86831135 4.95
v -14.27437702 6.34840094 4.95
v -14.55190691 7.06519114 4.95
v -16.18089061 7.54484045 5.3625
v -16.18089061 7.54484045 5.775
v -16.18089061 7.54484045 6.1875
v -13.52087984 6.35598084 4.95
v -13.80078776 7.07184576 4.95
v -12.76741197 6.36606211 4.95
v -13.04969485 7.08099386 4.95
v -12.29863644 7.09263536 4.95
v -13.33025708 7.79627523 4.95
v -13.60909825 8.51190312 4.95
v -12.58157169 7.80698139 4.95
v -12.86278703 8.52167966 4.95
v -16.18089061 7.54484045 6.6
v -16.18089061 7.54484045 7.0125
v -16.18089061 7.54484045 7.425
v -16.18089061 9.45888308 5.3625
v -14.16161566 9.94418606 4.95
v -16.18089061 9.45888308 5.775
v -16.18089061 9.45888308 6.1875
v -16.18089061 11.3729257 5.3625
v -16.18089061 11.3729257 5.775
v -16.18089061 11.3729257 6.1875
v -13.88621792 9.22787443 4.95
v -13.14228202 9.23672705 4.95
v -12.62135711 9.73930895 4.95
v -13.64012105 10.44439108 4.95
v -13.69525487 11.38684441 5.3625
v -13.12097595 10.94581066 4.95
v -12.4627944 10.9558414 4.95
v -13.69525487 11.38684441 5.775
v -13.69525487 11.38684441 6.1875
v -16.18089061 9.45888308 6.6
v -16.18089061 9.45888308 7.0125
v -16.18089061 9.45888308 7.425
v -16.18089061 11.3729257 6.6
v -16.18089061 11.3729257 7.0125
v -16.18089061 11.3729257 7.425
v -13.69525487 11.38684441 6.6
v -13.69525487 11.38684441 7.0125
v -13.69525487 11.38684441 7.425
v -12.01398171 6.37864467 4.95
v -11.26059738 6.39372835 4.95
v -11.54762081 7.10677013 4.95
v -10.50726728 6.41131301 4.95
v -10.79665625 7.12339801 4.95
v -11.83292596 7.82017295 4.95
v -12.11651237 8.53393371 4.95
v -11.08432815 7.83584975 4.95
v -10.56457532 8.34320055 4.95
v -9.7539997 6.43139844 4.95
v -10.04575103 7.14251882 4.95
v -8.48226613 6.96612399 4.95
v -9.52660068 7.65226154 4.95
v -9.00982189 8.16319215 4.95
v -8.49541737 8.6753023 4.95
v -11.59616804 9.03889754 4.95
v -11.07818427 9.54506265 4.95
v -10.56256384 10.05242071 4.95
v -12.10278725 10.24309877 4.95
v -11.58657523 10.7480882 4.95
v -11.80464542 10.96782017 4.95
v -11.50697917 11.1980105 4.95
v -11.20993089 11.42859878 4.95
v -11.20993089 11.42859878 5.3625
v -10.92781519 10.7626613 4.95
v -10.26910116 10.77918413 4.95
v -11.20993089 11.42859878 5.775
v -11.20993089 11.42859878 6.1875
v -10.04718855 8.85174594 4.95
v -9.5321706 9.36147758 4.95
v -9.01952417 9.87238713 4.95
v -10.04930947 10.56096337 4.95
v -9.61043892 10.79765653 4.95
v -9.39000231 10.58008727 4.95
v -9.31474736 11.03077369 4.95
v -8.73075464 10.60116248 4.95
v -8.50925194 10.38446623 4.95
v -9.01967767 11.26428313 4.95
v -8.72523037 11.49818359 4.95
v -8.72523037 11.49818359 5.3625
v -8.72523037 11.49818359 5.775
v -8.72523037 11.49818359 6.1875
v -11.20993089 11.42859878 6.6
v -11.20993089 11.42859878 7.0125
v -8.72523037 11.49818359 6.6
v -8.72523037 11.49818359 7.0125
v -16.18089061 7.54484045 7.8375
v -16.18089061 7.54484045 8.25
v -16.18089061 7.54484045 8.6625
v -15.63560639 6.10762858 9.9
v -15.90911096 6.82607042 9.9
v -14.81623051 5.86831135 9.9
v -14.27437702 6.34840094 9.9
v -15.09261079 6.58576243 9.9
v -14.55190691 7.06519114 9.9
v -16.18089061 7.54484045 9.075
v -16.18089061 7.54484045 9.4875
v -16.18089061 7.54484045 9.9
v -15.36726734 7.30354824 9.9
v -15.64019976 8.02166569 9.9
v -14.82771387 7.78231953 9.9
v -15.1017975 8.49978301 9.9
v -14.35543782 8.50460421 9.9
v -13.52087984 6.35598084 9.9
v -13.80078776 7.07184576 9.9
v -12.76741197 6.36606211 9.9
v -13.04969485 7.08099386 9.9
v -12.29863644 7.09263536 9.9
v -14.0789739 7.78805458 9.9
v -13.33025708 7.79627523 9.9
v -13.60909825 8.51190312 9.9
v -12.58157169 7.80698139 9.9
v -12.86278703 8.52167966 9.9
v -16.18089061 9.45888308 7.8375
v -16.18089061 9.45888308 8.25
v -16.18089061 9.45888308 8.6625
v -16.18089061 11.3729257 7.8375
v -16.18089061 11.3729257 8.25
v -16.18089061 11.3729257 8.6625
v -13.69525487 11.38684441 7.8375
v -13.69525487 11.38684441 8.25
v -13.69525487 11.38684441 8.6625
v -16.18089061 9.45888308 9.075
v -15.91140764 8.74011167 9.9
v -15.37415738 9.21757847 9.9
v -16.18089061 9.45888308 9.4875
v -16.18089061 9.45888308 9.9
v -15.64479313 9.93570281 9.9
v -14.63017911 9.22149155 9.9
v -14.90319735 9.93871348 9.9
v -14.16161566 9.94418606 9.9
v -16.18089061 11.3729257 9.075
v -15.91370433 10.65415292 9.9
v -15.17449215 10.65626692 9.9
v -16.18089061 11.3729257 9.4875
v -16.18089061 11.3729257 9.9
v -14.65243864 11.15410018 9.9
v -13.88621792 9.22787443 9.9
v -13.14228202 9.23672705 9.9
v -12.62135711 9.73930895 9.9
v -13.69525487 11.38684441 9.075
v -13.64012105 10.44439108 9.9
v -13.69525487 11.38684441 9.4875
v -13.99486687 11.15959721 9.9
v -13.69525487 11.38684441 9.9
v -13.12097595 10.94581066 9.9
v -12.4627944 10.9558414 9.9
v -12.01398171 6.37864467 9.9
v -11.26059738 6.39372835 9.9
v -11.54762081 7.10677013 9.9
v -10.50726728 6.41131301 9.9
v -10.79665625 7.12339801 9.9
v -11.83292596 7.82017295 9.9
v -12.11651237 8.53393371 9.9
v -11.08432815 7.83584975 9.9
v -10.56457532 8.34320055 9.9
v -9.7539997 6.43139844 9.9
v -10.04575103 7.14251882 9.9
v -9.00080296 6.45398442 9.9
v -8.48226613 6.96612399 9.9
v -9.52660068 7.65226154 9.9
v -9.00982189 8.16319215 9.9
v -8.49541737 8.6753023 9.9
v -11.20993089 11.42859878 7.425
v -11.20993089 11.42859878 7.8375
v -11.20993089 11.42859878 8.25
v -11.20993089 11.42859878 8.6625
v -8.72523037 11.49818359 7.425
v -8.72523037 11.49818359 7.8375
v -8.72523037 11.49818359 8.25
v -8.72523037 11.49818359 8.6625
v -11.59616804 9.03889754 9.9
v -11.07818427 9.54506265 9.9
v -10.56256384 10.05242071 9.9
v -11.20993089 11.42859878 9.075
v -12.10278725 10.24309877 9.9
v -11.58657523 10.7480882 9.9
v -11.20993089 11.42859878 9.4875
v -11.80464542 10.96782017 9.9
v -11.50697917 11.1980105 9.9
v -11.20993089 11.42859878 9.9
v -10.92781519 10.7626613 9.9
v -10.26910116 10.77918413 9.9
v -10.04718855 8.85174594 9.9
v -9.5321706 9.36147758 9.9
v -9.01952417 9.87238713 9.9
v -8.72523037 11.49818359 9.075
v -10.04930947 10.56096337 9.9
v -9.61043892 10.79765653 9.9
v -9.39000231 10.58008727 9.9
v -9.31474736 11.03077369 9.9
v -8.73075464 10.60116248 9.9
v -8.50925194 10.38446623 9.9
v -8.72523037 11.49818359 9.4875
v -9.01967767 11.26428313 9.9
v -8.72523037 11.49818359 9.9
v -7.50454886 2.909025 5.3625
v -6.73967109 2.93909802 5.3625
v -7.50454886 2.909025 5.775
v -7.50454886 2.909025 6.1875
v -6.73967109 2.93909802 5.775
v -6.73967109 2.93909802 6.1875
v -5.97489737 2.97171008 5.3625
v -5.21023613 3.00686083 5.3625
v -4.44569579 3.04454987 5.3625
v -5.97489737 2.97171008 5.775
v -5.21023613 3.00686083 5.775
v -5.97489737 2.97171008 6.1875
v -5.21023613 3.00686083 6.1875
v -4.44569579 3.04454987 5.775
v -4.44569579 3.04454987 6.1875
v -5.31132695 4.9369533 4.95
v -4.79709089 5.4574732 4.95
v -7.50454886 2.909025 6.6
v -6.73967109 2.93909802 6.6
v -7.50454886 2.909025 7.0125
v -7.50454886 2.909025 7.425
v -6.73967109 2.93909802 7.0125
v -5.97489737 2.97171008 6.6
v -5.21023613 3.00686083 6.6
v -4.44569579 3.04454987 6.6
v -5.97489737 2.97171008 7.0125
v -5.21023613 3.00686083 7.0125
v -4.44569579 3.04454987 7.0125
v -4.44569579 3.04454987 7.425
v -3.526405 0.2319191 5.3625
v -3.57803159 1.18287166 5.3625
v -2.42862899 0.33152215 4.95
v -2.48474317 1.28222046 4.95
v -3.526405 0.2319191 5.775
v -3.526405 0.2319191 6.1875
v -3.57803159 1.18287166 5.775
v -3.57803159 1.18287166 6.1875
v -3.62965819 2.13382422 5.3625
v -2.54085735 2.23291877 4.95
v -2.02588007 2.75967048 4.95
v -3.62965819 2.13382422 5.775
v -3.62965819 2.13382422 6.1875
v -1.33151123 0.43629439 4.95
v -1.90916506 0.85854399 4.95
v -1.39211174 1.38671728 4.95
v -0.23240442 0.50723084 4.97681839
v -0.81333859 0.94625274 4.9634092
v -1.96752257 1.80910723 4.95
v -1.45271225 2.33714016 4.95
v -0.87618177 1.89652997 4.9634092
v -0.29748991 1.45735713 4.97681839
v -0.93739066 2.82209456 4.9634092
v -0.3625754 2.40748341 4.97681839
v -3.526405 0.2319191 6.6
v -3.57803159 1.18287166 6.6
v -3.526405 0.2319191 7.0125
v -3.526405 0.2319191 7.425
v -3.57803159 1.18287166 7.0125
v -3.57803159 1.18287166 7.425
v -3.62965819 2.13382422 6.6
v -3.62965819 2.13382422 7.0125
v -3.62965819 2.13382422 7.425
v -3.68128478 3.08477678 5.3625
v -2.59697152 3.18361708 4.95
v -2.6530857 4.13431539 4.95
v -2.08423758 3.71023372 4.95
v -3.68128478 3.08477678 5.775
v -3.68128478 3.08477678 6.1875
v -3.72820563 4.79338334 4.95
v -3.21703465 5.31745799 4.95
v -2.14259509 4.66079696 4.95
v -1.51331276 3.28756304 4.95
v -1.57391327 4.23798593 4.95
v -0.4259683 3.33290098 4.97681839
v -1.00023384 3.77237179 4.9634092
v -0.4893612 4.25831855 4.97681839
v -1.06307701 4.72264902 4.9634092
v -1.63451378 5.18840881 4.95
v -1.12592019 5.67292625 4.9634092
v -0.55444669 5.20844484 4.97681839
v -0.0480248 5.69536567 4.99022759
v -3.68128478 3.08477678 6.6
v -3.68128478 3.08477678 7.0125
v -3.68128478 3.08477678 7.425
v -7.50454886 2.909025 7.8375
v -6.73967109 2.93909802 7.425
v -6.73967109 2.93909802 7.8375
v -7.50454886 2.909025 8.25
v -7.50454886 2.909025 8.6625
v -6.73967109 2.93909802 8.25
v -6.73967109 2.93909802 8.6625
v -5.97489737 2.97171008 7.425
v -5.21023613 3.00686083 7.425
v -5.97489737 2.97171008 7.8375
v -5.21023613 3.00686083 7.8375
v -4.44569579 3.04454987 7.8375
v -5.97489737 2.97171008 8.25
v -5.21023613 3.00686083 8.25
v -5.97489737 2.97171008 8.6625
v -5.21023613 3.00686083 8.6625
v -4.44569579 3.04454987 8.25
v -4.44569579 3.04454987 8.6625
v -7.50454886 2.909025 9.075
v -6.73967109 2.93909802 9.075
v -7.50454886 2.909025 9.4875
v -7.80722491 3.6172359 9.9
v -7.50454886 2.909025 9.9
v -6.73967109 2.93909802 9.4875
v -6.73967109 2.93909802 9.9
v -7.04469656 3.6463002 9.9
v -6.2822689 3.67789576 9.9
v -7.64961461 5.06189928 9.9
v -7.34801124 4.35390165 9.9
v -7.94950614 5.77028999 9.9
v -6.58793097 4.38448638 9.9
v -6.89188305 5.09147885 9.9
v -6.3746066 5.60842665 9.9
v -5.97489737 2.97171008 9.075
v -5.21023613 3.00686083 9.075
v -4.44569579 3.04454987 9.075
v -5.97489737 2.97171008 9.4875
v -5.21023613 3.00686083 9.4875
v -5.97489737 2.97171008 9.9
v -5.21023613 3.00686083 9.9
v -5.51995033 3.71202221 9.9
v -4.44569579 3.04454987 9.4875
v -4.44569579 3.04454987 9.9
v -4.75774925 3.74867919 9.9
v -4.24177802 4.27045427 9.9
v -5.82795643 4.41759421 9.9
v -5.31132695 4.9369533 9.9
v -4.79709089 5.4574732 9.9
v -3.526405 0.2319191 7.8375
v -3.57803159 1.18287166 7.8375
v -3.526405 0.2319191 8.25
v -3.526405 0.2319191 8.6625
v -3.57803159 1.18287166 8.25
v -3.57803159 1.18287166 8.6625
v -3.62965819 2.13382422 7.8375
v -3.62965819 2.13382422 8.25
v -3.62965819 2.13382422 8.6625
v -3.526405 0.2319191 9.075
v -3.57803159 1.18287166 9.075
v -3.526405 0.2319191 9.4875
v -3.526405 0.2319191 9.9
v -3.57803159 1.18287166 9.4875
v -3.57803159 1.18287166 9.9
v -2.44403288 0.59249816 9.9
v -3.0117655 0.88699409 9.9
v -3.62965819 2.13382422 9.075
v -3.62965819 2.13382422 9.4875
v -3.62965819 2.13382422 9.9
v -3.06563603 1.83782217 9.9
v -3.11950657 2.78865025 9.9
v -2.50014706 1.54319647 9.9
v -2.55626124 2.49389478 9.9
v -1.87483712 0.29938914 9.9
v -1.30418159 0.00767231 9.9
v -1.93319462 1.24995238 9.9
v -1.3647821 0.95809519 9.9
v -0.79480874 0.66605532 9.8865908
v -0.22337467 0.37541335 9.87318161
v -0.28846016 1.32553964 9.87318161
v -1.42538261 1.90851808 9.9
v -1.99155213 2.20051563 9.9
v -1.4776654 2.72849076 9.9
v -0.85765192 1.61633255 9.8865908
v -0.34315207 2.12393911 9.87318161
v -0.91045959 2.41485887 9.8865908
v -3.68128478 3.08477678 7.8375
v -3.68128478 3.08477678 8.25
v -3.68128478 3.08477678 8.6625
v -3.68128478 3.08477678 9.075
v -3.68128478 3.08477678 9.4875
v -3.68128478 3.08477678 9.9
v -3.16598311 3.60897252 9.9
v -2.60467347 3.31410508 9.9
v -2.04189978 3.02060941 9.9
v -2.6530857 4.13431539 9.9
v -2.09224743 3.84070318 9.9
v -3.72820563 4.79338334 9.9
v -3.21703465 5.31745799 9.9
v -2.14259509 4.66079696 9.9
v -1.5299482 3.54846344 9.9
v -1.01889487 4.05455291 9.8865908
v -0.96467723 3.23470589 9.8865908
v -0.39784398 2.92233859 9.87318161
v -0.45399617 3.74205538 9.87318161
v -1.58223099 4.36843613 9.9
v -1.07311252 4.87439993 9.8865908
v -1.63451378 5.18840881 9.9
v -1.12592019 5.67292625 9.8865908
v -0.51014836 4.56177217 9.87318161
v -0.00220055 5.04879935 9.85977241
v -0.56484027 5.36017165 9.87318161
v -6.91606422 6.80054695 4.95
v -7.96610634 7.47944471 4.95
v -7.45232628 7.99393823 4.95
v -6.40291968 7.31742866 4.95
v -6.94092859 8.50959618 4.95
v -5.85971812 6.12654207 4.95
v -5.34722024 6.64581674 4.95
v -4.28525084 5.97914553 4.95
v -4.83711554 7.16624223 4.95
v -5.89216294 7.83546801 4.95
v -5.38379658 8.35465661 4.95
v -4.3270823 7.64355834 4.9634092
v -7.98338981 9.18858363 4.95
v -7.47374187 9.70302776 4.95
v -6.43191592 9.02641017 4.95
v -7.84942912 10.40814914 4.95
v -8.07157223 10.62418884 4.95
v -7.1896793 10.43378487 4.95
v -7.41246086 10.64916613 4.95
v -7.1187728 10.88519355 4.95
v -6.96647616 10.21862633 4.95
v -6.53000824 10.46137321 4.95
v -6.30616926 10.24687625 4.95
v -6.82571046 11.12160753 4.95
v -6.53327434 11.3584068 4.95
v -6.24146494 11.59559009 4.95
v -6.24146494 11.59559009 5.3625
v -6.24146494 11.59559009 5.775
v -6.24146494 11.59559009 6.1875
v -5.92529085 9.54437181 4.95
v -4.87782319 8.87498607 4.95
v -4.76029662 10.09629743 4.95
v -4.09963731 10.13107769 4.95
v -5.87042173 10.49091391 4.95
v -5.64594886 10.2770804 4.95
v -5.20489587 10.39994259 4.97609357
v -4.98582075 10.30923854 4.95
v -4.90930379 10.56437187 4.98841554
v -4.61800958 10.80368722 4.98841554
v -4.32579072 10.34335036 4.95
v -4.32734539 11.04338247 4.98841554
v -6.24146494 11.59559009 6.6
v -6.24146494 11.59559009 7.0125
v -3.77580936 6.50196186 4.95
v -3.26624472 6.98167292 4.9634092
v -2.70826761 5.84266979 4.95
v -2.19918284 6.32478131 4.9634092
v -3.82166725 8.16626591 4.9634092
v -3.31865304 8.69009934 4.9634092
v -2.75887492 7.46252331 4.97681839
v -2.25643557 7.9887338 4.97681839
v -1.69229828 6.80802622 4.97681839
v -0.61953218 6.15857112 4.97681839
v -0.11535224 6.64533572 4.99022759
v -1.18761645 7.29239683 4.99022759
v -1.75640483 8.5160551 4.97681839
v -0.68817709 7.82209405 4.99022759
v -0.18377733 8.24909815 5.01160982
v -2.81804215 9.2150502 4.9634092
v -2.5508189 9.99580483 4.95
v -2.31339883 9.63725882 4.98479143
v -2.11060352 10.12477913 4.97609357
v -3.65899253 10.25699584 4.97609357
v -3.43908384 10.16781321 4.95
v -4.03731172 11.28345633 4.98841554
v -3.74313481 11.43873619 5.0007375
v -3.74313481 11.43873619 5.3794125
v -2.99157936 10.17263614 5.00218714
v -2.77864199 10.20650366 4.95
v -2.6971488 10.33999398 5.01450911
v -2.40314901 10.50773964 5.02683107
v -2.11428549 10.75031892 5.02683107
v -3.74313481 11.43873619 5.7919125
v -1.2518776 8.94065767 4.99820062
v -1.64397742 9.56516046 5.01160982
v -1.88987184 10.0371251 4.95
v -1.44196394 10.04505558 5.00218714
v -1.22904997 10.08040146 4.95
v -0.74927388 9.36638735 5.01958286
v -0.07827267 9.29897336 5.04640125
v -0.98175971 9.60916668 5.01160982
v -0.77272923 9.96733584 5.02828071
v -0.5598034 10.0033199 4.97609357
v -0.31967515 9.65513272 5.01160982
v -0.47948925 10.13761528 5.04060268
v -1.82605623 10.99327136 5.02683107
v -1.53284968 11.15147546 5.03915304
v -1.24004686 11.31006559 5.051475
v -1.24004686 11.31006559 5.43015
v -0.18668388 10.30827894 5.05292464
v -1.24004686 11.31006559 5.808825
v -3.74313481 11.43873619 6.2044125
v -3.74313481 11.43873619 6.6169125
v -3.74313481 11.43873619 6.9955875
v -3.74313481 11.43873619 7.4080875
v -1.24004686 11.31006559 6.221325
v -1.24004686 11.31006559 6.633825
v -1.24004686 11.31006559 7.0125
v -1.24004686 11.31006559 7.391175
v -7.43159393 6.28483127 9.9
v -6.91606422 6.80054695 9.9
v -7.96610634 7.47944471 9.9
v -7.45232628 7.99393823 9.9
v -6.40291968 7.31742866 9.9
v -6.94092859 8.50959618 9.9
v -5.85971812 6.12654207 9.9
v -5.34722024 6.64581674 9.9
v -4.28525084 5.97914553 9.9
v -4.83711554 7.16624223 9.9
v -5.89216294 7.83546801 9.9
v -5.38379658 8.35465661 9.9
v -4.3270823 7.64355834 9.8865908
v -6.24146494 11.59559009 7.425
v -6.24146494 11.59559009 7.8375
v -6.24146494 11.59559009 8.25
v -6.24146494 11.59559009 8.6625
v -7.98338981 9.18858363 9.9
v -7.47374187 9.70302776 9.9
v -6.43191592 9.02641017 9.9
v -6.24146494 11.59559009 9.075
v -7.84942912 10.40814914 9.9
v -8.07157223 10.62418884 9.9
v -7.1896793 10.43378487 9.9
v -7.41246086 10.64916613 9.9
v -7.1187728 10.88519355 9.9
v -6.96647616 10.21862633 9.9
v -6.53000824 10.46137321 9.9
v -6.30616926 10.24687625 9.9
v -6.24146494 11.59559009 9.4875
v -6.82571046 11.12160753 9.9
v -6.53327434 11.3584068 9.9
v -6.24146494 11.59559009 9.9
v -5.92529085 9.54437181 9.9
v -5.42105597 10.06347273 9.9
v -4.87782319 8.87498607 9.9
v -4.37424531 9.39644798 9.9
v -4.76029662 10.09629743 9.9
v -4.09963731 10.13107769 9.9
v -5.87042173 10.49091391 9.9
v -5.64594886 10.2770804 9.9
v -5.20489587 10.39994259 9.87390643
v -4.98582075 10.30923854 9.9
v -4.90930379 10.56437187 9.86158446
v -4.61800958 10.80368722 9.86158446
v -4.32579072 10.34335036 9.9
v -4.32734539 11.04338247 9.86158446
v -3.77580936 6.50196186 9.9
v -3.26624472 6.98167292 9.8865908
v -2.70826761 5.84266979 9.9
v -2.19918284 6.32478131 9.8865908
v -3.82166725 8.16626591 9.8865908
v -3.31865304 8.69009934 9.8865908
v -2.75887492 7.46252331 9.87318161
v -2.25643557 7.9887338 9.87318161
v -1.69229828 6.80802622 9.87318161
v -0.61953218 6.15857112 9.87318161
v -0.0587764 5.84706753 9.85977241
v -0.11535224 6.64533572 9.85977241
v -1.18761645 7.29239683 9.85977241
v -1.75640483 8.5160551 9.87318161
v -0.68817709 7.82209405 9.85977241
v -0.18377733 8.24909815 9.83839018
v -3.74313481 11.43873619 7.8205875
v -3.74313481 11.43873619 8.2330875
v -3.74313481 11.43873619 8.6117625
v -1.24004686 11.31006559 7.803675
v -1.24004686 11.31006559 8.216175
v -1.24004686 11.31006559 8.59485
v -3.87306546 9.91903394 9.9
v -3.21188537 9.95644099 9.9
v -2.81804215 9.2150502 9.8865908
v -2.5508189 9.99580483 9.9
v -2.31339883 9.63725882 9.86520857
v -2.11060352 10.12477913 9.87390643
v -3.74313481 11.43873619 9.0242625
v -3.65899253 10.25699584 9.87390643
v -3.43908384 10.16781321 9.9
v -3.74313481 11.43873619 9.4367625
v -4.03731172 11.28345633 9.86158446
v -3.74313481 11.43873619 9.8492625
v -2.99157936 10.17263614 9.84781286
v -2.77864199 10.20650366 9.9
v -2.6971488 10.33999398 9.83549089
v -2.40314901 10.50773964 9.82316893
v -2.11428549 10.75031892 9.82316893
v -1.2518776 8.94065767 9.85179937
v -1.64397742 9.56516046 9.83839018
v -1.88987184 10.0371251 9.9
v -1.44196394 10.04505558 9.84781286
v -1.22904997 10.08040146 9.9
v -0.74927388 9.36638735 9.83041714
v -0.07827267 9.29897336 9.80359875
v -0.98175971 9.60916668 9.83839018
v -0.77272923 9.96733584 9.82171929
v -0.5598034 10.0033199 9.87390643
v -0.31967515 9.65513272 9.83839018
v -0.47948925 10.13761528 9.80939732
v -1.24004686 11.31006559 8.973525
v -1.24004686 11.31006559 9.386025
v -1.82605623 10.99327136 9.82316893
v -1.53284968 11.15147546 9.81084696
v -1.24004686 11.31006559 9.798525
v -0.18668388 10.30827894 9.79707536
v 3.09025076 -1.17572449 0
v 3.09025076 -1.17572449 4.95
v 15.19073488 -11.59558581 0
v 15.19073488 -11.59558581 4.95
v 11.38132321 -1.17572449 0
v 11.38132321 -1.17572449 4.95
v 0.22628831 -10.47911128 5.051475
v 0.50223026 -10.21705952 5.051475
v 0.22628831 -10.47911128 5.463975
v 0.22628831 -10.47911128 5.876475
v 0.77756697 -9.95469692 5.051475
v 0.24882408 -9.07725848 4.95434893
v 0.25471691 -9.0205317 5.01269705
v 1.05006762 -9.66057106 5.06234732
v 1.32188687 -9.36614191 5.07321964
v 1.04357886 -8.88256447 4.98442902
v 1.05879812 -8.95961666 5.01378429
v 1.59533033 -9.10285874 5.07321964
v 1.86265603 -8.89603381 5.01487152
v 1.86816717 -8.83926913 5.07321964
v 2.93349055 -9.99843384 5.1022125
v 2.93349055 -9.99843384 5.5147125
v 2.67160424 -8.77300133 5.07430687
v 3.20614255 -9.73333499 5.1022125
v 3.47564103 -9.43650289 5.11308482
v 3.47480025 -8.70406799 5.07539411
v 3.74445511 -9.13937439 5.12395714
v 4.01258447 -8.8419507 5.13482946
v 2.93349055 -9.99843384 5.8933875
v 0.22628831 -10.47911128 6.25515
v 0.22628831 -10.47911128 6.633825
v 0.22628831 -10.47911128 7.046325
v 2.93349055 -9.99843384 6.2720625
v 2.93349055 -9.99843384 6.6507375
v 2.93349055 -9.99843384 7.0632375
v 0.20425155 -8.56303639 5.01342188
v 0.17851977 -8.32650793 5.01233464
v 0.99730504 -8.36849279 5.04350196
v 0.70500521 -7.66319456 5.01233464
v 1.83722215 -8.68526667 5.01450911
v 1.79957456 -8.31013355 5.04350196
v 0.14096795 -6.34925392 4.98116732
v 1.22845139 -6.99874555 5.01233464
v 1.74623191 -6.2980982 5.03371687
v 2.6547744 -8.68193328 5.04495161
v 2.62974542 -8.48537033 5.0445892
v 2.3218496 -7.6433008 5.04350196
v 3.446816 -8.47935992 5.0750317
v 3.42114017 -8.2828807 5.07466929
v 3.93625439 -7.57750586 5.09605152
v 2.83830236 -6.94029051 5.0648842
v 3.35154048 -6.23618831 5.08626643
v 5.63198718 -9.48773411 5.15295
v 5.63198718 -9.48773411 5.531625
v 5.89845662 -9.1882264 5.16382232
v 5.63198718 -9.48773411 5.9103
v 6.16423874 -8.88842921 5.17469464
v 5.63198718 -9.48773411 6.288975
v 5.63198718 -9.48773411 6.66765
v 5.63198718 -9.48773411 7.046325
v 4.28268678 -8.5756533 5.13482946
v 4.26525166 -8.48469947 5.1054742
v 4.23772033 -8.27419644 5.10511179
v 5.05446334 -8.26275178 5.13555429
v 5.02747891 -8.06644816 5.13519188
v 5.08518527 -8.50137549 5.1359167
v 5.87393471 -8.27675169 5.16599679
v 5.84371373 -8.05233388 5.16563437
v 5.53768107 -7.3576652 5.15657411
v 4.44814894 -6.871049 5.11743375
v 4.95682161 -6.16352138 5.13881598
v 6.04465646 -6.6478222 5.17795634
v 6.42933322 -8.58834374 5.18556696
v 6.69373976 -8.28797122 5.19643929
v 6.66142727 -8.0495578 5.19607687
v 6.63180121 -7.83933976 5.19571446
v 7.48075228 -8.05810511 5.22651937
v 7.4476546 -7.81979967 5.22615696
v 6.54840292 -5.93693042 5.19933857
v 7.13706879 -7.12718283 5.2170967
v 7.63910262 -6.41398787 5.23847893
v 0.22628831 -10.47911128 7.458825
v 0.22628831 -10.47911128 7.8375
v 0.22628831 -10.47911128 8.216175
v 0.22628831 -10.47911128 8.628675
v 2.93349055 -9.99843384 7.4419125
v 2.93349055 -9.99843384 7.8205875
v 2.93349055 -9.99843384 8.1992625
v 2.93349055 -9.99843384 8.6117625
v 0.22628831 -10.47911128 9.041175
v 0.22628831 -10.47911128 9.41985
v 0.22628831 -10.47911128 9.798525
v 0.50223026 -10.21705952 9.798525
v 0.77756697 -9.95469692 9.798525
v 0.24882408 -9.07725848 9.89565107
v 0.25471691 -9.0205317 9.83730295
v 1.05006762 -9.66057106 9.78765268
v 1.32188687 -9.36614191 9.77678036
v 1.05879812 -8.95961666 9.83621571
v 1.04357886 -8.88256447 9.86557098
v 1.59533033 -9.10285874 9.77678036
v 1.86265603 -8.89603381 9.83512848
v 1.86816717 -8.83926913 9.77678036
v 2.93349055 -9.99843384 8.9904375
v 2.93349055 -9.99843384 9.3691125
v 2.93349055 -9.99843384 9.7477875
v 2.67160424 -8.77300133 9.77569313
v 3.47564103 -9.43650289 9.73691518
v 3.20614255 -9.73333499 9.7477875
v 3.47480025 -8.70406799 9.77460589
v 3.74445511 -9.13937439 9.72604286
v 4.01258447 -8.8419507 9.71517054
v 0.20425155 -8.56303639 9.83657813
v 0.17851977 -8.32650793 9.83766536
v 0.99730504 -8.36849279 9.80649804
v 0.70500521 -7.66319456 9.83766536
v 1.83722215 -8.68526667 9.83549089
v 1.79957456 -8.31013355 9.80649804
v 0.14096795 -6.34925392 9.86883268
v 1.22845139 -6.99874555 9.83766536
v 1.74623191 -6.2980982 9.81628313
v 2.6547744 -8.68193328 9.80504839
v 2.62974542 -8.48537033 9.8054108
v 2.3218496 -7.6433008 9.80649804
v 3.446816 -8.47935992 9.7749683
v 3.42114017 -8.2828807 9.77533071
v 3.93625439 -7.57750586 9.75394848
v 2.83830236 -6.94029051 9.7851158
v 3.35154048 -6.23618831 9.76373357
v 5.63198718 -9.48773411 7.425
v 5.63198718 -9.48773411 7.803675
v 5.63198718 -9.48773411 8.18235
v 5.63198718 -9.48773411 8.561025
v 5.63198718 -9.48773411 8.9397
v 5.63198718 -9.48773411 9.318375
v 5.63198718 -9.48773411 9.69705
v 5.89845662 -9.1882264 9.68617768
v 6.16423874 -8.88842921 9.67530536
v 4.28268678 -8.5756533 9.71517054
v 4.26525166 -8.48469947 9.7445258
v 4.23772033 -8.27419644 9.74488821
v 5.05446334 -8.26275178 9.71444571
v 5.02747891 -8.06644816 9.71480812
v 5.08518527 -8.50137549 9.7140833
v 5.87393471 -8.27675169 9.68400321
v 5.84371373 -8.05233388 9.68436562
v 5.53768107 -7.3576652 9.69342589
v 4.44814894 -6.871049 9.73256625
v 4.95682161 -6.16352138 9.71118402
v 6.04465646 -6.6478222 9.67204366
v 6.42933322 -8.58834374 9.66443304
v 6.69373976 -8.28797122 9.65356071
v 6.66142727 -8.0495578 9.65392312
v 6.63180121 -7.83933976 9.65428554
v 7.48075228 -8.05810511 9.62348062
v 7.4476546 -7.81979967 9.62384304
v 6.54840292 -5.93693042 9.65066143
v 7.13706879 -7.12718283 9.6329033
v 7.63910262 -6.41398787 9.61152107
v 0.66006548 -5.65096786 5.00254955
v 1.17682907 -4.96352156 5.01595875
v 0.0986676 -4.32580064 4.97681839
v 0.61357378 -3.6395917 4.99022759
v 0.04397569 -3.52740117 4.97681839
v 1.69044219 -4.27497071 5.02936795
v 1.12533221 -2.9522796 5.00363679
v 2.26080284 -5.59634909 5.05509911
v 2.77311225 -4.90545473 5.0685083
v 3.8615617 -5.53100547 5.10764866
v 2.20090253 -3.58532638 5.04277714
v 2.71138816 -2.93437223 5.06415937
v 3.28226386 -4.21347654 5.0819175
v 3.79160758 -3.56018411 5.10329973
v 0.55699794 -2.84132351 4.99022759
v 0.50042209 -2.04305532 4.99022759
v 1.63608363 -2.29221638 5.02501902
v 1.06687274 -2.15414715 5.00363679
v 1.57831002 -1.52819925 5.02501902
v 0.44384625 -1.24478713 4.99022759
v 1.00841328 -1.35601469 5.00363679
v 0.38575982 -0.42520513 4.99022759
v 0.94995382 -0.55788224 5.00363679
v 1.51796726 -0.73020697 5.02501902
v 2.14381642 -1.63106181 5.04640125
v 3.21796226 -2.27089246 5.08554161
v 3.72151046 -1.60634096 5.10692384
v 2.08424002 -0.86718314 5.04640125
v 2.64852828 -0.96882646 5.06778348
v 2.02466362 -0.10330447 5.04640125
v 2.58714942 -0.20509051 5.06778348
v 3.15021694 -0.30552092 5.08916571
v 3.84044664 -0.2334921 5.11598411
v 3.15021694 -0.30552092 5.47847143
v 3.84044664 -0.2334921 5.48741089
v 3.15021694 -0.30552092 5.86777714
v 3.84044664 -0.2334921 5.87671661
v 3.15021694 -0.30552092 6.25708286
v 3.84044664 -0.2334921 6.26602232
v 3.15021694 -0.30552092 6.64638857
v 3.84044664 -0.2334921 6.65532804
v 3.15021694 -0.30552092 7.03569429
v 3.84044664 -0.2334921 7.02675482
v 3.15021694 -0.30552092 7.425
v 3.84044664 -0.2334921 7.41606054
v 4.36939392 -4.83669187 5.12105786
v 5.46227019 -5.45493427 5.16019821
v 5.96929792 -4.79695851 5.18158045
v 4.87758502 -4.18105889 5.14244009
v 4.29797665 -2.90581394 5.12468196
v 5.38279649 -3.52435708 5.16382232
v 7.05505926 -5.28806314 5.2207208
v 7.55764068 -4.62671933 5.24210304
v 6.47334106 -4.13792284 5.20296268
v 6.97439746 -3.4778377 5.22434491
v 8.05723051 -3.96433567 5.26348527
v 4.80035057 -2.23894399 5.1460642
v 5.88502613 -2.86659685 5.18520455
v 5.29969144 -1.57102198 5.16744643
v 5.99353824 -1.49263636 5.19426482
v 4.22203053 -0.94072832 5.12830607
v 4.91407605 -0.86552962 5.15512446
v 4.53041932 -0.15942422 5.1428025
v 4.53041932 -0.15942422 5.51422929
v 5.60585518 -0.78828667 5.18194286
v 5.22012895 -0.08331817 5.16962089
v 5.90956952 -0.00517487 5.19643929
v 5.22012895 -0.08331817 5.54104768
v 5.90956952 -0.00517487 5.56786607
v 4.53041932 -0.15942422 5.88565607
v 5.22012895 -0.08331817 5.91247446
v 5.90956952 -0.00517487 5.93929286
v 6.38317716 -2.19636322 5.20658679
v 7.07881059 -2.11477373 5.23340518
v 7.47246496 -2.8167135 5.24572714
v 7.7695856 -1.98619923 5.26022357
v 6.68710923 -1.41220136 5.22108321
v 6.29736188 -0.7090004 5.20876125
v 6.9841392 -0.58272894 5.23557964
v 7.37588633 -1.28478122 5.24790161
v 8.06410954 -1.15534071 5.27472
v 7.67494993 -0.49937223 5.26239804
v 4.53041932 -0.15942422 6.27496179
v 4.53041932 -0.15942422 6.6642675
v 5.22012895 -0.08331817 6.28390125
v 5.90956952 -0.00517487 6.31071964
v 5.22012895 -0.08331817 6.67320696
v 5.90956952 -0.00517487 6.68214643
v 4.53041932 -0.15942422 7.03569429
v 4.53041932 -0.15942422 7.40712107
v 5.22012895 -0.08331817 7.04463375
v 5.90956952 -0.00517487 7.05357321
v 5.22012895 -0.08331817 7.41606054
v 0.66006548 -5.65096786 9.84745045
v 1.17682907 -4.96352156 9.83404125
v 0.0986676 -4.32580064 9.87318161
v 0.61357378 -3.6395917 9.85977241
v 0.03358211 -3.37567436 9.87318161
v 1.69044219 -4.27497071 9.82063205
v 1.12533221 -2.9522796 9.84636321
v 2.26080284 -5.59634909 9.79490089
v 2.77311225 -4.90545473 9.7814917
v 3.8615617 -5.53100547 9.74235134
v 2.20090253 -3.58532638 9.80722286
v 2.71138816 -2.93437223 9.78584063
v 3.28226386 -4.21347654 9.7680825
v 3.79160758 -3.56018411 9.74670027
v 3.15021694 -0.30552092 7.81430571
v 3.84044664 -0.2334921 7.80536625
v 3.15021694 -0.30552092 8.20361143
v 3.84044664 -0.2334921 8.19467196
v 3.15021694 -0.30552092 8.59291714
v 3.84044664 -0.2334921 8.56609875
v 0.54624634 -2.68962165 9.85977241
v 0.48066979 -1.76435625 9.85977241
v 1.63608363 -2.29221638 9.82498098
v 1.05757237 -2.02717153 9.84636321
v 0.41509324 -0.83909085 9.85977241
v 0.98981254 -1.10206346 9.84636321
v 0.92205271 -0.17695538 9.84636321
v 1.56614089 -1.36727078 9.82498098
v 1.49619815 -0.44232519 9.82498098
v 2.14381642 -1.63106181 9.80359875
v 3.21796226 -2.27089246 9.76445839
v 3.72151046 -1.60634096 9.74307616
v 3.84044664 -0.2334921 8.95540446
v 3.15021694 -0.30552092 8.98222286
v 2.64852828 -0.96882646 9.78221652
v 2.07169117 -0.70628384 9.80359875
v 2.57422091 -0.04422128 9.78221652
v 3.15021694 -0.30552092 9.37152857
v 3.84044664 -0.2334921 9.34471018
v 3.15021694 -0.30552092 9.76083429
v 3.84044664 -0.2334921 9.73401589
v 4.36939392 -4.83669187 9.72894214
v 5.46227019 -5.45493427 9.68980179
v 5.96929792 -4.79695851 9.66841955
v 4.87758502 -4.18105889 9.70755991
v 4.29797665 -2.90581394 9.72531804
v 5.38279649 -3.52435708 9.68617768
v 7.05505926 -5.28806314 9.6292792
v 7.55764068 -4.62671933 9.60789696
v 6.47334106 -4.13792284 9.64703732
v 6.97439746 -3.4778377 9.62565509
v 8.05723051 -3.96433567 9.58651473
v 4.53041932 -0.15942422 7.79642679
v 5.90956952 -0.00517487 7.425
v 5.22012895 -0.08331817 7.78748732
v 5.90956952 -0.00517487 7.79642679
v 4.53041932 -0.15942422 8.1857325
v 4.53041932 -0.15942422 8.55715929
v 5.22012895 -0.08331817 8.17679304
v 5.90956952 -0.00517487 8.16785357
v 5.22012895 -0.08331817 8.54821982
v 5.90956952 -0.00517487 8.53928036
v 4.80035057 -2.23894399 9.7039358
v 5.88502613 -2.86659685 9.66479545
v 5.29969144 -1.57102198 9.68255357
v 5.99353824 -1.49263636 9.65573518
v 4.53041932 -0.15942422 8.92858607
v 5.22012895 -0.08331817 8.91964661
v 5.90956952 -0.00517487 8.91070714
v 4.22203053 -0.94072832 9.72169393
v 4.91407605 -0.86552962 9.69487554
v 4.53041932 -0.15942422 9.31789179
v 4.53041932 -0.15942422 9.7071975
v 5.60585518 -0.78828667 9.66805714
v 5.22012895 -0.08331817 9.29107339
v 5.90956952 -0.00517487 9.28213393
v 5.22012895 -0.08331817 9.68037911
v 5.90956952 -0.00517487 9.65356071
v 6.38317716 -2.19636322 9.64341321
v 7.07881059 -2.11477373 9.61659482
v 7.47246496 -2.8167135 9.60427286
v 7.7695856 -1.98619923 9.58977643
v 6.68710923 -1.41220136 9.62891679
v 6.29736188 -0.7090004 9.64123875
v 6.9841392 -0.58272894 9.61442036
v 8.06410954 -1.15534071 9.57528
v 7.37588633 -1.28478122 9.60209839
v 7.67494993 -0.49937223 9.58760196
v 8.29301867 -8.66606793 5.254425
v 8.55544272 -8.36366344 5.26529732
v 8.81717634 -8.06097799 5.27616964
v 8.26649086 -7.82567807 5.25659946
v 8.23403615 -7.60157277 5.25623705
v 9.07821921 -7.75801281 5.28704196
v 9.05094719 -7.59069603 5.28667955
v 9.83411295 -7.35316494 5.31675964
v 9.86193418 -7.52039092 5.31712205
v 8.29301867 -8.66606793 5.6331
v 8.29301867 -8.66606793 6.011775
v 8.73434684 -6.88607616 5.27761929
v 9.23810247 -6.23257017 5.29900152
v 10.93838945 -7.81532443 5.3559
v 10.64435001 -7.28022416 5.34720214
v 11.19673674 -7.51007621 5.36677232
v 10.93838945 -7.81532443 5.734575
v 10.93838945 -7.81532443 6.11325
v 10.33640229 -6.69734022 5.33814187
v 10.83574159 -6.04048846 5.35952411
v 11.45439059 -7.20455558 5.37764464
v 11.42545845 -7.03751854 5.37728223
v 11.92303392 -6.3783908 5.39866446
v 8.29301867 -8.66606793 6.39045
v 8.29301867 -8.66606793 6.701475
v 8.29301867 -8.66606793 7.08015
v 10.93838945 -7.81532443 6.424275
v 10.93838945 -7.81532443 6.7353
v 10.93838945 -7.81532443 7.113975
v 12.23473168 -6.95922088 5.40772473
v 13.01374864 -6.7113576 5.43780482
v 13.5677828 -6.93575127 5.457375
v 13.82202264 -6.62771268 5.46824732
v 13.50658854 -6.04896055 5.45918705
v 13.5677828 -6.93575127 5.83605
v 13.5677828 -6.93575127 6.147075
v 14.59891407 -6.37470886 5.49832741
v 16.18088556 -6.0275995 5.55885
v 16.18088556 -6.0275995 5.869875
v 16.18088556 -6.0275995 6.1809
v 13.5677828 -6.93575127 6.4581
v 13.5677828 -6.93575127 6.769125
v 13.5677828 -6.93575127 7.1478
v 16.18088556 -6.0275995 6.491925
v 16.18088556 -6.0275995 6.80295
v 16.18088556 -6.0275995 7.113975
v 16.18088556 -6.0275995 7.425
v 8.29301867 -8.66606793 7.458825
v 8.29301867 -8.66606793 7.8375
v 8.29301867 -8.66606793 8.148525
v 8.29301867 -8.66606793 8.5272
v 10.93838945 -7.81532443 7.49265
v 10.93838945 -7.81532443 7.803675
v 10.93838945 -7.81532443 8.1147
v 10.93838945 -7.81532443 8.493375
v 8.29301867 -8.66606793 8.905875
v 8.29301867 -8.66606793 9.28455
v 8.55544272 -8.36366344 9.58470268
v 8.81717634 -8.06097799 9.57383036
v 8.29301867 -8.66606793 9.595575
v 9.07821921 -7.75801281 9.56295804
v 9.05094719 -7.59069603 9.56332045
v 8.26649086 -7.82567807 9.59340054
v 8.23403615 -7.60157277 9.59376295
v 9.83411295 -7.35316494 9.53324036
v 9.86193418 -7.52039092 9.53287795
v 8.73434684 -6.88607616 9.57238071
v 9.23810247 -6.23257017 9.55099848
v 10.93838945 -7.81532443 8.87205
v 10.93838945 -7.81532443 9.183075
v 10.93838945 -7.81532443 9.4941
v 10.64435001 -7.28022416 9.50279786
v 11.19673674 -7.51007621 9.48322768
v 10.33640229 -6.69734022 9.51185812
v 10.83574159 -6.04048846 9.49047589
v 11.45439059 -7.20455558 9.47235536
v 11.42545845 -7.03751854 9.47271777
v 11.92303392 -6.3783908 9.45133554
v 13.5677828 -6.93575127 7.458825
v 13.5677828 -6.93575127 7.76985
v 13.5677828 -6.93575127 8.080875
v 13.5677828 -6.93575127 8.45955
v 16.18088556 -6.0275995 7.736025
v 16.18088556 -6.0275995 8.04705
v 16.18088556 -6.0275995 8.358075
v 13.5677828 -6.93575127 8.770575
v 13.5677828 -6.93575127 9.0816
v 12.23473168 -6.95922088 9.44227527
v 13.01374864 -6.7113576 9.41219518
v 13.5677828 -6.93575127 9.392625
v 13.82202264 -6.62771268 9.38175268
v 13.50658854 -6.04896055 9.39081295
v 16.18088556 -6.0275995 8.6691
v 16.18088556 -6.0275995 8.980125
v 14.59891407 -6.37470886 9.35167259
v 16.18088556 -6.0275995 9.29115
v 8.14431391 -5.76280104 5.25986116
v 8.6465848 -5.11056817 5.28124339
v 9.73891287 -5.57802763 5.32038375
v 9.14469755 -4.44588635 5.30262562
v 8.55382667 -3.3009226 5.2848675
v 9.63981184 -3.78018478 5.32400786
v 9.24777267 -3.16801206 5.31168589
v 9.94114864 -3.0330671 5.33850429
v 10.23677597 -4.92245879 5.34176598
v 11.33212883 -5.38261993 5.38090634
v 11.82556198 -4.72374491 5.40228857
v 10.33491824 -3.64408566 5.35082625
v 10.73039787 -4.25446915 5.36314821
v 11.02944526 -3.50594944 5.37764464
v 11.42665005 -4.11516894 5.38996661
v 12.1169647 -3.92898421 5.416785
v 11.71809916 -3.32092633 5.40446304
v 8.16523602 -2.68697898 5.27254554
v 8.85744637 -2.55521275 5.29936393
v 8.45980332 -1.8555987 5.28704196
v 9.54909006 -2.42141699 5.32618232
v 9.14945782 -1.72297429 5.31386036
v 9.84351504 -1.63321636 5.34067875
v 8.75655087 -1.0687912 5.30153839
v 8.36547016 -0.41397544 5.28921643
v 9.05569388 -0.32653958 5.31603482
v 9.44869228 -0.98019699 5.32835679
v 9.7406324 -0.19217869 5.34285321
v 10.24016113 -2.28559391 5.35300071
v 10.63394862 -2.89608993 5.36532268
v 10.53215812 -1.49653589 5.36749714
v 10.93065365 -2.14774573 5.37981911
v 11.32093989 -2.71222358 5.39214107
v 12.01243727 -2.57120436 5.41895946
v 11.62056169 -2.00787466 5.4066375
v 10.13548402 -0.84467896 5.35517518
v 10.4301122 -0.10068266 5.36967161
v 10.82169814 -0.70714853 5.38199357
v 11.11927747 -0.00715102 5.39649
v 11.22022015 -1.35783778 5.39431554
v 11.90769522 -1.21712428 5.42113393
v 11.51263802 -0.61245742 5.40881196
v 12.41765266 -5.71825651 5.4200467
v 12.51753549 -4.53639368 5.42910696
v 12.90931269 -5.05712595 5.44142893
v 13.99646515 -5.38557748 5.48056929
v 13.60182158 -4.86662046 5.46824732
v 12.80641918 -3.74079407 5.44360339
v 12.40589628 -3.13390232 5.43128143
v 13.09838398 -2.9897008 5.45809982
v 13.20864542 -4.34703257 5.45592536
v 13.89888593 -4.15566505 5.48274375
v 13.49500766 -3.550602 5.47042179
v 15.08699695 -5.70907635 5.51970964
v 14.68949506 -5.19190961 5.50738768
v 14.29345772 -4.67410484 5.49506571
v 14.98421527 -4.47958257 5.52188411
v 15.78053346 -5.51223805 5.54652804
v 15.38164302 -4.9962314 5.53420607
v 16.00013589 -4.69074607 5.55885
v 16.00013589 -4.69074607 5.869875
v 16.00013589 -4.69074607 6.1809
v 14.5882512 -3.96229459 5.50956214
v 14.18847106 -3.40320701 5.49724018
v 14.80892105 -3.14200287 5.52188411
v 15.60160194 -4.17514006 5.54652804
v 15.20452999 -3.65889132 5.53420607
v 15.81938622 -3.35389265 5.55885
v 15.81938622 -3.35389265 5.869875
v 15.81938622 -3.35389265 6.1809
v 16.00013589 -4.69074607 6.491925
v 16.00013589 -4.69074607 6.80295
v 16.00013589 -4.69074607 7.113975
v 16.00013589 -4.69074607 7.425
v 15.81938622 -3.35389265 6.491925
v 15.81938622 -3.35389265 6.80295
v 15.81938622 -3.35389265 7.113975
v 15.81938622 -3.35389265 7.425
v 12.70334087 -2.42816005 5.44577786
v 12.30987931 -1.86598298 5.43345589
v 12.99860062 -1.72207295 5.46027429
v 13.39364475 -2.28309293 5.47259625
v 13.79026857 -2.84347203 5.48491821
v 13.61467423 -1.4598121 5.48491821
v 14.01099524 -2.01978714 5.49724018
v 12.6000804 -1.11922377 5.44795232
v 12.20325393 -0.51572657 5.43563036
v 12.82113514 -0.29254884 5.46027429
v 13.21993221 -0.89919548 5.47259625
v 13.43907989 -0.07615217 5.48491821
v 13.83351942 -0.63636728 5.49724018
v 14.40889423 -2.57911736 5.50956214
v 15.02741696 -2.32155124 5.53420607
v 14.62768326 -1.75907082 5.52188411
v 15.42267042 -2.83804207 5.54652804
v 15.63863654 -2.01703922 5.55885
v 15.24373891 -1.50094408 5.54652804
v 15.63863654 -2.01703922 5.869875
v 15.63863654 -2.01703922 6.1809
v 14.22953726 -1.19594012 5.50956214
v 14.84429869 -0.93886693 5.53420607
v 14.44644548 -0.37613878 5.52188411
v 15.05874049 -0.11851008 5.54652804
v 15.45788687 -0.6801858 5.55885
v 15.45788687 -0.6801858 5.869875
v 15.45788687 -0.6801858 6.1809
v 15.63863654 -2.01703922 6.491925
v 15.63863654 -2.01703922 6.80295
v 15.63863654 -2.01703922 7.113975
v 15.45788687 -0.6801858 6.491925
v 15.45788687 -0.6801858 6.80295
v 15.45788687 -0.6801858 7.113975
v 8.14431391 -5.76280104 9.59013884
v 8.6465848 -5.11056817 9.56875661
v 9.73891287 -5.57802763 9.52961625
v 9.14469755 -4.44588635 9.54737438
v 8.55382667 -3.3009226 9.5651325
v 9.63981184 -3.78018478 9.52599214
v 9.24777267 -3.16801206 9.53831411
v 9.94114864 -3.0330671 9.51149571
v 10.23677597 -4.92245879 9.50823402
v 11.33212883 -5.38261993 9.46909366
v 11.82556198 -4.72374491 9.44771143
v 10.33491824 -3.64408566 9.49917375
v 10.73039787 -4.25446915 9.48685179
v 11.02944526 -3.50594944 9.47235536
v 11.42665005 -4.11516894 9.46003339
v 12.1169647 -3.92898421 9.433215
v 11.71809916 -3.32092633 9.44553696
v 8.16523602 -2.68697898 9.57745446
v 8.85744637 -2.55521275 9.55063607
v 8.45980332 -1.8555987 9.56295804
v 9.54909006 -2.42141699 9.52381768
v 9.14945782 -1.72297429 9.53613964
v 9.84351504 -1.63321636 9.50932125
v 8.75655087 -1.0687912 9.54846161
v 8.36547016 -0.41397544 9.56078357
v 9.05569388 -0.32653958 9.53396518
v 9.44869228 -0.98019699 9.52164321
v 9.7406324 -0.19217869 9.50714679
v 10.24016113 -2.28559391 9.49699929
v 10.63394862 -2.89608993 9.48467732
v 10.53215812 -1.49653589 9.48250286
v 10.93065365 -2.14774573 9.47018089
v 11.32093989 -2.71222358 9.45785893
v 12.01243727 -2.57120436 9.43104054
v 11.62056169 -2.00787466 9.4433625
v 10.13548402 -0.84467896 9.49482482
v 10.4301122 -0.10068266 9.48032839
v 10.82169814 -0.70714853 9.46800643
v 11.11927747 -0.00715102 9.45351
v 11.22022015 -1.35783778 9.45568446
v 11.90769522 -1.21712428 9.42886607
v 11.51263802 -0.61245742 9.44118804
v 16.00013589 -4.69074607 7.736025
v 16.00013589 -4.69074607 8.04705
v 16.00013589 -4.69074607 8.358075
v 15.81938622 -3.35389265 7.736025
v 15.81938622 -3.35389265 8.04705
v 15.81938622 -3.35389265 8.358075
v 12.41765266 -5.71825651 9.4299533
v 12.51753549 -4.53639368 9.42089304
v 12.90931269 -5.05712595 9.40857107
v 13.99646515 -5.38557748 9.36943071
v 13.60182158 -4.86662046 9.38175268
v 12.80641918 -3.74079407 9.40639661
v 12.40589628 -3.13390232 9.41871857
v 13.09838398 -2.9897008 9.39190018
v 13.20864542 -4.34703257 9.39407464
v 13.89888593 -4.15566505 9.36725625
v 13.49500766 -3.550602 9.37957821
v 16.00013589 -4.69074607 8.6691
v 16.00013589 -4.69074607 8.980125
v 15.08699695 -5.70907635 9.33029036
v 14.68949506 -5.19190961 9.34261232
v 14.29345772 -4.67410484 9.35493429
v 14.98421527 -4.47958257 9.32811589
v 15.78053346 -5.51223805 9.30347196
v 15.38164302 -4.9962314 9.31579393
v 16.00013589 -4.69074607 9.29115
v 15.81938622 -3.35389265 8.6691
v 15.81938622 -3.35389265 8.980125
v 14.5882512 -3.96229459 9.34043786
v 14.18847106 -3.40320701 9.35275982
v 14.80892105 -3.14200287 9.32811589
v 15.60160194 -4.17514006 9.30347196
v 15.20452999 -3.65889132 9.31579393
v 15.81938622 -3.35389265 9.29115
v 15.63863654 -2.01703922 7.425
v 15.63863654 -2.01703922 7.736025
v 15.63863654 -2.01703922 8.04705
v 15.63863654 -2.01703922 8.358075
v 15.45788687 -0.6801858 7.425
v 15.45788687 -0.6801858 7.736025
v 15.45788687 -0.6801858 8.04705
v 15.45788687 -0.6801858 8.358075
v 12.70334087 -2.42816005 9.40422214
v 12.30987931 -1.86598298 9.41654411
v 12.99860062 -1.72207295 9.38972571
v 13.39364475 -2.28309293 9.37740375
v 13.79026857 -2.84347203 9.36508179
v 13.61467423 -1.4598121 9.36508179
v 14.01099524 -2.01978714 9.35275982
v 12.6000804 -1.11922377 9.40204768
v 12.20325393 -0.51572657 9.41436964
v 12.82113514 -0.29254884 9.38972571
v 13.21993221 -0.89919548 9.37740375
v 13.43907989 -0.07615217 9.36508179
v 13.83351942 -0.63636728 9.35275982
v 15.63863654 -2.01703922 8.6691
v 15.63863654 -2.01703922 8.980125
v 14.40889423 -2.57911736 9.34043786
v 15.02741696 -2.32155124 9.31579393
v 14.62768326 -1.75907082 9.32811589
v 15.42267042 -2.83804207 9.30347196
v 15.63863654 -2.01703922 9.29115
v 15.24373891 -1.50094408 9.30347196
v 15.45788687 -0.6801858 8.6691
v 15.45788687 -0.6801858 8.980125
v 14.22953726 -1.19594012 9.34043786
v 14.84429869 -0.93886693 9.31579393
v 14.44644548 -0.37613878 9.32811589
v 15.05874049 -0.11851008 9.30347196
v 15.45788687 -0.6801858 9.29115
v 3.09025076 8.68392923 0
v 3.09025076 8.68392923 4.95
v 11.38132321 8.68392923 0
v 15.19073488 11.3729257 0
v 11.38132321 8.68392923 4.95
v 15.19073488 11.3729257 4.95
v 0.32918398 0.37306305 4.99022759
v 0.89149435 0.24025022 5.00363679
v 0.27260814 1.17133124 4.99022759
v 0.83303489 1.03838267 5.00363679
v 1.4576245 0.06778531 5.02501902
v 1.9624379 0.69454318 5.04640125
v 1.39728175 0.86577759 5.02501902
v 0.21603229 1.96959943 4.99022759
v 0.77457543 1.83651513 5.00363679
v 0.71611596 2.63464758 5.00363679
v 1.33950813 1.62979472 5.02501902
v 1.90021219 1.49239084 5.04640125
v 1.27916538 2.427787 5.02501902
v 1.84063579 2.25626951 5.04640125
v 2.52577056 0.55864544 5.06778348
v 2.4643917 1.32238139 5.06778348
v 3.02385499 1.22165704 5.08916571
v 3.02385499 1.22165704 5.47847143
v 3.08703596 0.45806806 5.08916571
v 3.08703596 0.45806806 5.47847143
v 3.02385499 1.22165704 5.86777714
v 3.08703596 0.45806806 5.86777714
v 2.40028337 2.12007998 5.06778348
v 2.96067401 1.98524602 5.08916571
v 2.96067401 1.98524602 5.47847143
v 2.33890451 2.88381593 5.06778348
v 2.89749303 2.748835 5.08916571
v 2.89749303 2.748835 5.47847143
v 2.96067401 1.98524602 5.86777714
v 2.89749303 2.748835 5.86777714
v 3.02385499 1.22165704 6.25708286
v 3.02385499 1.22165704 6.64638857
v 3.08703596 0.45806806 6.25708286
v 3.08703596 0.45806806 6.64638857
v 3.02385499 1.22165704 7.03569429
v 3.02385499 1.22165704 7.425
v 3.08703596 0.45806806 7.03569429
v 3.08703596 0.45806806 7.425
v 2.96067401 1.98524602 6.25708286
v 2.96067401 1.98524602 6.64638857
v 2.89749303 2.748835 6.25708286
v 2.89749303 2.748835 6.64638857
v 2.96067401 1.98524602 7.03569429
v 2.89749303 2.748835 7.03569429
v 0.14870484 2.91956948 4.99022759
v 0.6576565 3.43278004 5.00363679
v 0.0831283 3.84483488 4.99022759
v 1.21882262 3.22577928 5.02501902
v 1.78105938 3.02014818 5.04640125
v 1.15847986 4.02377155 5.02501902
v 1.71883367 3.81799584 5.04640125
v 0.01755175 4.77010027 4.99022759
v 0.58989667 4.35788811 5.00363679
v 0.52213683 5.28299618 5.00363679
v 1.10070625 4.78778868 5.02501902
v 1.65660796 4.61584349 5.04640125
v 1.03076351 5.71273428 5.02501902
v 1.59703155 5.37972216 5.04640125
v 2.83431206 3.51242398 5.08916571
v 2.83431206 3.51242398 5.47847143
v 2.27752565 3.64755188 5.06778348
v 2.77113108 4.27601296 5.08916571
v 2.77113108 4.27601296 5.47847143
v 2.83431206 3.51242398 5.86777714
v 2.77113108 4.27601296 5.86777714
v 2.21614679 4.41128783 5.06778348
v 2.70795011 5.03960194 5.08916571
v 2.70795011 5.03960194 5.47847143
v 2.15203847 5.20898643 5.06778348
v 2.70795011 5.03960194 5.86777714
v 2.83431206 3.51242398 6.25708286
v 2.83431206 3.51242398 6.64638857
v 2.77113108 4.27601296 6.25708286
v 2.77113108 4.27601296 6.64638857
v 2.83431206 3.51242398 7.03569429
v 2.83431206 3.51242398 7.425
v 2.77113108 4.27601296 7.03569429
v 2.77113108 4.27601296 7.425
v 2.70795011 5.03960194 6.25708286
v 2.70795011 5.03960194 6.64638857
v 2.70795011 5.03960194 7.03569429
v 2.70795011 5.03960194 7.425
v 6.598735 0.07500477 5.22325768
v 7.28761939 0.15721979 5.25007607
v 7.97621667 0.24146924 5.27689446
v 6.598735 0.07500477 5.57680554
v 6.598735 0.07500477 5.94823232
v 7.28761939 0.15721979 5.60362393
v 7.97621667 0.24146924 5.63044232
v 7.28761939 0.15721979 5.95717179
v 7.97621667 0.24146924 5.98399018
v 6.598735 0.07500477 6.31965911
v 6.598735 0.07500477 6.69108589
v 7.28761939 0.15721979 6.32859857
v 7.97621667 0.24146924 6.33753804
v 7.28761939 0.15721979 6.70002536
v 7.97621667 0.24146924 6.70896482
v 6.598735 0.07500477 7.04463375
v 6.598735 0.07500477 7.41606054
v 7.28761939 0.15721979 7.05357321
v 7.97621667 0.24146924 7.06251268
v 7.28761939 0.15721979 7.40712107
v 7.97621667 0.24146924 7.41606054
v 3.02385499 1.22165704 7.81430571
v 3.08703596 0.45806806 7.81430571
v 3.02385499 1.22165704 8.20361143
v 3.02385499 1.22165704 8.59291714
v 3.08703596 0.45806806 8.20361143
v 3.08703596 0.45806806 8.59291714
v 2.96067401 1.98524602 7.425
v 2.96067401 1.98524602 7.81430571
v 2.89749303 2.748835 7.425
v 2.89749303 2.748835 7.81430571
v 2.96067401 1.98524602 8.20361143
v 2.96067401 1.98524602 8.59291714
v 2.89749303 2.748835 8.20361143
v 2.89749303 2.748835 8.59291714
v 0.3495167 0.08617455 9.85977241
v 0.28218925 1.0361446 9.85977241
v 0.85429288 0.74815269 9.84636321
v 1.42625541 0.48262041 9.82498098
v 1.99956591 0.21849413 9.80359875
v 1.3684818 1.24663754 9.82498098
v 1.9399895 0.98237279 9.80359875
v 0.2256134 1.83441278 9.85977241
v 0.79583341 1.54628514 9.84636321
v 0.16903756 2.63268097 9.85977241
v 0.73737395 2.3444176 9.84636321
v 1.30813904 2.04462982 9.82498098
v 1.8804131 1.74625146 9.80359875
v 1.24779628 2.8426221 9.82498098
v 1.81818739 2.54409912 9.80359875
v 3.02385499 1.22165704 8.98222286
v 3.08703596 0.45806806 8.98222286
v 2.51284205 0.71951467 9.78221652
v 3.02385499 1.22165704 9.37152857
v 3.02385499 1.22165704 9.76083429
v 3.08703596 0.45806806 9.37152857
v 3.08703596 0.45806806 9.76083429
v 2.96067401 1.98524602 8.98222286
v 2.89749303 2.748835 8.98222286
v 2.96067401 1.98524602 9.37152857
v 2.45146318 1.48325063 9.78221652
v 2.96067401 1.98524602 9.76083429
v 2.89749303 2.748835 9.37152857
v 2.39008432 2.24698658 9.78221652
v 2.89749303 2.748835 9.76083429
v 2.83431206 3.51242398 7.81430571
v 2.77113108 4.27601296 7.81430571
v 2.83431206 3.51242398 8.20361143
v 2.83431206 3.51242398 8.59291714
v 2.77113108 4.27601296 8.20361143
v 2.77113108 4.27601296 8.59291714
v 2.70795011 5.03960194 7.81430571
v 2.70795011 5.03960194 8.20361143
v 2.70795011 5.03960194 8.59291714
v 0.11246171 3.43094916 9.85977241
v 0.67891449 3.14255005 9.84636321
v 0.05437529 4.25053116 9.85977241
v 0.62045502 3.94068251 9.84636321
v 1.75596167 3.34194678 9.80359875
v 1.18745353 3.64061437 9.82498098
v 1.69638527 4.10582544 9.80359875
v 0.56199556 4.73881496 9.84636321
v 0.5035361 5.53694742 9.84636321
v 1.12967991 4.4046315 9.82498098
v 1.63680886 4.86970411 9.80359875
v 1.06933716 5.20262378 9.82498098
v 1.57458315 5.66755177 9.80359875
v 2.83431206 3.51242398 8.98222286
v 2.77113108 4.27601296 8.98222286
v 2.83431206 3.51242398 9.37152857
v 2.325976 3.04468517 9.78221652
v 2.83431206 3.51242398 9.76083429
v 2.77113108 4.27601296 9.37152857
v 2.26459714 3.80842112 9.78221652
v 2.77113108 4.27601296 9.76083429
v 2.70795011 5.03960194 8.98222286
v 2.70795011 5.03960194 9.37152857
v 2.20321828 4.57215707 9.78221652
v 2.70795011 5.03960194 9.76083429
v 2.14183942 5.33589302 9.78221652
v 6.598735 0.07500477 7.78748732
v 7.28761939 0.15721979 7.77854786
v 7.97621667 0.24146924 7.76960839
v 6.598735 0.07500477 8.15891411
v 6.598735 0.07500477 8.51246196
v 7.28761939 0.15721979 8.14997464
v 7.97621667 0.24146924 8.14103518
v 7.28761939 0.15721979 8.5035225
v 7.97621667 0.24146924 8.49458304
v 6.598735 0.07500477 8.88388875
v 6.598735 0.07500477 9.25531554
v 7.28761939 0.15721979 8.85707036
v 7.97621667 0.24146924 8.84813089
v 7.28761939 0.15721979 9.22849714
v 7.97621667 0.24146924 9.20167875
v 6.598735 0.07500477 9.62674232
v 7.97621667 0.24146924 9.57310554
v 7.28761939 0.15721979 9.59992393
v 0.454377 6.20810426 5.00363679
v 0.38661717 7.13321233 5.00363679
v 0.96082077 6.63767988 5.02501902
v 1.53745515 6.14360083 5.04640125
v 1.46532989 7.0683788 5.04640125
v 0.89087803 7.56262547 5.02501902
v 0.31869355 8.67722488 5.03299205
v 1.96790189 7.50019428 5.06778348
v 1.39320463 7.99315676 5.04640125
v 1.89359451 8.42479947 5.06778348
v 2.09065961 5.97272238 5.06778348
v 2.64476913 5.80319092 5.08916571
v 2.64476913 5.80319092 5.47847143
v 2.02928075 6.73645833 5.06778348
v 2.58158815 6.5667799 5.08916571
v 2.58158815 6.5667799 5.47847143
v 2.64476913 5.80319092 5.86777714
v 2.58158815 6.5667799 5.86777714
v 2.51840718 7.33036888 5.08916571
v 2.51840718 7.33036888 5.47847143
v 2.4552262 8.09395786 5.08916571
v 2.4552262 8.09395786 5.47847143
v 2.51840718 7.33036888 5.86777714
v 2.4552262 8.09395786 5.86777714
v 2.64476913 5.80319092 6.25708286
v 2.64476913 5.80319092 6.64638857
v 2.58158815 6.5667799 6.25708286
v 2.58158815 6.5667799 6.64638857
v 2.64476913 5.80319092 7.03569429
v 2.64476913 5.80319092 7.425
v 2.58158815 6.5667799 7.03569429
v 2.58158815 6.5667799 7.425
v 2.51840718 7.33036888 6.25708286
v 2.51840718 7.33036888 6.64638857
v 2.4552262 8.09395786 6.25708286
v 2.4552262 8.09395786 6.64638857
v 2.51840718 7.33036888 7.03569429
v 2.51840718 7.33036888 7.425
v 2.4552262 8.09395786 7.03569429
v 2.4552262 8.09395786 7.425
v 0.59326271 9.23357044 5.07321964
v 0.81923306 9.10646754 5.05437429
v 0.34227045 9.7030582 5.01160982
v 0.11003037 9.92824537 5.00218714
v 0.78044531 9.85518066 5.02828071
v 1.49178125 9.04375623 5.08119268
v 1.25645206 9.28419986 5.07321964
v 1.91948864 9.33679195 5.07321964
v 1.01283605 9.63891553 5.03842821
v 1.4514354 9.78412855 5.05437429
v 1.68458255 9.5685615 5.06452179
v 1.74345578 9.95732237 5.06669625
v 0.10568638 10.47932595 5.06524661
v 0.39208261 10.72514471 5.06524661
v 0.68428967 10.88626897 5.07756857
v 0.97608918 11.04777606 5.08989054
v 1.26748062 11.20966516 5.1022125
v 1.26748062 11.20966516 5.4808875
v 1.26748062 11.20966516 5.8595625
v 2.39204523 8.85754684 5.08916571
v 2.1648495 8.98306288 5.10801107
v 2.83843178 8.92439002 5.13482946
v 2.59191563 9.27738211 5.10003804
v 2.39204523 8.85754684 5.47847143
v 2.35689605 9.50022543 5.09061536
v 2.03503773 10.13089675 5.07901821
v 3.02977049 9.43391005 5.11670893
v 3.06610739 8.79955631 5.11598411
v 3.50252639 8.981666 5.13482946
v 3.26485279 9.21999152 5.12685643
v 3.74067545 8.74359051 5.1428025
v 3.70247027 9.37783473 5.14352732
v 3.93903145 9.15640675 5.15295
v 3.06610739 8.79955631 5.50528982
v 3.74067545 8.74359051 5.53210821
v 3.99657368 9.52071048 5.15584929
v 2.39204523 8.85754684 5.86777714
v 3.06610739 8.79955631 5.89459554
v 3.74067545 8.74359051 5.92141393
v 2.32618076 10.30485081 5.09134018
v 2.61688439 10.47918369 5.10366214
v 2.90806284 10.64322377 5.11598411
v 3.19882991 10.80764341 5.12830607
v 3.48918513 10.97244182 5.14062804
v 3.77912798 11.13761817 5.15295
v 3.77912798 11.13761817 5.531625
v 3.77912798 11.13761817 5.9103
v 1.26748062 11.20966516 6.2382375
v 1.26748062 11.20966516 6.6507375
v 1.26748062 11.20966516 7.0294125
v 1.26748062 11.20966516 7.4080875
v 2.39204523 8.85754684 6.25708286
v 2.39204523 8.85754684 6.64638857
v 3.06610739 8.79955631 6.28390125
v 3.74067545 8.74359051 6.29284071
v 3.06610739 8.79955631 6.65532804
v 3.74067545 8.74359051 6.6642675
v 2.39204523 8.85754684 7.03569429
v 2.39204523 8.85754684 7.425
v 3.06610739 8.79955631 7.04463375
v 3.74067545 8.74359051 7.05357321
v 3.77912798 11.13761817 6.288975
v 3.77912798 11.13761817 6.66765
v 3.77912798 11.13761817 7.046325
v 3.77912798 11.13761817 7.425
v 4.41574332 8.68965194 5.16962089
v 4.41574332 8.68965194 5.55892661
v 5.09130492 8.63774307 5.19643929
v 5.76735413 8.58786635 5.22325768
v 5.09130492 8.63774307 5.56786607
v 4.41574332 8.68965194 5.93035339
v 5.76735413 8.58786635 5.59468446
v 5.09130492 8.63774307 5.93929286
v 5.76735413 8.58786635 5.96611125
v 6.44388485 8.5400242 5.25007607
v 7.12089094 8.49421904 5.27689446
v 7.55623886 8.67598938 5.295015
v 7.79836628 8.45045327 5.30371286
v 6.44388485 8.5400242 5.62150286
v 6.44388485 8.5400242 5.99292964
v 7.12089094 8.49421904 5.64832125
v 7.79836628 8.45045327 5.65726071
v 7.12089094 8.49421904 6.00186911
v 7.79836628 8.45045327 6.01080857
v 4.41574332 8.68965194 6.30178018
v 4.41574332 8.68965194 6.67320696
v 5.09130492 8.63774307 6.31071964
v 5.76735413 8.58786635 6.33753804
v 5.09130492 8.63774307 6.68214643
v 5.76735413 8.58786635 6.69108589
v 4.41574332 8.68965194 7.06251268
v 5.09130492 8.63774307 7.05357321
v 5.76735413 8.58786635 7.06251268
v 5.09130492 8.63774307 7.425
v 6.44388485 8.5400242 6.3464775
v 6.44388485 8.5400242 6.70002536
v 7.12089094 8.49421904 6.35541696
v 7.79836628 8.45045327 6.36435643
v 7.12089094 8.49421904 6.70896482
v 7.79836628 8.45045327 6.71790429
v 6.44388485 8.5400242 7.07145214
v 7.12089094 8.49421904 7.08039161
v 7.79836628 8.45045327 7.07145214
v 4.17678133 8.92701155 5.16164786
v 4.85153214 8.87438407 5.18846625
v 4.61375676 9.09485065 5.17904357
v 4.28728193 9.69722242 5.16817125
v 4.57754745 9.87411087 5.18049321
v 4.86736973 10.05137495 5.19281518
v 5.28823658 9.04353735 5.20586196
v 5.52677273 8.82378601 5.21528464
v 5.96320223 8.99425335 5.23268036
v 5.16094697 10.18511457 5.20513714
v 5.45097523 10.35247317 5.21745911
v 5.74058779 10.52020768 5.22978107
v 6.02978418 10.68831728 5.24210304
v 6.20331521 8.76701152 5.24137821
v 6.25668799 9.14009565 5.24500232
v 6.54981807 9.2863211 5.25732429
v 6.87954132 8.72048207 5.26819661
v 6.83917642 9.4661435 5.26964625
v 7.12808775 9.6463383 5.28196821
v 7.42118198 9.78304884 5.29429018
v 7.71394751 9.92014269 5.30661214
v 8.00278767 10.09081464 5.31893411
v 6.32300131 10.81292541 5.254425
v 6.32300131 10.81292541 5.56545
v 6.32300131 10.81292541 5.944125
v 6.32300131 10.81292541 6.3228
v 6.32300131 10.81292541 6.701475
v 6.32300131 10.81292541 7.0125
v 6.32300131 10.81292541 7.391175
v 2.64476913 5.80319092 7.81430571
v 2.58158815 6.5667799 7.81430571
v 2.64476913 5.80319092 8.20361143
v 2.64476913 5.80319092 8.59291714
v 2.58158815 6.5667799 8.20361143
v 2.58158815 6.5667799 8.59291714
v 2.51840718 7.33036888 7.81430571
v 2.4552262 8.09395786 7.81430571
v 2.51840718 7.33036888 8.20361143
v 2.51840718 7.33036888 8.59291714
v 2.4552262 8.09395786 8.20361143
v 2.4552262 8.09395786 8.59291714
v 0.44507663 6.33507987 9.84636321
v 1.0089944 6.00061606 9.82498098
v 0.38661717 7.13321233 9.84636321
v 0.94865164 6.79860834 9.82498098
v 1.51235744 6.46539943 9.80359875
v 1.45278103 7.2292781 9.80359875
v 2.01635223 6.89732757 9.78221652
v 0.89087803 7.56262547 9.82498098
v 0.31869355 8.67722488 9.81700795
v 1.95497337 7.66106352 9.78221652
v 1.39320463 7.99315676 9.80359875
v 1.89359451 8.42479947 9.78221652
v 2.64476913 5.80319092 8.98222286
v 2.58158815 6.5667799 8.98222286
v 2.64476913 5.80319092 9.37152857
v 2.07773109 6.13359162 9.78221652
v 2.64476913 5.80319092 9.76083429
v 2.58158815 6.5667799 9.37152857
v 2.58158815 6.5667799 9.76083429
v 2.51840718 7.33036888 8.98222286
v 2.4552262 8.09395786 8.98222286
v 2.51840718 7.33036888 9.37152857
v 2.51840718 7.33036888 9.76083429
v 2.4552262 8.09395786 9.37152857
v 2.4552262 8.09395786 9.76083429
v 1.26748062 11.20966516 7.7867625
v 1.26748062 11.20966516 8.1992625
v 1.26748062 11.20966516 8.5779375
v 2.39204523 8.85754684 7.81430571
v 3.06610739 8.79955631 7.43393946
v 3.74067545 8.74359051 7.44287893
v 3.06610739 8.79955631 7.82324518
v 3.74067545 8.74359051 7.81430571
v 2.39204523 8.85754684 8.20361143
v 2.39204523 8.85754684 8.59291714
v 3.06610739 8.79955631 8.19467196
v 3.74067545 8.74359051 8.1857325
v 3.06610739 8.79955631 8.58397768
v 3.74067545 8.74359051 8.57503821
v 3.77912798 11.13761817 7.803675
v 3.77912798 11.13761817 8.18235
v 3.77912798 11.13761817 8.561025
v 0.59326271 9.23357044 9.77678036
v 0.81923306 9.10646754 9.79562571
v 0.34227045 9.7030582 9.83839018
v 0.11003037 9.92824537 9.84781286
v 0.78044531 9.85518066 9.82171929
v 1.49178125 9.04375623 9.76880732
v 1.25645206 9.28419986 9.77678036
v 1.91948864 9.33679195 9.77678036
v 1.01283605 9.63891553 9.81157179
v 1.4514354 9.78412855 9.79562571
v 1.68458255 9.5685615 9.78547821
v 1.74345578 9.95732237 9.78330375
v 1.26748062 11.20966516 8.9566125
v 0.10568638 10.47932595 9.78475339
v 0.39208261 10.72514471 9.78475339
v 0.68428967 10.88626897 9.77243143
v 0.97608918 11.04777606 9.76010946
v 1.26748062 11.20966516 9.3352875
v 1.26748062 11.20966516 9.7477875
v 2.39204523 8.85754684 8.98222286
v 3.74067545 8.74359051 8.96434393
v 3.06610739 8.79955631 8.97328339
v 2.39204523 8.85754684 9.37152857
v 2.1648495 8.98306288 9.74198893
v 2.39204523 8.85754684 9.76083429
v 2.83843178 8.92439002 9.71517054
v 2.59191563 9.27738211 9.74996196
v 2.35689605 9.50022543 9.75938464
v 2.03503773 10.13089675 9.77098179
v 3.02977049 9.43391005 9.73329107
v 3.06610739 8.79955631 9.36258911
v 3.74067545 8.74359051 9.33577071
v 3.06610739 8.79955631 9.73401589
v 3.50252639 8.981666 9.71517054
v 3.26485279 9.21999152 9.72314357
v 3.74067545 8.74359051 9.7071975
v 3.70247027 9.37783473 9.70647268
v 3.93903145 9.15640675 9.69705
v 3.99657368 9.52071048 9.69415071
v 3.77912798 11.13761817 8.9397
v 2.32618076 10.30485081 9.75865982
v 2.61688439 10.47918369 9.74633786
v 2.90806284 10.64322377 9.73401589
v 3.19882991 10.80764341 9.72169393
v 3.77912798 11.13761817 9.318375
v 3.48918513 10.97244182 9.70937196
v 3.77912798 11.13761817 9.69705
v 4.41574332 8.68965194 7.43393946
v 4.41574332 8.68965194 7.80536625
v 5.76735413 8.58786635 7.43393946
v 5.09130492 8.63774307 7.79642679
v 5.76735413 8.58786635 7.80536625
v 4.41574332 8.68965194 8.17679304
v 4.41574332 8.68965194 8.56609875
v 5.09130492 8.63774307 8.16785357
v 5.76735413 8.58786635 8.15891411
v 5.09130492 8.63774307 8.53928036
v 5.76735413 8.58786635 8.53034089
v 6.44388485 8.5400242 7.44287893
v 6.44388485 8.5400242 7.79642679
v 7.12089094 8.49421904 7.43393946
v 7.79836628 8.45045327 7.425
v 7.12089094 8.49421904 7.78748732
v 7.79836628 8.45045327 7.77854786
v 6.44388485 8.5400242 8.14997464
v 6.44388485 8.5400242 8.52140143
v 7.12089094 8.49421904 8.14103518
v 7.79836628 8.45045327 8.13209571
v 7.12089094 8.49421904 8.51246196
v 7.79836628 8.45045327 8.48564357
v 4.41574332 8.68965194 8.93752554
v 5.09130492 8.63774307 8.91070714
v 5.76735413 8.58786635 8.90176768
v 5.76735413 8.58786635 9.27319446
v 4.41574332 8.68965194 9.30895232
v 4.41574332 8.68965194 9.68037911
v 5.09130492 8.63774307 9.28213393
v 5.09130492 8.63774307 9.65356071
v 5.76735413 8.58786635 9.62674232
v 6.44388485 8.5400242 8.89282821
v 6.44388485 8.5400242 9.24637607
v 7.12089094 8.49421904 8.86600982
v 7.79836628 8.45045327 8.83919143
v 7.12089094 8.49421904 9.21955768
v 7.79836628 8.45045327 9.19273929
v 6.44388485 8.5400242 9.59992393
v 7.12089094 8.49421904 9.57310554
v 7.55623886 8.67598938 9.554985
v 7.79836628 8.45045327 9.54628714
v 6.32300131 10.81292541 7.76985
v 6.32300131 10.81292541 8.148525
v 6.32300131 10.81292541 8.45955
v 4.17678133 8.92701155 9.68835214
v 4.85153214 8.87438407 9.66153375
v 4.61375676 9.09485065 9.67095643
v 4.28728193 9.69722242 9.68182875
v 4.57754745 9.87411087 9.66950679
v 4.86736973 10.05137495 9.65718482
v 5.28823658 9.04353735 9.64413804
v 5.52677273 8.82378601 9.63471536
v 5.96320223 8.99425335 9.61731964
v 5.16094697 10.18511457 9.64486286
v 5.45097523 10.35247317 9.63254089
v 5.74058779 10.52020768 9.62021893
v 6.02978418 10.68831728 9.60789696
v 6.87954132 8.72048207 9.58180339
v 6.20331521 8.76701152 9.60862179
v 6.25668799 9.14009565 9.60499768
v 6.54981807 9.2863211 9.59267571
v 6.83917642 9.4661435 9.58035375
v 7.12808775 9.6463383 9.56803179
v 7.42118198 9.78304884 9.55570982
v 7.71394751 9.92014269 9.54338786
v 8.00278767 10.09081464 9.53106589
v 6.32300131 10.81292541 8.838225
v 6.32300131 10.81292541 9.2169
v 6.32300131 10.81292541 9.595575
v 8.66452083 0.32775213 5.30371286
v 9.35252587 0.41606747 5.33053125
v 10.0402258 0.50641425 5.35734964
v 8.66452083 0.32775213 5.65726071
v 8.66452083 0.32775213 6.01080857
v 9.35252587 0.41606747 5.66620018
v 10.0402258 0.50641425 5.69301857
v 9.35252587 0.41606747 6.01974804
v 10.0402258 0.50641425 6.0286875
v 10.7276146 0.59879143 5.38416804
v 11.41468629 0.69319796 5.41098643
v 11.80812222 0.08841518 5.42330839
v 11.33953219 1.32675074 5.41098643
v 12.02967713 0.91427493 5.43563036
v 10.7276146 0.59879143 5.71983696
v 10.7276146 0.59879143 6.05550589
v 11.41468629 0.69319796 5.74665536
v 11.41468629 0.69319796 6.08232429
v 11.33953219 1.32675074 5.74665536
v 11.33953219 1.32675074 6.08232429
v 11.26437808 1.96030351 5.41098643
v 11.56047464 2.15210138 5.42330839
v 11.63649025 1.51865139 5.42330839
v 11.18922398 2.59385629 5.41098643
v 11.48445904 2.78555137 5.42330839
v 11.85610034 2.34427642 5.43563036
v 11.26437808 1.96030351 5.74665536
v 11.26437808 1.96030351 6.08232429
v 11.18922398 2.59385629 5.74665536
v 11.18922398 2.59385629 6.08232429
v 8.66452083 0.32775213 6.36435643
v 8.66452083 0.32775213 6.71790429
v 9.35252587 0.41606747 6.37329589
v 10.0402258 0.50641425 6.38223536
v 9.35252587 0.41606747 6.72684375
v 10.0402258 0.50641425 6.73578321
v 8.66452083 0.32775213 7.07145214
v 8.66452083 0.32775213 7.425
v 9.35252587 0.41606747 7.06251268
v 10.0402258 0.50641425 7.07145214
v 9.35252587 0.41606747 7.41606054
v 10.0402258 0.50641425 7.40712107
v 10.7276146 0.59879143 6.39117482
v 10.7276146 0.59879143 6.74472268
v 11.41468629 0.69319796 6.41799321
v 11.41468629 0.69319796 6.75366214
v 11.33953219 1.32675074 6.41799321
v 11.33953219 1.32675074 6.75366214
v 10.7276146 0.59879143 7.08039161
v 10.7276146 0.59879143 7.41606054
v 11.41468629 0.69319796 7.08933107
v 11.41468629 0.69319796 7.425
v 11.33953219 1.32675074 7.08933107
v 11.33953219 1.32675074 7.425
v 11.26437808 1.96030351 6.41799321
v 11.26437808 1.96030351 6.75366214
v 11.18922398 2.59385629 6.41799321
v 11.18922398 2.59385629 6.75366214
v 11.26437808 1.96030351 7.08933107
v 11.26437808 1.96030351 7.425
v 11.18922398 2.59385629 7.08933107
v 11.11406987 3.22740906 5.41098643
v 11.03891577 3.86096184 5.41098643
v 11.40844343 3.41900136 5.42330839
v 11.77922337 2.97762245 5.43563036
v 12.07351651 3.17006859 5.44795232
v 11.70234641 3.61096847 5.43563036
v 11.33476727 4.03295641 5.42330839
v 11.62783539 4.22482277 5.43563036
v 11.99577833 3.80330949 5.44795232
v 11.11406987 3.22740906 5.74665536
v 11.11406987 3.22740906 6.08232429
v 11.03891577 3.86096184 5.74665536
v 11.03891577 3.86096184 6.08232429
v 10.96376166 4.49451461 5.41098643
v 10.88860756 5.12806739 5.41098643
v 10.81345345 5.76162017 5.41098643
v 11.25875166 4.6664064 5.42330839
v 11.55332438 4.83867707 5.43563036
v 11.9204326 4.4170619 5.44795232
v 11.84508687 5.0308143 5.44795232
v 11.18273606 5.29985639 5.42330839
v 11.47644741 5.4720231 5.43563036
v 11.76974115 5.6445667 5.44795232
v 10.96376166 4.49451461 5.74665536
v 10.96376166 4.49451461 6.08232429
v 10.88860756 5.12806739 5.74665536
v 10.81345345 5.76162017 5.74665536
v 10.88860756 5.12806739 6.08232429
v 10.81345345 5.76162017 6.08232429
v 11.11406987 3.22740906 6.41799321
v 11.11406987 3.22740906 6.75366214
v 11.03891577 3.86096184 6.41799321
v 11.03891577 3.86096184 6.75366214
v 11.11406987 3.22740906 7.08933107
v 11.11406987 3.22740906 7.425
v 11.03891577 3.86096184 7.08933107
v 11.03891577 3.86096184 7.425
v 10.96376166 4.49451461 6.41799321
v 10.96376166 4.49451461 6.75366214
v 10.88860756 5.12806739 6.41799321
v 10.81345345 5.76162017 6.41799321
v 10.88860756 5.12806739 6.75366214
v 10.81345345 5.76162017 6.75366214
v 10.96376166 4.49451461 7.08933107
v 10.96376166 4.49451461 7.425
v 10.88860756 5.12806739 7.08933107
v 10.81345345 5.76162017 7.08933107
v 10.88860756 5.12806739 7.425
v 10.81345345 5.76162017 7.425
v 12.42455911 0.31054035 5.44795232
v 13.04052289 0.53008597 5.47259625
v 12.64366967 1.13697527 5.46027429
v 14.05018029 0.18723711 5.50956214
v 13.25772705 1.35288399 5.48491821
v 13.6560436 0.74705258 5.49724018
v 12.24903781 1.74030447 5.44795232
v 12.86111357 1.95936742 5.47259625
v 12.4662042 2.56649937 5.46027429
v 13.07637421 2.78192014 5.48491821
v 13.87082332 1.57041435 5.50956214
v 13.47274758 2.17584079 5.49724018
v 14.08991347 2.34437298 5.52188411
v 14.66118042 0.44381737 5.53420607
v 14.26520769 1.00679327 5.52188411
v 14.87980897 1.21858791 5.54652804
v 15.27713719 0.65666762 5.55885
v 15.27713719 0.65666762 5.869875
v 15.27713719 0.65666762 6.1809
v 14.48406739 1.78115745 5.53420607
v 15.09638752 1.99352105 5.55885
v 14.70087745 2.5556859 5.54652804
v 15.09638752 1.99352105 5.869875
v 15.09638752 1.99352105 6.1809
v 15.27713719 0.65666762 6.491925
v 15.27713719 0.65666762 6.80295
v 15.27713719 0.65666762 7.113975
v 15.27713719 0.65666762 7.425
v 15.09638752 1.99352105 6.491925
v 15.09638752 1.99352105 6.80295
v 15.09638752 1.99352105 7.113975
v 15.09638752 1.99352105 7.425
v 12.68170425 3.38864887 5.47259625
v 12.28873872 3.99602348 5.46027429
v 12.90077987 4.16558007 5.48491821
v 13.29527176 3.55926066 5.49724018
v 13.69146636 2.95359158 5.50956214
v 13.51210939 4.33676882 5.50956214
v 13.90867568 3.72730502 5.52188411
v 12.21255842 4.60967286 5.46027429
v 12.50799171 4.77254632 5.47259625
v 13.11779595 4.94268052 5.49724018
v 12.13637812 5.22332223 5.46027429
v 12.43097698 5.38609152 5.47259625
v 12.72518553 5.54924 5.48491821
v 14.12383608 4.50118184 5.53420607
v 13.33275242 5.71994605 5.50956214
v 13.72743789 5.11023707 5.52188411
v 14.30695436 3.11849754 5.53420607
v 14.91563784 3.33037447 5.55885
v 14.52194593 3.89278389 5.54652804
v 14.91563784 3.33037447 5.869875
v 14.91563784 3.33037447 6.1809
v 14.73488817 4.6672279 5.55885
v 14.33694752 5.27521789 5.54652804
v 14.73488817 4.6672279 5.869875
v 14.73488817 4.6672279 6.1809
v 14.91563784 3.33037447 6.491925
v 14.91563784 3.33037447 6.80295
v 14.91563784 3.33037447 7.113975
v 14.91563784 3.33037447 7.425
v 14.73488817 4.6672279 6.491925
v 14.73488817 4.6672279 6.80295
v 14.73488817 4.6672279 7.113975
v 14.73488817 4.6672279 7.425
v 8.66452083 0.32775213 7.77854786
v 9.35252587 0.41606747 7.76960839
v 10.0402258 0.50641425 7.76066893
v 8.66452083 0.32775213 8.13209571
v 8.66452083 0.32775213 8.48564357
v 9.35252587 0.41606747 8.12315625
v 10.0402258 0.50641425 8.11421679
v 9.35252587 0.41606747 8.45882518
v 10.0402258 0.50641425 8.44988571
v 10.7276146 0.59879143 7.75172946
v 11.41468629 0.69319796 7.76066893
v 11.33953219 1.32675074 7.76066893
v 10.7276146 0.59879143 8.10527732
v 10.7276146 0.59879143 8.44094625
v 11.41468629 0.69319796 8.09633786
v 11.41468629 0.69319796 8.43200679
v 11.33953219 1.32675074 8.09633786
v 11.33953219 1.32675074 8.43200679
v 11.26437808 1.96030351 7.76066893
v 11.18922398 2.59385629 7.425
v 11.18922398 2.59385629 7.76066893
v 11.26437808 1.96030351 8.09633786
v 11.26437808 1.96030351 8.43200679
v 11.18922398 2.59385629 8.09633786
v 11.18922398 2.59385629 8.43200679
v 8.66452083 0.32775213 8.83919143
v 8.66452083 0.32775213 9.19273929
v 9.35252587 0.41606747 8.81237304
v 10.0402258 0.50641425 8.78555464
v 9.35252587 0.41606747 9.16592089
v 10.0402258 0.50641425 9.1391025
v 8.66452083 0.32775213 9.54628714
v 9.35252587 0.41606747 9.51946875
v 10.0402258 0.50641425 9.49265036
v 10.7276146 0.59879143 8.77661518
v 10.7276146 0.59879143 9.11228411
v 11.41468629 0.69319796 8.76767571
v 11.41468629 0.69319796 9.10334464
v 11.33953219 1.32675074 8.76767571
v 11.33953219 1.32675074 9.10334464
v 10.7276146 0.59879143 9.46583196
v 11.41468629 0.69319796 9.43901357
v 11.80812222 0.08841518 9.42669161
v 11.33953219 1.32675074 9.43901357
v 12.02967713 0.91427493 9.41436964
v 11.26437808 1.96030351 8.76767571
v 11.26437808 1.96030351 9.10334464
v 11.18922398 2.59385629 8.76767571
v 11.18922398 2.59385629 9.10334464
v 11.56047464 2.15210138 9.42669161
v 11.26437808 1.96030351 9.43901357
v 11.63649025 1.51865139 9.42669161
v 11.48445904 2.78555137 9.42669161
v 11.18922398 2.59385629 9.43901357
v 11.85610034 2.34427642 9.41436964
v 11.11406987 3.22740906 7.76066893
v 11.03891577 3.86096184 7.76066893
v 11.11406987 3.22740906 8.09633786
v 11.11406987 3.22740906 8.43200679
v 11.03891577 3.86096184 8.09633786
v 11.03891577 3.86096184 8.43200679
v 10.96376166 4.49451461 7.76066893
v 10.88860756 5.12806739 7.76066893
v 10.81345345 5.76162017 7.76066893
v 10.96376166 4.49451461 8.09633786
v 10.96376166 4.49451461 8.43200679
v 10.88860756 5.12806739 8.09633786
v 10.81345345 5.76162017 8.09633786
v 10.88860756 5.12806739 8.43200679
v 10.81345345 5.76162017 8.43200679
v 11.11406987 3.22740906 8.76767571
v 11.11406987 3.22740906 9.10334464
v 11.03891577 3.86096184 8.76767571
v 11.03891577 3.86096184 9.10334464
v 11.11406987 3.22740906 9.43901357
v 11.03891577 3.86096184 9.43901357
v 11.40844343 3.41900136 9.42669161
v 11.77922337 2.97762245 9.41436964
v 12.07351651 3.17006859 9.40204768
v 11.70234641 3.61096847 9.41436964
v 11.33476727 4.03295641 9.42669161
v 11.62783539 4.22482277 9.41436964
v 11.99577833 3.80330949 9.40204768
v 10.96376166 4.49451461 8.76767571
v 10.96376166 4.49451461 9.10334464
v 10.88860756 5.12806739 8.76767571
v 10.81345345 5.76162017 8.76767571
v 10.88860756 5.12806739 9.10334464
v 10.81345345 5.76162017 9.10334464
v 10.96376166 4.49451461 9.43901357
v 10.88860756 5.12806739 9.43901357
v 10.81345345 5.76162017 9.43901357
v 11.25875166 4.6664064 9.42669161
v 11.55332438 4.83867707 9.41436964
v 11.9204326 4.4170619 9.40204768
v 11.84508687 5.0308143 9.40204768
v 11.18273606 5.29985639 9.42669161
v 11.47644741 5.4720231 9.41436964
v 11.76974115 5.6445667 9.40204768
v 15.27713719 0.65666762 7.736025
v 15.27713719 0.65666762 8.04705
v 15.27713719 0.65666762 8.358075
v 15.09638752 1.99352105 7.736025
v 15.09638752 1.99352105 8.04705
v 15.09638752 1.99352105 8.358075
v 12.42455911 0.31054035 9.40204768
v 13.04052289 0.53008597 9.37740375
v 12.64366967 1.13697527 9.38972571
v 14.05018029 0.18723711 9.34043786
v 13.25772705 1.35288399 9.36508179
v 13.6560436 0.74705258 9.35275982
v 12.24903781 1.74030447 9.40204768
v 12.86111357 1.95936742 9.37740375
v 12.4662042 2.56649937 9.38972571
v 13.07637421 2.78192014 9.36508179
v 13.87082332 1.57041435 9.34043786
v 13.47274758 2.17584079 9.35275982
v 14.08991347 2.34437298 9.32811589
v 15.27713719 0.65666762 8.6691
v 15.27713719 0.65666762 8.980125
v 14.66118042 0.44381737 9.31579393
v 14.26520769 1.00679327 9.32811589
v 14.87980897 1.21858791 9.30347196
v 15.27713719 0.65666762 9.29115
v 15.09638752 1.99352105 8.6691
v 15.09638752 1.99352105 8.980125
v 14.48406739 1.78115745 9.31579393
v 15.09638752 1.99352105 9.29115
v 14.70087745 2.5556859 9.30347196
v 14.91563784 3.33037447 7.736025
v 14.91563784 3.33037447 8.04705
v 14.91563784 3.33037447 8.358075
v 14.73488817 4.6672279 7.736025
v 14.73488817 4.6672279 8.04705
v 14.73488817 4.6672279 8.358075
v 12.68170425 3.38864887 9.37740375
v 12.28873872 3.99602348 9.38972571
v 12.90077987 4.16558007 9.36508179
v 13.29527176 3.55926066 9.35275982
v 13.69146636 2.95359158 9.34043786
v 13.51210939 4.33676882 9.34043786
v 13.90867568 3.72730502 9.32811589
v 12.21255842 4.60967286 9.38972571
v 12.50799171 4.77254632 9.37740375
v 13.11779595 4.94268052 9.35275982
v 12.13637812 5.22332223 9.38972571
v 12.43097698 5.38609152 9.37740375
v 12.72518553 5.54924 9.36508179
v 14.12383608 4.50118184 9.31579393
v 13.33275242 5.71994605 9.34043786
v 13.72743789 5.11023707 9.32811589
v 14.91563784 3.33037447 8.6691
v 14.91563784 3.33037447 8.980125
v 14.30695436 3.11849754 9.31579393
v 14.91563784 3.33037447 9.29115
v 14.52194593 3.89278389 9.30347196
v 14.73488817 4.6672279 8.6691
v 14.73488817 4.6672279 8.980125
v 14.73488817 4.6672279 9.29115
v 14.33694752 5.27521789 9.30347196
v 8.23340169 8.63353582 5.32183339
v 8.47630471 8.40872925 5.33053125
v 9.1547001 8.36904936 5.35734964
v 9.83354626 8.33141593 5.38416804
v 8.47630471 8.40872925 5.68407911
v 8.47630471 8.40872925 6.03762696
v 9.1547001 8.36904936 5.7108975
v 9.83354626 8.33141593 5.73771589
v 9.1547001 8.36904936 6.06444536
v 9.83354626 8.33141593 6.07338482
v 11.10672045 5.93330638 5.42330839
v 10.73829935 6.39517294 5.41098643
v 11.03304429 6.54726144 5.42330839
v 10.66314524 7.02872572 5.41098643
v 10.95702868 7.18071142 5.42330839
v 11.39957045 6.10536913 5.43563036
v 12.06019782 5.8369716 5.46027429
v 11.69200296 6.2778076 5.44795232
v 11.98401752 6.45062098 5.46027429
v 11.32505943 6.71922343 5.43563036
v 11.61665724 6.89156 5.44795232
v 11.90783722 7.06427035 5.46027429
v 10.73829935 6.39517294 5.74665536
v 10.73829935 6.39517294 6.08232429
v 10.66314524 7.02872572 5.74665536
v 10.66314524 7.02872572 6.08232429
v 10.58799114 7.66227849 5.41098643
v 10.88101308 7.81416141 5.42330839
v 10.51283703 8.29583127 5.41098643
v 10.80499747 8.4476114 5.42330839
v 11.09679449 8.59976978 5.43563036
v 11.25054842 7.33307773 5.43563036
v 11.54131151 7.50531241 5.44795232
v 11.17367145 7.96642375 5.43563036
v 11.83165692 7.67791972 5.46027429
v 12.12536349 7.82079044 5.47259625
v 11.46596578 8.11906481 5.44795232
v 11.75547661 8.2915691 5.46027429
v 12.04834876 8.43433565 5.47259625
v 10.58799114 7.66227849 5.74665536
v 10.58799114 7.66227849 6.08232429
v 10.51283703 8.29583127 5.74665536
v 10.51283703 8.29583127 6.08232429
v 8.47630471 8.40872925 6.39117482
v 8.47630471 8.40872925 6.72684375
v 9.1547001 8.36904936 6.40011429
v 9.83354626 8.33141593 6.40905375
v 9.1547001 8.36904936 6.73578321
v 9.83354626 8.33141593 6.74472268
v 8.47630471 8.40872925 7.08039161
v 9.1547001 8.36904936 7.08933107
v 9.83354626 8.33141593 7.09827054
v 10.73829935 6.39517294 6.41799321
v 10.73829935 6.39517294 6.75366214
v 10.66314524 7.02872572 6.41799321
v 10.66314524 7.02872572 6.75366214
v 10.73829935 6.39517294 7.08933107
v 10.73829935 6.39517294 7.425
v 10.66314524 7.02872572 7.08933107
v 10.66314524 7.02872572 7.425
v 10.58799114 7.66227849 6.41799321
v 10.58799114 7.66227849 6.75366214
v 10.51283703 8.29583127 6.41799321
v 10.51283703 8.29583127 6.75366214
v 10.58799114 7.66227849 7.08933107
v 10.58799114 7.66227849 7.425
v 10.51283703 8.29583127 7.08933107
v 10.51283703 8.29583127 7.425
v 8.52623983 8.78234636 5.33415536
v 8.81871841 8.93153761 5.34647732
v 9.11083693 9.08110888 5.35879929
v 9.39880761 9.26423363 5.37112125
v 9.6913887 9.40391853 5.38344321
v 9.9836372 9.54398463 5.39576518
v 8.29120786 10.26185876 5.33125607
v 8.58407646 10.38944431 5.34357804
v 8.87664334 10.5174137 5.3559
v 8.87664334 10.5174137 5.666925
v 8.87664334 10.5174137 5.97795
v 10.27555262 9.6844313 5.40808714
v 10.56316677 9.85841096 5.42040911
v 10.85565657 9.98897911 5.43273107
v 11.3882276 8.75230571 5.44795232
v 11.67929631 8.90521847 5.46027429
v 11.97133403 9.04788086 5.47259625
v 11.14784073 10.11992934 5.44505304
v 11.43971876 10.25126106 5.457375
v 11.43971876 10.25126106 5.7684
v 11.43971876 10.25126106 6.079425
v 8.87664334 10.5174137 6.356625
v 8.87664334 10.5174137 6.7353
v 8.87664334 10.5174137 7.046325
v 8.87664334 10.5174137 7.35735
v 11.43971876 10.25126106 6.39045
v 11.43971876 10.25126106 6.769125
v 11.43971876 10.25126106 7.08015
v 11.43971876 10.25126106 7.391175
v 12.35396224 5.99963673 5.47259625
v 12.64733651 6.16267991 5.48491821
v 12.94032013 6.32610038 5.49724018
v 12.27694751 6.61318194 5.47259625
v 12.56948749 6.77611982 5.48491821
v 12.20237823 7.20724524 5.47259625
v 12.86163696 6.93943386 5.49724018
v 13.5462001 6.49316912 5.52188411
v 13.94071781 5.88386614 5.53420607
v 13.15339545 7.10312329 5.50956214
v 14.158016 6.61231588 5.54652804
v 13.76360478 7.22120623 5.53420607
v 12.4941104 7.37008116 5.48491821
v 12.41873332 7.9640425 5.48491821
v 12.78545222 7.53329214 5.49724018
v 13.07640319 7.69687742 5.50956214
v 12.3408843 8.57748241 5.48491821
v 12.70926748 8.12715042 5.49724018
v 12.99941093 8.29063155 5.50956214
v 13.37090589 7.83074882 5.52188411
v 13.97908448 7.94941387 5.54652804
v 13.29310625 8.4243977 5.52188411
v 13.58649175 8.55854631 5.53420607
v 14.55413849 6.00408132 5.55885
v 14.55413849 6.00408132 5.869875
v 14.55413849 6.00408132 6.1809
v 14.37338882 7.34093474 5.55885
v 14.19263915 8.67778817 5.55885
v 14.37338882 7.34093474 5.869875
v 14.37338882 7.34093474 6.1809
v 14.19263915 8.67778817 5.869875
v 14.19263915 8.67778817 6.1809
v 14.55413849 6.00408132 6.491925
v 14.55413849 6.00408132 6.80295
v 14.55413849 6.00408132 7.113975
v 14.55413849 6.00408132 7.425
v 14.37338882 7.34093474 6.491925
v 14.37338882 7.34093474 6.80295
v 14.19263915 8.67778817 6.491925
v 14.19263915 8.67778817 6.80295
v 14.37338882 7.34093474 7.113975
v 14.37338882 7.34093474 7.425
v 14.19263915 8.67778817 7.113975
v 14.19263915 8.67778817 7.425
v 12.63308273 8.72100871 5.49724018
v 12.26303527 9.19092231 5.48491821
v 12.55439956 9.33434218 5.49724018
v 12.92241867 8.88438568 5.50956214
v 12.84542641 9.47813981 5.50956214
v 13.13750698 9.61169546 5.52188411
v 13.21530662 9.01804658 5.52188411
v 13.50788488 9.15208884 5.53420607
v 13.80015296 9.28651186 5.54652804
v 13.42927801 9.74563137 5.53420607
v 13.72073901 9.87994695 5.54652804
v 14.01188947 10.01464159 5.55885
v 14.01188947 10.01464159 5.869875
v 14.01188947 10.01464159 6.1809
v 14.01188947 10.01464159 6.491925
v 14.01188947 10.01464159 6.80295
v 14.01188947 10.01464159 7.113975
v 14.01188947 10.01464159 7.425
v 8.47630471 8.40872925 7.43393946
v 8.47630471 8.40872925 7.78748732
v 9.1547001 8.36904936 7.44287893
v 9.83354626 8.33141593 7.43393946
v 9.1547001 8.36904936 7.77854786
v 9.83354626 8.33141593 7.76960839
v 8.47630471 8.40872925 8.12315625
v 8.47630471 8.40872925 8.47670411
v 9.1547001 8.36904936 8.11421679
v 9.83354626 8.33141593 8.10527732
v 9.1547001 8.36904936 8.46776464
v 9.83354626 8.33141593 8.45882518
v 10.73829935 6.39517294 7.76066893
v 10.66314524 7.02872572 7.76066893
v 10.73829935 6.39517294 8.09633786
v 10.73829935 6.39517294 8.43200679
v 10.66314524 7.02872572 8.09633786
v 10.66314524 7.02872572 8.43200679
v 10.58799114 7.66227849 7.76066893
v 10.51283703 8.29583127 7.76066893
v 10.58799114 7.66227849 8.09633786
v 10.58799114 7.66227849 8.43200679
v 10.51283703 8.29583127 8.09633786
v 10.51283703 8.29583127 8.43200679
v 8.47630471 8.40872925 8.83025196
v 8.47630471 8.40872925 9.18379982
v 9.1547001 8.36904936 8.8213125
v 9.83354626 8.33141593 8.79449411
v 9.1547001 8.36904936 9.15698143
v 9.83354626 8.33141593 9.13016304
v 8.23340169 8.63353582 9.52816661
v 8.47630471 8.40872925 9.51946875
v 9.1547001 8.36904936 9.49265036
v 9.83354626 8.33141593 9.46583196
v 10.73829935 6.39517294 8.76767571
v 10.73829935 6.39517294 9.10334464
v 10.66314524 7.02872572 8.76767571
v 10.66314524 7.02872572 9.10334464
v 11.10672045 5.93330638 9.42669161
v 10.73829935 6.39517294 9.43901357
v 11.03304429 6.54726144 9.42669161
v 10.95702868 7.18071142 9.42669161
v 10.66314524 7.02872572 9.43901357
v 11.39957045 6.10536913 9.41436964
v 12.06019782 5.8369716 9.38972571
v 11.69200296 6.2778076 9.40204768
v 11.98401752 6.45062098 9.38972571
v 11.32505943 6.71922343 9.41436964
v 11.61665724 6.89156 9.40204768
v 11.90783722 7.06427035 9.38972571
v 10.58799114 7.66227849 8.76767571
v 10.58799114 7.66227849 9.10334464
v 10.51283703 8.29583127 8.76767571
v 10.51283703 8.29583127 9.10334464
v 10.58799114 7.66227849 9.43901357
v 10.88101308 7.81416141 9.42669161
v 10.51283703 8.29583127 9.43901357
v 10.80499747 8.4476114 9.42669161
v 11.09679449 8.59976978 9.41436964
v 11.25054842 7.33307773 9.41436964
v 11.54131151 7.50531241 9.40204768
v 11.17367145 7.96642375 9.41436964
v 11.83165692 7.67791972 9.38972571
v 12.12536349 7.82079044 9.37740375
v 11.46596578 8.11906481 9.40204768
v 11.75547661 8.2915691 9.38972571
v 12.04834876 8.43433565 9.37740375
v 8.87664334 10.5174137 7.736025
v 8.87664334 10.5174137 8.1147
v 8.87664334 10.5174137 8.425725
v 11.43971876 10.25126106 7.7022
v 11.43971876 10.25126106 8.080875
v 11.43971876 10.25126106 8.3919
v 8.52623983 8.78234636 9.51584464
v 8.81871841 8.93153761 9.50352268
v 9.11083693 9.08110888 9.49120071
v 9.39880761 9.26423363 9.47887875
v 9.6913887 9.40391853 9.46655679
v 9.9836372 9.54398463 9.45423482
v 8.87664334 10.5174137 8.73675
v 8.87664334 10.5174137 9.115425
v 8.29120786 10.26185876 9.51874393
v 8.58407646 10.38944431 9.50642196
v 8.87664334 10.5174137 9.4941
v 10.27555262 9.6844313 9.44191286
v 10.56316677 9.85841096 9.42959089
v 10.85565657 9.98897911 9.41726893
v 11.3882276 8.75230571 9.40204768
v 11.67929631 8.90521847 9.38972571
v 11.97133403 9.04788086 9.37740375
v 11.14784073 10.11992934 9.40494696
v 11.43971876 10.25126106 8.702925
v 11.43971876 10.25126106 9.01395
v 11.43971876 10.25126106 9.392625
v 14.55413849 6.00408132 7.736025
v 14.55413849 6.00408132 8.04705
v 14.55413849 6.00408132 8.358075
v 14.37338882 7.34093474 7.736025
v 14.19263915 8.67778817 7.736025
v 14.37338882 7.34093474 8.04705
v 14.37338882 7.34093474 8.358075
v 14.19263915 8.67778817 8.04705
v 14.19263915 8.67778817 8.358075
v 12.35396224 5.99963673 9.37740375
v 12.64733651 6.16267991 9.36508179
v 12.94032013 6.32610038 9.35275982
v 12.27694751 6.61318194 9.37740375
v 12.56948749 6.77611982 9.36508179
v 12.20237823 7.20724524 9.37740375
v 12.86163696 6.93943386 9.35275982
v 13.5462001 6.49316912 9.32811589
v 13.94071781 5.88386614 9.31579393
v 13.15339545 7.10312329 9.34043786
v 14.158016 6.61231588 9.30347196
v 13.76360478 7.22120623 9.31579393
v 12.4941104 7.37008116 9.36508179
v 12.41873332 7.9640425 9.36508179
v 12.78545222 7.53329214 9.35275982
v 13.07640319 7.69687742 9.34043786
v 12.3408843 8.57748241 9.36508179
v 12.70926748 8.12715042 9.35275982
v 12.99941093 8.29063155 9.34043786
v 13.37090589 7.83074882 9.32811589
v 13.97908448 7.94941387 9.30347196
v 13.29310625 8.4243977 9.32811589
v 13.58649175 8.55854631 9.31579393
v 14.55413849 6.00408132 8.6691
v 14.55413849 6.00408132 8.980125
v 14.55413849 6.00408132 9.29115
v 14.37338882 7.34093474 8.6691
v 14.37338882 7.34093474 8.980125
v 14.19263915 8.67778817 8.6691
v 14.19263915 8.67778817 8.980125
v 14.37338882 7.34093474 9.29115
v 14.19263915 8.67778817 9.29115
v 14.01188947 10.01464159 7.736025
v 14.01188947 10.01464159 8.04705
v 14.01188947 10.01464159 8.358075
v 14.01188947 10.01464159 8.6691
v 14.01188947 10.01464159 8.980125
v 12.63308273 8.72100871 9.35275982
v 12.26303527 9.19092231 9.36508179
v 12.55439956 9.33434218 9.35275982
v 12.92241867 8.88438568 9.34043786
v 12.84542641 9.47813981 9.34043786
v 13.13750698 9.61169546 9.32811589
v 13.21530662 9.01804658 9.32811589
v 13.50788488 9.15208884 9.31579393
v 13.80015296 9.28651186 9.30347196
v 13.42927801 9.74563137 9.31579393
v 13.72073901 9.87994695 9.30347196
v 14.01188947 10.01464159 9.29115
f 1 980 2
f 1 2 42
f 1 3 8
f 1 8 981
f 1 1902 3
f 1 42 1902
f 1 993 980
f 1 1004 993
f 1 981 1004
f 980 993 2560
f 993 1004 1012
f 980 2560 1015
f 993 1012 2565
f 42 1015 1902
f 1902 1903 3
f 1015 1900 1902
f 1900 1904 1902
f 1902 2563 1903
f 1902 1904 2563
f 1015 2560 1900
f 993 2563 2560
f 993 2565 2563
f 1903 2563 2565
f 2560 2563 2562
f 1904 2562 2563
f 2 16 27
f 2 27 48
f 2 980 16
f 980 19 16
f 980 35 19
f 2 48 42
f 42 48 49
f 42 1033 1015
f 42 49 1028
f 42 1028 1033
f 980 1015 985
f 980 41 35
f 980 985 41
f 1015 1032 985
f 1015 1033 1032
f 1900 1901 1905
f 1900 1905 1904
f 1900 2560 1901
f 1901 2560 2561
f 2560 2562 2561
f 1904 2564 2562
f 1904 1905 2564
f 2562 2564 2561
f 58 66 3
f 58 3 9
f 58 77 63
f 8 3 66
f 58 74 66
f 58 9 77
f 58 63 74
f 63 64 75
f 63 81 64
f 63 75 74
f 77 81 63
f 64 81 82
f 8 66 97
f 66 74 103
f 74 75 104
f 77 9 157
f 77 160 81
f 81 161 82
f 64 84 87
f 64 82 84
f 84 90 85
f 64 87 75
f 84 88 87
f 82 90 84
f 84 85 88
f 85 86 89
f 85 91 86
f 85 89 88
f 90 91 85
f 86 91 92
f 75 87 140
f 87 88 141
f 88 89 250
f 82 162 90
f 90 173 91
f 91 174 92
f 8 97 95
f 66 103 97
f 74 104 103
f 95 97 108
f 95 108 106
f 97 114 108
f 97 103 114
f 103 104 115
f 103 115 114
f 75 140 104
f 87 141 140
f 88 250 141
f 104 140 142
f 104 142 115
f 140 143 142
f 140 141 143
f 141 250 254
f 141 254 143
f 77 157 160
f 81 160 161
f 82 161 162
f 157 568 160
f 160 571 161
f 160 568 571
f 161 575 162
f 161 571 575
f 162 575 596
f 162 173 90
f 91 173 174
f 92 174 175
f 162 596 173
f 173 597 174
f 173 596 597
f 174 598 175
f 174 597 598
f 175 598 699
f 86 207 210
f 86 92 207
f 207 213 208
f 86 210 89
f 207 211 210
f 92 213 207
f 207 208 211
f 208 209 212
f 208 214 209
f 208 212 211
f 213 214 208
f 209 214 215
f 89 210 251
f 210 211 252
f 211 212 253
f 92 175 213
f 213 318 214
f 214 319 215
f 209 216 226
f 209 215 216
f 216 237 217
f 209 226 212
f 216 227 226
f 215 237 216
f 216 217 227
f 218 219 221
f 217 218 228
f 219 220 223
f 217 238 218
f 218 221 228
f 219 223 221
f 217 228 227
f 220 222 229
f 220 229 223
f 222 232 229
f 237 238 217
f 218 239 219
f 219 240 220
f 218 238 239
f 220 241 222
f 222 224 232
f 222 242 224
f 212 226 271
f 221 223 230
f 221 272 228
f 223 231 230
f 223 229 231
f 226 227 274
f 221 230 272
f 227 228 275
f 229 235 231
f 230 231 273
f 224 225 233
f 224 233 232
f 229 232 235
f 225 234 236
f 225 236 233
f 234 244 246
f 232 233 277
f 232 277 235
f 234 246 236
f 233 236 278
f 233 278 277
f 236 246 295
f 215 320 237
f 237 321 238
f 219 239 240
f 220 240 241
f 222 241 242
f 224 243 225
f 225 322 234
f 224 242 243
f 238 323 239
f 239 324 240
f 240 325 241
f 225 243 322
f 234 322 327
f 234 327 244
f 244 245 294
f 244 294 246
f 245 247 296
f 245 296 294
f 247 248 297
f 244 328 245
f 245 329 247
f 244 327 328
f 247 330 248
f 248 331 249
f 89 251 250
f 210 252 251
f 211 253 252
f 250 251 255
f 250 255 254
f 251 256 255
f 251 252 256
f 252 253 257
f 252 257 256
f 212 271 253
f 226 274 271
f 227 275 274
f 228 272 275
f 230 276 272
f 230 273 276
f 231 279 273
f 272 283 275
f 272 276 283
f 231 235 279
f 235 280 279
f 235 277 280
f 236 295 278
f 277 278 281
f 273 279 287
f 279 280 288
f 277 281 280
f 278 295 289
f 278 289 281
f 253 271 282
f 253 282 257
f 271 284 282
f 271 274 284
f 274 275 285
f 275 283 285
f 273 286 276
f 273 287 286
f 274 285 284
f 276 478 283
f 276 286 478
f 279 288 287
f 280 281 290
f 280 290 288
f 281 289 291
f 281 291 290
f 287 288 480
f 286 287 483
f 288 290 481
f 288 481 480
f 290 291 482
f 246 294 298
f 246 298 295
f 294 296 299
f 294 299 298
f 247 297 296
f 248 303 297
f 295 298 307
f 289 295 307
f 298 299 309
f 296 308 299
f 296 297 308
f 297 313 308
f 248 249 303
f 249 301 304
f 249 304 303
f 297 303 313
f 303 304 314
f 298 309 307
f 289 307 310
f 299 308 311
f 299 311 309
f 308 316 311
f 289 310 291
f 307 309 495
f 307 495 310
f 309 311 496
f 309 496 495
f 303 314 313
f 308 313 316
f 313 317 316
f 313 314 317
f 311 316 500
f 175 318 213
f 214 318 319
f 215 319 320
f 175 699 318
f 318 700 319
f 318 699 700
f 319 701 320
f 319 700 701
f 320 701 702
f 320 321 237
f 238 321 323
f 241 326 242
f 239 323 324
f 240 324 325
f 241 325 326
f 242 333 243
f 243 334 322
f 242 326 333
f 322 335 327
f 243 333 334
f 322 334 335
f 245 328 329
f 247 329 330
f 249 332 301
f 248 330 331
f 301 332 364
f 249 331 332
f 327 337 328
f 328 338 329
f 329 339 330
f 336 367 364
f 332 336 364
f 320 702 321
f 321 707 323
f 321 702 707
f 323 708 324
f 324 709 325
f 325 710 326
f 326 711 333
f 323 707 708
f 324 708 709
f 325 709 710
f 326 710 711
f 333 712 334
f 333 711 712
f 334 713 335
f 335 714 337
f 327 335 337
f 328 337 338
f 329 338 339
f 330 341 331
f 336 340 367
f 330 339 341
f 331 715 332
f 332 715 336
f 331 341 715
f 340 716 368
f 336 718 340
f 336 715 718
f 372 716 719
f 340 368 367
f 368 716 372
f 372 719 374
f 106 108 384
f 106 384 382
f 108 389 384
f 108 114 389
f 114 115 390
f 114 390 389
f 382 384 426
f 384 389 429
f 389 390 430
f 115 142 411
f 115 411 390
f 142 412 411
f 142 143 412
f 143 254 462
f 143 462 412
f 390 411 448
f 411 412 449
f 412 462 450
f 382 426 424
f 384 429 426
f 389 430 429
f 424 426 434
f 424 434 432
f 426 437 434
f 426 429 437
f 429 430 451
f 429 451 437
f 390 448 430
f 411 449 448
f 412 450 449
f 430 448 452
f 430 452 451
f 448 453 452
f 448 449 453
f 449 450 454
f 449 454 453
f 254 255 463
f 254 463 462
f 255 464 463
f 255 256 464
f 256 257 465
f 256 465 464
f 462 463 515
f 463 464 516
f 464 465 517
f 257 282 485
f 257 485 465
f 282 486 485
f 282 284 486
f 283 479 285
f 283 478 479
f 284 285 487
f 286 488 478
f 285 479 487
f 284 487 486
f 478 489 479
f 286 483 488
f 287 480 483
f 290 482 481
f 480 481 484
f 480 490 483
f 481 482 491
f 480 484 490
f 481 491 484
f 465 485 532
f 479 533 487
f 478 488 489
f 485 486 535
f 486 487 536
f 479 489 533
f 487 533 536
f 488 534 489
f 488 492 534
f 483 492 488
f 483 490 492
f 484 491 493
f 484 538 490
f 484 493 538
f 291 310 497
f 291 497 482
f 310 495 498
f 310 498 497
f 311 500 496
f 495 496 499
f 482 497 505
f 482 505 491
f 497 498 506
f 495 499 498
f 496 510 499
f 316 317 502
f 316 502 500
f 496 500 510
f 500 511 510
f 500 502 511
f 497 506 505
f 491 505 507
f 498 499 508
f 498 508 506
f 499 513 508
f 491 507 493
f 505 506 549
f 505 549 507
f 506 508 550
f 506 550 549
f 508 513 554
f 499 510 513
f 510 511 514
f 510 514 513
f 450 462 515
f 463 516 515
f 464 517 516
f 450 515 518
f 450 518 454
f 515 519 518
f 515 516 519
f 516 517 520
f 516 520 519
f 465 532 517
f 485 535 532
f 486 536 535
f 489 537 533
f 489 534 537
f 533 541 536
f 533 537 541
f 490 539 492
f 490 538 539
f 493 546 538
f 492 545 534
f 492 539 545
f 538 547 539
f 538 546 547
f 517 532 540
f 517 540 520
f 532 542 540
f 532 535 542
f 535 536 543
f 535 543 542
f 536 541 543
f 534 544 537
f 534 545 544
f 537 1183 541
f 537 544 1183
f 539 1185 545
f 539 547 1185
f 544 545 1187
f 545 1185 1187
f 546 1186 547
f 493 507 551
f 493 551 546
f 507 549 552
f 507 552 551
f 508 554 550
f 549 550 553
f 551 552 559
f 549 553 552
f 550 554 563
f 550 563 553
f 513 514 556
f 513 556 554
f 554 564 563
f 554 556 564
f 546 551 560
f 551 559 560
f 552 553 561
f 552 561 559
f 553 563 566
f 553 566 561
f 546 560 1186
f 559 561 1198
f 561 566 1200
f 563 564 567
f 563 567 566
f 568 583 571
f 571 583 584
f 571 584 575
f 584 589 575
f 575 589 596
f 589 599 596
f 583 635 584
f 584 636 589
f 589 638 599
f 596 599 597
f 597 599 600
f 597 600 598
f 600 601 598
f 598 601 699
f 601 703 699
f 599 659 600
f 600 660 601
f 601 661 703
f 584 635 636
f 589 636 638
f 638 659 599
f 635 1906 636
f 636 1908 638
f 636 1906 1908
f 638 1909 659
f 638 1908 1909
f 659 1909 1929
f 600 659 660
f 601 660 661
f 661 767 703
f 659 1929 660
f 660 1930 661
f 660 1929 1930
f 661 1931 767
f 661 1930 1931
f 767 1931 1981
f 699 703 700
f 700 703 704
f 700 704 701
f 704 705 701
f 701 705 702
f 702 705 706
f 703 767 704
f 704 768 705
f 705 769 706
f 702 706 707
f 706 722 707
f 707 722 708
f 334 712 713
f 335 713 714
f 722 723 708
f 708 723 709
f 709 724 710
f 710 725 711
f 709 723 724
f 711 726 712
f 712 727 713
f 337 717 338
f 338 729 339
f 337 714 717
f 340 720 716
f 339 730 341
f 341 731 715
f 340 718 720
f 338 717 729
f 339 729 730
f 715 731 718
f 716 732 719
f 341 730 731
f 716 720 732
f 706 770 722
f 722 771 723
f 710 724 725
f 711 725 726
f 713 728 714
f 712 726 727
f 713 727 728
f 723 772 724
f 724 773 725
f 714 728 775
f 714 775 717
f 717 776 729
f 718 731 733
f 718 733 720
f 719 734 721
f 719 732 734
f 720 778 732
f 721 779 762
f 729 777 730
f 717 775 776
f 729 776 777
f 720 733 778
f 730 780 731
f 721 734 779
f 731 780 733
f 732 781 734
f 762 782 765
f 732 778 781
f 762 779 782
f 374 721 754
f 374 719 721
f 754 762 757
f 721 762 754
f 757 765 758
f 757 762 765
f 758 813 763
f 758 765 813
f 763 815 766
f 763 813 815
f 704 767 768
f 705 768 769
f 706 769 770
f 767 1981 768
f 768 1982 769
f 768 1981 1982
f 769 1983 770
f 769 1982 1983
f 770 1983 1984
f 770 771 722
f 723 771 772
f 724 772 773
f 725 773 774
f 725 774 726
f 726 785 727
f 727 786 728
f 726 774 785
f 727 785 786
f 730 777 780
f 728 787 775
f 734 784 779
f 733 783 778
f 733 780 783
f 734 781 784
f 775 788 776
f 776 791 777
f 728 786 787
f 775 787 788
f 778 789 781
f 779 790 782
f 778 783 789
f 777 792 780
f 779 784 790
f 770 1984 771
f 771 1989 772
f 771 1984 1989
f 772 1990 773
f 773 1991 774
f 774 1992 785
f 772 1989 1990
f 773 1990 1991
f 785 1993 786
f 774 1991 1992
f 785 1992 1993
f 776 788 791
f 780 792 783
f 777 791 792
f 781 789 793
f 781 793 784
f 782 794 819
f 782 790 794
f 783 1995 789
f 784 1994 790
f 786 1996 787
f 787 1997 788
f 783 792 1995
f 784 793 1994
f 789 1998 793
f 788 2000 791
f 790 1999 794
f 789 1995 1998
f 790 1994 1999
f 765 819 813
f 766 820 814
f 765 782 819
f 766 815 820
f 814 828 816
f 813 827 815
f 813 819 827
f 814 820 828
f 816 828 821
f 816 821 818
f 818 821 825
f 818 825 824
f 821 831 825
f 825 831 826
f 824 825 925
f 824 925 922
f 825 826 925
f 815 829 820
f 815 827 829
f 819 2012 827
f 820 2013 828
f 821 828 830
f 821 830 831
f 794 2012 819
f 820 829 2013
f 828 2013 830
f 827 2014 829
f 827 2012 2014
f 830 2013 2015
f 830 2015 833
f 830 833 831
f 831 833 832
f 826 831 832
f 826 832 935
f 832 937 935
f 832 833 2018
f 832 2018 937
f 937 2018 2152
f 922 927 924
f 922 925 927
f 826 926 925
f 925 926 927
f 924 927 931
f 926 932 927
f 924 931 930
f 930 933 956
f 927 932 931
f 931 932 934
f 930 931 933
f 931 934 933
f 826 935 926
f 935 937 938
f 926 935 936
f 926 936 932
f 935 938 936
f 937 939 938
f 937 2152 939
f 938 939 942
f 939 2154 942
f 932 936 941
f 932 941 934
f 936 938 940
f 936 940 941
f 934 941 968
f 940 969 941
f 941 969 968
f 938 942 940
f 940 942 943
f 942 2154 2156
f 940 943 969
f 942 2156 943
f 943 2156 972
f 956 960 958
f 958 960 964
f 933 960 956
f 933 959 960
f 933 934 959
f 934 968 959
f 959 965 960
f 959 970 965
f 958 964 963
f 963 964 966
f 963 966 1646
f 960 965 964
f 964 965 967
f 965 976 967
f 964 967 966
f 967 976 1658
f 968 969 971
f 959 968 970
f 968 971 970
f 970 971 975
f 943 973 969
f 969 973 971
f 943 972 973
f 971 973 977
f 972 974 973
f 973 974 977
f 965 970 976
f 970 975 976
f 971 977 975
f 976 1659 1658
f 975 1659 976
f 975 978 1659
f 975 977 978
f 974 979 977
f 977 979 978
f 978 979 1663
f 979 2683 1663
f 432 434 1051
f 432 1051 981
f 434 1056 1051
f 434 437 1056
f 437 451 1068
f 437 1068 1056
f 981 1051 1081
f 1051 1056 1084
f 1056 1068 1103
f 451 452 1069
f 451 1069 1068
f 452 1070 1069
f 452 453 1070
f 453 454 1071
f 453 1071 1070
f 1068 1069 1104
f 1069 1070 1105
f 1070 1071 1106
f 1051 1084 1081
f 1056 1103 1084
f 1081 1090 1086
f 981 1081 1004
f 1081 1084 1090
f 1084 1103 1091
f 1084 1091 1090
f 1068 1104 1103
f 1069 1105 1104
f 1070 1106 1105
f 1103 1104 1107
f 1091 1103 1107
f 1104 1108 1107
f 1104 1105 1108
f 1105 1106 1109
f 1105 1109 1108
f 454 518 1170
f 454 1170 1071
f 518 1171 1170
f 518 519 1171
f 519 520 1172
f 519 1172 1171
f 1071 1170 1212
f 1170 1171 1213
f 1171 1172 1214
f 520 540 1189
f 520 1189 1172
f 540 1190 1189
f 540 542 1190
f 541 1184 543
f 541 1183 1184
f 542 543 1191
f 544 1192 1183
f 544 1187 1192
f 543 1184 1191
f 542 1191 1190
f 1183 1193 1184
f 1183 1192 1193
f 547 1188 1185
f 547 1186 1188
f 1185 1194 1187
f 1185 1188 1194
f 1172 1189 1218
f 1184 1219 1191
f 1184 1193 1219
f 1189 1190 1221
f 1190 1191 1222
f 1191 1219 1222
f 1192 1220 1193
f 1192 1195 1220
f 1187 1195 1192
f 1187 1194 1195
f 1186 1196 1188
f 1188 1224 1194
f 1188 1196 1224
f 559 1199 560
f 559 1198 1199
f 561 1200 1198
f 560 1205 1186
f 560 1199 1205
f 1198 1200 1208
f 1198 1206 1199
f 1198 1208 1206
f 566 567 1202
f 566 1202 1200
f 1200 1202 1209
f 1200 1209 1208
f 1186 1205 1196
f 1199 1234 1205
f 1199 1206 1234
f 1196 1205 1236
f 1205 1234 1236
f 1206 1208 1235
f 1208 1209 1211
f 1208 1211 1235
f 1071 1212 1106
f 1170 1213 1212
f 1171 1214 1213
f 1106 1212 1215
f 1106 1215 1109
f 1212 1216 1215
f 1212 1213 1216
f 1213 1214 1217
f 1213 1217 1216
f 1172 1218 1214
f 1189 1221 1218
f 1190 1222 1221
f 1193 1223 1219
f 1193 1220 1223
f 1219 1227 1222
f 1219 1223 1227
f 1195 1231 1220
f 1194 1225 1195
f 1194 1224 1225
f 1196 1232 1224
f 1196 1236 1232
f 1195 1225 1231
f 1224 1233 1225
f 1224 1232 1233
f 1214 1218 1226
f 1214 1226 1217
f 1218 1228 1226
f 1218 1221 1228
f 1221 1222 1229
f 1221 1229 1228
f 1222 1227 1229
f 1223 1395 1227
f 1220 1230 1223
f 1220 1231 1230
f 1227 1396 1229
f 1223 1230 1395
f 1230 1231 1399
f 1225 1397 1231
f 1225 1233 1397
f 1231 1397 1399
f 1232 1398 1233
f 1232 1241 1398
f 1206 1237 1234
f 1206 1235 1237
f 1234 1240 1236
f 1234 1237 1240
f 1211 1269 1235
f 1235 1269 1238
f 1235 1238 1237
f 1237 1238 1239
f 1238 1282 1239
f 1232 1236 1241
f 1236 1240 1241
f 1237 1239 1240
f 1240 1243 1241
f 1241 1243 1242
f 1239 1243 1240
f 1239 1283 1243
f 1243 1283 1244
f 1242 1243 1244
f 1242 1244 1245
f 1238 1269 1270
f 1238 1270 1282
f 1270 1272 1282
f 1239 1282 1283
f 1282 1285 1283
f 1283 1285 1284
f 1272 1285 1282
f 1272 1277 1285
f 1277 1292 1285
f 1284 1285 1292
f 1284 1292 1286
f 1244 1283 1284
f 1244 1284 1287
f 1244 1287 1245
f 1245 1287 1288
f 1287 1289 1288
f 1288 1289 1290
f 1284 1286 1287
f 1286 1289 1287
f 1286 1294 1289
f 1289 1298 1290
f 1290 1298 1291
f 1277 1280 1292
f 1280 1293 1292
f 1286 1292 1293
f 1286 1293 1294
f 1293 1295 1294
f 1280 1281 1293
f 1281 1295 1293
f 1281 1608 1295
f 1294 1295 1296
f 1295 1607 1296
f 1296 1607 1297
f 1289 1294 1298
f 1294 1296 1298
f 1296 1299 1298
f 1291 1298 1299
f 1291 1299 1300
f 1296 1297 1299
f 1297 1301 1299
f 1299 1301 1300
f 1300 1301 1302
f 1301 1613 1302
f 1302 1613 1615
f 1004 1081 1086
f 1086 1307 1306
f 1086 1090 1307
f 1090 1091 1308
f 1090 1308 1307
f 1004 1086 1306
f 1306 1307 1323
f 1307 1308 1324
f 1091 1107 1318
f 1091 1318 1308
f 1107 1319 1318
f 1107 1108 1319
f 1108 1109 1320
f 1108 1320 1319
f 1308 1318 1337
f 1318 1319 1338
f 1319 1320 1339
f 1306 1323 1321
f 1004 1306 1321
f 1307 1324 1323
f 1321 1323 1326
f 1323 1324 1327
f 1004 1321 1325
f 1321 1326 1325
f 1004 1325 1332
f 1004 1332 1011
f 1325 1335 1332
f 1323 1327 1326
f 1325 1326 1335
f 1326 1327 1336
f 1326 1336 1335
f 1011 1332 1369
f 1332 1335 1372
f 1335 1336 1373
f 1308 1337 1324
f 1318 1338 1337
f 1324 1337 1340
f 1319 1339 1338
f 1337 1338 1341
f 1338 1339 1342
f 1324 1340 1327
f 1337 1341 1340
f 1327 1340 1343
f 1327 1343 1336
f 1340 1344 1343
f 1338 1342 1341
f 1340 1341 1344
f 1341 1342 1345
f 1341 1345 1344
f 1336 1343 1388
f 1343 1344 1389
f 1344 1345 1469
f 1011 1369 1368
f 1332 1372 1369
f 1368 1369 1385
f 1335 1373 1372
f 1369 1372 1386
f 1372 1373 1387
f 1368 1385 1384
f 1369 1386 1385
f 1372 1387 1386
f 1336 1388 1373
f 1343 1389 1388
f 1373 1388 1390
f 1344 1469 1389
f 1388 1389 1391
f 1389 1469 1473
f 1373 1390 1387
f 1388 1391 1390
f 1389 1473 1391
f 1109 1215 1392
f 1109 1392 1320
f 1215 1393 1392
f 1215 1216 1393
f 1216 1217 1394
f 1216 1394 1393
f 1320 1392 1419
f 1392 1393 1420
f 1393 1394 1421
f 1217 1226 1401
f 1217 1401 1394
f 1226 1402 1401
f 1226 1228 1402
f 1227 1395 1396
f 1228 1229 1403
f 1230 1404 1395
f 1230 1399 1404
f 1229 1396 1403
f 1228 1403 1402
f 1395 1405 1396
f 1395 1404 1405
f 1233 1400 1397
f 1233 1398 1400
f 1397 1406 1399
f 1397 1400 1406
f 1394 1401 1428
f 1396 1429 1403
f 1396 1405 1429
f 1399 1407 1404
f 1401 1402 1431
f 1402 1403 1432
f 1403 1429 1432
f 1404 1430 1405
f 1404 1407 1430
f 1399 1406 1407
f 1400 1410 1406
f 1406 1410 1414
f 1406 1414 1407
f 1407 1414 1408
f 1241 1242 1398
f 1242 1409 1398
f 1398 1409 1400
f 1400 1409 1410
f 1409 1411 1410
f 1410 1411 1412
f 1242 1245 1409
f 1245 1411 1409
f 1245 1288 1411
f 1288 1453 1411
f 1411 1453 1412
f 1412 1453 1413
f 1410 1412 1414
f 1412 1415 1414
f 1408 1414 1415
f 1408 1415 1416
f 1415 1417 1416
f 1412 1413 1415
f 1413 1417 1415
f 1413 1455 1417
f 1416 1417 1418
f 1417 1458 1418
f 1418 1458 1459
f 1320 1419 1339
f 1392 1420 1419
f 1339 1419 1422
f 1393 1421 1420
f 1419 1420 1423
f 1420 1421 1424
f 1339 1422 1342
f 1419 1423 1422
f 1342 1422 1425
f 1342 1425 1345
f 1422 1426 1425
f 1420 1424 1423
f 1422 1423 1426
f 1423 1424 1427
f 1423 1427 1426
f 1345 1425 1470
f 1425 1426 1471
f 1426 1427 1472
f 1394 1428 1421
f 1401 1431 1428
f 1421 1428 1437
f 1402 1432 1431
f 1405 1433 1429
f 1405 1430 1433
f 1428 1431 1440
f 1429 1438 1432
f 1429 1433 1438
f 1431 1432 1441
f 1430 1434 1433
f 1407 1408 1430
f 1408 1434 1430
f 1408 1416 1434
f 1433 1434 1435
f 1434 1443 1435
f 1435 1443 1436
f 1421 1437 1424
f 1428 1440 1437
f 1424 1437 1446
f 1424 1446 1427
f 1437 1448 1446
f 1432 1438 1441
f 1431 1441 1440
f 1433 1435 1438
f 1435 1439 1438
f 1437 1440 1448
f 1438 1439 1441
f 1439 1442 1441
f 1440 1441 1450
f 1435 1436 1439
f 1436 1447 1439
f 1439 1447 1442
f 1441 1442 1449
f 1440 1450 1448
f 1441 1449 1450
f 1416 1443 1434
f 1416 1418 1443
f 1418 1444 1443
f 1436 1443 1444
f 1436 1444 1445
f 1436 1445 1447
f 1418 1459 1444
f 1444 1459 1477
f 1444 1477 1445
f 1445 1481 1447
f 1427 1446 1480
f 1442 1447 1451
f 1442 1452 1449
f 1442 1451 1452
f 1447 1481 1451
f 1451 1481 1482
f 1446 1448 1483
f 1449 1452 1484
f 1449 1485 1450
f 1448 1450 1486
f 1449 1484 1485
f 1451 1487 1452
f 1450 1485 1486
f 1288 1290 1453
f 1290 1454 1453
f 1413 1453 1454
f 1413 1454 1455
f 1290 1291 1454
f 1291 1456 1454
f 1454 1456 1455
f 1455 1456 1457
f 1456 1462 1457
f 1457 1462 1463
f 1417 1455 1458
f 1455 1457 1458
f 1457 1460 1458
f 1458 1460 1459
f 1459 1460 1461
f 1459 1461 1477
f 1457 1463 1460
f 1460 1463 1466
f 1460 1466 1461
f 1291 1300 1456
f 1300 1462 1456
f 1300 1302 1462
f 1302 1464 1462
f 1462 1464 1463
f 1463 1464 1465
f 1302 1615 1464
f 1464 1615 1796
f 1464 1796 1465
f 1463 1465 1466
f 1461 1466 1467
f 1461 1467 1489
f 1467 1468 1489
f 1465 1798 1466
f 1466 1798 1467
f 1467 1798 1799
f 1467 1799 1468
f 1345 1470 1469
f 1425 1471 1470
f 1469 1470 1474
f 1426 1472 1471
f 1470 1471 1475
f 1471 1472 1476
f 1469 1474 1473
f 1470 1475 1474
f 1471 1476 1475
f 1445 1477 1478
f 1445 1478 1481
f 1478 1479 1481
f 1461 1489 1477
f 1477 1489 1478
f 1478 1489 1490
f 1478 1490 1479
f 1427 1480 1472
f 1446 1483 1480
f 1472 1480 1492
f 1451 1482 1487
f 1479 1482 1481
f 1452 1487 1488
f 1448 1486 1483
f 1452 1488 1484
f 1479 1493 1482
f 1482 1495 1487
f 1484 1488 1494
f 1482 1493 1495
f 1480 1483 1499
f 1484 1496 1485
f 1484 1494 1496
f 1485 1500 1486
f 1483 1486 1501
f 1468 1490 1489
f 1479 1490 1491
f 1468 1813 1490
f 1490 1813 1491
f 1491 1813 1814
f 1491 1814 1498
f 1472 1492 1476
f 1480 1499 1492
f 1479 1491 1493
f 1487 1497 1488
f 1487 1495 1497
f 1491 1498 1493
f 1488 1818 1494
f 1485 1496 1500
f 1486 1500 1501
f 1483 1501 1499
f 1493 1498 1817
f 1493 1817 1495
f 1488 1497 1818
f 1495 1817 1819
f 1495 1819 1497
f 1494 1818 1820
f 1494 1821 1496
f 1496 1826 1500
f 1500 1827 1501
f 1295 1608 1607
f 1607 1608 1610
f 1607 1610 1611
f 1297 1607 1611
f 1297 1611 1614
f 1610 1624 1611
f 1611 1624 1612
f 1611 1612 1614
f 1612 1616 1614
f 1612 1626 1616
f 1297 1614 1301
f 1301 1614 1613
f 1613 1614 1616
f 1613 1617 1615
f 1613 1616 1617
f 1616 1631 1617
f 1615 1617 1618
f 1617 1632 1618
f 1612 1624 1625
f 1612 1625 1626
f 1625 1628 1626
f 1616 1626 1631
f 1626 1629 1631
f 1626 1628 1629
f 1628 1676 1629
f 1629 1630 1631
f 1629 1677 1630
f 1617 1631 1632
f 1630 1632 1631
f 1618 1633 1802
f 1618 1632 1633
f 1632 1682 1633
f 1630 1682 1632
f 1633 1683 1804
f 966 1650 1646
f 1646 1650 1648
f 1648 1650 1654
f 966 967 1649
f 966 1649 1650
f 967 1658 1649
f 1649 1658 1660
f 1649 1656 1650
f 1650 1656 1654
f 1649 1660 1656
f 1648 1654 1653
f 1653 1654 1655
f 1653 1655 1676
f 1654 1656 1657
f 1656 1660 1666
f 1656 1666 1657
f 1654 1657 1655
f 1655 1657 1678
f 1657 1666 1679
f 1658 1659 1661
f 1659 1662 1661
f 1658 1661 1660
f 1660 1661 1665
f 978 1662 1659
f 978 1663 1662
f 1661 1662 1668
f 1662 1664 1668
f 1662 1663 1664
f 1663 2684 1664
f 1660 1665 1666
f 1661 1668 1665
f 1665 1668 1670
f 1665 1667 1666
f 1666 1667 1679
f 1665 1670 1667
f 1667 1670 1687
f 1668 1669 1670
f 1664 1669 1668
f 1664 2690 1669
f 1669 1688 1670
f 1670 1688 1687
f 1669 2692 1688
f 1629 1676 1677
f 1655 1677 1676
f 1630 1677 1680
f 1655 1678 1677
f 1657 1679 1678
f 1678 1679 1681
f 1677 1678 1680
f 1678 1681 1680
f 1680 1681 1684
f 1630 1680 1682
f 1633 1682 1683
f 1683 1845 1804
f 1680 1684 1682
f 1682 1684 1683
f 1683 1684 1692
f 1683 1692 1845
f 1667 1685 1679
f 1679 1685 1681
f 1667 1687 1685
f 1685 1687 1686
f 1681 1685 1690
f 1681 1690 1684
f 1685 1686 1690
f 1687 1688 1689
f 1688 2692 2722
f 1688 2722 1689
f 1686 1687 1689
f 1686 1689 1694
f 1689 2722 2724
f 1689 2724 1694
f 1684 1690 1692
f 1686 1691 1690
f 1690 1691 1692
f 1692 1693 1845
f 1691 1693 1692
f 1686 1694 1691
f 1691 1694 1696
f 1694 2724 1695
f 1694 1695 1696
f 1691 1696 1693
f 1693 1696 1852
f 1695 1853 1696
f 1696 1853 1852
f 1384 1385 1723
f 1384 1723 1722
f 1385 1724 1723
f 1385 1386 1724
f 1386 1387 1725
f 1386 1725 1724
f 1722 1723 1763
f 1722 1763 1762
f 1723 1769 1763
f 1723 1724 1769
f 1724 1725 1788
f 1724 1788 1769
f 1387 1390 1738
f 1387 1738 1725
f 1390 1739 1738
f 1390 1391 1739
f 1391 1473 1809
f 1391 1809 1739
f 1725 1738 1789
f 1725 1789 1788
f 1738 1790 1789
f 1738 1739 1790
f 1739 1809 1791
f 1739 1791 1790
f 1762 1785 1784
f 1762 1763 1785
f 1763 1787 1785
f 1763 1769 1787
f 1769 1788 1792
f 1769 1792 1787
f 1784 1785 2823
f 1785 1787 2824
f 1787 1792 2853
f 1788 1789 1793
f 1788 1793 1792
f 1789 1794 1793
f 1789 1790 1794
f 1790 1791 1795
f 1790 1795 1794
f 1792 1793 2854
f 1793 1794 2855
f 1794 1795 2856
f 1615 1618 1796
f 1465 1796 1797
f 1465 1797 1798
f 1797 1800 1798
f 1796 1802 1797
f 1618 1802 1796
f 1797 1803 1800
f 1798 1800 1799
f 1468 1799 1801
f 1799 1800 1806
f 1799 1806 1801
f 1801 1806 1807
f 1801 1807 1815
f 1802 1804 1803
f 1797 1802 1803
f 1800 1803 1805
f 1633 1804 1802
f 1803 1804 1843
f 1803 1843 1805
f 1800 1805 1806
f 1806 1808 1807
f 1805 1808 1806
f 1805 1844 1808
f 1807 1847 1831
f 1807 1808 1847
f 1473 1474 1810
f 1473 1810 1809
f 1474 1811 1810
f 1474 1475 1811
f 1475 1476 1812
f 1475 1812 1811
f 1809 1810 1859
f 1791 1809 1859
f 1810 1860 1859
f 1810 1811 1860
f 1811 1812 1861
f 1811 1861 1860
f 1468 1801 1813
f 1801 1815 1813
f 1813 1815 1814
f 1498 1814 1822
f 1814 1815 1829
f 1814 1829 1822
f 1822 1829 1830
f 1476 1492 1816
f 1476 1816 1812
f 1492 1825 1816
f 1494 1820 1821
f 1497 1823 1818
f 1498 1824 1817
f 1497 1819 1823
f 1498 1822 1824
f 1818 1835 1820
f 1492 1499 1825
f 1496 1821 1826
f 1499 1501 1828
f 1500 1826 1827
f 1501 1827 1828
f 1817 1836 1819
f 1817 1824 1836
f 1818 1823 1835
f 1819 1838 1823
f 1820 1839 1821
f 1820 1835 1837
f 1499 1828 1825
f 1821 1840 1826
f 1807 1831 1815
f 1815 1831 1829
f 1829 1831 1832
f 1822 1830 1833
f 1829 1832 1830
f 1831 1848 1832
f 1830 1832 1865
f 1830 1866 1833
f 1830 1865 1866
f 1812 1816 1871
f 1812 1871 1861
f 1816 1874 1871
f 1822 1833 1824
f 1819 1836 1838
f 1823 1841 1835
f 1820 1837 1839
f 1824 1834 1836
f 1823 1838 1841
f 1821 1839 1840
f 1816 1825 1874
f 1826 1842 1827
f 1827 1875 1828
f 1826 1840 1842
f 1825 1828 1876
f 1824 1833 1834
f 1835 1872 1837
f 1836 1873 1838
f 1835 1841 1872
f 1834 1873 1836
f 1837 1879 1839
f 1827 1842 1875
f 1825 1876 1874
f 1828 1875 1876
f 1804 1845 1843
f 1805 1843 1844
f 1843 1846 1844
f 1843 1845 1846
f 1844 1851 1849
f 1844 1846 1851
f 1808 1849 1847
f 1808 1844 1849
f 1831 1847 1848
f 1847 1850 1848
f 1847 1849 1850
f 1849 1855 1850
f 1848 1850 1856
f 1693 1846 1845
f 1693 1852 1846
f 1846 1852 1851
f 1849 1851 1855
f 1852 1853 1854
f 1851 1852 1854
f 1851 1854 1855
f 1854 2952 1855
f 1850 1855 1857
f 1850 1857 1856
f 1856 1858 1882
f 1855 2952 1857
f 1856 1857 1858
f 1858 2958 1882
f 1791 1859 1862
f 1791 1862 1795
f 1859 1863 1862
f 1859 1860 1863
f 1860 1864 1863
f 1860 1861 1864
f 1795 1862 2975
f 1862 1863 2976
f 1863 1864 2977
f 1832 1848 1867
f 1832 1867 1865
f 1833 1868 1834
f 1833 1866 1868
f 1834 1884 1873
f 1848 1856 1867
f 1867 1882 1869
f 1865 1867 1869
f 1865 1869 1883
f 1865 1883 1866
f 1834 1868 1884
f 1870 1885 1872
f 1866 1889 1868
f 1873 1884 1886
f 1861 1871 1894
f 1861 1894 1864
f 1871 1895 1894
f 1838 1878 1841
f 1837 1872 1877
f 1838 1873 1878
f 1837 1877 1879
f 1839 1880 1840
f 1840 1881 1842
f 1841 1870 1872
f 1839 1879 1880
f 1841 1878 1870
f 1840 1880 1881
f 1842 1896 1875
f 1875 1897 1876
f 1872 1885 1877
f 1873 1886 1878
f 1877 1893 1879
f 1871 1874 1895
f 1874 1898 1895
f 1842 1881 1896
f 1874 1876 1898
f 1875 1896 1897
f 1876 1897 1898
f 1856 1882 1867
f 1869 1882 1887
f 1866 1883 1889
f 1870 1878 1891
f 1868 1892 1884
f 1877 1885 1890
f 1878 1886 1891
f 1869 1888 1883
f 1868 1889 1892
f 1869 1887 1888
f 1877 1890 1893
f 1870 2995 1885
f 1882 2958 1887
f 1883 1888 2992
f 1883 2992 1889
f 1884 2994 1886
f 1870 1891 2995
f 1884 1892 2994
f 1889 2998 1892
f 1885 2996 1890
f 1886 3000 1891
f 1885 2995 2996
f 1864 1894 3004
f 1894 1895 3009
f 1879 1899 1880
f 1879 1893 1899
f 1880 3005 1881
f 1881 3006 1896
f 1880 1899 3005
f 1881 3005 3006
f 1896 3006 3007
f 1897 1896 3007
f 1897 3008 1898
f 1895 1898 3010
f 1906 1920 1908
f 1908 1921 1909
f 1909 1928 1929
f 1908 1920 1921
f 1921 1928 1909
f 1928 1932 1929
f 1920 1952 1921
f 1921 1953 1928
f 1928 1955 1932
f 1929 1932 1930
f 1930 1933 1931
f 1931 1934 1981
f 1930 1932 1933
f 1933 1934 1931
f 1934 1985 1981
f 1932 1957 1933
f 1933 1958 1934
f 1934 1959 1985
f 1921 1952 1953
f 1928 1953 1955
f 1955 1957 1932
f 1952 2240 1953
f 1953 2240 2249
f 1953 2249 1955
f 1955 2250 1957
f 1955 2249 2250
f 1933 1957 1958
f 1934 1958 1959
f 1959 2029 1985
f 1957 2263 1958
f 1958 2264 1959
f 1957 2250 2263
f 1958 2263 2264
f 1959 2265 2029
f 1959 2264 2265
f 2265 2287 2029
f 1981 1985 1982
f 1982 1986 1983
f 1983 1987 1984
f 1982 1985 1986
f 1986 1987 1983
f 1984 1987 1988
f 1985 2029 1986
f 1986 2030 1987
f 1987 2031 1988
f 1984 1988 1989
f 1989 2003 1990
f 1990 2004 1991
f 1991 2005 1992
f 786 1993 1996
f 787 1996 1997
f 791 2002 792
f 788 1997 2000
f 791 2000 2002
f 792 2002 1995
f 793 2001 1994
f 793 1998 2001
f 794 1999 2016
f 1992 2008 1993
f 1993 2007 1996
f 1995 2006 1998
f 1994 2021 1999
f 1994 2001 2021
f 1995 2002 2006
f 1988 2003 1989
f 2003 2004 1990
f 1991 2004 2005
f 1988 2032 2003
f 2003 2033 2004
f 1992 2005 2008
f 1993 2008 2007
f 1996 2010 1997
f 1997 2011 2000
f 1998 2009 2001
f 1998 2006 2009
f 1997 2010 2011
f 1996 2007 2010
f 2000 2038 2002
f 2002 2038 2006
f 2004 2034 2005
f 2005 2035 2008
f 2000 2011 2038
f 794 2016 2012
f 829 2017 2013
f 829 2014 2017
f 2013 2017 2015
f 2012 2022 2014
f 2012 2016 2022
f 2015 2023 2019
f 2015 2017 2023
f 833 2019 2018
f 833 2015 2019
f 2018 2020 2152
f 2018 2019 2020
f 2019 2027 2020
f 2020 2159 2152
f 1999 2024 2016
f 1999 2021 2024
f 2014 2022 2025
f 2014 2025 2017
f 2017 2025 2023
f 2001 2039 2021
f 2016 2040 2022
f 2023 2026 2027
f 2001 2009 2039
f 2016 2024 2040
f 2006 2038 2043
f 2006 2043 2009
f 2021 2041 2024
f 2021 2039 2041
f 2022 2042 2025
f 2022 2040 2042
f 2023 2025 2026
f 2019 2023 2027
f 2020 2028 2159
f 2020 2027 2028
f 2026 2047 2027
f 2027 2047 2028
f 1986 2029 2030
f 1987 2030 2031
f 1988 2031 2032
f 2029 2287 2030
f 2030 2288 2031
f 2030 2287 2288
f 2031 2289 2032
f 2031 2288 2289
f 2032 2289 2290
f 2032 2033 2003
f 2004 2033 2034
f 2005 2034 2035
f 2007 2008 2036
f 2008 2035 2036
f 2007 2037 2010
f 2010 2050 2011
f 2007 2036 2037
f 2010 2037 2050
f 2032 2290 2033
f 2033 2295 2034
f 2033 2290 2295
f 2034 2295 2296
f 2034 2296 2035
f 2035 2299 2036
f 2036 2297 2037
f 2035 2296 2299
f 2036 2299 2297
f 2009 2044 2039
f 2024 2045 2040
f 2025 2042 2026
f 2011 2051 2038
f 2009 2043 2044
f 2024 2041 2045
f 2026 2042 2046
f 2026 2046 2047
f 2038 2051 2043
f 2040 2053 2042
f 2039 2052 2041
f 2011 2050 2051
f 2039 2044 2052
f 2040 2045 2053
f 2042 2053 2046
f 2028 2047 2048
f 2028 2048 2161
f 2046 2049 2047
f 2047 2049 2048
f 2048 2049 2056
f 2048 2056 2194
f 2043 2054 2044
f 2041 2055 2045
f 2043 2051 2054
f 2041 2052 2055
f 2044 2302 2052
f 2046 2053 2057
f 2045 2303 2053
f 2037 2298 2050
f 2044 2054 2302
f 2050 2300 2051
f 2037 2297 2298
f 2051 2300 2054
f 2045 2055 2303
f 2053 2303 2057
f 2052 2301 2055
f 2052 2302 2301
f 2046 2057 2049
f 2049 2057 2058
f 2049 2058 2056
f 2057 2303 2306
f 2057 2306 2058
f 2056 2058 2448
f 939 2152 2153
f 939 2153 2154
f 2153 2157 2154
f 2152 2159 2153
f 2153 2160 2157
f 2154 2155 2156
f 2154 2157 2155
f 2155 2172 2156
f 2155 2158 2172
f 2155 2157 2162
f 2155 2162 2158
f 2158 2162 2163
f 2153 2159 2160
f 2159 2161 2160
f 2157 2160 2164
f 2028 2161 2159
f 2160 2161 2193
f 2160 2193 2164
f 2157 2164 2162
f 2162 2165 2163
f 2162 2164 2165
f 2164 2196 2165
f 2163 2165 2197
f 972 2156 2172
f 972 2172 2173
f 2158 2175 2172
f 972 2173 974
f 2172 2175 2173
f 2173 2175 2177
f 2158 2174 2175
f 2158 2163 2174
f 2174 2179 2175
f 2175 2179 2177
f 2174 2181 2179
f 974 2173 2176
f 974 2176 979
f 2173 2177 2176
f 979 2176 2683
f 2176 2177 2178
f 2176 2178 2683
f 2177 2179 2180
f 2179 2181 2187
f 2179 2187 2180
f 2177 2180 2178
f 2178 2180 2686
f 2180 2187 2687
f 2163 2182 2174
f 2174 2182 2181
f 2181 2182 2183
f 2163 2197 2182
f 2182 2214 2183
f 2181 2186 2187
f 2181 2183 2186
f 2186 2188 2187
f 2187 2188 2687
f 2186 2191 2188
f 2183 2221 2186
f 2186 2221 2191
f 2192 2191 2221
f 2048 2194 2161
f 2161 2194 2193
f 2164 2193 2196
f 2193 2194 2195
f 2193 2195 2196
f 2195 2201 2196
f 2165 2196 2198
f 2165 2198 2197
f 2196 2201 2198
f 2197 2198 2215
f 2056 2199 2194
f 2194 2199 2195
f 2195 2199 2200
f 2195 2200 2201
f 2056 2448 2199
f 2199 2448 2449
f 2199 2449 2200
f 2198 2201 2202
f 2198 2202 2215
f 2202 2232 2215
f 2200 2203 2201
f 2203 2202 2201
f 2232 2452 2465
f 2203 2452 2202
f 2202 2452 2232
f 2182 2197 2214
f 2197 2215 2214
f 2183 2214 2216
f 2214 2215 2230
f 2214 2230 2216
f 2216 2230 2217
f 2183 2216 2221
f 2216 2222 2221
f 2192 2221 2222
f 2192 2222 2224
f 2222 2225 2224
f 2216 2217 2222
f 2217 2225 2222
f 2224 2225 2228
f 2225 2235 2228
f 2228 2235 2229
f 2215 2232 2230
f 2230 2232 2231
f 2217 2230 2231
f 2217 2231 2234
f 2231 2232 2465
f 2233 2231 2465
f 2233 2467 2238
f 2233 2234 2231
f 2233 2238 2234
f 2217 2234 2225
f 2225 2234 2235
f 2234 2238 2235
f 2235 2238 2236
f 2229 2235 2236
f 2229 2236 2763
f 2237 2238 2467
f 2237 2236 2238
f 2237 2239 2236
f 2239 2472 2765
f 2472 2764 2765
f 2239 2763 2236
f 2239 2765 2763
f 2240 2253 2249
f 2249 2256 2250
f 2253 2256 2249
f 2250 2257 2263
f 2250 2256 2257
f 2253 2271 2256
f 2256 2274 2257
f 2257 2266 2263
f 2263 2266 2264
f 2264 2266 2267
f 2264 2267 2265
f 2267 2268 2265
f 2265 2268 2287
f 2268 2291 2287
f 2257 2275 2266
f 2266 2280 2267
f 2267 2281 2268
f 2268 2282 2291
f 2256 2271 2274
f 2257 2274 2275
f 2271 2277 2274
f 2274 2278 2275
f 2277 2278 2274
f 2275 2278 2279
f 2275 2280 2266
f 2267 2280 2281
f 2268 2281 2282
f 2282 2318 2291
f 2275 2279 2280
f 2280 2283 2281
f 2279 2283 2280
f 2281 2283 2284
f 2281 2284 2282
f 2282 2285 2318
f 2284 2285 2282
f 2285 2286 2318
f 2287 2291 2288
f 2288 2291 2292
f 2288 2292 2289
f 2292 2293 2289
f 2289 2293 2290
f 2290 2294 2295
f 2290 2293 2294
f 2291 2318 2292
f 2292 2319 2293
f 2293 2320 2294
f 2294 2321 2308
f 2294 2308 2295
f 2295 2308 2296
f 2308 2309 2296
f 2050 2298 2300
f 2054 2305 2302
f 2055 2304 2303
f 2054 2300 2305
f 2055 2301 2304
f 2304 2306 2303
f 2309 2299 2296
f 2297 2299 2310
f 2297 2312 2298
f 2309 2310 2299
f 2301 2302 2311
f 2305 2311 2302
f 2298 2315 2300
f 2301 2316 2304
f 2058 2306 2307
f 2058 2307 2448
f 2307 2450 2448
f 2306 2313 2307
f 2304 2313 2306
f 2307 2314 2450
f 2308 2325 2309
f 2309 2326 2310
f 2297 2310 2312
f 2300 2315 2305
f 2298 2312 2315
f 2301 2311 2316
f 2305 2327 2311
f 2310 2329 2312
f 2304 2316 2313
f 2307 2313 2314
f 2313 2317 2314
f 2305 2315 2327
f 2313 2316 2317
f 2311 2328 2316
f 2311 2327 2328
f 2316 2328 2317
f 2314 2317 2496
f 2292 2318 2319
f 2293 2319 2320
f 2294 2320 2321
f 2286 2319 2318
f 2319 2322 2320
f 2286 2322 2319
f 2322 2323 2320
f 2320 2323 2321
f 2321 2324 2325
f 2321 2323 2324
f 2324 2332 2325
f 2321 2325 2308
f 2309 2325 2326
f 2315 2330 2327
f 2312 2330 2315
f 2310 2326 2329
f 2312 2329 2330
f 2317 2331 2496
f 2317 2328 2331
f 2328 2327 2334
f 2327 2330 2334
f 2328 2334 2331
f 2325 2332 2326
f 2326 2333 2329
f 2326 2332 2333
f 2333 2335 2329
f 2329 2335 2330
f 2331 2334 2509
f 2330 2335 2334
f 2334 2335 2509
f 2277 2395 2278
f 2278 2395 2396
f 2278 2396 2279
f 2279 2396 2397
f 2395 2403 2396
f 2403 2404 2396
f 2396 2404 2397
f 2397 2404 2405
f 2403 2431 2404
f 2404 2433 2405
f 2279 2397 2283
f 2283 2397 2406
f 2283 2406 2284
f 2284 2406 2407
f 2284 2407 2285
f 2285 2407 2408
f 2285 2408 2286
f 2286 2408 2409
f 2397 2405 2406
f 2405 2410 2406
f 2406 2410 2407
f 2407 2410 2411
f 2405 2434 2410
f 2410 2442 2411
f 2407 2411 2408
f 2411 2412 2408
f 2408 2412 2409
f 2409 2412 2413
f 2411 2443 2412
f 2412 2444 2413
f 2404 2431 2433
f 2405 2433 2434
f 2431 2439 2433
f 2433 2440 2434
f 2439 2440 2433
f 2434 2440 2441
f 2439 3235 2440
f 2440 3236 2441
f 2434 2442 2410
f 2411 2442 2443
f 2434 2441 2442
f 2442 2445 2443
f 2412 2443 2444
f 2413 2444 2524
f 2443 2446 2444
f 2444 2447 2524
f 2441 2445 2442
f 2443 2445 2446
f 2441 3237 2445
f 2445 3243 2446
f 2446 2447 2444
f 2447 2528 2524
f 2446 3244 2447
f 2447 3245 2528
f 2448 2450 2449
f 2200 2449 2451
f 2449 2450 2456
f 2449 2456 2451
f 2451 2456 2460
f 2200 2451 2203
f 2203 2451 2453
f 2203 2453 2452
f 2452 2454 2465
f 2451 2460 2453
f 2452 2453 2454
f 2454 2455 2466
f 2453 2459 2454
f 2454 2459 2455
f 2450 2457 2456
f 2314 2457 2450
f 2456 2458 2460
f 2314 2496 2457
f 2456 2457 2458
f 2458 2462 2460
f 2457 2498 2458
f 2458 2497 2462
f 2453 2460 2459
f 2459 2460 2462
f 2459 2462 2461
f 2455 2459 2461
f 2455 2461 2477
f 2461 2462 2463
f 2463 2462 2497
f 2461 2463 2464
f 2461 2464 2477
f 2464 2480 2477
f 2464 2502 2480
f 2233 2465 2466
f 2454 2466 2465
f 2466 2468 2467
f 2233 2466 2467
f 2237 2467 2469
f 2467 2468 2469
f 2455 2468 2466
f 2455 2477 2468
f 2469 2470 2471
f 2468 2476 2469
f 2469 2476 2470
f 2237 2471 2239
f 2237 2469 2471
f 2471 2474 2472
f 2239 2471 2472
f 2472 2473 2764
f 2472 2474 2473
f 2470 2474 2471
f 2470 2478 2474
f 2474 2478 2483
f 2473 2474 2483
f 2473 2475 3315
f 2473 2483 2475
f 2468 2477 2476
f 2476 2477 2480
f 2476 2480 2479
f 2470 2476 2479
f 2470 2479 2478
f 2478 2479 2482
f 2478 2482 2487
f 2479 2480 2481
f 2479 2481 2482
f 2481 2480 2502
f 2481 2532 2482
f 2488 2487 2533
f 2482 2533 2487
f 2478 2487 2483
f 2483 2487 2485
f 2475 2483 2485
f 2475 2485 2484
f 2484 2485 2489
f 2484 2489 2486
f 2485 2487 2488
f 2485 2488 2489
f 2488 2539 2489
f 2489 2539 2540
f 2486 2489 2540
f 2486 2540 3326
f 2286 2409 2322
f 2409 2490 2322
f 2322 2490 2323
f 2323 2490 2491
f 2323 2491 2324
f 2324 2491 2492
f 2324 2492 2332
f 2332 2492 2507
f 2409 2413 2490
f 2413 2493 2490
f 2490 2493 2491
f 2493 2494 2491
f 2413 2524 2493
f 2493 2525 2494
f 2491 2494 2492
f 2492 2494 2495
f 2492 2495 2507
f 2495 2516 2507
f 2494 2526 2495
f 2495 2527 2516
f 2457 2496 2498
f 2496 2499 2498
f 2458 2498 2497
f 2497 2498 2500
f 2497 2500 2504
f 2331 2499 2496
f 2498 2499 2500
f 2499 2510 2500
f 2500 2511 2504
f 2504 2511 2505
f 2463 2497 2504
f 2463 2501 2464
f 2463 2504 2501
f 2464 2501 2502
f 2501 2506 2502
f 2502 2506 2503
f 2501 2504 2505
f 2501 2505 2506
f 2505 2518 2506
f 2506 2518 2519
f 2503 2506 2519
f 2503 2519 2536
f 2332 2507 2333
f 2333 2507 2508
f 2333 2508 2335
f 2335 2508 2515
f 2331 2509 2499
f 2499 2509 2510
f 2500 2510 2511
f 2505 2511 2512
f 2510 2514 2511
f 2511 2514 2512
f 2509 2513 2510
f 2510 2513 2514
f 2335 2513 2509
f 2335 2515 2513
f 2513 2521 2514
f 2512 2514 2522
f 2513 2515 2521
f 2507 2516 2508
f 2508 2516 2517
f 2508 2517 2515
f 2517 2523 2515
f 2516 2545 2517
f 2517 2546 2523
f 2505 2512 2518
f 2512 2520 2518
f 2512 2522 2520
f 2518 2547 2519
f 2518 2520 2547
f 2520 2522 2548
f 2514 2521 2522
f 2515 2523 2521
f 2521 2550 2522
f 2521 2523 2550
f 2522 2550 2548
f 2493 2524 2525
f 2494 2525 2526
f 2524 2528 2525
f 2525 2529 2526
f 2495 2526 2527
f 2527 2545 2516
f 2526 2530 2527
f 2527 2531 2545
f 2525 2528 2529
f 2529 2530 2526
f 2528 3246 2529
f 2529 3383 2530
f 2527 2530 2531
f 2531 2553 2545
f 2530 3384 2531
f 2531 3385 2553
f 2481 2502 2503
f 2481 2503 2532
f 2532 2535 2533
f 2482 2532 2533
f 2488 2533 2534
f 2533 2535 2534
f 2503 2536 2532
f 2532 2536 2535
f 2535 2536 2537
f 2519 2538 2536
f 2534 2535 2542
f 2535 2537 2542
f 2536 2538 2537
f 2488 2534 2539
f 2534 2541 2539
f 2534 2542 2541
f 2539 3389 2540
f 2539 2541 3389
f 2541 2542 3390
f 2537 2543 2542
f 2537 2538 2544
f 2538 2555 2544
f 2537 2544 2543
f 2542 2543 3390
f 2544 2555 3392
f 2517 2545 2546
f 2523 2546 2551
f 2545 2553 2546
f 2546 2554 2551
f 2519 2547 2538
f 2520 2549 2547
f 2520 2548 2549
f 2538 2547 2555
f 2547 2549 2555
f 2548 2556 2549
f 2548 2552 2556
f 2523 2551 2550
f 2548 2550 2552
f 2550 2551 2552
f 2546 2553 2554
f 2554 2559 2551
f 2553 3402 2554
f 2554 3403 2559
f 2549 2557 2555
f 2549 2556 2557
f 2552 2558 2556
f 2555 2557 3392
f 2556 3404 2557
f 2556 2558 3404
f 2551 2559 2552
f 2552 2559 2558
f 2558 2559 3407
f 1663 2683 2684
f 2683 2685 2684
f 2178 2685 2683
f 1664 2684 2690
f 2684 2685 2691
f 2685 2688 2691
f 2178 2686 2685
f 2180 2687 2686
f 2686 2687 2689
f 2685 2686 2688
f 2686 2689 2688
f 2688 2689 2695
f 2684 2691 2690
f 2690 2691 2693
f 2691 2694 2693
f 1669 2690 2692
f 2690 2693 2692
f 2692 2693 2723
f 2693 2696 2723
f 2688 2694 2691
f 2688 2695 2694
f 2694 2695 2697
f 2693 2694 2696
f 2694 2697 2696
f 2188 2700 2687
f 2687 2700 2689
f 2188 2191 2704
f 2188 2704 2700
f 2689 2700 2708
f 2689 2708 2695
f 2700 2704 2702
f 2700 2702 2708
f 2695 2708 2711
f 2702 2709 2708
f 2708 2709 2711
f 2695 2711 2697
f 2697 2711 2738
f 2709 2712 2711
f 2711 2712 2738
f 2692 2723 2722
f 2722 2723 2725
f 2723 2727 2725
f 2722 2725 2724
f 2724 2725 2729
f 2725 2727 2731
f 2696 2727 2723
f 2696 2726 2727
f 2696 2697 2726
f 2697 2738 2726
f 2727 2728 2731
f 2726 2728 2727
f 2726 2741 2728
f 1695 2724 2729
f 2725 2731 2729
f 2729 2731 2733
f 1695 2729 2730
f 1695 2730 1853
f 2729 2733 2730
f 2730 2733 2951
f 2728 2732 2731
f 2731 2732 2733
f 2728 2745 2732
f 2732 2745 2747
f 2732 2734 2733
f 2733 2734 2951
f 2732 2747 2734
f 2734 2747 2965
f 2726 2738 2741
f 2738 2739 2741
f 2712 2739 2738
f 2728 2741 2745
f 2741 2742 2745
f 2739 2742 2741
f 2745 2746 2747
f 2742 2746 2745
f 2746 2966 2747
f 2747 2966 2965
f 1784 2823 2822
f 1785 2824 2823
f 1787 2853 2824
f 2822 2823 2851
f 2822 2851 2850
f 2823 2824 2852
f 2823 2852 2851
f 2824 2853 2867
f 2824 2867 2852
f 1792 2854 2853
f 1793 2855 2854
f 1794 2856 2855
f 2853 2868 2867
f 2853 2854 2868
f 2854 2869 2868
f 2854 2855 2869
f 2855 2856 2870
f 2855 2870 2869
f 2850 2851 2932
f 2850 2932 2931
f 2851 2852 2933
f 2852 2867 2934
f 2851 2933 2932
f 2852 2934 2933
f 2931 2932 3521
f 2931 3521 3520
f 2932 2933 3522
f 2932 3522 3521
f 2933 3533 3522
f 2867 2868 2935
f 2867 2935 2934
f 2868 2936 2935
f 2868 2869 2936
f 2869 2870 2937
f 2869 2937 2936
f 2933 2934 3533
f 2934 3534 3533
f 2934 2935 3534
f 2935 2936 3535
f 2935 3535 3534
f 2936 2937 3536
f 2936 3536 3535
f 1853 2730 2950
f 1853 2950 1854
f 2730 2951 2950
f 2950 2951 2953
f 1854 2950 2952
f 2950 2953 2952
f 2952 2953 2957
f 2734 2954 2951
f 2951 2954 2953
f 2734 2965 2954
f 2954 2965 2956
f 2953 2954 2955
f 2953 2955 2957
f 2954 2956 2955
f 1857 2952 2957
f 1857 2957 1858
f 1858 2957 2960
f 1858 2960 2958
f 2955 2960 2957
f 2955 2956 2959
f 2955 2959 2960
f 2958 2960 2961
f 2959 2961 2960
f 2965 2966 2968
f 2956 2965 2968
f 2956 2968 2972
f 2956 2972 2959
f 2959 2972 2974
f 2959 2974 2961
f 2961 2974 3016
f 1795 2975 2856
f 1862 2976 2975
f 1863 2977 2976
f 2856 2975 2989
f 2856 2989 2870
f 2975 2990 2989
f 2975 2976 2990
f 2976 2991 2990
f 2976 2977 2991
f 1887 2958 2993
f 1887 2997 1888
f 1889 2992 2998
f 2958 2961 2993
f 1887 2993 2997
f 1888 3015 2992
f 1886 2994 3000
f 1890 3003 1893
f 1890 2996 3001
f 1891 3002 2995
f 1892 2999 2994
f 1891 3000 3002
f 1892 2998 2999
f 1890 3001 3003
f 1888 2997 3015
f 2992 3015 3017
f 2961 3016 2993
f 2993 3024 2997
f 2992 3017 2998
f 2995 3019 2996
f 2994 3018 3000
f 2995 3002 3019
f 1893 3003 3020
f 2994 2999 3018
f 2996 3021 3001
f 3000 3026 3002
f 1864 3004 2977
f 1894 3009 3004
f 1893 3020 1899
f 1899 3032 3005
f 1895 3010 3009
f 1897 3007 3008
f 1898 3008 3010
f 1899 3020 3032
f 3005 3033 3006
f 3006 3034 3007
f 3005 3032 3033
f 3006 3033 3034
f 3008 3037 3010
f 3007 3035 3008
f 2997 3027 3015
f 2993 3016 3024
f 2998 3025 2999
f 3000 3018 3026
f 2997 3024 3027
f 2998 3017 3025
f 2999 3084 3018
f 3002 3026 3029
f 3002 3029 3019
f 2996 3019 3021
f 3001 3030 3003
f 3001 3021 3028
f 3020 3088 3032
f 3003 3087 3020
f 3015 3067 3017
f 3015 3027 3067
f 2999 3025 3084
f 3021 3019 3086
f 3017 3069 3025
f 3018 3084 3085
f 3018 3085 3026
f 3019 3029 3086
f 3021 3090 3028
f 3001 3028 3030
f 3003 3030 3087
f 3020 3087 3088
f 3032 3088 3089
f 2977 3004 3031
f 2977 3031 2991
f 3004 3009 3036
f 3004 3036 3031
f 3007 3034 3035
f 3009 3038 3036
f 3009 3010 3038
f 3008 3035 3037
f 3010 3037 3038
f 3032 3089 3033
f 3034 3033 3093
f 3034 3094 3035
f 3070 3077 3084
f 3078 3080 3091
f 3078 3085 3077
f 3080 3098 3091
f 3097 3098 3634
f 3080 3634 3098
f 3079 3097 3635
f 2870 2989 3081
f 2870 3081 2937
f 2989 3082 3081
f 2989 2990 3082
f 2990 2991 3083
f 2990 3083 3082
f 2991 3106 3083
f 2937 3081 3670
f 2937 3670 3536
f 3081 3082 3671
f 3081 3671 3670
f 3082 3083 3672
f 3082 3672 3671
f 3083 3682 3672
f 3017 3067 3069
f 3025 3070 3084
f 3026 3085 3091
f 3026 3091 3029
f 3021 3086 3090
f 3025 3069 3070
f 3029 3098 3086
f 3028 3099 3030
f 3028 3090 3092
f 3030 3100 3087
f 3077 3085 3084
f 3029 3091 3098
f 3028 3092 3099
f 3086 3097 3090
f 3078 3091 3085
f 3086 3098 3097
f 3030 3099 3100
f 3087 3101 3088
f 3089 3088 3102
f 3087 3100 3101
f 3089 3103 3093
f 2991 3031 3106
f 3031 3036 3107
f 3031 3107 3106
f 3033 3089 3093
f 3034 3093 3094
f 3035 3095 3037
f 3035 3094 3095
f 3036 3038 3108
f 3037 3096 3038
f 3037 3095 3096
f 3036 3108 3107
f 3038 3096 3108
f 3092 3676 3099
f 3079 3092 3090
f 3079 3090 3097
f 3093 3103 3104
f 3094 3104 3105
f 3088 3101 3102
f 3089 3102 3103
f 3079 3633 3092
f 3092 3633 3676
f 3099 3677 3100
f 3101 3100 3678
f 3099 3676 3677
f 3101 3679 3102
f 3102 3680 3103
f 3083 3106 3682
f 3106 3683 3682
f 3106 3107 3683
f 3107 3686 3683
f 3095 3684 3096
f 3096 3685 3108
f 3093 3104 3094
f 3094 3105 3095
f 3095 3105 3684
f 3107 3108 3686
f 3096 3684 3685
f 3108 3685 3686
f 2440 3235 3236
f 2441 3236 3237
f 3235 3239 3236
f 3236 3241 3237
f 3239 3241 3236
f 3237 3241 3242
f 3239 3268 3241
f 3241 3268 3270
f 3241 3270 3242
f 3242 3270 3271
f 2445 3237 3243
f 2446 3243 3244
f 3237 3242 3243
f 3243 3247 3244
f 2447 3244 3245
f 2528 3245 3246
f 3244 3248 3245
f 3245 3249 3246
f 3242 3247 3243
f 3244 3247 3248
f 3242 3271 3247
f 3271 3276 3247
f 3247 3276 3248
f 3248 3276 3277
f 3248 3249 3245
f 3246 3249 3250
f 3248 3277 3249
f 3249 3277 3278
f 3249 3278 3250
f 3250 3278 3279
f 3268 3272 3270
f 3272 3274 3270
f 3270 3274 3271
f 3271 3274 3275
f 3274 3564 3565
f 3272 3564 3274
f 3275 3565 3566
f 3274 3565 3275
f 3271 3275 3276
f 3275 3280 3276
f 3276 3280 3277
f 3277 3280 3281
f 3277 3281 3278
f 3281 3282 3278
f 3278 3282 3279
f 3279 3282 3283
f 3280 3566 3573
f 3275 3566 3280
f 3281 3573 3574
f 3280 3573 3281
f 3282 3574 3575
f 3281 3574 3282
f 3283 3575 3576
f 3282 3575 3283
f 2473 3315 2764
f 2475 3316 3315
f 2475 2484 3316
f 2484 3317 3316
f 2484 2486 3317
f 2486 3324 3317
f 2486 3326 3324
f 3324 3326 3325
f 2540 3328 3326
f 3326 3335 3325
f 3325 3335 3327
f 3326 3328 3335
f 3327 3335 3333
f 3327 3333 3334
f 3328 3338 3335
f 3328 3395 3338
f 3333 3335 3338
f 3334 3336 3337
f 3333 3336 3334
f 3333 3361 3336
f 3333 3338 3361
f 3338 3395 3362
f 3338 3362 3361
f 3359 3376 3373
f 3336 3360 3337
f 3337 3360 3358
f 3358 3360 3364
f 3336 3363 3360
f 3336 3361 3363
f 3361 3366 3363
f 3361 3362 3366
f 3358 3364 3359
f 3360 3363 3365
f 3360 3365 3364
f 3359 3364 3376
f 3363 3366 3378
f 3362 3420 3366
f 3363 3378 3365
f 3366 3426 3378
f 3373 3380 3374
f 3374 3641 3375
f 3374 3380 3641
f 3364 3377 3376
f 3364 3365 3377
f 3373 3376 3380
f 3376 3377 3381
f 3365 3379 3377
f 3365 3378 3379
f 3378 3429 3379
f 3378 3426 3429
f 3376 3381 3380
f 3377 3382 3381
f 3380 3646 3641
f 3380 3381 3646
f 3377 3379 3382
f 3379 3429 3647
f 3379 3647 3382
f 2529 3246 3383
f 2530 3383 3384
f 3246 3250 3383
f 3383 3386 3384
f 2531 3384 3385
f 2553 3385 3402
f 3384 3387 3385
f 3385 3388 3402
f 3250 3386 3383
f 3386 3387 3384
f 3250 3279 3386
f 3279 3413 3386
f 3386 3413 3387
f 3387 3413 3414
f 3385 3387 3388
f 3388 3408 3402
f 3387 3414 3388
f 3388 3414 3415
f 3388 3415 3408
f 3415 3435 3408
f 2540 3389 3328
f 2541 3391 3389
f 2541 3390 3391
f 3328 3389 3395
f 3389 3391 3395
f 3390 3396 3391
f 3390 3393 3396
f 2543 2544 3394
f 2543 3393 3390
f 2543 3394 3393
f 2544 3392 3394
f 3393 3394 3400
f 3392 3399 3394
f 3392 3405 3399
f 3391 3397 3395
f 3391 3396 3397
f 3393 3398 3396
f 3362 3395 3397
f 3396 3419 3397
f 3396 3398 3419
f 3393 3400 3398
f 3394 3399 3400
f 3399 3405 3401
f 3398 3400 3422
f 3400 3423 3422
f 3399 3423 3400
f 3399 3401 3423
f 2554 3402 3403
f 2559 3403 3407
f 3402 3408 3403
f 3403 3409 3407
f 2557 3405 3392
f 2557 3404 3405
f 2558 3406 3404
f 2558 3407 3406
f 3404 3410 3405
f 3404 3406 3410
f 3406 3407 3411
f 3403 3408 3409
f 3409 3411 3407
f 3408 3435 3409
f 3409 3435 3436
f 3409 3436 3411
f 3411 3436 3438
f 3401 3405 3410
f 3406 3412 3410
f 3406 3411 3412
f 3401 3410 3437
f 3410 3412 3437
f 3411 3438 3412
f 3279 3283 3413
f 3283 3416 3413
f 3413 3416 3414
f 3416 3417 3414
f 3414 3417 3415
f 3415 3417 3418
f 3415 3418 3435
f 3418 3440 3435
f 3576 3697 3416
f 3283 3576 3416
f 3417 3697 3698
f 3416 3697 3417
f 3418 3698 3699
f 3417 3698 3418
f 3440 3699 3729
f 3418 3699 3440
f 3362 3397 3420
f 3397 3419 3420
f 3398 3421 3419
f 3398 3422 3421
f 3366 3420 3426
f 3419 3427 3420
f 3419 3421 3427
f 3421 3422 3428
f 3422 3423 3424
f 3401 3425 3423
f 3401 3437 3425
f 3422 3424 3428
f 3423 3425 3424
f 3425 3437 3432
f 3420 3427 3426
f 3426 3430 3429
f 3426 3427 3430
f 3421 3431 3427
f 3421 3428 3431
f 3427 3431 3430
f 3429 3430 3706
f 3429 3706 3647
f 3430 3431 3707
f 3428 3708 3431
f 3428 3433 3708
f 3424 3433 3428
f 3424 3434 3433
f 3424 3425 3434
f 3425 3432 3434
f 3433 3434 3713
f 3432 3714 3434
f 3432 3443 3714
f 3435 3440 3436
f 3436 3440 3441
f 3436 3441 3438
f 3441 3442 3438
f 3412 3439 3437
f 3412 3438 3439
f 3432 3437 3439
f 3438 3442 3439
f 3441 3729 3730
f 3440 3729 3441
f 3442 3730 3731
f 3441 3730 3442
f 3432 3439 3443
f 3439 3442 3443
f 3442 3731 3443
f 3520 3521 3531
f 3521 3522 3532
f 3520 3531 3530
f 3521 3532 3531
f 3522 3537 3532
f 3522 3533 3537
f 3533 3534 3538
f 3534 3535 3539
f 3535 3536 3540
f 3533 3538 3537
f 3534 3539 3538
f 3535 3540 3539
f 3564 3567 3565
f 3565 3569 3566
f 3567 3569 3565
f 3566 3569 3570
f 3567 3568 3569
f 3569 3571 3570
f 3568 3571 3569
f 3571 3572 3570
f 3566 3570 3573
f 3573 3577 3574
f 3570 3577 3573
f 3574 3577 3578
f 3574 3578 3575
f 3575 3581 3576
f 3578 3581 3575
f 3576 3581 3582
f 3570 3572 3577
f 3577 3579 3578
f 3572 3579 3577
f 3579 3580 3578
f 3578 3580 3581
f 3581 3583 3582
f 3580 3583 3581
f 3583 3584 3582
f 3568 3596 3571
f 3571 3597 3572
f 3530 3597 3596
f 3571 3596 3597
f 3531 3598 3597
f 3572 3597 3598
f 3530 3531 3597
f 3531 3532 3598
f 3572 3598 3579
f 3579 3599 3580
f 3532 3599 3598
f 3598 3599 3579
f 3537 3600 3599
f 3580 3599 3600
f 3580 3600 3583
f 3583 3601 3584
f 3538 3601 3600
f 3583 3600 3601
f 3539 3602 3601
f 3584 3601 3602
f 3532 3537 3599
f 3537 3538 3600
f 3538 3539 3601
f 3539 3540 3602
f 3097 3634 3635
f 3079 3636 3633
f 3079 3635 3636
f 3633 3660 3676
f 3633 3636 3659
f 3633 3659 3660
f 3375 3641 3643
f 3375 3643 3642
f 3642 3644 3645
f 3642 3643 3644
f 3643 3662 3644
f 3381 3648 3646
f 3641 3646 3650
f 3641 3650 3643
f 3646 3648 3651
f 3381 3382 3648
f 3382 3649 3648
f 3382 3647 3649
f 3647 3709 3649
f 3643 3650 3662
f 3646 3651 3650
f 3650 3663 3662
f 3650 3651 3663
f 3648 3649 3652
f 3648 3652 3651
f 3651 3652 3665
f 3649 3711 3652
f 3644 3658 3645
f 3645 3658 3657
f 3644 3664 3658
f 3660 3661 3676
f 3657 3660 3659
f 3658 3660 3657
f 3658 3664 3661
f 3658 3661 3660
f 3644 3662 3664
f 3662 3667 3664
f 3662 3663 3667
f 3651 3665 3663
f 3652 3711 3666
f 3652 3666 3665
f 3663 3665 3668
f 3664 3667 3690
f 3663 3668 3667
f 3661 3664 3690
f 3667 3691 3690
f 3665 3669 3668
f 3665 3666 3669
f 3667 3668 3691
f 3668 3669 3692
f 3536 3670 3673
f 3670 3671 3674
f 3671 3672 3675
f 3672 3682 3694
f 3536 3673 3540
f 3670 3674 3673
f 3671 3675 3674
f 3672 3694 3675
f 3100 3677 3678
f 3101 3678 3679
f 3103 3681 3104
f 3102 3679 3680
f 3103 3680 3681
f 3104 3687 3105
f 3105 3688 3684
f 3661 3677 3676
f 3677 3690 3678
f 3678 3691 3679
f 3104 3681 3687
f 3105 3687 3688
f 3684 3688 3689
f 3682 3683 3695
f 3685 3684 3689
f 3685 3693 3686
f 3683 3686 3696
f 3661 3690 3677
f 3679 3692 3680
f 3678 3690 3691
f 3680 3744 3681
f 3679 3691 3692
f 3681 3745 3687
f 3680 3692 3744
f 3681 3744 3745
f 3668 3692 3691
f 3669 3744 3692
f 3688 3687 3747
f 3688 3748 3689
f 3687 3745 3747
f 3689 3752 3693
f 3693 3753 3696
f 3682 3695 3694
f 3683 3696 3695
f 3686 3693 3696
f 3685 3689 3693
f 3576 3582 3697
f 3697 3700 3698
f 3582 3700 3697
f 3700 3702 3698
f 3698 3702 3699
f 3699 3703 3729
f 3699 3702 3703
f 3703 3732 3729
f 3582 3584 3700
f 3700 3701 3702
f 3584 3701 3700
f 3701 3704 3702
f 3702 3704 3703
f 3703 3705 3732
f 3704 3705 3703
f 3705 3734 3732
f 3647 3706 3709
f 3430 3707 3706
f 3706 3707 3710
f 3706 3710 3709
f 3431 3708 3707
f 3708 3712 3707
f 3433 3715 3708
f 3649 3709 3711
f 3709 3718 3711
f 3709 3710 3718
f 3710 3720 3718
f 3707 3712 3710
f 3708 3715 3712
f 3710 3712 3720
f 3712 3715 3721
f 3433 3713 3715
f 3434 3714 3713
f 3443 3716 3714
f 3713 3725 3715
f 3713 3717 3725
f 3713 3714 3717
f 3714 3716 3717
f 3711 3718 3719
f 3666 3711 3719
f 3718 3723 3719
f 3712 3721 3720
f 3718 3720 3723
f 3720 3721 3724
f 3666 3719 3722
f 3666 3722 3669
f 3719 3723 3743
f 3719 3743 3722
f 3720 3724 3723
f 3721 3727 3724
f 3723 3724 3746
f 3723 3746 3743
f 3715 3725 3721
f 3717 3728 3725
f 3716 3726 3717
f 3717 3726 3728
f 3721 3725 3727
f 3725 3728 3727
f 3724 3727 3749
f 3726 3751 3728
f 3726 3737 3751
f 3729 3732 3730
f 3730 3733 3731
f 3730 3732 3733
f 3733 3736 3731
f 3443 3731 3716
f 3716 3731 3736
f 3732 3734 3733
f 3733 3735 3736
f 3734 3735 3733
f 3735 3737 3736
f 3716 3736 3726
f 3726 3736 3737
f 3584 3602 3701
f 3701 3738 3704
f 3540 3738 3602
f 3602 3738 3701
f 3673 3739 3738
f 3704 3738 3739
f 3704 3739 3705
f 3705 3740 3734
f 3674 3740 3739
f 3705 3739 3740
f 3675 3741 3740
f 3740 3741 3734
f 3540 3673 3738
f 3673 3674 3739
f 3674 3675 3740
f 3675 3694 3741
f 3734 3741 3735
f 3735 3742 3737
f 3694 3742 3741
f 3735 3741 3742
f 3695 3754 3742
f 3737 3742 3754
f 3669 3722 3744
f 3722 3745 3744
f 3722 3743 3745
f 3743 3746 3747
f 3724 3749 3746
f 3743 3747 3745
f 3746 3749 3748
f 3746 3748 3747
f 3688 3747 3748
f 3689 3748 3752
f 3693 3752 3753
f 3696 3753 3754
f 3727 3750 3749
f 3727 3728 3750
f 3728 3751 3750
f 3749 3750 3752
f 3737 3754 3751
f 3748 3749 3752
f 3750 3753 3752
f 3750 3751 3753
f 3751 3754 3753
f 3694 3695 3742
f 3695 3696 3754
f 17 20 120
f 20 121 120
f 17 176 26
f 17 120 176
f 120 121 122
f 120 181 176
f 20 132 121
f 121 133 124
f 121 124 122
f 120 122 181
f 122 124 123
f 124 125 123
f 122 182 181
f 122 123 182
f 124 137 125
f 121 132 133
f 132 135 133
f 135 136 133
f 133 136 137
f 133 137 124
f 125 137 138
f 136 139 137
f 137 139 138
f 139 151 138
f 123 125 144
f 125 145 144
f 123 195 182
f 123 144 195
f 144 145 146
f 144 198 195
f 125 138 145
f 145 150 148
f 145 148 146
f 144 146 198
f 146 148 147
f 148 149 147
f 146 199 198
f 146 147 199
f 148 153 149
f 138 150 145
f 138 151 150
f 151 152 150
f 150 152 153
f 150 153 148
f 149 153 154
f 152 155 153
f 153 155 154
f 155 265 154
f 26 179 177
f 26 176 179
f 176 183 179
f 177 179 180
f 177 180 178
f 179 184 180
f 176 181 183
f 181 185 183
f 181 182 185
f 179 183 184
f 183 185 186
f 183 186 184
f 178 188 187
f 178 180 188
f 187 188 190
f 180 191 188
f 187 190 189
f 189 603 602
f 189 190 603
f 188 193 190
f 190 606 603
f 180 184 191
f 188 191 193
f 184 192 191
f 184 186 192
f 191 192 194
f 190 193 606
f 191 194 193
f 193 617 606
f 193 194 617
f 182 196 185
f 182 195 196
f 195 200 196
f 185 196 197
f 185 197 186
f 196 201 197
f 195 198 200
f 198 343 200
f 198 199 343
f 196 200 201
f 200 343 344
f 200 344 201
f 186 202 192
f 186 197 202
f 192 202 203
f 197 204 202
f 192 203 194
f 194 618 617
f 194 203 618
f 202 205 203
f 203 623 618
f 197 201 204
f 202 204 205
f 201 353 204
f 201 344 353
f 204 353 206
f 203 205 623
f 204 206 205
f 205 624 623
f 205 206 624
f 147 149 258
f 149 259 258
f 147 342 199
f 147 258 342
f 258 259 260
f 258 347 342
f 149 154 259
f 259 264 262
f 259 262 260
f 258 260 347
f 260 262 261
f 262 263 261
f 260 348 347
f 260 261 348
f 262 267 263
f 154 264 259
f 154 265 264
f 265 266 264
f 264 266 267
f 264 267 262
f 263 267 268
f 266 269 267
f 267 269 268
f 269 270 268
f 261 263 292
f 263 293 292
f 261 360 348
f 261 292 360
f 292 293 300
f 292 363 360
f 263 268 293
f 293 305 302
f 293 302 300
f 292 300 363
f 300 302 301
f 302 304 301
f 300 364 363
f 300 301 364
f 302 312 304
f 268 305 293
f 268 270 305
f 270 306 305
f 305 306 312
f 305 312 302
f 304 312 314
f 306 315 312
f 312 315 314
f 315 317 314
f 199 345 343
f 199 342 345
f 342 349 345
f 343 345 346
f 343 346 344
f 345 350 346
f 342 347 349
f 347 351 349
f 347 348 351
f 345 349 350
f 349 351 352
f 349 352 350
f 344 354 353
f 344 346 354
f 353 354 355
f 346 356 354
f 206 353 355
f 206 735 624
f 206 355 735
f 354 358 355
f 355 738 735
f 346 350 356
f 354 356 358
f 350 357 356
f 350 352 357
f 356 357 359
f 355 358 738
f 356 359 358
f 358 739 738
f 358 359 739
f 348 361 351
f 348 360 361
f 360 365 361
f 351 361 362
f 351 362 352
f 361 366 362
f 360 363 365
f 363 367 365
f 363 364 367
f 361 365 366
f 365 367 368
f 365 368 366
f 352 369 357
f 352 362 369
f 357 369 370
f 362 371 369
f 357 370 359
f 359 750 739
f 359 370 750
f 369 373 370
f 370 753 750
f 362 366 371
f 369 371 373
f 366 372 371
f 366 368 372
f 371 372 374
f 370 373 753
f 371 374 373
f 373 754 753
f 373 374 754
f 135 397 136
f 136 397 398
f 136 398 139
f 397 404 398
f 398 405 399
f 139 398 399
f 139 399 151
f 151 399 413
f 399 409 413
f 398 404 405
f 404 407 405
f 407 408 405
f 405 408 409
f 405 409 399
f 409 416 413
f 408 410 409
f 409 410 416
f 410 418 416
f 151 413 152
f 152 413 414
f 152 414 155
f 413 416 414
f 414 417 415
f 155 414 415
f 155 415 265
f 415 466 265
f 415 420 466
f 414 416 417
f 416 418 417
f 418 419 417
f 417 419 420
f 417 420 415
f 420 470 466
f 419 421 420
f 420 421 470
f 421 472 470
f 407 36 408
f 408 36 439
f 408 439 410
f 36 40 439
f 439 442 440
f 410 439 440
f 410 440 418
f 440 441 418
f 440 444 441
f 439 40 442
f 40 41 442
f 442 41 443
f 442 443 444
f 442 444 440
f 441 444 445
f 443 446 444
f 444 446 445
f 446 447 445
f 441 419 418
f 441 455 419
f 419 455 421
f 441 445 455
f 455 458 456
f 421 455 456
f 421 456 472
f 456 457 472
f 456 460 457
f 445 458 455
f 445 447 458
f 447 459 458
f 458 459 460
f 458 460 456
f 457 460 524
f 459 461 460
f 460 461 524
f 461 526 524
f 265 466 266
f 266 466 467
f 266 467 269
f 466 470 467
f 467 471 468
f 269 467 468
f 269 468 270
f 270 468 469
f 468 474 469
f 467 470 471
f 470 472 471
f 472 473 471
f 471 473 474
f 471 474 468
f 469 474 475
f 473 476 474
f 474 476 475
f 476 477 475
f 270 469 306
f 306 469 494
f 306 494 315
f 469 475 494
f 494 503 501
f 315 494 501
f 315 501 317
f 317 501 502
f 501 509 502
f 475 503 494
f 475 477 503
f 477 504 503
f 503 504 509
f 503 509 501
f 502 509 511
f 504 512 509
f 509 512 511
f 512 514 511
f 457 473 472
f 457 521 473
f 473 521 476
f 457 524 521
f 521 525 522
f 476 521 522
f 476 522 477
f 477 522 523
f 522 528 523
f 521 524 525
f 524 526 525
f 526 527 525
f 525 527 528
f 525 528 522
f 523 528 529
f 527 530 528
f 528 530 529
f 530 531 529
f 477 523 504
f 523 548 504
f 504 548 512
f 523 529 548
f 548 557 555
f 512 548 555
f 512 555 514
f 514 555 556
f 555 562 556
f 529 557 548
f 529 531 557
f 531 558 557
f 557 558 562
f 557 562 555
f 556 562 564
f 558 565 562
f 562 565 564
f 565 567 564
f 602 603 604
f 602 604 43
f 603 607 604
f 43 604 605
f 43 605 44
f 604 608 605
f 603 606 607
f 606 617 619
f 606 619 607
f 604 607 608
f 607 619 620
f 607 620 608
f 44 610 45
f 44 605 610
f 45 610 612
f 605 613 610
f 45 612 46
f 46 664 47
f 46 612 664
f 610 615 612
f 612 669 664
f 605 608 613
f 610 613 615
f 608 614 613
f 608 620 614
f 613 614 616
f 612 615 669
f 613 616 615
f 615 671 669
f 615 616 671
f 617 618 621
f 617 621 619
f 618 625 621
f 619 621 622
f 619 622 620
f 621 626 622
f 618 623 625
f 623 624 627
f 623 627 625
f 621 625 626
f 625 627 628
f 625 628 626
f 614 620 629
f 620 622 629
f 614 629 630
f 622 631 629
f 614 630 616
f 616 688 671
f 616 630 688
f 629 633 630
f 630 691 688
f 622 626 631
f 629 631 633
f 626 632 631
f 626 628 632
f 631 632 634
f 630 633 691
f 631 634 633
f 633 693 691
f 633 634 693
f 47 664 665
f 47 665 49
f 665 50 49
f 665 666 50
f 664 670 665
f 666 51 50
f 665 673 666
f 664 669 670
f 665 670 673
f 669 671 672
f 669 672 670
f 670 672 674
f 670 674 673
f 666 676 51
f 675 51 676
f 666 679 676
f 675 676 835
f 666 673 679
f 673 674 680
f 673 680 679
f 676 679 841
f 679 680 842
f 671 688 689
f 671 689 672
f 672 689 690
f 688 692 689
f 672 690 674
f 689 695 690
f 688 691 692
f 689 692 695
f 691 693 694
f 691 694 692
f 692 694 696
f 692 696 695
f 674 690 697
f 674 697 680
f 690 698 697
f 680 697 863
f 690 695 698
f 695 696 804
f 695 804 698
f 697 698 865
f 698 804 908
f 624 735 736
f 624 736 627
f 735 740 736
f 627 736 737
f 627 737 628
f 736 741 737
f 735 738 740
f 738 739 742
f 738 742 740
f 736 740 741
f 740 742 743
f 740 743 741
f 628 744 632
f 628 737 744
f 632 744 745
f 737 746 744
f 632 745 634
f 634 795 693
f 634 745 795
f 744 748 745
f 745 798 795
f 737 741 746
f 744 746 748
f 741 747 746
f 741 743 747
f 746 747 749
f 745 748 798
f 746 749 748
f 748 800 798
f 748 749 800
f 739 750 751
f 739 751 742
f 750 755 751
f 742 751 752
f 742 752 743
f 751 756 752
f 750 753 755
f 753 754 757
f 753 757 755
f 751 755 756
f 755 757 758
f 755 758 756
f 743 759 747
f 743 752 759
f 747 759 760
f 752 761 759
f 747 760 749
f 749 808 800
f 749 760 808
f 759 764 760
f 760 811 808
f 752 756 761
f 759 761 764
f 756 763 761
f 756 758 763
f 761 763 766
f 760 764 811
f 761 766 764
f 764 814 811
f 764 766 814
f 693 795 796
f 693 796 694
f 694 796 797
f 795 799 796
f 694 797 696
f 796 802 797
f 795 798 799
f 796 799 802
f 798 800 801
f 798 801 799
f 799 801 803
f 799 803 802
f 696 797 805
f 696 805 804
f 797 806 805
f 804 805 909
f 797 802 806
f 802 803 807
f 802 807 806
f 805 806 912
f 806 807 913
f 800 808 809
f 800 809 801
f 801 809 810
f 808 812 809
f 801 810 803
f 809 817 810
f 808 811 812
f 809 812 817
f 811 814 816
f 811 816 812
f 812 816 818
f 812 818 817
f 803 810 822
f 803 822 807
f 810 823 822
f 807 822 919
f 810 817 823
f 817 818 824
f 817 824 823
f 822 823 921
f 823 824 922
f 675 835 834
f 834 835 837
f 676 841 835
f 834 837 836
f 835 843 837
f 835 841 843
f 679 842 841
f 841 842 844
f 841 844 843
f 836 837 846
f 836 846 845
f 837 850 846
f 845 871 870
f 845 846 871
f 846 876 871
f 837 843 850
f 843 844 851
f 843 851 850
f 846 850 876
f 850 896 876
f 850 851 896
f 680 863 842
f 842 863 864
f 697 865 863
f 842 864 844
f 863 866 864
f 863 865 866
f 698 908 865
f 865 908 910
f 865 910 866
f 844 864 867
f 844 867 851
f 864 868 867
f 851 897 896
f 851 867 897
f 867 900 897
f 864 866 868
f 866 910 869
f 866 869 868
f 867 868 900
f 868 901 900
f 868 869 901
f 870 871 872
f 870 872 55
f 871 877 872
f 871 876 877
f 876 896 898
f 876 898 877
f 872 878 55
f 878 1028 55
f 872 881 878
f 878 1531 1028
f 878 1535 1531
f 872 877 881
f 877 898 904
f 877 904 881
f 878 881 1535
f 881 904 1536
f 881 1536 1535
f 896 897 899
f 896 899 898
f 897 902 899
f 897 900 902
f 900 901 903
f 900 903 902
f 898 899 905
f 898 905 904
f 899 906 905
f 904 905 1555
f 904 1555 1536
f 905 1557 1555
f 899 902 906
f 902 903 907
f 902 907 906
f 905 906 1557
f 906 907 1558
f 906 1558 1557
f 804 909 908
f 908 909 911
f 805 912 909
f 908 911 910
f 909 914 911
f 909 912 914
f 806 913 912
f 912 913 915
f 912 915 914
f 910 911 916
f 869 910 916
f 911 917 916
f 869 944 901
f 869 916 944
f 916 946 944
f 911 914 917
f 914 915 918
f 914 918 917
f 916 917 946
f 917 947 946
f 917 918 947
f 807 919 913
f 913 919 920
f 822 921 919
f 913 920 915
f 919 923 920
f 919 921 923
f 823 922 921
f 921 922 924
f 921 924 923
f 915 920 928
f 915 928 918
f 920 929 928
f 918 953 947
f 918 928 953
f 928 955 953
f 920 923 929
f 923 924 930
f 923 930 929
f 928 929 955
f 929 956 955
f 929 930 956
f 901 944 945
f 901 945 903
f 944 948 945
f 944 946 948
f 946 947 949
f 946 949 948
f 903 945 950
f 903 950 907
f 945 951 950
f 907 950 1634
f 907 1634 1558
f 950 1636 1634
f 945 948 951
f 948 949 952
f 948 952 951
f 950 951 1636
f 951 952 1637
f 951 1637 1636
f 947 953 954
f 947 954 949
f 953 957 954
f 953 955 957
f 955 956 958
f 955 958 957
f 949 954 961
f 949 961 952
f 954 962 961
f 952 961 1643
f 952 1643 1637
f 961 1645 1643
f 954 957 962
f 957 958 963
f 957 963 962
f 961 962 1645
f 962 963 1646
f 962 1646 1645
f 443 41 1058
f 443 1058 446
f 1058 41 1062
f 1058 1062 1059
f 446 1058 1059
f 446 1059 447
f 447 1059 1060
f 1059 1064 1060
f 1062 41 984
f 1062 1063 1064
f 1062 984 1063
f 1063 984 990
f 1063 990 1111
f 1063 1111 1066
f 1062 1064 1059
f 1060 1064 1065
f 1064 1066 1065
f 1063 1066 1064
f 1066 1111 1115
f 1066 1067 1065
f 1066 1115 1067
f 1067 1115 1117
f 447 1060 459
f 459 1060 1072
f 459 1072 461
f 1060 1065 1072
f 1072 1074 1073
f 461 1072 1073
f 461 1073 526
f 526 1073 1173
f 1073 1076 1173
f 1065 1074 1072
f 1065 1067 1074
f 1074 1075 1076
f 1067 1075 1074
f 1067 1117 1075
f 1117 1129 1075
f 1075 1129 1078
f 1074 1076 1073
f 1076 1077 1173
f 1076 1078 1077
f 1075 1078 1076
f 1078 1129 1133
f 1078 1079 1077
f 1078 1133 1079
f 1079 1133 1135
f 1110 1111 990
f 1110 1112 1111
f 1111 1112 1115
f 1110 1113 1112
f 1113 1114 1112
f 1113 1120 1114
f 1112 1114 1116
f 1114 1121 1119
f 1112 1116 1115
f 1115 1116 1117
f 1116 1118 1117
f 1114 1119 1116
f 1116 1119 1118
f 1119 1131 1118
f 1119 1126 1131
f 1114 1120 1121
f 1120 1122 1121
f 1122 1124 1121
f 1121 1124 1126
f 1122 1123 1124
f 1123 1125 1124
f 1124 1125 1127
f 1121 1126 1119
f 1124 1127 1126
f 1126 1139 1131
f 1126 1127 1139
f 1127 1141 1139
f 1125 1128 1127
f 1127 1128 1141
f 1128 1142 1141
f 1117 1118 1129
f 1118 1130 1129
f 1129 1130 1133
f 1118 1131 1130
f 1131 1132 1130
f 1131 1139 1132
f 1130 1132 1134
f 1132 1140 1137
f 1130 1134 1133
f 1133 1134 1135
f 1134 1136 1135
f 1132 1137 1134
f 1134 1137 1136
f 1137 1138 1136
f 1137 1145 1138
f 1132 1139 1140
f 1139 1141 1140
f 1141 1143 1140
f 1140 1143 1145
f 1141 1142 1143
f 1142 1144 1143
f 1143 1144 1147
f 1140 1145 1137
f 1143 1147 1145
f 1138 1145 1146
f 1145 1147 1146
f 1147 1149 1146
f 1144 1148 1147
f 1147 1148 1149
f 1148 1150 1149
f 526 1173 527
f 527 1173 1174
f 527 1174 530
f 1077 1174 1173
f 1174 1177 1175
f 530 1174 1175
f 530 1175 531
f 531 1175 1176
f 1175 1179 1176
f 1077 1177 1174
f 1077 1079 1177
f 1177 1178 1179
f 1079 1178 1177
f 1079 1135 1178
f 1135 1246 1178
f 1178 1246 1181
f 1177 1179 1175
f 1176 1179 1180
f 1179 1181 1180
f 1178 1181 1179
f 1181 1246 1249
f 1181 1182 1180
f 1181 1249 1182
f 1182 1249 1251
f 531 1176 558
f 558 1176 1197
f 558 1197 565
f 1176 1180 1197
f 1197 1203 1201
f 565 1197 1201
f 565 1201 567
f 567 1201 1202
f 1201 1207 1202
f 1180 1203 1197
f 1180 1182 1203
f 1203 1204 1207
f 1182 1204 1203
f 1182 1251 1204
f 1251 1264 1204
f 1204 1264 1210
f 1203 1207 1201
f 1202 1207 1209
f 1207 1210 1209
f 1204 1210 1207
f 1210 1264 1267
f 1210 1211 1209
f 1210 1267 1211
f 1211 1267 1269
f 1135 1136 1246
f 1136 1247 1246
f 1246 1247 1249
f 1136 1138 1247
f 1138 1248 1247
f 1138 1146 1248
f 1247 1248 1250
f 1248 1255 1253
f 1247 1250 1249
f 1249 1250 1251
f 1250 1252 1251
f 1248 1253 1250
f 1250 1253 1252
f 1253 1254 1252
f 1253 1258 1254
f 1146 1255 1248
f 1146 1149 1255
f 1149 1256 1255
f 1255 1256 1258
f 1149 1150 1256
f 1150 1257 1256
f 1256 1257 1260
f 1255 1258 1253
f 1256 1260 1258
f 1254 1258 1259
f 1258 1260 1259
f 1260 1262 1259
f 1257 1261 1260
f 1260 1261 1262
f 1261 1263 1262
f 1251 1252 1264
f 1252 1265 1264
f 1264 1265 1267
f 1252 1254 1265
f 1254 1266 1265
f 1254 1259 1266
f 1265 1266 1268
f 1266 1273 1271
f 1265 1268 1267
f 1267 1268 1269
f 1268 1270 1269
f 1266 1271 1268
f 1268 1271 1270
f 1271 1272 1270
f 1271 1276 1272
f 1259 1273 1266
f 1259 1262 1273
f 1262 1274 1273
f 1273 1274 1276
f 1262 1263 1274
f 1263 1275 1274
f 1274 1275 1278
f 1273 1276 1271
f 1274 1278 1276
f 1272 1276 1277
f 1276 1278 1277
f 1278 1280 1277
f 1275 1279 1278
f 1278 1279 1280
f 1279 1281 1280
f 1123 1017 1125
f 1125 1502 1128
f 1128 1504 1142
f 1142 1505 1144
f 1144 1519 1148
f 1148 1521 1150
f 1125 1017 1502
f 1502 1017 1018
f 1502 1503 1504
f 1502 1018 1503
f 1503 1018 1023
f 1503 1023 1508
f 1503 1508 1506
f 1128 1502 1504
f 1142 1504 1505
f 1504 1506 1505
f 1503 1506 1504
f 1508 1511 1506
f 1506 1507 1505
f 1506 1511 1507
f 1507 1511 1513
f 1508 1023 1024
f 1508 1024 1509
f 1508 1509 1511
f 1509 1024 1025
f 1509 1025 1510
f 1510 1025 1035
f 1509 1510 1512
f 1510 1564 1515
f 1509 1512 1511
f 1511 1512 1513
f 1512 1514 1513
f 1510 1515 1512
f 1512 1515 1514
f 1515 1516 1514
f 1515 1568 1516
f 1144 1505 1519
f 1505 1507 1519
f 1519 1520 1521
f 1507 1520 1519
f 1507 1513 1520
f 1513 1524 1520
f 1520 1524 1523
f 1148 1519 1521
f 1150 1521 1522
f 1521 1523 1522
f 1520 1523 1521
f 1524 1527 1523
f 1523 1587 1522
f 1523 1527 1587
f 1527 1593 1587
f 1513 1514 1524
f 1514 1525 1524
f 1524 1525 1527
f 1514 1516 1525
f 1516 1526 1525
f 1516 1569 1526
f 1525 1526 1528
f 1526 1583 1529
f 1525 1528 1527
f 1527 1528 1593
f 1528 1594 1593
f 1526 1529 1528
f 1528 1529 1594
f 1529 1530 1594
f 1529 1584 1530
f 1029 1531 1532
f 1029 1028 1531
f 1029 1532 1030
f 1531 1537 1532
f 1531 1535 1537
f 1535 1536 1538
f 1535 1538 1537
f 1030 1532 1539
f 1030 1539 1031
f 1532 1542 1539
f 1031 1539 1564
f 1031 1564 1032
f 1539 1568 1564
f 1532 1537 1542
f 1537 1538 1543
f 1537 1543 1542
f 1539 1542 1568
f 1542 1543 1569
f 1542 1569 1568
f 1536 1555 1556
f 1536 1556 1538
f 1555 1559 1556
f 1555 1557 1559
f 1557 1558 1560
f 1557 1560 1559
f 1538 1556 1561
f 1538 1561 1543
f 1556 1562 1561
f 1543 1561 1583
f 1543 1583 1569
f 1561 1584 1583
f 1556 1559 1562
f 1559 1560 1563
f 1559 1563 1562
f 1561 1562 1584
f 1562 1563 1585
f 1562 1585 1584
f 1564 1035 1032
f 1510 1035 1564
f 1515 1564 1568
f 1516 1568 1569
f 1569 1583 1526
f 1529 1583 1584
f 1530 1584 1585
f 1150 1522 1257
f 1257 1586 1261
f 1261 1589 1263
f 1263 1590 1275
f 1275 1604 1279
f 1279 1606 1281
f 1522 1586 1257
f 1522 1587 1586
f 1586 1588 1589
f 1587 1588 1586
f 1587 1593 1588
f 1588 1593 1595
f 1588 1595 1591
f 1261 1586 1589
f 1263 1589 1590
f 1589 1591 1590
f 1588 1591 1589
f 1595 1598 1591
f 1591 1592 1590
f 1591 1598 1592
f 1592 1598 1600
f 1593 1594 1595
f 1594 1596 1595
f 1595 1596 1598
f 1530 1596 1594
f 1530 1597 1596
f 1530 1585 1597
f 1596 1597 1599
f 1597 1671 1602
f 1596 1599 1598
f 1598 1599 1600
f 1599 1601 1600
f 1597 1602 1599
f 1599 1602 1601
f 1602 1603 1601
f 1602 1672 1603
f 1275 1590 1604
f 1590 1592 1604
f 1604 1605 1606
f 1592 1605 1604
f 1592 1600 1605
f 1600 1619 1605
f 1605 1619 1609
f 1279 1604 1606
f 1281 1606 1608
f 1606 1609 1608
f 1605 1609 1606
f 1619 1622 1609
f 1609 1610 1608
f 1609 1622 1610
f 1610 1622 1624
f 1600 1601 1619
f 1601 1620 1619
f 1619 1620 1622
f 1601 1603 1620
f 1603 1621 1620
f 1603 1673 1621
f 1620 1621 1623
f 1621 1674 1627
f 1620 1623 1622
f 1622 1623 1624
f 1623 1625 1624
f 1621 1627 1623
f 1623 1627 1625
f 1627 1628 1625
f 1627 1675 1628
f 1558 1634 1635
f 1558 1635 1560
f 1634 1638 1635
f 1634 1636 1638
f 1636 1637 1639
f 1636 1639 1638
f 1560 1635 1640
f 1560 1640 1563
f 1635 1641 1640
f 1563 1640 1671
f 1563 1671 1585
f 1640 1672 1671
f 1635 1638 1641
f 1638 1639 1642
f 1638 1642 1641
f 1640 1641 1672
f 1641 1642 1673
f 1641 1673 1672
f 1637 1643 1644
f 1637 1644 1639
f 1643 1647 1644
f 1643 1645 1647
f 1645 1646 1648
f 1645 1648 1647
f 1639 1644 1651
f 1639 1651 1642
f 1644 1652 1651
f 1642 1651 1674
f 1642 1674 1673
f 1651 1675 1674
f 1644 1647 1652
f 1647 1648 1653
f 1647 1653 1652
f 1651 1652 1675
f 1652 1653 1676
f 1652 1676 1675
f 1585 1671 1597
f 1602 1671 1672
f 1603 1672 1673
f 1673 1674 1621
f 1627 1674 1675
f 1628 1675 1676
f 2090 2584 2092
f 2090 2093 2091
f 2090 2092 2093
f 2092 2585 2094
f 2092 2094 2095
f 2092 2095 2093
f 2094 2587 2096
f 2094 2096 2097
f 2094 2097 2095
f 2096 2598 2098
f 2096 2099 2097
f 2096 2098 2099
f 2098 2599 2100
f 2098 2101 2099
f 2098 2100 2101
f 2100 2602 2102
f 2100 2102 2103
f 2100 2103 2101
f 2091 2122 2121
f 2091 2093 2122
f 2121 2122 2126
f 2121 2126 2124
f 2124 2126 2127
f 2124 2127 2125
f 2093 2128 2122
f 2093 2095 2128
f 2122 2129 2126
f 2122 2128 2129
f 2095 2141 2128
f 2095 2097 2141
f 2128 2143 2129
f 2128 2141 2143
f 2126 2129 2130
f 2126 2130 2127
f 2129 2143 2144
f 2129 2144 2130
f 2097 2142 2141
f 2141 2145 2143
f 2097 2099 2142
f 2099 2147 2142
f 2141 2142 2145
f 2142 2149 2145
f 2143 2146 2144
f 2143 2145 2146
f 2145 2150 2146
f 2099 2101 2147
f 2142 2147 2149
f 2101 2148 2147
f 2101 2103 2148
f 2147 2151 2149
f 2147 2148 2151
f 2145 2149 2150
f 2149 2151 2205
f 2149 2205 2150
f 2102 2603 2166
f 2102 2166 2167
f 2102 2167 2103
f 2166 2670 2168
f 2166 2169 2167
f 2166 2168 2169
f 2168 2673 2170
f 2169 2168 2171
f 2168 2170 2171
f 2170 2674 2185
f 2170 2185 2184
f 2170 2184 2171
f 2185 2699 2189
f 2185 2189 2190
f 2184 2185 2190
f 2189 2703 2191
f 2189 2192 2190
f 2189 2191 2192
f 2103 2204 2148
f 2103 2167 2204
f 2148 2206 2151
f 2148 2204 2206
f 2167 2208 2204
f 2204 2210 2206
f 2151 2206 2207
f 2151 2207 2205
f 2206 2211 2207
f 2167 2169 2208
f 2169 2209 2208
f 2204 2208 2210
f 2208 2212 2210
f 2169 2171 2209
f 2208 2209 2212
f 2206 2210 2211
f 2210 2213 2211
f 2210 2212 2213
f 2171 2184 2218
f 2171 2218 2209
f 2209 2218 2219
f 2209 2219 2212
f 2184 2223 2218
f 2184 2190 2223
f 2218 2226 2219
f 2218 2223 2226
f 2212 2219 2220
f 2212 2220 2213
f 2219 2226 2227
f 2219 2227 2220
f 2190 2224 2223
f 2223 2228 2226
f 2223 2224 2228
f 2190 2192 2224
f 2226 2228 2229
f 2226 2229 2227
f 2582 2585 2584
f 2092 2584 2585
f 2582 2583 2585
f 2094 2585 2587
f 2583 2587 2585
f 2096 2587 2598
f 2586 2598 2587
f 2583 2586 2587
f 2586 2596 2598
f 2582 2589 2583
f 2583 2589 2590
f 2589 2592 2590
f 2592 2593 2590
f 2583 2590 2586
f 2590 2594 2586
f 2586 2594 2596
f 2594 2604 2596
f 2590 2593 2594
f 2593 2595 2594
f 2594 2595 2604
f 2595 2606 2604
f 2596 2599 2598
f 2098 2598 2599
f 2597 2602 2599
f 2596 2597 2599
f 2100 2599 2602
f 2102 2602 2603
f 2600 2603 2602
f 2597 2600 2602
f 2600 2601 2603
f 2596 2604 2597
f 2597 2604 2605
f 2597 2605 2600
f 2604 2606 2605
f 2606 2607 2605
f 2605 2607 2608
f 2605 2608 2600
f 2600 2608 2601
f 2601 2608 2675
f 2607 2609 2608
f 2608 2609 2675
f 2609 2677 2675
f 2592 2624 2593
f 2593 2624 2625
f 2624 2627 2625
f 2627 2628 2625
f 2593 2625 2595
f 2595 2625 2629
f 2595 2629 2606
f 2629 2636 2606
f 2625 2628 2629
f 2628 2630 2629
f 2629 2630 2636
f 2630 2638 2636
f 2627 2632 2628
f 2628 2632 2633
f 2632 2777 2633
f 2633 2777 2778
f 2628 2633 2630
f 2633 2635 2630
f 2630 2635 2638
f 2635 2644 2638
f 2633 2778 2635
f 2635 2778 2782
f 2635 2782 2644
f 2644 2782 2790
f 2606 2636 2607
f 2607 2636 2637
f 2607 2637 2609
f 2636 2638 2637
f 2637 2639 2640
f 2638 2639 2637
f 2609 2637 2640
f 2609 2640 2677
f 2640 2641 2677
f 2639 2642 2640
f 2640 2642 2641
f 2642 2643 2641
f 2638 2644 2639
f 2639 2645 2642
f 2639 2644 2645
f 2644 2790 2645
f 2645 2791 2646
f 2645 2790 2791
f 2645 2646 2642
f 2642 2646 2643
f 2643 2646 2647
f 2646 2791 2794
f 2646 2794 2647
f 2647 2794 2795
f 2125 2651 2648
f 2125 2127 2651
f 2648 2653 2649
f 2648 2651 2653
f 2649 2653 2654
f 2649 2654 2650
f 2127 2652 2651
f 2127 2130 2652
f 2651 2655 2653
f 2651 2652 2655
f 2130 2657 2652
f 2652 2659 2655
f 2653 2655 2656
f 2653 2656 2654
f 2655 2660 2656
f 2130 2144 2657
f 2144 2658 2657
f 2652 2657 2659
f 2657 2661 2659
f 2144 2146 2658
f 2146 2663 2658
f 2657 2658 2661
f 2655 2659 2660
f 2659 2662 2660
f 2659 2661 2662
f 2146 2150 2663
f 2658 2665 2661
f 2658 2663 2665
f 2150 2664 2663
f 2150 2205 2664
f 2663 2667 2665
f 2663 2664 2667
f 2661 2665 2666
f 2661 2666 2662
f 2665 2667 2668
f 2665 2668 2666
f 2166 2603 2670
f 2601 2670 2603
f 2669 2673 2670
f 2601 2669 2670
f 2168 2670 2673
f 2671 2674 2673
f 2170 2673 2674
f 2669 2671 2673
f 2671 2672 2674
f 2601 2675 2669
f 2669 2675 2676
f 2669 2676 2671
f 2675 2677 2676
f 2677 2678 2676
f 2676 2678 2679
f 2676 2679 2671
f 2671 2679 2672
f 2672 2679 2680
f 2678 2681 2679
f 2679 2681 2680
f 2681 2682 2680
f 2185 2674 2699
f 2672 2699 2674
f 2189 2699 2703
f 2698 2703 2699
f 2672 2698 2699
f 2698 2701 2703
f 2701 2704 2703
f 2191 2703 2704
f 2701 2702 2704
f 2672 2680 2698
f 2680 2705 2698
f 2698 2705 2701
f 2705 2707 2701
f 2680 2682 2705
f 2682 2706 2705
f 2705 2706 2707
f 2706 2710 2707
f 2701 2707 2702
f 2702 2707 2709
f 2707 2710 2709
f 2710 2712 2709
f 2641 2678 2677
f 2641 2713 2678
f 2678 2713 2681
f 2641 2643 2713
f 2643 2714 2713
f 2713 2714 2715
f 2681 2713 2715
f 2681 2715 2682
f 2682 2715 2716
f 2715 2717 2716
f 2714 2717 2715
f 2717 2718 2716
f 2643 2647 2714
f 2647 2719 2714
f 2714 2719 2717
f 2647 2795 2719
f 2795 2938 2719
f 2719 2938 2720
f 2717 2720 2718
f 2719 2720 2717
f 2718 2720 2721
f 2720 2940 2721
f 2720 2938 2940
f 2721 2940 2941
f 2682 2716 2706
f 2716 2735 2706
f 2706 2735 2710
f 2710 2735 2737
f 2716 2718 2735
f 2718 2736 2735
f 2735 2736 2737
f 2736 2740 2737
f 2710 2737 2712
f 2712 2737 2739
f 2737 2740 2739
f 2740 2742 2739
f 2718 2721 2736
f 2721 2743 2736
f 2736 2743 2740
f 2743 2744 2740
f 2721 2941 2743
f 2743 2941 2962
f 2743 2962 2744
f 2744 2962 2964
f 2740 2744 2742
f 2742 2744 2746
f 2744 2964 2746
f 2746 2964 2966
f 2205 2748 2664
f 2205 2207 2748
f 2664 2749 2667
f 2664 2748 2749
f 2207 2211 2751
f 2207 2751 2748
f 2748 2753 2749
f 2748 2751 2753
f 2667 2749 2750
f 2667 2750 2668
f 2749 2753 2754
f 2749 2754 2750
f 2211 2752 2751
f 2751 2755 2753
f 2211 2213 2752
f 2213 2757 2752
f 2751 2752 2755
f 2752 2759 2755
f 2753 2756 2754
f 2753 2755 2756
f 2755 2760 2756
f 2213 2220 2757
f 2752 2757 2759
f 2220 2758 2757
f 2220 2227 2758
f 2757 2761 2759
f 2757 2758 2761
f 2755 2759 2760
f 2759 2762 2760
f 2759 2761 2762
f 2227 2763 2758
f 2227 2229 2763
f 2758 2765 2761
f 2758 2763 2765
f 2761 2765 2764
f 2761 2764 2762
f 2777 2780 2778
f 2780 2781 2778
f 2780 2784 2781
f 2781 2784 2785
f 2778 2781 2782
f 2781 2783 2782
f 2782 2783 2790
f 2783 2792 2790
f 2781 2785 2783
f 2785 2788 2783
f 2783 2788 2792
f 2788 2798 2792
f 2784 2786 2785
f 2786 2787 2785
f 2786 2825 2787
f 2787 2825 2829
f 2785 2787 2788
f 2787 2789 2788
f 2788 2789 2798
f 2789 2800 2798
f 2787 2829 2789
f 2789 2829 2842
f 2789 2842 2800
f 2842 2857 2800
f 2790 2792 2791
f 2791 2793 2794
f 2792 2793 2791
f 2792 2798 2793
f 2793 2799 2796
f 2793 2798 2799
f 2793 2796 2794
f 2794 2796 2795
f 2796 2797 2795
f 2799 2802 2796
f 2796 2802 2797
f 2797 2802 2803
f 2798 2800 2799
f 2799 2801 2802
f 2800 2801 2799
f 2800 2857 2801
f 2801 2857 2858
f 2801 2858 2804
f 2801 2804 2802
f 2802 2804 2803
f 2804 2805 2803
f 2804 2858 2863
f 2804 2863 2805
f 2805 2863 2864
f 2825 2833 2829
f 2833 2839 2829
f 2833 2836 2839
f 2836 2840 2839
f 2836 2871 2840
f 2829 2839 2842
f 2839 2843 2842
f 2842 2843 2857
f 2843 2859 2857
f 2839 2840 2843
f 2840 2844 2843
f 2840 2872 2844
f 2843 2844 2859
f 2844 2860 2859
f 2844 2876 2860
f 2857 2859 2858
f 2859 2861 2858
f 2858 2861 2863
f 2859 2860 2861
f 2860 2890 2862
f 2860 2862 2861
f 2861 2862 2865
f 2862 2891 2866
f 2861 2865 2863
f 2863 2865 2864
f 2865 2979 2864
f 2862 2866 2865
f 2865 2866 2979
f 2866 2980 2979
f 2866 2896 2980
f 2871 2873 2872
f 2873 2875 2872
f 2873 2874 2875
f 2874 2877 2875
f 2874 2880 2877
f 2872 2875 2876
f 2875 2878 2876
f 2876 2878 2890
f 2878 2892 2890
f 2875 2877 2878
f 2877 2879 2878
f 2877 2884 2879
f 2878 2879 2892
f 2879 2885 2893
f 2880 2884 2877
f 2880 2881 2884
f 2881 2886 2884
f 2881 2883 2886
f 2883 2887 2886
f 2883 3445 2887
f 2879 2884 2885
f 2884 2886 2885
f 2886 2888 2885
f 2885 2888 2900
f 2886 2887 2888
f 2887 3448 2889
f 2887 2889 2888
f 2888 2889 2902
f 2889 3449 2903
f 2890 2892 2891
f 2892 2894 2891
f 2891 2894 2896
f 2879 2893 2892
f 2892 2893 2894
f 2893 2900 2895
f 2893 2895 2894
f 2894 2897 2896
f 2896 2897 3039
f 2897 2899 3039
f 2894 2895 2897
f 2895 2898 2897
f 2895 2901 2898
f 2897 2898 2899
f 2898 3041 2899
f 2898 2906 3041
f 2885 2900 2893
f 2888 2902 2900
f 2900 2902 2901
f 2895 2900 2901
f 2902 2904 2901
f 2889 2903 2902
f 2902 2903 2904
f 2903 3487 2905
f 2903 2905 2904
f 2901 2906 2898
f 2901 2904 2906
f 2904 2907 2906
f 2906 3050 3041
f 2906 2907 3050
f 2907 3052 3050
f 2904 2905 2907
f 2905 2908 2907
f 2905 3488 2908
f 2907 2908 3052
f 2908 3053 3052
f 2908 3493 3053
f 2840 2871 2872
f 2844 2872 2876
f 2876 2890 2860
f 2862 2890 2891
f 2866 2891 2896
f 2896 3039 2980
f 2795 2797 2938
f 2797 2939 2938
f 2938 2939 2940
f 2797 2803 2939
f 2803 2944 2939
f 2939 2944 2942
f 2940 2942 2941
f 2939 2942 2940
f 2942 2943 2941
f 2942 2946 2943
f 2944 2946 2942
f 2943 2946 2947
f 2803 2805 2944
f 2805 2945 2944
f 2944 2945 2946
f 2805 2864 2945
f 2864 2978 2945
f 2945 2978 2948
f 2946 2948 2947
f 2945 2948 2946
f 2948 2949 2947
f 2948 2978 2983
f 2948 2983 2949
f 2949 2983 2984
f 2941 2943 2962
f 2943 2963 2962
f 2962 2963 2964
f 2963 2967 2964
f 2943 2947 2963
f 2947 2969 2963
f 2963 2969 2967
f 2969 2971 2967
f 2964 2967 2966
f 2967 2968 2966
f 2967 2971 2968
f 2968 2971 2972
f 2947 2949 2969
f 2949 2970 2969
f 2969 2970 2971
f 2970 2973 2971
f 2949 2984 2970
f 2984 3011 2970
f 2970 3011 2973
f 2973 3011 3014
f 2971 2973 2972
f 2973 2974 2972
f 2973 3014 2974
f 2974 3014 3016
f 2864 2979 2978
f 2979 2981 2978
f 2978 2981 2983
f 2979 2980 2981
f 2980 2982 2981
f 2980 3039 2982
f 2981 2982 2985
f 2982 3040 2986
f 2981 2985 2983
f 2983 2985 2984
f 2985 2987 2984
f 2982 2986 2985
f 2985 2986 2987
f 2986 3044 2988
f 2986 2988 2987
f 2984 2987 3011
f 2987 3013 3011
f 3011 3013 3014
f 3013 3022 3014
f 2987 2988 3013
f 2988 3012 3013
f 2988 3045 3012
f 3012 3022 3013
f 3012 3023 3022
f 3012 3062 3023
f 3014 3022 3016
f 3022 3024 3016
f 3022 3023 3024
f 3023 3066 3027
f 3023 3027 3024
f 2899 3040 3039
f 2899 3042 3040
f 3040 3042 3044
f 2899 3041 3042
f 3041 3043 3042
f 3041 3050 3043
f 3042 3043 3046
f 3043 3051 3047
f 3042 3046 3044
f 3044 3046 3045
f 3046 3048 3045
f 3043 3047 3046
f 3046 3047 3048
f 3047 3056 3049
f 3047 3049 3048
f 3048 3049 3063
f 3049 3057 3064
f 3043 3050 3051
f 3050 3052 3051
f 3052 3054 3051
f 3051 3056 3047
f 3051 3054 3056
f 3054 3058 3056
f 3052 3053 3054
f 3053 3055 3054
f 3053 3603 3055
f 3054 3055 3058
f 3055 3059 3058
f 3055 3604 3059
f 3056 3058 3057
f 3049 3056 3057
f 3058 3060 3057
f 3057 3060 3071
f 3058 3059 3060
f 3059 3609 3061
f 3059 3061 3060
f 3061 3073 3060
f 3061 3610 3074
f 3045 3048 3062
f 3048 3063 3062
f 3062 3063 3066
f 3063 3068 3066
f 3049 3064 3063
f 3063 3064 3068
f 3064 3065 3068
f 3064 3071 3065
f 3066 3068 3067
f 3068 3069 3067
f 3065 3069 3068
f 3065 3070 3069
f 3065 3072 3070
f 3057 3071 3064
f 3060 3073 3071
f 3065 3071 3072
f 3071 3073 3072
f 3073 3075 3072
f 3061 3074 3073
f 3074 3627 3076
f 3073 3074 3075
f 3074 3076 3075
f 3072 3077 3070
f 3072 3075 3077
f 3075 3078 3077
f 3075 3076 3078
f 3076 3080 3078
f 3076 3628 3080
f 2982 3039 3040
f 2986 3040 3044
f 2988 3044 3045
f 3045 3062 3012
f 3023 3062 3066
f 3027 3066 3067
f 2650 3112 3109
f 2650 2654 3112
f 3109 3112 3114
f 3109 3114 3110
f 3110 3114 3115
f 3110 3115 3111
f 2654 2656 3113
f 2654 3113 3112
f 2656 3139 3113
f 3112 3113 3116
f 3112 3116 3114
f 3114 3117 3115
f 3114 3116 3117
f 3113 3141 3116
f 3116 3142 3117
f 3111 3123 3118
f 3118 3125 3119
f 3119 3127 3121
f 3111 3115 3123
f 3115 3124 3123
f 3118 3123 3125
f 3115 3117 3124
f 3117 3151 3124
f 3123 3124 3126
f 3123 3126 3125
f 3124 3153 3126
f 3119 3125 3127
f 3125 3128 3127
f 3125 3126 3128
f 3121 3135 3129
f 3129 3137 3132
f 3121 3127 3135
f 3127 3136 3135
f 3129 3135 3137
f 3127 3128 3136
f 3135 3136 3138
f 3135 3138 3137
f 3132 3137 3179
f 3137 3138 3180
f 2656 2660 3139
f 2660 3140 3139
f 3113 3139 3141
f 2660 2662 3140
f 3139 3140 3143
f 3116 3141 3142
f 3139 3143 3141
f 3141 3143 3144
f 3141 3144 3142
f 2662 2666 3145
f 2662 3145 3140
f 3140 3145 3147
f 2666 3146 3145
f 2666 2668 3146
f 3145 3146 3149
f 3140 3147 3143
f 3143 3147 3148
f 3143 3148 3144
f 3145 3149 3147
f 3147 3149 3150
f 3147 3150 3148
f 3117 3142 3151
f 3124 3151 3153
f 3142 3144 3152
f 3142 3152 3151
f 3151 3152 3154
f 3151 3154 3153
f 3126 3153 3155
f 3126 3155 3128
f 3153 3154 3156
f 3153 3156 3155
f 3144 3157 3152
f 3144 3148 3157
f 3152 3157 3159
f 3148 3158 3157
f 3148 3150 3158
f 3157 3158 3160
f 3152 3159 3154
f 3157 3160 3159
f 3154 3159 3161
f 3154 3161 3156
f 3159 3160 3162
f 3159 3162 3161
f 3128 3155 3163
f 3128 3163 3136
f 3136 3163 3165
f 3155 3156 3164
f 3155 3164 3163
f 3163 3164 3166
f 3136 3165 3138
f 3138 3165 3199
f 3163 3166 3165
f 3165 3166 3200
f 3156 3167 3164
f 3156 3161 3167
f 3164 3167 3169
f 3161 3168 3167
f 3161 3162 3168
f 3167 3168 3303
f 3164 3169 3166
f 3166 3169 3203
f 3167 3303 3169
f 3169 3303 3204
f 3170 3181 3171
f 3171 3193 3183
f 3132 3179 3170
f 3170 3179 3181
f 3179 3180 3182
f 3179 3182 3181
f 3171 3181 3193
f 3181 3194 3193
f 3181 3182 3194
f 3137 3180 3179
f 3183 3195 3184
f 3184 3196 3185
f 3183 3193 3195
f 3193 3197 3195
f 3193 3194 3197
f 3184 3195 3196
f 3195 3198 3196
f 3195 3197 3198
f 3180 3199 3201
f 3199 3200 3202
f 3180 3201 3182
f 3182 3201 3207
f 3182 3207 3194
f 3199 3202 3201
f 3201 3202 3208
f 3201 3208 3207
f 3138 3199 3180
f 3165 3200 3199
f 3200 3203 3205
f 3203 3204 3206
f 3200 3205 3202
f 3202 3213 3208
f 3202 3205 3213
f 3203 3206 3205
f 3205 3214 3213
f 3205 3206 3214
f 3166 3203 3200
f 3169 3204 3203
f 3194 3207 3209
f 3194 3209 3197
f 3207 3208 3211
f 3207 3211 3209
f 3197 3209 3210
f 3197 3210 3198
f 3209 3211 3212
f 3209 3212 3210
f 3208 3213 3215
f 3208 3215 3211
f 3213 3214 3217
f 3213 3217 3215
f 3211 3215 3216
f 3211 3216 3212
f 3215 3217 3218
f 3215 3218 3216
f 2668 3284 3146
f 2668 2750 3284
f 3146 3284 3285
f 2750 2754 3287
f 2750 3287 3284
f 3284 3287 3289
f 3146 3285 3149
f 3149 3285 3286
f 3149 3286 3150
f 3284 3289 3285
f 3285 3289 3290
f 3285 3290 3286
f 2754 3288 3287
f 2754 2756 3288
f 2756 3309 3288
f 3287 3288 3291
f 3287 3291 3289
f 3289 3291 3292
f 3289 3292 3290
f 3288 3311 3291
f 3291 3312 3292
f 3150 3293 3158
f 3150 3286 3293
f 3158 3293 3294
f 3286 3296 3293
f 3286 3290 3296
f 3293 3296 3298
f 3158 3294 3160
f 3293 3298 3294
f 3160 3294 3295
f 3160 3295 3162
f 3294 3298 3300
f 3294 3300 3295
f 3290 3292 3297
f 3290 3297 3296
f 3296 3297 3299
f 3292 3318 3297
f 3297 3318 3320
f 3296 3299 3298
f 3297 3320 3299
f 3298 3299 3301
f 3298 3301 3300
f 3299 3320 3322
f 3299 3322 3301
f 3162 3302 3168
f 3162 3295 3302
f 3168 3302 3304
f 3295 3305 3302
f 3295 3300 3305
f 3302 3305 3307
f 3168 3304 3303
f 3303 3304 3339
f 3302 3307 3304
f 3304 3307 3341
f 3300 3301 3306
f 3300 3306 3305
f 3305 3306 3308
f 3301 3322 3329
f 3301 3329 3306
f 3306 3329 3331
f 3305 3308 3307
f 3307 3308 3342
f 3306 3331 3308
f 3308 3331 3354
f 2756 2760 3309
f 2760 3310 3309
f 3288 3309 3311
f 2760 2762 3310
f 3309 3310 3313
f 3291 3311 3312
f 3309 3313 3311
f 3311 3314 3312
f 3311 3313 3314
f 3313 3317 3314
f 2762 3315 3310
f 2762 2764 3315
f 3310 3315 3316
f 3310 3316 3313
f 3313 3316 3317
f 3292 3312 3318
f 3312 3319 3318
f 3312 3314 3319
f 3314 3324 3319
f 3318 3319 3321
f 3318 3321 3320
f 3319 3325 3321
f 3320 3323 3322
f 3320 3321 3323
f 3321 3327 3323
f 3314 3317 3324
f 3319 3324 3325
f 3321 3325 3327
f 3322 3330 3329
f 3322 3323 3330
f 3323 3334 3330
f 3329 3330 3332
f 3329 3332 3331
f 3330 3337 3332
f 3331 3332 3355
f 3323 3327 3334
f 3330 3334 3337
f 3332 3337 3358
f 3204 3339 3340
f 3339 3341 3343
f 3204 3340 3206
f 3206 3345 3214
f 3206 3340 3345
f 3339 3343 3340
f 3340 3348 3345
f 3340 3343 3348
f 3204 3303 3339
f 3304 3341 3339
f 3341 3342 3344
f 3342 3354 3356
f 3341 3344 3343
f 3343 3344 3349
f 3343 3349 3348
f 3342 3356 3344
f 3344 3356 3367
f 3344 3367 3349
f 3307 3342 3341
f 3308 3354 3342
f 3214 3345 3346
f 3214 3346 3217
f 3345 3348 3350
f 3345 3350 3346
f 3217 3346 3347
f 3217 3347 3218
f 3346 3350 3351
f 3346 3351 3347
f 3348 3349 3352
f 3348 3352 3350
f 3349 3367 3369
f 3349 3369 3352
f 3350 3352 3353
f 3350 3353 3351
f 3352 3369 3370
f 3352 3370 3353
f 3354 3355 3357
f 3354 3357 3356
f 3356 3368 3367
f 3355 3359 3357
f 3356 3357 3368
f 3357 3373 3368
f 3331 3355 3354
f 3332 3358 3355
f 3355 3358 3359
f 3357 3359 3373
f 3367 3371 3369
f 3367 3368 3371
f 3368 3374 3371
f 3369 3372 3370
f 3369 3371 3372
f 3371 3375 3372
f 3368 3373 3374
f 3371 3374 3375
f 2887 3445 3448
f 3445 3446 3448
f 3446 3447 3450
f 3447 3472 3451
f 3446 3450 3448
f 3448 3450 3449
f 2889 3448 3449
f 3450 3452 3449
f 3449 3452 3487
f 3447 3451 3450
f 3450 3451 3452
f 3451 3485 3453
f 3451 3453 3452
f 3452 3453 3489
f 3185 3466 3455
f 3455 3468 3457
f 3185 3196 3466
f 3196 3467 3466
f 3196 3198 3467
f 3455 3466 3468
f 3466 3469 3468
f 3457 3468 3483
f 3466 3467 3469
f 3468 3469 3484
f 3457 3483 3470
f 3470 3485 3472
f 3468 3484 3483
f 3470 3483 3485
f 3483 3484 3486
f 3472 3485 3451
f 3483 3486 3485
f 3453 3485 3486
f 2903 3449 3487
f 3452 3489 3487
f 2905 3487 3488
f 3487 3489 3488
f 3489 3491 3488
f 3453 3490 3489
f 3453 3486 3490
f 3489 3490 3491
f 3490 3492 3491
f 3490 3506 3492
f 2908 3488 3493
f 3488 3491 3493
f 3491 3494 3493
f 3493 3603 3053
f 3493 3494 3603
f 3494 3605 3603
f 3491 3492 3494
f 3492 3495 3494
f 3492 3507 3495
f 3494 3495 3605
f 3495 3606 3605
f 3495 3510 3606
f 3198 3210 3496
f 3198 3496 3467
f 3210 3212 3497
f 3210 3497 3496
f 3467 3496 3498
f 3467 3498 3469
f 3469 3498 3504
f 3496 3497 3499
f 3496 3499 3498
f 3498 3499 3505
f 3212 3216 3500
f 3212 3500 3497
f 3216 3218 3501
f 3216 3501 3500
f 3497 3502 3499
f 3497 3500 3502
f 3499 3502 3508
f 3500 3503 3502
f 3500 3501 3503
f 3502 3503 3509
f 3469 3504 3484
f 3484 3504 3506
f 3498 3505 3504
f 3504 3505 3507
f 3486 3506 3490
f 3484 3506 3486
f 3492 3506 3507
f 3504 3507 3506
f 3499 3508 3505
f 3505 3508 3510
f 3502 3509 3508
f 3508 3509 3511
f 3505 3510 3507
f 3507 3510 3495
f 3508 3511 3510
f 3510 3511 3606
f 3055 3603 3604
f 3603 3605 3604
f 3605 3607 3604
f 3059 3604 3609
f 3604 3607 3609
f 3607 3611 3609
f 3605 3606 3607
f 3606 3608 3607
f 3511 3608 3606
f 3607 3608 3611
f 3608 3612 3611
f 3608 3622 3612
f 3609 3611 3610
f 3611 3613 3610
f 3061 3609 3610
f 3610 3613 3627
f 3611 3612 3613
f 3612 3614 3613
f 3612 3625 3614
f 3613 3614 3629
f 3614 3626 3630
f 3218 3347 3615
f 3218 3615 3501
f 3347 3351 3617
f 3347 3617 3615
f 3501 3616 3503
f 3501 3615 3616
f 3503 3616 3621
f 3615 3619 3616
f 3615 3617 3619
f 3616 3619 3623
f 3351 3353 3618
f 3351 3618 3617
f 3353 3370 3637
f 3353 3637 3618
f 3617 3618 3620
f 3617 3620 3619
f 3619 3620 3624
f 3618 3637 3639
f 3618 3639 3620
f 3620 3639 3653
f 3503 3621 3509
f 3509 3621 3622
f 3616 3623 3621
f 3621 3623 3625
f 3509 3622 3511
f 3511 3622 3608
f 3621 3625 3622
f 3622 3625 3612
f 3619 3624 3623
f 3623 3624 3626
f 3620 3653 3624
f 3624 3653 3655
f 3614 3625 3626
f 3623 3626 3625
f 3624 3655 3626
f 3074 3610 3627
f 3613 3629 3627
f 3627 3629 3628
f 3076 3627 3628
f 3629 3631 3628
f 3614 3630 3629
f 3630 3631 3629
f 3630 3655 3632
f 3630 3632 3631
f 3631 3632 3635
f 3632 3656 3636
f 3080 3628 3634
f 3628 3631 3634
f 3631 3635 3634
f 3632 3636 3635
f 3370 3638 3637
f 3370 3372 3638
f 3372 3642 3638
f 3637 3640 3639
f 3637 3638 3640
f 3638 3645 3640
f 3639 3640 3654
f 3372 3375 3642
f 3638 3642 3645
f 3640 3645 3657
f 3639 3654 3653
f 3640 3657 3654
f 3653 3654 3656
f 3626 3655 3630
f 3653 3656 3655
f 3632 3655 3656
f 3654 3659 3656
f 3654 3657 3659
f 3656 3659 3636
f 5 11 6
f 7 6 11
f 5 4 9
f 5 9 10
f 5 10 11
f 7 11 14
f 9 21 10
f 12 13 15
f 7 29 8
f 7 14 29
f 15 13 18
f 29 14 15
f 15 18 28
f 19 28 18
f 48 27 25
f 48 25 24
f 8 29 31
f 981 8 31
f 29 15 28
f 19 30 28
f 19 32 30
f 19 34 32
f 19 35 34
f 32 34 33
f 34 39 33
f 38 37 982
f 1903 9 3
f 1903 21 9
f 1903 22 21
f 1903 23 22
f 1903 24 23
f 49 50 51
f 49 51 55
f 54 55 51
f 49 55 1028
f 1901 54 53
f 981 31 38
f 981 38 982
f 981 982 983
f 981 983 986
f 985 984 41
f 985 990 984
f 986 988 987
f 987 988 994
f 995 994 988
f 986 983 988
f 989 995 988
f 985 1032 990
f 990 1013 989
f 990 1017 1016
f 990 1016 991
f 990 991 992
f 990 992 1013
f 995 996 994
f 989 998 995
f 998 997 995
f 998 989 1000
f 1014 999 1000
f 1014 1001 999
f 1014 1002 1001
f 1005 1003 1002
f 1005 1002 1014
f 1005 1014 1006
f 1007 1006 1014
f 1008 1012 1010
f 989 1013 1000
f 1014 1000 1013
f 1007 1039 1009
f 1039 1008 1009
f 1007 1014 1039
f 1039 1040 1008
f 1032 1017 990
f 1032 1018 1017
f 1032 1023 1018
f 1016 1020 991
f 1016 1019 1020
f 1022 1021 1027
f 1032 1024 1023
f 1032 1025 1024
f 1022 1027 1026
f 2561 55 54
f 2561 56 55
f 1032 1035 1025
f 2561 1034 56
f 2561 1026 1036
f 2561 1037 1034
f 2561 1036 1037
f 1039 1014 1038
f 1022 1041 1038
f 1022 1026 1041
f 1039 1038 1041
f 1008 1040 1043
f 2564 1012 1008
f 2561 1041 1026
f 2561 1042 1041
f 2564 1008 1043
f 2561 1043 1042
f 48 24 1903
f 48 1903 49
f 1903 50 49
f 1903 52 50
f 1903 53 52
f 1901 53 1903
f 1901 1903 1905
f 1903 2565 1905
f 1901 2561 54
f 2561 2564 1043
f 2564 2565 1012
f 1905 2565 2564
f 17 16 20
f 20 16 19
f 17 27 16
f 20 19 132
f 17 26 27
f 36 35 40
f 40 35 41
f 57 4 5
f 57 5 60
f 60 5 6
f 57 65 59
f 57 60 65
f 59 65 69
f 57 76 4
f 57 59 78
f 59 69 61
f 59 61 79
f 67 6 7
f 60 6 67
f 8 93 7
f 60 67 68
f 60 68 65
f 67 7 93
f 65 68 72
f 67 94 68
f 61 70 62
f 61 69 70
f 65 72 69
f 62 73 71
f 71 11 10
f 62 70 73
f 71 83 11
f 69 98 70
f 69 72 98
f 71 73 83
f 70 99 73
f 70 98 99
f 73 116 83
f 76 9 4
f 57 78 76
f 59 79 78
f 61 62 80
f 62 71 156
f 61 80 79
f 76 157 9
f 76 78 158
f 62 156 80
f 71 163 156
f 71 10 163
f 83 14 11
f 117 13 12
f 163 10 21
f 8 95 93
f 67 93 96
f 67 96 94
f 68 94 100
f 93 95 105
f 93 105 96
f 68 100 72
f 72 100 101
f 72 101 98
f 73 99 116
f 98 102 99
f 94 109 100
f 100 110 101
f 98 101 102
f 99 111 116
f 99 102 111
f 95 106 105
f 94 96 107
f 94 107 109
f 96 105 375
f 96 375 107
f 100 109 110
f 101 112 102
f 101 110 112
f 102 113 111
f 102 112 113
f 109 377 110
f 107 380 109
f 110 378 112
f 110 377 378
f 112 379 113
f 83 118 14
f 83 116 118
f 119 15 14
f 118 119 14
f 117 12 15
f 117 18 13
f 116 126 118
f 111 126 116
f 118 128 119
f 119 127 15
f 117 15 127
f 117 127 131
f 117 131 18
f 132 19 18
f 118 126 128
f 111 129 126
f 119 130 127
f 119 128 130
f 127 130 134
f 111 113 129
f 126 391 128
f 126 129 391
f 128 392 130
f 128 391 392
f 131 132 18
f 127 134 131
f 131 134 135
f 131 135 132
f 130 396 134
f 78 79 159
f 76 158 157
f 78 159 158
f 79 80 164
f 80 156 165
f 79 164 159
f 156 163 166
f 80 165 164
f 156 166 165
f 163 21 168
f 169 21 22
f 170 22 23
f 167 27 177
f 167 25 27
f 157 158 568
f 158 159 569
f 159 164 570
f 158 569 568
f 159 570 569
f 164 165 572
f 164 572 570
f 165 166 573
f 166 168 574
f 163 168 166
f 168 21 169
f 169 22 170
f 172 23 24
f 167 177 171
f 170 23 172
f 576 24 25
f 167 576 25
f 172 24 576
f 171 178 577
f 167 171 579
f 167 579 576
f 187 580 577
f 26 177 27
f 171 177 178
f 178 187 577
f 187 189 580
f 105 106 376
f 105 376 375
f 107 375 383
f 106 382 376
f 375 376 385
f 107 383 380
f 109 380 377
f 112 378 379
f 377 381 378
f 377 380 386
f 378 387 379
f 377 386 381
f 378 381 387
f 376 382 422
f 375 385 383
f 376 422 385
f 382 424 422
f 383 385 423
f 383 423 388
f 380 383 388
f 380 388 386
f 381 28 387
f 381 386 427
f 381 29 28
f 381 427 29
f 113 393 129
f 113 379 393
f 129 394 391
f 129 393 394
f 130 392 396
f 391 395 392
f 379 400 393
f 379 387 400
f 393 401 394
f 391 394 395
f 392 395 403
f 134 397 135
f 134 396 397
f 392 403 396
f 396 403 404
f 396 404 397
f 393 400 401
f 387 30 400
f 394 402 395
f 394 401 402
f 395 402 406
f 387 28 30
f 400 32 401
f 400 30 32
f 401 438 402
f 401 32 438
f 402 34 406
f 395 406 403
f 403 407 404
f 403 406 407
f 385 422 425
f 385 425 423
f 422 424 431
f 422 431 425
f 386 388 428
f 386 428 427
f 427 31 29
f 388 423 435
f 388 435 428
f 427 428 436
f 427 436 31
f 424 432 431
f 423 425 433
f 423 433 435
f 425 431 1044
f 425 1044 433
f 428 435 1046
f 428 1046 436
f 433 1048 435
f 435 1048 1046
f 436 1047 31
f 402 438 34
f 438 32 33
f 438 39 34
f 438 33 39
f 406 35 407
f 406 34 35
f 407 35 36
f 1047 38 31
f 165 573 572
f 166 574 573
f 568 569 583
f 569 570 585
f 570 572 586
f 572 573 587
f 168 169 578
f 169 170 590
f 168 578 574
f 171 577 581
f 170 172 591
f 172 576 592
f 171 581 579
f 169 590 578
f 170 591 590
f 576 579 592
f 577 580 593
f 172 592 591
f 577 593 581
f 569 585 583
f 570 586 585
f 573 574 588
f 572 587 586
f 573 588 587
f 583 585 635
f 574 639 588
f 574 578 639
f 578 590 640
f 579 594 592
f 579 581 594
f 580 582 595
f 580 595 593
f 581 593 642
f 582 609 643
f 590 591 641
f 578 640 639
f 590 641 640
f 581 642 594
f 591 592 644
f 582 643 595
f 592 594 644
f 593 595 645
f 609 611 646
f 593 645 642
f 609 646 643
f 189 602 582
f 189 582 580
f 602 43 609
f 582 602 609
f 43 44 611
f 43 611 609
f 44 45 662
f 44 662 611
f 45 46 663
f 45 663 662
f 585 637 635
f 585 586 637
f 586 587 649
f 587 588 650
f 586 649 637
f 587 650 649
f 591 644 641
f 588 639 651
f 595 643 648
f 594 642 647
f 594 647 644
f 595 648 645
f 639 640 652
f 640 641 655
f 588 651 650
f 639 652 651
f 642 645 653
f 643 646 654
f 642 653 647
f 641 644 657
f 643 654 648
f 635 637 1906
f 637 649 1907
f 649 650 1910
f 637 1907 1906
f 649 1910 1907
f 640 655 652
f 644 647 657
f 641 657 655
f 645 656 653
f 645 648 656
f 646 667 658
f 646 658 654
f 647 653 1912
f 648 654 1911
f 650 651 1913
f 651 652 1914
f 648 1911 656
f 647 1912 657
f 653 656 1916
f 652 655 1917
f 654 658 1915
f 653 1916 1912
f 654 1915 1911
f 611 662 667
f 46 47 668
f 611 667 646
f 46 668 663
f 47 49 682
f 662 663 681
f 682 49 50
f 662 681 667
f 47 682 668
f 682 50 52
f 685 52 53
f 675 677 51
f 677 54 51
f 678 685 53
f 678 53 54
f 677 838 54
f 678 54 838
f 663 668 683
f 663 683 681
f 667 681 1935
f 668 682 1936
f 682 52 684
f 684 52 685
f 658 667 1935
f 668 1936 683
f 682 684 1936
f 681 683 1937
f 681 1937 1935
f 684 1938 1936
f 684 687 1938
f 684 685 687
f 685 686 687
f 678 852 685
f 685 852 686
f 686 1941 687
f 686 854 1941
f 854 2059 1941
f 834 836 847
f 675 839 677
f 675 834 839
f 677 839 840
f 677 840 838
f 834 847 839
f 836 845 848
f 839 847 849
f 836 848 847
f 839 849 840
f 845 874 848
f 847 848 873
f 847 873 849
f 678 853 852
f 678 838 853
f 686 852 855
f 686 855 854
f 838 840 857
f 838 857 853
f 852 853 858
f 852 858 855
f 854 856 2059
f 854 855 861
f 854 861 856
f 840 859 857
f 853 860 858
f 853 857 860
f 840 849 859
f 857 859 882
f 857 882 860
f 855 858 862
f 855 862 861
f 856 861 2063
f 856 2063 2061
f 858 860 885
f 858 885 862
f 861 862 886
f 861 886 2063
f 845 870 874
f 870 55 879
f 870 879 874
f 848 874 875
f 849 873 883
f 848 875 873
f 873 875 889
f 879 55 56
f 874 879 880
f 874 880 875
f 875 880 890
f 879 1533 880
f 879 56 1533
f 849 883 859
f 859 884 882
f 873 889 883
f 859 883 884
f 882 884 892
f 860 882 887
f 860 887 885
f 862 885 888
f 862 888 886
f 882 892 887
f 885 893 888
f 885 887 893
f 883 889 891
f 875 890 889
f 883 891 884
f 889 890 1544
f 889 1544 891
f 884 891 894
f 884 894 892
f 887 892 895
f 887 895 893
f 892 894 1547
f 892 1547 895
f 1004 1011 1012
f 1029 1030 1033
f 1029 1033 1028
f 1030 1031 1033
f 1031 1032 1033
f 431 432 1045
f 431 1045 1044
f 433 1044 1050
f 433 1050 1048
f 432 981 1045
f 1044 1045 1052
f 1044 1052 1050
f 436 1046 1049
f 436 1049 1047
f 1046 1048 1053
f 1046 1053 1049
f 1045 981 986
f 1045 986 1052
f 1050 1052 1080
f 1050 1080 1054
f 1048 1050 1054
f 1048 1054 1053
f 1047 1049 1055
f 1049 1053 1082
f 1049 1082 1055
f 1057 37 38
f 1057 982 37
f 1047 1061 38
f 1057 38 1061
f 1057 983 982
f 1047 1055 1061
f 1057 1061 1092
f 1057 1092 983
f 1055 1093 1061
f 1061 1093 1092
f 1052 986 987
f 1052 987 1080
f 1054 1080 1087
f 1053 1054 1083
f 1053 1083 1082
f 1055 1082 1088
f 1055 1088 1093
f 1054 1087 1083
f 1082 1083 1089
f 1082 1089 1088
f 1080 987 1085
f 1080 1085 1087
f 1085 987 994
f 1085 995 1087
f 1083 1087 1303
f 1083 1303 1089
f 1087 995 1303
f 1088 1089 1304
f 1088 1304 1098
f 1092 1094 983
f 1094 988 983
f 1092 1093 1097
f 1094 989 988
f 1092 1097 1094
f 1095 990 989
f 1094 1095 989
f 1094 1096 1095
f 1095 1096 1151
f 1088 1098 1093
f 1093 1098 1097
f 1094 1097 1096
f 1097 1098 1100
f 1098 1099 1100
f 1096 1097 1100
f 1096 1100 1152
f 1100 1101 1152
f 1099 1101 1100
f 1099 1102 1101
f 1095 1110 990
f 1095 1151 1110
f 1110 1151 1113
f 1096 1152 1151
f 1151 1152 1154
f 1152 1153 1154
f 1113 1151 1154
f 1113 1154 1120
f 1120 1154 1161
f 1153 1161 1154
f 1153 1155 1161
f 1101 1153 1152
f 1101 1156 1153
f 1101 1102 1156
f 1102 1157 1156
f 1156 1157 1158
f 1157 1159 1158
f 1153 1156 1155
f 1155 1156 1158
f 1155 1158 1163
f 1158 1159 1167
f 1159 1160 1167
f 1120 1161 1122
f 1122 1161 1162
f 1155 1162 1161
f 1155 1163 1162
f 1162 1163 1164
f 1122 1162 1123
f 1123 1162 1164
f 1123 1164 1017
f 1163 1165 1164
f 1164 1165 1016
f 1165 1166 1016
f 1158 1167 1163
f 1163 1167 1165
f 1165 1167 1168
f 1160 1168 1167
f 1160 1169 1168
f 1165 1168 1166
f 1166 1168 991
f 1168 1169 991
f 1169 992 991
f 1085 994 996
f 1085 996 995
f 1089 1303 1305
f 1089 1305 1304
f 1303 995 997
f 1303 997 1305
f 1305 997 998
f 1305 998 1310
f 1310 998 1000
f 1098 1304 1099
f 1099 1304 1309
f 1304 1305 1309
f 1305 1310 1309
f 1309 1310 1311
f 1310 1312 1311
f 1099 1309 1102
f 1102 1309 1311
f 1102 1311 1157
f 1157 1311 1346
f 1311 1312 1346
f 1312 1313 1346
f 1310 1000 1312
f 1312 1000 1314
f 1314 1000 999
f 1314 999 1315
f 1314 1315 1316
f 1312 1314 1313
f 1313 1314 1316
f 1313 1316 1348
f 1315 1317 1316
f 1316 1317 1351
f 1317 1352 1351
f 1315 999 1001
f 1328 1001 1002
f 1322 1328 1002
f 1322 1002 1003
f 1322 1003 1005
f 1322 1005 1331
f 1331 1005 1006
f 1315 1001 1328
f 1315 1328 1317
f 1317 1328 1329
f 1322 1329 1328
f 1322 1330 1329
f 1322 1331 1330
f 1317 1329 1352
f 1329 1361 1352
f 1329 1330 1361
f 1330 1331 1364
f 1331 1006 1333
f 1333 1006 1007
f 1334 1007 1009
f 1334 1009 1008
f 1333 1007 1334
f 1366 1008 1010
f 1331 1333 1364
f 1333 1365 1364
f 1334 1008 1366
f 1367 1010 1012
f 1011 1368 1012
f 1366 1010 1367
f 1333 1334 1370
f 1157 1346 1159
f 1159 1346 1347
f 1313 1347 1346
f 1313 1348 1347
f 1159 1347 1160
f 1160 1347 1349
f 1347 1348 1349
f 1348 1350 1349
f 1349 1350 1355
f 1350 1356 1355
f 1316 1351 1348
f 1348 1351 1350
f 1350 1351 1353
f 1351 1352 1353
f 1352 1354 1353
f 1352 1361 1354
f 1350 1353 1356
f 1353 1358 1356
f 1353 1354 1358
f 1160 1349 1169
f 1169 1349 1355
f 1169 1355 992
f 1355 1013 992
f 1355 1356 1013
f 1356 1014 1013
f 1356 1357 1014
f 1357 1038 1014
f 1356 1358 1357
f 1354 1359 1358
f 1354 1374 1359
f 1359 1374 1360
f 1357 1358 1698
f 1358 1359 1698
f 1359 1699 1698
f 1359 1360 1699
f 1330 1362 1361
f 1330 1364 1362
f 1362 1364 1363
f 1354 1361 1374
f 1361 1362 1374
f 1362 1375 1374
f 1362 1363 1375
f 1333 1370 1365
f 1363 1364 1365
f 1334 1371 1370
f 1367 1012 1368
f 1334 1366 1371
f 1363 1365 1377
f 1365 1370 1379
f 1366 1378 1371
f 1365 1379 1377
f 1366 1367 1380
f 1366 1380 1378
f 1367 1368 1383
f 1360 1374 1375
f 1363 1376 1375
f 1360 1375 1709
f 1375 1376 1709
f 1376 1710 1709
f 1376 1382 1710
f 1363 1377 1376
f 1370 1371 1381
f 1370 1381 1379
f 1376 1377 1382
f 1371 1378 1713
f 1367 1383 1380
f 1368 1384 1383
f 1377 1712 1382
f 1377 1379 1712
f 1371 1713 1381
f 1379 1714 1712
f 1379 1381 1714
f 1378 1715 1713
f 1378 1380 1716
f 1380 1383 1720
f 1383 1384 1721
f 1164 1016 1017
f 1166 1019 1016
f 1166 1020 1019
f 1166 991 1020
f 1517 1021 1022
f 1517 1027 1021
f 1517 1026 1027
f 1518 1022 1702
f 1517 1022 1518
f 1517 1518 1570
f 1517 1570 1026
f 1518 1704 1571
f 1533 56 1534
f 880 1545 890
f 880 1533 1545
f 1534 56 1540
f 1533 1549 1545
f 1533 1534 1549
f 1540 56 1565
f 1565 56 1034
f 1534 1540 1541
f 1534 1541 1549
f 890 1545 1546
f 890 1546 1544
f 891 1544 1548
f 1544 1546 1551
f 891 1548 894
f 894 1552 1547
f 895 1547 2568
f 894 1548 1552
f 1544 1551 1548
f 1547 1552 2573
f 1545 1549 1550
f 1545 1550 1546
f 1546 1553 1551
f 1549 1573 1550
f 1541 1573 1549
f 1546 1550 1553
f 1548 1551 1554
f 1548 1554 1552
f 1551 1553 1575
f 1551 1575 1554
f 1552 1554 2610
f 1566 1036 1026
f 1565 1034 1037
f 1565 1037 1566
f 1540 1565 1567
f 1540 1567 1541
f 1566 1037 1036
f 1565 1572 1567
f 1565 1566 1572
f 1566 1026 1570
f 1518 1571 1570
f 1571 1704 1742
f 1566 1570 1572
f 1570 1571 1572
f 1571 1579 1572
f 1571 1742 1579
f 1541 1567 1574
f 1541 1574 1573
f 1550 1573 1576
f 1550 1576 1553
f 1573 1578 1576
f 1573 1574 1578
f 1553 1576 1577
f 1553 1577 1575
f 1554 2612 2610
f 1554 1575 2612
f 1575 2617 2612
f 1575 1577 2617
f 1567 1572 1579
f 1567 1579 1574
f 1574 1579 1580
f 1574 1580 1578
f 1579 1742 1580
f 1576 1578 1581
f 1576 1581 1577
f 1577 1581 1582
f 1577 1582 2617
f 1578 1749 1581
f 1578 1580 1749
f 1357 1697 1038
f 1357 1698 1697
f 1697 1698 1700
f 1697 1702 1038
f 1702 1022 1038
f 1697 1700 1703
f 1698 1699 1700
f 1360 1701 1699
f 1699 1706 1700
f 1699 1701 1706
f 1701 1707 1706
f 1701 1711 1707
f 1702 1703 1704
f 1697 1703 1702
f 1700 1705 1703
f 1518 1702 1704
f 1703 1740 1704
f 1703 1705 1740
f 1700 1706 1705
f 1706 1707 1708
f 1705 1706 1708
f 1705 1708 1741
f 1707 1727 1744
f 1707 1744 1708
f 1360 1709 1701
f 1701 1709 1711
f 1709 1710 1711
f 1382 1717 1710
f 1710 1726 1711
f 1710 1717 1726
f 1717 1039 1726
f 1378 1716 1715
f 1381 1713 1718
f 1382 1712 1719
f 1381 1718 1714
f 1382 1719 1717
f 1713 1715 1730
f 1380 1720 1716
f 1383 1721 1720
f 1384 1722 1721
f 1712 1714 1731
f 1712 1731 1719
f 1713 1730 1718
f 1714 1718 1733
f 1715 1716 1734
f 1715 1732 1730
f 1716 1720 1735
f 1707 1711 1727
f 1711 1726 1727
f 1726 1041 1727
f 1717 1040 1039
f 1717 1728 1040
f 1726 1039 1041
f 1727 1041 1745
f 1728 1043 1040
f 1717 1719 1728
f 1714 1733 1731
f 1718 1730 1736
f 1715 1734 1732
f 1719 1731 1729
f 1718 1736 1733
f 1716 1735 1734
f 1720 1721 1737
f 1721 1722 1761
f 1720 1737 1735
f 1719 1729 1728
f 1730 1732 1759
f 1731 1733 1760
f 1730 1759 1736
f 1729 1731 1760
f 1732 1734 1766
f 1721 1761 1737
f 1722 1762 1761
f 1704 1740 1742
f 1705 1741 1740
f 1740 1741 1743
f 1740 1743 1742
f 1741 1746 1748
f 1741 1748 1743
f 1708 1744 1746
f 1708 1746 1741
f 1727 1745 1744
f 1744 1745 1747
f 1744 1747 1746
f 1746 1747 1751
f 1745 1752 1747
f 1580 1742 1743
f 1580 1743 1749
f 1743 1748 1749
f 1746 1751 1748
f 1581 1749 1750
f 1581 1750 1582
f 1748 1750 1749
f 1748 1751 1750
f 1750 1751 2767
f 1747 1753 1751
f 1747 1752 1753
f 1752 1770 1754
f 1751 1753 2767
f 1752 1754 1753
f 1754 1770 2772
f 1745 1041 1755
f 1755 1041 1042
f 1728 1729 1756
f 1728 1756 1043
f 1729 1760 1772
f 1745 1755 1752
f 1755 1757 1770
f 1755 1042 1757
f 1757 1042 1771
f 1771 1042 1043
f 1729 1772 1756
f 1758 1759 1773
f 1756 1777 1043
f 1760 1774 1772
f 1733 1736 1765
f 1732 1764 1759
f 1733 1765 1760
f 1732 1766 1764
f 1734 1735 1767
f 1735 1737 1768
f 1736 1759 1758
f 1734 1767 1766
f 1736 1758 1765
f 1735 1768 1767
f 1737 1761 1782
f 1761 1762 1783
f 1759 1764 1773
f 1760 1765 1774
f 1764 1766 1781
f 1737 1782 1768
f 1761 1783 1782
f 1762 1784 1783
f 1752 1755 1770
f 1757 1775 1770
f 1771 1043 1777
f 1758 1779 1765
f 1756 1772 1780
f 1764 1778 1773
f 1765 1779 1774
f 1757 1771 1776
f 1756 1780 1777
f 1757 1776 1775
f 1764 1781 1778
f 1758 1773 2809
f 1770 1775 2772
f 1771 2806 1776
f 1771 1777 2806
f 1772 1774 2808
f 1758 2809 1779
f 1772 2808 1780
f 1777 1780 2812
f 1773 1778 2810
f 1774 1779 2814
f 1773 2810 2809
f 1766 1767 1786
f 1766 1786 1781
f 1767 1768 2818
f 1768 1782 2819
f 1767 2818 1786
f 1768 2819 2818
f 1782 2820 2819
f 1782 1783 2820
f 1783 1784 2821
f 1906 1907 1920
f 650 1913 1910
f 651 1914 1913
f 655 657 1919
f 652 1917 1914
f 655 1919 1917
f 656 1911 1918
f 657 1912 1919
f 656 1918 1916
f 658 1939 1915
f 1907 1910 1923
f 1910 1913 1924
f 1911 1915 1944
f 1912 1916 1922
f 1911 1944 1918
f 1912 1922 1919
f 1907 1923 1920
f 1910 1924 1923
f 1913 1914 1926
f 1914 1917 1927
f 1916 1918 1925
f 1916 1925 1922
f 1913 1926 1924
f 1914 1927 1926
f 1917 1919 1960
f 1919 1922 1960
f 1920 1923 1952
f 1917 1960 1927
f 658 1935 1939
f 683 1936 1940
f 683 1940 1937
f 1936 1938 1940
f 1935 1937 1945
f 1935 1945 1939
f 1938 1942 1946
f 1938 1946 1940
f 687 1941 1942
f 687 1942 1938
f 1941 2059 1943
f 1941 1943 1942
f 1942 1943 1950
f 1943 2059 2066
f 1915 1939 1947
f 1915 1947 1944
f 1937 1948 1945
f 1937 1940 1948
f 1940 1946 1948
f 1918 1944 1961
f 1939 1945 1962
f 1946 1950 1949
f 1918 1961 1925
f 1939 1962 1947
f 1922 1925 1965
f 1944 1947 1963
f 1944 1963 1961
f 1922 1965 1960
f 1945 1948 1964
f 1945 1964 1962
f 1946 1949 1948
f 1942 1950 1946
f 1943 2066 1951
f 1943 1951 1950
f 1949 1950 1969
f 1950 1951 1969
f 1923 1924 1954
f 1923 1954 1952
f 1924 1926 1956
f 1926 1927 1972
f 1924 1956 1954
f 1926 1972 1956
f 1952 1954 2240
f 1954 1956 2241
f 1954 2241 2240
f 1925 1961 1966
f 1948 1949 1964
f 1947 1962 1967
f 1927 1960 1973
f 1925 1966 1965
f 1947 1967 1963
f 1949 1968 1964
f 1949 1969 1968
f 1960 1965 1973
f 1962 1964 1975
f 1961 1963 1974
f 1927 1973 1972
f 1961 1974 1966
f 1962 1975 1967
f 1964 1968 1975
f 1951 1970 1969
f 1951 2068 1970
f 1968 1969 1971
f 1969 1970 1971
f 1970 1978 1971
f 1970 2105 1978
f 1965 1966 1976
f 1963 1967 1977
f 1965 1976 1973
f 1963 1977 1974
f 1966 1974 2243
f 1968 1979 1975
f 1967 1975 2244
f 1956 1972 2242
f 1966 2243 1976
f 1972 1973 2245
f 1956 2242 2241
f 1973 1976 2245
f 1967 2244 1977
f 1975 1979 2244
f 1974 1977 2246
f 1974 2246 2243
f 1968 1971 1979
f 1971 1980 1979
f 1971 1978 1980
f 1979 2251 2244
f 1979 1980 2251
f 1978 2336 1980
f 856 2060 2059
f 856 2061 2060
f 2060 2061 2064
f 2059 2060 2066
f 2060 2064 2067
f 2061 2062 2064
f 2061 2063 2073
f 2061 2073 2062
f 2062 2076 2065
f 2062 2069 2064
f 2062 2065 2069
f 2065 2070 2069
f 2060 2067 2066
f 2066 2067 2068
f 2064 2071 2067
f 1951 2066 2068
f 2067 2104 2068
f 2067 2071 2104
f 2064 2069 2071
f 2069 2070 2072
f 2069 2072 2071
f 2071 2072 2107
f 2070 2108 2072
f 886 2074 2063
f 2063 2074 2073
f 2062 2073 2076
f 886 888 2078
f 886 2078 2074
f 2073 2074 2079
f 2073 2079 2076
f 2065 2076 2077
f 2065 2077 2075
f 2065 2075 2070
f 2076 2082 2077
f 2075 2077 2086
f 2075 2086 2083
f 888 893 2080
f 888 2080 2078
f 2074 2078 2081
f 2074 2081 2079
f 893 2566 2080
f 893 895 2566
f 2078 2080 2567
f 2078 2567 2081
f 2076 2079 2082
f 2077 2082 2088
f 2077 2088 2086
f 2079 2081 2570
f 2079 2570 2082
f 2082 2571 2088
f 2070 2075 2084
f 2075 2083 2084
f 2083 2085 2084
f 2070 2084 2108
f 2084 2085 2115
f 2083 2086 2089
f 2083 2089 2087
f 2083 2087 2085
f 2086 2088 2580
f 2086 2580 2089
f 2087 2089 2584
f 2087 2584 2090
f 2085 2087 2119
f 2087 2090 2119
f 2090 2091 2119
f 1970 2068 2105
f 2068 2104 2105
f 2071 2107 2104
f 2104 2106 2105
f 2104 2107 2106
f 2106 2107 2112
f 2072 2109 2107
f 2072 2108 2109
f 2107 2109 2112
f 2108 2116 2109
f 1978 2105 2110
f 2105 2106 2110
f 2106 2111 2110
f 2106 2112 2111
f 1978 2110 2336
f 2110 2337 2336
f 2110 2111 2337
f 2109 2113 2112
f 2109 2116 2113
f 2113 2116 2133
f 2111 2112 2114
f 2112 2113 2114
f 2113 2340 2114
f 2113 2133 2340
f 2133 2353 2340
f 2084 2115 2108
f 2108 2115 2116
f 2085 2117 2115
f 2115 2131 2116
f 2115 2117 2131
f 2117 2118 2131
f 2085 2119 2117
f 2117 2119 2120
f 2091 2120 2119
f 2091 2121 2120
f 2120 2121 2123
f 2117 2120 2118
f 2118 2120 2123
f 2121 2124 2123
f 2123 2124 2136
f 2124 2125 2136
f 2116 2131 2133
f 2131 2132 2133
f 2118 2132 2131
f 2118 2135 2132
f 2132 2353 2133
f 2132 2134 2353
f 2132 2135 2134
f 2134 2135 2138
f 2134 2138 2355
f 2118 2123 2135
f 2123 2136 2135
f 2135 2136 2138
f 2136 2137 2138
f 2125 2137 2136
f 2125 2648 2137
f 2137 2139 2138
f 2137 2140 2139
f 2138 2139 2355
f 2137 2648 2140
f 2140 2648 2649
f 2140 2649 2360
f 2360 2649 2650
f 1972 2245 2242
f 1976 2243 2248
f 1977 2244 2247
f 1976 2248 2245
f 1977 2247 2246
f 2244 2251 2247
f 2240 2241 2253
f 2241 2242 2255
f 2243 2246 2254
f 2243 2254 2248
f 2242 2245 2260
f 2246 2247 2261
f 1980 2252 2251
f 1980 2336 2252
f 2252 2336 2338
f 2251 2252 2258
f 2247 2251 2258
f 2252 2338 2259
f 2241 2255 2253
f 2245 2248 2260
f 2242 2260 2255
f 2246 2261 2254
f 2248 2254 2269
f 2253 2255 2271
f 2247 2258 2261
f 2252 2259 2258
f 2258 2259 2262
f 2248 2269 2260
f 2258 2262 2261
f 2254 2261 2270
f 2254 2270 2269
f 2261 2262 2270
f 2259 2378 2262
f 2255 2260 2272
f 2260 2269 2272
f 2255 2272 2271
f 2262 2378 2273
f 2262 2273 2270
f 2269 2270 2276
f 2269 2276 2272
f 2270 2273 2276
f 2271 2272 2277
f 2273 2389 2276
f 2272 2276 2277
f 2276 2389 2277
f 2336 2337 2338
f 2111 2339 2337
f 2337 2344 2338
f 2337 2339 2344
f 2339 2348 2344
f 2111 2114 2339
f 2114 2341 2339
f 2114 2340 2341
f 2340 2353 2342
f 2339 2341 2348
f 2340 2342 2341
f 2342 2354 2343
f 2341 2342 2347
f 2342 2343 2347
f 2338 2344 2345
f 2259 2338 2345
f 2344 2348 2346
f 2259 2345 2378
f 2344 2346 2345
f 2346 2348 2350
f 2345 2346 2380
f 2346 2350 2379
f 2341 2347 2348
f 2347 2350 2348
f 2347 2349 2350
f 2343 2349 2347
f 2343 2365 2349
f 2349 2351 2350
f 2350 2351 2379
f 2349 2352 2351
f 2349 2365 2352
f 2352 2365 2368
f 2352 2368 2384
f 2134 2354 2353
f 2342 2353 2354
f 2354 2355 2356
f 2134 2355 2354
f 2139 2357 2355
f 2355 2357 2356
f 2343 2354 2356
f 2343 2356 2365
f 2357 2359 2358
f 2356 2357 2364
f 2357 2358 2364
f 2139 2140 2359
f 2139 2359 2357
f 2359 2360 2362
f 2140 2360 2359
f 2360 2650 2361
f 2360 2361 2362
f 2358 2359 2362
f 2358 2362 2366
f 2362 2371 2366
f 2361 2371 2362
f 2361 3109 2363
f 2361 2363 2371
f 2356 2364 2365
f 2364 2368 2365
f 2364 2367 2368
f 2358 2367 2364
f 2358 2366 2367
f 2366 2370 2367
f 2366 2375 2370
f 2367 2369 2368
f 2367 2370 2369
f 2368 2369 2384
f 2369 2370 2414
f 2370 2375 2415
f 2375 2376 2415
f 2366 2371 2375
f 2371 2373 2375
f 2363 2373 2371
f 2363 2372 2373
f 2372 2377 2373
f 2372 2374 2377
f 2373 2376 2375
f 2373 2377 2376
f 2376 2377 2421
f 2377 2422 2421
f 2374 2422 2377
f 2374 3120 2422
f 2345 2380 2378
f 2378 2380 2381
f 2346 2379 2380
f 2379 2382 2380
f 2379 2386 2382
f 2273 2378 2381
f 2380 2382 2381
f 2381 2382 2390
f 2382 2386 2391
f 2386 2387 2391
f 2351 2386 2379
f 2351 2352 2383
f 2351 2383 2386
f 2352 2384 2383
f 2383 2384 2388
f 2384 2385 2388
f 2383 2387 2386
f 2383 2388 2387
f 2387 2388 2398
f 2388 2399 2398
f 2385 2399 2388
f 2385 2418 2399
f 2273 2381 2389
f 2381 2390 2389
f 2382 2391 2390
f 2387 2392 2391
f 2390 2391 2394
f 2391 2392 2394
f 2389 2390 2393
f 2390 2394 2393
f 2277 2389 2393
f 2277 2393 2395
f 2393 2394 2401
f 2392 2402 2394
f 2393 2401 2395
f 2387 2398 2392
f 2392 2398 2400
f 2392 2400 2402
f 2398 2399 2427
f 2398 2427 2400
f 2400 2428 2402
f 2394 2402 2401
f 2395 2401 2403
f 2401 2402 2430
f 2401 2430 2403
f 2402 2428 2430
f 2369 2385 2384
f 2369 2414 2385
f 2414 2415 2417
f 2370 2415 2414
f 2376 2416 2415
f 2415 2416 2417
f 2385 2414 2418
f 2414 2417 2418
f 2417 2419 2418
f 2399 2418 2420
f 2416 2424 2417
f 2417 2424 2419
f 2418 2419 2420
f 2376 2421 2416
f 2416 2421 2423
f 2416 2423 2424
f 2421 2422 3219
f 2421 3219 2423
f 2423 3220 2424
f 2419 2424 2425
f 2419 2426 2420
f 2420 2426 2435
f 2419 2425 2426
f 2424 3220 2425
f 2426 3222 2435
f 2399 2420 2427
f 2400 2427 2429
f 2400 2429 2428
f 2420 2435 2427
f 2427 2435 2429
f 2428 2429 2436
f 2428 2436 2432
f 2403 2430 2431
f 2428 2432 2430
f 2430 2432 2431
f 2429 2435 2437
f 2429 2437 2436
f 2432 2436 2438
f 2435 3222 2437
f 2436 2437 3232
f 2436 3232 2438
f 2431 2432 2439
f 2432 2438 2439
f 2438 3235 2439
f 895 2568 2566
f 2080 2566 2569
f 2080 2569 2567
f 1547 2573 2568
f 2566 2568 2574
f 2566 2574 2569
f 2081 2567 2572
f 2081 2572 2570
f 2082 2570 2571
f 2567 2569 2576
f 2567 2576 2572
f 2570 2572 2577
f 2570 2577 2571
f 1552 2610 2573
f 2568 2573 2575
f 2569 2574 2578
f 2568 2575 2574
f 2573 2610 2611
f 2573 2611 2575
f 2574 2575 2613
f 2569 2578 2576
f 2572 2576 2579
f 2572 2579 2577
f 2574 2613 2578
f 2576 2578 2614
f 2576 2614 2579
f 2088 2571 2581
f 2088 2581 2580
f 2089 2580 2582
f 2089 2582 2584
f 2571 2577 2588
f 2571 2588 2581
f 2580 2581 2589
f 2580 2589 2582
f 2577 2591 2588
f 2581 2588 2592
f 2581 2592 2589
f 2577 2579 2591
f 2588 2591 2624
f 2588 2624 2592
f 2610 2618 2611
f 2575 2611 2615
f 2610 2612 2618
f 2611 2620 2615
f 2611 2618 2620
f 2578 2613 2616
f 2575 2615 2613
f 2578 2616 2614
f 2579 2614 2626
f 2613 2615 2621
f 2613 2621 2616
f 2614 2616 2631
f 2612 2617 2619
f 2612 2619 2618
f 2618 2622 2620
f 2617 2766 2619
f 1582 2766 2617
f 2618 2619 2622
f 2615 2623 2621
f 2615 2620 2623
f 2616 2621 2634
f 2620 2622 2769
f 2620 2769 2623
f 2621 2623 2776
f 2621 2776 2634
f 2579 2626 2591
f 2591 2626 2627
f 2591 2627 2624
f 2614 2631 2626
f 2626 2632 2627
f 2616 2634 2631
f 2626 2631 2632
f 2631 2634 2777
f 2631 2777 2632
f 1582 1750 2767
f 1582 2767 2766
f 2619 2766 2768
f 2619 2768 2622
f 2766 2771 2768
f 2766 2767 2771
f 2622 2768 2770
f 2622 2770 2769
f 2623 2769 2779
f 2623 2779 2776
f 2768 2774 2770
f 2769 2773 2779
f 2769 2770 2773
f 1753 2771 2767
f 1753 1754 2771
f 1754 2774 2771
f 1754 2772 2774
f 2768 2771 2774
f 2770 2774 2775
f 2770 2775 2773
f 2772 2775 2774
f 2634 2776 2780
f 2634 2780 2777
f 2776 2779 2784
f 2776 2784 2780
f 2773 2786 2779
f 2779 2786 2784
f 2773 2825 2786
f 2773 2775 2825
f 1775 2807 2772
f 1775 1776 2811
f 1777 2812 2806
f 2772 2807 2775
f 1775 2811 2807
f 1776 2806 2826
f 1774 2814 2808
f 1778 1781 2817
f 1779 2809 2816
f 1778 2815 2810
f 1780 2808 2813
f 1779 2816 2814
f 1780 2813 2812
f 1778 2817 2815
f 1776 2826 2811
f 2775 2807 2825
f 2807 2811 2833
f 2806 2827 2826
f 2806 2812 2827
f 2809 2810 2830
f 2808 2814 2828
f 2809 2830 2816
f 1781 2831 2817
f 2808 2828 2813
f 2810 2815 2832
f 2814 2816 2835
f 1781 1786 2831
f 1786 2818 2845
f 1783 2821 2820
f 1784 2822 2821
f 1786 2845 2831
f 2818 2819 2846
f 2819 2820 2847
f 2818 2846 2845
f 2819 2847 2846
f 2820 2821 2848
f 2821 2822 2849
f 2807 2833 2825
f 2811 2826 2836
f 2812 2813 2834
f 2814 2835 2828
f 2811 2836 2833
f 2816 2830 2838
f 2812 2834 2827
f 2813 2828 2909
f 2816 2838 2835
f 2810 2832 2830
f 2815 2817 2841
f 2815 2837 2832
f 2817 2831 2912
f 2831 2845 2913
f 2826 2827 2871
f 2826 2871 2836
f 2813 2909 2834
f 2830 2832 2911
f 2827 2834 2873
f 2828 2910 2909
f 2828 2835 2910
f 2830 2911 2838
f 2832 2837 2915
f 2815 2841 2837
f 2817 2912 2841
f 2831 2913 2912
f 2845 2914 2913
f 2820 2848 2847
f 2821 2849 2848
f 2822 2850 2849
f 2845 2846 2914
f 2846 2847 2918
f 2847 2848 2919
f 2874 2909 2880
f 2880 2910 2881
f 2883 2916 2922
f 2881 2916 2883
f 2922 2925 3445
f 2883 2922 3445
f 2882 3446 2925
f 2827 2873 2871
f 2834 2909 2874
f 2835 2916 2910
f 2835 2838 2916
f 2832 2915 2911
f 2834 2874 2873
f 2838 2911 2922
f 2837 2841 2923
f 2837 2917 2915
f 2841 2912 2924
f 2880 2909 2910
f 2838 2922 2916
f 2837 2923 2917
f 2911 2915 2925
f 2881 2910 2916
f 2911 2925 2922
f 2841 2924 2923
f 2912 2913 2926
f 2913 2914 2927
f 2912 2926 2924
f 2914 2918 2928
f 2846 2918 2914
f 2847 2919 2918
f 2848 2849 2920
f 2848 2920 2919
f 2849 2850 2921
f 2849 2921 2920
f 2850 2931 2921
f 2882 2915 2917
f 2882 2925 2915
f 2917 2923 3512
f 2913 2927 2926
f 2914 2928 2927
f 2918 2929 2928
f 2919 2930 2929
f 2882 2917 3444
f 2917 3512 3444
f 2923 2924 3513
f 2924 2926 3514
f 2923 3513 3512
f 2926 2927 3515
f 2927 2928 3516
f 2918 2919 2929
f 2919 2920 2930
f 2920 2921 3518
f 2921 2931 3519
f 2920 3518 2930
f 2921 3519 3518
f 2931 3520 3519
f 2361 2650 3109
f 2363 3109 3110
f 2363 3110 2372
f 2372 3110 3111
f 2372 3111 2374
f 2374 3111 3118
f 2374 3118 3120
f 3118 3119 3120
f 2422 3120 3122
f 3119 3131 3120
f 3119 3121 3131
f 3120 3131 3122
f 3121 3130 3131
f 3121 3129 3130
f 3122 3131 3134
f 3122 3134 3225
f 3130 3134 3131
f 3129 3132 3133
f 3129 3133 3130
f 3130 3133 3173
f 3130 3173 3134
f 3134 3174 3225
f 3134 3173 3174
f 3171 3183 3186
f 3132 3172 3133
f 3132 3170 3172
f 3170 3176 3172
f 3133 3172 3175
f 3133 3175 3173
f 3173 3175 3178
f 3173 3178 3174
f 3170 3171 3176
f 3172 3177 3175
f 3172 3176 3177
f 3171 3186 3176
f 3175 3188 3178
f 3174 3178 3252
f 3175 3177 3188
f 3178 3188 3258
f 3183 3184 3190
f 3184 3185 3454
f 3184 3454 3190
f 3176 3186 3187
f 3176 3187 3177
f 3183 3190 3186
f 3186 3191 3187
f 3177 3187 3189
f 3177 3189 3188
f 3188 3189 3261
f 3188 3261 3258
f 3186 3190 3191
f 3187 3191 3192
f 3190 3454 3459
f 3190 3459 3191
f 3187 3192 3189
f 3189 3460 3261
f 3189 3192 3460
f 2422 3122 3219
f 2423 3219 3221
f 2423 3221 3220
f 3122 3225 3219
f 3219 3225 3221
f 3220 3221 3226
f 3220 3226 3223
f 2425 3224 2426
f 2425 3220 3223
f 2425 3223 3224
f 2426 3224 3222
f 3223 3230 3224
f 3222 3224 3229
f 3222 3229 3233
f 3221 3225 3227
f 3221 3227 3226
f 3223 3226 3228
f 3174 3227 3225
f 3226 3227 3251
f 3226 3251 3228
f 3223 3228 3230
f 3224 3230 3229
f 3229 3231 3233
f 3228 3254 3230
f 3230 3254 3255
f 3229 3230 3255
f 3229 3255 3231
f 2437 3222 3233
f 2437 3233 3232
f 2438 3232 3234
f 2438 3234 3235
f 3232 3233 3238
f 3232 3238 3234
f 3234 3239 3235
f 3231 3238 3233
f 3234 3238 3240
f 3234 3240 3239
f 3231 3267 3238
f 3238 3267 3240
f 3239 3240 3268
f 3174 3252 3227
f 3227 3252 3251
f 3228 3251 3253
f 3228 3253 3254
f 3178 3258 3252
f 3251 3252 3259
f 3251 3259 3253
f 3253 3260 3254
f 3254 3256 3255
f 3231 3255 3257
f 3231 3257 3267
f 3254 3260 3256
f 3255 3256 3257
f 3257 3264 3267
f 3252 3258 3259
f 3258 3261 3262
f 3258 3262 3259
f 3253 3259 3263
f 3253 3263 3260
f 3259 3262 3263
f 3261 3541 3262
f 3261 3460 3541
f 3262 3542 3263
f 3260 3263 3543
f 3260 3543 3265
f 3256 3260 3265
f 3256 3265 3266
f 3256 3266 3257
f 3257 3266 3264
f 3265 3548 3266
f 3264 3266 3549
f 3264 3549 3273
f 3240 3267 3269
f 3240 3269 3268
f 3264 3269 3267
f 3268 3269 3272
f 3264 3273 3269
f 3269 3273 3272
f 3272 3273 3564
f 2925 3446 3445
f 2882 3444 3447
f 2882 3447 3446
f 3444 3512 3473
f 3444 3472 3447
f 3444 3473 3472
f 3185 3456 3454
f 3185 3455 3456
f 3455 3457 3458
f 3455 3458 3456
f 3456 3458 3475
f 3191 3459 3461
f 3454 3463 3459
f 3454 3456 3463
f 3459 3464 3461
f 3191 3461 3192
f 3192 3461 3462
f 3192 3462 3460
f 3460 3462 3544
f 3456 3475 3463
f 3459 3463 3464
f 3463 3475 3476
f 3463 3476 3464
f 3461 3465 3462
f 3461 3464 3465
f 3464 3478 3465
f 3462 3465 3546
f 3457 3471 3458
f 3457 3470 3471
f 3458 3471 3477
f 3473 3512 3474
f 3470 3472 3473
f 3470 3473 3471
f 3471 3474 3477
f 3471 3473 3474
f 3458 3477 3475
f 3475 3477 3480
f 3475 3480 3476
f 3464 3476 3478
f 3465 3479 3546
f 3465 3478 3479
f 3476 3481 3478
f 3477 3526 3480
f 3476 3480 3481
f 3474 3526 3477
f 3480 3526 3527
f 3478 3481 3482
f 3478 3482 3479
f 3480 3527 3481
f 3481 3528 3482
f 2924 3514 3513
f 2926 3515 3514
f 2928 2929 3517
f 2927 3516 3515
f 2928 3517 3516
f 2929 2930 3523
f 2930 3518 3524
f 3474 3512 3513
f 3513 3514 3526
f 3514 3515 3527
f 2929 3523 3517
f 2930 3524 3523
f 3518 3525 3524
f 3518 3519 3525
f 3519 3520 3529
f 3474 3513 3526
f 3515 3516 3528
f 3514 3527 3526
f 3516 3517 3586
f 3515 3528 3527
f 3517 3523 3587
f 3516 3586 3528
f 3517 3587 3586
f 3481 3527 3528
f 3482 3528 3586
f 3523 3524 3589
f 3524 3525 3590
f 3523 3589 3587
f 3525 3529 3594
f 3529 3530 3595
f 3519 3529 3525
f 3520 3530 3529
f 3460 3544 3541
f 3262 3541 3542
f 3541 3545 3542
f 3541 3544 3545
f 3263 3542 3543
f 3542 3547 3543
f 3265 3543 3550
f 3462 3546 3544
f 3544 3546 3553
f 3544 3553 3545
f 3545 3553 3555
f 3542 3545 3547
f 3543 3547 3550
f 3545 3555 3547
f 3547 3556 3550
f 3265 3550 3548
f 3266 3548 3549
f 3273 3549 3551
f 3548 3550 3560
f 3548 3560 3552
f 3548 3552 3549
f 3549 3552 3551
f 3546 3554 3553
f 3479 3554 3546
f 3553 3554 3558
f 3547 3555 3556
f 3553 3558 3555
f 3555 3559 3556
f 3479 3557 3554
f 3479 3482 3557
f 3554 3585 3558
f 3554 3557 3585
f 3555 3558 3559
f 3556 3559 3562
f 3558 3588 3559
f 3558 3585 3588
f 3550 3556 3560
f 3552 3560 3563
f 3551 3552 3561
f 3552 3563 3561
f 3556 3562 3560
f 3560 3562 3563
f 3559 3591 3562
f 3561 3563 3593
f 3561 3593 3568
f 3273 3551 3564
f 3551 3567 3564
f 3551 3561 3567
f 3561 3568 3567
f 3482 3586 3557
f 3557 3586 3587
f 3557 3587 3585
f 3585 3589 3588
f 3559 3588 3591
f 3585 3587 3589
f 3588 3590 3591
f 3588 3589 3590
f 3524 3590 3589
f 3525 3594 3590
f 3529 3595 3594
f 3530 3596 3595
f 3562 3591 3592
f 3562 3592 3563
f 3563 3592 3593
f 3591 3594 3592
f 3568 3593 3596
f 3590 3594 3591
f 3592 3594 3595
f 3592 3595 3593
f 3593 3595 3596
