triangle_id,a,b,c
0,0,979,1
1,0,1,41
2,0,2,7
3,0,7,980
4,0,1901,2
5,0,41,1901
6,0,992,979
7,0,1003,992
8,0,980,1003
9,979,992,2559
10,992,1003,1011
11,979,2559,1014
12,992,1011,2564
13,41,1014,1901
14,1901,1902,2
15,1014,1899,1901
16,1899,1903,1901
17,1901,2562,1902
18,1901,1903,2562
19,1014,2559,1899
20,992,2562,2559
21,992,2564,2562
22,1902,2562,2564
23,2559,2562,2561
24,1903,2561,2562
25,1,15,26
26,1,26,47
27,1,979,15
28,979,18,15
29,979,34,18
30,1,47,41
31,41,47,48
32,41,1032,1014
33,41,48,1027
34,41,1027,1032
35,979,1014,984
36,979,40,34
37,979,984,40
38,1014,1031,984
39,1014,1032,1031
40,1899,1900,1904
41,1899,1904,1903
42,1899,2559,1900
43,1900,2559,2560
44,2559,2561,2560
45,1903,2563,2561
46,1903,1904,2563
47,2561,2563,2560
48,57,65,2
49,57,2,8
50,57,76,62
51,7,2,65
52,57,73,65
53,57,8,76
54,57,62,73
55,62,63,74
56,62,80,63
57,62,74,73
58,76,80,62
59,63,80,81
60,7,65,96
61,65,73,102
62,73,74,103
63,76,8,156
64,76,159,80
65,80,160,81
66,63,83,86
67,63,81,83
68,83,89,84
69,63,86,74
70,83,87,86
71,81,89,83
72,83,84,87
73,84,85,88
74,84,90,85
75,84,88,87
76,89,90,84
77,85,90,91
78,74,86,139
79,86,87,140
80,87,88,249
81,81,161,89
82,89,172,90
83,90,173,91
84,7,96,94
85,65,102,96
86,73,103,102
87,94,96,107
88,94,107,105
89,96,113,107
90,96,102,113
91,102,103,114
92,102,114,113
93,74,139,103
94,86,140,139
95,87,249,140
96,103,139,141
97,103,141,114
98,139,142,141
99,139,140,142
100,140,249,253
101,140,253,142
102,76,156,159
103,80,159,160
104,81,160,161
105,156,567,159
106,159,570,160
107,159,567,570
108,160,574,161
109,160,570,574
110,161,574,595
111,161,172,89
112,90,172,173
113,91,173,174
114,161,595,172
115,172,596,173
116,172,595,596
117,173,597,174
118,173,596,597
119,174,597,698
120,85,206,209
121,85,91,206
122,206,212,207
123,85,209,88
124,206,210,209
125,91,212,206
126,206,207,210
127,207,208,211
128,207,213,208
129,207,211,210
130,212,213,207
131,208,213,214
132,88,209,250
133,209,210,251
134,210,211,252
135,91,174,212
136,212,317,213
137,213,318,214
138,208,215,225
139,208,214,215
140,215,236,216
141,208,225,211
142,215,226,225
143,214,236,215
144,215,216,226
145,217,218,220
146,216,217,227
147,218,219,222
148,216,237,217
149,217,220,227
150,218,222,220
151,216,227,226
152,219,221,228
153,219,228,222
154,221,231,228
155,236,237,216
156,217,238,218
157,218,239,219
158,217,237,238
159,219,240,221
160,221,223,231
161,221,241,223
162,211,225,270
163,220,222,229
164,220,271,227
165,222,230,229
166,222,228,230
167,225,226,273
168,220,229,271
169,226,227,274
170,228,234,230
171,229,230,272
172,223,224,232
173,223,232,231
174,228,231,234
175,224,233,235
176,224,235,232
177,233,243,245
178,231,232,276
179,231,276,234
180,233,245,235
181,232,235,277
182,232,277,276
183,235,245,294
184,214,319,236
185,236,320,237
186,218,238,239
187,219,239,240
188,221,240,241
189,223,242,224
190,224,321,233
191,223,241,242
192,237,322,238
193,238,323,239
194,239,324,240
195,224,242,321
196,233,321,326
197,233,326,243
198,243,244,293
199,243,293,245
200,244,246,295
201,244,295,293
202,246,247,296
203,243,327,244
204,244,328,246
205,243,326,327
206,246,329,247
207,247,330,248
208,88,250,249
209,209,251,250
210,210,252,251
211,249,250,254
212,249,254,253
213,250,255,254
214,250,251,255
215,251,252,256
216,251,256,255
217,211,270,252
218,225,273,270
219,226,274,273
220,227,271,274
221,229,275,271
222,229,272,275
223,230,278,272
224,271,282,274
225,271,275,282
226,230,234,278
227,234,279,278
228,234,276,279
229,235,294,277
230,276,277,280
231,272,278,286
232,278,279,287
233,276,280,279
234,277,294,288
235,277,288,280
236,252,270,281
237,252,281,256
238,270,283,281
239,270,273,283
240,273,274,284
241,274,282,284
242,272,285,275
243,272,286,285
244,273,284,283
245,275,477,282
246,275,285,477
247,278,287,286
248,279,280,289
249,279,289,287
250,280,288,290
251,280,290,289
252,286,287,479
253,285,286,482
254,287,289,480
255,287,480,479
256,289,290,481
257,245,293,297
258,245,297,294
259,293,295,298
260,293,298,297
261,246,296,295
262,247,302,296
263,294,297,306
264,288,294,306
265,297,298,308
266,295,307,298
267,295,296,307
268,296,312,307
269,247,248,302
270,248,300,303
271,248,303,302
272,296,302,312
273,302,303,313
274,297,308,306
275,288,306,309
276,298,307,310
277,298,310,308
278,307,315,310
279,288,309,290
280,306,308,494
281,306,494,309
282,308,310,495
283,308,495,494
284,302,313,312
285,307,312,315
286,312,316,315
287,312,313,316
288,310,315,499
289,174,317,212
290,213,317,318
291,214,318,319
292,174,698,317
293,317,699,318
294,317,698,699
295,318,700,319
296,318,699,700
297,319,700,701
298,319,320,236
299,237,320,322
300,240,325,241
301,238,322,323
302,239,323,324
303,240,324,325
304,241,332,242
305,242,333,321
306,241,325,332
307,321,334,326
308,242,332,333
309,321,333,334
310,244,327,328
311,246,328,329
312,248,331,300
313,247,329,330
314,300,331,363
315,248,330,331
316,326,336,327
317,327,337,328
318,328,338,329
319,335,366,363
320,331,335,363
321,319,701,320
322,320,706,322
323,320,701,706
324,322,707,323
325,323,708,324
326,324,709,325
327,325,710,332
328,322,706,707
329,323,707,708
330,324,708,709
331,325,709,710
332,332,711,333
333,332,710,711
334,333,712,334
335,334,713,336
336,326,334,336
337,327,336,337
338,328,337,338
339,329,340,330
340,335,339,366
341,329,338,340
342,330,714,331
343,331,714,335
344,330,340,714
345,339,715,367
346,335,717,339
347,335,714,717
348,371,715,718
349,339,367,366
350,367,715,371
351,371,718,373
352,105,107,383
353,105,383,381
354,107,388,383
355,107,113,388
356,113,114,389
357,113,389,388
358,381,383,425
359,383,388,428
360,388,389,429
361,114,141,410
362,114,410,389
363,141,411,410
364,141,142,411
365,142,253,461
366,142,461,411
367,389,410,447
368,410,411,448
369,411,461,449
370,381,425,423
371,383,428,425
372,388,429,428
373,423,425,433
374,423,433,431
375,425,436,433
376,425,428,436
377,428,429,450
378,428,450,436
379,389,447,429
380,410,448,447
381,411,449,448
382,429,447,451
383,429,451,450
384,447,452,451
385,447,448,452
386,448,449,453
387,448,453,452
388,253,254,462
389,253,462,461
390,254,463,462
391,254,255,463
392,255,256,464
393,255,464,463
394,461,462,514
395,462,463,515
396,463,464,516
397,256,281,484
398,256,484,464
399,281,485,484
400,281,283,485
401,282,478,284
402,282,477,478
403,283,284,486
404,285,487,477
405,284,478,486
406,283,486,485
407,477,488,478
408,285,482,487
409,286,479,482
410,289,481,480
411,479,480,483
412,479,489,482
413,480,481,490
414,479,483,489
415,480,490,483
416,464,484,531
417,478,532,486
418,477,487,488
419,484,485,534
420,485,486,535
421,478,488,532
422,486,532,535
423,487,533,488
424,487,491,533
425,482,491,487
426,482,489,491
427,483,490,492
428,483,537,489
429,483,492,537
430,290,309,496
431,290,496,481
432,309,494,497
433,309,497,496
434,310,499,495
435,494,495,498
436,481,496,504
437,481,504,490
438,496,497,505
439,494,498,497
440,495,509,498
441,315,316,501
442,315,501,499
443,495,499,509
444,499,510,509
445,499,501,510
446,496,505,504
447,490,504,506
448,497,498,507
449,497,507,505
450,498,512,507
451,490,506,492
452,504,505,548
453,504,548,506
454,505,507,549
455,505,549,548
456,507,512,553
457,498,509,512
458,509,510,513
459,509,513,512
460,449,461,514
461,462,515,514
462,463,516,515
463,449,514,517
464,449,517,453
465,514,518,517
466,514,515,518
467,515,516,519
468,515,519,518
469,464,531,516
470,484,534,531
471,485,535,534
472,488,536,532
473,488,533,536
474,532,540,535
475,532,536,540
476,489,538,491
477,489,537,538
478,492,545,537
479,491,544,533
480,491,538,544
481,537,546,538
482,537,545,546
483,516,531,539
484,516,539,519
485,531,541,539
486,531,534,541
487,534,535,542
488,534,542,541
489,535,540,542
490,533,543,536
491,533,544,543
492,536,1182,540
493,536,543,1182
494,538,1184,544
495,538,546,1184
496,543,544,1186
497,544,1184,1186
498,545,1185,546
499,492,506,550
500,492,550,545
501,506,548,551
502,506,551,550
503,507,553,549
504,548,549,552
505,550,551,558
506,548,552,551
507,549,553,562
508,549,562,552
509,512,513,555
510,512,555,553
511,553,563,562
512,553,555,563
513,545,550,559
514,550,558,559
515,551,552,560
516,551,560,558
517,552,562,565
518,552,565,560
519,545,559,1185
520,558,560,1197
521,560,565,1199
522,562,563,566
523,562,566,565
524,567,582,570
525,570,582,583
526,570,583,574
527,583,588,574
528,574,588,595
529,588,598,595
530,582,634,583
531,583,635,588
532,588,637,598
533,595,598,596
534,596,598,599
535,596,599,597
536,599,600,597
537,597,600,698
538,600,702,698
539,598,658,599
540,599,659,600
541,600,660,702
542,583,634,635
543,588,635,637
544,637,658,598
545,634,1905,635
546,635,1907,637
547,635,1905,1907
548,637,1908,658
549,637,1907,1908
550,658,1908,1928
551,599,658,659
552,600,659,660
553,660,766,702
554,658,1928,659
555,659,1929,660
556,659,1928,1929
557,660,1930,766
558,660,1929,1930
559,766,1930,1980
560,698,702,699
561,699,702,703
562,699,703,700
563,703,704,700
564,700,704,701
565,701,704,705
566,702,766,703
567,703,767,704
568,704,768,705
569,701,705,706
570,705,721,706
571,706,721,707
572,333,711,712
573,334,712,713
574,721,722,707
575,707,722,708
576,708,723,709
577,709,724,710
578,708,722,723
579,710,725,711
580,711,726,712
581,336,716,337
582,337,728,338
583,336,713,716
584,339,719,715
585,338,729,340
586,340,730,714
587,339,717,719
588,337,716,728
589,338,728,729
590,714,730,717
591,715,731,718
592,340,729,730
593,715,719,731
594,705,769,721
595,721,770,722
596,709,723,724
597,710,724,725
598,712,727,713
599,711,725,726
600,712,726,727
601,722,771,723
602,723,772,724
603,713,727,774
604,713,774,716
605,716,775,728
606,717,730,732
607,717,732,719
608,718,733,720
609,718,731,733
610,719,777,731
611,720,778,761
612,728,776,729
613,716,774,775
614,728,775,776
615,719,732,777
616,729,779,730
617,720,733,778
618,730,779,732
619,731,780,733
620,761,781,764
621,731,777,780
622,761,778,781
623,373,720,753
624,373,718,720
625,753,761,756
626,720,761,753
627,756,764,757
628,756,761,764
629,757,812,762
630,757,764,812
631,762,814,765
632,762,812,814
633,703,766,767
634,704,767,768
635,705,768,769
636,766,1980,767
637,767,1981,768
638,767,1980,1981
639,768,1982,769
640,768,1981,1982
641,769,1982,1983
642,769,770,721
643,722,770,771
644,723,771,772
645,724,772,773
646,724,773,725
647,725,784,726
648,726,785,727
649,725,773,784
650,726,784,785
651,729,776,779
652,727,786,774
653,733,783,778
654,732,782,777
655,732,779,782
656,733,780,783
657,774,787,775
658,775,790,776
659,727,785,786
660,774,786,787
661,777,788,780
662,778,789,781
663,777,782,788
664,776,791,779
665,778,783,789
666,769,1983,770
667,770,1988,771
668,770,1983,1988
669,771,1989,772
670,772,1990,773
671,773,1991,784
672,771,1988,1989
673,772,1989,1990
674,784,1992,785
675,773,1990,1991
676,784,1991,1992
677,775,787,790
678,779,791,782
679,776,790,791
680,780,788,792
681,780,792,783
682,781,793,818
683,781,789,793
684,782,1994,788
685,783,1993,789
686,785,1995,786
687,786,1996,787
688,782,791,1994
689,783,792,1993
690,788,1997,792
691,787,1999,790
692,789,1998,793
693,788,1994,1997
694,789,1993,1998
695,764,818,812
696,765,819,813
697,764,781,818
698,765,814,819
699,813,827,815
700,812,826,814
701,812,818,826
702,813,819,827
703,815,827,820
704,815,820,817
705,817,820,824
706,817,824,823
707,820,830,824
708,824,830,825
709,823,824,924
710,823,924,921
711,824,825,924
712,814,828,819
713,814,826,828
714,818,2011,826
715,819,2012,827
716,820,827,829
717,820,829,830
718,793,2011,818
719,819,828,2012
720,827,2012,829
721,826,2013,828
722,826,2011,2013
723,829,2012,2014
724,829,2014,832
725,829,832,830
726,830,832,831
727,825,830,831
728,825,831,934
729,831,936,934
730,831,832,2017
731,831,2017,936
732,936,2017,2151
733,921,926,923
734,921,924,926
735,825,925,924
736,924,925,926
737,923,926,930
738,925,931,926
739,923,930,929
740,929,932,955
741,926,931,930
742,930,931,933
743,929,930,932
744,930,933,932
745,825,934,925
746,934,936,937
747,925,934,935
748,925,935,931
749,934,937,935
750,936,938,937
751,936,2151,938
752,937,938,941
753,938,2153,941
754,931,935,940
755,931,940,933
756,935,937,939
757,935,939,940
758,933,940,967
759,939,968,940
760,940,968,967
761,937,941,939
762,939,941,942
763,941,2153,2155
764,939,942,968
765,941,2155,942
766,942,2155,971
767,955,959,957
768,957,959,963
769,932,959,955
770,932,958,959
771,932,933,958
772,933,967,958
773,958,964,959
774,958,969,964
775,957,963,962
776,962,963,965
777,962,965,1645
778,959,964,963
779,963,964,966
780,964,975,966
781,963,966,965
782,966,975,1657
783,967,968,970
784,958,967,969
785,967,970,969
786,969,970,974
787,942,972,968
788,968,972,970
789,942,971,972
790,970,972,976
791,971,973,972
792,972,973,976
793,964,969,975
794,969,974,975
795,970,976,974
796,975,1658,1657
797,974,1658,975
798,974,977,1658
799,974,976,977
800,973,978,976
801,976,978,977
802,977,978,1662
803,978,2682,1662
804,431,433,1050
805,431,1050,980
806,433,1055,1050
807,433,436,1055
808,436,450,1067
809,436,1067,1055
810,980,1050,1080
811,1050,1055,1083
812,1055,1067,1102
813,450,451,1068
814,450,1068,1067
815,451,1069,1068
816,451,452,1069
817,452,453,1070
818,452,1070,1069
819,1067,1068,1103
820,1068,1069,1104
821,1069,1070,1105
822,1050,1083,1080
823,1055,1102,1083
824,1080,1089,1085
825,980,1080,1003
826,1080,1083,1089
827,1083,1102,1090
828,1083,1090,1089
829,1067,1103,1102
830,1068,1104,1103
831,1069,1105,1104
832,1102,1103,1106
833,1090,1102,1106
834,1103,1107,1106
835,1103,1104,1107
836,1104,1105,1108
837,1104,1108,1107
838,453,517,1169
839,453,1169,1070
840,517,1170,1169
841,517,518,1170
842,518,519,1171
843,518,1171,1170
844,1070,1169,1211
845,1169,1170,1212
846,1170,1171,1213
847,519,539,1188
848,519,1188,1171
849,539,1189,1188
850,539,541,1189
851,540,1183,542
852,540,1182,1183
853,541,542,1190
854,543,1191,1182
855,543,1186,1191
856,542,1183,1190
857,541,1190,1189
858,1182,1192,1183
859,1182,1191,1192
860,546,1187,1184
861,546,1185,1187
862,1184,1193,1186
863,1184,1187,1193
864,1171,1188,1217
865,1183,1218,1190
866,1183,1192,1218
867,1188,1189,1220
868,1189,1190,1221
869,1190,1218,1221
870,1191,1219,1192
871,1191,1194,1219
872,1186,1194,1191
873,1186,1193,1194
874,1185,1195,1187
875,1187,1223,1193
876,1187,1195,1223
877,558,1198,559
878,558,1197,1198
879,560,1199,1197
880,559,1204,1185
881,559,1198,1204
882,1197,1199,1207
883,1197,1205,1198
884,1197,1207,1205
885,565,566,1201
886,565,1201,1199
887,1199,1201,1208
888,1199,1208,1207
889,1185,1204,1195
890,1198,1233,1204
891,1198,1205,1233
892,1195,1204,1235
893,1204,1233,1235
894,1205,1207,1234
895,1207,1208,1210
896,1207,1210,1234
897,1070,1211,1105
898,1169,1212,1211
899,1170,1213,1212
900,1105,1211,1214
901,1105,1214,1108
902,1211,1215,1214
903,1211,1212,1215
904,1212,1213,1216
905,1212,1216,1215
906,1171,1217,1213
907,1188,1220,1217
908,1189,1221,1220
909,1192,1222,1218
910,1192,1219,1222
911,1218,1226,1221
912,1218,1222,1226
913,1194,1230,1219
914,1193,1224,1194
915,1193,1223,1224
916,1195,1231,1223
917,1195,1235,1231
918,1194,1224,1230
919,1223,1232,1224
920,1223,1231,1232
921,1213,1217,1225
922,1213,1225,1216
923,1217,1227,1225
924,1217,1220,1227
925,1220,1221,1228
926,1220,1228,1227
927,1221,1226,1228
928,1222,1394,1226
929,1219,1229,1222
930,1219,1230,1229
931,1226,1395,1228
932,1222,1229,1394
933,1229,1230,1398
934,1224,1396,1230
935,1224,1232,1396
936,1230,1396,1398
937,1231,1397,1232
938,1231,1240,1397
939,1205,1236,1233
940,1205,1234,1236
941,1233,1239,1235
942,1233,1236,1239
943,1210,1268,1234
944,1234,1268,1237
945,1234,1237,1236
946,1236,1237,1238
947,1237,1281,1238
948,1231,1235,1240
949,1235,1239,1240
950,1236,1238,1239
951,1239,1242,1240
952,1240,1242,1241
953,1238,1242,1239
954,1238,1282,1242
955,1242,1282,1243
956,1241,1242,1243
957,1241,1243,1244
958,1237,1268,1269
959,1237,1269,1281
960,1269,1271,1281
961,1238,1281,1282
962,1281,1284,1282
963,1282,1284,1283
964,1271,1284,1281
965,1271,1276,1284
966,1276,1291,1284
967,1283,1284,1291
968,1283,1291,1285
969,1243,1282,1283
970,1243,1283,1286
971,1243,1286,1244
972,1244,1286,1287
973,1286,1288,1287
974,1287,1288,1289
975,1283,1285,1286
976,1285,1288,1286
977,1285,1293,1288
978,1288,1297,1289
979,1289,1297,1290
980,1276,1279,1291
981,1279,1292,1291
982,1285,1291,1292
983,1285,1292,1293
984,1292,1294,1293
985,1279,1280,1292
986,1280,1294,1292
987,1280,1607,1294
988,1293,1294,1295
989,1294,1606,1295
990,1295,1606,1296
991,1288,1293,1297
992,1293,1295,1297
993,1295,1298,1297
994,1290,1297,1298
995,1290,1298,1299
996,1295,1296,1298
997,1296,1300,1298
998,1298,1300,1299
999,1299,1300,1301
1000,1300,1612,1301
1001,1301,1612,1614
1002,1003,1080,1085
1003,1085,1306,1305
1004,1085,1089,1306
1005,1089,1090,1307
1006,1089,1307,1306
1007,1003,1085,1305
1008,1305,1306,1322
1009,1306,1307,1323
1010,1090,1106,1317
1011,1090,1317,1307
1012,1106,1318,1317
1013,1106,1107,1318
1014,1107,1108,1319
1015,1107,1319,1318
1016,1307,1317,1336
1017,1317,1318,1337
1018,1318,1319,1338
1019,1305,1322,1320
1020,1003,1305,1320
1021,1306,1323,1322
1022,1320,1322,1325
1023,1322,1323,1326
1024,1003,1320,1324
1025,1320,1325,1324
1026,1003,1324,1331
1027,1003,1331,1010
1028,1324,1334,1331
1029,1322,1326,1325
1030,1324,1325,1334
1031,1325,1326,1335
1032,1325,1335,1334
1033,1010,1331,1368
1034,1331,1334,1371
1035,1334,1335,1372
1036,1307,1336,1323
1037,1317,1337,1336
1038,1323,1336,1339
1039,1318,1338,1337
1040,1336,1337,1340
1041,1337,1338,1341
1042,1323,1339,1326
1043,1336,1340,1339
1044,1326,1339,1342
1045,1326,1342,1335
1046,1339,1343,1342
1047,1337,1341,1340
1048,1339,1340,1343
1049,1340,1341,1344
1050,1340,1344,1343
1051,1335,1342,1387
1052,1342,1343,1388
1053,1343,1344,1468
1054,1010,1368,1367
1055,1331,1371,1368
1056,1367,1368,1384
1057,1334,1372,1371
1058,1368,1371,1385
1059,1371,1372,1386
1060,1367,1384,1383
1061,1368,1385,1384
1062,1371,1386,1385
1063,1335,1387,1372
1064,1342,1388,1387
1065,1372,1387,1389
1066,1343,1468,1388
1067,1387,1388,1390
1068,1388,1468,1472
1069,1372,1389,1386
1070,1387,1390,1389
1071,1388,1472,1390
1072,1108,1214,1391
1073,1108,1391,1319
1074,1214,1392,1391
1075,1214,1215,1392
1076,1215,1216,1393
1077,1215,1393,1392
1078,1319,1391,1418
1079,1391,1392,1419
1080,1392,1393,1420
1081,1216,1225,1400
1082,1216,1400,1393
1083,1225,1401,1400
1084,1225,1227,1401
1085,1226,1394,1395
1086,1227,1228,1402
1087,1229,1403,1394
1088,1229,1398,1403
1089,1228,1395,1402
1090,1227,1402,1401
1091,1394,1404,1395
1092,1394,1403,1404
1093,1232,1399,1396
1094,1232,1397,1399
1095,1396,1405,1398
1096,1396,1399,1405
1097,1393,1400,1427
1098,1395,1428,1402
1099,1395,1404,1428
1100,1398,1406,1403
1101,1400,1401,1430
1102,1401,1402,1431
1103,1402,1428,1431
1104,1403,1429,1404
1105,1403,1406,1429
1106,1398,1405,1406
1107,1399,1409,1405
1108,1405,1409,1413
1109,1405,1413,1406
1110,1406,1413,1407
1111,1240,1241,1397
1112,1241,1408,1397
1113,1397,1408,1399
1114,1399,1408,1409
1115,1408,1410,1409
1116,1409,1410,1411
1117,1241,1244,1408
1118,1244,1410,1408
1119,1244,1287,1410
1120,1287,1452,1410
1121,1410,1452,1411
1122,1411,1452,1412
1123,1409,1411,1413
1124,1411,1414,1413
1125,1407,1413,1414
1126,1407,1414,1415
1127,1414,1416,1415
1128,1411,1412,1414
1129,1412,1416,1414
1130,1412,1454,1416
1131,1415,1416,1417
1132,1416,1457,1417
1133,1417,1457,1458
1134,1319,1418,1338
1135,1391,1419,1418
1136,1338,1418,1421
1137,1392,1420,1419
1138,1418,1419,1422
1139,1419,1420,1423
1140,1338,1421,1341
1141,1418,1422,1421
1142,1341,1421,1424
1143,1341,1424,1344
1144,1421,1425,1424
1145,1419,1423,1422
1146,1421,1422,1425
1147,1422,1423,1426
1148,1422,1426,1425
1149,1344,1424,1469
1150,1424,1425,1470
1151,1425,1426,1471
1152,1393,1427,1420
1153,1400,1430,1427
1154,1420,1427,1436
1155,1401,1431,1430
1156,1404,1432,1428
1157,1404,1429,1432
1158,1427,1430,1439
1159,1428,1437,1431
1160,1428,1432,1437
1161,1430,1431,1440
1162,1429,1433,1432
1163,1406,1407,1429
1164,1407,1433,1429
1165,1407,1415,1433
1166,1432,1433,1434
1167,1433,1442,1434
1168,1434,1442,1435
1169,1420,1436,1423
1170,1427,1439,1436
1171,1423,1436,1445
1172,1423,1445,1426
1173,1436,1447,1445
1174,1431,1437,1440
1175,1430,1440,1439
1176,1432,1434,1437
1177,1434,1438,1437
1178,1436,1439,1447
1179,1437,1438,1440
1180,1438,1441,1440
1181,1439,1440,1449
1182,1434,1435,1438
1183,1435,1446,1438
1184,1438,1446,1441
1185,1440,1441,1448
1186,1439,1449,1447
1187,1440,1448,1449
1188,1415,1442,1433
1189,1415,1417,1442
1190,1417,1443,1442
1191,1435,1442,1443
1192,1435,1443,1444
1193,1435,1444,1446
1194,1417,1458,1443
1195,1443,1458,1476
1196,1443,1476,1444
1197,1444,1480,1446
1198,1426,1445,1479
1199,1441,1446,1450
1200,1441,1451,1448
1201,1441,1450,1451
1202,1446,1480,1450
1203,1450,1480,1481
1204,1445,1447,1482
1205,1448,1451,1483
1206,1448,1484,1449
1207,1447,1449,1485
1208,1448,1483,1484
1209,1450,1486,1451
1210,1449,1484,1485
1211,1287,1289,1452
1212,1289,1453,1452
1213,1412,1452,1453
1214,1412,1453,1454
1215,1289,1290,1453
1216,1290,1455,1453
1217,1453,1455,1454
1218,1454,1455,1456
1219,1455,1461,1456
1220,1456,1461,1462
1221,1416,1454,1457
1222,1454,1456,1457
1223,1456,1459,1457
1224,1457,1459,1458
1225,1458,1459,1460
1226,1458,1460,1476
1227,1456,1462,1459
1228,1459,1462,1465
1229,1459,1465,1460
1230,1290,1299,1455
1231,1299,1461,1455
1232,1299,1301,1461
1233,1301,1463,1461
1234,1461,1463,1462
1235,1462,1463,1464
1236,1301,1614,1463
1237,1463,1614,1795
1238,1463,1795,1464
1239,1462,1464,1465
1240,1460,1465,1466
1241,1460,1466,1488
1242,1466,1467,1488
1243,1464,1797,1465
1244,1465,1797,1466
1245,1466,1797,1798
1246,1466,1798,1467
1247,1344,1469,1468
1248,1424,1470,1469
1249,1468,1469,1473
1250,1425,1471,1470
1251,1469,1470,1474
1252,1470,1471,1475
1253,1468,1473,1472
1254,1469,1474,1473
1255,1470,1475,1474
1256,1444,1476,1477
1257,1444,1477,1480
1258,1477,1478,1480
1259,1460,1488,1476
1260,1476,1488,1477
1261,1477,1488,1489
1262,1477,1489,1478
1263,1426,1479,1471
1264,1445,1482,1479
1265,1471,1479,1491
1266,1450,1481,1486
1267,1478,1481,1480
1268,1451,1486,1487
1269,1447,1485,1482
1270,1451,1487,1483
1271,1478,1492,1481
1272,1481,1494,1486
1273,1483,1487,1493
1274,1481,1492,1494
1275,1479,1482,1498
1276,1483,1495,1484
1277,1483,1493,1495
1278,1484,1499,1485
1279,1482,1485,1500
1280,1467,1489,1488
1281,1478,1489,1490
1282,1467,1812,1489
1283,1489,1812,1490
1284,1490,1812,1813
1285,1490,1813,1497
1286,1471,1491,1475
1287,1479,1498,1491
1288,1478,1490,1492
1289,1486,1496,1487
1290,1486,1494,1496
1291,1490,1497,1492
1292,1487,1817,1493
1293,1484,1495,1499
1294,1485,1499,1500
1295,1482,1500,1498
1296,1492,1497,1816
1297,1492,1816,1494
1298,1487,1496,1817
1299,1494,1816,1818
1300,1494,1818,1496
1301,1493,1817,1819
1302,1493,1820,1495
1303,1495,1825,1499
1304,1499,1826,1500
1305,1294,1607,1606
1306,1606,1607,1609
1307,1606,1609,1610
1308,1296,1606,1610
1309,1296,1610,1613
1310,1609,1623,1610
1311,1610,1623,1611
1312,1610,1611,1613
1313,1611,1615,1613
1314,1611,1625,1615
1315,1296,1613,1300
1316,1300,1613,1612
1317,1612,1613,1615
1318,1612,1616,1614
1319,1612,1615,1616
1320,1615,1630,1616
1321,1614,1616,1617
1322,1616,1631,1617
1323,1611,1623,1624
1324,1611,1624,1625
1325,1624,1627,1625
1326,1615,1625,1630
1327,1625,1628,1630
1328,1625,1627,1628
1329,1627,1675,1628
1330,1628,1629,1630
1331,1628,1676,1629
1332,1616,1630,1631
1333,1629,1631,1630
1334,1617,1632,1801
1335,1617,1631,1632
1336,1631,1681,1632
1337,1629,1681,1631
1338,1632,1682,1803
1339,965,1649,1645
1340,1645,1649,1647
1341,1647,1649,1653
1342,965,966,1648
1343,965,1648,1649
1344,966,1657,1648
1345,1648,1657,1659
1346,1648,1655,1649
1347,1649,1655,1653
1348,1648,1659,1655
1349,1647,1653,1652
1350,1652,1653,1654
1351,1652,1654,1675
1352,1653,1655,1656
1353,1655,1659,1665
1354,1655,1665,1656
1355,1653,1656,1654
1356,1654,1656,1677
1357,1656,1665,1678
1358,1657,1658,1660
1359,1658,1661,1660
1360,1657,1660,1659
1361,1659,1660,1664
1362,977,1661,1658
1363,977,1662,1661
1364,1660,1661,1667
1365,1661,1663,1667
1366,1661,1662,1663
1367,1662,2683,1663
1368,1659,1664,1665
1369,1660,1667,1664
1370,1664,1667,1669
1371,1664,1666,1665
1372,1665,1666,1678
1373,1664,1669,1666
1374,1666,1669,1686
1375,1667,1668,1669
1376,1663,1668,1667
1377,1663,2689,1668
1378,1668,1687,1669
1379,1669,1687,1686
1380,1668,2691,1687
1381,1628,1675,1676
1382,1654,1676,1675
1383,1629,1676,1679
1384,1654,1677,1676
1385,1656,1678,1677
1386,1677,1678,1680
1387,1676,1677,1679
1388,1677,1680,1679
1389,1679,1680,1683
1390,1629,1679,1681
1391,1632,1681,1682
1392,1682,1844,1803
1393,1679,1683,1681
1394,1681,1683,1682
1395,1682,1683,1691
1396,1682,1691,1844
1397,1666,1684,1678
1398,1678,1684,1680
1399,1666,1686,1684
1400,1684,1686,1685
1401,1680,1684,1689
1402,1680,1689,1683
1403,1684,1685,1689
1404,1686,1687,1688
1405,1687,2691,2721
1406,1687,2721,1688
1407,1685,1686,1688
1408,1685,1688,1693
1409,1688,2721,2723
1410,1688,2723,1693
1411,1683,1689,1691
1412,1685,1690,1689
1413,1689,1690,1691
1414,1691,1692,1844
1415,1690,1692,1691
1416,1685,1693,1690
1417,1690,1693,1695
1418,1693,2723,1694
1419,1693,1694,1695
1420,1690,1695,1692
1421,1692,1695,1851
1422,1694,1852,1695
1423,1695,1852,1851
1424,1383,1384,1722
1425,1383,1722,1721
1426,1384,1723,1722
1427,1384,1385,1723
1428,1385,1386,1724
1429,1385,1724,1723
1430,1721,1722,1762
1431,1721,1762,1761
1432,1722,1768,1762
1433,1722,1723,1768
1434,1723,1724,1787
1435,1723,1787,1768
1436,1386,1389,1737
1437,1386,1737,1724
1438,1389,1738,1737
1439,1389,1390,1738
1440,1390,1472,1808
1441,1390,1808,1738
1442,1724,1737,1788
1443,1724,1788,1787
1444,1737,1789,1788
1445,1737,1738,1789
1446,1738,1808,1790
1447,1738,1790,1789
1448,1761,1784,1783
1449,1761,1762,1784
1450,1762,1786,1784
1451,1762,1768,1786
1452,1768,1787,1791
1453,1768,1791,1786
1454,1783,1784,2822
1455,1784,1786,2823
1456,1786,1791,2852
1457,1787,1788,1792
1458,1787,1792,1791
1459,1788,1793,1792
1460,1788,1789,1793
1461,1789,1790,1794
1462,1789,1794,1793
1463,1791,1792,2853
1464,1792,1793,2854
1465,1793,1794,2855
1466,1614,1617,1795
1467,1464,1795,1796
1468,1464,1796,1797
1469,1796,1799,1797
1470,1795,1801,1796
1471,1617,1801,1795
1472,1796,1802,1799
1473,1797,1799,1798
1474,1467,1798,1800
1475,1798,1799,1805
1476,1798,1805,1800
1477,1800,1805,1806
1478,1800,1806,1814
1479,1801,1803,1802
1480,1796,1801,1802
1481,1799,1802,1804
1482,1632,1803,1801
1483,1802,1803,1842
1484,1802,1842,1804
1485,1799,1804,1805
1486,1805,1807,1806
1487,1804,1807,1805
1488,1804,1843,1807
1489,1806,1846,1830
1490,1806,1807,1846
1491,1472,1473,1809
1492,1472,1809,1808
1493,1473,1810,1809
1494,1473,1474,1810
1495,1474,1475,1811
1496,1474,1811,1810
1497,1808,1809,1858
1498,1790,1808,1858
1499,1809,1859,1858
1500,1809,1810,1859
1501,1810,1811,1860
1502,1810,1860,1859
1503,1467,1800,1812
1504,1800,1814,1812
1505,1812,1814,1813
1506,1497,1813,1821
1507,1813,1814,1828
1508,1813,1828,1821
1509,1821,1828,1829
1510,1475,1491,1815
1511,1475,1815,1811
1512,1491,1824,1815
1513,1493,1819,1820
1514,1496,1822,1817
1515,1497,1823,1816
1516,1496,1818,1822
1517,1497,1821,1823
1518,1817,1834,1819
1519,1491,1498,1824
1520,1495,1820,1825
1521,1498,1500,1827
1522,1499,1825,1826
1523,1500,1826,1827
1524,1816,1835,1818
1525,1816,1823,1835
1526,1817,1822,1834
1527,1818,1837,1822
1528,1819,1838,1820
1529,1819,1834,1836
1530,1498,1827,1824
1531,1820,1839,1825
1532,1806,1830,1814
1533,1814,1830,1828
1534,1828,1830,1831
1535,1821,1829,1832
1536,1828,1831,1829
1537,1830,1847,1831
1538,1829,1831,1864
1539,1829,1865,1832
1540,1829,1864,1865
1541,1811,1815,1870
1542,1811,1870,1860
1543,1815,1873,1870
1544,1821,1832,1823
1545,1818,1835,1837
1546,1822,1840,1834
1547,1819,1836,1838
1548,1823,1833,1835
1549,1822,1837,1840
1550,1820,1838,1839
1551,1815,1824,1873
1552,1825,1841,1826
1553,1826,1874,1827
1554,1825,1839,1841
1555,1824,1827,1875
1556,1823,1832,1833
1557,1834,1871,1836
1558,1835,1872,1837
1559,1834,1840,1871
1560,1833,1872,1835
1561,1836,1878,1838
1562,1826,1841,1874
1563,1824,1875,1873
1564,1827,1874,1875
1565,1803,1844,1842
1566,1804,1842,1843
1567,1842,1845,1843
1568,1842,1844,1845
1569,1843,1850,1848
1570,1843,1845,1850
1571,1807,1848,1846
1572,1807,1843,1848
1573,1830,1846,1847
1574,1846,1849,1847
1575,1846,1848,1849
1576,1848,1854,1849
1577,1847,1849,1855
1578,1692,1845,1844
1579,1692,1851,1845
1580,1845,1851,1850
1581,1848,1850,1854
1582,1851,1852,1853
1583,1850,1851,1853
1584,1850,1853,1854
1585,1853,2951,1854
1586,1849,1854,1856
1587,1849,1856,1855
1588,1855,1857,1881
1589,1854,2951,1856
1590,1855,1856,1857
1591,1857,2957,1881
1592,1790,1858,1861
1593,1790,1861,1794
1594,1858,1862,1861
1595,1858,1859,1862
1596,1859,1863,1862
1597,1859,1860,1863
1598,1794,1861,2974
1599,1861,1862,2975
1600,1862,1863,2976
1601,1831,1847,1866
1602,1831,1866,1864
1603,1832,1867,1833
1604,1832,1865,1867
1605,1833,1883,1872
1606,1847,1855,1866
1607,1866,1881,1868
1608,1864,1866,1868
1609,1864,1868,1882
1610,1864,1882,1865
1611,1833,1867,1883
1612,1869,1884,1871
1613,1865,1888,1867
1614,1872,1883,1885
1615,1860,1870,1893
1616,1860,1893,1863
1617,1870,1894,1893
1618,1837,1877,1840
1619,1836,1871,1876
1620,1837,1872,1877
1621,1836,1876,1878
1622,1838,1879,1839
1623,1839,1880,1841
1624,1840,1869,1871
1625,1838,1878,1879
1626,1840,1877,1869
1627,1839,1879,1880
1628,1841,1895,1874
1629,1874,1896,1875
1630,1871,1884,1876
1631,1872,1885,1877
1632,1876,1892,1878
1633,1870,1873,1894
1634,1873,1897,1894
1635,1841,1880,1895
1636,1873,1875,1897
1637,1874,1895,1896
1638,1875,1896,1897
1639,1855,1881,1866
1640,1868,1881,1886
1641,1865,1882,1888
1642,1869,1877,1890
1643,1867,1891,1883
1644,1876,1884,1889
1645,1877,1885,1890
1646,1868,1887,1882
1647,1867,1888,1891
1648,1868,1886,1887
1649,1876,1889,1892
1650,1869,2994,1884
1651,1881,2957,1886
1652,1882,1887,2991
1653,1882,2991,1888
1654,1883,2993,1885
1655,1869,1890,2994
1656,1883,1891,2993
1657,1888,2997,1891
1658,1884,2995,1889
1659,1885,2999,1890
1660,1884,2994,2995
1661,1863,1893,3003
1662,1893,1894,3008
1663,1878,1898,1879
1664,1878,1892,1898
1665,1879,3004,1880
1666,1880,3005,1895
1667,1879,1898,3004
1668,1880,3004,3005
1669,1895,3005,3006
1670,1896,1895,3006
1671,1896,3007,1897
1672,1894,1897,3009
1673,1905,1919,1907
1674,1907,1920,1908
1675,1908,1927,1928
1676,1907,1919,1920
1677,1920,1927,1908
1678,1927,1931,1928
1679,1919,1951,1920
1680,1920,1952,1927
1681,1927,1954,1931
1682,1928,1931,1929
1683,1929,1932,1930
1684,1930,1933,1980
1685,1929,1931,1932
1686,1932,1933,1930
1687,1933,1984,1980
1688,1931,1956,1932
1689,1932,1957,1933
1690,1933,1958,1984
1691,1920,1951,1952
1692,1927,1952,1954
1693,1954,1956,1931
1694,1951,2239,1952
1695,1952,2239,2248
1696,1952,2248,1954
1697,1954,2249,1956
1698,1954,2248,2249
1699,1932,1956,1957
1700,1933,1957,1958
1701,1958,2028,1984
1702,1956,2262,1957
1703,1957,2263,1958
1704,1956,2249,2262
1705,1957,2262,2263
1706,1958,2264,2028
1707,1958,2263,2264
1708,2264,2286,2028
1709,1980,1984,1981
1710,1981,1985,1982
1711,1982,1986,1983
1712,1981,1984,1985
1713,1985,1986,1982
1714,1983,1986,1987
1715,1984,2028,1985
1716,1985,2029,1986
1717,1986,2030,1987
1718,1983,1987,1988
1719,1988,2002,1989
1720,1989,2003,1990
1721,1990,2004,1991
1722,785,1992,1995
1723,786,1995,1996
1724,790,2001,791
1725,787,1996,1999
1726,790,1999,2001
1727,791,2001,1994
1728,792,2000,1993
1729,792,1997,2000
1730,793,1998,2015
1731,1991,2007,1992
1732,1992,2006,1995
1733,1994,2005,1997
1734,1993,2020,1998
1735,1993,2000,2020
1736,1994,2001,2005
1737,1987,2002,1988
1738,2002,2003,1989
1739,1990,2003,2004
1740,1987,2031,2002
1741,2002,2032,2003
1742,1991,2004,2007
1743,1992,2007,2006
1744,1995,2009,1996
1745,1996,2010,1999
1746,1997,2008,2000
1747,1997,2005,2008
1748,1996,2009,2010
1749,1995,2006,2009
1750,1999,2037,2001
1751,2001,2037,2005
1752,2003,2033,2004
1753,2004,2034,2007
1754,1999,2010,2037
1755,793,2015,2011
1756,828,2016,2012
1757,828,2013,2016
1758,2012,2016,2014
1759,2011,2021,2013
1760,2011,2015,2021
1761,2014,2022,2018
1762,2014,2016,2022
1763,832,2018,2017
1764,832,2014,2018
1765,2017,2019,2151
1766,2017,2018,2019
1767,2018,2026,2019
1768,2019,2158,2151
1769,1998,2023,2015
1770,1998,2020,2023
1771,2013,2021,2024
1772,2013,2024,2016
1773,2016,2024,2022
1774,2000,2038,2020
1775,2015,2039,2021
1776,2022,2025,2026
1777,2000,2008,2038
1778,2015,2023,2039
1779,2005,2037,2042
1780,2005,2042,2008
1781,2020,2040,2023
1782,2020,2038,2040
1783,2021,2041,2024
1784,2021,2039,2041
1785,2022,2024,2025
1786,2018,2022,2026
1787,2019,2027,2158
1788,2019,2026,2027
1789,2025,2046,2026
1790,2026,2046,2027
1791,1985,2028,2029
1792,1986,2029,2030
1793,1987,2030,2031
1794,2028,2286,2029
1795,2029,2287,2030
1796,2029,2286,2287
1797,2030,2288,2031
1798,2030,2287,2288
1799,2031,2288,2289
1800,2031,2032,2002
1801,2003,2032,2033
1802,2004,2033,2034
1803,2006,2007,2035
1804,2007,2034,2035
1805,2006,2036,2009
1806,2009,2049,2010
1807,2006,2035,2036
1808,2009,2036,2049
1809,2031,2289,2032
1810,2032,2294,2033
1811,2032,2289,2294
1812,2033,2294,2295
1813,2033,2295,2034
1814,2034,2298,2035
1815,2035,2296,2036
1816,2034,2295,2298
1817,2035,2298,2296
1818,2008,2043,2038
1819,2023,2044,2039
1820,2024,2041,2025
1821,2010,2050,2037
1822,2008,2042,2043
1823,2023,2040,2044
1824,2025,2041,2045
1825,2025,2045,2046
1826,2037,2050,2042
1827,2039,2052,2041
1828,2038,2051,2040
1829,2010,2049,2050
1830,2038,2043,2051
1831,2039,2044,2052
1832,2041,2052,2045
1833,2027,2046,2047
1834,2027,2047,2160
1835,2045,2048,2046
1836,2046,2048,2047
1837,2047,2048,2055
1838,2047,2055,2193
1839,2042,2053,2043
1840,2040,2054,2044
1841,2042,2050,2053
1842,2040,2051,2054
1843,2043,2301,2051
1844,2045,2052,2056
1845,2044,2302,2052
1846,2036,2297,2049
1847,2043,2053,2301
1848,2049,2299,2050
1849,2036,2296,2297
1850,2050,2299,2053
1851,2044,2054,2302
1852,2052,2302,2056
1853,2051,2300,2054
1854,2051,2301,2300
1855,2045,2056,2048
1856,2048,2056,2057
1857,2048,2057,2055
1858,2056,2302,2305
1859,2056,2305,2057
1860,2055,2057,2447
1861,938,2151,2152
1862,938,2152,2153
1863,2152,2156,2153
1864,2151,2158,2152
1865,2152,2159,2156
1866,2153,2154,2155
1867,2153,2156,2154
1868,2154,2171,2155
1869,2154,2157,2171
1870,2154,2156,2161
1871,2154,2161,2157
1872,2157,2161,2162
1873,2152,2158,2159
1874,2158,2160,2159
1875,2156,2159,2163
1876,2027,2160,2158
1877,2159,2160,2192
1878,2159,2192,2163
1879,2156,2163,2161
1880,2161,2164,2162
1881,2161,2163,2164
1882,2163,2195,2164
1883,2162,2164,2196
1884,971,2155,2171
1885,971,2171,2172
1886,2157,2174,2171
1887,971,2172,973
1888,2171,2174,2172
1889,2172,2174,2176
1890,2157,2173,2174
1891,2157,2162,2173
1892,2173,2178,2174
1893,2174,2178,2176
1894,2173,2180,2178
1895,973,2172,2175
1896,973,2175,978
1897,2172,2176,2175
1898,978,2175,2682
1899,2175,2176,2177
1900,2175,2177,2682
1901,2176,2178,2179
1902,2178,2180,2186
1903,2178,2186,2179
1904,2176,2179,2177
1905,2177,2179,2685
1906,2179,2186,2686
1907,2162,2181,2173
1908,2173,2181,2180
1909,2180,2181,2182
1910,2162,2196,2181
1911,2181,2213,2182
1912,2180,2185,2186
1913,2180,2182,2185
1914,2185,2187,2186
1915,2186,2187,2686
1916,2185,2190,2187
1917,2182,2220,2185
1918,2185,2220,2190
1919,2191,2190,2220
1920,2047,2193,2160
1921,2160,2193,2192
1922,2163,2192,2195
1923,2192,2193,2194
1924,2192,2194,2195
1925,2194,2200,2195
1926,2164,2195,2197
1927,2164,2197,2196
1928,2195,2200,2197
1929,2196,2197,2214
1930,2055,2198,2193
1931,2193,2198,2194
1932,2194,2198,2199
1933,2194,2199,2200
1934,2055,2447,2198
1935,2198,2447,2448
1936,2198,2448,2199
1937,2197,2200,2201
1938,2197,2201,2214
1939,2201,2231,2214
1940,2199,2202,2200
1941,2202,2201,2200
1942,2231,2451,2464
1943,2202,2451,2201
1944,2201,2451,2231
1945,2181,2196,2213
1946,2196,2214,2213
1947,2182,2213,2215
1948,2213,2214,2229
1949,2213,2229,2215
1950,2215,2229,2216
1951,2182,2215,2220
1952,2215,2221,2220
1953,2191,2220,2221
1954,2191,2221,2223
1955,2221,2224,2223
1956,2215,2216,2221
1957,2216,2224,2221
1958,2223,2224,2227
1959,2224,2234,2227
1960,2227,2234,2228
1961,2214,2231,2229
1962,2229,2231,2230
1963,2216,2229,2230
1964,2216,2230,2233
1965,2230,2231,2464
1966,2232,2230,2464
1967,2232,2466,2237
1968,2232,2233,2230
1969,2232,2237,2233
1970,2216,2233,2224
1971,2224,2233,2234
1972,2233,2237,2234
1973,2234,2237,2235
1974,2228,2234,2235
1975,2228,2235,2762
1976,2236,2237,2466
1977,2236,2235,2237
1978,2236,2238,2235
1979,2238,2471,2764
1980,2471,2763,2764
1981,2238,2762,2235
1982,2238,2764,2762
1983,2239,2252,2248
1984,2248,2255,2249
1985,2252,2255,2248
1986,2249,2256,2262
1987,2249,2255,2256
1988,2252,2270,2255
1989,2255,2273,2256
1990,2256,2265,2262
1991,2262,2265,2263
1992,2263,2265,2266
1993,2263,2266,2264
1994,2266,2267,2264
1995,2264,2267,2286
1996,2267,2290,2286
1997,2256,2274,2265
1998,2265,2279,2266
1999,2266,2280,2267
2000,2267,2281,2290
2001,2255,2270,2273
2002,2256,2273,2274
2003,2270,2276,2273
2004,2273,2277,2274
2005,2276,2277,2273
2006,2274,2277,2278
2007,2274,2279,2265
2008,2266,2279,2280
2009,2267,2280,2281
2010,2281,2317,2290
2011,2274,2278,2279
2012,2279,2282,2280
2013,2278,2282,2279
2014,2280,2282,2283
2015,2280,2283,2281
2016,2281,2284,2317
2017,2283,2284,2281
2018,2284,2285,2317
2019,2286,2290,2287
2020,2287,2290,2291
2021,2287,2291,2288
2022,2291,2292,2288
2023,2288,2292,2289
2024,2289,2293,2294
2025,2289,2292,2293
2026,2290,2317,2291
2027,2291,2318,2292
2028,2292,2319,2293
2029,2293,2320,2307
2030,2293,2307,2294
2031,2294,2307,2295
2032,2307,2308,2295
2033,2049,2297,2299
2034,2053,2304,2301
2035,2054,2303,2302
2036,2053,2299,2304
2037,2054,2300,2303
2038,2303,2305,2302
2039,2308,2298,2295
2040,2296,2298,2309
2041,2296,2311,2297
2042,2308,2309,2298
2043,2300,2301,2310
2044,2304,2310,2301
2045,2297,2314,2299
2046,2300,2315,2303
2047,2057,2305,2306
2048,2057,2306,2447
2049,2306,2449,2447
2050,2305,2312,2306
2051,2303,2312,2305
2052,2306,2313,2449
2053,2307,2324,2308
2054,2308,2325,2309
2055,2296,2309,2311
2056,2299,2314,2304
2057,2297,2311,2314
2058,2300,2310,2315
2059,2304,2326,2310
2060,2309,2328,2311
2061,2303,2315,2312
2062,2306,2312,2313
2063,2312,2316,2313
2064,2304,2314,2326
2065,2312,2315,2316
2066,2310,2327,2315
2067,2310,2326,2327
2068,2315,2327,2316
2069,2313,2316,2495
2070,2291,2317,2318
2071,2292,2318,2319
2072,2293,2319,2320
2073,2285,2318,2317
2074,2318,2321,2319
2075,2285,2321,2318
2076,2321,2322,2319
2077,2319,2322,2320
2078,2320,2323,2324
2079,2320,2322,2323
2080,2323,2331,2324
2081,2320,2324,2307
2082,2308,2324,2325
2083,2314,2329,2326
2084,2311,2329,2314
2085,2309,2325,2328
2086,2311,2328,2329
2087,2316,2330,2495
2088,2316,2327,2330
2089,2327,2326,2333
2090,2326,2329,2333
2091,2327,2333,2330
2092,2324,2331,2325
2093,2325,2332,2328
2094,2325,2331,2332
2095,2332,2334,2328
2096,2328,2334,2329
2097,2330,2333,2508
2098,2329,2334,2333
2099,2333,2334,2508
2100,2276,2394,2277
2101,2277,2394,2395
2102,2277,2395,2278
2103,2278,2395,2396
2104,2394,2402,2395
2105,2402,2403,2395
2106,2395,2403,2396
2107,2396,2403,2404
2108,2402,2430,2403
2109,2403,2432,2404
2110,2278,2396,2282
2111,2282,2396,2405
2112,2282,2405,2283
2113,2283,2405,2406
2114,2283,2406,2284
2115,2284,2406,2407
2116,2284,2407,2285
2117,2285,2407,2408
2118,2396,2404,2405
2119,2404,2409,2405
2120,2405,2409,2406
2121,2406,2409,2410
2122,2404,2433,2409
2123,2409,2441,2410
2124,2406,2410,2407
2125,2410,2411,2407
2126,2407,2411,2408
2127,2408,2411,2412
2128,2410,2442,2411
2129,2411,2443,2412
2130,2403,2430,2432
2131,2404,2432,2433
2132,2430,2438,2432
2133,2432,2439,2433
2134,2438,2439,2432
2135,2433,2439,2440
2136,2438,3234,2439
2137,2439,3235,2440
2138,2433,2441,2409
2139,2410,2441,2442
2140,2433,2440,2441
2141,2441,2444,2442
2142,2411,2442,2443
2143,2412,2443,2523
2144,2442,2445,2443
2145,2443,2446,2523
2146,2440,2444,2441
2147,2442,2444,2445
2148,2440,3236,2444
2149,2444,3242,2445
2150,2445,2446,2443
2151,2446,2527,2523
2152,2445,3243,2446
2153,2446,3244,2527
2154,2447,2449,2448
2155,2199,2448,2450
2156,2448,2449,2455
2157,2448,2455,2450
2158,2450,2455,2459
2159,2199,2450,2202
2160,2202,2450,2452
2161,2202,2452,2451
2162,2451,2453,2464
2163,2450,2459,2452
2164,2451,2452,2453
2165,2453,2454,2465
2166,2452,2458,2453
2167,2453,2458,2454
2168,2449,2456,2455
2169,2313,2456,2449
2170,2455,2457,2459
2171,2313,2495,2456
2172,2455,2456,2457
2173,2457,2461,2459
2174,2456,2497,2457
2175,2457,2496,2461
2176,2452,2459,2458
2177,2458,2459,2461
2178,2458,2461,2460
2179,2454,2458,2460
2180,2454,2460,2476
2181,2460,2461,2462
2182,2462,2461,2496
2183,2460,2462,2463
2184,2460,2463,2476
2185,2463,2479,2476
2186,2463,2501,2479
2187,2232,2464,2465
2188,2453,2465,2464
2189,2465,2467,2466
2190,2232,2465,2466
2191,2236,2466,2468
2192,2466,2467,2468
2193,2454,2467,2465
2194,2454,2476,2467
2195,2468,2469,2470
2196,2467,2475,2468
2197,2468,2475,2469
2198,2236,2470,2238
2199,2236,2468,2470
2200,2470,2473,2471
2201,2238,2470,2471
2202,2471,2472,2763
2203,2471,2473,2472
2204,2469,2473,2470
2205,2469,2477,2473
2206,2473,2477,2482
2207,2472,2473,2482
2208,2472,2474,3314
2209,2472,2482,2474
2210,2467,2476,2475
2211,2475,2476,2479
2212,2475,2479,2478
2213,2469,2475,2478
2214,2469,2478,2477
2215,2477,2478,2481
2216,2477,2481,2486
2217,2478,2479,2480
2218,2478,2480,2481
2219,2480,2479,2501
2220,2480,2531,2481
2221,2487,2486,2532
2222,2481,2532,2486
2223,2477,2486,2482
2224,2482,2486,2484
2225,2474,2482,2484
2226,2474,2484,2483
2227,2483,2484,2488
2228,2483,2488,2485
2229,2484,2486,2487
2230,2484,2487,2488
2231,2487,2538,2488
2232,2488,2538,2539
2233,2485,2488,2539
2234,2485,2539,3325
2235,2285,2408,2321
2236,2408,2489,2321
2237,2321,2489,2322
2238,2322,2489,2490
2239,2322,2490,2323
2240,2323,2490,2491
2241,2323,2491,2331
2242,2331,2491,2506
2243,2408,2412,2489
2244,2412,2492,2489
2245,2489,2492,2490
2246,2492,2493,2490
2247,2412,2523,2492
2248,2492,2524,2493
2249,2490,2493,2491
2250,2491,2493,2494
2251,2491,2494,2506
2252,2494,2515,2506
2253,2493,2525,2494
2254,2494,2526,2515
2255,2456,2495,2497
2256,2495,2498,2497
2257,2457,2497,2496
2258,2496,2497,2499
2259,2496,2499,2503
2260,2330,2498,2495
2261,2497,2498,2499
2262,2498,2509,2499
2263,2499,2510,2503
2264,2503,2510,2504
2265,2462,2496,2503
2266,2462,2500,2463
2267,2462,2503,2500
2268,2463,2500,2501
2269,2500,2505,2501
2270,2501,2505,2502
2271,2500,2503,2504
2272,2500,2504,2505
2273,2504,2517,2505
2274,2505,2517,2518
2275,2502,2505,2518
2276,2502,2518,2535
2277,2331,2506,2332
2278,2332,2506,2507
2279,2332,2507,2334
2280,2334,2507,2514
2281,2330,2508,2498
2282,2498,2508,2509
2283,2499,2509,2510
2284,2504,2510,2511
2285,2509,2513,2510
2286,2510,2513,2511
2287,2508,2512,2509
2288,2509,2512,2513
2289,2334,2512,2508
2290,2334,2514,2512
2291,2512,2520,2513
2292,2511,2513,2521
2293,2512,2514,2520
2294,2506,2515,2507
2295,2507,2515,2516
2296,2507,2516,2514
2297,2516,2522,2514
2298,2515,2544,2516
2299,2516,2545,2522
2300,2504,2511,2517
2301,2511,2519,2517
2302,2511,2521,2519
2303,2517,2546,2518
2304,2517,2519,2546
2305,2519,2521,2547
2306,2513,2520,2521
2307,2514,2522,2520
2308,2520,2549,2521
2309,2520,2522,2549
2310,2521,2549,2547
2311,2492,2523,2524
2312,2493,2524,2525
2313,2523,2527,2524
2314,2524,2528,2525
2315,2494,2525,2526
2316,2526,2544,2515
2317,2525,2529,2526
2318,2526,2530,2544
2319,2524,2527,2528
2320,2528,2529,2525
2321,2527,3245,2528
2322,2528,3382,2529
2323,2526,2529,2530
2324,2530,2552,2544
2325,2529,3383,2530
2326,2530,3384,2552
2327,2480,2501,2502
2328,2480,2502,2531
2329,2531,2534,2532
2330,2481,2531,2532
2331,2487,2532,2533
2332,2532,2534,2533
2333,2502,2535,2531
2334,2531,2535,2534
2335,2534,2535,2536
2336,2518,2537,2535
2337,2533,2534,2541
2338,2534,2536,2541
2339,2535,2537,2536
2340,2487,2533,2538
2341,2533,2540,2538
2342,2533,2541,2540
2343,2538,3388,2539
2344,2538,2540,3388
2345,2540,2541,3389
2346,2536,2542,2541
2347,2536,2537,2543
2348,2537,2554,2543
2349,2536,2543,2542
2350,2541,2542,3389
2351,2543,2554,3391
2352,2516,2544,2545
2353,2522,2545,2550
2354,2544,2552,2545
2355,2545,2553,2550
2356,2518,2546,2537
2357,2519,2548,2546
2358,2519,2547,2548
2359,2537,2546,2554
2360,2546,2548,2554
2361,2547,2555,2548
2362,2547,2551,2555
2363,2522,2550,2549
2364,2547,2549,2551
2365,2549,2550,2551
2366,2545,2552,2553
2367,2553,2558,2550
2368,2552,3401,2553
2369,2553,3402,2558
2370,2548,2556,2554
2371,2548,2555,2556
2372,2551,2557,2555
2373,2554,2556,3391
2374,2555,3403,2556
2375,2555,2557,3403
2376,2550,2558,2551
2377,2551,2558,2557
2378,2557,2558,3406
2379,1662,2682,2683
2380,2682,2684,2683
2381,2177,2684,2682
2382,1663,2683,2689
2383,2683,2684,2690
2384,2684,2687,2690
2385,2177,2685,2684
2386,2179,2686,2685
2387,2685,2686,2688
2388,2684,2685,2687
2389,2685,2688,2687
2390,2687,2688,2694
2391,2683,2690,2689
2392,2689,2690,2692
2393,2690,2693,2692
2394,1668,2689,2691
2395,2689,2692,2691
2396,2691,2692,2722
2397,2692,2695,2722
2398,2687,2693,2690
2399,2687,2694,2693
2400,2693,2694,2696
2401,2692,2693,2695
2402,2693,2696,2695
2403,2187,2699,2686
2404,2686,2699,2688
2405,2187,2190,2703
2406,2187,2703,2699
2407,2688,2699,2707
2408,2688,2707,2694
2409,2699,2703,2701
2410,2699,2701,2707
2411,2694,2707,2710
2412,2701,2708,2707
2413,2707,2708,2710
2414,2694,2710,2696
2415,2696,2710,2737
2416,2708,2711,2710
2417,2710,2711,2737
2418,2691,2722,2721
2419,2721,2722,2724
2420,2722,2726,2724
2421,2721,2724,2723
2422,2723,2724,2728
2423,2724,2726,2730
2424,2695,2726,2722
2425,2695,2725,2726
2426,2695,2696,2725
2427,2696,2737,2725
2428,2726,2727,2730
2429,2725,2727,2726
2430,2725,2740,2727
2431,1694,2723,2728
2432,2724,2730,2728
2433,2728,2730,2732
2434,1694,2728,2729
2435,1694,2729,1852
2436,2728,2732,2729
2437,2729,2732,2950
2438,2727,2731,2730
2439,2730,2731,2732
2440,2727,2744,2731
2441,2731,2744,2746
2442,2731,2733,2732
2443,2732,2733,2950
2444,2731,2746,2733
2445,2733,2746,2964
2446,2725,2737,2740
2447,2737,2738,2740
2448,2711,2738,2737
2449,2727,2740,2744
2450,2740,2741,2744
2451,2738,2741,2740
2452,2744,2745,2746
2453,2741,2745,2744
2454,2745,2965,2746
2455,2746,2965,2964
2456,1783,2822,2821
2457,1784,2823,2822
2458,1786,2852,2823
2459,2821,2822,2850
2460,2821,2850,2849
2461,2822,2823,2851
2462,2822,2851,2850
2463,2823,2852,2866
2464,2823,2866,2851
2465,1791,2853,2852
2466,1792,2854,2853
2467,1793,2855,2854
2468,2852,2867,2866
2469,2852,2853,2867
2470,2853,2868,2867
2471,2853,2854,2868
2472,2854,2855,2869
2473,2854,2869,2868
2474,2849,2850,2931
2475,2849,2931,2930
2476,2850,2851,2932
2477,2851,2866,2933
2478,2850,2932,2931
2479,2851,2933,2932
2480,2930,2931,3520
2481,2930,3520,3519
2482,2931,2932,3521
2483,2931,3521,3520
2484,2932,3532,3521
2485,2866,2867,2934
2486,2866,2934,2933
2487,2867,2935,2934
2488,2867,2868,2935
2489,2868,2869,2936
2490,2868,2936,2935
2491,2932,2933,3532
2492,2933,3533,3532
2493,2933,2934,3533
2494,2934,2935,3534
2495,2934,3534,3533
2496,2935,2936,3535
2497,2935,3535,3534
2498,1852,2729,2949
2499,1852,2949,1853
2500,2729,2950,2949
2501,2949,2950,2952
2502,1853,2949,2951
2503,2949,2952,2951
2504,2951,2952,2956
2505,2733,2953,2950
2506,2950,2953,2952
2507,2733,2964,2953
2508,2953,2964,2955
2509,2952,2953,2954
2510,2952,2954,2956
2511,2953,2955,2954
2512,1856,2951,2956
2513,1856,2956,1857
2514,1857,2956,2959
2515,1857,2959,2957
2516,2954,2959,2956
2517,2954,2955,2958
2518,2954,2958,2959
2519,2957,2959,2960
2520,2958,2960,2959
2521,2964,2965,2967
2522,2955,2964,2967
2523,2955,2967,2971
2524,2955,2971,2958
2525,2958,2971,2973
2526,2958,2973,2960
2527,2960,2973,3015
2528,1794,2974,2855
2529,1861,2975,2974
2530,1862,2976,2975
2531,2855,2974,2988
2532,2855,2988,2869
2533,2974,2989,2988
2534,2974,2975,2989
2535,2975,2990,2989
2536,2975,2976,2990
2537,1886,2957,2992
2538,1886,2996,1887
2539,1888,2991,2997
2540,2957,2960,2992
2541,1886,2992,2996
2542,1887,3014,2991
2543,1885,2993,2999
2544,1889,3002,1892
2545,1889,2995,3000
2546,1890,3001,2994
2547,1891,2998,2993
2548,1890,2999,3001
2549,1891,2997,2998
2550,1889,3000,3002
2551,1887,2996,3014
2552,2991,3014,3016
2553,2960,3015,2992
2554,2992,3023,2996
2555,2991,3016,2997
2556,2994,3018,2995
2557,2993,3017,2999
2558,2994,3001,3018
2559,1892,3002,3019
2560,2993,2998,3017
2561,2995,3020,3000
2562,2999,3025,3001
2563,1863,3003,2976
2564,1893,3008,3003
2565,1892,3019,1898
2566,1898,3031,3004
2567,1894,3009,3008
2568,1896,3006,3007
2569,1897,3007,3009
2570,1898,3019,3031
2571,3004,3032,3005
2572,3005,3033,3006
2573,3004,3031,3032
2574,3005,3032,3033
2575,3007,3036,3009
2576,3006,3034,3007
2577,2996,3026,3014
2578,2992,3015,3023
2579,2997,3024,2998
2580,2999,3017,3025
2581,2996,3023,3026
2582,2997,3016,3024
2583,2998,3083,3017
2584,3001,3025,3028
2585,3001,3028,3018
2586,2995,3018,3020
2587,3000,3029,3002
2588,3000,3020,3027
2589,3019,3087,3031
2590,3002,3086,3019
2591,3014,3066,3016
2592,3014,3026,3066
2593,2998,3024,3083
2594,3020,3018,3085
2595,3016,3068,3024
2596,3017,3083,3084
2597,3017,3084,3025
2598,3018,3028,3085
2599,3020,3089,3027
2600,3000,3027,3029
2601,3002,3029,3086
2602,3019,3086,3087
2603,3031,3087,3088
2604,2976,3003,3030
2605,2976,3030,2990
2606,3003,3008,3035
2607,3003,3035,3030
2608,3006,3033,3034
2609,3008,3037,3035
2610,3008,3009,3037
2611,3007,3034,3036
2612,3009,3036,3037
2613,3031,3088,3032
2614,3033,3032,3092
2615,3033,3093,3034
2616,3069,3076,3083
2617,3077,3079,3090
2618,3077,3084,3076
2619,3079,3097,3090
2620,3096,3097,3633
2621,3079,3633,3097
2622,3078,3096,3634
2623,2869,2988,3080
2624,2869,3080,2936
2625,2988,3081,3080
2626,2988,2989,3081
2627,2989,2990,3082
2628,2989,3082,3081
2629,2990,3105,3082
2630,2936,3080,3669
2631,2936,3669,3535
2632,3080,3081,3670
2633,3080,3670,3669
2634,3081,3082,3671
2635,3081,3671,3670
2636,3082,3681,3671
2637,3016,3066,3068
2638,3024,3069,3083
2639,3025,3084,3090
2640,3025,3090,3028
2641,3020,3085,3089
2642,3024,3068,3069
2643,3028,3097,3085
2644,3027,3098,3029
2645,3027,3089,3091
2646,3029,3099,3086
2647,3076,3084,3083
2648,3028,3090,3097
2649,3027,3091,3098
2650,3085,3096,3089
2651,3077,3090,3084
2652,3085,3097,3096
2653,3029,3098,3099
2654,3086,3100,3087
2655,3088,3087,3101
2656,3086,3099,3100
2657,3088,3102,3092
2658,2990,3030,3105
2659,3030,3035,3106
2660,3030,3106,3105
2661,3032,3088,3092
2662,3033,3092,3093
2663,3034,3094,3036
2664,3034,3093,3094
2665,3035,3037,3107
2666,3036,3095,3037
2667,3036,3094,3095
2668,3035,3107,3106
2669,3037,3095,3107
2670,3091,3675,3098
2671,3078,3091,3089
2672,3078,3089,3096
2673,3092,3102,3103
2674,3093,3103,3104
2675,3087,3100,3101
2676,3088,3101,3102
2677,3078,3632,3091
2678,3091,3632,3675
2679,3098,3676,3099
2680,3100,3099,3677
2681,3098,3675,3676
2682,3100,3678,3101
2683,3101,3679,3102
2684,3082,3105,3681
2685,3105,3682,3681
2686,3105,3106,3682
2687,3106,3685,3682
2688,3094,3683,3095
2689,3095,3684,3107
2690,3092,3103,3093
2691,3093,3104,3094
2692,3094,3104,3683
2693,3106,3107,3685
2694,3095,3683,3684
2695,3107,3684,3685
2696,2439,3234,3235
2697,2440,3235,3236
2698,3234,3238,3235
2699,3235,3240,3236
2700,3238,3240,3235
2701,3236,3240,3241
2702,3238,3267,3240
2703,3240,3267,3269
2704,3240,3269,3241
2705,3241,3269,3270
2706,2444,3236,3242
2707,2445,3242,3243
2708,3236,3241,3242
2709,3242,3246,3243
2710,2446,3243,3244
2711,2527,3244,3245
2712,3243,3247,3244
2713,3244,3248,3245
2714,3241,3246,3242
2715,3243,3246,3247
2716,3241,3270,3246
2717,3270,3275,3246
2718,3246,3275,3247
2719,3247,3275,3276
2720,3247,3248,3244
2721,3245,3248,3249
2722,3247,3276,3248
2723,3248,3276,3277
2724,3248,3277,3249
2725,3249,3277,3278
2726,3267,3271,3269
2727,3271,3273,3269
2728,3269,3273,3270
2729,3270,3273,3274
2730,3273,3563,3564
2731,3271,3563,3273
2732,3274,3564,3565
2733,3273,3564,3274
2734,3270,3274,3275
2735,3274,3279,3275
2736,3275,3279,3276
2737,3276,3279,3280
2738,3276,3280,3277
2739,3280,3281,3277
2740,3277,3281,3278
2741,3278,3281,3282
2742,3279,3565,3572
2743,3274,3565,3279
2744,3280,3572,3573
2745,3279,3572,3280
2746,3281,3573,3574
2747,3280,3573,3281
2748,3282,3574,3575
2749,3281,3574,3282
2750,2472,3314,2763
2751,2474,3315,3314
2752,2474,2483,3315
2753,2483,3316,3315
2754,2483,2485,3316
2755,2485,3323,3316
2756,2485,3325,3323
2757,3323,3325,3324
2758,2539,3327,3325
2759,3325,3334,3324
2760,3324,3334,3326
2761,3325,3327,3334
2762,3326,3334,3332
2763,3326,3332,3333
2764,3327,3337,3334
2765,3327,3394,3337
2766,3332,3334,3337
2767,3333,3335,3336
2768,3332,3335,3333
2769,3332,3360,3335
2770,3332,3337,3360
2771,3337,3394,3361
2772,3337,3361,3360
2773,3358,3375,3372
2774,3335,3359,3336
2775,3336,3359,3357
2776,3357,3359,3363
2777,3335,3362,3359
2778,3335,3360,3362
2779,3360,3365,3362
2780,3360,3361,3365
2781,3357,3363,3358
2782,3359,3362,3364
2783,3359,3364,3363
2784,3358,3363,3375
2785,3362,3365,3377
2786,3361,3419,3365
2787,3362,3377,3364
2788,3365,3425,3377
2789,3372,3379,3373
2790,3373,3640,3374
2791,3373,3379,3640
2792,3363,3376,3375
2793,3363,3364,3376
2794,3372,3375,3379
2795,3375,3376,3380
2796,3364,3378,3376
2797,3364,3377,3378
2798,3377,3428,3378
2799,3377,3425,3428
2800,3375,3380,3379
2801,3376,3381,3380
2802,3379,3645,3640
2803,3379,3380,3645
2804,3376,3378,3381
2805,3378,3428,3646
2806,3378,3646,3381
2807,2528,3245,3382
2808,2529,3382,3383
2809,3245,3249,3382
2810,3382,3385,3383
2811,2530,3383,3384
2812,2552,3384,3401
2813,3383,3386,3384
2814,3384,3387,3401
2815,3249,3385,3382
2816,3385,3386,3383
2817,3249,3278,3385
2818,3278,3412,3385
2819,3385,3412,3386
2820,3386,3412,3413
2821,3384,3386,3387
2822,3387,3407,3401
2823,3386,3413,3387
2824,3387,3413,3414
2825,3387,3414,3407
2826,3414,3434,3407
2827,2539,3388,3327
2828,2540,3390,3388
2829,2540,3389,3390
2830,3327,3388,3394
2831,3388,3390,3394
2832,3389,3395,3390
2833,3389,3392,3395
2834,2542,2543,3393
2835,2542,3392,3389
2836,2542,3393,3392
2837,2543,3391,3393
2838,3392,3393,3399
2839,3391,3398,3393
2840,3391,3404,3398
2841,3390,3396,3394
2842,3390,3395,3396
2843,3392,3397,3395
2844,3361,3394,3396
2845,3395,3418,3396
2846,3395,3397,3418
2847,3392,3399,3397
2848,3393,3398,3399
2849,3398,3404,3400
2850,3397,3399,3421
2851,3399,3422,3421
2852,3398,3422,3399
2853,3398,3400,3422
2854,2553,3401,3402
2855,2558,3402,3406
2856,3401,3407,3402
2857,3402,3408,3406
2858,2556,3404,3391
2859,2556,3403,3404
2860,2557,3405,3403
2861,2557,3406,3405
2862,3403,3409,3404
2863,3403,3405,3409
2864,3405,3406,3410
2865,3402,3407,3408
2866,3408,3410,3406
2867,3407,3434,3408
2868,3408,3434,3435
2869,3408,3435,3410
2870,3410,3435,3437
2871,3400,3404,3409
2872,3405,3411,3409
2873,3405,3410,3411
2874,3400,3409,3436
2875,3409,3411,3436
2876,3410,3437,3411
2877,3278,3282,3412
2878,3282,3415,3412
2879,3412,3415,3413
2880,3415,3416,3413
2881,3413,3416,3414
2882,3414,3416,3417
2883,3414,3417,3434
2884,3417,3439,3434
2885,3575,3696,3415
2886,3282,3575,3415
2887,3416,3696,3697
2888,3415,3696,3416
2889,3417,3697,3698
2890,3416,3697,3417
2891,3439,3698,3728
2892,3417,3698,3439
2893,3361,3396,3419
2894,3396,3418,3419
2895,3397,3420,3418
2896,3397,3421,3420
2897,3365,3419,3425
2898,3418,3426,3419
2899,3418,3420,3426
2900,3420,3421,3427
2901,3421,3422,3423
2902,3400,3424,3422
2903,3400,3436,3424
2904,3421,3423,3427
2905,3422,3424,3423
2906,3424,3436,3431
2907,3419,3426,3425
2908,3425,3429,3428
2909,3425,3426,3429
2910,3420,3430,3426
2911,3420,3427,3430
2912,3426,3430,3429
2913,3428,3429,3705
2914,3428,3705,3646
2915,3429,3430,3706
2916,3427,3707,3430
2917,3427,3432,3707
2918,3423,3432,3427
2919,3423,3433,3432
2920,3423,3424,3433
2921,3424,3431,3433
2922,3432,3433,3712
2923,3431,3713,3433
2924,3431,3442,3713
2925,3434,3439,3435
2926,3435,3439,3440
2927,3435,3440,3437
2928,3440,3441,3437
2929,3411,3438,3436
2930,3411,3437,3438
2931,3431,3436,3438
2932,3437,3441,3438
2933,3440,3728,3729
2934,3439,3728,3440
2935,3441,3729,3730
2936,3440,3729,3441
2937,3431,3438,3442
2938,3438,3441,3442
2939,3441,3730,3442
2940,3519,3520,3530
2941,3520,3521,3531
2942,3519,3530,3529
2943,3520,3531,3530
2944,3521,3536,3531
2945,3521,3532,3536
2946,3532,3533,3537
2947,3533,3534,3538
2948,3534,3535,3539
2949,3532,3537,3536
2950,3533,3538,3537
2951,3534,3539,3538
2952,3563,3566,3564
2953,3564,3568,3565
2954,3566,3568,3564
2955,3565,3568,3569
2956,3566,3567,3568
2957,3568,3570,3569
2958,3567,3570,3568
2959,3570,3571,3569
2960,3565,3569,3572
2961,3572,3576,3573
2962,3569,3576,3572
2963,3573,3576,3577
2964,3573,3577,3574
2965,3574,3580,3575
2966,3577,3580,3574
2967,3575,3580,3581
2968,3569,3571,3576
2969,3576,3578,3577
2970,3571,3578,3576
2971,3578,3579,3577
2972,3577,3579,3580
2973,3580,3582,3581
2974,3579,3582,3580
2975,3582,3583,3581
2976,3567,3595,3570
2977,3570,3596,3571
2978,3529,3596,3595
2979,3570,3595,3596
2980,3530,3597,3596
2981,3571,3596,3597
2982,3529,3530,3596
2983,3530,3531,3597
2984,3571,3597,3578
2985,3578,3598,3579
2986,3531,3598,3597
2987,3597,3598,3578
2988,3536,3599,3598
2989,3579,3598,3599
2990,3579,3599,3582
2991,3582,3600,3583
2992,3537,3600,3599
2993,3582,3599,3600
2994,3538,3601,3600
2995,3583,3600,3601
2996,3531,3536,3598
2997,3536,3537,3599
2998,3537,3538,3600
2999,3538,3539,3601
3000,3096,3633,3634
3001,3078,3635,3632
3002,3078,3634,3635
3003,3632,3659,3675
3004,3632,3635,3658
3005,3632,3658,3659
3006,3374,3640,3642
3007,3374,3642,3641
3008,3641,3643,3644
3009,3641,3642,3643
3010,3642,3661,3643
3011,3380,3647,3645
3012,3640,3645,3649
3013,3640,3649,3642
3014,3645,3647,3650
3015,3380,3381,3647
3016,3381,3648,3647
3017,3381,3646,3648
3018,3646,3708,3648
3019,3642,3649,3661
3020,3645,3650,3649
3021,3649,3662,3661
3022,3649,3650,3662
3023,3647,3648,3651
3024,3647,3651,3650
3025,3650,3651,3664
3026,3648,3710,3651
3027,3643,3657,3644
3028,3644,3657,3656
3029,3643,3663,3657
3030,3659,3660,3675
3031,3656,3659,3658
3032,3657,3659,3656
3033,3657,3663,3660
3034,3657,3660,3659
3035,3643,3661,3663
3036,3661,3666,3663
3037,3661,3662,3666
3038,3650,3664,3662
3039,3651,3710,3665
3040,3651,3665,3664
3041,3662,3664,3667
3042,3663,3666,3689
3043,3662,3667,3666
3044,3660,3663,3689
3045,3666,3690,3689
3046,3664,3668,3667
3047,3664,3665,3668
3048,3666,3667,3690
3049,3667,3668,3691
3050,3535,3669,3672
3051,3669,3670,3673
3052,3670,3671,3674
3053,3671,3681,3693
3054,3535,3672,3539
3055,3669,3673,3672
3056,3670,3674,3673
3057,3671,3693,3674
3058,3099,3676,3677
3059,3100,3677,3678
3060,3102,3680,3103
3061,3101,3678,3679
3062,3102,3679,3680
3063,3103,3686,3104
3064,3104,3687,3683
3065,3660,3676,3675
3066,3676,3689,3677
3067,3677,3690,3678
3068,3103,3680,3686
3069,3104,3686,3687
3070,3683,3687,3688
3071,3681,3682,3694
3072,3684,3683,3688
3073,3684,3692,3685
3074,3682,3685,3695
3075,3660,3689,3676
3076,3678,3691,3679
3077,3677,3689,3690
3078,3679,3743,3680
3079,3678,3690,3691
3080,3680,3744,3686
3081,3679,3691,3743
3082,3680,3743,3744
3083,3667,3691,3690
3084,3668,3743,3691
3085,3687,3686,3746
3086,3687,3747,3688
3087,3686,3744,3746
3088,3688,3751,3692
3089,3692,3752,3695
3090,3681,3694,3693
3091,3682,3695,3694
3092,3685,3692,3695
3093,3684,3688,3692
3094,3575,3581,3696
3095,3696,3699,3697
3096,3581,3699,3696
3097,3699,3701,3697
3098,3697,3701,3698
3099,3698,3702,3728
3100,3698,3701,3702
3101,3702,3731,3728
3102,3581,3583,3699
3103,3699,3700,3701
3104,3583,3700,3699
3105,3700,3703,3701
3106,3701,3703,3702
3107,3702,3704,3731
3108,3703,3704,3702
3109,3704,3733,3731
3110,3646,3705,3708
3111,3429,3706,3705
3112,3705,3706,3709
3113,3705,3709,3708
3114,3430,3707,3706
3115,3707,3711,3706
3116,3432,3714,3707
3117,3648,3708,3710
3118,3708,3717,3710
3119,3708,3709,3717
3120,3709,3719,3717
3121,3706,3711,3709
3122,3707,3714,3711
3123,3709,3711,3719
3124,3711,3714,3720
3125,3432,3712,3714
3126,3433,3713,3712
3127,3442,3715,3713
3128,3712,3724,3714
3129,3712,3716,3724
3130,3712,3713,3716
3131,3713,3715,3716
3132,3710,3717,3718
3133,3665,3710,3718
3134,3717,3722,3718
3135,3711,3720,3719
3136,3717,3719,3722
3137,3719,3720,3723
3138,3665,3718,3721
3139,3665,3721,3668
3140,3718,3722,3742
3141,3718,3742,3721
3142,3719,3723,3722
3143,3720,3726,3723
3144,3722,3723,3745
3145,3722,3745,3742
3146,3714,3724,3720
3147,3716,3727,3724
3148,3715,3725,3716
3149,3716,3725,3727
3150,3720,3724,3726
3151,3724,3727,3726
3152,3723,3726,3748
3153,3725,3750,3727
3154,3725,3736,3750
3155,3728,3731,3729
3156,3729,3732,3730
3157,3729,3731,3732
3158,3732,3735,3730
3159,3442,3730,3715
3160,3715,3730,3735
3161,3731,3733,3732
3162,3732,3734,3735
3163,3733,3734,3732
3164,3734,3736,3735
3165,3715,3735,3725
3166,3725,3735,3736
3167,3583,3601,3700
3168,3700,3737,3703
3169,3539,3737,3601
3170,3601,3737,3700
3171,3672,3738,3737
3172,3703,3737,3738
3173,3703,3738,3704
3174,3704,3739,3733
3175,3673,3739,3738
3176,3704,3738,3739
3177,3674,3740,3739
3178,3739,3740,3733
3179,3539,3672,3737
3180,3672,3673,3738
3181,3673,3674,3739
3182,3674,3693,3740
3183,3733,3740,3734
3184,3734,3741,3736
3185,3693,3741,3740
3186,3734,3740,3741
3187,3694,3753,3741
3188,3736,3741,3753
3189,3668,3721,3743
3190,3721,3744,3743
3191,3721,3742,3744
3192,3742,3745,3746
3193,3723,3748,3745
3194,3742,3746,3744
3195,3745,3748,3747
3196,3745,3747,3746
3197,3687,3746,3747
3198,3688,3747,3751
3199,3692,3751,3752
3200,3695,3752,3753
3201,3726,3749,3748
3202,3726,3727,3749
3203,3727,3750,3749
3204,3748,3749,3751
3205,3736,3753,3750
3206,3747,3748,3751
3207,3749,3752,3751
3208,3749,3750,3752
3209,3750,3753,3752
3210,3693,3694,3741
3211,3694,3695,3753
3212,16,19,119
3213,19,120,119
3214,16,175,25
3215,16,119,175
3216,119,120,121
3217,119,180,175
3218,19,131,120
3219,120,132,123
3220,120,123,121
3221,119,121,180
3222,121,123,122
3223,123,124,122
3224,121,181,180
3225,121,122,181
3226,123,136,124
3227,120,131,132
3228,131,134,132
3229,134,135,132
3230,132,135,136
3231,132,136,123
3232,124,136,137
3233,135,138,136
3234,136,138,137
3235,138,150,137
3236,122,124,143
3237,124,144,143
3238,122,194,181
3239,122,143,194
3240,143,144,145
3241,143,197,194
3242,124,137,144
3243,144,149,147
3244,144,147,145
3245,143,145,197
3246,145,147,146
3247,147,148,146
3248,145,198,197
3249,145,146,198
3250,147,152,148
3251,137,149,144
3252,137,150,149
3253,150,151,149
3254,149,151,152
3255,149,152,147
3256,148,152,153
3257,151,154,152
3258,152,154,153
3259,154,264,153
3260,25,178,176
3261,25,175,178
3262,175,182,178
3263,176,178,179
3264,176,179,177
3265,178,183,179
3266,175,180,182
3267,180,184,182
3268,180,181,184
3269,178,182,183
3270,182,184,185
3271,182,185,183
3272,177,187,186
3273,177,179,187
3274,186,187,189
3275,179,190,187
3276,186,189,188
3277,188,602,601
3278,188,189,602
3279,187,192,189
3280,189,605,602
3281,179,183,190
3282,187,190,192
3283,183,191,190
3284,183,185,191
3285,190,191,193
3286,189,192,605
3287,190,193,192
3288,192,616,605
3289,192,193,616
3290,181,195,184
3291,181,194,195
3292,194,199,195
3293,184,195,196
3294,184,196,185
3295,195,200,196
3296,194,197,199
3297,197,342,199
3298,197,198,342
3299,195,199,200
3300,199,342,343
3301,199,343,200
3302,185,201,191
3303,185,196,201
3304,191,201,202
3305,196,203,201
3306,191,202,193
3307,193,617,616
3308,193,202,617
3309,201,204,202
3310,202,622,617
3311,196,200,203
3312,201,203,204
3313,200,352,203
3314,200,343,352
3315,203,352,205
3316,202,204,622
3317,203,205,204
3318,204,623,622
3319,204,205,623
3320,146,148,257
3321,148,258,257
3322,146,341,198
3323,146,257,341
3324,257,258,259
3325,257,346,341
3326,148,153,258
3327,258,263,261
3328,258,261,259
3329,257,259,346
3330,259,261,260
3331,261,262,260
3332,259,347,346
3333,259,260,347
3334,261,266,262
3335,153,263,258
3336,153,264,263
3337,264,265,263
3338,263,265,266
3339,263,266,261
3340,262,266,267
3341,265,268,266
3342,266,268,267
3343,268,269,267
3344,260,262,291
3345,262,292,291
3346,260,359,347
3347,260,291,359
3348,291,292,299
3349,291,362,359
3350,262,267,292
3351,292,304,301
3352,292,301,299
3353,291,299,362
3354,299,301,300
3355,301,303,300
3356,299,363,362
3357,299,300,363
3358,301,311,303
3359,267,304,292
3360,267,269,304
3361,269,305,304
3362,304,305,311
3363,304,311,301
3364,303,311,313
3365,305,314,311
3366,311,314,313
3367,314,316,313
3368,198,344,342
3369,198,341,344
3370,341,348,344
3371,342,344,345
3372,342,345,343
3373,344,349,345
3374,341,346,348
3375,346,350,348
3376,346,347,350
3377,344,348,349
3378,348,350,351
3379,348,351,349
3380,343,353,352
3381,343,345,353
3382,352,353,354
3383,345,355,353
3384,205,352,354
3385,205,734,623
3386,205,354,734
3387,353,357,354
3388,354,737,734
3389,345,349,355
3390,353,355,357
3391,349,356,355
3392,349,351,356
3393,355,356,358
3394,354,357,737
3395,355,358,357
3396,357,738,737
3397,357,358,738
3398,347,360,350
3399,347,359,360
3400,359,364,360
3401,350,360,361
3402,350,361,351
3403,360,365,361
3404,359,362,364
3405,362,366,364
3406,362,363,366
3407,360,364,365
3408,364,366,367
3409,364,367,365
3410,351,368,356
3411,351,361,368
3412,356,368,369
3413,361,370,368
3414,356,369,358
3415,358,749,738
3416,358,369,749
3417,368,372,369
3418,369,752,749
3419,361,365,370
3420,368,370,372
3421,365,371,370
3422,365,367,371
3423,370,371,373
3424,369,372,752
3425,370,373,372
3426,372,753,752
3427,372,373,753
3428,134,396,135
3429,135,396,397
3430,135,397,138
3431,396,403,397
3432,397,404,398
3433,138,397,398
3434,138,398,150
3435,150,398,412
3436,398,408,412
3437,397,403,404
3438,403,406,404
3439,406,407,404
3440,404,407,408
3441,404,408,398
3442,408,415,412
3443,407,409,408
3444,408,409,415
3445,409,417,415
3446,150,412,151
3447,151,412,413
3448,151,413,154
3449,412,415,413
3450,413,416,414
3451,154,413,414
3452,154,414,264
3453,414,465,264
3454,414,419,465
3455,413,415,416
3456,415,417,416
3457,417,418,416
3458,416,418,419
3459,416,419,414
3460,419,469,465
3461,418,420,419
3462,419,420,469
3463,420,471,469
3464,406,35,407
3465,407,35,438
3466,407,438,409
3467,35,39,438
3468,438,441,439
3469,409,438,439
3470,409,439,417
3471,439,440,417
3472,439,443,440
3473,438,39,441
3474,39,40,441
3475,441,40,442
3476,441,442,443
3477,441,443,439
3478,440,443,444
3479,442,445,443
3480,443,445,444
3481,445,446,444
3482,440,418,417
3483,440,454,418
3484,418,454,420
3485,440,444,454
3486,454,457,455
3487,420,454,455
3488,420,455,471
3489,455,456,471
3490,455,459,456
3491,444,457,454
3492,444,446,457
3493,446,458,457
3494,457,458,459
3495,457,459,455
3496,456,459,523
3497,458,460,459
3498,459,460,523
3499,460,525,523
3500,264,465,265
3501,265,465,466
3502,265,466,268
3503,465,469,466
3504,466,470,467
3505,268,466,467
3506,268,467,269
3507,269,467,468
3508,467,473,468
3509,466,469,470
3510,469,471,470
3511,471,472,470
3512,470,472,473
3513,470,473,467
3514,468,473,474
3515,472,475,473
3516,473,475,474
3517,475,476,474
3518,269,468,305
3519,305,468,493
3520,305,493,314
3521,468,474,493
3522,493,502,500
3523,314,493,500
3524,314,500,316
3525,316,500,501
3526,500,508,501
3527,474,502,493
3528,474,476,502
3529,476,503,502
3530,502,503,508
3531,502,508,500
3532,501,508,510
3533,503,511,508
3534,508,511,510
3535,511,513,510
3536,456,472,471
3537,456,520,472
3538,472,520,475
3539,456,523,520
3540,520,524,521
3541,475,520,521
3542,475,521,476
3543,476,521,522
3544,521,527,522
3545,520,523,524
3546,523,525,524
3547,525,526,524
3548,524,526,527
3549,524,527,521
3550,522,527,528
3551,526,529,527
3552,527,529,528
3553,529,530,528
3554,476,522,503
3555,522,547,503
3556,503,547,511
3557,522,528,547
3558,547,556,554
3559,511,547,554
3560,511,554,513
3561,513,554,555
3562,554,561,555
3563,528,556,547
3564,528,530,556
3565,530,557,556
3566,556,557,561
3567,556,561,554
3568,555,561,563
3569,557,564,561
3570,561,564,563
3571,564,566,563
3572,601,602,603
3573,601,603,42
3574,602,606,603
3575,42,603,604
3576,42,604,43
3577,603,607,604
3578,602,605,606
3579,605,616,618
3580,605,618,606
3581,603,606,607
3582,606,618,619
3583,606,619,607
3584,43,609,44
3585,43,604,609
3586,44,609,611
3587,604,612,609
3588,44,611,45
3589,45,663,46
3590,45,611,663
3591,609,614,611
3592,611,668,663
3593,604,607,612
3594,609,612,614
3595,607,613,612
3596,607,619,613
3597,612,613,615
3598,611,614,668
3599,612,615,614
3600,614,670,668
3601,614,615,670
3602,616,617,620
3603,616,620,618
3604,617,624,620
3605,618,620,621
3606,618,621,619
3607,620,625,621
3608,617,622,624
3609,622,623,626
3610,622,626,624
3611,620,624,625
3612,624,626,627
3613,624,627,625
3614,613,619,628
3615,619,621,628
3616,613,628,629
3617,621,630,628
3618,613,629,615
3619,615,687,670
3620,615,629,687
3621,628,632,629
3622,629,690,687
3623,621,625,630
3624,628,630,632
3625,625,631,630
3626,625,627,631
3627,630,631,633
3628,629,632,690
3629,630,633,632
3630,632,692,690
3631,632,633,692
3632,46,663,664
3633,46,664,48
3634,664,49,48
3635,664,665,49
3636,663,669,664
3637,665,50,49
3638,664,672,665
3639,663,668,669
3640,664,669,672
3641,668,670,671
3642,668,671,669
3643,669,671,673
3644,669,673,672
3645,665,675,50
3646,674,50,675
3647,665,678,675
3648,674,675,834
3649,665,672,678
3650,672,673,679
3651,672,679,678
3652,675,678,840
3653,678,679,841
3654,670,687,688
3655,670,688,671
3656,671,688,689
3657,687,691,688
3658,671,689,673
3659,688,694,689
3660,687,690,691
3661,688,691,694
3662,690,692,693
3663,690,693,691
3664,691,693,695
3665,691,695,694
3666,673,689,696
3667,673,696,679
3668,689,697,696
3669,679,696,862
3670,689,694,697
3671,694,695,803
3672,694,803,697
3673,696,697,864
3674,697,803,907
3675,623,734,735
3676,623,735,626
3677,734,739,735
3678,626,735,736
3679,626,736,627
3680,735,740,736
3681,734,737,739
3682,737,738,741
3683,737,741,739
3684,735,739,740
3685,739,741,742
3686,739,742,740
3687,627,743,631
3688,627,736,743
3689,631,743,744
3690,736,745,743
3691,631,744,633
3692,633,794,692
3693,633,744,794
3694,743,747,744
3695,744,797,794
3696,736,740,745
3697,743,745,747
3698,740,746,745
3699,740,742,746
3700,745,746,748
3701,744,747,797
3702,745,748,747
3703,747,799,797
3704,747,748,799
3705,738,749,750
3706,738,750,741
3707,749,754,750
3708,741,750,751
3709,741,751,742
3710,750,755,751
3711,749,752,754
3712,752,753,756
3713,752,756,754
3714,750,754,755
3715,754,756,757
3716,754,757,755
3717,742,758,746
3718,742,751,758
3719,746,758,759
3720,751,760,758
3721,746,759,748
3722,748,807,799
3723,748,759,807
3724,758,763,759
3725,759,810,807
3726,751,755,760
3727,758,760,763
3728,755,762,760
3729,755,757,762
3730,760,762,765
3731,759,763,810
3732,760,765,763
3733,763,813,810
3734,763,765,813
3735,692,794,795
3736,692,795,693
3737,693,795,796
3738,794,798,795
3739,693,796,695
3740,795,801,796
3741,794,797,798
3742,795,798,801
3743,797,799,800
3744,797,800,798
3745,798,800,802
3746,798,802,801
3747,695,796,804
3748,695,804,803
3749,796,805,804
3750,803,804,908
3751,796,801,805
3752,801,802,806
3753,801,806,805
3754,804,805,911
3755,805,806,912
3756,799,807,808
3757,799,808,800
3758,800,808,809
3759,807,811,808
3760,800,809,802
3761,808,816,809
3762,807,810,811
3763,808,811,816
3764,810,813,815
3765,810,815,811
3766,811,815,817
3767,811,817,816
3768,802,809,821
3769,802,821,806
3770,809,822,821
3771,806,821,918
3772,809,816,822
3773,816,817,823
3774,816,823,822
3775,821,822,920
3776,822,823,921
3777,674,834,833
3778,833,834,836
3779,675,840,834
3780,833,836,835
3781,834,842,836
3782,834,840,842
3783,678,841,840
3784,840,841,843
3785,840,843,842
3786,835,836,845
3787,835,845,844
3788,836,849,845
3789,844,870,869
3790,844,845,870
3791,845,875,870
3792,836,842,849
3793,842,843,850
3794,842,850,849
3795,845,849,875
3796,849,895,875
3797,849,850,895
3798,679,862,841
3799,841,862,863
3800,696,864,862
3801,841,863,843
3802,862,865,863
3803,862,864,865
3804,697,907,864
3805,864,907,909
3806,864,909,865
3807,843,863,866
3808,843,866,850
3809,863,867,866
3810,850,896,895
3811,850,866,896
3812,866,899,896
3813,863,865,867
3814,865,909,868
3815,865,868,867
3816,866,867,899
3817,867,900,899
3818,867,868,900
3819,869,870,871
3820,869,871,54
3821,870,876,871
3822,870,875,876
3823,875,895,897
3824,875,897,876
3825,871,877,54
3826,877,1027,54
3827,871,880,877
3828,877,1530,1027
3829,877,1534,1530
3830,871,876,880
3831,876,897,903
3832,876,903,880
3833,877,880,1534
3834,880,903,1535
3835,880,1535,1534
3836,895,896,898
3837,895,898,897
3838,896,901,898
3839,896,899,901
3840,899,900,902
3841,899,902,901
3842,897,898,904
3843,897,904,903
3844,898,905,904
3845,903,904,1554
3846,903,1554,1535
3847,904,1556,1554
3848,898,901,905
3849,901,902,906
3850,901,906,905
3851,904,905,1556
3852,905,906,1557
3853,905,1557,1556
3854,803,908,907
3855,907,908,910
3856,804,911,908
3857,907,910,909
3858,908,913,910
3859,908,911,913
3860,805,912,911
3861,911,912,914
3862,911,914,913
3863,909,910,915
3864,868,909,915
3865,910,916,915
3866,868,943,900
3867,868,915,943
3868,915,945,943
3869,910,913,916
3870,913,914,917
3871,913,917,916
3872,915,916,945
3873,916,946,945
3874,916,917,946
3875,806,918,912
3876,912,918,919
3877,821,920,918
3878,912,919,914
3879,918,922,919
3880,918,920,922
3881,822,921,920
3882,920,921,923
3883,920,923,922
3884,914,919,927
3885,914,927,917
3886,919,928,927
3887,917,952,946
3888,917,927,952
3889,927,954,952
3890,919,922,928
3891,922,923,929
3892,922,929,928
3893,927,928,954
3894,928,955,954
3895,928,929,955
3896,900,943,944
3897,900,944,902
3898,943,947,944
3899,943,945,947
3900,945,946,948
3901,945,948,947
3902,902,944,949
3903,902,949,906
3904,944,950,949
3905,906,949,1633
3906,906,1633,1557
3907,949,1635,1633
3908,944,947,950
3909,947,948,951
3910,947,951,950
3911,949,950,1635
3912,950,951,1636
3913,950,1636,1635
3914,946,952,953
3915,946,953,948
3916,952,956,953
3917,952,954,956
3918,954,955,957
3919,954,957,956
3920,948,953,960
3921,948,960,951
3922,953,961,960
3923,951,960,1642
3924,951,1642,1636
3925,960,1644,1642
3926,953,956,961
3927,956,957,962
3928,956,962,961
3929,960,961,1644
3930,961,962,1645
3931,961,1645,1644
3932,442,40,1057
3933,442,1057,445
3934,1057,40,1061
3935,1057,1061,1058
3936,445,1057,1058
3937,445,1058,446
3938,446,1058,1059
3939,1058,1063,1059
3940,1061,40,983
3941,1061,1062,1063
3942,1061,983,1062
3943,1062,983,989
3944,1062,989,1110
3945,1062,1110,1065
3946,1061,1063,1058
3947,1059,1063,1064
3948,1063,1065,1064
3949,1062,1065,1063
3950,1065,1110,1114
3951,1065,1066,1064
3952,1065,1114,1066
3953,1066,1114,1116
3954,446,1059,458
3955,458,1059,1071
3956,458,1071,460
3957,1059,1064,1071
3958,1071,1073,1072
3959,460,1071,1072
3960,460,1072,525
3961,525,1072,1172
3962,1072,1075,1172
3963,1064,1073,1071
3964,1064,1066,1073
3965,1073,1074,1075
3966,1066,1074,1073
3967,1066,1116,1074
3968,1116,1128,1074
3969,1074,1128,1077
3970,1073,1075,1072
3971,1075,1076,1172
3972,1075,1077,1076
3973,1074,1077,1075
3974,1077,1128,1132
3975,1077,1078,1076
3976,1077,1132,1078
3977,1078,1132,1134
3978,1109,1110,989
3979,1109,1111,1110
3980,1110,1111,1114
3981,1109,1112,1111
3982,1112,1113,1111
3983,1112,1119,1113
3984,1111,1113,1115
3985,1113,1120,1118
3986,1111,1115,1114
3987,1114,1115,1116
3988,1115,1117,1116
3989,1113,1118,1115
3990,1115,1118,1117
3991,1118,1130,1117
3992,1118,1125,1130
3993,1113,1119,1120
3994,1119,1121,1120
3995,1121,1123,1120
3996,1120,1123,1125
3997,1121,1122,1123
3998,1122,1124,1123
3999,1123,1124,1126
4000,1120,1125,1118
4001,1123,1126,1125
4002,1125,1138,1130
4003,1125,1126,1138
4004,1126,1140,1138
4005,1124,1127,1126
4006,1126,1127,1140
4007,1127,1141,1140
4008,1116,1117,1128
4009,1117,1129,1128
4010,1128,1129,1132
4011,1117,1130,1129
4012,1130,1131,1129
4013,1130,1138,1131
4014,1129,1131,1133
4015,1131,1139,1136
4016,1129,1133,1132
4017,1132,1133,1134
4018,1133,1135,1134
4019,1131,1136,1133
4020,1133,1136,1135
4021,1136,1137,1135
4022,1136,1144,1137
4023,1131,1138,1139
4024,1138,1140,1139
4025,1140,1142,1139
4026,1139,1142,1144
4027,1140,1141,1142
4028,1141,1143,1142
4029,1142,1143,1146
4030,1139,1144,1136
4031,1142,1146,1144
4032,1137,1144,1145
4033,1144,1146,1145
4034,1146,1148,1145
4035,1143,1147,1146
4036,1146,1147,1148
4037,1147,1149,1148
4038,525,1172,526
4039,526,1172,1173
4040,526,1173,529
4041,1076,1173,1172
4042,1173,1176,1174
4043,529,1173,1174
4044,529,1174,530
4045,530,1174,1175
4046,1174,1178,1175
4047,1076,1176,1173
4048,1076,1078,1176
4049,1176,1177,1178
4050,1078,1177,1176
4051,1078,1134,1177
4052,1134,1245,1177
4053,1177,1245,1180
4054,1176,1178,1174
4055,1175,1178,1179
4056,1178,1180,1179
4057,1177,1180,1178
4058,1180,1245,1248
4059,1180,1181,1179
4060,1180,1248,1181
4061,1181,1248,1250
4062,530,1175,557
4063,557,1175,1196
4064,557,1196,564
4065,1175,1179,1196
4066,1196,1202,1200
4067,564,1196,1200
4068,564,1200,566
4069,566,1200,1201
4070,1200,1206,1201
4071,1179,1202,1196
4072,1179,1181,1202
4073,1202,1203,1206
4074,1181,1203,1202
4075,1181,1250,1203
4076,1250,1263,1203
4077,1203,1263,1209
4078,1202,1206,1200
4079,1201,1206,1208
4080,1206,1209,1208
4081,1203,1209,1206
4082,1209,1263,1266
4083,1209,1210,1208
4084,1209,1266,1210
4085,1210,1266,1268
4086,1134,1135,1245
4087,1135,1246,1245
4088,1245,1246,1248
4089,1135,1137,1246
4090,1137,1247,1246
4091,1137,1145,1247
4092,1246,1247,1249
4093,1247,1254,1252
4094,1246,1249,1248
4095,1248,1249,1250
4096,1249,1251,1250
4097,1247,1252,1249
4098,1249,1252,1251
4099,1252,1253,1251
4100,1252,1257,1253
4101,1145,1254,1247
4102,1145,1148,1254
4103,1148,1255,1254
4104,1254,1255,1257
4105,1148,1149,1255
4106,1149,1256,1255
4107,1255,1256,1259
4108,1254,1257,1252
4109,1255,1259,1257
4110,1253,1257,1258
4111,1257,1259,1258
4112,1259,1261,1258
4113,1256,1260,1259
4114,1259,1260,1261
4115,1260,1262,1261
4116,1250,1251,1263
4117,1251,1264,1263
4118,1263,1264,1266
4119,1251,1253,1264
4120,1253,1265,1264
4121,1253,1258,1265
4122,1264,1265,1267
4123,1265,1272,1270
4124,1264,1267,1266
4125,1266,1267,1268
4126,1267,1269,1268
4127,1265,1270,1267
4128,1267,1270,1269
4129,1270,1271,1269
4130,1270,1275,1271
4131,1258,1272,1265
4132,1258,1261,1272
4133,1261,1273,1272
4134,1272,1273,1275
4135,1261,1262,1273
4136,1262,1274,1273
4137,1273,1274,1277
4138,1272,1275,1270
4139,1273,1277,1275
4140,1271,1275,1276
4141,1275,1277,1276
4142,1277,1279,1276
4143,1274,1278,1277
4144,1277,1278,1279
4145,1278,1280,1279
4146,1122,1016,1124
4147,1124,1501,1127
4148,1127,1503,1141
4149,1141,1504,1143
4150,1143,1518,1147
4151,1147,1520,1149
4152,1124,1016,1501
4153,1501,1016,1017
4154,1501,1502,1503
4155,1501,1017,1502
4156,1502,1017,1022
4157,1502,1022,1507
4158,1502,1507,1505
4159,1127,1501,1503
4160,1141,1503,1504
4161,1503,1505,1504
4162,1502,1505,1503
4163,1507,1510,1505
4164,1505,1506,1504
4165,1505,1510,1506
4166,1506,1510,1512
4167,1507,1022,1023
4168,1507,1023,1508
4169,1507,1508,1510
4170,1508,1023,1024
4171,1508,1024,1509
4172,1509,1024,1034
4173,1508,1509,1511
4174,1509,1563,1514
4175,1508,1511,1510
4176,1510,1511,1512
4177,1511,1513,1512
4178,1509,1514,1511
4179,1511,1514,1513
4180,1514,1515,1513
4181,1514,1567,1515
4182,1143,1504,1518
4183,1504,1506,1518
4184,1518,1519,1520
4185,1506,1519,1518
4186,1506,1512,1519
4187,1512,1523,1519
4188,1519,1523,1522
4189,1147,1518,1520
4190,1149,1520,1521
4191,1520,1522,1521
4192,1519,1522,1520
4193,1523,1526,1522
4194,1522,1586,1521
4195,1522,1526,1586
4196,1526,1592,1586
4197,1512,1513,1523
4198,1513,1524,1523
4199,1523,1524,1526
4200,1513,1515,1524
4201,1515,1525,1524
4202,1515,1568,1525
4203,1524,1525,1527
4204,1525,1582,1528
4205,1524,1527,1526
4206,1526,1527,1592
4207,1527,1593,1592
4208,1525,1528,1527
4209,1527,1528,1593
4210,1528,1529,1593
4211,1528,1583,1529
4212,1028,1530,1531
4213,1028,1027,1530
4214,1028,1531,1029
4215,1530,1536,1531
4216,1530,1534,1536
4217,1534,1535,1537
4218,1534,1537,1536
4219,1029,1531,1538
4220,1029,1538,1030
4221,1531,1541,1538
4222,1030,1538,1563
4223,1030,1563,1031
4224,1538,1567,1563
4225,1531,1536,1541
4226,1536,1537,1542
4227,1536,1542,1541
4228,1538,1541,1567
4229,1541,1542,1568
4230,1541,1568,1567
4231,1535,1554,1555
4232,1535,1555,1537
4233,1554,1558,1555
4234,1554,1556,1558
4235,1556,1557,1559
4236,1556,1559,1558
4237,1537,1555,1560
4238,1537,1560,1542
4239,1555,1561,1560
4240,1542,1560,1582
4241,1542,1582,1568
4242,1560,1583,1582
4243,1555,1558,1561
4244,1558,1559,1562
4245,1558,1562,1561
4246,1560,1561,1583
4247,1561,1562,1584
4248,1561,1584,1583
4249,1563,1034,1031
4250,1509,1034,1563
4251,1514,1563,1567
4252,1515,1567,1568
4253,1568,1582,1525
4254,1528,1582,1583
4255,1529,1583,1584
4256,1149,1521,1256
4257,1256,1585,1260
4258,1260,1588,1262
4259,1262,1589,1274
4260,1274,1603,1278
4261,1278,1605,1280
4262,1521,1585,1256
4263,1521,1586,1585
4264,1585,1587,1588
4265,1586,1587,1585
4266,1586,1592,1587
4267,1587,1592,1594
4268,1587,1594,1590
4269,1260,1585,1588
4270,1262,1588,1589
4271,1588,1590,1589
4272,1587,1590,1588
4273,1594,1597,1590
4274,1590,1591,1589
4275,1590,1597,1591
4276,1591,1597,1599
4277,1592,1593,1594
4278,1593,1595,1594
4279,1594,1595,1597
4280,1529,1595,1593
4281,1529,1596,1595
4282,1529,1584,1596
4283,1595,1596,1598
4284,1596,1670,1601
4285,1595,1598,1597
4286,1597,1598,1599
4287,1598,1600,1599
4288,1596,1601,1598
4289,1598,1601,1600
4290,1601,1602,1600
4291,1601,1671,1602
4292,1274,1589,1603
4293,1589,1591,1603
4294,1603,1604,1605
4295,1591,1604,1603
4296,1591,1599,1604
4297,1599,1618,1604
4298,1604,1618,1608
4299,1278,1603,1605
4300,1280,1605,1607
4301,1605,1608,1607
4302,1604,1608,1605
4303,1618,1621,1608
4304,1608,1609,1607
4305,1608,1621,1609
4306,1609,1621,1623
4307,1599,1600,1618
4308,1600,1619,1618
4309,1618,1619,1621
4310,1600,1602,1619
4311,1602,1620,1619
4312,1602,1672,1620
4313,1619,1620,1622
4314,1620,1673,1626
4315,1619,1622,1621
4316,1621,1622,1623
4317,1622,1624,1623
4318,1620,1626,1622
4319,1622,1626,1624
4320,1626,1627,1624
4321,1626,1674,1627
4322,1557,1633,1634
4323,1557,1634,1559
4324,1633,1637,1634
4325,1633,1635,1637
4326,1635,1636,1638
4327,1635,1638,1637
4328,1559,1634,1639
4329,1559,1639,1562
4330,1634,1640,1639
4331,1562,1639,1670
4332,1562,1670,1584
4333,1639,1671,1670
4334,1634,1637,1640
4335,1637,1638,1641
4336,1637,1641,1640
4337,1639,1640,1671
4338,1640,1641,1672
4339,1640,1672,1671
4340,1636,1642,1643
4341,1636,1643,1638
4342,1642,1646,1643
4343,1642,1644,1646
4344,1644,1645,1647
4345,1644,1647,1646
4346,1638,1643,1650
4347,1638,1650,1641
4348,1643,1651,1650
4349,1641,1650,1673
4350,1641,1673,1672
4351,1650,1674,1673
4352,1643,1646,1651
4353,1646,1647,1652
4354,1646,1652,1651
4355,1650,1651,1674
4356,1651,1652,1675
4357,1651,1675,1674
4358,1584,1670,1596
4359,1601,1670,1671
4360,1602,1671,1672
4361,1672,1673,1620
4362,1626,1673,1674
4363,1627,1674,1675
4364,2089,2583,2091
4365,2089,2092,2090
4366,2089,2091,2092
4367,2091,2584,2093
4368,2091,2093,2094
4369,2091,2094,2092
4370,2093,2586,2095
4371,2093,2095,2096
4372,2093,2096,2094
4373,2095,2597,2097
4374,2095,2098,2096
4375,2095,2097,2098
4376,2097,2598,2099
4377,2097,2100,2098
4378,2097,2099,2100
4379,2099,2601,2101
4380,2099,2101,2102
4381,2099,2102,2100
4382,2090,2121,2120
4383,2090,2092,2121
4384,2120,2121,2125
4385,2120,2125,2123
4386,2123,2125,2126
4387,2123,2126,2124
4388,2092,2127,2121
4389,2092,2094,2127
4390,2121,2128,2125
4391,2121,2127,2128
4392,2094,2140,2127
4393,2094,2096,2140
4394,2127,2142,2128
4395,2127,2140,2142
4396,2125,2128,2129
4397,2125,2129,2126
4398,2128,2142,2143
4399,2128,2143,2129
4400,2096,2141,2140
4401,2140,2144,2142
4402,2096,2098,2141
4403,2098,2146,2141
4404,2140,2141,2144
4405,2141,2148,2144
4406,2142,2145,2143
4407,2142,2144,2145
4408,2144,2149,2145
4409,2098,2100,2146
4410,2141,2146,2148
4411,2100,2147,2146
4412,2100,2102,2147
4413,2146,2150,2148
4414,2146,2147,2150
4415,2144,2148,2149
4416,2148,2150,2204
4417,2148,2204,2149
4418,2101,2602,2165
4419,2101,2165,2166
4420,2101,2166,2102
4421,2165,2669,2167
4422,2165,2168,2166
4423,2165,2167,2168
4424,2167,2672,2169
4425,2168,2167,2170
4426,2167,2169,2170
4427,2169,2673,2184
4428,2169,2184,2183
4429,2169,2183,2170
4430,2184,2698,2188
4431,2184,2188,2189
4432,2183,2184,2189
4433,2188,2702,2190
4434,2188,2191,2189
4435,2188,2190,2191
4436,2102,2203,2147
4437,2102,2166,2203
4438,2147,2205,2150
4439,2147,2203,2205
4440,2166,2207,2203
4441,2203,2209,2205
4442,2150,2205,2206
4443,2150,2206,2204
4444,2205,2210,2206
4445,2166,2168,2207
4446,2168,2208,2207
4447,2203,2207,2209
4448,2207,2211,2209
4449,2168,2170,2208
4450,2207,2208,2211
4451,2205,2209,2210
4452,2209,2212,2210
4453,2209,2211,2212
4454,2170,2183,2217
4455,2170,2217,2208
4456,2208,2217,2218
4457,2208,2218,2211
4458,2183,2222,2217
4459,2183,2189,2222
4460,2217,2225,2218
4461,2217,2222,2225
4462,2211,2218,2219
4463,2211,2219,2212
4464,2218,2225,2226
4465,2218,2226,2219
4466,2189,2223,2222
4467,2222,2227,2225
4468,2222,2223,2227
4469,2189,2191,2223
4470,2225,2227,2228
4471,2225,2228,2226
4472,2581,2584,2583
4473,2091,2583,2584
4474,2581,2582,2584
4475,2093,2584,2586
4476,2582,2586,2584
4477,2095,2586,2597
4478,2585,2597,2586
4479,2582,2585,2586
4480,2585,2595,2597
4481,2581,2588,2582
4482,2582,2588,2589
4483,2588,2591,2589
4484,2591,2592,2589
4485,2582,2589,2585
4486,2589,2593,2585
4487,2585,2593,2595
4488,2593,2603,2595
4489,2589,2592,2593
4490,2592,2594,2593
4491,2593,2594,2603
4492,2594,2605,2603
4493,2595,2598,2597
4494,2097,2597,2598
4495,2596,2601,2598
4496,2595,2596,2598
4497,2099,2598,2601
4498,2101,2601,2602
4499,2599,2602,2601
4500,2596,2599,2601
4501,2599,2600,2602
4502,2595,2603,2596
4503,2596,2603,2604
4504,2596,2604,2599
4505,2603,2605,2604
4506,2605,2606,2604
4507,2604,2606,2607
4508,2604,2607,2599
4509,2599,2607,2600
4510,2600,2607,2674
4511,2606,2608,2607
4512,2607,2608,2674
4513,2608,2676,2674
4514,2591,2623,2592
4515,2592,2623,2624
4516,2623,2626,2624
4517,2626,2627,2624
4518,2592,2624,2594
4519,2594,2624,2628
4520,2594,2628,2605
4521,2628,2635,2605
4522,2624,2627,2628
4523,2627,2629,2628
4524,2628,2629,2635
4525,2629,2637,2635
4526,2626,2631,2627
4527,2627,2631,2632
4528,2631,2776,2632
4529,2632,2776,2777
4530,2627,2632,2629
4531,2632,2634,2629
4532,2629,2634,2637
4533,2634,2643,2637
4534,2632,2777,2634
4535,2634,2777,2781
4536,2634,2781,2643
4537,2643,2781,2789
4538,2605,2635,2606
4539,2606,2635,2636
4540,2606,2636,2608
4541,2635,2637,2636
4542,2636,2638,2639
4543,2637,2638,2636
4544,2608,2636,2639
4545,2608,2639,2676
4546,2639,2640,2676
4547,2638,2641,2639
4548,2639,2641,2640
4549,2641,2642,2640
4550,2637,2643,2638
4551,2638,2644,2641
4552,2638,2643,2644
4553,2643,2789,2644
4554,2644,2790,2645
4555,2644,2789,2790
4556,2644,2645,2641
4557,2641,2645,2642
4558,2642,2645,2646
4559,2645,2790,2793
4560,2645,2793,2646
4561,2646,2793,2794
4562,2124,2650,2647
4563,2124,2126,2650
4564,2647,2652,2648
4565,2647,2650,2652
4566,2648,2652,2653
4567,2648,2653,2649
4568,2126,2651,2650
4569,2126,2129,2651
4570,2650,2654,2652
4571,2650,2651,2654
4572,2129,2656,2651
4573,2651,2658,2654
4574,2652,2654,2655
4575,2652,2655,2653
4576,2654,2659,2655
4577,2129,2143,2656
4578,2143,2657,2656
4579,2651,2656,2658
4580,2656,2660,2658
4581,2143,2145,2657
4582,2145,2662,2657
4583,2656,2657,2660
4584,2654,2658,2659
4585,2658,2661,2659
4586,2658,2660,2661
4587,2145,2149,2662
4588,2657,2664,2660
4589,2657,2662,2664
4590,2149,2663,2662
4591,2149,2204,2663
4592,2662,2666,2664
4593,2662,2663,2666
4594,2660,2664,2665
4595,2660,2665,2661
4596,2664,2666,2667
4597,2664,2667,2665
4598,2165,2602,2669
4599,2600,2669,2602
4600,2668,2672,2669
4601,2600,2668,2669
4602,2167,2669,2672
4603,2670,2673,2672
4604,2169,2672,2673
4605,2668,2670,2672
4606,2670,2671,2673
4607,2600,2674,2668
4608,2668,2674,2675
4609,2668,2675,2670
4610,2674,2676,2675
4611,2676,2677,2675
4612,2675,2677,2678
4613,2675,2678,2670
4614,2670,2678,2671
4615,2671,2678,2679
4616,2677,2680,2678
4617,2678,2680,2679
4618,2680,2681,2679
4619,2184,2673,2698
4620,2671,2698,2673
4621,2188,2698,2702
4622,2697,2702,2698
4623,2671,2697,2698
4624,2697,2700,2702
4625,2700,2703,2702
4626,2190,2702,2703
4627,2700,2701,2703
4628,2671,2679,2697
4629,2679,2704,2697
4630,2697,2704,2700
4631,2704,2706,2700
4632,2679,2681,2704
4633,2681,2705,2704
4634,2704,2705,2706
4635,2705,2709,2706
4636,2700,2706,2701
4637,2701,2706,2708
4638,2706,2709,2708
4639,2709,2711,2708
4640,2640,2677,2676
4641,2640,2712,2677
4642,2677,2712,2680
4643,2640,2642,2712
4644,2642,2713,2712
4645,2712,2713,2714
4646,2680,2712,2714
4647,2680,2714,2681
4648,2681,2714,2715
4649,2714,2716,2715
4650,2713,2716,2714
4651,2716,2717,2715
4652,2642,2646,2713
4653,2646,2718,2713
4654,2713,2718,2716
4655,2646,2794,2718
4656,2794,2937,2718
4657,2718,2937,2719
4658,2716,2719,2717
4659,2718,2719,2716
4660,2717,2719,2720
4661,2719,2939,2720
4662,2719,2937,2939
4663,2720,2939,2940
4664,2681,2715,2705
4665,2715,2734,2705
4666,2705,2734,2709
4667,2709,2734,2736
4668,2715,2717,2734
4669,2717,2735,2734
4670,2734,2735,2736
4671,2735,2739,2736
4672,2709,2736,2711
4673,2711,2736,2738
4674,2736,2739,2738
4675,2739,2741,2738
4676,2717,2720,2735
4677,2720,2742,2735
4678,2735,2742,2739
4679,2742,2743,2739
4680,2720,2940,2742
4681,2742,2940,2961
4682,2742,2961,2743
4683,2743,2961,2963
4684,2739,2743,2741
4685,2741,2743,2745
4686,2743,2963,2745
4687,2745,2963,2965
4688,2204,2747,2663
4689,2204,2206,2747
4690,2663,2748,2666
4691,2663,2747,2748
4692,2206,2210,2750
4693,2206,2750,2747
4694,2747,2752,2748
4695,2747,2750,2752
4696,2666,2748,2749
4697,2666,2749,2667
4698,2748,2752,2753
4699,2748,2753,2749
4700,2210,2751,2750
4701,2750,2754,2752
4702,2210,2212,2751
4703,2212,2756,2751
4704,2750,2751,2754
4705,2751,2758,2754
4706,2752,2755,2753
4707,2752,2754,2755
4708,2754,2759,2755
4709,2212,2219,2756
4710,2751,2756,2758
4711,2219,2757,2756
4712,2219,2226,2757
4713,2756,2760,2758
4714,2756,2757,2760
4715,2754,2758,2759
4716,2758,2761,2759
4717,2758,2760,2761
4718,2226,2762,2757
4719,2226,2228,2762
4720,2757,2764,2760
4721,2757,2762,2764
4722,2760,2764,2763
4723,2760,2763,2761
4724,2776,2779,2777
4725,2779,2780,2777
4726,2779,2783,2780
4727,2780,2783,2784
4728,2777,2780,2781
4729,2780,2782,2781
4730,2781,2782,2789
4731,2782,2791,2789
4732,2780,2784,2782
4733,2784,2787,2782
4734,2782,2787,2791
4735,2787,2797,2791
4736,2783,2785,2784
4737,2785,2786,2784
4738,2785,2824,2786
4739,2786,2824,2828
4740,2784,2786,2787
4741,2786,2788,2787
4742,2787,2788,2797
4743,2788,2799,2797
4744,2786,2828,2788
4745,2788,2828,2841
4746,2788,2841,2799
4747,2841,2856,2799
4748,2789,2791,2790
4749,2790,2792,2793
4750,2791,2792,2790
4751,2791,2797,2792
4752,2792,2798,2795
4753,2792,2797,2798
4754,2792,2795,2793
4755,2793,2795,2794
4756,2795,2796,2794
4757,2798,2801,2795
4758,2795,2801,2796
4759,2796,2801,2802
4760,2797,2799,2798
4761,2798,2800,2801
4762,2799,2800,2798
4763,2799,2856,2800
4764,2800,2856,2857
4765,2800,2857,2803
4766,2800,2803,2801
4767,2801,2803,2802
4768,2803,2804,2802
4769,2803,2857,2862
4770,2803,2862,2804
4771,2804,2862,2863
4772,2824,2832,2828
4773,2832,2838,2828
4774,2832,2835,2838
4775,2835,2839,2838
4776,2835,2870,2839
4777,2828,2838,2841
4778,2838,2842,2841
4779,2841,2842,2856
4780,2842,2858,2856
4781,2838,2839,2842
4782,2839,2843,2842
4783,2839,2871,2843
4784,2842,2843,2858
4785,2843,2859,2858
4786,2843,2875,2859
4787,2856,2858,2857
4788,2858,2860,2857
4789,2857,2860,2862
4790,2858,2859,2860
4791,2859,2889,2861
4792,2859,2861,2860
4793,2860,2861,2864
4794,2861,2890,2865
4795,2860,2864,2862
4796,2862,2864,2863
4797,2864,2978,2863
4798,2861,2865,2864
4799,2864,2865,2978
4800,2865,2979,2978
4801,2865,2895,2979
4802,2870,2872,2871
4803,2872,2874,2871
4804,2872,2873,2874
4805,2873,2876,2874
4806,2873,2879,2876
4807,2871,2874,2875
4808,2874,2877,2875
4809,2875,2877,2889
4810,2877,2891,2889
4811,2874,2876,2877
4812,2876,2878,2877
4813,2876,2883,2878
4814,2877,2878,2891
4815,2878,2884,2892
4816,2879,2883,2876
4817,2879,2880,2883
4818,2880,2885,2883
4819,2880,2882,2885
4820,2882,2886,2885
4821,2882,3444,2886
4822,2878,2883,2884
4823,2883,2885,2884
4824,2885,2887,2884
4825,2884,2887,2899
4826,2885,2886,2887
4827,2886,3447,2888
4828,2886,2888,2887
4829,2887,2888,2901
4830,2888,3448,2902
4831,2889,2891,2890
4832,2891,2893,2890
4833,2890,2893,2895
4834,2878,2892,2891
4835,2891,2892,2893
4836,2892,2899,2894
4837,2892,2894,2893
4838,2893,2896,2895
4839,2895,2896,3038
4840,2896,2898,3038
4841,2893,2894,2896
4842,2894,2897,2896
4843,2894,2900,2897
4844,2896,2897,2898
4845,2897,3040,2898
4846,2897,2905,3040
4847,2884,2899,2892
4848,2887,2901,2899
4849,2899,2901,2900
4850,2894,2899,2900
4851,2901,2903,2900
4852,2888,2902,2901
4853,2901,2902,2903
4854,2902,3486,2904
4855,2902,2904,2903
4856,2900,2905,2897
4857,2900,2903,2905
4858,2903,2906,2905
4859,2905,3049,3040
4860,2905,2906,3049
4861,2906,3051,3049
4862,2903,2904,2906
4863,2904,2907,2906
4864,2904,3487,2907
4865,2906,2907,3051
4866,2907,3052,3051
4867,2907,3492,3052
4868,2839,2870,2871
4869,2843,2871,2875
4870,2875,2889,2859
4871,2861,2889,2890
4872,2865,2890,2895
4873,2895,3038,2979
4874,2794,2796,2937
4875,2796,2938,2937
4876,2937,2938,2939
4877,2796,2802,2938
4878,2802,2943,2938
4879,2938,2943,2941
4880,2939,2941,2940
4881,2938,2941,2939
4882,2941,2942,2940
4883,2941,2945,2942
4884,2943,2945,2941
4885,2942,2945,2946
4886,2802,2804,2943
4887,2804,2944,2943
4888,2943,2944,2945
4889,2804,2863,2944
4890,2863,2977,2944
4891,2944,2977,2947
4892,2945,2947,2946
4893,2944,2947,2945
4894,2947,2948,2946
4895,2947,2977,2982
4896,2947,2982,2948
4897,2948,2982,2983
4898,2940,2942,2961
4899,2942,2962,2961
4900,2961,2962,2963
4901,2962,2966,2963
4902,2942,2946,2962
4903,2946,2968,2962
4904,2962,2968,2966
4905,2968,2970,2966
4906,2963,2966,2965
4907,2966,2967,2965
4908,2966,2970,2967
4909,2967,2970,2971
4910,2946,2948,2968
4911,2948,2969,2968
4912,2968,2969,2970
4913,2969,2972,2970
4914,2948,2983,2969
4915,2983,3010,2969
4916,2969,3010,2972
4917,2972,3010,3013
4918,2970,2972,2971
4919,2972,2973,2971
4920,2972,3013,2973
4921,2973,3013,3015
4922,2863,2978,2977
4923,2978,2980,2977
4924,2977,2980,2982
4925,2978,2979,2980
4926,2979,2981,2980
4927,2979,3038,2981
4928,2980,2981,2984
4929,2981,3039,2985
4930,2980,2984,2982
4931,2982,2984,2983
4932,2984,2986,2983
4933,2981,2985,2984
4934,2984,2985,2986
4935,2985,3043,2987
4936,2985,2987,2986
4937,2983,2986,3010
4938,2986,3012,3010
4939,3010,3012,3013
4940,3012,3021,3013
4941,2986,2987,3012
4942,2987,3011,3012
4943,2987,3044,3011
4944,3011,3021,3012
4945,3011,3022,3021
4946,3011,3061,3022
4947,3013,3021,3015
4948,3021,3023,3015
4949,3021,3022,3023
4950,3022,3065,3026
4951,3022,3026,3023
4952,2898,3039,3038
4953,2898,3041,3039
4954,3039,3041,3043
4955,2898,3040,3041
4956,3040,3042,3041
4957,3040,3049,3042
4958,3041,3042,3045
4959,3042,3050,3046
4960,3041,3045,3043
4961,3043,3045,3044
4962,3045,3047,3044
4963,3042,3046,3045
4964,3045,3046,3047
4965,3046,3055,3048
4966,3046,3048,3047
4967,3047,3048,3062
4968,3048,3056,3063
4969,3042,3049,3050
4970,3049,3051,3050
4971,3051,3053,3050
4972,3050,3055,3046
4973,3050,3053,3055
4974,3053,3057,3055
4975,3051,3052,3053
4976,3052,3054,3053
4977,3052,3602,3054
4978,3053,3054,3057
4979,3054,3058,3057
4980,3054,3603,3058
4981,3055,3057,3056
4982,3048,3055,3056
4983,3057,3059,3056
4984,3056,3059,3070
4985,3057,3058,3059
4986,3058,3608,3060
4987,3058,3060,3059
4988,3060,3072,3059
4989,3060,3609,3073
4990,3044,3047,3061
4991,3047,3062,3061
4992,3061,3062,3065
4993,3062,3067,3065
4994,3048,3063,3062
4995,3062,3063,3067
4996,3063,3064,3067
4997,3063,3070,3064
4998,3065,3067,3066
4999,3067,3068,3066
5000,3064,3068,3067
5001,3064,3069,3068
5002,3064,3071,3069
5003,3056,3070,3063
5004,3059,3072,3070
5005,3064,3070,3071
5006,3070,3072,3071
5007,3072,3074,3071
5008,3060,3073,3072
5009,3073,3626,3075
5010,3072,3073,3074
5011,3073,3075,3074
5012,3071,3076,3069
5013,3071,3074,3076
5014,3074,3077,3076
5015,3074,3075,3077
5016,3075,3079,3077
5017,3075,3627,3079
5018,2981,3038,3039
5019,2985,3039,3043
5020,2987,3043,3044
5021,3044,3061,3011
5022,3022,3061,3065
5023,3026,3065,3066
5024,2649,3111,3108
5025,2649,2653,3111
5026,3108,3111,3113
5027,3108,3113,3109
5028,3109,3113,3114
5029,3109,3114,3110
5030,2653,2655,3112
5031,2653,3112,3111
5032,2655,3138,3112
5033,3111,3112,3115
5034,3111,3115,3113
5035,3113,3116,3114
5036,3113,3115,3116
5037,3112,3140,3115
5038,3115,3141,3116
5039,3110,3122,3117
5040,3117,3124,3118
5041,3118,3126,3120
5042,3110,3114,3122
5043,3114,3123,3122
5044,3117,3122,3124
5045,3114,3116,3123
5046,3116,3150,3123
5047,3122,3123,3125
5048,3122,3125,3124
5049,3123,3152,3125
5050,3118,3124,3126
5051,3124,3127,3126
5052,3124,3125,3127
5053,3120,3134,3128
5054,3128,3136,3131
5055,3120,3126,3134
5056,3126,3135,3134
5057,3128,3134,3136
5058,3126,3127,3135
5059,3134,3135,3137
5060,3134,3137,3136
5061,3131,3136,3178
5062,3136,3137,3179
5063,2655,2659,3138
5064,2659,3139,3138
5065,3112,3138,3140
5066,2659,2661,3139
5067,3138,3139,3142
5068,3115,3140,3141
5069,3138,3142,3140
5070,3140,3142,3143
5071,3140,3143,3141
5072,2661,2665,3144
5073,2661,3144,3139
5074,3139,3144,3146
5075,2665,3145,3144
5076,2665,2667,3145
5077,3144,3145,3148
5078,3139,3146,3142
5079,3142,3146,3147
5080,3142,3147,3143
5081,3144,3148,3146
5082,3146,3148,3149
5083,3146,3149,3147
5084,3116,3141,3150
5085,3123,3150,3152
5086,3141,3143,3151
5087,3141,3151,3150
5088,3150,3151,3153
5089,3150,3153,3152
5090,3125,3152,3154
5091,3125,3154,3127
5092,3152,3153,3155
5093,3152,3155,3154
5094,3143,3156,3151
5095,3143,3147,3156
5096,3151,3156,3158
5097,3147,3157,3156
5098,3147,3149,3157
5099,3156,3157,3159
5100,3151,3158,3153
5101,3156,3159,3158
5102,3153,3158,3160
5103,3153,3160,3155
5104,3158,3159,3161
5105,3158,3161,3160
5106,3127,3154,3162
5107,3127,3162,3135
5108,3135,3162,3164
5109,3154,3155,3163
5110,3154,3163,3162
5111,3162,3163,3165
5112,3135,3164,3137
5113,3137,3164,3198
5114,3162,3165,3164
5115,3164,3165,3199
5116,3155,3166,3163
5117,3155,3160,3166
5118,3163,3166,3168
5119,3160,3167,3166
5120,3160,3161,3167
5121,3166,3167,3302
5122,3163,3168,3165
5123,3165,3168,3202
5124,3166,3302,3168
5125,3168,3302,3203
5126,3169,3180,3170
5127,3170,3192,3182
5128,3131,3178,3169
5129,3169,3178,3180
5130,3178,3179,3181
5131,3178,3181,3180
5132,3170,3180,3192
5133,3180,3193,3192
5134,3180,3181,3193
5135,3136,3179,3178
5136,3182,3194,3183
5137,3183,3195,3184
5138,3182,3192,3194
5139,3192,3196,3194
5140,3192,3193,3196
5141,3183,3194,3195
5142,3194,3197,3195
5143,3194,3196,3197
5144,3179,3198,3200
5145,3198,3199,3201
5146,3179,3200,3181
5147,3181,3200,3206
5148,3181,3206,3193
5149,3198,3201,3200
5150,3200,3201,3207
5151,3200,3207,3206
5152,3137,3198,3179
5153,3164,3199,3198
5154,3199,3202,3204
5155,3202,3203,3205
5156,3199,3204,3201
5157,3201,3212,3207
5158,3201,3204,3212
5159,3202,3205,3204
5160,3204,3213,3212
5161,3204,3205,3213
5162,3165,3202,3199
5163,3168,3203,3202
5164,3193,3206,3208
5165,3193,3208,3196
5166,3206,3207,3210
5167,3206,3210,3208
5168,3196,3208,3209
5169,3196,3209,3197
5170,3208,3210,3211
5171,3208,3211,3209
5172,3207,3212,3214
5173,3207,3214,3210
5174,3212,3213,3216
5175,3212,3216,3214
5176,3210,3214,3215
5177,3210,3215,3211
5178,3214,3216,3217
5179,3214,3217,3215
5180,2667,3283,3145
5181,2667,2749,3283
5182,3145,3283,3284
5183,2749,2753,3286
5184,2749,3286,3283
5185,3283,3286,3288
5186,3145,3284,3148
5187,3148,3284,3285
5188,3148,3285,3149
5189,3283,3288,3284
5190,3284,3288,3289
5191,3284,3289,3285
5192,2753,3287,3286
5193,2753,2755,3287
5194,2755,3308,3287
5195,3286,3287,3290
5196,3286,3290,3288
5197,3288,3290,3291
5198,3288,3291,3289
5199,3287,3310,3290
5200,3290,3311,3291
5201,3149,3292,3157
5202,3149,3285,3292
5203,3157,3292,3293
5204,3285,3295,3292
5205,3285,3289,3295
5206,3292,3295,3297
5207,3157,3293,3159
5208,3292,3297,3293
5209,3159,3293,3294
5210,3159,3294,3161
5211,3293,3297,3299
5212,3293,3299,3294
5213,3289,3291,3296
5214,3289,3296,3295
5215,3295,3296,3298
5216,3291,3317,3296
5217,3296,3317,3319
5218,3295,3298,3297
5219,3296,3319,3298
5220,3297,3298,3300
5221,3297,3300,3299
5222,3298,3319,3321
5223,3298,3321,3300
5224,3161,3301,3167
5225,3161,3294,3301
5226,3167,3301,3303
5227,3294,3304,3301
5228,3294,3299,3304
5229,3301,3304,3306
5230,3167,3303,3302
5231,3302,3303,3338
5232,3301,3306,3303
5233,3303,3306,3340
5234,3299,3300,3305
5235,3299,3305,3304
5236,3304,3305,3307
5237,3300,3321,3328
5238,3300,3328,3305
5239,3305,3328,3330
5240,3304,3307,3306
5241,3306,3307,3341
5242,3305,3330,3307
5243,3307,3330,3353
5244,2755,2759,3308
5245,2759,3309,3308
5246,3287,3308,3310
5247,2759,2761,3309
5248,3308,3309,3312
5249,3290,3310,3311
5250,3308,3312,3310
5251,3310,3313,3311
5252,3310,3312,3313
5253,3312,3316,3313
5254,2761,3314,3309
5255,2761,2763,3314
5256,3309,3314,3315
5257,3309,3315,3312
5258,3312,3315,3316
5259,3291,3311,3317
5260,3311,3318,3317
5261,3311,3313,3318
5262,3313,3323,3318
5263,3317,3318,3320
5264,3317,3320,3319
5265,3318,3324,3320
5266,3319,3322,3321
5267,3319,3320,3322
5268,3320,3326,3322
5269,3313,3316,3323
5270,3318,3323,3324
5271,3320,3324,3326
5272,3321,3329,3328
5273,3321,3322,3329
5274,3322,3333,3329
5275,3328,3329,3331
5276,3328,3331,3330
5277,3329,3336,3331
5278,3330,3331,3354
5279,3322,3326,3333
5280,3329,3333,3336
5281,3331,3336,3357
5282,3203,3338,3339
5283,3338,3340,3342
5284,3203,3339,3205
5285,3205,3344,3213
5286,3205,3339,3344
5287,3338,3342,3339
5288,3339,3347,3344
5289,3339,3342,3347
5290,3203,3302,3338
5291,3303,3340,3338
5292,3340,3341,3343
5293,3341,3353,3355
5294,3340,3343,3342
5295,3342,3343,3348
5296,3342,3348,3347
5297,3341,3355,3343
5298,3343,3355,3366
5299,3343,3366,3348
5300,3306,3341,3340
5301,3307,3353,3341
5302,3213,3344,3345
5303,3213,3345,3216
5304,3344,3347,3349
5305,3344,3349,3345
5306,3216,3345,3346
5307,3216,3346,3217
5308,3345,3349,3350
5309,3345,3350,3346
5310,3347,3348,3351
5311,3347,3351,3349
5312,3348,3366,3368
5313,3348,3368,3351
5314,3349,3351,3352
5315,3349,3352,3350
5316,3351,3368,3369
5317,3351,3369,3352
5318,3353,3354,3356
5319,3353,3356,3355
5320,3355,3367,3366
5321,3354,3358,3356
5322,3355,3356,3367
5323,3356,3372,3367
5324,3330,3354,3353
5325,3331,3357,3354
5326,3354,3357,3358
5327,3356,3358,3372
5328,3366,3370,3368
5329,3366,3367,3370
5330,3367,3373,3370
5331,3368,3371,3369
5332,3368,3370,3371
5333,3370,3374,3371
5334,3367,3372,3373
5335,3370,3373,3374
5336,2886,3444,3447
5337,3444,3445,3447
5338,3445,3446,3449
5339,3446,3471,3450
5340,3445,3449,3447
5341,3447,3449,3448
5342,2888,3447,3448
5343,3449,3451,3448
5344,3448,3451,3486
5345,3446,3450,3449
5346,3449,3450,3451
5347,3450,3484,3452
5348,3450,3452,3451
5349,3451,3452,3488
5350,3184,3465,3454
5351,3454,3467,3456
5352,3184,3195,3465
5353,3195,3466,3465
5354,3195,3197,3466
5355,3454,3465,3467
5356,3465,3468,3467
5357,3456,3467,3482
5358,3465,3466,3468
5359,3467,3468,3483
5360,3456,3482,3469
5361,3469,3484,3471
5362,3467,3483,3482
5363,3469,3482,3484
5364,3482,3483,3485
5365,3471,3484,3450
5366,3482,3485,3484
5367,3452,3484,3485
5368,2902,3448,3486
5369,3451,3488,3486
5370,2904,3486,3487
5371,3486,3488,3487
5372,3488,3490,3487
5373,3452,3489,3488
5374,3452,3485,3489
5375,3488,3489,3490
5376,3489,3491,3490
5377,3489,3505,3491
5378,2907,3487,3492
5379,3487,3490,3492
5380,3490,3493,3492
5381,3492,3602,3052
5382,3492,3493,3602
5383,3493,3604,3602
5384,3490,3491,3493
5385,3491,3494,3493
5386,3491,3506,3494
5387,3493,3494,3604
5388,3494,3605,3604
5389,3494,3509,3605
5390,3197,3209,3495
5391,3197,3495,3466
5392,3209,3211,3496
5393,3209,3496,3495
5394,3466,3495,3497
5395,3466,3497,3468
5396,3468,3497,3503
5397,3495,3496,3498
5398,3495,3498,3497
5399,3497,3498,3504
5400,3211,3215,3499
5401,3211,3499,3496
5402,3215,3217,3500
5403,3215,3500,3499
5404,3496,3501,3498
5405,3496,3499,3501
5406,3498,3501,3507
5407,3499,3502,3501
5408,3499,3500,3502
5409,3501,3502,3508
5410,3468,3503,3483
5411,3483,3503,3505
5412,3497,3504,3503
5413,3503,3504,3506
5414,3485,3505,3489
5415,3483,3505,3485
5416,3491,3505,3506
5417,3503,3506,3505
5418,3498,3507,3504
5419,3504,3507,3509
5420,3501,3508,3507
5421,3507,3508,3510
5422,3504,3509,3506
5423,3506,3509,3494
5424,3507,3510,3509
5425,3509,3510,3605
5426,3054,3602,3603
5427,3602,3604,3603
5428,3604,3606,3603
5429,3058,3603,3608
5430,3603,3606,3608
5431,3606,3610,3608
5432,3604,3605,3606
5433,3605,3607,3606
5434,3510,3607,3605
5435,3606,3607,3610
5436,3607,3611,3610
5437,3607,3621,3611
5438,3608,3610,3609
5439,3610,3612,3609
5440,3060,3608,3609
5441,3609,3612,3626
5442,3610,3611,3612
5443,3611,3613,3612
5444,3611,3624,3613
5445,3612,3613,3628
5446,3613,3625,3629
5447,3217,3346,3614
5448,3217,3614,3500
5449,3346,3350,3616
5450,3346,3616,3614
5451,3500,3615,3502
5452,3500,3614,3615
5453,3502,3615,3620
5454,3614,3618,3615
5455,3614,3616,3618
5456,3615,3618,3622
5457,3350,3352,3617
5458,3350,3617,3616
5459,3352,3369,3636
5460,3352,3636,3617
5461,3616,3617,3619
5462,3616,3619,3618
5463,3618,3619,3623
5464,3617,3636,3638
5465,3617,3638,3619
5466,3619,3638,3652
5467,3502,3620,3508
5468,3508,3620,3621
5469,3615,3622,3620
5470,3620,3622,3624
5471,3508,3621,3510
5472,3510,3621,3607
5473,3620,3624,3621
5474,3621,3624,3611
5475,3618,3623,3622
5476,3622,3623,3625
5477,3619,3652,3623
5478,3623,3652,3654
5479,3613,3624,3625
5480,3622,3625,3624
5481,3623,3654,3625
5482,3073,3609,3626
5483,3612,3628,3626
5484,3626,3628,3627
5485,3075,3626,3627
5486,3628,3630,3627
5487,3613,3629,3628
5488,3629,3630,3628
5489,3629,3654,3631
5490,3629,3631,3630
5491,3630,3631,3634
5492,3631,3655,3635
5493,3079,3627,3633
5494,3627,3630,3633
5495,3630,3634,3633
5496,3631,3635,3634
5497,3369,3637,3636
5498,3369,3371,3637
5499,3371,3641,3637
5500,3636,3639,3638
5501,3636,3637,3639
5502,3637,3644,3639
5503,3638,3639,3653
5504,3371,3374,3641
5505,3637,3641,3644
5506,3639,3644,3656
5507,3638,3653,3652
5508,3639,3656,3653
5509,3652,3653,3655
5510,3625,3654,3629
5511,3652,3655,3654
5512,3631,3654,3655
5513,3653,3658,3655
5514,3653,3656,3658
5515,3655,3658,3635
5516,4,10,5
5517,6,5,10
5518,4,3,8
5519,4,8,9
5520,4,9,10
5521,6,10,13
5522,8,20,9
5523,11,12,14
5524,6,28,7
5525,6,13,28
5526,14,12,17
5527,28,13,14
5528,14,17,27
5529,18,27,17
5530,47,26,24
5531,47,24,23
5532,7,28,30
5533,980,7,30
5534,28,14,27
5535,18,29,27
5536,18,31,29
5537,18,33,31
5538,18,34,33
5539,31,33,32
5540,33,38,32
5541,37,36,981
5542,1902,8,2
5543,1902,20,8
5544,1902,21,20
5545,1902,22,21
5546,1902,23,22
5547,48,49,50
5548,48,50,54
5549,53,54,50
5550,48,54,1027
5551,1900,53,52
5552,980,30,37
5553,980,37,981
5554,980,981,982
5555,980,982,985
5556,984,983,40
5557,984,989,983
5558,985,987,986
5559,986,987,993
5560,994,993,987
5561,985,982,987
5562,988,994,987
5563,984,1031,989
5564,989,1012,988
5565,989,1016,1015
5566,989,1015,990
5567,989,990,991
5568,989,991,1012
5569,994,995,993
5570,988,997,994
5571,997,996,994
5572,997,988,999
5573,1013,998,999
5574,1013,1000,998
5575,1013,1001,1000
5576,1004,1002,1001
5577,1004,1001,1013
5578,1004,1013,1005
5579,1006,1005,1013
5580,1007,1011,1009
5581,988,1012,999
5582,1013,999,1012
5583,1006,1038,1008
5584,1038,1007,1008
5585,1006,1013,1038
5586,1038,1039,1007
5587,1031,1016,989
5588,1031,1017,1016
5589,1031,1022,1017
5590,1015,1019,990
5591,1015,1018,1019
5592,1021,1020,1026
5593,1031,1023,1022
5594,1031,1024,1023
5595,1021,1026,1025
5596,2560,54,53
5597,2560,55,54
5598,1031,1034,1024
5599,2560,1033,55
5600,2560,1025,1035
5601,2560,1036,1033
5602,2560,1035,1036
5603,1038,1013,1037
5604,1021,1040,1037
5605,1021,1025,1040
5606,1038,1037,1040
5607,1007,1039,1042
5608,2563,1011,1007
5609,2560,1040,1025
5610,2560,1041,1040
5611,2563,1007,1042
5612,2560,1042,1041
5613,47,23,1902
5614,47,1902,48
5615,1902,49,48
5616,1902,51,49
5617,1902,52,51
5618,1900,52,1902
5619,1900,1902,1904
5620,1902,2564,1904
5621,1900,2560,53
5622,2560,2563,1042
5623,2563,2564,1011
5624,1904,2564,2563
5625,16,15,19
5626,19,15,18
5627,16,26,15
5628,19,18,131
5629,16,25,26
5630,35,34,39
5631,39,34,40
5632,56,3,4
5633,56,4,59
5634,59,4,5
5635,56,64,58
5636,56,59,64
5637,58,64,68
5638,56,75,3
5639,56,58,77
5640,58,68,60
5641,58,60,78
5642,66,5,6
5643,59,5,66
5644,7,92,6
5645,59,66,67
5646,59,67,64
5647,66,6,92
5648,64,67,71
5649,66,93,67
5650,60,69,61
5651,60,68,69
5652,64,71,68
5653,61,72,70
5654,70,10,9
5655,61,69,72
5656,70,82,10
5657,68,97,69
5658,68,71,97
5659,70,72,82
5660,69,98,72
5661,69,97,98
5662,72,115,82
5663,75,8,3
5664,56,77,75
5665,58,78,77
5666,60,61,79
5667,61,70,155
5668,60,79,78
5669,75,156,8
5670,75,77,157
5671,61,155,79
5672,70,162,155
5673,70,9,162
5674,82,13,10
5675,116,12,11
5676,162,9,20
5677,7,94,92
5678,66,92,95
5679,66,95,93
5680,67,93,99
5681,92,94,104
5682,92,104,95
5683,67,99,71
5684,71,99,100
5685,71,100,97
5686,72,98,115
5687,97,101,98
5688,93,108,99
5689,99,109,100
5690,97,100,101
5691,98,110,115
5692,98,101,110
5693,94,105,104
5694,93,95,106
5695,93,106,108
5696,95,104,374
5697,95,374,106
5698,99,108,109
5699,100,111,101
5700,100,109,111
5701,101,112,110
5702,101,111,112
5703,108,376,109
5704,106,379,108
5705,109,377,111
5706,109,376,377
5707,111,378,112
5708,82,117,13
5709,82,115,117
5710,118,14,13
5711,117,118,13
5712,116,11,14
5713,116,17,12
5714,115,125,117
5715,110,125,115
5716,117,127,118
5717,118,126,14
5718,116,14,126
5719,116,126,130
5720,116,130,17
5721,131,18,17
5722,117,125,127
5723,110,128,125
5724,118,129,126
5725,118,127,129
5726,126,129,133
5727,110,112,128
5728,125,390,127
5729,125,128,390
5730,127,391,129
5731,127,390,391
5732,130,131,17
5733,126,133,130
5734,130,133,134
5735,130,134,131
5736,129,395,133
5737,77,78,158
5738,75,157,156
5739,77,158,157
5740,78,79,163
5741,79,155,164
5742,78,163,158
5743,155,162,165
5744,79,164,163
5745,155,165,164
5746,162,20,167
5747,168,20,21
5748,169,21,22
5749,166,26,176
5750,166,24,26
5751,156,157,567
5752,157,158,568
5753,158,163,569
5754,157,568,567
5755,158,569,568
5756,163,164,571
5757,163,571,569
5758,164,165,572
5759,165,167,573
5760,162,167,165
5761,167,20,168
5762,168,21,169
5763,171,22,23
5764,166,176,170
5765,169,22,171
5766,575,23,24
5767,166,575,24
5768,171,23,575
5769,170,177,576
5770,166,170,578
5771,166,578,575
5772,186,579,576
5773,25,176,26
5774,170,176,177
5775,177,186,576
5776,186,188,579
5777,104,105,375
5778,104,375,374
5779,106,374,382
5780,105,381,375
5781,374,375,384
5782,106,382,379
5783,108,379,376
5784,111,377,378
5785,376,380,377
5786,376,379,385
5787,377,386,378
5788,376,385,380
5789,377,380,386
5790,375,381,421
5791,374,384,382
5792,375,421,384
5793,381,423,421
5794,382,384,422
5795,382,422,387
5796,379,382,387
5797,379,387,385
5798,380,27,386
5799,380,385,426
5800,380,28,27
5801,380,426,28
5802,112,392,128
5803,112,378,392
5804,128,393,390
5805,128,392,393
5806,129,391,395
5807,390,394,391
5808,378,399,392
5809,378,386,399
5810,392,400,393
5811,390,393,394
5812,391,394,402
5813,133,396,134
5814,133,395,396
5815,391,402,395
5816,395,402,403
5817,395,403,396
5818,392,399,400
5819,386,29,399
5820,393,401,394
5821,393,400,401
5822,394,401,405
5823,386,27,29
5824,399,31,400
5825,399,29,31
5826,400,437,401
5827,400,31,437
5828,401,33,405
5829,394,405,402
5830,402,406,403
5831,402,405,406
5832,384,421,424
5833,384,424,422
5834,421,423,430
5835,421,430,424
5836,385,387,427
5837,385,427,426
5838,426,30,28
5839,387,422,434
5840,387,434,427
5841,426,427,435
5842,426,435,30
5843,423,431,430
5844,422,424,432
5845,422,432,434
5846,424,430,1043
5847,424,1043,432
5848,427,434,1045
5849,427,1045,435
5850,432,1047,434
5851,434,1047,1045
5852,435,1046,30
5853,401,437,33
5854,437,31,32
5855,437,38,33
5856,437,32,38
5857,405,34,406
5858,405,33,34
5859,406,34,35
5860,1046,37,30
5861,164,572,571
5862,165,573,572
5863,567,568,582
5864,568,569,584
5865,569,571,585
5866,571,572,586
5867,167,168,577
5868,168,169,589
5869,167,577,573
5870,170,576,580
5871,169,171,590
5872,171,575,591
5873,170,580,578
5874,168,589,577
5875,169,590,589
5876,575,578,591
5877,576,579,592
5878,171,591,590
5879,576,592,580
5880,568,584,582
5881,569,585,584
5882,572,573,587
5883,571,586,585
5884,572,587,586
5885,582,584,634
5886,573,638,587
5887,573,577,638
5888,577,589,639
5889,578,593,591
5890,578,580,593
5891,579,581,594
5892,579,594,592
5893,580,592,641
5894,581,608,642
5895,589,590,640
5896,577,639,638
5897,589,640,639
5898,580,641,593
5899,590,591,643
5900,581,642,594
5901,591,593,643
5902,592,594,644
5903,608,610,645
5904,592,644,641
5905,608,645,642
5906,188,601,581
5907,188,581,579
5908,601,42,608
5909,581,601,608
5910,42,43,610
5911,42,610,608
5912,43,44,661
5913,43,661,610
5914,44,45,662
5915,44,662,661
5916,584,636,634
5917,584,585,636
5918,585,586,648
5919,586,587,649
5920,585,648,636
5921,586,649,648
5922,590,643,640
5923,587,638,650
5924,594,642,647
5925,593,641,646
5926,593,646,643
5927,594,647,644
5928,638,639,651
5929,639,640,654
5930,587,650,649
5931,638,651,650
5932,641,644,652
5933,642,645,653
5934,641,652,646
5935,640,643,656
5936,642,653,647
5937,634,636,1905
5938,636,648,1906
5939,648,649,1909
5940,636,1906,1905
5941,648,1909,1906
5942,639,654,651
5943,643,646,656
5944,640,656,654
5945,644,655,652
5946,644,647,655
5947,645,666,657
5948,645,657,653
5949,646,652,1911
5950,647,653,1910
5951,649,650,1912
5952,650,651,1913
5953,647,1910,655
5954,646,1911,656
5955,652,655,1915
5956,651,654,1916
5957,653,657,1914
5958,652,1915,1911
5959,653,1914,1910
5960,610,661,666
5961,45,46,667
5962,610,666,645
5963,45,667,662
5964,46,48,681
5965,661,662,680
5966,681,48,49
5967,661,680,666
5968,46,681,667
5969,681,49,51
5970,684,51,52
5971,674,676,50
5972,676,53,50
5973,677,684,52
5974,677,52,53
5975,676,837,53
5976,677,53,837
5977,662,667,682
5978,662,682,680
5979,666,680,1934
5980,667,681,1935
5981,681,51,683
5982,683,51,684
5983,657,666,1934
5984,667,1935,682
5985,681,683,1935
5986,680,682,1936
5987,680,1936,1934
5988,683,1937,1935
5989,683,686,1937
5990,683,684,686
5991,684,685,686
5992,677,851,684
5993,684,851,685
5994,685,1940,686
5995,685,853,1940
5996,853,2058,1940
5997,833,835,846
5998,674,838,676
5999,674,833,838
6000,676,838,839
6001,676,839,837
6002,833,846,838
6003,835,844,847
6004,838,846,848
6005,835,847,846
6006,838,848,839
6007,844,873,847
6008,846,847,872
6009,846,872,848
6010,677,852,851
6011,677,837,852
6012,685,851,854
6013,685,854,853
6014,837,839,856
6015,837,856,852
6016,851,852,857
6017,851,857,854
6018,853,855,2058
6019,853,854,860
6020,853,860,855
6021,839,858,856
6022,852,859,857
6023,852,856,859
6024,839,848,858
6025,856,858,881
6026,856,881,859
6027,854,857,861
6028,854,861,860
6029,855,860,2062
6030,855,2062,2060
6031,857,859,884
6032,857,884,861
6033,860,861,885
6034,860,885,2062
6035,844,869,873
6036,869,54,878
6037,869,878,873
6038,847,873,874
6039,848,872,882
6040,847,874,872
6041,872,874,888
6042,878,54,55
6043,873,878,879
6044,873,879,874
6045,874,879,889
6046,878,1532,879
6047,878,55,1532
6048,848,882,858
6049,858,883,881
6050,872,888,882
6051,858,882,883
6052,881,883,891
6053,859,881,886
6054,859,886,884
6055,861,884,887
6056,861,887,885
6057,881,891,886
6058,884,892,887
6059,884,886,892
6060,882,888,890
6061,874,889,888
6062,882,890,883
6063,888,889,1543
6064,888,1543,890
6065,883,890,893
6066,883,893,891
6067,886,891,894
6068,886,894,892
6069,891,893,1546
6070,891,1546,894
6071,1003,1010,1011
6072,1028,1029,1032
6073,1028,1032,1027
6074,1029,1030,1032
6075,1030,1031,1032
6076,430,431,1044
6077,430,1044,1043
6078,432,1043,1049
6079,432,1049,1047
6080,431,980,1044
6081,1043,1044,1051
6082,1043,1051,1049
6083,435,1045,1048
6084,435,1048,1046
6085,1045,1047,1052
6086,1045,1052,1048
6087,1044,980,985
6088,1044,985,1051
6089,1049,1051,1079
6090,1049,1079,1053
6091,1047,1049,1053
6092,1047,1053,1052
6093,1046,1048,1054
6094,1048,1052,1081
6095,1048,1081,1054
6096,1056,36,37
6097,1056,981,36
6098,1046,1060,37
6099,1056,37,1060
6100,1056,982,981
6101,1046,1054,1060
6102,1056,1060,1091
6103,1056,1091,982
6104,1054,1092,1060
6105,1060,1092,1091
6106,1051,985,986
6107,1051,986,1079
6108,1053,1079,1086
6109,1052,1053,1082
6110,1052,1082,1081
6111,1054,1081,1087
6112,1054,1087,1092
6113,1053,1086,1082
6114,1081,1082,1088
6115,1081,1088,1087
6116,1079,986,1084
6117,1079,1084,1086
6118,1084,986,993
6119,1084,994,1086
6120,1082,1086,1302
6121,1082,1302,1088
6122,1086,994,1302
6123,1087,1088,1303
6124,1087,1303,1097
6125,1091,1093,982
6126,1093,987,982
6127,1091,1092,1096
6128,1093,988,987
6129,1091,1096,1093
6130,1094,989,988
6131,1093,1094,988
6132,1093,1095,1094
6133,1094,1095,1150
6134,1087,1097,1092
6135,1092,1097,1096
6136,1093,1096,1095
6137,1096,1097,1099
6138,1097,1098,1099
6139,1095,1096,1099
6140,1095,1099,1151
6141,1099,1100,1151
6142,1098,1100,1099
6143,1098,1101,1100
6144,1094,1109,989
6145,1094,1150,1109
6146,1109,1150,1112
6147,1095,1151,1150
6148,1150,1151,1153
6149,1151,1152,1153
6150,1112,1150,1153
6151,1112,1153,1119
6152,1119,1153,1160
6153,1152,1160,1153
6154,1152,1154,1160
6155,1100,1152,1151
6156,1100,1155,1152
6157,1100,1101,1155
6158,1101,1156,1155
6159,1155,1156,1157
6160,1156,1158,1157
6161,1152,1155,1154
6162,1154,1155,1157
6163,1154,1157,1162
6164,1157,1158,1166
6165,1158,1159,1166
6166,1119,1160,1121
6167,1121,1160,1161
6168,1154,1161,1160
6169,1154,1162,1161
6170,1161,1162,1163
6171,1121,1161,1122
6172,1122,1161,1163
6173,1122,1163,1016
6174,1162,1164,1163
6175,1163,1164,1015
6176,1164,1165,1015
6177,1157,1166,1162
6178,1162,1166,1164
6179,1164,1166,1167
6180,1159,1167,1166
6181,1159,1168,1167
6182,1164,1167,1165
6183,1165,1167,990
6184,1167,1168,990
6185,1168,991,990
6186,1084,993,995
6187,1084,995,994
6188,1088,1302,1304
6189,1088,1304,1303
6190,1302,994,996
6191,1302,996,1304
6192,1304,996,997
6193,1304,997,1309
6194,1309,997,999
6195,1097,1303,1098
6196,1098,1303,1308
6197,1303,1304,1308
6198,1304,1309,1308
6199,1308,1309,1310
6200,1309,1311,1310
6201,1098,1308,1101
6202,1101,1308,1310
6203,1101,1310,1156
6204,1156,1310,1345
6205,1310,1311,1345
6206,1311,1312,1345
6207,1309,999,1311
6208,1311,999,1313
6209,1313,999,998
6210,1313,998,1314
6211,1313,1314,1315
6212,1311,1313,1312
6213,1312,1313,1315
6214,1312,1315,1347
6215,1314,1316,1315
6216,1315,1316,1350
6217,1316,1351,1350
6218,1314,998,1000
6219,1327,1000,1001
6220,1321,1327,1001
6221,1321,1001,1002
6222,1321,1002,1004
6223,1321,1004,1330
6224,1330,1004,1005
6225,1314,1000,1327
6226,1314,1327,1316
6227,1316,1327,1328
6228,1321,1328,1327
6229,1321,1329,1328
6230,1321,1330,1329
6231,1316,1328,1351
6232,1328,1360,1351
6233,1328,1329,1360
6234,1329,1330,1363
6235,1330,1005,1332
6236,1332,1005,1006
6237,1333,1006,1008
6238,1333,1008,1007
6239,1332,1006,1333
6240,1365,1007,1009
6241,1330,1332,1363
6242,1332,1364,1363
6243,1333,1007,1365
6244,1366,1009,1011
6245,1010,1367,1011
6246,1365,1009,1366
6247,1332,1333,1369
6248,1156,1345,1158
6249,1158,1345,1346
6250,1312,1346,1345
6251,1312,1347,1346
6252,1158,1346,1159
6253,1159,1346,1348
6254,1346,1347,1348
6255,1347,1349,1348
6256,1348,1349,1354
6257,1349,1355,1354
6258,1315,1350,1347
6259,1347,1350,1349
6260,1349,1350,1352
6261,1350,1351,1352
6262,1351,1353,1352
6263,1351,1360,1353
6264,1349,1352,1355
6265,1352,1357,1355
6266,1352,1353,1357
6267,1159,1348,1168
6268,1168,1348,1354
6269,1168,1354,991
6270,1354,1012,991
6271,1354,1355,1012
6272,1355,1013,1012
6273,1355,1356,1013
6274,1356,1037,1013
6275,1355,1357,1356
6276,1353,1358,1357
6277,1353,1373,1358
6278,1358,1373,1359
6279,1356,1357,1697
6280,1357,1358,1697
6281,1358,1698,1697
6282,1358,1359,1698
6283,1329,1361,1360
6284,1329,1363,1361
6285,1361,1363,1362
6286,1353,1360,1373
6287,1360,1361,1373
6288,1361,1374,1373
6289,1361,1362,1374
6290,1332,1369,1364
6291,1362,1363,1364
6292,1333,1370,1369
6293,1366,1011,1367
6294,1333,1365,1370
6295,1362,1364,1376
6296,1364,1369,1378
6297,1365,1377,1370
6298,1364,1378,1376
6299,1365,1366,1379
6300,1365,1379,1377
6301,1366,1367,1382
6302,1359,1373,1374
6303,1362,1375,1374
6304,1359,1374,1708
6305,1374,1375,1708
6306,1375,1709,1708
6307,1375,1381,1709
6308,1362,1376,1375
6309,1369,1370,1380
6310,1369,1380,1378
6311,1375,1376,1381
6312,1370,1377,1712
6313,1366,1382,1379
6314,1367,1383,1382
6315,1376,1711,1381
6316,1376,1378,1711
6317,1370,1712,1380
6318,1378,1713,1711
6319,1378,1380,1713
6320,1377,1714,1712
6321,1377,1379,1715
6322,1379,1382,1719
6323,1382,1383,1720
6324,1163,1015,1016
6325,1165,1018,1015
6326,1165,1019,1018
6327,1165,990,1019
6328,1516,1020,1021
6329,1516,1026,1020
6330,1516,1025,1026
6331,1517,1021,1701
6332,1516,1021,1517
6333,1516,1517,1569
6334,1516,1569,1025
6335,1517,1703,1570
6336,1532,55,1533
6337,879,1544,889
6338,879,1532,1544
6339,1533,55,1539
6340,1532,1548,1544
6341,1532,1533,1548
6342,1539,55,1564
6343,1564,55,1033
6344,1533,1539,1540
6345,1533,1540,1548
6346,889,1544,1545
6347,889,1545,1543
6348,890,1543,1547
6349,1543,1545,1550
6350,890,1547,893
6351,893,1551,1546
6352,894,1546,2567
6353,893,1547,1551
6354,1543,1550,1547
6355,1546,1551,2572
6356,1544,1548,1549
6357,1544,1549,1545
6358,1545,1552,1550
6359,1548,1572,1549
6360,1540,1572,1548
6361,1545,1549,1552
6362,1547,1550,1553
6363,1547,1553,1551
6364,1550,1552,1574
6365,1550,1574,1553
6366,1551,1553,2609
6367,1565,1035,1025
6368,1564,1033,1036
6369,1564,1036,1565
6370,1539,1564,1566
6371,1539,1566,1540
6372,1565,1036,1035
6373,1564,1571,1566
6374,1564,1565,1571
6375,1565,1025,1569
6376,1517,1570,1569
6377,1570,1703,1741
6378,1565,1569,1571
6379,1569,1570,1571
6380,1570,1578,1571
6381,1570,1741,1578
6382,1540,1566,1573
6383,1540,1573,1572
6384,1549,1572,1575
6385,1549,1575,1552
6386,1572,1577,1575
6387,1572,1573,1577
6388,1552,1575,1576
6389,1552,1576,1574
6390,1553,2611,2609
6391,1553,1574,2611
6392,1574,2616,2611
6393,1574,1576,2616
6394,1566,1571,1578
6395,1566,1578,1573
6396,1573,1578,1579
6397,1573,1579,1577
6398,1578,1741,1579
6399,1575,1577,1580
6400,1575,1580,1576
6401,1576,1580,1581
6402,1576,1581,2616
6403,1577,1748,1580
6404,1577,1579,1748
6405,1356,1696,1037
6406,1356,1697,1696
6407,1696,1697,1699
6408,1696,1701,1037
6409,1701,1021,1037
6410,1696,1699,1702
6411,1697,1698,1699
6412,1359,1700,1698
6413,1698,1705,1699
6414,1698,1700,1705
6415,1700,1706,1705
6416,1700,1710,1706
6417,1701,1702,1703
6418,1696,1702,1701
6419,1699,1704,1702
6420,1517,1701,1703
6421,1702,1739,1703
6422,1702,1704,1739
6423,1699,1705,1704
6424,1705,1706,1707
6425,1704,1705,1707
6426,1704,1707,1740
6427,1706,1726,1743
6428,1706,1743,1707
6429,1359,1708,1700
6430,1700,1708,1710
6431,1708,1709,1710
6432,1381,1716,1709
6433,1709,1725,1710
6434,1709,1716,1725
6435,1716,1038,1725
6436,1377,1715,1714
6437,1380,1712,1717
6438,1381,1711,1718
6439,1380,1717,1713
6440,1381,1718,1716
6441,1712,1714,1729
6442,1379,1719,1715
6443,1382,1720,1719
6444,1383,1721,1720
6445,1711,1713,1730
6446,1711,1730,1718
6447,1712,1729,1717
6448,1713,1717,1732
6449,1714,1715,1733
6450,1714,1731,1729
6451,1715,1719,1734
6452,1706,1710,1726
6453,1710,1725,1726
6454,1725,1040,1726
6455,1716,1039,1038
6456,1716,1727,1039
6457,1725,1038,1040
6458,1726,1040,1744
6459,1727,1042,1039
6460,1716,1718,1727
6461,1713,1732,1730
6462,1717,1729,1735
6463,1714,1733,1731
6464,1718,1730,1728
6465,1717,1735,1732
6466,1715,1734,1733
6467,1719,1720,1736
6468,1720,1721,1760
6469,1719,1736,1734
6470,1718,1728,1727
6471,1729,1731,1758
6472,1730,1732,1759
6473,1729,1758,1735
6474,1728,1730,1759
6475,1731,1733,1765
6476,1720,1760,1736
6477,1721,1761,1760
6478,1703,1739,1741
6479,1704,1740,1739
6480,1739,1740,1742
6481,1739,1742,1741
6482,1740,1745,1747
6483,1740,1747,1742
6484,1707,1743,1745
6485,1707,1745,1740
6486,1726,1744,1743
6487,1743,1744,1746
6488,1743,1746,1745
6489,1745,1746,1750
6490,1744,1751,1746
6491,1579,1741,1742
6492,1579,1742,1748
6493,1742,1747,1748
6494,1745,1750,1747
6495,1580,1748,1749
6496,1580,1749,1581
6497,1747,1749,1748
6498,1747,1750,1749
6499,1749,1750,2766
6500,1746,1752,1750
6501,1746,1751,1752
6502,1751,1769,1753
6503,1750,1752,2766
6504,1751,1753,1752
6505,1753,1769,2771
6506,1744,1040,1754
6507,1754,1040,1041
6508,1727,1728,1755
6509,1727,1755,1042
6510,1728,1759,1771
6511,1744,1754,1751
6512,1754,1756,1769
6513,1754,1041,1756
6514,1756,1041,1770
6515,1770,1041,1042
6516,1728,1771,1755
6517,1757,1758,1772
6518,1755,1776,1042
6519,1759,1773,1771
6520,1732,1735,1764
6521,1731,1763,1758
6522,1732,1764,1759
6523,1731,1765,1763
6524,1733,1734,1766
6525,1734,1736,1767
6526,1735,1758,1757
6527,1733,1766,1765
6528,1735,1757,1764
6529,1734,1767,1766
6530,1736,1760,1781
6531,1760,1761,1782
6532,1758,1763,1772
6533,1759,1764,1773
6534,1763,1765,1780
6535,1736,1781,1767
6536,1760,1782,1781
6537,1761,1783,1782
6538,1751,1754,1769
6539,1756,1774,1769
6540,1770,1042,1776
6541,1757,1778,1764
6542,1755,1771,1779
6543,1763,1777,1772
6544,1764,1778,1773
6545,1756,1770,1775
6546,1755,1779,1776
6547,1756,1775,1774
6548,1763,1780,1777
6549,1757,1772,2808
6550,1769,1774,2771
6551,1770,2805,1775
6552,1770,1776,2805
6553,1771,1773,2807
6554,1757,2808,1778
6555,1771,2807,1779
6556,1776,1779,2811
6557,1772,1777,2809
6558,1773,1778,2813
6559,1772,2809,2808
6560,1765,1766,1785
6561,1765,1785,1780
6562,1766,1767,2817
6563,1767,1781,2818
6564,1766,2817,1785
6565,1767,2818,2817
6566,1781,2819,2818
6567,1781,1782,2819
6568,1782,1783,2820
6569,1905,1906,1919
6570,649,1912,1909
6571,650,1913,1912
6572,654,656,1918
6573,651,1916,1913
6574,654,1918,1916
6575,655,1910,1917
6576,656,1911,1918
6577,655,1917,1915
6578,657,1938,1914
6579,1906,1909,1922
6580,1909,1912,1923
6581,1910,1914,1943
6582,1911,1915,1921
6583,1910,1943,1917
6584,1911,1921,1918
6585,1906,1922,1919
6586,1909,1923,1922
6587,1912,1913,1925
6588,1913,1916,1926
6589,1915,1917,1924
6590,1915,1924,1921
6591,1912,1925,1923
6592,1913,1926,1925
6593,1916,1918,1959
6594,1918,1921,1959
6595,1919,1922,1951
6596,1916,1959,1926
6597,657,1934,1938
6598,682,1935,1939
6599,682,1939,1936
6600,1935,1937,1939
6601,1934,1936,1944
6602,1934,1944,1938
6603,1937,1941,1945
6604,1937,1945,1939
6605,686,1940,1941
6606,686,1941,1937
6607,1940,2058,1942
6608,1940,1942,1941
6609,1941,1942,1949
6610,1942,2058,2065
6611,1914,1938,1946
6612,1914,1946,1943
6613,1936,1947,1944
6614,1936,1939,1947
6615,1939,1945,1947
6616,1917,1943,1960
6617,1938,1944,1961
6618,1945,1949,1948
6619,1917,1960,1924
6620,1938,1961,1946
6621,1921,1924,1964
6622,1943,1946,1962
6623,1943,1962,1960
6624,1921,1964,1959
6625,1944,1947,1963
6626,1944,1963,1961
6627,1945,1948,1947
6628,1941,1949,1945
6629,1942,2065,1950
6630,1942,1950,1949
6631,1948,1949,1968
6632,1949,1950,1968
6633,1922,1923,1953
6634,1922,1953,1951
6635,1923,1925,1955
6636,1925,1926,1971
6637,1923,1955,1953
6638,1925,1971,1955
6639,1951,1953,2239
6640,1953,1955,2240
6641,1953,2240,2239
6642,1924,1960,1965
6643,1947,1948,1963
6644,1946,1961,1966
6645,1926,1959,1972
6646,1924,1965,1964
6647,1946,1966,1962
6648,1948,1967,1963
6649,1948,1968,1967
6650,1959,1964,1972
6651,1961,1963,1974
6652,1960,1962,1973
6653,1926,1972,1971
6654,1960,1973,1965
6655,1961,1974,1966
6656,1963,1967,1974
6657,1950,1969,1968
6658,1950,2067,1969
6659,1967,1968,1970
6660,1968,1969,1970
6661,1969,1977,1970
6662,1969,2104,1977
6663,1964,1965,1975
6664,1962,1966,1976
6665,1964,1975,1972
6666,1962,1976,1973
6667,1965,1973,2242
6668,1967,1978,1974
6669,1966,1974,2243
6670,1955,1971,2241
6671,1965,2242,1975
6672,1971,1972,2244
6673,1955,2241,2240
6674,1972,1975,2244
6675,1966,2243,1976
6676,1974,1978,2243
6677,1973,1976,2245
6678,1973,2245,2242
6679,1967,1970,1978
6680,1970,1979,1978
6681,1970,1977,1979
6682,1978,2250,2243
6683,1978,1979,2250
6684,1977,2335,1979
6685,855,2059,2058
6686,855,2060,2059
6687,2059,2060,2063
6688,2058,2059,2065
6689,2059,2063,2066
6690,2060,2061,2063
6691,2060,2062,2072
6692,2060,2072,2061
6693,2061,2075,2064
6694,2061,2068,2063
6695,2061,2064,2068
6696,2064,2069,2068
6697,2059,2066,2065
6698,2065,2066,2067
6699,2063,2070,2066
6700,1950,2065,2067
6701,2066,2103,2067
6702,2066,2070,2103
6703,2063,2068,2070
6704,2068,2069,2071
6705,2068,2071,2070
6706,2070,2071,2106
6707,2069,2107,2071
6708,885,2073,2062
6709,2062,2073,2072
6710,2061,2072,2075
6711,885,887,2077
6712,885,2077,2073
6713,2072,2073,2078
6714,2072,2078,2075
6715,2064,2075,2076
6716,2064,2076,2074
6717,2064,2074,2069
6718,2075,2081,2076
6719,2074,2076,2085
6720,2074,2085,2082
6721,887,892,2079
6722,887,2079,2077
6723,2073,2077,2080
6724,2073,2080,2078
6725,892,2565,2079
6726,892,894,2565
6727,2077,2079,2566
6728,2077,2566,2080
6729,2075,2078,2081
6730,2076,2081,2087
6731,2076,2087,2085
6732,2078,2080,2569
6733,2078,2569,2081
6734,2081,2570,2087
6735,2069,2074,2083
6736,2074,2082,2083
6737,2082,2084,2083
6738,2069,2083,2107
6739,2083,2084,2114
6740,2082,2085,2088
6741,2082,2088,2086
6742,2082,2086,2084
6743,2085,2087,2579
6744,2085,2579,2088
6745,2086,2088,2583
6746,2086,2583,2089
6747,2084,2086,2118
6748,2086,2089,2118
6749,2089,2090,2118
6750,1969,2067,2104
6751,2067,2103,2104
6752,2070,2106,2103
6753,2103,2105,2104
6754,2103,2106,2105
6755,2105,2106,2111
6756,2071,2108,2106
6757,2071,2107,2108
6758,2106,2108,2111
6759,2107,2115,2108
6760,1977,2104,2109
6761,2104,2105,2109
6762,2105,2110,2109
6763,2105,2111,2110
6764,1977,2109,2335
6765,2109,2336,2335
6766,2109,2110,2336
6767,2108,2112,2111
6768,2108,2115,2112
6769,2112,2115,2132
6770,2110,2111,2113
6771,2111,2112,2113
6772,2112,2339,2113
6773,2112,2132,2339
6774,2132,2352,2339
6775,2083,2114,2107
6776,2107,2114,2115
6777,2084,2116,2114
6778,2114,2130,2115
6779,2114,2116,2130
6780,2116,2117,2130
6781,2084,2118,2116
6782,2116,2118,2119
6783,2090,2119,2118
6784,2090,2120,2119
6785,2119,2120,2122
6786,2116,2119,2117
6787,2117,2119,2122
6788,2120,2123,2122
6789,2122,2123,2135
6790,2123,2124,2135
6791,2115,2130,2132
6792,2130,2131,2132
6793,2117,2131,2130
6794,2117,2134,2131
6795,2131,2352,2132
6796,2131,2133,2352
6797,2131,2134,2133
6798,2133,2134,2137
6799,2133,2137,2354
6800,2117,2122,2134
6801,2122,2135,2134
6802,2134,2135,2137
6803,2135,2136,2137
6804,2124,2136,2135
6805,2124,2647,2136
6806,2136,2138,2137
6807,2136,2139,2138
6808,2137,2138,2354
6809,2136,2647,2139
6810,2139,2647,2648
6811,2139,2648,2359
6812,2359,2648,2649
6813,1971,2244,2241
6814,1975,2242,2247
6815,1976,2243,2246
6816,1975,2247,2244
6817,1976,2246,2245
6818,2243,2250,2246
6819,2239,2240,2252
6820,2240,2241,2254
6821,2242,2245,2253
6822,2242,2253,2247
6823,2241,2244,2259
6824,2245,2246,2260
6825,1979,2251,2250
6826,1979,2335,2251
6827,2251,2335,2337
6828,2250,2251,2257
6829,2246,2250,2257
6830,2251,2337,2258
6831,2240,2254,2252
6832,2244,2247,2259
6833,2241,2259,2254
6834,2245,2260,2253
6835,2247,2253,2268
6836,2252,2254,2270
6837,2246,2257,2260
6838,2251,2258,2257
6839,2257,2258,2261
6840,2247,2268,2259
6841,2257,2261,2260
6842,2253,2260,2269
6843,2253,2269,2268
6844,2260,2261,2269
6845,2258,2377,2261
6846,2254,2259,2271
6847,2259,2268,2271
6848,2254,2271,2270
6849,2261,2377,2272
6850,2261,2272,2269
6851,2268,2269,2275
6852,2268,2275,2271
6853,2269,2272,2275
6854,2270,2271,2276
6855,2272,2388,2275
6856,2271,2275,2276
6857,2275,2388,2276
6858,2335,2336,2337
6859,2110,2338,2336
6860,2336,2343,2337
6861,2336,2338,2343
6862,2338,2347,2343
6863,2110,2113,2338
6864,2113,2340,2338
6865,2113,2339,2340
6866,2339,2352,2341
6867,2338,2340,2347
6868,2339,2341,2340
6869,2341,2353,2342
6870,2340,2341,2346
6871,2341,2342,2346
6872,2337,2343,2344
6873,2258,2337,2344
6874,2343,2347,2345
6875,2258,2344,2377
6876,2343,2345,2344
6877,2345,2347,2349
6878,2344,2345,2379
6879,2345,2349,2378
6880,2340,2346,2347
6881,2346,2349,2347
6882,2346,2348,2349
6883,2342,2348,2346
6884,2342,2364,2348
6885,2348,2350,2349
6886,2349,2350,2378
6887,2348,2351,2350
6888,2348,2364,2351
6889,2351,2364,2367
6890,2351,2367,2383
6891,2133,2353,2352
6892,2341,2352,2353
6893,2353,2354,2355
6894,2133,2354,2353
6895,2138,2356,2354
6896,2354,2356,2355
6897,2342,2353,2355
6898,2342,2355,2364
6899,2356,2358,2357
6900,2355,2356,2363
6901,2356,2357,2363
6902,2138,2139,2358
6903,2138,2358,2356
6904,2358,2359,2361
6905,2139,2359,2358
6906,2359,2649,2360
6907,2359,2360,2361
6908,2357,2358,2361
6909,2357,2361,2365
6910,2361,2370,2365
6911,2360,2370,2361
6912,2360,3108,2362
6913,2360,2362,2370
6914,2355,2363,2364
6915,2363,2367,2364
6916,2363,2366,2367
6917,2357,2366,2363
6918,2357,2365,2366
6919,2365,2369,2366
6920,2365,2374,2369
6921,2366,2368,2367
6922,2366,2369,2368
6923,2367,2368,2383
6924,2368,2369,2413
6925,2369,2374,2414
6926,2374,2375,2414
6927,2365,2370,2374
6928,2370,2372,2374
6929,2362,2372,2370
6930,2362,2371,2372
6931,2371,2376,2372
6932,2371,2373,2376
6933,2372,2375,2374
6934,2372,2376,2375
6935,2375,2376,2420
6936,2376,2421,2420
6937,2373,2421,2376
6938,2373,3119,2421
6939,2344,2379,2377
6940,2377,2379,2380
6941,2345,2378,2379
6942,2378,2381,2379
6943,2378,2385,2381
6944,2272,2377,2380
6945,2379,2381,2380
6946,2380,2381,2389
6947,2381,2385,2390
6948,2385,2386,2390
6949,2350,2385,2378
6950,2350,2351,2382
6951,2350,2382,2385
6952,2351,2383,2382
6953,2382,2383,2387
6954,2383,2384,2387
6955,2382,2386,2385
6956,2382,2387,2386
6957,2386,2387,2397
6958,2387,2398,2397
6959,2384,2398,2387
6960,2384,2417,2398
6961,2272,2380,2388
6962,2380,2389,2388
6963,2381,2390,2389
6964,2386,2391,2390
6965,2389,2390,2393
6966,2390,2391,2393
6967,2388,2389,2392
6968,2389,2393,2392
6969,2276,2388,2392
6970,2276,2392,2394
6971,2392,2393,2400
6972,2391,2401,2393
6973,2392,2400,2394
6974,2386,2397,2391
6975,2391,2397,2399
6976,2391,2399,2401
6977,2397,2398,2426
6978,2397,2426,2399
6979,2399,2427,2401
6980,2393,2401,2400
6981,2394,2400,2402
6982,2400,2401,2429
6983,2400,2429,2402
6984,2401,2427,2429
6985,2368,2384,2383
6986,2368,2413,2384
6987,2413,2414,2416
6988,2369,2414,2413
6989,2375,2415,2414
6990,2414,2415,2416
6991,2384,2413,2417
6992,2413,2416,2417
6993,2416,2418,2417
6994,2398,2417,2419
6995,2415,2423,2416
6996,2416,2423,2418
6997,2417,2418,2419
6998,2375,2420,2415
6999,2415,2420,2422
7000,2415,2422,2423
7001,2420,2421,3218
7002,2420,3218,2422
7003,2422,3219,2423
7004,2418,2423,2424
7005,2418,2425,2419
7006,2419,2425,2434
7007,2418,2424,2425
7008,2423,3219,2424
7009,2425,3221,2434
7010,2398,2419,2426
7011,2399,2426,2428
7012,2399,2428,2427
7013,2419,2434,2426
7014,2426,2434,2428
7015,2427,2428,2435
7016,2427,2435,2431
7017,2402,2429,2430
7018,2427,2431,2429
7019,2429,2431,2430
7020,2428,2434,2436
7021,2428,2436,2435
7022,2431,2435,2437
7023,2434,3221,2436
7024,2435,2436,3231
7025,2435,3231,2437
7026,2430,2431,2438
7027,2431,2437,2438
7028,2437,3234,2438
7029,894,2567,2565
7030,2079,2565,2568
7031,2079,2568,2566
7032,1546,2572,2567
7033,2565,2567,2573
7034,2565,2573,2568
7035,2080,2566,2571
7036,2080,2571,2569
7037,2081,2569,2570
7038,2566,2568,2575
7039,2566,2575,2571
7040,2569,2571,2576
7041,2569,2576,2570
7042,1551,2609,2572
7043,2567,2572,2574
7044,2568,2573,2577
7045,2567,2574,2573
7046,2572,2609,2610
7047,2572,2610,2574
7048,2573,2574,2612
7049,2568,2577,2575
7050,2571,2575,2578
7051,2571,2578,2576
7052,2573,2612,2577
7053,2575,2577,2613
7054,2575,2613,2578
7055,2087,2570,2580
7056,2087,2580,2579
7057,2088,2579,2581
7058,2088,2581,2583
7059,2570,2576,2587
7060,2570,2587,2580
7061,2579,2580,2588
7062,2579,2588,2581
7063,2576,2590,2587
7064,2580,2587,2591
7065,2580,2591,2588
7066,2576,2578,2590
7067,2587,2590,2623
7068,2587,2623,2591
7069,2609,2617,2610
7070,2574,2610,2614
7071,2609,2611,2617
7072,2610,2619,2614
7073,2610,2617,2619
7074,2577,2612,2615
7075,2574,2614,2612
7076,2577,2615,2613
7077,2578,2613,2625
7078,2612,2614,2620
7079,2612,2620,2615
7080,2613,2615,2630
7081,2611,2616,2618
7082,2611,2618,2617
7083,2617,2621,2619
7084,2616,2765,2618
7085,1581,2765,2616
7086,2617,2618,2621
7087,2614,2622,2620
7088,2614,2619,2622
7089,2615,2620,2633
7090,2619,2621,2768
7091,2619,2768,2622
7092,2620,2622,2775
7093,2620,2775,2633
7094,2578,2625,2590
7095,2590,2625,2626
7096,2590,2626,2623
7097,2613,2630,2625
7098,2625,2631,2626
7099,2615,2633,2630
7100,2625,2630,2631
7101,2630,2633,2776
7102,2630,2776,2631
7103,1581,1749,2766
7104,1581,2766,2765
7105,2618,2765,2767
7106,2618,2767,2621
7107,2765,2770,2767
7108,2765,2766,2770
7109,2621,2767,2769
7110,2621,2769,2768
7111,2622,2768,2778
7112,2622,2778,2775
7113,2767,2773,2769
7114,2768,2772,2778
7115,2768,2769,2772
7116,1752,2770,2766
7117,1752,1753,2770
7118,1753,2773,2770
7119,1753,2771,2773
7120,2767,2770,2773
7121,2769,2773,2774
7122,2769,2774,2772
7123,2771,2774,2773
7124,2633,2775,2779
7125,2633,2779,2776
7126,2775,2778,2783
7127,2775,2783,2779
7128,2772,2785,2778
7129,2778,2785,2783
7130,2772,2824,2785
7131,2772,2774,2824
7132,1774,2806,2771
7133,1774,1775,2810
7134,1776,2811,2805
7135,2771,2806,2774
7136,1774,2810,2806
7137,1775,2805,2825
7138,1773,2813,2807
7139,1777,1780,2816
7140,1778,2808,2815
7141,1777,2814,2809
7142,1779,2807,2812
7143,1778,2815,2813
7144,1779,2812,2811
7145,1777,2816,2814
7146,1775,2825,2810
7147,2774,2806,2824
7148,2806,2810,2832
7149,2805,2826,2825
7150,2805,2811,2826
7151,2808,2809,2829
7152,2807,2813,2827
7153,2808,2829,2815
7154,1780,2830,2816
7155,2807,2827,2812
7156,2809,2814,2831
7157,2813,2815,2834
7158,1780,1785,2830
7159,1785,2817,2844
7160,1782,2820,2819
7161,1783,2821,2820
7162,1785,2844,2830
7163,2817,2818,2845
7164,2818,2819,2846
7165,2817,2845,2844
7166,2818,2846,2845
7167,2819,2820,2847
7168,2820,2821,2848
7169,2806,2832,2824
7170,2810,2825,2835
7171,2811,2812,2833
7172,2813,2834,2827
7173,2810,2835,2832
7174,2815,2829,2837
7175,2811,2833,2826
7176,2812,2827,2908
7177,2815,2837,2834
7178,2809,2831,2829
7179,2814,2816,2840
7180,2814,2836,2831
7181,2816,2830,2911
7182,2830,2844,2912
7183,2825,2826,2870
7184,2825,2870,2835
7185,2812,2908,2833
7186,2829,2831,2910
7187,2826,2833,2872
7188,2827,2909,2908
7189,2827,2834,2909
7190,2829,2910,2837
7191,2831,2836,2914
7192,2814,2840,2836
7193,2816,2911,2840
7194,2830,2912,2911
7195,2844,2913,2912
7196,2819,2847,2846
7197,2820,2848,2847
7198,2821,2849,2848
7199,2844,2845,2913
7200,2845,2846,2917
7201,2846,2847,2918
7202,2873,2908,2879
7203,2879,2909,2880
7204,2882,2915,2921
7205,2880,2915,2882
7206,2921,2924,3444
7207,2882,2921,3444
7208,2881,3445,2924
7209,2826,2872,2870
7210,2833,2908,2873
7211,2834,2915,2909
7212,2834,2837,2915
7213,2831,2914,2910
7214,2833,2873,2872
7215,2837,2910,2921
7216,2836,2840,2922
7217,2836,2916,2914
7218,2840,2911,2923
7219,2879,2908,2909
7220,2837,2921,2915
7221,2836,2922,2916
7222,2910,2914,2924
7223,2880,2909,2915
7224,2910,2924,2921
7225,2840,2923,2922
7226,2911,2912,2925
7227,2912,2913,2926
7228,2911,2925,2923
7229,2913,2917,2927
7230,2845,2917,2913
7231,2846,2918,2917
7232,2847,2848,2919
7233,2847,2919,2918
7234,2848,2849,2920
7235,2848,2920,2919
7236,2849,2930,2920
7237,2881,2914,2916
7238,2881,2924,2914
7239,2916,2922,3511
7240,2912,2926,2925
7241,2913,2927,2926
7242,2917,2928,2927
7243,2918,2929,2928
7244,2881,2916,3443
7245,2916,3511,3443
7246,2922,2923,3512
7247,2923,2925,3513
7248,2922,3512,3511
7249,2925,2926,3514
7250,2926,2927,3515
7251,2917,2918,2928
7252,2918,2919,2929
7253,2919,2920,3517
7254,2920,2930,3518
7255,2919,3517,2929
7256,2920,3518,3517
7257,2930,3519,3518
7258,2360,2649,3108
7259,2362,3108,3109
7260,2362,3109,2371
7261,2371,3109,3110
7262,2371,3110,2373
7263,2373,3110,3117
7264,2373,3117,3119
7265,3117,3118,3119
7266,2421,3119,3121
7267,3118,3130,3119
7268,3118,3120,3130
7269,3119,3130,3121
7270,3120,3129,3130
7271,3120,3128,3129
7272,3121,3130,3133
7273,3121,3133,3224
7274,3129,3133,3130
7275,3128,3131,3132
7276,3128,3132,3129
7277,3129,3132,3172
7278,3129,3172,3133
7279,3133,3173,3224
7280,3133,3172,3173
7281,3170,3182,3185
7282,3131,3171,3132
7283,3131,3169,3171
7284,3169,3175,3171
7285,3132,3171,3174
7286,3132,3174,3172
7287,3172,3174,3177
7288,3172,3177,3173
7289,3169,3170,3175
7290,3171,3176,3174
7291,3171,3175,3176
7292,3170,3185,3175
7293,3174,3187,3177
7294,3173,3177,3251
7295,3174,3176,3187
7296,3177,3187,3257
7297,3182,3183,3189
7298,3183,3184,3453
7299,3183,3453,3189
7300,3175,3185,3186
7301,3175,3186,3176
7302,3182,3189,3185
7303,3185,3190,3186
7304,3176,3186,3188
7305,3176,3188,3187
7306,3187,3188,3260
7307,3187,3260,3257
7308,3185,3189,3190
7309,3186,3190,3191
7310,3189,3453,3458
7311,3189,3458,3190
7312,3186,3191,3188
7313,3188,3459,3260
7314,3188,3191,3459
7315,2421,3121,3218
7316,2422,3218,3220
7317,2422,3220,3219
7318,3121,3224,3218
7319,3218,3224,3220
7320,3219,3220,3225
7321,3219,3225,3222
7322,2424,3223,2425
7323,2424,3219,3222
7324,2424,3222,3223
7325,2425,3223,3221
7326,3222,3229,3223
7327,3221,3223,3228
7328,3221,3228,3232
7329,3220,3224,3226
7330,3220,3226,3225
7331,3222,3225,3227
7332,3173,3226,3224
7333,3225,3226,3250
7334,3225,3250,3227
7335,3222,3227,3229
7336,3223,3229,3228
7337,3228,3230,3232
7338,3227,3253,3229
7339,3229,3253,3254
7340,3228,3229,3254
7341,3228,3254,3230
7342,2436,3221,3232
7343,2436,3232,3231
7344,2437,3231,3233
7345,2437,3233,3234
7346,3231,3232,3237
7347,3231,3237,3233
7348,3233,3238,3234
7349,3230,3237,3232
7350,3233,3237,3239
7351,3233,3239,3238
7352,3230,3266,3237
7353,3237,3266,3239
7354,3238,3239,3267
7355,3173,3251,3226
7356,3226,3251,3250
7357,3227,3250,3252
7358,3227,3252,3253
7359,3177,3257,3251
7360,3250,3251,3258
7361,3250,3258,3252
7362,3252,3259,3253
7363,3253,3255,3254
7364,3230,3254,3256
7365,3230,3256,3266
7366,3253,3259,3255
7367,3254,3255,3256
7368,3256,3263,3266
7369,3251,3257,3258
7370,3257,3260,3261
7371,3257,3261,3258
7372,3252,3258,3262
7373,3252,3262,3259
7374,3258,3261,3262
7375,3260,3540,3261
7376,3260,3459,3540
7377,3261,3541,3262
7378,3259,3262,3542
7379,3259,3542,3264
7380,3255,3259,3264
7381,3255,3264,3265
7382,3255,3265,3256
7383,3256,3265,3263
7384,3264,3547,3265
7385,3263,3265,3548
7386,3263,3548,3272
7387,3239,3266,3268
7388,3239,3268,3267
7389,3263,3268,3266
7390,3267,3268,3271
7391,3263,3272,3268
7392,3268,3272,3271
7393,3271,3272,3563
7394,2924,3445,3444
7395,2881,3443,3446
7396,2881,3446,3445
7397,3443,3511,3472
7398,3443,3471,3446
7399,3443,3472,3471
7400,3184,3455,3453
7401,3184,3454,3455
7402,3454,3456,3457
7403,3454,3457,3455
7404,3455,3457,3474
7405,3190,3458,3460
7406,3453,3462,3458
7407,3453,3455,3462
7408,3458,3463,3460
7409,3190,3460,3191
7410,3191,3460,3461
7411,3191,3461,3459
7412,3459,3461,3543
7413,3455,3474,3462
7414,3458,3462,3463
7415,3462,3474,3475
7416,3462,3475,3463
7417,3460,3464,3461
7418,3460,3463,3464
7419,3463,3477,3464
7420,3461,3464,3545
7421,3456,3470,3457
7422,3456,3469,3470
7423,3457,3470,3476
7424,3472,3511,3473
7425,3469,3471,3472
7426,3469,3472,3470
7427,3470,3473,3476
7428,3470,3472,3473
7429,3457,3476,3474
7430,3474,3476,3479
7431,3474,3479,3475
7432,3463,3475,3477
7433,3464,3478,3545
7434,3464,3477,3478
7435,3475,3480,3477
7436,3476,3525,3479
7437,3475,3479,3480
7438,3473,3525,3476
7439,3479,3525,3526
7440,3477,3480,3481
7441,3477,3481,3478
7442,3479,3526,3480
7443,3480,3527,3481
7444,2923,3513,3512
7445,2925,3514,3513
7446,2927,2928,3516
7447,2926,3515,3514
7448,2927,3516,3515
7449,2928,2929,3522
7450,2929,3517,3523
7451,3473,3511,3512
7452,3512,3513,3525
7453,3513,3514,3526
7454,2928,3522,3516
7455,2929,3523,3522
7456,3517,3524,3523
7457,3517,3518,3524
7458,3518,3519,3528
7459,3473,3512,3525
7460,3514,3515,3527
7461,3513,3526,3525
7462,3515,3516,3585
7463,3514,3527,3526
7464,3516,3522,3586
7465,3515,3585,3527
7466,3516,3586,3585
7467,3480,3526,3527
7468,3481,3527,3585
7469,3522,3523,3588
7470,3523,3524,3589
7471,3522,3588,3586
7472,3524,3528,3593
7473,3528,3529,3594
7474,3518,3528,3524
7475,3519,3529,3528
7476,3459,3543,3540
7477,3261,3540,3541
7478,3540,3544,3541
7479,3540,3543,3544
7480,3262,3541,3542
7481,3541,3546,3542
7482,3264,3542,3549
7483,3461,3545,3543
7484,3543,3545,3552
7485,3543,3552,3544
7486,3544,3552,3554
7487,3541,3544,3546
7488,3542,3546,3549
7489,3544,3554,3546
7490,3546,3555,3549
7491,3264,3549,3547
7492,3265,3547,3548
7493,3272,3548,3550
7494,3547,3549,3559
7495,3547,3559,3551
7496,3547,3551,3548
7497,3548,3551,3550
7498,3545,3553,3552
7499,3478,3553,3545
7500,3552,3553,3557
7501,3546,3554,3555
7502,3552,3557,3554
7503,3554,3558,3555
7504,3478,3556,3553
7505,3478,3481,3556
7506,3553,3584,3557
7507,3553,3556,3584
7508,3554,3557,3558
7509,3555,3558,3561
7510,3557,3587,3558
7511,3557,3584,3587
7512,3549,3555,3559
7513,3551,3559,3562
7514,3550,3551,3560
7515,3551,3562,3560
7516,3555,3561,3559
7517,3559,3561,3562
7518,3558,3590,3561
7519,3560,3562,3592
7520,3560,3592,3567
7521,3272,3550,3563
7522,3550,3566,3563
7523,3550,3560,3566
7524,3560,3567,3566
7525,3481,3585,3556
7526,3556,3585,3586
7527,3556,3586,3584
7528,3584,3588,3587
7529,3558,3587,3590
7530,3584,3586,3588
7531,3587,3589,3590
7532,3587,3588,3589
7533,3523,3589,3588
7534,3524,3593,3589
7535,3528,3594,3593
7536,3529,3595,3594
7537,3561,3590,3591
7538,3561,3591,3562
7539,3562,3591,3592
7540,3590,3593,3591
7541,3567,3592,3595
7542,3589,3593,3590
7543,3591,3593,3594
7544,3591,3594,3592
7545,3592,3594,3595
