# MAAS exact compiled indexed mesh
# program_hash 6c18b8a5f21d3ccd4a252efaaa92a521597d2a892bbee1dc332589acf974647b
# geometry_hash df5fbe9cc4ef346d204cfe87227470f50b2bcd5ff5e2aa0ac2aec943a4a79cce
v -21.12463595 -11.16090938 0
v -23.5604068 -3.60302562 1.68
v -23.56089482 -3.28709854 1.68
v -21.12463595 -3.60302562 1.68
v -10.19381259 -11.16090938 0
v -21.12463595 -11.16090938 8.81012658
v -22.68618215 -9.20897664 8.05063291
v -21.12463595 -9.20897664 8.05063291
v -21.12463595 -9.20897664 8.81012658
v -22.68618215 -9.20897664 12
v -22.68618215 -3.60302562 8.05063291
v -21.12463595 -3.60302562 8.05063291
v -18.68838268 -1.01085912 6
v -18.68838268 -0.9868728 6
v -18.39204635 -0.9834967 6
v -18.39204635 -0.9834967 6.17088608
v -18.39204635 -0.9834967 6.34177215
v -18.39204635 -0.9834967 6.51265823
v -18.39204635 -0.9834967 6.6835443
v -18.68838268 -0.59503123 6.02845996
v -18.68838268 -0.14103871 6.0615
v -18.68838268 -0.01618402 6.07056824
v -17.97498368 -0.13200283 6.0615
v -18.39204635 -0.9834967 6.85443038
v -18.39204635 -0.9834967 7.02531646
v -18.39204635 -0.9834967 7.19620253
v -18.39204635 -0.9834967 7.36708861
v -18.39204635 -0.9834967 7.53797468
v -18.39204635 -0.9834967 7.70886076
v -18.68838268 -0.9868728 8.05063291
v -18.68838268 -0.98681557 8.14432329
v -18.39204635 -0.9834967 7.87974684
v -18.39204635 -0.9834967 8.05063291
v -18.68838268 -0.98695937 8.37974684
v -18.68838268 -0.98692727 8.43229839
v -18.52216495 -0.98512989 8.37974684
v -18.68838268 -0.9870962 8.70886076
v -18.65228417 -0.98671282 8.70886076
v -18.68838268 -0.98708923 8.72027365
v -18.68838268 -0.98713802 8.80016523
v -17.74146334 -0.97457707 8.70886076
v -17.48123517 -0.97065748 6
v -17.48123517 -0.97065748 6.17088608
v -17.48123517 -0.97065748 6.34177215
v -16.57046203 -0.95535615 6
v -16.57046203 -0.95535615 6.17088608
v -16.57046203 -0.95535615 6.34177215
v -17.48123517 -0.97065748 6.51265823
v -17.48123517 -0.97065748 6.6835443
v -16.57046203 -0.95535615 6.51265823
v -16.57046203 -0.95535615 6.6835443
v -17.06647583 -0.11803929 6.0615
v -16.24740016 -0.10334448 6.0615
v -15.65973357 -0.93759283 6
v -15.65973357 -0.93759283 6.17088608
v -15.65973357 -0.93759283 6.34177215
v -14.74905647 -0.91736764 6
v -14.74905647 -0.91736764 6.17088608
v -14.74905647 -0.91736764 6.34177215
v -15.65973357 -0.93759283 6.51265823
v -15.65973357 -0.93759283 6.6835443
v -14.74905647 -0.91736764 6.51265823
v -14.74905647 -0.91736764 6.6835443
v -15.33897609 -0.08471095 6.0615
v -17.48123517 -0.97065748 6.85443038
v -17.48123517 -0.97065748 7.02531646
v -16.57046203 -0.95535615 6.85443038
v -16.57046203 -0.95535615 7.02531646
v -17.48123517 -0.97065748 7.19620253
v -17.48123517 -0.97065748 7.36708861
v -16.57046203 -0.95535615 7.19620253
v -16.57046203 -0.95535615 7.36708861
v -15.65973357 -0.93759283 6.85443038
v -15.65973357 -0.93759283 7.02531646
v -14.74905647 -0.91736764 6.85443038
v -14.74905647 -0.91736764 7.02531646
v -15.65973357 -0.93759283 7.19620253
v -15.65973357 -0.93759283 7.36708861
v -14.74905647 -0.91736764 7.19620253
v -14.74905647 -0.91736764 7.36708861
v -13.83843736 -0.89468074 6
v -13.83843736 -0.89468074 6.17088608
v -13.83843736 -0.89468074 6.34177215
v -13.83843736 -0.89468074 6.51265823
v -13.83843736 -0.89468074 6.6835443
v -14.43060571 -0.0636218 6.0615
v -13.52229566 -0.04007717 6.0615
v -12.92788291 -0.86953229 6
v -12.92788291 -0.86953229 6.17088608
v -12.92788291 -0.86953229 6.34177215
v -12.01739977 -0.84192248 6
v -12.01739977 -0.84192248 6.17088608
v -12.01739977 -0.84192248 6.34177215
v -12.92788291 -0.86953229 6.51265823
v -12.92788291 -0.86953229 6.6835443
v -12.01739977 -0.84192248 6.51265823
v -12.01739977 -0.84192248 6.6835443
v -12.70342053 -0.01674453 6.0615
v -13.83843736 -0.89468074 6.85443038
v -13.83843736 -0.89468074 7.02531646
v -13.83843736 -0.89468074 7.19620253
v -13.83843736 -0.89468074 7.36708861
v -12.92788291 -0.86953229 6.85443038
v -12.92788291 -0.86953229 7.02531646
v -12.01739977 -0.84192248 6.85443038
v -12.01739977 -0.84192248 7.02531646
v -12.92788291 -0.86953229 7.19620253
v -12.92788291 -0.86953229 7.36708861
v -12.01739977 -0.84192248 7.19620253
v -12.01739977 -0.84192248 7.36708861
v -17.48123517 -0.97065748 7.53797468
v -17.48123517 -0.97065748 7.70886076
v -16.57046203 -0.95535615 7.53797468
v -16.57046203 -0.95535615 7.70886076
v -17.48123517 -0.97065748 7.87974684
v -17.48123517 -0.97065748 8.05063291
v -16.57046203 -0.95535615 7.87974684
v -16.57046203 -0.95535615 8.05063291
v -15.65973357 -0.93759283 7.53797468
v -15.65973357 -0.93759283 7.70886076
v -14.74905647 -0.91736764 7.53797468
v -14.74905647 -0.91736764 7.70886076
v -15.65973357 -0.93759283 7.87974684
v -15.65973357 -0.93759283 8.05063291
v -14.74905647 -0.91736764 7.87974684
v -14.74905647 -0.91736764 8.05063291
v -17.61134888 -0.9726424 8.37974684
v -16.70056989 -0.95769279 8.37974684
v -16.83067865 -0.95997919 8.70886076
v -15.78983465 -0.94028117 8.37974684
v -14.8791498 -0.92040768 8.37974684
v -15.91993675 -0.94291928 8.70886076
v -15.0092443 -0.92339747 8.70886076
v -13.83843736 -0.89468074 7.53797468
v -13.83843736 -0.89468074 7.70886076
v -13.83843736 -0.89468074 7.87974684
v -13.83843736 -0.89468074 8.05063291
v -12.92788291 -0.86953229 7.53797468
v -12.92788291 -0.86953229 7.70886076
v -12.01739977 -0.84192248 7.53797468
v -12.01739977 -0.84192248 7.70886076
v -12.92788291 -0.86953229 7.87974684
v -12.92788291 -0.86953229 8.05063291
v -12.01739977 -0.84192248 7.87974684
v -12.01739977 -0.84192248 8.05063291
v -13.968522 -0.89807244 8.37974684
v -14.09860794 -0.9014139 8.70886076
v -13.05795791 -0.87327563 8.37974684
v -12.14746417 -0.84601743 8.37974684
v -13.18803434 -0.87696873 8.70886076
v -12.27753014 -0.85006215 8.70886076
v -23.5604068 -3.60302562 10.32
v -22.68618215 -3.60302562 10.32
v -23.56089482 -3.28709854 10.32
v -22.68618215 -1.01085912 10.32
v -22.68618215 -1.01085912 10.35443038
v -22.5560533 -1.01083399 10.32
v -22.42592447 -1.01075861 10.32
v -22.42592447 -1.01075861 10.35443038
v -22.29579569 -1.01063298 10.32
v -22.29579569 -1.01063298 10.35443038
v -22.16566696 -1.0104571 10.32
v -22.16566696 -1.0104571 10.35443038
v -22.23720694 -0.32738294 10.32
v -22.23720694 -0.32738294 10.34835224
v -22.02192486 -1.01020204 10.32
v -22.0355383 -1.01023096 10.32
v -22.0355383 -1.01023096 10.35443038
v -21.92663117 -1.00985244 10.32
v -21.11102822 -1.00717519 10.32
v -21.12464154 -1.00724091 10.35443038
v -21.01573583 -1.00656799 10.32
v -18.68838268 -0.98701092 9.00824799
v -18.68838268 -0.98702908 9.03797468
v -18.68838268 -0.98687134 9.29622213
v -18.68838268 -0.98691462 9.36708861
v -17.87157855 -0.97646149 9.03797468
v -18.00169447 -0.97829567 9.36708861
v -18.68838268 -0.98678201 9.5841965
v -18.68838268 -0.98685042 9.69620253
v -18.13181109 -0.9800796 9.69620253
v -20.2001431 -1.00168597 10.32
v -20.21375619 -1.00178849 10.35443038
v -20.10485269 -1.00082117 10.32
v -19.28927614 -0.99373442 10.32
v -19.30288891 -0.99387373 10.35443038
v -19.19398842 -0.99261202 10.32
v -18.68838268 -0.98674294 9.87217106
v -18.68838268 -0.98683648 10.02531646
v -18.26192839 -0.98181327 10.02531646
v -18.68838268 -0.98675413 10.16014582
v -18.68838268 -1.01085912 10.32
v -18.68838268 -0.98685177 10.32
v -18.39204635 -0.9834967 10.35443038
v -22.68618215 -1.01085912 10.6835443
v -22.42592447 -1.01075861 10.6835443
v -22.29579569 -1.01063298 10.6835443
v -22.16566696 -1.0104571 10.6835443
v -22.68618215 -1.01085912 11.01265823
v -22.42592447 -1.01075861 11.01265823
v -22.29579569 -1.01063298 11.01265823
v -22.23720694 -0.32738294 10.6556687
v -22.23720694 -0.32738294 10.98478262
v -21.25476911 -1.00781882 10.6835443
v -21.38489689 -1.00834647 11.01265823
v -22.68618215 -1.01085912 11.34177215
v -22.42592447 -1.01075861 11.34177215
v -22.68618215 -1.01085912 11.67088608
v -22.5560533 -1.01083399 11.67088608
v -22.68618215 -1.01085912 12
v -22.23720694 -0.32738294 11.31389654
v -22.23720694 -0.32738294 11.64301047
v -22.23720694 -0.32738294 11.95032692
v -21.51502486 -1.00882387 11.34177215
v -21.64515301 -1.00925102 11.67088608
v -20.79932369 -1.00557628 12
v -20.34388172 -1.00271816 10.6835443
v -19.43301145 -0.99515516 10.6835443
v -20.4740076 -1.00359758 11.01265823
v -19.56313447 -0.99638635 11.01265823
v -18.52216495 -0.98512989 10.6835443
v -17.67640602 -0.97361601 11.01265823
v -20.6041338 -1.00442675 11.34177215
v -19.75831988 -0.9981389 11.67088608
v -20.35418269 -0.31959675 11.95032692
v -18.71734401 -0.98748544 11.34177215
v -18.9125244 -0.98972793 12
v -17.87157855 -0.97646149 11.67088608
v -18.47123156 -0.30126656 11.95032692
v -16.96078829 -0.96221534 9.03797468
v -17.09089878 -0.96440124 9.36708861
v -17.2210101 -0.9665369 9.69620253
v -16.31024904 -0.95053213 9.69620253
v -16.05003987 -0.94550714 9.03797468
v -16.18014397 -0.94804476 9.36708861
v -15.13933994 -0.92633702 9.03797468
v -15.26943671 -0.92922634 9.36708861
v -15.39953458 -0.93206541 9.69620253
v -17.35112224 -0.96862231 10.02531646
v -16.44035507 -0.95296926 10.02531646
v -17.48123517 -0.97065748 10.35443038
v -15.59468343 -0.93622981 10.35443038
v -14.22869516 -0.90470512 9.03797468
v -14.35878364 -0.90794611 9.36708861
v -13.31811219 -0.8806116 9.03797468
v -13.51323157 -0.88598172 9.69620253
v -12.47263201 -0.85603505 9.36708861
v -14.55391869 -0.91271339 10.02531646
v -13.70835404 -0.89123881 10.35443038
v -12.6677373 -0.86189493 10.02531646
v -11.82230616 -0.83568588 10.35443038
v -16.63551585 -0.95653075 10.6835443
v -14.74905647 -0.91736764 10.6835443
v -15.78983465 -0.94028117 11.01265823
v -16.83067865 -0.95997919 11.34177215
v -17.02584343 -0.96331457 12
v -16.5884126 -0.27239294 11.95032692
v -14.9441969 -0.92190885 11.34177215
v -15.98498819 -0.94421949 11.67088608
v -15.13933994 -0.92633702 12
v -14.85540192 -0.2364951 11.95032692
v -13.90347952 -0.89638287 11.01265823
v -12.86284596 -0.86764179 10.6835443
v -12.01739977 -0.84192248 11.01265823
v -14.09860794 -0.9014139 11.67088608
v -13.25307309 -0.87879645 12
v -13.05795791 -0.87327563 11.34177215
v -12.21249696 -0.84804607 11.67088608
v -12.97300234 -0.18737541 11.95032692
v -10.19381259 -11.16090938 8.81012658
v -10.19381259 -9.20897664 8.05063291
v -10.19381259 -9.20897664 8.81012658
v -0.04376233 -9.20897664 8.05063291
v -0.04376233 -9.20897664 12
v -11.10699459 -0.8118515 6
v -11.10699459 -0.8118515 6.17088608
v -11.10699459 -0.8118515 6.34177215
v -11.10699459 -0.8118515 6.51265823
v -11.10699459 -0.8118515 6.6835443
v -10.19381259 -1.01085912 6
v -10.19667403 -0.77931958 6
v -10.19667403 -0.77931958 6.17088608
v -10.19667403 -0.77931958 6.34177215
v -10.19667403 -0.77931958 6.51265823
v -10.19667403 -0.77931958 6.6835443
v -11.10699459 -0.8118515 6.85443038
v -11.10699459 -0.8118515 7.02531646
v -11.10699459 -0.8118515 7.19620253
v -11.10699459 -0.8118515 7.36708861
v -10.19667403 -0.77931958 6.85443038
v -10.19667403 -0.77931958 7.02531646
v -10.19667403 -0.77931958 7.19620253
v -10.19667403 -0.77931958 7.36708861
v -11.10699459 -0.8118515 7.53797468
v -11.10699459 -0.8118515 7.70886076
v -11.10699459 -0.8118515 7.87974684
v -11.10699459 -0.8118515 8.05063291
v -10.19667403 -0.77931958 7.53797468
v -10.19667403 -0.77931958 7.70886076
v -10.19381259 -1.01085912 8.05063291
v -10.19667403 -0.77931958 7.87974684
v -10.19667403 -0.77931958 8.05063291
v -9.35145795 -0.74690803 8.05063291
v -10.0208715 -0.08909255 8.06635224
v -9.17738855 -0.05624187 8.06635224
v -11.23704745 -0.81629803 8.37974684
v -10.39173526 -0.78649787 8.70886076
v -9.35145795 -0.74690803 8.37974684
v -8.50632588 -0.71237494 8.05063291
v -8.33399072 -0.02127402 8.06635224
v -7.66128317 -0.67572055 8.05063291
v -6.81633512 -0.63694508 8.05063291
v -5.97148707 -0.59604878 8.05063291
v -8.50632588 -0.71237494 8.37974684
v -8.50632588 -0.71237494 8.70886076
v -7.66128317 -0.67572055 8.37974684
v -7.66128317 -0.67572055 8.70886076
v -6.81633512 -0.63694508 8.37974684
v -5.97148707 -0.59604878 8.37974684
v -6.81633512 -0.63694508 8.70886076
v -5.97148707 -0.59604878 8.70886076
v -5.12674433 -0.5530319 8.05063291
v -4.28211224 -0.50789471 8.05063291
v -3.43759611 -0.46063751 8.05063291
v -5.12674433 -0.5530319 8.37974684
v -5.12674433 -0.5530319 8.70886076
v -4.28211224 -0.50789471 8.37974684
v -3.43759611 -0.46063751 8.37974684
v -4.28211224 -0.50789471 8.70886076
v -3.43759611 -0.46063751 8.70886076
v -2.59320127 -0.41126058 8.05063291
v -1.74893302 -0.35976423 8.05063291
v -0.04376233 -1.01085912 8.05063291
v -0.01492601 -0.93204932 8.05063291
v -0.90479671 -0.3061488 8.05063291
v -0.06079763 -0.25041462 8.05063291
v -2.59320127 -0.41126058 8.37974684
v -1.74893302 -0.35976423 8.37974684
v -2.59320127 -0.41126058 8.70886076
v -1.74893302 -0.35976423 8.70886076
v -0.01492601 -0.93204932 8.37974684
v -0.01492601 -0.93204932 8.70886076
v -0.90479671 -0.3061488 8.37974684
v -0.06079763 -0.25041462 8.37974684
v -0.90479671 -0.3061488 8.70886076
v -0.06079763 -0.25041462 8.70886076
v -11.43212993 -0.82287365 9.03797468
v -10.58680063 -0.79356316 9.36708861
v -11.62721619 -0.82933627 9.69620253
v -9.54650055 -0.75457592 9.03797468
v -9.74154756 -0.76213084 9.69620253
v -10.78187005 -0.80051545 10.02531646
v -8.89637605 -0.7285769 10.02531646
v -9.93659891 -0.76957277 10.35443038
v -8.70134862 -0.72053241 9.36708861
v -7.66128317 -0.67572055 9.03797468
v -7.85628481 -0.68436753 9.69620253
v -6.81633512 -0.63694508 9.03797468
v -6.81633512 -0.63694508 9.36708861
v -5.97148707 -0.59604878 9.03797468
v -5.97148707 -0.59604878 9.36708861
v -5.97148707 -0.59604878 9.69620253
v -8.05129144 -0.69290155 10.35443038
v -7.01131445 -0.64608152 10.02531646
v -6.16644285 -0.60567462 10.35443038
v -10.97694346 -0.80735475 10.6835443
v -9.09140811 -0.73650841 10.6835443
v -10.13165455 -0.77690171 11.01265823
v -11.17202081 -0.81408104 11.34177215
v -11.36710201 -0.82069434 12
v -10.32671439 -0.78411766 11.67088608
v -11.09090731 -0.12771586 11.95032692
v -9.28644474 -0.74432695 11.34177215
v -9.48148585 -0.75203251 12
v -9.20917586 -0.05751833 11.95032692
v -8.24630298 -0.7013226 11.01265823
v -7.20629904 -0.65510501 10.6835443
v -6.36140417 -0.61518752 11.01265823
v -8.44131936 -0.70963069 11.67088608
v -7.40128882 -0.66401554 11.34177215
v -7.59628373 -0.67281313 12
v -6.55637098 -0.62458748 11.67088608
v -5.12674433 -0.5530319 9.03797468
v -5.12674433 -0.5530319 9.36708861
v -5.12674433 -0.5530319 9.69620253
v -4.28211224 -0.50789471 9.03797468
v -4.28211224 -0.50789471 9.36708861
v -3.43759611 -0.46063751 9.03797468
v -3.43759611 -0.46063751 9.36708861
v -4.28211224 -0.50789471 9.69620253
v -3.43759611 -0.46063751 9.69620253
v -5.12674433 -0.5530319 10.02531646
v -4.28211224 -0.50789471 10.02531646
v -3.43759611 -0.46063751 10.02531646
v -4.28211224 -0.50789471 10.35443038
v -3.43759611 -0.46063751 10.35443038
v -2.59320127 -0.41126058 9.03797468
v -2.59320127 -0.41126058 9.36708861
v -1.74893302 -0.35976423 9.03797468
v -1.74893302 -0.35976423 9.36708861
v -2.59320127 -0.41126058 9.69620253
v -1.74893302 -0.35976423 9.69620253
v -0.01492601 -0.93204932 9.03797468
v -0.01492601 -0.93204932 9.36708861
v -0.01492601 -0.93204932 9.69620253
v -0.90479671 -0.3061488 9.03797468
v -0.90479671 -0.3061488 9.36708861
v -0.06079763 -0.25041462 9.03797468
v -0.06079763 -0.25041462 9.36708861
v -0.90479671 -0.3061488 9.69620253
v -0.06079763 -0.25041462 9.69620253
v -2.59320127 -0.41126058 10.02531646
v -1.74893302 -0.35976423 10.02531646
v -2.59320127 -0.41126058 10.35443038
v -1.74893302 -0.35976423 10.35443038
v -0.01492601 -0.93204932 10.02531646
v -0.01492601 -0.93204932 10.35443038
v -0.90479671 -0.3061488 10.02531646
v -0.06079763 -0.25041462 10.02531646
v -0.90479671 -0.3061488 10.35443038
v -0.06079763 -0.25041462 10.35443038
v -5.32167534 -0.56314707 10.6835443
v -4.47701724 -0.51849917 11.01265823
v -3.43759611 -0.46063751 10.6835443
v -5.51661217 -0.57314933 11.34177215
v -5.71155476 -0.58303866 12
v -4.67192835 -0.52899071 11.67088608
v -3.63247388 -0.47173117 11.34177215
v -3.82735804 -0.48271194 12
v -2.59320127 -0.41126058 10.6835443
v -1.74893302 -0.35976423 10.6835443
v -2.59320127 -0.41126058 11.01265823
v -1.74893302 -0.35976423 11.01265823
v -0.01492601 -0.93204932 10.6835443
v -0.01492601 -0.93204932 11.01265823
v -0.90479671 -0.3061488 10.6835443
v -0.06079763 -0.25041462 10.6835443
v -0.90479671 -0.3061488 11.01265823
v -0.06079763 -0.25041462 11.01265823
v -1.74893302 -0.35976423 11.34177215
v -2.78805057 -0.42284338 11.67088608
v -1.94375264 -0.3718361 12
v -0.01492601 -0.93204932 11.34177215
v -0.01492601 -0.93204932 11.67088608
v -0.04376233 -1.01085912 12
v -0.01492601 -0.93204932 12
v -0.90479671 -0.3061488 11.34177215
v -0.06079763 -0.25041462 11.34177215
v -0.90479671 -0.3061488 11.67088608
v -0.06079763 -0.25041462 11.67088608
v -0.06079763 -0.25041462 12
v -23.56089482 1.58492559 1.68
v -21.12463595 1.58492559 1.68
v -21.12463595 9.13919114 0
v -10.19381259 9.13919114 0
v -21.12463595 1.58492559 6
v -18.68838268 0.25448306 6.09026609
v -18.68838268 0.5633386 6.11269907
v -18.68838268 0.70484875 6.123
v -18.46632254 0.70737324 6.123
v -18.68838268 1.08630955 6.15070035
v -18.68838268 1.26899851 6
v -18.68838268 1.26899851 6.16399851
v -19.56625458 1.58492559 6.19788471
v -19.56626981 1.58492559 6.18767721
v -19.5250432 1.58492559 6.18764117
v -19.56647753 1.58492559 6.34724161
v -19.56640561 1.58492559 6.39543379
v -19.56657192 1.58492559 6.50680806
v -19.56644325 1.58492559 6.59299148
v -19.56655287 1.58492559 6.66637656
v -19.28098099 2.06453251 6.54148247
v -19.378189 1.90088623 6.68922371
v -19.18386956 2.22820705 6.39374124
v -18.68881773 1.55064045 6.1845
v -18.68887069 1.58492559 6
v -18.75641636 1.58492559 6.18705677
v -18.72336372 1.58492559 6.18702201
v -18.68887069 1.58492559 6.18698968
v -17.96233023 1.56001777 6.1845
v -19.08685471 2.39190981 6.246
v -18.27389042 2.40167299 6.246
v -18.87376205 2.75215501 6.73671105
v -19.56636742 1.58492559 6.79055783
v -19.47549358 1.73726827 6.83696495
v -19.47549358 1.73726827 6.99653311
v -19.47549358 1.73726827 7.15610127
v -19.47549358 1.73726827 7.31566943
v -19.47549358 1.73726827 7.47523759
v -19.06746333 2.42465374 7.02357035
v -18.97056439 2.58839031 6.88445229
v -19.06746333 2.42465374 7.18313851
v -19.06746333 2.42465374 7.34270667
v -20.99293474 1.58492559 8.11026001
v -20.89911425 1.58492559 8.11024809
v -20.87447394 1.58492559 8.11024572
v -20.9012347 1.72661296 8.11351022
v -20.78078826 1.58492559 8.11023305
v -20.75604004 1.58492559 8.11023047
v -20.66249632 1.58492559 8.11021705
v -20.63763299 1.58492559 8.11021425
v -20.78242134 1.7272686 8.11351022
v -20.66360822 1.72796648 8.11351022
v -20.9012347 1.72661296 8.42082668
v -20.9012347 1.72661296 8.72814314
v -19.47549358 1.73726827 7.63480574
v -19.47549358 1.73726827 7.7943739
v -20.54423837 1.58492559 8.1102001
v -20.51709366 1.58492559 8.11019681
v -20.54479536 1.7287066 8.11351022
v -20.42384758 1.58492559 8.11018191
v -20.39872885 1.58492559 8.11017866
v -20.30564577 1.58492559 8.11016302
v -20.28039014 1.58492559 8.11015954
v -20.42598277 1.72948895 8.11351022
v -20.30717046 1.73031354 8.11351022
v -20.18747716 1.58492559 8.11014318
v -20.16207747 1.58492559 8.11013947
v -20.06934168 1.58492559 8.11012238
v -20.18835846 1.73118036 8.11351022
v -20.06954677 1.73208943 8.11351022
v -20.04158224 1.58492559 8.11011809
v -19.94902178 1.58492559 8.11010027
v -19.92330768 1.58492559 8.11009608
v -19.95073541 1.73304072 8.11351022
v -19.47549358 1.73726827 7.95394206
v -19.83093827 1.58492559 8.11007754
v -19.80505841 1.58492559 8.11007311
v -19.7128871 1.58492559 8.11005386
v -19.83192439 1.73403426 8.11351022
v -19.71311374 1.73507002 8.11351022
v -19.68683437 1.58492559 8.11004919
v -19.56636742 1.58492559 8.11002387
v -19.59486824 1.58492559 8.11002923
v -19.59430346 1.73614803 8.11351022
v -19.47549358 1.73726827 8.11351022
v -20.45956437 2.41245519 8.12922955
v -20.35123199 2.41319598 8.12922955
v -20.23266274 2.4140471 8.12922955
v -20.1140938 2.41494037 8.12922955
v -19.99552518 2.41587578 8.12922955
v -19.88719394 2.41676729 8.12922955
v -19.76862599 2.41778337 8.12922955
v -19.6500584 2.41884159 8.12922955
v -19.5314912 2.41994197 8.12922955
v -19.42316131 2.42098419 8.12922955
v -19.30459488 2.42216522 8.12922955
v -19.18602888 2.42338841 8.12922955
v -19.06746333 2.42465374 7.50227483
v -19.06746333 2.42465374 7.65052507
v -19.06746333 2.42465374 7.81009323
v -19.06746333 2.42465374 7.96966139
v -19.06746333 2.42465374 8.12922955
v -20.45956437 2.41245519 8.43654601
v -20.45956437 2.41245519 8.74386246
v -18.58393474 3.24361743 6.3075
v -17.86154609 3.2533087 6.3075
v -18.68044722 3.07976861 6.44122858
v -18.77705633 2.91594779 6.58896981
v -18.08362779 4.096081 6.369
v -18.27574424 3.76812132 6.63645716
v -18.17963768 3.93208727 6.50272858
v -18.46824733 3.44027292 6.93193963
v -18.56464384 3.27639055 7.07105769
v -18.661137 3.11253614 7.21017575
v -18.661137 3.11253614 7.36974391
v -18.37194746 3.60418319 6.78419839
v -18.06443741 4.12888307 7.11854503
v -18.25651519 3.80091229 7.39678116
v -18.16042797 3.96488379 7.2576631
v -17.77704585 4.62104708 6.69795716
v -17.68144206 4.785157 6.56422858
v -17.87274635 4.45696476 6.83168574
v -17.96854354 4.29291007 6.97942697
v -17.75791736 4.65386686 7.4442685
v -20.0197222 3.0988798 8.14494888
v -19.9116128 3.09976341 8.14494888
v -19.80350369 3.10068213 8.14494888
v -19.68517886 3.10172791 8.14494888
v -19.56685442 3.10281576 8.14494888
v -19.45874631 3.10384646 8.14494888
v -19.35063855 3.10491227 8.14494888
v -19.23231526 3.10611904 8.14494888
v -19.58170898 3.78588312 8.16066821
v -19.47382273 3.78690896 8.16066821
v -19.36593682 3.78796983 8.16066821
v -19.25805126 3.78906575 8.16066821
v -18.661137 3.11253614 7.52931207
v -18.661137 3.11253614 7.67756232
v -18.661137 3.11253614 7.82581256
v -18.661137 3.11253614 7.98538072
v -19.1139924 3.10736788 8.14494888
v -19.0058858 3.10854566 8.14494888
v -18.89777959 3.10975856 8.14494888
v -18.77945805 3.11112632 8.14494888
v -18.661137 3.11253614 8.14494888
v -18.25651519 3.80091229 7.55634932
v -18.25651519 3.80091229 7.70459956
v -18.25651519 3.80091229 7.85284981
v -19.13997118 3.7903054 8.16066821
v -19.0320864 3.79147471 8.16066821
v -18.92420199 3.79267906 8.16066821
v -18.81631799 3.79391845 8.16066821
v -18.69823966 3.79531512 8.16066821
v -18.59035652 3.7966279 8.16066821
v -18.48247382 3.79797572 8.16066821
v -18.25651519 3.80091229 8.00110005
v -18.37459156 3.79935858 8.16066821
v -18.25651519 3.80091229 8.16066821
v -20.0197222 3.0988798 8.45226534
v -20.0197222 3.0988798 8.75958179
v -19.58170898 3.78588312 8.46798466
v -19.58170898 3.78588312 8.75350365
v -19.14552544 4.47346149 8.17638754
v -17.85359851 4.48977901 7.58338656
v -17.85359851 4.48977901 7.73163681
v -19.03786254 4.47462896 8.17638754
v -18.93020002 4.4758314 8.17638754
v -18.8225379 4.47706881 8.17638754
v -18.71487619 4.47834118 8.17638754
v -18.60721489 4.47964853 8.17638754
v -18.49955403 4.48099084 8.17638754
v -17.85359851 4.48977901 7.87988705
v -17.85359851 4.48977901 8.02813729
v -18.3918936 4.48236811 8.17638754
v -18.28423363 4.48378036 8.17638754
v -18.17657413 4.48522757 8.17638754
v -18.0689151 4.48670975 8.17638754
v -17.96125656 4.4882269 8.17638754
v -17.85359851 4.48977901 8.17638754
v -18.71117236 5.16161126 8.19210686
v -18.61388574 5.16279463 8.19210686
v -18.50644676 5.16413473 8.19210686
v -18.39900821 5.16550974 8.19210686
v -18.29157012 5.16691963 8.19210686
v -18.19428509 5.1682264 8.19210686
v -18.08684789 5.1697028 8.19210686
v -17.97941118 5.17121408 8.19210686
v -17.87197496 5.17276026 8.19210686
v -17.77469166 5.17419044 8.19210686
v -19.14552544 4.47346149 8.46190652
v -19.14552544 4.47346149 8.74742551
v -18.71117236 5.16161126 8.47762585
v -18.71117236 5.16161126 8.76314484
v -17.56008194 0.7200055 6.123
v -16.65387879 0.73508751 6.123
v -15.83688364 0.75078539 6.123
v -15.01992917 0.76847444 6.123
v -17.14734176 1.57252417 6.1845
v -16.24344469 1.5887188 6.1845
v -17.46095234 2.41341754 6.246
v -16.6480453 2.42714338 6.246
v -15.42853127 1.60541447 6.1845
v -15.83517413 2.44285045 6.246
v -15.02234366 2.46053865 6.246
v -14.11386633 0.79042294 6.123
v -11.79524351 0.01146894 6.0615
v -13.20786613 0.81482068 6.123
v -12.39107554 0.83891712 6.123
v -14.61366096 1.62409624 6.1845
v -13.7988386 1.644764 6.1845
v -14.20955871 2.48020786 6.246
v -13.39682411 2.50185797 6.246
v -12.89514905 1.67001022 6.1845
v -12.08044371 1.69486629 6.1845
v -12.58414469 2.52548886 6.246
v -17.05068488 3.26605571 6.3075
v -16.23985716 3.28077895 6.3075
v -17.36309122 4.10685655 6.369
v -16.64257975 4.11919654 6.369
v -15.42906772 3.29747834 6.3075
v -15.83383256 4.1349119 6.369
v -15.02512607 4.15259834 6.369
v -17.58593498 4.94929447 6.4305
v -16.86725213 4.96114863 6.4305
v -16.14859671 4.9745632 6.4305
v -15.42997211 4.98953812 6.4305
v -17.66233291 4.81798229 7.30515044
v -17.47145415 5.14629574 7.02691431
v -17.37615985 5.31049368 6.89318574
v -17.2809623 5.47471904 6.75945716
v -17.56684517 4.98212527 7.16603238
v -17.26193439 5.50756739 7.47774318
v -14.70680345 3.31401949 6.3075
v -13.89609958 3.33445522 6.3075
v -14.30471943 4.17001454 6.369
v -13.08544793 3.35686678 6.3075
v -12.27485331 3.38125403 6.3075
v -13.5843523 4.18899488 6.369
v -14.62334976 5.00820633 6.4305
v -13.9048018 5.02649286 6.4305
v -12.7757843 4.2121637 6.369
v -11.96727517 4.23730314 6.369
v -13.18629525 5.04633951 6.4305
v -12.46783347 5.06774616 6.4305
v -17.45238755 5.17913314 7.74735613
v -17.3571126 5.34333656 7.61686125
v -17.45238755 5.17913314 7.89560638
v -17.45238755 5.17913314 8.04385662
v -17.66725642 5.17580311 8.19210686
v -17.55982172 5.17745068 8.19210686
v -17.45238755 5.17913314 8.19210686
v -21.79005676 0.35669023 10.32047663
v -21.79005676 0.35669023 10.32
v -21.34473242 1.04135675 10.32
v -20.9012347 1.72661296 9.03545959
v -20.9012347 1.72661296 9.34277605
v -20.9012347 1.72661296 9.6500925
v -23.56089482 1.58492559 10.32
v -20.9012347 1.72661296 9.95740896
v -20.9012347 1.72661296 10.26472541
v -20.99293474 1.58492559 10.32
v -20.45956437 2.41245519 9.05117892
v -20.45956437 2.41245519 9.33669791
v -20.45956437 2.41245519 9.64401436
v -20.45956437 2.41245519 9.95133082
v -20.45956437 2.41245519 10.25864727
v -21.79005676 0.35669023 10.62779309
v -21.79005676 0.35669023 10.95690701
v -21.34473242 1.04135675 10.59991748
v -21.34473242 1.04135675 10.9290314
v -21.34473242 1.04135675 11.23634786
v -21.79005676 0.35669023 11.28602093
v -21.79005676 0.35669023 11.59333739
v -21.79005676 0.35669023 11.90065385
v -21.34473242 1.04135675 11.54366431
v -21.34473242 1.04135675 11.85098077
v -20.9012347 1.72661296 10.57204187
v -20.9012347 1.72661296 10.87935833
v -20.9012347 1.72661296 11.18667478
v -20.9012347 1.72661296 11.49399124
v -20.9012347 1.72661296 11.80130769
v -19.91087004 0.36696955 11.90065385
v -19.46938652 1.05411895 11.85098077
v -18.03177034 0.38777133 11.90065385
v -17.74317512 1.07514909 11.85098077
v -20.45956437 2.41245519 10.54416626
v -20.45956437 2.41245519 10.85148272
v -20.45956437 2.41245519 11.15879917
v -19.17847067 1.74025365 11.80130769
v -20.45956437 2.41245519 11.46611563
v -20.45956437 2.41245519 11.75163462
v -18.74034141 2.42836338 11.75163462
v -20.0197222 3.0988798 9.04510078
v -20.0197222 3.0988798 9.33061977
v -20.0197222 3.0988798 9.63793622
v -19.58170898 3.78588312 9.03902264
v -19.58170898 3.78588312 9.32454163
v -19.58170898 3.78588312 9.63185808
v -20.0197222 3.0988798 9.94525268
v -20.0197222 3.0988798 10.23077167
v -19.58170898 3.78588312 9.91737707
v -19.58170898 3.78588312 10.20289606
v -19.58170898 3.78588312 10.48841504
v -19.14552544 4.47346149 9.0329445
v -19.14552544 4.47346149 9.31846349
v -19.14552544 4.47346149 9.60398247
v -18.71117236 5.16161126 9.04866383
v -18.71117236 5.16161126 9.31238535
v -18.71117236 5.16161126 9.59790433
v -19.14552544 4.47346149 9.88950146
v -19.14552544 4.47346149 10.17502045
v -19.14552544 4.47346149 10.46053944
v -18.71117236 5.16161126 9.88342332
v -18.71117236 5.16161126 10.16894231
v -18.71117236 5.16161126 10.43266383
v -20.0197222 3.0988798 10.51629065
v -20.0197222 3.0988798 10.82360711
v -20.0197222 3.0988798 11.13092356
v -19.58170898 3.78588312 10.7957315
v -19.58170898 3.78588312 11.08125049
v -20.0197222 3.0988798 11.41644255
v -20.0197222 3.0988798 11.70196154
v -19.58170898 3.78588312 11.36676947
v -19.58170898 3.78588312 11.65228846
v -18.30404329 3.11704605 11.70196154
v -17.86957706 3.806298 11.65228846
v -19.14552544 4.47346149 10.74605842
v -19.14552544 4.47346149 11.03157741
v -18.71117236 5.16161126 10.71818281
v -18.71117236 5.16161126 11.0037018
v -19.14552544 4.47346149 11.3170964
v -19.14552544 4.47346149 11.60261538
v -18.71117236 5.16161126 11.28922079
v -18.71117236 5.16161126 11.55294231
v -16.30214333 0.41622057 11.90065385
v -16.01709505 1.10507677 11.85098077
v -17.45579984 1.76277421 11.80130769
v -17.02122328 2.45313315 11.75163462
v -15.73326798 1.79417404 11.80130769
v -15.30225568 2.48676385 11.75163462
v -14.57268593 0.45358485 11.90065385
v -14.29119218 1.1439012 11.85098077
v -12.69415493 0.50427681 11.90065385
v -12.41653107 1.19615858 11.85098077
v -14.01092086 1.83445231 11.80130769
v -13.73187215 2.52523655 11.75163462
v -12.28880423 1.88360794 11.80130769
v -12.01331991 2.57582137 11.75163462
v -16.5884808 3.14405559 11.70196154
v -16.30537942 3.83266526 11.65228846
v -15.02117853 3.17646352 11.70196154
v -14.7413233 3.86639882 11.65228846
v -17.58445566 4.49381227 11.60261538
v -17.15334823 5.18399999 11.55294231
v -16.02349902 4.52151469 11.60261538
v -15.59564682 5.21372506 11.55294231
v -13.45404627 3.2162523 11.70196154
v -13.17744339 3.90749793 11.65228846
v -14.46269017 4.55656812 11.60261538
v -14.03810267 5.25078579 11.55294231
v -12.9020637 4.59897181 11.60261538
v -18.27865046 5.85032876 8.20782619
v -18.18156642 5.8516393 8.20782619
v -18.08448276 5.85297839 8.20782619
v -17.97726797 5.85449041 8.20782619
v -17.87005368 5.85603725 8.20782619
v -17.77297133 5.85746796 8.20782619
v -17.67588941 5.85892722 8.20782619
v -17.8479605 6.53961032 8.22354552
v -17.7510792 6.5410475 8.22354552
v -18.27865046 5.85032876 8.49334518
v -18.27865046 5.85032876 8.77886417
v -17.8479605 6.53961032 8.50906451
v -17.8479605 6.53961032 8.77278603
v -21.12463595 9.13919114 6
v -17.09085742 5.80325182 6.492
v -17.18586148 5.63897176 6.62572858
v -16.37402989 5.8161789 6.492
v -16.69289706 6.49352555 6.67321592
v -16.59839624 6.65794703 6.5535
v -15.65723213 5.83066237 6.492
v -14.94046749 5.84670215 6.492
v -15.97101499 6.67014347 6.5535
v -15.25607235 6.68549997 6.5535
v -16.97698027 6.00042391 7.07440166
v -16.88218909 6.16476394 6.94067308
v -17.07186822 5.83611111 7.19950706
v -17.16685293 5.67182559 7.33862512
v -16.78749468 6.32913117 6.8069445
v -16.48512302 6.85528853 7.121889
v -16.67398915 6.52640768 7.37209981
v -16.57950769 6.69083458 7.2469944
v -16.2025499 7.34881231 6.73471592
v -16.10855251 7.51337406 6.615
v -15.48280196 7.52650222 6.615
v -14.85707756 7.54082258 6.615
v -15.62132734 8.36952688 6.6765
v -16.29664412 7.18427744 6.85443184
v -16.39083516 7.0197695 6.98816042
v -16.08976466 7.54628963 7.29448174
v -16.18374267 7.38172251 7.41958715
v -15.90209915 7.87550433 7.03564776
v -15.80841168 8.04015183 6.91593184
v -15.71482107 8.20482602 6.79621592
v -15.99588348 7.71088359 7.16937634
v -15.69611457 8.23776406 7.46707449
v -14.22373938 5.86429817 6.492
v -13.50705115 5.88345034 6.492
v -14.54116473 6.70240875 6.5535
v -13.82629551 6.72086974 6.5535
v -12.79040621 5.90415858 6.492
v -12.07380791 5.92642279 6.492
v -13.19903918 6.73834762 6.5535
v -12.48425115 6.75972261 6.5535
v -14.144028 7.55859566 6.615
v -13.43101872 7.57791692 6.615
v -12.805396 7.59614634 6.615
v -12.17980915 7.6155677 6.615
v -16.95801429 6.03328974 7.78083082
v -16.86324247 6.19763521 7.65033593
v -17.05288289 5.86897149 7.91132571
v -17.05288289 5.86897149 8.05957595
v -17.56867658 5.86057195 8.20782619
v -17.46146428 5.8622515 8.20782619
v -17.36438378 5.86380237 8.20782619
v -17.26730374 5.8653818 8.20782619
v -17.16009302 5.86715923 8.20782619
v -17.05288289 5.86897149 8.20782619
v -16.76856742 6.36200787 7.51121787
v -16.4662577 6.88818257 7.8143055
v -17.65419831 6.54251317 8.22354552
v -17.55731787 6.54400733 8.22354552
v -17.45032755 6.54569053 8.22354552
v -17.35344805 6.54724466 8.22354552
v -17.25656901 6.54882727 8.22354552
v -17.15969044 6.55043838 8.22354552
v -17.05270223 6.55225073 8.22354552
v -16.95582467 6.55392179 8.22354552
v -16.65508512 6.55929089 8.07529528
v -16.85894761 6.55562135 8.22354552
v -16.76207106 6.5573494 8.22354552
v -16.65508512 6.55929089 8.22354552
v -16.56062301 6.7237232 7.94480039
v -16.3719892 7.05266893 7.68381061
v -16.27781753 7.21718226 7.54469255
v -17.41910321 7.22945228 8.23926485
v -17.32242481 7.23101556 8.23926485
v -17.22574686 7.23260727 8.23926485
v -17.1290694 7.23422741 8.23926485
v -17.03239241 7.23587599 8.23926485
v -16.93571591 7.237553 8.23926485
v -16.83903991 7.23925844 8.23926485
v -16.74236441 7.24099231 8.23926485
v -16.64568943 7.24275462 8.23926485
v -16.54901497 7.24454535 8.23926485
v -16.45234104 7.24636452 8.23926485
v -16.35566765 7.24821213 8.23926485
v -16.25899481 7.25008816 8.23926485
v -16.07098067 7.57920628 7.97827507
v -16.16493932 7.41463379 8.10876996
v -16.07098067 7.57920628 8.16223028
v -15.97711886 7.7438056 7.84778019
v -15.88335391 7.90843169 7.7172853
v -15.78968581 8.07308453 7.59217989
v -15.69611457 8.23776406 7.6473369
v -15.78968581 8.07308453 7.77244231
v -15.69611457 8.23776406 7.82759932
v -15.97711886 7.7438056 8.03173539
v -15.88335391 7.90843169 7.90124051
v -15.97711886 7.7438056 8.2156906
v -15.88335391 7.90843169 8.08519572
v -15.78968581 8.07308453 7.95639752
v -15.69611457 8.23776406 8.01155453
v -15.78968581 8.07308453 8.14035273
v -15.69611457 8.23776406 8.19550974
v -17.32242481 7.23101556 8.28998053
v -17.22574686 7.23260727 8.28998053
v -17.1290694 7.23422741 8.28998053
v -17.22574686 7.23260727 8.3406962
v -17.1290694 7.23422741 8.3406962
v -17.03239241 7.23587599 8.28998053
v -17.03239241 7.23587599 8.3406962
v -16.93571591 7.237553 8.28998053
v -16.93571591 7.237553 8.3406962
v -17.1290694 7.23422741 8.39141188
v -17.03239241 7.23587599 8.39141188
v -16.93571591 7.237553 8.39141188
v -17.41910321 7.22945228 8.50298637
v -17.32242481 7.23101556 8.55370204
v -17.03239241 7.23587599 8.44212756
v -16.93571591 7.237553 8.44212756
v -16.93571591 7.237553 8.49284323
v -17.22574686 7.23260727 8.60441772
v -16.83903991 7.23925844 8.28998053
v -16.83903991 7.23925844 8.3406962
v -16.74236441 7.24099231 8.28998053
v -16.64568943 7.24275462 8.28998053
v -16.74236441 7.24099231 8.3406962
v -16.64568943 7.24275462 8.3406962
v -16.83903991 7.23925844 8.39141188
v -16.74236441 7.24099231 8.39141188
v -16.64568943 7.24275462 8.39141188
v -16.54901497 7.24454535 8.28998053
v -16.45234104 7.24636452 8.28998053
v -16.54901497 7.24454535 8.3406962
v -16.45234104 7.24636452 8.3406962
v -16.35566765 7.24821213 8.28998053
v -16.25899481 7.25008816 8.28998053
v -16.35566765 7.24821213 8.3406962
v -16.25899481 7.25008816 8.3406962
v -16.54901497 7.24454535 8.39141188
v -16.45234104 7.24636452 8.39141188
v -16.35566765 7.24821213 8.39141188
v -16.25899481 7.25008816 8.39141188
v -16.83903991 7.23925844 8.44212756
v -16.83903991 7.23925844 8.49284323
v -16.74236441 7.24099231 8.44212756
v -16.64568943 7.24275462 8.44212756
v -16.74236441 7.24099231 8.49284323
v -16.64568943 7.24275462 8.49284323
v -16.83903991 7.23925844 8.54355891
v -16.74236441 7.24099231 8.54355891
v -16.64568943 7.24275462 8.54355891
v -16.74236441 7.24099231 8.59427459
v -16.64568943 7.24275462 8.59427459
v -16.54901497 7.24454535 8.44212756
v -16.45234104 7.24636452 8.44212756
v -16.54901497 7.24454535 8.49284323
v -16.45234104 7.24636452 8.49284323
v -16.35566765 7.24821213 8.44212756
v -16.25899481 7.25008816 8.44212756
v -16.35566765 7.24821213 8.49284323
v -16.25899481 7.25008816 8.49284323
v -16.54901497 7.24454535 8.54355891
v -16.45234104 7.24636452 8.54355891
v -16.54901497 7.24454535 8.59427459
v -16.45234104 7.24636452 8.59427459
v -16.35566765 7.24821213 8.54355891
v -16.25899481 7.25008816 8.54355891
v -16.35566765 7.24821213 8.59427459
v -16.25899481 7.25008816 8.59427459
v -17.41910321 7.22945228 8.76670789
v -17.1290694 7.23422741 8.6551334
v -17.03239241 7.23587599 8.70584907
v -16.93571591 7.237553 8.75656475
v -17.32242481 7.23101556 8.81742356
v -17.22574686 7.23260727 8.86813924
v -17.1290694 7.23422741 8.91885492
v -17.03239241 7.23587599 8.96957059
v -16.64568943 7.24275462 8.64499026
v -16.83903991 7.23925844 8.80728043
v -16.54901497 7.24454535 8.64499026
v -16.45234104 7.24636452 8.64499026
v -16.54901497 7.24454535 8.69570594
v -16.45234104 7.24636452 8.69570594
v -16.35566765 7.24821213 8.64499026
v -16.25899481 7.25008816 8.64499026
v -16.35566765 7.24821213 8.69570594
v -16.25899481 7.25008816 8.69570594
v -16.45234104 7.24636452 8.74642162
v -16.35566765 7.24821213 8.74642162
v -16.25899481 7.25008816 8.74642162
v -16.35566765 7.24821213 8.79713729
v -16.25899481 7.25008816 8.79713729
v -16.74236441 7.24099231 8.85799611
v -16.64568943 7.24275462 8.90871178
v -16.25899481 7.25008816 8.84785297
v -16.54901497 7.24454535 8.95942746
v -16.16493932 7.41463379 8.29272517
v -16.16493932 7.41463379 8.34344085
v -16.16493932 7.41463379 8.39415652
v -16.07098067 7.57920628 8.34618549
v -16.07098067 7.57920628 8.39690117
v -16.16493932 7.41463379 8.4448722
v -16.16493932 7.41463379 8.49458982
v -16.16493932 7.41463379 8.5453055
v -16.16493932 7.41463379 8.59602118
v -16.07098067 7.57920628 8.44761685
v -16.07098067 7.57920628 8.49733447
v -16.07098067 7.57920628 8.54705209
v -16.07098067 7.57920628 8.59776777
v -15.58230095 7.26401647 8.84785297
v -16.16493932 7.41463379 8.64673685
v -16.16493932 7.41463379 8.69645448
v -16.16493932 7.41463379 8.74717016
v -16.16493932 7.41463379 8.79788583
v -16.07098067 7.57920628 8.64848345
v -16.07098067 7.57920628 8.69820107
v -16.07098067 7.57920628 8.7479187
v -16.07098067 7.57920628 8.79863437
v -16.16493932 7.41463379 8.84860151
v -16.07098067 7.57920628 8.84935005
v -15.48858442 7.42875538 8.84860151
v -14.9056372 7.27933788 8.84785297
v -15.39496477 7.59352096 8.84935005
v -14.81226002 7.44426937 8.84860151
v -15.97711886 7.7438056 8.39964581
v -15.88335391 7.90843169 8.26915093
v -15.97711886 7.7438056 8.45036149
v -15.97711886 7.7438056 8.50007911
v -15.97711886 7.7438056 8.54979674
v -15.97711886 7.7438056 8.59951436
v -15.88335391 7.90843169 8.45310613
v -15.88335391 7.90843169 8.50282376
v -15.88335391 7.90843169 8.55254138
v -15.88335391 7.90843169 8.60225901
v -15.78968581 8.07308453 8.32430794
v -15.69611457 8.23776406 8.37577215
v -15.78968581 8.07308453 8.50457035
v -15.78968581 8.07308453 8.55428797
v -15.78968581 8.07308453 8.6040056
v -15.69611457 8.23776406 8.55603457
v -15.69611457 8.23776406 8.60575219
v -15.97711886 7.7438056 8.65023004
v -15.97711886 7.7438056 8.69994766
v -15.97711886 7.7438056 8.74966529
v -15.97711886 7.7438056 8.79938291
v -15.88335391 7.90843169 8.65197663
v -15.88335391 7.90843169 8.70169426
v -15.88335391 7.90843169 8.75141188
v -15.88335391 7.90843169 8.8011295
v -15.97711886 7.7438056 8.85009859
v -15.88335391 7.90843169 8.85084713
v -15.78968581 8.07308453 8.65372322
v -15.78968581 8.07308453 8.70244279
v -15.78968581 8.07308453 8.75216042
v -15.78968581 8.07308453 8.80187804
v -15.69611457 8.23776406 8.65546981
v -15.69611457 8.23776406 8.70418939
v -15.69611457 8.23776406 8.75290896
v -15.69611457 8.23776406 8.80262658
v -15.78968581 8.07308453 8.85159567
v -15.69611457 8.23776406 8.85234421
v -15.30144203 7.75831317 8.85009859
v -15.22479625 7.92274984 8.85084713
v -15.13145889 8.08759039 8.85159567
v -15.03821845 8.25245744 8.85234421
v -14.22900643 7.2960523 8.84785297
v -14.71897977 7.60922734 8.84935005
v -14.13596899 7.46117569 8.84860151
v -14.0598238 7.62588364 8.84935005
v -13.5524115 7.31415968 8.84785297
v -13.47651696 7.47900272 8.84860151
v -13.40070259 7.6438632 8.84935005
v -14.64258417 7.77379984 8.85009859
v -14.56626867 7.93839005 8.85084713
v -14.47326243 8.10341765 8.85159567
v -14.38035316 8.26847156 8.85234421
v -13.98375874 7.79060918 8.85009859
v -13.90777382 7.95535227 8.85084713
v -13.32496838 7.80874111 8.85009859
v -13.81509906 8.12056625 8.85159567
v -13.73928285 8.28534824 8.85234421
v -12.87585528 7.33365994 8.84785297
v -12.80030027 7.49865887 8.84860151
v -12.72482546 7.66367509 8.84935005
v -12.19934064 7.35455299 8.84785297
v -12.12412548 7.51970712 8.84860151
v -13.24931434 7.97363642 8.85084713
v -12.64943085 7.82870856 8.85009859
v -12.5908929 7.99324243 8.85084713
v -13.17374048 8.13854909 8.85159567
v -13.09824679 8.30347909 8.85234421
v -12.04899054 7.68487837 8.84935005
v -11.99071966 7.84951916 8.85009859
v -11.93251215 8.01417021 8.85084713
v -12.51565026 8.15830648 8.85159567
v -12.44048783 8.32338772 8.85234421
v -11.85760103 8.17938499 8.85159567
v -11.78277017 8.34461679 8.85234421
v -14.99720886 8.38358178 6.6765
v -15.13672178 9.22639946 6.738
v -15.22971166 9.06156066 6.85771592
v -15.41598214 8.7319624 7.09714776
v -15.32279845 8.89674829 6.97743184
v -15.22971166 9.06156066 7.03428554
v -15.50926273 8.56720304 7.21686368
v -15.60264021 8.40247025 7.34196908
v -15.50926273 8.56720304 7.3971261
v -15.41598214 8.7319624 7.27371738
v -15.32279845 8.89674829 7.15400146
v -15.22971166 9.06156066 7.21085516
v -15.41598214 8.7319624 7.4539798
v -15.32279845 8.89674829 7.33057108
v -15.22971166 9.06156066 7.38742478
v -15.13672178 9.22639946 6.91456962
v -15.13672178 9.22639946 7.09113924
v -15.13672178 9.22639946 7.26770886
v -15.13672178 9.22639946 7.44427848
v -14.37311829 8.39882575 6.6765
v -13.7490579 8.41525875 6.6765
v -14.51423674 9.2413761 6.738
v -13.89178136 9.2575387 6.738
v -13.26935791 9.2748872 6.738
v -13.03790958 8.43543556 6.6765
v -12.41392136 8.4544124 6.6765
v -11.78997043 8.47457806 6.6765
v -12.64696864 9.29342155 6.738
v -12.02461581 9.31314167 6.738
v -14.51423674 9.2413761 6.91456962
v -14.51423674 9.2413761 7.09113924
v -13.89178136 9.2575387 6.91456962
v -13.26935791 9.2748872 6.91456962
v -13.89178136 9.2575387 7.09113924
v -13.26935791 9.2748872 7.09113924
v -14.51423674 9.2413761 7.26770886
v -14.51423674 9.2413761 7.44427848
v -13.89178136 9.2575387 7.26770886
v -13.26935791 9.2748872 7.26770886
v -13.89178136 9.2575387 7.44427848
v -13.26935791 9.2748872 7.44427848
v -12.64696864 9.29342155 6.91456962
v -12.64696864 9.29342155 7.09113924
v -12.02461581 9.31314167 6.91456962
v -12.02461581 9.31314167 7.09113924
v -12.64696864 9.29342155 7.26770886
v -12.64696864 9.29342155 7.44427848
v -12.02461581 9.31314167 7.26770886
v -12.02461581 9.31314167 7.44427848
v -15.60264021 8.40247025 7.5222315
v -15.50926273 8.56720304 7.57738851
v -15.60264021 8.40247025 7.70249391
v -15.50926273 8.56720304 7.75765093
v -15.41598214 8.7319624 7.63424221
v -15.32279845 8.89674829 7.5108335
v -15.22971166 9.06156066 7.5676872
v -15.41598214 8.7319624 7.81450463
v -15.32279845 8.89674829 7.69109591
v -15.22971166 9.06156066 7.74425682
v -15.32279845 8.89674829 7.86766553
v -15.60264021 8.40247025 7.88275633
v -15.50926273 8.56720304 7.93791334
v -15.60264021 8.40247025 8.06671154
v -15.60264021 8.40247025 8.24697395
v -15.50926273 8.56720304 8.11817575
v -15.41598214 8.7319624 7.99107425
v -15.22971166 9.06156066 7.92082644
v -15.32279845 8.89674829 8.04423515
v -15.41598214 8.7319624 8.17133666
v -15.22971166 9.06156066 8.09739606
v -15.32279845 8.89674829 8.22449757
v -15.13672178 9.22639946 7.6208481
v -15.13672178 9.22639946 7.79741772
v -15.13672178 9.22639946 7.97398734
v -15.13672178 9.22639946 8.15055696
v -15.60264021 8.40247025 8.42723637
v -15.50926273 8.56720304 8.29843817
v -15.60264021 8.40247025 8.60749878
v -15.50926273 8.56720304 8.47870058
v -15.41598214 8.7319624 8.35159907
v -15.22971166 9.06156066 8.27765847
v -15.32279845 8.89674829 8.40475998
v -15.41598214 8.7319624 8.53186149
v -15.22971166 9.06156066 8.45422809
v -15.32279845 8.89674829 8.5813296
v -15.60264021 8.40247025 8.65721641
v -15.60264021 8.40247025 8.70593598
v -15.60264021 8.40247025 8.75465555
v -15.60264021 8.40247025 8.80337512
v -15.50926273 8.56720304 8.658963
v -15.50926273 8.56720304 8.70768257
v -15.50926273 8.56720304 8.75640214
v -15.50926273 8.56720304 8.80512171
v -15.60264021 8.40247025 8.85309275
v -15.50926273 8.56720304 8.85384129
v -14.94507494 8.41735095 8.85309275
v -14.86877471 8.58187055 8.85384129
v -15.41598214 8.7319624 8.70843111
v -15.41598214 8.7319624 8.75715068
v -15.41598214 8.7319624 8.80587025
v -15.22971166 9.06156066 8.63079771
v -15.32279845 8.89674829 8.75789922
v -15.32279845 8.89674829 8.80661879
v -15.22971166 9.06156066 8.80736733
v -15.41598214 8.7319624 8.85458982
v -15.32279845 8.89674829 8.85533836
v -15.22971166 9.06156066 8.8560869
v -14.77581663 8.74681209 8.85458982
v -15.13672178 9.22639946 8.32712658
v -15.13672178 9.22639946 8.5036962
v -15.13672178 9.22639946 8.68026582
v -15.13672178 9.22639946 8.85683544
v -14.51423674 9.2413761 7.6208481
v -14.51423674 9.2413761 7.79741772
v -13.89178136 9.2575387 7.6208481
v -13.26935791 9.2748872 7.6208481
v -13.89178136 9.2575387 7.79741772
v -13.26935791 9.2748872 7.79741772
v -14.51423674 9.2413761 7.97398734
v -14.51423674 9.2413761 8.15055696
v -13.89178136 9.2575387 7.97398734
v -13.26935791 9.2748872 7.97398734
v -13.89178136 9.2575387 8.15055696
v -13.26935791 9.2748872 8.15055696
v -12.64696864 9.29342155 7.6208481
v -12.64696864 9.29342155 7.79741772
v -12.02461581 9.31314167 7.6208481
v -12.02461581 9.31314167 7.79741772
v -12.64696864 9.29342155 7.97398734
v -12.64696864 9.29342155 8.15055696
v -12.02461581 9.31314167 7.97398734
v -12.02461581 9.31314167 8.15055696
v -14.30429482 8.43312253 8.85309275
v -14.22831661 8.59779109 8.85384129
v -14.68295551 8.91177997 8.85533836
v -14.1356814 8.76291418 8.85458982
v -14.0431432 8.92806341 8.85533836
v -13.66354679 8.4501477 8.85309275
v -13.58789088 8.6149646 8.85384129
v -13.4955789 8.7802686 8.85458982
v -13.42009173 8.94512414 8.85533836
v -14.51423674 9.2413761 8.32712658
v -14.51423674 9.2413761 8.5036962
v -13.89178136 9.2575387 8.32712658
v -13.26935791 9.2748872 8.32712658
v -13.89178136 9.2575387 8.5036962
v -13.26935791 9.2748872 8.5036962
v -14.51423674 9.2413761 8.68026582
v -14.59019133 9.07677414 8.8560869
v -14.51423674 9.2413761 8.85683544
v -13.89178136 9.2575387 8.68026582
v -13.26935791 9.2748872 8.68026582
v -13.96742221 9.09279232 8.8560869
v -13.89178136 9.2575387 8.85683544
v -13.34468474 9.10999701 8.8560869
v -13.26935791 9.2748872 8.85683544
v -13.02283329 8.46842641 8.85309275
v -12.94749997 8.633391 8.85384129
v -12.87224684 8.79837284 8.85458982
v -12.79707391 8.9633719 8.85533836
v -12.36540562 8.48848609 8.85309275
v -12.30714634 8.65307023 8.85384129
v -12.23221613 8.81819898 8.85458982
v -12.15736614 8.98334479 8.85533836
v -12.64696864 9.29342155 8.32712658
v -12.64696864 9.29342155 8.5036962
v -12.02461581 9.31314167 8.32712658
v -12.02461581 9.31314167 8.5036962
v -12.64696864 9.29342155 8.68026582
v -12.72198117 9.12838814 8.8560869
v -12.64696864 9.29342155 8.85683544
v -12.02461581 9.31314167 8.68026582
v -12.08259639 9.14850764 8.8560869
v -12.02461581 9.31314167 8.85683544
v -18.27865046 5.85032876 9.04258569
v -18.27865046 5.85032876 9.30630721
v -18.27865046 5.85032876 9.59182619
v -17.8479605 6.53961032 9.03650755
v -17.8479605 6.53961032 9.30022907
v -17.8479605 6.53961032 9.58574805
v -18.27865046 5.85032876 9.87734518
v -18.27865046 5.85032876 10.1410667
v -18.27865046 5.85032876 10.40478822
v -17.8479605 6.53961032 9.84946957
v -17.8479605 6.53961032 10.11319109
v -17.8479605 6.53961032 10.37691261
v -18.27865046 5.85032876 10.69030721
v -18.27865046 5.85032876 10.97582619
v -18.27865046 5.85032876 11.23954771
v -17.8479605 6.53961032 10.6624316
v -17.8479605 6.53961032 10.92615312
v -17.8479605 6.53961032 11.18987463
v -18.27865046 5.85032876 11.50326923
v -17.8479605 6.53961032 11.45359615
v -17.41910321 7.22945228 9.03042941
v -17.32242481 7.23101556 9.08114508
v -16.93571591 7.237553 9.02028627
v -17.22574686 7.23260727 9.13186076
v -17.1290694 7.23422741 9.18257644
v -17.41910321 7.22945228 9.29415093
v -17.32242481 7.23101556 9.3448666
v -17.03239241 7.23587599 9.23329211
v -16.93571591 7.237553 9.28400779
v -16.83903991 7.23925844 9.07100195
v -16.74236441 7.24099231 9.12171762
v -16.64568943 7.24275462 9.1724333
v -16.45234104 7.24636452 9.01014314
v -16.35566765 7.24821213 9.06085881
v -16.83903991 7.23925844 9.33472347
v -16.54901497 7.24454535 9.22314898
v -16.45234104 7.24636452 9.27386465
v -17.41910321 7.22945228 9.55787244
v -17.22574686 7.23260727 9.39558228
v -17.1290694 7.23422741 9.44629796
v -17.03239241 7.23587599 9.49701363
v -16.93571591 7.237553 9.54772931
v -17.32242481 7.23101556 9.60858812
v -17.22574686 7.23260727 9.6593038
v -17.1290694 7.23422741 9.71001947
v -16.74236441 7.24099231 9.38543914
v -16.64568943 7.24275462 9.43615482
v -16.54901497 7.24454535 9.4868705
v -16.83903991 7.23925844 9.59844499
v -16.74236441 7.24099231 9.64916066
v -16.64568943 7.24275462 9.69987634
v -15.67896973 7.26194142 9.06085881
v -15.77563911 7.2598948 9.27386465
v -15.0023015 7.27706382 9.06085881
v -15.09896646 7.27481818 9.27386465
v -15.87230908 7.25787661 9.4868705
v -15.96897965 7.25588685 9.69987634
v -15.19563208 7.27260098 9.4868705
v -15.29229835 7.27041221 9.69987634
v -17.41910321 7.22945228 9.82159396
v -17.32242481 7.23101556 9.87230964
v -17.03239241 7.23587599 9.76073515
v -16.93571591 7.237553 9.81145083
v -17.22574686 7.23260727 9.92302532
v -17.41910321 7.22945228 10.08531548
v -17.1290694 7.23422741 9.97374099
v -17.03239241 7.23587599 10.02445667
v -16.93571591 7.237553 10.07517235
v -16.83903991 7.23925844 9.8621665
v -16.74236441 7.24099231 9.91288218
v -17.32242481 7.23101556 10.13603116
v -17.22574686 7.23260727 10.18674684
v -17.1290694 7.23422741 10.23746251
v -17.03239241 7.23587599 10.28817819
v -17.41910321 7.22945228 10.349037
v -17.32242481 7.23101556 10.39975268
v -16.93571591 7.237553 10.33889387
v -17.22574686 7.23260727 10.45046835
v -16.83903991 7.23925844 10.12588802
v -16.25899481 7.25008816 10.33889387
v -16.0656508 7.25392552 9.91288218
v -15.38896525 7.26825187 9.91288218
v -16.16232252 7.25199263 10.12588802
v -15.48563279 7.26611996 10.12588802
v -15.58230095 7.26401647 10.33889387
v -14.80897358 7.28164037 10.12588802
v -14.9056372 7.27933788 10.33889387
v -14.32566584 7.29357924 9.06085881
v -14.42232597 7.29113461 9.27386465
v -13.64906561 7.31148764 9.06085881
v -13.74572051 7.30884401 9.27386465
v -14.51898682 7.28871841 9.4868705
v -14.61564838 7.28633063 9.69987634
v -13.84237618 7.30622882 9.4868705
v -13.93903261 7.30364205 9.69987634
v -13.26245392 7.32234639 9.69987634
v -12.97250369 7.33078892 9.06085881
v -13.06915294 7.32794631 9.27386465
v -12.29598293 7.351483 9.06085881
v -12.39262613 7.34844143 9.27386465
v -13.16580302 7.32513214 9.4868705
v -12.58591518 7.34244357 9.69987634
v -12.48927021 7.34542829 9.4868705
v -11.81278062 7.36711718 9.4868705
v -11.90941923 7.3639335 9.69987634
v -14.71231063 7.28397128 9.91288218
v -14.03568981 7.30108371 9.91288218
v -13.35910564 7.31958906 9.91288218
v -14.13234775 7.29855379 10.12588802
v -14.22900643 7.2960523 10.33889387
v -13.45575817 7.31686016 10.12588802
v -13.5524115 7.31415968 10.33889387
v -12.68256101 7.33948727 9.91288218
v -12.00605878 7.36077825 9.91288218
v -12.77920772 7.33655939 10.12588802
v -16.72407465 5.87474681 11.50326923
v -16.29663564 6.56604907 11.45359615
v -15.16963108 5.90648588 11.50326923
v -17.41910321 7.22945228 10.61275852
v -17.32242481 7.23101556 10.6634742
v -17.1290694 7.23422741 10.50118403
v -17.03239241 7.23587599 10.55189971
v -17.22574686 7.23260727 10.71418987
v -17.1290694 7.23422741 10.76490555
v -16.35566765 7.24821213 10.55189971
v -16.45234104 7.24636452 10.76490555
v -17.41910321 7.22945228 10.87648004
v -17.32242481 7.23101556 10.92719572
v -17.22574686 7.23260727 10.97791139
v -17.41910321 7.22945228 11.14020156
v -17.32242481 7.23101556 11.19091723
v -16.54901497 7.24454535 10.97791139
v -16.64568943 7.24275462 11.19091723
v -15.67896973 7.26194142 10.55189971
v -15.77563911 7.2598948 10.76490555
v -15.0023015 7.27706382 10.55189971
v -15.09896646 7.27481818 10.76490555
v -15.87230908 7.25787661 10.97791139
v -17.41910321 7.22945228 11.40392308
v -13.48756356 6.63252491 11.45359615
v -12.35497466 5.98259778 11.50326923
v -14.32566584 7.29357924 10.55189971
v -13.84237618 7.30622882 11.19091723
v -12.29598293 7.351483 10.76490555
v -13.06915294 7.32794631 10.97791139
v -14.61564838 7.28633063 11.40392308
v -11.81278062 7.36711718 11.40392308
v -10.88714608 0.04213735 6.0615
v -11.57434611 0.86500421 6.123
v -10.6685568 0.89626664 6.123
v -9.97913486 0.07526046 6.0615
v -9.97913486 0.07526046 6.23238608
v -9.97913486 0.07526046 6.40327215
v -9.97913486 0.07526046 6.57415823
v -9.97913486 0.07526046 6.73103165
v -9.76285531 0.92997753 6.123
v -9.76285531 0.92997753 6.29388608
v -9.76285531 0.92997753 6.46477215
v -9.76285531 0.92997753 6.62164557
v -9.97913486 0.07526046 6.90191772
v -9.97913486 0.07526046 7.0728038
v -9.97913486 0.07526046 7.24368987
v -9.97913486 0.07526046 7.40056329
v -9.76285531 0.92997753 6.77851899
v -9.76285531 0.92997753 6.94940506
v -9.76285531 0.92997753 7.12029114
v -9.76285531 0.92997753 7.27716456
v -9.76285531 0.92997753 7.43403797
v -11.26580136 1.72170792 6.1845
v -10.45122685 1.75053497 6.1845
v -11.77152528 2.55110039 6.246
v -10.95897071 2.57869239 6.246
v -9.54783546 1.78483023 6.1845
v -9.54783546 1.78483023 6.35538608
v -9.54783546 1.78483023 6.51225949
v -9.54783546 1.78483023 6.66913291
v -10.1464858 2.60826472 6.246
v -9.33407538 2.63981718 6.246
v -9.33407538 2.63981718 6.40287342
v -9.33407538 2.63981718 6.55974684
v -9.33407538 2.63981718 6.71662025
v -9.54783546 1.78483023 6.82600633
v -9.54783546 1.78483023 6.99689241
v -9.54783546 1.78483023 7.15376582
v -9.54783546 1.78483023 7.31063924
v -9.54783546 1.78483023 7.46751266
v -9.33407538 2.63981718 6.87349367
v -9.33407538 2.63981718 7.03036709
v -9.33407538 2.63981718 7.18724051
v -9.33407538 2.63981718 7.34411392
v -9.97913486 0.07526046 7.57144937
v -9.97913486 0.07526046 7.74233544
v -9.97913486 0.07526046 7.91322152
v -9.84589068 0.60122406 8.08207157
v -9.00414109 0.63451179 8.08207157
v -9.76285531 0.92997753 7.60492405
v -9.76285531 0.92997753 7.77581013
v -9.8043497 0.76559828 7.92894085
v -9.67173163 1.29162951 8.0977909
v -9.58908759 1.62042501 7.79152945
v -9.54783546 1.78483023 7.63839873
v -9.63038632 1.45602477 7.94466018
v -9.49839439 1.98212305 8.11351022
v -9.4161417 2.31096025 7.80724878
v -9.37508524 2.47538626 7.65411806
v -9.33407538 2.63981718 7.50098734
v -9.45724475 2.14653918 7.9603795
v -9.325879 2.67270396 8.12922955
v -8.16247771 0.66991234 8.08207157
v -7.49068332 0.01581078 8.06635224
v -8.83171562 1.32535223 8.0977909
v -7.38778791 0.70436679 8.08207157
v -8.05853854 1.35825854 8.0977909
v -6.71448391 0.05181926 8.06635224
v -7.28543955 1.39295132 8.0977909
v -6.6131798 0.74061119 8.08207157
v -8.7267331 2.01348714 8.11351022
v -7.95514635 2.0466342 8.11351022
v -8.55581387 2.70446483 8.12922955
v -7.78582418 2.73800498 8.12922955
v -7.18363824 2.08156404 8.11351022
v -6.51242279 1.42943038 8.0977909
v -7.01591406 2.77332422 8.12922955
v -6.41221291 2.11827649 8.11351022
v -11.55277837 3.40464358 6.3075
v -10.74230475 3.43276619 6.3075
v -9.93190207 3.46286405 6.3075
v -9.12157516 3.49493697 6.3075
v -9.12157516 3.49493697 6.46437342
v -9.12157516 3.49493697 6.62124684
v -9.12157516 3.49493697 6.77812025
v -9.12157516 3.49493697 6.92098101
v -9.12157516 3.49493697 7.07785443
v -9.12157516 3.49493697 7.23472785
v -9.12157516 3.49493697 7.39160127
v -11.24705965 4.2613585 6.369
v -10.52689806 4.28697758 6.369
v -11.66141053 5.09363361 6.4305
v -10.94305504 5.11835107 6.4305
v -9.71857796 4.3175979 6.369
v -8.91033488 4.35018821 6.369
v -8.91033488 4.35018821 6.52587342
v -8.91033488 4.35018821 6.68274684
v -10.22475492 5.14462819 6.4305
v -9.50651354 5.17246487 6.4305
v -8.91033488 4.35018821 6.82560759
v -8.91033488 4.35018821 6.96846835
v -8.91033488 4.35018821 7.12534177
v -8.91033488 4.35018821 7.28221519
v -8.95086016 4.18570667 7.41863851
v -8.70035461 5.20556949 6.4305
v -8.70035461 5.20556949 6.58737342
v -8.70035461 5.20556949 6.73023418
v -8.78096714 4.87656139 7.44567575
v -8.70035461 5.20556949 6.87309494
v -8.70035461 5.20556949 7.0159557
v -8.74063758 5.04106305 7.30925243
v -8.70035461 5.20556949 7.17282911
v -8.61189614 5.56750038 7.472713
v -9.24401768 3.0015825 7.83428603
v -9.20315691 3.16602911 7.68115531
v -9.16234274 3.33048061 7.52802459
v -9.28492504 2.83714078 7.98741675
v -9.1541855 3.36337149 8.14494888
v -9.07271557 3.69229103 7.86132327
v -8.99143203 4.02122996 7.55506183
v -9.0320505 3.85675807 7.70819255
v -9.11342724 3.52782883 8.00313608
v -8.98331393 4.05412492 8.16066821
v -8.86176606 4.5475724 7.7352298
v -8.94275137 4.21860259 8.0188554
v -8.90223542 4.38308509 7.8770426
v -8.38571673 3.39552725 8.14494888
v -7.61732431 3.42945859 8.14494888
v -8.21644171 4.08667365 8.16066821
v -7.51584781 4.1179612 8.16066821
v -6.91534426 3.46201243 8.14494888
v -6.31255014 2.80714921 8.12922955
v -6.81532153 4.15072774 8.16066821
v -6.21343449 3.4960482 8.14494888
v -6.11486598 4.18497314 8.16066821
v -8.8213433 4.7120645 7.58209907
v -8.81326434 4.74496349 8.17638754
v -8.11405886 4.77498958 8.17638754
v -7.41491834 4.80649174 8.17638754
v -8.65207658 5.40298349 7.60913632
v -8.69230362 5.23847135 7.75094912
v -8.7728975 4.90946134 8.03457473
v -8.73257726 5.07396396 7.89276193
v -8.64403676 5.43588649 8.19210686
v -7.94629032 5.46626831 8.19210686
v -6.71584588 4.83946983 8.17638754
v -6.0168446 4.8739237 8.17638754
v -7.24860957 5.49812311 8.19210686
v -6.55099763 5.53145076 8.19210686
v -5.87136509 0.09296906 8.06635224
v -5.02835221 0.13623509 8.06635224
v -5.77179027 0.78201311 8.08207157
v -4.93050733 0.82552692 8.08207157
v -4.1854506 0.18161709 8.06635224
v -3.40964314 0.2252624 8.06635224
v -4.15618573 0.86744894 8.08207157
v -3.38196307 0.91116005 8.08207157
v -5.67276264 1.47108304 8.0977909
v -4.89993072 1.51128824 8.0977909
v -5.64087446 2.15677134 8.11351022
v -4.86962703 2.19704839 8.11351022
v -4.12719377 1.55327908 8.0977909
v -3.35455591 1.59705535 8.0977909
v -4.09847471 2.23910743 8.11351022
v -3.32742165 2.28294823 8.11351022
v -2.5669701 0.27470734 8.06635224
v -1.72442383 0.32626737 8.06635224
v -2.54101183 0.96067231 8.08207157
v -1.70018753 1.01229533 8.08207157
v -0.88200964 0.37994216 8.06635224
v -0.15254088 1.11285479 8.08207157
v -2.51532646 1.64663424 8.0977909
v -1.7856297 2.37597416 8.11351022
v -0.97060259 1.74341991 8.0977909
v -0.24428413 2.47612419 8.11351022
v -5.54280371 2.84587251 8.12922955
v -4.77314882 2.88637433 8.12922955
v -5.44528015 3.53499868 8.14494888
v -4.67721785 3.57572401 8.14494888
v -4.00358956 2.92865445 8.12922955
v -3.27397182 3.65472637 8.14494888
v -5.34830377 4.22414954 8.16066821
v -4.61906804 4.94725816 8.17638754
v -3.94778962 4.30031259 8.16066821
v -3.22161359 5.02649383 8.17638754
v -2.59761741 3.01050686 8.12922955
v -1.87107188 3.73965298 8.14494888
v -1.05919554 3.10689767 8.12922955
v -0.33602738 3.8393936 8.14494888
v -2.54760954 4.38238837 8.16066821
v -1.82450615 5.11162929 8.17638754
v -1.14778849 4.47037543 8.16066821
v -0.42777063 5.20266301 8.17638754
v -10.81593723 0.56548694 11.90065385
v -10.69114551 1.25354103 11.85098077
v -9.08732212 0.63112809 11.90065385
v -8.96607865 1.31981628 11.85098077
v -10.56696385 1.94163963 11.80130769
v -8.84544547 2.00854584 11.80130769
v -10.29505123 2.63526386 11.75163462
v -7.47737079 0.01641321 11.95032692
v -7.35906832 0.70567858 11.90065385
v -7.24137634 1.39498257 11.85098077
v -8.57711178 2.70356244 11.75163462
v -7.12429484 2.08432479 11.80130769
v -11.73905958 3.26826001 11.70196154
v -11.46602342 3.96092221 11.65228846
v -10.02436374 3.32910699 11.70196154
v -11.21789504 5.33657218 11.55294231
v -9.78149641 4.70582598 11.60261538
v -8.3395101 4.08133061 11.65228846
v -6.89196337 3.46312226 11.70196154
v -8.10434984 5.45925666 11.55294231
v -6.66207399 4.84206773 11.60261538
v -5.59650306 0.10684273 11.95032692
v -5.48206203 0.79675973 11.90065385
v -3.71617118 0.20780287 11.95032692
v -3.60559518 0.89834988 11.90065385
v -5.36823169 1.48671195 11.85098077
v -3.6832797 2.26249263 11.80130769
v -1.83643411 0.31929049 11.95032692
v -0.15254088 1.11285479 11.90065385
v -1.92114911 1.68301468 11.85098077
v -0.24428413 2.47612419 11.80130769
v -5.43888365 2.85123699 11.75163462
v -3.76096422 3.62663537 11.70196154
v -5.21426958 4.23118199 11.65228846
v -3.54407318 5.00768497 11.60261538
v -2.00586412 3.04673887 11.75163462
v -0.33602738 3.8393936 11.70196154
v -2.09057913 4.41046306 11.65228846
v -0.42777063 5.20266301 11.60261538
v -11.35725964 5.95024286 6.492
v -10.64076479 5.97561868 6.492
v -11.76951122 6.78264955 6.5535
v -11.05482276 6.8071283 6.5535
v -10.42773581 6.82988638 6.5535
v -9.92432672 6.00255014 6.492
v -9.20794881 6.03103709 6.492
v -9.71315307 6.85727836 6.5535
v -8.99863149 6.88622181 6.5535
v -11.46692819 7.63915363 6.615
v -10.75410013 7.66428736 6.615
v -10.12864682 7.68761683 6.615
v -9.5032391 7.7121379 6.615
v -8.49163444 6.06107942 6.492
v -8.49163444 6.06107942 6.63486076
v -8.28417444 6.9167166 6.5535
v -8.28417444 6.9167166 6.69636076
v -8.49163444 6.06107942 6.77772152
v -8.49163444 6.06107942 6.92058228
v -8.49163444 6.06107942 7.06344304
v -8.53167507 5.89654835 7.19986636
v -8.5717623 5.732022 7.33628968
v -8.28417444 6.9167166 6.83922152
v -8.32397272 6.75216117 7.1017982
v -8.28417444 6.9167166 6.98208228
v -8.36381761 6.58761041 7.23822152
v -8.40370911 6.42306432 7.37464484
v -8.79057413 7.74153512 6.615
v -8.07797467 7.77247964 6.615
v -8.1175306 7.60790012 7.02043744
v -8.19678227 7.27875492 7.27657668
v -8.23647802 7.11418926 7.413
v -8.15713313 7.44332521 7.14015336
v -8.07797467 7.77247964 6.75786076
v -8.07797467 7.77247964 6.90072152
v -7.95170893 8.299165 7.0587926
v -8.07006908 7.8053961 7.44003724
v -8.03056909 7.96998114 7.31493184
v -7.99111571 8.13457078 7.17850852
v -11.52287045 7.37683875 8.84785297
v -11.44799545 7.54214737 8.84860151
v -10.84644757 7.40051712 8.84785297
v -10.7887114 7.56537051 8.84860151
v -11.38999182 7.70689468 8.84935005
v -11.33205158 7.87165213 8.85009859
v -11.27417473 8.0364197 8.85084713
v -11.19959545 8.20178454 8.85159567
v -11.14185381 8.36657526 8.85234421
v -10.73103863 7.73023393 8.84935005
v -10.67342926 7.89510736 8.85009859
v -10.61588331 8.05999079 8.85084713
v -10.55840077 8.22488421 8.85159567
v -10.17007487 7.425588 8.84785297
v -10.11267821 7.5905599 8.84860151
v -9.49375522 7.45205129 8.84785297
v -9.43669831 7.617141 8.84860151
v -10.05534497 7.7555417 8.84935005
v -9.99807515 7.92053339 8.85009859
v -9.95764054 8.0848834 8.85084713
v -9.90048914 8.24989188 8.85159567
v -9.37970484 7.78224048 8.84935005
v -9.33955365 7.94666656 8.85009859
v -9.29944906 8.11109742 8.85084713
v -9.24262905 8.2762203 8.85159567
v -8.48363191 6.0939862 7.63617356
v -8.44364721 6.25852291 7.51106816
v -8.52366322 5.92945419 7.77798637
v -8.60386564 5.60040433 8.06161198
v -8.56374113 5.7649269 7.91979917
v -8.47563124 6.12689317 8.20782619
v -7.779344 6.15762897 8.20782619
v -8.3558449 6.62052019 7.80502361
v -8.31600934 6.78507189 7.66321081
v -8.27622037 6.94962825 7.5381054
v -8.39572708 6.45597316 7.94683642
v -8.43565586 6.29143082 8.0773313
v -8.30804782 6.81798279 8.22354552
v -7.61321995 6.84907085 8.22354552
v -7.0831232 6.18983469 8.20782619
v -6.35505661 6.90910499 8.22354552
v -8.18884871 7.31166861 7.83206086
v -8.10961568 7.64081565 7.56514265
v -8.14920889 7.47623982 7.69024805
v -8.22853514 7.14710202 7.96255574
v -8.26826817 6.98254008 8.09305063
v -8.14128652 7.50915462 8.23926485
v -8.02267468 8.0028987 7.84778019
v -7.94383317 8.33208439 7.59217989
v -7.98323062 8.16748926 7.7172853
v -7.94383317 8.33208439 7.77244231
v -8.10170264 7.67373137 8.10876996
v -8.06216536 7.83831274 7.97827507
v -8.02267468 8.0028987 8.03173539
v -8.06216536 7.83831274 8.16223028
v -8.02267468 8.0028987 8.2156906
v -7.98323062 8.16748926 7.90124051
v -7.94383317 8.33208439 7.95639752
v -7.98323062 8.16748926 8.08519572
v -7.94383317 8.33208439 8.14035273
v -6.88564304 7.56716497 8.23926485
v -8.14128652 7.50915462 8.28998053
v -8.14128652 7.50915462 8.3406962
v -8.14128652 7.50915462 8.39141188
v -8.14128652 7.50915462 8.44212756
v -8.14128652 7.50915462 8.49284323
v -8.14128652 7.50915462 8.54355891
v -8.14128652 7.50915462 8.59427459
v -8.14128652 7.50915462 8.64499026
v -8.14128652 7.50915462 8.69570594
v -8.14128652 7.50915462 8.74642162
v -8.14128652 7.50915462 8.79713729
v -8.81749148 7.47990686 8.84785297
v -8.76077456 7.64511369 8.84860151
v -8.14128652 7.50915462 8.84785297
v -8.10170264 7.67373137 8.29272517
v -8.10170264 7.67373137 8.34344085
v -8.10170264 7.67373137 8.39415652
v -8.10170264 7.67373137 8.4448722
v -8.10170264 7.67373137 8.49458982
v -8.10170264 7.67373137 8.5453055
v -8.10170264 7.67373137 8.59602118
v -8.06216536 7.83831274 8.34618549
v -8.06216536 7.83831274 8.39690117
v -8.02267468 8.0028987 8.39964581
v -8.06216536 7.83831274 8.44761685
v -8.06216536 7.83831274 8.49733447
v -8.06216536 7.83831274 8.54705209
v -8.06216536 7.83831274 8.59776777
v -8.02267468 8.0028987 8.45036149
v -8.02267468 8.0028987 8.50007911
v -8.02267468 8.0028987 8.54979674
v -8.02267468 8.0028987 8.59951436
v -7.98323062 8.16748926 8.26915093
v -7.94383317 8.33208439 8.32430794
v -7.98323062 8.16748926 8.45310613
v -7.98323062 8.16748926 8.50282376
v -7.98323062 8.16748926 8.55254138
v -7.98323062 8.16748926 8.60225901
v -7.94383317 8.33208439 8.50457035
v -7.94383317 8.33208439 8.55428797
v -7.94383317 8.33208439 8.6040056
v -8.10170264 7.67373137 8.64673685
v -8.10170264 7.67373137 8.69645448
v -8.10170264 7.67373137 8.74717016
v -8.10170264 7.67373137 8.79788583
v -8.72090695 7.80961535 8.84935005
v -8.68108595 7.9741217 8.85009859
v -8.10170264 7.67373137 8.84860151
v -8.64131154 8.13863274 8.85084713
v -8.58482313 8.30386936 8.85159567
v -8.06216536 7.83831274 8.64848345
v -8.06216536 7.83831274 8.69820107
v -8.06216536 7.83831274 8.7479187
v -8.06216536 7.83831274 8.79863437
v -8.02267468 8.0028987 8.65023004
v -8.02267468 8.0028987 8.69994766
v -8.02267468 8.0028987 8.74966529
v -8.02267468 8.0028987 8.79938291
v -8.06216536 7.83831274 8.84935005
v -8.02267468 8.0028987 8.85009859
v -7.98323062 8.16748926 8.65197663
v -7.98323062 8.16748926 8.70169426
v -7.98323062 8.16748926 8.75141188
v -7.98323062 8.16748926 8.8011295
v -7.94383317 8.33208439 8.65372322
v -7.94383317 8.33208439 8.70244279
v -7.94383317 8.33208439 8.75216042
v -7.94383317 8.33208439 8.80187804
v -7.98323062 8.16748926 8.85084713
v -7.94383317 8.33208439 8.85159567
v -6.88564304 7.56716497 8.28998053
v -6.88564304 7.56716497 8.3406962
v -6.88564304 7.56716497 8.39141188
v -6.88564304 7.56716497 8.44212756
v -6.88564304 7.56716497 8.49284323
v -6.88564304 7.56716497 8.54355891
v -6.88564304 7.56716497 8.59427459
v -6.88564304 7.56716497 8.64499026
v -6.88564304 7.56716497 8.69570594
v -6.88564304 7.56716497 8.74642162
v -6.88564304 7.56716497 8.79713729
v -6.88564304 7.56716497 8.84785297
v -11.16605906 8.49593247 6.6765
v -10.45509198 8.52171743 6.6765
v -11.40230169 9.3340475 6.738
v -10.78002852 9.35613896 6.738
v -9.83127284 8.54561504 6.6765
v -9.20750037 8.57070113 6.6765
v -10.19381259 9.13919114 6
v -10.15779858 9.37941596 6.738
v -9.53561411 9.40387842 6.738
v -8.91347738 9.42952626 6.738
v -11.40230169 9.3340475 6.91456962
v -11.40230169 9.3340475 7.09113924
v -10.78002852 9.35613896 6.91456962
v -10.78002852 9.35613896 7.09113924
v -11.40230169 9.3340475 7.26770886
v -11.40230169 9.3340475 7.44427848
v -10.78002852 9.35613896 7.26770886
v -10.78002852 9.35613896 7.44427848
v -10.15779858 9.37941596 6.91456962
v -10.15779858 9.37941596 7.09113924
v -9.53561411 9.40387842 6.91456962
v -9.53561411 9.40387842 7.09113924
v -8.91347738 9.42952626 6.91456962
v -8.91347738 9.42952626 7.09113924
v -10.15779858 9.37941596 7.26770886
v -10.15779858 9.37941596 7.44427848
v -9.53561411 9.40387842 7.26770886
v -9.53561411 9.40387842 7.44427848
v -8.91347738 9.42952626 7.26770886
v -8.91347738 9.42952626 7.44427848
v -8.58377682 8.59697562 6.6765
v -7.87303522 8.62836713 6.6765
v -8.29139064 9.45635938 6.738
v -7.66935616 9.48437768 6.738
v -7.87303522 8.62836713 6.81936076
v -7.91234877 8.46376378 6.93907668
v -7.78670949 8.99051051 7.09714776
v -7.90448233 8.49668409 7.46707449
v -7.86517811 8.66128835 7.34196908
v -7.82592049 8.82589716 7.21686368
v -7.78670949 8.99051051 7.27371738
v -7.82592049 8.82589716 7.3971261
v -7.78670949 8.99051051 7.4539798
v -8.29139064 9.45635938 6.91456962
v -8.29139064 9.45635938 7.09113924
v -7.70842732 9.31975078 6.85771592
v -7.7475451 9.15512838 6.97743184
v -7.70842732 9.31975078 7.03428554
v -7.66935616 9.48437768 6.91456962
v -7.66935616 9.48437768 7.09113924
v -8.29139064 9.45635938 7.26770886
v -8.29139064 9.45635938 7.44427848
v -7.7475451 9.15512838 7.15400146
v -7.70842732 9.31975078 7.21085516
v -7.7475451 9.15512838 7.33057108
v -7.70842732 9.31975078 7.38742478
v -7.66935616 9.48437768 7.26770886
v -7.66935616 9.48437768 7.44427848
v -11.40230169 9.3340475 7.6208481
v -11.40230169 9.3340475 7.79741772
v -10.78002852 9.35613896 7.6208481
v -10.78002852 9.35613896 7.79741772
v -11.40230169 9.3340475 7.97398734
v -11.40230169 9.3340475 8.15055696
v -10.78002852 9.35613896 7.97398734
v -10.78002852 9.35613896 8.15055696
v -10.15779858 9.37941596 7.6208481
v -10.15779858 9.37941596 7.79741772
v -9.53561411 9.40387842 7.6208481
v -9.53561411 9.40387842 7.79741772
v -8.91347738 9.42952626 7.6208481
v -8.91347738 9.42952626 7.79741772
v -10.15779858 9.37941596 7.97398734
v -10.15779858 9.37941596 8.15055696
v -9.53561411 9.40387842 7.97398734
v -9.53561411 9.40387842 8.15055696
v -8.91347738 9.42952626 7.97398734
v -8.91347738 9.42952626 8.15055696
v -11.72476962 8.50930442 8.85309275
v -11.66683244 8.67400222 8.85384129
v -11.08417556 8.53137604 8.85309275
v -11.59222543 8.83927725 8.85458982
v -11.51769868 9.00456918 8.85533836
v -11.02656071 8.69618688 8.85384129
v -10.50098163 8.38978758 8.85234421
v -10.44362591 8.55470089 8.85309275
v -10.95227719 8.86160755 8.85458982
v -10.89479756 9.02644137 8.85533836
v -10.38633361 8.71962413 8.85384129
v -10.32910472 8.88455728 8.85458982
v -11.40230169 9.3340475 8.32712658
v -11.40230169 9.3340475 8.5036962
v -10.78002852 9.35613896 8.32712658
v -10.78002852 9.35613896 8.5036962
v -11.40230169 9.3340475 8.68026582
v -11.45996849 9.16930329 8.8560869
v -11.40230169 9.3340475 8.85683544
v -10.78002852 9.35613896 8.68026582
v -10.83738134 9.19128518 8.8560869
v -10.78002852 9.35613896 8.85683544
v -9.84340118 8.41491019 8.85234421
v -9.78637665 8.57993832 8.85309275
v -10.27193925 9.04950031 8.85533836
v -9.74615359 8.74431388 8.85384129
v -9.68924749 8.90935867 8.85458982
v -9.18587248 8.44135288 8.85234421
v -9.14592449 8.60580209 8.85309275
v -9.10602309 8.77025604 8.85384129
v -9.04943999 8.93541184 8.85458982
v -10.15779858 9.37941596 8.32712658
v -10.15779858 9.37941596 8.5036962
v -9.53561411 9.40387842 8.32712658
v -9.53561411 9.40387842 8.5036962
v -8.91347738 9.42952626 8.32712658
v -8.91347738 9.42952626 8.5036962
v -10.15779858 9.37941596 8.68026582
v -10.2148372 9.21445321 8.8560869
v -10.15779858 9.37941596 8.85683544
v -9.63240482 9.07441323 8.85533836
v -9.5756256 9.23947753 8.8560869
v -9.53561411 9.40387842 8.68026582
v -9.53561411 9.40387842 8.85683544
v -8.99292035 9.10057729 8.85533836
v -8.95317557 9.26504943 8.8560869
v -8.91347738 9.42952626 8.68026582
v -8.91347738 9.42952626 8.85683544
v -7.90448233 8.49668409 7.6473369
v -7.86517811 8.66128835 7.5222315
v -7.90448233 8.49668409 7.82759932
v -7.86517811 8.66128835 7.70249391
v -7.82592049 8.82589716 7.57738851
v -7.78670949 8.99051051 7.63424221
v -7.82592049 8.82589716 7.75765093
v -7.78670949 8.99051051 7.81450463
v -7.90448233 8.49668409 8.01155453
v -7.86517811 8.66128835 7.88275633
v -7.90448233 8.49668409 8.19550974
v -7.86517811 8.66128835 8.06671154
v -7.86517811 8.66128835 8.24697395
v -7.82592049 8.82589716 7.93791334
v -7.78670949 8.99051051 7.99107425
v -7.82592049 8.82589716 8.11817575
v -7.78670949 8.99051051 8.17133666
v -8.29139064 9.45635938 7.6208481
v -8.29139064 9.45635938 7.79741772
v -7.7475451 9.15512838 7.5108335
v -7.70842732 9.31975078 7.5676872
v -7.7475451 9.15512838 7.69109591
v -7.7475451 9.15512838 7.86766553
v -7.70842732 9.31975078 7.74425682
v -7.66935616 9.48437768 7.6208481
v -7.66935616 9.48437768 7.79741772
v -8.29139064 9.45635938 7.97398734
v -8.29139064 9.45635938 8.15055696
v -7.7475451 9.15512838 8.04423515
v -7.70842732 9.31975078 7.92082644
v -7.7475451 9.15512838 8.22449757
v -7.70842732 9.31975078 8.09739606
v -7.66935616 9.48437768 7.97398734
v -7.66935616 9.48437768 8.15055696
v -7.90448233 8.49668409 8.37577215
v -7.86517811 8.66128835 8.42723637
v -7.90448233 8.49668409 8.55603457
v -7.90448233 8.49668409 8.60575219
v -7.86517811 8.66128835 8.60749878
v -7.82592049 8.82589716 8.29843817
v -7.78670949 8.99051051 8.35159907
v -7.82592049 8.82589716 8.47870058
v -7.78670949 8.99051051 8.53186149
v -8.54515035 8.46839176 8.85234421
v -8.50552416 8.63291881 8.85309275
v -8.46594458 8.7974505 8.85384129
v -8.4096847 8.96271669 8.85458982
v -7.90448233 8.49668409 8.65546981
v -7.90448233 8.49668409 8.70418939
v -7.90448233 8.49668409 8.75290896
v -7.90448233 8.49668409 8.80262658
v -7.86517811 8.66128835 8.65721641
v -7.86517811 8.66128835 8.70593598
v -7.86517811 8.66128835 8.75465555
v -7.86517811 8.66128835 8.80337512
v -7.90448233 8.49668409 8.85234421
v -7.86517811 8.66128835 8.85309275
v -7.82592049 8.82589716 8.658963
v -7.82592049 8.82589716 8.70768257
v -7.82592049 8.82589716 8.75640214
v -7.82592049 8.82589716 8.80512171
v -7.78670949 8.99051051 8.70843111
v -7.78670949 8.99051051 8.75715068
v -7.78670949 8.99051051 8.80587025
v -7.82592049 8.82589716 8.85384129
v -7.78670949 8.99051051 8.85458982
v -8.29139064 9.45635938 8.32712658
v -8.29139064 9.45635938 8.5036962
v -7.7475451 9.15512838 8.40475998
v -7.70842732 9.31975078 8.27765847
v -7.7475451 9.15512838 8.5813296
v -7.70842732 9.31975078 8.45422809
v -7.66935616 9.48437768 8.32712658
v -7.66935616 9.48437768 8.5036962
v -8.37020674 9.12725965 8.85533836
v -8.33077539 9.29180721 8.8560869
v -8.29139064 9.45635938 8.68026582
v -8.29139064 9.45635938 8.85683544
v -7.7475451 9.15512838 8.75789922
v -7.7475451 9.15512838 8.80661879
v -7.70842732 9.31975078 8.63079771
v -7.70842732 9.31975078 8.80736733
v -7.7475451 9.15512838 8.85533836
v -7.70842732 9.31975078 8.8560869
v -7.66935616 9.48437768 8.68026582
v -7.66935616 9.48437768 8.85683544
v -5.28780437 5.59555575 8.19210686
v -5.82244327 6.25190038 8.20782619
v -4.56200984 6.31878559 8.20782619
v -5.097132 6.97394905 8.22354552
v -3.89308127 5.67196202 8.19210686
v -3.17034692 6.39824995 8.20782619
v -5.63023052 7.62997562 8.23926485
v -3.8394645 7.04360209 8.22354552
v -4.37506733 7.69758565 8.23926485
v -3.1201718 7.76999408 8.23926485
v -5.63023052 7.62997562 8.28998053
v -5.63023052 7.62997562 8.3406962
v -5.63023052 7.62997562 8.39141188
v -5.63023052 7.62997562 8.44212756
v -5.63023052 7.62997562 8.49284323
v -5.63023052 7.62997562 8.54355891
v -5.63023052 7.62997562 8.59427459
v -5.63023052 7.62997562 8.64499026
v -5.63023052 7.62997562 8.69570594
v -5.63023052 7.62997562 8.74642162
v -5.63023052 7.62997562 8.79713729
v -5.63023052 7.62997562 8.84785297
v -4.37506733 7.69758565 8.28998053
v -4.37506733 7.69758565 8.3406962
v -4.37506733 7.69758565 8.39141188
v -4.37506733 7.69758565 8.44212756
v -4.37506733 7.69758565 8.49284323
v -4.37506733 7.69758565 8.54355891
v -4.37506733 7.69758565 8.59427459
v -3.1201718 7.76999408 8.28998053
v -3.1201718 7.76999408 8.3406962
v -3.1201718 7.76999408 8.39141188
v -3.1201718 7.76999408 8.44212756
v -3.1201718 7.76999408 8.49284323
v -3.1201718 7.76999408 8.54355891
v -3.1201718 7.76999408 8.59427459
v -4.37506733 7.69758565 8.64499026
v -4.37506733 7.69758565 8.69570594
v -4.37506733 7.69758565 8.74642162
v -4.37506733 7.69758565 8.79713729
v -4.37506733 7.69758565 8.84785297
v -3.1201718 7.76999408 8.64499026
v -3.1201718 7.76999408 8.69570594
v -3.1201718 7.76999408 8.74642162
v -3.1201718 7.76999408 8.79713729
v -3.1201718 7.76999408 8.84785297
v -2.49869321 5.75425657 8.19210686
v -1.77903192 6.48358964 8.20782619
v -1.10466506 5.84243794 8.19210686
v -0.51951388 6.56593242 8.20782619
v -2.45086842 7.1261108 8.22354552
v -1.86556229 7.84719985 8.23926485
v -1.19380203 7.20588024 8.22354552
v -0.61125712 7.92920183 8.23926485
v -1.86556229 7.84719985 8.28998053
v -1.86556229 7.84719985 8.3406962
v -1.86556229 7.84719985 8.39141188
v -1.86556229 7.84719985 8.44212756
v -1.86556229 7.84719985 8.49284323
v -1.86556229 7.84719985 8.54355891
v -1.86556229 7.84719985 8.59427459
v -1.86556229 7.84719985 8.64499026
v -1.86556229 7.84719985 8.69570594
v -1.86556229 7.84719985 8.74642162
v -1.86556229 7.84719985 8.79713729
v -1.86556229 7.84719985 8.84785297
v -0.61125712 7.92920183 8.28998053
v -0.61125712 7.92920183 8.3406962
v -0.61125712 7.92920183 8.39141188
v -0.61125712 7.92920183 8.44212756
v -0.61125712 7.92920183 8.49284323
v -0.61125712 7.92920183 8.54355891
v -0.61125712 7.92920183 8.59427459
v -0.61125712 7.92920183 8.64499026
v -0.61125712 7.92920183 8.69570594
v -0.61125712 7.92920183 8.74642162
v -0.61125712 7.92920183 8.79713729
v -0.61125712 7.92920183 8.84785297
v -11.61950622 7.37356981 9.06085881
v -11.71614294 7.37032929 9.27386465
v -10.9430764 7.39704924 9.06085881
v -11.03970625 7.39360978 9.27386465
v -10.36331893 7.41828281 9.27386465
v -11.13633711 7.39019873 9.4868705
v -11.23296897 7.38681611 9.69987634
v -10.45994256 7.41467283 9.4868705
v -10.26669636 7.4219212 9.06085881
v -9.59036896 7.44818557 9.06085881
v -9.68698383 7.44434827 9.27386465
v -8.91409706 7.47584226 9.06085881
v -10.74981976 7.40401342 10.33889387
v -9.20392089 7.46381891 9.91288218
v -9.97683515 7.43300686 10.12588802
v -8.43108127 7.4964494 9.69987634
v -7.65832056 7.53089815 9.4868705
v -6.88564304 7.56716497 9.27386465
v -6.11305299 7.60524965 9.06085881
v -7.9480963 7.51776681 10.33889387
v -6.40276373 7.59075488 9.91288218
v -7.17538709 7.55335187 10.12588802
v -10.67916061 6.72295652 11.45359615
v -9.54106977 6.08271272 11.50326923
v -11.52287045 7.37683875 10.55189971
v -11.03970625 7.39360978 11.19091723
v -9.49375522 7.45205129 10.76490555
v -10.26669636 7.4219212 10.97791139
v -9.01070382 7.47180606 11.40392308
v -7.87163109 6.83733732 11.45359615
v -6.43462678 6.22115795 11.50326923
v -8.72088711 7.48399988 10.55189971
v -8.23788352 7.50489114 11.19091723
v -7.46514321 7.53979442 10.97791139
v -6.69248716 7.57651572 10.76490555
v -5.91991964 7.61505484 10.55189971
v -6.20962181 7.60038966 11.40392308
v -4.85779173 7.67101388 9.06085881
v -5.63023052 7.62997562 9.69987634
v -4.85779173 7.67101388 9.4868705
v -4.08545163 7.71386944 9.27386465
v -3.60279108 7.7415769 9.06085881
v -5.14744494 7.65541156 10.33889387
v -3.60279108 7.7415769 9.91288218
v -4.37506733 7.69758565 10.12588802
v -2.34806939 7.81693766 9.06085881
v -2.83062047 7.78738504 9.27386465
v -1.57607957 7.86569773 9.27386465
v -2.83062047 7.78738504 9.69987634
v -2.05855978 7.83500983 9.4868705
v -1.093645 7.89709508 9.06085881
v -0.32184725 7.94880635 9.27386465
v -0.80420661 7.91627401 9.4868705
v -0.03245478 7.96866622 9.69987634
v -2.34806939 7.81693766 10.33889387
v -1.57607957 7.86569773 10.12588802
v -0.80420661 7.91627401 9.91288218
v -4.9920983 5.61126187 11.55294231
v -3.32962558 6.38885632 11.50326923
v -5.43711181 7.6400648 11.19091723
v -4.66469728 7.68155741 10.97791139
v -3.89238252 7.72486725 10.76490555
v -3.1201718 7.76999408 10.55189971
v -4.77236988 6.99147335 11.45359615
v -3.40973836 7.75285861 11.40392308
v -1.88141655 5.79257432 11.55294231
v -0.51951388 6.56593242 11.50326923
v -2.63759483 7.79912094 11.19091723
v -1.86556229 7.84719985 10.97791139
v -1.093645 7.89709508 10.76490555
v -0.32184725 7.94880635 10.55189971
v -1.96734534 7.15622257 11.45359615
v -0.61125712 7.92920183 11.40392308
v 10.10628793 -11.16090938 0
v 21.03711129 -11.16090938 0
v 21.57119175 -3.21051443 6
v 21.4617468 -2.37178747 6
v 21.35230186 -1.53306051 6
v 21.24285691 -0.69433355 6
v 0.48966186 -8.43003107 8.05063291
v 1.35404881 -8.37077098 8.05063291
v 1.35404881 -8.37077098 8.11392405
v 0.48966186 -8.43003107 8.37974684
v 1.35404881 -8.37077098 8.44303797
v 0.48966186 -8.43003107 8.70886076
v 1.35404881 -8.37077098 8.7721519
v 0.44379024 -7.74839636 8.05063291
v 1.30646631 -7.68925356 8.05063291
v 0.39791862 -7.06676166 8.05063291
v 1.25888382 -7.00773615 8.05063291
v 2.21828427 -8.30934132 8.05063291
v 2.21828427 -8.30934132 8.11392405
v 2.21828427 -8.30934132 8.17721519
v 2.16899121 -7.62794549 8.05063291
v 0.44379024 -7.74839636 8.37974684
v 0.44379024 -7.74839636 8.70886076
v 0.39791862 -7.06676166 8.37974684
v 0.39791862 -7.06676166 8.70886076
v 2.21828427 -8.30934132 8.50632911
v 2.21828427 -8.30934132 8.83544304
v 0.35204699 -6.38512696 8.05063291
v 1.21130133 -6.32621874 8.05063291
v 0.30617537 -5.70349225 8.05063291
v 1.16371883 -5.64470133 8.05063291
v 2.11969815 -6.94654967 8.05063291
v 2.07040509 -6.26515385 8.05063291
v 2.02111202 -5.58375802 8.05063291
v 2.92935286 -6.20193265 8.05063291
v 0.35204699 -6.38512696 8.37974684
v 0.35204699 -6.38512696 8.70886076
v 0.30617537 -5.70349225 8.37974684
v 0.30617537 -5.70349225 8.70886076
v 3.08236282 -8.24574248 8.05063291
v 3.08236282 -8.24574248 8.11392405
v 3.08236282 -8.24574248 8.17721519
v 3.08236282 -8.24574248 8.24050633
v 3.946279 -8.17997487 8.05063291
v 3.946279 -8.17997487 8.11392405
v 3.946279 -8.17997487 8.17721519
v 3.946279 -8.17997487 8.24050633
v 3.0313595 -7.56447254 8.05063291
v 3.89356574 -7.4988351 8.05063291
v 4.81002737 -8.1120389 8.05063291
v 4.81002737 -8.1120389 8.11392405
v 4.81002737 -8.1120389 8.17721519
v 4.81002737 -8.1120389 8.24050633
v 5.67360249 -8.04193499 8.05063291
v 5.67360249 -8.04193499 8.11392405
v 5.67360249 -8.04193499 8.17721519
v 5.67360249 -8.04193499 8.24050633
v 4.75560451 -7.4310336 8.05063291
v 5.61747036 -7.36106844 8.05063291
v 3.08236282 -8.24574248 8.56962025
v 3.946279 -8.17997487 8.30379747
v 3.08236282 -8.24574248 8.89873418
v 3.946279 -8.17997487 8.63291139
v 3.946279 -8.17997487 8.96202532
v 4.81002737 -8.1120389 8.30379747
v 4.81002737 -8.1120389 8.36708861
v 5.67360249 -8.04193499 8.30379747
v 5.67360249 -8.04193499 8.36708861
v 5.67360249 -8.04193499 8.43037975
v 4.81002737 -8.1120389 8.69620253
v 5.67360249 -8.04193499 8.75949367
v 2.98035618 -6.8832026 8.05063291
v 3.84085248 -6.81769533 8.05063291
v 3.78813922 -6.13655556 8.05063291
v 4.70118164 -6.75002829 8.05063291
v 5.56133824 -6.68020189 8.05063291
v 4.64675878 -6.06902298 8.05063291
v 5.50520611 -5.99933534 8.05063291
v 10.10628793 -11.16090938 6
v 11.04076713 -9.51850764 6
v 11.04076713 -9.51850764 6.23417722
v 11.0249624 -9.35661623 6.17088608
v 11.00915766 -9.19472481 6.34177215
v 11.04076713 -9.51850764 6.46835443
v 11.04076713 -9.51850764 6.70253165
v 11.0249624 -9.35661623 6.40506329
v 11.0249624 -9.35661623 6.63924051
v 11.00915766 -9.19472481 6.57594937
v 10.94277777 -8.51478085 6.17088608
v 10.99335292 -9.03283339 6.51265823
v 10.99335292 -9.03283339 6.74683544
v 10.97754819 -8.87094197 6.6835443
v 11.04076713 -9.51850764 6.93670886
v 11.0249624 -9.35661623 6.87341772
v 11.00915766 -9.19472481 6.81012658
v 11.0249624 -9.35661623 7.10759494
v 11.00915766 -9.19472481 7.0443038
v 11.04076713 -9.51850764 7.17088608
v 11.04076713 -9.51850764 7.40506329
v 11.00915766 -9.19472481 7.27848101
v 11.0249624 -9.35661623 7.34177215
v 10.97754819 -8.87094197 6.91772152
v 10.99335292 -9.03283339 6.98101266
v 10.96174345 -8.70905055 6.85443038
v 10.94593871 -8.54715913 7.02531646
v 10.96174345 -8.70905055 7.08860759
v 10.99335292 -9.03283339 7.21518987
v 10.97754819 -8.87094197 7.15189873
v 10.99335292 -9.03283339 7.44936709
v 10.97754819 -8.87094197 7.38607595
v 10.94593871 -8.54715913 7.25949367
v 10.93013398 -8.38526771 7.19620253
v 10.96174345 -8.70905055 7.32278481
v 10.94593871 -8.54715913 7.49367089
v 10.93013398 -8.38526771 7.43037975
v 11.04076713 -9.51850764 7.63924051
v 11.04076713 -9.51850764 7.87341772
v 11.0249624 -9.35661623 7.57594937
v 11.00915766 -9.19472481 7.51265823
v 11.0249624 -9.35661623 7.81012658
v 11.00915766 -9.19472481 7.74683544
v 11.04076713 -9.51850764 8.10759494
v 11.0249624 -9.35661623 8.0443038
v 11.00915766 -9.19472481 7.98101266
v 11.00915766 -9.19472481 8.21518987
v 10.99335292 -9.03283339 7.6835443
v 10.97754819 -8.87094197 7.62025316
v 10.97754819 -8.87094197 7.85443038
v 10.96174345 -8.70905055 7.55696203
v 10.93013398 -8.38526771 7.66455696
v 10.94593871 -8.54715913 7.7278481
v 10.96174345 -8.70905055 7.79113924
v 10.99335292 -9.03283339 7.91772152
v 10.99335292 -9.03283339 8.15189873
v 10.97754819 -8.87094197 8.08860759
v 10.94593871 -8.54715913 7.96202532
v 10.96174345 -8.70905055 8.02531646
v 10.93013398 -8.38526771 7.89873418
v 10.94593871 -8.54715913 8.19620253
v 10.93013398 -8.38526771 8.13291139
v 11.04076713 -9.51850764 8.34177215
v 11.04076713 -9.51850764 8.57594937
v 11.0249624 -9.35661623 8.27848101
v 11.0249624 -9.35661623 8.51265823
v 11.00915766 -9.19472481 8.44936709
v 11.04076713 -9.51850764 8.81012658
v 11.0249624 -9.35661623 8.74683544
v 11.0249624 -9.35661623 8.81012658
v 11.00915766 -9.19472481 8.6835443
v 11.00915766 -9.19472481 8.74683544
v 11.00915766 -9.19472481 8.81012658
v 10.99335292 -9.03283339 8.38607595
v 10.97754819 -8.87094197 8.32278481
v 10.99335292 -9.03283339 8.62025316
v 10.97754819 -8.87094197 8.55696203
v 10.97754819 -8.87094197 8.62025316
v 10.96174345 -8.70905055 8.25949367
v 10.94593871 -8.54715913 8.43037975
v 10.93013398 -8.38526771 8.36708861
v 10.93013398 -8.38526771 8.43037975
v 10.96174345 -8.70905055 8.49367089
v 10.94593871 -8.54715913 8.49367089
v 10.96174345 -8.70905055 8.55696203
v 10.96174345 -8.70905055 8.62025316
v 10.94593871 -8.54715913 8.55696203
v 10.94593871 -8.54715913 8.62025316
v 10.93013398 -8.38526771 8.49367089
v 10.93013398 -8.38526771 8.55696203
v 10.93013398 -8.38526771 8.62025316
v 10.99335292 -9.03283339 8.6835443
v 10.99335292 -9.03283339 8.74683544
v 10.99335292 -9.03283339 8.81012658
v 10.97754819 -8.87094197 8.6835443
v 10.97754819 -8.87094197 8.74683544
v 10.97754819 -8.87094197 8.81012658
v 10.96174345 -8.70905055 8.6835443
v 10.94593871 -8.54715913 8.6835443
v 10.96174345 -8.70905055 8.74683544
v 10.96174345 -8.70905055 8.81012658
v 10.94593871 -8.54715913 8.74683544
v 10.94593871 -8.54715913 8.81012658
v 10.93013398 -8.38526771 8.6835443
v 10.93013398 -8.38526771 8.74683544
v 10.93013398 -8.38526771 8.81012658
v 10.92697303 -8.35288943 6.34177215
v 10.91116829 -8.19099801 6.51265823
v 10.89536355 -8.02910659 6.6835443
v 10.86059313 -7.67294547 6.17088608
v 10.8447884 -7.51105406 6.34177215
v 10.82898366 -7.34916264 6.51265823
v 10.81317892 -7.18727122 6.6835443
v 10.87955882 -7.86721518 6.85443038
v 10.86375408 -7.70532376 7.02531646
v 10.91432924 -8.2233763 7.36708861
v 10.79737419 -7.0253798 6.85443038
v 10.84794934 -7.54343234 7.19620253
v 10.83214461 -7.38154092 7.36708861
v 10.7784085 -6.8311101 6.17088608
v 10.76260377 -6.66921868 6.34177215
v 10.74679903 -6.50732726 6.51265823
v 10.73099429 -6.34543584 6.6835443
v 10.69622387 -5.98927472 6.17088608
v 10.68041913 -5.8273833 6.34177215
v 10.6646144 -5.66549189 6.51265823
v 10.78156945 -6.86348838 7.02531646
v 10.76576471 -6.70159696 7.19620253
v 10.74995998 -6.53970555 7.36708861
v 10.71518955 -6.18354442 6.85443038
v 10.69938482 -6.02165301 7.02531646
v 10.68358008 -5.85976159 7.19620253
v 10.66777534 -5.69787017 7.36708861
v 6.53699892 -7.96966359 8.05063291
v 6.53699892 -7.96966359 8.11392405
v 6.53699892 -7.96966359 8.17721519
v 6.53699892 -7.96966359 8.24050633
v 6.47915788 -7.28894009 8.05063291
v 7.34066163 -7.21464899 8.05063291
v 7.40021121 -7.89522516 8.05063291
v 7.40021121 -7.89522516 8.11392405
v 7.40021121 -7.89522516 8.17721519
v 7.40021121 -7.89522516 8.24050633
v 8.26323393 -7.81862015 8.05063291
v 8.26323393 -7.81862015 8.11392405
v 8.26323393 -7.81862015 8.17721519
v 8.26323393 -7.81862015 8.24050633
v 8.20197618 -7.13819561 8.05063291
v 6.53699892 -7.96966359 8.30379747
v 6.53699892 -7.96966359 8.36708861
v 6.53699892 -7.96966359 8.43037975
v 6.53699892 -7.96966359 8.49367089
v 6.53699892 -7.96966359 8.82278481
v 7.40021121 -7.89522516 8.30379747
v 7.40021121 -7.89522516 8.36708861
v 7.40021121 -7.89522516 8.43037975
v 7.40021121 -7.89522516 8.49367089
v 7.40021121 -7.89522516 8.55696203
v 8.26323393 -7.81862015 8.30379747
v 8.26323393 -7.81862015 8.36708861
v 8.26323393 -7.81862015 8.43037975
v 8.26323393 -7.81862015 8.49367089
v 8.26323393 -7.81862015 8.55696203
v 8.26323393 -7.81862015 8.62025316
v 7.40021121 -7.89522516 8.88607595
v 8.26323393 -7.81862015 8.94936709
v 6.42131685 -6.60821658 8.05063291
v 7.28111205 -6.53407282 8.05063291
v 6.36347581 -5.92749308 8.05063291
v 7.22156247 -5.85349665 8.05063291
v 8.14071844 -6.45777106 8.05063291
v 8.07946069 -5.77734651 8.05063291
v 9.12606164 -7.73984906 8.05063291
v 9.12606164 -7.73984906 8.11392405
v 9.12606164 -7.73984906 8.17721519
v 9.12606164 -7.73984906 8.24050633
v 9.06309611 -7.05958043 8.05063291
v 9.98868891 -7.65891238 8.05063291
v 9.98868891 -7.65891238 8.11392405
v 9.98868891 -7.65891238 8.17721519
v 9.98868891 -7.65891238 8.24050633
v 9.92401599 -6.97880394 8.05063291
v 10.91432924 -8.2233763 7.60126582
v 10.8985245 -8.06148488 7.53797468
v 10.91432924 -8.2233763 7.83544304
v 10.8985245 -8.06148488 7.7721519
v 10.88271977 -7.89959346 7.70886076
v 10.8985245 -8.06148488 8.00632911
v 10.91432924 -8.2233763 8.06962025
v 10.8985245 -8.06148488 8.24050633
v 10.88271977 -7.89959346 7.94303797
v 10.86691503 -7.73770204 7.87974684
v 10.88271977 -7.89959346 8.17721519
v 10.88271977 -7.89959346 8.24050633
v 10.86691503 -7.73770204 8.11392405
v 10.86691503 -7.73770204 8.17721519
v 10.86691503 -7.73770204 8.24050633
v 10.81633987 -7.2196495 7.53797468
v 10.80053513 -7.05775808 7.70886076
v 10.85111029 -7.57581062 8.05063291
v 10.85111029 -7.57581062 8.11392405
v 10.85111029 -7.57581062 8.17721519
v 10.85111029 -7.57581062 8.24050633
v 9.12606164 -7.73984906 8.30379747
v 9.12606164 -7.73984906 8.36708861
v 9.12606164 -7.73984906 8.43037975
v 9.12606164 -7.73984906 8.49367089
v 9.12606164 -7.73984906 8.55696203
v 9.12606164 -7.73984906 8.62025316
v 9.12606164 -7.73984906 8.6835443
v 9.98868891 -7.65891238 8.30379747
v 9.98868891 -7.65891238 8.36708861
v 9.98868891 -7.65891238 8.43037975
v 9.98868891 -7.65891238 8.49367089
v 9.98868891 -7.65891238 8.55696203
v 9.98868891 -7.65891238 8.62025316
v 9.98868891 -7.65891238 8.6835443
v 9.98868891 -7.65891238 8.74683544
v 10.91432924 -8.2233763 8.30379747
v 10.91432924 -8.2233763 8.36708861
v 10.91432924 -8.2233763 8.43037975
v 10.8985245 -8.06148488 8.30379747
v 10.8985245 -8.06148488 8.36708861
v 10.8985245 -8.06148488 8.43037975
v 10.91432924 -8.2233763 8.49367089
v 10.91432924 -8.2233763 8.55696203
v 10.91432924 -8.2233763 8.62025316
v 10.8985245 -8.06148488 8.49367089
v 10.8985245 -8.06148488 8.55696203
v 10.8985245 -8.06148488 8.62025316
v 10.88271977 -7.89959346 8.30379747
v 10.88271977 -7.89959346 8.36708861
v 10.88271977 -7.89959346 8.43037975
v 10.86691503 -7.73770204 8.30379747
v 10.86691503 -7.73770204 8.36708861
v 10.86691503 -7.73770204 8.43037975
v 10.88271977 -7.89959346 8.49367089
v 10.88271977 -7.89959346 8.55696203
v 10.88271977 -7.89959346 8.62025316
v 10.86691503 -7.73770204 8.49367089
v 10.86691503 -7.73770204 8.55696203
v 10.86691503 -7.73770204 8.62025316
v 10.91432924 -8.2233763 8.6835443
v 10.91432924 -8.2233763 8.74683544
v 10.91432924 -8.2233763 8.81012658
v 10.8985245 -8.06148488 8.6835443
v 10.8985245 -8.06148488 8.74683544
v 10.8985245 -8.06148488 8.81012658
v 10.88271977 -7.89959346 8.6835443
v 10.88271977 -7.89959346 8.74683544
v 10.88271977 -7.89959346 8.81012658
v 10.86691503 -7.73770204 8.6835443
v 10.86691503 -7.73770204 8.74683544
v 10.86691503 -7.73770204 8.81012658
v 10.85111029 -7.57581062 8.30379747
v 10.85111029 -7.57581062 8.36708861
v 10.85111029 -7.57581062 8.43037975
v 10.85111029 -7.57581062 8.49367089
v 10.85111029 -7.57581062 8.55696203
v 10.85111029 -7.57581062 8.62025316
v 10.85111029 -7.57581062 8.6835443
v 10.85111029 -7.57581062 8.74683544
v 10.85111029 -7.57581062 8.81012658
v 11.7796353 -7.48389572 8.81012658
v 9.00013058 -6.37931179 8.05063291
v 9.79467016 -5.61858706 8.05063291
v 10.73415524 -6.37781413 7.53797468
v 10.7847304 -6.89586667 7.87974684
v 10.7183505 -6.21592271 7.70886076
v 10.7183505 -6.21592271 8.05063291
v 0.48966186 -8.43003107 9.03797468
v 0.48966186 -8.43003107 9.36708861
v 1.35404881 -8.37077098 9.10126582
v 0.48966186 -8.43003107 9.69620253
v 1.35404881 -8.37077098 9.43037975
v 0.48966186 -8.43003107 10.02531646
v 1.35404881 -8.37077098 9.75949367
v 1.35404881 -8.37077098 10.08860759
v 0.48966186 -8.43003107 10.35443038
v 1.35404881 -8.37077098 10.41772152
v 0.48966186 -8.43003107 10.6835443
v 1.35404881 -8.37077098 10.74683544
v 0.48966186 -8.43003107 11.01265823
v 1.35404881 -8.37077098 11.07594937
v 0.48966186 -8.43003107 11.34177215
v 1.35404881 -8.37077098 11.40506329
v 0.48966186 -8.43003107 11.67088608
v 0.48966186 -8.43003107 12
v 1.35404881 -8.37077098 11.73417722
v 0.44379024 -7.74839636 9.03797468
v 0.44379024 -7.74839636 9.36708861
v 0.44379024 -7.74839636 9.69620253
v 0.39791862 -7.06676166 9.03797468
v 0.39791862 -7.06676166 9.36708861
v 0.39791862 -7.06676166 9.69620253
v 2.21828427 -8.30934132 9.16455696
v 2.21828427 -8.30934132 9.49367089
v 0.44379024 -7.74839636 10.02531646
v 0.44379024 -7.74839636 10.35443038
v 0.39791862 -7.06676166 10.02531646
v 0.39791862 -7.06676166 10.35443038
v 2.21828427 -8.30934132 9.82278481
v 2.21828427 -8.30934132 10.15189873
v 2.21828427 -8.30934132 10.48101266
v 0.35204699 -6.38512696 9.03797468
v 0.35204699 -6.38512696 9.36708861
v 0.35204699 -6.38512696 9.69620253
v 0.30617537 -5.70349225 9.03797468
v 0.30617537 -5.70349225 9.36708861
v 0.30617537 -5.70349225 9.69620253
v 0.35204699 -6.38512696 10.02531646
v 0.35204699 -6.38512696 10.35443038
v 0.30617537 -5.70349225 10.02531646
v 0.30617537 -5.70349225 10.35443038
v 3.08236282 -8.24574248 9.2278481
v 3.946279 -8.17997487 9.29113924
v 3.08236282 -8.24574248 9.55696203
v 3.946279 -8.17997487 9.62025316
v 4.81002737 -8.1120389 9.02531646
v 4.81002737 -8.1120389 9.35443038
v 5.67360249 -8.04193499 9.08860759
v 4.81002737 -8.1120389 9.6835443
v 5.67360249 -8.04193499 9.41772152
v 5.67360249 -8.04193499 9.74683544
v 3.08236282 -8.24574248 9.88607595
v 3.946279 -8.17997487 9.94936709
v 3.08236282 -8.24574248 10.21518987
v 3.946279 -8.17997487 10.27848101
v 4.81002737 -8.1120389 10.01265823
v 5.67360249 -8.04193499 10.07594937
v 4.81002737 -8.1120389 10.34177215
v 5.67360249 -8.04193499 10.40506329
v 0.44379024 -7.74839636 10.6835443
v 0.44379024 -7.74839636 11.01265823
v 0.39791862 -7.06676166 10.6835443
v 0.39791862 -7.06676166 11.01265823
v 2.21828427 -8.30934132 10.81012658
v 2.21828427 -8.30934132 11.13924051
v 0.44379024 -7.74839636 11.34177215
v 0.44379024 -7.74839636 11.67088608
v 0.44379024 -7.74839636 12
v 0.39791862 -7.06676166 11.34177215
v 0.39791862 -7.06676166 11.67088608
v 0.39791862 -7.06676166 12
v 2.21828427 -8.30934132 11.46835443
v 2.41770114 -8.29485718 12
v 2.36801338 -7.61349002 12
v 0.35204699 -6.38512696 10.6835443
v 0.35204699 -6.38512696 11.01265823
v 0.30617537 -5.70349225 10.6835443
v 0.30617537 -5.70349225 11.01265823
v 0.35204699 -6.38512696 11.34177215
v 0.35204699 -6.38512696 11.67088608
v 0.35204699 -6.38512696 12
v 0.30617537 -5.70349225 11.34177215
v 0.30617537 -5.70349225 11.67088608
v 0.30617537 -5.70349225 12
v 2.31832561 -6.93212287 12
v 2.26863784 -6.25075571 12
v 3.08236282 -8.24574248 10.5443038
v 3.08236282 -8.24574248 10.87341772
v 3.946279 -8.17997487 10.60759494
v 3.08236282 -8.24574248 11.20253165
v 3.946279 -8.17997487 10.93670886
v 4.81002737 -8.1120389 10.67088608
v 5.00932951 -8.09605348 11.20253165
v 5.87286388 -8.02544934 10.93670886
v 4.14562064 -8.16448979 11.46835443
v 3.2817427 -8.23075782 11.73417722
v 4.34495328 -8.14888923 12
v 4.29145093 -7.46781098 12
v 5.20862236 -8.07995261 11.73417722
v 4.23794858 -6.78673274 12
v 4.18444623 -6.10565449 12
v 6.53699892 -7.96966359 9.15189873
v 6.53699892 -7.96966359 9.48101266
v 7.40021121 -7.89522516 9.21518987
v 8.26323393 -7.81862015 9.27848101
v 7.40021121 -7.89522516 9.5443038
v 8.26323393 -7.81862015 9.60759494
v 6.53699892 -7.96966359 9.81012658
v 6.53699892 -7.96966359 10.13924051
v 7.40021121 -7.89522516 9.87341772
v 7.59938732 -7.87773936 10.40506329
v 8.46236553 -7.80063445 10.13924051
v 9.12606164 -7.73984906 9.01265823
v 9.12606164 -7.73984906 9.34177215
v 9.98868891 -7.65891238 9.07594937
v 10.1877277 -7.6399272 9.60759494
v 11.0501008 -7.55632588 9.34177215
v 9.32514746 -7.72136356 9.87341772
v 9.52422254 -7.70276274 10.40506329
v 11.24907999 -7.53672588 9.87341772
v 10.38675546 -7.62082673 10.13924051
v 11.44804779 -7.51701061 10.40506329
v 6.73621829 -7.95267782 10.67088608
v 6.9354278 -7.93557664 11.20253165
v 8.66148667 -7.78253339 10.67088608
v 7.79855327 -7.86013819 10.93670886
v 6.07211568 -8.00884827 11.46835443
v 6.27135784 -7.99213178 12
v 7.13462737 -7.91836007 11.73417722
v 6.21404258 -7.3113638 12
v 7.997709 -7.84242165 11.46835443
v 8.19685442 -7.82458975 12
v 8.13572806 -7.14415339 12
v 6.15672733 -6.63059583 12
v 6.09941207 -5.94982785 12
v 8.0746017 -6.46371703 12
v 8.01347533 -5.78328067 12
v 8.86059729 -7.764317 11.20253165
v 9.72328681 -7.6840466 10.93670886
v 10.58577212 -7.60161096 10.67088608
v 10.78477762 -7.58227992 11.20253165
v 11.64700413 -7.49718009 10.93670886
v 9.05969733 -7.74598527 11.73417722
v 9.9223402 -7.66521515 11.46835443
v 10.12138266 -7.64626841 12
v 10.98377188 -7.5628336 11.73417722
v 10.0564471 -6.96618499 12
v 9.99151155 -6.28610158 12
v 9.92657599 -5.60601817 12
v 0.26030374 -5.02185755 8.05063291
v 1.11613634 -4.96318392 8.05063291
v 0.21443212 -4.34022284 8.05063291
v 1.06855385 -4.28166651 8.05063291
v 1.97181896 -4.9023622 8.05063291
v 2.87834953 -5.52066271 8.05063291
v 1.9225259 -4.22096637 8.05063291
v 2.82734621 -4.83939276 8.05063291
v 0.26030374 -5.02185755 8.37974684
v 0.26030374 -5.02185755 8.70886076
v 0.21443212 -4.34022284 8.37974684
v 0.21443212 -4.34022284 8.70886076
v 0.16856049 -3.65858814 8.05063291
v 1.02097135 -3.6001491 8.05063291
v 0.12268887 -2.97695344 8.05063291
v 0.97338886 -2.91863169 8.05063291
v 1.87323283 -3.53957055 8.05063291
v 2.77634289 -4.15812282 8.05063291
v 1.82393977 -2.85817472 8.05063291
v 2.72533957 -3.47685288 8.05063291
v 2.67433625 -2.79558293 8.05063291
v 0.16856049 -3.65858814 8.37974684
v 0.16856049 -3.65858814 8.70886076
v 0.12268887 -2.97695344 8.37974684
v 0.12268887 -2.97695344 8.70886076
v 3.73542596 -5.45541579 8.05063291
v 3.68271271 -4.77427602 8.05063291
v 4.59233592 -5.38801768 8.05063291
v 5.44907399 -5.31846879 8.05063291
v 4.53791305 -4.70701237 8.05063291
v 5.39294186 -4.63760224 8.05063291
v 3.62999945 -4.09313625 8.05063291
v 3.57728619 -3.41199648 8.05063291
v 4.48349019 -4.02600706 8.05063291
v 5.33680973 -3.95673569 8.05063291
v 4.42906732 -3.34500176 8.05063291
v 0.07681724 -2.29531873 8.05063291
v 0.92580636 -2.23711427 8.05063291
v 0.03094562 -1.61368403 8.05063291
v 0.87822387 -1.55559686 8.05063291
v 1.77464671 -2.1767789 8.05063291
v 2.62333293 -2.11431299 8.05063291
v 1.72535365 -1.49538308 8.05063291
v 0.07681724 -2.29531873 8.37974684
v 0.07681724 -2.29531873 8.70886076
v 0.03094562 -1.61368403 8.37974684
v 0.03094562 -1.61368403 8.70886076
v 0.83064138 -0.87407945 8.05063291
v 2.45415291 -0.7567953 8.06635224
v 1.55971769 -0.13743518 8.06635224
v 3.52457293 -2.73085671 8.05063291
v 4.3202216 -1.98299114 8.05063291
v 5.22454548 -2.59500259 8.05063291
v 3.35184997 -1.37377847 8.06635224
v 3.17966952 -0.01664485 8.08207157
v 4.14422855 -0.6263399 8.06635224
v 5.11228123 -1.23326949 8.05063291
v 10.61403924 -5.14743935 6.17088608
v 10.5982345 -4.98554793 6.34177215
v 10.64880966 -5.50360047 6.6835443
v 10.53185461 -4.30560397 6.17088608
v 10.58242976 -4.82365651 6.51265823
v 10.56662503 -4.66176509 6.6835443
v 10.63300492 -5.34170905 6.85443038
v 10.61720019 -5.17981763 7.02531646
v 10.60139545 -5.01792621 7.19620253
v 10.55082029 -4.49987367 6.85443038
v 10.53501555 -4.33798225 7.02531646
v 10.58559071 -4.85603479 7.36708861
v 10.51604987 -4.14371255 6.34177215
v 10.50024513 -3.98182113 6.51265823
v 10.4844404 -3.81992972 6.6835443
v 10.44966998 -3.4637686 6.17088608
v 10.43386524 -3.30187718 6.34177215
v 10.4180605 -3.13998576 6.51265823
v 10.40225576 -2.97809434 6.6835443
v 10.46863566 -3.6580383 6.85443038
v 10.45283092 -3.49614688 7.02531646
v 10.51921082 -4.17609084 7.19620253
v 10.45283092 -3.49614688 7.36708861
v 10.38645103 -2.81620292 6.85443038
v 10.38645103 -2.81620292 7.19620253
v 6.30563478 -5.24676957 8.05063291
v 7.1620129 -5.17292048 8.05063291
v 6.24779374 -4.56604607 8.05063291
v 7.9569452 -4.41649742 8.05063291
v 7.04291374 -3.81176814 8.05063291
v 6.13211168 -3.20459906 8.05063291
v 8.74826846 -3.65823724 8.05063291
v 7.8344297 -3.05564832 8.05063291
v 8.87419952 -5.01877452 8.05063291
v 9.66532433 -4.25837018 8.05063291
v 10.65197061 -5.53597875 7.53797468
v 10.65197061 -5.53597875 7.87974684
v 10.58559071 -4.85603479 7.70886076
v 10.58559071 -4.85603479 8.05063291
v 9.53597849 -2.89815331 8.05063291
v 10.51921082 -4.17609084 7.53797468
v 10.45283092 -3.49614688 7.70886076
v 10.51921082 -4.17609084 7.87974684
v 10.45283092 -3.49614688 8.05063291
v 10.38645103 -2.81620292 7.53797468
v 10.38645103 -2.81620292 7.87974684
v 10.28530071 -1.78009784 6.17088608
v 10.26949598 -1.61820643 6.34177215
v 10.25369124 -1.45631501 6.51265823
v 10.36748534 -2.62193322 6.17088608
v 10.35168061 -2.4600418 6.34177215
v 10.33587587 -2.29815038 6.51265823
v 10.32007113 -2.13625896 6.6835443
v 10.25369124 -1.45631501 6.85443038
v 10.25369124 -1.45631501 7.19620253
v 10.32007113 -2.13625896 7.02531646
v 10.32007113 -2.13625896 7.36708861
v 10.10628793 -1.01085912 6
v 10.21020337 -1.01085912 6
v 10.20311608 -0.93826247 6.17088608
v 10.18731134 -0.77637105 6.34177215
v 9.98577212 -0.79598554 6.72189946
v 10.12093145 -0.09642709 6.17088608
v 9.91979918 -0.11600198 6.55101339
v 10.18731134 -0.77637105 7.02531646
v 10.18731134 -0.77637105 7.36708861
v 9.91979918 -0.11600198 6.89278554
v 10.12093145 -0.09642709 7.19620253
v 6.92381458 -2.4506158 8.05063291
v 6.01642961 -1.84315205 8.05063291
v 8.6223374 -2.29769997 8.05063291
v 7.71191421 -1.69479923 8.05063291
v 6.80471543 -1.08946346 8.05063291
v 5.90074754 -0.48170504 8.05063291
v 8.49640634 -0.9371627 8.05063291
v 7.58939871 -0.33395014 8.05063291
v 10.25369124 -1.45631501 7.53797468
v 9.40663266 -1.53793643 8.05063291
v 10.25369124 -1.45631501 7.87974684
v 10.32007113 -2.13625896 7.70886076
v 10.32007113 -2.13625896 8.05063291
v 10.18731134 -0.77637105 7.70886076
v 9.98577212 -0.79598554 8.06635224
v 10.12093145 -0.09642709 7.53797468
v 9.07610606 -0.1967895 8.06635224
v 9.91979918 -0.11600198 7.89546616
v 0.26030374 -5.02185755 9.03797468
v 0.26030374 -5.02185755 9.36708861
v 0.26030374 -5.02185755 9.69620253
v 0.21443212 -4.34022284 9.03797468
v 0.21443212 -4.34022284 9.36708861
v 0.21443212 -4.34022284 9.69620253
v 0.26030374 -5.02185755 10.02531646
v 0.26030374 -5.02185755 10.35443038
v 0.21443212 -4.34022284 10.02531646
v 0.21443212 -4.34022284 10.35443038
v 0.16856049 -3.65858814 9.03797468
v 0.16856049 -3.65858814 9.36708861
v 0.16856049 -3.65858814 9.69620253
v 0.12268887 -2.97695344 9.03797468
v 0.12268887 -2.97695344 9.36708861
v 0.12268887 -2.97695344 9.69620253
v 0.16856049 -3.65858814 10.02531646
v 0.16856049 -3.65858814 10.35443038
v 0.12268887 -2.97695344 10.02531646
v 0.12268887 -2.97695344 10.35443038
v 0.26030374 -5.02185755 10.6835443
v 0.26030374 -5.02185755 11.01265823
v 0.21443212 -4.34022284 10.6835443
v 0.21443212 -4.34022284 11.01265823
v 0.26030374 -5.02185755 11.34177215
v 0.26030374 -5.02185755 11.67088608
v 0.26030374 -5.02185755 12
v 0.21443212 -4.34022284 11.34177215
v 0.21443212 -4.34022284 11.67088608
v 0.21443212 -4.34022284 12
v 2.16926231 -4.8880214 12
v 2.21895008 -5.56938856 12
v 2.11957455 -4.20665424 12
v 0.16856049 -3.65858814 10.6835443
v 0.16856049 -3.65858814 11.01265823
v 0.12268887 -2.97695344 10.6835443
v 0.12268887 -2.97695344 11.01265823
v 0.16856049 -3.65858814 11.34177215
v 0.16856049 -3.65858814 11.67088608
v 0.16856049 -3.65858814 12
v 0.12268887 -2.97695344 11.34177215
v 0.12268887 -2.97695344 11.67088608
v 0.12268887 -2.97695344 12
v 2.06988678 -3.52528709 12
v 2.02019901 -2.84391993 12
v 4.13094388 -5.42457625 12
v 4.07744153 -4.74349801 12
v 4.02393918 -4.06241976 12
v 3.97043683 -3.38134152 12
v 5.87015105 -3.22675595 12
v 0.07681724 -2.29531873 9.03797468
v 0.07681724 -2.29531873 9.36708861
v 0.07681724 -2.29531873 9.69620253
v 0.03094562 -1.61368403 9.03797468
v 0.03094562 -1.61368403 9.36708861
v 0.03094562 -1.61368403 9.69620253
v 0.07681724 -2.29531873 10.02531646
v 0.07681724 -2.29531873 10.35443038
v 0.03094562 -1.61368403 10.02531646
v 0.03094562 -1.61368403 10.35443038
v 0.07681724 -2.29531873 10.6835443
v 0.07681724 -2.29531873 11.01265823
v 0.03094562 -1.61368403 10.6835443
v 0.03094562 -1.61368403 11.01265823
v 0.07681724 -2.29531873 11.34177215
v 0.07681724 -2.29531873 11.67088608
v 0.07681724 -2.29531873 12
v 0.03094562 -1.61368403 11.34177215
v 0.03094562 -1.61368403 11.67088608
v 0.03094562 -1.61368403 12
v 1.97051125 -2.16255278 12
v 1.92082348 -1.48118562 12
v 1.87113572 -0.79981846 12
v 3.91693448 -2.70026328 12
v 3.86343213 -2.01918503 12
v 5.8128358 -2.54598797 12
v 5.75552054 -1.86522 12
v 3.80992978 -1.33810679 12
v 5.49115046 -0.51625737 11.95032692
v 6.04209682 -5.26905987 12
v 5.98478156 -4.5882919 12
v 7.95234897 -5.1028443 12
v 7.89122261 -4.42240794 12
v 5.92746631 -3.90752392 12
v 7.83009624 -3.74197158 12
v 7.76896988 -3.06153522 12
v 9.86164044 -4.92593475 12
v 9.79670488 -4.24585134 12
v 11.76991135 -4.73833676 12
v 9.73176933 -3.56576793 12
v 9.66683377 -2.88568451 12
v 11.70116864 -4.05862762 12
v 11.63242593 -3.37891848 12
v 7.70784352 -2.38109886 12
v 7.43562114 -1.03366487 11.95032692
v 9.53696266 -1.52551768 12
v 11.49494051 -2.0195002 12
v 9.25750217 -0.17960032 11.95032692
v 11.35745509 -0.66008192 12
v 11.97454305 -9.42607295 6
v 11.97454305 -9.42607295 6.23417722
v 12.90806568 -9.33111437 6
v 12.90806568 -9.33111437 6.23417722
v 11.97454305 -9.42607295 6.46835443
v 11.97454305 -9.42607295 6.70253165
v 12.90806568 -9.33111437 6.46835443
v 12.90806568 -9.33111437 6.70253165
v 13.8413282 -9.23363259 6
v 13.8413282 -9.23363259 6.23417722
v 13.8413282 -9.23363259 6.46835443
v 13.8413282 -9.23363259 6.70253165
v 11.97454305 -9.42607295 6.93670886
v 12.90806568 -9.33111437 6.93670886
v 11.97454305 -9.42607295 7.17088608
v 11.97454305 -9.42607295 7.40506329
v 12.90806568 -9.33111437 7.17088608
v 12.90806568 -9.33111437 7.40506329
v 13.8413282 -9.23363259 6.93670886
v 13.8413282 -9.23363259 7.17088608
v 13.8413282 -9.23363259 7.40506329
v 14.77432379 -9.13362832 6
v 14.77432379 -9.13362832 6.23417722
v 14.77432379 -9.13362832 6.46835443
v 14.77432379 -9.13362832 6.70253165
v 15.70704564 -9.03110229 6
v 15.70704564 -9.03110229 6.23417722
v 15.70704564 -9.03110229 6.46835443
v 15.70704564 -9.03110229 6.70253165
v 16.63948693 -8.92605526 6
v 16.63948693 -8.92605526 6.23417722
v 17.57164084 -8.81848799 6
v 17.57164084 -8.81848799 6.23417722
v 16.63948693 -8.92605526 6.46835443
v 16.63948693 -8.92605526 6.70253165
v 17.57164084 -8.81848799 6.46835443
v 17.57164084 -8.81848799 6.70253165
v 14.77432379 -9.13362832 6.93670886
v 14.77432379 -9.13362832 7.17088608
v 14.77432379 -9.13362832 7.40506329
v 15.70704564 -9.03110229 6.93670886
v 15.70704564 -9.03110229 7.17088608
v 15.70704564 -9.03110229 7.40506329
v 16.63948693 -8.92605526 6.93670886
v 17.57164084 -8.81848799 6.93670886
v 16.63948693 -8.92605526 7.17088608
v 16.63948693 -8.92605526 7.40506329
v 17.57164084 -8.81848799 7.17088608
v 17.57164084 -8.81848799 7.40506329
v 11.97454305 -9.42607295 7.63924051
v 11.97454305 -9.42607295 7.87341772
v 12.90806568 -9.33111437 7.63924051
v 12.90806568 -9.33111437 7.87341772
v 11.97454305 -9.42607295 8.10759494
v 12.90806568 -9.33111437 8.10759494
v 13.8413282 -9.23363259 7.63924051
v 13.8413282 -9.23363259 7.87341772
v 13.8413282 -9.23363259 8.10759494
v 11.97454305 -9.42607295 8.34177215
v 11.97454305 -9.42607295 8.57594937
v 12.90806568 -9.33111437 8.34177215
v 12.90806568 -9.33111437 8.57594937
v 11.97454305 -9.42607295 8.81012658
v 11.95830074 -9.26422485 8.81012658
v 11.94205842 -9.10237675 8.81012658
v 12.90806568 -9.33111437 8.81012658
v 12.89138591 -9.16931076 8.81012658
v 11.92581611 -8.94052864 8.81012658
v 11.9095738 -8.77868054 8.81012658
v 11.89333149 -8.61683244 8.81012658
v 11.87708918 -8.45498434 8.81012658
v 12.87470614 -9.00750716 8.81012658
v 12.85802637 -8.84570356 8.81012658
v 12.8413466 -8.68389995 8.81012658
v 12.82466683 -8.52209635 8.81012658
v 13.8413282 -9.23363259 8.34177215
v 13.8413282 -9.23363259 8.57594937
v 13.8413282 -9.23363259 8.81012658
v 13.82421109 -9.07187466 8.81012658
v 13.80709399 -8.91011674 8.81012658
v 13.78997689 -8.74835882 8.81012658
v 13.77285978 -8.58660089 8.81012658
v 13.75574268 -8.42484297 8.81012658
v 14.72166085 -8.64849513 8.81012658
v 14.70410654 -8.48678407 8.81012658
v 14.77432379 -9.13362832 7.63924051
v 14.77432379 -9.13362832 7.87341772
v 14.77432379 -9.13362832 8.10759494
v 15.70704564 -9.03110229 7.63924051
v 15.70704564 -9.03110229 7.87341772
v 15.70704564 -9.03110229 8.10759494
v 16.63948693 -8.92605526 7.63924051
v 16.63948693 -8.92605526 7.87341772
v 17.57164084 -8.81848799 7.63924051
v 17.57164084 -8.81848799 7.87341772
v 16.63948693 -8.92605526 8.10759494
v 17.57164084 -8.81848799 8.10759494
v 14.77432379 -9.13362832 8.34177215
v 14.77432379 -9.13362832 8.57594937
v 14.77432379 -9.13362832 8.81012658
v 15.70704564 -9.03110229 8.34177215
v 15.70704564 -9.03110229 8.57594937
v 14.75676948 -8.97191726 8.81012658
v 14.73921516 -8.8102062 8.81012658
v 15.70704564 -9.03110229 8.81012658
v 15.68905424 -8.86943928 8.81012658
v 15.67106285 -8.70777626 8.81012658
v 15.65307145 -8.54611324 8.81012658
v 15.63508006 -8.38445023 8.81012658
v 16.63948693 -8.92605526 8.34177215
v 16.63948693 -8.92605526 8.57594937
v 17.57164084 -8.81848799 8.34177215
v 17.57164084 -8.81848799 8.57594937
v 16.63948693 -8.92605526 8.81012658
v 16.62105858 -8.76444147 8.81012658
v 16.60263024 -8.60282768 8.81012658
v 16.58420189 -8.44121389 8.81012658
v 17.57164084 -8.81848799 8.81012658
v 17.55277568 -8.65692461 8.81012658
v 17.53391052 -8.49536122 8.81012658
v 11.86084686 -8.29313623 8.81012658
v 11.84460455 -8.13128813 8.81012658
v 11.82836224 -7.96944003 8.81012658
v 11.81211993 -7.80759193 8.81012658
v 12.80798706 -8.36029274 8.81012658
v 12.79130729 -8.19848914 8.81012658
v 12.77462753 -8.03668553 8.81012658
v 12.75794776 -7.87488193 8.81012658
v 12.74126799 -7.71307833 8.81012658
v 11.79587761 -7.64574382 8.81012658
v 12.72458822 -7.55127472 8.81012658
v 12.70790845 -7.38947112 8.81012658
v 13.73862558 -8.26308505 8.81012658
v 13.72150847 -8.10132712 8.81012658
v 13.70439137 -7.9395692 8.81012658
v 13.68727426 -7.77781127 8.81012658
v 14.68655222 -8.32507301 8.81012658
v 14.66899791 -8.16336195 8.81012658
v 14.6514436 -8.00165089 8.81012658
v 14.63388928 -7.83993983 8.81012658
v 14.61633497 -7.67822877 8.81012658
v 13.67015716 -7.61605335 8.81012658
v 13.65304006 -7.45429543 8.81012658
v 13.63592295 -7.2925375 8.81012658
v 14.59878066 -7.51651771 8.81012658
v 14.58122634 -7.35480665 8.81012658
v 14.56367203 -7.19309559 8.81012658
v 15.61708866 -8.22278721 8.81012658
v 15.59909727 -8.0611242 8.81012658
v 15.58110588 -7.89946118 8.81012658
v 15.56311448 -7.73779816 8.81012658
v 15.54512309 -7.57613515 8.81012658
v 15.52713169 -7.41447213 8.81012658
v 15.5091403 -7.25280911 8.81012658
v 15.4911489 -7.0911461 8.81012658
v 16.56577355 -8.2796001 8.81012658
v 16.5473452 -8.11798631 8.81012658
v 16.52891686 -7.95637252 8.81012658
v 16.51048851 -7.79475873 8.81012658
v 17.51504536 -8.33379784 8.81012658
v 17.4961802 -8.17223446 8.81012658
v 17.47731504 -8.01067107 8.81012658
v 17.45844988 -7.84910769 8.81012658
v 17.43958472 -7.68754431 8.81012658
v 16.49206017 -7.63314494 8.81012658
v 16.47363182 -7.47153115 8.81012658
v 16.45520348 -7.30991736 8.81012658
v 16.43677513 -7.14830357 8.81012658
v 16.41834679 -6.98668978 8.81012658
v 17.42071956 -7.52598092 8.81012658
v 17.4018544 -7.36441754 8.81012658
v 17.38298924 -7.20285416 8.81012658
v 17.36412407 -7.04129077 8.81012658
v 17.34525891 -6.87972739 8.81012658
v 18.50350056 -8.70840127 6
v 18.50350056 -8.70840127 6.23417722
v 18.50350056 -8.70840127 6.46835443
v 18.50350056 -8.70840127 6.70253165
v 19.43505929 -8.59579589 6
v 19.43505929 -8.59579589 6.23417722
v 20.36631021 -8.4806727 6
v 20.36631021 -8.4806727 6.23417722
v 19.43505929 -8.59579589 6.46835443
v 19.43505929 -8.59579589 6.70253165
v 20.36631021 -8.4806727 6.46835443
v 20.36631021 -8.4806727 6.70253165
v 18.50350056 -8.70840127 6.93670886
v 18.50350056 -8.70840127 7.17088608
v 18.50350056 -8.70840127 7.40506329
v 19.43505929 -8.59579589 6.93670886
v 20.36631021 -8.4806727 6.93670886
v 19.43505929 -8.59579589 7.17088608
v 19.43505929 -8.59579589 7.40506329
v 20.36631021 -8.4806727 7.17088608
v 20.36631021 -8.4806727 7.40506329
v 21.03711129 -11.16090938 6
v 21.03711129 -8.39590518 6
v 18.50350056 -8.70840127 7.63924051
v 18.50350056 -8.70840127 7.87341772
v 18.50350056 -8.70840127 8.10759494
v 19.43505929 -8.59579589 7.63924051
v 19.43505929 -8.59579589 7.87341772
v 20.36631021 -8.4806727 7.63924051
v 20.36631021 -8.4806727 7.87341772
v 19.43505929 -8.59579589 8.10759494
v 20.36631021 -8.4806727 8.10759494
v 18.50350056 -8.70840127 8.34177215
v 18.50350056 -8.70840127 8.57594937
v 18.50350056 -8.70840127 8.81012658
v 18.48419872 -8.54688947 8.81012658
v 18.46489688 -8.38537767 8.81012658
v 19.43505929 -8.59579589 8.34177215
v 19.43505929 -8.59579589 8.57594937
v 20.36631021 -8.4806727 8.34177215
v 20.36631021 -8.4806727 8.57594937
v 19.43505929 -8.59579589 8.81012658
v 19.41532091 -8.43433687 8.81012658
v 20.36631021 -8.4806727 8.81012658
v 21.29724652 -8.36303251 6
v 21.29724652 -8.36303251 6.23417722
v 21.29724652 -8.36303251 6.46835443
v 21.29724652 -8.36303251 6.70253165
v 21.19006927 -7.52401276 6
v 22.07632227 -7.08156195 6.34177215
v 22.22786142 -8.24287621 6
v 22.20681432 -8.08158256 6.17088608
v 22.22786142 -8.24287621 6.23417722
v 22.18576721 -7.92028891 6.34177215
v 22.22786142 -8.24287621 6.46835443
v 22.20681432 -8.08158256 6.40506329
v 22.22786142 -8.24287621 6.70253165
v 22.20681432 -8.08158256 6.63924051
v 22.16472011 -7.75899527 6.51265823
v 22.18576721 -7.92028891 6.57594937
v 22.16472011 -7.75899527 6.74683544
v 22.11841648 -7.40414925 6
v 22.09736937 -7.2428556 6.17088608
v 22.143673 -7.59770162 6.6835443
v 21.29724652 -8.36303251 6.93670886
v 21.29724652 -8.36303251 7.17088608
v 21.29724652 -8.36303251 7.40506329
v 22.08053169 -7.11382068 7.19620253
v 22.08053169 -7.11382068 7.43037975
v 22.22786142 -8.24287621 6.93670886
v 22.20681432 -8.08158256 6.87341772
v 22.20681432 -8.08158256 7.10759494
v 22.18576721 -7.92028891 6.81012658
v 22.18576721 -7.92028891 7.0443038
v 22.16472011 -7.75899527 6.98101266
v 22.22786142 -8.24287621 7.17088608
v 22.22786142 -8.24287621 7.40506329
v 22.20681432 -8.08158256 7.34177215
v 22.18576721 -7.92028891 7.27848101
v 22.16472011 -7.75899527 7.21518987
v 22.16472011 -7.75899527 7.44936709
v 22.143673 -7.59770162 6.91772152
v 22.1226259 -7.43640797 6.85443038
v 22.1226259 -7.43640797 7.08860759
v 22.10157879 -7.27511433 7.02531646
v 22.143673 -7.59770162 7.15189873
v 22.143673 -7.59770162 7.38607595
v 22.1226259 -7.43640797 7.32278481
v 22.10157879 -7.27511433 7.25949367
v 22.10157879 -7.27511433 7.49367089
v 21.08289201 -6.684993 6
v 22.00897153 -6.56542228 6
v 21.98792443 -6.40412864 6.17088608
v 22.05527516 -6.92026831 6.51265823
v 22.03422806 -6.75897466 6.6835443
v 21.96687732 -6.24283499 6.34177215
v 21.89952659 -5.72669532 6
v 21.94583022 -6.08154134 6.51265823
v 21.92478311 -5.9202477 6.6835443
v 22.01318095 -6.59768101 6.85443038
v 21.99213385 -6.43638737 7.02531646
v 22.05948458 -6.95252704 7.36708861
v 21.90373601 -5.75895405 6.85443038
v 21.8826889 -5.5976604 7.02531646
v 21.97108674 -6.27509372 7.19620253
v 21.95003964 -6.11380007 7.36708861
v 18.38768953 -7.73933049 8.81012658
v 18.44559505 -8.22386588 8.81012658
v 18.42629321 -8.06235408 8.81012658
v 18.40699137 -7.90084229 8.81012658
v 18.3683877 -7.5778187 8.81012658
v 18.34908586 -7.4163069 8.81012658
v 18.32978402 -7.25479511 8.81012658
v 18.31048218 -7.09328331 8.81012658
v 19.39558254 -8.27287784 8.81012658
v 19.37584416 -8.11141881 8.81012658
v 19.35610579 -7.94995978 8.81012658
v 19.33636742 -7.78850075 8.81012658
v 20.34613544 -8.31926762 8.81012658
v 20.32596068 -8.15786254 8.81012658
v 20.30578591 -7.99645746 8.81012658
v 20.28561114 -7.83505238 8.81012658
v 20.26543638 -7.6736473 8.81012658
v 19.31662904 -7.62704173 8.81012658
v 19.29689067 -7.4655827 8.81012658
v 19.27715229 -7.30412367 8.81012658
v 19.25741392 -7.14266464 8.81012658
v 19.23767555 -6.98120562 8.81012658
v 20.24526161 -7.51224222 8.81012658
v 20.22508685 -7.35083714 8.81012658
v 20.20491208 -7.18943206 8.81012658
v 20.18473731 -7.02802698 8.81012658
v 18.29118035 -6.93177151 8.81012658
v 18.27187851 -6.77025972 8.81012658
v 19.21793717 -6.81974659 8.81012658
v 19.1981988 -6.65828756 8.81012658
v 20.16456255 -6.8666219 8.81012658
v 20.14438778 -6.70521682 8.81012658
v 20.12421302 -6.54381174 8.81012658
v 21.29724652 -8.36303251 7.63924051
v 21.29724652 -8.36303251 7.87341772
v 21.29724652 -8.36303251 8.10759494
v 22.08053169 -7.11382068 7.66455696
v 22.08053169 -7.11382068 7.89873418
v 22.08053169 -7.11382068 8.13291139
v 22.22786142 -8.24287621 7.63924051
v 22.20681432 -8.08158256 7.57594937
v 22.22786142 -8.24287621 7.87341772
v 22.20681432 -8.08158256 7.81012658
v 22.18576721 -7.92028891 7.51265823
v 22.16472011 -7.75899527 7.6835443
v 22.18576721 -7.92028891 7.74683544
v 22.20681432 -8.08158256 8.0443038
v 22.22786142 -8.24287621 8.10759494
v 22.18576721 -7.92028891 7.98101266
v 22.16472011 -7.75899527 7.91772152
v 22.18576721 -7.92028891 8.21518987
v 22.16472011 -7.75899527 8.15189873
v 22.143673 -7.59770162 7.62025316
v 22.1226259 -7.43640797 7.55696203
v 22.143673 -7.59770162 7.85443038
v 22.1226259 -7.43640797 7.79113924
v 22.10157879 -7.27511433 7.7278481
v 22.1226259 -7.43640797 8.02531646
v 22.143673 -7.59770162 8.08860759
v 22.10157879 -7.27511433 7.96202532
v 22.10157879 -7.27511433 8.19620253
v 21.29724652 -8.36303251 8.34177215
v 21.29724652 -8.36303251 8.57594937
v 21.29724652 -8.36303251 8.81012658
v 21.27663551 -8.20168256 8.81012658
v 21.2560245 -8.04033261 8.81012658
v 21.23541349 -7.87898266 8.81012658
v 21.21480248 -7.7176327 8.81012658
v 22.08053169 -7.11382068 8.36708861
v 22.08053169 -7.11382068 8.43037975
v 22.08053169 -7.11382068 8.49367089
v 22.08053169 -7.11382068 8.55696203
v 22.08053169 -7.11382068 8.62025316
v 21.19419147 -7.55628275 8.81012658
v 21.17358046 -7.3949328 8.81012658
v 21.15296945 -7.23358284 8.81012658
v 21.13235844 -7.07223289 8.81012658
v 22.08053169 -7.11382068 8.6835443
v 22.08053169 -7.11382068 8.74683544
v 22.08053169 -7.11382068 8.81012658
v 22.22786142 -8.24287621 8.34177215
v 22.20681432 -8.08158256 8.27848101
v 22.22786142 -8.24287621 8.57594937
v 22.20681432 -8.08158256 8.51265823
v 22.16472011 -7.75899527 8.38607595
v 22.18576721 -7.92028891 8.44936709
v 22.16472011 -7.75899527 8.62025316
v 22.22786142 -8.24287621 8.81012658
v 22.20681432 -8.08158256 8.74683544
v 22.20681432 -8.08158256 8.81012658
v 22.18576721 -7.92028891 8.6835443
v 22.18576721 -7.92028891 8.74683544
v 22.18576721 -7.92028891 8.81012658
v 22.16472011 -7.75899527 8.6835443
v 22.16472011 -7.75899527 8.74683544
v 22.16472011 -7.75899527 8.81012658
v 22.143673 -7.59770162 8.32278481
v 22.1226259 -7.43640797 8.25949367
v 22.143673 -7.59770162 8.55696203
v 22.143673 -7.59770162 8.62025316
v 22.1226259 -7.43640797 8.49367089
v 22.1226259 -7.43640797 8.55696203
v 22.1226259 -7.43640797 8.62025316
v 22.10157879 -7.27511433 8.43037975
v 22.10157879 -7.27511433 8.49367089
v 22.10157879 -7.27511433 8.55696203
v 22.10157879 -7.27511433 8.62025316
v 22.143673 -7.59770162 8.6835443
v 22.143673 -7.59770162 8.74683544
v 22.143673 -7.59770162 8.81012658
v 22.1226259 -7.43640797 8.6835443
v 22.1226259 -7.43640797 8.74683544
v 22.1226259 -7.43640797 8.81012658
v 22.10157879 -7.27511433 8.6835443
v 22.10157879 -7.27511433 8.74683544
v 22.10157879 -7.27511433 8.81012658
v 22.05948458 -6.95252704 7.60126582
v 22.03843748 -6.79123339 7.53797468
v 22.05948458 -6.95252704 7.83544304
v 22.03843748 -6.79123339 7.7721519
v 22.01739037 -6.62993974 7.70886076
v 22.01739037 -6.62993974 7.94303797
v 22.03843748 -6.79123339 8.00632911
v 22.05948458 -6.95252704 8.06962025
v 22.03843748 -6.79123339 8.24050633
v 22.01739037 -6.62993974 8.17721519
v 22.01739037 -6.62993974 8.24050633
v 21.99634327 -6.4686461 7.87974684
v 21.97529616 -6.30735245 8.05063291
v 21.99634327 -6.4686461 8.11392405
v 21.99634327 -6.4686461 8.17721519
v 21.99634327 -6.4686461 8.24050633
v 21.97529616 -6.30735245 8.11392405
v 21.97529616 -6.30735245 8.17721519
v 21.97529616 -6.30735245 8.24050633
v 21.92899253 -5.95250643 7.53797468
v 21.90794543 -5.79121278 7.70886076
v 21.88689832 -5.62991913 7.87974684
v 22.10746707 -6.29007959 8.05063291
v 22.10746707 -6.29007959 8.11392405
v 22.10746707 -6.29007959 8.17721519
v 22.10746707 -6.29007959 8.24050633
v 22.23963131 -6.2727557 8.05063291
v 22.37178884 -6.25538077 8.05063291
v 22.50393965 -6.2379548 8.05063291
v 22.63608372 -6.2204778 8.05063291
v 22.76822103 -6.20294977 8.05063291
v 22.23963131 -6.2727557 8.11392405
v 22.37178884 -6.25538077 8.11392405
v 22.23963131 -6.2727557 8.17721519
v 22.23963131 -6.2727557 8.24050633
v 22.37178884 -6.25538077 8.17721519
v 22.37178884 -6.25538077 8.24050633
v 22.50393965 -6.2379548 8.11392405
v 22.63608372 -6.2204778 8.11392405
v 22.76822103 -6.20294977 8.11392405
v 22.50393965 -6.2379548 8.17721519
v 22.63608372 -6.2204778 8.17721519
v 22.50393965 -6.2379548 8.24050633
v 22.63608372 -6.2204778 8.24050633
v 22.76822103 -6.20294977 8.17721519
v 22.76822103 -6.20294977 8.24050633
v 22.90035157 -6.18537071 8.05063291
v 23.0324753 -6.16774063 8.05063291
v 23.16459222 -6.15005953 8.05063291
v 23.2967023 -6.13232741 8.05063291
v 23.42880552 -6.11454427 8.05063291
v 23.56090187 -6.09671011 8.05063291
v 22.90035157 -6.18537071 8.11392405
v 23.0324753 -6.16774063 8.11392405
v 23.16459222 -6.15005953 8.11392405
v 22.90035157 -6.18537071 8.17721519
v 22.90035157 -6.18537071 8.24050633
v 23.0324753 -6.16774063 8.17721519
v 23.16459222 -6.15005953 8.17721519
v 23.0324753 -6.16774063 8.24050633
v 23.16459222 -6.15005953 8.24050633
v 23.2967023 -6.13232741 8.11392405
v 23.42880552 -6.11454427 8.11392405
v 23.2967023 -6.13232741 8.17721519
v 22.05948458 -6.95252704 8.30379747
v 22.05948458 -6.95252704 8.36708861
v 22.05948458 -6.95252704 8.43037975
v 22.03843748 -6.79123339 8.30379747
v 22.01739037 -6.62993974 8.30379747
v 22.03843748 -6.79123339 8.36708861
v 22.03843748 -6.79123339 8.43037975
v 22.01739037 -6.62993974 8.36708861
v 22.01739037 -6.62993974 8.43037975
v 22.05948458 -6.95252704 8.49367089
v 22.05948458 -6.95252704 8.55696203
v 22.05948458 -6.95252704 8.62025316
v 22.03843748 -6.79123339 8.49367089
v 22.01739037 -6.62993974 8.49367089
v 22.03843748 -6.79123339 8.55696203
v 22.03843748 -6.79123339 8.62025316
v 22.01739037 -6.62993974 8.55696203
v 22.01739037 -6.62993974 8.62025316
v 21.99634327 -6.4686461 8.30379747
v 21.99634327 -6.4686461 8.36708861
v 21.99634327 -6.4686461 8.43037975
v 21.97529616 -6.30735245 8.30379747
v 21.97529616 -6.30735245 8.36708861
v 21.97529616 -6.30735245 8.43037975
v 21.99634327 -6.4686461 8.49367089
v 21.99634327 -6.4686461 8.55696203
v 21.99634327 -6.4686461 8.62025316
v 21.97529616 -6.30735245 8.49367089
v 21.97529616 -6.30735245 8.55696203
v 21.97529616 -6.30735245 8.62025316
v 21.11174742 -6.91088294 8.81012658
v 21.09113641 -6.74953299 8.81012658
v 21.0705254 -6.58818303 8.81012658
v 21.04991439 -6.42683308 8.81012658
v 22.05948458 -6.95252704 8.6835443
v 22.05948458 -6.95252704 8.74683544
v 22.05948458 -6.95252704 8.81012658
v 22.03843748 -6.79123339 8.6835443
v 22.01739037 -6.62993974 8.6835443
v 22.03843748 -6.79123339 8.74683544
v 22.03843748 -6.79123339 8.81012658
v 22.01739037 -6.62993974 8.74683544
v 22.01739037 -6.62993974 8.81012658
v 21.99634327 -6.4686461 8.6835443
v 21.99634327 -6.4686461 8.74683544
v 21.99634327 -6.4686461 8.81012658
v 21.97529616 -6.30735245 8.6835443
v 21.97529616 -6.30735245 8.74683544
v 21.97529616 -6.30735245 8.81012658
v 22.10746707 -6.29007959 8.30379747
v 22.10746707 -6.29007959 8.36708861
v 22.10746707 -6.29007959 8.43037975
v 22.10746707 -6.29007959 8.49367089
v 22.10746707 -6.29007959 8.55696203
v 22.10746707 -6.29007959 8.62025316
v 22.10746707 -6.29007959 8.6835443
v 22.10746707 -6.29007959 8.74683544
v 22.23963131 -6.2727557 8.30379747
v 22.37178884 -6.25538077 8.30379747
v 22.23963131 -6.2727557 8.36708861
v 22.23963131 -6.2727557 8.43037975
v 22.37178884 -6.25538077 8.36708861
v 22.37178884 -6.25538077 8.43037975
v 22.50393965 -6.2379548 8.30379747
v 22.63608372 -6.2204778 8.30379747
v 22.76822103 -6.20294977 8.30379747
v 22.50393965 -6.2379548 8.36708861
v 22.63608372 -6.2204778 8.36708861
v 22.50393965 -6.2379548 8.43037975
v 22.63608372 -6.2204778 8.43037975
v 22.76822103 -6.20294977 8.36708861
v 22.76822103 -6.20294977 8.43037975
v 22.23963131 -6.2727557 8.49367089
v 22.37178884 -6.25538077 8.49367089
v 22.23963131 -6.2727557 8.55696203
v 22.23963131 -6.2727557 8.62025316
v 22.37178884 -6.25538077 8.55696203
v 22.37178884 -6.25538077 8.62025316
v 22.50393965 -6.2379548 8.49367089
v 22.63608372 -6.2204778 8.49367089
v 22.50393965 -6.2379548 8.55696203
v 22.90035157 -6.18537071 8.30379747
v 23.0324753 -6.16774063 8.30379747
v 22.90035157 -6.18537071 8.36708861
v 23.56090187 -6.09671011 8.37974684
v 23.16459222 -6.15005953 8.56962025
v 23.2967023 -6.13232741 8.50632911
v 23.42880552 -6.11454427 8.44303797
v 22.23963131 -6.2727557 8.6835443
v 22.76822103 -6.20294977 8.75949367
v 22.37178884 -6.25538077 8.94936709
v 22.63608372 -6.2204778 8.82278481
v 22.50393965 -6.2379548 8.88607595
v 22.90035157 -6.18537071 8.69620253
v 23.0324753 -6.16774063 8.63291139
v 23.42880552 -6.11454427 8.7721519
v 23.56090187 -6.09671011 8.70886076
v 23.16459222 -6.15005953 8.89873418
v 23.0324753 -6.16774063 8.96202532
v 23.2967023 -6.13232741 8.83544304
v 11.91226133 -7.47056013 9.07594937
v 12.84049794 -7.37577705 9.07594937
v 12.97308214 -7.36203179 9.34177215
v 12.11119069 -7.45046072 9.60759494
v 13.76847494 -7.27848507 9.07594937
v 13.9010215 -7.26438145 9.34177215
v 14.69618555 -7.17868488 9.07594937
v 14.0335626 -7.25022664 9.60759494
v 13.17194846 -7.34131789 9.87341772
v 12.31010838 -7.43024607 10.13924051
v 13.37080274 -7.3204888 10.40506329
v 14.23236397 -7.22889846 10.13924051
v 14.82869349 -7.16422301 9.34177215
v 15.62362298 -7.07637723 9.07594937
v 15.75609135 -7.0615572 9.34177215
v 14.96119584 -7.14970996 9.60759494
v 15.88855398 -7.04668602 9.60759494
v 15.09369258 -7.13514574 9.87341772
v 16.02101086 -7.03176368 9.87341772
v 15.29242711 -7.11320348 10.40506329
v 16.15346197 -7.0167902 10.13924051
v 16.55078046 -6.97156285 9.07594937
v 16.68320828 -6.95638478 9.34177215
v 17.47765121 -6.86424252 9.07594937
v 17.61003752 -6.84870652 9.34177215
v 16.81563023 -6.94115558 9.60759494
v 16.94804629 -6.92587523 9.87341772
v 17.08045643 -6.91054375 10.13924051
v 17.21286065 -6.89516114 10.40506329
v 12.50901432 -7.4099162 10.67088608
v 12.70790845 -7.38947112 11.20253165
v 14.43115296 -7.20745512 10.67088608
v 13.56964493 -7.29954453 10.93670886
v 14.62992949 -7.18589663 11.20253165
v 11.84594896 -7.47723433 11.46835443
v 12.0448822 -7.45717332 12
v 12.90679071 -7.36891082 11.73417722
v 13.76847494 -7.27848507 11.46835443
v 13.96729273 -7.25731044 12
v 11.97613949 -6.77746418 12
v 11.90739678 -6.09775504 12
v 13.89474502 -6.57799689 12
v 13.82219731 -5.89868333 12
v 15.4911489 -7.0911461 10.93670886
v 16.35212776 -6.99423406 10.67088608
v 15.68985788 -7.06897361 11.46835443
v 14.82869349 -7.16422301 11.73417722
v 15.88855398 -7.04668602 12
v 16.55078046 -6.97156285 11.20253165
v 17.41145581 -6.87199135 10.93670886
v 15.81220354 -6.36778935 12
v 15.73585311 -5.68889268 12
v 17.61003752 -6.84870652 11.46835443
v 16.74941999 -6.94877657 11.73417722
v 18.40422846 -6.75441701 9.07594937
v 18.53657229 -6.7385232 9.34177215
v 17.74241781 -6.8331194 9.60759494
v 18.66890996 -6.72257827 9.60759494
v 19.33050544 -6.64208714 9.07594937
v 19.46280582 -6.62583562 9.34177215
v 20.25647538 -6.52725371 9.07594937
v 20.38873134 -6.51064462 9.34177215
v 19.59509991 -6.60953302 9.60759494
v 20.52098088 -6.49398445 9.60759494
v 17.87479208 -6.81748115 9.87341772
v 18.80124147 -6.70658225 9.87341772
v 18.0071603 -6.80179179 10.13924051
v 18.13952245 -6.78605131 10.40506329
v 18.9335668 -6.69053512 10.13924051
v 19.06588591 -6.67443689 10.40506329
v 19.72738769 -6.59317932 9.87341772
v 19.85966915 -6.57677454 10.13924051
v 19.99194427 -6.56031868 10.40506329
v 21.18213151 -6.40991758 9.07594937
v 21.31434209 -6.39295102 9.34177215
v 21.44654611 -6.37593341 9.60759494
v 22.10746707 -6.29007959 9.07594937
v 22.23963131 -6.2727557 9.01265823
v 22.76822103 -6.20294977 9.08860759
v 22.63608372 -6.2204778 9.15189873
v 22.37178884 -6.25538077 9.27848101
v 22.23963131 -6.2727557 9.34177215
v 22.50393965 -6.2379548 9.21518987
v 22.90035157 -6.18537071 9.02531646
v 23.2967023 -6.13232741 9.16455696
v 23.42880552 -6.11454427 9.10126582
v 23.56090187 -6.09671011 9.03797468
v 23.16459222 -6.15005953 9.2278481
v 22.90035157 -6.18537071 9.35443038
v 23.0324753 -6.16774063 9.29113924
v 23.56090187 -6.09671011 9.36708861
v 22.76822103 -6.20294977 9.41772152
v 22.63608372 -6.2204778 9.48101266
v 22.50393965 -6.2379548 9.5443038
v 22.37178884 -6.25538077 9.60759494
v 22.76822103 -6.20294977 9.74683544
v 23.16459222 -6.15005953 9.55696203
v 23.42880552 -6.11454427 9.43037975
v 23.2967023 -6.13232741 9.49367089
v 23.0324753 -6.16774063 9.62025316
v 22.90035157 -6.18537071 9.6835443
v 23.56090187 -6.09671011 9.69620253
v 20.65322397 -6.4772732 9.87341772
v 21.57874354 -6.35886474 9.87341772
v 20.7854606 -6.46051089 10.13924051
v 20.91769075 -6.44369752 10.40506329
v 21.71093438 -6.34174502 10.13924051
v 21.84311859 -6.32457426 10.40506329
v 22.63608372 -6.2204778 9.81012658
v 22.50393965 -6.2379548 9.87341772
v 22.76822103 -6.20294977 10.07594937
v 23.16459222 -6.15005953 9.88607595
v 23.2967023 -6.13232741 9.82278481
v 23.42880552 -6.11454427 9.75949367
v 22.90035157 -6.18537071 10.01265823
v 23.0324753 -6.16774063 9.94936709
v 23.42880552 -6.11454427 10.08860759
v 23.56090187 -6.09671011 10.02531646
v 22.63608372 -6.2204778 10.13924051
v 22.76822103 -6.20294977 10.40506329
v 23.16459222 -6.15005953 10.21518987
v 23.0324753 -6.16774063 10.27848101
v 23.2967023 -6.13232741 10.15189873
v 22.90035157 -6.18537071 10.34177215
v 23.2967023 -6.13232741 10.48101266
v 23.42880552 -6.11454427 10.41772152
v 23.56090187 -6.09671011 10.35443038
v 18.27187851 -6.77025972 10.67088608
v 18.47040114 -6.74647649 11.20253165
v 19.1981988 -6.65828756 10.67088608
v 20.12421302 -6.54381174 10.67088608
v 19.33050544 -6.64208714 10.93670886
v 20.25647538 -6.52725371 10.93670886
v 20.38873134 -6.51064462 11.20253165
v 17.8086057 -6.82530667 12
v 18.66890996 -6.72257827 11.73417722
v 17.72845493 -6.14684817 12
v 19.52895365 -6.6176907 11.46835443
v 19.72738769 -6.59317932 12
v 20.58710323 -6.48563521 11.73417722
v 19.64343911 -5.91518027 12
v 21.04991439 -6.42683308 10.67088608
v 21.97529616 -6.30735245 10.67088608
v 21.18213151 -6.40991758 10.93670886
v 21.31434209 -6.39295102 11.20253165
v 22.10746707 -6.29007959 10.93670886
v 23.16459222 -6.15005953 10.5443038
v 22.90035157 -6.18537071 10.67088608
v 23.0324753 -6.16774063 10.60759494
v 23.56090187 -6.09671011 10.6835443
v 23.16459222 -6.15005953 10.87341772
v 23.42880552 -6.11454427 10.74683544
v 23.2967023 -6.13232741 10.81012658
v 22.23963131 -6.2727557 11.20253165
v 23.0324753 -6.16774063 10.93670886
v 23.56090187 -6.09671011 11.01265823
v 23.16459222 -6.15005953 11.20253165
v 23.2967023 -6.13232741 11.13924051
v 23.42880552 -6.11454427 11.07594937
v 21.44654611 -6.37593341 11.46835443
v 21.64483979 -6.35031126 12
v 21.55709602 -5.67279292 12
v 22.37178884 -6.25538077 11.46835443
v 23.42880552 -6.11454427 11.40506329
v 23.56090187 -6.09671011 11.34177215
v 23.2967023 -6.13232741 11.46835443
v 22.50393965 -6.2379548 11.73417722
v 23.42880552 -6.11454427 11.73417722
v 23.56090187 -6.09671011 11.67088608
v 23.56090187 -6.09671011 12
v 21.87847948 -5.56540167 6.17088608
v 21.85743238 -5.40410803 6.34177215
v 21.79008164 -4.88796836 6
v 21.83638527 -5.24281438 6.51265823
v 21.81533817 -5.08152073 6.6835443
v 21.76903454 -4.72667471 6.17088608
v 21.74798743 -4.56538107 6.34177215
v 21.72694033 -4.40408742 6.51265823
v 21.70589322 -4.24279377 6.6835443
v 21.79429106 -4.92022709 6.85443038
v 21.8616418 -5.43636676 7.19620253
v 21.84059469 -5.27507311 7.36708861
v 21.77324396 -4.75893344 7.02531646
v 21.75219685 -4.59763979 7.19620253
v 21.73114975 -4.43634615 7.36708861
v 21.68063669 -4.0492414 6
v 21.65958959 -3.88794775 6.17088608
v 21.63854248 -3.7266541 6.34177215
v 21.61749538 -3.56536046 6.51265823
v 21.55014464 -3.04922079 6.17088608
v 21.52909754 -2.88792714 6.34177215
v 21.59644828 -3.40406681 6.6835443
v 21.68484612 -4.08150013 6.85443038
v 21.66379901 -3.92020648 7.02531646
v 21.64275191 -3.75891283 7.19620253
v 21.6217048 -3.59761919 7.36708861
v 21.57540117 -3.24277316 6.85443038
v 21.55435407 -3.08147952 7.02531646
v 21.53330696 -2.92018587 7.19620253
v 21.81954759 -5.11377946 7.53797468
v 21.79850048 -4.95248582 7.70886076
v 21.79850048 -4.95248582 8.05063291
v 21.93014819 -4.93528134 8.05063291
v 22.06178923 -4.91802602 8.05063291
v 21.71010264 -4.2750525 7.53797468
v 21.71010264 -4.2750525 7.87974684
v 22.19342361 -4.90071987 8.05063291
v 22.32505129 -4.88336289 8.05063291
v 22.45667226 -4.86595507 8.05063291
v 22.5882865 -4.84849643 8.05063291
v 22.71989399 -4.83098696 8.05063291
v 22.8514947 -4.81342667 8.05063291
v 22.98308862 -4.79581555 8.05063291
v 23.11467574 -4.77815362 8.05063291
v 23.24625602 -4.76044088 8.05063291
v 23.37782945 -4.74267732 8.05063291
v 23.37782945 -4.74267732 8.37974684
v 23.37782945 -4.74267732 8.70886076
v 21.6217048 -3.59761919 7.70886076
v 21.6217048 -3.59761919 8.05063291
v 21.7528293 -3.58048308 8.05063291
v 21.88394716 -3.56329635 8.05063291
v 22.01505838 -3.54605897 8.05063291
v 21.53330696 -2.92018587 7.53797468
v 21.53330696 -2.92018587 7.87974684
v 22.14616294 -3.52877097 8.05063291
v 22.27726081 -3.51143234 8.05063291
v 22.40835197 -3.49404308 8.05063291
v 22.53943641 -3.4766032 8.05063291
v 22.6705141 -3.4591127 8.05063291
v 22.80158503 -3.44157158 8.05063291
v 22.93264917 -3.42397984 8.05063291
v 23.06370652 -3.40633749 8.05063291
v 23.19475703 -3.38864453 8.05063291
v 23.19475703 -3.38864453 8.37974684
v 23.19475703 -3.38864453 8.70886076
v 21.4406997 -2.21049383 6.17088608
v 21.50805043 -2.72663349 6.51265823
v 21.48700333 -2.56533985 6.6835443
v 21.41965259 -2.04920018 6.34177215
v 21.39860549 -1.88790653 6.51265823
v 21.37755838 -1.72661289 6.6835443
v 21.46595622 -2.4040462 6.85443038
v 21.44490912 -2.24275255 7.02531646
v 21.44490912 -2.24275255 7.36708861
v 21.35651128 -1.56531924 6.85443038
v 21.35651128 -1.56531924 7.19620253
v 21.33125475 -1.37176686 6.17088608
v 21.31020765 -1.21047322 6.34177215
v 21.28916054 -1.04917957 6.51265823
v 21.26811344 -0.88788592 6.6835443
v 21.22180981 -0.5330399 6.17088608
v 21.2007627 -0.37174625 6.34177215
v 21.1797156 -0.21045261 6.51265823
v 21.26811344 -0.88788592 7.02531646
v 21.26811344 -0.88788592 7.36708861
v 21.1797156 -0.21045261 6.85443038
v 21.1797156 -0.21045261 7.19620253
v 21.44490912 -2.24275255 7.70886076
v 21.44490912 -2.24275255 8.05063291
v 21.57551041 -2.22568483 8.05063291
v 21.70610509 -2.20856667 8.05063291
v 21.83669316 -2.19139808 8.05063291
v 21.96727458 -2.17417905 8.05063291
v 21.35651128 -1.56531924 7.53797468
v 21.35651128 -1.56531924 7.87974684
v 22.09784935 -2.15690961 8.05063291
v 22.22841744 -2.13958973 8.05063291
v 22.35897883 -2.12221944 8.05063291
v 22.4895335 -2.10479873 8.05063291
v 22.62008143 -2.0873276 8.05063291
v 22.75062261 -2.06980606 8.05063291
v 22.88115701 -2.05223411 8.05063291
v 23.01168462 -2.03461175 8.05063291
v 23.01168462 -2.03461175 8.37974684
v 23.01168462 -2.03461175 8.70886076
v 21.26811344 -0.88788592 7.70886076
v 21.26811344 -0.88788592 8.05063291
v 21.39819152 -0.87088657 8.05063291
v 21.52826302 -0.85383699 8.05063291
v 21.65832793 -0.83673718 8.05063291
v 21.78838623 -0.81958714 8.05063291
v 21.91843789 -0.80238687 8.05063291
v 22.04848291 -0.78513639 8.05063291
v 21.1797156 -0.21045261 7.53797468
v 21.1797156 -0.21045261 7.87974684
v 22.17852125 -0.76783568 8.05063291
v 22.3085529 -0.75048476 8.05063291
v 22.43857784 -0.73308362 8.05063291
v 22.56859605 -0.71563228 8.05063291
v 22.69860751 -0.69813072 8.05063291
v 22.8286122 -0.68057896 8.05063291
v 22.8286122 -0.68057896 8.37974684
v 22.8286122 -0.68057896 8.70886076
v 11.83865407 -5.4180459 12
v 13.7496496 -5.21936978 12
v 13.67710189 -4.54005622 12
v 13.60455418 -3.86074267 12
v 15.65950267 -5.00999601 12
v 15.58315223 -4.33109935 12
v 17.64830417 -5.46838968 12
v 17.5681534 -4.78993118 12
v 15.43045136 -2.97330601 12
v 17.40785186 -3.43301419 12
v 13.45945875 -2.50211556 12
v 13.31436333 -1.14348845 12
v 15.27775049 -1.61551267 12
v 17.24755032 -2.0760972 12
v 15.12504961 -0.25771934 12
v 17.08724879 -0.71918021 12
v 23.37782945 -4.74267732 9.03797468
v 23.37782945 -4.74267732 9.36708861
v 23.37782945 -4.74267732 9.69620253
v 23.37782945 -4.74267732 10.02531646
v 23.37782945 -4.74267732 10.35443038
v 23.19475703 -3.38864453 9.03797468
v 23.19475703 -3.38864453 9.36708861
v 23.19475703 -3.38864453 9.69620253
v 23.19475703 -3.38864453 10.02531646
v 23.19475703 -3.38864453 10.35443038
v 19.55949052 -5.23718122 12
v 19.39159335 -3.88118313 12
v 23.37782945 -4.74267732 10.6835443
v 23.37782945 -4.74267732 11.01265823
v 21.38160847 -4.31775623 12
v 23.37782945 -4.74267732 11.34177215
v 23.37782945 -4.74267732 11.67088608
v 23.37782945 -4.74267732 12
v 23.19475703 -3.38864453 10.6835443
v 23.19475703 -3.38864453 11.01265823
v 21.20612092 -2.96271955 12
v 23.19475703 -3.38864453 11.34177215
v 23.19475703 -3.38864453 11.67088608
v 23.19475703 -3.38864453 12
v 23.01168462 -2.03461175 9.03797468
v 23.01168462 -2.03461175 9.36708861
v 23.01168462 -2.03461175 9.69620253
v 23.01168462 -2.03461175 10.02531646
v 23.01168462 -2.03461175 10.35443038
v 22.8286122 -0.68057896 9.03797468
v 22.8286122 -0.68057896 9.36708861
v 22.8286122 -0.68057896 9.69620253
v 22.8286122 -0.68057896 10.02531646
v 22.8286122 -0.68057896 10.35443038
v 19.22369617 -2.52518503 12
v 19.055799 -1.16918693 12
v 23.01168462 -2.03461175 10.6835443
v 23.01168462 -2.03461175 11.01265823
v 21.03063338 -1.60768286 12
v 23.01168462 -2.03461175 11.34177215
v 23.01168462 -2.03461175 11.67088608
v 23.01168462 -2.03461175 12
v 22.8286122 -0.68057896 10.6835443
v 22.8286122 -0.68057896 11.01265823
v 20.85514583 -0.25264617 12
v 22.8286122 -0.68057896 11.34177215
v 22.8286122 -0.68057896 11.67088608
v 22.8286122 -0.68057896 12
v 10.10628793 9.13919114 0
v 21.13341197 0.14439342 6
v 21.03711129 9.13919114 0
v 0.66855057 0.48428942 8.06635224
v 1.39462453 1.22056533 8.08207157
v 2.28551555 0.60077638 8.08207157
v 0.57365752 1.8473432 8.0977909
v 1.29658216 2.5833962 8.11351022
v 2.11742087 1.95840189 8.0977909
v 2.83693626 2.69778789 8.11351022
v 3.00803162 1.34054399 8.0977909
v 3.96877789 0.73036806 8.08207157
v 4.93301916 0.1229469 8.06635224
v 5.71821752 0.87406862 8.06635224
v 3.79386963 2.08713258 8.0977909
v 4.75429933 1.47922133 8.08207157
v 5.33649045 2.21307031 8.0977909
v 0.47876446 3.21039698 8.12922955
v 1.1985398 3.94622708 8.14494888
v 2.01622972 3.32100258 8.12922955
v 2.60016907 4.05003545 8.14494888
v 0.3838714 4.57345076 8.16066821
v 0.96856807 5.29959338 8.17638754
v 1.78285959 4.67381375 8.16066821
v 2.36448505 5.40241867 8.17638754
v 3.4204916 3.42826907 8.12922955
v 4.37674528 2.81929682 8.11351022
v 4.00134753 4.15976101 8.14494888
v 4.9569186 3.55246699 8.12922955
v 3.18141155 4.78008282 8.16066821
v 3.75995542 5.51113705 8.17638754
v 5.53438787 4.28663543 8.14494888
v 4.57950234 4.89225607 8.16066821
v 10.10628793 0.05356971 6
v 10.05455155 0.58351686 6
v 10.10628793 0.58863826 6
v 9.85382625 0.56398159 6.38012731
v 9.78785331 1.24396515 6.20924124
v 9.58752333 1.22458937 6.58936855
v 10.96102277 0.67324866 6
v 9.65308928 0.54456645 6.76025463
v 9.85382625 0.56398159 7.06367162
v 10.05455155 0.58351686 7.36708861
v 9.58752333 1.22458937 6.9311407
v 9.78785331 1.24396515 7.23455769
v 9.45876709 2.06193847 6.27074124
v 9.72447198 1.40124408 6.0615
v 9.52195737 1.9046123 6.41848247
v 9.39562229 2.21927587 6.123
v 10.20892274 2.29845852 6.123
v 9.19386468 2.72283083 6.47998247
v 9.25686389 2.56545759 6.62772371
v 10.53976519 1.48123065 6.0615
v 11.44380789 1.57227082 6.0615
v 11.02202778 2.37962316 6.123
v 9.32202284 1.88539554 6.79860979
v 9.52195737 1.9046123 7.10202678
v 9.52195737 1.9046123 7.4211631
v 9.25686389 2.56545759 6.96949586
v 9.25686389 2.56545759 7.28863218
v 6.68561627 0.27168888 8.05063291
v 7.26642374 1.00891232 8.06635224
v 8.16965443 0.40484724 8.06635224
v 8.74719636 1.1446317 8.08207157
v 6.29971925 1.609604 8.08207157
v 6.8785128 2.34613563 8.0977909
v 7.84452012 1.74712715 8.08207157
v 8.41990375 2.4863257 8.0977909
v 9.85382625 0.56398159 7.72458009
v 9.65308928 0.54456645 8.08207157
v 9.78785331 1.24396515 7.55369401
v 9.58752333 1.22458937 7.91118549
v 9.52195737 1.9046123 7.74029942
v 9.32202284 1.88539554 8.0977909
v 9.25686389 2.56545759 7.6077685
v 9.25686389 2.56545759 7.92690482
v 8.74161369 3.85624765 6.246
v 8.80428525 3.69879412 6.39374124
v 8.6664679 4.04520655 6.88445229
v 8.72908484 3.88773969 7.02357035
v 8.72908484 3.88773969 7.34270667
v 8.41645531 4.6751849 6.3075
v 8.47889017 4.5176737 6.44122858
v 8.60389647 4.20268452 6.73671105
v 8.54137056 4.36017357 6.58896981
v 8.09252789 5.49442123 6.369
v 8.8099666 5.56202852 6.369
v 8.21696966 5.17929503 6.63645716
v 8.15472601 5.33685262 6.50272858
v 8.34159356 4.86421295 6.93193963
v 8.40397379 4.70668847 7.07105769
v 8.46639956 4.54917506 7.21017575
v 8.08009373 5.52593627 7.11854503
v 8.27925885 5.02174847 6.78419839
v 8.20451729 5.21080567 7.39678116
v 8.14228274 5.36836546 7.2576631
v 9.06800278 3.03761085 6.1845
v 9.13091098 2.88021525 6.33224124
v 9.8793097 3.11599258 6.1845
v 8.92976491 3.38392043 6.68922371
v 9.55092636 3.93383146 6.246
v 8.86700232 3.54135171 6.54148247
v 10.69042319 3.19635144 6.1845
v 11.50133841 3.27868695 6.1845
v 10.36004754 4.01338754 6.246
v 11.16897242 4.09491541 6.246
v 8.992573 3.22650029 6.83696495
v 8.992573 3.22650029 7.15610127
v 8.992573 3.22650029 7.47523759
v 9.13567202 4.74349745 6.3075
v 9.94282108 4.82203904 6.3075
v 10.74977631 4.90254763 6.3075
v 11.55653292 4.98502273 6.3075
v 5.91597632 2.94792038 8.11351022
v 6.49275523 3.68376388 8.12922955
v 7.45459651 3.08365584 8.11351022
v 8.72908484 3.88773969 7.66184299
v 8.0279687 3.82215696 8.12922955
v 8.72908484 3.88773969 7.98097931
v 7.06682552 4.42059316 8.14494888
v 6.10915142 5.0217945 8.16066821
v 8.46639956 4.54917506 7.52931207
v 8.46639956 4.54917506 7.84844839
v 8.46639956 4.54917506 8.14494888
v 8.20451729 5.21080567 7.71591748
v 7.50619553 5.14632744 8.16066821
v 8.20451729 5.21080567 8.01241796
v 8.992573 3.22650029 7.7943739
v 8.992573 3.22650029 8.11351022
v 1.62249567 0.55206433 11.95032692
v 1.52372662 1.91484273 11.85098077
v 3.55342056 0.01233879 11.95032692
v 3.29811862 1.36294561 11.90065385
v 5.22798671 0.83287339 11.90065385
v 3.19232638 2.7251968 11.80130769
v 4.9660294 2.18217147 11.85098077
v 1.42495757 3.27762113 11.75163462
v 1.32618852 4.64039954 11.65228846
v 2.68655722 5.42698454 11.60261538
v 3.08653415 4.08744799 11.70196154
v 4.8532168 3.54385925 11.75163462
v 4.44573446 4.88126638 11.65228846
v 7.16460413 0.31394413 11.90065385
v 6.89479258 1.66172734 11.85098077
v 8.70219444 2.51277848 11.85098077
v 8.97924607 1.16649867 11.90065385
v 11.07076493 0.68428 11.95032692
v 10.78527813 2.02883017 11.90065385
v 6.62618661 3.00968396 11.80130769
v 7.98293449 3.81799547 11.75163462
v 6.21121021 4.34491988 11.70196154
v 7.56287332 5.15150524 11.65228846
v 10.0569316 3.32955545 11.80130769
v 11.40527456 4.15181063 11.75163462
v 9.33332255 4.63181137 11.70196154
v 10.67732856 5.45109213 11.65228846
v 0.15729938 5.92736372 8.19210686
v 0.73968014 6.65309013 8.20782619
v 1.55057295 6.02675798 8.19210686
v 2.94341442 6.1320342 8.19210686
v 2.12988427 6.75493692 8.20782619
v 0.06295019 7.29045525 8.22354552
v 1.31936987 7.37983461 8.22354552
v 0.64272535 8.01599881 8.23926485
v 2.70650028 7.48412256 8.22354552
v 1.89636681 8.10758954 8.23926485
v 0.64272535 8.01599881 8.28998053
v 0.64272535 8.01599881 8.3406962
v 0.64272535 8.01599881 8.39141188
v 0.64272535 8.01599881 8.44212756
v 0.64272535 8.01599881 8.49284323
v 0.64272535 8.01599881 8.54355891
v 0.64272535 8.01599881 8.59427459
v 0.64272535 8.01599881 8.64499026
v 0.64272535 8.01599881 8.69570594
v 0.64272535 8.01599881 8.74642162
v 0.64272535 8.01599881 8.79713729
v 0.64272535 8.01599881 8.84785297
v 1.89636681 8.10758954 8.28998053
v 1.89636681 8.10758954 8.3406962
v 1.89636681 8.10758954 8.39141188
v 1.89636681 8.10758954 8.44212756
v 1.89636681 8.10758954 8.49284323
v 1.89636681 8.10758954 8.54355891
v 1.89636681 8.10758954 8.59427459
v 1.89636681 8.10758954 8.64499026
v 1.89636681 8.10758954 8.69570594
v 1.89636681 8.10758954 8.74642162
v 1.89636681 8.10758954 8.79713729
v 1.89636681 8.10758954 8.84785297
v 4.33579897 6.2431905 8.19210686
v 3.51964597 6.86265268 8.20782619
v 5.15495431 5.62574658 8.17638754
v 4.77767601 6.96525122 8.20782619
v 5.59619144 6.34891398 8.19210686
v 3.96216019 7.58360764 8.22354552
v 3.14964892 8.20397266 8.23926485
v 4.40255337 8.30514678 8.23926485
v 5.21743055 7.68789278 8.22354552
v 3.14964892 8.20397266 8.28998053
v 3.14964892 8.20397266 8.3406962
v 3.14964892 8.20397266 8.39141188
v 3.14964892 8.20397266 8.44212756
v 3.14964892 8.20397266 8.49284323
v 3.14964892 8.20397266 8.54355891
v 3.14964892 8.20397266 8.59427459
v 4.40255337 8.30514678 8.28998053
v 4.40255337 8.30514678 8.3406962
v 4.40255337 8.30514678 8.39141188
v 4.40255337 8.30514678 8.44212756
v 4.40255337 8.30514678 8.49284323
v 4.40255337 8.30514678 8.54355891
v 4.40255337 8.30514678 8.59427459
v 3.14964892 8.20397266 8.64499026
v 3.14964892 8.20397266 8.69570594
v 3.14964892 8.20397266 8.74642162
v 3.14964892 8.20397266 8.79713729
v 3.14964892 8.20397266 8.84785297
v 4.40255337 8.30514678 8.64499026
v 4.40255337 8.30514678 8.69570594
v 4.40255337 8.30514678 8.74642162
v 4.40255337 8.30514678 8.79713729
v 4.40255337 8.30514678 8.84785297
v 5.65506184 8.41111042 8.23926485
v 5.65506184 8.41111042 8.28998053
v 5.65506184 8.41111042 8.3406962
v 5.65506184 8.41111042 8.39141188
v 5.65506184 8.41111042 8.44212756
v 5.65506184 8.41111042 8.49284323
v 5.65506184 8.41111042 8.54355891
v 5.65506184 8.41111042 8.59427459
v 5.65506184 8.41111042 8.64499026
v 5.65506184 8.41111042 8.69570594
v 5.65506184 8.41111042 8.74642162
v 5.65506184 8.41111042 8.79713729
v 5.65506184 8.41111042 8.84785297
v 7.89379989 5.99871472 6.69795716
v 7.83179302 6.1563295 6.56422858
v 7.7698317 6.31395525 6.4305
v 8.48549176 6.38085996 6.4305
v 7.9558523 5.84111091 6.83168574
v 8.01795024 5.68351809 6.97942697
v 7.81939711 6.18785378 7.30515044
v 7.88139487 6.0302368 7.4442685
v 7.69553822 6.50312062 7.02691431
v 7.63367709 6.66077047 6.89318574
v 7.57186151 6.81843126 6.75945716
v 7.7574449 6.34548172 7.16603238
v 7.55950386 6.84996473 7.47774318
v 7.12813406 7.9539109 6.5535
v 7.18962164 7.79617166 6.67321592
v 7.448367 7.1337856 6.492
v 7.51009148 6.97610297 6.62572858
v 8.16224776 7.19999039 6.492
v 7.7530031 8.01131002 6.5535
v 8.46497781 8.07817418 6.5535
v 7.25115479 7.63844328 6.8069445
v 7.31273349 7.48072578 6.94067308
v 6.99302176 8.30097545 6.98816042
v 7.0544091 8.14321233 7.121889
v 7.11584201 7.98546006 7.2469944
v 7.17732048 7.82771864 7.37209981
v 7.37435775 7.32301916 7.07440166
v 7.43602757 7.16532344 7.19950706
v 7.49774294 7.00763863 7.33862512
v 9.52725683 5.63119339 6.369
v 9.20100486 6.44931838 6.4305
v 9.91636764 6.5193302 6.4305
v 10.33224118 5.71068673 6.369
v 11.1370294 5.7921418 6.369
v 10.71918623 6.59976927 6.4305
v 11.43421876 6.67307709 6.4305
v 8.87598309 7.26774504 6.492
v 9.58956962 7.33704923 6.492
v 10.303004 7.40790263 6.492
v 9.17680567 8.14658406 6.5535
v 9.88848332 8.21653934 6.5535
v 11.01628285 7.4803049 6.492
v 11.72940282 7.55425572 6.492
v 10.51284697 8.27919714 6.5535
v 11.22423353 8.35205299 6.5535
v 6.54945685 5.74624521 8.17638754
v 6.98763661 6.4712692 8.19210686
v 7.94343817 5.87263079 7.58338656
v 7.94343817 5.87263079 7.87988705
v 7.94343817 5.87263079 8.17638754
v 7.68316235 6.53464972 7.74735613
v 7.62131033 6.69230175 7.61686125
v 7.68316235 6.53464972 8.04385662
v 7.23884451 7.66998808 7.51121787
v 7.30041411 7.51226841 7.65033593
v 7.36202926 7.35455961 7.78083082
v 6.03530459 7.07265886 8.20782619
v 6.98074975 8.33252937 7.68381061
v 7.04212799 8.17476408 7.8143055
v 6.47229303 7.79697647 8.22354552
v 7.10355178 8.01700964 7.94480039
v 7.16502114 7.85926605 8.07529528
v 7.42368996 7.19686171 7.91132571
v 7.42368996 7.19686171 8.20782619
v 6.87038377 8.61653418 6.73471592
v 6.80913313 8.77432978 6.615
v 6.49136448 9.59504085 6.6765
v 7.11310791 9.65122378 6.6765
v 7.43243965 8.83111963 6.615
v 8.05563683 8.88909693 6.615
v 8.76570494 8.95661612 6.615
v 7.73474317 9.70859118 6.6765
v 6.93167998 8.4587494 6.85443184
v 6.85813 8.64809243 7.41958715
v 6.79688847 8.80589019 7.29448174
v 6.73569252 8.96369875 7.16937634
v 6.61343734 9.27934825 6.91593184
v 6.55237812 9.43718917 6.79621592
v 6.67454214 9.12151811 7.03564776
v 6.54017175 9.46875864 7.46707449
v 6.47916722 9.62661247 7.34196908
v 6.17482836 10.41604274 6.738
v 6.79500815 10.4716211 6.738
v 8.356268 9.76714286 6.6765
v 7.41508092 10.52838096 6.738
v 8.03504442 10.58632211 6.738
v 8.65489641 10.64544434 6.738
v 6.29642714 10.10023845 6.97743184
v 6.35729492 9.94235239 7.09714776
v 6.23560495 10.25813524 6.85771592
v 6.17482836 10.41604274 6.91456962
v 6.23560495 10.25813524 7.03428554
v 6.17482836 10.41604274 7.09113924
v 6.41820828 9.78447706 7.21686368
v 6.29642714 10.10023845 7.15400146
v 6.35729492 9.94235239 7.27371738
v 6.41820828 9.78447706 7.3971261
v 6.29642714 10.10023845 7.33057108
v 6.35729492 9.94235239 7.4539798
v 6.23560495 10.25813524 7.21085516
v 6.17482836 10.41604274 7.26770886
v 6.23560495 10.25813524 7.38742478
v 6.17482836 10.41604274 7.44427848
v 6.79500815 10.4716211 6.91456962
v 6.79500815 10.4716211 7.09113924
v 6.79500815 10.4716211 7.26770886
v 6.79500815 10.4716211 7.44427848
v 7.41508092 10.52838096 6.91456962
v 8.03504442 10.58632211 6.91456962
v 7.41508092 10.52838096 7.09113924
v 8.03504442 10.58632211 7.09113924
v 8.65489641 10.64544434 6.91456962
v 8.65489641 10.64544434 7.09113924
v 7.41508092 10.52838096 7.26770886
v 8.03504442 10.58632211 7.26770886
v 7.41508092 10.52838096 7.44427848
v 8.03504442 10.58632211 7.44427848
v 8.65489641 10.64544434 7.26770886
v 8.65489641 10.64544434 7.44427848
v 9.47562477 9.02567688 6.615
v 10.10628793 9.13919114 6
v 10.09844756 9.08754661 6.615
v 10.72115135 9.15060287 6.615
v 11.43064538 9.22390894 6.615
v 9.06442894 9.83531272 6.6765
v 9.68570992 9.89639756 6.6765
v 10.30687339 9.95866597 6.6765
v 9.27463463 10.70574744 6.738
v 9.89425683 10.76723119 6.738
v 10.9279171 10.02211775 6.6765
v 11.63551836 10.09587071 6.6765
v 10.51376077 10.82989536 6.738
v 11.13314419 10.89373973 6.738
v 11.75240484 10.95876407 6.738
v 9.27463463 10.70574744 6.91456962
v 9.27463463 10.70574744 7.09113924
v 9.89425683 10.76723119 6.91456962
v 9.89425683 10.76723119 7.09113924
v 9.27463463 10.70574744 7.26770886
v 9.27463463 10.70574744 7.44427848
v 9.89425683 10.76723119 7.26770886
v 9.89425683 10.76723119 7.44427848
v 10.51376077 10.82989536 6.91456962
v 10.51376077 10.82989536 7.09113924
v 11.13314419 10.89373973 6.91456962
v 11.75240484 10.95876407 6.91456962
v 11.13314419 10.89373973 7.09113924
v 11.75240484 10.95876407 7.09113924
v 10.51376077 10.82989536 7.26770886
v 10.51376077 10.82989536 7.44427848
v 11.13314419 10.89373973 7.26770886
v 11.75240484 10.95876407 7.26770886
v 11.13314419 10.89373973 7.44427848
v 11.75240484 10.95876407 7.44427848
v 6.91941709 8.49030549 7.54469255
v 6.7234588 8.99526176 7.84778019
v 6.90715603 8.52186201 8.23926485
v 6.84587805 8.67965112 8.10876996
v 6.78464564 8.83745104 7.97827507
v 6.7234588 8.99526176 8.03173539
v 6.78464564 8.83745104 8.16223028
v 6.7234588 8.99526176 8.2156906
v 6.60122185 9.31091557 7.59217989
v 6.60122185 9.31091557 7.77244231
v 6.54017175 9.46875864 7.6473369
v 6.47916722 9.62661247 7.5222315
v 6.54017175 9.46875864 7.82759932
v 6.47916722 9.62661247 7.70249391
v 6.66231754 9.15308327 7.7172853
v 6.60122185 9.31091557 7.95639752
v 6.60122185 9.31091557 8.14035273
v 6.54017175 9.46875864 8.01155453
v 6.47916722 9.62661247 7.88275633
v 6.54017175 9.46875864 8.19550974
v 6.47916722 9.62661247 8.06671154
v 6.47916722 9.62661247 8.24697395
v 6.66231754 9.15308327 7.90124051
v 6.66231754 9.15308327 8.08519572
v 6.90715603 8.52186201 8.28998053
v 6.90715603 8.52186201 8.3406962
v 6.90715603 8.52186201 8.39141188
v 6.84587805 8.67965112 8.29272517
v 6.84587805 8.67965112 8.34344085
v 6.84587805 8.67965112 8.39415652
v 6.90715603 8.52186201 8.44212756
v 6.90715603 8.52186201 8.49284323
v 6.90715603 8.52186201 8.54355891
v 6.90715603 8.52186201 8.59427459
v 6.84587805 8.67965112 8.4448722
v 6.84587805 8.67965112 8.49458982
v 6.84587805 8.67965112 8.5453055
v 6.84587805 8.67965112 8.59602118
v 6.78464564 8.83745104 8.34618549
v 6.78464564 8.83745104 8.39690117
v 6.7234588 8.99526176 8.39964581
v 6.78464564 8.83745104 8.44761685
v 6.78464564 8.83745104 8.49733447
v 6.78464564 8.83745104 8.54705209
v 6.78464564 8.83745104 8.59776777
v 6.7234588 8.99526176 8.45036149
v 6.7234588 8.99526176 8.50007911
v 6.7234588 8.99526176 8.54979674
v 6.7234588 8.99526176 8.59951436
v 6.90715603 8.52186201 8.64499026
v 6.90715603 8.52186201 8.69570594
v 6.90715603 8.52186201 8.74642162
v 6.90715603 8.52186201 8.79713729
v 6.84587805 8.67965112 8.64673685
v 6.84587805 8.67965112 8.69645448
v 6.84587805 8.67965112 8.74717016
v 6.84587805 8.67965112 8.79788583
v 6.90715603 8.52186201 8.84785297
v 6.84587805 8.67965112 8.84860151
v 6.78464564 8.83745104 8.64848345
v 6.78464564 8.83745104 8.69820107
v 6.78464564 8.83745104 8.7479187
v 6.78464564 8.83745104 8.79863437
v 6.7234588 8.99526176 8.65023004
v 6.7234588 8.99526176 8.69994766
v 6.7234588 8.99526176 8.74966529
v 6.7234588 8.99526176 8.79938291
v 6.78464564 8.83745104 8.84935005
v 6.7234588 8.99526176 8.85009859
v 6.60122185 9.31091557 8.32430794
v 6.60122185 9.31091557 8.50457035
v 6.60122185 9.31091557 8.55428797
v 6.60122185 9.31091557 8.6040056
v 6.54017175 9.46875864 8.37577215
v 6.47916722 9.62661247 8.42723637
v 6.54017175 9.46875864 8.55603457
v 6.54017175 9.46875864 8.60575219
v 6.47916722 9.62661247 8.60749878
v 6.66231754 9.15308327 8.26915093
v 6.66231754 9.15308327 8.45310613
v 6.66231754 9.15308327 8.50282376
v 6.66231754 9.15308327 8.55254138
v 6.66231754 9.15308327 8.60225901
v 6.60122185 9.31091557 8.65372322
v 6.60122185 9.31091557 8.70244279
v 6.60122185 9.31091557 8.75216042
v 6.60122185 9.31091557 8.80187804
v 6.60122185 9.31091557 8.85159567
v 6.54017175 9.46875864 8.65546981
v 6.54017175 9.46875864 8.70418939
v 6.54017175 9.46875864 8.75290896
v 6.54017175 9.46875864 8.80262658
v 6.47916722 9.62661247 8.65721641
v 6.47916722 9.62661247 8.70593598
v 6.47916722 9.62661247 8.75465555
v 6.47916722 9.62661247 8.80337512
v 6.54017175 9.46875864 8.85234421
v 6.47916722 9.62661247 8.85309275
v 6.66231754 9.15308327 8.65197663
v 6.66231754 9.15308327 8.70169426
v 6.66231754 9.15308327 8.75141188
v 6.66231754 9.15308327 8.8011295
v 6.66231754 9.15308327 8.85084713
v 7.31833104 9.2126607 8.85084713
v 7.25691862 9.37037003 8.85159567
v 7.19555176 9.52809022 8.85234421
v 7.13423046 9.68582126 8.85309275
v 7.58118257 8.58348011 8.84785297
v 7.51957988 8.74114272 8.84860151
v 7.45802274 8.89881625 8.84935005
v 7.39651114 9.05650067 8.85009859
v 8.25508084 8.6464857 8.84785297
v 8.19315369 8.80402116 8.84860151
v 8.13127208 8.96156762 8.84935005
v 8.7876671 9.02409445 8.84935005
v 8.05271706 9.11755223 8.85009859
v 7.97422362 9.273555 8.85084713
v 7.91249472 9.43114071 8.85159567
v 7.85081135 9.58873739 8.85234421
v 7.77248668 9.7447865 8.85309275
v 8.7087991 9.17992104 8.85009859
v 8.62999263 9.33576591 8.85084713
v 8.56794749 9.49322739 8.85159567
v 8.48925613 9.64910474 8.85234421
v 6.41820828 9.78447706 7.57738851
v 6.29642714 10.10023845 7.5108335
v 6.35729492 9.94235239 7.63424221
v 6.41820828 9.78447706 7.75765093
v 6.29642714 10.10023845 7.69109591
v 6.35729492 9.94235239 7.81450463
v 6.29642714 10.10023845 7.86766553
v 6.23560495 10.25813524 7.5676872
v 6.17482836 10.41604274 7.6208481
v 6.23560495 10.25813524 7.74425682
v 6.17482836 10.41604274 7.79741772
v 6.41820828 9.78447706 7.93791334
v 6.35729492 9.94235239 7.99107425
v 6.29642714 10.10023845 8.04423515
v 6.41820828 9.78447706 8.11817575
v 6.35729492 9.94235239 8.17133666
v 6.29642714 10.10023845 8.22449757
v 6.23560495 10.25813524 7.92082644
v 6.17482836 10.41604274 7.97398734
v 6.23560495 10.25813524 8.09739606
v 6.17482836 10.41604274 8.15055696
v 6.79500815 10.4716211 7.6208481
v 6.79500815 10.4716211 7.79741772
v 6.79500815 10.4716211 7.97398734
v 6.79500815 10.4716211 8.15055696
v 7.41508092 10.52838096 7.6208481
v 8.03504442 10.58632211 7.6208481
v 7.41508092 10.52838096 7.79741772
v 8.03504442 10.58632211 7.79741772
v 8.65489641 10.64544434 7.6208481
v 8.65489641 10.64544434 7.79741772
v 7.41508092 10.52838096 7.97398734
v 8.03504442 10.58632211 7.97398734
v 7.41508092 10.52838096 8.15055696
v 8.03504442 10.58632211 8.15055696
v 8.65489641 10.64544434 7.97398734
v 8.65489641 10.64544434 8.15055696
v 6.41820828 9.78447706 8.29843817
v 6.35729492 9.94235239 8.35159907
v 6.29642714 10.10023845 8.40475998
v 6.41820828 9.78447706 8.47870058
v 6.35729492 9.94235239 8.53186149
v 6.29642714 10.10023845 8.5813296
v 6.23560495 10.25813524 8.27765847
v 6.17482836 10.41604274 8.32712658
v 6.23560495 10.25813524 8.45422809
v 6.17482836 10.41604274 8.5036962
v 6.41820828 9.78447706 8.658963
v 6.41820828 9.78447706 8.70768257
v 6.41820828 9.78447706 8.75640214
v 6.41820828 9.78447706 8.80512171
v 6.35729492 9.94235239 8.70843111
v 6.35729492 9.94235239 8.75715068
v 6.35729492 9.94235239 8.80587025
v 6.29642714 10.10023845 8.75789922
v 6.29642714 10.10023845 8.80661879
v 6.41820828 9.78447706 8.85384129
v 6.35729492 9.94235239 8.85458982
v 6.29642714 10.10023845 8.85533836
v 6.23560495 10.25813524 8.63079771
v 6.23560495 10.25813524 8.80736733
v 6.17482836 10.41604274 8.68026582
v 6.23560495 10.25813524 8.8560869
v 6.17482836 10.41604274 8.85683544
v 7.05627285 9.84204128 8.85384129
v 6.99505074 9.99979714 8.85458982
v 6.93387419 10.15756381 8.85533836
v 6.87274321 10.31534131 8.8560869
v 6.79500815 10.4716211 8.32712658
v 6.79500815 10.4716211 8.5036962
v 6.79500815 10.4716211 8.68026582
v 6.79500815 10.4716211 8.85683544
v 7.69422359 9.90085371 8.85384129
v 7.63269296 10.05848948 8.85458982
v 7.57120788 10.21613617 8.85533836
v 7.4931136 10.37224955 8.8560869
v 8.41062631 9.80500032 8.85309275
v 8.33205805 9.96091411 8.85384129
v 8.27021913 10.11842921 8.85458982
v 8.191766 10.27437535 8.85533836
v 8.11337443 10.43033966 8.8560869
v 8.81221204 10.33379675 8.85533836
v 7.41508092 10.52838096 8.32712658
v 8.03504442 10.58632211 8.32712658
v 7.41508092 10.52838096 8.5036962
v 8.03504442 10.58632211 8.5036962
v 8.65489641 10.64544434 8.32712658
v 8.65489641 10.64544434 8.5036962
v 7.41508092 10.52838096 8.68026582
v 8.03504442 10.58632211 8.68026582
v 7.41508092 10.52838096 8.85683544
v 8.03504442 10.58632211 8.85683544
v 8.65489641 10.64544434 8.68026582
v 8.73352346 10.48961141 8.8560869
v 8.65489641 10.64544434 8.85683544
v 8.92884797 8.71087851 8.84785297
v 8.86659663 8.86828615 8.84860151
v 9.52317744 8.93228938 8.84860151
v 9.6024811 8.77665829 8.84785297
v 10.27597738 8.84382475 8.84785297
v 10.1963535 8.99929224 8.84860151
v 9.44393528 9.0879389 8.84935005
v 9.36475461 9.24360685 8.85009859
v 9.28563543 9.39929319 8.85084713
v 9.12758158 9.71072103 8.85234421
v 9.20657775 9.55499793 8.85159567
v 10.11679106 9.1547783 8.84935005
v 10.03729008 9.3102829 8.85009859
v 9.86177927 9.6196823 8.85159567
v 9.94114937 9.46413659 8.85084713
v 10.94933396 8.9123776 8.84785297
v 10.86939018 9.06768083 8.84860151
v 11.62254798 8.98231655 8.84785297
v 10.78950781 9.22300277 8.84935005
v 10.6929812 9.37663547 8.85009859
v 10.59653181 9.53029585 8.85084713
v 10.5168496 9.6856819 8.85159567
v 11.54228465 9.13745488 8.84860151
v 11.44537263 9.29086564 8.84935005
v 11.34853779 9.44430425 8.85009859
v 11.17178612 9.75299646 8.85159567
v 11.25178011 9.59777068 8.85084713
v 9.27463463 10.70574744 7.6208481
v 9.27463463 10.70574744 7.79741772
v 9.89425683 10.76723119 7.6208481
v 9.89425683 10.76723119 7.79741772
v 9.27463463 10.70574744 7.97398734
v 9.27463463 10.70574744 8.15055696
v 9.89425683 10.76723119 7.97398734
v 9.89425683 10.76723119 8.15055696
v 10.51376077 10.82989536 7.6208481
v 10.51376077 10.82989536 7.79741772
v 11.13314419 10.89373973 7.6208481
v 11.75240484 10.95876407 7.6208481
v 11.13314419 10.89373973 7.79741772
v 11.75240484 10.95876407 7.79741772
v 10.51376077 10.82989536 7.97398734
v 10.51376077 10.82989536 8.15055696
v 11.13314419 10.89373973 7.97398734
v 11.75240484 10.95876407 7.97398734
v 11.13314419 10.89373973 8.15055696
v 11.75240484 10.95876407 8.15055696
v 9.04864692 9.86646248 8.85309275
v 8.96977378 10.02222226 8.85384129
v 8.89096215 10.17800036 8.85458982
v 9.5282521 10.24040154 8.85458982
v 9.44919734 10.39604356 8.85533836
v 9.70322347 9.93082917 8.85309275
v 9.78247063 9.7752465 8.85234421
v 9.60736835 10.08477793 8.85384129
v 10.24483931 10.14858087 8.85384129
v 10.08605965 10.45953646 8.85533836
v 10.16541875 10.30404939 8.85458982
v 9.27463463 10.70574744 8.32712658
v 9.27463463 10.70574744 8.5036962
v 9.89425683 10.76723119 8.32712658
v 9.89425683 10.76723119 8.5036962
v 9.27463463 10.70574744 8.68026582
v 9.37020408 10.55170398 8.8560869
v 9.27463463 10.70574744 8.85683544
v 9.89425683 10.76723119 8.68026582
v 9.89425683 10.76723119 8.85683544
v 9.9901196 10.61337009 8.8560869
v 10.43722882 9.84108657 8.85234421
v 10.34099544 9.99481993 8.85309275
v 10.97864099 10.06005832 8.85309275
v 10.88218423 10.21363084 8.85384129
v 10.80245967 10.36894369 8.85458982
v 11.07517496 9.90651352 8.85234421
v 11.71299187 9.97318842 8.85234421
v 11.51940066 10.27992759 8.85384129
v 11.61615769 10.12654407 8.85309275
v 11.42272079 10.43333894 8.85458982
v 10.51376077 10.82989536 8.32712658
v 10.51376077 10.82989536 8.5036962
v 11.13314419 10.89373973 8.32712658
v 11.75240484 10.95876407 8.32712658
v 11.13314419 10.89373973 8.5036962
v 11.75240484 10.95876407 8.5036962
v 10.6099165 10.67621719 8.8560869
v 10.70614947 10.52256662 8.85533836
v 10.51376077 10.82989536 8.68026582
v 10.51376077 10.82989536 8.85683544
v 11.32611808 10.5867781 8.85533836
v 11.22959254 10.74024504 8.8560869
v 11.13314419 10.89373973 8.68026582
v 11.75240484 10.95876407 8.68026582
v 11.13314419 10.89373973 8.85683544
v 11.75240484 10.95876407 8.85683544
v 0.16046375 7.98204798 9.06085881
v 1.41423854 8.07179511 9.06085881
v 0.93205816 8.0367097 9.27386465
v 0.44982671 8.00233338 9.4868705
v 1.22137258 8.05767586 9.69987634
v 2.18561832 8.12940648 9.27386465
v 2.66766103 8.16633517 9.06085881
v 1.70352182 8.09318669 9.4868705
v 2.47485047 8.15147863 9.69987634
v 0.44982671 8.00233338 10.33889387
v 1.22137258 8.05767586 10.12588802
v 1.99278611 8.11483349 9.91288218
v 3.4388149 8.22689535 9.27386465
v 3.9207129 8.26566677 9.06085881
v 2.95686041 8.18883261 9.4868705
v 4.20982415 8.28926975 9.4868705
v 3.72796055 8.25007317 9.69987634
v 4.6916296 8.32917488 9.27386465
v 5.17337584 8.36978846 9.06085881
v 4.98068452 8.35345802 9.69987634
v 3.24603983 8.21158521 9.91288218
v 3.24603983 8.21158521 10.33889387
v 4.01708563 8.27350609 10.12588802
v 4.49891447 8.31312781 9.91288218
v 0.93372809 5.98202368 11.55294231
v 2.28898536 6.76696913 11.50326923
v 0.16046375 7.98204798 11.19091723
v 0.93205816 8.0367097 10.97791139
v 1.70352182 8.09318669 10.76490555
v 2.47485047 8.15147863 10.55189971
v 0.83617206 7.34488946 11.45359615
v 2.18561832 8.12940648 11.40392308
v 4.04065482 6.21913447 11.55294231
v 5.79863405 5.68062967 11.60261538
v 2.95686041 8.18883261 11.19091723
v 3.72796055 8.25007317 10.97791139
v 4.49891447 8.31312781 10.76490555
v 3.63797837 7.55746029 11.45359615
v 5.38845865 7.01681013 11.50326923
v 4.98068452 8.35345802 11.40392308
v 5.46239474 8.39449664 9.4868705
v 5.75139172 8.4194598 9.91288218
v 5.2697179 8.37799619 10.12588802
v 5.2697179 8.37799619 10.55189971
v 5.75139172 8.4194598 11.19091723
v 7.1452104 6.48549857 11.55294231
v 6.72994626 7.81997226 11.45359615
v 8.48544122 7.29583368 11.50326923
v 8.90818378 5.9635759 11.60261538
v 10.24711942 6.78109236 11.55294231
v 9.5274863 8.08279298 11.45359615
v 11.28738771 7.57364584 11.50326923
v 6.42563153 8.47869872 9.06085881
v 5.94404409 8.43624357 9.27386465
v 7.19604007 8.54809985 9.27386465
v 6.23300405 8.46163168 9.69987634
v 6.71455385 8.50451173 9.4868705
v 7.67746168 8.59239596 9.06085881
v 8.35134138 8.65559974 9.06085881
v 8.44759924 8.6647421 9.27386465
v 7.96628319 8.61931342 9.4868705
v 7.48490085 8.57459257 9.69987634
v 8.73635662 8.69233903 9.69987634
v 7.00345328 8.53057964 9.91288218
v 6.5219415 8.48727473 10.12588802
v 6.04036657 8.44467794 10.33889387
v 7.2923296 8.55690244 10.33889387
v 8.25508084 8.6464857 9.91288218
v 7.77373815 8.60134013 10.12588802
v 8.5438544 8.67391277 10.33889387
v 9.02508954 8.72019072 9.06085881
v 9.12132837 8.72953122 9.27386465
v 9.6987033 8.78616861 9.06085881
v 9.7949227 8.79570722 9.27386465
v 9.21756445 8.73890003 9.4868705
v 9.89113929 8.80527413 9.4868705
v 9.98735306 8.81486934 9.69987634
v 10.3721798 8.85353314 9.06085881
v 10.46837936 8.86326982 9.27386465
v 11.04551619 8.92228402 9.06085881
v 11.71870961 8.99242096 9.06085881
v 11.1416955 8.93221873 9.27386465
v 10.56457605 8.87303479 9.4868705
v 10.66076986 8.88282806 9.69987634
v 11.23787188 8.94218172 9.4868705
v 11.33404533 8.952173 9.69987634
v 9.50625611 8.76717628 9.91288218
v 9.02508954 8.72019072 10.12588802
v 10.27597738 8.84382475 10.12588802
v 9.7949227 8.79570722 10.33889387
v 10.75696079 8.89264962 9.91288218
v 11.43021583 8.96219257 9.91288218
v 11.52638339 8.97224042 10.12588802
v 11.04551619 8.92228402 10.33889387
v 7.2923296 8.55690244 10.76490555
v 6.5219415 8.48727473 10.97791139
v 8.06255173 8.62834253 10.55189971
v 8.5438544 8.67391277 11.19091723
v 7.77373815 8.60134013 11.40392308
v 9.31379778 8.74829714 10.55189971
v 10.083564 8.82449285 10.76490555
v 9.31379778 8.74829714 10.97791139
v 10.56457605 8.87303479 10.55189971
v 11.33404533 8.952173 10.76490555
v 11.33404533 8.952173 11.19091723
v 10.56457605 8.87303479 11.40392308
v 11.8672481 0.76543054 6
v 12.77322093 0.86006184 6
v 13.67893463 0.95714187 6
v 14.5843826 1.05666991 6
v 12.34760117 1.66575451 6.0615
v 13.25113844 1.76168103 6.0615
v 11.92364013 2.47196372 6.123
v 12.82499956 2.56674123 6.123
v 14.06554271 1.85026191 6.0615
v 13.63744296 2.6542811 6.123
v 14.44967059 2.74380085 6.123
v 15.48955821 1.15864524 6
v 16.39445484 1.26306712 6
v 17.2990659 1.36993478 6
v 14.96857494 1.95083179 6.0615
v 15.871332 2.05384243 6.0615
v 16.7738073 2.15929306 6.0615
v 17.58723202 2.25645839 6.0615
v 12.40051861 3.37231992 6.1845
v 13.21099987 3.45882284 6.1845
v 11.97769619 4.1784146 6.246
v 14.0212679 3.54730085 6.1845
v 12.78621406 4.2638846 6.246
v 12.2750695 5.06015245 6.3075
v 13.08143746 5.1463446 6.3075
v 13.5945212 4.35132491 6.246
v 14.40261284 4.440735 6.246
v 13.88759296 5.23450182 6.3075
v 14.6935312 5.32462358 6.3075
v 15.35028595 2.84540586 6.123
v 14.83131787 3.63775342 6.1845
v 15.72951526 3.74038685 6.1845
v 16.25062336 2.94944509 6.123
v 17.06212384 3.04533294 6.123
v 16.53908956 3.83500228 6.1845
v 17.34843086 3.93159056 6.1845
v 15.21048415 4.53211435 6.246
v 16.01813036 4.62546242 6.246
v 15.41132303 5.40656372 6.3075
v 16.82554665 4.72077865 6.246
v 17.63272824 4.81806247 6.246
v 16.21683738 5.50039868 6.3075
v 20.58670462 1.09036543 6.55101339
v 20.58670462 1.09036543 6.89278554
v 18.20338475 1.47924744 6
v 19.1074048 1.5910043 6
v 18.48915333 2.36654679 6.0615
v 20.01111945 1.70520454 6
v 20.49914892 1.7679081 6.38012731
v 19.39077374 2.47907292 6.0615
v 20.29208668 2.59403593 6.0615
v 20.41159323 2.44545077 6.20924124
v 19.99699562 2.39213621 6.58936855
v 20.08370904 1.71448523 6.76025463
v 20.49914892 1.7679081 7.06367162
v 19.99699562 2.39213621 6.9311407
v 20.41159323 2.44545077 7.23455769
v 21.11236486 0.30568706 6.17088608
v 21.09131776 0.46698071 6.34177215
v 20.67426031 0.41282275 6.72189946
v 21.03711129 0.88238981 6
v 21.00291992 1.14441402 6.17088608
v 21.09131776 0.46698071 7.02531646
v 21.09131776 0.46698071 7.36708861
v 21.00291992 1.14441402 7.19620253
v 20.91452208 1.82184734 6
v 20.91452208 1.82184734 7.36708861
v 20.58670462 1.09036543 7.89546616
v 20.49914892 1.7679081 7.72458009
v 20.08370904 1.71448523 8.08207157
v 20.20252412 1.72971048 8.08207157
v 20.32133378 1.74497797 8.08207157
v 20.45039517 1.76161149 8.08207157
v 20.57945013 1.77829486 8.08207157
v 20.41159323 2.44545077 7.55369401
v 19.99699562 2.39213621 7.91118549
v 21.09131776 0.46698071 7.70886076
v 20.67426031 0.41282275 8.06635224
v 20.79353808 0.42825802 8.06635224
v 20.92310793 0.445074 8.06635224
v 21.05267127 0.46194002 8.06635224
v 21.18222809 0.47885607 8.06635224
v 21.30148235 0.49447191 8.06635224
v 21.43102659 0.51148404 8.06635224
v 21.56056425 0.5285462 8.06635224
v 21.69009531 0.54565838 8.06635224
v 21.80932579 0.56145476 8.06635224
v 21.93884413 0.57866301 8.06635224
v 22.0683558 0.59592127 8.06635224
v 21.00291992 1.14441402 7.53797468
v 22.19786081 0.61322955 8.06635224
v 22.19786081 0.61322955 8.39546616
v 22.19786081 0.61322955 8.72458009
v 20.6982425 1.79369634 8.08207157
v 20.81702938 1.80914004 8.08207157
v 20.94606596 1.82596499 8.08207157
v 21.07509603 1.84283977 8.08207157
v 21.19386542 1.85841744 8.08207157
v 21.31262926 1.87403733 8.08207157
v 21.44164074 1.89105367 8.08207157
v 21.57064564 1.90811982 8.08207157
v 21.57064564 1.90811982 8.41118549
v 21.57064564 1.90811982 8.74029942
v 17.8733882 3.14319833 6.123
v 18.77291139 3.25405705 6.123
v 18.15753434 4.03015113 6.1845
v 19.05465883 4.14177472 6.1845
v 19.6721316 3.367347 6.123
v 19.79116101 3.21854643 6.27074124
v 19.91028221 3.0697872 6.41848247
v 19.17321072 3.99275986 6.33224124
v 19.41059006 3.69485355 6.62772371
v 19.29185447 3.84378613 6.47998247
v 19.49646107 3.0170953 6.79860979
v 19.91028221 3.0697872 7.10202678
v 19.91028221 3.0697872 7.4211631
v 19.41059006 3.69485355 6.96949586
v 19.41059006 3.69485355 7.28863218
v 18.79416808 4.46975197 6.68922371
v 18.67591024 4.61889814 6.54148247
v 18.55774431 4.76808527 6.39374124
v 18.43967032 4.9173133 6.246
v 17.94476375 5.54451684 6.44122858
v 18.06245148 5.39511744 6.58896981
v 18.1802312 5.24575877 6.73671105
v 18.91251783 4.32064678 6.83696495
v 18.91251783 4.32064678 7.15610127
v 18.91251783 4.32064678 7.47523759
v 18.29810289 5.09644089 6.88445229
v 18.41606655 4.94716382 7.02357035
v 17.92123725 5.5744016 7.21017575
v 18.41606655 4.94716382 7.34270667
v 19.91028221 3.0697872 7.74029942
v 19.49646107 3.0170953 8.0977909
v 19.61481312 3.03211171 8.0977909
v 19.73315983 3.0471702 8.0977909
v 19.85150118 3.06227075 8.0977909
v 19.9800539 3.07872274 8.0977909
v 20.09838402 3.09391106 8.0977909
v 20.21670873 3.10914144 8.0977909
v 20.33502802 3.12441388 8.0977909
v 20.4635567 3.1410526 8.0977909
v 20.58186463 3.15641279 8.0977909
v 19.41059006 3.69485355 7.6077685
v 19.41059006 3.69485355 7.92690482
v 18.91251783 4.32064678 7.7943739
v 18.91251783 4.32064678 8.11351022
v 19.03040653 4.33545552 8.11351022
v 17.92123725 5.5744016 7.52931207
v 17.92123725 5.5744016 7.84844839
v 18.41606655 4.94716382 7.66184299
v 17.92123725 5.5744016 8.14494888
v 18.41606655 4.94716382 7.98097931
v 19.14828996 4.35030618 8.11351022
v 19.2661681 4.36519873 8.11351022
v 19.38404093 4.38013319 8.11351022
v 19.50190846 4.39510955 8.11351022
v 19.61977065 4.41012781 8.11351022
v 19.73762749 4.42518797 8.11351022
v 19.85547897 4.44029003 8.11351022
v 19.97332508 4.45543397 8.11351022
v 20.0911658 4.47061981 8.11351022
v 20.20900111 4.48584754 8.11351022
v 20.32683099 4.50111716 8.11351022
v 20.32683099 4.50111716 8.42082668
v 20.32683099 4.50111716 8.72814314
v 20.70016709 3.17181504 8.0977909
v 20.81846407 3.18725934 8.0977909
v 20.94696845 3.20408474 8.0977909
v 20.94696845 3.20408474 8.42690482
v 20.94696845 3.20408474 8.73422128
v 13.16926791 0.21513866 12
v 12.87535672 1.55790639 11.95032692
v 14.22591367 2.39162959 11.90065385
v 14.97234874 1.100074 12
v 16.92694725 0.63773678 12
v 16.32073593 1.94227732 11.95032692
v 17.66262631 2.78987902 11.90065385
v 12.13795169 2.85407781 11.85098077
v 13.48419675 3.68477727 11.80130769
v 12.74720128 4.97950435 11.70196154
v 15.57000792 3.230778 11.85098077
v 16.90761783 4.07531168 11.80130769
v 14.82399149 4.52088874 11.75163462
v 16.15731426 5.36237232 11.70196154
v 22.19786081 0.61322955 9.05369401
v 22.19786081 0.61322955 9.36101047
v 22.19786081 0.61322955 9.69012439
v 22.19786081 0.61322955 10.01923832
v 22.19786081 0.61322955 10.34835224
v 21.57064564 1.90811982 9.04761587
v 21.57064564 1.90811982 9.35493233
v 21.57064564 1.90811982 9.68404625
v 21.57064564 1.90811982 10.01316018
v 21.57064564 1.90811982 10.32047663
v 18.88790183 0.18681117 12
v 20.23255374 1.04479053 11.95032692
v 18.27348986 1.48782525 11.95032692
v 19.61350403 2.34328797 11.90065385
v 22.19786081 0.61322955 10.6556687
v 22.19786081 0.61322955 10.98478262
v 22.19786081 0.61322955 11.31389654
v 22.19786081 0.61322955 11.64301047
v 22.19786081 0.61322955 11.95032692
v 21.57064564 1.90811982 10.62779309
v 21.57064564 1.90811982 10.95690701
v 21.57064564 1.90811982 11.28602093
v 21.57064564 1.90811982 11.59333739
v 21.57064564 1.90811982 11.90065385
v 20.32683099 4.50111716 9.03545959
v 20.32683099 4.50111716 9.34277605
v 20.32683099 4.50111716 9.6500925
v 20.32683099 4.50111716 9.95740896
v 20.32683099 4.50111716 10.26472541
v 20.94696845 3.20408474 9.04153773
v 20.94696845 3.20408474 9.34885419
v 20.94696845 3.20408474 9.67796811
v 20.94696845 3.20408474 9.98528457
v 20.94696845 3.20408474 10.29260102
v 18.99799841 3.64283902 11.85098077
v 20.32683099 4.50111716 10.57204187
v 20.32683099 4.50111716 10.87935833
v 20.32683099 4.50111716 11.18667478
v 18.23872195 4.92519058 11.75163462
v 20.32683099 4.50111716 11.49399124
v 20.32683099 4.50111716 11.80130769
v 20.94696845 3.20408474 10.59991748
v 20.94696845 3.20408474 10.9290314
v 20.94696845 3.20408474 11.23634786
v 20.94696845 3.20408474 11.54366431
v 20.94696845 3.20408474 11.85098077
v 11.85381451 5.86635876 6.369
v 12.57043679 5.94213187 6.369
v 12.14909044 6.74793725 6.4305
v 12.86379789 6.82434941 6.4305
v 13.37465427 6.02904129 6.369
v 14.17865754 6.11791054 6.369
v 13.66586431 6.9119712 6.4305
v 12.44236054 7.62975472 6.492
v 13.15515266 7.70680156 6.492
v 14.38021203 6.99167626 6.4305
v 13.8677758 7.78539587 6.492
v 14.58022662 7.86553728 6.492
v 14.89472815 6.19873088 6.369
v 15.6106216 6.2811058 6.369
v 17.02212064 5.59619661 6.3075
v 17.45148014 6.1724382 6.63645716
v 16.41400388 6.3754239 6.369
v 17.2171539 6.47169978 6.369
v 16.84299815 6.9508546 6.69795716
v 17.33427098 6.32204875 6.50272858
v 17.56878136 6.02286817 6.78419839
v 17.42803094 6.20235707 7.39678116
v 17.19374154 6.50163484 7.11854503
v 16.9598205 6.80107432 6.83168574
v 17.07673496 6.65133438 6.97942697
v 17.3108402 6.35197572 7.2576631
v 15.09438501 7.07293217 6.4305
v 15.80837987 7.15573853 6.4305
v 15.29250175 7.94722541 6.492
v 16.12075653 7.88039032 6.62572858
v 16.00459784 8.03045987 6.492
v 16.60962987 7.25053603 6.4305
v 16.72626793 7.10067518 6.56422858
v 15.7493734 8.36075363 6.94067308
v 15.86532916 8.21059613 7.07440166
v 16.09751741 7.91040103 7.33862512
v 15.98137717 8.06047858 7.19950706
v 16.35335054 7.58037142 6.89318574
v 16.46978584 7.43042214 7.02691431
v 16.70293295 7.13064413 7.30515044
v 16.58631331 7.28051303 7.16603238
v 16.81964474 6.98081549 7.4442685
v 16.23700743 7.73036083 6.75945716
v 16.21374987 7.76036352 7.47774318
v 17.42803094 6.20235707 7.71591748
v 17.42803094 6.20235707 8.01241796
v 16.93644866 6.83102715 7.58338656
v 16.93644866 6.83102715 7.87988705
v 16.93644866 6.83102715 8.17638754
v 17.03324275 6.84269448 8.17638754
v 17.13003342 6.85439029 8.17638754
v 17.24702151 6.86856522 8.17638754
v 17.36400457 6.88278174 8.17638754
v 17.46078342 6.89457482 8.17638754
v 17.55755881 6.90639636 8.17638754
v 15.84213063 8.24062443 7.78083082
v 15.95816019 8.09049889 7.91132571
v 15.95816019 8.09049889 8.20782619
v 16.05458391 8.10187846 8.20782619
v 16.15100429 8.11328638 8.20782619
v 16.33007454 7.61036609 7.61686125
v 16.4464914 7.46040878 7.74735613
v 16.4464914 7.46040878 8.04385662
v 16.2474213 8.12472266 8.20782619
v 16.36395787 8.13858376 8.20782619
v 16.46036744 8.15008266 8.20782619
v 16.55677362 8.16160993 8.20782619
v 16.65317641 8.17316554 8.20782619
v 16.76969573 8.18717088 8.20782619
v 16.86609099 8.19878911 8.20782619
v 16.96248282 8.2104357 8.20782619
v 17.05887123 8.22211063 8.20782619
v 17.17537313 8.23626018 8.20782619
v 17.17537313 8.23626018 8.51514265
v 17.17537313 8.23626018 8.77886417
v 11.93546023 8.42645326 6.5535
v 12.6465237 8.50239761 6.5535
v 12.13997856 9.29875534 6.615
v 12.76227624 9.36570084 6.615
v 13.27033772 8.57030966 6.5535
v 13.9810857 8.64915203 6.5535
v 14.69166082 8.72953742 6.5535
v 13.38444524 9.43383186 6.615
v 14.09331803 9.51291995 6.615
v 12.25629824 10.16185365 6.6765
v 12.87695129 10.2290192 6.6765
v 12.37154049 11.02496813 6.738
v 12.99054887 11.09235169 6.738
v 13.49747524 10.29736714 6.6765
v 14.20447281 10.37669861 6.6765
v 13.60942775 11.16091449 6.738
v 12.37154049 11.02496813 6.91456962
v 12.37154049 11.02496813 7.09113924
v 12.99054887 11.09235169 6.91456962
v 12.99054887 11.09235169 7.09113924
v 12.37154049 11.02496813 7.26770886
v 12.37154049 11.02496813 7.44427848
v 12.99054887 11.09235169 7.26770886
v 12.99054887 11.09235169 7.44427848
v 14.43400195 10.07536018 6.91593184
v 14.54890515 9.92475011 7.03564776
v 14.31919117 10.22600969 6.79621592
v 14.66390075 9.77417952 7.16937634
v 14.2962401 10.25614433 7.46707449
v 14.18154023 10.40684112 7.34196908
v 13.95241782 10.7083527 7.09714776
v 13.60942775 11.16091449 6.91456962
v 13.72366528 11.01002136 6.85771592
v 13.60942775 11.16091449 7.09113924
v 13.83799531 10.85916742 6.97743184
v 13.72366528 11.01002136 7.03428554
v 13.95241782 10.7083527 7.27371738
v 13.95241782 10.7083527 7.4539798
v 13.60942775 11.16091449 7.26770886
v 13.83799531 10.85916742 7.15400146
v 13.72366528 11.01002136 7.21085516
v 13.60942775 11.16091449 7.44427848
v 13.83799531 10.85916742 7.33057108
v 13.72366528 11.01002136 7.38742478
v 14.06693279 10.55757726 7.21686368
v 14.06693279 10.55757726 7.3971261
v 15.40205973 8.81146547 6.5535
v 15.51773867 8.66118834 6.67321592
v 14.91721625 9.44306341 6.73471592
v 14.80201742 9.59354699 6.615
v 15.26336683 8.99185053 7.121889
v 15.6335099 8.51095105 6.8069445
v 15.37893501 8.84152567 7.2469944
v 15.4945955 8.69124058 7.37209981
v 15.03250744 9.29261945 6.85443184
v 15.14789097 9.14221514 6.98816042
v 14.77898874 9.62364846 7.29448174
v 14.8941691 9.47315696 7.41958715
v 12.29561659 9.05364131 8.84785297
v 12.1010999 9.36004505 8.84935005
v 12.19831969 9.20682916 8.84860151
v 12.00395721 9.51328896 8.85009859
v 11.90689163 9.66656084 8.85084713
v 12.87092488 9.27933879 8.84860151
v 12.96853694 9.12635157 8.84785297
v 12.67593189 9.5853978 8.85009859
v 12.77338986 9.43235421 8.84935005
v 12.56186374 9.73666603 8.85084713
v 13.54337936 9.35323297 8.84860151
v 13.64130617 9.20044703 8.84785297
v 13.44552953 9.50604727 8.84935005
v 13.33106538 9.65704705 8.85009859
v 13.98605371 9.73001137 8.85009859
v 14.31392144 9.27592737 8.84785297
v 14.10082077 9.57924169 8.84935005
v 14.21568029 9.42851139 8.84860151
v 12.37154049 11.02496813 7.6208481
v 12.37154049 11.02496813 7.79741772
v 12.99054887 11.09235169 7.6208481
v 12.99054887 11.09235169 7.79741772
v 12.37154049 11.02496813 7.97398734
v 12.37154049 11.02496813 8.15055696
v 12.99054887 11.09235169 7.97398734
v 12.99054887 11.09235169 8.15055696
v 14.4110324 10.10548693 7.59217989
v 14.64089424 9.80429048 7.84778019
v 14.52591712 9.95486897 7.7172853
v 14.4110324 10.10548693 7.77244231
v 14.2962401 10.25614433 7.6473369
v 14.18154023 10.40684112 7.5222315
v 14.2962401 10.25614433 7.82759932
v 14.18154023 10.40684112 7.70249391
v 14.64089424 9.80429048 8.03173539
v 14.52591712 9.95486897 7.90124051
v 14.4110324 10.10548693 7.95639752
v 14.64089424 9.80429048 8.2156906
v 14.52591712 9.95486897 8.08519572
v 14.4110324 10.10548693 8.14035273
v 14.2962401 10.25614433 8.01155453
v 14.18154023 10.40684112 7.88275633
v 14.2962401 10.25614433 8.19550974
v 14.18154023 10.40684112 8.06671154
v 14.18154023 10.40684112 8.24697395
v 13.95241782 10.7083527 7.63424221
v 13.95241782 10.7083527 7.81450463
v 13.60942775 11.16091449 7.6208481
v 13.83799531 10.85916742 7.5108335
v 13.72366528 11.01002136 7.5676872
v 13.60942775 11.16091449 7.79741772
v 13.83799531 10.85916742 7.69109591
v 13.83799531 10.85916742 7.86766553
v 13.72366528 11.01002136 7.74425682
v 14.06693279 10.55757726 7.57738851
v 14.06693279 10.55757726 7.75765093
v 13.95241782 10.7083527 7.99107425
v 13.95241782 10.7083527 8.17133666
v 13.60942775 11.16091449 7.97398734
v 13.83799531 10.85916742 8.04423515
v 13.72366528 11.01002136 7.92082644
v 13.60942775 11.16091449 8.15055696
v 13.83799531 10.85916742 8.22449757
v 13.72366528 11.01002136 8.09739606
v 14.06693279 10.55757726 7.93791334
v 14.06693279 10.55757726 8.11817575
v 11.80990319 9.81986067 8.85159567
v 12.46456772 9.88977084 8.85159567
v 12.36734879 10.04290373 8.85234421
v 12.27020694 10.19606467 8.85309275
v 12.15648618 10.34747087 8.85384129
v 13.21669378 9.80808597 8.85084713
v 13.02156443 10.11393256 8.85234421
v 13.11909059 9.96099515 8.85159567
v 12.79343833 10.41626041 8.85384129
v 12.90745508 10.26507699 8.85309275
v 12.37154049 11.02496813 8.32712658
v 12.37154049 11.02496813 8.5036962
v 12.99054887 11.09235169 8.32712658
v 12.99054887 11.09235169 8.5036962
v 12.05950635 10.50069278 8.85458982
v 11.96260364 10.65394265 8.85533836
v 11.86577804 10.80722045 8.8560869
v 12.37154049 11.02496813 8.68026582
v 12.48520221 10.8736408 8.8560869
v 12.37154049 11.02496813 8.85683544
v 12.69615893 10.5692923 8.85458982
v 12.59895658 10.7223523 8.85533836
v 13.21854111 10.79016969 8.85533836
v 12.99054887 11.09235169 8.68026582
v 13.10449871 10.94124118 8.8560869
v 12.99054887 11.09235169 8.85683544
v 14.64089424 9.80429048 8.39964581
v 14.52591712 9.95486897 8.26915093
v 14.4110324 10.10548693 8.32430794
v 14.64089424 9.80429048 8.45036149
v 14.64089424 9.80429048 8.50007911
v 14.64089424 9.80429048 8.54979674
v 14.64089424 9.80429048 8.59951436
v 14.52591712 9.95486897 8.45310613
v 14.52591712 9.95486897 8.50282376
v 14.4110324 10.10548693 8.50457035
v 14.52591712 9.95486897 8.55254138
v 14.52591712 9.95486897 8.60225901
v 14.4110324 10.10548693 8.55428797
v 14.4110324 10.10548693 8.6040056
v 14.2962401 10.25614433 8.37577215
v 14.18154023 10.40684112 8.42723637
v 14.2962401 10.25614433 8.55603457
v 14.2962401 10.25614433 8.60575219
v 14.18154023 10.40684112 8.60749878
v 13.87137912 9.88082038 8.85084713
v 13.77346916 10.03353331 8.85159567
v 13.54456699 10.3353359 8.85309275
v 13.65897182 10.184415 8.85234421
v 14.64089424 9.80429048 8.65023004
v 14.64089424 9.80429048 8.69994766
v 14.64089424 9.80429048 8.74966529
v 14.64089424 9.80429048 8.79938291
v 14.52591712 9.95486897 8.65197663
v 14.52591712 9.95486897 8.70169426
v 14.4110324 10.10548693 8.65372322
v 14.4110324 10.10548693 8.70244279
v 14.52591712 9.95486897 8.75141188
v 14.52591712 9.95486897 8.8011295
v 14.4110324 10.10548693 8.75216042
v 14.4110324 10.10548693 8.80187804
v 14.64089424 9.80429048 8.85009859
v 14.52591712 9.95486897 8.85084713
v 14.4110324 10.10548693 8.85159567
v 14.2962401 10.25614433 8.65546981
v 14.2962401 10.25614433 8.70418939
v 14.2962401 10.25614433 8.75290896
v 14.2962401 10.25614433 8.80262658
v 14.18154023 10.40684112 8.65721641
v 14.18154023 10.40684112 8.70593598
v 14.18154023 10.40684112 8.75465555
v 14.18154023 10.40684112 8.80337512
v 14.2962401 10.25614433 8.85234421
v 14.18154023 10.40684112 8.85309275
v 13.95241782 10.7083527 8.35159907
v 13.95241782 10.7083527 8.53186149
v 13.60942775 11.16091449 8.32712658
v 13.83799531 10.85916742 8.40475998
v 13.72366528 11.01002136 8.27765847
v 13.60942775 11.16091449 8.5036962
v 13.83799531 10.85916742 8.5813296
v 13.72366528 11.01002136 8.45422809
v 14.06693279 10.55757726 8.29843817
v 14.06693279 10.55757726 8.47870058
v 13.95241782 10.7083527 8.70843111
v 13.95241782 10.7083527 8.75715068
v 13.95241782 10.7083527 8.80587025
v 13.43025468 10.48629597 8.85384129
v 13.33267607 10.63913724 8.85458982
v 13.95241782 10.7083527 8.85458982
v 13.60942775 11.16091449 8.68026582
v 13.83799531 10.85916742 8.75789922
v 13.83799531 10.85916742 8.80661879
v 13.72366528 11.01002136 8.63079771
v 13.72366528 11.01002136 8.80736733
v 13.60942775 11.16091449 8.85683544
v 13.83799531 10.85916742 8.85533836
v 13.72366528 11.01002136 8.8560869
v 14.06693279 10.55757726 8.658963
v 14.06693279 10.55757726 8.70768257
v 14.06693279 10.55757726 8.75640214
v 14.06693279 10.55757726 8.80512171
v 14.06693279 10.55757726 8.85384129
v 15.24026428 9.02192028 7.8143055
v 15.61034827 8.54099532 7.51121787
v 15.72619332 8.39078992 7.65033593
v 15.35581399 8.87158746 7.94480039
v 15.47145602 8.72129441 8.07529528
v 15.00944182 9.32270507 7.54469255
v 15.12480688 9.17229283 7.68381061
v 14.98637988 9.35279228 8.23926485
v 15.08243241 9.36388598 8.23926485
v 15.17848167 9.37500794 8.23926485
v 15.27452765 9.38615814 8.23926485
v 15.37057035 9.39733659 8.23926485
v 14.75596375 9.6537515 7.97827507
v 14.87112564 9.50325209 8.10876996
v 14.75596375 9.6537515 8.16223028
v 15.46660976 9.40854329 8.23926485
v 15.56264586 9.41977823 8.23926485
v 15.65867866 9.43104142 8.23926485
v 15.75470815 9.44233284 8.23926485
v 15.8507343 9.45365251 8.23926485
v 15.94675713 9.46500043 8.23926485
v 16.04277661 9.47637658 8.23926485
v 16.13879274 9.48778097 8.23926485
v 14.98637988 9.35279228 8.28998053
v 15.08243241 9.36388598 8.28998053
v 14.98637988 9.35279228 8.3406962
v 15.08243241 9.36388598 8.3406962
v 14.98637988 9.35279228 8.39141188
v 15.08243241 9.36388598 8.39141188
v 15.17848167 9.37500794 8.28998053
v 15.27452765 9.38615814 8.28998053
v 15.17848167 9.37500794 8.3406962
v 15.27452765 9.38615814 8.3406962
v 15.37057035 9.39733659 8.28998053
v 15.37057035 9.39733659 8.3406962
v 15.17848167 9.37500794 8.39141188
v 15.27452765 9.38615814 8.39141188
v 15.37057035 9.39733659 8.39141188
v 14.98637988 9.35279228 8.44212756
v 15.08243241 9.36388598 8.44212756
v 14.98637988 9.35279228 8.49284323
v 15.08243241 9.36388598 8.49284323
v 14.98637988 9.35279228 8.54355891
v 15.08243241 9.36388598 8.54355891
v 14.98637988 9.35279228 8.59427459
v 15.08243241 9.36388598 8.59427459
v 15.17848167 9.37500794 8.44212756
v 15.27452765 9.38615814 8.44212756
v 15.17848167 9.37500794 8.49284323
v 15.27452765 9.38615814 8.49284323
v 15.37057035 9.39733659 8.44212756
v 15.37057035 9.39733659 8.49284323
v 15.17848167 9.37500794 8.54355891
v 15.27452765 9.38615814 8.54355891
v 15.17848167 9.37500794 8.59427459
v 15.27452765 9.38615814 8.59427459
v 15.37057035 9.39733659 8.54355891
v 15.37057035 9.39733659 8.59427459
v 14.87112564 9.50325209 8.29272517
v 14.87112564 9.50325209 8.34344085
v 14.87112564 9.50325209 8.39415652
v 14.75596375 9.6537515 8.34618549
v 14.75596375 9.6537515 8.39690117
v 14.87112564 9.50325209 8.4448722
v 14.87112564 9.50325209 8.49458982
v 14.87112564 9.50325209 8.5453055
v 14.87112564 9.50325209 8.59602118
v 14.75596375 9.6537515 8.44761685
v 14.75596375 9.6537515 8.49733447
v 14.75596375 9.6537515 8.54705209
v 14.75596375 9.6537515 8.59776777
v 15.46660976 9.40854329 8.28998053
v 15.46660976 9.40854329 8.3406962
v 15.46660976 9.40854329 8.39141188
v 15.46660976 9.40854329 8.44212756
v 15.46660976 9.40854329 8.49284323
v 15.46660976 9.40854329 8.54355891
v 15.46660976 9.40854329 8.59427459
v 15.56264586 9.41977823 8.28998053
v 15.56264586 9.41977823 8.3406962
v 15.65867866 9.43104142 8.28998053
v 15.75470815 9.44233284 8.28998053
v 15.65867866 9.43104142 8.3406962
v 15.75470815 9.44233284 8.3406962
v 15.56264586 9.41977823 8.39141188
v 15.65867866 9.43104142 8.39141188
v 15.75470815 9.44233284 8.39141188
v 15.8507343 9.45365251 8.28998053
v 15.94675713 9.46500043 8.28998053
v 15.8507343 9.45365251 8.3406962
v 15.94675713 9.46500043 8.3406962
v 16.04277661 9.47637658 8.28998053
v 15.8507343 9.45365251 8.39141188
v 15.56264586 9.41977823 8.44212756
v 15.56264586 9.41977823 8.49284323
v 15.65867866 9.43104142 8.44212756
v 15.75470815 9.44233284 8.44212756
v 15.65867866 9.43104142 8.49284323
v 15.56264586 9.41977823 8.54355891
v 16.13879274 9.48778097 8.50298637
v 15.94675713 9.46500043 8.60441772
v 16.04277661 9.47637658 8.55370204
v 14.98637988 9.35279228 8.64499026
v 15.08243241 9.36388598 8.64499026
v 14.98637988 9.35279228 8.69570594
v 15.08243241 9.36388598 8.69570594
v 14.98637988 9.35279228 8.74642162
v 15.08243241 9.36388598 8.74642162
v 14.98637988 9.35279228 8.79713729
v 15.08243241 9.36388598 8.79713729
v 15.17848167 9.37500794 8.64499026
v 15.27452765 9.38615814 8.64499026
v 15.17848167 9.37500794 8.69570594
v 15.27452765 9.38615814 8.69570594
v 15.37057035 9.39733659 8.64499026
v 15.17848167 9.37500794 8.74642162
v 14.98637988 9.35279228 8.84785297
v 15.27452765 9.38615814 8.95942746
v 15.37057035 9.39733659 8.90871178
v 14.87112564 9.50325209 8.64673685
v 14.87112564 9.50325209 8.69645448
v 14.87112564 9.50325209 8.74717016
v 14.87112564 9.50325209 8.79788583
v 14.75596375 9.6537515 8.64848345
v 14.75596375 9.6537515 8.69820107
v 14.75596375 9.6537515 8.7479187
v 14.75596375 9.6537515 8.79863437
v 14.87112564 9.50325209 8.84860151
v 14.75596375 9.6537515 8.84935005
v 15.46660976 9.40854329 8.85799611
v 15.75470815 9.44233284 8.70584907
v 15.56264586 9.41977823 8.80728043
v 15.65867866 9.43104142 8.75656475
v 15.8507343 9.45365251 8.6551334
v 16.13879274 9.48778097 8.76670789
v 15.75470815 9.44233284 8.96957059
v 15.94675713 9.46500043 8.86813924
v 16.04277661 9.47637658 8.81742356
v 15.8507343 9.45365251 8.91885492
v 17.82716803 5.69395693 6.3075
v 17.68617463 5.87333869 6.93193963
v 17.80365993 5.72384983 7.07105769
v 18.01840088 5.58635862 8.14494888
v 18.13583969 5.60084944 8.14494888
v 18.25327334 5.615382 8.14494888
v 18.37070182 5.62995631 8.14494888
v 18.46784909 5.64204552 8.14494888
v 18.58526808 5.6566961 8.14494888
v 18.70268185 5.67138843 8.14494888
v 18.82009039 5.6861225 8.14494888
v 18.91722112 5.69834386 8.14494888
v 19.03462007 5.71315419 8.14494888
v 17.67452839 6.92072327 8.17638754
v 17.79149287 6.93509177 8.17638754
v 17.88825633 6.94701057 8.17638754
v 17.98501627 6.95895783 8.17638754
v 18.10196715 6.97343669 8.17638754
v 19.15201374 5.72800626 8.14494888
v 19.26940212 5.74290005 8.14494888
v 19.26940212 5.74290005 8.45226534
v 19.26940212 5.74290005 8.75958179
v 18.21891286 6.98795713 8.17638754
v 18.21891286 6.98795713 8.48370399
v 18.21891286 6.98795713 8.79102045
v 21.03711129 9.13919114 6
v 17.17537313 8.23626018 9.04258569
v 17.17537313 8.23626018 9.30630721
v 17.17537313 8.23626018 9.61362366
v 17.17537313 8.23626018 9.87734518
v 17.17537313 8.23626018 10.1410667
v 17.17537313 8.23626018 10.40478822
v 12.01493052 6.27579811 11.60261538
v 14.08268996 5.81259685 11.65228846
v 13.05339199 7.07394835 11.55294231
v 12.32268302 8.36946397 11.45359615
v 14.08686287 7.8753453 11.50326923
v 15.11859867 6.61726862 11.60261538
v 17.19062923 6.17356393 11.65228846
v 17.17537313 8.23626018 10.71210467
v 17.17537313 8.23626018 10.97582619
v 17.17537313 8.23626018 11.23954771
v 16.14949637 7.42516462 11.55294231
v 17.17537313 8.23626018 11.50326923
v 12.39175722 9.06394367 9.06085881
v 11.81486826 9.00255365 9.27386465
v 11.91102393 9.01271463 9.4868705
v 12.00717661 9.02290388 9.69987634
v 12.4878948 9.0742743 9.27386465
v 13.06465615 9.13685183 9.06085881
v 13.16077227 9.14738037 9.27386465
v 12.58402935 9.08463321 9.4868705
v 12.68016084 9.09502039 9.69987634
v 13.73740356 9.21114515 9.06085881
v 13.8334978 9.22187154 9.27386465
v 14.4099966 9.28682331 9.06085881
v 14.50606855 9.2977475 9.27386465
v 13.25688528 9.15793717 9.4868705
v 13.92958888 9.23262619 9.4868705
v 13.35299519 9.16852224 9.69987634
v 14.60213728 9.30869995 9.4868705
v 14.02567679 9.2434091 9.69987634
v 14.69820279 9.31968066 9.69987634
v 12.10332628 9.03312141 9.91288218
v 12.19947295 9.04336722 10.12588802
v 12.29561659 9.05364131 10.33889387
v 12.77628928 9.10543585 9.91288218
v 12.87241465 9.11587957 10.12588802
v 12.96853694 9.12635157 10.33889387
v 13.44910198 9.17913557 9.91288218
v 14.12176152 9.25422026 9.91288218
v 13.54520564 9.18977717 10.12588802
v 13.64130617 9.20044703 10.33889387
v 14.21784308 9.26505969 10.12588802
v 14.31392144 9.27592737 10.33889387
v 15.08243241 9.36388598 9.06085881
v 15.17848167 9.37500794 9.01014314
v 15.37057035 9.39733659 9.1724333
v 15.27452765 9.38615814 9.22314898
v 15.17848167 9.37500794 9.27386465
v 15.46660976 9.40854329 9.12171762
v 15.56264586 9.41977823 9.07100195
v 15.65867866 9.43104142 9.02028627
v 16.13879274 9.48778097 9.03042941
v 16.04277661 9.47637658 9.08114508
v 15.94675713 9.46500043 9.13186076
v 15.8507343 9.45365251 9.18257644
v 15.75470815 9.44233284 9.23329211
v 15.56264586 9.41977823 9.33472347
v 15.65867866 9.43104142 9.28400779
v 16.13879274 9.48778097 9.29415093
v 16.04277661 9.47637658 9.3448666
v 15.37057035 9.39733659 9.43615482
v 15.27452765 9.38615814 9.4868705
v 15.37057035 9.39733659 9.69987634
v 15.46660976 9.40854329 9.38543914
v 15.46660976 9.40854329 9.64916066
v 15.75470815 9.44233284 9.49701363
v 15.65867866 9.43104142 9.54772931
v 15.94675713 9.46500043 9.39558228
v 15.8507343 9.45365251 9.44629796
v 16.13879274 9.48778097 9.55787244
v 15.56264586 9.41977823 9.59844499
v 16.04277661 9.47637658 9.60858812
v 15.94675713 9.46500043 9.6593038
v 15.8507343 9.45365251 9.71001947
v 14.79426507 9.33068961 9.91288218
v 15.46660976 9.40854329 9.91288218
v 15.75470815 9.44233284 9.76073515
v 15.65867866 9.43104142 9.81145083
v 15.56264586 9.41977823 9.8621665
v 16.13879274 9.48778097 9.82159396
v 15.94675713 9.46500043 9.92302532
v 16.04277661 9.47637658 9.87230964
v 15.75470815 9.44233284 10.02445667
v 15.65867866 9.43104142 10.07517235
v 15.8507343 9.45365251 9.97374099
v 16.13879274 9.48778097 10.08531548
v 14.8903241 9.34172682 10.12588802
v 14.98637988 9.35279228 10.33889387
v 15.56264586 9.41977823 10.12588802
v 15.75470815 9.44233284 10.28817819
v 15.94675713 9.46500043 10.18674684
v 16.04277661 9.47637658 10.13603116
v 15.8507343 9.45365251 10.23746251
v 15.65867866 9.43104142 10.33889387
v 16.13879274 9.48778097 10.349037
v 16.04277661 9.47637658 10.39975268
v 15.94675713 9.46500043 10.45046835
v 11.81486826 9.00255365 10.55189971
v 12.10332628 9.03312141 10.97791139
v 13.06465615 9.13685183 10.55189971
v 12.58402935 9.08463321 10.76490555
v 13.73740356 9.21114515 10.55189971
v 13.8334978 9.22187154 10.76490555
v 14.4099966 9.28682331 10.55189971
v 14.50606855 9.2977475 10.76490555
v 13.35299519 9.16852224 10.97791139
v 14.60213728 9.30869995 10.97791139
v 14.12176152 9.25422026 11.19091723
v 13.35299519 9.16852224 11.40392308
v 15.08243241 9.36388598 10.55189971
v 15.17848167 9.37500794 10.76490555
v 15.75470815 9.44233284 10.55189971
v 15.8507343 9.45365251 10.50118403
v 16.13879274 9.48778097 10.61275852
v 16.04277661 9.47637658 10.6634742
v 15.94675713 9.46500043 10.71418987
v 15.8507343 9.45365251 10.76490555
v 15.27452765 9.38615814 10.97791139
v 15.37057035 9.39733659 11.19091723
v 16.13879274 9.48778097 10.87648004
v 16.04277661 9.47637658 10.92719572
v 15.94675713 9.46500043 10.97791139
v 16.13879274 9.48778097 11.14020156
v 16.04277661 9.47637658 11.19091723
v 15.1153331 8.67996438 11.45359615
v 16.13879274 9.48778097 11.40392308
v 19.26940212 5.74290005 9.06689825
v 19.26940212 5.74290005 9.33061977
v 19.26940212 5.74290005 9.63793622
v 19.26940212 5.74290005 9.94525268
v 19.26940212 5.74290005 10.25256913
v 18.21891286 6.98795713 9.05474197
v 18.21891286 6.98795713 9.31846349
v 18.21891286 6.98795713 9.62577994
v 18.21891286 6.98795713 9.9330964
v 18.21891286 6.98795713 10.19681792
v 18.21891286 6.98795713 10.46053944
v 19.26940212 5.74290005 10.51629065
v 19.26940212 5.74290005 10.82360711
v 19.26940212 5.74290005 11.13092356
v 19.26940212 5.74290005 11.43824002
v 19.26940212 5.74290005 11.70196154
v 18.21891286 6.98795713 10.76785589
v 18.21891286 6.98795713 11.07517235
v 18.21891286 6.98795713 11.33889387
v 18.21891286 6.98795713 11.60261538
f 2219 2297 2833
f 2219 2833 3912
f 2219 3912 3914
f 2219 3914 4235
f 2219 2220 2297
f 2220 3156 2297
f 2219 3879 2220
f 2220 3881 3156
f 3156 3881 3157
f 2219 4235 3879
f 2220 3879 3881
f 3157 3881 4748
f 3879 5385 3881
f 3879 4235 5385
f 3881 5385 4748
f 281 1446 282
f 282 1447 283
f 282 1446 1447
f 283 1447 1448
f 283 1448 284
f 284 1449 285
f 284 1448 1449
f 285 1449 1450
f 285 1450 290
f 290 1455 291
f 291 1456 292
f 290 1450 1455
f 291 1455 1456
f 292 1457 293
f 293 1458 298
f 292 1456 1457
f 293 1457 1458
f 298 1486 299
f 299 1487 301
f 298 1458 1486
f 299 1486 1487
f 301 1487 1488
f 301 1488 302
f 302 1488 304
f 474 465 464
f 474 464 467
f 481 465 474
f 473 470 471
f 473 471 484
f 474 467 468
f 472 468 469
f 472 469 470
f 472 474 468
f 472 470 473
f 472 473 483
f 481 474 558
f 472 559 474
f 474 559 558
f 472 483 559
f 473 484 485
f 485 484 486
f 486 484 487
f 487 484 488
f 473 485 491
f 485 486 490
f 486 487 492
f 488 484 489
f 489 484 506
f 506 484 507
f 487 488 493
f 488 489 549
f 485 490 491
f 486 492 490
f 487 493 492
f 488 549 493
f 473 491 483
f 490 564 491
f 490 492 565
f 492 493 566
f 493 549 588
f 536 484 533
f 507 484 526
f 526 484 536
f 489 506 550
f 506 507 551
f 507 526 552
f 526 536 553
f 489 550 549
f 506 551 550
f 507 552 551
f 526 553 552
f 549 550 589
f 550 551 590
f 551 552 591
f 552 553 596
f 481 558 556
f 483 567 559
f 558 559 561
f 556 558 562
f 559 567 561
f 558 561 562
f 556 562 560
f 561 571 562
f 483 491 563
f 490 565 564
f 491 564 563
f 483 563 567
f 492 566 565
f 493 588 566
f 564 565 570
f 565 566 569
f 566 588 597
f 563 574 567
f 563 564 568
f 561 567 573
f 567 574 573
f 563 568 574
f 565 569 570
f 564 570 568
f 566 597 569
f 569 575 570
f 560 562 572
f 561 573 571
f 562 571 572
f 560 572 674
f 568 682 574
f 571 573 680
f 573 574 679
f 568 570 678
f 569 615 575
f 570 575 678
f 568 678 682
f 549 589 588
f 550 590 589
f 551 591 590
f 588 589 598
f 589 590 599
f 552 596 591
f 590 591 607
f 591 596 609
f 588 598 597
f 589 599 598
f 569 597 615
f 597 598 616
f 598 599 623
f 590 607 599
f 591 609 607
f 599 607 624
f 607 609 630
f 597 616 615
f 598 623 616
f 615 616 696
f 616 623 698
f 599 624 623
f 607 630 624
f 623 624 699
f 624 630 702
f 572 828 674
f 571 681 572
f 674 828 827
f 572 681 828
f 574 682 679
f 573 679 680
f 571 680 681
f 679 836 680
f 678 839 682
f 678 575 683
f 679 682 838
f 682 839 838
f 678 683 839
f 575 615 697
f 615 696 697
f 575 697 683
f 616 698 696
f 696 698 872
f 696 870 697
f 623 699 698
f 624 702 699
f 698 699 873
f 699 702 879
f 681 840 828
f 827 828 830
f 828 840 830
f 827 830 831
f 830 844 831
f 680 837 681
f 679 838 836
f 680 836 837
f 681 837 840
f 683 880 839
f 838 839 842
f 836 838 843
f 839 880 842
f 837 850 840
f 836 841 837
f 830 840 849
f 840 850 849
f 837 841 850
f 838 842 843
f 836 843 841
f 842 880 896
f 842 852 843
f 831 844 845
f 844 855 845
f 845 855 848
f 830 849 844
f 841 856 850
f 841 843 851
f 842 896 852
f 843 852 851
f 844 849 854
f 849 850 853
f 850 856 853
f 841 851 856
f 849 853 854
f 844 854 855
f 853 1125 854
f 851 1129 856
f 852 857 851
f 852 915 857
f 853 856 1128
f 856 1129 1128
f 851 857 1129
f 857 1171 1129
f 683 697 871
f 697 870 871
f 696 872 870
f 683 871 880
f 698 873 872
f 699 879 873
f 872 873 890
f 870 872 894
f 873 879 893
f 871 895 880
f 870 881 871
f 870 894 881
f 880 895 896
f 871 881 895
f 872 890 894
f 873 893 890
f 890 911 894
f 890 893 909
f 881 913 895
f 881 894 910
f 894 911 910
f 890 909 911
f 895 914 896
f 852 896 915
f 895 913 914
f 881 910 913
f 910 912 919
f 909 1020 911
f 911 1020 912
f 910 911 912
f 912 1023 921
f 896 914 915
f 913 920 914
f 914 920 917
f 914 917 915
f 857 915 916
f 915 917 916
f 857 916 1171
f 916 1173 1171
f 916 917 918
f 917 923 918
f 916 918 1173
f 918 1182 1173
f 910 919 913
f 913 919 920
f 919 922 920
f 920 922 923
f 917 920 923
f 922 925 923
f 912 921 919
f 919 921 922
f 921 1049 922
f 922 1049 925
f 925 1049 1058
f 918 923 924
f 923 925 924
f 918 924 1182
f 924 1184 1182
f 924 925 926
f 925 1058 926
f 924 926 1184
f 926 1185 1184
f 909 959 1020
f 959 961 1021
f 961 965 1022
f 965 982 1025
f 982 984 1026
f 984 990 1027
f 990 992 1028
f 992 1008 1034
f 1008 1010 1035
f 1010 1013 1036
f 1013 1015 1037
f 1015 1018 1042
f 959 1021 1020
f 1020 1021 1023
f 961 1022 1021
f 965 1025 1022
f 1021 1022 1024
f 1022 1025 1029
f 912 1020 1023
f 1021 1024 1023
f 1022 1029 1024
f 1023 1024 1048
f 1024 1029 1050
f 982 1026 1025
f 984 1027 1026
f 1025 1026 1030
f 1026 1027 1031
f 990 1028 1027
f 992 1034 1028
f 1027 1028 1032
f 1025 1030 1029
f 1026 1031 1030
f 1029 1030 1051
f 1027 1032 1031
f 1028 1038 1032
f 1030 1031 1052
f 1031 1032 1053
f 1018 1033 1042
f 1008 1035 1034
f 1010 1036 1035
f 1028 1034 1038
f 1034 1035 1039
f 1013 1037 1036
f 1035 1036 1040
f 1036 1037 1041
f 1034 1039 1038
f 1035 1040 1039
f 1032 1038 1065
f 1038 1039 1066
f 1036 1041 1040
f 1039 1040 1067
f 1040 1041 1068
f 1015 1042 1037
f 1037 1042 1043
f 1042 1044 1043
f 1037 1043 1041
f 1041 1043 1073
f 1033 1044 1042
f 1043 1044 1046
f 1043 1046 1073
f 1033 1045 1044
f 1044 1047 1046
f 1046 1090 1085
f 1044 1045 1047
f 1046 1047 1090
f 921 1023 1048
f 921 1048 1049
f 1024 1050 1048
f 1048 1050 1054
f 1048 1054 1049
f 1049 1054 1058
f 1054 1060 1058
f 1029 1051 1050
f 1030 1052 1051
f 1050 1051 1055
f 1031 1053 1052
f 1032 1065 1053
f 1051 1052 1056
f 1052 1053 1057
f 1050 1055 1054
f 1051 1056 1055
f 1054 1055 1060
f 1052 1057 1056
f 1053 1069 1057
f 1055 1056 1061
f 1056 1057 1062
f 1055 1061 1060
f 1056 1062 1061
f 1057 1075 1062
f 926 1058 1059
f 1058 1060 1059
f 926 1059 1185
f 1059 1197 1185
f 1059 1060 1063
f 1060 1061 1063
f 1061 1064 1063
f 1061 1062 1064
f 1062 1079 1064
f 1059 1063 1197
f 1063 1199 1197
f 1063 1064 1199
f 1064 1207 1199
f 1038 1066 1065
f 1039 1067 1066
f 1053 1065 1069
f 1065 1066 1070
f 1040 1068 1067
f 1066 1067 1071
f 1067 1068 1072
f 1065 1070 1069
f 1066 1071 1070
f 1057 1069 1075
f 1069 1070 1076
f 1067 1072 1071
f 1070 1071 1077
f 1071 1072 1078
f 1069 1076 1075
f 1070 1077 1076
f 1071 1078 1077
f 1041 1073 1068
f 1068 1073 1074
f 1068 1074 1072
f 1072 1074 1083
f 1073 1085 1074
f 1073 1046 1085
f 1072 1083 1078
f 1074 1085 1086
f 1074 1086 1083
f 1062 1075 1079
f 1075 1080 1079
f 1075 1076 1080
f 1076 1077 1081
f 1076 1081 1080
f 1077 1078 1082
f 1077 1082 1081
f 1064 1079 1207
f 1079 1080 1208
f 1079 1208 1207
f 1080 1081 1209
f 1081 1082 1210
f 1080 1209 1208
f 1081 1210 1209
f 1078 1083 1084
f 1078 1084 1082
f 1083 1087 1084
f 1082 1084 1215
f 1082 1215 1210
f 1085 1096 1086
f 1090 1096 1085
f 1086 1097 1087
f 1086 1096 1097
f 1083 1086 1087
f 1084 1087 1088
f 1084 1088 1215
f 1088 1217 1215
f 1087 1098 1088
f 1088 1099 1217
f 1045 1089 1047
f 1047 1089 1091
f 1047 1091 1090
f 1090 1092 1096
f 1090 1091 1092
f 1089 1093 1091
f 1091 1093 1094
f 1091 1094 1092
f 1092 1094 1095
f 1093 1105 1094
f 1096 1100 1097
f 1092 1100 1096
f 1097 1101 1098
f 1097 1100 1101
f 1087 1097 1098
f 1088 1098 1099
f 1098 1103 1099
f 1098 1101 1103
f 1099 1104 1254
f 1092 1095 1100
f 1100 1102 1101
f 1101 1110 1103
f 1095 1102 1100
f 1101 1102 1110
f 1099 1103 1104
f 1103 1113 1104
f 1103 1110 1113
f 1104 1114 1259
f 1104 1113 1114
f 1094 1105 1106
f 1094 1106 1095
f 1095 1106 1107
f 1105 1108 1106
f 1106 1109 1107
f 1106 1108 1109
f 1107 1109 1115
f 1108 1713 1109
f 1109 1714 1115
f 1095 1107 1102
f 1107 1111 1102
f 1102 1111 1110
f 1110 1111 1112
f 1110 1112 1113
f 1113 1118 1114
f 1112 1118 1113
f 1114 1119 1278
f 1114 1118 1119
f 1107 1115 1111
f 1111 1115 1116
f 1111 1116 1112
f 1112 1116 1117
f 1115 1717 1116
f 1112 1117 1118
f 1118 1120 1119
f 1117 1120 1118
f 1119 1120 1121
f 854 1126 855
f 848 855 1124
f 853 1128 1125
f 854 1125 1126
f 848 1124 1123
f 855 1126 1124
f 1125 1132 1126
f 1124 1126 1127
f 1126 1132 1127
f 1128 1130 1131
f 1128 1129 1130
f 1129 1171 1130
f 1130 1171 1172
f 1130 1172 1134
f 1128 1131 1125
f 1130 1134 1131
f 1125 1131 1132
f 1131 1135 1132
f 1127 1132 1133
f 1132 1135 1133
f 1133 1135 1136
f 1131 1134 1135
f 1134 1176 1135
f 1135 1176 1136
f 1136 1176 1177
f 1123 1124 1137
f 1124 1127 1137
f 1123 1137 1151
f 1127 1138 1137
f 1127 1133 1138
f 1137 1138 1152
f 1133 1139 1138
f 1133 1136 1139
f 1138 1139 1157
f 1136 1140 1139
f 1136 1177 1140
f 1139 1140 1158
f 1123 1151 1143
f 1143 1153 1144
f 1143 1151 1153
f 1137 1152 1151
f 1151 1155 1153
f 1151 1152 1155
f 1144 1153 1154
f 1144 1154 1145
f 1153 1155 1156
f 1153 1156 1154
f 1138 1157 1152
f 1152 1157 1159
f 1152 1159 1155
f 1139 1158 1157
f 1157 1158 1161
f 1157 1161 1159
f 1155 1159 1160
f 1155 1160 1156
f 1159 1161 1162
f 1159 1162 1160
f 1145 1154 1163
f 1145 1163 1149
f 1154 1156 1164
f 1154 1164 1163
f 1149 1165 1150
f 1149 1163 1165
f 1150 1165 1866
f 1163 1166 1165
f 1163 1164 1166
f 1165 1166 1867
f 1156 1160 1167
f 1156 1167 1164
f 1160 1162 1168
f 1160 1168 1167
f 1164 1167 1169
f 1164 1169 1166
f 1166 1169 1870
f 1167 1168 1170
f 1167 1170 1169
f 1169 1170 1871
f 1171 1173 1172
f 1172 1173 1174
f 1172 1174 1175
f 1173 1182 1174
f 1174 1182 1183
f 1174 1183 1178
f 1134 1172 1175
f 1174 1178 1175
f 1134 1175 1176
f 1175 1179 1176
f 1176 1179 1177
f 1177 1179 1180
f 1175 1178 1179
f 1178 1181 1179
f 1179 1181 1180
f 1180 1181 1188
f 1182 1184 1183
f 1183 1184 1186
f 1183 1186 1187
f 1184 1185 1186
f 1185 1198 1186
f 1186 1198 1190
f 1183 1187 1178
f 1186 1190 1187
f 1178 1187 1181
f 1181 1187 1189
f 1181 1189 1188
f 1188 1189 1191
f 1187 1190 1189
f 1189 1190 1192
f 1190 1201 1192
f 1189 1192 1191
f 1191 1192 1202
f 1140 1177 1193
f 1177 1180 1193
f 1140 1193 1234
f 1180 1194 1193
f 1180 1188 1194
f 1193 1194 1235
f 1188 1195 1194
f 1188 1191 1195
f 1194 1195 1240
f 1191 1196 1195
f 1191 1202 1196
f 1195 1196 1241
f 1185 1197 1198
f 1197 1200 1198
f 1198 1200 1201
f 1197 1199 1200
f 1199 1211 1200
f 1200 1211 1204
f 1190 1198 1201
f 1200 1204 1201
f 1192 1201 1203
f 1201 1204 1203
f 1192 1203 1202
f 1202 1203 1205
f 1203 1204 1206
f 1204 1219 1206
f 1203 1206 1205
f 1205 1206 1222
f 1199 1207 1211
f 1207 1208 1212
f 1207 1212 1211
f 1208 1209 1213
f 1209 1210 1214
f 1208 1213 1212
f 1209 1214 1213
f 1211 1212 1219
f 1212 1213 1220
f 1213 1214 1221
f 1210 1215 1216
f 1210 1216 1214
f 1214 1216 1226
f 1211 1219 1204
f 1212 1220 1219
f 1213 1221 1220
f 1215 1217 1216
f 1216 1217 1218
f 1214 1226 1221
f 1216 1218 1226
f 1218 1229 1226
f 1206 1219 1223
f 1219 1220 1223
f 1220 1221 1224
f 1220 1224 1223
f 1206 1223 1222
f 1223 1224 1225
f 1222 1223 1225
f 1221 1226 1227
f 1221 1227 1224
f 1226 1229 1227
f 1224 1227 1228
f 1224 1228 1225
f 1227 1229 1256
f 1227 1256 1228
f 1228 1256 1270
f 1196 1202 1230
f 1202 1205 1230
f 1205 1231 1230
f 1196 1230 1263
f 1205 1222 1231
f 1222 1232 1231
f 1230 1231 1264
f 1231 1232 1269
f 1222 1225 1232
f 1225 1233 1232
f 1232 1233 1271
f 1225 1228 1233
f 1228 1270 1233
f 1233 1270 1271
f 1140 1234 1158
f 1193 1235 1234
f 1158 1234 1236
f 1158 1236 1161
f 1234 1238 1236
f 1194 1240 1235
f 1234 1235 1238
f 1235 1242 1238
f 1161 1236 1237
f 1161 1237 1162
f 1236 1239 1237
f 1236 1238 1239
f 1238 1243 1239
f 1195 1241 1240
f 1235 1240 1242
f 1240 1244 1242
f 1196 1263 1241
f 1240 1241 1244
f 1241 1265 1244
f 1238 1242 1243
f 1242 1245 1243
f 1242 1244 1245
f 1244 1266 1245
f 1162 1237 1246
f 1162 1246 1168
f 1237 1247 1246
f 1237 1239 1247
f 1239 1250 1247
f 1168 1246 1248
f 1168 1248 1170
f 1246 1249 1248
f 1170 1248 1914
f 1246 1247 1249
f 1247 1252 1249
f 1248 1249 1915
f 1239 1243 1250
f 1243 1251 1250
f 1243 1245 1251
f 1245 1286 1251
f 1247 1250 1252
f 1250 1253 1252
f 1249 1252 1918
f 1250 1251 1253
f 1251 1288 1253
f 1252 1253 1919
f 1099 1254 1217
f 1217 1254 1218
f 1218 1254 1255
f 1218 1255 1229
f 1229 1255 1257
f 1254 1259 1255
f 1229 1257 1256
f 1256 1258 1270
f 1256 1257 1258
f 1258 1274 1270
f 1104 1259 1254
f 1255 1259 1260
f 1255 1260 1257
f 1257 1260 1261
f 1114 1278 1259
f 1259 1278 1260
f 1260 1279 1261
f 1257 1261 1258
f 1258 1261 1262
f 1258 1262 1274
f 1261 1280 1262
f 1262 1276 1274
f 1230 1264 1263
f 1241 1263 1265
f 1263 1267 1265
f 1231 1269 1264
f 1263 1264 1267
f 1264 1269 1272
f 1264 1272 1267
f 1244 1265 1266
f 1265 1268 1266
f 1265 1267 1268
f 1267 1272 1273
f 1267 1273 1268
f 1232 1271 1269
f 1269 1271 1275
f 1269 1275 1272
f 1270 1274 1271
f 1271 1274 1275
f 1272 1275 1277
f 1272 1277 1273
f 1274 1276 1275
f 1275 1276 1277
f 1260 1278 1279
f 1278 1282 1279
f 1119 1282 1278
f 1279 1283 1280
f 1279 1282 1283
f 1261 1279 1280
f 1262 1281 1276
f 1262 1280 1281
f 1281 1291 1276
f 1280 1284 1281
f 1281 1285 1291
f 1119 1121 1282
f 1121 1934 1282
f 1282 1934 1283
f 1283 1935 1284
f 1283 1934 1935
f 1280 1283 1284
f 1281 1284 1285
f 1284 1937 1285
f 1284 1935 1937
f 1285 1938 1294
f 1245 1266 1286
f 1266 1287 1286
f 1266 1268 1287
f 1268 1273 1290
f 1268 1290 1287
f 1251 1286 1288
f 1286 1289 1288
f 1253 1288 1946
f 1286 1287 1289
f 1287 1290 1293
f 1287 1293 1289
f 1288 1289 1947
f 1289 1293 1950
f 1273 1277 1292
f 1273 1292 1290
f 1276 1291 1277
f 1277 1291 1292
f 1290 1292 1295
f 1290 1295 1293
f 1293 1295 1952
f 1291 1294 1292
f 1291 1285 1294
f 1292 1294 1295
f 1294 1951 1295
f 1446 1451 1447
f 1447 1452 1448
f 1447 1451 1452
f 1448 1453 1449
f 1448 1452 1453
f 1449 1453 1454
f 1449 1454 1450
f 1450 1454 1459
f 1451 1468 1452
f 1452 1469 1453
f 1453 1470 1454
f 1454 1471 1459
f 1450 1459 1455
f 1455 1459 1460
f 1455 1460 1456
f 1456 1460 1461
f 1456 1461 1457
f 1457 1462 1458
f 1457 1461 1462
f 1458 1463 1486
f 1458 1462 1463
f 1459 1477 1460
f 1460 1478 1461
f 1461 1479 1462
f 1462 1480 1463
f 1452 1468 1469
f 1468 1473 1469
f 1453 1469 1470
f 1454 1470 1471
f 1469 1474 1470
f 1470 1475 1471
f 1471 1476 1477
f 1469 1473 1474
f 1470 1474 1475
f 1471 1475 1476
f 1459 1471 1477
f 1460 1477 1478
f 1461 1478 1479
f 1477 1482 1478
f 1478 1483 1479
f 1462 1479 1480
f 1463 1480 1481
f 1479 1484 1480
f 1480 1485 1481
f 1476 1482 1477
f 1478 1482 1483
f 1479 1483 1484
f 1480 1484 1485
f 1481 1485 1501
f 1486 1491 1487
f 1463 1491 1486
f 1487 1492 1488
f 1487 1491 1492
f 1488 1492 1493
f 304 1488 1493
f 304 1493 1489
f 1463 1481 1491
f 1491 1496 1492
f 1492 1495 1493
f 1489 1493 1497
f 1489 1497 1494
f 1493 1495 1497
f 1481 1496 1491
f 1492 1496 1495
f 1481 1501 1496
f 1495 1499 1497
f 1495 1496 1500
f 1494 1497 1502
f 1494 1502 1498
f 1497 1499 1502
f 1496 1501 1500
f 1495 1500 1499
f 1499 1555 1502
f 1499 1500 1556
f 1498 1502 1558
f 1502 1555 1558
f 1498 1558 1503
f 1473 1523 1474
f 1474 1524 1475
f 1475 1525 1476
f 1474 1523 1524
f 1475 1524 1525
f 1476 1525 1526
f 1523 1536 1524
f 1524 1537 1525
f 1525 1538 1526
f 1524 1536 1537
f 1525 1537 1538
f 1476 1526 1482
f 1482 1527 1483
f 1483 1528 1484
f 1482 1526 1527
f 1483 1527 1528
f 1484 1529 1485
f 1485 1530 1501
f 1484 1528 1529
f 1501 1530 1557
f 1485 1529 1530
f 1526 1541 1527
f 1527 1542 1528
f 1526 1538 1541
f 1527 1541 1542
f 1528 1542 1543
f 1528 1543 1529
f 1529 1544 1530
f 1530 1545 1557
f 1529 1543 1544
f 1530 1544 1545
f 1536 1546 1537
f 1537 1547 1538
f 1538 1548 1541
f 1541 1550 1542
f 1542 1551 1543
f 1544 1552 1545
f 1545 1549 1561
f 1543 1553 1544
f 1537 1546 1547
f 1538 1547 1548
f 1546 1687 1547
f 1547 1688 1548
f 1544 1553 1552
f 1545 1552 1549
f 1548 1550 1541
f 1542 1550 1551
f 1543 1551 1553
f 1548 1691 1550
f 1550 1692 1551
f 1551 1693 1553
f 1549 1552 1695
f 1552 1553 1694
f 1552 1694 1695
f 1549 1695 1554
f 1500 1501 1557
f 1500 1557 1556
f 1499 1556 1555
f 1555 1556 1562
f 1503 1558 1563
f 1555 1560 1558
f 1558 1560 1563
f 1503 1563 1559
f 1556 1557 1561
f 1556 1561 1562
f 1555 1562 1560
f 1545 1561 1557
f 1560 1562 1565
f 1559 1563 1566
f 1560 1567 1563
f 1563 1567 1566
f 1559 1566 1564
f 1561 1577 1562
f 1562 1577 1565
f 1560 1565 1567
f 1549 1577 1561
f 1564 1566 1583
f 1566 1567 1584
f 1564 1583 1578
f 1565 1582 1567
f 1566 1584 1583
f 1549 1554 1577
f 1577 1581 1565
f 1554 1581 1577
f 1567 1582 1584
f 1565 1581 1582
f 1581 1738 1582
f 1582 1740 1584
f 1578 1583 1741
f 1583 1584 1742
f 1583 1742 1741
f 1578 1741 1585
f 1547 1687 1688
f 1548 1688 1691
f 1687 1689 1688
f 1688 1690 1691
f 1688 1689 1690
f 1550 1691 1692
f 1551 1692 1693
f 1693 1697 1694
f 1553 1693 1694
f 1554 1695 1700
f 1694 1699 1695
f 1554 1700 1739
f 1695 1699 1700
f 1691 1696 1692
f 1692 1698 1693
f 1693 1698 1697
f 1690 1696 1691
f 1692 1696 1698
f 1694 1697 1699
f 1700 1705 1739
f 1699 1704 1700
f 1697 1706 1699
f 1705 1747 1739
f 1700 1704 1705
f 1689 1702 1690
f 1690 1702 1707
f 1702 1887 1707
f 1690 1707 1696
f 1696 1708 1698
f 1697 1698 1703
f 1697 1703 1706
f 1696 1707 1708
f 1698 1708 1703
f 1699 1706 1704
f 1705 1710 1747
f 1704 1706 1712
f 1705 1704 1711
f 1705 1711 1710
f 1703 1709 1706
f 1703 1708 1891
f 1707 1890 1708
f 1707 1887 1890
f 1708 1890 1891
f 1703 1891 1709
f 1704 1712 1711
f 1706 1709 1712
f 1710 1893 1755
f 1711 1712 1895
f 1710 1711 1894
f 1710 1894 1893
f 1109 1713 1714
f 1714 1717 1115
f 1713 1715 1714
f 1714 1716 1717
f 1714 1715 1716
f 1717 1716 1722
f 1715 1726 1716
f 1716 1727 1722
f 1716 1726 1727
f 1116 1717 1718
f 1116 1718 1117
f 1117 1718 1719
f 1717 1722 1718
f 1718 1723 1719
f 1117 1719 1120
f 1120 1719 1720
f 1120 1720 1121
f 1121 1720 1721
f 1718 1722 1723
f 1719 1723 1724
f 1722 1730 1723
f 1723 1731 1724
f 1719 1724 1720
f 1720 1724 1725
f 1720 1725 1721
f 1721 1725 1940
f 1724 1732 1725
f 1725 1733 1940
f 1726 1728 1727
f 1727 1729 1730
f 1727 1728 1729
f 1728 1785 1729
f 1729 1785 1786
f 1727 1730 1722
f 1723 1730 1731
f 1724 1731 1732
f 1730 1734 1731
f 1730 1729 1734
f 1731 1735 1732
f 1731 1734 1735
f 1725 1732 1733
f 1733 1956 1940
f 1732 1736 1733
f 1733 1737 1956
f 1729 1786 1734
f 1734 1819 1735
f 1786 1819 1734
f 1735 1820 1736
f 1735 1819 1820
f 1732 1735 1736
f 1733 1736 1737
f 1736 1822 1737
f 1736 1820 1822
f 1737 1823 1961
f 1554 1739 1581
f 1581 1739 1738
f 1582 1738 1740
f 1584 1740 1742
f 1740 1745 1742
f 1738 1746 1740
f 1585 1741 1749
f 1741 1742 1748
f 1741 1748 1749
f 1585 1749 1743
f 1738 1739 1747
f 1738 1747 1746
f 1740 1746 1745
f 1745 1754 1748
f 1745 1746 1756
f 1742 1745 1748
f 1743 1749 1758
f 1748 1757 1749
f 1748 1754 1757
f 1749 1757 1758
f 1743 1758 1750
f 1746 1747 1755
f 1746 1755 1756
f 1745 1756 1754
f 1710 1755 1747
f 1754 1756 1762
f 1758 1757 1765
f 1750 1758 1764
f 1754 1760 1757
f 1758 1765 1764
f 1757 1760 1765
f 1750 1764 1759
f 1759 1764 1788
f 1755 1761 1756
f 1756 1761 1762
f 1754 1762 1760
f 1755 1893 1761
f 1760 1762 1769
f 1761 1763 1762
f 1762 1763 1769
f 1760 1766 1765
f 1765 1766 1767
f 1765 1767 1764
f 1764 1767 1788
f 1766 1768 1767
f 1767 1768 1795
f 1760 1769 1766
f 1766 1769 1771
f 1763 1770 1769
f 1769 1770 1771
f 1770 1772 1771
f 1766 1771 1768
f 1768 1771 1806
f 1771 1772 1806
f 1772 1807 1806
f 1759 1788 1774
f 1774 1789 1775
f 1774 1788 1789
f 1775 1790 1776
f 1776 1791 1777
f 1775 1789 1790
f 1776 1790 1791
f 1777 1792 1778
f 1778 1793 1779
f 1777 1791 1792
f 1778 1792 1793
f 1779 1794 1780
f 1779 1793 1794
f 1780 1794 1815
f 1780 1815 1781
f 1781 1816 1782
f 1781 1815 1816
f 1782 1816 1817
f 1782 1817 1783
f 1783 1818 1784
f 1783 1817 1818
f 1785 1787 1786
f 1786 1787 1821
f 1784 1821 1787
f 1784 1818 1821
f 1788 1795 1789
f 1767 1795 1788
f 1789 1796 1790
f 1790 1798 1791
f 1789 1795 1796
f 1790 1796 1798
f 1768 1797 1795
f 1795 1797 1796
f 1796 1802 1798
f 1796 1797 1802
f 1791 1799 1792
f 1792 1800 1793
f 1791 1798 1799
f 1792 1799 1800
f 1793 1801 1794
f 1793 1800 1801
f 1794 1801 1824
f 1798 1803 1799
f 1798 1802 1803
f 1799 1803 1804
f 1799 1804 1800
f 1800 1805 1801
f 1800 1804 1805
f 1801 1805 1828
f 1768 1806 1797
f 1797 1808 1802
f 1797 1806 1808
f 1806 1807 1808
f 1807 1812 1808
f 1802 1809 1803
f 1802 1808 1809
f 1803 1809 1810
f 1803 1810 1804
f 1804 1811 1805
f 1804 1810 1811
f 1805 1811 1834
f 1808 1812 1809
f 1809 1812 1813
f 1809 1813 1810
f 1810 1813 1814
f 1810 1814 1811
f 1811 1814 1838
f 1786 1821 1819
f 1819 1832 1820
f 1819 1821 1832
f 1820 1832 1833
f 1737 1822 1823
f 1820 1833 1822
f 1822 1833 1842
f 1822 1842 1823
f 1823 1843 2025
f 1823 1842 1843
f 1794 1824 1815
f 1815 1825 1816
f 1815 1824 1825
f 1816 1825 1826
f 1816 1826 1817
f 1817 1827 1818
f 1817 1826 1827
f 1801 1828 1824
f 1824 1829 1825
f 1824 1828 1829
f 1825 1829 1830
f 1825 1830 1826
f 1826 1831 1827
f 1826 1830 1831
f 1818 1832 1821
f 1818 1827 1832
f 1827 1833 1832
f 1827 1831 1833
f 1805 1834 1828
f 1828 1835 1829
f 1828 1834 1835
f 1829 1835 1836
f 1829 1836 1830
f 1830 1837 1831
f 1830 1836 1837
f 1811 1838 1834
f 1834 1838 1839
f 1834 1839 1835
f 1835 1840 1836
f 1835 1839 1840
f 1836 1841 1837
f 1836 1840 1841
f 1831 1842 1833
f 1831 1837 1842
f 1837 1843 1842
f 1837 1841 1843
f 1150 1866 1858
f 1858 1866 1868
f 1165 1867 1866
f 1866 1867 1869
f 1858 1868 1859
f 1859 1874 1863
f 1859 1868 1874
f 1866 1869 1868
f 1868 1875 1874
f 1868 1869 1875
f 1166 1870 1867
f 1867 1870 1872
f 1169 1871 1870
f 1870 1871 1873
f 1867 1872 1869
f 1869 1872 1880
f 1869 1880 1875
f 1870 1873 1872
f 1872 1873 1881
f 1872 1881 1880
f 1863 1874 1876
f 1863 1876 1864
f 1874 1875 1877
f 1874 1877 1876
f 1864 1876 1878
f 1876 1877 1879
f 1864 1878 1865
f 1876 1879 1878
f 1875 1880 1882
f 1875 1882 1877
f 1880 1881 1883
f 1880 1883 1882
f 1877 1882 1884
f 1882 1883 1885
f 1877 1884 1879
f 1882 1885 1884
f 1887 1889 1890
f 1709 1892 1712
f 1709 1891 1902
f 1890 1901 1891
f 1891 1901 1902
f 1709 1902 1892
f 1711 1895 1894
f 1712 1892 1895
f 1893 1894 1983
f 1894 1897 1983
f 1895 1896 1897
f 1892 1896 1895
f 1892 1908 1896
f 1894 1895 1897
f 1897 1986 1983
f 1897 1898 1986
f 1896 1898 1897
f 1896 1910 1898
f 1865 1899 1888
f 1865 1878 1899
f 1878 1900 1899
f 1878 1879 1900
f 1889 1901 1890
f 1901 1904 1903
f 1892 1902 1908
f 1902 1903 1908
f 1901 1903 1902
f 1903 1905 1909
f 1888 1904 1889
f 1888 1899 1904
f 1889 1904 1901
f 1899 1905 1904
f 1899 1900 1905
f 1903 1904 1905
f 1879 1884 1906
f 1879 1906 1900
f 1884 1885 1907
f 1884 1907 1906
f 1896 1908 1910
f 1908 1909 1910
f 1903 1909 1908
f 1909 1911 1910
f 1909 1912 1911
f 1898 1910 2001
f 1910 1911 2001
f 1911 2002 2001
f 1911 1913 2002
f 1900 1906 1912
f 1900 1912 1905
f 1905 1912 1909
f 1906 1907 1913
f 1906 1913 1912
f 1911 1912 1913
f 1170 1914 1871
f 1248 1915 1914
f 1871 1914 1916
f 1249 1918 1915
f 1914 1915 1917
f 1871 1916 1873
f 1914 1917 1916
f 1873 1916 1922
f 1873 1922 1881
f 1916 1923 1922
f 1915 1920 1917
f 1916 1917 1923
f 1917 1928 1923
f 1252 1919 1918
f 1915 1918 1920
f 1253 1946 1919
f 1918 1919 1921
f 1918 1921 1920
f 1917 1920 1928
f 1920 1929 1928
f 1919 1948 1921
f 1920 1921 1929
f 1921 1965 1929
f 1881 1922 1924
f 1881 1924 1883
f 1922 1925 1924
f 1922 1923 1925
f 1923 1930 1925
f 1883 1924 1926
f 1924 1925 1927
f 1883 1926 1885
f 1924 1927 1926
f 1925 1932 1927
f 1923 1928 1930
f 1928 1931 1930
f 1928 1929 1931
f 1929 1967 1931
f 1925 1930 1932
f 1930 1931 1933
f 1930 1933 1932
f 1931 1969 1933
f 1121 1721 1934
f 1934 1936 1935
f 1721 1936 1934
f 1935 1936 1939
f 1935 1939 1937
f 1285 1937 1938
f 1937 1939 1942
f 1937 1942 1938
f 1938 1943 1951
f 1938 1942 1943
f 1721 1940 1936
f 1936 1940 1941
f 1936 1941 1939
f 1939 1941 1944
f 1939 1944 1942
f 1942 1945 1943
f 1942 1944 1945
f 1943 1945 1958
f 1288 1947 1946
f 1919 1946 1948
f 1289 1950 1947
f 1946 1947 1949
f 1947 1950 1953
f 1946 1949 1948
f 1921 1948 1965
f 1948 1966 1965
f 1947 1953 1949
f 1948 1949 1966
f 1949 1953 1971
f 1949 1971 1966
f 1293 1952 1950
f 1950 1952 1955
f 1938 1951 1294
f 1295 1951 1952
f 1951 1954 1952
f 1951 1943 1954
f 1950 1955 1953
f 1953 1955 1973
f 1953 1973 1971
f 1952 1954 1955
f 1943 1958 1954
f 1958 1972 1954
f 1954 1972 1955
f 1955 1972 1973
f 1940 1956 1941
f 1941 1956 1957
f 1941 1957 1944
f 1957 1959 1944
f 1956 1961 1957
f 1944 1959 1945
f 1945 1960 1958
f 1945 1959 1960
f 1958 1960 1974
f 1737 1961 1956
f 1957 1961 1962
f 1957 1962 1959
f 1959 1962 1963
f 1961 2025 1962
f 1962 2026 1963
f 1959 1963 1960
f 1960 1963 1964
f 1960 1964 1974
f 1964 1978 1974
f 1963 2027 1964
f 1929 1965 1967
f 1965 1968 1967
f 1965 1966 1968
f 1966 1971 1976
f 1966 1976 1968
f 1931 1967 1969
f 1967 1968 1970
f 1968 1976 1980
f 1967 1970 1969
f 1968 1980 1970
f 1971 1973 1977
f 1971 1977 1976
f 1958 1974 1972
f 1972 1975 1973
f 1972 1974 1975
f 1973 1975 1977
f 1976 1977 1981
f 1974 1978 1975
f 1975 1979 1977
f 1975 1978 1979
f 1977 1979 1981
f 1976 1981 1980
f 1761 1893 1982
f 1761 1982 1763
f 1893 1983 1982
f 1982 1983 1985
f 1983 1986 1985
f 1763 1982 1984
f 1763 1984 1770
f 1982 1985 1984
f 1985 1988 1991
f 1984 1985 1991
f 1985 1986 1988
f 1986 1987 1988
f 1898 1987 1986
f 1898 2001 1987
f 1988 1995 1991
f 1988 1989 1995
f 1987 1989 1988
f 1987 2003 1989
f 1770 1984 1990
f 1770 1990 1772
f 1984 1991 1990
f 1991 1995 1993
f 1990 1991 1993
f 1772 1990 1992
f 1772 1992 1807
f 1990 1993 1992
f 1993 1997 1994
f 1992 1993 1994
f 1993 1995 1997
f 1995 1996 1997
f 1989 1996 1995
f 1989 2004 1996
f 1994 1997 2021
f 1997 1998 2021
f 1996 1998 1997
f 1996 2010 1998
f 1998 2012 2022
f 1885 1926 1999
f 1885 1999 1907
f 1926 2000 1999
f 1926 1927 2000
f 1927 2008 2000
f 2001 2002 2003
f 1987 2001 2003
f 2002 2005 2003
f 2002 2006 2005
f 2003 2005 2004
f 1989 2003 2004
f 2004 2005 2011
f 2005 2007 2011
f 1907 1999 2006
f 1907 2006 1913
f 1999 2007 2006
f 1913 2006 2002
f 1999 2000 2007
f 2000 2014 2007
f 2005 2006 2007
f 1927 1932 2008
f 1932 2009 2008
f 1932 1933 2009
f 1933 2048 2009
f 1996 2004 2010
f 2004 2011 2010
f 2010 2011 2013
f 2011 2014 2013
f 1998 2010 2012
f 2010 2013 2012
f 2012 2013 2051
f 2013 2015 2051
f 2000 2008 2014
f 2008 2015 2014
f 2007 2014 2011
f 2008 2009 2015
f 2009 2054 2015
f 2013 2014 2015
f 1807 1992 2016
f 1807 2016 1812
f 1992 1994 2016
f 1994 2021 2017
f 1994 2017 2016
f 1812 2016 2018
f 1812 2018 1813
f 1813 2018 2019
f 1813 2019 1814
f 1814 2019 2029
f 2016 2017 2018
f 2017 2020 2018
f 2017 2023 2020
f 2018 2020 2019
f 2019 2020 2033
f 2017 2021 2023
f 2021 2022 2023
f 1998 2022 2021
f 2022 2050 2024
f 2020 2023 2039
f 2023 2024 2039
f 2022 2024 2023
f 2024 2052 2043
f 1823 2025 1961
f 1962 2025 2026
f 2025 2037 2026
f 1843 2037 2025
f 2026 2038 2027
f 1963 2026 2027
f 1964 2028 1978
f 1964 2027 2028
f 2028 2056 1978
f 2027 2046 2028
f 2028 2047 2056
f 1814 2029 1838
f 1838 2029 2030
f 1838 2030 1839
f 1839 2031 1840
f 1839 2030 2031
f 1840 2032 1841
f 1840 2031 2032
f 2019 2033 2029
f 2029 2034 2030
f 2029 2033 2034
f 2020 2039 2033
f 2033 2040 2034
f 2030 2035 2031
f 2030 2034 2035
f 2031 2036 2032
f 2031 2035 2036
f 2034 2041 2035
f 2035 2042 2036
f 1841 2037 1843
f 1841 2032 2037
f 2026 2037 2038
f 2032 2038 2037
f 2032 2036 2038
f 2036 2046 2038
f 2033 2039 2040
f 2039 2043 2040
f 2034 2040 2041
f 2035 2041 2042
f 2040 2044 2041
f 2041 2045 2042
f 2024 2043 2039
f 2040 2043 2044
f 2041 2044 2045
f 2043 2060 2044
f 2044 2061 2045
f 2027 2038 2046
f 2036 2042 2046
f 2042 2047 2046
f 2028 2046 2047
f 2042 2045 2047
f 2045 2064 2047
f 1933 1969 2048
f 1969 2049 2048
f 1969 1970 2049
f 1970 1980 2058
f 1970 2058 2049
f 2012 2050 2022
f 2012 2051 2050
f 2050 2051 2053
f 2051 2054 2053
f 2024 2050 2052
f 2050 2053 2052
f 2053 2055 2062
f 2052 2053 2062
f 2009 2048 2054
f 2048 2055 2054
f 2015 2054 2051
f 2053 2054 2055
f 2048 2049 2055
f 2049 2058 2066
f 2049 2066 2055
f 2055 2066 2062
f 1978 2056 1979
f 1979 2056 2057
f 1979 2057 1981
f 2057 2059 1981
f 2056 2064 2057
f 2057 2065 2059
f 1980 1981 2059
f 1980 2059 2058
f 2043 2052 2060
f 2052 2062 2060
f 2044 2060 2061
f 2060 2063 2061
f 2062 2066 2063
f 2060 2062 2063
f 2056 2047 2064
f 2045 2061 2064
f 2061 2065 2064
f 2057 2064 2065
f 2061 2063 2065
f 2063 2067 2065
f 2058 2059 2067
f 2058 2067 2066
f 2063 2066 2067
f 2059 2065 2067
f 2298 2299 2300
f 2299 2302 2304
f 2299 2304 2300
f 2300 2304 2301
f 2298 2961 2299
f 2299 2961 2962
f 2299 2962 2302
f 2302 2303 2305
f 2301 2304 2306
f 2302 2305 2304
f 2304 2305 2306
f 2301 2306 2308
f 2303 2312 2305
f 2305 2313 2306
f 2306 2309 2308
f 2306 2313 2309
f 2302 2965 2303
f 2962 2965 2302
f 2303 2965 2966
f 2300 2301 2307
f 2301 2403 2307
f 2301 2308 2403
f 2308 2309 2310
f 2308 2404 2403
f 2308 2310 2404
f 2310 2322 2405
f 2303 2311 2312
f 2311 2316 2314
f 2305 2312 2313
f 2312 2315 2313
f 2309 2313 2321
f 2311 2314 2312
f 2312 2314 2315
f 2313 2315 2321
f 2315 2325 2321
f 2303 2966 2311
f 2966 2973 2311
f 2311 2973 2316
f 2973 2975 2316
f 2316 2317 2319
f 2314 2316 2319
f 2314 2318 2315
f 2314 2319 2318
f 2315 2318 2325
f 2318 2319 2337
f 2317 2336 2319
f 2319 2336 2337
f 2318 2327 2325
f 2318 2337 2327
f 2316 2975 2317
f 2317 2976 2334
f 2317 2975 2976
f 2309 2320 2310
f 2309 2321 2320
f 2310 2320 2322
f 2320 2321 2326
f 2321 2325 2326
f 2320 2324 2322
f 2320 2326 2324
f 2322 2323 2410
f 2322 2324 2323
f 2323 2324 2329
f 2325 2328 2326
f 2324 2326 2331
f 2326 2328 2331
f 2325 2327 2328
f 2327 2345 2328
f 2328 2347 2331
f 2324 2331 2329
f 2323 2329 2330
f 2329 2333 2330
f 2329 2331 2332
f 2331 2347 2332
f 2329 2332 2333
f 2317 2334 2336
f 2334 2335 2338
f 2334 2338 2336
f 2336 2339 2337
f 2327 2337 2344
f 2337 2339 2344
f 2336 2338 2339
f 2338 2342 2339
f 2339 2351 2344
f 2976 3010 2334
f 2334 3010 2335
f 2335 3010 3011
f 2335 2340 2341
f 2340 2359 2361
f 2335 2341 2338
f 2338 2341 2342
f 2339 2342 2351
f 2342 2352 2351
f 2340 2361 2341
f 2341 2343 2342
f 2341 2361 2343
f 2342 2343 2352
f 2335 3011 2340
f 3011 3014 2340
f 2340 3014 2359
f 2327 2344 2345
f 2328 2345 2347
f 2345 2350 2347
f 2344 2346 2345
f 2344 2351 2346
f 2345 2346 2350
f 2332 2347 2349
f 2332 2348 2333
f 2332 2349 2348
f 2347 2350 2349
f 2349 2350 2354
f 2348 2349 2356
f 2349 2354 2356
f 2346 2351 2353
f 2351 2352 2353
f 2346 2355 2350
f 2346 2353 2355
f 2352 2371 2353
f 2353 2375 2355
f 2353 2371 2375
f 2350 2355 2354
f 2354 2355 2357
f 2354 2358 2356
f 2355 2375 2357
f 2354 2357 2358
f 2357 2377 2358
f 2359 2360 2362
f 2343 2361 2363
f 2359 2362 2361
f 2361 2362 2363
f 2343 2370 2352
f 2343 2363 2370
f 2360 2365 2362
f 2362 2367 2363
f 2363 2372 2370
f 2363 2367 2372
f 2359 3019 2360
f 3014 3019 2359
f 2360 3019 3020
f 2360 2364 2365
f 2362 2365 2367
f 2364 2366 2365
f 2365 2368 2367
f 2365 2366 2368
f 2366 2369 2368
f 2367 2388 2372
f 2367 2368 2388
f 2368 2389 2388
f 2368 2369 2389
f 2369 2390 2389
f 2360 3020 2364
f 2364 3023 2366
f 3020 3023 2364
f 2366 3024 2369
f 2369 3025 2390
f 2366 3023 3024
f 2369 3024 3025
f 2352 2370 2371
f 2370 2373 2371
f 2371 2379 2375
f 2370 2372 2373
f 2372 2374 2373
f 2371 2373 2379
f 2373 2374 2381
f 2373 2381 2379
f 2374 2382 2381
f 2357 2375 2376
f 2375 2379 2376
f 2357 2376 2377
f 2376 2378 2377
f 2379 2381 2380
f 2376 2379 2380
f 2381 2382 2383
f 2380 2381 2383
f 2382 2384 2383
f 2376 2380 2378
f 2380 2383 2385
f 2378 2380 2385
f 2383 2384 2386
f 2383 2386 2385
f 2384 2387 2386
f 2372 2388 2374
f 2374 2388 2391
f 2388 2389 2391
f 2389 2392 2391
f 2389 2390 2392
f 2390 2393 2392
f 2374 2391 2382
f 2391 2392 2394
f 2382 2391 2394
f 2392 2393 2396
f 2392 2396 2394
f 2393 2397 2396
f 2382 2394 2384
f 2394 2396 2395
f 2384 2394 2395
f 2396 2397 2398
f 2395 2396 2398
f 2397 2399 2398
f 2384 2395 2387
f 2395 2398 2400
f 2387 2395 2400
f 2398 2399 2401
f 2398 2401 2400
f 2399 2402 2401
f 2390 3028 2393
f 2393 3029 2397
f 3025 3028 2390
f 2393 3028 3029
f 2397 3030 2399
f 2399 3031 2402
f 2397 3029 3030
f 2399 3030 3031
f 2402 3031 3081
f 2307 2403 2406
f 2403 2407 2406
f 2310 2405 2404
f 2403 2404 2407
f 2404 2408 2407
f 2404 2405 2408
f 2405 2410 2409
f 2406 2407 2416
f 2407 2417 2416
f 2405 2409 2408
f 2407 2408 2417
f 2408 2409 2418
f 2322 2410 2405
f 2323 2330 2411
f 2323 2411 2410
f 2330 2412 2414
f 2330 2333 2412
f 2333 2479 2412
f 2330 2414 2411
f 2412 2415 2414
f 2412 2480 2415
f 2410 2411 2413
f 2409 2410 2413
f 2411 2414 2423
f 2411 2423 2413
f 2415 2480 2494
f 2414 2415 2424
f 2414 2424 2423
f 2415 2494 2425
f 2298 2300 2834
f 2300 2307 2834
f 2416 2417 2420
f 2408 2418 2417
f 2409 2413 2419
f 2409 2419 2418
f 2417 2418 2421
f 2417 2421 2420
f 2307 2406 2834
f 2420 2421 2776
f 2418 2422 2421
f 2418 2419 2422
f 2419 2426 2778
f 2419 2778 2422
f 2413 2423 2426
f 2413 2426 2419
f 2423 2424 2427
f 2423 2427 2426
f 2415 2425 2424
f 2425 2494 2563
f 2424 2425 2428
f 2426 2782 2778
f 2426 2427 2782
f 2427 2428 2783
f 2424 2428 2427
f 2425 2429 2428
f 2425 2563 2429
f 2429 2563 2811
f 2333 2348 2479
f 2412 2479 2480
f 2479 2482 2480
f 2348 2481 2479
f 2348 2356 2481
f 2479 2481 2482
f 2481 2484 2482
f 2480 2482 2483
f 2480 2483 2494
f 2482 2487 2483
f 2483 2487 2488
f 2356 2485 2481
f 2356 2358 2485
f 2481 2485 2484
f 2358 2515 2485
f 2484 2485 2486
f 2485 2515 2486
f 2482 2484 2487
f 2484 2489 2487
f 2487 2491 2488
f 2488 2491 2496
f 2484 2486 2489
f 2486 2490 2489
f 2487 2489 2491
f 2489 2492 2491
f 2491 2492 2497
f 2489 2490 2492
f 2490 2493 2492
f 2492 2493 2498
f 2483 2495 2494
f 2483 2488 2495
f 2488 2564 2495
f 2488 2496 2564
f 2491 2497 2496
f 2492 2498 2497
f 2493 2499 2498
f 2358 2377 2515
f 2377 2378 2516
f 2377 2516 2515
f 2378 2517 2516
f 2486 2515 2518
f 2515 2516 2518
f 2516 2517 2519
f 2516 2519 2518
f 2517 2520 2519
f 2378 2385 2517
f 2385 2386 2521
f 2385 2521 2517
f 2386 2387 2522
f 2386 2522 2521
f 2387 2523 2522
f 2517 2521 2520
f 2520 2521 2524
f 2521 2522 2524
f 2522 2523 2525
f 2522 2525 2524
f 2523 2526 2525
f 2486 2518 2490
f 2490 2518 2527
f 2518 2519 2527
f 2519 2520 2528
f 2519 2528 2527
f 2520 2529 2528
f 2490 2527 2493
f 2493 2527 2530
f 2527 2528 2530
f 2493 2530 2499
f 2530 2531 2551
f 2528 2529 2531
f 2528 2531 2530
f 2529 2532 2531
f 2531 2532 2552
f 2520 2524 2529
f 2524 2533 2529
f 2524 2525 2533
f 2525 2526 2534
f 2525 2534 2533
f 2526 2535 2534
f 2529 2533 2532
f 2532 2533 2536
f 2533 2534 2536
f 2532 2536 2553
f 2536 2537 2554
f 2534 2535 2537
f 2534 2537 2536
f 2535 2538 2537
f 2537 2538 2555
f 2387 2400 2523
f 2400 2401 2539
f 2400 2539 2523
f 2401 2402 2540
f 2401 2540 2539
f 2402 2541 2540
f 2523 2539 2526
f 2526 2539 2542
f 2539 2540 2542
f 2540 2543 2542
f 2540 2541 2543
f 2541 2544 2543
f 2526 2542 2535
f 2535 2542 2545
f 2542 2543 2545
f 2543 2546 2545
f 2543 2544 2546
f 2544 2547 2546
f 2535 2545 2538
f 2538 2545 2548
f 2545 2546 2548
f 2538 2548 2556
f 2548 2549 2557
f 2546 2549 2548
f 2546 2547 2549
f 2547 2550 2549
f 2549 2550 2558
f 2402 3081 2541
f 2541 3082 2544
f 2541 3081 3082
f 2544 3082 3083
f 2544 3083 2547
f 2547 3084 2550
f 2547 3083 3084
f 2550 3084 3090
f 2499 2530 2551
f 2531 2552 2551
f 2532 2553 2552
f 2536 2554 2553
f 2537 2555 2554
f 2538 2556 2555
f 2548 2557 2556
f 2549 2558 2557
f 2550 2559 2558
f 2550 3090 2559
f 2559 3090 2560
f 2494 2495 2563
f 2495 2564 2565
f 2495 2565 2563
f 2496 2566 2564
f 2563 2565 2811
f 2564 2812 2565
f 2564 2566 2812
f 2421 2777 2776
f 2406 2416 2834
f 2421 2422 2777
f 2422 2778 2780
f 2422 2780 2777
f 2778 2782 2781
f 2778 2781 2780
f 2416 2420 2834
f 2779 2776 2777
f 2779 2777 2788
f 2777 2780 2788
f 2780 2789 2788
f 2780 2781 2789
f 2781 2785 2790
f 2427 2783 2782
f 2785 2782 2783
f 2428 2429 2784
f 2428 2784 2783
f 2429 2811 2787
f 2429 2787 2784
f 2781 2782 2785
f 2786 2783 2784
f 2785 2783 2786
f 2784 2787 2797
f 2787 2811 2816
f 2786 2784 2797
f 2420 2776 2834
f 2779 2788 2791
f 2779 2834 2776
f 2788 2792 2791
f 2781 2790 2789
f 2788 2789 2792
f 2789 2790 2793
f 2779 2791 2834
f 2791 2792 2825
f 2792 2826 2825
f 2789 2793 2792
f 2790 2795 2794
f 2790 2794 2793
f 2792 2793 2826
f 2793 2794 2827
f 2785 2786 2795
f 2785 2795 2790
f 2786 2797 2796
f 2786 2796 2795
f 2787 2798 2797
f 2787 2816 2798
f 2796 2797 2800
f 2797 2798 2800
f 2798 2816 2820
f 2795 2796 2799
f 2794 2795 2799
f 2796 2831 2799
f 2796 2800 2831
f 2798 2832 2800
f 2798 2820 2832
f 2565 2813 2811
f 2565 2812 2813
f 2566 2814 2812
f 2811 2813 2816
f 2812 2818 2813
f 2812 2814 2818
f 2813 2817 2816
f 2813 2818 2817
f 2816 2817 2820
f 2817 2818 2821
f 2814 2819 2818
f 2818 2819 2821
f 2817 2855 2820
f 2817 2821 2855
f 2819 2856 2821
f 2825 2822 2834
f 2826 2823 2822
f 2822 2823 2835
f 2827 2824 2823
f 2827 2828 2824
f 2828 2837 2824
f 2791 2825 2834
f 2825 2826 2822
f 2793 2827 2826
f 2794 2799 2828
f 2794 2828 2827
f 2826 2827 2823
f 2828 2829 2837
f 2831 2840 2829
f 2831 2830 2840
f 2832 2841 2830
f 2832 2852 2841
f 2799 2829 2828
f 2799 2831 2829
f 2800 2830 2831
f 2800 2832 2830
f 2820 2852 2832
f 2822 2835 2834
f 2823 2836 2835
f 2823 2824 2836
f 2824 2839 2836
f 2824 2837 2839
f 2834 2835 3912
f 2835 2836 2838
f 2835 2838 3912
f 2836 3915 2838
f 2836 2839 3915
f 2837 3919 2839
f 2829 2842 2837
f 2829 2840 2842
f 2830 2843 2840
f 2830 2841 2843
f 2841 2852 2859
f 2837 2842 3919
f 2840 3920 2842
f 2840 2843 3920
f 2841 3921 2843
f 2841 2859 3921
f 2855 2857 2852
f 2855 2854 2857
f 2856 2858 2854
f 2820 2855 2852
f 2821 2854 2855
f 2821 2856 2854
f 2852 2857 2859
f 2854 2861 2857
f 2854 2858 2861
f 2857 3947 2859
f 2857 2861 3947
f 2858 3948 2861
f 2961 2963 2962
f 2962 2964 2965
f 2962 2963 2964
f 2963 2969 2964
f 2964 2970 2967
f 2965 2967 2966
f 2965 2964 2967
f 2967 2971 2968
f 2966 2967 2968
f 2964 2969 2970
f 2969 2982 2970
f 2970 2982 2983
f 2970 2983 2971
f 2967 2970 2971
f 2968 2971 2972
f 2971 2984 2972
f 2983 2984 2971
f 2972 2984 2985
f 2966 2968 2973
f 2973 2974 2975
f 2973 2968 2974
f 2968 2972 2974
f 2975 2974 2977
f 2974 2979 2977
f 2975 2977 2976
f 2976 2978 3010
f 2977 2980 2978
f 2976 2977 2978
f 2978 2981 3012
f 2972 2979 2974
f 2977 2979 2980
f 2972 2985 2979
f 2985 2998 2979
f 2979 2998 2980
f 2998 2999 2980
f 2978 2980 2981
f 2980 2999 2981
f 2981 3000 3016
f 2981 2999 3000
f 2982 2986 2983
f 2983 2987 2984
f 2984 2988 2985
f 2983 2986 2987
f 2986 2990 2987
f 2987 2991 2988
f 2984 2987 2988
f 2985 2988 2989
f 2988 2994 2989
f 2987 2990 2991
f 2990 2992 2991
f 2991 2992 2993
f 2991 2993 2994
f 2988 2991 2994
f 2989 2994 2995
f 2993 2996 2994
f 2994 2996 2995
f 2995 2996 2997
f 2985 2989 2998
f 2998 3001 2999
f 2999 3002 3000
f 3000 3003 3046
f 2998 2989 3001
f 2999 3001 3002
f 2989 2995 3001
f 3001 3004 3002
f 3000 3002 3003
f 3002 3006 3003
f 3003 3007 3049
f 2995 3004 3001
f 3002 3004 3006
f 2995 2997 3004
f 2997 3005 3004
f 3004 3005 3006
f 3005 3008 3006
f 3003 3006 3007
f 3006 3008 3007
f 3007 3008 3009
f 3007 3009 3052
f 3010 3012 3011
f 3010 2978 3012
f 3011 3012 3013
f 3012 3016 3013
f 3011 3013 3014
f 3014 3015 3019
f 3014 3013 3015
f 3013 3017 3015
f 3015 3018 3021
f 2981 3016 3012
f 3013 3016 3017
f 3000 3046 3016
f 3016 3046 3017
f 3017 3046 3047
f 3015 3017 3018
f 3017 3047 3018
f 3047 3048 3018
f 3018 3048 3036
f 3019 3021 3020
f 3019 3015 3021
f 3021 3036 3022
f 3020 3021 3022
f 3020 3022 3023
f 3023 3026 3024
f 3024 3027 3025
f 3023 3022 3026
f 3024 3026 3027
f 3025 3027 3032
f 3022 3037 3026
f 3026 3038 3027
f 3027 3039 3032
f 3025 3032 3028
f 3028 3033 3029
f 3029 3034 3030
f 3030 3035 3031
f 3031 3035 3085
f 3028 3032 3033
f 3029 3033 3034
f 3032 3040 3033
f 3033 3041 3034
f 3030 3034 3035
f 3034 3042 3035
f 3035 3043 3085
f 3018 3036 3021
f 3022 3036 3037
f 3036 3058 3037
f 3048 3058 3036
f 3037 3058 3059
f 3026 3037 3038
f 3027 3038 3039
f 3037 3059 3038
f 3038 3060 3039
f 3059 3060 3038
f 3032 3039 3040
f 3033 3040 3041
f 3034 3041 3042
f 3035 3042 3043
f 3039 3063 3040
f 3041 3040 3064
f 3039 3060 3063
f 3040 3063 3064
f 3041 3064 3044
f 3041 3044 3042
f 3042 3045 3043
f 3042 3044 3045
f 3043 3045 3097
f 3046 3049 3047
f 3047 3050 3048
f 3048 3051 3058
f 3003 3049 3046
f 3047 3049 3050
f 3049 3052 3050
f 3048 3050 3051
f 3050 3053 3051
f 3051 3056 3061
f 3007 3052 3049
f 3050 3052 3053
f 3009 3054 3052
f 3052 3054 3053
f 3053 3054 3055
f 3051 3053 3056
f 3053 3055 3056
f 3055 3057 3056
f 3056 3057 3070
f 3058 3061 3059
f 3059 3062 3060
f 3058 3051 3061
f 3059 3061 3062
f 3061 3070 3062
f 3060 3065 3063
f 3063 3066 3064
f 3064 3067 3044
f 3060 3062 3065
f 3063 3065 3066
f 3064 3066 3067
f 3044 3068 3045
f 3045 3069 3097
f 3044 3067 3068
f 3045 3068 3069
f 3062 3071 3065
f 3065 3074 3066
f 3066 3075 3067
f 3067 3076 3068
f 3068 3077 3069
f 3056 3070 3061
f 3062 3070 3071
f 3057 3072 3070
f 3070 3072 3071
f 3071 3072 3073
f 3065 3071 3074
f 3066 3074 3075
f 3067 3075 3076
f 3068 3076 3077
f 3075 3079 3076
f 3076 3080 3077
f 3071 3073 3074
f 3074 3078 3075
f 3073 3078 3074
f 3075 3078 3079
f 3076 3079 3080
f 3077 3080 3120
f 3031 3085 3081
f 3081 3086 3082
f 3081 3085 3086
f 3082 3087 3083
f 3082 3086 3087
f 3083 3088 3084
f 3084 3089 3090
f 3083 3087 3088
f 3084 3088 3089
f 3085 3093 3086
f 3086 3094 3087
f 3087 3095 3088
f 3088 3096 3089
f 3090 3091 2560
f 3090 3089 3091
f 2560 3091 3092
f 3089 3102 3091
f 3092 3091 3103
f 3043 3093 3085
f 3086 3093 3094
f 3087 3094 3095
f 3088 3095 3096
f 3089 3096 3102
f 3043 3097 3093
f 3093 3098 3094
f 3094 3098 3099
f 3093 3097 3098
f 3094 3099 3095
f 3095 3100 3096
f 3095 3099 3100
f 3096 3101 3102
f 3096 3100 3101
f 3091 3102 3103
f 3092 3103 3104
f 3102 3105 3103
f 3103 3106 3104
f 3101 3105 3102
f 3103 3105 3106
f 3104 3106 3107
f 3097 3108 3098
f 3098 3109 3099
f 3069 3108 3097
f 3098 3108 3109
f 3099 3110 3100
f 3100 3111 3101
f 3099 3109 3110
f 3100 3110 3111
f 3069 3116 3108
f 3109 3108 3117
f 3109 3118 3110
f 3110 3119 3111
f 3111 3119 3125
f 3101 3112 3105
f 3105 3113 3106
f 3101 3111 3112
f 3105 3112 3113
f 3106 3113 3114
f 3106 3114 3107
f 3107 3114 3115
f 3111 3125 3112
f 3112 3125 3126
f 3112 3126 3113
f 3113 3127 3114
f 3113 3126 3127
f 3114 3128 3115
f 3114 3127 3128
f 3115 3128 3129
f 3069 3077 3116
f 3108 3116 3117
f 3109 3117 3118
f 3077 3120 3116
f 3116 3121 3117
f 3117 3122 3118
f 3110 3118 3119
f 3118 3123 3119
f 3119 3124 3125
f 3116 3120 3121
f 3117 3121 3122
f 3118 3122 3123
f 3119 3123 3124
f 3125 3130 3126
f 3126 3131 3127
f 3127 3132 3128
f 3128 3133 3129
f 3124 3130 3125
f 3126 3130 3131
f 3127 3131 3132
f 3128 3132 3133
f 3129 3133 3134
f 3133 3267 3134
f 2992 3135 2993
f 2993 3135 3136
f 2993 3136 2996
f 3135 3139 3136
f 3136 3139 3140
f 3136 3140 3137
f 2996 3137 2997
f 2996 3136 3137
f 2997 3137 3138
f 3137 3140 3143
f 3137 3143 3138
f 3138 3143 3144
f 3139 3141 3140
f 3140 3142 3143
f 3140 3141 3142
f 3141 3157 3142
f 3143 3145 3144
f 3142 3145 3143
f 3144 3145 3146
f 2997 3138 3005
f 3005 3138 3147
f 3005 3147 3008
f 3008 3147 3148
f 3138 3144 3147
f 3144 3150 3147
f 3147 3150 3148
f 3148 3150 3152
f 3008 3148 3009
f 3009 3149 3054
f 3009 3148 3149
f 3148 3152 3149
f 3149 3152 3153
f 3149 3153 3158
f 3144 3146 3150
f 3150 3151 3152
f 3146 3151 3150
f 3151 3154 3152
f 3152 3154 3153
f 3153 3155 3161
f 3153 3154 3155
f 3142 3157 3179
f 3142 3179 3180
f 3142 3180 3145
f 3145 3181 3146
f 3145 3180 3181
f 3146 3181 3182
f 3146 3182 3151
f 3151 3182 3199
f 3151 3199 3154
f 3154 3199 3200
f 3154 3200 3155
f 3155 3201 3163
f 3155 3200 3201
f 3054 3149 3158
f 3054 3158 3055
f 3055 3158 3159
f 3153 3161 3158
f 3158 3161 3159
f 3159 3161 3162
f 3055 3159 3057
f 3057 3159 3160
f 3057 3160 3072
f 3159 3162 3160
f 3160 3162 3165
f 3160 3165 3167
f 3161 3163 3162
f 3155 3163 3161
f 3162 3163 3164
f 3162 3164 3165
f 3165 3166 3172
f 3164 3166 3165
f 3072 3167 3073
f 3072 3160 3167
f 3073 3167 3168
f 3165 3172 3167
f 3167 3172 3168
f 3168 3172 3173
f 3073 3168 3078
f 3078 3169 3079
f 3078 3168 3169
f 3079 3170 3080
f 3080 3171 3120
f 3079 3169 3170
f 3080 3170 3171
f 3168 3173 3169
f 3170 3169 3176
f 3169 3173 3176
f 3170 3177 3171
f 3170 3176 3177
f 3172 3174 3173
f 3166 3174 3172
f 3173 3174 3175
f 3173 3175 3176
f 3176 3178 3177
f 3175 3178 3176
f 3177 3178 3253
f 3163 3201 3274
f 3163 3274 3164
f 3164 3274 3275
f 3164 3275 3166
f 3166 3275 3276
f 3166 3276 3174
f 3174 3302 3175
f 3174 3276 3302
f 3175 3302 3303
f 3175 3303 3178
f 3178 3304 3253
f 3178 3303 3304
f 3179 3185 3180
f 3180 3185 3187
f 3180 3187 3181
f 3181 3189 3182
f 3181 3187 3189
f 3182 3189 3191
f 3197 3196 3226
f 3198 3228 3229
f 3185 3186 3187
f 3186 3190 3187
f 3187 3190 3189
f 3186 3188 3190
f 3185 3196 3186
f 3197 3188 3186
f 3189 3190 3192
f 3190 3194 3192
f 3189 3192 3191
f 3191 3192 3205
f 3188 3194 3190
f 3188 3193 3194
f 3192 3194 3207
f 3194 3195 3207
f 3193 3195 3194
f 3193 3198 3195
f 3197 3186 3196
f 3197 3184 3188
f 3184 3193 3188
f 3193 3228 3198
f 3184 3228 3193
f 3198 3229 3217
f 3182 3191 3199
f 3191 3204 3199
f 3199 3204 3200
f 3200 3204 3210
f 3200 3210 3201
f 3201 3211 3274
f 3201 3210 3211
f 3219 3217 3234
f 3223 3202 3203
f 3202 3236 3203
f 3203 3236 3357
f 3191 3205 3204
f 3192 3207 3205
f 3204 3205 3206
f 3205 3208 3206
f 3204 3206 3210
f 3205 3207 3208
f 3195 3209 3207
f 3195 3216 3209
f 3207 3209 3208
f 3208 3209 3214
f 3209 3220 3214
f 3206 3212 3210
f 3210 3212 3211
f 3206 3213 3212
f 3211 3212 3281
f 3212 3284 3281
f 3206 3208 3213
f 3208 3214 3213
f 3212 3213 3284
f 3213 3215 3284
f 3213 3214 3215
f 3214 3221 3215
f 3195 3198 3216
f 3198 3217 3216
f 3209 3216 3220
f 3216 3218 3220
f 3216 3217 3218
f 3219 3218 3217
f 3219 3223 3218
f 3214 3220 3221
f 3220 3222 3221
f 3218 3222 3220
f 3223 3222 3218
f 3215 3221 3293
f 3223 3224 3222
f 3221 3222 3294
f 3224 3294 3222
f 3219 3202 3223
f 3223 3203 3224
f 3197 3226 3227
f 3197 3227 3184
f 3184 3227 3230
f 3184 3230 3228
f 3228 3230 3232
f 3228 3232 3229
f 3229 3233 3234
f 3226 3231 3227
f 3227 3691 3230
f 3227 3231 3691
f 3230 3691 3692
f 3229 3232 3233
f 3230 3692 3232
f 3232 3694 3233
f 3233 3695 3237
f 3217 3229 3234
f 3219 3235 3202
f 3219 3234 3235
f 3202 3239 3236
f 3202 3235 3239
f 3236 3239 3240
f 3236 3240 3358
f 3240 3376 3358
f 3234 3237 3235
f 3233 3237 3234
f 3235 3237 3238
f 3235 3238 3239
f 3239 3701 3240
f 3238 3701 3239
f 3240 3701 3702
f 3240 3702 3376
f 3120 3242 3121
f 3121 3243 3122
f 3120 3171 3242
f 3121 3242 3243
f 3122 3244 3123
f 3123 3241 3124
f 3122 3243 3244
f 3123 3244 3241
f 3171 3249 3242
f 3242 3250 3243
f 3171 3177 3249
f 3242 3249 3250
f 3243 3250 3251
f 3243 3251 3244
f 3244 3252 3241
f 3244 3251 3252
f 3241 3252 3258
f 3124 3245 3130
f 3131 3130 3246
f 3131 3246 3247
f 3124 3241 3245
f 3130 3245 3246
f 3131 3247 3132
f 3132 3247 3248
f 3132 3248 3133
f 3133 3248 3267
f 3241 3258 3245
f 3245 3259 3246
f 3246 3260 3247
f 3245 3258 3259
f 3246 3259 3260
f 3247 3261 3248
f 3248 3262 3267
f 3247 3260 3261
f 3248 3261 3262
f 3177 3253 3249
f 3249 3254 3250
f 3250 3255 3251
f 3251 3256 3252
f 3252 3257 3258
f 3249 3253 3254
f 3250 3254 3255
f 3251 3255 3256
f 3252 3256 3257
f 3255 3307 3256
f 3256 3308 3257
f 3258 3263 3259
f 3259 3264 3260
f 3260 3265 3261
f 3261 3266 3262
f 3257 3263 3258
f 3259 3263 3264
f 3257 3314 3263
f 3263 3315 3264
f 3260 3264 3265
f 3261 3265 3266
f 3264 3316 3265
f 3265 3317 3266
f 3134 3267 3268
f 3267 3269 3268
f 3262 3269 3267
f 3268 3269 3270
f 3262 3271 3269
f 3262 3266 3271
f 3269 3272 3270
f 3269 3271 3272
f 3270 3272 3273
f 3266 3451 3271
f 3271 3452 3272
f 3272 3453 3273
f 3211 3280 3274
f 3274 3280 3275
f 3275 3280 3282
f 3275 3282 3276
f 3276 3282 3288
f 3276 3288 3302
f 3224 3203 3277
f 3203 3357 3277
f 3277 3278 3297
f 3277 3357 3359
f 3277 3359 3278
f 3300 3278 3279
f 3278 3359 3364
f 3278 3364 3279
f 3301 3279 3309
f 3279 3364 3421
f 3211 3281 3280
f 3280 3281 3283
f 3280 3283 3282
f 3281 3286 3283
f 3281 3284 3286
f 3284 3285 3286
f 3215 3285 3284
f 3215 3293 3285
f 3283 3286 3289
f 3285 3290 3286
f 3285 3295 3290
f 3282 3283 3287
f 3283 3289 3287
f 3282 3287 3288
f 3287 3322 3288
f 3288 3322 3321
f 3287 3291 3322
f 3286 3290 3289
f 3289 3290 3292
f 3290 3299 3292
f 3287 3289 3291
f 3289 3292 3291
f 3221 3294 3293
f 3224 3297 3294
f 3293 3294 3296
f 3285 3293 3295
f 3293 3296 3295
f 3297 3296 3294
f 3297 3300 3296
f 3224 3277 3297
f 3297 3278 3300
f 3290 3295 3299
f 3295 3298 3299
f 3295 3296 3298
f 3300 3298 3296
f 3300 3301 3298
f 3292 3299 3337
f 3299 3338 3337
f 3298 3338 3299
f 3301 3338 3298
f 3300 3279 3301
f 3302 3321 3303
f 3288 3321 3302
f 3303 3321 3323
f 3253 3305 3254
f 3253 3304 3305
f 3254 3306 3255
f 3254 3305 3306
f 3255 3306 3307
f 3256 3307 3308
f 3303 3323 3304
f 3304 3328 3305
f 3305 3330 3306
f 3304 3323 3328
f 3305 3328 3330
f 3306 3333 3307
f 3307 3336 3308
f 3306 3330 3333
f 3307 3333 3336
f 3308 3336 3350
f 3344 3309 3310
f 3279 3421 3309
f 3309 3422 3310
f 3309 3421 3422
f 3310 3422 3423
f 3310 3311 3345
f 3346 3311 3312
f 3347 3312 3313
f 3310 3423 3311
f 3311 3423 3430
f 3311 3430 3312
f 3312 3431 3313
f 3312 3430 3431
f 3313 3431 3432
f 3257 3308 3314
f 3263 3314 3315
f 3264 3315 3316
f 3265 3316 3317
f 3266 3317 3451
f 3308 3350 3314
f 3314 3353 3315
f 3314 3350 3353
f 3315 3353 3356
f 3315 3356 3316
f 3316 3320 3317
f 3317 3457 3451
f 3313 3318 3354
f 3316 3356 3320
f 3355 3318 3319
f 3356 3319 3320
f 3313 3432 3318
f 3318 3432 3455
f 3318 3455 3319
f 3317 3320 3457
f 3319 3455 3456
f 3319 3456 3320
f 3320 3456 3457
f 3321 3322 3324
f 3322 3326 3324
f 3321 3324 3323
f 3323 3324 3329
f 3291 3326 3322
f 3291 3325 3326
f 3291 3292 3325
f 3292 3337 3325
f 3324 3326 3331
f 3326 3327 3331
f 3325 3327 3326
f 3325 3339 3327
f 3323 3329 3328
f 3324 3331 3329
f 3328 3329 3330
f 3329 3332 3330
f 3331 3334 3332
f 3329 3331 3332
f 3330 3332 3333
f 3332 3335 3333
f 3327 3334 3331
f 3327 3340 3334
f 3334 3348 3335
f 3332 3334 3335
f 3333 3335 3336
f 3335 3349 3336
f 3325 3337 3339
f 3301 3344 3338
f 3337 3338 3341
f 3344 3341 3338
f 3337 3341 3339
f 3327 3339 3340
f 3339 3342 3340
f 3344 3345 3341
f 3345 3342 3341
f 3339 3341 3342
f 3340 3342 3343
f 3346 3343 3342
f 3345 3346 3342
f 3346 3347 3343
f 3301 3309 3344
f 3344 3310 3345
f 3345 3311 3346
f 3346 3312 3347
f 3334 3340 3348
f 3340 3343 3348
f 3348 3351 3349
f 3335 3348 3349
f 3336 3349 3350
f 3349 3352 3350
f 3343 3351 3348
f 3347 3351 3343
f 3347 3354 3351
f 3354 3352 3351
f 3349 3351 3352
f 3350 3352 3353
f 3354 3355 3352
f 3355 3353 3352
f 3355 3356 3353
f 3347 3313 3354
f 3354 3318 3355
f 3355 3319 3356
f 3236 3358 3357
f 3357 3358 3360
f 3358 3361 3360
f 3357 3360 3359
f 3359 3360 3363
f 3360 3361 3362
f 3358 3376 3361
f 3361 3368 3362
f 3361 3377 3368
f 3359 3363 3364
f 3360 3362 3363
f 3362 3366 3363
f 3363 3365 3364
f 3364 3365 3421
f 3363 3366 3365
f 3365 3366 3367
f 3362 3368 3370
f 3368 3369 3370
f 3362 3370 3366
f 3366 3370 3371
f 3366 3371 3367
f 3367 3371 3372
f 3370 3373 3371
f 3369 3373 3370
f 3371 3373 3374
f 3371 3374 3372
f 3372 3374 3375
f 3361 3376 3377
f 3368 3377 3378
f 3376 3720 3377
f 3368 3378 3369
f 3369 3378 3722
f 3421 3424 3422
f 3365 3424 3421
f 3422 3426 3423
f 3422 3424 3426
f 3423 3426 3427
f 3365 3367 3424
f 3424 3425 3426
f 3367 3425 3424
f 3426 3428 3427
f 3425 3428 3426
f 3427 3428 3429
f 3423 3427 3430
f 3430 3433 3431
f 3427 3433 3430
f 3431 3435 3432
f 3431 3433 3435
f 3432 3435 3436
f 3427 3429 3433
f 3433 3434 3435
f 3429 3434 3433
f 3435 3437 3436
f 3434 3437 3435
f 3436 3437 3438
f 3367 3372 3425
f 3425 3439 3428
f 3372 3439 3425
f 3428 3440 3429
f 3428 3439 3440
f 3429 3440 3441
f 3372 3375 3439
f 3439 3442 3440
f 3375 3442 3439
f 3440 3443 3441
f 3440 3442 3443
f 3441 3443 3444
f 3429 3441 3434
f 3434 3445 3437
f 3434 3441 3445
f 3437 3446 3438
f 3437 3445 3446
f 3438 3446 3447
f 3441 3444 3445
f 3445 3448 3446
f 3444 3448 3445
f 3446 3449 3447
f 3446 3448 3449
f 3447 3449 3450
f 3271 3451 3452
f 3272 3452 3453
f 3273 3453 3454
f 3451 3461 3452
f 3452 3463 3453
f 3452 3461 3463
f 3432 3436 3455
f 3455 3458 3456
f 3436 3458 3455
f 3451 3457 3461
f 3456 3460 3457
f 3456 3458 3460
f 3457 3460 3461
f 3436 3438 3458
f 3458 3459 3460
f 3438 3459 3458
f 3460 3462 3461
f 3459 3462 3460
f 3461 3462 3463
f 3453 3466 3454
f 3453 3463 3466
f 3454 3466 3469
f 3438 3447 3459
f 3459 3464 3462
f 3447 3464 3459
f 3462 3465 3463
f 3462 3464 3465
f 3463 3465 3466
f 3447 3450 3464
f 3464 3467 3465
f 3450 3467 3464
f 3465 3468 3466
f 3465 3467 3468
f 3466 3468 3469
f 3231 3693 3691
f 3691 3696 3692
f 3691 3693 3696
f 3692 3696 3697
f 3232 3692 3694
f 3233 3694 3695
f 3692 3697 3694
f 3694 3698 3695
f 3693 3706 3696
f 3696 3706 3707
f 3696 3707 3697
f 3694 3697 3698
f 3695 3699 3700
f 3695 3698 3699
f 3697 3708 3698
f 3237 3700 3238
f 3237 3695 3700
f 3238 3703 3701
f 3238 3700 3703
f 3376 3702 3720
f 3701 3704 3702
f 3701 3703 3704
f 3702 3705 3720
f 3700 3713 3703
f 3699 3713 3700
f 3703 3713 3714
f 3703 3714 3704
f 3702 3704 3705
f 3705 3725 3720
f 3704 3715 3705
f 3697 3707 3708
f 2221 3707 3706
f 3707 3710 3708
f 3698 3708 3709
f 3698 3709 3699
f 3699 3712 3713
f 3699 3709 3712
f 2221 3710 3707
f 3708 3710 3711
f 2221 2222 3710
f 3708 3711 3709
f 3709 3758 3712
f 3709 3711 3758
f 3712 3759 3717
f 3712 3758 3759
f 3713 3717 3714
f 3712 3717 3713
f 3714 3718 3715
f 3704 3714 3715
f 3705 3715 3716
f 3705 3716 3725
f 3716 3744 3725
f 3714 3717 3718
f 3717 3763 3718
f 3715 3719 3716
f 3715 3718 3719
f 3716 3719 3765
f 3716 3765 3744
f 3377 3720 3721
f 3377 3721 3378
f 3378 3721 3726
f 3378 3726 3722
f 3720 3725 3721
f 3721 3725 3739
f 3721 3739 3726
f 3722 3726 3740
f 3725 3744 3739
f 3726 3739 3745
f 3726 3745 3740
f 3739 3744 3779
f 3739 3779 3745
f 3740 3745 3780
f 2222 3757 3710
f 3710 3757 3711
f 3711 3757 3760
f 3711 3760 3758
f 3758 3760 3761
f 3758 3761 3759
f 3759 3762 3763
f 2222 2223 3757
f 3757 3768 3760
f 2223 3768 3757
f 3760 3768 3769
f 3759 3761 3762
f 3760 3769 3761
f 3762 3761 3770
f 3717 3759 3763
f 3718 3764 3719
f 3718 3763 3764
f 3719 3764 3767
f 3719 3767 3765
f 3744 3765 3785
f 3763 3766 3764
f 3762 3766 3763
f 3764 3766 3775
f 3764 3775 3767
f 3765 3767 3776
f 3765 3776 3785
f 2223 2224 3768
f 2224 3772 3768
f 3768 3772 3769
f 3769 3772 3773
f 3761 3769 3770
f 3762 3770 3771
f 3762 3771 3766
f 3769 3773 3770
f 3770 3774 3771
f 2224 3880 3772
f 3772 3880 4745
f 3772 4745 3773
f 3770 3773 3774
f 3773 4746 3774
f 3771 3774 4747
f 3766 3771 3777
f 3766 3777 3775
f 3767 3775 3778
f 3767 3778 3776
f 3776 3805 3785
f 3771 4747 3777
f 3775 3777 4750
f 3775 4750 3778
f 3776 3778 4751
f 3776 4751 3805
f 3744 3785 3779
f 3745 3779 3786
f 3745 3786 3780
f 3779 3785 3797
f 3779 3797 3786
f 3780 3786 3798
f 3785 3805 3797
f 3786 3797 3806
f 3786 3806 3798
f 3797 3805 4764
f 3797 4764 3806
f 3798 3806 4765
f 2838 3913 3912
f 2838 3916 3913
f 2838 3915 3916
f 2839 3917 3915
f 2839 3919 3917
f 3913 3916 3925
f 3915 3926 3916
f 3917 3919 3934
f 3915 3917 3926
f 2842 3922 3919
f 2842 3920 3922
f 2843 3923 3920
f 2843 3921 3923
f 2859 3949 3921
f 3919 3922 3934
f 3920 3935 3922
f 3920 3923 3935
f 3921 3936 3923
f 3921 3949 3936
f 3925 3924 3927
f 3916 3924 3925
f 3916 3926 3924
f 3917 3930 3926
f 3917 3934 3930
f 3924 3976 3927
f 3927 3976 3975
f 3924 3929 3976
f 3924 3926 3929
f 3926 3930 3929
f 3922 3937 3934
f 3922 3935 3937
f 3923 3938 3935
f 3923 3936 3938
f 3930 3934 3985
f 3934 3937 3985
f 3935 3986 3937
f 3935 3938 3986
f 3936 3987 3938
f 2859 3947 3949
f 2861 3950 3947
f 2861 3948 3950
f 3947 3951 3949
f 3947 3950 3951
f 3948 3952 3950
f 3936 3949 3953
f 3949 3951 3953
f 3950 3954 3951
f 3950 3952 3954
f 3936 3953 3987
f 3951 4006 3953
f 3951 3954 4006
f 3952 4007 3954
f 3955 3956 3961
f 3978 3962 3980
f 3980 3963 3956
f 3980 3962 3963
f 3985 3958 3957
f 3978 3957 3962
f 3986 3970 3958
f 3986 3959 3970
f 3987 4000 3959
f 3955 3961 3960
f 3956 3963 3961
f 3962 3972 3963
f 3961 3963 3966
f 3960 3961 3967
f 3963 3972 3966
f 3966 4115 3967
f 3961 3966 3967
f 3960 3967 3964
f 3957 3968 3962
f 3957 3958 3969
f 3958 3970 3969
f 3962 3968 3972
f 3957 3969 3968
f 3969 3970 3974
f 3959 3973 3970
f 3959 4000 3973
f 3972 4120 4119
f 3968 4120 3972
f 3968 3969 3971
f 3966 3972 4119
f 3968 3971 4120
f 3973 4122 3974
f 3970 3973 3974
f 3969 3974 3971
f 3975 3976 3956
f 3929 3980 3976
f 3929 3930 3978
f 3930 3985 3978
f 3980 3956 3976
f 3929 3978 3980
f 3975 3956 3955
f 3937 3958 3985
f 3937 3986 3958
f 3938 3959 3986
f 3938 3987 3959
f 3978 3985 3957
f 3987 3995 4000
f 4006 4001 3995
f 4006 3997 4001
f 4007 4002 3997
f 3995 4003 4000
f 3995 4001 4003
f 3997 4005 4001
f 3997 4002 4005
f 3973 4000 4162
f 4000 4003 4162
f 4001 4163 4003
f 4001 4005 4163
f 4002 4164 4005
f 3953 3995 3987
f 3953 4006 3995
f 3954 3997 4006
f 3954 4007 3997
f 3964 3967 4116
f 3966 4119 4115
f 3967 4115 4116
f 3964 4116 4117
f 4116 4131 4117
f 4115 4125 4116
f 4117 4131 4130
f 4116 4125 4131
f 3971 4126 4120
f 4115 4119 4124
f 4119 4120 4123
f 4120 4126 4123
f 3971 3974 4121
f 3973 4162 4122
f 3974 4122 4121
f 3971 4121 4126
f 4115 4124 4125
f 4124 4119 4123
f 4124 4123 4141
f 4121 4143 4126
f 4127 4121 4122
f 4123 4126 4142
f 4126 4143 4142
f 4127 4143 4121
f 4131 4135 4129
f 4130 4129 4128
f 4128 4129 4179
f 4125 4135 4131
f 4130 4131 4129
f 4141 4138 4136
f 4141 4142 4139
f 4142 4140 4139
f 4143 4168 4140
f 4135 4136 4137
f 4129 4135 4187
f 4136 4138 4137
f 4135 4137 4187
f 4129 4187 4179
f 4141 4139 4138
f 4140 4168 4269
f 4138 4139 4189
f 4140 4269 4188
f 4139 4140 4188
f 4124 4136 4125
f 4125 4136 4135
f 4123 4142 4141
f 4124 4141 4136
f 4127 4168 4143
f 4142 4143 4140
f 4003 4165 4162
f 4003 4163 4165
f 4122 4162 4166
f 4005 4167 4163
f 4005 4164 4167
f 4127 4122 4166
f 4166 4162 4165
f 4163 4177 4165
f 4166 4165 4170
f 4163 4167 4177
f 4164 4178 4167
f 4170 4177 4175
f 4168 4169 4172
f 4169 4170 4173
f 4169 4173 4172
f 4170 4175 4173
f 4168 4172 4269
f 4177 4176 4175
f 4178 4271 4176
f 4173 4175 4273
f 4175 4176 4272
f 4176 4271 4272
f 4127 4166 4169
f 4166 4170 4169
f 4165 4177 4170
f 4127 4169 4168
f 4167 4176 4177
f 4167 4178 4176
f 4128 4179 4180
f 4179 4192 4180
f 4180 4192 4181
f 4138 4190 4137
f 4137 4193 4187
f 4179 4187 4191
f 4187 4193 4191
f 4137 4190 4193
f 4138 4189 4190
f 4139 4188 4189
f 4188 4194 4189
f 4181 4192 4204
f 4191 4202 4192
f 4191 4193 4203
f 4193 4208 4203
f 4179 4191 4192
f 4190 4208 4193
f 4189 4194 4195
f 4190 4195 4208
f 4194 4280 4195
f 4195 4211 4208
f 4211 4280 4393
f 4195 4280 4211
f 4189 4195 4190
f 4188 4277 4194
f 4192 4202 4204
f 4196 4181 4204
f 4191 4203 4202
f 4202 4203 4209
f 4196 4204 4205
f 4205 4204 4206
f 4196 4218 4197
f 4196 4205 4218
f 4202 4206 4204
f 4205 4206 4207
f 4207 4206 4214
f 4202 4209 4206
f 4205 4219 4218
f 4205 4207 4219
f 4203 4208 4210
f 4208 4211 4210
f 4203 4210 4209
f 4209 4210 4212
f 4210 4211 4213
f 4211 4393 4213
f 4210 4213 4212
f 4212 4213 4394
f 4206 4209 4214
f 4212 4216 4214
f 4207 4214 4215
f 4215 4214 4216
f 4209 4212 4214
f 4207 4215 4220
f 4207 4220 4219
f 4216 4394 4400
f 4215 4216 4217
f 4217 4216 4400
f 4212 4394 4216
f 4215 4217 4221
f 4215 4221 4220
f 4197 4222 4199
f 4197 4218 4222
f 4218 4224 4222
f 4218 4219 4224
f 4219 4220 4228
f 4219 4228 4224
f 4220 4221 4230
f 4220 4230 4228
f 4199 4222 4223
f 4199 4223 4200
f 4222 4224 4225
f 4222 4225 4223
f 4200 4226 4201
f 4200 4223 4226
f 4223 4227 4226
f 4223 4225 4227
f 4224 4228 4229
f 4224 4229 4225
f 4228 4230 4231
f 4228 4231 4229
f 4225 4229 4232
f 4225 4232 4227
f 4229 4231 4233
f 4229 4233 4232
f 4201 4249 4242
f 4201 4226 4249
f 4242 4249 4251
f 4226 4250 4249
f 4226 4227 4250
f 4249 4250 4252
f 4242 4251 4243
f 4243 4257 4246
f 4243 4251 4257
f 4249 4252 4251
f 4251 4258 4257
f 4251 4252 4258
f 4227 4232 4253
f 4227 4253 4250
f 4250 4253 4255
f 4232 4233 4254
f 4232 4254 4253
f 4253 4254 4256
f 4250 4255 4252
f 4252 4255 4263
f 4252 4263 4258
f 4253 4256 4255
f 4255 4256 4264
f 4255 4264 4263
f 4246 4259 4247
f 4246 4257 4259
f 4257 4261 4259
f 4257 4258 4261
f 4247 4259 4260
f 4247 4260 4248
f 4259 4261 4262
f 4259 4262 4260
f 4258 4263 4265
f 4258 4265 4261
f 4263 4264 4267
f 4263 4267 4265
f 4261 4265 4266
f 4261 4266 4262
f 4265 4267 4268
f 4265 4268 4266
f 4172 4283 4269
f 4172 4173 4270
f 4188 4269 4277
f 4269 4283 4277
f 4172 4270 4283
f 4175 4272 4273
f 4173 4273 4270
f 4271 4296 4272
f 4273 4275 4274
f 4270 4273 4274
f 4270 4274 4291
f 4272 4275 4273
f 4275 4307 4276
f 4272 4296 4275
f 4274 4275 4276
f 4274 4276 4292
f 4194 4277 4279
f 4277 4278 4279
f 4277 4283 4278
f 4278 4281 4279
f 4278 4284 4281
f 4194 4279 4280
f 4279 4282 4280
f 4282 4396 4393
f 4280 4282 4393
f 4279 4281 4282
f 4281 4287 4282
f 4282 4287 4396
f 4287 4404 4396
f 4270 4291 4283
f 4283 4291 4278
f 4278 4291 4284
f 4281 4284 4286
f 4284 4292 4285
f 4284 4285 4286
f 4285 4288 4286
f 4285 4347 4338
f 4285 4338 4288
f 4281 4286 4287
f 4286 4289 4287
f 4287 4289 4404
f 4289 4407 4404
f 4286 4288 4289
f 4288 4290 4289
f 4289 4290 4407
f 4290 4430 4407
f 4274 4292 4291
f 4291 4292 4284
f 4276 4347 4292
f 4292 4347 4285
f 4271 4293 4296
f 4293 4294 4297
f 4293 4297 4296
f 4294 4295 4298
f 4294 4298 4297
f 4295 4299 4303
f 4295 4303 4298
f 4299 4300 4304
f 4299 4304 4303
f 4300 4301 4305
f 4300 4305 4304
f 4301 4302 4306
f 4301 4306 4305
f 4302 4322 4306
f 4275 4296 4307
f 4296 4297 4307
f 4297 4308 4307
f 4298 4310 4308
f 4307 4308 4309
f 4308 4310 4314
f 4297 4298 4308
f 4298 4303 4310
f 4276 4307 4309
f 4276 4309 4347
f 4308 4314 4309
f 4309 4314 4348
f 4303 4311 4310
f 4304 4312 4311
f 4310 4311 4315
f 4303 4304 4311
f 4304 4305 4312
f 4305 4313 4312
f 4306 4328 4313
f 4311 4312 4316
f 4312 4313 4317
f 4305 4306 4313
f 4310 4315 4314
f 4311 4316 4315
f 4314 4315 4349
f 4312 4317 4316
f 4313 4332 4317
f 4315 4316 4350
f 4316 4317 4351
f 4302 4318 4322
f 4318 4323 4322
f 4318 4319 4323
f 4319 4324 4323
f 4319 4320 4324
f 4320 4325 4324
f 4320 4321 4325
f 4321 4326 4327
f 4321 4327 4325
f 4326 4376 4327
f 4327 4376 4377
f 4322 4329 4328
f 4323 4330 4329
f 4313 4328 4332
f 4328 4329 4333
f 4306 4322 4328
f 4322 4323 4329
f 4324 4331 4330
f 4329 4330 4334
f 4330 4331 4335
f 4323 4324 4330
f 4324 4325 4331
f 4328 4333 4332
f 4329 4334 4333
f 4317 4332 4367
f 4332 4333 4368
f 4330 4335 4334
f 4333 4334 4369
f 4334 4335 4370
f 4325 4336 4331
f 4331 4336 4337
f 4325 4327 4336
f 4331 4337 4335
f 4335 4337 4371
f 4336 4378 4337
f 4327 4377 4336
f 4336 4377 4378
f 4337 4378 4379
f 4288 4338 4342
f 4338 4348 4339
f 4338 4339 4342
f 4349 4340 4339
f 4339 4344 4342
f 4350 4341 4340
f 4351 4352 4341
f 4339 4340 4344
f 4340 4345 4344
f 4340 4341 4345
f 4341 4357 4345
f 4288 4342 4290
f 4290 4342 4343
f 4290 4343 4430
f 4343 4433 4430
f 4342 4344 4343
f 4343 4344 4346
f 4344 4345 4346
f 4345 4361 4346
f 4343 4346 4433
f 4346 4440 4433
f 4309 4348 4347
f 4347 4348 4338
f 4314 4349 4348
f 4315 4350 4349
f 4348 4349 4339
f 4316 4351 4350
f 4317 4367 4351
f 4349 4350 4340
f 4350 4351 4341
f 4367 4353 4352
f 4341 4352 4357
f 4352 4358 4357
f 4352 4353 4358
f 4368 4354 4353
f 4369 4355 4354
f 4353 4354 4359
f 4353 4359 4358
f 4354 4355 4360
f 4354 4360 4359
f 4370 4356 4355
f 4355 4356 4365
f 4355 4365 4360
f 4345 4357 4361
f 4357 4358 4362
f 4357 4362 4361
f 4358 4359 4363
f 4358 4363 4362
f 4359 4360 4364
f 4359 4364 4363
f 4361 4441 4440
f 4346 4361 4440
f 4361 4362 4441
f 4362 4442 4441
f 4363 4443 4442
f 4362 4363 4442
f 4363 4364 4443
f 4360 4365 4366
f 4360 4366 4364
f 4364 4449 4443
f 4364 4366 4449
f 4332 4368 4367
f 4333 4369 4368
f 4351 4367 4352
f 4367 4368 4353
f 4334 4370 4369
f 4368 4369 4354
f 4369 4370 4355
f 4335 4371 4370
f 4370 4371 4356
f 4337 4379 4371
f 4371 4372 4356
f 4356 4373 4365
f 4379 4372 4371
f 4356 4372 4373
f 4365 4374 4366
f 4366 4375 4449
f 4366 4374 4375
f 4365 4373 4374
f 4375 4388 4457
f 4376 4380 4377
f 4377 4381 4378
f 4378 4382 4379
f 4377 4380 4381
f 4378 4381 4382
f 4379 4382 4384
f 4380 4488 4381
f 4381 4489 4382
f 4382 4383 4384
f 4381 4488 4489
f 4382 4489 4383
f 4379 4384 4372
f 4373 4372 4385
f 4373 4385 4386
f 4372 4384 4385
f 4373 4386 4374
f 4374 4386 4387
f 4374 4387 4375
f 4375 4387 4388
f 4387 4392 4388
f 4385 4384 4389
f 4385 4390 4386
f 4385 4389 4390
f 4383 4389 4384
f 4390 4496 4391
f 4386 4391 4387
f 4386 4390 4391
f 4387 4391 4392
f 4388 4392 4469
f 4391 4498 4392
f 4392 4497 4469
f 4213 4393 4395
f 4393 4396 4395
f 4213 4395 4394
f 4394 4395 4397
f 4395 4396 4398
f 4396 4404 4398
f 4395 4398 4397
f 4397 4398 4399
f 4397 4402 4400
f 4217 4400 4401
f 4401 4400 4402
f 4394 4397 4400
f 4217 4401 4414
f 4217 4414 4221
f 4401 4415 4414
f 4399 4410 4402
f 4401 4402 4403
f 4403 4402 4410
f 4397 4399 4402
f 4401 4403 4415
f 4403 4416 4415
f 4398 4404 4405
f 4404 4407 4405
f 4398 4405 4399
f 4399 4405 4406
f 4405 4407 4408
f 4407 4430 4408
f 4405 4408 4406
f 4406 4408 4409
f 4408 4431 4409
f 4406 4412 4410
f 4403 4410 4411
f 4411 4410 4412
f 4399 4406 4410
f 4403 4411 4416
f 4411 4417 4416
f 4409 4436 4412
f 4411 4412 4413
f 4413 4412 4436
f 4406 4409 4412
f 4411 4413 4417
f 4413 4461 4417
f 4221 4414 4418
f 4221 4418 4230
f 4414 4420 4418
f 4414 4415 4420
f 4415 4424 4420
f 4415 4416 4424
f 4416 4426 4424
f 4416 4417 4426
f 4417 4475 4426
f 4230 4418 4419
f 4230 4419 4231
f 4418 4421 4419
f 4418 4420 4421
f 4420 4425 4421
f 4231 4419 4422
f 4231 4422 4233
f 4419 4423 4422
f 4419 4421 4423
f 4421 4428 4423
f 4420 4424 4425
f 4424 4427 4425
f 4424 4426 4427
f 4426 4476 4427
f 4421 4425 4428
f 4425 4429 4428
f 4425 4427 4429
f 4427 4479 4429
f 4408 4430 4431
f 4430 4433 4431
f 4409 4431 4432
f 4431 4434 4432
f 4431 4433 4434
f 4433 4440 4434
f 4432 4434 4435
f 4434 4444 4435
f 4432 4438 4436
f 4413 4436 4437
f 4437 4436 4438
f 4437 4438 4439
f 4409 4432 4436
f 4413 4437 4461
f 4437 4462 4461
f 4435 4452 4438
f 4439 4438 4452
f 4439 4452 4454
f 4432 4435 4438
f 4437 4439 4462
f 4439 4454 4463
f 4439 4463 4462
f 4440 4441 4444
f 4434 4440 4444
f 4441 4442 4445
f 4442 4443 4446
f 4441 4445 4444
f 4442 4446 4445
f 4435 4444 4447
f 4444 4445 4447
f 4445 4446 4448
f 4445 4448 4447
f 4443 4449 4450
f 4443 4450 4446
f 4449 4457 4450
f 4446 4450 4451
f 4446 4451 4448
f 4450 4458 4451
f 4447 4453 4452
f 4454 4452 4453
f 4454 4453 4456
f 4435 4447 4452
f 4447 4448 4453
f 4454 4456 4464
f 4454 4464 4463
f 4448 4455 4453
f 4456 4453 4455
f 4448 4451 4455
f 4451 4459 4455
f 4456 4455 4460
f 4456 4460 4464
f 4450 4457 4458
f 4375 4457 4449
f 4451 4458 4459
f 4457 4465 4458
f 4459 4458 4466
f 4455 4459 4460
f 4459 4467 4460
f 4460 4468 4464
f 4460 4467 4468
f 4468 4483 4464
f 4417 4461 4475
f 4461 4477 4475
f 4461 4462 4477
f 4462 4463 4481
f 4462 4481 4477
f 4463 4464 4483
f 4463 4483 4481
f 4388 4465 4457
f 4458 4465 4466
f 4388 4469 4465
f 4466 4465 4470
f 4466 4470 4471
f 4459 4466 4467
f 4468 4473 4483
f 4466 4471 4467
f 4467 4472 4468
f 4467 4471 4472
f 4468 4472 4473
f 4465 4469 4470
f 4470 4469 4535
f 4470 4536 4471
f 4470 4535 4536
f 4471 4536 4537
f 4472 4471 4537
f 4472 4474 4473
f 4472 4537 4474
f 4473 4474 4486
f 4426 4475 4476
f 4475 4478 4476
f 4475 4477 4478
f 4477 4481 4482
f 4477 4482 4478
f 4427 4476 4479
f 4476 4480 4479
f 4476 4478 4480
f 4478 4482 4485
f 4478 4485 4480
f 4481 4483 4484
f 4481 4484 4482
f 4483 4473 4484
f 4482 4484 4487
f 4482 4487 4485
f 4473 4486 4484
f 4484 4486 4487
f 4488 4491 4489
f 4489 4490 4383
f 4489 4491 4490
f 4383 4490 4494
f 4491 4492 4490
f 4490 4493 4494
f 4490 4492 4493
f 4383 4494 4389
f 4389 4494 4495
f 4389 4495 4390
f 4390 4495 4496
f 4496 4495 4500
f 4391 4496 4498
f 4392 4498 4497
f 4496 4502 4498
f 4498 4501 4497
f 4494 4499 4495
f 4493 4499 4494
f 4495 4499 4500
f 4496 4500 4502
f 4500 4507 4502
f 4498 4502 4501
f 4497 4501 4541
f 4502 4508 4501
f 4501 4509 4541
f 4492 4503 4493
f 4493 4503 4504
f 4504 4503 4505
f 4504 4505 4510
f 4493 4504 4499
f 4499 4506 4500
f 4499 4504 4506
f 4500 4506 4507
f 4506 4511 4507
f 4502 4507 4508
f 4501 4508 4509
f 4507 4512 4508
f 4509 4508 4514
f 4509 4513 4556
f 4509 4514 4513
f 4504 4510 4506
f 4506 4510 4511
f 4507 4511 4512
f 4510 5054 4511
f 4511 5053 4512
f 4508 4512 4514
f 4514 4512 5055
f 4514 5056 4513
f 4514 5055 5056
f 4513 5056 5118
f 4233 4422 4515
f 4233 4515 4254
f 4422 4516 4515
f 4254 4515 4517
f 4422 4423 4516
f 4423 4519 4516
f 4515 4516 4518
f 4254 4517 4256
f 4515 4518 4517
f 4256 4517 4523
f 4256 4523 4264
f 4517 4524 4523
f 4516 4521 4518
f 4517 4518 4524
f 4518 4529 4524
f 4423 4428 4519
f 4428 4520 4519
f 4516 4519 4521
f 4428 4429 4520
f 4429 4546 4520
f 4519 4520 4522
f 4519 4522 4521
f 4518 4521 4529
f 4521 4530 4529
f 4520 4548 4522
f 4521 4522 4530
f 4522 4566 4530
f 4264 4523 4525
f 4264 4525 4267
f 4523 4527 4525
f 4523 4524 4527
f 4524 4531 4527
f 4267 4525 4526
f 4267 4526 4268
f 4525 4528 4526
f 4525 4527 4528
f 4527 4532 4528
f 4524 4529 4531
f 4529 4533 4531
f 4529 4530 4533
f 4530 4568 4533
f 4527 4531 4532
f 4531 4534 4532
f 4531 4533 4534
f 4533 4569 4534
f 4469 4497 4535
f 4536 4542 4537
f 4535 4497 4541
f 4535 4540 4536
f 4535 4541 4540
f 4536 4540 4542
f 4537 4538 4474
f 4474 4539 4486
f 4537 4542 4538
f 4474 4538 4539
f 4540 4557 4542
f 4541 4556 4540
f 4509 4556 4541
f 4540 4556 4557
f 4542 4557 4543
f 4542 4543 4538
f 4539 4538 4545
f 4539 4545 4544
f 4538 4543 4545
f 4429 4479 4546
f 4479 4547 4546
f 4520 4546 4548
f 4479 4480 4547
f 4480 4485 4550
f 4480 4550 4547
f 4546 4547 4549
f 4547 4550 4553
f 4546 4549 4548
f 4522 4548 4566
f 4548 4567 4566
f 4547 4553 4549
f 4548 4549 4567
f 4549 4553 4574
f 4549 4574 4567
f 4485 4487 4552
f 4485 4552 4550
f 4550 4552 4554
f 4486 4551 4487
f 4486 4539 4551
f 4487 4551 4552
f 4551 4555 4552
f 4550 4554 4553
f 4553 4554 4575
f 4553 4575 4574
f 4539 4544 4551
f 4544 4555 4551
f 4552 4555 4554
f 4544 4573 4555
f 4555 4572 4554
f 4556 4561 4557
f 4557 4558 4543
f 4513 4561 4556
f 4557 4561 4558
f 4545 4543 4559
f 4545 4560 4544
f 4545 4559 4560
f 4544 4560 4573
f 4543 4558 4559
f 4560 4565 4573
f 4513 5118 4561
f 4561 4562 4558
f 4561 5118 4562
f 4558 4562 4564
f 4558 4564 4559
f 4559 4563 4560
f 4559 4564 4563
f 4560 4563 4565
f 4563 5122 4565
f 4530 4566 4568
f 4566 4570 4568
f 4566 4567 4570
f 4567 4574 4578
f 4567 4578 4570
f 4533 4568 4569
f 4568 4571 4569
f 4568 4570 4571
f 4570 4578 4579
f 4570 4579 4571
f 4555 4573 4572
f 4554 4572 4575
f 4573 4576 4572
f 4575 4572 4577
f 4574 4575 4580
f 4574 4580 4578
f 4575 4577 4580
f 4565 4576 4573
f 4572 4576 4577
f 4565 5132 4576
f 4577 4576 5133
f 4577 5133 5134
f 4578 4580 4581
f 4578 4581 4579
f 4577 5134 4580
f 4580 5134 4581
f 4730 4741 4747
f 4731 4747 4741
f 4730 4740 4741
f 4730 4736 4740
f 4738 4739 4753
f 4736 4739 4797
f 4738 4796 4739
f 4740 4801 4741
f 4736 4797 4740
f 4731 4741 4743
f 4731 4743 4742
f 4741 4801 4743
f 4742 4743 4802
f 4742 4802 4744
f 4744 4803 4754
f 4754 4803 4762
f 3773 4745 4746
f 3880 4748 4745
f 4745 4749 4746
f 3774 4746 4730
f 3774 4730 4747
f 4745 4748 4749
f 4748 4753 4749
f 4736 4746 4749
f 4730 4746 4736
f 3777 4747 4731
f 3777 4731 4750
f 3778 4750 4752
f 3778 4752 4751
f 3805 4751 4777
f 4731 4742 4750
f 4742 4752 4750
f 4751 4752 4754
f 4751 4754 4777
f 4739 4749 4753
f 4736 4749 4739
f 4742 4744 4752
f 4744 4754 4752
f 4754 4762 4777
f 4755 4757 4765
f 4755 4756 4763
f 4755 4763 4757
f 4756 4762 4820
f 4756 4820 4763
f 4757 4763 4821
f 3805 4777 4764
f 3806 4764 4755
f 3806 4755 4765
f 4756 4764 4777
f 4755 4764 4756
f 4756 4777 4762
f 4798 4807 4800
f 4799 4806 4813
f 4738 4795 4796
f 4739 4796 4797
f 4740 4797 4799
f 4740 4799 4801
f 4796 4800 4797
f 4794 4798 4795
f 4798 4800 4796
f 4798 4796 4795
f 4797 4800 4799
f 4799 4800 4806
f 4743 4801 4804
f 4743 4804 4802
f 4744 4802 4805
f 4744 4805 4803
f 4799 4813 4801
f 4801 4813 4804
f 4802 4804 4814
f 4802 4814 4805
f 4803 4805 4815
f 4794 4808 4798
f 4794 4809 4808
f 4798 4808 4807
f 4800 4807 4806
f 4806 4807 4812
f 4808 4809 4810
f 4809 5360 4810
f 4807 4811 4812
f 4808 4810 4811
f 4811 4939 4812
f 4807 4808 4811
f 4804 4813 4817
f 4804 4817 4814
f 4806 4816 4813
f 4813 4816 4817
f 4805 4814 4819
f 4805 4819 4815
f 4812 5361 4816
f 4816 5361 5362
f 4816 5362 4817
f 4817 5362 4818
f 4806 4812 4816
f 4819 4818 4940
f 4819 4940 4836
f 4814 4817 4818
f 4814 4818 4819
f 4815 4819 4836
f 4763 4820 4832
f 4762 4803 4831
f 4762 4831 4820
f 4763 4832 4821
f 4803 4815 4831
f 4820 4831 4833
f 4820 4833 4832
f 4821 4832 4834
f 4815 4838 4831
f 4831 4838 4833
f 4832 4833 4840
f 4832 4840 4834
f 4838 4836 4963
f 4838 4963 4837
f 4815 4836 4838
f 4833 4838 4837
f 4833 4837 4840
f 4837 4964 4840
f 4840 4964 4839
f 4834 4840 4839
f 4810 4938 4934
f 4936 4938 5360
f 4936 4950 4951
f 4934 4938 4937
f 4936 4951 4938
f 4937 4938 4951
f 4934 4937 4942
f 5361 4939 4943
f 5361 4941 5362
f 4818 4944 4940
f 4941 4944 5362
f 4942 4957 4943
f 4939 4942 4943
f 4934 4942 4939
f 5361 4943 4941
f 4941 4943 4959
f 4941 4959 4958
f 4940 4944 4960
f 4941 4958 4944
f 4940 4960 4965
f 4944 4958 4960
f 4948 5041 5045
f 4948 4949 5041
f 4948 5045 4961
f 4937 4951 4961
f 4948 4951 4950
f 4948 4961 4951
f 4948 4950 4949
f 4961 4952 4956
f 4953 4955 4957
f 4961 5045 4952
f 4952 4953 4956
f 4954 4955 5047
f 4962 4954 5222
f 4937 4956 4942
f 4942 4956 4957
f 4943 4957 4959
f 4937 4961 4956
f 4962 4960 4958
f 4954 4958 4959
f 4955 4959 4957
f 4962 4958 4954
f 4953 4957 4956
f 4954 4959 4955
f 4836 4940 4965
f 4836 4965 4963
f 4837 4963 4966
f 4837 4966 4964
f 4839 4964 4967
f 4963 4965 4980
f 4963 4980 4966
f 4964 4966 4981
f 4964 4981 4967
f 4962 5223 4979
f 4974 4975 4980
f 4979 5223 4974
f 4962 5222 5223
f 4975 5225 4981
f 4976 4981 5225
f 4960 4979 4965
f 4965 4979 4980
f 4962 4979 4960
f 4966 4980 4975
f 4966 4975 4981
f 4967 4981 4976
f 4979 4974 4980
f 5043 5020 5042
f 5018 5019 5048
f 5043 5008 5020
f 4248 4260 5010
f 4248 5010 5005
f 4260 4262 5011
f 4260 5011 5010
f 5005 5012 5006
f 5005 5010 5012
f 5006 5012 5025
f 5010 5013 5012
f 5010 5011 5013
f 5012 5013 5027
f 4262 4266 5014
f 4262 5014 5011
f 4266 4268 5015
f 4266 5015 5014
f 5011 5014 5016
f 5011 5016 5013
f 5013 5016 5032
f 5014 5015 5017
f 5014 5017 5016
f 5016 5017 5035
f 5018 5042 5020
f 5018 5020 5028
f 5018 5024 5019
f 5019 5024 5038
f 5050 5021 5023
f 5019 5038 5021
f 5050 5022 5051
f 5050 5023 5022
f 5022 5078 5051
f 5021 5038 5023
f 5023 5039 5083
f 5022 5023 5083
f 5020 5026 5028
f 5024 5028 5033
f 5006 5025 5009
f 5008 5009 5026
f 5009 5025 5026
f 5025 5029 5026
f 5012 5027 5025
f 5026 5029 5028
f 5029 5033 5028
f 5025 5027 5029
f 5027 5034 5029
f 5008 5026 5020
f 5018 5028 5024
f 5024 5033 5030
f 5030 5033 5036
f 5030 5036 5031
f 5031 5036 5100
f 5013 5032 5027
f 5029 5034 5033
f 5034 5036 5033
f 5034 5037 5036
f 5027 5032 5034
f 5034 5032 5037
f 5016 5035 5032
f 5037 5100 5036
f 5037 5101 5100
f 5032 5035 5037
f 5037 5035 5101
f 5038 5030 5039
f 5024 5030 5038
f 5023 5038 5039
f 5039 5106 5083
f 5039 5031 5106
f 5030 5031 5039
f 5041 5040 5042
f 4949 5040 5041
f 5043 5042 5040
f 5041 5048 5045
f 5045 5048 5049
f 4952 5049 5044
f 4952 5045 5049
f 4952 5044 4953
f 5047 5226 5222
f 5047 5046 5051
f 4953 5046 4955
f 4955 5046 5047
f 4953 5044 5046
f 4954 5047 5222
f 5041 5042 5048
f 5021 5044 5049
f 5018 5048 5042
f 5019 5049 5048
f 5019 5021 5049
f 5050 5046 5044
f 5050 5051 5046
f 5047 5051 5226
f 5050 5044 5021
f 5233 5079 5086
f 5233 5086 5235
f 5235 5086 5089
f 5235 5089 5282
f 4505 5052 4510
f 4510 5052 5054
f 4511 5054 5053
f 5052 5058 5054
f 5054 5057 5053
f 4512 5053 5055
f 5056 5061 5118
f 5053 5060 5055
f 5056 5055 5059
f 5055 5060 5059
f 5056 5059 5061
f 5054 5058 5057
f 5053 5057 5060
f 5058 5063 5057
f 5057 5062 5060
f 5059 5065 5061
f 5059 5060 5064
f 5059 5064 5065
f 5061 5065 5123
f 5282 5089 5144
f 5282 5144 5283
f 5283 5147 5288
f 5283 5144 5147
f 5288 5148 5289
f 5288 5147 5148
f 5289 5148 5149
f 5289 5149 5290
f 5290 5149 5150
f 5290 5150 5291
f 5291 5150 5167
f 5057 5063 5062
f 5063 5067 5062
f 5060 5062 5064
f 5065 5066 5123
f 5062 5069 5064
f 5065 5064 5068
f 5064 5069 5068
f 5065 5068 5066
f 5062 5067 5069
f 5067 5337 5069
f 5291 5167 5344
f 5344 5167 5168
f 5344 5168 5345
f 5345 5168 5169
f 5345 5169 5346
f 5346 5170 5347
f 5346 5169 5170
f 5068 5349 5066
f 5068 5069 5348
f 5069 5337 5348
f 5068 5348 5349
f 5066 5349 5179
f 5347 5179 5349
f 5347 5170 5179
f 4268 4526 5070
f 4268 5070 5015
f 4526 5071 5070
f 4526 4528 5071
f 4528 5074 5071
f 5015 5070 5072
f 5015 5072 5017
f 5070 5073 5072
f 5017 5072 5099
f 5070 5071 5073
f 5071 5076 5073
f 5072 5073 5102
f 4528 4532 5074
f 4532 5075 5074
f 4532 4534 5075
f 4534 5128 5075
f 5071 5074 5076
f 5074 5077 5076
f 5073 5076 5110
f 5074 5075 5077
f 5075 5130 5077
f 5076 5077 5113
f 5078 5080 5226
f 5080 5087 5079
f 5078 5081 5080
f 5080 5081 5087
f 5022 5082 5078
f 5022 5083 5082
f 5083 5106 5085
f 5082 5083 5085
f 5078 5082 5081
f 5081 5082 5084
f 5085 5107 5093
f 5082 5085 5084
f 5084 5085 5093
f 5081 5084 5088
f 5079 5087 5086
f 5087 5090 5086
f 5081 5088 5087
f 5087 5088 5090
f 5088 5091 5090
f 5086 5090 5089
f 5090 5145 5089
f 5090 5091 5145
f 5091 5146 5145
f 5084 5092 5088
f 5093 5116 5095
f 5084 5093 5092
f 5092 5093 5095
f 5088 5092 5091
f 5091 5092 5094
f 5095 5117 5096
f 5092 5095 5094
f 5094 5095 5096
f 5091 5094 5146
f 5031 5100 5097
f 5097 5100 5103
f 5097 5103 5098
f 5098 5103 5104
f 5017 5099 5035
f 5072 5102 5099
f 5101 5103 5100
f 5101 5105 5103
f 5035 5099 5101
f 5101 5099 5105
f 5073 5110 5102
f 5105 5104 5103
f 5105 5112 5104
f 5099 5102 5105
f 5105 5102 5112
f 5085 5106 5107
f 5106 5097 5107
f 5031 5097 5106
f 5093 5107 5116
f 5107 5098 5116
f 5097 5098 5107
f 5098 5104 5108
f 5104 5111 5108
f 5108 5111 5109
f 5109 5111 5114
f 5109 5114 5192
f 5076 5113 5110
f 5104 5112 5111
f 5112 5115 5111
f 5102 5110 5112
f 5112 5110 5115
f 5077 5194 5113
f 5111 5115 5114
f 5115 5196 5114
f 5110 5113 5115
f 5113 5196 5115
f 5095 5116 5117
f 5116 5108 5117
f 5098 5108 5116
f 5096 5117 5200
f 5117 5109 5200
f 5108 5109 5117
f 5118 5119 4562
f 4562 5120 4564
f 5118 5061 5119
f 4562 5119 5120
f 4564 5121 4563
f 4564 5120 5121
f 4563 5121 5122
f 4565 5122 5132
f 5121 5127 5122
f 5122 5126 5132
f 5061 5123 5119
f 5119 5125 5120
f 5120 5125 5124
f 5119 5123 5125
f 5120 5124 5121
f 5121 5124 5127
f 5122 5127 5126
f 5124 5166 5127
f 5127 5165 5126
f 4534 4569 5128
f 4569 5129 5128
f 4569 4571 5129
f 4571 4579 5135
f 4571 5135 5129
f 5075 5128 5130
f 5128 5131 5130
f 5077 5130 5194
f 5128 5129 5131
f 5129 5135 5141
f 5129 5141 5131
f 5130 5131 5197
f 5131 5141 5208
f 4576 5132 5133
f 5133 5139 5134
f 5133 5132 5138
f 5126 5138 5132
f 5134 5139 5136
f 5133 5138 5139
f 4579 4581 5137
f 4579 5137 5135
f 5134 5136 4581
f 4581 5136 5137
f 5138 5206 5139
f 5139 5140 5136
f 5126 5205 5138
f 5138 5205 5206
f 5139 5206 5140
f 5135 5137 5143
f 5135 5143 5141
f 5141 5143 5213
f 5136 5142 5137
f 5137 5142 5143
f 5136 5140 5142
f 5089 5145 5144
f 5145 5151 5144
f 5144 5151 5147
f 5145 5146 5151
f 5146 5153 5151
f 5151 5152 5147
f 5152 5148 5147
f 5152 5154 5148
f 5154 5149 5148
f 5154 5155 5149
f 5155 5150 5149
f 5155 5171 5150
f 5151 5153 5152
f 5152 5153 5156
f 5152 5156 5154
f 5154 5157 5155
f 5154 5156 5157
f 5155 5157 5173
f 5094 5158 5146
f 5096 5200 5159
f 5094 5096 5158
f 5096 5159 5158
f 5146 5158 5153
f 5153 5158 5160
f 5156 5160 5161
f 5157 5161 5182
f 5159 5201 5162
f 5158 5159 5160
f 5159 5162 5160
f 5160 5162 5161
f 5161 5162 5186
f 5153 5160 5156
f 5156 5161 5157
f 5123 5163 5125
f 5124 5125 5164
f 5125 5163 5164
f 5124 5164 5166
f 5066 5163 5123
f 5164 5181 5166
f 5127 5166 5165
f 5126 5165 5205
f 5166 5190 5165
f 5205 5165 5191
f 5150 5171 5167
f 5171 5172 5167
f 5172 5168 5167
f 5172 5175 5168
f 5175 5169 5168
f 5176 5170 5169
f 5175 5176 5169
f 5155 5173 5171
f 5171 5174 5172
f 5171 5173 5174
f 5172 5177 5175
f 5175 5178 5176
f 5172 5174 5177
f 5175 5177 5178
f 5066 5179 5163
f 5163 5179 5180
f 5164 5163 5180
f 5164 5180 5181
f 5170 5180 5179
f 5176 5180 5170
f 5176 5181 5180
f 5176 5178 5181
f 5173 5182 5183
f 5174 5183 5184
f 5177 5184 5185
f 5162 5216 5186
f 5186 5217 5187
f 5161 5186 5182
f 5182 5187 5183
f 5182 5186 5187
f 5187 5218 5188
f 5188 5219 5189
f 5183 5188 5184
f 5183 5187 5188
f 5184 5189 5185
f 5184 5188 5189
f 5157 5182 5173
f 5173 5183 5174
f 5174 5184 5177
f 5177 5185 5178
f 5166 5181 5190
f 5178 5185 5190
f 5165 5190 5191
f 5189 5220 5191
f 5185 5191 5190
f 5185 5189 5191
f 5178 5190 5181
f 5114 5195 5192
f 5192 5195 5193
f 5193 5195 5198
f 5193 5198 5202
f 5130 5197 5194
f 5114 5196 5195
f 5196 5199 5195
f 5113 5194 5196
f 5194 5199 5196
f 5194 5197 5199
f 5131 5208 5197
f 5195 5199 5198
f 5199 5211 5198
f 5197 5211 5199
f 5197 5208 5211
f 5159 5200 5201
f 5200 5192 5201
f 5109 5192 5200
f 5162 5201 5216
f 5201 5193 5216
f 5192 5193 5201
f 5198 5209 5202
f 5202 5209 5203
f 5203 5209 5210
f 5203 5210 5204
f 5205 5220 5206
f 5140 5206 5207
f 5206 5220 5207
f 5205 5191 5220
f 5140 5207 5214
f 5204 5210 5214
f 5204 5214 5207
f 5141 5213 5208
f 5198 5211 5209
f 5211 5212 5209
f 5212 5210 5209
f 5208 5212 5211
f 5208 5213 5212
f 5140 5214 5142
f 5142 5214 5215
f 5143 5142 5215
f 5143 5215 5213
f 5210 5215 5214
f 5212 5215 5210
f 5212 5213 5215
f 5186 5216 5217
f 5216 5202 5217
f 5187 5217 5218
f 5188 5218 5219
f 5217 5203 5218
f 5218 5204 5219
f 5193 5202 5216
f 5217 5202 5203
f 5218 5203 5204
f 5189 5219 5220
f 5219 5207 5220
f 5219 5204 5207
f 5222 5226 5227
f 5221 5223 5227
f 5222 5227 5223
f 4974 5223 5221
f 4974 5221 5224
f 5234 5225 5224
f 4974 5224 4975
f 4975 5224 5225
f 4976 5225 5228
f 5079 5221 5227
f 5080 5227 5226
f 5051 5078 5226
f 5080 5079 5227
f 5233 5234 5224
f 5233 5224 5221
f 5234 5228 5225
f 5233 5221 5079
f 5234 5279 5228
f 5234 5235 5279
f 5233 5235 5234
f 5279 5244 5228
f 5280 5246 5244
f 5281 5248 5246
f 5284 5259 5248
f 5285 5261 5259
f 5286 5263 5261
f 5287 5265 5263
f 5279 5280 5244
f 5279 5282 5280
f 5280 5281 5246
f 5281 5284 5248
f 5280 5283 5281
f 5281 5288 5284
f 5235 5282 5279
f 5280 5282 5283
f 5281 5283 5288
f 5284 5285 5259
f 5285 5286 5261
f 5284 5289 5285
f 5285 5290 5286
f 5286 5287 5263
f 5287 5340 5265
f 5286 5291 5287
f 5284 5288 5289
f 5285 5289 5290
f 5286 5290 5291
f 5287 5291 5344
f 5340 5323 5265
f 5341 5325 5323
f 5342 5327 5325
f 5343 5329 5327
f 5348 5337 5329
f 5340 5341 5323
f 5341 5342 5325
f 5287 5344 5340
f 5340 5345 5341
f 5342 5343 5327
f 5341 5346 5342
f 5342 5347 5343
f 5340 5344 5345
f 5341 5345 5346
f 5342 5346 5347
f 5343 5348 5329
f 5343 5349 5348
f 5343 5347 5349
f 4810 4934 4811
f 4810 5360 4938
f 4811 4934 4939
f 4812 4939 5361
f 4818 5362 4944
f 156 165 155
f 156 195 165
f 165 164 155
f 165 703 164
f 165 202 703
f 195 199 202
f 199 206 203
f 165 195 202
f 199 203 202
f 203 206 211
f 202 203 718
f 203 211 719
f 206 208 211
f 208 210 212
f 208 212 211
f 210 213 212
f 210 216 213
f 211 212 723
f 212 213 724
f 213 225 725
f 213 216 225
f 216 227 225
f 225 227 229
f 225 229 733
f 227 256 229
f 229 257 735
f 256 260 257
f 229 256 257
f 257 260 261
f 257 261 786
f 260 266 261
f 261 266 269
f 266 370 269
f 269 370 372
f 302 304 303
f 303 305 309
f 304 305 303
f 309 310 311
f 309 305 310
f 310 1505 311
f 311 1505 312
f 312 1505 1509
f 312 1509 313
f 313 1509 1591
f 313 1591 322
f 322 1591 1592
f 322 1592 323
f 323 1592 1595
f 323 1595 324
f 324 1595 1596
f 324 1596 331
f 331 1607 332
f 332 1608 335
f 335 1611 336
f 370 374 372
f 372 374 375
f 374 381 375
f 375 381 1642
f 381 426 1642
f 426 1656 1642
f 426 429 1656
f 429 1658 1656
f 429 442 1658
f 442 451 1662
f 497 495 494
f 502 496 495
f 502 498 496
f 497 502 495
f 503 499 498
f 503 500 499
f 502 503 498
f 503 510 500
f 497 538 502
f 497 504 537
f 504 505 554
f 497 494 712
f 497 712 504
f 505 706 555
f 510 501 500
f 510 508 501
f 515 509 508
f 515 511 509
f 510 515 508
f 516 512 511
f 516 513 512
f 520 514 513
f 515 516 511
f 516 520 513
f 520 517 514
f 521 518 517
f 521 519 518
f 520 521 517
f 525 522 519
f 525 523 522
f 530 524 523
f 521 525 519
f 525 530 523
f 502 539 503
f 503 540 510
f 510 541 515
f 515 542 516
f 516 543 520
f 520 544 521
f 530 527 524
f 531 528 527
f 531 529 528
f 530 531 527
f 535 532 529
f 535 534 532
f 536 533 534
f 531 535 529
f 535 536 534
f 521 545 525
f 525 546 530
f 530 547 531
f 531 548 535
f 535 553 536
f 497 537 538
f 502 538 539
f 503 539 540
f 510 540 541
f 515 541 542
f 516 542 543
f 537 554 576
f 537 577 538
f 538 578 539
f 539 579 540
f 540 580 541
f 520 543 544
f 521 544 545
f 525 545 546
f 530 546 547
f 531 547 548
f 535 548 553
f 541 581 542
f 542 582 543
f 543 583 544
f 544 592 545
f 545 593 546
f 546 594 547
f 547 595 548
f 548 596 553
f 537 504 554
f 554 555 610
f 505 555 554
f 555 706 713
f 555 713 611
f 537 576 577
f 538 577 578
f 539 578 579
f 540 579 580
f 541 580 581
f 542 581 582
f 543 582 583
f 544 583 592
f 545 592 593
f 576 585 577
f 577 586 578
f 578 587 579
f 579 600 580
f 580 601 581
f 581 602 582
f 576 584 585
f 577 585 586
f 578 586 587
f 579 587 600
f 580 600 601
f 584 617 585
f 585 618 586
f 586 619 587
f 546 593 594
f 547 594 595
f 548 595 596
f 582 603 583
f 583 604 592
f 592 605 593
f 593 606 594
f 594 608 595
f 595 609 596
f 581 601 602
f 582 602 603
f 583 603 604
f 592 604 605
f 593 605 606
f 594 606 608
f 595 608 609
f 587 620 600
f 600 621 601
f 601 622 602
f 602 625 603
f 603 626 604
f 604 627 605
f 605 628 606
f 606 629 608
f 608 630 609
f 554 610 576
f 576 610 584
f 610 611 612
f 555 611 610
f 611 713 744
f 611 744 613
f 610 612 584
f 584 612 614
f 612 613 641
f 611 613 612
f 613 744 747
f 613 747 642
f 584 614 617
f 585 617 618
f 586 618 619
f 587 619 620
f 600 620 621
f 601 621 622
f 602 622 625
f 603 625 626
f 614 632 617
f 617 633 618
f 618 634 619
f 619 635 620
f 620 636 621
f 604 626 627
f 605 627 628
f 606 628 629
f 608 629 630
f 621 637 622
f 622 638 625
f 625 639 626
f 626 640 627
f 627 700 628
f 628 701 629
f 629 702 630
f 614 631 632
f 617 632 633
f 618 633 634
f 619 634 635
f 631 814 632
f 620 635 636
f 621 636 637
f 622 637 638
f 625 638 639
f 626 639 640
f 627 640 700
f 628 700 701
f 632 815 633
f 633 816 634
f 634 817 635
f 635 818 636
f 636 819 637
f 637 874 638
f 638 875 639
f 612 641 614
f 613 642 641
f 642 747 755
f 614 641 631
f 641 642 643
f 642 755 644
f 631 641 643
f 631 643 813
f 643 644 822
f 642 644 643
f 644 755 758
f 644 758 823
f 629 701 702
f 639 876 640
f 640 877 700
f 700 878 701
f 701 879 702
f 703 704 164
f 703 720 704
f 720 705 704
f 720 712 705
f 504 712 505
f 505 712 706
f 706 707 713
f 706 712 707
f 707 708 714
f 707 712 708
f 708 712 710
f 708 710 715
f 710 711 716
f 710 712 711
f 711 712 720
f 711 720 728
f 711 728 717
f 707 714 713
f 713 714 744
f 708 715 714
f 714 715 745
f 715 716 746
f 715 710 716
f 716 717 750
f 711 717 716
f 717 728 737
f 717 737 751
f 202 718 703
f 203 719 718
f 718 720 703
f 718 719 720
f 211 723 719
f 719 723 721
f 719 721 720
f 720 721 728
f 721 723 722
f 721 722 729
f 212 724 723
f 722 723 724
f 213 725 724
f 724 725 726
f 225 733 725
f 725 733 727
f 722 724 726
f 722 726 730
f 725 727 726
f 726 727 731
f 721 729 728
f 728 729 737
f 722 730 729
f 729 730 738
f 726 731 730
f 730 731 739
f 731 732 741
f 727 732 731
f 727 733 734
f 727 734 732
f 229 735 733
f 733 735 734
f 734 735 736
f 734 736 740
f 729 738 737
f 737 738 767
f 730 739 738
f 738 739 768
f 732 740 742
f 732 734 740
f 739 731 741
f 739 741 769
f 741 742 772
f 732 742 741
f 742 740 743
f 742 743 773
f 740 788 743
f 736 788 740
f 743 788 789
f 743 789 776
f 714 745 744
f 744 745 747
f 715 746 745
f 745 746 748
f 746 750 749
f 745 748 747
f 747 748 755
f 746 749 748
f 748 749 756
f 749 752 757
f 716 750 746
f 750 751 752
f 717 751 750
f 737 767 751
f 751 767 753
f 750 752 749
f 751 753 752
f 752 753 761
f 753 767 754
f 753 754 762
f 748 756 755
f 749 757 756
f 755 756 758
f 756 757 759
f 757 761 760
f 756 759 758
f 758 759 1296
f 757 760 759
f 759 760 1297
f 760 764 1298
f 752 761 757
f 753 762 761
f 754 763 762
f 761 762 764
f 762 763 765
f 760 761 764
f 762 765 764
f 764 765 1302
f 763 766 765
f 765 766 1303
f 738 768 767
f 754 767 768
f 739 769 768
f 768 769 770
f 769 772 771
f 754 768 770
f 754 770 763
f 770 771 778
f 769 771 770
f 771 774 779
f 741 772 769
f 742 773 772
f 772 773 774
f 773 776 775
f 772 774 771
f 773 775 774
f 774 775 782
f 743 776 773
f 775 776 777
f 775 777 783
f 763 770 778
f 771 779 778
f 774 782 779
f 763 778 766
f 778 779 780
f 779 782 781
f 766 778 780
f 766 780 1304
f 780 781 1308
f 779 781 780
f 781 782 784
f 781 784 1309
f 775 783 782
f 782 783 784
f 783 804 785
f 777 804 783
f 783 785 784
f 784 785 1310
f 785 804 805
f 785 805 1314
f 257 786 735
f 735 786 736
f 736 787 788
f 736 786 787
f 786 792 787
f 261 792 786
f 787 792 793
f 787 793 790
f 788 787 790
f 788 790 789
f 789 791 800
f 790 796 791
f 789 790 791
f 261 269 792
f 269 794 792
f 792 794 793
f 793 795 796
f 269 372 794
f 793 794 795
f 794 1635 795
f 793 796 790
f 796 798 797
f 791 796 797
f 791 797 802
f 795 798 796
f 795 1636 798
f 797 798 799
f 797 799 808
f 789 800 776
f 776 800 777
f 777 801 804
f 777 800 801
f 791 802 800
f 800 802 801
f 801 803 806
f 801 802 803
f 804 801 806
f 804 806 805
f 805 806 807
f 805 807 1411
f 803 810 806
f 806 810 807
f 807 811 1413
f 797 808 802
f 802 808 803
f 803 809 810
f 803 808 809
f 808 1647 809
f 799 1647 808
f 809 1647 1648
f 809 1648 812
f 810 809 812
f 810 812 811
f 807 810 811
f 811 812 1650
f 811 1650 1436
f 631 813 814
f 632 814 815
f 633 815 816
f 634 816 817
f 635 817 818
f 636 818 819
f 637 819 874
f 813 821 814
f 814 882 815
f 815 883 816
f 816 884 817
f 813 820 821
f 814 821 882
f 815 882 883
f 643 822 813
f 813 822 820
f 822 823 824
f 644 823 822
f 758 1296 823
f 823 1296 825
f 820 822 824
f 820 824 897
f 824 825 939
f 823 825 824
f 825 1296 1299
f 825 1299 993
f 638 874 875
f 639 875 876
f 640 876 877
f 700 877 878
f 701 878 879
f 817 885 818
f 818 886 819
f 819 887 874
f 874 888 875
f 875 889 876
f 876 891 877
f 877 892 878
f 878 893 879
f 816 883 884
f 817 884 885
f 818 885 886
f 819 886 887
f 874 887 888
f 875 888 889
f 876 889 891
f 877 891 892
f 820 898 821
f 821 899 882
f 882 900 883
f 883 901 884
f 884 902 885
f 885 903 886
f 886 904 887
f 887 905 888
f 878 892 893
f 888 906 889
f 889 907 891
f 891 908 892
f 892 909 893
f 820 897 898
f 821 898 899
f 882 899 900
f 883 900 901
f 884 901 902
f 885 902 903
f 886 903 904
f 887 904 905
f 888 905 906
f 889 906 907
f 891 907 908
f 892 908 909
f 824 939 897
f 897 927 898
f 897 939 927
f 898 928 899
f 898 927 928
f 899 928 929
f 899 929 900
f 927 930 928
f 928 931 929
f 928 930 931
f 900 929 932
f 900 932 901
f 901 932 934
f 901 934 902
f 929 933 932
f 929 931 933
f 932 935 934
f 932 933 935
f 930 936 931
f 927 940 930
f 931 937 933
f 931 936 937
f 933 938 935
f 933 937 938
f 936 941 937
f 937 942 938
f 937 941 942
f 927 939 940
f 939 993 940
f 930 944 936
f 930 940 944
f 941 943 942
f 936 994 941
f 936 944 994
f 941 995 943
f 941 994 995
f 902 934 945
f 902 945 903
f 903 945 947
f 903 947 904
f 934 946 945
f 934 935 946
f 945 949 947
f 945 946 949
f 904 947 948
f 904 948 905
f 905 948 954
f 905 954 906
f 947 950 948
f 947 949 950
f 948 956 954
f 948 950 956
f 935 951 946
f 935 938 951
f 946 952 949
f 946 951 952
f 938 966 951
f 938 942 966
f 951 968 952
f 951 966 968
f 949 953 950
f 949 952 953
f 950 962 956
f 950 953 962
f 952 969 953
f 952 968 969
f 953 977 962
f 953 969 977
f 906 955 907
f 906 954 955
f 907 958 908
f 907 955 958
f 954 957 955
f 954 956 957
f 955 960 958
f 955 957 960
f 908 959 909
f 908 958 959
f 958 961 959
f 958 960 961
f 956 963 957
f 956 962 963
f 957 964 960
f 957 963 964
f 962 978 963
f 962 977 978
f 963 981 964
f 963 978 981
f 960 965 961
f 960 964 965
f 964 982 965
f 964 981 982
f 942 967 966
f 942 943 967
f 966 970 968
f 966 967 970
f 943 972 967
f 967 972 973
f 967 973 970
f 968 971 969
f 968 970 971
f 969 979 977
f 969 971 979
f 970 973 974
f 970 974 971
f 971 974 985
f 971 985 979
f 972 975 973
f 943 996 972
f 973 975 976
f 973 976 974
f 974 976 987
f 974 987 985
f 975 1001 976
f 976 1003 987
f 977 980 978
f 977 979 980
f 978 983 981
f 978 980 983
f 979 986 980
f 979 985 986
f 980 989 983
f 980 986 989
f 981 984 982
f 981 983 984
f 983 990 984
f 983 989 990
f 985 988 986
f 985 987 988
f 986 991 989
f 986 988 991
f 987 1004 988
f 988 1007 991
f 989 992 990
f 989 991 992
f 991 1008 992
f 825 993 939
f 940 993 997
f 940 997 944
f 944 998 994
f 943 995 996
f 944 997 998
f 994 999 995
f 995 1000 996
f 993 1299 1316
f 993 1316 997
f 997 1316 1317
f 994 998 999
f 995 999 1000
f 997 1317 998
f 998 1319 999
f 996 1000 1318
f 972 1002 975
f 996 1002 972
f 976 1001 1003
f 1001 1005 1003
f 975 1016 1001
f 975 1002 1016
f 1001 1017 1005
f 1001 1016 1017
f 987 1003 1004
f 1003 1006 1004
f 988 1004 1007
f 1004 1009 1007
f 1003 1005 1006
f 1005 1011 1006
f 1004 1006 1009
f 1006 1012 1009
f 991 1007 1008
f 1007 1010 1008
f 1007 1009 1010
f 1009 1013 1010
f 1006 1011 1012
f 1011 1014 1012
f 1005 1019 1011
f 1009 1012 1013
f 1012 1015 1013
f 1012 1014 1015
f 996 1318 1002
f 1005 1017 1019
f 1002 1325 1016
f 1002 1318 1325
f 1016 1326 1017
f 1011 1328 1014
f 1011 1019 1328
f 1014 1018 1015
f 1014 1329 1018
f 1014 1328 1329
f 1018 1329 1033
f 1033 1329 1347
f 1033 1347 1045
f 1045 1347 1349
f 1045 1349 1089
f 1089 1349 1383
f 1089 1383 1093
f 1093 1383 1385
f 1093 1385 1105
f 1105 1385 1392
f 1105 1392 1108
f 1108 1392 1394
f 1108 1394 1713
f 1713 1394 2146
f 759 1297 1296
f 1296 1297 1299
f 760 1298 1297
f 1297 1298 1300
f 1298 1302 1301
f 1297 1300 1299
f 1299 1300 1316
f 1298 1301 1300
f 1300 1301 1321
f 1301 1305 1333
f 764 1302 1298
f 765 1303 1302
f 1302 1303 1305
f 766 1304 1303
f 1303 1304 1306
f 1304 1308 1307
f 1301 1302 1305
f 1303 1306 1305
f 1305 1306 1355
f 1304 1307 1306
f 1306 1307 1360
f 1307 1311 1370
f 780 1308 1304
f 1308 1309 1311
f 781 1309 1308
f 784 1310 1309
f 1309 1310 1312
f 1307 1308 1311
f 1309 1312 1311
f 1311 1312 1414
f 1310 1313 1312
f 1312 1313 1422
f 785 1314 1310
f 1310 1314 1313
f 1313 1314 1315
f 1313 1315 1425
f 1316 1321 1317
f 998 1317 1319
f 999 1319 1320
f 999 1320 1000
f 1000 1323 1318
f 1317 1322 1319
f 1000 1320 1323
f 1318 1323 1324
f 1300 1321 1316
f 1317 1321 1322
f 1319 1334 1320
f 1319 1322 1334
f 1320 1334 1335
f 1320 1335 1323
f 1323 1336 1324
f 1016 1325 1326
f 1017 1327 1019
f 1017 1326 1327
f 1318 1324 1325
f 1325 1330 1326
f 1019 1327 1331
f 1019 1331 1328
f 1328 1332 1329
f 1328 1331 1332
f 1324 1330 1325
f 1326 1330 1341
f 1326 1341 1327
f 1327 1342 1331
f 1327 1341 1342
f 1331 1343 1332
f 1332 1343 1348
f 1301 1333 1321
f 1321 1333 1322
f 1322 1333 1338
f 1322 1338 1334
f 1323 1335 1336
f 1324 1336 1337
f 1334 1339 1335
f 1334 1338 1339
f 1335 1340 1336
f 1305 1355 1333
f 1333 1355 1338
f 1335 1339 1340
f 1336 1357 1337
f 1336 1340 1357
f 1338 1356 1339
f 1337 1357 1358
f 1324 1337 1330
f 1330 1344 1341
f 1331 1342 1343
f 1337 1344 1330
f 1341 1344 1345
f 1341 1345 1342
f 1342 1346 1343
f 1343 1346 1351
f 1337 1358 1344
f 1342 1345 1346
f 1344 1364 1345
f 1329 1332 1347
f 1347 1348 1349
f 1332 1348 1347
f 1348 1351 1350
f 1349 1350 1383
f 1348 1350 1349
f 1350 1353 1384
f 1348 1343 1351
f 1351 1352 1353
f 1346 1352 1351
f 1352 1354 1353
f 1351 1353 1350
f 1353 1354 1387
f 1354 1388 1387
f 1338 1355 1356
f 1355 1360 1356
f 1339 1359 1340
f 1339 1356 1359
f 1340 1361 1357
f 1340 1359 1361
f 1357 1362 1358
f 1357 1361 1362
f 1306 1360 1355
f 1356 1360 1366
f 1356 1366 1359
f 1359 1367 1361
f 1358 1362 1363
f 1359 1366 1367
f 1361 1368 1362
f 1358 1364 1344
f 1345 1364 1365
f 1345 1365 1346
f 1358 1363 1364
f 1346 1365 1352
f 1352 1365 1376
f 1364 1374 1365
f 1363 1374 1364
f 1365 1374 1376
f 1376 1374 1378
f 1307 1370 1360
f 1360 1370 1366
f 1366 1370 1371
f 1361 1367 1368
f 1362 1369 1363
f 1362 1368 1369
f 1366 1371 1367
f 1367 1373 1368
f 1363 1369 1372
f 1370 1414 1371
f 1367 1371 1373
f 1368 1373 1416
f 1368 1416 1369
f 1369 1417 1372
f 1369 1416 1417
f 1363 1372 1374
f 1372 1378 1374
f 1372 1375 1378
f 1372 1417 1375
f 1417 1420 1375
f 1352 1376 1354
f 1354 1376 1377
f 1376 1378 1377
f 1378 1379 1377
f 1354 1377 1388
f 1388 1377 1401
f 1379 1401 1377
f 1379 1381 1401
f 1375 1379 1378
f 1375 1380 1379
f 1375 1420 1380
f 1380 1420 1429
f 1379 1380 1381
f 1380 1382 1381
f 1380 1429 1382
f 1382 1429 1431
f 1383 1384 1385
f 1350 1384 1383
f 1384 1387 1386
f 1385 1386 1392
f 1384 1386 1385
f 1386 1393 1392
f 1386 1389 1393
f 1384 1353 1387
f 1387 1389 1386
f 1387 1388 1389
f 1388 1390 1389
f 1389 1390 1396
f 1393 1389 1396
f 1390 1391 1396
f 1392 1393 1394
f 1393 1395 1394
f 1393 1396 1395
f 1394 1395 2146
f 1395 1398 2147
f 1395 2147 2146
f 1391 1398 1396
f 1396 1398 1395
f 1391 1397 1398
f 1397 1399 1398
f 2147 1398 1399
f 1397 1400 1399
f 1388 1401 1390
f 1401 1402 1390
f 1401 1381 1402
f 1402 1381 1404
f 1402 1391 1390
f 1402 1403 1391
f 1402 1404 1403
f 1404 1406 1403
f 1381 1382 1404
f 1382 1405 1404
f 1382 1431 1405
f 1405 1431 1437
f 1405 1437 1407
f 1404 1405 1406
f 1405 1407 1406
f 1406 1407 1410
f 1391 1403 1397
f 1397 1403 1408
f 1403 1406 1408
f 1408 1406 1410
f 1397 1408 1400
f 1400 1408 1409
f 1408 1410 1409
f 1407 1437 2170
f 1407 2158 1410
f 1407 2170 2158
f 805 1411 1314
f 1314 1411 1315
f 1315 1411 1412
f 1315 1412 1434
f 807 1413 1411
f 1411 1413 1412
f 1412 1413 1435
f 1412 1435 1441
f 1370 1311 1414
f 1371 1414 1415
f 1371 1415 1373
f 1373 1418 1416
f 1373 1415 1418
f 1416 1418 1419
f 1416 1419 1417
f 1312 1422 1414
f 1414 1422 1415
f 1415 1422 1423
f 1415 1423 1418
f 1418 1424 1419
f 1418 1423 1424
f 1419 1424 1421
f 1417 1419 1420
f 1419 1421 1420
f 1421 1427 1430
f 1422 1425 1423
f 1423 1426 1424
f 1424 1426 1427
f 1313 1425 1422
f 1423 1425 1426
f 1425 1434 1426
f 1424 1427 1421
f 1427 1428 1433
f 1426 1428 1427
f 1420 1421 1429
f 1429 1430 1431
f 1421 1430 1429
f 1430 1433 1432
f 1431 1432 1437
f 1430 1432 1431
f 1430 1427 1433
f 1428 1438 1433
f 1315 1434 1425
f 1426 1434 1428
f 1434 1441 1428
f 1434 1412 1441
f 1428 1441 1438
f 811 1436 1413
f 1413 1436 1435
f 1435 1436 2168
f 1435 2168 1442
f 1432 1439 1437
f 1432 1440 1439
f 1433 1440 1432
f 1433 1438 1440
f 1437 1439 2170
f 1438 2171 1440
f 1440 2173 1439
f 1441 1435 1442
f 1441 1442 1438
f 1438 1442 2171
f 304 1489 305
f 305 1490 310
f 305 1489 1490
f 1489 1494 1490
f 1490 1494 1506
f 1494 1498 1506
f 1506 1498 1512
f 1498 1503 1512
f 1512 1503 1514
f 310 1490 1504
f 310 1504 1505
f 1504 1507 1505
f 1490 1506 1504
f 1506 1508 1504
f 1504 1508 1507
f 1508 1510 1507
f 1505 1507 1509
f 1507 1511 1509
f 1509 1511 1591
f 1591 1511 1593
f 1507 1510 1511
f 1510 1517 1511
f 1511 1517 1593
f 1593 1517 1599
f 1506 1512 1508
f 1512 1513 1508
f 1508 1513 1510
f 1510 1513 1516
f 1512 1514 1513
f 1513 1515 1516
f 1514 1515 1513
f 1510 1516 1517
f 1516 1519 1517
f 1517 1519 1599
f 1599 1519 1601
f 1516 1518 1519
f 1516 1515 1518
f 1519 1573 1601
f 1518 1573 1519
f 1503 1559 1514
f 1559 1564 1568
f 1514 1568 1515
f 1514 1559 1568
f 1515 1569 1518
f 1515 1568 1569
f 1568 1564 1570
f 1568 1570 1569
f 1569 1570 1571
f 1518 1572 1573
f 1518 1569 1572
f 1573 1575 1617
f 1572 1575 1573
f 1569 1571 1572
f 1572 1574 1575
f 1572 1571 1574
f 1575 1576 1619
f 1574 1576 1575
f 1564 1578 1570
f 1578 1579 1570
f 1570 1579 1571
f 1571 1579 1580
f 1578 1585 1579
f 1585 1586 1579
f 1579 1586 1580
f 1580 1586 1589
f 1571 1580 1574
f 1574 1580 1587
f 1574 1587 1576
f 1576 1587 1588
f 1580 1589 1587
f 1589 1590 1587
f 1587 1590 1588
f 1588 1590 2068
f 1591 1593 1592
f 1593 1594 1592
f 1592 1594 1595
f 1595 1594 1597
f 1593 1599 1594
f 1599 1600 1594
f 1594 1600 1597
f 1595 1597 1596
f 1597 1598 1596
f 1596 1598 1607
f 1597 1600 1603
f 1597 1603 1598
f 1598 1603 1604
f 1598 1604 1609
f 1599 1601 1600
f 1601 1602 1600
f 1600 1602 1603
f 1601 1617 1602
f 1601 1573 1617
f 1602 1618 1605
f 1617 1618 1602
f 1603 1602 1605
f 1603 1605 1604
f 1605 1606 1604
f 1604 1606 1613
f 1605 1618 1621
f 1605 1621 1606
f 1606 1621 1627
f 331 1596 1607
f 1607 1609 1608
f 332 1607 1608
f 1607 1598 1609
f 1609 1613 1610
f 1609 1610 1608
f 335 1608 1611
f 1608 1610 1611
f 336 1611 3882
f 1611 1612 3882
f 1610 1612 1611
f 1610 1615 1612
f 1609 1604 1613
f 1613 1615 1610
f 1613 1614 1615
f 1613 1606 1614
f 1606 1627 1614
f 1612 1615 3885
f 1615 1616 3885
f 1614 1616 1615
f 1614 1629 1616
f 1617 1619 1618
f 1617 1575 1619
f 1618 1620 1621
f 1619 1620 1618
f 1619 1623 1620
f 1576 1623 1619
f 1623 1625 1620
f 1621 1620 1622
f 1621 1622 1627
f 1620 1625 1622
f 1622 1625 1631
f 1576 1588 1623
f 1623 1588 1624
f 1623 1624 1625
f 1588 2068 1624
f 1624 2068 2072
f 1625 1624 1626
f 1625 1626 1631
f 1624 2072 1626
f 1626 2072 2114
f 1627 1622 1628
f 1614 1627 1629
f 1627 1628 1629
f 1622 1631 1628
f 1616 1629 3896
f 1629 1630 3896
f 1629 1628 1630
f 1628 1633 1630
f 1631 1626 1632
f 1631 1633 1628
f 1631 1632 1633
f 1626 2114 1632
f 1632 2114 2116
f 1630 1633 3900
f 1633 1634 3900
f 1633 1632 1634
f 1632 2116 1634
f 372 1635 794
f 372 375 1635
f 795 1635 1636
f 375 1637 1635
f 1635 1637 1636
f 1636 1637 1638
f 798 1636 1639
f 798 1639 799
f 799 1639 1641
f 1636 1638 1639
f 1638 1640 1639
f 1639 1640 1641
f 1641 1640 1645
f 375 1642 1637
f 1637 1642 1643
f 1637 1643 1638
f 1638 1643 1644
f 1642 1656 1643
f 1643 1656 1657
f 1643 1657 1644
f 1644 1657 1660
f 1638 1644 1640
f 1640 1644 1646
f 1640 1646 1645
f 1644 1660 1646
f 1645 1646 1666
f 799 1641 1647
f 1647 1641 1649
f 1647 1649 1648
f 1641 1645 1649
f 1648 1649 1652
f 1648 1651 812
f 812 1651 1650
f 1648 1652 1651
f 1650 1651 1654
f 1645 1653 1649
f 1649 1653 1652
f 1645 1666 1653
f 1652 1653 1668
f 1652 1655 1651
f 1651 1655 1654
f 1652 1668 1655
f 1654 1655 2203
f 1656 1658 1657
f 1657 1659 1660
f 1657 1658 1659
f 1658 1662 1659
f 1660 1659 1664
f 1646 1660 1661
f 1646 1661 1666
f 1660 1664 1661
f 1666 1661 1670
f 442 1662 1658
f 1659 1662 1663
f 1659 1663 1664
f 451 4008 1662
f 1662 4008 1663
f 1661 1664 1665
f 1661 1665 1670
f 1663 4009 1664
f 1664 4009 1665
f 1653 1666 1667
f 1653 1667 1668
f 1666 1670 1667
f 1667 1672 1668
f 1655 1668 1669
f 1655 1669 2203
f 1668 1672 1669
f 1669 2211 2203
f 1667 1670 1671
f 1667 1671 1672
f 1665 4015 1670
f 1670 4015 1671
f 1669 1672 1673
f 1669 1673 2211
f 1671 4016 1672
f 1672 4016 1673
f 1713 2146 1715
f 2146 2148 1715
f 1715 2148 1726
f 1726 2148 2154
f 1726 2154 1728
f 1728 2154 2155
f 1728 2155 1785
f 1785 2155 2157
f 1585 1743 1586
f 1586 1743 1744
f 1586 1744 1589
f 1589 1744 1752
f 1743 1750 1744
f 1750 1751 1744
f 1744 1751 1752
f 1589 1752 1590
f 1590 1752 2069
f 1752 1751 1753
f 1752 1753 2069
f 1750 1759 1751
f 1751 1759 1773
f 1751 1773 1753
f 1753 1773 2074
f 1759 1774 1844
f 1774 1775 1845
f 1775 1776 1846
f 1776 1777 1847
f 1777 1778 1848
f 1778 1779 1849
f 1779 1780 1850
f 1785 2157 1787
f 1780 1781 1851
f 1781 1782 1852
f 1782 1783 1853
f 1783 1784 1854
f 1784 1787 1855
f 1787 2157 2164
f 1759 1844 1773
f 1774 1845 1844
f 1775 1846 1845
f 1776 1847 1846
f 1777 1848 1847
f 1778 1849 1848
f 1779 1850 1849
f 1780 1851 1850
f 1773 1844 2078
f 1844 1845 2079
f 1845 1846 2080
f 1846 1847 2081
f 1773 2078 2074
f 1844 2079 2078
f 1845 2080 2079
f 1846 2081 2080
f 1847 1848 2082
f 1848 1849 2083
f 1849 1850 2084
f 1847 2082 2081
f 1848 2083 2082
f 1849 2084 2083
f 1850 2085 2084
f 1781 1852 1851
f 1782 1853 1852
f 1783 1854 1853
f 1784 1855 1854
f 1787 2164 1855
f 1850 1851 2085
f 1851 1852 2086
f 1852 1853 2087
f 1853 1854 2088
f 1851 2086 2085
f 1852 2087 2086
f 1853 2088 2087
f 1854 1855 2089
f 1854 2089 2088
f 1855 2164 2183
f 1590 2069 2068
f 2069 2070 2068
f 2068 2070 2072
f 2069 2071 2070
f 2069 1753 2071
f 2071 2075 2070
f 2070 2073 2072
f 2072 2073 2114
f 2070 2075 2073
f 2073 2075 2118
f 1753 2074 2071
f 2071 2076 2075
f 2074 2076 2071
f 2076 2077 2075
f 2075 2077 2118
f 2074 2078 2090
f 2078 2079 2091
f 2079 2080 2092
f 2080 2081 2093
f 2081 2082 2094
f 2082 2083 2095
f 2083 2084 2096
f 2084 2085 2104
f 2085 2086 2105
f 2086 2087 2106
f 2087 2088 2107
f 1855 2183 2089
f 2088 2089 2108
f 2074 2090 2076
f 2078 2091 2090
f 2079 2092 2091
f 2080 2093 2092
f 2081 2094 2093
f 2082 2095 2094
f 2083 2096 2095
f 2084 2104 2096
f 2085 2105 2104
f 2086 2106 2105
f 2087 2107 2106
f 2088 2108 2107
f 2089 2183 2187
f 2089 2187 2108
f 2076 2090 2097
f 2090 2091 2098
f 2091 2092 2099
f 2092 2093 2100
f 2093 2094 2101
f 2094 2095 2102
f 2095 2096 2103
f 2076 2097 2077
f 2090 2098 2097
f 2091 2099 2098
f 2092 2100 2099
f 2093 2101 2100
f 2094 2102 2101
f 2095 2103 2102
f 2096 2109 2103
f 2096 2104 2109
f 2104 2105 2110
f 2105 2106 2111
f 2106 2107 2112
f 2107 2108 2113
f 2104 2110 2109
f 2105 2111 2110
f 2106 2112 2111
f 2107 2113 2112
f 2108 2187 2191
f 2108 2191 2113
f 2114 2073 2115
f 2114 2115 2116
f 2073 2118 2115
f 2115 2118 2120
f 1634 2116 4035
f 2116 2117 4035
f 2116 2115 2117
f 2115 2120 2117
f 2077 2119 2118
f 2118 2119 2120
f 2120 2119 2121
f 2117 2120 4040
f 2120 2121 4040
f 2077 2097 2122
f 2097 2098 2123
f 2098 2099 2124
f 2099 2100 2125
f 2077 2122 2119
f 2097 2123 2122
f 2098 2124 2123
f 2099 2125 2124
f 2100 2101 2126
f 2101 2102 2127
f 2102 2103 2128
f 2100 2126 2125
f 2101 2127 2126
f 2102 2128 2127
f 2103 2129 2128
f 2103 2109 2129
f 2109 2110 2130
f 2110 2111 2131
f 2111 2112 2132
f 2109 2130 2129
f 2110 2131 2130
f 2111 2132 2131
f 2112 2113 2133
f 2112 2133 2132
f 2113 2196 2133
f 2113 2191 2196
f 2119 2122 2134
f 2122 2123 2135
f 2123 2124 2136
f 2124 2125 2137
f 2119 2134 2121
f 2122 2135 2134
f 2123 2136 2135
f 2124 2137 2136
f 2125 2126 2138
f 2126 2127 2139
f 2127 2128 2140
f 2125 2138 2137
f 2126 2139 2138
f 2127 2140 2139
f 2128 2141 2140
f 2121 2134 4045
f 2134 2135 4046
f 2135 2136 4047
f 2136 2137 4048
f 2137 2138 4049
f 2138 2139 4050
f 2139 2140 4051
f 2128 2129 2141
f 2129 2130 2142
f 2130 2131 2143
f 2131 2132 2144
f 2129 2142 2141
f 2130 2143 2142
f 2131 2144 2143
f 2132 2133 2145
f 2132 2145 2144
f 2133 2196 4582
f 2133 4582 2145
f 2140 2141 4052
f 2141 2142 4053
f 2142 2143 4054
f 2143 2144 4055
f 2144 2145 4056
f 2146 2147 2148
f 2147 1399 2149
f 2147 2149 2148
f 2148 2149 2154
f 2151 2150 2149
f 2149 2150 2154
f 1400 2151 1399
f 1399 2151 2149
f 1400 2152 2151
f 2151 2152 2153
f 2151 2153 2150
f 2154 2150 2155
f 2150 2153 2156
f 2150 2156 2155
f 2156 2157 2155
f 2152 2161 2153
f 2156 2153 2162
f 2153 2161 2162
f 1400 1409 2152
f 1410 2160 1409
f 2152 1409 2159
f 1409 2160 2159
f 1410 2158 2160
f 2170 2177 2158
f 2152 2159 2161
f 2158 2165 2160
f 2158 2177 2165
f 2156 2163 2157
f 2156 2162 2163
f 2157 2163 2164
f 2161 2184 2162
f 2163 2162 2185
f 2162 2184 2185
f 2160 2167 2159
f 2161 2159 2166
f 2159 2167 2166
f 2160 2165 2167
f 2165 2177 2181
f 2161 2166 2184
f 2167 2190 2166
f 2165 2188 2167
f 2165 2181 2188
f 1650 2169 1436
f 1436 2169 2168
f 1650 1654 2169
f 2168 2169 2175
f 1439 2172 2170
f 1439 2173 2172
f 1440 2171 2173
f 2170 2172 2177
f 2171 2178 2173
f 2173 2179 2172
f 1442 2168 2174
f 1442 2174 2171
f 2168 2175 2174
f 2171 2174 2178
f 1654 2176 2169
f 2169 2176 2175
f 1654 2203 2176
f 2175 2176 2209
f 2172 2180 2177
f 2172 2179 2180
f 2173 2178 2179
f 2177 2180 2181
f 2178 2205 2179
f 2179 2206 2180
f 2174 2175 2182
f 2178 2174 2182
f 2178 2182 2205
f 2175 2209 2182
f 2163 2186 2164
f 2163 2185 2186
f 2164 2186 2183
f 2184 2194 2185
f 2183 2192 2187
f 2183 2186 2192
f 2186 2195 2192
f 2185 2195 2186
f 2185 2194 2195
f 2184 2166 2189
f 2167 2188 2190
f 2166 2190 2189
f 2181 2208 2188
f 2184 2189 2194
f 2190 2201 2189
f 2188 2200 2190
f 2188 2208 2200
f 2187 2193 2191
f 2187 2192 2193
f 2192 2198 2193
f 2192 2195 2198
f 2194 2199 2195
f 2191 2197 2196
f 2191 2193 2197
f 2196 4584 4582
f 2193 4585 2197
f 2196 2197 4584
f 2195 2199 2198
f 2193 2198 4585
f 2194 2189 2202
f 2189 2201 2202
f 2190 2200 2201
f 2200 2208 2216
f 2194 2202 2199
f 2201 4592 2202
f 2200 4591 2201
f 2200 2216 4591
f 2176 2203 2204
f 2176 2204 2209
f 2203 2211 2204
f 2204 2217 2209
f 2180 2207 2181
f 2180 2206 2207
f 2179 2205 2206
f 2181 2207 2208
f 2205 2213 2206
f 2206 2214 2207
f 2206 2213 2214
f 2182 2209 2210
f 2205 2182 2210
f 2209 2217 2210
f 2205 2210 2213
f 2204 2211 2212
f 2204 2212 2217
f 1673 4606 2211
f 2211 4606 2212
f 2207 2215 2208
f 2207 2214 2215
f 2208 2215 2216
f 2213 4608 2214
f 2215 2214 4609
f 2214 4608 4609
f 2210 2217 2218
f 2213 2210 2218
f 2212 4612 2217
f 2217 4612 2218
f 2213 2218 4608
f 2225 2226 2227
f 2225 2227 2228
f 2227 2229 2228
f 2228 2229 2230
f 2229 2231 2230
f 2230 2231 2567
f 2231 2569 2567
f 2225 2232 2226
f 2226 2232 2233
f 2234 2233 2232
f 2234 2235 2233
f 2226 2233 2236
f 2226 2237 2227
f 2227 2238 2229
f 2226 2236 2237
f 2227 2237 2238
f 2233 2239 2236
f 2236 2239 2258
f 2236 2259 2237
f 2237 2260 2238
f 2236 2258 2259
f 2237 2259 2260
f 2238 2260 2261
f 2258 2239 2266
f 2233 2235 2239
f 2235 2250 2239
f 2239 2250 2266
f 2266 2250 2290
f 2229 2238 2244
f 2229 2244 2231
f 2238 2261 2244
f 2261 2278 2244
f 2231 2244 2245
f 2231 2245 2569
f 2244 2278 2245
f 2278 2280 2245
f 2245 2280 2592
f 2234 2246 2235
f 2246 2247 2235
f 2246 2248 2247
f 2248 2249 2247
f 2235 2247 2250
f 2247 2251 2250
f 2250 2251 2290
f 2290 2251 2253
f 2247 2249 2251
f 2249 2252 2251
f 2251 2252 2253
f 2252 2724 2253
f 2258 2263 2259
f 2259 2264 2260
f 2258 2262 2263
f 2259 2263 2264
f 2260 2265 2261
f 2260 2264 2265
f 2258 2266 2262
f 2266 2267 2262
f 2262 2269 2263
f 2263 2270 2264
f 2264 2271 2265
f 2262 2267 2268
f 2266 2290 2267
f 2290 2291 2267
f 2267 2291 2276
f 2262 2268 2269
f 2263 2269 2270
f 2264 2270 2271
f 2268 2273 2269
f 2269 2274 2270
f 2270 2275 2271
f 2267 2276 2268
f 2276 2272 2268
f 2268 2272 2273
f 2269 2273 2274
f 2270 2274 2275
f 2276 2291 2293
f 2276 2293 2277
f 2276 2277 2272
f 2277 2294 2434
f 2261 2265 2279
f 2261 2279 2278
f 2278 2279 2281
f 2265 2283 2279
f 2279 2284 2281
f 2278 2281 2280
f 2280 2281 2282
f 2281 2288 2282
f 2265 2271 2283
f 2279 2283 2284
f 2271 2285 2283
f 2283 2286 2284
f 2281 2284 2288
f 2284 2287 2288
f 2271 2275 2285
f 2283 2285 2286
f 2284 2286 2287
f 2282 2288 2615
f 2288 2289 2615
f 2287 2289 2288
f 2289 2617 2615
f 2290 2253 2291
f 2253 2292 2291
f 2291 2292 2293
f 2293 2292 2295
f 2253 2724 2292
f 2292 2724 2744
f 2292 2744 2295
f 2295 2744 2746
f 2293 2295 2294
f 2277 2293 2294
f 2294 2296 2463
f 2295 2746 2296
f 2295 2296 2294
f 2296 2747 2465
f 2272 2277 2430
f 2272 2431 2273
f 2273 2432 2274
f 2272 2430 2431
f 2273 2431 2432
f 2274 2433 2275
f 2274 2432 2433
f 2430 2434 2436
f 2430 2437 2431
f 2431 2438 2432
f 2432 2439 2433
f 2430 2436 2437
f 2431 2437 2438
f 2432 2438 2439
f 2277 2434 2430
f 2436 2434 2435
f 2434 2463 2435
f 2436 2441 2437
f 2437 2442 2438
f 2438 2443 2439
f 2436 2440 2441
f 2437 2441 2442
f 2438 2442 2443
f 2440 2470 2441
f 2441 2471 2442
f 2442 2472 2443
f 2436 2435 2440
f 2435 2444 2440
f 2440 2444 2469
f 2444 2473 2469
f 2275 2445 2285
f 2275 2433 2445
f 2285 2445 2446
f 2285 2446 2286
f 2286 2447 2287
f 2286 2446 2447
f 2287 2447 2448
f 2287 2448 2289
f 2433 2450 2445
f 2445 2451 2446
f 2446 2452 2447
f 2433 2439 2450
f 2445 2450 2451
f 2446 2451 2452
f 2447 2453 2448
f 2448 2454 2449
f 2447 2452 2453
f 2448 2453 2454
f 2289 2448 2449
f 2289 2449 2617
f 2454 2461 2449
f 2449 2461 2671
f 2439 2455 2450
f 2450 2456 2451
f 2451 2457 2452
f 2439 2443 2455
f 2450 2455 2456
f 2451 2456 2457
f 2452 2458 2453
f 2453 2459 2454
f 2452 2457 2458
f 2453 2458 2459
f 2454 2459 2460
f 2443 2500 2455
f 2455 2501 2456
f 2456 2502 2457
f 2457 2503 2458
f 2458 2504 2459
f 2459 2505 2460
f 2454 2460 2461
f 2461 2460 2462
f 2460 2506 2462
f 2294 2463 2434
f 2435 2463 2464
f 2463 2465 2464
f 2296 2465 2463
f 2464 2465 2466
f 2465 2801 2466
f 2435 2464 2444
f 2444 2464 2467
f 2464 2466 2467
f 2444 2467 2473
f 2473 2467 2561
f 2466 2468 2467
f 2466 2802 2468
f 2467 2468 2561
f 2561 2468 2809
f 2440 2469 2470
f 2441 2470 2471
f 2442 2471 2472
f 2469 2475 2470
f 2470 2476 2471
f 2471 2477 2472
f 2469 2474 2475
f 2470 2475 2476
f 2471 2476 2477
f 2473 2474 2469
f 2474 2478 2496
f 2474 2497 2475
f 2475 2498 2476
f 2476 2499 2477
f 2473 2478 2474
f 2474 2496 2497
f 2475 2497 2498
f 2476 2498 2499
f 2443 2472 2500
f 2455 2500 2501
f 2456 2501 2502
f 2472 2507 2500
f 2500 2508 2501
f 2501 2509 2502
f 2457 2502 2503
f 2458 2503 2504
f 2459 2504 2505
f 2502 2510 2503
f 2503 2511 2504
f 2504 2512 2505
f 2472 2477 2507
f 2500 2507 2508
f 2501 2508 2509
f 2502 2509 2510
f 2503 2510 2511
f 2504 2511 2512
f 2460 2505 2506
f 2505 2513 2506
f 2462 2506 2682
f 2506 2514 2682
f 2505 2512 2513
f 2506 2513 2514
f 2514 2684 2682
f 2477 2551 2507
f 2507 2552 2508
f 2508 2553 2509
f 2509 2554 2510
f 2510 2555 2511
f 2511 2556 2512
f 2512 2557 2513
f 2513 2558 2514
f 2514 2559 2684
f 2477 2499 2551
f 2507 2551 2552
f 2508 2552 2553
f 2509 2553 2554
f 2510 2554 2555
f 2511 2555 2556
f 2512 2556 2557
f 2513 2557 2558
f 2514 2558 2559
f 2559 3521 2684
f 2559 2560 3521
f 2473 2561 2478
f 2561 2562 2478
f 2561 2809 2562
f 2478 2562 2566
f 2478 2566 2496
f 2567 2569 2568
f 2568 2569 2571
f 2568 2571 2570
f 2570 2571 2573
f 2570 2573 2572
f 2572 2573 2574
f 2572 2574 2575
f 2574 2576 2575
f 2575 2576 2577
f 2576 2578 2577
f 2577 2578 2579
f 2578 2580 2579
f 2579 2580 2581
f 2580 2582 2581
f 2581 2582 2583
f 2582 2585 2583
f 2583 2585 2584
f 2245 2592 2569
f 2569 2592 2571
f 2571 2592 2593
f 2280 2611 2592
f 2592 2611 2593
f 2571 2593 2573
f 2573 2593 2598
f 2611 2613 2593
f 2593 2613 2598
f 2573 2598 2574
f 2574 2598 2599
f 2613 2621 2598
f 2598 2621 2599
f 2621 2623 2599
f 2574 2599 2576
f 2576 2599 2600
f 2599 2623 2600
f 2600 2623 2656
f 2280 2282 2611
f 2282 2612 2611
f 2611 2612 2613
f 2282 2615 2612
f 2613 2612 2614
f 2613 2614 2621
f 2612 2616 2614
f 2615 2617 2616
f 2612 2615 2616
f 2616 2617 2619
f 2614 2616 2618
f 2616 2619 2618
f 2618 2619 2620
f 2621 2614 2622
f 2621 2622 2623
f 2614 2618 2622
f 2622 2625 2624
f 2623 2622 2624
f 2623 2624 2656
f 2624 2658 2656
f 2624 2627 2658
f 2618 2625 2622
f 2618 2620 2625
f 2620 2626 2625
f 2624 2625 2627
f 2625 2626 2627
f 2627 2628 2661
f 2626 2628 2627
f 2576 2600 2578
f 2578 2600 2633
f 2600 2656 2633
f 2633 2656 2657
f 2578 2633 2580
f 2580 2633 2634
f 2580 2634 2582
f 2633 2657 2634
f 2657 2659 2634
f 2584 2585 2642
f 2584 2642 2637
f 2640 2637 2643
f 2582 2634 2641
f 2582 2641 2585
f 2634 2659 2641
f 2637 2642 2643
f 2585 2641 2665
f 2585 2665 2642
f 2640 2643 2654
f 2640 2654 2650
f 2650 2655 2653
f 2650 2654 2655
f 2654 2669 2655
f 2653 2655 2893
f 2655 2670 2893
f 2656 2658 2657
f 2657 2658 2660
f 2658 2661 2660
f 2657 2660 2659
f 2659 2660 2662
f 2627 2661 2658
f 2660 2661 2663
f 2628 2692 2661
f 2661 2692 2663
f 2660 2663 2662
f 2659 2664 2641
f 2641 2664 2665
f 2659 2662 2664
f 2642 2665 2666
f 2642 2666 2643
f 2643 2666 2667
f 2665 2664 2668
f 2665 2668 2666
f 2643 2667 2654
f 2654 2667 2669
f 2662 2696 2664
f 2664 2696 2668
f 2666 2697 2667
f 2666 2668 2697
f 2667 2699 2669
f 2667 2697 2699
f 2655 2669 2670
f 2670 2907 2893
f 2669 2703 2670
f 2699 2703 2669
f 2670 2704 2907
f 2670 2703 2704
f 2449 2671 2617
f 2617 2671 2619
f 2619 2671 2672
f 2461 2673 2671
f 2671 2673 2672
f 2619 2672 2620
f 2620 2672 2677
f 2673 2675 2672
f 2672 2675 2677
f 2675 2679 2677
f 2461 2462 2673
f 2462 2674 2673
f 2673 2674 2675
f 2462 2682 2674
f 2675 2674 2676
f 2675 2676 2679
f 2674 2683 2676
f 2620 2677 2626
f 2626 2677 2678
f 2677 2679 2678
f 2626 2678 2628
f 2628 2678 2680
f 2628 2680 2692
f 2679 2681 2678
f 2676 2687 2679
f 2679 2687 2681
f 2678 2681 2680
f 2680 2681 2688
f 2680 2688 2694
f 2682 2684 2683
f 2674 2682 2683
f 2676 2683 2685
f 2676 2685 2687
f 2683 2684 2686
f 2683 2686 2685
f 2684 3521 2686
f 2685 2686 3524
f 2685 3524 2689
f 2681 2687 2690
f 2681 2690 2688
f 2685 2689 2687
f 2687 2689 2690
f 2690 2689 3530
f 2688 2690 2691
f 2688 2691 2709
f 2690 3530 2691
f 2663 2692 2695
f 2662 2663 2693
f 2663 2695 2693
f 2680 2694 2692
f 2692 2694 2695
f 2694 2708 2695
f 2693 2695 2707
f 2695 2708 2707
f 2662 2693 2696
f 2696 2693 2700
f 2696 2700 2698
f 2696 2698 2668
f 2668 2698 2697
f 2699 2697 2701
f 2697 2698 2701
f 2699 2702 2703
f 2693 2707 2700
f 2698 2700 2712
f 2698 2712 2701
f 2699 2701 2702
f 2701 2714 2702
f 2703 2705 2704
f 2704 2706 2941
f 2703 2702 2705
f 2702 2716 2705
f 2704 2705 2706
f 2705 2717 2706
f 2688 2709 2694
f 2694 2709 2708
f 2707 2708 2710
f 2708 2709 2711
f 2691 3550 2709
f 2709 3550 2711
f 2708 2711 2710
f 2710 2711 3551
f 2707 2713 2700
f 2700 2713 2712
f 2701 2712 2714
f 2707 2710 2713
f 2702 2714 2716
f 2712 2713 2715
f 2712 2715 2714
f 2710 3555 2713
f 2713 3555 2715
f 2710 3551 3555
f 2714 3556 2716
f 2714 2715 3556
f 2716 3556 3560
f 2705 2716 2717
f 2706 2717 2718
f 2716 3560 2717
f 2717 3560 3561
f 2717 3561 2718
f 2718 3561 3815
f 2248 2719 2249
f 2249 2720 2252
f 2719 2720 2249
f 2719 2721 2720
f 2720 2722 2723
f 2721 2722 2720
f 2252 2720 2723
f 2252 2723 2724
f 2723 2726 2724
f 2722 2725 2723
f 2723 2725 2726
f 2725 2736 2726
f 2721 2731 2722
f 2731 2732 2722
f 2722 2732 2725
f 2731 2733 2732
f 2733 2734 2732
f 2732 2734 2735
f 2725 2735 2736
f 2725 2732 2735
f 2735 2738 2736
f 2735 2737 2738
f 2735 2734 2737
f 2737 2739 2738
f 2724 2726 2744
f 2726 2745 2744
f 2744 2745 2746
f 2746 2745 2748
f 2726 2736 2745
f 2736 2750 2745
f 2745 2750 2748
f 2748 2750 2752
f 2746 2748 2747
f 2748 2749 2747
f 2296 2746 2747
f 2747 2749 2801
f 2748 2752 2749
f 2749 2752 2753
f 2749 2753 2803
f 2736 2738 2750
f 2738 2751 2750
f 2750 2751 2752
f 2752 2751 2754
f 2738 2739 2751
f 2739 2769 2751
f 2751 2769 2754
f 2752 2754 2753
f 2754 2771 2753
f 2753 2771 2806
f 2733 2755 2734
f 2755 2756 2734
f 2734 2756 2737
f 2755 2757 2756
f 2757 2758 2756
f 2756 2758 2759
f 2759 2758 2761
f 2737 2759 2739
f 2737 2756 2759
f 2739 2760 2769
f 2739 2759 2760
f 2759 2761 2760
f 2761 2767 2760
f 2760 2767 2772
f 2757 334 2758
f 334 2766 2758
f 2758 2766 2761
f 2761 2766 2768
f 334 336 2766
f 336 3882 2766
f 2766 3882 2768
f 2761 2768 2767
f 2768 3884 2767
f 2767 3884 2773
f 2754 2769 2770
f 2760 2772 2769
f 2769 2772 2770
f 2754 2770 2771
f 2806 2771 2845
f 2770 2775 2771
f 2771 2775 2845
f 2767 2773 2772
f 2770 2772 2774
f 2773 2774 2772
f 2770 2774 2775
f 2845 2775 2849
f 2774 3891 2775
f 2775 3891 2849
f 2465 2747 2801
f 2801 2803 2802
f 2466 2801 2802
f 2749 2803 2801
f 2802 2803 2805
f 2468 2802 2804
f 2468 2804 2809
f 2802 2805 2804
f 2809 2804 2807
f 2753 2806 2803
f 2806 2805 2803
f 2806 2844 2805
f 2805 2844 2808
f 2804 2805 2808
f 2804 2808 2807
f 2807 2808 2846
f 2562 2809 2810
f 2562 2810 2814
f 2809 2807 2810
f 2810 2819 2814
f 2562 2814 2566
f 2807 2815 2810
f 2810 2815 2819
f 2807 2846 2815
f 2819 2815 2856
f 2806 2845 2844
f 2845 2848 2844
f 2844 2848 2847
f 2808 2844 2847
f 2808 2847 2846
f 2846 2847 2850
f 2845 2849 2848
f 2849 3939 2848
f 2848 3939 2851
f 2847 2848 2851
f 2847 2851 2850
f 2851 3941 2850
f 2850 3941 2860
f 2815 2846 2853
f 2815 2853 2856
f 2846 2850 2853
f 2856 2853 2858
f 2850 2860 2853
f 2860 2858 2853
f 2860 3948 2858
f 2653 2893 2888
f 2888 2892 2891
f 2888 2893 2892
f 2893 2907 2892
f 2891 2892 2894
f 2892 2908 2894
f 2891 2894 2901
f 2901 2894 2905
f 2901 2905 2904
f 2904 2905 2906
f 2894 2909 2905
f 2905 2910 2906
f 2892 2907 2908
f 2894 2908 2909
f 2907 2941 2908
f 2704 2941 2907
f 2908 2942 2909
f 2908 2941 2942
f 2942 2945 2909
f 2905 2909 2910
f 2906 2910 2935
f 2909 2945 2910
f 2910 2945 2911
f 2910 2911 2935
f 2911 2937 2935
f 2904 2906 2928
f 2928 2906 2932
f 2928 2932 2931
f 2931 2932 2933
f 2906 2935 2932
f 2932 2936 2933
f 2931 2933 446
f 446 2933 2934
f 446 2934 451
f 451 2934 4008
f 2933 2939 2934
f 2934 4010 4008
f 2932 2935 2936
f 2933 2936 2939
f 2935 2937 2936
f 2936 2937 2938
f 2936 2938 2939
f 2934 2939 4010
f 2939 2940 4010
f 2938 2940 2939
f 2706 2943 2941
f 2941 2943 2942
f 2942 2944 2945
f 2942 2943 2944
f 2706 2718 2943
f 2943 2948 2944
f 2945 2946 2911
f 2945 2944 2946
f 2911 2947 2937
f 2911 2946 2947
f 2944 2949 2946
f 2946 2951 2947
f 2718 2948 2943
f 2944 2948 2949
f 2718 3815 2948
f 2948 3815 2950
f 2948 2950 2949
f 2949 2950 2953
f 2946 2949 2951
f 2947 2951 2952
f 2949 2953 2951
f 2951 2953 2954
f 2951 2954 2952
f 2937 2955 2938
f 2937 2947 2955
f 2938 2955 2956
f 2947 2952 2955
f 2955 2957 2956
f 2938 2956 2940
f 2940 2956 4021
f 2956 2957 2959
f 2956 2959 4021
f 2952 2957 2955
f 2952 2958 2957
f 2952 2954 2958
f 2957 2958 2960
f 2957 2960 2959
f 2959 2960 4025
f 2560 3092 3522
f 2560 3522 3521
f 3092 3525 3522
f 3092 3104 3525
f 3104 3107 3527
f 3104 3527 3525
f 3107 3534 3527
f 3107 3115 3534
f 3115 3129 3542
f 3115 3542 3534
f 3129 3544 3542
f 3129 3134 3544
f 3134 3268 3575
f 3134 3575 3544
f 3268 3579 3575
f 3268 3270 3579
f 3270 3273 3581
f 3270 3581 3579
f 3273 3594 3581
f 3369 3379 3373
f 3379 3380 3373
f 3373 3380 3374
f 3380 3381 3374
f 3374 3381 3375
f 3381 3382 3375
f 3369 3723 3379
f 3379 3383 3380
f 3380 3383 3388
f 3380 3388 3381
f 3381 3388 3390
f 3381 3390 3382
f 3382 3390 3391
f 3383 3384 3388
f 3384 3389 3388
f 3384 3385 3389
f 3388 3389 3390
f 3389 3392 3390
f 3389 3394 3392
f 3390 3392 3391
f 3392 3397 3393
f 3391 3392 3393
f 3385 3394 3389
f 3385 3386 3394
f 3386 3395 3394
f 3392 3394 3397
f 3394 3395 3397
f 3395 3398 3397
f 3386 3387 3395
f 3387 3396 3395
f 3387 3403 3396
f 3395 3396 3398
f 3396 3401 3398
f 3396 3409 3401
f 3397 3398 3399
f 3393 3397 3399
f 3398 3400 3399
f 3398 3401 3400
f 3401 3412 3402
f 3400 3401 3402
f 3379 3724 3383
f 3383 3727 3384
f 3384 3728 3385
f 3385 3729 3386
f 3386 3730 3387
f 3387 3731 3403
f 3396 3403 3409
f 3401 3409 3412
f 3403 3404 3409
f 3404 3410 3409
f 3409 3410 3412
f 3410 3414 3412
f 3404 3405 3410
f 3405 3411 3410
f 3410 3411 3414
f 3411 3415 3414
f 3402 3412 3413
f 3412 3414 3413
f 3413 3414 3416
f 3414 3415 3416
f 3415 3417 3416
f 3405 3406 3411
f 3406 3418 3411
f 3406 3407 3418
f 3411 3418 3415
f 3415 3418 3420
f 3418 3419 3420
f 3407 3419 3418
f 3407 3408 3419
f 3415 3420 3417
f 3419 3508 3420
f 3408 3505 3419
f 3403 3732 3404
f 3404 3733 3405
f 3405 3734 3406
f 3406 3735 3407
f 3407 3736 3408
f 3408 3736 3505
f 3375 3382 3442
f 3382 3470 3442
f 3442 3470 3443
f 3470 3471 3443
f 3443 3471 3444
f 3471 3472 3444
f 3444 3472 3448
f 3472 3473 3448
f 3448 3473 3449
f 3473 3474 3449
f 3449 3474 3450
f 3474 3475 3450
f 3273 3454 3594
f 3450 3475 3467
f 3475 3476 3467
f 3467 3476 3468
f 3476 3477 3468
f 3468 3477 3469
f 3454 3469 3597
f 3454 3597 3594
f 3477 3597 3469
f 3382 3391 3470
f 3391 3478 3470
f 3470 3478 3471
f 3471 3480 3472
f 3471 3478 3480
f 3472 3480 3481
f 3472 3481 3473
f 3473 3481 3493
f 3473 3493 3474
f 3474 3495 3475
f 3474 3493 3495
f 3475 3495 3496
f 3475 3496 3476
f 3476 3496 3509
f 3476 3509 3477
f 3477 3509 3598
f 3477 3598 3597
f 3391 3393 3478
f 3393 3479 3478
f 3393 3399 3479
f 3478 3479 3480
f 3479 3484 3482
f 3479 3482 3480
f 3480 3482 3481
f 3482 3487 3483
f 3481 3482 3483
f 3399 3484 3479
f 3399 3400 3484
f 3400 3485 3484
f 3484 3485 3487
f 3400 3402 3485
f 3402 3486 3485
f 3402 3413 3486
f 3485 3486 3488
f 3486 3502 3491
f 3482 3484 3487
f 3487 3488 3489
f 3485 3488 3487
f 3483 3487 3489
f 3488 3490 3489
f 3486 3491 3488
f 3488 3491 3490
f 3491 3504 3492
f 3490 3491 3492
f 3481 3483 3493
f 3483 3494 3493
f 3483 3489 3494
f 3493 3494 3495
f 3494 3499 3497
f 3494 3497 3495
f 3495 3497 3496
f 3497 3501 3498
f 3496 3497 3498
f 3489 3499 3494
f 3489 3490 3499
f 3490 3500 3499
f 3499 3500 3501
f 3490 3492 3500
f 3497 3499 3501
f 3500 3512 3501
f 3492 3510 3500
f 3413 3502 3486
f 3413 3416 3502
f 3416 3503 3502
f 3502 3503 3504
f 3416 3417 3503
f 3491 3502 3504
f 3503 3515 3504
f 3417 3506 3503
f 3417 3420 3507
f 3419 3505 3508
f 3420 3508 3507
f 3492 3504 3514
f 3503 3506 3515
f 3504 3515 3514
f 3417 3507 3506
f 3507 3508 3516
f 3505 3517 3508
f 3505 3737 3517
f 3496 3498 3509
f 3498 3511 3509
f 3498 3501 3513
f 3492 3514 3510
f 3500 3510 3512
f 3501 3512 3513
f 3498 3513 3511
f 3509 3511 3598
f 3510 3599 3512
f 3512 3600 3513
f 3510 3604 3599
f 3506 3518 3515
f 3514 3515 3519
f 3506 3507 3520
f 3507 3516 3520
f 3508 3517 3516
f 3506 3520 3518
f 3510 3514 3604
f 3514 3519 3604
f 3515 3518 3519
f 3516 3606 3520
f 3518 3520 3605
f 3516 3607 3606
f 3516 3517 3607
f 3517 3738 3607
f 2686 3521 3523
f 3521 3522 3523
f 3522 3526 3523
f 2686 3523 3524
f 3523 3528 3524
f 3524 3528 3529
f 3522 3525 3526
f 3525 3527 3533
f 3525 3533 3526
f 3523 3526 3528
f 3526 3536 3528
f 3526 3533 3536
f 3528 3536 3538
f 2689 3524 3529
f 2689 3529 3530
f 3529 3532 3530
f 2691 3530 3531
f 2691 3531 3550
f 3528 3538 3529
f 3529 3538 3532
f 3530 3532 3531
f 3531 3532 3540
f 3531 3540 3552
f 3527 3534 3535
f 3527 3535 3533
f 3534 3543 3535
f 3533 3537 3536
f 3533 3535 3537
f 3535 3546 3537
f 3536 3537 3539
f 3534 3542 3543
f 3535 3543 3546
f 3536 3539 3538
f 3532 3538 3541
f 3538 3539 3541
f 3532 3541 3540
f 3537 3547 3539
f 3539 3548 3541
f 3540 3541 3549
f 3540 3549 3565
f 3542 3544 3545
f 3542 3545 3543
f 3537 3546 3547
f 3543 3577 3546
f 3543 3545 3577
f 3546 3577 3585
f 3539 3547 3548
f 3546 3585 3547
f 3547 3585 3587
f 3547 3587 3548
f 3541 3548 3549
f 3548 3588 3549
f 2711 3550 3553
f 2711 3553 3551
f 3531 3552 3550
f 3550 3552 3553
f 3552 3564 3553
f 3551 3553 3554
f 3553 3564 3554
f 3555 3551 3558
f 3555 3558 3557
f 3555 3557 2715
f 2715 3557 3556
f 3556 3557 3559
f 3560 3556 3559
f 3551 3554 3558
f 3554 3566 3558
f 3557 3558 3567
f 3557 3567 3559
f 3560 3562 3561
f 3561 3562 3563
f 3561 3563 3815
f 3560 3559 3562
f 3559 3568 3562
f 3562 3571 3563
f 3563 3572 3816
f 3540 3565 3552
f 3552 3565 3564
f 3554 3564 3569
f 3564 3565 3570
f 3564 3570 3569
f 3558 3566 3567
f 3554 3569 3566
f 3559 3567 3568
f 3567 3566 3574
f 3567 3574 3568
f 3549 3648 3565
f 3565 3648 3570
f 3569 3570 3649
f 3562 3568 3571
f 3563 3571 3572
f 3566 3569 3573
f 3566 3573 3574
f 3569 3649 3573
f 3568 3655 3571
f 3568 3574 3655
f 3571 3655 3657
f 3571 3657 3572
f 3572 3657 3821
f 3544 3575 3576
f 3544 3576 3545
f 3575 3579 3580
f 3575 3580 3576
f 3545 3578 3577
f 3545 3576 3578
f 3577 3578 3586
f 3576 3583 3578
f 3579 3582 3580
f 3579 3581 3582
f 3576 3580 3583
f 3578 3583 3591
f 3580 3584 3583
f 3580 3582 3584
f 3583 3584 3623
f 3577 3586 3585
f 3585 3589 3587
f 3578 3591 3586
f 3585 3586 3589
f 3548 3587 3588
f 3549 3588 3648
f 3587 3590 3588
f 3587 3589 3590
f 3588 3590 3650
f 3586 3592 3589
f 3586 3591 3592
f 3583 3623 3591
f 3591 3625 3592
f 3591 3623 3625
f 3589 3593 3590
f 3589 3592 3593
f 3590 3593 3651
f 3592 3625 3626
f 3592 3626 3593
f 3581 3594 3595
f 3581 3595 3582
f 3594 3597 3602
f 3594 3602 3595
f 3582 3596 3584
f 3582 3595 3596
f 3584 3596 3624
f 3595 3615 3596
f 3595 3602 3615
f 3597 3598 3602
f 3596 3615 3630
f 3511 3601 3598
f 3511 3603 3601
f 3511 3513 3603
f 3513 3600 3603
f 3512 3599 3600
f 3598 3601 3602
f 3599 3612 3600
f 3600 3613 3603
f 3601 3603 3614
f 3599 3609 3612
f 3600 3612 3613
f 3519 3610 3604
f 3518 3608 3519
f 3599 3604 3609
f 3519 3608 3610
f 3520 3606 3605
f 3518 3605 3608
f 3606 3607 3611
f 3604 3610 3609
f 3608 3617 3610
f 3605 3606 3618
f 3605 3619 3608
f 3605 3618 3619
f 3606 3611 3618
f 3607 3831 3611
f 3601 3615 3602
f 3601 3614 3615
f 3603 3613 3614
f 3612 3616 3613
f 3613 3629 3614
f 3612 3621 3616
f 3614 3630 3615
f 3614 3629 3630
f 3613 3616 3629
f 3609 3610 3620
f 3609 3621 3612
f 3609 3620 3621
f 3610 3617 3620
f 3608 3619 3617
f 3618 3634 3619
f 3611 3622 3618
f 3617 3632 3620
f 3617 3619 3633
f 3618 3622 3634
f 3619 3634 3633
f 3611 3832 3622
f 3584 3624 3623
f 3623 3624 3627
f 3623 3627 3625
f 3596 3630 3624
f 3624 3639 3627
f 3593 3626 3662
f 3625 3628 3626
f 3625 3627 3628
f 3626 3628 3663
f 3627 3640 3628
f 3616 3631 3629
f 3624 3630 3639
f 3629 3639 3630
f 3616 3635 3631
f 3629 3631 3639
f 3616 3621 3635
f 3620 3636 3621
f 3620 3632 3636
f 3621 3636 3635
f 3617 3633 3632
f 3633 3634 3637
f 3622 3638 3634
f 3632 3641 3636
f 3635 3636 3642
f 3632 3633 3643
f 3633 3637 3643
f 3634 3638 3637
f 3632 3643 3641
f 3622 3833 3638
f 3627 3639 3640
f 3631 3640 3639
f 3631 3644 3640
f 3628 3640 3668
f 3631 3635 3644
f 3635 3642 3644
f 3636 3641 3642
f 3641 3643 3645
f 3637 3646 3643
f 3637 3647 3646
f 3637 3638 3647
f 3641 3667 3642
f 3640 3644 3668
f 3642 3669 3644
f 3642 3667 3669
f 3643 3646 3645
f 3641 3645 3667
f 3646 3647 3670
f 3638 3834 3647
f 3647 3835 3670
f 3570 3648 3652
f 3588 3650 3648
f 3648 3650 3652
f 3570 3652 3649
f 3590 3651 3650
f 3650 3651 3653
f 3650 3653 3652
f 3593 3662 3651
f 3651 3664 3653
f 3649 3652 3654
f 3652 3653 3654
f 3573 3649 3658
f 3573 3658 3656
f 3573 3656 3574
f 3574 3656 3655
f 3655 3656 3659
f 3657 3655 3659
f 3657 3661 3821
f 3657 3659 3661
f 3649 3654 3658
f 3654 3680 3658
f 3658 3680 3660
f 3656 3658 3660
f 3656 3660 3659
f 3659 3681 3661
f 3661 3682 3841
f 3626 3663 3662
f 3651 3662 3664
f 3662 3663 3666
f 3662 3666 3664
f 3653 3664 3665
f 3653 3665 3654
f 3664 3666 3674
f 3664 3674 3665
f 3628 3668 3663
f 3663 3675 3666
f 3663 3668 3675
f 3644 3669 3668
f 3667 3671 3669
f 3645 3646 3672
f 3645 3673 3667
f 3645 3672 3673
f 3646 3670 3672
f 3668 3669 3675
f 3669 3671 3675
f 3667 3673 3671
f 3670 3676 3672
f 3670 3843 3676
f 3666 3675 3677
f 3666 3677 3674
f 3671 3677 3675
f 3671 3673 3678
f 3672 3679 3673
f 3672 3676 3679
f 3673 3679 3678
f 3671 3678 3677
f 3678 3679 3684
f 3676 3685 3679
f 3676 3844 3685
f 3654 3665 3680
f 3665 3683 3680
f 3665 3674 3683
f 3659 3660 3681
f 3660 3680 3687
f 3660 3687 3681
f 3661 3681 3682
f 3680 3683 3687
f 3674 3686 3683
f 3674 3677 3686
f 3677 3678 3686
f 3678 3684 3686
f 3679 3685 3684
f 3683 3686 3688
f 3684 3688 3686
f 3684 3689 3688
f 3684 3685 3689
f 3685 3846 3689
f 3683 3688 3687
f 3681 3690 3682
f 3681 3687 3690
f 3688 3689 3690
f 3687 3688 3690
f 3689 3847 3690
f 3369 3722 3723
f 3379 3723 3724
f 3722 3741 3723
f 3723 3742 3724
f 3383 3724 3727
f 3384 3727 3728
f 3385 3728 3729
f 3386 3729 3730
f 3387 3730 3731
f 3403 3731 3732
f 3404 3732 3733
f 3405 3733 3734
f 3406 3734 3735
f 3407 3735 3736
f 3724 3743 3727
f 3727 3746 3728
f 3728 3747 3729
f 3729 3748 3730
f 3730 3749 3731
f 3731 3750 3732
f 3732 3751 3733
f 3733 3752 3734
f 3734 3753 3735
f 3735 3754 3736
f 3736 3754 3737
f 3505 3736 3737
f 3517 3737 3738
f 3607 3738 3831
f 3737 3755 3738
f 3738 3756 3831
f 3722 3740 3741
f 3723 3741 3742
f 3724 3742 3743
f 3740 3781 3741
f 3741 3782 3742
f 3742 3783 3743
f 3743 3784 3746
f 3727 3743 3746
f 3728 3746 3747
f 3729 3747 3748
f 3730 3748 3749
f 3731 3749 3750
f 3732 3750 3751
f 3733 3751 3752
f 3734 3752 3753
f 3735 3753 3754
f 3746 3787 3747
f 3747 3788 3748
f 3748 3789 3749
f 3749 3790 3750
f 3750 3791 3751
f 3751 3792 3752
f 3752 3793 3753
f 3753 3794 3754
f 3754 3794 3755
f 3737 3754 3755
f 3738 3755 3756
f 3756 3836 3831
f 3755 3795 3756
f 3756 3796 3836
f 3740 3780 3781
f 3741 3781 3782
f 3742 3782 3783
f 3743 3783 3784
f 3746 3784 3787
f 3780 3799 3781
f 3781 3800 3782
f 3782 3801 3783
f 3783 3802 3784
f 3784 3803 3787
f 3747 3787 3788
f 3748 3788 3789
f 3749 3789 3790
f 3750 3790 3791
f 3751 3791 3792
f 3752 3792 3793
f 3753 3793 3794
f 3787 3804 3788
f 3788 3807 3789
f 3789 3808 3790
f 3790 3809 3791
f 3791 3810 3792
f 3792 3811 3793
f 3793 3812 3794
f 3794 3812 3795
f 3755 3794 3795
f 3756 3795 3796
f 3796 3855 3836
f 3795 3813 3796
f 3796 3814 3855
f 3780 3798 3799
f 3781 3799 3800
f 3782 3800 3801
f 3783 3801 3802
f 3784 3802 3803
f 3787 3803 3804
f 3798 4766 3799
f 3799 4767 3800
f 3798 4765 4766
f 3800 4768 3801
f 3801 4769 3802
f 3802 4770 3803
f 3803 4771 3804
f 3804 4772 3807
f 3807 4773 3808
f 3788 3804 3807
f 3789 3807 3808
f 3790 3808 3809
f 3791 3809 3810
f 3792 3810 3811
f 3793 3811 3812
f 3808 4774 3809
f 3809 4775 3810
f 3810 4776 3811
f 3811 4778 3812
f 3812 4778 3813
f 3795 3812 3813
f 3796 3813 3814
f 3814 3860 3855
f 3813 4779 3814
f 3814 4780 3860
f 3815 3816 2950
f 3815 3563 3816
f 2950 3817 2953
f 2950 3816 3817
f 3816 3819 3817
f 3817 3820 3818
f 2953 3818 2954
f 2953 3817 3818
f 2954 3818 3825
f 3818 3823 3825
f 3572 3819 3816
f 3817 3819 3820
f 3572 3821 3819
f 3819 3821 3822
f 3819 3822 3820
f 3818 3820 3823
f 3820 3824 3823
f 3820 3822 3824
f 3823 3824 3828
f 2954 3825 2958
f 2958 3825 3826
f 3823 3827 3825
f 3825 3827 3826
f 2958 3826 2960
f 2960 3826 4859
f 3826 3827 3829
f 3826 3829 4859
f 3823 3828 3827
f 3827 3828 3830
f 3827 3830 3829
f 3829 3830 4863
f 3611 3831 3832
f 3622 3832 3833
f 3831 3836 3832
f 3832 3837 3833
f 3638 3833 3834
f 3647 3834 3835
f 3833 3838 3834
f 3834 3839 3835
f 3835 3840 3843
f 3832 3836 3837
f 3833 3837 3838
f 3836 3855 3837
f 3837 3856 3838
f 3834 3838 3839
f 3835 3839 3840
f 3838 3857 3839
f 3839 3858 3840
f 3840 3859 3849
f 3821 3841 3822
f 3661 3841 3821
f 3822 3841 3842
f 3841 3845 3842
f 3822 3842 3824
f 3824 3842 3865
f 3842 3851 3865
f 3670 3835 3843
f 3676 3843 3844
f 3685 3844 3846
f 3843 3849 3844
f 3844 3850 3846
f 3682 3845 3841
f 3689 3846 3847
f 3682 3848 3845
f 3682 3690 3848
f 3690 3847 3848
f 3846 3852 3847
f 3847 3853 3848
f 3840 3849 3843
f 3844 3849 3850
f 3846 3850 3852
f 3849 3867 3850
f 3850 3868 3852
f 3842 3845 3851
f 3845 3854 3851
f 3847 3852 3853
f 3845 3848 3854
f 3848 3853 3854
f 3852 3870 3853
f 3851 3854 3872
f 3853 3871 3854
f 3837 3855 3856
f 3838 3856 3857
f 3855 3860 3856
f 3856 3861 3857
f 3839 3857 3858
f 3840 3858 3859
f 3857 3862 3858
f 3858 3863 3859
f 3859 3864 3867
f 3856 3860 3861
f 3857 3861 3862
f 3860 4873 3861
f 3861 4874 3862
f 3858 3862 3863
f 3859 3863 3864
f 3862 4875 3863
f 3863 4876 3864
f 3864 4877 3873
f 3824 3865 3828
f 3828 3865 3866
f 3851 3869 3865
f 3865 3869 3866
f 3828 3866 3830
f 3830 3866 4883
f 3866 3869 3875
f 3866 3875 4883
f 3849 3859 3867
f 3850 3867 3868
f 3852 3868 3870
f 3867 3873 3868
f 3868 3874 3870
f 3851 3872 3869
f 3853 3870 3871
f 3854 3871 3872
f 3870 3876 3871
f 3869 3872 3878
f 3871 3877 3872
f 3864 3873 3867
f 3868 3873 3874
f 3870 3874 3876
f 3873 4887 3874
f 3874 4888 3876
f 3869 3878 3875
f 3875 3878 4891
f 3871 3876 3877
f 3872 3877 3878
f 3876 4889 3877
f 3877 4890 3878
f 2768 3882 3883
f 1612 3883 3882
f 1612 3885 3883
f 2768 3883 3884
f 2773 3884 3889
f 3883 3887 3884
f 3884 3887 3889
f 3883 3885 3887
f 1616 3886 3885
f 1616 3896 3886
f 3885 3886 3887
f 3889 3887 3888
f 3886 3888 3887
f 2773 3889 3890
f 2773 3890 2774
f 2774 3890 3891
f 3889 3893 3890
f 2849 3891 3892
f 3890 3894 3891
f 3891 3894 3892
f 3889 3888 3893
f 3890 3893 3894
f 3888 3904 3893
f 3893 3905 3894
f 3893 3904 3905
f 3892 3894 3895
f 3892 3895 3943
f 3894 3905 3895
f 3895 3992 3943
f 3886 3896 3898
f 1630 3897 3896
f 1630 3900 3897
f 3896 3897 3898
f 3886 3898 3888
f 3888 3898 3904
f 3897 3899 3898
f 3898 3899 3904
f 3900 3902 3897
f 3900 3901 3902
f 3900 1634 3901
f 1634 4035 3901
f 3897 3902 3899
f 3899 3902 3908
f 3902 3901 3903
f 3901 4037 3903
f 3902 3903 3908
f 3904 3906 3905
f 3899 3906 3904
f 3895 3905 3907
f 3895 3907 3992
f 3905 3906 3907
f 3992 3907 3910
f 3899 3908 3906
f 3908 3911 3906
f 3908 3903 3909
f 3908 3909 3911
f 3906 3911 3907
f 3907 3911 3910
f 3911 4071 3910
f 3909 4071 3911
f 3910 4071 3999
f 2849 3892 3939
f 2851 3939 3940
f 3892 3943 3939
f 3939 3943 3940
f 2851 3940 3941
f 2860 3941 3942
f 3940 3945 3941
f 3941 3945 3942
f 3940 3943 3944
f 3940 3944 3945
f 3992 3944 3943
f 3942 3945 3946
f 3942 3946 3952
f 3944 3994 3945
f 3945 3994 3946
f 2860 3942 3948
f 3942 3952 3948
f 3946 4007 3952
f 3992 3993 3944
f 3944 3993 3994
f 3992 3910 3993
f 3994 3993 3998
f 3946 3994 3996
f 3946 3996 4007
f 3994 3998 3996
f 4007 3996 4002
f 3910 3999 3993
f 3999 3998 3993
f 3999 4160 3998
f 3998 4160 4004
f 3996 3998 4004
f 3996 4004 4002
f 4004 4164 4002
f 4008 4010 4011
f 1663 4008 4011
f 1663 4011 4009
f 1665 4009 4013
f 4011 4010 4012
f 2940 4012 4010
f 4011 4014 4009
f 4009 4014 4013
f 4011 4012 4014
f 4012 4022 4014
f 4013 4014 4027
f 1665 4013 4015
f 1671 4015 4018
f 1671 4018 4016
f 1673 4016 4017
f 1673 4017 4606
f 4016 4020 4017
f 4013 4019 4015
f 4015 4019 4018
f 4013 4027 4019
f 4018 4019 4029
f 4018 4020 4016
f 4017 4020 4615
f 4018 4029 4020
f 2940 4021 4012
f 4012 4021 4022
f 2959 4024 4021
f 4021 4024 4022
f 4014 4022 4027
f 4024 4023 4022
f 4022 4023 4027
f 2959 4025 4024
f 4024 4025 4026
f 4024 4026 4023
f 4023 4026 4031
f 4025 4860 4026
f 4026 4866 4031
f 4019 4027 4028
f 4019 4028 4029
f 4023 4028 4027
f 4020 4029 4030
f 4020 4030 4615
f 4029 4028 4033
f 4029 4033 4030
f 4023 4031 4028
f 4028 4031 4033
f 4031 4032 4033
f 4031 4866 4032
f 4030 4033 4034
f 4030 4034 4630
f 4032 4034 4033
f 4032 4868 4034
f 4035 4037 3901
f 4035 4036 4037
f 4035 2117 4036
f 2117 4040 4036
f 4036 4041 4039
f 3903 4037 4038
f 4037 4036 4039
f 4037 4039 4038
f 4038 4039 4070
f 4040 4041 4036
f 4040 4042 4041
f 4040 2121 4042
f 4041 4042 4044
f 4039 4041 4043
f 4041 4044 4043
f 4039 4043 4070
f 4043 4044 4075
f 2121 4045 4042
f 2134 4046 4045
f 2135 4047 4046
f 2136 4048 4047
f 2137 4049 4048
f 2138 4050 4049
f 2139 4051 4050
f 2140 4052 4051
f 4042 4045 4057
f 4045 4046 4058
f 4046 4047 4059
f 4047 4048 4060
f 4048 4049 4061
f 4049 4050 4062
f 4050 4051 4063
f 2141 4053 4052
f 2142 4054 4053
f 2143 4055 4054
f 2144 4056 4055
f 2145 4582 4583
f 2145 4583 4056
f 4051 4052 4064
f 4052 4053 4065
f 4053 4054 4066
f 4054 4055 4067
f 4055 4056 4068
f 4042 4057 4044
f 4045 4058 4057
f 4046 4059 4058
f 4047 4060 4059
f 4048 4061 4060
f 4049 4062 4061
f 4050 4063 4062
f 4051 4064 4063
f 4044 4057 4078
f 4057 4058 4079
f 4058 4059 4080
f 4059 4060 4081
f 4044 4078 4075
f 4057 4079 4078
f 4058 4080 4079
f 4059 4081 4080
f 4060 4061 4082
f 4061 4062 4083
f 4062 4063 4084
f 4060 4082 4081
f 4061 4083 4082
f 4062 4084 4083
f 4063 4092 4084
f 4052 4065 4064
f 4053 4066 4065
f 4054 4067 4066
f 4055 4068 4067
f 4056 4583 4588
f 4056 4588 4068
f 4063 4064 4092
f 4064 4065 4093
f 4065 4066 4094
f 4066 4067 4095
f 4064 4093 4092
f 4065 4094 4093
f 4066 4095 4094
f 4067 4068 4096
f 4067 4096 4095
f 4068 4588 4595
f 3903 4038 3909
f 3909 4038 4069
f 3909 4069 4071
f 4038 4070 4069
f 4069 4070 4072
f 4069 4073 4071
f 3999 4071 4073
f 4069 4072 4073
f 4072 4171 4073
f 4043 4074 4070
f 4070 4074 4072
f 4043 4075 4074
f 4075 4076 4074
f 4072 4074 4077
f 4072 4077 4171
f 4074 4076 4077
f 4076 4102 4077
f 4077 4102 4174
f 4075 4078 4085
f 4078 4079 4086
f 4079 4080 4087
f 4080 4081 4088
f 4081 4082 4089
f 4082 4083 4090
f 4083 4084 4091
f 4075 4085 4076
f 4078 4086 4085
f 4079 4087 4086
f 4080 4088 4087
f 4081 4089 4088
f 4082 4090 4089
f 4083 4091 4090
f 4084 4097 4091
f 4084 4092 4097
f 4092 4093 4098
f 4093 4094 4099
f 4094 4095 4100
f 4068 4595 4096
f 4095 4096 4101
f 4092 4098 4097
f 4093 4099 4098
f 4094 4100 4099
f 4095 4101 4100
f 4096 4595 4600
f 4096 4600 4101
f 4076 4085 4103
f 4085 4086 4104
f 4086 4087 4105
f 4087 4088 4106
f 4088 4089 4107
f 4089 4090 4108
f 4090 4091 4109
f 4091 4097 4110
f 4097 4098 4111
f 4098 4099 4112
f 4099 4100 4113
f 4100 4101 4114
f 4076 4103 4102
f 4085 4104 4103
f 4086 4105 4104
f 4087 4106 4105
f 4088 4107 4106
f 4089 4108 4107
f 4090 4109 4108
f 4091 4110 4109
f 4097 4111 4110
f 4098 4112 4111
f 4099 4113 4112
f 4100 4114 4113
f 4101 4600 4634
f 4101 4634 4114
f 3999 4073 4160
f 4004 4160 4161
f 4073 4171 4160
f 4171 4161 4160
f 4004 4161 4164
f 4161 4178 4164
f 4171 4174 4161
f 4171 4077 4174
f 4161 4174 4178
f 4102 4271 4174
f 4178 4174 4271
f 4102 4103 4293
f 4103 4104 4294
f 4104 4105 4295
f 4105 4106 4299
f 4102 4293 4271
f 4103 4294 4293
f 4104 4295 4294
f 4105 4299 4295
f 4106 4107 4300
f 4107 4108 4301
f 4108 4109 4302
f 4106 4300 4299
f 4107 4301 4300
f 4108 4302 4301
f 4109 4318 4302
f 4109 4110 4318
f 4110 4111 4319
f 4111 4112 4320
f 4112 4113 4321
f 4110 4319 4318
f 4111 4320 4319
f 4112 4321 4320
f 4113 4114 4326
f 4113 4326 4321
f 4114 4634 4639
f 4114 4639 4326
f 4326 4639 4376
f 4376 4639 4640
f 4376 4640 4380
f 4380 4640 4652
f 4380 4652 4488
f 4488 4652 4654
f 4488 4654 4491
f 4491 4654 4659
f 4491 4659 4492
f 4492 4659 4661
f 4492 4661 4503
f 4503 4661 4662
f 4503 4662 4505
f 4582 4587 4583
f 4582 4584 4587
f 2197 4589 4584
f 2198 4586 4585
f 2197 4585 4589
f 2198 2199 4586
f 4585 4586 4590
f 4584 4596 4587
f 4583 4594 4588
f 4583 4587 4594
f 4585 4590 4589
f 4584 4589 4596
f 4589 4598 4596
f 4589 4590 4598
f 2199 2202 4593
f 2199 4593 4586
f 2202 4592 4593
f 2201 4591 4592
f 2216 4611 4591
f 4586 4593 4602
f 4586 4602 4590
f 4592 4604 4593
f 4591 4603 4592
f 4591 4611 4603
f 4592 4603 4604
f 4587 4597 4594
f 4588 4594 4599
f 4588 4599 4595
f 4587 4596 4597
f 4596 4601 4597
f 4594 4597 4622
f 4596 4598 4601
f 4595 4635 4600
f 4594 4622 4599
f 4595 4599 4635
f 4597 4601 4637
f 4590 4602 4605
f 4590 4605 4598
f 4593 4604 4602
f 4602 4624 4605
f 4602 4604 4624
f 4603 4611 4625
f 4598 4605 4623
f 4598 4623 4601
f 4603 4647 4604
f 4604 4647 4624
f 4603 4625 4647
f 2212 4606 4607
f 2212 4607 4612
f 4017 4614 4606
f 4606 4614 4607
f 2215 4610 2216
f 2215 4609 4610
f 2216 4610 4611
f 4608 4616 4609
f 4610 4618 4611
f 4610 4609 4617
f 4609 4616 4617
f 4608 2218 4613
f 2218 4612 4613
f 4607 4619 4612
f 4608 4613 4616
f 4612 4619 4613
f 4017 4615 4614
f 4607 4614 4620
f 4614 4615 4627
f 4614 4627 4620
f 4610 4617 4618
f 4611 4618 4625
f 4616 4626 4617
f 4618 4617 4677
f 4607 4620 4619
f 4613 4619 4621
f 4616 4613 4621
f 4619 4620 4628
f 4619 4628 4621
f 4616 4621 4626
f 4599 4638 4635
f 4597 4637 4622
f 4599 4622 4638
f 4605 4624 4646
f 4605 4646 4623
f 4618 4676 4625
f 4617 4626 4677
f 4615 4630 4627
f 4620 4627 4629
f 4030 4630 4615
f 4627 4630 4631
f 4627 4631 4629
f 4620 4629 4628
f 4621 4628 4680
f 4628 4632 4680
f 4628 4629 4632
f 4034 5392 4630
f 4630 5392 4631
f 4631 5392 5394
f 4629 4631 4633
f 4629 4633 4632
f 4631 5394 4633
f 4632 4633 5395
f 4600 4636 4634
f 4600 4635 4636
f 4635 4642 4636
f 4634 4636 4641
f 4622 4643 4638
f 4622 4637 4643
f 4635 4638 4642
f 4634 4641 4639
f 4639 4641 4640
f 4640 4653 4652
f 4636 4656 4641
f 4640 4641 4653
f 4638 4644 4642
f 4638 4643 4644
f 4636 4642 4656
f 4601 4645 4637
f 4601 4623 4645
f 4637 4645 4649
f 4637 4649 4643
f 4623 4650 4645
f 4623 4646 4650
f 4624 4647 4648
f 4624 4648 4646
f 4647 4625 4678
f 4647 4678 4648
f 4645 4669 4649
f 4645 4650 4669
f 4643 4649 4668
f 4643 4668 4644
f 4646 4651 4650
f 4646 4648 4651
f 4650 4651 4671
f 4648 4678 4681
f 4648 4681 4651
f 4641 4656 4653
f 4652 4655 4654
f 4652 4653 4655
f 4654 4660 4659
f 4653 4657 4655
f 4654 4655 4660
f 4655 4664 4660
f 4642 4644 4658
f 4642 4658 4656
f 4653 4656 4657
f 4656 4658 4657
f 4655 4657 4664
f 4657 4658 4665
f 4659 4663 4661
f 4659 4660 4663
f 4660 4666 4663
f 4661 5405 4662
f 4661 4663 5405
f 4663 5406 5405
f 4657 4665 4664
f 4660 4664 4666
f 4664 4665 4667
f 4664 4667 4666
f 4663 4666 5406
f 4666 5407 5406
f 4666 4667 5407
f 4649 4669 4670
f 4649 4670 4668
f 4644 4668 4672
f 4644 4672 4658
f 4650 4671 4669
f 4651 4681 4684
f 4669 4675 4670
f 4669 4671 4675
f 4651 4684 4671
f 4658 4672 4665
f 4665 4672 4673
f 4668 4674 4672
f 4668 4670 4674
f 4665 4673 4667
f 4667 4673 5423
f 4672 4674 4673
f 4673 4674 5424
f 4671 4684 5489
f 4671 5489 4675
f 4670 5425 4674
f 4670 4675 5425
f 4618 4677 4676
f 4625 4676 4678
f 4626 4679 4677
f 4676 4682 4678
f 4676 4677 4683
f 4677 4679 4683
f 4621 4680 4626
f 4626 4680 4679
f 4676 4683 4682
f 4678 4682 4681
f 4681 4682 4685
f 4679 4686 4683
f 4681 4685 4684
f 4684 5492 5489
f 4682 5490 4685
f 4684 4685 5492
f 4682 4683 5490
f 4683 4686 5490
f 4679 4680 4687
f 4632 4687 4680
f 4679 4687 4686
f 4632 5395 4687
f 4686 4687 5500
f 4758 4766 4765
f 4757 4758 4765
f 4758 4759 4766
f 4759 4760 4767
f 4757 4821 4822
f 4758 4822 4823
f 4757 4822 4758
f 4758 4823 4759
f 4759 4824 4760
f 4760 4825 4761
f 4761 4826 4781
f 4781 4827 4782
f 4759 4823 4824
f 4760 4824 4825
f 4761 4825 4826
f 4781 4826 4827
f 4782 4827 4828
f 4783 4828 4829
f 3799 4766 4767
f 3800 4767 4768
f 3801 4768 4769
f 3802 4769 4770
f 3803 4770 4771
f 3804 4771 4772
f 3807 4772 4773
f 3808 4773 4774
f 3809 4774 4775
f 4759 4767 4766
f 4760 4768 4767
f 4761 4769 4768
f 4769 4781 4770
f 4770 4782 4771
f 4771 4783 4772
f 4760 4761 4768
f 4761 4781 4769
f 4770 4781 4782
f 4771 4782 4783
f 4772 4784 4773
f 4773 4785 4774
f 4774 4786 4775
f 4775 4787 4776
f 4776 4788 4778
f 4778 4788 4779
f 3810 4775 4776
f 3811 4776 4778
f 4779 4789 4780
f 4780 4790 4873
f 3813 4778 4779
f 3814 4779 4780
f 3860 4780 4873
f 4772 4783 4784
f 4773 4784 4785
f 4774 4785 4786
f 4775 4786 4787
f 4776 4787 4788
f 4782 4828 4783
f 4783 4829 4784
f 4784 4830 4785
f 4785 4854 4786
f 4786 4855 4787
f 4787 4856 4788
f 4784 4829 4830
f 4785 4830 4854
f 4786 4854 4855
f 4787 4855 4856
f 4788 4856 4789
f 4779 4788 4789
f 4780 4789 4790
f 4790 4878 4873
f 4789 4856 4857
f 4789 4857 4790
f 4790 4857 4858
f 4858 4902 4878
f 4790 4858 4878
f 4821 4835 4822
f 4822 4841 4823
f 4823 4842 4824
f 4824 4843 4825
f 4825 4844 4826
f 4821 4834 4835
f 4822 4835 4841
f 4823 4841 4842
f 4824 4842 4843
f 4825 4843 4844
f 4826 4844 4845
f 4827 4845 4846
f 4826 4845 4827
f 4827 4846 4828
f 4828 4847 4829
f 4829 4848 4830
f 4830 4849 4854
f 4850 4855 4854
f 4828 4846 4847
f 4829 4847 4848
f 4830 4848 4849
f 4849 4850 4854
f 4850 4851 4855
f 4851 4852 4857
f 4852 4853 4858
f 4853 4897 4902
f 4834 5363 4835
f 4835 5364 4841
f 4841 5365 4842
f 4842 5366 4843
f 4843 5367 4844
f 4834 4839 5363
f 4835 5363 5364
f 4841 5364 5365
f 4842 5365 5366
f 4843 5366 5367
f 4844 5367 5368
f 4845 5368 5369
f 4846 5369 5370
f 4844 5368 4845
f 4845 5369 4846
f 4846 5370 4847
f 4847 5371 4848
f 4848 5372 4849
f 4849 5378 4850
f 4847 5370 5371
f 4848 5371 5372
f 4849 5372 5378
f 4850 5378 5379
f 4850 5379 4851
f 4851 5379 4852
f 4852 5379 5380
f 4852 5380 4853
f 4853 5380 5381
f 4897 5381 5518
f 4853 5381 4897
f 4851 4856 4855
f 4851 4857 4856
f 4852 4858 4857
f 4853 4902 4858
f 2960 4859 4025
f 4025 4859 4860
f 3829 4862 4859
f 4859 4862 4860
f 4026 4860 4866
f 4860 4861 4866
f 4860 4862 4861
f 3829 4863 4862
f 4862 4863 4864
f 3830 4883 4863
f 4863 4885 4864
f 4861 4862 4864
f 4861 4864 4869
f 4864 4885 4865
f 4864 4865 4869
f 4032 4866 4867
f 4861 4867 4866
f 4861 4869 4867
f 4867 4869 4871
f 4032 4867 4868
f 4034 4868 5392
f 4867 4871 4868
f 4868 4871 5393
f 4871 4869 4870
f 4865 4870 4869
f 4871 4870 4872
f 4871 4872 5393
f 4870 4911 4872
f 4872 4911 5398
f 4873 4878 4874
f 4874 4879 4875
f 3861 4873 4874
f 3862 4874 4875
f 4875 4880 4876
f 4876 4881 4877
f 4877 4882 4887
f 3863 4875 4876
f 3864 4876 4877
f 4874 4878 4879
f 4875 4879 4880
f 4879 4902 4903
f 4878 4902 4879
f 4880 4903 4904
f 4879 4903 4880
f 4876 4880 4881
f 4877 4881 4882
f 4881 4904 4905
f 4880 4904 4881
f 4881 4905 4882
f 4882 4905 4906
f 4882 4906 4892
f 4863 4883 4885
f 4883 4884 4885
f 3875 4884 4883
f 4865 4885 4886
f 4884 4886 4885
f 4884 4896 4886
f 4887 4892 4888
f 4888 4893 4889
f 3873 4877 4887
f 3874 4887 4888
f 3876 4888 4889
f 3875 4891 4884
f 4889 4894 4890
f 4884 4891 4896
f 4890 4895 4891
f 3877 4889 4890
f 3878 4890 4891
f 4882 4892 4887
f 4888 4892 4893
f 4889 4893 4894
f 4892 4906 4914
f 4893 4914 4915
f 4892 4914 4893
f 4894 4915 4916
f 4893 4915 4894
f 4890 4894 4895
f 4891 4895 4896
f 4895 4916 4917
f 4894 4916 4895
f 4896 4917 4918
f 4886 4896 4918
f 4895 4917 4896
f 4897 4898 4903
f 4898 4899 4904
f 4899 4900 4905
f 4900 4901 4906
f 4901 4908 4914
f 4898 5518 5519
f 4897 5518 4898
f 4899 5519 5520
f 4898 5519 4899
f 4899 5520 4900
f 4900 5520 5521
f 4900 5521 4901
f 4901 5521 5522
f 4908 5522 5529
f 4901 5522 4908
f 4897 4903 4902
f 4898 4904 4903
f 4899 4905 4904
f 4900 4906 4905
f 4901 4914 4906
f 4908 4909 4915
f 4909 4910 4916
f 4865 4886 4907
f 4865 4907 4870
f 4886 4918 4907
f 4910 4912 4917
f 4907 4918 4913
f 4912 4913 4918
f 4909 5529 5530
f 4908 5529 4909
f 4910 5530 5531
f 4909 5530 4910
f 4870 4907 4911
f 4907 4913 4911
f 4912 5531 5532
f 4910 5531 4912
f 4912 5532 4913
f 4911 4913 5533
f 4913 5532 5533
f 4908 4915 4914
f 4909 4916 4915
f 4910 4917 4916
f 4912 4918 4917
f 4839 4968 5363
f 4839 4967 4968
f 4968 4969 5363
f 4969 4970 5364
f 4970 4971 5365
f 4967 4977 4968
f 4968 4978 4969
f 4969 4982 4970
f 4970 4983 4971
f 4971 4984 4972
f 4972 4985 4973
f 4973 4986 5373
f 5373 4987 5374
f 4988 5375 5374
f 4989 5376 5375
f 4967 4976 4977
f 4968 4977 4978
f 4969 4978 4982
f 4970 4982 4983
f 4971 4983 4984
f 4972 4984 4985
f 4973 4985 4986
f 5373 4986 4987
f 4987 4988 5374
f 4988 4989 5375
f 4989 4990 5376
f 4990 4991 5377
f 4991 4992 5383
f 4992 4993 5384
f 4993 5386 5523
f 4505 4662 5404
f 4505 5404 5052
f 5052 5404 5409
f 5052 5409 5058
f 5058 5409 5413
f 5058 5413 5063
f 5063 5413 5415
f 5063 5415 5067
f 5067 5415 5435
f 4976 5228 5229
f 4977 5229 5230
f 4976 5229 4977
f 4977 5230 4978
f 4978 5231 4982
f 4982 5232 4983
f 4983 5236 4984
f 4984 5237 4985
f 4978 5230 5231
f 4982 5231 5232
f 4983 5232 5236
f 4984 5236 5237
f 4985 5237 5238
f 4986 5238 5239
f 4987 5239 5240
f 4985 5238 4986
f 4986 5239 4987
f 4987 5240 4988
f 4988 5241 4989
f 4989 5242 4990
f 4990 5243 4991
f 4988 5240 5241
f 4989 5241 5242
f 4990 5242 5243
f 5228 5244 5229
f 5229 5244 5245
f 5244 5246 5245
f 5246 5247 5245
f 5246 5248 5247
f 5247 5248 5249
f 5248 5259 5249
f 5249 5259 5260
f 5229 5245 5230
f 5230 5245 5250
f 5230 5250 5231
f 5231 5250 5251
f 5245 5247 5250
f 5250 5247 5252
f 5250 5252 5251
f 5252 5253 5251
f 5231 5251 5232
f 5232 5251 5254
f 5232 5254 5236
f 5236 5254 5292
f 5251 5253 5254
f 5254 5253 5255
f 5254 5255 5292
f 5255 5293 5292
f 5247 5249 5252
f 5252 5249 5256
f 5252 5256 5253
f 5256 5257 5253
f 5249 5260 5256
f 5256 5260 5267
f 5256 5267 5257
f 5257 5267 5268
f 5253 5257 5255
f 5255 5257 5258
f 5255 5258 5293
f 5293 5258 5294
f 5257 5268 5258
f 5258 5268 5271
f 5258 5271 5294
f 5294 5271 5295
f 5259 5261 5260
f 5261 5262 5260
f 5261 5263 5262
f 5262 5263 5264
f 5263 5265 5264
f 5265 5266 5264
f 5265 5323 5266
f 5260 5262 5267
f 5267 5262 5269
f 5267 5269 5268
f 5269 5270 5268
f 5262 5264 5269
f 5269 5264 5273
f 5269 5273 5270
f 5273 5274 5270
f 5268 5270 5271
f 5271 5270 5272
f 5271 5272 5295
f 5272 5296 5295
f 5270 5274 5272
f 5272 5274 5277
f 5272 5277 5296
f 5296 5277 5297
f 5264 5266 5273
f 5273 5266 5275
f 5273 5275 5274
f 5275 5276 5274
f 5266 5324 5275
f 5275 5331 5276
f 5274 5276 5277
f 5277 5276 5278
f 5277 5278 5297
f 5278 5298 5297
f 5276 5332 5278
f 5278 5335 5298
f 5236 5292 5237
f 5237 5292 5299
f 5292 5293 5299
f 5293 5300 5299
f 5293 5294 5300
f 5294 5305 5300
f 5294 5295 5305
f 5295 5314 5305
f 5295 5296 5314
f 5296 5315 5314
f 5296 5297 5315
f 5297 5319 5315
f 5297 5298 5319
f 5237 5299 5238
f 5238 5299 5301
f 5299 5300 5301
f 5300 5303 5301
f 5238 5301 5239
f 5239 5301 5302
f 5239 5302 5240
f 5240 5302 5308
f 5301 5303 5302
f 5302 5303 5304
f 5302 5304 5308
f 5304 5310 5308
f 5300 5305 5303
f 5305 5306 5303
f 5305 5314 5306
f 5314 5316 5306
f 5303 5306 5304
f 5304 5306 5307
f 5304 5307 5310
f 5310 5307 5313
f 5306 5316 5307
f 5307 5316 5317
f 5307 5317 5313
f 5240 5308 5241
f 5241 5308 5309
f 5241 5309 5242
f 5242 5309 5312
f 5308 5310 5309
f 5309 5310 5311
f 5309 5311 5312
f 5242 5312 5243
f 5310 5313 5311
f 5311 5322 5312
f 5243 5312 5320
f 5314 5315 5316
f 5315 5318 5316
f 5315 5319 5318
f 5316 5318 5317
f 5313 5317 5354
f 5319 5353 5318
f 5317 5318 5351
f 5317 5351 5354
f 5311 5313 5321
f 5311 5321 5322
f 5312 5322 5320
f 5313 5354 5321
f 5320 5322 5355
f 5266 5323 5324
f 5323 5325 5324
f 5325 5326 5324
f 5325 5327 5326
f 5326 5327 5328
f 5327 5329 5328
f 5329 5330 5328
f 5275 5324 5331
f 5324 5326 5331
f 5276 5331 5332
f 5331 5333 5332
f 5331 5326 5333
f 5326 5328 5333
f 5333 5334 5332
f 5333 5336 5334
f 5278 5332 5335
f 5332 5334 5335
f 5298 5335 5350
f 5333 5328 5336
f 5328 5330 5336
f 5336 5338 5334
f 5335 5334 5339
f 5335 5339 5350
f 5329 5337 5330
f 5330 5337 5435
f 5067 5435 5337
f 5336 5330 5436
f 5336 5436 5338
f 5334 5338 5339
f 5330 5435 5436
f 5350 5339 5440
f 5298 5352 5319
f 5298 5350 5352
f 5350 5441 5352
f 5319 5352 5353
f 5318 5353 5351
f 5351 5359 5354
f 5351 5353 5356
f 5321 5358 5322
f 5321 5354 5357
f 5322 5358 5355
f 5321 5357 5358
f 5352 5442 5353
f 5351 5356 5359
f 5352 5441 5442
f 5353 5442 5356
f 5354 5359 5357
f 5355 5358 5443
f 5357 5444 5358
f 5357 5359 5445
f 5358 5444 5443
f 4991 5243 4992
f 4992 5320 4993
f 4993 5355 5386
f 4992 5243 5320
f 4993 5320 5355
f 5355 5443 5386
f 4969 5364 5363
f 4970 5365 5364
f 4971 5366 5365
f 4972 5367 5366
f 4973 5368 5367
f 5373 5369 5368
f 5369 5374 5370
f 5370 5375 5371
f 5371 5376 5372
f 5372 5377 5378
f 5378 5382 5379
f 4971 4972 5366
f 4972 4973 5367
f 4973 5373 5368
f 5373 5374 5369
f 5370 5374 5375
f 5371 5375 5376
f 5372 5376 5377
f 5378 5377 5382
f 5379 5382 5380
f 5380 5383 5381
f 5381 5384 5518
f 5380 5382 5383
f 5381 5383 5384
f 5384 5523 5518
f 4990 5377 5376
f 4991 5382 5377
f 4991 5383 5382
f 4992 5384 5383
f 4993 5523 5384
f 5386 5387 5524
f 5387 5388 5525
f 5388 5389 5526
f 5389 5390 5527
f 5390 5391 5528
f 4868 5393 5392
f 5392 5393 5394
f 5393 5397 5394
f 4633 5394 5396
f 4633 5396 5395
f 5394 5397 5396
f 5395 5396 5516
f 4872 5397 5393
f 4872 5398 5397
f 5397 5398 5402
f 5398 5537 5402
f 5391 5399 5534
f 5399 5400 5535
f 5400 5401 5536
f 5396 5397 5402
f 5396 5402 5516
f 5402 5403 5516
f 5402 5537 5403
f 5401 5403 5537
f 4662 5408 5404
f 4662 5405 5408
f 5405 5411 5408
f 5405 5406 5411
f 5406 5412 5411
f 5406 5407 5412
f 5404 5410 5409
f 5404 5408 5410
f 5408 5417 5410
f 5408 5411 5417
f 5411 5419 5417
f 5411 5412 5419
f 5409 5414 5413
f 5409 5410 5414
f 5410 5418 5414
f 5413 5416 5415
f 5413 5414 5416
f 5414 5420 5416
f 5415 5416 5439
f 5410 5417 5418
f 5417 5421 5418
f 5417 5419 5421
f 5414 5418 5420
f 5418 5422 5420
f 5418 5421 5422
f 4667 5423 5407
f 5407 5423 5426
f 4673 5424 5423
f 5423 5424 5427
f 4674 5425 5424
f 4675 5491 5425
f 4675 5489 5491
f 5407 5426 5412
f 5412 5426 5429
f 5412 5429 5419
f 5423 5427 5426
f 5426 5427 5431
f 5424 5425 5428
f 5424 5428 5427
f 5427 5428 5432
f 5425 5491 5428
f 5419 5429 5430
f 5419 5430 5421
f 5426 5431 5429
f 5429 5433 5430
f 5429 5431 5433
f 5421 5430 5466
f 5421 5466 5422
f 5430 5478 5466
f 5430 5433 5478
f 5427 5432 5431
f 5431 5432 5434
f 5428 5491 5493
f 5428 5493 5432
f 5432 5493 5495
f 5431 5434 5433
f 5433 5479 5478
f 5433 5434 5479
f 5432 5495 5434
f 5434 5495 5501
f 5415 5439 5435
f 5338 5436 5438
f 5339 5338 5437
f 5339 5437 5440
f 5436 5435 5439
f 5436 5439 5438
f 5338 5438 5437
f 5416 5453 5439
f 5437 5455 5440
f 5437 5438 5452
f 5439 5453 5438
f 5437 5452 5455
f 5350 5440 5441
f 5440 5448 5441
f 5440 5455 5448
f 5356 5446 5359
f 5356 5442 5447
f 5441 5449 5442
f 5356 5447 5446
f 5442 5449 5447
f 5357 5445 5444
f 5359 5446 5445
f 5445 5451 5444
f 5443 5444 5450
f 5441 5448 5449
f 5446 5447 5460
f 5447 5449 5457
f 5445 5446 5459
f 5444 5451 5450
f 5445 5459 5451
f 5446 5460 5459
f 5416 5420 5453
f 5420 5454 5453
f 5438 5453 5452
f 5452 5456 5455
f 5452 5453 5454
f 5420 5422 5454
f 5452 5454 5456
f 5448 5455 5462
f 5455 5456 5462
f 5456 5470 5462
f 5448 5458 5449
f 5447 5457 5460
f 5449 5458 5457
f 5448 5462 5458
f 5460 5457 5465
f 5451 5459 5463
f 5450 5451 5461
f 5459 5460 5464
f 5459 5464 5463
f 5451 5463 5461
f 5462 5469 5458
f 5457 5458 5468
f 5457 5468 5465
f 5458 5469 5468
f 5460 5465 5464
f 5464 5473 5463
f 5461 5463 5471
f 5386 5443 5387
f 5387 5450 5388
f 5388 5461 5389
f 5387 5443 5450
f 5388 5450 5461
f 5422 5466 5467
f 5422 5467 5454
f 5456 5454 5467
f 5466 5478 5480
f 5466 5480 5467
f 5456 5467 5470
f 5467 5480 5470
f 5462 5470 5469
f 5465 5468 5476
f 5470 5475 5469
f 5468 5469 5474
f 5468 5474 5476
f 5464 5465 5472
f 5464 5472 5473
f 5463 5473 5471
f 5465 5476 5472
f 5471 5473 5477
f 5470 5480 5475
f 5469 5475 5474
f 5474 5484 5476
f 5472 5483 5473
f 5472 5476 5482
f 5473 5483 5477
f 5472 5482 5483
f 5478 5485 5480
f 5478 5479 5485
f 5434 5501 5479
f 5479 5501 5503
f 5479 5503 5485
f 5475 5480 5485
f 5474 5475 5481
f 5474 5481 5484
f 5475 5485 5481
f 5476 5484 5482
f 5477 5483 5486
f 5482 5487 5483
f 5482 5484 5488
f 5483 5487 5486
f 5481 5504 5484
f 5481 5485 5503
f 5481 5503 5504
f 5482 5488 5487
f 5484 5504 5488
f 5486 5487 5505
f 5389 5471 5390
f 5390 5477 5391
f 5391 5486 5399
f 5389 5461 5471
f 5390 5471 5477
f 5391 5477 5486
f 4685 5490 5497
f 4685 5497 5492
f 5489 5494 5491
f 5489 5492 5494
f 5490 5499 5497
f 4686 5499 5490
f 5491 5494 5493
f 5492 5498 5494
f 5493 5496 5495
f 5493 5494 5496
f 5494 5498 5496
f 5495 5496 5502
f 5492 5497 5498
f 5497 5510 5498
f 5497 5499 5510
f 4687 5395 5500
f 4686 5500 5499
f 5395 5516 5500
f 5499 5500 5517
f 5495 5502 5501
f 5496 5509 5502
f 5501 5502 5508
f 5501 5508 5503
f 5503 5508 5504
f 5488 5506 5487
f 5488 5504 5507
f 5487 5506 5505
f 5488 5507 5506
f 5504 5508 5507
f 5502 5513 5508
f 5506 5507 5512
f 5505 5506 5511
f 5507 5508 5513
f 5507 5513 5512
f 5506 5512 5511
f 5496 5498 5509
f 5498 5510 5509
f 5502 5509 5513
f 5509 5515 5513
f 5513 5515 5512
f 5511 5512 5514
f 5509 5510 5515
f 5512 5515 5514
f 5514 5515 5517
f 5399 5505 5400
f 5400 5511 5401
f 5399 5486 5505
f 5400 5505 5511
f 5401 5511 5514
f 5403 5517 5516
f 5500 5516 5517
f 5499 5517 5510
f 5510 5517 5515
f 5401 5514 5403
f 5403 5514 5517
f 5518 5523 5519
f 5519 5524 5520
f 5520 5525 5521
f 5519 5523 5524
f 5520 5524 5525
f 5521 5526 5522
f 5522 5527 5529
f 5521 5525 5526
f 5522 5526 5527
f 5527 5528 5529
f 5386 5524 5523
f 5387 5525 5524
f 5388 5526 5525
f 5389 5527 5526
f 5390 5528 5527
f 5528 5530 5529
f 5530 5534 5531
f 5531 5535 5532
f 5528 5534 5530
f 5531 5534 5535
f 5532 5536 5533
f 4911 5533 5398
f 5532 5535 5536
f 5533 5536 5537
f 5398 5533 5537
f 5391 5534 5528
f 5399 5535 5534
f 5400 5536 5535
f 5401 5537 5536
f 1 5 6
f 1 6 8
f 1 8 4
f 5 270 6
f 1 4 453
f 1 453 454
f 1 454 5
f 8 12 4
f 5 455 270
f 270 455 271
f 271 455 280
f 6 9 8
f 6 270 9
f 9 270 272
f 270 271 272
f 271 280 300
f 5 454 455
f 826 453 456
f 454 453 826
f 454 1862 455
f 454 826 1862
f 280 455 1862
f 7 8 9
f 7 12 8
f 7 9 10
f 9 272 10
f 7 10 11
f 10 274 210
f 7 11 12
f 10 153 11
f 10 210 153
f 210 155 153
f 271 333 273
f 271 274 272
f 10 272 274
f 271 273 274
f 271 300 333
f 210 274 445
f 2297 2961 2298
f 2297 2963 2961
f 2297 2298 2834
f 2297 2834 2833
f 2297 2969 2963
f 2297 2982 2969
f 2297 3156 2982
f 2982 3156 2986
f 2986 3156 2990
f 2990 3156 2992
f 2992 3156 3135
f 3135 3156 3139
f 3139 3156 3141
f 3141 3156 3157
f 334 344 336
f 334 341 344
f 341 342 346
f 342 403 408
f 341 346 344
f 342 408 346
f 403 404 409
f 404 405 411
f 403 409 408
f 404 411 409
f 405 416 419
f 416 417 421
f 405 419 411
f 416 421 419
f 417 437 421
f 417 434 437
f 434 435 439
f 435 443 448
f 434 439 437
f 435 448 439
f 443 444 450
f 444 446 451
f 443 450 448
f 444 451 450
f 2221 3706 3225
f 2222 3225 2223
f 2221 3225 2222
f 2223 3225 2224
f 2224 3225 3880
f 3225 4748 3880
f 2225 2240 2232
f 2234 2232 2242
f 2225 2228 2240
f 2228 2230 2241
f 2228 2241 2240
f 2230 2567 2586
f 2230 2586 2241
f 2242 2232 2240
f 2243 2240 2241
f 2242 2240 2243
f 2589 2241 2586
f 2243 2241 2589
f 2234 2254 2246
f 2246 2256 2248
f 2234 2242 2254
f 2242 2243 2255
f 2242 2255 2254
f 2243 2589 2601
f 2243 2601 2255
f 2246 2254 2256
f 2254 2255 2257
f 2254 2257 2256
f 2255 2601 2604
f 2255 2604 2257
f 2567 2568 2587
f 2567 2587 2586
f 2568 2570 2588
f 2568 2588 2587
f 2590 2586 2587
f 2589 2586 2590
f 2591 2587 2588
f 2590 2587 2591
f 2570 2572 2594
f 2570 2594 2588
f 2572 2575 2595
f 2572 2595 2594
f 2575 2629 2595
f 2596 2588 2594
f 2591 2588 2596
f 2597 2594 2595
f 2596 2594 2597
f 2597 2595 2631
f 2589 2590 2602
f 2589 2602 2601
f 2590 2591 2603
f 2590 2603 2602
f 2601 2605 2604
f 2601 2602 2605
f 2602 2606 2605
f 2602 2603 2606
f 2591 2596 2607
f 2591 2607 2603
f 2596 2597 2608
f 2596 2608 2607
f 2597 2644 2608
f 2603 2607 2609
f 2603 2609 2606
f 2607 2608 2610
f 2607 2610 2609
f 2608 2646 2610
f 2575 2577 2629
f 2577 2630 2629
f 2577 2579 2630
f 2579 2581 2635
f 2579 2635 2630
f 2631 2595 2629
f 2631 2629 2632
f 2632 2629 2630
f 2638 2630 2635
f 2632 2630 2638
f 2581 2583 2636
f 2581 2636 2635
f 2583 2584 2637
f 2583 2637 2636
f 2639 2635 2636
f 2638 2635 2639
f 2640 2636 2637
f 2639 2636 2640
f 2597 2631 2644
f 2631 2645 2644
f 2631 2632 2645
f 2632 2638 2648
f 2632 2648 2645
f 2608 2644 2646
f 2644 2647 2646
f 2644 2645 2647
f 2645 2648 2651
f 2645 2651 2647
f 2638 2639 2649
f 2638 2649 2648
f 2639 2640 2650
f 2639 2650 2649
f 2648 2649 2652
f 2648 2652 2651
f 2649 2653 2652
f 2649 2650 2653
f 2248 2727 2719
f 2719 2729 2721
f 2248 2256 2727
f 2256 2257 2728
f 2256 2728 2727
f 2257 2604 2862
f 2257 2862 2728
f 2719 2727 2729
f 2727 2728 2730
f 2727 2730 2729
f 2728 2862 2865
f 2728 2865 2730
f 2721 2740 2731
f 2731 2742 2733
f 2721 2729 2740
f 2729 2730 2741
f 2729 2741 2740
f 2730 2865 2872
f 2730 2872 2741
f 2731 2740 2742
f 2740 2741 2743
f 2740 2743 2742
f 2741 2872 2875
f 2741 2875 2743
f 2733 2762 2755
f 2755 2764 2757
f 2733 2742 2762
f 2742 2743 2763
f 2742 2763 2762
f 2743 2875 2912
f 2743 2912 2763
f 2755 2762 2764
f 2762 2763 2765
f 2762 2765 2764
f 2763 2912 2915
f 2763 2915 2765
f 2757 341 334
f 2757 2764 341
f 2764 2765 342
f 2764 342 341
f 2765 2915 403
f 2765 403 342
f 2604 2863 2862
f 2604 2605 2863
f 2605 2864 2863
f 2605 2606 2864
f 2862 2866 2865
f 2862 2863 2866
f 2863 2867 2866
f 2863 2864 2867
f 2606 2609 2868
f 2606 2868 2864
f 2609 2610 2869
f 2609 2869 2868
f 2610 2882 2869
f 2864 2868 2870
f 2864 2870 2867
f 2868 2869 2871
f 2868 2871 2870
f 2869 2884 2871
f 2865 2873 2872
f 2865 2866 2873
f 2866 2874 2873
f 2866 2867 2874
f 2872 2876 2875
f 2872 2873 2876
f 2873 2877 2876
f 2873 2874 2877
f 2867 2870 2878
f 2867 2878 2874
f 2870 2871 2879
f 2870 2879 2878
f 2871 2895 2879
f 2874 2878 2880
f 2874 2880 2877
f 2878 2879 2881
f 2878 2881 2880
f 2879 2897 2881
f 2610 2646 2882
f 2646 2883 2882
f 2646 2647 2883
f 2647 2651 2886
f 2647 2886 2883
f 2869 2882 2884
f 2882 2885 2884
f 2882 2883 2885
f 2883 2886 2889
f 2883 2889 2885
f 2651 2652 2887
f 2651 2887 2886
f 2652 2888 2887
f 2652 2653 2888
f 2886 2887 2890
f 2886 2890 2889
f 2887 2891 2890
f 2887 2888 2891
f 2871 2884 2895
f 2884 2896 2895
f 2884 2885 2896
f 2885 2889 2899
f 2885 2899 2896
f 2879 2895 2897
f 2895 2898 2897
f 2895 2896 2898
f 2896 2899 2902
f 2896 2902 2898
f 2889 2890 2900
f 2889 2900 2899
f 2890 2901 2900
f 2890 2891 2901
f 2899 2900 2903
f 2899 2903 2902
f 2900 2904 2903
f 2900 2901 2904
f 2875 2913 2912
f 2875 2876 2913
f 2876 2914 2913
f 2876 2877 2914
f 2912 2916 2915
f 2912 2913 2916
f 2913 2917 2916
f 2913 2914 2917
f 2877 2880 2918
f 2877 2918 2914
f 2880 2881 2919
f 2880 2919 2918
f 2881 2922 2919
f 2914 2918 2920
f 2914 2920 2917
f 2918 2919 2921
f 2918 2921 2920
f 2919 2924 2921
f 2915 404 403
f 2915 2916 404
f 2916 405 404
f 2916 2917 405
f 2917 2920 416
f 2917 416 405
f 2920 2921 417
f 2920 417 416
f 2921 434 417
f 2881 2897 2922
f 2897 2923 2922
f 2897 2898 2923
f 2898 2902 2926
f 2898 2926 2923
f 2919 2922 2924
f 2922 2925 2924
f 2922 2923 2925
f 2923 2926 2929
f 2923 2929 2925
f 2902 2903 2927
f 2902 2927 2926
f 2903 2928 2927
f 2903 2904 2928
f 2926 2927 2930
f 2926 2930 2929
f 2927 2931 2930
f 2927 2928 2931
f 2921 2924 434
f 2924 435 434
f 2924 2925 435
f 2925 2929 443
f 2925 443 435
f 2929 2930 444
f 2929 444 443
f 2930 446 444
f 2930 2931 446
f 3157 3183 3179
f 3179 3183 3185
f 3183 3196 3185
f 3157 3225 3183
f 3183 3225 3196
f 3196 3225 3226
f 3225 3231 3226
f 3225 3693 3231
f 3225 3706 3693
f 3157 4748 3225
f 3912 3913 3914
f 273 445 274
f 273 333 445
f 15 16 14
f 16 17 14
f 15 14 20
f 17 18 14
f 15 43 16
f 15 42 43
f 16 44 17
f 16 43 44
f 18 19 14
f 19 24 14
f 24 25 14
f 25 26 14
f 17 48 18
f 17 44 48
f 18 49 19
f 18 48 49
f 19 49 65
f 23 20 21
f 23 21 22
f 15 20 23
f 15 23 52
f 26 27 14
f 27 28 14
f 28 29 14
f 19 65 24
f 24 65 66
f 24 66 25
f 25 66 69
f 29 32 14
f 32 33 14
f 33 30 14
f 25 69 26
f 26 70 27
f 26 69 70
f 27 111 28
f 27 70 111
f 28 112 29
f 28 111 112
f 29 115 32
f 29 112 115
f 33 31 30
f 33 36 31
f 32 116 33
f 32 115 116
f 33 116 36
f 36 34 31
f 36 35 34
f 36 38 35
f 38 37 35
f 116 127 36
f 36 127 38
f 38 127 41
f 38 39 37
f 38 40 39
f 38 173 40
f 38 41 173
f 41 177 173
f 42 46 43
f 43 47 44
f 42 45 46
f 45 55 46
f 43 46 47
f 46 56 47
f 44 50 48
f 48 51 49
f 44 47 50
f 47 60 50
f 48 50 51
f 49 51 67
f 50 61 51
f 15 52 42
f 42 53 45
f 42 52 53
f 45 54 55
f 46 55 56
f 54 58 55
f 54 57 58
f 55 59 56
f 55 58 59
f 47 56 60
f 50 60 61
f 51 61 73
f 56 62 60
f 56 59 62
f 60 63 61
f 60 62 63
f 61 63 75
f 45 64 54
f 45 53 64
f 54 64 86
f 54 86 57
f 49 67 65
f 65 68 66
f 65 67 68
f 51 73 67
f 66 68 71
f 67 74 68
f 66 71 69
f 69 72 70
f 70 113 111
f 69 71 72
f 68 77 71
f 71 78 72
f 70 72 113
f 72 119 113
f 67 73 74
f 68 74 77
f 61 75 73
f 73 75 76
f 73 76 74
f 74 76 79
f 71 77 78
f 72 78 119
f 74 79 77
f 77 80 78
f 77 79 80
f 78 121 119
f 78 80 121
f 57 82 58
f 57 81 82
f 58 83 59
f 58 82 83
f 81 89 82
f 82 90 83
f 59 84 62
f 59 83 84
f 62 85 63
f 62 84 85
f 63 85 99
f 83 94 84
f 84 95 85
f 57 87 81
f 57 86 87
f 81 87 98
f 81 88 89
f 88 92 89
f 82 89 90
f 89 93 90
f 88 91 92
f 89 92 93
f 83 90 94
f 90 96 94
f 84 94 95
f 85 95 103
f 94 97 95
f 90 93 96
f 94 96 97
f 95 97 105
f 81 98 88
f 88 657 91
f 88 98 657
f 63 99 75
f 75 99 100
f 75 100 76
f 76 100 101
f 85 103 99
f 99 104 100
f 76 101 79
f 79 102 80
f 79 101 102
f 80 134 121
f 80 102 134
f 100 107 101
f 101 108 102
f 102 138 134
f 99 103 104
f 95 105 103
f 100 104 107
f 103 106 104
f 103 105 106
f 104 106 109
f 101 107 108
f 104 109 107
f 107 110 108
f 102 108 138
f 108 140 138
f 107 109 110
f 108 110 140
f 111 114 112
f 112 117 115
f 111 113 114
f 113 120 114
f 112 114 117
f 114 123 117
f 115 118 116
f 116 118 127
f 115 117 118
f 117 124 118
f 118 124 128
f 113 119 120
f 114 120 123
f 119 122 120
f 119 121 122
f 120 125 123
f 120 122 125
f 117 123 124
f 123 126 124
f 123 125 126
f 124 126 130
f 127 118 128
f 127 128 41
f 41 128 129
f 128 130 129
f 41 129 177
f 129 230 177
f 129 132 230
f 132 234 230
f 124 130 128
f 130 132 129
f 130 131 132
f 126 131 130
f 132 131 133
f 132 133 234
f 133 236 234
f 133 147 236
f 121 135 122
f 121 134 135
f 122 136 125
f 122 135 136
f 134 139 135
f 135 142 136
f 125 137 126
f 125 136 137
f 126 137 131
f 136 143 137
f 137 143 146
f 134 138 139
f 138 141 139
f 135 139 142
f 139 144 142
f 138 140 141
f 139 141 144
f 136 142 143
f 142 145 143
f 143 145 148
f 142 144 145
f 131 137 146
f 131 146 133
f 133 146 147
f 143 148 146
f 147 146 148
f 147 148 150
f 147 243 236
f 147 150 243
f 150 245 243
f 148 149 150
f 150 149 151
f 145 149 148
f 149 306 151
f 150 151 245
f 151 347 245
f 156 155 157
f 159 158 160
f 159 160 161
f 161 160 162
f 161 162 163
f 163 162 167
f 159 161 196
f 161 163 197
f 163 168 198
f 168 167 166
f 163 167 168
f 168 166 169
f 168 171 198
f 168 169 171
f 171 169 170
f 171 170 172
f 171 172 183
f 171 183 204
f 177 174 173
f 177 175 174
f 178 176 175
f 177 178 175
f 178 179 176
f 181 180 179
f 178 181 179
f 178 231 181
f 183 172 182
f 183 182 184
f 183 186 217
f 183 184 186
f 186 184 185
f 186 185 187
f 181 188 180
f 190 189 188
f 190 191 189
f 181 190 188
f 181 232 190
f 194 191 190
f 194 193 191
f 186 187 193
f 186 193 194
f 186 194 218
f 194 190 239
f 194 239 241
f 194 241 221
f 161 197 196
f 163 198 197
f 209 157 158
f 156 157 209
f 159 209 158
f 196 197 200
f 197 198 201
f 156 209 195
f 159 196 209
f 197 201 200
f 195 209 199
f 196 200 209
f 200 201 207
f 171 204 198
f 198 204 201
f 204 217 205
f 204 205 201
f 201 205 207
f 205 214 207
f 205 217 219
f 205 219 214
f 219 223 214
f 199 209 206
f 200 207 209
f 206 209 208
f 207 214 209
f 208 209 210
f 209 215 210
f 214 215 209
f 214 223 215
f 215 223 224
f 210 215 216
f 215 224 216
f 183 217 204
f 217 218 219
f 186 218 217
f 218 221 220
f 219 220 223
f 219 218 220
f 223 220 226
f 194 221 218
f 221 222 220
f 220 222 226
f 222 255 226
f 223 226 224
f 216 224 227
f 226 228 224
f 226 255 228
f 224 228 227
f 227 228 256
f 177 230 178
f 178 230 231
f 230 234 231
f 231 234 235
f 231 232 181
f 231 235 232
f 232 235 233
f 234 236 235
f 235 236 237
f 236 243 237
f 235 237 233
f 233 237 238
f 237 244 238
f 232 239 190
f 232 233 239
f 239 233 240
f 239 240 241
f 241 240 242
f 241 242 252
f 233 238 240
f 238 248 240
f 240 248 242
f 237 243 244
f 243 245 244
f 244 245 247
f 244 246 238
f 244 247 246
f 245 347 247
f 246 247 349
f 238 246 248
f 248 246 250
f 242 248 249
f 242 249 253
f 248 250 249
f 246 349 250
f 250 251 249
f 249 251 263
f 241 252 221
f 221 252 222
f 222 252 254
f 222 254 255
f 242 253 252
f 252 253 254
f 254 258 255
f 254 253 262
f 254 262 258
f 228 255 259
f 228 259 256
f 255 258 259
f 259 258 265
f 256 259 260
f 259 265 260
f 249 263 253
f 253 263 262
f 258 262 267
f 251 366 263
f 263 366 264
f 263 264 262
f 262 264 267
f 264 369 267
f 258 267 265
f 260 265 266
f 265 267 268
f 267 369 268
f 265 268 266
f 266 268 370
f 91 276 92
f 91 275 276
f 92 277 93
f 92 276 277
f 275 282 276
f 275 281 282
f 276 283 277
f 276 282 283
f 93 278 96
f 93 277 278
f 96 279 97
f 96 278 279
f 97 279 286
f 277 284 278
f 277 283 284
f 278 285 279
f 278 284 285
f 279 285 290
f 91 1443 275
f 91 657 1443
f 275 1446 281
f 275 1443 1446
f 97 286 105
f 105 286 287
f 105 287 106
f 106 287 288
f 279 290 286
f 286 290 291
f 286 291 287
f 287 291 292
f 106 288 109
f 109 289 110
f 109 288 289
f 110 294 140
f 110 289 294
f 287 292 288
f 288 293 289
f 288 292 293
f 289 298 294
f 289 293 298
f 140 295 141
f 140 294 295
f 141 296 144
f 141 295 296
f 294 299 295
f 294 298 299
f 295 301 296
f 295 299 301
f 144 297 145
f 144 296 297
f 145 297 149
f 296 302 297
f 296 301 302
f 306 297 302
f 302 303 308
f 149 297 306
f 306 307 151
f 306 308 307
f 151 307 347
f 347 307 350
f 306 302 308
f 303 314 308
f 307 308 315
f 307 315 350
f 303 309 314
f 309 311 316
f 311 312 318
f 312 313 319
f 309 316 314
f 308 314 315
f 314 317 315
f 315 356 350
f 311 318 316
f 314 316 317
f 316 320 317
f 315 317 356
f 317 358 356
f 316 318 320
f 312 319 318
f 318 321 320
f 318 319 321
f 317 320 358
f 320 360 358
f 320 321 360
f 313 322 325
f 322 323 327
f 323 324 328
f 313 325 319
f 319 326 321
f 319 325 326
f 322 327 325
f 325 329 326
f 325 327 329
f 321 383 360
f 321 326 383
f 326 386 383
f 326 329 386
f 323 328 327
f 327 328 330
f 327 330 329
f 324 337 328
f 328 339 330
f 329 330 388
f 329 388 386
f 330 397 388
f 324 331 337
f 331 332 338
f 332 335 343
f 335 336 344
f 331 338 337
f 328 337 339
f 337 340 339
f 337 338 340
f 330 339 397
f 339 399 397
f 339 340 399
f 332 343 338
f 338 343 345
f 338 345 340
f 335 344 343
f 343 346 345
f 343 344 346
f 340 345 406
f 340 406 399
f 345 408 406
f 345 346 408
f 247 347 348
f 347 350 348
f 247 348 349
f 349 348 351
f 348 350 355
f 348 355 351
f 349 352 250
f 349 351 352
f 250 352 251
f 251 352 354
f 251 354 366
f 351 353 352
f 352 353 354
f 354 353 363
f 354 363 367
f 350 356 355
f 351 355 357
f 355 356 359
f 355 359 357
f 356 358 359
f 358 360 361
f 358 361 359
f 359 362 357
f 359 361 362
f 351 357 353
f 353 357 364
f 353 364 363
f 357 362 364
f 362 392 364
f 364 365 363
f 363 365 377
f 364 392 365
f 264 368 369
f 264 366 368
f 354 367 366
f 366 367 368
f 369 368 373
f 368 367 376
f 368 376 373
f 369 371 268
f 268 371 370
f 370 371 374
f 369 373 371
f 371 373 379
f 371 379 374
f 367 377 376
f 376 380 373
f 363 377 367
f 365 422 377
f 377 422 378
f 376 377 378
f 376 378 380
f 378 425 380
f 373 380 379
f 374 379 381
f 379 380 382
f 379 382 381
f 380 425 382
f 381 382 426
f 360 383 384
f 360 384 361
f 383 386 387
f 383 387 384
f 361 384 385
f 361 385 362
f 384 387 390
f 384 390 385
f 386 388 389
f 386 389 387
f 388 398 389
f 387 389 391
f 387 391 390
f 389 401 391
f 362 385 392
f 385 393 392
f 385 390 393
f 365 392 395
f 365 395 422
f 392 393 395
f 390 391 394
f 390 394 393
f 391 412 394
f 393 394 396
f 393 396 395
f 395 396 424
f 394 414 396
f 388 397 398
f 397 400 398
f 397 399 400
f 389 398 401
f 398 402 401
f 398 400 402
f 399 406 407
f 399 407 400
f 406 408 409
f 406 409 407
f 400 407 410
f 400 410 402
f 407 409 411
f 407 411 410
f 391 401 412
f 401 413 412
f 401 402 413
f 394 412 414
f 412 415 414
f 396 414 430
f 412 413 415
f 414 415 431
f 402 410 418
f 402 418 413
f 410 419 418
f 410 411 419
f 413 418 420
f 413 420 415
f 415 420 436
f 418 421 420
f 418 419 421
f 420 421 437
f 378 422 423
f 378 423 425
f 425 423 428
f 395 424 422
f 422 424 423
f 396 430 424
f 423 424 432
f 423 432 428
f 425 427 382
f 425 428 427
f 382 427 426
f 426 427 429
f 427 428 441
f 427 441 429
f 414 431 430
f 424 430 432
f 430 431 433
f 430 433 432
f 432 440 428
f 432 433 440
f 415 436 431
f 431 436 438
f 420 437 436
f 436 437 439
f 431 438 433
f 433 438 447
f 433 447 440
f 436 439 438
f 438 448 447
f 438 439 448
f 428 440 441
f 441 440 449
f 429 441 442
f 441 449 442
f 440 447 449
f 447 450 449
f 447 448 450
f 442 449 451
f 449 450 451
f 460 22 457
f 460 457 458
f 460 458 459
f 23 22 645
f 460 645 22
f 460 459 461
f 480 461 463
f 460 649 645
f 460 461 480
f 460 480 649
f 481 466 465
f 480 463 475
f 480 475 479
f 482 477 466
f 482 478 477
f 651 479 478
f 480 479 651
f 481 482 466
f 481 557 482
f 482 651 478
f 481 556 557
f 482 557 667
f 556 669 557
f 556 560 669
f 23 646 52
f 23 645 646
f 52 647 53
f 52 646 647
f 645 649 650
f 645 650 646
f 53 648 64
f 53 647 648
f 64 648 656
f 646 653 647
f 646 650 653
f 647 660 648
f 647 653 660
f 480 652 649
f 649 654 650
f 480 651 652
f 482 667 651
f 649 652 654
f 651 668 652
f 650 655 653
f 653 662 660
f 650 654 655
f 652 671 654
f 653 655 662
f 654 684 655
f 64 656 86
f 86 658 87
f 86 656 658
f 648 660 661
f 648 661 656
f 656 664 658
f 656 661 664
f 87 659 98
f 87 658 659
f 98 1444 657
f 98 659 1444
f 658 665 659
f 658 664 665
f 660 663 661
f 660 662 663
f 655 685 662
f 661 663 666
f 662 687 663
f 661 666 664
f 659 665 1464
f 664 1466 665
f 664 666 1466
f 651 667 668
f 557 670 667
f 557 669 670
f 667 672 668
f 667 670 672
f 652 668 671
f 654 671 684
f 668 673 671
f 668 672 673
f 671 686 684
f 671 673 686
f 560 675 669
f 560 674 675
f 669 676 670
f 669 675 676
f 674 829 675
f 674 827 829
f 675 832 676
f 675 829 832
f 670 677 672
f 670 676 677
f 672 690 673
f 672 677 690
f 676 833 677
f 676 832 833
f 677 858 690
f 677 833 858
f 655 684 685
f 662 685 687
f 684 689 685
f 684 686 689
f 685 689 692
f 663 687 688
f 663 688 666
f 666 1520 1466
f 666 688 1520
f 685 692 687
f 687 692 693
f 687 693 688
f 688 693 1531
f 673 691 686
f 673 690 691
f 686 694 689
f 686 691 694
f 690 859 691
f 691 862 694
f 689 695 692
f 689 694 695
f 692 1533 693
f 692 695 1533
f 694 863 695
f 695 1674 1533
f 827 834 829
f 827 831 834
f 829 835 832
f 832 860 833
f 829 834 835
f 831 846 834
f 832 835 860
f 834 847 835
f 831 845 846
f 834 846 847
f 835 847 866
f 845 1122 846
f 845 848 1122
f 846 1141 847
f 846 1122 1141
f 690 858 859
f 833 861 858
f 691 859 862
f 858 864 859
f 833 860 861
f 858 861 864
f 694 862 863
f 859 865 862
f 695 863 1674
f 862 1676 863
f 859 864 865
f 862 865 1676
f 835 866 860
f 860 866 867
f 860 867 861
f 861 868 864
f 861 867 868
f 847 1142 866
f 847 1141 1142
f 866 1146 867
f 866 1142 1146
f 864 869 865
f 864 868 869
f 865 1683 1676
f 865 869 1683
f 867 1147 868
f 867 1146 1147
f 868 1148 869
f 868 1147 1148
f 848 1143 1122
f 848 1123 1143
f 1122 1144 1141
f 1122 1143 1144
f 1141 1145 1142
f 1141 1144 1145
f 1142 1149 1146
f 1142 1145 1149
f 1146 1149 1150
f 1146 1150 1147
f 1147 1858 1148
f 1147 1150 1858
f 657 1445 1443
f 657 1444 1445
f 1443 1445 1451
f 659 1464 1444
f 1444 1465 1445
f 1443 1451 1446
f 1445 1468 1451
f 1444 1464 1465
f 665 1467 1464
f 1464 1472 1465
f 665 1466 1467
f 1464 1467 1472
f 1445 1465 1468
f 1465 1473 1468
f 1465 1472 1473
f 1466 1521 1467
f 1466 1520 1521
f 1467 1522 1472
f 1467 1521 1522
f 688 1531 1520
f 1520 1531 1532
f 1520 1532 1521
f 1521 1532 1535
f 1472 1522 1523
f 1472 1523 1473
f 1521 1535 1522
f 1522 1536 1523
f 1522 1535 1536
f 693 1533 1534
f 693 1534 1531
f 1531 1534 1539
f 1531 1539 1532
f 1533 1675 1534
f 1534 1679 1539
f 1532 1539 1540
f 1532 1540 1535
f 1535 1546 1536
f 1539 1680 1540
f 1535 1540 1546
f 1540 1687 1546
f 1533 1674 1675
f 863 1677 1674
f 1534 1675 1679
f 1674 1678 1675
f 863 1676 1677
f 1674 1677 1678
f 1539 1679 1680
f 1540 1680 1687
f 1675 1681 1679
f 1675 1678 1681
f 1679 1682 1680
f 1679 1681 1682
f 1676 1684 1677
f 1676 1683 1684
f 1677 1685 1678
f 1677 1684 1685
f 869 1856 1683
f 869 1148 1856
f 1683 1857 1684
f 1683 1856 1857
f 1684 1857 1860
f 1678 1686 1681
f 1678 1685 1686
f 1681 1701 1682
f 1681 1686 1701
f 1684 1860 1685
f 1685 1861 1686
f 1685 1860 1861
f 1686 1886 1701
f 1686 1861 1886
f 1680 1689 1687
f 1680 1682 1689
f 1682 1702 1689
f 1682 1701 1702
f 1701 1887 1702
f 1701 1886 1887
f 1148 1859 1856
f 1148 1858 1859
f 1856 1863 1857
f 1856 1859 1863
f 1857 1864 1860
f 1860 1865 1861
f 1857 1863 1864
f 1860 1864 1865
f 1861 1888 1886
f 1886 1889 1887
f 1861 1865 1888
f 1886 1888 1889
f 280 14 13
f 14 280 462
f 280 13 192
f 280 192 300
f 210 192 155
f 210 300 192
f 210 445 300
f 300 445 333
f 826 456 476
f 280 476 462
f 280 826 476
f 280 1862 826
f 2833 2834 3912
f 3914 3918 4235
f 3918 4688 4235
f 4688 4689 4235
f 4689 4690 5385
f 4690 4691 5385
f 4691 4699 5385
f 4699 4700 5385
f 4700 4701 5385
f 4701 4732 5385
f 4732 4733 5385
f 4733 4735 5385
f 4748 5385 4753
f 4735 4753 5385
f 4235 4689 5385
f 3913 3931 3914
f 3913 3925 3931
f 3914 3931 3918
f 3918 3931 3932
f 3918 3932 4688
f 3925 3928 3931
f 3925 3927 3928
f 3927 3977 3928
f 3931 3928 3933
f 3931 3933 3932
f 3928 3981 3933
f 3932 3933 4694
f 3933 3982 4694
f 3955 3960 3988
f 3960 3965 3988
f 3960 3964 3965
f 3927 3975 3977
f 3975 3979 3977
f 3928 3977 3981
f 3975 3955 3979
f 3955 3988 3979
f 3977 3979 3983
f 3977 3983 3981
f 3933 3981 3982
f 3983 3984 3981
f 3981 3984 3982
f 3982 3984 4708
f 3979 3988 3989
f 3979 3989 3983
f 3988 4144 3989
f 3965 4144 3988
f 3989 4144 4147
f 3983 3990 3984
f 3983 3989 3990
f 3984 3991 4708
f 3984 3990 3991
f 3989 4147 3990
f 3990 4147 4148
f 3990 4148 3991
f 3991 4148 4919
f 3964 4118 3965
f 3964 4117 4118
f 3965 4118 4145
f 4117 4130 4132
f 4117 4132 4118
f 4118 4132 4151
f 4130 4133 4132
f 4132 4134 4151
f 4130 4128 4133
f 4128 4183 4133
f 4133 4184 4134
f 4132 4133 4134
f 3965 4145 4144
f 4144 4145 4146
f 4144 4146 4147
f 4118 4151 4145
f 4145 4152 4146
f 4147 4146 4149
f 4147 4149 4148
f 4148 4150 4919
f 4146 4153 4149
f 4148 4149 4150
f 4149 4156 4150
f 4151 4152 4145
f 4151 4154 4152
f 4146 4152 4153
f 4152 4155 4153
f 4151 4134 4154
f 4152 4154 4155
f 4153 4155 4158
f 4149 4153 4156
f 4150 4156 4157
f 4150 4157 4921
f 4153 4158 4156
f 4158 4159 4156
f 4156 4159 4157
f 4157 4159 4994
f 4128 4180 4183
f 4180 4181 4182
f 4180 4182 4183
f 4133 4183 4184
f 4134 4184 4185
f 4134 4185 4154
f 4183 4182 4186
f 4183 4186 4184
f 4184 4186 4198
f 4184 4198 4185
f 4185 4198 4239
f 4196 4197 4181
f 4181 4197 4182
f 4182 4197 4199
f 4182 4199 4186
f 4186 4200 4198
f 4186 4199 4200
f 4198 4201 4239
f 4198 4200 4201
f 4154 4185 4234
f 4154 4234 4155
f 4155 4236 4158
f 4155 4234 4236
f 4185 4239 4234
f 4239 4240 4234
f 4234 4240 4236
f 4236 4240 4241
f 4158 4237 4159
f 4158 4236 4237
f 4159 4238 4994
f 4159 4237 4238
f 4236 4241 4237
f 4237 4241 4244
f 4237 4244 4238
f 4238 4245 4996
f 4239 4201 4242
f 4239 4242 4240
f 4240 4242 4243
f 4240 4243 4241
f 4241 4243 4246
f 4241 4246 4244
f 4238 4244 4245
f 4244 4247 4245
f 4246 4247 4244
f 4245 4247 4248
f 4688 3932 4692
f 4688 4692 4689
f 4689 4693 4690
f 4690 4696 4691
f 3932 4694 4692
f 4689 4692 4693
f 4692 4695 4693
f 4694 4695 4692
f 4693 4695 4697
f 4690 4693 4696
f 4693 4697 4696
f 4691 4696 4702
f 4696 4697 4698
f 4696 4698 4702
f 4691 4702 4699
f 4699 4702 4703
f 4699 4703 4700
f 4702 4717 4703
f 4698 4717 4702
f 4703 4717 4720
f 4700 4704 4701
f 4700 4703 4704
f 4701 4704 4705
f 4703 4720 4704
f 4704 4720 4721
f 4704 4721 4705
f 4694 3982 4706
f 4694 4706 4695
f 4695 4706 4707
f 4695 4707 4697
f 3982 4708 4706
f 4708 4710 4706
f 4706 4710 4707
f 4707 4710 4713
f 4697 4707 4709
f 4697 4709 4698
f 4698 4709 4718
f 4707 4713 4709
f 4709 4713 4714
f 4709 4714 4718
f 4708 4711 4710
f 4708 3991 4711
f 4710 4711 4712
f 4710 4712 4713
f 3991 4919 4711
f 4711 4920 4712
f 4713 4715 4714
f 4712 4715 4713
f 4712 4923 4715
f 4714 4715 4716
f 4715 4924 4716
f 4698 4718 4717
f 4718 4719 4717
f 4717 4719 4720
f 4718 4724 4719
f 4720 4719 4722
f 4719 4725 4722
f 4720 4722 4721
f 4705 4721 4791
f 4721 4723 4791
f 4722 4727 4723
f 4721 4722 4723
f 4718 4714 4724
f 4714 4716 4724
f 4719 4724 4725
f 4724 4726 4725
f 4716 4726 4724
f 4725 4726 4729
f 4722 4725 4727
f 4723 4727 4728
f 4725 4729 4727
f 4729 4933 4727
f 4727 4933 4728
f 4728 4933 5360
f 4701 4705 4732
f 4705 4734 4732
f 4732 4734 4733
f 4705 4791 4734
f 4733 4734 4737
f 4734 4792 4737
f 4733 4737 4735
f 4735 4738 4753
f 4735 4737 4738
f 4734 4791 4792
f 4791 4793 4792
f 4723 4793 4791
f 4792 4793 4794
f 4737 4792 4795
f 4737 4795 4738
f 4792 4794 4795
f 4723 4728 4793
f 4728 4809 4793
f 4793 4809 4794
f 4728 5360 4809
f 4919 4920 4711
f 4712 4920 4923
f 4919 4921 4920
f 4920 4922 4923
f 4919 4150 4921
f 4920 4921 4922
f 4715 4923 4924
f 4716 4924 4931
f 4923 4922 4925
f 4923 4925 4924
f 4924 4928 4931
f 4924 4925 4928
f 4157 4926 4921
f 4921 4926 4922
f 4922 4927 4925
f 4922 4926 4927
f 4157 4994 4926
f 4994 4995 4926
f 4926 4995 4927
f 4927 4995 4998
f 4925 4929 4928
f 4925 4927 4929
f 4928 4930 4945
f 4928 4929 4930
f 4927 4998 4929
f 4929 4998 4999
f 4929 4999 4930
f 4716 4931 4726
f 4726 4931 4932
f 4726 4932 4729
f 4729 4932 4935
f 4931 4945 4932
f 4928 4945 4931
f 4932 4946 4935
f 4932 4945 4946
f 4729 4935 4933
f 4933 4935 4936
f 4933 4936 5360
f 4935 4946 4950
f 4935 4950 4936
f 4930 4947 4945
f 4945 4947 4946
f 4946 4949 4950
f 4930 5000 4947
f 4946 4947 4949
f 4947 5040 4949
f 4994 4238 4996
f 4994 4996 4995
f 4995 4996 4997
f 4995 4997 4998
f 4996 5003 4997
f 4998 4997 5001
f 4997 5004 5001
f 4998 5001 4999
f 4930 4999 5000
f 4999 5002 5000
f 5001 5002 4999
f 5001 5007 5002
f 5000 5002 5043
f 4245 5003 4996
f 4245 4248 5003
f 4997 5003 5004
f 5001 5004 5007
f 4248 5005 5003
f 5003 5005 5004
f 5004 5005 5006
f 5004 5006 5007
f 5002 5007 5008
f 5002 5008 5043
f 5007 5009 5008
f 5006 5009 5007
f 4947 5000 5040
f 5000 5043 5040
f 2 3 452
f 2 453 4
f 2 452 453
f 2 4 11
f 2 152 3
f 11 4 12
f 3 709 452
f 2 11 152
f 3 152 154
f 3 154 709
f 14 462 20
f 14 192 13
f 192 14 30
f 192 30 31
f 192 31 34
f 152 11 153
f 152 153 155
f 152 709 154
f 152 155 709
f 155 192 157
f 158 157 192
f 160 158 192
f 160 192 162
f 167 162 192
f 166 167 192
f 166 192 169
f 192 34 35
f 192 35 37
f 192 37 39
f 192 39 40
f 192 40 173
f 192 173 174
f 192 174 175
f 192 175 176
f 169 192 170
f 170 192 172
f 172 192 182
f 182 192 184
f 184 192 185
f 192 176 179
f 192 179 180
f 192 180 188
f 192 188 189
f 192 189 191
f 191 193 192
f 185 192 187
f 187 192 193
f 452 456 453
f 452 523 456
f 452 494 495
f 452 495 496
f 452 496 498
f 452 498 499
f 452 499 500
f 452 500 501
f 452 508 509
f 452 501 508
f 452 509 511
f 452 511 512
f 452 512 513
f 452 513 514
f 452 514 517
f 452 518 519
f 452 517 518
f 452 519 522
f 452 522 523
f 452 712 494
f 452 709 712
f 20 462 21
f 21 462 22
f 22 462 457
f 458 457 462
f 459 458 462
f 459 462 461
f 461 462 463
f 463 462 475
f 456 465 466
f 456 464 465
f 456 467 464
f 456 468 467
f 456 469 468
f 456 470 469
f 456 466 476
f 456 471 470
f 456 484 471
f 466 477 476
f 475 462 476
f 478 479 476
f 478 476 477
f 475 476 479
f 456 523 484
f 524 484 523
f 527 484 524
f 527 528 484
f 529 532 484
f 529 484 528
f 534 484 532
f 533 484 534
f 709 155 164
f 709 164 704
f 709 704 705
f 709 705 712
