triangle_id,a,b,c
0,2218,2296,2832
1,2218,2832,3911
2,2218,3911,3913
3,2218,3913,4234
4,2218,2219,2296
5,2219,3155,2296
6,2218,3878,2219
7,2219,3880,3155
8,3155,3880,3156
9,2218,4234,3878
10,2219,3878,3880
11,3156,3880,4747
12,3878,5384,3880
13,3878,4234,5384
14,3880,5384,4747
15,280,1445,281
16,281,1446,282
17,281,1445,1446
18,282,1446,1447
19,282,1447,283
20,283,1448,284
21,283,1447,1448
22,284,1448,1449
23,284,1449,289
24,289,1454,290
25,290,1455,291
26,289,1449,1454
27,290,1454,1455
28,291,1456,292
29,292,1457,297
30,291,1455,1456
31,292,1456,1457
32,297,1485,298
33,298,1486,300
34,297,1457,1485
35,298,1485,1486
36,300,1486,1487
37,300,1487,301
38,301,1487,303
39,473,464,463
40,473,463,466
41,480,464,473
42,472,469,470
43,472,470,483
44,473,466,467
45,471,467,468
46,471,468,469
47,471,473,467
48,471,469,472
49,471,472,482
50,480,473,557
51,471,558,473
52,473,558,557
53,471,482,558
54,472,483,484
55,484,483,485
56,485,483,486
57,486,483,487
58,472,484,490
59,484,485,489
60,485,486,491
61,487,483,488
62,488,483,505
63,505,483,506
64,486,487,492
65,487,488,548
66,484,489,490
67,485,491,489
68,486,492,491
69,487,548,492
70,472,490,482
71,489,563,490
72,489,491,564
73,491,492,565
74,492,548,587
75,535,483,532
76,506,483,525
77,525,483,535
78,488,505,549
79,505,506,550
80,506,525,551
81,525,535,552
82,488,549,548
83,505,550,549
84,506,551,550
85,525,552,551
86,548,549,588
87,549,550,589
88,550,551,590
89,551,552,595
90,480,557,555
91,482,566,558
92,557,558,560
93,555,557,561
94,558,566,560
95,557,560,561
96,555,561,559
97,560,570,561
98,482,490,562
99,489,564,563
100,490,563,562
101,482,562,566
102,491,565,564
103,492,587,565
104,563,564,569
105,564,565,568
106,565,587,596
107,562,573,566
108,562,563,567
109,560,566,572
110,566,573,572
111,562,567,573
112,564,568,569
113,563,569,567
114,565,596,568
115,568,574,569
116,559,561,571
117,560,572,570
118,561,570,571
119,559,571,673
120,567,681,573
121,570,572,679
122,572,573,678
123,567,569,677
124,568,614,574
125,569,574,677
126,567,677,681
127,548,588,587
128,549,589,588
129,550,590,589
130,587,588,597
131,588,589,598
132,551,595,590
133,589,590,606
134,590,595,608
135,587,597,596
136,588,598,597
137,568,596,614
138,596,597,615
139,597,598,622
140,589,606,598
141,590,608,606
142,598,606,623
143,606,608,629
144,596,615,614
145,597,622,615
146,614,615,695
147,615,622,697
148,598,623,622
149,606,629,623
150,622,623,698
151,623,629,701
152,571,827,673
153,570,680,571
154,673,827,826
155,571,680,827
156,573,681,678
157,572,678,679
158,570,679,680
159,678,835,679
160,677,838,681
161,677,574,682
162,678,681,837
163,681,838,837
164,677,682,838
165,574,614,696
166,614,695,696
167,574,696,682
168,615,697,695
169,695,697,871
170,695,869,696
171,622,698,697
172,623,701,698
173,697,698,872
174,698,701,878
175,680,839,827
176,826,827,829
177,827,839,829
178,826,829,830
179,829,843,830
180,679,836,680
181,678,837,835
182,679,835,836
183,680,836,839
184,682,879,838
185,837,838,841
186,835,837,842
187,838,879,841
188,836,849,839
189,835,840,836
190,829,839,848
191,839,849,848
192,836,840,849
193,837,841,842
194,835,842,840
195,841,879,895
196,841,851,842
197,830,843,844
198,843,854,844
199,844,854,847
200,829,848,843
201,840,855,849
202,840,842,850
203,841,895,851
204,842,851,850
205,843,848,853
206,848,849,852
207,849,855,852
208,840,850,855
209,848,852,853
210,843,853,854
211,852,1124,853
212,850,1128,855
213,851,856,850
214,851,914,856
215,852,855,1127
216,855,1128,1127
217,850,856,1128
218,856,1170,1128
219,682,696,870
220,696,869,870
221,695,871,869
222,682,870,879
223,697,872,871
224,698,878,872
225,871,872,889
226,869,871,893
227,872,878,892
228,870,894,879
229,869,880,870
230,869,893,880
231,879,894,895
232,870,880,894
233,871,889,893
234,872,892,889
235,889,910,893
236,889,892,908
237,880,912,894
238,880,893,909
239,893,910,909
240,889,908,910
241,894,913,895
242,851,895,914
243,894,912,913
244,880,909,912
245,909,911,918
246,908,1019,910
247,910,1019,911
248,909,910,911
249,911,1022,920
250,895,913,914
251,912,919,913
252,913,919,916
253,913,916,914
254,856,914,915
255,914,916,915
256,856,915,1170
257,915,1172,1170
258,915,916,917
259,916,922,917
260,915,917,1172
261,917,1181,1172
262,909,918,912
263,912,918,919
264,918,921,919
265,919,921,922
266,916,919,922
267,921,924,922
268,911,920,918
269,918,920,921
270,920,1048,921
271,921,1048,924
272,924,1048,1057
273,917,922,923
274,922,924,923
275,917,923,1181
276,923,1183,1181
277,923,924,925
278,924,1057,925
279,923,925,1183
280,925,1184,1183
281,908,958,1019
282,958,960,1020
283,960,964,1021
284,964,981,1024
285,981,983,1025
286,983,989,1026
287,989,991,1027
288,991,1007,1033
289,1007,1009,1034
290,1009,1012,1035
291,1012,1014,1036
292,1014,1017,1041
293,958,1020,1019
294,1019,1020,1022
295,960,1021,1020
296,964,1024,1021
297,1020,1021,1023
298,1021,1024,1028
299,911,1019,1022
300,1020,1023,1022
301,1021,1028,1023
302,1022,1023,1047
303,1023,1028,1049
304,981,1025,1024
305,983,1026,1025
306,1024,1025,1029
307,1025,1026,1030
308,989,1027,1026
309,991,1033,1027
310,1026,1027,1031
311,1024,1029,1028
312,1025,1030,1029
313,1028,1029,1050
314,1026,1031,1030
315,1027,1037,1031
316,1029,1030,1051
317,1030,1031,1052
318,1017,1032,1041
319,1007,1034,1033
320,1009,1035,1034
321,1027,1033,1037
322,1033,1034,1038
323,1012,1036,1035
324,1034,1035,1039
325,1035,1036,1040
326,1033,1038,1037
327,1034,1039,1038
328,1031,1037,1064
329,1037,1038,1065
330,1035,1040,1039
331,1038,1039,1066
332,1039,1040,1067
333,1014,1041,1036
334,1036,1041,1042
335,1041,1043,1042
336,1036,1042,1040
337,1040,1042,1072
338,1032,1043,1041
339,1042,1043,1045
340,1042,1045,1072
341,1032,1044,1043
342,1043,1046,1045
343,1045,1089,1084
344,1043,1044,1046
345,1045,1046,1089
346,920,1022,1047
347,920,1047,1048
348,1023,1049,1047
349,1047,1049,1053
350,1047,1053,1048
351,1048,1053,1057
352,1053,1059,1057
353,1028,1050,1049
354,1029,1051,1050
355,1049,1050,1054
356,1030,1052,1051
357,1031,1064,1052
358,1050,1051,1055
359,1051,1052,1056
360,1049,1054,1053
361,1050,1055,1054
362,1053,1054,1059
363,1051,1056,1055
364,1052,1068,1056
365,1054,1055,1060
366,1055,1056,1061
367,1054,1060,1059
368,1055,1061,1060
369,1056,1074,1061
370,925,1057,1058
371,1057,1059,1058
372,925,1058,1184
373,1058,1196,1184
374,1058,1059,1062
375,1059,1060,1062
376,1060,1063,1062
377,1060,1061,1063
378,1061,1078,1063
379,1058,1062,1196
380,1062,1198,1196
381,1062,1063,1198
382,1063,1206,1198
383,1037,1065,1064
384,1038,1066,1065
385,1052,1064,1068
386,1064,1065,1069
387,1039,1067,1066
388,1065,1066,1070
389,1066,1067,1071
390,1064,1069,1068
391,1065,1070,1069
392,1056,1068,1074
393,1068,1069,1075
394,1066,1071,1070
395,1069,1070,1076
396,1070,1071,1077
397,1068,1075,1074
398,1069,1076,1075
399,1070,1077,1076
400,1040,1072,1067
401,1067,1072,1073
402,1067,1073,1071
403,1071,1073,1082
404,1072,1084,1073
405,1072,1045,1084
406,1071,1082,1077
407,1073,1084,1085
408,1073,1085,1082
409,1061,1074,1078
410,1074,1079,1078
411,1074,1075,1079
412,1075,1076,1080
413,1075,1080,1079
414,1076,1077,1081
415,1076,1081,1080
416,1063,1078,1206
417,1078,1079,1207
418,1078,1207,1206
419,1079,1080,1208
420,1080,1081,1209
421,1079,1208,1207
422,1080,1209,1208
423,1077,1082,1083
424,1077,1083,1081
425,1082,1086,1083
426,1081,1083,1214
427,1081,1214,1209
428,1084,1095,1085
429,1089,1095,1084
430,1085,1096,1086
431,1085,1095,1096
432,1082,1085,1086
433,1083,1086,1087
434,1083,1087,1214
435,1087,1216,1214
436,1086,1097,1087
437,1087,1098,1216
438,1044,1088,1046
439,1046,1088,1090
440,1046,1090,1089
441,1089,1091,1095
442,1089,1090,1091
443,1088,1092,1090
444,1090,1092,1093
445,1090,1093,1091
446,1091,1093,1094
447,1092,1104,1093
448,1095,1099,1096
449,1091,1099,1095
450,1096,1100,1097
451,1096,1099,1100
452,1086,1096,1097
453,1087,1097,1098
454,1097,1102,1098
455,1097,1100,1102
456,1098,1103,1253
457,1091,1094,1099
458,1099,1101,1100
459,1100,1109,1102
460,1094,1101,1099
461,1100,1101,1109
462,1098,1102,1103
463,1102,1112,1103
464,1102,1109,1112
465,1103,1113,1258
466,1103,1112,1113
467,1093,1104,1105
468,1093,1105,1094
469,1094,1105,1106
470,1104,1107,1105
471,1105,1108,1106
472,1105,1107,1108
473,1106,1108,1114
474,1107,1712,1108
475,1108,1713,1114
476,1094,1106,1101
477,1106,1110,1101
478,1101,1110,1109
479,1109,1110,1111
480,1109,1111,1112
481,1112,1117,1113
482,1111,1117,1112
483,1113,1118,1277
484,1113,1117,1118
485,1106,1114,1110
486,1110,1114,1115
487,1110,1115,1111
488,1111,1115,1116
489,1114,1716,1115
490,1111,1116,1117
491,1117,1119,1118
492,1116,1119,1117
493,1118,1119,1120
494,853,1125,854
495,847,854,1123
496,852,1127,1124
497,853,1124,1125
498,847,1123,1122
499,854,1125,1123
500,1124,1131,1125
501,1123,1125,1126
502,1125,1131,1126
503,1127,1129,1130
504,1127,1128,1129
505,1128,1170,1129
506,1129,1170,1171
507,1129,1171,1133
508,1127,1130,1124
509,1129,1133,1130
510,1124,1130,1131
511,1130,1134,1131
512,1126,1131,1132
513,1131,1134,1132
514,1132,1134,1135
515,1130,1133,1134
516,1133,1175,1134
517,1134,1175,1135
518,1135,1175,1176
519,1122,1123,1136
520,1123,1126,1136
521,1122,1136,1150
522,1126,1137,1136
523,1126,1132,1137
524,1136,1137,1151
525,1132,1138,1137
526,1132,1135,1138
527,1137,1138,1156
528,1135,1139,1138
529,1135,1176,1139
530,1138,1139,1157
531,1122,1150,1142
532,1142,1152,1143
533,1142,1150,1152
534,1136,1151,1150
535,1150,1154,1152
536,1150,1151,1154
537,1143,1152,1153
538,1143,1153,1144
539,1152,1154,1155
540,1152,1155,1153
541,1137,1156,1151
542,1151,1156,1158
543,1151,1158,1154
544,1138,1157,1156
545,1156,1157,1160
546,1156,1160,1158
547,1154,1158,1159
548,1154,1159,1155
549,1158,1160,1161
550,1158,1161,1159
551,1144,1153,1162
552,1144,1162,1148
553,1153,1155,1163
554,1153,1163,1162
555,1148,1164,1149
556,1148,1162,1164
557,1149,1164,1865
558,1162,1165,1164
559,1162,1163,1165
560,1164,1165,1866
561,1155,1159,1166
562,1155,1166,1163
563,1159,1161,1167
564,1159,1167,1166
565,1163,1166,1168
566,1163,1168,1165
567,1165,1168,1869
568,1166,1167,1169
569,1166,1169,1168
570,1168,1169,1870
571,1170,1172,1171
572,1171,1172,1173
573,1171,1173,1174
574,1172,1181,1173
575,1173,1181,1182
576,1173,1182,1177
577,1133,1171,1174
578,1173,1177,1174
579,1133,1174,1175
580,1174,1178,1175
581,1175,1178,1176
582,1176,1178,1179
583,1174,1177,1178
584,1177,1180,1178
585,1178,1180,1179
586,1179,1180,1187
587,1181,1183,1182
588,1182,1183,1185
589,1182,1185,1186
590,1183,1184,1185
591,1184,1197,1185
592,1185,1197,1189
593,1182,1186,1177
594,1185,1189,1186
595,1177,1186,1180
596,1180,1186,1188
597,1180,1188,1187
598,1187,1188,1190
599,1186,1189,1188
600,1188,1189,1191
601,1189,1200,1191
602,1188,1191,1190
603,1190,1191,1201
604,1139,1176,1192
605,1176,1179,1192
606,1139,1192,1233
607,1179,1193,1192
608,1179,1187,1193
609,1192,1193,1234
610,1187,1194,1193
611,1187,1190,1194
612,1193,1194,1239
613,1190,1195,1194
614,1190,1201,1195
615,1194,1195,1240
616,1184,1196,1197
617,1196,1199,1197
618,1197,1199,1200
619,1196,1198,1199
620,1198,1210,1199
621,1199,1210,1203
622,1189,1197,1200
623,1199,1203,1200
624,1191,1200,1202
625,1200,1203,1202
626,1191,1202,1201
627,1201,1202,1204
628,1202,1203,1205
629,1203,1218,1205
630,1202,1205,1204
631,1204,1205,1221
632,1198,1206,1210
633,1206,1207,1211
634,1206,1211,1210
635,1207,1208,1212
636,1208,1209,1213
637,1207,1212,1211
638,1208,1213,1212
639,1210,1211,1218
640,1211,1212,1219
641,1212,1213,1220
642,1209,1214,1215
643,1209,1215,1213
644,1213,1215,1225
645,1210,1218,1203
646,1211,1219,1218
647,1212,1220,1219
648,1214,1216,1215
649,1215,1216,1217
650,1213,1225,1220
651,1215,1217,1225
652,1217,1228,1225
653,1205,1218,1222
654,1218,1219,1222
655,1219,1220,1223
656,1219,1223,1222
657,1205,1222,1221
658,1222,1223,1224
659,1221,1222,1224
660,1220,1225,1226
661,1220,1226,1223
662,1225,1228,1226
663,1223,1226,1227
664,1223,1227,1224
665,1226,1228,1255
666,1226,1255,1227
667,1227,1255,1269
668,1195,1201,1229
669,1201,1204,1229
670,1204,1230,1229
671,1195,1229,1262
672,1204,1221,1230
673,1221,1231,1230
674,1229,1230,1263
675,1230,1231,1268
676,1221,1224,1231
677,1224,1232,1231
678,1231,1232,1270
679,1224,1227,1232
680,1227,1269,1232
681,1232,1269,1270
682,1139,1233,1157
683,1192,1234,1233
684,1157,1233,1235
685,1157,1235,1160
686,1233,1237,1235
687,1193,1239,1234
688,1233,1234,1237
689,1234,1241,1237
690,1160,1235,1236
691,1160,1236,1161
692,1235,1238,1236
693,1235,1237,1238
694,1237,1242,1238
695,1194,1240,1239
696,1234,1239,1241
697,1239,1243,1241
698,1195,1262,1240
699,1239,1240,1243
700,1240,1264,1243
701,1237,1241,1242
702,1241,1244,1242
703,1241,1243,1244
704,1243,1265,1244
705,1161,1236,1245
706,1161,1245,1167
707,1236,1246,1245
708,1236,1238,1246
709,1238,1249,1246
710,1167,1245,1247
711,1167,1247,1169
712,1245,1248,1247
713,1169,1247,1913
714,1245,1246,1248
715,1246,1251,1248
716,1247,1248,1914
717,1238,1242,1249
718,1242,1250,1249
719,1242,1244,1250
720,1244,1285,1250
721,1246,1249,1251
722,1249,1252,1251
723,1248,1251,1917
724,1249,1250,1252
725,1250,1287,1252
726,1251,1252,1918
727,1098,1253,1216
728,1216,1253,1217
729,1217,1253,1254
730,1217,1254,1228
731,1228,1254,1256
732,1253,1258,1254
733,1228,1256,1255
734,1255,1257,1269
735,1255,1256,1257
736,1257,1273,1269
737,1103,1258,1253
738,1254,1258,1259
739,1254,1259,1256
740,1256,1259,1260
741,1113,1277,1258
742,1258,1277,1259
743,1259,1278,1260
744,1256,1260,1257
745,1257,1260,1261
746,1257,1261,1273
747,1260,1279,1261
748,1261,1275,1273
749,1229,1263,1262
750,1240,1262,1264
751,1262,1266,1264
752,1230,1268,1263
753,1262,1263,1266
754,1263,1268,1271
755,1263,1271,1266
756,1243,1264,1265
757,1264,1267,1265
758,1264,1266,1267
759,1266,1271,1272
760,1266,1272,1267
761,1231,1270,1268
762,1268,1270,1274
763,1268,1274,1271
764,1269,1273,1270
765,1270,1273,1274
766,1271,1274,1276
767,1271,1276,1272
768,1273,1275,1274
769,1274,1275,1276
770,1259,1277,1278
771,1277,1281,1278
772,1118,1281,1277
773,1278,1282,1279
774,1278,1281,1282
775,1260,1278,1279
776,1261,1280,1275
777,1261,1279,1280
778,1280,1290,1275
779,1279,1283,1280
780,1280,1284,1290
781,1118,1120,1281
782,1120,1933,1281
783,1281,1933,1282
784,1282,1934,1283
785,1282,1933,1934
786,1279,1282,1283
787,1280,1283,1284
788,1283,1936,1284
789,1283,1934,1936
790,1284,1937,1293
791,1244,1265,1285
792,1265,1286,1285
793,1265,1267,1286
794,1267,1272,1289
795,1267,1289,1286
796,1250,1285,1287
797,1285,1288,1287
798,1252,1287,1945
799,1285,1286,1288
800,1286,1289,1292
801,1286,1292,1288
802,1287,1288,1946
803,1288,1292,1949
804,1272,1276,1291
805,1272,1291,1289
806,1275,1290,1276
807,1276,1290,1291
808,1289,1291,1294
809,1289,1294,1292
810,1292,1294,1951
811,1290,1293,1291
812,1290,1284,1293
813,1291,1293,1294
814,1293,1950,1294
815,1445,1450,1446
816,1446,1451,1447
817,1446,1450,1451
818,1447,1452,1448
819,1447,1451,1452
820,1448,1452,1453
821,1448,1453,1449
822,1449,1453,1458
823,1450,1467,1451
824,1451,1468,1452
825,1452,1469,1453
826,1453,1470,1458
827,1449,1458,1454
828,1454,1458,1459
829,1454,1459,1455
830,1455,1459,1460
831,1455,1460,1456
832,1456,1461,1457
833,1456,1460,1461
834,1457,1462,1485
835,1457,1461,1462
836,1458,1476,1459
837,1459,1477,1460
838,1460,1478,1461
839,1461,1479,1462
840,1451,1467,1468
841,1467,1472,1468
842,1452,1468,1469
843,1453,1469,1470
844,1468,1473,1469
845,1469,1474,1470
846,1470,1475,1476
847,1468,1472,1473
848,1469,1473,1474
849,1470,1474,1475
850,1458,1470,1476
851,1459,1476,1477
852,1460,1477,1478
853,1476,1481,1477
854,1477,1482,1478
855,1461,1478,1479
856,1462,1479,1480
857,1478,1483,1479
858,1479,1484,1480
859,1475,1481,1476
860,1477,1481,1482
861,1478,1482,1483
862,1479,1483,1484
863,1480,1484,1500
864,1485,1490,1486
865,1462,1490,1485
866,1486,1491,1487
867,1486,1490,1491
868,1487,1491,1492
869,303,1487,1492
870,303,1492,1488
871,1462,1480,1490
872,1490,1495,1491
873,1491,1494,1492
874,1488,1492,1496
875,1488,1496,1493
876,1492,1494,1496
877,1480,1495,1490
878,1491,1495,1494
879,1480,1500,1495
880,1494,1498,1496
881,1494,1495,1499
882,1493,1496,1501
883,1493,1501,1497
884,1496,1498,1501
885,1495,1500,1499
886,1494,1499,1498
887,1498,1554,1501
888,1498,1499,1555
889,1497,1501,1557
890,1501,1554,1557
891,1497,1557,1502
892,1472,1522,1473
893,1473,1523,1474
894,1474,1524,1475
895,1473,1522,1523
896,1474,1523,1524
897,1475,1524,1525
898,1522,1535,1523
899,1523,1536,1524
900,1524,1537,1525
901,1523,1535,1536
902,1524,1536,1537
903,1475,1525,1481
904,1481,1526,1482
905,1482,1527,1483
906,1481,1525,1526
907,1482,1526,1527
908,1483,1528,1484
909,1484,1529,1500
910,1483,1527,1528
911,1500,1529,1556
912,1484,1528,1529
913,1525,1540,1526
914,1526,1541,1527
915,1525,1537,1540
916,1526,1540,1541
917,1527,1541,1542
918,1527,1542,1528
919,1528,1543,1529
920,1529,1544,1556
921,1528,1542,1543
922,1529,1543,1544
923,1535,1545,1536
924,1536,1546,1537
925,1537,1547,1540
926,1540,1549,1541
927,1541,1550,1542
928,1543,1551,1544
929,1544,1548,1560
930,1542,1552,1543
931,1536,1545,1546
932,1537,1546,1547
933,1545,1686,1546
934,1546,1687,1547
935,1543,1552,1551
936,1544,1551,1548
937,1547,1549,1540
938,1541,1549,1550
939,1542,1550,1552
940,1547,1690,1549
941,1549,1691,1550
942,1550,1692,1552
943,1548,1551,1694
944,1551,1552,1693
945,1551,1693,1694
946,1548,1694,1553
947,1499,1500,1556
948,1499,1556,1555
949,1498,1555,1554
950,1554,1555,1561
951,1502,1557,1562
952,1554,1559,1557
953,1557,1559,1562
954,1502,1562,1558
955,1555,1556,1560
956,1555,1560,1561
957,1554,1561,1559
958,1544,1560,1556
959,1559,1561,1564
960,1558,1562,1565
961,1559,1566,1562
962,1562,1566,1565
963,1558,1565,1563
964,1560,1576,1561
965,1561,1576,1564
966,1559,1564,1566
967,1548,1576,1560
968,1563,1565,1582
969,1565,1566,1583
970,1563,1582,1577
971,1564,1581,1566
972,1565,1583,1582
973,1548,1553,1576
974,1576,1580,1564
975,1553,1580,1576
976,1566,1581,1583
977,1564,1580,1581
978,1580,1737,1581
979,1581,1739,1583
980,1577,1582,1740
981,1582,1583,1741
982,1582,1741,1740
983,1577,1740,1584
984,1546,1686,1687
985,1547,1687,1690
986,1686,1688,1687
987,1687,1689,1690
988,1687,1688,1689
989,1549,1690,1691
990,1550,1691,1692
991,1692,1696,1693
992,1552,1692,1693
993,1553,1694,1699
994,1693,1698,1694
995,1553,1699,1738
996,1694,1698,1699
997,1690,1695,1691
998,1691,1697,1692
999,1692,1697,1696
1000,1689,1695,1690
1001,1691,1695,1697
1002,1693,1696,1698
1003,1699,1704,1738
1004,1698,1703,1699
1005,1696,1705,1698
1006,1704,1746,1738
1007,1699,1703,1704
1008,1688,1701,1689
1009,1689,1701,1706
1010,1701,1886,1706
1011,1689,1706,1695
1012,1695,1707,1697
1013,1696,1697,1702
1014,1696,1702,1705
1015,1695,1706,1707
1016,1697,1707,1702
1017,1698,1705,1703
1018,1704,1709,1746
1019,1703,1705,1711
1020,1704,1703,1710
1021,1704,1710,1709
1022,1702,1708,1705
1023,1702,1707,1890
1024,1706,1889,1707
1025,1706,1886,1889
1026,1707,1889,1890
1027,1702,1890,1708
1028,1703,1711,1710
1029,1705,1708,1711
1030,1709,1892,1754
1031,1710,1711,1894
1032,1709,1710,1893
1033,1709,1893,1892
1034,1108,1712,1713
1035,1713,1716,1114
1036,1712,1714,1713
1037,1713,1715,1716
1038,1713,1714,1715
1039,1716,1715,1721
1040,1714,1725,1715
1041,1715,1726,1721
1042,1715,1725,1726
1043,1115,1716,1717
1044,1115,1717,1116
1045,1116,1717,1718
1046,1716,1721,1717
1047,1717,1722,1718
1048,1116,1718,1119
1049,1119,1718,1719
1050,1119,1719,1120
1051,1120,1719,1720
1052,1717,1721,1722
1053,1718,1722,1723
1054,1721,1729,1722
1055,1722,1730,1723
1056,1718,1723,1719
1057,1719,1723,1724
1058,1719,1724,1720
1059,1720,1724,1939
1060,1723,1731,1724
1061,1724,1732,1939
1062,1725,1727,1726
1063,1726,1728,1729
1064,1726,1727,1728
1065,1727,1784,1728
1066,1728,1784,1785
1067,1726,1729,1721
1068,1722,1729,1730
1069,1723,1730,1731
1070,1729,1733,1730
1071,1729,1728,1733
1072,1730,1734,1731
1073,1730,1733,1734
1074,1724,1731,1732
1075,1732,1955,1939
1076,1731,1735,1732
1077,1732,1736,1955
1078,1728,1785,1733
1079,1733,1818,1734
1080,1785,1818,1733
1081,1734,1819,1735
1082,1734,1818,1819
1083,1731,1734,1735
1084,1732,1735,1736
1085,1735,1821,1736
1086,1735,1819,1821
1087,1736,1822,1960
1088,1553,1738,1580
1089,1580,1738,1737
1090,1581,1737,1739
1091,1583,1739,1741
1092,1739,1744,1741
1093,1737,1745,1739
1094,1584,1740,1748
1095,1740,1741,1747
1096,1740,1747,1748
1097,1584,1748,1742
1098,1737,1738,1746
1099,1737,1746,1745
1100,1739,1745,1744
1101,1744,1753,1747
1102,1744,1745,1755
1103,1741,1744,1747
1104,1742,1748,1757
1105,1747,1756,1748
1106,1747,1753,1756
1107,1748,1756,1757
1108,1742,1757,1749
1109,1745,1746,1754
1110,1745,1754,1755
1111,1744,1755,1753
1112,1709,1754,1746
1113,1753,1755,1761
1114,1757,1756,1764
1115,1749,1757,1763
1116,1753,1759,1756
1117,1757,1764,1763
1118,1756,1759,1764
1119,1749,1763,1758
1120,1758,1763,1787
1121,1754,1760,1755
1122,1755,1760,1761
1123,1753,1761,1759
1124,1754,1892,1760
1125,1759,1761,1768
1126,1760,1762,1761
1127,1761,1762,1768
1128,1759,1765,1764
1129,1764,1765,1766
1130,1764,1766,1763
1131,1763,1766,1787
1132,1765,1767,1766
1133,1766,1767,1794
1134,1759,1768,1765
1135,1765,1768,1770
1136,1762,1769,1768
1137,1768,1769,1770
1138,1769,1771,1770
1139,1765,1770,1767
1140,1767,1770,1805
1141,1770,1771,1805
1142,1771,1806,1805
1143,1758,1787,1773
1144,1773,1788,1774
1145,1773,1787,1788
1146,1774,1789,1775
1147,1775,1790,1776
1148,1774,1788,1789
1149,1775,1789,1790
1150,1776,1791,1777
1151,1777,1792,1778
1152,1776,1790,1791
1153,1777,1791,1792
1154,1778,1793,1779
1155,1778,1792,1793
1156,1779,1793,1814
1157,1779,1814,1780
1158,1780,1815,1781
1159,1780,1814,1815
1160,1781,1815,1816
1161,1781,1816,1782
1162,1782,1817,1783
1163,1782,1816,1817
1164,1784,1786,1785
1165,1785,1786,1820
1166,1783,1820,1786
1167,1783,1817,1820
1168,1787,1794,1788
1169,1766,1794,1787
1170,1788,1795,1789
1171,1789,1797,1790
1172,1788,1794,1795
1173,1789,1795,1797
1174,1767,1796,1794
1175,1794,1796,1795
1176,1795,1801,1797
1177,1795,1796,1801
1178,1790,1798,1791
1179,1791,1799,1792
1180,1790,1797,1798
1181,1791,1798,1799
1182,1792,1800,1793
1183,1792,1799,1800
1184,1793,1800,1823
1185,1797,1802,1798
1186,1797,1801,1802
1187,1798,1802,1803
1188,1798,1803,1799
1189,1799,1804,1800
1190,1799,1803,1804
1191,1800,1804,1827
1192,1767,1805,1796
1193,1796,1807,1801
1194,1796,1805,1807
1195,1805,1806,1807
1196,1806,1811,1807
1197,1801,1808,1802
1198,1801,1807,1808
1199,1802,1808,1809
1200,1802,1809,1803
1201,1803,1810,1804
1202,1803,1809,1810
1203,1804,1810,1833
1204,1807,1811,1808
1205,1808,1811,1812
1206,1808,1812,1809
1207,1809,1812,1813
1208,1809,1813,1810
1209,1810,1813,1837
1210,1785,1820,1818
1211,1818,1831,1819
1212,1818,1820,1831
1213,1819,1831,1832
1214,1736,1821,1822
1215,1819,1832,1821
1216,1821,1832,1841
1217,1821,1841,1822
1218,1822,1842,2024
1219,1822,1841,1842
1220,1793,1823,1814
1221,1814,1824,1815
1222,1814,1823,1824
1223,1815,1824,1825
1224,1815,1825,1816
1225,1816,1826,1817
1226,1816,1825,1826
1227,1800,1827,1823
1228,1823,1828,1824
1229,1823,1827,1828
1230,1824,1828,1829
1231,1824,1829,1825
1232,1825,1830,1826
1233,1825,1829,1830
1234,1817,1831,1820
1235,1817,1826,1831
1236,1826,1832,1831
1237,1826,1830,1832
1238,1804,1833,1827
1239,1827,1834,1828
1240,1827,1833,1834
1241,1828,1834,1835
1242,1828,1835,1829
1243,1829,1836,1830
1244,1829,1835,1836
1245,1810,1837,1833
1246,1833,1837,1838
1247,1833,1838,1834
1248,1834,1839,1835
1249,1834,1838,1839
1250,1835,1840,1836
1251,1835,1839,1840
1252,1830,1841,1832
1253,1830,1836,1841
1254,1836,1842,1841
1255,1836,1840,1842
1256,1149,1865,1857
1257,1857,1865,1867
1258,1164,1866,1865
1259,1865,1866,1868
1260,1857,1867,1858
1261,1858,1873,1862
1262,1858,1867,1873
1263,1865,1868,1867
1264,1867,1874,1873
1265,1867,1868,1874
1266,1165,1869,1866
1267,1866,1869,1871
1268,1168,1870,1869
1269,1869,1870,1872
1270,1866,1871,1868
1271,1868,1871,1879
1272,1868,1879,1874
1273,1869,1872,1871
1274,1871,1872,1880
1275,1871,1880,1879
1276,1862,1873,1875
1277,1862,1875,1863
1278,1873,1874,1876
1279,1873,1876,1875
1280,1863,1875,1877
1281,1875,1876,1878
1282,1863,1877,1864
1283,1875,1878,1877
1284,1874,1879,1881
1285,1874,1881,1876
1286,1879,1880,1882
1287,1879,1882,1881
1288,1876,1881,1883
1289,1881,1882,1884
1290,1876,1883,1878
1291,1881,1884,1883
1292,1886,1888,1889
1293,1708,1891,1711
1294,1708,1890,1901
1295,1889,1900,1890
1296,1890,1900,1901
1297,1708,1901,1891
1298,1710,1894,1893
1299,1711,1891,1894
1300,1892,1893,1982
1301,1893,1896,1982
1302,1894,1895,1896
1303,1891,1895,1894
1304,1891,1907,1895
1305,1893,1894,1896
1306,1896,1985,1982
1307,1896,1897,1985
1308,1895,1897,1896
1309,1895,1909,1897
1310,1864,1898,1887
1311,1864,1877,1898
1312,1877,1899,1898
1313,1877,1878,1899
1314,1888,1900,1889
1315,1900,1903,1902
1316,1891,1901,1907
1317,1901,1902,1907
1318,1900,1902,1901
1319,1902,1904,1908
1320,1887,1903,1888
1321,1887,1898,1903
1322,1888,1903,1900
1323,1898,1904,1903
1324,1898,1899,1904
1325,1902,1903,1904
1326,1878,1883,1905
1327,1878,1905,1899
1328,1883,1884,1906
1329,1883,1906,1905
1330,1895,1907,1909
1331,1907,1908,1909
1332,1902,1908,1907
1333,1908,1910,1909
1334,1908,1911,1910
1335,1897,1909,2000
1336,1909,1910,2000
1337,1910,2001,2000
1338,1910,1912,2001
1339,1899,1905,1911
1340,1899,1911,1904
1341,1904,1911,1908
1342,1905,1906,1912
1343,1905,1912,1911
1344,1910,1911,1912
1345,1169,1913,1870
1346,1247,1914,1913
1347,1870,1913,1915
1348,1248,1917,1914
1349,1913,1914,1916
1350,1870,1915,1872
1351,1913,1916,1915
1352,1872,1915,1921
1353,1872,1921,1880
1354,1915,1922,1921
1355,1914,1919,1916
1356,1915,1916,1922
1357,1916,1927,1922
1358,1251,1918,1917
1359,1914,1917,1919
1360,1252,1945,1918
1361,1917,1918,1920
1362,1917,1920,1919
1363,1916,1919,1927
1364,1919,1928,1927
1365,1918,1947,1920
1366,1919,1920,1928
1367,1920,1964,1928
1368,1880,1921,1923
1369,1880,1923,1882
1370,1921,1924,1923
1371,1921,1922,1924
1372,1922,1929,1924
1373,1882,1923,1925
1374,1923,1924,1926
1375,1882,1925,1884
1376,1923,1926,1925
1377,1924,1931,1926
1378,1922,1927,1929
1379,1927,1930,1929
1380,1927,1928,1930
1381,1928,1966,1930
1382,1924,1929,1931
1383,1929,1930,1932
1384,1929,1932,1931
1385,1930,1968,1932
1386,1120,1720,1933
1387,1933,1935,1934
1388,1720,1935,1933
1389,1934,1935,1938
1390,1934,1938,1936
1391,1284,1936,1937
1392,1936,1938,1941
1393,1936,1941,1937
1394,1937,1942,1950
1395,1937,1941,1942
1396,1720,1939,1935
1397,1935,1939,1940
1398,1935,1940,1938
1399,1938,1940,1943
1400,1938,1943,1941
1401,1941,1944,1942
1402,1941,1943,1944
1403,1942,1944,1957
1404,1287,1946,1945
1405,1918,1945,1947
1406,1288,1949,1946
1407,1945,1946,1948
1408,1946,1949,1952
1409,1945,1948,1947
1410,1920,1947,1964
1411,1947,1965,1964
1412,1946,1952,1948
1413,1947,1948,1965
1414,1948,1952,1970
1415,1948,1970,1965
1416,1292,1951,1949
1417,1949,1951,1954
1418,1937,1950,1293
1419,1294,1950,1951
1420,1950,1953,1951
1421,1950,1942,1953
1422,1949,1954,1952
1423,1952,1954,1972
1424,1952,1972,1970
1425,1951,1953,1954
1426,1942,1957,1953
1427,1957,1971,1953
1428,1953,1971,1954
1429,1954,1971,1972
1430,1939,1955,1940
1431,1940,1955,1956
1432,1940,1956,1943
1433,1956,1958,1943
1434,1955,1960,1956
1435,1943,1958,1944
1436,1944,1959,1957
1437,1944,1958,1959
1438,1957,1959,1973
1439,1736,1960,1955
1440,1956,1960,1961
1441,1956,1961,1958
1442,1958,1961,1962
1443,1960,2024,1961
1444,1961,2025,1962
1445,1958,1962,1959
1446,1959,1962,1963
1447,1959,1963,1973
1448,1963,1977,1973
1449,1962,2026,1963
1450,1928,1964,1966
1451,1964,1967,1966
1452,1964,1965,1967
1453,1965,1970,1975
1454,1965,1975,1967
1455,1930,1966,1968
1456,1966,1967,1969
1457,1967,1975,1979
1458,1966,1969,1968
1459,1967,1979,1969
1460,1970,1972,1976
1461,1970,1976,1975
1462,1957,1973,1971
1463,1971,1974,1972
1464,1971,1973,1974
1465,1972,1974,1976
1466,1975,1976,1980
1467,1973,1977,1974
1468,1974,1978,1976
1469,1974,1977,1978
1470,1976,1978,1980
1471,1975,1980,1979
1472,1760,1892,1981
1473,1760,1981,1762
1474,1892,1982,1981
1475,1981,1982,1984
1476,1982,1985,1984
1477,1762,1981,1983
1478,1762,1983,1769
1479,1981,1984,1983
1480,1984,1987,1990
1481,1983,1984,1990
1482,1984,1985,1987
1483,1985,1986,1987
1484,1897,1986,1985
1485,1897,2000,1986
1486,1987,1994,1990
1487,1987,1988,1994
1488,1986,1988,1987
1489,1986,2002,1988
1490,1769,1983,1989
1491,1769,1989,1771
1492,1983,1990,1989
1493,1990,1994,1992
1494,1989,1990,1992
1495,1771,1989,1991
1496,1771,1991,1806
1497,1989,1992,1991
1498,1992,1996,1993
1499,1991,1992,1993
1500,1992,1994,1996
1501,1994,1995,1996
1502,1988,1995,1994
1503,1988,2003,1995
1504,1993,1996,2020
1505,1996,1997,2020
1506,1995,1997,1996
1507,1995,2009,1997
1508,1997,2011,2021
1509,1884,1925,1998
1510,1884,1998,1906
1511,1925,1999,1998
1512,1925,1926,1999
1513,1926,2007,1999
1514,2000,2001,2002
1515,1986,2000,2002
1516,2001,2004,2002
1517,2001,2005,2004
1518,2002,2004,2003
1519,1988,2002,2003
1520,2003,2004,2010
1521,2004,2006,2010
1522,1906,1998,2005
1523,1906,2005,1912
1524,1998,2006,2005
1525,1912,2005,2001
1526,1998,1999,2006
1527,1999,2013,2006
1528,2004,2005,2006
1529,1926,1931,2007
1530,1931,2008,2007
1531,1931,1932,2008
1532,1932,2047,2008
1533,1995,2003,2009
1534,2003,2010,2009
1535,2009,2010,2012
1536,2010,2013,2012
1537,1997,2009,2011
1538,2009,2012,2011
1539,2011,2012,2050
1540,2012,2014,2050
1541,1999,2007,2013
1542,2007,2014,2013
1543,2006,2013,2010
1544,2007,2008,2014
1545,2008,2053,2014
1546,2012,2013,2014
1547,1806,1991,2015
1548,1806,2015,1811
1549,1991,1993,2015
1550,1993,2020,2016
1551,1993,2016,2015
1552,1811,2015,2017
1553,1811,2017,1812
1554,1812,2017,2018
1555,1812,2018,1813
1556,1813,2018,2028
1557,2015,2016,2017
1558,2016,2019,2017
1559,2016,2022,2019
1560,2017,2019,2018
1561,2018,2019,2032
1562,2016,2020,2022
1563,2020,2021,2022
1564,1997,2021,2020
1565,2021,2049,2023
1566,2019,2022,2038
1567,2022,2023,2038
1568,2021,2023,2022
1569,2023,2051,2042
1570,1822,2024,1960
1571,1961,2024,2025
1572,2024,2036,2025
1573,1842,2036,2024
1574,2025,2037,2026
1575,1962,2025,2026
1576,1963,2027,1977
1577,1963,2026,2027
1578,2027,2055,1977
1579,2026,2045,2027
1580,2027,2046,2055
1581,1813,2028,1837
1582,1837,2028,2029
1583,1837,2029,1838
1584,1838,2030,1839
1585,1838,2029,2030
1586,1839,2031,1840
1587,1839,2030,2031
1588,2018,2032,2028
1589,2028,2033,2029
1590,2028,2032,2033
1591,2019,2038,2032
1592,2032,2039,2033
1593,2029,2034,2030
1594,2029,2033,2034
1595,2030,2035,2031
1596,2030,2034,2035
1597,2033,2040,2034
1598,2034,2041,2035
1599,1840,2036,1842
1600,1840,2031,2036
1601,2025,2036,2037
1602,2031,2037,2036
1603,2031,2035,2037
1604,2035,2045,2037
1605,2032,2038,2039
1606,2038,2042,2039
1607,2033,2039,2040
1608,2034,2040,2041
1609,2039,2043,2040
1610,2040,2044,2041
1611,2023,2042,2038
1612,2039,2042,2043
1613,2040,2043,2044
1614,2042,2059,2043
1615,2043,2060,2044
1616,2026,2037,2045
1617,2035,2041,2045
1618,2041,2046,2045
1619,2027,2045,2046
1620,2041,2044,2046
1621,2044,2063,2046
1622,1932,1968,2047
1623,1968,2048,2047
1624,1968,1969,2048
1625,1969,1979,2057
1626,1969,2057,2048
1627,2011,2049,2021
1628,2011,2050,2049
1629,2049,2050,2052
1630,2050,2053,2052
1631,2023,2049,2051
1632,2049,2052,2051
1633,2052,2054,2061
1634,2051,2052,2061
1635,2008,2047,2053
1636,2047,2054,2053
1637,2014,2053,2050
1638,2052,2053,2054
1639,2047,2048,2054
1640,2048,2057,2065
1641,2048,2065,2054
1642,2054,2065,2061
1643,1977,2055,1978
1644,1978,2055,2056
1645,1978,2056,1980
1646,2056,2058,1980
1647,2055,2063,2056
1648,2056,2064,2058
1649,1979,1980,2058
1650,1979,2058,2057
1651,2042,2051,2059
1652,2051,2061,2059
1653,2043,2059,2060
1654,2059,2062,2060
1655,2061,2065,2062
1656,2059,2061,2062
1657,2055,2046,2063
1658,2044,2060,2063
1659,2060,2064,2063
1660,2056,2063,2064
1661,2060,2062,2064
1662,2062,2066,2064
1663,2057,2058,2066
1664,2057,2066,2065
1665,2062,2065,2066
1666,2058,2064,2066
1667,2297,2298,2299
1668,2298,2301,2303
1669,2298,2303,2299
1670,2299,2303,2300
1671,2297,2960,2298
1672,2298,2960,2961
1673,2298,2961,2301
1674,2301,2302,2304
1675,2300,2303,2305
1676,2301,2304,2303
1677,2303,2304,2305
1678,2300,2305,2307
1679,2302,2311,2304
1680,2304,2312,2305
1681,2305,2308,2307
1682,2305,2312,2308
1683,2301,2964,2302
1684,2961,2964,2301
1685,2302,2964,2965
1686,2299,2300,2306
1687,2300,2402,2306
1688,2300,2307,2402
1689,2307,2308,2309
1690,2307,2403,2402
1691,2307,2309,2403
1692,2309,2321,2404
1693,2302,2310,2311
1694,2310,2315,2313
1695,2304,2311,2312
1696,2311,2314,2312
1697,2308,2312,2320
1698,2310,2313,2311
1699,2311,2313,2314
1700,2312,2314,2320
1701,2314,2324,2320
1702,2302,2965,2310
1703,2965,2972,2310
1704,2310,2972,2315
1705,2972,2974,2315
1706,2315,2316,2318
1707,2313,2315,2318
1708,2313,2317,2314
1709,2313,2318,2317
1710,2314,2317,2324
1711,2317,2318,2336
1712,2316,2335,2318
1713,2318,2335,2336
1714,2317,2326,2324
1715,2317,2336,2326
1716,2315,2974,2316
1717,2316,2975,2333
1718,2316,2974,2975
1719,2308,2319,2309
1720,2308,2320,2319
1721,2309,2319,2321
1722,2319,2320,2325
1723,2320,2324,2325
1724,2319,2323,2321
1725,2319,2325,2323
1726,2321,2322,2409
1727,2321,2323,2322
1728,2322,2323,2328
1729,2324,2327,2325
1730,2323,2325,2330
1731,2325,2327,2330
1732,2324,2326,2327
1733,2326,2344,2327
1734,2327,2346,2330
1735,2323,2330,2328
1736,2322,2328,2329
1737,2328,2332,2329
1738,2328,2330,2331
1739,2330,2346,2331
1740,2328,2331,2332
1741,2316,2333,2335
1742,2333,2334,2337
1743,2333,2337,2335
1744,2335,2338,2336
1745,2326,2336,2343
1746,2336,2338,2343
1747,2335,2337,2338
1748,2337,2341,2338
1749,2338,2350,2343
1750,2975,3009,2333
1751,2333,3009,2334
1752,2334,3009,3010
1753,2334,2339,2340
1754,2339,2358,2360
1755,2334,2340,2337
1756,2337,2340,2341
1757,2338,2341,2350
1758,2341,2351,2350
1759,2339,2360,2340
1760,2340,2342,2341
1761,2340,2360,2342
1762,2341,2342,2351
1763,2334,3010,2339
1764,3010,3013,2339
1765,2339,3013,2358
1766,2326,2343,2344
1767,2327,2344,2346
1768,2344,2349,2346
1769,2343,2345,2344
1770,2343,2350,2345
1771,2344,2345,2349
1772,2331,2346,2348
1773,2331,2347,2332
1774,2331,2348,2347
1775,2346,2349,2348
1776,2348,2349,2353
1777,2347,2348,2355
1778,2348,2353,2355
1779,2345,2350,2352
1780,2350,2351,2352
1781,2345,2354,2349
1782,2345,2352,2354
1783,2351,2370,2352
1784,2352,2374,2354
1785,2352,2370,2374
1786,2349,2354,2353
1787,2353,2354,2356
1788,2353,2357,2355
1789,2354,2374,2356
1790,2353,2356,2357
1791,2356,2376,2357
1792,2358,2359,2361
1793,2342,2360,2362
1794,2358,2361,2360
1795,2360,2361,2362
1796,2342,2369,2351
1797,2342,2362,2369
1798,2359,2364,2361
1799,2361,2366,2362
1800,2362,2371,2369
1801,2362,2366,2371
1802,2358,3018,2359
1803,3013,3018,2358
1804,2359,3018,3019
1805,2359,2363,2364
1806,2361,2364,2366
1807,2363,2365,2364
1808,2364,2367,2366
1809,2364,2365,2367
1810,2365,2368,2367
1811,2366,2387,2371
1812,2366,2367,2387
1813,2367,2388,2387
1814,2367,2368,2388
1815,2368,2389,2388
1816,2359,3019,2363
1817,2363,3022,2365
1818,3019,3022,2363
1819,2365,3023,2368
1820,2368,3024,2389
1821,2365,3022,3023
1822,2368,3023,3024
1823,2351,2369,2370
1824,2369,2372,2370
1825,2370,2378,2374
1826,2369,2371,2372
1827,2371,2373,2372
1828,2370,2372,2378
1829,2372,2373,2380
1830,2372,2380,2378
1831,2373,2381,2380
1832,2356,2374,2375
1833,2374,2378,2375
1834,2356,2375,2376
1835,2375,2377,2376
1836,2378,2380,2379
1837,2375,2378,2379
1838,2380,2381,2382
1839,2379,2380,2382
1840,2381,2383,2382
1841,2375,2379,2377
1842,2379,2382,2384
1843,2377,2379,2384
1844,2382,2383,2385
1845,2382,2385,2384
1846,2383,2386,2385
1847,2371,2387,2373
1848,2373,2387,2390
1849,2387,2388,2390
1850,2388,2391,2390
1851,2388,2389,2391
1852,2389,2392,2391
1853,2373,2390,2381
1854,2390,2391,2393
1855,2381,2390,2393
1856,2391,2392,2395
1857,2391,2395,2393
1858,2392,2396,2395
1859,2381,2393,2383
1860,2393,2395,2394
1861,2383,2393,2394
1862,2395,2396,2397
1863,2394,2395,2397
1864,2396,2398,2397
1865,2383,2394,2386
1866,2394,2397,2399
1867,2386,2394,2399
1868,2397,2398,2400
1869,2397,2400,2399
1870,2398,2401,2400
1871,2389,3027,2392
1872,2392,3028,2396
1873,3024,3027,2389
1874,2392,3027,3028
1875,2396,3029,2398
1876,2398,3030,2401
1877,2396,3028,3029
1878,2398,3029,3030
1879,2401,3030,3080
1880,2306,2402,2405
1881,2402,2406,2405
1882,2309,2404,2403
1883,2402,2403,2406
1884,2403,2407,2406
1885,2403,2404,2407
1886,2404,2409,2408
1887,2405,2406,2415
1888,2406,2416,2415
1889,2404,2408,2407
1890,2406,2407,2416
1891,2407,2408,2417
1892,2321,2409,2404
1893,2322,2329,2410
1894,2322,2410,2409
1895,2329,2411,2413
1896,2329,2332,2411
1897,2332,2478,2411
1898,2329,2413,2410
1899,2411,2414,2413
1900,2411,2479,2414
1901,2409,2410,2412
1902,2408,2409,2412
1903,2410,2413,2422
1904,2410,2422,2412
1905,2414,2479,2493
1906,2413,2414,2423
1907,2413,2423,2422
1908,2414,2493,2424
1909,2297,2299,2833
1910,2299,2306,2833
1911,2415,2416,2419
1912,2407,2417,2416
1913,2408,2412,2418
1914,2408,2418,2417
1915,2416,2417,2420
1916,2416,2420,2419
1917,2306,2405,2833
1918,2419,2420,2775
1919,2417,2421,2420
1920,2417,2418,2421
1921,2418,2425,2777
1922,2418,2777,2421
1923,2412,2422,2425
1924,2412,2425,2418
1925,2422,2423,2426
1926,2422,2426,2425
1927,2414,2424,2423
1928,2424,2493,2562
1929,2423,2424,2427
1930,2425,2781,2777
1931,2425,2426,2781
1932,2426,2427,2782
1933,2423,2427,2426
1934,2424,2428,2427
1935,2424,2562,2428
1936,2428,2562,2810
1937,2332,2347,2478
1938,2411,2478,2479
1939,2478,2481,2479
1940,2347,2480,2478
1941,2347,2355,2480
1942,2478,2480,2481
1943,2480,2483,2481
1944,2479,2481,2482
1945,2479,2482,2493
1946,2481,2486,2482
1947,2482,2486,2487
1948,2355,2484,2480
1949,2355,2357,2484
1950,2480,2484,2483
1951,2357,2514,2484
1952,2483,2484,2485
1953,2484,2514,2485
1954,2481,2483,2486
1955,2483,2488,2486
1956,2486,2490,2487
1957,2487,2490,2495
1958,2483,2485,2488
1959,2485,2489,2488
1960,2486,2488,2490
1961,2488,2491,2490
1962,2490,2491,2496
1963,2488,2489,2491
1964,2489,2492,2491
1965,2491,2492,2497
1966,2482,2494,2493
1967,2482,2487,2494
1968,2487,2563,2494
1969,2487,2495,2563
1970,2490,2496,2495
1971,2491,2497,2496
1972,2492,2498,2497
1973,2357,2376,2514
1974,2376,2377,2515
1975,2376,2515,2514
1976,2377,2516,2515
1977,2485,2514,2517
1978,2514,2515,2517
1979,2515,2516,2518
1980,2515,2518,2517
1981,2516,2519,2518
1982,2377,2384,2516
1983,2384,2385,2520
1984,2384,2520,2516
1985,2385,2386,2521
1986,2385,2521,2520
1987,2386,2522,2521
1988,2516,2520,2519
1989,2519,2520,2523
1990,2520,2521,2523
1991,2521,2522,2524
1992,2521,2524,2523
1993,2522,2525,2524
1994,2485,2517,2489
1995,2489,2517,2526
1996,2517,2518,2526
1997,2518,2519,2527
1998,2518,2527,2526
1999,2519,2528,2527
2000,2489,2526,2492
2001,2492,2526,2529
2002,2526,2527,2529
2003,2492,2529,2498
2004,2529,2530,2550
2005,2527,2528,2530
2006,2527,2530,2529
2007,2528,2531,2530
2008,2530,2531,2551
2009,2519,2523,2528
2010,2523,2532,2528
2011,2523,2524,2532
2012,2524,2525,2533
2013,2524,2533,2532
2014,2525,2534,2533
2015,2528,2532,2531
2016,2531,2532,2535
2017,2532,2533,2535
2018,2531,2535,2552
2019,2535,2536,2553
2020,2533,2534,2536
2021,2533,2536,2535
2022,2534,2537,2536
2023,2536,2537,2554
2024,2386,2399,2522
2025,2399,2400,2538
2026,2399,2538,2522
2027,2400,2401,2539
2028,2400,2539,2538
2029,2401,2540,2539
2030,2522,2538,2525
2031,2525,2538,2541
2032,2538,2539,2541
2033,2539,2542,2541
2034,2539,2540,2542
2035,2540,2543,2542
2036,2525,2541,2534
2037,2534,2541,2544
2038,2541,2542,2544
2039,2542,2545,2544
2040,2542,2543,2545
2041,2543,2546,2545
2042,2534,2544,2537
2043,2537,2544,2547
2044,2544,2545,2547
2045,2537,2547,2555
2046,2547,2548,2556
2047,2545,2548,2547
2048,2545,2546,2548
2049,2546,2549,2548
2050,2548,2549,2557
2051,2401,3080,2540
2052,2540,3081,2543
2053,2540,3080,3081
2054,2543,3081,3082
2055,2543,3082,2546
2056,2546,3083,2549
2057,2546,3082,3083
2058,2549,3083,3089
2059,2498,2529,2550
2060,2530,2551,2550
2061,2531,2552,2551
2062,2535,2553,2552
2063,2536,2554,2553
2064,2537,2555,2554
2065,2547,2556,2555
2066,2548,2557,2556
2067,2549,2558,2557
2068,2549,3089,2558
2069,2558,3089,2559
2070,2493,2494,2562
2071,2494,2563,2564
2072,2494,2564,2562
2073,2495,2565,2563
2074,2562,2564,2810
2075,2563,2811,2564
2076,2563,2565,2811
2077,2420,2776,2775
2078,2405,2415,2833
2079,2420,2421,2776
2080,2421,2777,2779
2081,2421,2779,2776
2082,2777,2781,2780
2083,2777,2780,2779
2084,2415,2419,2833
2085,2778,2775,2776
2086,2778,2776,2787
2087,2776,2779,2787
2088,2779,2788,2787
2089,2779,2780,2788
2090,2780,2784,2789
2091,2426,2782,2781
2092,2784,2781,2782
2093,2427,2428,2783
2094,2427,2783,2782
2095,2428,2810,2786
2096,2428,2786,2783
2097,2780,2781,2784
2098,2785,2782,2783
2099,2784,2782,2785
2100,2783,2786,2796
2101,2786,2810,2815
2102,2785,2783,2796
2103,2419,2775,2833
2104,2778,2787,2790
2105,2778,2833,2775
2106,2787,2791,2790
2107,2780,2789,2788
2108,2787,2788,2791
2109,2788,2789,2792
2110,2778,2790,2833
2111,2790,2791,2824
2112,2791,2825,2824
2113,2788,2792,2791
2114,2789,2794,2793
2115,2789,2793,2792
2116,2791,2792,2825
2117,2792,2793,2826
2118,2784,2785,2794
2119,2784,2794,2789
2120,2785,2796,2795
2121,2785,2795,2794
2122,2786,2797,2796
2123,2786,2815,2797
2124,2795,2796,2799
2125,2796,2797,2799
2126,2797,2815,2819
2127,2794,2795,2798
2128,2793,2794,2798
2129,2795,2830,2798
2130,2795,2799,2830
2131,2797,2831,2799
2132,2797,2819,2831
2133,2564,2812,2810
2134,2564,2811,2812
2135,2565,2813,2811
2136,2810,2812,2815
2137,2811,2817,2812
2138,2811,2813,2817
2139,2812,2816,2815
2140,2812,2817,2816
2141,2815,2816,2819
2142,2816,2817,2820
2143,2813,2818,2817
2144,2817,2818,2820
2145,2816,2854,2819
2146,2816,2820,2854
2147,2818,2855,2820
2148,2824,2821,2833
2149,2825,2822,2821
2150,2821,2822,2834
2151,2826,2823,2822
2152,2826,2827,2823
2153,2827,2836,2823
2154,2790,2824,2833
2155,2824,2825,2821
2156,2792,2826,2825
2157,2793,2798,2827
2158,2793,2827,2826
2159,2825,2826,2822
2160,2827,2828,2836
2161,2830,2839,2828
2162,2830,2829,2839
2163,2831,2840,2829
2164,2831,2851,2840
2165,2798,2828,2827
2166,2798,2830,2828
2167,2799,2829,2830
2168,2799,2831,2829
2169,2819,2851,2831
2170,2821,2834,2833
2171,2822,2835,2834
2172,2822,2823,2835
2173,2823,2838,2835
2174,2823,2836,2838
2175,2833,2834,3911
2176,2834,2835,2837
2177,2834,2837,3911
2178,2835,3914,2837
2179,2835,2838,3914
2180,2836,3918,2838
2181,2828,2841,2836
2182,2828,2839,2841
2183,2829,2842,2839
2184,2829,2840,2842
2185,2840,2851,2858
2186,2836,2841,3918
2187,2839,3919,2841
2188,2839,2842,3919
2189,2840,3920,2842
2190,2840,2858,3920
2191,2854,2856,2851
2192,2854,2853,2856
2193,2855,2857,2853
2194,2819,2854,2851
2195,2820,2853,2854
2196,2820,2855,2853
2197,2851,2856,2858
2198,2853,2860,2856
2199,2853,2857,2860
2200,2856,3946,2858
2201,2856,2860,3946
2202,2857,3947,2860
2203,2960,2962,2961
2204,2961,2963,2964
2205,2961,2962,2963
2206,2962,2968,2963
2207,2963,2969,2966
2208,2964,2966,2965
2209,2964,2963,2966
2210,2966,2970,2967
2211,2965,2966,2967
2212,2963,2968,2969
2213,2968,2981,2969
2214,2969,2981,2982
2215,2969,2982,2970
2216,2966,2969,2970
2217,2967,2970,2971
2218,2970,2983,2971
2219,2982,2983,2970
2220,2971,2983,2984
2221,2965,2967,2972
2222,2972,2973,2974
2223,2972,2967,2973
2224,2967,2971,2973
2225,2974,2973,2976
2226,2973,2978,2976
2227,2974,2976,2975
2228,2975,2977,3009
2229,2976,2979,2977
2230,2975,2976,2977
2231,2977,2980,3011
2232,2971,2978,2973
2233,2976,2978,2979
2234,2971,2984,2978
2235,2984,2997,2978
2236,2978,2997,2979
2237,2997,2998,2979
2238,2977,2979,2980
2239,2979,2998,2980
2240,2980,2999,3015
2241,2980,2998,2999
2242,2981,2985,2982
2243,2982,2986,2983
2244,2983,2987,2984
2245,2982,2985,2986
2246,2985,2989,2986
2247,2986,2990,2987
2248,2983,2986,2987
2249,2984,2987,2988
2250,2987,2993,2988
2251,2986,2989,2990
2252,2989,2991,2990
2253,2990,2991,2992
2254,2990,2992,2993
2255,2987,2990,2993
2256,2988,2993,2994
2257,2992,2995,2993
2258,2993,2995,2994
2259,2994,2995,2996
2260,2984,2988,2997
2261,2997,3000,2998
2262,2998,3001,2999
2263,2999,3002,3045
2264,2997,2988,3000
2265,2998,3000,3001
2266,2988,2994,3000
2267,3000,3003,3001
2268,2999,3001,3002
2269,3001,3005,3002
2270,3002,3006,3048
2271,2994,3003,3000
2272,3001,3003,3005
2273,2994,2996,3003
2274,2996,3004,3003
2275,3003,3004,3005
2276,3004,3007,3005
2277,3002,3005,3006
2278,3005,3007,3006
2279,3006,3007,3008
2280,3006,3008,3051
2281,3009,3011,3010
2282,3009,2977,3011
2283,3010,3011,3012
2284,3011,3015,3012
2285,3010,3012,3013
2286,3013,3014,3018
2287,3013,3012,3014
2288,3012,3016,3014
2289,3014,3017,3020
2290,2980,3015,3011
2291,3012,3015,3016
2292,2999,3045,3015
2293,3015,3045,3016
2294,3016,3045,3046
2295,3014,3016,3017
2296,3016,3046,3017
2297,3046,3047,3017
2298,3017,3047,3035
2299,3018,3020,3019
2300,3018,3014,3020
2301,3020,3035,3021
2302,3019,3020,3021
2303,3019,3021,3022
2304,3022,3025,3023
2305,3023,3026,3024
2306,3022,3021,3025
2307,3023,3025,3026
2308,3024,3026,3031
2309,3021,3036,3025
2310,3025,3037,3026
2311,3026,3038,3031
2312,3024,3031,3027
2313,3027,3032,3028
2314,3028,3033,3029
2315,3029,3034,3030
2316,3030,3034,3084
2317,3027,3031,3032
2318,3028,3032,3033
2319,3031,3039,3032
2320,3032,3040,3033
2321,3029,3033,3034
2322,3033,3041,3034
2323,3034,3042,3084
2324,3017,3035,3020
2325,3021,3035,3036
2326,3035,3057,3036
2327,3047,3057,3035
2328,3036,3057,3058
2329,3025,3036,3037
2330,3026,3037,3038
2331,3036,3058,3037
2332,3037,3059,3038
2333,3058,3059,3037
2334,3031,3038,3039
2335,3032,3039,3040
2336,3033,3040,3041
2337,3034,3041,3042
2338,3038,3062,3039
2339,3040,3039,3063
2340,3038,3059,3062
2341,3039,3062,3063
2342,3040,3063,3043
2343,3040,3043,3041
2344,3041,3044,3042
2345,3041,3043,3044
2346,3042,3044,3096
2347,3045,3048,3046
2348,3046,3049,3047
2349,3047,3050,3057
2350,3002,3048,3045
2351,3046,3048,3049
2352,3048,3051,3049
2353,3047,3049,3050
2354,3049,3052,3050
2355,3050,3055,3060
2356,3006,3051,3048
2357,3049,3051,3052
2358,3008,3053,3051
2359,3051,3053,3052
2360,3052,3053,3054
2361,3050,3052,3055
2362,3052,3054,3055
2363,3054,3056,3055
2364,3055,3056,3069
2365,3057,3060,3058
2366,3058,3061,3059
2367,3057,3050,3060
2368,3058,3060,3061
2369,3060,3069,3061
2370,3059,3064,3062
2371,3062,3065,3063
2372,3063,3066,3043
2373,3059,3061,3064
2374,3062,3064,3065
2375,3063,3065,3066
2376,3043,3067,3044
2377,3044,3068,3096
2378,3043,3066,3067
2379,3044,3067,3068
2380,3061,3070,3064
2381,3064,3073,3065
2382,3065,3074,3066
2383,3066,3075,3067
2384,3067,3076,3068
2385,3055,3069,3060
2386,3061,3069,3070
2387,3056,3071,3069
2388,3069,3071,3070
2389,3070,3071,3072
2390,3064,3070,3073
2391,3065,3073,3074
2392,3066,3074,3075
2393,3067,3075,3076
2394,3074,3078,3075
2395,3075,3079,3076
2396,3070,3072,3073
2397,3073,3077,3074
2398,3072,3077,3073
2399,3074,3077,3078
2400,3075,3078,3079
2401,3076,3079,3119
2402,3030,3084,3080
2403,3080,3085,3081
2404,3080,3084,3085
2405,3081,3086,3082
2406,3081,3085,3086
2407,3082,3087,3083
2408,3083,3088,3089
2409,3082,3086,3087
2410,3083,3087,3088
2411,3084,3092,3085
2412,3085,3093,3086
2413,3086,3094,3087
2414,3087,3095,3088
2415,3089,3090,2559
2416,3089,3088,3090
2417,2559,3090,3091
2418,3088,3101,3090
2419,3091,3090,3102
2420,3042,3092,3084
2421,3085,3092,3093
2422,3086,3093,3094
2423,3087,3094,3095
2424,3088,3095,3101
2425,3042,3096,3092
2426,3092,3097,3093
2427,3093,3097,3098
2428,3092,3096,3097
2429,3093,3098,3094
2430,3094,3099,3095
2431,3094,3098,3099
2432,3095,3100,3101
2433,3095,3099,3100
2434,3090,3101,3102
2435,3091,3102,3103
2436,3101,3104,3102
2437,3102,3105,3103
2438,3100,3104,3101
2439,3102,3104,3105
2440,3103,3105,3106
2441,3096,3107,3097
2442,3097,3108,3098
2443,3068,3107,3096
2444,3097,3107,3108
2445,3098,3109,3099
2446,3099,3110,3100
2447,3098,3108,3109
2448,3099,3109,3110
2449,3068,3115,3107
2450,3108,3107,3116
2451,3108,3117,3109
2452,3109,3118,3110
2453,3110,3118,3124
2454,3100,3111,3104
2455,3104,3112,3105
2456,3100,3110,3111
2457,3104,3111,3112
2458,3105,3112,3113
2459,3105,3113,3106
2460,3106,3113,3114
2461,3110,3124,3111
2462,3111,3124,3125
2463,3111,3125,3112
2464,3112,3126,3113
2465,3112,3125,3126
2466,3113,3127,3114
2467,3113,3126,3127
2468,3114,3127,3128
2469,3068,3076,3115
2470,3107,3115,3116
2471,3108,3116,3117
2472,3076,3119,3115
2473,3115,3120,3116
2474,3116,3121,3117
2475,3109,3117,3118
2476,3117,3122,3118
2477,3118,3123,3124
2478,3115,3119,3120
2479,3116,3120,3121
2480,3117,3121,3122
2481,3118,3122,3123
2482,3124,3129,3125
2483,3125,3130,3126
2484,3126,3131,3127
2485,3127,3132,3128
2486,3123,3129,3124
2487,3125,3129,3130
2488,3126,3130,3131
2489,3127,3131,3132
2490,3128,3132,3133
2491,3132,3266,3133
2492,2991,3134,2992
2493,2992,3134,3135
2494,2992,3135,2995
2495,3134,3138,3135
2496,3135,3138,3139
2497,3135,3139,3136
2498,2995,3136,2996
2499,2995,3135,3136
2500,2996,3136,3137
2501,3136,3139,3142
2502,3136,3142,3137
2503,3137,3142,3143
2504,3138,3140,3139
2505,3139,3141,3142
2506,3139,3140,3141
2507,3140,3156,3141
2508,3142,3144,3143
2509,3141,3144,3142
2510,3143,3144,3145
2511,2996,3137,3004
2512,3004,3137,3146
2513,3004,3146,3007
2514,3007,3146,3147
2515,3137,3143,3146
2516,3143,3149,3146
2517,3146,3149,3147
2518,3147,3149,3151
2519,3007,3147,3008
2520,3008,3148,3053
2521,3008,3147,3148
2522,3147,3151,3148
2523,3148,3151,3152
2524,3148,3152,3157
2525,3143,3145,3149
2526,3149,3150,3151
2527,3145,3150,3149
2528,3150,3153,3151
2529,3151,3153,3152
2530,3152,3154,3160
2531,3152,3153,3154
2532,3141,3156,3178
2533,3141,3178,3179
2534,3141,3179,3144
2535,3144,3180,3145
2536,3144,3179,3180
2537,3145,3180,3181
2538,3145,3181,3150
2539,3150,3181,3198
2540,3150,3198,3153
2541,3153,3198,3199
2542,3153,3199,3154
2543,3154,3200,3162
2544,3154,3199,3200
2545,3053,3148,3157
2546,3053,3157,3054
2547,3054,3157,3158
2548,3152,3160,3157
2549,3157,3160,3158
2550,3158,3160,3161
2551,3054,3158,3056
2552,3056,3158,3159
2553,3056,3159,3071
2554,3158,3161,3159
2555,3159,3161,3164
2556,3159,3164,3166
2557,3160,3162,3161
2558,3154,3162,3160
2559,3161,3162,3163
2560,3161,3163,3164
2561,3164,3165,3171
2562,3163,3165,3164
2563,3071,3166,3072
2564,3071,3159,3166
2565,3072,3166,3167
2566,3164,3171,3166
2567,3166,3171,3167
2568,3167,3171,3172
2569,3072,3167,3077
2570,3077,3168,3078
2571,3077,3167,3168
2572,3078,3169,3079
2573,3079,3170,3119
2574,3078,3168,3169
2575,3079,3169,3170
2576,3167,3172,3168
2577,3169,3168,3175
2578,3168,3172,3175
2579,3169,3176,3170
2580,3169,3175,3176
2581,3171,3173,3172
2582,3165,3173,3171
2583,3172,3173,3174
2584,3172,3174,3175
2585,3175,3177,3176
2586,3174,3177,3175
2587,3176,3177,3252
2588,3162,3200,3273
2589,3162,3273,3163
2590,3163,3273,3274
2591,3163,3274,3165
2592,3165,3274,3275
2593,3165,3275,3173
2594,3173,3301,3174
2595,3173,3275,3301
2596,3174,3301,3302
2597,3174,3302,3177
2598,3177,3303,3252
2599,3177,3302,3303
2600,3178,3184,3179
2601,3179,3184,3186
2602,3179,3186,3180
2603,3180,3188,3181
2604,3180,3186,3188
2605,3181,3188,3190
2606,3196,3195,3225
2607,3197,3227,3228
2608,3184,3185,3186
2609,3185,3189,3186
2610,3186,3189,3188
2611,3185,3187,3189
2612,3184,3195,3185
2613,3196,3187,3185
2614,3188,3189,3191
2615,3189,3193,3191
2616,3188,3191,3190
2617,3190,3191,3204
2618,3187,3193,3189
2619,3187,3192,3193
2620,3191,3193,3206
2621,3193,3194,3206
2622,3192,3194,3193
2623,3192,3197,3194
2624,3196,3185,3195
2625,3196,3183,3187
2626,3183,3192,3187
2627,3192,3227,3197
2628,3183,3227,3192
2629,3197,3228,3216
2630,3181,3190,3198
2631,3190,3203,3198
2632,3198,3203,3199
2633,3199,3203,3209
2634,3199,3209,3200
2635,3200,3210,3273
2636,3200,3209,3210
2637,3218,3216,3233
2638,3222,3201,3202
2639,3201,3235,3202
2640,3202,3235,3356
2641,3190,3204,3203
2642,3191,3206,3204
2643,3203,3204,3205
2644,3204,3207,3205
2645,3203,3205,3209
2646,3204,3206,3207
2647,3194,3208,3206
2648,3194,3215,3208
2649,3206,3208,3207
2650,3207,3208,3213
2651,3208,3219,3213
2652,3205,3211,3209
2653,3209,3211,3210
2654,3205,3212,3211
2655,3210,3211,3280
2656,3211,3283,3280
2657,3205,3207,3212
2658,3207,3213,3212
2659,3211,3212,3283
2660,3212,3214,3283
2661,3212,3213,3214
2662,3213,3220,3214
2663,3194,3197,3215
2664,3197,3216,3215
2665,3208,3215,3219
2666,3215,3217,3219
2667,3215,3216,3217
2668,3218,3217,3216
2669,3218,3222,3217
2670,3213,3219,3220
2671,3219,3221,3220
2672,3217,3221,3219
2673,3222,3221,3217
2674,3214,3220,3292
2675,3222,3223,3221
2676,3220,3221,3293
2677,3223,3293,3221
2678,3218,3201,3222
2679,3222,3202,3223
2680,3196,3225,3226
2681,3196,3226,3183
2682,3183,3226,3229
2683,3183,3229,3227
2684,3227,3229,3231
2685,3227,3231,3228
2686,3228,3232,3233
2687,3225,3230,3226
2688,3226,3690,3229
2689,3226,3230,3690
2690,3229,3690,3691
2691,3228,3231,3232
2692,3229,3691,3231
2693,3231,3693,3232
2694,3232,3694,3236
2695,3216,3228,3233
2696,3218,3234,3201
2697,3218,3233,3234
2698,3201,3238,3235
2699,3201,3234,3238
2700,3235,3238,3239
2701,3235,3239,3357
2702,3239,3375,3357
2703,3233,3236,3234
2704,3232,3236,3233
2705,3234,3236,3237
2706,3234,3237,3238
2707,3238,3700,3239
2708,3237,3700,3238
2709,3239,3700,3701
2710,3239,3701,3375
2711,3119,3241,3120
2712,3120,3242,3121
2713,3119,3170,3241
2714,3120,3241,3242
2715,3121,3243,3122
2716,3122,3240,3123
2717,3121,3242,3243
2718,3122,3243,3240
2719,3170,3248,3241
2720,3241,3249,3242
2721,3170,3176,3248
2722,3241,3248,3249
2723,3242,3249,3250
2724,3242,3250,3243
2725,3243,3251,3240
2726,3243,3250,3251
2727,3240,3251,3257
2728,3123,3244,3129
2729,3130,3129,3245
2730,3130,3245,3246
2731,3123,3240,3244
2732,3129,3244,3245
2733,3130,3246,3131
2734,3131,3246,3247
2735,3131,3247,3132
2736,3132,3247,3266
2737,3240,3257,3244
2738,3244,3258,3245
2739,3245,3259,3246
2740,3244,3257,3258
2741,3245,3258,3259
2742,3246,3260,3247
2743,3247,3261,3266
2744,3246,3259,3260
2745,3247,3260,3261
2746,3176,3252,3248
2747,3248,3253,3249
2748,3249,3254,3250
2749,3250,3255,3251
2750,3251,3256,3257
2751,3248,3252,3253
2752,3249,3253,3254
2753,3250,3254,3255
2754,3251,3255,3256
2755,3254,3306,3255
2756,3255,3307,3256
2757,3257,3262,3258
2758,3258,3263,3259
2759,3259,3264,3260
2760,3260,3265,3261
2761,3256,3262,3257
2762,3258,3262,3263
2763,3256,3313,3262
2764,3262,3314,3263
2765,3259,3263,3264
2766,3260,3264,3265
2767,3263,3315,3264
2768,3264,3316,3265
2769,3133,3266,3267
2770,3266,3268,3267
2771,3261,3268,3266
2772,3267,3268,3269
2773,3261,3270,3268
2774,3261,3265,3270
2775,3268,3271,3269
2776,3268,3270,3271
2777,3269,3271,3272
2778,3265,3450,3270
2779,3270,3451,3271
2780,3271,3452,3272
2781,3210,3279,3273
2782,3273,3279,3274
2783,3274,3279,3281
2784,3274,3281,3275
2785,3275,3281,3287
2786,3275,3287,3301
2787,3223,3202,3276
2788,3202,3356,3276
2789,3276,3277,3296
2790,3276,3356,3358
2791,3276,3358,3277
2792,3299,3277,3278
2793,3277,3358,3363
2794,3277,3363,3278
2795,3300,3278,3308
2796,3278,3363,3420
2797,3210,3280,3279
2798,3279,3280,3282
2799,3279,3282,3281
2800,3280,3285,3282
2801,3280,3283,3285
2802,3283,3284,3285
2803,3214,3284,3283
2804,3214,3292,3284
2805,3282,3285,3288
2806,3284,3289,3285
2807,3284,3294,3289
2808,3281,3282,3286
2809,3282,3288,3286
2810,3281,3286,3287
2811,3286,3321,3287
2812,3287,3321,3320
2813,3286,3290,3321
2814,3285,3289,3288
2815,3288,3289,3291
2816,3289,3298,3291
2817,3286,3288,3290
2818,3288,3291,3290
2819,3220,3293,3292
2820,3223,3296,3293
2821,3292,3293,3295
2822,3284,3292,3294
2823,3292,3295,3294
2824,3296,3295,3293
2825,3296,3299,3295
2826,3223,3276,3296
2827,3296,3277,3299
2828,3289,3294,3298
2829,3294,3297,3298
2830,3294,3295,3297
2831,3299,3297,3295
2832,3299,3300,3297
2833,3291,3298,3336
2834,3298,3337,3336
2835,3297,3337,3298
2836,3300,3337,3297
2837,3299,3278,3300
2838,3301,3320,3302
2839,3287,3320,3301
2840,3302,3320,3322
2841,3252,3304,3253
2842,3252,3303,3304
2843,3253,3305,3254
2844,3253,3304,3305
2845,3254,3305,3306
2846,3255,3306,3307
2847,3302,3322,3303
2848,3303,3327,3304
2849,3304,3329,3305
2850,3303,3322,3327
2851,3304,3327,3329
2852,3305,3332,3306
2853,3306,3335,3307
2854,3305,3329,3332
2855,3306,3332,3335
2856,3307,3335,3349
2857,3343,3308,3309
2858,3278,3420,3308
2859,3308,3421,3309
2860,3308,3420,3421
2861,3309,3421,3422
2862,3309,3310,3344
2863,3345,3310,3311
2864,3346,3311,3312
2865,3309,3422,3310
2866,3310,3422,3429
2867,3310,3429,3311
2868,3311,3430,3312
2869,3311,3429,3430
2870,3312,3430,3431
2871,3256,3307,3313
2872,3262,3313,3314
2873,3263,3314,3315
2874,3264,3315,3316
2875,3265,3316,3450
2876,3307,3349,3313
2877,3313,3352,3314
2878,3313,3349,3352
2879,3314,3352,3355
2880,3314,3355,3315
2881,3315,3319,3316
2882,3316,3456,3450
2883,3312,3317,3353
2884,3315,3355,3319
2885,3354,3317,3318
2886,3355,3318,3319
2887,3312,3431,3317
2888,3317,3431,3454
2889,3317,3454,3318
2890,3316,3319,3456
2891,3318,3454,3455
2892,3318,3455,3319
2893,3319,3455,3456
2894,3320,3321,3323
2895,3321,3325,3323
2896,3320,3323,3322
2897,3322,3323,3328
2898,3290,3325,3321
2899,3290,3324,3325
2900,3290,3291,3324
2901,3291,3336,3324
2902,3323,3325,3330
2903,3325,3326,3330
2904,3324,3326,3325
2905,3324,3338,3326
2906,3322,3328,3327
2907,3323,3330,3328
2908,3327,3328,3329
2909,3328,3331,3329
2910,3330,3333,3331
2911,3328,3330,3331
2912,3329,3331,3332
2913,3331,3334,3332
2914,3326,3333,3330
2915,3326,3339,3333
2916,3333,3347,3334
2917,3331,3333,3334
2918,3332,3334,3335
2919,3334,3348,3335
2920,3324,3336,3338
2921,3300,3343,3337
2922,3336,3337,3340
2923,3343,3340,3337
2924,3336,3340,3338
2925,3326,3338,3339
2926,3338,3341,3339
2927,3343,3344,3340
2928,3344,3341,3340
2929,3338,3340,3341
2930,3339,3341,3342
2931,3345,3342,3341
2932,3344,3345,3341
2933,3345,3346,3342
2934,3300,3308,3343
2935,3343,3309,3344
2936,3344,3310,3345
2937,3345,3311,3346
2938,3333,3339,3347
2939,3339,3342,3347
2940,3347,3350,3348
2941,3334,3347,3348
2942,3335,3348,3349
2943,3348,3351,3349
2944,3342,3350,3347
2945,3346,3350,3342
2946,3346,3353,3350
2947,3353,3351,3350
2948,3348,3350,3351
2949,3349,3351,3352
2950,3353,3354,3351
2951,3354,3352,3351
2952,3354,3355,3352
2953,3346,3312,3353
2954,3353,3317,3354
2955,3354,3318,3355
2956,3235,3357,3356
2957,3356,3357,3359
2958,3357,3360,3359
2959,3356,3359,3358
2960,3358,3359,3362
2961,3359,3360,3361
2962,3357,3375,3360
2963,3360,3367,3361
2964,3360,3376,3367
2965,3358,3362,3363
2966,3359,3361,3362
2967,3361,3365,3362
2968,3362,3364,3363
2969,3363,3364,3420
2970,3362,3365,3364
2971,3364,3365,3366
2972,3361,3367,3369
2973,3367,3368,3369
2974,3361,3369,3365
2975,3365,3369,3370
2976,3365,3370,3366
2977,3366,3370,3371
2978,3369,3372,3370
2979,3368,3372,3369
2980,3370,3372,3373
2981,3370,3373,3371
2982,3371,3373,3374
2983,3360,3375,3376
2984,3367,3376,3377
2985,3375,3719,3376
2986,3367,3377,3368
2987,3368,3377,3721
2988,3420,3423,3421
2989,3364,3423,3420
2990,3421,3425,3422
2991,3421,3423,3425
2992,3422,3425,3426
2993,3364,3366,3423
2994,3423,3424,3425
2995,3366,3424,3423
2996,3425,3427,3426
2997,3424,3427,3425
2998,3426,3427,3428
2999,3422,3426,3429
3000,3429,3432,3430
3001,3426,3432,3429
3002,3430,3434,3431
3003,3430,3432,3434
3004,3431,3434,3435
3005,3426,3428,3432
3006,3432,3433,3434
3007,3428,3433,3432
3008,3434,3436,3435
3009,3433,3436,3434
3010,3435,3436,3437
3011,3366,3371,3424
3012,3424,3438,3427
3013,3371,3438,3424
3014,3427,3439,3428
3015,3427,3438,3439
3016,3428,3439,3440
3017,3371,3374,3438
3018,3438,3441,3439
3019,3374,3441,3438
3020,3439,3442,3440
3021,3439,3441,3442
3022,3440,3442,3443
3023,3428,3440,3433
3024,3433,3444,3436
3025,3433,3440,3444
3026,3436,3445,3437
3027,3436,3444,3445
3028,3437,3445,3446
3029,3440,3443,3444
3030,3444,3447,3445
3031,3443,3447,3444
3032,3445,3448,3446
3033,3445,3447,3448
3034,3446,3448,3449
3035,3270,3450,3451
3036,3271,3451,3452
3037,3272,3452,3453
3038,3450,3460,3451
3039,3451,3462,3452
3040,3451,3460,3462
3041,3431,3435,3454
3042,3454,3457,3455
3043,3435,3457,3454
3044,3450,3456,3460
3045,3455,3459,3456
3046,3455,3457,3459
3047,3456,3459,3460
3048,3435,3437,3457
3049,3457,3458,3459
3050,3437,3458,3457
3051,3459,3461,3460
3052,3458,3461,3459
3053,3460,3461,3462
3054,3452,3465,3453
3055,3452,3462,3465
3056,3453,3465,3468
3057,3437,3446,3458
3058,3458,3463,3461
3059,3446,3463,3458
3060,3461,3464,3462
3061,3461,3463,3464
3062,3462,3464,3465
3063,3446,3449,3463
3064,3463,3466,3464
3065,3449,3466,3463
3066,3464,3467,3465
3067,3464,3466,3467
3068,3465,3467,3468
3069,3230,3692,3690
3070,3690,3695,3691
3071,3690,3692,3695
3072,3691,3695,3696
3073,3231,3691,3693
3074,3232,3693,3694
3075,3691,3696,3693
3076,3693,3697,3694
3077,3692,3705,3695
3078,3695,3705,3706
3079,3695,3706,3696
3080,3693,3696,3697
3081,3694,3698,3699
3082,3694,3697,3698
3083,3696,3707,3697
3084,3236,3699,3237
3085,3236,3694,3699
3086,3237,3702,3700
3087,3237,3699,3702
3088,3375,3701,3719
3089,3700,3703,3701
3090,3700,3702,3703
3091,3701,3704,3719
3092,3699,3712,3702
3093,3698,3712,3699
3094,3702,3712,3713
3095,3702,3713,3703
3096,3701,3703,3704
3097,3704,3724,3719
3098,3703,3714,3704
3099,3696,3706,3707
3100,2220,3706,3705
3101,3706,3709,3707
3102,3697,3707,3708
3103,3697,3708,3698
3104,3698,3711,3712
3105,3698,3708,3711
3106,2220,3709,3706
3107,3707,3709,3710
3108,2220,2221,3709
3109,3707,3710,3708
3110,3708,3757,3711
3111,3708,3710,3757
3112,3711,3758,3716
3113,3711,3757,3758
3114,3712,3716,3713
3115,3711,3716,3712
3116,3713,3717,3714
3117,3703,3713,3714
3118,3704,3714,3715
3119,3704,3715,3724
3120,3715,3743,3724
3121,3713,3716,3717
3122,3716,3762,3717
3123,3714,3718,3715
3124,3714,3717,3718
3125,3715,3718,3764
3126,3715,3764,3743
3127,3376,3719,3720
3128,3376,3720,3377
3129,3377,3720,3725
3130,3377,3725,3721
3131,3719,3724,3720
3132,3720,3724,3738
3133,3720,3738,3725
3134,3721,3725,3739
3135,3724,3743,3738
3136,3725,3738,3744
3137,3725,3744,3739
3138,3738,3743,3778
3139,3738,3778,3744
3140,3739,3744,3779
3141,2221,3756,3709
3142,3709,3756,3710
3143,3710,3756,3759
3144,3710,3759,3757
3145,3757,3759,3760
3146,3757,3760,3758
3147,3758,3761,3762
3148,2221,2222,3756
3149,3756,3767,3759
3150,2222,3767,3756
3151,3759,3767,3768
3152,3758,3760,3761
3153,3759,3768,3760
3154,3761,3760,3769
3155,3716,3758,3762
3156,3717,3763,3718
3157,3717,3762,3763
3158,3718,3763,3766
3159,3718,3766,3764
3160,3743,3764,3784
3161,3762,3765,3763
3162,3761,3765,3762
3163,3763,3765,3774
3164,3763,3774,3766
3165,3764,3766,3775
3166,3764,3775,3784
3167,2222,2223,3767
3168,2223,3771,3767
3169,3767,3771,3768
3170,3768,3771,3772
3171,3760,3768,3769
3172,3761,3769,3770
3173,3761,3770,3765
3174,3768,3772,3769
3175,3769,3773,3770
3176,2223,3879,3771
3177,3771,3879,4744
3178,3771,4744,3772
3179,3769,3772,3773
3180,3772,4745,3773
3181,3770,3773,4746
3182,3765,3770,3776
3183,3765,3776,3774
3184,3766,3774,3777
3185,3766,3777,3775
3186,3775,3804,3784
3187,3770,4746,3776
3188,3774,3776,4749
3189,3774,4749,3777
3190,3775,3777,4750
3191,3775,4750,3804
3192,3743,3784,3778
3193,3744,3778,3785
3194,3744,3785,3779
3195,3778,3784,3796
3196,3778,3796,3785
3197,3779,3785,3797
3198,3784,3804,3796
3199,3785,3796,3805
3200,3785,3805,3797
3201,3796,3804,4763
3202,3796,4763,3805
3203,3797,3805,4764
3204,2837,3912,3911
3205,2837,3915,3912
3206,2837,3914,3915
3207,2838,3916,3914
3208,2838,3918,3916
3209,3912,3915,3924
3210,3914,3925,3915
3211,3916,3918,3933
3212,3914,3916,3925
3213,2841,3921,3918
3214,2841,3919,3921
3215,2842,3922,3919
3216,2842,3920,3922
3217,2858,3948,3920
3218,3918,3921,3933
3219,3919,3934,3921
3220,3919,3922,3934
3221,3920,3935,3922
3222,3920,3948,3935
3223,3924,3923,3926
3224,3915,3923,3924
3225,3915,3925,3923
3226,3916,3929,3925
3227,3916,3933,3929
3228,3923,3975,3926
3229,3926,3975,3974
3230,3923,3928,3975
3231,3923,3925,3928
3232,3925,3929,3928
3233,3921,3936,3933
3234,3921,3934,3936
3235,3922,3937,3934
3236,3922,3935,3937
3237,3929,3933,3984
3238,3933,3936,3984
3239,3934,3985,3936
3240,3934,3937,3985
3241,3935,3986,3937
3242,2858,3946,3948
3243,2860,3949,3946
3244,2860,3947,3949
3245,3946,3950,3948
3246,3946,3949,3950
3247,3947,3951,3949
3248,3935,3948,3952
3249,3948,3950,3952
3250,3949,3953,3950
3251,3949,3951,3953
3252,3935,3952,3986
3253,3950,4005,3952
3254,3950,3953,4005
3255,3951,4006,3953
3256,3954,3955,3960
3257,3977,3961,3979
3258,3979,3962,3955
3259,3979,3961,3962
3260,3984,3957,3956
3261,3977,3956,3961
3262,3985,3969,3957
3263,3985,3958,3969
3264,3986,3999,3958
3265,3954,3960,3959
3266,3955,3962,3960
3267,3961,3971,3962
3268,3960,3962,3965
3269,3959,3960,3966
3270,3962,3971,3965
3271,3965,4114,3966
3272,3960,3965,3966
3273,3959,3966,3963
3274,3956,3967,3961
3275,3956,3957,3968
3276,3957,3969,3968
3277,3961,3967,3971
3278,3956,3968,3967
3279,3968,3969,3973
3280,3958,3972,3969
3281,3958,3999,3972
3282,3971,4119,4118
3283,3967,4119,3971
3284,3967,3968,3970
3285,3965,3971,4118
3286,3967,3970,4119
3287,3972,4121,3973
3288,3969,3972,3973
3289,3968,3973,3970
3290,3974,3975,3955
3291,3928,3979,3975
3292,3928,3929,3977
3293,3929,3984,3977
3294,3979,3955,3975
3295,3928,3977,3979
3296,3974,3955,3954
3297,3936,3957,3984
3298,3936,3985,3957
3299,3937,3958,3985
3300,3937,3986,3958
3301,3977,3984,3956
3302,3986,3994,3999
3303,4005,4000,3994
3304,4005,3996,4000
3305,4006,4001,3996
3306,3994,4002,3999
3307,3994,4000,4002
3308,3996,4004,4000
3309,3996,4001,4004
3310,3972,3999,4161
3311,3999,4002,4161
3312,4000,4162,4002
3313,4000,4004,4162
3314,4001,4163,4004
3315,3952,3994,3986
3316,3952,4005,3994
3317,3953,3996,4005
3318,3953,4006,3996
3319,3963,3966,4115
3320,3965,4118,4114
3321,3966,4114,4115
3322,3963,4115,4116
3323,4115,4130,4116
3324,4114,4124,4115
3325,4116,4130,4129
3326,4115,4124,4130
3327,3970,4125,4119
3328,4114,4118,4123
3329,4118,4119,4122
3330,4119,4125,4122
3331,3970,3973,4120
3332,3972,4161,4121
3333,3973,4121,4120
3334,3970,4120,4125
3335,4114,4123,4124
3336,4123,4118,4122
3337,4123,4122,4140
3338,4120,4142,4125
3339,4126,4120,4121
3340,4122,4125,4141
3341,4125,4142,4141
3342,4126,4142,4120
3343,4130,4134,4128
3344,4129,4128,4127
3345,4127,4128,4178
3346,4124,4134,4130
3347,4129,4130,4128
3348,4140,4137,4135
3349,4140,4141,4138
3350,4141,4139,4138
3351,4142,4167,4139
3352,4134,4135,4136
3353,4128,4134,4186
3354,4135,4137,4136
3355,4134,4136,4186
3356,4128,4186,4178
3357,4140,4138,4137
3358,4139,4167,4268
3359,4137,4138,4188
3360,4139,4268,4187
3361,4138,4139,4187
3362,4123,4135,4124
3363,4124,4135,4134
3364,4122,4141,4140
3365,4123,4140,4135
3366,4126,4167,4142
3367,4141,4142,4139
3368,4002,4164,4161
3369,4002,4162,4164
3370,4121,4161,4165
3371,4004,4166,4162
3372,4004,4163,4166
3373,4126,4121,4165
3374,4165,4161,4164
3375,4162,4176,4164
3376,4165,4164,4169
3377,4162,4166,4176
3378,4163,4177,4166
3379,4169,4176,4174
3380,4167,4168,4171
3381,4168,4169,4172
3382,4168,4172,4171
3383,4169,4174,4172
3384,4167,4171,4268
3385,4176,4175,4174
3386,4177,4270,4175
3387,4172,4174,4272
3388,4174,4175,4271
3389,4175,4270,4271
3390,4126,4165,4168
3391,4165,4169,4168
3392,4164,4176,4169
3393,4126,4168,4167
3394,4166,4175,4176
3395,4166,4177,4175
3396,4127,4178,4179
3397,4178,4191,4179
3398,4179,4191,4180
3399,4137,4189,4136
3400,4136,4192,4186
3401,4178,4186,4190
3402,4186,4192,4190
3403,4136,4189,4192
3404,4137,4188,4189
3405,4138,4187,4188
3406,4187,4193,4188
3407,4180,4191,4203
3408,4190,4201,4191
3409,4190,4192,4202
3410,4192,4207,4202
3411,4178,4190,4191
3412,4189,4207,4192
3413,4188,4193,4194
3414,4189,4194,4207
3415,4193,4279,4194
3416,4194,4210,4207
3417,4210,4279,4392
3418,4194,4279,4210
3419,4188,4194,4189
3420,4187,4276,4193
3421,4191,4201,4203
3422,4195,4180,4203
3423,4190,4202,4201
3424,4201,4202,4208
3425,4195,4203,4204
3426,4204,4203,4205
3427,4195,4217,4196
3428,4195,4204,4217
3429,4201,4205,4203
3430,4204,4205,4206
3431,4206,4205,4213
3432,4201,4208,4205
3433,4204,4218,4217
3434,4204,4206,4218
3435,4202,4207,4209
3436,4207,4210,4209
3437,4202,4209,4208
3438,4208,4209,4211
3439,4209,4210,4212
3440,4210,4392,4212
3441,4209,4212,4211
3442,4211,4212,4393
3443,4205,4208,4213
3444,4211,4215,4213
3445,4206,4213,4214
3446,4214,4213,4215
3447,4208,4211,4213
3448,4206,4214,4219
3449,4206,4219,4218
3450,4215,4393,4399
3451,4214,4215,4216
3452,4216,4215,4399
3453,4211,4393,4215
3454,4214,4216,4220
3455,4214,4220,4219
3456,4196,4221,4198
3457,4196,4217,4221
3458,4217,4223,4221
3459,4217,4218,4223
3460,4218,4219,4227
3461,4218,4227,4223
3462,4219,4220,4229
3463,4219,4229,4227
3464,4198,4221,4222
3465,4198,4222,4199
3466,4221,4223,4224
3467,4221,4224,4222
3468,4199,4225,4200
3469,4199,4222,4225
3470,4222,4226,4225
3471,4222,4224,4226
3472,4223,4227,4228
3473,4223,4228,4224
3474,4227,4229,4230
3475,4227,4230,4228
3476,4224,4228,4231
3477,4224,4231,4226
3478,4228,4230,4232
3479,4228,4232,4231
3480,4200,4248,4241
3481,4200,4225,4248
3482,4241,4248,4250
3483,4225,4249,4248
3484,4225,4226,4249
3485,4248,4249,4251
3486,4241,4250,4242
3487,4242,4256,4245
3488,4242,4250,4256
3489,4248,4251,4250
3490,4250,4257,4256
3491,4250,4251,4257
3492,4226,4231,4252
3493,4226,4252,4249
3494,4249,4252,4254
3495,4231,4232,4253
3496,4231,4253,4252
3497,4252,4253,4255
3498,4249,4254,4251
3499,4251,4254,4262
3500,4251,4262,4257
3501,4252,4255,4254
3502,4254,4255,4263
3503,4254,4263,4262
3504,4245,4258,4246
3505,4245,4256,4258
3506,4256,4260,4258
3507,4256,4257,4260
3508,4246,4258,4259
3509,4246,4259,4247
3510,4258,4260,4261
3511,4258,4261,4259
3512,4257,4262,4264
3513,4257,4264,4260
3514,4262,4263,4266
3515,4262,4266,4264
3516,4260,4264,4265
3517,4260,4265,4261
3518,4264,4266,4267
3519,4264,4267,4265
3520,4171,4282,4268
3521,4171,4172,4269
3522,4187,4268,4276
3523,4268,4282,4276
3524,4171,4269,4282
3525,4174,4271,4272
3526,4172,4272,4269
3527,4270,4295,4271
3528,4272,4274,4273
3529,4269,4272,4273
3530,4269,4273,4290
3531,4271,4274,4272
3532,4274,4306,4275
3533,4271,4295,4274
3534,4273,4274,4275
3535,4273,4275,4291
3536,4193,4276,4278
3537,4276,4277,4278
3538,4276,4282,4277
3539,4277,4280,4278
3540,4277,4283,4280
3541,4193,4278,4279
3542,4278,4281,4279
3543,4281,4395,4392
3544,4279,4281,4392
3545,4278,4280,4281
3546,4280,4286,4281
3547,4281,4286,4395
3548,4286,4403,4395
3549,4269,4290,4282
3550,4282,4290,4277
3551,4277,4290,4283
3552,4280,4283,4285
3553,4283,4291,4284
3554,4283,4284,4285
3555,4284,4287,4285
3556,4284,4346,4337
3557,4284,4337,4287
3558,4280,4285,4286
3559,4285,4288,4286
3560,4286,4288,4403
3561,4288,4406,4403
3562,4285,4287,4288
3563,4287,4289,4288
3564,4288,4289,4406
3565,4289,4429,4406
3566,4273,4291,4290
3567,4290,4291,4283
3568,4275,4346,4291
3569,4291,4346,4284
3570,4270,4292,4295
3571,4292,4293,4296
3572,4292,4296,4295
3573,4293,4294,4297
3574,4293,4297,4296
3575,4294,4298,4302
3576,4294,4302,4297
3577,4298,4299,4303
3578,4298,4303,4302
3579,4299,4300,4304
3580,4299,4304,4303
3581,4300,4301,4305
3582,4300,4305,4304
3583,4301,4321,4305
3584,4274,4295,4306
3585,4295,4296,4306
3586,4296,4307,4306
3587,4297,4309,4307
3588,4306,4307,4308
3589,4307,4309,4313
3590,4296,4297,4307
3591,4297,4302,4309
3592,4275,4306,4308
3593,4275,4308,4346
3594,4307,4313,4308
3595,4308,4313,4347
3596,4302,4310,4309
3597,4303,4311,4310
3598,4309,4310,4314
3599,4302,4303,4310
3600,4303,4304,4311
3601,4304,4312,4311
3602,4305,4327,4312
3603,4310,4311,4315
3604,4311,4312,4316
3605,4304,4305,4312
3606,4309,4314,4313
3607,4310,4315,4314
3608,4313,4314,4348
3609,4311,4316,4315
3610,4312,4331,4316
3611,4314,4315,4349
3612,4315,4316,4350
3613,4301,4317,4321
3614,4317,4322,4321
3615,4317,4318,4322
3616,4318,4323,4322
3617,4318,4319,4323
3618,4319,4324,4323
3619,4319,4320,4324
3620,4320,4325,4326
3621,4320,4326,4324
3622,4325,4375,4326
3623,4326,4375,4376
3624,4321,4328,4327
3625,4322,4329,4328
3626,4312,4327,4331
3627,4327,4328,4332
3628,4305,4321,4327
3629,4321,4322,4328
3630,4323,4330,4329
3631,4328,4329,4333
3632,4329,4330,4334
3633,4322,4323,4329
3634,4323,4324,4330
3635,4327,4332,4331
3636,4328,4333,4332
3637,4316,4331,4366
3638,4331,4332,4367
3639,4329,4334,4333
3640,4332,4333,4368
3641,4333,4334,4369
3642,4324,4335,4330
3643,4330,4335,4336
3644,4324,4326,4335
3645,4330,4336,4334
3646,4334,4336,4370
3647,4335,4377,4336
3648,4326,4376,4335
3649,4335,4376,4377
3650,4336,4377,4378
3651,4287,4337,4341
3652,4337,4347,4338
3653,4337,4338,4341
3654,4348,4339,4338
3655,4338,4343,4341
3656,4349,4340,4339
3657,4350,4351,4340
3658,4338,4339,4343
3659,4339,4344,4343
3660,4339,4340,4344
3661,4340,4356,4344
3662,4287,4341,4289
3663,4289,4341,4342
3664,4289,4342,4429
3665,4342,4432,4429
3666,4341,4343,4342
3667,4342,4343,4345
3668,4343,4344,4345
3669,4344,4360,4345
3670,4342,4345,4432
3671,4345,4439,4432
3672,4308,4347,4346
3673,4346,4347,4337
3674,4313,4348,4347
3675,4314,4349,4348
3676,4347,4348,4338
3677,4315,4350,4349
3678,4316,4366,4350
3679,4348,4349,4339
3680,4349,4350,4340
3681,4366,4352,4351
3682,4340,4351,4356
3683,4351,4357,4356
3684,4351,4352,4357
3685,4367,4353,4352
3686,4368,4354,4353
3687,4352,4353,4358
3688,4352,4358,4357
3689,4353,4354,4359
3690,4353,4359,4358
3691,4369,4355,4354
3692,4354,4355,4364
3693,4354,4364,4359
3694,4344,4356,4360
3695,4356,4357,4361
3696,4356,4361,4360
3697,4357,4358,4362
3698,4357,4362,4361
3699,4358,4359,4363
3700,4358,4363,4362
3701,4360,4440,4439
3702,4345,4360,4439
3703,4360,4361,4440
3704,4361,4441,4440
3705,4362,4442,4441
3706,4361,4362,4441
3707,4362,4363,4442
3708,4359,4364,4365
3709,4359,4365,4363
3710,4363,4448,4442
3711,4363,4365,4448
3712,4331,4367,4366
3713,4332,4368,4367
3714,4350,4366,4351
3715,4366,4367,4352
3716,4333,4369,4368
3717,4367,4368,4353
3718,4368,4369,4354
3719,4334,4370,4369
3720,4369,4370,4355
3721,4336,4378,4370
3722,4370,4371,4355
3723,4355,4372,4364
3724,4378,4371,4370
3725,4355,4371,4372
3726,4364,4373,4365
3727,4365,4374,4448
3728,4365,4373,4374
3729,4364,4372,4373
3730,4374,4387,4456
3731,4375,4379,4376
3732,4376,4380,4377
3733,4377,4381,4378
3734,4376,4379,4380
3735,4377,4380,4381
3736,4378,4381,4383
3737,4379,4487,4380
3738,4380,4488,4381
3739,4381,4382,4383
3740,4380,4487,4488
3741,4381,4488,4382
3742,4378,4383,4371
3743,4372,4371,4384
3744,4372,4384,4385
3745,4371,4383,4384
3746,4372,4385,4373
3747,4373,4385,4386
3748,4373,4386,4374
3749,4374,4386,4387
3750,4386,4391,4387
3751,4384,4383,4388
3752,4384,4389,4385
3753,4384,4388,4389
3754,4382,4388,4383
3755,4389,4495,4390
3756,4385,4390,4386
3757,4385,4389,4390
3758,4386,4390,4391
3759,4387,4391,4468
3760,4390,4497,4391
3761,4391,4496,4468
3762,4212,4392,4394
3763,4392,4395,4394
3764,4212,4394,4393
3765,4393,4394,4396
3766,4394,4395,4397
3767,4395,4403,4397
3768,4394,4397,4396
3769,4396,4397,4398
3770,4396,4401,4399
3771,4216,4399,4400
3772,4400,4399,4401
3773,4393,4396,4399
3774,4216,4400,4413
3775,4216,4413,4220
3776,4400,4414,4413
3777,4398,4409,4401
3778,4400,4401,4402
3779,4402,4401,4409
3780,4396,4398,4401
3781,4400,4402,4414
3782,4402,4415,4414
3783,4397,4403,4404
3784,4403,4406,4404
3785,4397,4404,4398
3786,4398,4404,4405
3787,4404,4406,4407
3788,4406,4429,4407
3789,4404,4407,4405
3790,4405,4407,4408
3791,4407,4430,4408
3792,4405,4411,4409
3793,4402,4409,4410
3794,4410,4409,4411
3795,4398,4405,4409
3796,4402,4410,4415
3797,4410,4416,4415
3798,4408,4435,4411
3799,4410,4411,4412
3800,4412,4411,4435
3801,4405,4408,4411
3802,4410,4412,4416
3803,4412,4460,4416
3804,4220,4413,4417
3805,4220,4417,4229
3806,4413,4419,4417
3807,4413,4414,4419
3808,4414,4423,4419
3809,4414,4415,4423
3810,4415,4425,4423
3811,4415,4416,4425
3812,4416,4474,4425
3813,4229,4417,4418
3814,4229,4418,4230
3815,4417,4420,4418
3816,4417,4419,4420
3817,4419,4424,4420
3818,4230,4418,4421
3819,4230,4421,4232
3820,4418,4422,4421
3821,4418,4420,4422
3822,4420,4427,4422
3823,4419,4423,4424
3824,4423,4426,4424
3825,4423,4425,4426
3826,4425,4475,4426
3827,4420,4424,4427
3828,4424,4428,4427
3829,4424,4426,4428
3830,4426,4478,4428
3831,4407,4429,4430
3832,4429,4432,4430
3833,4408,4430,4431
3834,4430,4433,4431
3835,4430,4432,4433
3836,4432,4439,4433
3837,4431,4433,4434
3838,4433,4443,4434
3839,4431,4437,4435
3840,4412,4435,4436
3841,4436,4435,4437
3842,4436,4437,4438
3843,4408,4431,4435
3844,4412,4436,4460
3845,4436,4461,4460
3846,4434,4451,4437
3847,4438,4437,4451
3848,4438,4451,4453
3849,4431,4434,4437
3850,4436,4438,4461
3851,4438,4453,4462
3852,4438,4462,4461
3853,4439,4440,4443
3854,4433,4439,4443
3855,4440,4441,4444
3856,4441,4442,4445
3857,4440,4444,4443
3858,4441,4445,4444
3859,4434,4443,4446
3860,4443,4444,4446
3861,4444,4445,4447
3862,4444,4447,4446
3863,4442,4448,4449
3864,4442,4449,4445
3865,4448,4456,4449
3866,4445,4449,4450
3867,4445,4450,4447
3868,4449,4457,4450
3869,4446,4452,4451
3870,4453,4451,4452
3871,4453,4452,4455
3872,4434,4446,4451
3873,4446,4447,4452
3874,4453,4455,4463
3875,4453,4463,4462
3876,4447,4454,4452
3877,4455,4452,4454
3878,4447,4450,4454
3879,4450,4458,4454
3880,4455,4454,4459
3881,4455,4459,4463
3882,4449,4456,4457
3883,4374,4456,4448
3884,4450,4457,4458
3885,4456,4464,4457
3886,4458,4457,4465
3887,4454,4458,4459
3888,4458,4466,4459
3889,4459,4467,4463
3890,4459,4466,4467
3891,4467,4482,4463
3892,4416,4460,4474
3893,4460,4476,4474
3894,4460,4461,4476
3895,4461,4462,4480
3896,4461,4480,4476
3897,4462,4463,4482
3898,4462,4482,4480
3899,4387,4464,4456
3900,4457,4464,4465
3901,4387,4468,4464
3902,4465,4464,4469
3903,4465,4469,4470
3904,4458,4465,4466
3905,4467,4472,4482
3906,4465,4470,4466
3907,4466,4471,4467
3908,4466,4470,4471
3909,4467,4471,4472
3910,4464,4468,4469
3911,4469,4468,4534
3912,4469,4535,4470
3913,4469,4534,4535
3914,4470,4535,4536
3915,4471,4470,4536
3916,4471,4473,4472
3917,4471,4536,4473
3918,4472,4473,4485
3919,4425,4474,4475
3920,4474,4477,4475
3921,4474,4476,4477
3922,4476,4480,4481
3923,4476,4481,4477
3924,4426,4475,4478
3925,4475,4479,4478
3926,4475,4477,4479
3927,4477,4481,4484
3928,4477,4484,4479
3929,4480,4482,4483
3930,4480,4483,4481
3931,4482,4472,4483
3932,4481,4483,4486
3933,4481,4486,4484
3934,4472,4485,4483
3935,4483,4485,4486
3936,4487,4490,4488
3937,4488,4489,4382
3938,4488,4490,4489
3939,4382,4489,4493
3940,4490,4491,4489
3941,4489,4492,4493
3942,4489,4491,4492
3943,4382,4493,4388
3944,4388,4493,4494
3945,4388,4494,4389
3946,4389,4494,4495
3947,4495,4494,4499
3948,4390,4495,4497
3949,4391,4497,4496
3950,4495,4501,4497
3951,4497,4500,4496
3952,4493,4498,4494
3953,4492,4498,4493
3954,4494,4498,4499
3955,4495,4499,4501
3956,4499,4506,4501
3957,4497,4501,4500
3958,4496,4500,4540
3959,4501,4507,4500
3960,4500,4508,4540
3961,4491,4502,4492
3962,4492,4502,4503
3963,4503,4502,4504
3964,4503,4504,4509
3965,4492,4503,4498
3966,4498,4505,4499
3967,4498,4503,4505
3968,4499,4505,4506
3969,4505,4510,4506
3970,4501,4506,4507
3971,4500,4507,4508
3972,4506,4511,4507
3973,4508,4507,4513
3974,4508,4512,4555
3975,4508,4513,4512
3976,4503,4509,4505
3977,4505,4509,4510
3978,4506,4510,4511
3979,4509,5053,4510
3980,4510,5052,4511
3981,4507,4511,4513
3982,4513,4511,5054
3983,4513,5055,4512
3984,4513,5054,5055
3985,4512,5055,5117
3986,4232,4421,4514
3987,4232,4514,4253
3988,4421,4515,4514
3989,4253,4514,4516
3990,4421,4422,4515
3991,4422,4518,4515
3992,4514,4515,4517
3993,4253,4516,4255
3994,4514,4517,4516
3995,4255,4516,4522
3996,4255,4522,4263
3997,4516,4523,4522
3998,4515,4520,4517
3999,4516,4517,4523
4000,4517,4528,4523
4001,4422,4427,4518
4002,4427,4519,4518
4003,4515,4518,4520
4004,4427,4428,4519
4005,4428,4545,4519
4006,4518,4519,4521
4007,4518,4521,4520
4008,4517,4520,4528
4009,4520,4529,4528
4010,4519,4547,4521
4011,4520,4521,4529
4012,4521,4565,4529
4013,4263,4522,4524
4014,4263,4524,4266
4015,4522,4526,4524
4016,4522,4523,4526
4017,4523,4530,4526
4018,4266,4524,4525
4019,4266,4525,4267
4020,4524,4527,4525
4021,4524,4526,4527
4022,4526,4531,4527
4023,4523,4528,4530
4024,4528,4532,4530
4025,4528,4529,4532
4026,4529,4567,4532
4027,4526,4530,4531
4028,4530,4533,4531
4029,4530,4532,4533
4030,4532,4568,4533
4031,4468,4496,4534
4032,4535,4541,4536
4033,4534,4496,4540
4034,4534,4539,4535
4035,4534,4540,4539
4036,4535,4539,4541
4037,4536,4537,4473
4038,4473,4538,4485
4039,4536,4541,4537
4040,4473,4537,4538
4041,4539,4556,4541
4042,4540,4555,4539
4043,4508,4555,4540
4044,4539,4555,4556
4045,4541,4556,4542
4046,4541,4542,4537
4047,4538,4537,4544
4048,4538,4544,4543
4049,4537,4542,4544
4050,4428,4478,4545
4051,4478,4546,4545
4052,4519,4545,4547
4053,4478,4479,4546
4054,4479,4484,4549
4055,4479,4549,4546
4056,4545,4546,4548
4057,4546,4549,4552
4058,4545,4548,4547
4059,4521,4547,4565
4060,4547,4566,4565
4061,4546,4552,4548
4062,4547,4548,4566
4063,4548,4552,4573
4064,4548,4573,4566
4065,4484,4486,4551
4066,4484,4551,4549
4067,4549,4551,4553
4068,4485,4550,4486
4069,4485,4538,4550
4070,4486,4550,4551
4071,4550,4554,4551
4072,4549,4553,4552
4073,4552,4553,4574
4074,4552,4574,4573
4075,4538,4543,4550
4076,4543,4554,4550
4077,4551,4554,4553
4078,4543,4572,4554
4079,4554,4571,4553
4080,4555,4560,4556
4081,4556,4557,4542
4082,4512,4560,4555
4083,4556,4560,4557
4084,4544,4542,4558
4085,4544,4559,4543
4086,4544,4558,4559
4087,4543,4559,4572
4088,4542,4557,4558
4089,4559,4564,4572
4090,4512,5117,4560
4091,4560,4561,4557
4092,4560,5117,4561
4093,4557,4561,4563
4094,4557,4563,4558
4095,4558,4562,4559
4096,4558,4563,4562
4097,4559,4562,4564
4098,4562,5121,4564
4099,4529,4565,4567
4100,4565,4569,4567
4101,4565,4566,4569
4102,4566,4573,4577
4103,4566,4577,4569
4104,4532,4567,4568
4105,4567,4570,4568
4106,4567,4569,4570
4107,4569,4577,4578
4108,4569,4578,4570
4109,4554,4572,4571
4110,4553,4571,4574
4111,4572,4575,4571
4112,4574,4571,4576
4113,4573,4574,4579
4114,4573,4579,4577
4115,4574,4576,4579
4116,4564,4575,4572
4117,4571,4575,4576
4118,4564,5131,4575
4119,4576,4575,5132
4120,4576,5132,5133
4121,4577,4579,4580
4122,4577,4580,4578
4123,4576,5133,4579
4124,4579,5133,4580
4125,4729,4740,4746
4126,4730,4746,4740
4127,4729,4739,4740
4128,4729,4735,4739
4129,4737,4738,4752
4130,4735,4738,4796
4131,4737,4795,4738
4132,4739,4800,4740
4133,4735,4796,4739
4134,4730,4740,4742
4135,4730,4742,4741
4136,4740,4800,4742
4137,4741,4742,4801
4138,4741,4801,4743
4139,4743,4802,4753
4140,4753,4802,4761
4141,3772,4744,4745
4142,3879,4747,4744
4143,4744,4748,4745
4144,3773,4745,4729
4145,3773,4729,4746
4146,4744,4747,4748
4147,4747,4752,4748
4148,4735,4745,4748
4149,4729,4745,4735
4150,3776,4746,4730
4151,3776,4730,4749
4152,3777,4749,4751
4153,3777,4751,4750
4154,3804,4750,4776
4155,4730,4741,4749
4156,4741,4751,4749
4157,4750,4751,4753
4158,4750,4753,4776
4159,4738,4748,4752
4160,4735,4748,4738
4161,4741,4743,4751
4162,4743,4753,4751
4163,4753,4761,4776
4164,4754,4756,4764
4165,4754,4755,4762
4166,4754,4762,4756
4167,4755,4761,4819
4168,4755,4819,4762
4169,4756,4762,4820
4170,3804,4776,4763
4171,3805,4763,4754
4172,3805,4754,4764
4173,4755,4763,4776
4174,4754,4763,4755
4175,4755,4776,4761
4176,4797,4806,4799
4177,4798,4805,4812
4178,4737,4794,4795
4179,4738,4795,4796
4180,4739,4796,4798
4181,4739,4798,4800
4182,4795,4799,4796
4183,4793,4797,4794
4184,4797,4799,4795
4185,4797,4795,4794
4186,4796,4799,4798
4187,4798,4799,4805
4188,4742,4800,4803
4189,4742,4803,4801
4190,4743,4801,4804
4191,4743,4804,4802
4192,4798,4812,4800
4193,4800,4812,4803
4194,4801,4803,4813
4195,4801,4813,4804
4196,4802,4804,4814
4197,4793,4807,4797
4198,4793,4808,4807
4199,4797,4807,4806
4200,4799,4806,4805
4201,4805,4806,4811
4202,4807,4808,4809
4203,4808,5359,4809
4204,4806,4810,4811
4205,4807,4809,4810
4206,4810,4938,4811
4207,4806,4807,4810
4208,4803,4812,4816
4209,4803,4816,4813
4210,4805,4815,4812
4211,4812,4815,4816
4212,4804,4813,4818
4213,4804,4818,4814
4214,4811,5360,4815
4215,4815,5360,5361
4216,4815,5361,4816
4217,4816,5361,4817
4218,4805,4811,4815
4219,4818,4817,4939
4220,4818,4939,4835
4221,4813,4816,4817
4222,4813,4817,4818
4223,4814,4818,4835
4224,4762,4819,4831
4225,4761,4802,4830
4226,4761,4830,4819
4227,4762,4831,4820
4228,4802,4814,4830
4229,4819,4830,4832
4230,4819,4832,4831
4231,4820,4831,4833
4232,4814,4837,4830
4233,4830,4837,4832
4234,4831,4832,4839
4235,4831,4839,4833
4236,4837,4835,4962
4237,4837,4962,4836
4238,4814,4835,4837
4239,4832,4837,4836
4240,4832,4836,4839
4241,4836,4963,4839
4242,4839,4963,4838
4243,4833,4839,4838
4244,4809,4937,4933
4245,4935,4937,5359
4246,4935,4949,4950
4247,4933,4937,4936
4248,4935,4950,4937
4249,4936,4937,4950
4250,4933,4936,4941
4251,5360,4938,4942
4252,5360,4940,5361
4253,4817,4943,4939
4254,4940,4943,5361
4255,4941,4956,4942
4256,4938,4941,4942
4257,4933,4941,4938
4258,5360,4942,4940
4259,4940,4942,4958
4260,4940,4958,4957
4261,4939,4943,4959
4262,4940,4957,4943
4263,4939,4959,4964
4264,4943,4957,4959
4265,4947,5040,5044
4266,4947,4948,5040
4267,4947,5044,4960
4268,4936,4950,4960
4269,4947,4950,4949
4270,4947,4960,4950
4271,4947,4949,4948
4272,4960,4951,4955
4273,4952,4954,4956
4274,4960,5044,4951
4275,4951,4952,4955
4276,4953,4954,5046
4277,4961,4953,5221
4278,4936,4955,4941
4279,4941,4955,4956
4280,4942,4956,4958
4281,4936,4960,4955
4282,4961,4959,4957
4283,4953,4957,4958
4284,4954,4958,4956
4285,4961,4957,4953
4286,4952,4956,4955
4287,4953,4958,4954
4288,4835,4939,4964
4289,4835,4964,4962
4290,4836,4962,4965
4291,4836,4965,4963
4292,4838,4963,4966
4293,4962,4964,4979
4294,4962,4979,4965
4295,4963,4965,4980
4296,4963,4980,4966
4297,4961,5222,4978
4298,4973,4974,4979
4299,4978,5222,4973
4300,4961,5221,5222
4301,4974,5224,4980
4302,4975,4980,5224
4303,4959,4978,4964
4304,4964,4978,4979
4305,4961,4978,4959
4306,4965,4979,4974
4307,4965,4974,4980
4308,4966,4980,4975
4309,4978,4973,4979
4310,5042,5019,5041
4311,5017,5018,5047
4312,5042,5007,5019
4313,4247,4259,5009
4314,4247,5009,5004
4315,4259,4261,5010
4316,4259,5010,5009
4317,5004,5011,5005
4318,5004,5009,5011
4319,5005,5011,5024
4320,5009,5012,5011
4321,5009,5010,5012
4322,5011,5012,5026
4323,4261,4265,5013
4324,4261,5013,5010
4325,4265,4267,5014
4326,4265,5014,5013
4327,5010,5013,5015
4328,5010,5015,5012
4329,5012,5015,5031
4330,5013,5014,5016
4331,5013,5016,5015
4332,5015,5016,5034
4333,5017,5041,5019
4334,5017,5019,5027
4335,5017,5023,5018
4336,5018,5023,5037
4337,5049,5020,5022
4338,5018,5037,5020
4339,5049,5021,5050
4340,5049,5022,5021
4341,5021,5077,5050
4342,5020,5037,5022
4343,5022,5038,5082
4344,5021,5022,5082
4345,5019,5025,5027
4346,5023,5027,5032
4347,5005,5024,5008
4348,5007,5008,5025
4349,5008,5024,5025
4350,5024,5028,5025
4351,5011,5026,5024
4352,5025,5028,5027
4353,5028,5032,5027
4354,5024,5026,5028
4355,5026,5033,5028
4356,5007,5025,5019
4357,5017,5027,5023
4358,5023,5032,5029
4359,5029,5032,5035
4360,5029,5035,5030
4361,5030,5035,5099
4362,5012,5031,5026
4363,5028,5033,5032
4364,5033,5035,5032
4365,5033,5036,5035
4366,5026,5031,5033
4367,5033,5031,5036
4368,5015,5034,5031
4369,5036,5099,5035
4370,5036,5100,5099
4371,5031,5034,5036
4372,5036,5034,5100
4373,5037,5029,5038
4374,5023,5029,5037
4375,5022,5037,5038
4376,5038,5105,5082
4377,5038,5030,5105
4378,5029,5030,5038
4379,5040,5039,5041
4380,4948,5039,5040
4381,5042,5041,5039
4382,5040,5047,5044
4383,5044,5047,5048
4384,4951,5048,5043
4385,4951,5044,5048
4386,4951,5043,4952
4387,5046,5225,5221
4388,5046,5045,5050
4389,4952,5045,4954
4390,4954,5045,5046
4391,4952,5043,5045
4392,4953,5046,5221
4393,5040,5041,5047
4394,5020,5043,5048
4395,5017,5047,5041
4396,5018,5048,5047
4397,5018,5020,5048
4398,5049,5045,5043
4399,5049,5050,5045
4400,5046,5050,5225
4401,5049,5043,5020
4402,5232,5078,5085
4403,5232,5085,5234
4404,5234,5085,5088
4405,5234,5088,5281
4406,4504,5051,4509
4407,4509,5051,5053
4408,4510,5053,5052
4409,5051,5057,5053
4410,5053,5056,5052
4411,4511,5052,5054
4412,5055,5060,5117
4413,5052,5059,5054
4414,5055,5054,5058
4415,5054,5059,5058
4416,5055,5058,5060
4417,5053,5057,5056
4418,5052,5056,5059
4419,5057,5062,5056
4420,5056,5061,5059
4421,5058,5064,5060
4422,5058,5059,5063
4423,5058,5063,5064
4424,5060,5064,5122
4425,5281,5088,5143
4426,5281,5143,5282
4427,5282,5146,5287
4428,5282,5143,5146
4429,5287,5147,5288
4430,5287,5146,5147
4431,5288,5147,5148
4432,5288,5148,5289
4433,5289,5148,5149
4434,5289,5149,5290
4435,5290,5149,5166
4436,5056,5062,5061
4437,5062,5066,5061
4438,5059,5061,5063
4439,5064,5065,5122
4440,5061,5068,5063
4441,5064,5063,5067
4442,5063,5068,5067
4443,5064,5067,5065
4444,5061,5066,5068
4445,5066,5336,5068
4446,5290,5166,5343
4447,5343,5166,5167
4448,5343,5167,5344
4449,5344,5167,5168
4450,5344,5168,5345
4451,5345,5169,5346
4452,5345,5168,5169
4453,5067,5348,5065
4454,5067,5068,5347
4455,5068,5336,5347
4456,5067,5347,5348
4457,5065,5348,5178
4458,5346,5178,5348
4459,5346,5169,5178
4460,4267,4525,5069
4461,4267,5069,5014
4462,4525,5070,5069
4463,4525,4527,5070
4464,4527,5073,5070
4465,5014,5069,5071
4466,5014,5071,5016
4467,5069,5072,5071
4468,5016,5071,5098
4469,5069,5070,5072
4470,5070,5075,5072
4471,5071,5072,5101
4472,4527,4531,5073
4473,4531,5074,5073
4474,4531,4533,5074
4475,4533,5127,5074
4476,5070,5073,5075
4477,5073,5076,5075
4478,5072,5075,5109
4479,5073,5074,5076
4480,5074,5129,5076
4481,5075,5076,5112
4482,5077,5079,5225
4483,5079,5086,5078
4484,5077,5080,5079
4485,5079,5080,5086
4486,5021,5081,5077
4487,5021,5082,5081
4488,5082,5105,5084
4489,5081,5082,5084
4490,5077,5081,5080
4491,5080,5081,5083
4492,5084,5106,5092
4493,5081,5084,5083
4494,5083,5084,5092
4495,5080,5083,5087
4496,5078,5086,5085
4497,5086,5089,5085
4498,5080,5087,5086
4499,5086,5087,5089
4500,5087,5090,5089
4501,5085,5089,5088
4502,5089,5144,5088
4503,5089,5090,5144
4504,5090,5145,5144
4505,5083,5091,5087
4506,5092,5115,5094
4507,5083,5092,5091
4508,5091,5092,5094
4509,5087,5091,5090
4510,5090,5091,5093
4511,5094,5116,5095
4512,5091,5094,5093
4513,5093,5094,5095
4514,5090,5093,5145
4515,5030,5099,5096
4516,5096,5099,5102
4517,5096,5102,5097
4518,5097,5102,5103
4519,5016,5098,5034
4520,5071,5101,5098
4521,5100,5102,5099
4522,5100,5104,5102
4523,5034,5098,5100
4524,5100,5098,5104
4525,5072,5109,5101
4526,5104,5103,5102
4527,5104,5111,5103
4528,5098,5101,5104
4529,5104,5101,5111
4530,5084,5105,5106
4531,5105,5096,5106
4532,5030,5096,5105
4533,5092,5106,5115
4534,5106,5097,5115
4535,5096,5097,5106
4536,5097,5103,5107
4537,5103,5110,5107
4538,5107,5110,5108
4539,5108,5110,5113
4540,5108,5113,5191
4541,5075,5112,5109
4542,5103,5111,5110
4543,5111,5114,5110
4544,5101,5109,5111
4545,5111,5109,5114
4546,5076,5193,5112
4547,5110,5114,5113
4548,5114,5195,5113
4549,5109,5112,5114
4550,5112,5195,5114
4551,5094,5115,5116
4552,5115,5107,5116
4553,5097,5107,5115
4554,5095,5116,5199
4555,5116,5108,5199
4556,5107,5108,5116
4557,5117,5118,4561
4558,4561,5119,4563
4559,5117,5060,5118
4560,4561,5118,5119
4561,4563,5120,4562
4562,4563,5119,5120
4563,4562,5120,5121
4564,4564,5121,5131
4565,5120,5126,5121
4566,5121,5125,5131
4567,5060,5122,5118
4568,5118,5124,5119
4569,5119,5124,5123
4570,5118,5122,5124
4571,5119,5123,5120
4572,5120,5123,5126
4573,5121,5126,5125
4574,5123,5165,5126
4575,5126,5164,5125
4576,4533,4568,5127
4577,4568,5128,5127
4578,4568,4570,5128
4579,4570,4578,5134
4580,4570,5134,5128
4581,5074,5127,5129
4582,5127,5130,5129
4583,5076,5129,5193
4584,5127,5128,5130
4585,5128,5134,5140
4586,5128,5140,5130
4587,5129,5130,5196
4588,5130,5140,5207
4589,4575,5131,5132
4590,5132,5138,5133
4591,5132,5131,5137
4592,5125,5137,5131
4593,5133,5138,5135
4594,5132,5137,5138
4595,4578,4580,5136
4596,4578,5136,5134
4597,5133,5135,4580
4598,4580,5135,5136
4599,5137,5205,5138
4600,5138,5139,5135
4601,5125,5204,5137
4602,5137,5204,5205
4603,5138,5205,5139
4604,5134,5136,5142
4605,5134,5142,5140
4606,5140,5142,5212
4607,5135,5141,5136
4608,5136,5141,5142
4609,5135,5139,5141
4610,5088,5144,5143
4611,5144,5150,5143
4612,5143,5150,5146
4613,5144,5145,5150
4614,5145,5152,5150
4615,5150,5151,5146
4616,5151,5147,5146
4617,5151,5153,5147
4618,5153,5148,5147
4619,5153,5154,5148
4620,5154,5149,5148
4621,5154,5170,5149
4622,5150,5152,5151
4623,5151,5152,5155
4624,5151,5155,5153
4625,5153,5156,5154
4626,5153,5155,5156
4627,5154,5156,5172
4628,5093,5157,5145
4629,5095,5199,5158
4630,5093,5095,5157
4631,5095,5158,5157
4632,5145,5157,5152
4633,5152,5157,5159
4634,5155,5159,5160
4635,5156,5160,5181
4636,5158,5200,5161
4637,5157,5158,5159
4638,5158,5161,5159
4639,5159,5161,5160
4640,5160,5161,5185
4641,5152,5159,5155
4642,5155,5160,5156
4643,5122,5162,5124
4644,5123,5124,5163
4645,5124,5162,5163
4646,5123,5163,5165
4647,5065,5162,5122
4648,5163,5180,5165
4649,5126,5165,5164
4650,5125,5164,5204
4651,5165,5189,5164
4652,5204,5164,5190
4653,5149,5170,5166
4654,5170,5171,5166
4655,5171,5167,5166
4656,5171,5174,5167
4657,5174,5168,5167
4658,5175,5169,5168
4659,5174,5175,5168
4660,5154,5172,5170
4661,5170,5173,5171
4662,5170,5172,5173
4663,5171,5176,5174
4664,5174,5177,5175
4665,5171,5173,5176
4666,5174,5176,5177
4667,5065,5178,5162
4668,5162,5178,5179
4669,5163,5162,5179
4670,5163,5179,5180
4671,5169,5179,5178
4672,5175,5179,5169
4673,5175,5180,5179
4674,5175,5177,5180
4675,5172,5181,5182
4676,5173,5182,5183
4677,5176,5183,5184
4678,5161,5215,5185
4679,5185,5216,5186
4680,5160,5185,5181
4681,5181,5186,5182
4682,5181,5185,5186
4683,5186,5217,5187
4684,5187,5218,5188
4685,5182,5187,5183
4686,5182,5186,5187
4687,5183,5188,5184
4688,5183,5187,5188
4689,5156,5181,5172
4690,5172,5182,5173
4691,5173,5183,5176
4692,5176,5184,5177
4693,5165,5180,5189
4694,5177,5184,5189
4695,5164,5189,5190
4696,5188,5219,5190
4697,5184,5190,5189
4698,5184,5188,5190
4699,5177,5189,5180
4700,5113,5194,5191
4701,5191,5194,5192
4702,5192,5194,5197
4703,5192,5197,5201
4704,5129,5196,5193
4705,5113,5195,5194
4706,5195,5198,5194
4707,5112,5193,5195
4708,5193,5198,5195
4709,5193,5196,5198
4710,5130,5207,5196
4711,5194,5198,5197
4712,5198,5210,5197
4713,5196,5210,5198
4714,5196,5207,5210
4715,5158,5199,5200
4716,5199,5191,5200
4717,5108,5191,5199
4718,5161,5200,5215
4719,5200,5192,5215
4720,5191,5192,5200
4721,5197,5208,5201
4722,5201,5208,5202
4723,5202,5208,5209
4724,5202,5209,5203
4725,5204,5219,5205
4726,5139,5205,5206
4727,5205,5219,5206
4728,5204,5190,5219
4729,5139,5206,5213
4730,5203,5209,5213
4731,5203,5213,5206
4732,5140,5212,5207
4733,5197,5210,5208
4734,5210,5211,5208
4735,5211,5209,5208
4736,5207,5211,5210
4737,5207,5212,5211
4738,5139,5213,5141
4739,5141,5213,5214
4740,5142,5141,5214
4741,5142,5214,5212
4742,5209,5214,5213
4743,5211,5214,5209
4744,5211,5212,5214
4745,5185,5215,5216
4746,5215,5201,5216
4747,5186,5216,5217
4748,5187,5217,5218
4749,5216,5202,5217
4750,5217,5203,5218
4751,5192,5201,5215
4752,5216,5201,5202
4753,5217,5202,5203
4754,5188,5218,5219
4755,5218,5206,5219
4756,5218,5203,5206
4757,5221,5225,5226
4758,5220,5222,5226
4759,5221,5226,5222
4760,4973,5222,5220
4761,4973,5220,5223
4762,5233,5224,5223
4763,4973,5223,4974
4764,4974,5223,5224
4765,4975,5224,5227
4766,5078,5220,5226
4767,5079,5226,5225
4768,5050,5077,5225
4769,5079,5078,5226
4770,5232,5233,5223
4771,5232,5223,5220
4772,5233,5227,5224
4773,5232,5220,5078
4774,5233,5278,5227
4775,5233,5234,5278
4776,5232,5234,5233
4777,5278,5243,5227
4778,5279,5245,5243
4779,5280,5247,5245
4780,5283,5258,5247
4781,5284,5260,5258
4782,5285,5262,5260
4783,5286,5264,5262
4784,5278,5279,5243
4785,5278,5281,5279
4786,5279,5280,5245
4787,5280,5283,5247
4788,5279,5282,5280
4789,5280,5287,5283
4790,5234,5281,5278
4791,5279,5281,5282
4792,5280,5282,5287
4793,5283,5284,5258
4794,5284,5285,5260
4795,5283,5288,5284
4796,5284,5289,5285
4797,5285,5286,5262
4798,5286,5339,5264
4799,5285,5290,5286
4800,5283,5287,5288
4801,5284,5288,5289
4802,5285,5289,5290
4803,5286,5290,5343
4804,5339,5322,5264
4805,5340,5324,5322
4806,5341,5326,5324
4807,5342,5328,5326
4808,5347,5336,5328
4809,5339,5340,5322
4810,5340,5341,5324
4811,5286,5343,5339
4812,5339,5344,5340
4813,5341,5342,5326
4814,5340,5345,5341
4815,5341,5346,5342
4816,5339,5343,5344
4817,5340,5344,5345
4818,5341,5345,5346
4819,5342,5347,5328
4820,5342,5348,5347
4821,5342,5346,5348
4822,4809,4933,4810
4823,4809,5359,4937
4824,4810,4933,4938
4825,4811,4938,5360
4826,4817,5361,4943
4827,155,164,154
4828,155,194,164
4829,164,163,154
4830,164,702,163
4831,164,201,702
4832,194,198,201
4833,198,205,202
4834,164,194,201
4835,198,202,201
4836,202,205,210
4837,201,202,717
4838,202,210,718
4839,205,207,210
4840,207,209,211
4841,207,211,210
4842,209,212,211
4843,209,215,212
4844,210,211,722
4845,211,212,723
4846,212,224,724
4847,212,215,224
4848,215,226,224
4849,224,226,228
4850,224,228,732
4851,226,255,228
4852,228,256,734
4853,255,259,256
4854,228,255,256
4855,256,259,260
4856,256,260,785
4857,259,265,260
4858,260,265,268
4859,265,369,268
4860,268,369,371
4861,301,303,302
4862,302,304,308
4863,303,304,302
4864,308,309,310
4865,308,304,309
4866,309,1504,310
4867,310,1504,311
4868,311,1504,1508
4869,311,1508,312
4870,312,1508,1590
4871,312,1590,321
4872,321,1590,1591
4873,321,1591,322
4874,322,1591,1594
4875,322,1594,323
4876,323,1594,1595
4877,323,1595,330
4878,330,1606,331
4879,331,1607,334
4880,334,1610,335
4881,369,373,371
4882,371,373,374
4883,373,380,374
4884,374,380,1641
4885,380,425,1641
4886,425,1655,1641
4887,425,428,1655
4888,428,1657,1655
4889,428,441,1657
4890,441,450,1661
4891,496,494,493
4892,501,495,494
4893,501,497,495
4894,496,501,494
4895,502,498,497
4896,502,499,498
4897,501,502,497
4898,502,509,499
4899,496,537,501
4900,496,503,536
4901,503,504,553
4902,496,493,711
4903,496,711,503
4904,504,705,554
4905,509,500,499
4906,509,507,500
4907,514,508,507
4908,514,510,508
4909,509,514,507
4910,515,511,510
4911,515,512,511
4912,519,513,512
4913,514,515,510
4914,515,519,512
4915,519,516,513
4916,520,517,516
4917,520,518,517
4918,519,520,516
4919,524,521,518
4920,524,522,521
4921,529,523,522
4922,520,524,518
4923,524,529,522
4924,501,538,502
4925,502,539,509
4926,509,540,514
4927,514,541,515
4928,515,542,519
4929,519,543,520
4930,529,526,523
4931,530,527,526
4932,530,528,527
4933,529,530,526
4934,534,531,528
4935,534,533,531
4936,535,532,533
4937,530,534,528
4938,534,535,533
4939,520,544,524
4940,524,545,529
4941,529,546,530
4942,530,547,534
4943,534,552,535
4944,496,536,537
4945,501,537,538
4946,502,538,539
4947,509,539,540
4948,514,540,541
4949,515,541,542
4950,536,553,575
4951,536,576,537
4952,537,577,538
4953,538,578,539
4954,539,579,540
4955,519,542,543
4956,520,543,544
4957,524,544,545
4958,529,545,546
4959,530,546,547
4960,534,547,552
4961,540,580,541
4962,541,581,542
4963,542,582,543
4964,543,591,544
4965,544,592,545
4966,545,593,546
4967,546,594,547
4968,547,595,552
4969,536,503,553
4970,553,554,609
4971,504,554,553
4972,554,705,712
4973,554,712,610
4974,536,575,576
4975,537,576,577
4976,538,577,578
4977,539,578,579
4978,540,579,580
4979,541,580,581
4980,542,581,582
4981,543,582,591
4982,544,591,592
4983,575,584,576
4984,576,585,577
4985,577,586,578
4986,578,599,579
4987,579,600,580
4988,580,601,581
4989,575,583,584
4990,576,584,585
4991,577,585,586
4992,578,586,599
4993,579,599,600
4994,583,616,584
4995,584,617,585
4996,585,618,586
4997,545,592,593
4998,546,593,594
4999,547,594,595
5000,581,602,582
5001,582,603,591
5002,591,604,592
5003,592,605,593
5004,593,607,594
5005,594,608,595
5006,580,600,601
5007,581,601,602
5008,582,602,603
5009,591,603,604
5010,592,604,605
5011,593,605,607
5012,594,607,608
5013,586,619,599
5014,599,620,600
5015,600,621,601
5016,601,624,602
5017,602,625,603
5018,603,626,604
5019,604,627,605
5020,605,628,607
5021,607,629,608
5022,553,609,575
5023,575,609,583
5024,609,610,611
5025,554,610,609
5026,610,712,743
5027,610,743,612
5028,609,611,583
5029,583,611,613
5030,611,612,640
5031,610,612,611
5032,612,743,746
5033,612,746,641
5034,583,613,616
5035,584,616,617
5036,585,617,618
5037,586,618,619
5038,599,619,620
5039,600,620,621
5040,601,621,624
5041,602,624,625
5042,613,631,616
5043,616,632,617
5044,617,633,618
5045,618,634,619
5046,619,635,620
5047,603,625,626
5048,604,626,627
5049,605,627,628
5050,607,628,629
5051,620,636,621
5052,621,637,624
5053,624,638,625
5054,625,639,626
5055,626,699,627
5056,627,700,628
5057,628,701,629
5058,613,630,631
5059,616,631,632
5060,617,632,633
5061,618,633,634
5062,630,813,631
5063,619,634,635
5064,620,635,636
5065,621,636,637
5066,624,637,638
5067,625,638,639
5068,626,639,699
5069,627,699,700
5070,631,814,632
5071,632,815,633
5072,633,816,634
5073,634,817,635
5074,635,818,636
5075,636,873,637
5076,637,874,638
5077,611,640,613
5078,612,641,640
5079,641,746,754
5080,613,640,630
5081,640,641,642
5082,641,754,643
5083,630,640,642
5084,630,642,812
5085,642,643,821
5086,641,643,642
5087,643,754,757
5088,643,757,822
5089,628,700,701
5090,638,875,639
5091,639,876,699
5092,699,877,700
5093,700,878,701
5094,702,703,163
5095,702,719,703
5096,719,704,703
5097,719,711,704
5098,503,711,504
5099,504,711,705
5100,705,706,712
5101,705,711,706
5102,706,707,713
5103,706,711,707
5104,707,711,709
5105,707,709,714
5106,709,710,715
5107,709,711,710
5108,710,711,719
5109,710,719,727
5110,710,727,716
5111,706,713,712
5112,712,713,743
5113,707,714,713
5114,713,714,744
5115,714,715,745
5116,714,709,715
5117,715,716,749
5118,710,716,715
5119,716,727,736
5120,716,736,750
5121,201,717,702
5122,202,718,717
5123,717,719,702
5124,717,718,719
5125,210,722,718
5126,718,722,720
5127,718,720,719
5128,719,720,727
5129,720,722,721
5130,720,721,728
5131,211,723,722
5132,721,722,723
5133,212,724,723
5134,723,724,725
5135,224,732,724
5136,724,732,726
5137,721,723,725
5138,721,725,729
5139,724,726,725
5140,725,726,730
5141,720,728,727
5142,727,728,736
5143,721,729,728
5144,728,729,737
5145,725,730,729
5146,729,730,738
5147,730,731,740
5148,726,731,730
5149,726,732,733
5150,726,733,731
5151,228,734,732
5152,732,734,733
5153,733,734,735
5154,733,735,739
5155,728,737,736
5156,736,737,766
5157,729,738,737
5158,737,738,767
5159,731,739,741
5160,731,733,739
5161,738,730,740
5162,738,740,768
5163,740,741,771
5164,731,741,740
5165,741,739,742
5166,741,742,772
5167,739,787,742
5168,735,787,739
5169,742,787,788
5170,742,788,775
5171,713,744,743
5172,743,744,746
5173,714,745,744
5174,744,745,747
5175,745,749,748
5176,744,747,746
5177,746,747,754
5178,745,748,747
5179,747,748,755
5180,748,751,756
5181,715,749,745
5182,749,750,751
5183,716,750,749
5184,736,766,750
5185,750,766,752
5186,749,751,748
5187,750,752,751
5188,751,752,760
5189,752,766,753
5190,752,753,761
5191,747,755,754
5192,748,756,755
5193,754,755,757
5194,755,756,758
5195,756,760,759
5196,755,758,757
5197,757,758,1295
5198,756,759,758
5199,758,759,1296
5200,759,763,1297
5201,751,760,756
5202,752,761,760
5203,753,762,761
5204,760,761,763
5205,761,762,764
5206,759,760,763
5207,761,764,763
5208,763,764,1301
5209,762,765,764
5210,764,765,1302
5211,737,767,766
5212,753,766,767
5213,738,768,767
5214,767,768,769
5215,768,771,770
5216,753,767,769
5217,753,769,762
5218,769,770,777
5219,768,770,769
5220,770,773,778
5221,740,771,768
5222,741,772,771
5223,771,772,773
5224,772,775,774
5225,771,773,770
5226,772,774,773
5227,773,774,781
5228,742,775,772
5229,774,775,776
5230,774,776,782
5231,762,769,777
5232,770,778,777
5233,773,781,778
5234,762,777,765
5235,777,778,779
5236,778,781,780
5237,765,777,779
5238,765,779,1303
5239,779,780,1307
5240,778,780,779
5241,780,781,783
5242,780,783,1308
5243,774,782,781
5244,781,782,783
5245,782,803,784
5246,776,803,782
5247,782,784,783
5248,783,784,1309
5249,784,803,804
5250,784,804,1313
5251,256,785,734
5252,734,785,735
5253,735,786,787
5254,735,785,786
5255,785,791,786
5256,260,791,785
5257,786,791,792
5258,786,792,789
5259,787,786,789
5260,787,789,788
5261,788,790,799
5262,789,795,790
5263,788,789,790
5264,260,268,791
5265,268,793,791
5266,791,793,792
5267,792,794,795
5268,268,371,793
5269,792,793,794
5270,793,1634,794
5271,792,795,789
5272,795,797,796
5273,790,795,796
5274,790,796,801
5275,794,797,795
5276,794,1635,797
5277,796,797,798
5278,796,798,807
5279,788,799,775
5280,775,799,776
5281,776,800,803
5282,776,799,800
5283,790,801,799
5284,799,801,800
5285,800,802,805
5286,800,801,802
5287,803,800,805
5288,803,805,804
5289,804,805,806
5290,804,806,1410
5291,802,809,805
5292,805,809,806
5293,806,810,1412
5294,796,807,801
5295,801,807,802
5296,802,808,809
5297,802,807,808
5298,807,1646,808
5299,798,1646,807
5300,808,1646,1647
5301,808,1647,811
5302,809,808,811
5303,809,811,810
5304,806,809,810
5305,810,811,1649
5306,810,1649,1435
5307,630,812,813
5308,631,813,814
5309,632,814,815
5310,633,815,816
5311,634,816,817
5312,635,817,818
5313,636,818,873
5314,812,820,813
5315,813,881,814
5316,814,882,815
5317,815,883,816
5318,812,819,820
5319,813,820,881
5320,814,881,882
5321,642,821,812
5322,812,821,819
5323,821,822,823
5324,643,822,821
5325,757,1295,822
5326,822,1295,824
5327,819,821,823
5328,819,823,896
5329,823,824,938
5330,822,824,823
5331,824,1295,1298
5332,824,1298,992
5333,637,873,874
5334,638,874,875
5335,639,875,876
5336,699,876,877
5337,700,877,878
5338,816,884,817
5339,817,885,818
5340,818,886,873
5341,873,887,874
5342,874,888,875
5343,875,890,876
5344,876,891,877
5345,877,892,878
5346,815,882,883
5347,816,883,884
5348,817,884,885
5349,818,885,886
5350,873,886,887
5351,874,887,888
5352,875,888,890
5353,876,890,891
5354,819,897,820
5355,820,898,881
5356,881,899,882
5357,882,900,883
5358,883,901,884
5359,884,902,885
5360,885,903,886
5361,886,904,887
5362,877,891,892
5363,887,905,888
5364,888,906,890
5365,890,907,891
5366,891,908,892
5367,819,896,897
5368,820,897,898
5369,881,898,899
5370,882,899,900
5371,883,900,901
5372,884,901,902
5373,885,902,903
5374,886,903,904
5375,887,904,905
5376,888,905,906
5377,890,906,907
5378,891,907,908
5379,823,938,896
5380,896,926,897
5381,896,938,926
5382,897,927,898
5383,897,926,927
5384,898,927,928
5385,898,928,899
5386,926,929,927
5387,927,930,928
5388,927,929,930
5389,899,928,931
5390,899,931,900
5391,900,931,933
5392,900,933,901
5393,928,932,931
5394,928,930,932
5395,931,934,933
5396,931,932,934
5397,929,935,930
5398,926,939,929
5399,930,936,932
5400,930,935,936
5401,932,937,934
5402,932,936,937
5403,935,940,936
5404,936,941,937
5405,936,940,941
5406,926,938,939
5407,938,992,939
5408,929,943,935
5409,929,939,943
5410,940,942,941
5411,935,993,940
5412,935,943,993
5413,940,994,942
5414,940,993,994
5415,901,933,944
5416,901,944,902
5417,902,944,946
5418,902,946,903
5419,933,945,944
5420,933,934,945
5421,944,948,946
5422,944,945,948
5423,903,946,947
5424,903,947,904
5425,904,947,953
5426,904,953,905
5427,946,949,947
5428,946,948,949
5429,947,955,953
5430,947,949,955
5431,934,950,945
5432,934,937,950
5433,945,951,948
5434,945,950,951
5435,937,965,950
5436,937,941,965
5437,950,967,951
5438,950,965,967
5439,948,952,949
5440,948,951,952
5441,949,961,955
5442,949,952,961
5443,951,968,952
5444,951,967,968
5445,952,976,961
5446,952,968,976
5447,905,954,906
5448,905,953,954
5449,906,957,907
5450,906,954,957
5451,953,956,954
5452,953,955,956
5453,954,959,957
5454,954,956,959
5455,907,958,908
5456,907,957,958
5457,957,960,958
5458,957,959,960
5459,955,962,956
5460,955,961,962
5461,956,963,959
5462,956,962,963
5463,961,977,962
5464,961,976,977
5465,962,980,963
5466,962,977,980
5467,959,964,960
5468,959,963,964
5469,963,981,964
5470,963,980,981
5471,941,966,965
5472,941,942,966
5473,965,969,967
5474,965,966,969
5475,942,971,966
5476,966,971,972
5477,966,972,969
5478,967,970,968
5479,967,969,970
5480,968,978,976
5481,968,970,978
5482,969,972,973
5483,969,973,970
5484,970,973,984
5485,970,984,978
5486,971,974,972
5487,942,995,971
5488,972,974,975
5489,972,975,973
5490,973,975,986
5491,973,986,984
5492,974,1000,975
5493,975,1002,986
5494,976,979,977
5495,976,978,979
5496,977,982,980
5497,977,979,982
5498,978,985,979
5499,978,984,985
5500,979,988,982
5501,979,985,988
5502,980,983,981
5503,980,982,983
5504,982,989,983
5505,982,988,989
5506,984,987,985
5507,984,986,987
5508,985,990,988
5509,985,987,990
5510,986,1003,987
5511,987,1006,990
5512,988,991,989
5513,988,990,991
5514,990,1007,991
5515,824,992,938
5516,939,992,996
5517,939,996,943
5518,943,997,993
5519,942,994,995
5520,943,996,997
5521,993,998,994
5522,994,999,995
5523,992,1298,1315
5524,992,1315,996
5525,996,1315,1316
5526,993,997,998
5527,994,998,999
5528,996,1316,997
5529,997,1318,998
5530,995,999,1317
5531,971,1001,974
5532,995,1001,971
5533,975,1000,1002
5534,1000,1004,1002
5535,974,1015,1000
5536,974,1001,1015
5537,1000,1016,1004
5538,1000,1015,1016
5539,986,1002,1003
5540,1002,1005,1003
5541,987,1003,1006
5542,1003,1008,1006
5543,1002,1004,1005
5544,1004,1010,1005
5545,1003,1005,1008
5546,1005,1011,1008
5547,990,1006,1007
5548,1006,1009,1007
5549,1006,1008,1009
5550,1008,1012,1009
5551,1005,1010,1011
5552,1010,1013,1011
5553,1004,1018,1010
5554,1008,1011,1012
5555,1011,1014,1012
5556,1011,1013,1014
5557,995,1317,1001
5558,1004,1016,1018
5559,1001,1324,1015
5560,1001,1317,1324
5561,1015,1325,1016
5562,1010,1327,1013
5563,1010,1018,1327
5564,1013,1017,1014
5565,1013,1328,1017
5566,1013,1327,1328
5567,1017,1328,1032
5568,1032,1328,1346
5569,1032,1346,1044
5570,1044,1346,1348
5571,1044,1348,1088
5572,1088,1348,1382
5573,1088,1382,1092
5574,1092,1382,1384
5575,1092,1384,1104
5576,1104,1384,1391
5577,1104,1391,1107
5578,1107,1391,1393
5579,1107,1393,1712
5580,1712,1393,2145
5581,758,1296,1295
5582,1295,1296,1298
5583,759,1297,1296
5584,1296,1297,1299
5585,1297,1301,1300
5586,1296,1299,1298
5587,1298,1299,1315
5588,1297,1300,1299
5589,1299,1300,1320
5590,1300,1304,1332
5591,763,1301,1297
5592,764,1302,1301
5593,1301,1302,1304
5594,765,1303,1302
5595,1302,1303,1305
5596,1303,1307,1306
5597,1300,1301,1304
5598,1302,1305,1304
5599,1304,1305,1354
5600,1303,1306,1305
5601,1305,1306,1359
5602,1306,1310,1369
5603,779,1307,1303
5604,1307,1308,1310
5605,780,1308,1307
5606,783,1309,1308
5607,1308,1309,1311
5608,1306,1307,1310
5609,1308,1311,1310
5610,1310,1311,1413
5611,1309,1312,1311
5612,1311,1312,1421
5613,784,1313,1309
5614,1309,1313,1312
5615,1312,1313,1314
5616,1312,1314,1424
5617,1315,1320,1316
5618,997,1316,1318
5619,998,1318,1319
5620,998,1319,999
5621,999,1322,1317
5622,1316,1321,1318
5623,999,1319,1322
5624,1317,1322,1323
5625,1299,1320,1315
5626,1316,1320,1321
5627,1318,1333,1319
5628,1318,1321,1333
5629,1319,1333,1334
5630,1319,1334,1322
5631,1322,1335,1323
5632,1015,1324,1325
5633,1016,1326,1018
5634,1016,1325,1326
5635,1317,1323,1324
5636,1324,1329,1325
5637,1018,1326,1330
5638,1018,1330,1327
5639,1327,1331,1328
5640,1327,1330,1331
5641,1323,1329,1324
5642,1325,1329,1340
5643,1325,1340,1326
5644,1326,1341,1330
5645,1326,1340,1341
5646,1330,1342,1331
5647,1331,1342,1347
5648,1300,1332,1320
5649,1320,1332,1321
5650,1321,1332,1337
5651,1321,1337,1333
5652,1322,1334,1335
5653,1323,1335,1336
5654,1333,1338,1334
5655,1333,1337,1338
5656,1334,1339,1335
5657,1304,1354,1332
5658,1332,1354,1337
5659,1334,1338,1339
5660,1335,1356,1336
5661,1335,1339,1356
5662,1337,1355,1338
5663,1336,1356,1357
5664,1323,1336,1329
5665,1329,1343,1340
5666,1330,1341,1342
5667,1336,1343,1329
5668,1340,1343,1344
5669,1340,1344,1341
5670,1341,1345,1342
5671,1342,1345,1350
5672,1336,1357,1343
5673,1341,1344,1345
5674,1343,1363,1344
5675,1328,1331,1346
5676,1346,1347,1348
5677,1331,1347,1346
5678,1347,1350,1349
5679,1348,1349,1382
5680,1347,1349,1348
5681,1349,1352,1383
5682,1347,1342,1350
5683,1350,1351,1352
5684,1345,1351,1350
5685,1351,1353,1352
5686,1350,1352,1349
5687,1352,1353,1386
5688,1353,1387,1386
5689,1337,1354,1355
5690,1354,1359,1355
5691,1338,1358,1339
5692,1338,1355,1358
5693,1339,1360,1356
5694,1339,1358,1360
5695,1356,1361,1357
5696,1356,1360,1361
5697,1305,1359,1354
5698,1355,1359,1365
5699,1355,1365,1358
5700,1358,1366,1360
5701,1357,1361,1362
5702,1358,1365,1366
5703,1360,1367,1361
5704,1357,1363,1343
5705,1344,1363,1364
5706,1344,1364,1345
5707,1357,1362,1363
5708,1345,1364,1351
5709,1351,1364,1375
5710,1363,1373,1364
5711,1362,1373,1363
5712,1364,1373,1375
5713,1375,1373,1377
5714,1306,1369,1359
5715,1359,1369,1365
5716,1365,1369,1370
5717,1360,1366,1367
5718,1361,1368,1362
5719,1361,1367,1368
5720,1365,1370,1366
5721,1366,1372,1367
5722,1362,1368,1371
5723,1369,1413,1370
5724,1366,1370,1372
5725,1367,1372,1415
5726,1367,1415,1368
5727,1368,1416,1371
5728,1368,1415,1416
5729,1362,1371,1373
5730,1371,1377,1373
5731,1371,1374,1377
5732,1371,1416,1374
5733,1416,1419,1374
5734,1351,1375,1353
5735,1353,1375,1376
5736,1375,1377,1376
5737,1377,1378,1376
5738,1353,1376,1387
5739,1387,1376,1400
5740,1378,1400,1376
5741,1378,1380,1400
5742,1374,1378,1377
5743,1374,1379,1378
5744,1374,1419,1379
5745,1379,1419,1428
5746,1378,1379,1380
5747,1379,1381,1380
5748,1379,1428,1381
5749,1381,1428,1430
5750,1382,1383,1384
5751,1349,1383,1382
5752,1383,1386,1385
5753,1384,1385,1391
5754,1383,1385,1384
5755,1385,1392,1391
5756,1385,1388,1392
5757,1383,1352,1386
5758,1386,1388,1385
5759,1386,1387,1388
5760,1387,1389,1388
5761,1388,1389,1395
5762,1392,1388,1395
5763,1389,1390,1395
5764,1391,1392,1393
5765,1392,1394,1393
5766,1392,1395,1394
5767,1393,1394,2145
5768,1394,1397,2146
5769,1394,2146,2145
5770,1390,1397,1395
5771,1395,1397,1394
5772,1390,1396,1397
5773,1396,1398,1397
5774,2146,1397,1398
5775,1396,1399,1398
5776,1387,1400,1389
5777,1400,1401,1389
5778,1400,1380,1401
5779,1401,1380,1403
5780,1401,1390,1389
5781,1401,1402,1390
5782,1401,1403,1402
5783,1403,1405,1402
5784,1380,1381,1403
5785,1381,1404,1403
5786,1381,1430,1404
5787,1404,1430,1436
5788,1404,1436,1406
5789,1403,1404,1405
5790,1404,1406,1405
5791,1405,1406,1409
5792,1390,1402,1396
5793,1396,1402,1407
5794,1402,1405,1407
5795,1407,1405,1409
5796,1396,1407,1399
5797,1399,1407,1408
5798,1407,1409,1408
5799,1406,1436,2169
5800,1406,2157,1409
5801,1406,2169,2157
5802,804,1410,1313
5803,1313,1410,1314
5804,1314,1410,1411
5805,1314,1411,1433
5806,806,1412,1410
5807,1410,1412,1411
5808,1411,1412,1434
5809,1411,1434,1440
5810,1369,1310,1413
5811,1370,1413,1414
5812,1370,1414,1372
5813,1372,1417,1415
5814,1372,1414,1417
5815,1415,1417,1418
5816,1415,1418,1416
5817,1311,1421,1413
5818,1413,1421,1414
5819,1414,1421,1422
5820,1414,1422,1417
5821,1417,1423,1418
5822,1417,1422,1423
5823,1418,1423,1420
5824,1416,1418,1419
5825,1418,1420,1419
5826,1420,1426,1429
5827,1421,1424,1422
5828,1422,1425,1423
5829,1423,1425,1426
5830,1312,1424,1421
5831,1422,1424,1425
5832,1424,1433,1425
5833,1423,1426,1420
5834,1426,1427,1432
5835,1425,1427,1426
5836,1419,1420,1428
5837,1428,1429,1430
5838,1420,1429,1428
5839,1429,1432,1431
5840,1430,1431,1436
5841,1429,1431,1430
5842,1429,1426,1432
5843,1427,1437,1432
5844,1314,1433,1424
5845,1425,1433,1427
5846,1433,1440,1427
5847,1433,1411,1440
5848,1427,1440,1437
5849,810,1435,1412
5850,1412,1435,1434
5851,1434,1435,2167
5852,1434,2167,1441
5853,1431,1438,1436
5854,1431,1439,1438
5855,1432,1439,1431
5856,1432,1437,1439
5857,1436,1438,2169
5858,1437,2170,1439
5859,1439,2172,1438
5860,1440,1434,1441
5861,1440,1441,1437
5862,1437,1441,2170
5863,303,1488,304
5864,304,1489,309
5865,304,1488,1489
5866,1488,1493,1489
5867,1489,1493,1505
5868,1493,1497,1505
5869,1505,1497,1511
5870,1497,1502,1511
5871,1511,1502,1513
5872,309,1489,1503
5873,309,1503,1504
5874,1503,1506,1504
5875,1489,1505,1503
5876,1505,1507,1503
5877,1503,1507,1506
5878,1507,1509,1506
5879,1504,1506,1508
5880,1506,1510,1508
5881,1508,1510,1590
5882,1590,1510,1592
5883,1506,1509,1510
5884,1509,1516,1510
5885,1510,1516,1592
5886,1592,1516,1598
5887,1505,1511,1507
5888,1511,1512,1507
5889,1507,1512,1509
5890,1509,1512,1515
5891,1511,1513,1512
5892,1512,1514,1515
5893,1513,1514,1512
5894,1509,1515,1516
5895,1515,1518,1516
5896,1516,1518,1598
5897,1598,1518,1600
5898,1515,1517,1518
5899,1515,1514,1517
5900,1518,1572,1600
5901,1517,1572,1518
5902,1502,1558,1513
5903,1558,1563,1567
5904,1513,1567,1514
5905,1513,1558,1567
5906,1514,1568,1517
5907,1514,1567,1568
5908,1567,1563,1569
5909,1567,1569,1568
5910,1568,1569,1570
5911,1517,1571,1572
5912,1517,1568,1571
5913,1572,1574,1616
5914,1571,1574,1572
5915,1568,1570,1571
5916,1571,1573,1574
5917,1571,1570,1573
5918,1574,1575,1618
5919,1573,1575,1574
5920,1563,1577,1569
5921,1577,1578,1569
5922,1569,1578,1570
5923,1570,1578,1579
5924,1577,1584,1578
5925,1584,1585,1578
5926,1578,1585,1579
5927,1579,1585,1588
5928,1570,1579,1573
5929,1573,1579,1586
5930,1573,1586,1575
5931,1575,1586,1587
5932,1579,1588,1586
5933,1588,1589,1586
5934,1586,1589,1587
5935,1587,1589,2067
5936,1590,1592,1591
5937,1592,1593,1591
5938,1591,1593,1594
5939,1594,1593,1596
5940,1592,1598,1593
5941,1598,1599,1593
5942,1593,1599,1596
5943,1594,1596,1595
5944,1596,1597,1595
5945,1595,1597,1606
5946,1596,1599,1602
5947,1596,1602,1597
5948,1597,1602,1603
5949,1597,1603,1608
5950,1598,1600,1599
5951,1600,1601,1599
5952,1599,1601,1602
5953,1600,1616,1601
5954,1600,1572,1616
5955,1601,1617,1604
5956,1616,1617,1601
5957,1602,1601,1604
5958,1602,1604,1603
5959,1604,1605,1603
5960,1603,1605,1612
5961,1604,1617,1620
5962,1604,1620,1605
5963,1605,1620,1626
5964,330,1595,1606
5965,1606,1608,1607
5966,331,1606,1607
5967,1606,1597,1608
5968,1608,1612,1609
5969,1608,1609,1607
5970,334,1607,1610
5971,1607,1609,1610
5972,335,1610,3881
5973,1610,1611,3881
5974,1609,1611,1610
5975,1609,1614,1611
5976,1608,1603,1612
5977,1612,1614,1609
5978,1612,1613,1614
5979,1612,1605,1613
5980,1605,1626,1613
5981,1611,1614,3884
5982,1614,1615,3884
5983,1613,1615,1614
5984,1613,1628,1615
5985,1616,1618,1617
5986,1616,1574,1618
5987,1617,1619,1620
5988,1618,1619,1617
5989,1618,1622,1619
5990,1575,1622,1618
5991,1622,1624,1619
5992,1620,1619,1621
5993,1620,1621,1626
5994,1619,1624,1621
5995,1621,1624,1630
5996,1575,1587,1622
5997,1622,1587,1623
5998,1622,1623,1624
5999,1587,2067,1623
6000,1623,2067,2071
6001,1624,1623,1625
6002,1624,1625,1630
6003,1623,2071,1625
6004,1625,2071,2113
6005,1626,1621,1627
6006,1613,1626,1628
6007,1626,1627,1628
6008,1621,1630,1627
6009,1615,1628,3895
6010,1628,1629,3895
6011,1628,1627,1629
6012,1627,1632,1629
6013,1630,1625,1631
6014,1630,1632,1627
6015,1630,1631,1632
6016,1625,2113,1631
6017,1631,2113,2115
6018,1629,1632,3899
6019,1632,1633,3899
6020,1632,1631,1633
6021,1631,2115,1633
6022,371,1634,793
6023,371,374,1634
6024,794,1634,1635
6025,374,1636,1634
6026,1634,1636,1635
6027,1635,1636,1637
6028,797,1635,1638
6029,797,1638,798
6030,798,1638,1640
6031,1635,1637,1638
6032,1637,1639,1638
6033,1638,1639,1640
6034,1640,1639,1644
6035,374,1641,1636
6036,1636,1641,1642
6037,1636,1642,1637
6038,1637,1642,1643
6039,1641,1655,1642
6040,1642,1655,1656
6041,1642,1656,1643
6042,1643,1656,1659
6043,1637,1643,1639
6044,1639,1643,1645
6045,1639,1645,1644
6046,1643,1659,1645
6047,1644,1645,1665
6048,798,1640,1646
6049,1646,1640,1648
6050,1646,1648,1647
6051,1640,1644,1648
6052,1647,1648,1651
6053,1647,1650,811
6054,811,1650,1649
6055,1647,1651,1650
6056,1649,1650,1653
6057,1644,1652,1648
6058,1648,1652,1651
6059,1644,1665,1652
6060,1651,1652,1667
6061,1651,1654,1650
6062,1650,1654,1653
6063,1651,1667,1654
6064,1653,1654,2202
6065,1655,1657,1656
6066,1656,1658,1659
6067,1656,1657,1658
6068,1657,1661,1658
6069,1659,1658,1663
6070,1645,1659,1660
6071,1645,1660,1665
6072,1659,1663,1660
6073,1665,1660,1669
6074,441,1661,1657
6075,1658,1661,1662
6076,1658,1662,1663
6077,450,4007,1661
6078,1661,4007,1662
6079,1660,1663,1664
6080,1660,1664,1669
6081,1662,4008,1663
6082,1663,4008,1664
6083,1652,1665,1666
6084,1652,1666,1667
6085,1665,1669,1666
6086,1666,1671,1667
6087,1654,1667,1668
6088,1654,1668,2202
6089,1667,1671,1668
6090,1668,2210,2202
6091,1666,1669,1670
6092,1666,1670,1671
6093,1664,4014,1669
6094,1669,4014,1670
6095,1668,1671,1672
6096,1668,1672,2210
6097,1670,4015,1671
6098,1671,4015,1672
6099,1712,2145,1714
6100,2145,2147,1714
6101,1714,2147,1725
6102,1725,2147,2153
6103,1725,2153,1727
6104,1727,2153,2154
6105,1727,2154,1784
6106,1784,2154,2156
6107,1584,1742,1585
6108,1585,1742,1743
6109,1585,1743,1588
6110,1588,1743,1751
6111,1742,1749,1743
6112,1749,1750,1743
6113,1743,1750,1751
6114,1588,1751,1589
6115,1589,1751,2068
6116,1751,1750,1752
6117,1751,1752,2068
6118,1749,1758,1750
6119,1750,1758,1772
6120,1750,1772,1752
6121,1752,1772,2073
6122,1758,1773,1843
6123,1773,1774,1844
6124,1774,1775,1845
6125,1775,1776,1846
6126,1776,1777,1847
6127,1777,1778,1848
6128,1778,1779,1849
6129,1784,2156,1786
6130,1779,1780,1850
6131,1780,1781,1851
6132,1781,1782,1852
6133,1782,1783,1853
6134,1783,1786,1854
6135,1786,2156,2163
6136,1758,1843,1772
6137,1773,1844,1843
6138,1774,1845,1844
6139,1775,1846,1845
6140,1776,1847,1846
6141,1777,1848,1847
6142,1778,1849,1848
6143,1779,1850,1849
6144,1772,1843,2077
6145,1843,1844,2078
6146,1844,1845,2079
6147,1845,1846,2080
6148,1772,2077,2073
6149,1843,2078,2077
6150,1844,2079,2078
6151,1845,2080,2079
6152,1846,1847,2081
6153,1847,1848,2082
6154,1848,1849,2083
6155,1846,2081,2080
6156,1847,2082,2081
6157,1848,2083,2082
6158,1849,2084,2083
6159,1780,1851,1850
6160,1781,1852,1851
6161,1782,1853,1852
6162,1783,1854,1853
6163,1786,2163,1854
6164,1849,1850,2084
6165,1850,1851,2085
6166,1851,1852,2086
6167,1852,1853,2087
6168,1850,2085,2084
6169,1851,2086,2085
6170,1852,2087,2086
6171,1853,1854,2088
6172,1853,2088,2087
6173,1854,2163,2182
6174,1589,2068,2067
6175,2068,2069,2067
6176,2067,2069,2071
6177,2068,2070,2069
6178,2068,1752,2070
6179,2070,2074,2069
6180,2069,2072,2071
6181,2071,2072,2113
6182,2069,2074,2072
6183,2072,2074,2117
6184,1752,2073,2070
6185,2070,2075,2074
6186,2073,2075,2070
6187,2075,2076,2074
6188,2074,2076,2117
6189,2073,2077,2089
6190,2077,2078,2090
6191,2078,2079,2091
6192,2079,2080,2092
6193,2080,2081,2093
6194,2081,2082,2094
6195,2082,2083,2095
6196,2083,2084,2103
6197,2084,2085,2104
6198,2085,2086,2105
6199,2086,2087,2106
6200,1854,2182,2088
6201,2087,2088,2107
6202,2073,2089,2075
6203,2077,2090,2089
6204,2078,2091,2090
6205,2079,2092,2091
6206,2080,2093,2092
6207,2081,2094,2093
6208,2082,2095,2094
6209,2083,2103,2095
6210,2084,2104,2103
6211,2085,2105,2104
6212,2086,2106,2105
6213,2087,2107,2106
6214,2088,2182,2186
6215,2088,2186,2107
6216,2075,2089,2096
6217,2089,2090,2097
6218,2090,2091,2098
6219,2091,2092,2099
6220,2092,2093,2100
6221,2093,2094,2101
6222,2094,2095,2102
6223,2075,2096,2076
6224,2089,2097,2096
6225,2090,2098,2097
6226,2091,2099,2098
6227,2092,2100,2099
6228,2093,2101,2100
6229,2094,2102,2101
6230,2095,2108,2102
6231,2095,2103,2108
6232,2103,2104,2109
6233,2104,2105,2110
6234,2105,2106,2111
6235,2106,2107,2112
6236,2103,2109,2108
6237,2104,2110,2109
6238,2105,2111,2110
6239,2106,2112,2111
6240,2107,2186,2190
6241,2107,2190,2112
6242,2113,2072,2114
6243,2113,2114,2115
6244,2072,2117,2114
6245,2114,2117,2119
6246,1633,2115,4034
6247,2115,2116,4034
6248,2115,2114,2116
6249,2114,2119,2116
6250,2076,2118,2117
6251,2117,2118,2119
6252,2119,2118,2120
6253,2116,2119,4039
6254,2119,2120,4039
6255,2076,2096,2121
6256,2096,2097,2122
6257,2097,2098,2123
6258,2098,2099,2124
6259,2076,2121,2118
6260,2096,2122,2121
6261,2097,2123,2122
6262,2098,2124,2123
6263,2099,2100,2125
6264,2100,2101,2126
6265,2101,2102,2127
6266,2099,2125,2124
6267,2100,2126,2125
6268,2101,2127,2126
6269,2102,2128,2127
6270,2102,2108,2128
6271,2108,2109,2129
6272,2109,2110,2130
6273,2110,2111,2131
6274,2108,2129,2128
6275,2109,2130,2129
6276,2110,2131,2130
6277,2111,2112,2132
6278,2111,2132,2131
6279,2112,2195,2132
6280,2112,2190,2195
6281,2118,2121,2133
6282,2121,2122,2134
6283,2122,2123,2135
6284,2123,2124,2136
6285,2118,2133,2120
6286,2121,2134,2133
6287,2122,2135,2134
6288,2123,2136,2135
6289,2124,2125,2137
6290,2125,2126,2138
6291,2126,2127,2139
6292,2124,2137,2136
6293,2125,2138,2137
6294,2126,2139,2138
6295,2127,2140,2139
6296,2120,2133,4044
6297,2133,2134,4045
6298,2134,2135,4046
6299,2135,2136,4047
6300,2136,2137,4048
6301,2137,2138,4049
6302,2138,2139,4050
6303,2127,2128,2140
6304,2128,2129,2141
6305,2129,2130,2142
6306,2130,2131,2143
6307,2128,2141,2140
6308,2129,2142,2141
6309,2130,2143,2142
6310,2131,2132,2144
6311,2131,2144,2143
6312,2132,2195,4581
6313,2132,4581,2144
6314,2139,2140,4051
6315,2140,2141,4052
6316,2141,2142,4053
6317,2142,2143,4054
6318,2143,2144,4055
6319,2145,2146,2147
6320,2146,1398,2148
6321,2146,2148,2147
6322,2147,2148,2153
6323,2150,2149,2148
6324,2148,2149,2153
6325,1399,2150,1398
6326,1398,2150,2148
6327,1399,2151,2150
6328,2150,2151,2152
6329,2150,2152,2149
6330,2153,2149,2154
6331,2149,2152,2155
6332,2149,2155,2154
6333,2155,2156,2154
6334,2151,2160,2152
6335,2155,2152,2161
6336,2152,2160,2161
6337,1399,1408,2151
6338,1409,2159,1408
6339,2151,1408,2158
6340,1408,2159,2158
6341,1409,2157,2159
6342,2169,2176,2157
6343,2151,2158,2160
6344,2157,2164,2159
6345,2157,2176,2164
6346,2155,2162,2156
6347,2155,2161,2162
6348,2156,2162,2163
6349,2160,2183,2161
6350,2162,2161,2184
6351,2161,2183,2184
6352,2159,2166,2158
6353,2160,2158,2165
6354,2158,2166,2165
6355,2159,2164,2166
6356,2164,2176,2180
6357,2160,2165,2183
6358,2166,2189,2165
6359,2164,2187,2166
6360,2164,2180,2187
6361,1649,2168,1435
6362,1435,2168,2167
6363,1649,1653,2168
6364,2167,2168,2174
6365,1438,2171,2169
6366,1438,2172,2171
6367,1439,2170,2172
6368,2169,2171,2176
6369,2170,2177,2172
6370,2172,2178,2171
6371,1441,2167,2173
6372,1441,2173,2170
6373,2167,2174,2173
6374,2170,2173,2177
6375,1653,2175,2168
6376,2168,2175,2174
6377,1653,2202,2175
6378,2174,2175,2208
6379,2171,2179,2176
6380,2171,2178,2179
6381,2172,2177,2178
6382,2176,2179,2180
6383,2177,2204,2178
6384,2178,2205,2179
6385,2173,2174,2181
6386,2177,2173,2181
6387,2177,2181,2204
6388,2174,2208,2181
6389,2162,2185,2163
6390,2162,2184,2185
6391,2163,2185,2182
6392,2183,2193,2184
6393,2182,2191,2186
6394,2182,2185,2191
6395,2185,2194,2191
6396,2184,2194,2185
6397,2184,2193,2194
6398,2183,2165,2188
6399,2166,2187,2189
6400,2165,2189,2188
6401,2180,2207,2187
6402,2183,2188,2193
6403,2189,2200,2188
6404,2187,2199,2189
6405,2187,2207,2199
6406,2186,2192,2190
6407,2186,2191,2192
6408,2191,2197,2192
6409,2191,2194,2197
6410,2193,2198,2194
6411,2190,2196,2195
6412,2190,2192,2196
6413,2195,4583,4581
6414,2192,4584,2196
6415,2195,2196,4583
6416,2194,2198,2197
6417,2192,2197,4584
6418,2193,2188,2201
6419,2188,2200,2201
6420,2189,2199,2200
6421,2199,2207,2215
6422,2193,2201,2198
6423,2200,4591,2201
6424,2199,4590,2200
6425,2199,2215,4590
6426,2175,2202,2203
6427,2175,2203,2208
6428,2202,2210,2203
6429,2203,2216,2208
6430,2179,2206,2180
6431,2179,2205,2206
6432,2178,2204,2205
6433,2180,2206,2207
6434,2204,2212,2205
6435,2205,2213,2206
6436,2205,2212,2213
6437,2181,2208,2209
6438,2204,2181,2209
6439,2208,2216,2209
6440,2204,2209,2212
6441,2203,2210,2211
6442,2203,2211,2216
6443,1672,4605,2210
6444,2210,4605,2211
6445,2206,2214,2207
6446,2206,2213,2214
6447,2207,2214,2215
6448,2212,4607,2213
6449,2214,2213,4608
6450,2213,4607,4608
6451,2209,2216,2217
6452,2212,2209,2217
6453,2211,4611,2216
6454,2216,4611,2217
6455,2212,2217,4607
6456,2224,2225,2226
6457,2224,2226,2227
6458,2226,2228,2227
6459,2227,2228,2229
6460,2228,2230,2229
6461,2229,2230,2566
6462,2230,2568,2566
6463,2224,2231,2225
6464,2225,2231,2232
6465,2233,2232,2231
6466,2233,2234,2232
6467,2225,2232,2235
6468,2225,2236,2226
6469,2226,2237,2228
6470,2225,2235,2236
6471,2226,2236,2237
6472,2232,2238,2235
6473,2235,2238,2257
6474,2235,2258,2236
6475,2236,2259,2237
6476,2235,2257,2258
6477,2236,2258,2259
6478,2237,2259,2260
6479,2257,2238,2265
6480,2232,2234,2238
6481,2234,2249,2238
6482,2238,2249,2265
6483,2265,2249,2289
6484,2228,2237,2243
6485,2228,2243,2230
6486,2237,2260,2243
6487,2260,2277,2243
6488,2230,2243,2244
6489,2230,2244,2568
6490,2243,2277,2244
6491,2277,2279,2244
6492,2244,2279,2591
6493,2233,2245,2234
6494,2245,2246,2234
6495,2245,2247,2246
6496,2247,2248,2246
6497,2234,2246,2249
6498,2246,2250,2249
6499,2249,2250,2289
6500,2289,2250,2252
6501,2246,2248,2250
6502,2248,2251,2250
6503,2250,2251,2252
6504,2251,2723,2252
6505,2257,2262,2258
6506,2258,2263,2259
6507,2257,2261,2262
6508,2258,2262,2263
6509,2259,2264,2260
6510,2259,2263,2264
6511,2257,2265,2261
6512,2265,2266,2261
6513,2261,2268,2262
6514,2262,2269,2263
6515,2263,2270,2264
6516,2261,2266,2267
6517,2265,2289,2266
6518,2289,2290,2266
6519,2266,2290,2275
6520,2261,2267,2268
6521,2262,2268,2269
6522,2263,2269,2270
6523,2267,2272,2268
6524,2268,2273,2269
6525,2269,2274,2270
6526,2266,2275,2267
6527,2275,2271,2267
6528,2267,2271,2272
6529,2268,2272,2273
6530,2269,2273,2274
6531,2275,2290,2292
6532,2275,2292,2276
6533,2275,2276,2271
6534,2276,2293,2433
6535,2260,2264,2278
6536,2260,2278,2277
6537,2277,2278,2280
6538,2264,2282,2278
6539,2278,2283,2280
6540,2277,2280,2279
6541,2279,2280,2281
6542,2280,2287,2281
6543,2264,2270,2282
6544,2278,2282,2283
6545,2270,2284,2282
6546,2282,2285,2283
6547,2280,2283,2287
6548,2283,2286,2287
6549,2270,2274,2284
6550,2282,2284,2285
6551,2283,2285,2286
6552,2281,2287,2614
6553,2287,2288,2614
6554,2286,2288,2287
6555,2288,2616,2614
6556,2289,2252,2290
6557,2252,2291,2290
6558,2290,2291,2292
6559,2292,2291,2294
6560,2252,2723,2291
6561,2291,2723,2743
6562,2291,2743,2294
6563,2294,2743,2745
6564,2292,2294,2293
6565,2276,2292,2293
6566,2293,2295,2462
6567,2294,2745,2295
6568,2294,2295,2293
6569,2295,2746,2464
6570,2271,2276,2429
6571,2271,2430,2272
6572,2272,2431,2273
6573,2271,2429,2430
6574,2272,2430,2431
6575,2273,2432,2274
6576,2273,2431,2432
6577,2429,2433,2435
6578,2429,2436,2430
6579,2430,2437,2431
6580,2431,2438,2432
6581,2429,2435,2436
6582,2430,2436,2437
6583,2431,2437,2438
6584,2276,2433,2429
6585,2435,2433,2434
6586,2433,2462,2434
6587,2435,2440,2436
6588,2436,2441,2437
6589,2437,2442,2438
6590,2435,2439,2440
6591,2436,2440,2441
6592,2437,2441,2442
6593,2439,2469,2440
6594,2440,2470,2441
6595,2441,2471,2442
6596,2435,2434,2439
6597,2434,2443,2439
6598,2439,2443,2468
6599,2443,2472,2468
6600,2274,2444,2284
6601,2274,2432,2444
6602,2284,2444,2445
6603,2284,2445,2285
6604,2285,2446,2286
6605,2285,2445,2446
6606,2286,2446,2447
6607,2286,2447,2288
6608,2432,2449,2444
6609,2444,2450,2445
6610,2445,2451,2446
6611,2432,2438,2449
6612,2444,2449,2450
6613,2445,2450,2451
6614,2446,2452,2447
6615,2447,2453,2448
6616,2446,2451,2452
6617,2447,2452,2453
6618,2288,2447,2448
6619,2288,2448,2616
6620,2453,2460,2448
6621,2448,2460,2670
6622,2438,2454,2449
6623,2449,2455,2450
6624,2450,2456,2451
6625,2438,2442,2454
6626,2449,2454,2455
6627,2450,2455,2456
6628,2451,2457,2452
6629,2452,2458,2453
6630,2451,2456,2457
6631,2452,2457,2458
6632,2453,2458,2459
6633,2442,2499,2454
6634,2454,2500,2455
6635,2455,2501,2456
6636,2456,2502,2457
6637,2457,2503,2458
6638,2458,2504,2459
6639,2453,2459,2460
6640,2460,2459,2461
6641,2459,2505,2461
6642,2293,2462,2433
6643,2434,2462,2463
6644,2462,2464,2463
6645,2295,2464,2462
6646,2463,2464,2465
6647,2464,2800,2465
6648,2434,2463,2443
6649,2443,2463,2466
6650,2463,2465,2466
6651,2443,2466,2472
6652,2472,2466,2560
6653,2465,2467,2466
6654,2465,2801,2467
6655,2466,2467,2560
6656,2560,2467,2808
6657,2439,2468,2469
6658,2440,2469,2470
6659,2441,2470,2471
6660,2468,2474,2469
6661,2469,2475,2470
6662,2470,2476,2471
6663,2468,2473,2474
6664,2469,2474,2475
6665,2470,2475,2476
6666,2472,2473,2468
6667,2473,2477,2495
6668,2473,2496,2474
6669,2474,2497,2475
6670,2475,2498,2476
6671,2472,2477,2473
6672,2473,2495,2496
6673,2474,2496,2497
6674,2475,2497,2498
6675,2442,2471,2499
6676,2454,2499,2500
6677,2455,2500,2501
6678,2471,2506,2499
6679,2499,2507,2500
6680,2500,2508,2501
6681,2456,2501,2502
6682,2457,2502,2503
6683,2458,2503,2504
6684,2501,2509,2502
6685,2502,2510,2503
6686,2503,2511,2504
6687,2471,2476,2506
6688,2499,2506,2507
6689,2500,2507,2508
6690,2501,2508,2509
6691,2502,2509,2510
6692,2503,2510,2511
6693,2459,2504,2505
6694,2504,2512,2505
6695,2461,2505,2681
6696,2505,2513,2681
6697,2504,2511,2512
6698,2505,2512,2513
6699,2513,2683,2681
6700,2476,2550,2506
6701,2506,2551,2507
6702,2507,2552,2508
6703,2508,2553,2509
6704,2509,2554,2510
6705,2510,2555,2511
6706,2511,2556,2512
6707,2512,2557,2513
6708,2513,2558,2683
6709,2476,2498,2550
6710,2506,2550,2551
6711,2507,2551,2552
6712,2508,2552,2553
6713,2509,2553,2554
6714,2510,2554,2555
6715,2511,2555,2556
6716,2512,2556,2557
6717,2513,2557,2558
6718,2558,3520,2683
6719,2558,2559,3520
6720,2472,2560,2477
6721,2560,2561,2477
6722,2560,2808,2561
6723,2477,2561,2565
6724,2477,2565,2495
6725,2566,2568,2567
6726,2567,2568,2570
6727,2567,2570,2569
6728,2569,2570,2572
6729,2569,2572,2571
6730,2571,2572,2573
6731,2571,2573,2574
6732,2573,2575,2574
6733,2574,2575,2576
6734,2575,2577,2576
6735,2576,2577,2578
6736,2577,2579,2578
6737,2578,2579,2580
6738,2579,2581,2580
6739,2580,2581,2582
6740,2581,2584,2582
6741,2582,2584,2583
6742,2244,2591,2568
6743,2568,2591,2570
6744,2570,2591,2592
6745,2279,2610,2591
6746,2591,2610,2592
6747,2570,2592,2572
6748,2572,2592,2597
6749,2610,2612,2592
6750,2592,2612,2597
6751,2572,2597,2573
6752,2573,2597,2598
6753,2612,2620,2597
6754,2597,2620,2598
6755,2620,2622,2598
6756,2573,2598,2575
6757,2575,2598,2599
6758,2598,2622,2599
6759,2599,2622,2655
6760,2279,2281,2610
6761,2281,2611,2610
6762,2610,2611,2612
6763,2281,2614,2611
6764,2612,2611,2613
6765,2612,2613,2620
6766,2611,2615,2613
6767,2614,2616,2615
6768,2611,2614,2615
6769,2615,2616,2618
6770,2613,2615,2617
6771,2615,2618,2617
6772,2617,2618,2619
6773,2620,2613,2621
6774,2620,2621,2622
6775,2613,2617,2621
6776,2621,2624,2623
6777,2622,2621,2623
6778,2622,2623,2655
6779,2623,2657,2655
6780,2623,2626,2657
6781,2617,2624,2621
6782,2617,2619,2624
6783,2619,2625,2624
6784,2623,2624,2626
6785,2624,2625,2626
6786,2626,2627,2660
6787,2625,2627,2626
6788,2575,2599,2577
6789,2577,2599,2632
6790,2599,2655,2632
6791,2632,2655,2656
6792,2577,2632,2579
6793,2579,2632,2633
6794,2579,2633,2581
6795,2632,2656,2633
6796,2656,2658,2633
6797,2583,2584,2641
6798,2583,2641,2636
6799,2639,2636,2642
6800,2581,2633,2640
6801,2581,2640,2584
6802,2633,2658,2640
6803,2636,2641,2642
6804,2584,2640,2664
6805,2584,2664,2641
6806,2639,2642,2653
6807,2639,2653,2649
6808,2649,2654,2652
6809,2649,2653,2654
6810,2653,2668,2654
6811,2652,2654,2892
6812,2654,2669,2892
6813,2655,2657,2656
6814,2656,2657,2659
6815,2657,2660,2659
6816,2656,2659,2658
6817,2658,2659,2661
6818,2626,2660,2657
6819,2659,2660,2662
6820,2627,2691,2660
6821,2660,2691,2662
6822,2659,2662,2661
6823,2658,2663,2640
6824,2640,2663,2664
6825,2658,2661,2663
6826,2641,2664,2665
6827,2641,2665,2642
6828,2642,2665,2666
6829,2664,2663,2667
6830,2664,2667,2665
6831,2642,2666,2653
6832,2653,2666,2668
6833,2661,2695,2663
6834,2663,2695,2667
6835,2665,2696,2666
6836,2665,2667,2696
6837,2666,2698,2668
6838,2666,2696,2698
6839,2654,2668,2669
6840,2669,2906,2892
6841,2668,2702,2669
6842,2698,2702,2668
6843,2669,2703,2906
6844,2669,2702,2703
6845,2448,2670,2616
6846,2616,2670,2618
6847,2618,2670,2671
6848,2460,2672,2670
6849,2670,2672,2671
6850,2618,2671,2619
6851,2619,2671,2676
6852,2672,2674,2671
6853,2671,2674,2676
6854,2674,2678,2676
6855,2460,2461,2672
6856,2461,2673,2672
6857,2672,2673,2674
6858,2461,2681,2673
6859,2674,2673,2675
6860,2674,2675,2678
6861,2673,2682,2675
6862,2619,2676,2625
6863,2625,2676,2677
6864,2676,2678,2677
6865,2625,2677,2627
6866,2627,2677,2679
6867,2627,2679,2691
6868,2678,2680,2677
6869,2675,2686,2678
6870,2678,2686,2680
6871,2677,2680,2679
6872,2679,2680,2687
6873,2679,2687,2693
6874,2681,2683,2682
6875,2673,2681,2682
6876,2675,2682,2684
6877,2675,2684,2686
6878,2682,2683,2685
6879,2682,2685,2684
6880,2683,3520,2685
6881,2684,2685,3523
6882,2684,3523,2688
6883,2680,2686,2689
6884,2680,2689,2687
6885,2684,2688,2686
6886,2686,2688,2689
6887,2689,2688,3529
6888,2687,2689,2690
6889,2687,2690,2708
6890,2689,3529,2690
6891,2662,2691,2694
6892,2661,2662,2692
6893,2662,2694,2692
6894,2679,2693,2691
6895,2691,2693,2694
6896,2693,2707,2694
6897,2692,2694,2706
6898,2694,2707,2706
6899,2661,2692,2695
6900,2695,2692,2699
6901,2695,2699,2697
6902,2695,2697,2667
6903,2667,2697,2696
6904,2698,2696,2700
6905,2696,2697,2700
6906,2698,2701,2702
6907,2692,2706,2699
6908,2697,2699,2711
6909,2697,2711,2700
6910,2698,2700,2701
6911,2700,2713,2701
6912,2702,2704,2703
6913,2703,2705,2940
6914,2702,2701,2704
6915,2701,2715,2704
6916,2703,2704,2705
6917,2704,2716,2705
6918,2687,2708,2693
6919,2693,2708,2707
6920,2706,2707,2709
6921,2707,2708,2710
6922,2690,3549,2708
6923,2708,3549,2710
6924,2707,2710,2709
6925,2709,2710,3550
6926,2706,2712,2699
6927,2699,2712,2711
6928,2700,2711,2713
6929,2706,2709,2712
6930,2701,2713,2715
6931,2711,2712,2714
6932,2711,2714,2713
6933,2709,3554,2712
6934,2712,3554,2714
6935,2709,3550,3554
6936,2713,3555,2715
6937,2713,2714,3555
6938,2715,3555,3559
6939,2704,2715,2716
6940,2705,2716,2717
6941,2715,3559,2716
6942,2716,3559,3560
6943,2716,3560,2717
6944,2717,3560,3814
6945,2247,2718,2248
6946,2248,2719,2251
6947,2718,2719,2248
6948,2718,2720,2719
6949,2719,2721,2722
6950,2720,2721,2719
6951,2251,2719,2722
6952,2251,2722,2723
6953,2722,2725,2723
6954,2721,2724,2722
6955,2722,2724,2725
6956,2724,2735,2725
6957,2720,2730,2721
6958,2730,2731,2721
6959,2721,2731,2724
6960,2730,2732,2731
6961,2732,2733,2731
6962,2731,2733,2734
6963,2724,2734,2735
6964,2724,2731,2734
6965,2734,2737,2735
6966,2734,2736,2737
6967,2734,2733,2736
6968,2736,2738,2737
6969,2723,2725,2743
6970,2725,2744,2743
6971,2743,2744,2745
6972,2745,2744,2747
6973,2725,2735,2744
6974,2735,2749,2744
6975,2744,2749,2747
6976,2747,2749,2751
6977,2745,2747,2746
6978,2747,2748,2746
6979,2295,2745,2746
6980,2746,2748,2800
6981,2747,2751,2748
6982,2748,2751,2752
6983,2748,2752,2802
6984,2735,2737,2749
6985,2737,2750,2749
6986,2749,2750,2751
6987,2751,2750,2753
6988,2737,2738,2750
6989,2738,2768,2750
6990,2750,2768,2753
6991,2751,2753,2752
6992,2753,2770,2752
6993,2752,2770,2805
6994,2732,2754,2733
6995,2754,2755,2733
6996,2733,2755,2736
6997,2754,2756,2755
6998,2756,2757,2755
6999,2755,2757,2758
7000,2758,2757,2760
7001,2736,2758,2738
7002,2736,2755,2758
7003,2738,2759,2768
7004,2738,2758,2759
7005,2758,2760,2759
7006,2760,2766,2759
7007,2759,2766,2771
7008,2756,333,2757
7009,333,2765,2757
7010,2757,2765,2760
7011,2760,2765,2767
7012,333,335,2765
7013,335,3881,2765
7014,2765,3881,2767
7015,2760,2767,2766
7016,2767,3883,2766
7017,2766,3883,2772
7018,2753,2768,2769
7019,2759,2771,2768
7020,2768,2771,2769
7021,2753,2769,2770
7022,2805,2770,2844
7023,2769,2774,2770
7024,2770,2774,2844
7025,2766,2772,2771
7026,2769,2771,2773
7027,2772,2773,2771
7028,2769,2773,2774
7029,2844,2774,2848
7030,2773,3890,2774
7031,2774,3890,2848
7032,2464,2746,2800
7033,2800,2802,2801
7034,2465,2800,2801
7035,2748,2802,2800
7036,2801,2802,2804
7037,2467,2801,2803
7038,2467,2803,2808
7039,2801,2804,2803
7040,2808,2803,2806
7041,2752,2805,2802
7042,2805,2804,2802
7043,2805,2843,2804
7044,2804,2843,2807
7045,2803,2804,2807
7046,2803,2807,2806
7047,2806,2807,2845
7048,2561,2808,2809
7049,2561,2809,2813
7050,2808,2806,2809
7051,2809,2818,2813
7052,2561,2813,2565
7053,2806,2814,2809
7054,2809,2814,2818
7055,2806,2845,2814
7056,2818,2814,2855
7057,2805,2844,2843
7058,2844,2847,2843
7059,2843,2847,2846
7060,2807,2843,2846
7061,2807,2846,2845
7062,2845,2846,2849
7063,2844,2848,2847
7064,2848,3938,2847
7065,2847,3938,2850
7066,2846,2847,2850
7067,2846,2850,2849
7068,2850,3940,2849
7069,2849,3940,2859
7070,2814,2845,2852
7071,2814,2852,2855
7072,2845,2849,2852
7073,2855,2852,2857
7074,2849,2859,2852
7075,2859,2857,2852
7076,2859,3947,2857
7077,2652,2892,2887
7078,2887,2891,2890
7079,2887,2892,2891
7080,2892,2906,2891
7081,2890,2891,2893
7082,2891,2907,2893
7083,2890,2893,2900
7084,2900,2893,2904
7085,2900,2904,2903
7086,2903,2904,2905
7087,2893,2908,2904
7088,2904,2909,2905
7089,2891,2906,2907
7090,2893,2907,2908
7091,2906,2940,2907
7092,2703,2940,2906
7093,2907,2941,2908
7094,2907,2940,2941
7095,2941,2944,2908
7096,2904,2908,2909
7097,2905,2909,2934
7098,2908,2944,2909
7099,2909,2944,2910
7100,2909,2910,2934
7101,2910,2936,2934
7102,2903,2905,2927
7103,2927,2905,2931
7104,2927,2931,2930
7105,2930,2931,2932
7106,2905,2934,2931
7107,2931,2935,2932
7108,2930,2932,445
7109,445,2932,2933
7110,445,2933,450
7111,450,2933,4007
7112,2932,2938,2933
7113,2933,4009,4007
7114,2931,2934,2935
7115,2932,2935,2938
7116,2934,2936,2935
7117,2935,2936,2937
7118,2935,2937,2938
7119,2933,2938,4009
7120,2938,2939,4009
7121,2937,2939,2938
7122,2705,2942,2940
7123,2940,2942,2941
7124,2941,2943,2944
7125,2941,2942,2943
7126,2705,2717,2942
7127,2942,2947,2943
7128,2944,2945,2910
7129,2944,2943,2945
7130,2910,2946,2936
7131,2910,2945,2946
7132,2943,2948,2945
7133,2945,2950,2946
7134,2717,2947,2942
7135,2943,2947,2948
7136,2717,3814,2947
7137,2947,3814,2949
7138,2947,2949,2948
7139,2948,2949,2952
7140,2945,2948,2950
7141,2946,2950,2951
7142,2948,2952,2950
7143,2950,2952,2953
7144,2950,2953,2951
7145,2936,2954,2937
7146,2936,2946,2954
7147,2937,2954,2955
7148,2946,2951,2954
7149,2954,2956,2955
7150,2937,2955,2939
7151,2939,2955,4020
7152,2955,2956,2958
7153,2955,2958,4020
7154,2951,2956,2954
7155,2951,2957,2956
7156,2951,2953,2957
7157,2956,2957,2959
7158,2956,2959,2958
7159,2958,2959,4024
7160,2559,3091,3521
7161,2559,3521,3520
7162,3091,3524,3521
7163,3091,3103,3524
7164,3103,3106,3526
7165,3103,3526,3524
7166,3106,3533,3526
7167,3106,3114,3533
7168,3114,3128,3541
7169,3114,3541,3533
7170,3128,3543,3541
7171,3128,3133,3543
7172,3133,3267,3574
7173,3133,3574,3543
7174,3267,3578,3574
7175,3267,3269,3578
7176,3269,3272,3580
7177,3269,3580,3578
7178,3272,3593,3580
7179,3368,3378,3372
7180,3378,3379,3372
7181,3372,3379,3373
7182,3379,3380,3373
7183,3373,3380,3374
7184,3380,3381,3374
7185,3368,3722,3378
7186,3378,3382,3379
7187,3379,3382,3387
7188,3379,3387,3380
7189,3380,3387,3389
7190,3380,3389,3381
7191,3381,3389,3390
7192,3382,3383,3387
7193,3383,3388,3387
7194,3383,3384,3388
7195,3387,3388,3389
7196,3388,3391,3389
7197,3388,3393,3391
7198,3389,3391,3390
7199,3391,3396,3392
7200,3390,3391,3392
7201,3384,3393,3388
7202,3384,3385,3393
7203,3385,3394,3393
7204,3391,3393,3396
7205,3393,3394,3396
7206,3394,3397,3396
7207,3385,3386,3394
7208,3386,3395,3394
7209,3386,3402,3395
7210,3394,3395,3397
7211,3395,3400,3397
7212,3395,3408,3400
7213,3396,3397,3398
7214,3392,3396,3398
7215,3397,3399,3398
7216,3397,3400,3399
7217,3400,3411,3401
7218,3399,3400,3401
7219,3378,3723,3382
7220,3382,3726,3383
7221,3383,3727,3384
7222,3384,3728,3385
7223,3385,3729,3386
7224,3386,3730,3402
7225,3395,3402,3408
7226,3400,3408,3411
7227,3402,3403,3408
7228,3403,3409,3408
7229,3408,3409,3411
7230,3409,3413,3411
7231,3403,3404,3409
7232,3404,3410,3409
7233,3409,3410,3413
7234,3410,3414,3413
7235,3401,3411,3412
7236,3411,3413,3412
7237,3412,3413,3415
7238,3413,3414,3415
7239,3414,3416,3415
7240,3404,3405,3410
7241,3405,3417,3410
7242,3405,3406,3417
7243,3410,3417,3414
7244,3414,3417,3419
7245,3417,3418,3419
7246,3406,3418,3417
7247,3406,3407,3418
7248,3414,3419,3416
7249,3418,3507,3419
7250,3407,3504,3418
7251,3402,3731,3403
7252,3403,3732,3404
7253,3404,3733,3405
7254,3405,3734,3406
7255,3406,3735,3407
7256,3407,3735,3504
7257,3374,3381,3441
7258,3381,3469,3441
7259,3441,3469,3442
7260,3469,3470,3442
7261,3442,3470,3443
7262,3470,3471,3443
7263,3443,3471,3447
7264,3471,3472,3447
7265,3447,3472,3448
7266,3472,3473,3448
7267,3448,3473,3449
7268,3473,3474,3449
7269,3272,3453,3593
7270,3449,3474,3466
7271,3474,3475,3466
7272,3466,3475,3467
7273,3475,3476,3467
7274,3467,3476,3468
7275,3453,3468,3596
7276,3453,3596,3593
7277,3476,3596,3468
7278,3381,3390,3469
7279,3390,3477,3469
7280,3469,3477,3470
7281,3470,3479,3471
7282,3470,3477,3479
7283,3471,3479,3480
7284,3471,3480,3472
7285,3472,3480,3492
7286,3472,3492,3473
7287,3473,3494,3474
7288,3473,3492,3494
7289,3474,3494,3495
7290,3474,3495,3475
7291,3475,3495,3508
7292,3475,3508,3476
7293,3476,3508,3597
7294,3476,3597,3596
7295,3390,3392,3477
7296,3392,3478,3477
7297,3392,3398,3478
7298,3477,3478,3479
7299,3478,3483,3481
7300,3478,3481,3479
7301,3479,3481,3480
7302,3481,3486,3482
7303,3480,3481,3482
7304,3398,3483,3478
7305,3398,3399,3483
7306,3399,3484,3483
7307,3483,3484,3486
7308,3399,3401,3484
7309,3401,3485,3484
7310,3401,3412,3485
7311,3484,3485,3487
7312,3485,3501,3490
7313,3481,3483,3486
7314,3486,3487,3488
7315,3484,3487,3486
7316,3482,3486,3488
7317,3487,3489,3488
7318,3485,3490,3487
7319,3487,3490,3489
7320,3490,3503,3491
7321,3489,3490,3491
7322,3480,3482,3492
7323,3482,3493,3492
7324,3482,3488,3493
7325,3492,3493,3494
7326,3493,3498,3496
7327,3493,3496,3494
7328,3494,3496,3495
7329,3496,3500,3497
7330,3495,3496,3497
7331,3488,3498,3493
7332,3488,3489,3498
7333,3489,3499,3498
7334,3498,3499,3500
7335,3489,3491,3499
7336,3496,3498,3500
7337,3499,3511,3500
7338,3491,3509,3499
7339,3412,3501,3485
7340,3412,3415,3501
7341,3415,3502,3501
7342,3501,3502,3503
7343,3415,3416,3502
7344,3490,3501,3503
7345,3502,3514,3503
7346,3416,3505,3502
7347,3416,3419,3506
7348,3418,3504,3507
7349,3419,3507,3506
7350,3491,3503,3513
7351,3502,3505,3514
7352,3503,3514,3513
7353,3416,3506,3505
7354,3506,3507,3515
7355,3504,3516,3507
7356,3504,3736,3516
7357,3495,3497,3508
7358,3497,3510,3508
7359,3497,3500,3512
7360,3491,3513,3509
7361,3499,3509,3511
7362,3500,3511,3512
7363,3497,3512,3510
7364,3508,3510,3597
7365,3509,3598,3511
7366,3511,3599,3512
7367,3509,3603,3598
7368,3505,3517,3514
7369,3513,3514,3518
7370,3505,3506,3519
7371,3506,3515,3519
7372,3507,3516,3515
7373,3505,3519,3517
7374,3509,3513,3603
7375,3513,3518,3603
7376,3514,3517,3518
7377,3515,3605,3519
7378,3517,3519,3604
7379,3515,3606,3605
7380,3515,3516,3606
7381,3516,3737,3606
7382,2685,3520,3522
7383,3520,3521,3522
7384,3521,3525,3522
7385,2685,3522,3523
7386,3522,3527,3523
7387,3523,3527,3528
7388,3521,3524,3525
7389,3524,3526,3532
7390,3524,3532,3525
7391,3522,3525,3527
7392,3525,3535,3527
7393,3525,3532,3535
7394,3527,3535,3537
7395,2688,3523,3528
7396,2688,3528,3529
7397,3528,3531,3529
7398,2690,3529,3530
7399,2690,3530,3549
7400,3527,3537,3528
7401,3528,3537,3531
7402,3529,3531,3530
7403,3530,3531,3539
7404,3530,3539,3551
7405,3526,3533,3534
7406,3526,3534,3532
7407,3533,3542,3534
7408,3532,3536,3535
7409,3532,3534,3536
7410,3534,3545,3536
7411,3535,3536,3538
7412,3533,3541,3542
7413,3534,3542,3545
7414,3535,3538,3537
7415,3531,3537,3540
7416,3537,3538,3540
7417,3531,3540,3539
7418,3536,3546,3538
7419,3538,3547,3540
7420,3539,3540,3548
7421,3539,3548,3564
7422,3541,3543,3544
7423,3541,3544,3542
7424,3536,3545,3546
7425,3542,3576,3545
7426,3542,3544,3576
7427,3545,3576,3584
7428,3538,3546,3547
7429,3545,3584,3546
7430,3546,3584,3586
7431,3546,3586,3547
7432,3540,3547,3548
7433,3547,3587,3548
7434,2710,3549,3552
7435,2710,3552,3550
7436,3530,3551,3549
7437,3549,3551,3552
7438,3551,3563,3552
7439,3550,3552,3553
7440,3552,3563,3553
7441,3554,3550,3557
7442,3554,3557,3556
7443,3554,3556,2714
7444,2714,3556,3555
7445,3555,3556,3558
7446,3559,3555,3558
7447,3550,3553,3557
7448,3553,3565,3557
7449,3556,3557,3566
7450,3556,3566,3558
7451,3559,3561,3560
7452,3560,3561,3562
7453,3560,3562,3814
7454,3559,3558,3561
7455,3558,3567,3561
7456,3561,3570,3562
7457,3562,3571,3815
7458,3539,3564,3551
7459,3551,3564,3563
7460,3553,3563,3568
7461,3563,3564,3569
7462,3563,3569,3568
7463,3557,3565,3566
7464,3553,3568,3565
7465,3558,3566,3567
7466,3566,3565,3573
7467,3566,3573,3567
7468,3548,3647,3564
7469,3564,3647,3569
7470,3568,3569,3648
7471,3561,3567,3570
7472,3562,3570,3571
7473,3565,3568,3572
7474,3565,3572,3573
7475,3568,3648,3572
7476,3567,3654,3570
7477,3567,3573,3654
7478,3570,3654,3656
7479,3570,3656,3571
7480,3571,3656,3820
7481,3543,3574,3575
7482,3543,3575,3544
7483,3574,3578,3579
7484,3574,3579,3575
7485,3544,3577,3576
7486,3544,3575,3577
7487,3576,3577,3585
7488,3575,3582,3577
7489,3578,3581,3579
7490,3578,3580,3581
7491,3575,3579,3582
7492,3577,3582,3590
7493,3579,3583,3582
7494,3579,3581,3583
7495,3582,3583,3622
7496,3576,3585,3584
7497,3584,3588,3586
7498,3577,3590,3585
7499,3584,3585,3588
7500,3547,3586,3587
7501,3548,3587,3647
7502,3586,3589,3587
7503,3586,3588,3589
7504,3587,3589,3649
7505,3585,3591,3588
7506,3585,3590,3591
7507,3582,3622,3590
7508,3590,3624,3591
7509,3590,3622,3624
7510,3588,3592,3589
7511,3588,3591,3592
7512,3589,3592,3650
7513,3591,3624,3625
7514,3591,3625,3592
7515,3580,3593,3594
7516,3580,3594,3581
7517,3593,3596,3601
7518,3593,3601,3594
7519,3581,3595,3583
7520,3581,3594,3595
7521,3583,3595,3623
7522,3594,3614,3595
7523,3594,3601,3614
7524,3596,3597,3601
7525,3595,3614,3629
7526,3510,3600,3597
7527,3510,3602,3600
7528,3510,3512,3602
7529,3512,3599,3602
7530,3511,3598,3599
7531,3597,3600,3601
7532,3598,3611,3599
7533,3599,3612,3602
7534,3600,3602,3613
7535,3598,3608,3611
7536,3599,3611,3612
7537,3518,3609,3603
7538,3517,3607,3518
7539,3598,3603,3608
7540,3518,3607,3609
7541,3519,3605,3604
7542,3517,3604,3607
7543,3605,3606,3610
7544,3603,3609,3608
7545,3607,3616,3609
7546,3604,3605,3617
7547,3604,3618,3607
7548,3604,3617,3618
7549,3605,3610,3617
7550,3606,3830,3610
7551,3600,3614,3601
7552,3600,3613,3614
7553,3602,3612,3613
7554,3611,3615,3612
7555,3612,3628,3613
7556,3611,3620,3615
7557,3613,3629,3614
7558,3613,3628,3629
7559,3612,3615,3628
7560,3608,3609,3619
7561,3608,3620,3611
7562,3608,3619,3620
7563,3609,3616,3619
7564,3607,3618,3616
7565,3617,3633,3618
7566,3610,3621,3617
7567,3616,3631,3619
7568,3616,3618,3632
7569,3617,3621,3633
7570,3618,3633,3632
7571,3610,3831,3621
7572,3583,3623,3622
7573,3622,3623,3626
7574,3622,3626,3624
7575,3595,3629,3623
7576,3623,3638,3626
7577,3592,3625,3661
7578,3624,3627,3625
7579,3624,3626,3627
7580,3625,3627,3662
7581,3626,3639,3627
7582,3615,3630,3628
7583,3623,3629,3638
7584,3628,3638,3629
7585,3615,3634,3630
7586,3628,3630,3638
7587,3615,3620,3634
7588,3619,3635,3620
7589,3619,3631,3635
7590,3620,3635,3634
7591,3616,3632,3631
7592,3632,3633,3636
7593,3621,3637,3633
7594,3631,3640,3635
7595,3634,3635,3641
7596,3631,3632,3642
7597,3632,3636,3642
7598,3633,3637,3636
7599,3631,3642,3640
7600,3621,3832,3637
7601,3626,3638,3639
7602,3630,3639,3638
7603,3630,3643,3639
7604,3627,3639,3667
7605,3630,3634,3643
7606,3634,3641,3643
7607,3635,3640,3641
7608,3640,3642,3644
7609,3636,3645,3642
7610,3636,3646,3645
7611,3636,3637,3646
7612,3640,3666,3641
7613,3639,3643,3667
7614,3641,3668,3643
7615,3641,3666,3668
7616,3642,3645,3644
7617,3640,3644,3666
7618,3645,3646,3669
7619,3637,3833,3646
7620,3646,3834,3669
7621,3569,3647,3651
7622,3587,3649,3647
7623,3647,3649,3651
7624,3569,3651,3648
7625,3589,3650,3649
7626,3649,3650,3652
7627,3649,3652,3651
7628,3592,3661,3650
7629,3650,3663,3652
7630,3648,3651,3653
7631,3651,3652,3653
7632,3572,3648,3657
7633,3572,3657,3655
7634,3572,3655,3573
7635,3573,3655,3654
7636,3654,3655,3658
7637,3656,3654,3658
7638,3656,3660,3820
7639,3656,3658,3660
7640,3648,3653,3657
7641,3653,3679,3657
7642,3657,3679,3659
7643,3655,3657,3659
7644,3655,3659,3658
7645,3658,3680,3660
7646,3660,3681,3840
7647,3625,3662,3661
7648,3650,3661,3663
7649,3661,3662,3665
7650,3661,3665,3663
7651,3652,3663,3664
7652,3652,3664,3653
7653,3663,3665,3673
7654,3663,3673,3664
7655,3627,3667,3662
7656,3662,3674,3665
7657,3662,3667,3674
7658,3643,3668,3667
7659,3666,3670,3668
7660,3644,3645,3671
7661,3644,3672,3666
7662,3644,3671,3672
7663,3645,3669,3671
7664,3667,3668,3674
7665,3668,3670,3674
7666,3666,3672,3670
7667,3669,3675,3671
7668,3669,3842,3675
7669,3665,3674,3676
7670,3665,3676,3673
7671,3670,3676,3674
7672,3670,3672,3677
7673,3671,3678,3672
7674,3671,3675,3678
7675,3672,3678,3677
7676,3670,3677,3676
7677,3677,3678,3683
7678,3675,3684,3678
7679,3675,3843,3684
7680,3653,3664,3679
7681,3664,3682,3679
7682,3664,3673,3682
7683,3658,3659,3680
7684,3659,3679,3686
7685,3659,3686,3680
7686,3660,3680,3681
7687,3679,3682,3686
7688,3673,3685,3682
7689,3673,3676,3685
7690,3676,3677,3685
7691,3677,3683,3685
7692,3678,3684,3683
7693,3682,3685,3687
7694,3683,3687,3685
7695,3683,3688,3687
7696,3683,3684,3688
7697,3684,3845,3688
7698,3682,3687,3686
7699,3680,3689,3681
7700,3680,3686,3689
7701,3687,3688,3689
7702,3686,3687,3689
7703,3688,3846,3689
7704,3368,3721,3722
7705,3378,3722,3723
7706,3721,3740,3722
7707,3722,3741,3723
7708,3382,3723,3726
7709,3383,3726,3727
7710,3384,3727,3728
7711,3385,3728,3729
7712,3386,3729,3730
7713,3402,3730,3731
7714,3403,3731,3732
7715,3404,3732,3733
7716,3405,3733,3734
7717,3406,3734,3735
7718,3723,3742,3726
7719,3726,3745,3727
7720,3727,3746,3728
7721,3728,3747,3729
7722,3729,3748,3730
7723,3730,3749,3731
7724,3731,3750,3732
7725,3732,3751,3733
7726,3733,3752,3734
7727,3734,3753,3735
7728,3735,3753,3736
7729,3504,3735,3736
7730,3516,3736,3737
7731,3606,3737,3830
7732,3736,3754,3737
7733,3737,3755,3830
7734,3721,3739,3740
7735,3722,3740,3741
7736,3723,3741,3742
7737,3739,3780,3740
7738,3740,3781,3741
7739,3741,3782,3742
7740,3742,3783,3745
7741,3726,3742,3745
7742,3727,3745,3746
7743,3728,3746,3747
7744,3729,3747,3748
7745,3730,3748,3749
7746,3731,3749,3750
7747,3732,3750,3751
7748,3733,3751,3752
7749,3734,3752,3753
7750,3745,3786,3746
7751,3746,3787,3747
7752,3747,3788,3748
7753,3748,3789,3749
7754,3749,3790,3750
7755,3750,3791,3751
7756,3751,3792,3752
7757,3752,3793,3753
7758,3753,3793,3754
7759,3736,3753,3754
7760,3737,3754,3755
7761,3755,3835,3830
7762,3754,3794,3755
7763,3755,3795,3835
7764,3739,3779,3780
7765,3740,3780,3781
7766,3741,3781,3782
7767,3742,3782,3783
7768,3745,3783,3786
7769,3779,3798,3780
7770,3780,3799,3781
7771,3781,3800,3782
7772,3782,3801,3783
7773,3783,3802,3786
7774,3746,3786,3787
7775,3747,3787,3788
7776,3748,3788,3789
7777,3749,3789,3790
7778,3750,3790,3791
7779,3751,3791,3792
7780,3752,3792,3793
7781,3786,3803,3787
7782,3787,3806,3788
7783,3788,3807,3789
7784,3789,3808,3790
7785,3790,3809,3791
7786,3791,3810,3792
7787,3792,3811,3793
7788,3793,3811,3794
7789,3754,3793,3794
7790,3755,3794,3795
7791,3795,3854,3835
7792,3794,3812,3795
7793,3795,3813,3854
7794,3779,3797,3798
7795,3780,3798,3799
7796,3781,3799,3800
7797,3782,3800,3801
7798,3783,3801,3802
7799,3786,3802,3803
7800,3797,4765,3798
7801,3798,4766,3799
7802,3797,4764,4765
7803,3799,4767,3800
7804,3800,4768,3801
7805,3801,4769,3802
7806,3802,4770,3803
7807,3803,4771,3806
7808,3806,4772,3807
7809,3787,3803,3806
7810,3788,3806,3807
7811,3789,3807,3808
7812,3790,3808,3809
7813,3791,3809,3810
7814,3792,3810,3811
7815,3807,4773,3808
7816,3808,4774,3809
7817,3809,4775,3810
7818,3810,4777,3811
7819,3811,4777,3812
7820,3794,3811,3812
7821,3795,3812,3813
7822,3813,3859,3854
7823,3812,4778,3813
7824,3813,4779,3859
7825,3814,3815,2949
7826,3814,3562,3815
7827,2949,3816,2952
7828,2949,3815,3816
7829,3815,3818,3816
7830,3816,3819,3817
7831,2952,3817,2953
7832,2952,3816,3817
7833,2953,3817,3824
7834,3817,3822,3824
7835,3571,3818,3815
7836,3816,3818,3819
7837,3571,3820,3818
7838,3818,3820,3821
7839,3818,3821,3819
7840,3817,3819,3822
7841,3819,3823,3822
7842,3819,3821,3823
7843,3822,3823,3827
7844,2953,3824,2957
7845,2957,3824,3825
7846,3822,3826,3824
7847,3824,3826,3825
7848,2957,3825,2959
7849,2959,3825,4858
7850,3825,3826,3828
7851,3825,3828,4858
7852,3822,3827,3826
7853,3826,3827,3829
7854,3826,3829,3828
7855,3828,3829,4862
7856,3610,3830,3831
7857,3621,3831,3832
7858,3830,3835,3831
7859,3831,3836,3832
7860,3637,3832,3833
7861,3646,3833,3834
7862,3832,3837,3833
7863,3833,3838,3834
7864,3834,3839,3842
7865,3831,3835,3836
7866,3832,3836,3837
7867,3835,3854,3836
7868,3836,3855,3837
7869,3833,3837,3838
7870,3834,3838,3839
7871,3837,3856,3838
7872,3838,3857,3839
7873,3839,3858,3848
7874,3820,3840,3821
7875,3660,3840,3820
7876,3821,3840,3841
7877,3840,3844,3841
7878,3821,3841,3823
7879,3823,3841,3864
7880,3841,3850,3864
7881,3669,3834,3842
7882,3675,3842,3843
7883,3684,3843,3845
7884,3842,3848,3843
7885,3843,3849,3845
7886,3681,3844,3840
7887,3688,3845,3846
7888,3681,3847,3844
7889,3681,3689,3847
7890,3689,3846,3847
7891,3845,3851,3846
7892,3846,3852,3847
7893,3839,3848,3842
7894,3843,3848,3849
7895,3845,3849,3851
7896,3848,3866,3849
7897,3849,3867,3851
7898,3841,3844,3850
7899,3844,3853,3850
7900,3846,3851,3852
7901,3844,3847,3853
7902,3847,3852,3853
7903,3851,3869,3852
7904,3850,3853,3871
7905,3852,3870,3853
7906,3836,3854,3855
7907,3837,3855,3856
7908,3854,3859,3855
7909,3855,3860,3856
7910,3838,3856,3857
7911,3839,3857,3858
7912,3856,3861,3857
7913,3857,3862,3858
7914,3858,3863,3866
7915,3855,3859,3860
7916,3856,3860,3861
7917,3859,4872,3860
7918,3860,4873,3861
7919,3857,3861,3862
7920,3858,3862,3863
7921,3861,4874,3862
7922,3862,4875,3863
7923,3863,4876,3872
7924,3823,3864,3827
7925,3827,3864,3865
7926,3850,3868,3864
7927,3864,3868,3865
7928,3827,3865,3829
7929,3829,3865,4882
7930,3865,3868,3874
7931,3865,3874,4882
7932,3848,3858,3866
7933,3849,3866,3867
7934,3851,3867,3869
7935,3866,3872,3867
7936,3867,3873,3869
7937,3850,3871,3868
7938,3852,3869,3870
7939,3853,3870,3871
7940,3869,3875,3870
7941,3868,3871,3877
7942,3870,3876,3871
7943,3863,3872,3866
7944,3867,3872,3873
7945,3869,3873,3875
7946,3872,4886,3873
7947,3873,4887,3875
7948,3868,3877,3874
7949,3874,3877,4890
7950,3870,3875,3876
7951,3871,3876,3877
7952,3875,4888,3876
7953,3876,4889,3877
7954,2767,3881,3882
7955,1611,3882,3881
7956,1611,3884,3882
7957,2767,3882,3883
7958,2772,3883,3888
7959,3882,3886,3883
7960,3883,3886,3888
7961,3882,3884,3886
7962,1615,3885,3884
7963,1615,3895,3885
7964,3884,3885,3886
7965,3888,3886,3887
7966,3885,3887,3886
7967,2772,3888,3889
7968,2772,3889,2773
7969,2773,3889,3890
7970,3888,3892,3889
7971,2848,3890,3891
7972,3889,3893,3890
7973,3890,3893,3891
7974,3888,3887,3892
7975,3889,3892,3893
7976,3887,3903,3892
7977,3892,3904,3893
7978,3892,3903,3904
7979,3891,3893,3894
7980,3891,3894,3942
7981,3893,3904,3894
7982,3894,3991,3942
7983,3885,3895,3897
7984,1629,3896,3895
7985,1629,3899,3896
7986,3895,3896,3897
7987,3885,3897,3887
7988,3887,3897,3903
7989,3896,3898,3897
7990,3897,3898,3903
7991,3899,3901,3896
7992,3899,3900,3901
7993,3899,1633,3900
7994,1633,4034,3900
7995,3896,3901,3898
7996,3898,3901,3907
7997,3901,3900,3902
7998,3900,4036,3902
7999,3901,3902,3907
8000,3903,3905,3904
8001,3898,3905,3903
8002,3894,3904,3906
8003,3894,3906,3991
8004,3904,3905,3906
8005,3991,3906,3909
8006,3898,3907,3905
8007,3907,3910,3905
8008,3907,3902,3908
8009,3907,3908,3910
8010,3905,3910,3906
8011,3906,3910,3909
8012,3910,4070,3909
8013,3908,4070,3910
8014,3909,4070,3998
8015,2848,3891,3938
8016,2850,3938,3939
8017,3891,3942,3938
8018,3938,3942,3939
8019,2850,3939,3940
8020,2859,3940,3941
8021,3939,3944,3940
8022,3940,3944,3941
8023,3939,3942,3943
8024,3939,3943,3944
8025,3991,3943,3942
8026,3941,3944,3945
8027,3941,3945,3951
8028,3943,3993,3944
8029,3944,3993,3945
8030,2859,3941,3947
8031,3941,3951,3947
8032,3945,4006,3951
8033,3991,3992,3943
8034,3943,3992,3993
8035,3991,3909,3992
8036,3993,3992,3997
8037,3945,3993,3995
8038,3945,3995,4006
8039,3993,3997,3995
8040,4006,3995,4001
8041,3909,3998,3992
8042,3998,3997,3992
8043,3998,4159,3997
8044,3997,4159,4003
8045,3995,3997,4003
8046,3995,4003,4001
8047,4003,4163,4001
8048,4007,4009,4010
8049,1662,4007,4010
8050,1662,4010,4008
8051,1664,4008,4012
8052,4010,4009,4011
8053,2939,4011,4009
8054,4010,4013,4008
8055,4008,4013,4012
8056,4010,4011,4013
8057,4011,4021,4013
8058,4012,4013,4026
8059,1664,4012,4014
8060,1670,4014,4017
8061,1670,4017,4015
8062,1672,4015,4016
8063,1672,4016,4605
8064,4015,4019,4016
8065,4012,4018,4014
8066,4014,4018,4017
8067,4012,4026,4018
8068,4017,4018,4028
8069,4017,4019,4015
8070,4016,4019,4614
8071,4017,4028,4019
8072,2939,4020,4011
8073,4011,4020,4021
8074,2958,4023,4020
8075,4020,4023,4021
8076,4013,4021,4026
8077,4023,4022,4021
8078,4021,4022,4026
8079,2958,4024,4023
8080,4023,4024,4025
8081,4023,4025,4022
8082,4022,4025,4030
8083,4024,4859,4025
8084,4025,4865,4030
8085,4018,4026,4027
8086,4018,4027,4028
8087,4022,4027,4026
8088,4019,4028,4029
8089,4019,4029,4614
8090,4028,4027,4032
8091,4028,4032,4029
8092,4022,4030,4027
8093,4027,4030,4032
8094,4030,4031,4032
8095,4030,4865,4031
8096,4029,4032,4033
8097,4029,4033,4629
8098,4031,4033,4032
8099,4031,4867,4033
8100,4034,4036,3900
8101,4034,4035,4036
8102,4034,2116,4035
8103,2116,4039,4035
8104,4035,4040,4038
8105,3902,4036,4037
8106,4036,4035,4038
8107,4036,4038,4037
8108,4037,4038,4069
8109,4039,4040,4035
8110,4039,4041,4040
8111,4039,2120,4041
8112,4040,4041,4043
8113,4038,4040,4042
8114,4040,4043,4042
8115,4038,4042,4069
8116,4042,4043,4074
8117,2120,4044,4041
8118,2133,4045,4044
8119,2134,4046,4045
8120,2135,4047,4046
8121,2136,4048,4047
8122,2137,4049,4048
8123,2138,4050,4049
8124,2139,4051,4050
8125,4041,4044,4056
8126,4044,4045,4057
8127,4045,4046,4058
8128,4046,4047,4059
8129,4047,4048,4060
8130,4048,4049,4061
8131,4049,4050,4062
8132,2140,4052,4051
8133,2141,4053,4052
8134,2142,4054,4053
8135,2143,4055,4054
8136,2144,4581,4582
8137,2144,4582,4055
8138,4050,4051,4063
8139,4051,4052,4064
8140,4052,4053,4065
8141,4053,4054,4066
8142,4054,4055,4067
8143,4041,4056,4043
8144,4044,4057,4056
8145,4045,4058,4057
8146,4046,4059,4058
8147,4047,4060,4059
8148,4048,4061,4060
8149,4049,4062,4061
8150,4050,4063,4062
8151,4043,4056,4077
8152,4056,4057,4078
8153,4057,4058,4079
8154,4058,4059,4080
8155,4043,4077,4074
8156,4056,4078,4077
8157,4057,4079,4078
8158,4058,4080,4079
8159,4059,4060,4081
8160,4060,4061,4082
8161,4061,4062,4083
8162,4059,4081,4080
8163,4060,4082,4081
8164,4061,4083,4082
8165,4062,4091,4083
8166,4051,4064,4063
8167,4052,4065,4064
8168,4053,4066,4065
8169,4054,4067,4066
8170,4055,4582,4587
8171,4055,4587,4067
8172,4062,4063,4091
8173,4063,4064,4092
8174,4064,4065,4093
8175,4065,4066,4094
8176,4063,4092,4091
8177,4064,4093,4092
8178,4065,4094,4093
8179,4066,4067,4095
8180,4066,4095,4094
8181,4067,4587,4594
8182,3902,4037,3908
8183,3908,4037,4068
8184,3908,4068,4070
8185,4037,4069,4068
8186,4068,4069,4071
8187,4068,4072,4070
8188,3998,4070,4072
8189,4068,4071,4072
8190,4071,4170,4072
8191,4042,4073,4069
8192,4069,4073,4071
8193,4042,4074,4073
8194,4074,4075,4073
8195,4071,4073,4076
8196,4071,4076,4170
8197,4073,4075,4076
8198,4075,4101,4076
8199,4076,4101,4173
8200,4074,4077,4084
8201,4077,4078,4085
8202,4078,4079,4086
8203,4079,4080,4087
8204,4080,4081,4088
8205,4081,4082,4089
8206,4082,4083,4090
8207,4074,4084,4075
8208,4077,4085,4084
8209,4078,4086,4085
8210,4079,4087,4086
8211,4080,4088,4087
8212,4081,4089,4088
8213,4082,4090,4089
8214,4083,4096,4090
8215,4083,4091,4096
8216,4091,4092,4097
8217,4092,4093,4098
8218,4093,4094,4099
8219,4067,4594,4095
8220,4094,4095,4100
8221,4091,4097,4096
8222,4092,4098,4097
8223,4093,4099,4098
8224,4094,4100,4099
8225,4095,4594,4599
8226,4095,4599,4100
8227,4075,4084,4102
8228,4084,4085,4103
8229,4085,4086,4104
8230,4086,4087,4105
8231,4087,4088,4106
8232,4088,4089,4107
8233,4089,4090,4108
8234,4090,4096,4109
8235,4096,4097,4110
8236,4097,4098,4111
8237,4098,4099,4112
8238,4099,4100,4113
8239,4075,4102,4101
8240,4084,4103,4102
8241,4085,4104,4103
8242,4086,4105,4104
8243,4087,4106,4105
8244,4088,4107,4106
8245,4089,4108,4107
8246,4090,4109,4108
8247,4096,4110,4109
8248,4097,4111,4110
8249,4098,4112,4111
8250,4099,4113,4112
8251,4100,4599,4633
8252,4100,4633,4113
8253,3998,4072,4159
8254,4003,4159,4160
8255,4072,4170,4159
8256,4170,4160,4159
8257,4003,4160,4163
8258,4160,4177,4163
8259,4170,4173,4160
8260,4170,4076,4173
8261,4160,4173,4177
8262,4101,4270,4173
8263,4177,4173,4270
8264,4101,4102,4292
8265,4102,4103,4293
8266,4103,4104,4294
8267,4104,4105,4298
8268,4101,4292,4270
8269,4102,4293,4292
8270,4103,4294,4293
8271,4104,4298,4294
8272,4105,4106,4299
8273,4106,4107,4300
8274,4107,4108,4301
8275,4105,4299,4298
8276,4106,4300,4299
8277,4107,4301,4300
8278,4108,4317,4301
8279,4108,4109,4317
8280,4109,4110,4318
8281,4110,4111,4319
8282,4111,4112,4320
8283,4109,4318,4317
8284,4110,4319,4318
8285,4111,4320,4319
8286,4112,4113,4325
8287,4112,4325,4320
8288,4113,4633,4638
8289,4113,4638,4325
8290,4325,4638,4375
8291,4375,4638,4639
8292,4375,4639,4379
8293,4379,4639,4651
8294,4379,4651,4487
8295,4487,4651,4653
8296,4487,4653,4490
8297,4490,4653,4658
8298,4490,4658,4491
8299,4491,4658,4660
8300,4491,4660,4502
8301,4502,4660,4661
8302,4502,4661,4504
8303,4581,4586,4582
8304,4581,4583,4586
8305,2196,4588,4583
8306,2197,4585,4584
8307,2196,4584,4588
8308,2197,2198,4585
8309,4584,4585,4589
8310,4583,4595,4586
8311,4582,4593,4587
8312,4582,4586,4593
8313,4584,4589,4588
8314,4583,4588,4595
8315,4588,4597,4595
8316,4588,4589,4597
8317,2198,2201,4592
8318,2198,4592,4585
8319,2201,4591,4592
8320,2200,4590,4591
8321,2215,4610,4590
8322,4585,4592,4601
8323,4585,4601,4589
8324,4591,4603,4592
8325,4590,4602,4591
8326,4590,4610,4602
8327,4591,4602,4603
8328,4586,4596,4593
8329,4587,4593,4598
8330,4587,4598,4594
8331,4586,4595,4596
8332,4595,4600,4596
8333,4593,4596,4621
8334,4595,4597,4600
8335,4594,4634,4599
8336,4593,4621,4598
8337,4594,4598,4634
8338,4596,4600,4636
8339,4589,4601,4604
8340,4589,4604,4597
8341,4592,4603,4601
8342,4601,4623,4604
8343,4601,4603,4623
8344,4602,4610,4624
8345,4597,4604,4622
8346,4597,4622,4600
8347,4602,4646,4603
8348,4603,4646,4623
8349,4602,4624,4646
8350,2211,4605,4606
8351,2211,4606,4611
8352,4016,4613,4605
8353,4605,4613,4606
8354,2214,4609,2215
8355,2214,4608,4609
8356,2215,4609,4610
8357,4607,4615,4608
8358,4609,4617,4610
8359,4609,4608,4616
8360,4608,4615,4616
8361,4607,2217,4612
8362,2217,4611,4612
8363,4606,4618,4611
8364,4607,4612,4615
8365,4611,4618,4612
8366,4016,4614,4613
8367,4606,4613,4619
8368,4613,4614,4626
8369,4613,4626,4619
8370,4609,4616,4617
8371,4610,4617,4624
8372,4615,4625,4616
8373,4617,4616,4676
8374,4606,4619,4618
8375,4612,4618,4620
8376,4615,4612,4620
8377,4618,4619,4627
8378,4618,4627,4620
8379,4615,4620,4625
8380,4598,4637,4634
8381,4596,4636,4621
8382,4598,4621,4637
8383,4604,4623,4645
8384,4604,4645,4622
8385,4617,4675,4624
8386,4616,4625,4676
8387,4614,4629,4626
8388,4619,4626,4628
8389,4029,4629,4614
8390,4626,4629,4630
8391,4626,4630,4628
8392,4619,4628,4627
8393,4620,4627,4679
8394,4627,4631,4679
8395,4627,4628,4631
8396,4033,5391,4629
8397,4629,5391,4630
8398,4630,5391,5393
8399,4628,4630,4632
8400,4628,4632,4631
8401,4630,5393,4632
8402,4631,4632,5394
8403,4599,4635,4633
8404,4599,4634,4635
8405,4634,4641,4635
8406,4633,4635,4640
8407,4621,4642,4637
8408,4621,4636,4642
8409,4634,4637,4641
8410,4633,4640,4638
8411,4638,4640,4639
8412,4639,4652,4651
8413,4635,4655,4640
8414,4639,4640,4652
8415,4637,4643,4641
8416,4637,4642,4643
8417,4635,4641,4655
8418,4600,4644,4636
8419,4600,4622,4644
8420,4636,4644,4648
8421,4636,4648,4642
8422,4622,4649,4644
8423,4622,4645,4649
8424,4623,4646,4647
8425,4623,4647,4645
8426,4646,4624,4677
8427,4646,4677,4647
8428,4644,4668,4648
8429,4644,4649,4668
8430,4642,4648,4667
8431,4642,4667,4643
8432,4645,4650,4649
8433,4645,4647,4650
8434,4649,4650,4670
8435,4647,4677,4680
8436,4647,4680,4650
8437,4640,4655,4652
8438,4651,4654,4653
8439,4651,4652,4654
8440,4653,4659,4658
8441,4652,4656,4654
8442,4653,4654,4659
8443,4654,4663,4659
8444,4641,4643,4657
8445,4641,4657,4655
8446,4652,4655,4656
8447,4655,4657,4656
8448,4654,4656,4663
8449,4656,4657,4664
8450,4658,4662,4660
8451,4658,4659,4662
8452,4659,4665,4662
8453,4660,5404,4661
8454,4660,4662,5404
8455,4662,5405,5404
8456,4656,4664,4663
8457,4659,4663,4665
8458,4663,4664,4666
8459,4663,4666,4665
8460,4662,4665,5405
8461,4665,5406,5405
8462,4665,4666,5406
8463,4648,4668,4669
8464,4648,4669,4667
8465,4643,4667,4671
8466,4643,4671,4657
8467,4649,4670,4668
8468,4650,4680,4683
8469,4668,4674,4669
8470,4668,4670,4674
8471,4650,4683,4670
8472,4657,4671,4664
8473,4664,4671,4672
8474,4667,4673,4671
8475,4667,4669,4673
8476,4664,4672,4666
8477,4666,4672,5422
8478,4671,4673,4672
8479,4672,4673,5423
8480,4670,4683,5488
8481,4670,5488,4674
8482,4669,5424,4673
8483,4669,4674,5424
8484,4617,4676,4675
8485,4624,4675,4677
8486,4625,4678,4676
8487,4675,4681,4677
8488,4675,4676,4682
8489,4676,4678,4682
8490,4620,4679,4625
8491,4625,4679,4678
8492,4675,4682,4681
8493,4677,4681,4680
8494,4680,4681,4684
8495,4678,4685,4682
8496,4680,4684,4683
8497,4683,5491,5488
8498,4681,5489,4684
8499,4683,4684,5491
8500,4681,4682,5489
8501,4682,4685,5489
8502,4678,4679,4686
8503,4631,4686,4679
8504,4678,4686,4685
8505,4631,5394,4686
8506,4685,4686,5499
8507,4757,4765,4764
8508,4756,4757,4764
8509,4757,4758,4765
8510,4758,4759,4766
8511,4756,4820,4821
8512,4757,4821,4822
8513,4756,4821,4757
8514,4757,4822,4758
8515,4758,4823,4759
8516,4759,4824,4760
8517,4760,4825,4780
8518,4780,4826,4781
8519,4758,4822,4823
8520,4759,4823,4824
8521,4760,4824,4825
8522,4780,4825,4826
8523,4781,4826,4827
8524,4782,4827,4828
8525,3798,4765,4766
8526,3799,4766,4767
8527,3800,4767,4768
8528,3801,4768,4769
8529,3802,4769,4770
8530,3803,4770,4771
8531,3806,4771,4772
8532,3807,4772,4773
8533,3808,4773,4774
8534,4758,4766,4765
8535,4759,4767,4766
8536,4760,4768,4767
8537,4768,4780,4769
8538,4769,4781,4770
8539,4770,4782,4771
8540,4759,4760,4767
8541,4760,4780,4768
8542,4769,4780,4781
8543,4770,4781,4782
8544,4771,4783,4772
8545,4772,4784,4773
8546,4773,4785,4774
8547,4774,4786,4775
8548,4775,4787,4777
8549,4777,4787,4778
8550,3809,4774,4775
8551,3810,4775,4777
8552,4778,4788,4779
8553,4779,4789,4872
8554,3812,4777,4778
8555,3813,4778,4779
8556,3859,4779,4872
8557,4771,4782,4783
8558,4772,4783,4784
8559,4773,4784,4785
8560,4774,4785,4786
8561,4775,4786,4787
8562,4781,4827,4782
8563,4782,4828,4783
8564,4783,4829,4784
8565,4784,4853,4785
8566,4785,4854,4786
8567,4786,4855,4787
8568,4783,4828,4829
8569,4784,4829,4853
8570,4785,4853,4854
8571,4786,4854,4855
8572,4787,4855,4788
8573,4778,4787,4788
8574,4779,4788,4789
8575,4789,4877,4872
8576,4788,4855,4856
8577,4788,4856,4789
8578,4789,4856,4857
8579,4857,4901,4877
8580,4789,4857,4877
8581,4820,4834,4821
8582,4821,4840,4822
8583,4822,4841,4823
8584,4823,4842,4824
8585,4824,4843,4825
8586,4820,4833,4834
8587,4821,4834,4840
8588,4822,4840,4841
8589,4823,4841,4842
8590,4824,4842,4843
8591,4825,4843,4844
8592,4826,4844,4845
8593,4825,4844,4826
8594,4826,4845,4827
8595,4827,4846,4828
8596,4828,4847,4829
8597,4829,4848,4853
8598,4849,4854,4853
8599,4827,4845,4846
8600,4828,4846,4847
8601,4829,4847,4848
8602,4848,4849,4853
8603,4849,4850,4854
8604,4850,4851,4856
8605,4851,4852,4857
8606,4852,4896,4901
8607,4833,5362,4834
8608,4834,5363,4840
8609,4840,5364,4841
8610,4841,5365,4842
8611,4842,5366,4843
8612,4833,4838,5362
8613,4834,5362,5363
8614,4840,5363,5364
8615,4841,5364,5365
8616,4842,5365,5366
8617,4843,5366,5367
8618,4844,5367,5368
8619,4845,5368,5369
8620,4843,5367,4844
8621,4844,5368,4845
8622,4845,5369,4846
8623,4846,5370,4847
8624,4847,5371,4848
8625,4848,5377,4849
8626,4846,5369,5370
8627,4847,5370,5371
8628,4848,5371,5377
8629,4849,5377,5378
8630,4849,5378,4850
8631,4850,5378,4851
8632,4851,5378,5379
8633,4851,5379,4852
8634,4852,5379,5380
8635,4896,5380,5517
8636,4852,5380,4896
8637,4850,4855,4854
8638,4850,4856,4855
8639,4851,4857,4856
8640,4852,4901,4857
8641,2959,4858,4024
8642,4024,4858,4859
8643,3828,4861,4858
8644,4858,4861,4859
8645,4025,4859,4865
8646,4859,4860,4865
8647,4859,4861,4860
8648,3828,4862,4861
8649,4861,4862,4863
8650,3829,4882,4862
8651,4862,4884,4863
8652,4860,4861,4863
8653,4860,4863,4868
8654,4863,4884,4864
8655,4863,4864,4868
8656,4031,4865,4866
8657,4860,4866,4865
8658,4860,4868,4866
8659,4866,4868,4870
8660,4031,4866,4867
8661,4033,4867,5391
8662,4866,4870,4867
8663,4867,4870,5392
8664,4870,4868,4869
8665,4864,4869,4868
8666,4870,4869,4871
8667,4870,4871,5392
8668,4869,4910,4871
8669,4871,4910,5397
8670,4872,4877,4873
8671,4873,4878,4874
8672,3860,4872,4873
8673,3861,4873,4874
8674,4874,4879,4875
8675,4875,4880,4876
8676,4876,4881,4886
8677,3862,4874,4875
8678,3863,4875,4876
8679,4873,4877,4878
8680,4874,4878,4879
8681,4878,4901,4902
8682,4877,4901,4878
8683,4879,4902,4903
8684,4878,4902,4879
8685,4875,4879,4880
8686,4876,4880,4881
8687,4880,4903,4904
8688,4879,4903,4880
8689,4880,4904,4881
8690,4881,4904,4905
8691,4881,4905,4891
8692,4862,4882,4884
8693,4882,4883,4884
8694,3874,4883,4882
8695,4864,4884,4885
8696,4883,4885,4884
8697,4883,4895,4885
8698,4886,4891,4887
8699,4887,4892,4888
8700,3872,4876,4886
8701,3873,4886,4887
8702,3875,4887,4888
8703,3874,4890,4883
8704,4888,4893,4889
8705,4883,4890,4895
8706,4889,4894,4890
8707,3876,4888,4889
8708,3877,4889,4890
8709,4881,4891,4886
8710,4887,4891,4892
8711,4888,4892,4893
8712,4891,4905,4913
8713,4892,4913,4914
8714,4891,4913,4892
8715,4893,4914,4915
8716,4892,4914,4893
8717,4889,4893,4894
8718,4890,4894,4895
8719,4894,4915,4916
8720,4893,4915,4894
8721,4895,4916,4917
8722,4885,4895,4917
8723,4894,4916,4895
8724,4896,4897,4902
8725,4897,4898,4903
8726,4898,4899,4904
8727,4899,4900,4905
8728,4900,4907,4913
8729,4897,5517,5518
8730,4896,5517,4897
8731,4898,5518,5519
8732,4897,5518,4898
8733,4898,5519,4899
8734,4899,5519,5520
8735,4899,5520,4900
8736,4900,5520,5521
8737,4907,5521,5528
8738,4900,5521,4907
8739,4896,4902,4901
8740,4897,4903,4902
8741,4898,4904,4903
8742,4899,4905,4904
8743,4900,4913,4905
8744,4907,4908,4914
8745,4908,4909,4915
8746,4864,4885,4906
8747,4864,4906,4869
8748,4885,4917,4906
8749,4909,4911,4916
8750,4906,4917,4912
8751,4911,4912,4917
8752,4908,5528,5529
8753,4907,5528,4908
8754,4909,5529,5530
8755,4908,5529,4909
8756,4869,4906,4910
8757,4906,4912,4910
8758,4911,5530,5531
8759,4909,5530,4911
8760,4911,5531,4912
8761,4910,4912,5532
8762,4912,5531,5532
8763,4907,4914,4913
8764,4908,4915,4914
8765,4909,4916,4915
8766,4911,4917,4916
8767,4838,4967,5362
8768,4838,4966,4967
8769,4967,4968,5362
8770,4968,4969,5363
8771,4969,4970,5364
8772,4966,4976,4967
8773,4967,4977,4968
8774,4968,4981,4969
8775,4969,4982,4970
8776,4970,4983,4971
8777,4971,4984,4972
8778,4972,4985,5372
8779,5372,4986,5373
8780,4987,5374,5373
8781,4988,5375,5374
8782,4966,4975,4976
8783,4967,4976,4977
8784,4968,4977,4981
8785,4969,4981,4982
8786,4970,4982,4983
8787,4971,4983,4984
8788,4972,4984,4985
8789,5372,4985,4986
8790,4986,4987,5373
8791,4987,4988,5374
8792,4988,4989,5375
8793,4989,4990,5376
8794,4990,4991,5382
8795,4991,4992,5383
8796,4992,5385,5522
8797,4504,4661,5403
8798,4504,5403,5051
8799,5051,5403,5408
8800,5051,5408,5057
8801,5057,5408,5412
8802,5057,5412,5062
8803,5062,5412,5414
8804,5062,5414,5066
8805,5066,5414,5434
8806,4975,5227,5228
8807,4976,5228,5229
8808,4975,5228,4976
8809,4976,5229,4977
8810,4977,5230,4981
8811,4981,5231,4982
8812,4982,5235,4983
8813,4983,5236,4984
8814,4977,5229,5230
8815,4981,5230,5231
8816,4982,5231,5235
8817,4983,5235,5236
8818,4984,5236,5237
8819,4985,5237,5238
8820,4986,5238,5239
8821,4984,5237,4985
8822,4985,5238,4986
8823,4986,5239,4987
8824,4987,5240,4988
8825,4988,5241,4989
8826,4989,5242,4990
8827,4987,5239,5240
8828,4988,5240,5241
8829,4989,5241,5242
8830,5227,5243,5228
8831,5228,5243,5244
8832,5243,5245,5244
8833,5245,5246,5244
8834,5245,5247,5246
8835,5246,5247,5248
8836,5247,5258,5248
8837,5248,5258,5259
8838,5228,5244,5229
8839,5229,5244,5249
8840,5229,5249,5230
8841,5230,5249,5250
8842,5244,5246,5249
8843,5249,5246,5251
8844,5249,5251,5250
8845,5251,5252,5250
8846,5230,5250,5231
8847,5231,5250,5253
8848,5231,5253,5235
8849,5235,5253,5291
8850,5250,5252,5253
8851,5253,5252,5254
8852,5253,5254,5291
8853,5254,5292,5291
8854,5246,5248,5251
8855,5251,5248,5255
8856,5251,5255,5252
8857,5255,5256,5252
8858,5248,5259,5255
8859,5255,5259,5266
8860,5255,5266,5256
8861,5256,5266,5267
8862,5252,5256,5254
8863,5254,5256,5257
8864,5254,5257,5292
8865,5292,5257,5293
8866,5256,5267,5257
8867,5257,5267,5270
8868,5257,5270,5293
8869,5293,5270,5294
8870,5258,5260,5259
8871,5260,5261,5259
8872,5260,5262,5261
8873,5261,5262,5263
8874,5262,5264,5263
8875,5264,5265,5263
8876,5264,5322,5265
8877,5259,5261,5266
8878,5266,5261,5268
8879,5266,5268,5267
8880,5268,5269,5267
8881,5261,5263,5268
8882,5268,5263,5272
8883,5268,5272,5269
8884,5272,5273,5269
8885,5267,5269,5270
8886,5270,5269,5271
8887,5270,5271,5294
8888,5271,5295,5294
8889,5269,5273,5271
8890,5271,5273,5276
8891,5271,5276,5295
8892,5295,5276,5296
8893,5263,5265,5272
8894,5272,5265,5274
8895,5272,5274,5273
8896,5274,5275,5273
8897,5265,5323,5274
8898,5274,5330,5275
8899,5273,5275,5276
8900,5276,5275,5277
8901,5276,5277,5296
8902,5277,5297,5296
8903,5275,5331,5277
8904,5277,5334,5297
8905,5235,5291,5236
8906,5236,5291,5298
8907,5291,5292,5298
8908,5292,5299,5298
8909,5292,5293,5299
8910,5293,5304,5299
8911,5293,5294,5304
8912,5294,5313,5304
8913,5294,5295,5313
8914,5295,5314,5313
8915,5295,5296,5314
8916,5296,5318,5314
8917,5296,5297,5318
8918,5236,5298,5237
8919,5237,5298,5300
8920,5298,5299,5300
8921,5299,5302,5300
8922,5237,5300,5238
8923,5238,5300,5301
8924,5238,5301,5239
8925,5239,5301,5307
8926,5300,5302,5301
8927,5301,5302,5303
8928,5301,5303,5307
8929,5303,5309,5307
8930,5299,5304,5302
8931,5304,5305,5302
8932,5304,5313,5305
8933,5313,5315,5305
8934,5302,5305,5303
8935,5303,5305,5306
8936,5303,5306,5309
8937,5309,5306,5312
8938,5305,5315,5306
8939,5306,5315,5316
8940,5306,5316,5312
8941,5239,5307,5240
8942,5240,5307,5308
8943,5240,5308,5241
8944,5241,5308,5311
8945,5307,5309,5308
8946,5308,5309,5310
8947,5308,5310,5311
8948,5241,5311,5242
8949,5309,5312,5310
8950,5310,5321,5311
8951,5242,5311,5319
8952,5313,5314,5315
8953,5314,5317,5315
8954,5314,5318,5317
8955,5315,5317,5316
8956,5312,5316,5353
8957,5318,5352,5317
8958,5316,5317,5350
8959,5316,5350,5353
8960,5310,5312,5320
8961,5310,5320,5321
8962,5311,5321,5319
8963,5312,5353,5320
8964,5319,5321,5354
8965,5265,5322,5323
8966,5322,5324,5323
8967,5324,5325,5323
8968,5324,5326,5325
8969,5325,5326,5327
8970,5326,5328,5327
8971,5328,5329,5327
8972,5274,5323,5330
8973,5323,5325,5330
8974,5275,5330,5331
8975,5330,5332,5331
8976,5330,5325,5332
8977,5325,5327,5332
8978,5332,5333,5331
8979,5332,5335,5333
8980,5277,5331,5334
8981,5331,5333,5334
8982,5297,5334,5349
8983,5332,5327,5335
8984,5327,5329,5335
8985,5335,5337,5333
8986,5334,5333,5338
8987,5334,5338,5349
8988,5328,5336,5329
8989,5329,5336,5434
8990,5066,5434,5336
8991,5335,5329,5435
8992,5335,5435,5337
8993,5333,5337,5338
8994,5329,5434,5435
8995,5349,5338,5439
8996,5297,5351,5318
8997,5297,5349,5351
8998,5349,5440,5351
8999,5318,5351,5352
9000,5317,5352,5350
9001,5350,5358,5353
9002,5350,5352,5355
9003,5320,5357,5321
9004,5320,5353,5356
9005,5321,5357,5354
9006,5320,5356,5357
9007,5351,5441,5352
9008,5350,5355,5358
9009,5351,5440,5441
9010,5352,5441,5355
9011,5353,5358,5356
9012,5354,5357,5442
9013,5356,5443,5357
9014,5356,5358,5444
9015,5357,5443,5442
9016,4990,5242,4991
9017,4991,5319,4992
9018,4992,5354,5385
9019,4991,5242,5319
9020,4992,5319,5354
9021,5354,5442,5385
9022,4968,5363,5362
9023,4969,5364,5363
9024,4970,5365,5364
9025,4971,5366,5365
9026,4972,5367,5366
9027,5372,5368,5367
9028,5368,5373,5369
9029,5369,5374,5370
9030,5370,5375,5371
9031,5371,5376,5377
9032,5377,5381,5378
9033,4970,4971,5365
9034,4971,4972,5366
9035,4972,5372,5367
9036,5372,5373,5368
9037,5369,5373,5374
9038,5370,5374,5375
9039,5371,5375,5376
9040,5377,5376,5381
9041,5378,5381,5379
9042,5379,5382,5380
9043,5380,5383,5517
9044,5379,5381,5382
9045,5380,5382,5383
9046,5383,5522,5517
9047,4989,5376,5375
9048,4990,5381,5376
9049,4990,5382,5381
9050,4991,5383,5382
9051,4992,5522,5383
9052,5385,5386,5523
9053,5386,5387,5524
9054,5387,5388,5525
9055,5388,5389,5526
9056,5389,5390,5527
9057,4867,5392,5391
9058,5391,5392,5393
9059,5392,5396,5393
9060,4632,5393,5395
9061,4632,5395,5394
9062,5393,5396,5395
9063,5394,5395,5515
9064,4871,5396,5392
9065,4871,5397,5396
9066,5396,5397,5401
9067,5397,5536,5401
9068,5390,5398,5533
9069,5398,5399,5534
9070,5399,5400,5535
9071,5395,5396,5401
9072,5395,5401,5515
9073,5401,5402,5515
9074,5401,5536,5402
9075,5400,5402,5536
9076,4661,5407,5403
9077,4661,5404,5407
9078,5404,5410,5407
9079,5404,5405,5410
9080,5405,5411,5410
9081,5405,5406,5411
9082,5403,5409,5408
9083,5403,5407,5409
9084,5407,5416,5409
9085,5407,5410,5416
9086,5410,5418,5416
9087,5410,5411,5418
9088,5408,5413,5412
9089,5408,5409,5413
9090,5409,5417,5413
9091,5412,5415,5414
9092,5412,5413,5415
9093,5413,5419,5415
9094,5414,5415,5438
9095,5409,5416,5417
9096,5416,5420,5417
9097,5416,5418,5420
9098,5413,5417,5419
9099,5417,5421,5419
9100,5417,5420,5421
9101,4666,5422,5406
9102,5406,5422,5425
9103,4672,5423,5422
9104,5422,5423,5426
9105,4673,5424,5423
9106,4674,5490,5424
9107,4674,5488,5490
9108,5406,5425,5411
9109,5411,5425,5428
9110,5411,5428,5418
9111,5422,5426,5425
9112,5425,5426,5430
9113,5423,5424,5427
9114,5423,5427,5426
9115,5426,5427,5431
9116,5424,5490,5427
9117,5418,5428,5429
9118,5418,5429,5420
9119,5425,5430,5428
9120,5428,5432,5429
9121,5428,5430,5432
9122,5420,5429,5465
9123,5420,5465,5421
9124,5429,5477,5465
9125,5429,5432,5477
9126,5426,5431,5430
9127,5430,5431,5433
9128,5427,5490,5492
9129,5427,5492,5431
9130,5431,5492,5494
9131,5430,5433,5432
9132,5432,5478,5477
9133,5432,5433,5478
9134,5431,5494,5433
9135,5433,5494,5500
9136,5414,5438,5434
9137,5337,5435,5437
9138,5338,5337,5436
9139,5338,5436,5439
9140,5435,5434,5438
9141,5435,5438,5437
9142,5337,5437,5436
9143,5415,5452,5438
9144,5436,5454,5439
9145,5436,5437,5451
9146,5438,5452,5437
9147,5436,5451,5454
9148,5349,5439,5440
9149,5439,5447,5440
9150,5439,5454,5447
9151,5355,5445,5358
9152,5355,5441,5446
9153,5440,5448,5441
9154,5355,5446,5445
9155,5441,5448,5446
9156,5356,5444,5443
9157,5358,5445,5444
9158,5444,5450,5443
9159,5442,5443,5449
9160,5440,5447,5448
9161,5445,5446,5459
9162,5446,5448,5456
9163,5444,5445,5458
9164,5443,5450,5449
9165,5444,5458,5450
9166,5445,5459,5458
9167,5415,5419,5452
9168,5419,5453,5452
9169,5437,5452,5451
9170,5451,5455,5454
9171,5451,5452,5453
9172,5419,5421,5453
9173,5451,5453,5455
9174,5447,5454,5461
9175,5454,5455,5461
9176,5455,5469,5461
9177,5447,5457,5448
9178,5446,5456,5459
9179,5448,5457,5456
9180,5447,5461,5457
9181,5459,5456,5464
9182,5450,5458,5462
9183,5449,5450,5460
9184,5458,5459,5463
9185,5458,5463,5462
9186,5450,5462,5460
9187,5461,5468,5457
9188,5456,5457,5467
9189,5456,5467,5464
9190,5457,5468,5467
9191,5459,5464,5463
9192,5463,5472,5462
9193,5460,5462,5470
9194,5385,5442,5386
9195,5386,5449,5387
9196,5387,5460,5388
9197,5386,5442,5449
9198,5387,5449,5460
9199,5421,5465,5466
9200,5421,5466,5453
9201,5455,5453,5466
9202,5465,5477,5479
9203,5465,5479,5466
9204,5455,5466,5469
9205,5466,5479,5469
9206,5461,5469,5468
9207,5464,5467,5475
9208,5469,5474,5468
9209,5467,5468,5473
9210,5467,5473,5475
9211,5463,5464,5471
9212,5463,5471,5472
9213,5462,5472,5470
9214,5464,5475,5471
9215,5470,5472,5476
9216,5469,5479,5474
9217,5468,5474,5473
9218,5473,5483,5475
9219,5471,5482,5472
9220,5471,5475,5481
9221,5472,5482,5476
9222,5471,5481,5482
9223,5477,5484,5479
9224,5477,5478,5484
9225,5433,5500,5478
9226,5478,5500,5502
9227,5478,5502,5484
9228,5474,5479,5484
9229,5473,5474,5480
9230,5473,5480,5483
9231,5474,5484,5480
9232,5475,5483,5481
9233,5476,5482,5485
9234,5481,5486,5482
9235,5481,5483,5487
9236,5482,5486,5485
9237,5480,5503,5483
9238,5480,5484,5502
9239,5480,5502,5503
9240,5481,5487,5486
9241,5483,5503,5487
9242,5485,5486,5504
9243,5388,5470,5389
9244,5389,5476,5390
9245,5390,5485,5398
9246,5388,5460,5470
9247,5389,5470,5476
9248,5390,5476,5485
9249,4684,5489,5496
9250,4684,5496,5491
9251,5488,5493,5490
9252,5488,5491,5493
9253,5489,5498,5496
9254,4685,5498,5489
9255,5490,5493,5492
9256,5491,5497,5493
9257,5492,5495,5494
9258,5492,5493,5495
9259,5493,5497,5495
9260,5494,5495,5501
9261,5491,5496,5497
9262,5496,5509,5497
9263,5496,5498,5509
9264,4686,5394,5499
9265,4685,5499,5498
9266,5394,5515,5499
9267,5498,5499,5516
9268,5494,5501,5500
9269,5495,5508,5501
9270,5500,5501,5507
9271,5500,5507,5502
9272,5502,5507,5503
9273,5487,5505,5486
9274,5487,5503,5506
9275,5486,5505,5504
9276,5487,5506,5505
9277,5503,5507,5506
9278,5501,5512,5507
9279,5505,5506,5511
9280,5504,5505,5510
9281,5506,5507,5512
9282,5506,5512,5511
9283,5505,5511,5510
9284,5495,5497,5508
9285,5497,5509,5508
9286,5501,5508,5512
9287,5508,5514,5512
9288,5512,5514,5511
9289,5510,5511,5513
9290,5508,5509,5514
9291,5511,5514,5513
9292,5513,5514,5516
9293,5398,5504,5399
9294,5399,5510,5400
9295,5398,5485,5504
9296,5399,5504,5510
9297,5400,5510,5513
9298,5402,5516,5515
9299,5499,5515,5516
9300,5498,5516,5509
9301,5509,5516,5514
9302,5400,5513,5402
9303,5402,5513,5516
9304,5517,5522,5518
9305,5518,5523,5519
9306,5519,5524,5520
9307,5518,5522,5523
9308,5519,5523,5524
9309,5520,5525,5521
9310,5521,5526,5528
9311,5520,5524,5525
9312,5521,5525,5526
9313,5526,5527,5528
9314,5385,5523,5522
9315,5386,5524,5523
9316,5387,5525,5524
9317,5388,5526,5525
9318,5389,5527,5526
9319,5527,5529,5528
9320,5529,5533,5530
9321,5530,5534,5531
9322,5527,5533,5529
9323,5530,5533,5534
9324,5531,5535,5532
9325,4910,5532,5397
9326,5531,5534,5535
9327,5532,5535,5536
9328,5397,5532,5536
9329,5390,5533,5527
9330,5398,5534,5533
9331,5399,5535,5534
9332,5400,5536,5535
9333,0,4,5
9334,0,5,7
9335,0,7,3
9336,4,269,5
9337,0,3,452
9338,0,452,453
9339,0,453,4
9340,7,11,3
9341,4,454,269
9342,269,454,270
9343,270,454,279
9344,5,8,7
9345,5,269,8
9346,8,269,271
9347,269,270,271
9348,270,279,299
9349,4,453,454
9350,825,452,455
9351,453,452,825
9352,453,1861,454
9353,453,825,1861
9354,279,454,1861
9355,6,7,8
9356,6,11,7
9357,6,8,9
9358,8,271,9
9359,6,9,10
9360,9,273,209
9361,6,10,11
9362,9,152,10
9363,9,209,152
9364,209,154,152
9365,270,332,272
9366,270,273,271
9367,9,271,273
9368,270,272,273
9369,270,299,332
9370,209,273,444
9371,2296,2960,2297
9372,2296,2962,2960
9373,2296,2297,2833
9374,2296,2833,2832
9375,2296,2968,2962
9376,2296,2981,2968
9377,2296,3155,2981
9378,2981,3155,2985
9379,2985,3155,2989
9380,2989,3155,2991
9381,2991,3155,3134
9382,3134,3155,3138
9383,3138,3155,3140
9384,3140,3155,3156
9385,333,343,335
9386,333,340,343
9387,340,341,345
9388,341,402,407
9389,340,345,343
9390,341,407,345
9391,402,403,408
9392,403,404,410
9393,402,408,407
9394,403,410,408
9395,404,415,418
9396,415,416,420
9397,404,418,410
9398,415,420,418
9399,416,436,420
9400,416,433,436
9401,433,434,438
9402,434,442,447
9403,433,438,436
9404,434,447,438
9405,442,443,449
9406,443,445,450
9407,442,449,447
9408,443,450,449
9409,2220,3705,3224
9410,2221,3224,2222
9411,2220,3224,2221
9412,2222,3224,2223
9413,2223,3224,3879
9414,3224,4747,3879
9415,2224,2239,2231
9416,2233,2231,2241
9417,2224,2227,2239
9418,2227,2229,2240
9419,2227,2240,2239
9420,2229,2566,2585
9421,2229,2585,2240
9422,2241,2231,2239
9423,2242,2239,2240
9424,2241,2239,2242
9425,2588,2240,2585
9426,2242,2240,2588
9427,2233,2253,2245
9428,2245,2255,2247
9429,2233,2241,2253
9430,2241,2242,2254
9431,2241,2254,2253
9432,2242,2588,2600
9433,2242,2600,2254
9434,2245,2253,2255
9435,2253,2254,2256
9436,2253,2256,2255
9437,2254,2600,2603
9438,2254,2603,2256
9439,2566,2567,2586
9440,2566,2586,2585
9441,2567,2569,2587
9442,2567,2587,2586
9443,2589,2585,2586
9444,2588,2585,2589
9445,2590,2586,2587
9446,2589,2586,2590
9447,2569,2571,2593
9448,2569,2593,2587
9449,2571,2574,2594
9450,2571,2594,2593
9451,2574,2628,2594
9452,2595,2587,2593
9453,2590,2587,2595
9454,2596,2593,2594
9455,2595,2593,2596
9456,2596,2594,2630
9457,2588,2589,2601
9458,2588,2601,2600
9459,2589,2590,2602
9460,2589,2602,2601
9461,2600,2604,2603
9462,2600,2601,2604
9463,2601,2605,2604
9464,2601,2602,2605
9465,2590,2595,2606
9466,2590,2606,2602
9467,2595,2596,2607
9468,2595,2607,2606
9469,2596,2643,2607
9470,2602,2606,2608
9471,2602,2608,2605
9472,2606,2607,2609
9473,2606,2609,2608
9474,2607,2645,2609
9475,2574,2576,2628
9476,2576,2629,2628
9477,2576,2578,2629
9478,2578,2580,2634
9479,2578,2634,2629
9480,2630,2594,2628
9481,2630,2628,2631
9482,2631,2628,2629
9483,2637,2629,2634
9484,2631,2629,2637
9485,2580,2582,2635
9486,2580,2635,2634
9487,2582,2583,2636
9488,2582,2636,2635
9489,2638,2634,2635
9490,2637,2634,2638
9491,2639,2635,2636
9492,2638,2635,2639
9493,2596,2630,2643
9494,2630,2644,2643
9495,2630,2631,2644
9496,2631,2637,2647
9497,2631,2647,2644
9498,2607,2643,2645
9499,2643,2646,2645
9500,2643,2644,2646
9501,2644,2647,2650
9502,2644,2650,2646
9503,2637,2638,2648
9504,2637,2648,2647
9505,2638,2639,2649
9506,2638,2649,2648
9507,2647,2648,2651
9508,2647,2651,2650
9509,2648,2652,2651
9510,2648,2649,2652
9511,2247,2726,2718
9512,2718,2728,2720
9513,2247,2255,2726
9514,2255,2256,2727
9515,2255,2727,2726
9516,2256,2603,2861
9517,2256,2861,2727
9518,2718,2726,2728
9519,2726,2727,2729
9520,2726,2729,2728
9521,2727,2861,2864
9522,2727,2864,2729
9523,2720,2739,2730
9524,2730,2741,2732
9525,2720,2728,2739
9526,2728,2729,2740
9527,2728,2740,2739
9528,2729,2864,2871
9529,2729,2871,2740
9530,2730,2739,2741
9531,2739,2740,2742
9532,2739,2742,2741
9533,2740,2871,2874
9534,2740,2874,2742
9535,2732,2761,2754
9536,2754,2763,2756
9537,2732,2741,2761
9538,2741,2742,2762
9539,2741,2762,2761
9540,2742,2874,2911
9541,2742,2911,2762
9542,2754,2761,2763
9543,2761,2762,2764
9544,2761,2764,2763
9545,2762,2911,2914
9546,2762,2914,2764
9547,2756,340,333
9548,2756,2763,340
9549,2763,2764,341
9550,2763,341,340
9551,2764,2914,402
9552,2764,402,341
9553,2603,2862,2861
9554,2603,2604,2862
9555,2604,2863,2862
9556,2604,2605,2863
9557,2861,2865,2864
9558,2861,2862,2865
9559,2862,2866,2865
9560,2862,2863,2866
9561,2605,2608,2867
9562,2605,2867,2863
9563,2608,2609,2868
9564,2608,2868,2867
9565,2609,2881,2868
9566,2863,2867,2869
9567,2863,2869,2866
9568,2867,2868,2870
9569,2867,2870,2869
9570,2868,2883,2870
9571,2864,2872,2871
9572,2864,2865,2872
9573,2865,2873,2872
9574,2865,2866,2873
9575,2871,2875,2874
9576,2871,2872,2875
9577,2872,2876,2875
9578,2872,2873,2876
9579,2866,2869,2877
9580,2866,2877,2873
9581,2869,2870,2878
9582,2869,2878,2877
9583,2870,2894,2878
9584,2873,2877,2879
9585,2873,2879,2876
9586,2877,2878,2880
9587,2877,2880,2879
9588,2878,2896,2880
9589,2609,2645,2881
9590,2645,2882,2881
9591,2645,2646,2882
9592,2646,2650,2885
9593,2646,2885,2882
9594,2868,2881,2883
9595,2881,2884,2883
9596,2881,2882,2884
9597,2882,2885,2888
9598,2882,2888,2884
9599,2650,2651,2886
9600,2650,2886,2885
9601,2651,2887,2886
9602,2651,2652,2887
9603,2885,2886,2889
9604,2885,2889,2888
9605,2886,2890,2889
9606,2886,2887,2890
9607,2870,2883,2894
9608,2883,2895,2894
9609,2883,2884,2895
9610,2884,2888,2898
9611,2884,2898,2895
9612,2878,2894,2896
9613,2894,2897,2896
9614,2894,2895,2897
9615,2895,2898,2901
9616,2895,2901,2897
9617,2888,2889,2899
9618,2888,2899,2898
9619,2889,2900,2899
9620,2889,2890,2900
9621,2898,2899,2902
9622,2898,2902,2901
9623,2899,2903,2902
9624,2899,2900,2903
9625,2874,2912,2911
9626,2874,2875,2912
9627,2875,2913,2912
9628,2875,2876,2913
9629,2911,2915,2914
9630,2911,2912,2915
9631,2912,2916,2915
9632,2912,2913,2916
9633,2876,2879,2917
9634,2876,2917,2913
9635,2879,2880,2918
9636,2879,2918,2917
9637,2880,2921,2918
9638,2913,2917,2919
9639,2913,2919,2916
9640,2917,2918,2920
9641,2917,2920,2919
9642,2918,2923,2920
9643,2914,403,402
9644,2914,2915,403
9645,2915,404,403
9646,2915,2916,404
9647,2916,2919,415
9648,2916,415,404
9649,2919,2920,416
9650,2919,416,415
9651,2920,433,416
9652,2880,2896,2921
9653,2896,2922,2921
9654,2896,2897,2922
9655,2897,2901,2925
9656,2897,2925,2922
9657,2918,2921,2923
9658,2921,2924,2923
9659,2921,2922,2924
9660,2922,2925,2928
9661,2922,2928,2924
9662,2901,2902,2926
9663,2901,2926,2925
9664,2902,2927,2926
9665,2902,2903,2927
9666,2925,2926,2929
9667,2925,2929,2928
9668,2926,2930,2929
9669,2926,2927,2930
9670,2920,2923,433
9671,2923,434,433
9672,2923,2924,434
9673,2924,2928,442
9674,2924,442,434
9675,2928,2929,443
9676,2928,443,442
9677,2929,445,443
9678,2929,2930,445
9679,3156,3182,3178
9680,3178,3182,3184
9681,3182,3195,3184
9682,3156,3224,3182
9683,3182,3224,3195
9684,3195,3224,3225
9685,3224,3230,3225
9686,3224,3692,3230
9687,3224,3705,3692
9688,3156,4747,3224
9689,3911,3912,3913
9690,272,444,273
9691,272,332,444
9692,14,15,13
9693,15,16,13
9694,14,13,19
9695,16,17,13
9696,14,42,15
9697,14,41,42
9698,15,43,16
9699,15,42,43
9700,17,18,13
9701,18,23,13
9702,23,24,13
9703,24,25,13
9704,16,47,17
9705,16,43,47
9706,17,48,18
9707,17,47,48
9708,18,48,64
9709,22,19,20
9710,22,20,21
9711,14,19,22
9712,14,22,51
9713,25,26,13
9714,26,27,13
9715,27,28,13
9716,18,64,23
9717,23,64,65
9718,23,65,24
9719,24,65,68
9720,28,31,13
9721,31,32,13
9722,32,29,13
9723,24,68,25
9724,25,69,26
9725,25,68,69
9726,26,110,27
9727,26,69,110
9728,27,111,28
9729,27,110,111
9730,28,114,31
9731,28,111,114
9732,32,30,29
9733,32,35,30
9734,31,115,32
9735,31,114,115
9736,32,115,35
9737,35,33,30
9738,35,34,33
9739,35,37,34
9740,37,36,34
9741,115,126,35
9742,35,126,37
9743,37,126,40
9744,37,38,36
9745,37,39,38
9746,37,172,39
9747,37,40,172
9748,40,176,172
9749,41,45,42
9750,42,46,43
9751,41,44,45
9752,44,54,45
9753,42,45,46
9754,45,55,46
9755,43,49,47
9756,47,50,48
9757,43,46,49
9758,46,59,49
9759,47,49,50
9760,48,50,66
9761,49,60,50
9762,14,51,41
9763,41,52,44
9764,41,51,52
9765,44,53,54
9766,45,54,55
9767,53,57,54
9768,53,56,57
9769,54,58,55
9770,54,57,58
9771,46,55,59
9772,49,59,60
9773,50,60,72
9774,55,61,59
9775,55,58,61
9776,59,62,60
9777,59,61,62
9778,60,62,74
9779,44,63,53
9780,44,52,63
9781,53,63,85
9782,53,85,56
9783,48,66,64
9784,64,67,65
9785,64,66,67
9786,50,72,66
9787,65,67,70
9788,66,73,67
9789,65,70,68
9790,68,71,69
9791,69,112,110
9792,68,70,71
9793,67,76,70
9794,70,77,71
9795,69,71,112
9796,71,118,112
9797,66,72,73
9798,67,73,76
9799,60,74,72
9800,72,74,75
9801,72,75,73
9802,73,75,78
9803,70,76,77
9804,71,77,118
9805,73,78,76
9806,76,79,77
9807,76,78,79
9808,77,120,118
9809,77,79,120
9810,56,81,57
9811,56,80,81
9812,57,82,58
9813,57,81,82
9814,80,88,81
9815,81,89,82
9816,58,83,61
9817,58,82,83
9818,61,84,62
9819,61,83,84
9820,62,84,98
9821,82,93,83
9822,83,94,84
9823,56,86,80
9824,56,85,86
9825,80,86,97
9826,80,87,88
9827,87,91,88
9828,81,88,89
9829,88,92,89
9830,87,90,91
9831,88,91,92
9832,82,89,93
9833,89,95,93
9834,83,93,94
9835,84,94,102
9836,93,96,94
9837,89,92,95
9838,93,95,96
9839,94,96,104
9840,80,97,87
9841,87,656,90
9842,87,97,656
9843,62,98,74
9844,74,98,99
9845,74,99,75
9846,75,99,100
9847,84,102,98
9848,98,103,99
9849,75,100,78
9850,78,101,79
9851,78,100,101
9852,79,133,120
9853,79,101,133
9854,99,106,100
9855,100,107,101
9856,101,137,133
9857,98,102,103
9858,94,104,102
9859,99,103,106
9860,102,105,103
9861,102,104,105
9862,103,105,108
9863,100,106,107
9864,103,108,106
9865,106,109,107
9866,101,107,137
9867,107,139,137
9868,106,108,109
9869,107,109,139
9870,110,113,111
9871,111,116,114
9872,110,112,113
9873,112,119,113
9874,111,113,116
9875,113,122,116
9876,114,117,115
9877,115,117,126
9878,114,116,117
9879,116,123,117
9880,117,123,127
9881,112,118,119
9882,113,119,122
9883,118,121,119
9884,118,120,121
9885,119,124,122
9886,119,121,124
9887,116,122,123
9888,122,125,123
9889,122,124,125
9890,123,125,129
9891,126,117,127
9892,126,127,40
9893,40,127,128
9894,127,129,128
9895,40,128,176
9896,128,229,176
9897,128,131,229
9898,131,233,229
9899,123,129,127
9900,129,131,128
9901,129,130,131
9902,125,130,129
9903,131,130,132
9904,131,132,233
9905,132,235,233
9906,132,146,235
9907,120,134,121
9908,120,133,134
9909,121,135,124
9910,121,134,135
9911,133,138,134
9912,134,141,135
9913,124,136,125
9914,124,135,136
9915,125,136,130
9916,135,142,136
9917,136,142,145
9918,133,137,138
9919,137,140,138
9920,134,138,141
9921,138,143,141
9922,137,139,140
9923,138,140,143
9924,135,141,142
9925,141,144,142
9926,142,144,147
9927,141,143,144
9928,130,136,145
9929,130,145,132
9930,132,145,146
9931,142,147,145
9932,146,145,147
9933,146,147,149
9934,146,242,235
9935,146,149,242
9936,149,244,242
9937,147,148,149
9938,149,148,150
9939,144,148,147
9940,148,305,150
9941,149,150,244
9942,150,346,244
9943,155,154,156
9944,158,157,159
9945,158,159,160
9946,160,159,161
9947,160,161,162
9948,162,161,166
9949,158,160,195
9950,160,162,196
9951,162,167,197
9952,167,166,165
9953,162,166,167
9954,167,165,168
9955,167,170,197
9956,167,168,170
9957,170,168,169
9958,170,169,171
9959,170,171,182
9960,170,182,203
9961,176,173,172
9962,176,174,173
9963,177,175,174
9964,176,177,174
9965,177,178,175
9966,180,179,178
9967,177,180,178
9968,177,230,180
9969,182,171,181
9970,182,181,183
9971,182,185,216
9972,182,183,185
9973,185,183,184
9974,185,184,186
9975,180,187,179
9976,189,188,187
9977,189,190,188
9978,180,189,187
9979,180,231,189
9980,193,190,189
9981,193,192,190
9982,185,186,192
9983,185,192,193
9984,185,193,217
9985,193,189,238
9986,193,238,240
9987,193,240,220
9988,160,196,195
9989,162,197,196
9990,208,156,157
9991,155,156,208
9992,158,208,157
9993,195,196,199
9994,196,197,200
9995,155,208,194
9996,158,195,208
9997,196,200,199
9998,194,208,198
9999,195,199,208
10000,199,200,206
10001,170,203,197
10002,197,203,200
10003,203,216,204
10004,203,204,200
10005,200,204,206
10006,204,213,206
10007,204,216,218
10008,204,218,213
10009,218,222,213
10010,198,208,205
10011,199,206,208
10012,205,208,207
10013,206,213,208
10014,207,208,209
10015,208,214,209
10016,213,214,208
10017,213,222,214
10018,214,222,223
10019,209,214,215
10020,214,223,215
10021,182,216,203
10022,216,217,218
10023,185,217,216
10024,217,220,219
10025,218,219,222
10026,218,217,219
10027,222,219,225
10028,193,220,217
10029,220,221,219
10030,219,221,225
10031,221,254,225
10032,222,225,223
10033,215,223,226
10034,225,227,223
10035,225,254,227
10036,223,227,226
10037,226,227,255
10038,176,229,177
10039,177,229,230
10040,229,233,230
10041,230,233,234
10042,230,231,180
10043,230,234,231
10044,231,234,232
10045,233,235,234
10046,234,235,236
10047,235,242,236
10048,234,236,232
10049,232,236,237
10050,236,243,237
10051,231,238,189
10052,231,232,238
10053,238,232,239
10054,238,239,240
10055,240,239,241
10056,240,241,251
10057,232,237,239
10058,237,247,239
10059,239,247,241
10060,236,242,243
10061,242,244,243
10062,243,244,246
10063,243,245,237
10064,243,246,245
10065,244,346,246
10066,245,246,348
10067,237,245,247
10068,247,245,249
10069,241,247,248
10070,241,248,252
10071,247,249,248
10072,245,348,249
10073,249,250,248
10074,248,250,262
10075,240,251,220
10076,220,251,221
10077,221,251,253
10078,221,253,254
10079,241,252,251
10080,251,252,253
10081,253,257,254
10082,253,252,261
10083,253,261,257
10084,227,254,258
10085,227,258,255
10086,254,257,258
10087,258,257,264
10088,255,258,259
10089,258,264,259
10090,248,262,252
10091,252,262,261
10092,257,261,266
10093,250,365,262
10094,262,365,263
10095,262,263,261
10096,261,263,266
10097,263,368,266
10098,257,266,264
10099,259,264,265
10100,264,266,267
10101,266,368,267
10102,264,267,265
10103,265,267,369
10104,90,275,91
10105,90,274,275
10106,91,276,92
10107,91,275,276
10108,274,281,275
10109,274,280,281
10110,275,282,276
10111,275,281,282
10112,92,277,95
10113,92,276,277
10114,95,278,96
10115,95,277,278
10116,96,278,285
10117,276,283,277
10118,276,282,283
10119,277,284,278
10120,277,283,284
10121,278,284,289
10122,90,1442,274
10123,90,656,1442
10124,274,1445,280
10125,274,1442,1445
10126,96,285,104
10127,104,285,286
10128,104,286,105
10129,105,286,287
10130,278,289,285
10131,285,289,290
10132,285,290,286
10133,286,290,291
10134,105,287,108
10135,108,288,109
10136,108,287,288
10137,109,293,139
10138,109,288,293
10139,286,291,287
10140,287,292,288
10141,287,291,292
10142,288,297,293
10143,288,292,297
10144,139,294,140
10145,139,293,294
10146,140,295,143
10147,140,294,295
10148,293,298,294
10149,293,297,298
10150,294,300,295
10151,294,298,300
10152,143,296,144
10153,143,295,296
10154,144,296,148
10155,295,301,296
10156,295,300,301
10157,305,296,301
10158,301,302,307
10159,148,296,305
10160,305,306,150
10161,305,307,306
10162,150,306,346
10163,346,306,349
10164,305,301,307
10165,302,313,307
10166,306,307,314
10167,306,314,349
10168,302,308,313
10169,308,310,315
10170,310,311,317
10171,311,312,318
10172,308,315,313
10173,307,313,314
10174,313,316,314
10175,314,355,349
10176,310,317,315
10177,313,315,316
10178,315,319,316
10179,314,316,355
10180,316,357,355
10181,315,317,319
10182,311,318,317
10183,317,320,319
10184,317,318,320
10185,316,319,357
10186,319,359,357
10187,319,320,359
10188,312,321,324
10189,321,322,326
10190,322,323,327
10191,312,324,318
10192,318,325,320
10193,318,324,325
10194,321,326,324
10195,324,328,325
10196,324,326,328
10197,320,382,359
10198,320,325,382
10199,325,385,382
10200,325,328,385
10201,322,327,326
10202,326,327,329
10203,326,329,328
10204,323,336,327
10205,327,338,329
10206,328,329,387
10207,328,387,385
10208,329,396,387
10209,323,330,336
10210,330,331,337
10211,331,334,342
10212,334,335,343
10213,330,337,336
10214,327,336,338
10215,336,339,338
10216,336,337,339
10217,329,338,396
10218,338,398,396
10219,338,339,398
10220,331,342,337
10221,337,342,344
10222,337,344,339
10223,334,343,342
10224,342,345,344
10225,342,343,345
10226,339,344,405
10227,339,405,398
10228,344,407,405
10229,344,345,407
10230,246,346,347
10231,346,349,347
10232,246,347,348
10233,348,347,350
10234,347,349,354
10235,347,354,350
10236,348,351,249
10237,348,350,351
10238,249,351,250
10239,250,351,353
10240,250,353,365
10241,350,352,351
10242,351,352,353
10243,353,352,362
10244,353,362,366
10245,349,355,354
10246,350,354,356
10247,354,355,358
10248,354,358,356
10249,355,357,358
10250,357,359,360
10251,357,360,358
10252,358,361,356
10253,358,360,361
10254,350,356,352
10255,352,356,363
10256,352,363,362
10257,356,361,363
10258,361,391,363
10259,363,364,362
10260,362,364,376
10261,363,391,364
10262,263,367,368
10263,263,365,367
10264,353,366,365
10265,365,366,367
10266,368,367,372
10267,367,366,375
10268,367,375,372
10269,368,370,267
10270,267,370,369
10271,369,370,373
10272,368,372,370
10273,370,372,378
10274,370,378,373
10275,366,376,375
10276,375,379,372
10277,362,376,366
10278,364,421,376
10279,376,421,377
10280,375,376,377
10281,375,377,379
10282,377,424,379
10283,372,379,378
10284,373,378,380
10285,378,379,381
10286,378,381,380
10287,379,424,381
10288,380,381,425
10289,359,382,383
10290,359,383,360
10291,382,385,386
10292,382,386,383
10293,360,383,384
10294,360,384,361
10295,383,386,389
10296,383,389,384
10297,385,387,388
10298,385,388,386
10299,387,397,388
10300,386,388,390
10301,386,390,389
10302,388,400,390
10303,361,384,391
10304,384,392,391
10305,384,389,392
10306,364,391,394
10307,364,394,421
10308,391,392,394
10309,389,390,393
10310,389,393,392
10311,390,411,393
10312,392,393,395
10313,392,395,394
10314,394,395,423
10315,393,413,395
10316,387,396,397
10317,396,399,397
10318,396,398,399
10319,388,397,400
10320,397,401,400
10321,397,399,401
10322,398,405,406
10323,398,406,399
10324,405,407,408
10325,405,408,406
10326,399,406,409
10327,399,409,401
10328,406,408,410
10329,406,410,409
10330,390,400,411
10331,400,412,411
10332,400,401,412
10333,393,411,413
10334,411,414,413
10335,395,413,429
10336,411,412,414
10337,413,414,430
10338,401,409,417
10339,401,417,412
10340,409,418,417
10341,409,410,418
10342,412,417,419
10343,412,419,414
10344,414,419,435
10345,417,420,419
10346,417,418,420
10347,419,420,436
10348,377,421,422
10349,377,422,424
10350,424,422,427
10351,394,423,421
10352,421,423,422
10353,395,429,423
10354,422,423,431
10355,422,431,427
10356,424,426,381
10357,424,427,426
10358,381,426,425
10359,425,426,428
10360,426,427,440
10361,426,440,428
10362,413,430,429
10363,423,429,431
10364,429,430,432
10365,429,432,431
10366,431,439,427
10367,431,432,439
10368,414,435,430
10369,430,435,437
10370,419,436,435
10371,435,436,438
10372,430,437,432
10373,432,437,446
10374,432,446,439
10375,435,438,437
10376,437,447,446
10377,437,438,447
10378,427,439,440
10379,440,439,448
10380,428,440,441
10381,440,448,441
10382,439,446,448
10383,446,449,448
10384,446,447,449
10385,441,448,450
10386,448,449,450
10387,459,21,456
10388,459,456,457
10389,459,457,458
10390,22,21,644
10391,459,644,21
10392,459,458,460
10393,479,460,462
10394,459,648,644
10395,459,460,479
10396,459,479,648
10397,480,465,464
10398,479,462,474
10399,479,474,478
10400,481,476,465
10401,481,477,476
10402,650,478,477
10403,479,478,650
10404,480,481,465
10405,480,556,481
10406,481,650,477
10407,480,555,556
10408,481,556,666
10409,555,668,556
10410,555,559,668
10411,22,645,51
10412,22,644,645
10413,51,646,52
10414,51,645,646
10415,644,648,649
10416,644,649,645
10417,52,647,63
10418,52,646,647
10419,63,647,655
10420,645,652,646
10421,645,649,652
10422,646,659,647
10423,646,652,659
10424,479,651,648
10425,648,653,649
10426,479,650,651
10427,481,666,650
10428,648,651,653
10429,650,667,651
10430,649,654,652
10431,652,661,659
10432,649,653,654
10433,651,670,653
10434,652,654,661
10435,653,683,654
10436,63,655,85
10437,85,657,86
10438,85,655,657
10439,647,659,660
10440,647,660,655
10441,655,663,657
10442,655,660,663
10443,86,658,97
10444,86,657,658
10445,97,1443,656
10446,97,658,1443
10447,657,664,658
10448,657,663,664
10449,659,662,660
10450,659,661,662
10451,654,684,661
10452,660,662,665
10453,661,686,662
10454,660,665,663
10455,658,664,1463
10456,663,1465,664
10457,663,665,1465
10458,650,666,667
10459,556,669,666
10460,556,668,669
10461,666,671,667
10462,666,669,671
10463,651,667,670
10464,653,670,683
10465,667,672,670
10466,667,671,672
10467,670,685,683
10468,670,672,685
10469,559,674,668
10470,559,673,674
10471,668,675,669
10472,668,674,675
10473,673,828,674
10474,673,826,828
10475,674,831,675
10476,674,828,831
10477,669,676,671
10478,669,675,676
10479,671,689,672
10480,671,676,689
10481,675,832,676
10482,675,831,832
10483,676,857,689
10484,676,832,857
10485,654,683,684
10486,661,684,686
10487,683,688,684
10488,683,685,688
10489,684,688,691
10490,662,686,687
10491,662,687,665
10492,665,1519,1465
10493,665,687,1519
10494,684,691,686
10495,686,691,692
10496,686,692,687
10497,687,692,1530
10498,672,690,685
10499,672,689,690
10500,685,693,688
10501,685,690,693
10502,689,858,690
10503,690,861,693
10504,688,694,691
10505,688,693,694
10506,691,1532,692
10507,691,694,1532
10508,693,862,694
10509,694,1673,1532
10510,826,833,828
10511,826,830,833
10512,828,834,831
10513,831,859,832
10514,828,833,834
10515,830,845,833
10516,831,834,859
10517,833,846,834
10518,830,844,845
10519,833,845,846
10520,834,846,865
10521,844,1121,845
10522,844,847,1121
10523,845,1140,846
10524,845,1121,1140
10525,689,857,858
10526,832,860,857
10527,690,858,861
10528,857,863,858
10529,832,859,860
10530,857,860,863
10531,693,861,862
10532,858,864,861
10533,694,862,1673
10534,861,1675,862
10535,858,863,864
10536,861,864,1675
10537,834,865,859
10538,859,865,866
10539,859,866,860
10540,860,867,863
10541,860,866,867
10542,846,1141,865
10543,846,1140,1141
10544,865,1145,866
10545,865,1141,1145
10546,863,868,864
10547,863,867,868
10548,864,1682,1675
10549,864,868,1682
10550,866,1146,867
10551,866,1145,1146
10552,867,1147,868
10553,867,1146,1147
10554,847,1142,1121
10555,847,1122,1142
10556,1121,1143,1140
10557,1121,1142,1143
10558,1140,1144,1141
10559,1140,1143,1144
10560,1141,1148,1145
10561,1141,1144,1148
10562,1145,1148,1149
10563,1145,1149,1146
10564,1146,1857,1147
10565,1146,1149,1857
10566,656,1444,1442
10567,656,1443,1444
10568,1442,1444,1450
10569,658,1463,1443
10570,1443,1464,1444
10571,1442,1450,1445
10572,1444,1467,1450
10573,1443,1463,1464
10574,664,1466,1463
10575,1463,1471,1464
10576,664,1465,1466
10577,1463,1466,1471
10578,1444,1464,1467
10579,1464,1472,1467
10580,1464,1471,1472
10581,1465,1520,1466
10582,1465,1519,1520
10583,1466,1521,1471
10584,1466,1520,1521
10585,687,1530,1519
10586,1519,1530,1531
10587,1519,1531,1520
10588,1520,1531,1534
10589,1471,1521,1522
10590,1471,1522,1472
10591,1520,1534,1521
10592,1521,1535,1522
10593,1521,1534,1535
10594,692,1532,1533
10595,692,1533,1530
10596,1530,1533,1538
10597,1530,1538,1531
10598,1532,1674,1533
10599,1533,1678,1538
10600,1531,1538,1539
10601,1531,1539,1534
10602,1534,1545,1535
10603,1538,1679,1539
10604,1534,1539,1545
10605,1539,1686,1545
10606,1532,1673,1674
10607,862,1676,1673
10608,1533,1674,1678
10609,1673,1677,1674
10610,862,1675,1676
10611,1673,1676,1677
10612,1538,1678,1679
10613,1539,1679,1686
10614,1674,1680,1678
10615,1674,1677,1680
10616,1678,1681,1679
10617,1678,1680,1681
10618,1675,1683,1676
10619,1675,1682,1683
10620,1676,1684,1677
10621,1676,1683,1684
10622,868,1855,1682
10623,868,1147,1855
10624,1682,1856,1683
10625,1682,1855,1856
10626,1683,1856,1859
10627,1677,1685,1680
10628,1677,1684,1685
10629,1680,1700,1681
10630,1680,1685,1700
10631,1683,1859,1684
10632,1684,1860,1685
10633,1684,1859,1860
10634,1685,1885,1700
10635,1685,1860,1885
10636,1679,1688,1686
10637,1679,1681,1688
10638,1681,1701,1688
10639,1681,1700,1701
10640,1700,1886,1701
10641,1700,1885,1886
10642,1147,1858,1855
10643,1147,1857,1858
10644,1855,1862,1856
10645,1855,1858,1862
10646,1856,1863,1859
10647,1859,1864,1860
10648,1856,1862,1863
10649,1859,1863,1864
10650,1860,1887,1885
10651,1885,1888,1886
10652,1860,1864,1887
10653,1885,1887,1888
10654,279,13,12
10655,13,279,461
10656,279,12,191
10657,279,191,299
10658,209,191,154
10659,209,299,191
10660,209,444,299
10661,299,444,332
10662,825,455,475
10663,279,475,461
10664,279,825,475
10665,279,1861,825
10666,2832,2833,3911
10667,3913,3917,4234
10668,3917,4687,4234
10669,4687,4688,4234
10670,4688,4689,5384
10671,4689,4690,5384
10672,4690,4698,5384
10673,4698,4699,5384
10674,4699,4700,5384
10675,4700,4731,5384
10676,4731,4732,5384
10677,4732,4734,5384
10678,4747,5384,4752
10679,4734,4752,5384
10680,4234,4688,5384
10681,3912,3930,3913
10682,3912,3924,3930
10683,3913,3930,3917
10684,3917,3930,3931
10685,3917,3931,4687
10686,3924,3927,3930
10687,3924,3926,3927
10688,3926,3976,3927
10689,3930,3927,3932
10690,3930,3932,3931
10691,3927,3980,3932
10692,3931,3932,4693
10693,3932,3981,4693
10694,3954,3959,3987
10695,3959,3964,3987
10696,3959,3963,3964
10697,3926,3974,3976
10698,3974,3978,3976
10699,3927,3976,3980
10700,3974,3954,3978
10701,3954,3987,3978
10702,3976,3978,3982
10703,3976,3982,3980
10704,3932,3980,3981
10705,3982,3983,3980
10706,3980,3983,3981
10707,3981,3983,4707
10708,3978,3987,3988
10709,3978,3988,3982
10710,3987,4143,3988
10711,3964,4143,3987
10712,3988,4143,4146
10713,3982,3989,3983
10714,3982,3988,3989
10715,3983,3990,4707
10716,3983,3989,3990
10717,3988,4146,3989
10718,3989,4146,4147
10719,3989,4147,3990
10720,3990,4147,4918
10721,3963,4117,3964
10722,3963,4116,4117
10723,3964,4117,4144
10724,4116,4129,4131
10725,4116,4131,4117
10726,4117,4131,4150
10727,4129,4132,4131
10728,4131,4133,4150
10729,4129,4127,4132
10730,4127,4182,4132
10731,4132,4183,4133
10732,4131,4132,4133
10733,3964,4144,4143
10734,4143,4144,4145
10735,4143,4145,4146
10736,4117,4150,4144
10737,4144,4151,4145
10738,4146,4145,4148
10739,4146,4148,4147
10740,4147,4149,4918
10741,4145,4152,4148
10742,4147,4148,4149
10743,4148,4155,4149
10744,4150,4151,4144
10745,4150,4153,4151
10746,4145,4151,4152
10747,4151,4154,4152
10748,4150,4133,4153
10749,4151,4153,4154
10750,4152,4154,4157
10751,4148,4152,4155
10752,4149,4155,4156
10753,4149,4156,4920
10754,4152,4157,4155
10755,4157,4158,4155
10756,4155,4158,4156
10757,4156,4158,4993
10758,4127,4179,4182
10759,4179,4180,4181
10760,4179,4181,4182
10761,4132,4182,4183
10762,4133,4183,4184
10763,4133,4184,4153
10764,4182,4181,4185
10765,4182,4185,4183
10766,4183,4185,4197
10767,4183,4197,4184
10768,4184,4197,4238
10769,4195,4196,4180
10770,4180,4196,4181
10771,4181,4196,4198
10772,4181,4198,4185
10773,4185,4199,4197
10774,4185,4198,4199
10775,4197,4200,4238
10776,4197,4199,4200
10777,4153,4184,4233
10778,4153,4233,4154
10779,4154,4235,4157
10780,4154,4233,4235
10781,4184,4238,4233
10782,4238,4239,4233
10783,4233,4239,4235
10784,4235,4239,4240
10785,4157,4236,4158
10786,4157,4235,4236
10787,4158,4237,4993
10788,4158,4236,4237
10789,4235,4240,4236
10790,4236,4240,4243
10791,4236,4243,4237
10792,4237,4244,4995
10793,4238,4200,4241
10794,4238,4241,4239
10795,4239,4241,4242
10796,4239,4242,4240
10797,4240,4242,4245
10798,4240,4245,4243
10799,4237,4243,4244
10800,4243,4246,4244
10801,4245,4246,4243
10802,4244,4246,4247
10803,4687,3931,4691
10804,4687,4691,4688
10805,4688,4692,4689
10806,4689,4695,4690
10807,3931,4693,4691
10808,4688,4691,4692
10809,4691,4694,4692
10810,4693,4694,4691
10811,4692,4694,4696
10812,4689,4692,4695
10813,4692,4696,4695
10814,4690,4695,4701
10815,4695,4696,4697
10816,4695,4697,4701
10817,4690,4701,4698
10818,4698,4701,4702
10819,4698,4702,4699
10820,4701,4716,4702
10821,4697,4716,4701
10822,4702,4716,4719
10823,4699,4703,4700
10824,4699,4702,4703
10825,4700,4703,4704
10826,4702,4719,4703
10827,4703,4719,4720
10828,4703,4720,4704
10829,4693,3981,4705
10830,4693,4705,4694
10831,4694,4705,4706
10832,4694,4706,4696
10833,3981,4707,4705
10834,4707,4709,4705
10835,4705,4709,4706
10836,4706,4709,4712
10837,4696,4706,4708
10838,4696,4708,4697
10839,4697,4708,4717
10840,4706,4712,4708
10841,4708,4712,4713
10842,4708,4713,4717
10843,4707,4710,4709
10844,4707,3990,4710
10845,4709,4710,4711
10846,4709,4711,4712
10847,3990,4918,4710
10848,4710,4919,4711
10849,4712,4714,4713
10850,4711,4714,4712
10851,4711,4922,4714
10852,4713,4714,4715
10853,4714,4923,4715
10854,4697,4717,4716
10855,4717,4718,4716
10856,4716,4718,4719
10857,4717,4723,4718
10858,4719,4718,4721
10859,4718,4724,4721
10860,4719,4721,4720
10861,4704,4720,4790
10862,4720,4722,4790
10863,4721,4726,4722
10864,4720,4721,4722
10865,4717,4713,4723
10866,4713,4715,4723
10867,4718,4723,4724
10868,4723,4725,4724
10869,4715,4725,4723
10870,4724,4725,4728
10871,4721,4724,4726
10872,4722,4726,4727
10873,4724,4728,4726
10874,4728,4932,4726
10875,4726,4932,4727
10876,4727,4932,5359
10877,4700,4704,4731
10878,4704,4733,4731
10879,4731,4733,4732
10880,4704,4790,4733
10881,4732,4733,4736
10882,4733,4791,4736
10883,4732,4736,4734
10884,4734,4737,4752
10885,4734,4736,4737
10886,4733,4790,4791
10887,4790,4792,4791
10888,4722,4792,4790
10889,4791,4792,4793
10890,4736,4791,4794
10891,4736,4794,4737
10892,4791,4793,4794
10893,4722,4727,4792
10894,4727,4808,4792
10895,4792,4808,4793
10896,4727,5359,4808
10897,4918,4919,4710
10898,4711,4919,4922
10899,4918,4920,4919
10900,4919,4921,4922
10901,4918,4149,4920
10902,4919,4920,4921
10903,4714,4922,4923
10904,4715,4923,4930
10905,4922,4921,4924
10906,4922,4924,4923
10907,4923,4927,4930
10908,4923,4924,4927
10909,4156,4925,4920
10910,4920,4925,4921
10911,4921,4926,4924
10912,4921,4925,4926
10913,4156,4993,4925
10914,4993,4994,4925
10915,4925,4994,4926
10916,4926,4994,4997
10917,4924,4928,4927
10918,4924,4926,4928
10919,4927,4929,4944
10920,4927,4928,4929
10921,4926,4997,4928
10922,4928,4997,4998
10923,4928,4998,4929
10924,4715,4930,4725
10925,4725,4930,4931
10926,4725,4931,4728
10927,4728,4931,4934
10928,4930,4944,4931
10929,4927,4944,4930
10930,4931,4945,4934
10931,4931,4944,4945
10932,4728,4934,4932
10933,4932,4934,4935
10934,4932,4935,5359
10935,4934,4945,4949
10936,4934,4949,4935
10937,4929,4946,4944
10938,4944,4946,4945
10939,4945,4948,4949
10940,4929,4999,4946
10941,4945,4946,4948
10942,4946,5039,4948
10943,4993,4237,4995
10944,4993,4995,4994
10945,4994,4995,4996
10946,4994,4996,4997
10947,4995,5002,4996
10948,4997,4996,5000
10949,4996,5003,5000
10950,4997,5000,4998
10951,4929,4998,4999
10952,4998,5001,4999
10953,5000,5001,4998
10954,5000,5006,5001
10955,4999,5001,5042
10956,4244,5002,4995
10957,4244,4247,5002
10958,4996,5002,5003
10959,5000,5003,5006
10960,4247,5004,5002
10961,5002,5004,5003
10962,5003,5004,5005
10963,5003,5005,5006
10964,5001,5006,5007
10965,5001,5007,5042
10966,5006,5008,5007
10967,5005,5008,5006
10968,4946,4999,5039
10969,4999,5042,5039
10970,1,2,451
10971,1,452,3
10972,1,451,452
10973,1,3,10
10974,1,151,2
10975,10,3,11
10976,2,708,451
10977,1,10,151
10978,2,151,153
10979,2,153,708
10980,13,461,19
10981,13,191,12
10982,191,13,29
10983,191,29,30
10984,191,30,33
10985,151,10,152
10986,151,152,154
10987,151,708,153
10988,151,154,708
10989,154,191,156
10990,157,156,191
10991,159,157,191
10992,159,191,161
10993,166,161,191
10994,165,166,191
10995,165,191,168
10996,191,33,34
10997,191,34,36
10998,191,36,38
10999,191,38,39
11000,191,39,172
11001,191,172,173
11002,191,173,174
11003,191,174,175
11004,168,191,169
11005,169,191,171
11006,171,191,181
11007,181,191,183
11008,183,191,184
11009,191,175,178
11010,191,178,179
11011,191,179,187
11012,191,187,188
11013,191,188,190
11014,190,192,191
11015,184,191,186
11016,186,191,192
11017,451,455,452
11018,451,522,455
11019,451,493,494
11020,451,494,495
11021,451,495,497
11022,451,497,498
11023,451,498,499
11024,451,499,500
11025,451,507,508
11026,451,500,507
11027,451,508,510
11028,451,510,511
11029,451,511,512
11030,451,512,513
11031,451,513,516
11032,451,517,518
11033,451,516,517
11034,451,518,521
11035,451,521,522
11036,451,711,493
11037,451,708,711
11038,19,461,20
11039,20,461,21
11040,21,461,456
11041,457,456,461
11042,458,457,461
11043,458,461,460
11044,460,461,462
11045,462,461,474
11046,455,464,465
11047,455,463,464
11048,455,466,463
11049,455,467,466
11050,455,468,467
11051,455,469,468
11052,455,465,475
11053,455,470,469
11054,455,483,470
11055,465,476,475
11056,474,461,475
11057,477,478,475
11058,477,475,476
11059,474,475,478
11060,455,522,483
11061,523,483,522
11062,526,483,523
11063,526,527,483
11064,528,531,483
11065,528,483,527
11066,533,483,531
11067,532,483,533
11068,708,154,163
11069,708,163,703
11070,708,703,704
11071,708,704,711
