vertex_id,x,y,z
0,-21.12463595,-11.16090938,0.0
1,-23.5604068,-3.60302562,1.68
2,-23.56089482,-3.28709854,1.68
3,-21.12463595,-3.60302562,1.68
4,-10.19381259,-11.16090938,0.0
5,-21.12463595,-11.16090938,8.81012658
6,-22.68618215,-9.20897664,8.05063291
7,-21.12463595,-9.20897664,8.05063291
8,-21.12463595,-9.20897664,8.81012658
9,-22.68618215,-9.20897664,12.0
10,-22.68618215,-3.60302562,8.05063291
11,-21.12463595,-3.60302562,8.05063291
12,-18.68838268,-1.01085912,6.0
13,-18.68838268,-0.9868728,6.0
14,-18.39204635,-0.9834967,6.0
15,-18.39204635,-0.9834967,6.17088608
16,-18.39204635,-0.9834967,6.34177215
17,-18.39204635,-0.9834967,6.51265823
18,-18.39204635,-0.9834967,6.6835443
19,-18.68838268,-0.59503123,6.02845996
20,-18.68838268,-0.14103871,6.0615
21,-18.68838268,-0.01618402,6.07056824
22,-17.97498368,-0.13200283,6.0615
23,-18.39204635,-0.9834967,6.85443038
24,-18.39204635,-0.9834967,7.02531646
25,-18.39204635,-0.9834967,7.19620253
26,-18.39204635,-0.9834967,7.36708861
27,-18.39204635,-0.9834967,7.53797468
28,-18.39204635,-0.9834967,7.70886076
29,-18.68838268,-0.9868728,8.05063291
30,-18.68838268,-0.98681557,8.14432329
31,-18.39204635,-0.9834967,7.87974684
32,-18.39204635,-0.9834967,8.05063291
33,-18.68838268,-0.98695937,8.37974684
34,-18.68838268,-0.98692727,8.43229839
35,-18.52216495,-0.98512989,8.37974684
36,-18.68838268,-0.9870962,8.70886076
37,-18.65228417,-0.98671282,8.70886076
38,-18.68838268,-0.98708923,8.72027365
39,-18.68838268,-0.98713802,8.80016523
40,-17.74146334,-0.97457707,8.70886076
41,-17.48123517,-0.97065748,6.0
42,-17.48123517,-0.97065748,6.17088608
43,-17.48123517,-0.97065748,6.34177215
44,-16.57046203,-0.95535615,6.0
45,-16.57046203,-0.95535615,6.17088608
46,-16.57046203,-0.95535615,6.34177215
47,-17.48123517,-0.97065748,6.51265823
48,-17.48123517,-0.97065748,6.6835443
49,-16.57046203,-0.95535615,6.51265823
50,-16.57046203,-0.95535615,6.6835443
51,-17.06647583,-0.11803929,6.0615
52,-16.24740016,-0.10334448,6.0615
53,-15.65973357,-0.93759283,6.0
54,-15.65973357,-0.93759283,6.17088608
55,-15.65973357,-0.93759283,6.34177215
56,-14.74905647,-0.91736764,6.0
57,-14.74905647,-0.91736764,6.17088608
58,-14.74905647,-0.91736764,6.34177215
59,-15.65973357,-0.93759283,6.51265823
60,-15.65973357,-0.93759283,6.6835443
61,-14.74905647,-0.91736764,6.51265823
62,-14.74905647,-0.91736764,6.6835443
63,-15.33897609,-0.08471095,6.0615
64,-17.48123517,-0.97065748,6.85443038
65,-17.48123517,-0.97065748,7.02531646
66,-16.57046203,-0.95535615,6.85443038
67,-16.57046203,-0.95535615,7.02531646
68,-17.48123517,-0.97065748,7.19620253
69,-17.48123517,-0.97065748,7.36708861
70,-16.57046203,-0.95535615,7.19620253
71,-16.57046203,-0.95535615,7.36708861
72,-15.65973357,-0.93759283,6.85443038
73,-15.65973357,-0.93759283,7.02531646
74,-14.74905647,-0.91736764,6.85443038
75,-14.74905647,-0.91736764,7.02531646
76,-15.65973357,-0.93759283,7.19620253
77,-15.65973357,-0.93759283,7.36708861
78,-14.74905647,-0.91736764,7.19620253
79,-14.74905647,-0.91736764,7.36708861
80,-13.83843736,-0.89468074,6.0
81,-13.83843736,-0.89468074,6.17088608
82,-13.83843736,-0.89468074,6.34177215
83,-13.83843736,-0.89468074,6.51265823
84,-13.83843736,-0.89468074,6.6835443
85,-14.43060571,-0.0636218,6.0615
86,-13.52229566,-0.04007717,6.0615
87,-12.92788291,-0.86953229,6.0
88,-12.92788291,-0.86953229,6.17088608
89,-12.92788291,-0.86953229,6.34177215
90,-12.01739977,-0.84192248,6.0
91,-12.01739977,-0.84192248,6.17088608
92,-12.01739977,-0.84192248,6.34177215
93,-12.92788291,-0.86953229,6.51265823
94,-12.92788291,-0.86953229,6.6835443
95,-12.01739977,-0.84192248,6.51265823
96,-12.01739977,-0.84192248,6.6835443
97,-12.70342053,-0.01674453,6.0615
98,-13.83843736,-0.89468074,6.85443038
99,-13.83843736,-0.89468074,7.02531646
100,-13.83843736,-0.89468074,7.19620253
101,-13.83843736,-0.89468074,7.36708861
102,-12.92788291,-0.86953229,6.85443038
103,-12.92788291,-0.86953229,7.02531646
104,-12.01739977,-0.84192248,6.85443038
105,-12.01739977,-0.84192248,7.02531646
106,-12.92788291,-0.86953229,7.19620253
107,-12.92788291,-0.86953229,7.36708861
108,-12.01739977,-0.84192248,7.19620253
109,-12.01739977,-0.84192248,7.36708861
110,-17.48123517,-0.97065748,7.53797468
111,-17.48123517,-0.97065748,7.70886076
112,-16.57046203,-0.95535615,7.53797468
113,-16.57046203,-0.95535615,7.70886076
114,-17.48123517,-0.97065748,7.87974684
115,-17.48123517,-0.97065748,8.05063291
116,-16.57046203,-0.95535615,7.87974684
117,-16.57046203,-0.95535615,8.05063291
118,-15.65973357,-0.93759283,7.53797468
119,-15.65973357,-0.93759283,7.70886076
120,-14.74905647,-0.91736764,7.53797468
121,-14.74905647,-0.91736764,7.70886076
122,-15.65973357,-0.93759283,7.87974684
123,-15.65973357,-0.93759283,8.05063291
124,-14.74905647,-0.91736764,7.87974684
125,-14.74905647,-0.91736764,8.05063291
126,-17.61134888,-0.9726424,8.37974684
127,-16.70056989,-0.95769279,8.37974684
128,-16.83067865,-0.95997919,8.70886076
129,-15.78983465,-0.94028117,8.37974684
130,-14.8791498,-0.92040768,8.37974684
131,-15.91993675,-0.94291928,8.70886076
132,-15.0092443,-0.92339747,8.70886076
133,-13.83843736,-0.89468074,7.53797468
134,-13.83843736,-0.89468074,7.70886076
135,-13.83843736,-0.89468074,7.87974684
136,-13.83843736,-0.89468074,8.05063291
137,-12.92788291,-0.86953229,7.53797468
138,-12.92788291,-0.86953229,7.70886076
139,-12.01739977,-0.84192248,7.53797468
140,-12.01739977,-0.84192248,7.70886076
141,-12.92788291,-0.86953229,7.87974684
142,-12.92788291,-0.86953229,8.05063291
143,-12.01739977,-0.84192248,7.87974684
144,-12.01739977,-0.84192248,8.05063291
145,-13.968522,-0.89807244,8.37974684
146,-14.09860794,-0.9014139,8.70886076
147,-13.05795791,-0.87327563,8.37974684
148,-12.14746417,-0.84601743,8.37974684
149,-13.18803434,-0.87696873,8.70886076
150,-12.27753014,-0.85006215,8.70886076
151,-23.5604068,-3.60302562,10.32
152,-22.68618215,-3.60302562,10.32
153,-23.56089482,-3.28709854,10.32
154,-22.68618215,-1.01085912,10.32
155,-22.68618215,-1.01085912,10.35443038
156,-22.5560533,-1.01083399,10.32
157,-22.42592447,-1.01075861,10.32
158,-22.42592447,-1.01075861,10.35443038
159,-22.29579569,-1.01063298,10.32
160,-22.29579569,-1.01063298,10.35443038
161,-22.16566696,-1.0104571,10.32
162,-22.16566696,-1.0104571,10.35443038
163,-22.23720694,-0.32738294,10.32
164,-22.23720694,-0.32738294,10.34835224
165,-22.02192486,-1.01020204,10.32
166,-22.0355383,-1.01023096,10.32
167,-22.0355383,-1.01023096,10.35443038
168,-21.92663117,-1.00985244,10.32
169,-21.11102822,-1.00717519,10.32
170,-21.12464154,-1.00724091,10.35443038
171,-21.01573583,-1.00656799,10.32
172,-18.68838268,-0.98701092,9.00824799
173,-18.68838268,-0.98702908,9.03797468
174,-18.68838268,-0.98687134,9.29622213
175,-18.68838268,-0.98691462,9.36708861
176,-17.87157855,-0.97646149,9.03797468
177,-18.00169447,-0.97829567,9.36708861
178,-18.68838268,-0.98678201,9.5841965
179,-18.68838268,-0.98685042,9.69620253
180,-18.13181109,-0.9800796,9.69620253
181,-20.2001431,-1.00168597,10.32
182,-20.21375619,-1.00178849,10.35443038
183,-20.10485269,-1.00082117,10.32
184,-19.28927614,-0.99373442,10.32
185,-19.30288891,-0.99387373,10.35443038
186,-19.19398842,-0.99261202,10.32
187,-18.68838268,-0.98674294,9.87217106
188,-18.68838268,-0.98683648,10.02531646
189,-18.26192839,-0.98181327,10.02531646
190,-18.68838268,-0.98675413,10.16014582
191,-18.68838268,-1.01085912,10.32
192,-18.68838268,-0.98685177,10.32
193,-18.39204635,-0.9834967,10.35443038
194,-22.68618215,-1.01085912,10.6835443
195,-22.42592447,-1.01075861,10.6835443
196,-22.29579569,-1.01063298,10.6835443
197,-22.16566696,-1.0104571,10.6835443
198,-22.68618215,-1.01085912,11.01265823
199,-22.42592447,-1.01075861,11.01265823
200,-22.29579569,-1.01063298,11.01265823
201,-22.23720694,-0.32738294,10.6556687
202,-22.23720694,-0.32738294,10.98478262
203,-21.25476911,-1.00781882,10.6835443
204,-21.38489689,-1.00834647,11.01265823
205,-22.68618215,-1.01085912,11.34177215
206,-22.42592447,-1.01075861,11.34177215
207,-22.68618215,-1.01085912,11.67088608
208,-22.5560533,-1.01083399,11.67088608
209,-22.68618215,-1.01085912,12.0
210,-22.23720694,-0.32738294,11.31389654
211,-22.23720694,-0.32738294,11.64301047
212,-22.23720694,-0.32738294,11.95032692
213,-21.51502486,-1.00882387,11.34177215
214,-21.64515301,-1.00925102,11.67088608
215,-20.79932369,-1.00557628,12.0
216,-20.34388172,-1.00271816,10.6835443
217,-19.43301145,-0.99515516,10.6835443
218,-20.4740076,-1.00359758,11.01265823
219,-19.56313447,-0.99638635,11.01265823
220,-18.52216495,-0.98512989,10.6835443
221,-17.67640602,-0.97361601,11.01265823
222,-20.6041338,-1.00442675,11.34177215
223,-19.75831988,-0.9981389,11.67088608
224,-20.35418269,-0.31959675,11.95032692
225,-18.71734401,-0.98748544,11.34177215
226,-18.9125244,-0.98972793,12.0
227,-17.87157855,-0.97646149,11.67088608
228,-18.47123156,-0.30126656,11.95032692
229,-16.96078829,-0.96221534,9.03797468
230,-17.09089878,-0.96440124,9.36708861
231,-17.2210101,-0.9665369,9.69620253
232,-16.31024904,-0.95053213,9.69620253
233,-16.05003987,-0.94550714,9.03797468
234,-16.18014397,-0.94804476,9.36708861
235,-15.13933994,-0.92633702,9.03797468
236,-15.26943671,-0.92922634,9.36708861
237,-15.39953458,-0.93206541,9.69620253
238,-17.35112224,-0.96862231,10.02531646
239,-16.44035507,-0.95296926,10.02531646
240,-17.48123517,-0.97065748,10.35443038
241,-15.59468343,-0.93622981,10.35443038
242,-14.22869516,-0.90470512,9.03797468
243,-14.35878364,-0.90794611,9.36708861
244,-13.31811219,-0.8806116,9.03797468
245,-13.51323157,-0.88598172,9.69620253
246,-12.47263201,-0.85603505,9.36708861
247,-14.55391869,-0.91271339,10.02531646
248,-13.70835404,-0.89123881,10.35443038
249,-12.6677373,-0.86189493,10.02531646
250,-11.82230616,-0.83568588,10.35443038
251,-16.63551585,-0.95653075,10.6835443
252,-14.74905647,-0.91736764,10.6835443
253,-15.78983465,-0.94028117,11.01265823
254,-16.83067865,-0.95997919,11.34177215
255,-17.02584343,-0.96331457,12.0
256,-16.5884126,-0.27239294,11.95032692
257,-14.9441969,-0.92190885,11.34177215
258,-15.98498819,-0.94421949,11.67088608
259,-15.13933994,-0.92633702,12.0
260,-14.85540192,-0.2364951,11.95032692
261,-13.90347952,-0.89638287,11.01265823
262,-12.86284596,-0.86764179,10.6835443
263,-12.01739977,-0.84192248,11.01265823
264,-14.09860794,-0.9014139,11.67088608
265,-13.25307309,-0.87879645,12.0
266,-13.05795791,-0.87327563,11.34177215
267,-12.21249696,-0.84804607,11.67088608
268,-12.97300234,-0.18737541,11.95032692
269,-10.19381259,-11.16090938,8.81012658
270,-10.19381259,-9.20897664,8.05063291
271,-10.19381259,-9.20897664,8.81012658
272,-0.04376233,-9.20897664,8.05063291
273,-0.04376233,-9.20897664,12.0
274,-11.10699459,-0.8118515,6.0
275,-11.10699459,-0.8118515,6.17088608
276,-11.10699459,-0.8118515,6.34177215
277,-11.10699459,-0.8118515,6.51265823
278,-11.10699459,-0.8118515,6.6835443
279,-10.19381259,-1.01085912,6.0
280,-10.19667403,-0.77931958,6.0
281,-10.19667403,-0.77931958,6.17088608
282,-10.19667403,-0.77931958,6.34177215
283,-10.19667403,-0.77931958,6.51265823
284,-10.19667403,-0.77931958,6.6835443
285,-11.10699459,-0.8118515,6.85443038
286,-11.10699459,-0.8118515,7.02531646
287,-11.10699459,-0.8118515,7.19620253
288,-11.10699459,-0.8118515,7.36708861
289,-10.19667403,-0.77931958,6.85443038
290,-10.19667403,-0.77931958,7.02531646
291,-10.19667403,-0.77931958,7.19620253
292,-10.19667403,-0.77931958,7.36708861
293,-11.10699459,-0.8118515,7.53797468
294,-11.10699459,-0.8118515,7.70886076
295,-11.10699459,-0.8118515,7.87974684
296,-11.10699459,-0.8118515,8.05063291
297,-10.19667403,-0.77931958,7.53797468
298,-10.19667403,-0.77931958,7.70886076
299,-10.19381259,-1.01085912,8.05063291
300,-10.19667403,-0.77931958,7.87974684
301,-10.19667403,-0.77931958,8.05063291
302,-9.35145795,-0.74690803,8.05063291
303,-10.0208715,-0.08909255,8.06635224
304,-9.17738855,-0.05624187,8.06635224
305,-11.23704745,-0.81629803,8.37974684
306,-10.39173526,-0.78649787,8.70886076
307,-9.35145795,-0.74690803,8.37974684
308,-8.50632588,-0.71237494,8.05063291
309,-8.33399072,-0.02127402,8.06635224
310,-7.66128317,-0.67572055,8.05063291
311,-6.81633512,-0.63694508,8.05063291
312,-5.97148707,-0.59604878,8.05063291
313,-8.50632588,-0.71237494,8.37974684
314,-8.50632588,-0.71237494,8.70886076
315,-7.66128317,-0.67572055,8.37974684
316,-7.66128317,-0.67572055,8.70886076
317,-6.81633512,-0.63694508,8.37974684
318,-5.97148707,-0.59604878,8.37974684
319,-6.81633512,-0.63694508,8.70886076
320,-5.97148707,-0.59604878,8.70886076
321,-5.12674433,-0.5530319,8.05063291
322,-4.28211224,-0.50789471,8.05063291
323,-3.43759611,-0.46063751,8.05063291
324,-5.12674433,-0.5530319,8.37974684
325,-5.12674433,-0.5530319,8.70886076
326,-4.28211224,-0.50789471,8.37974684
327,-3.43759611,-0.46063751,8.37974684
328,-4.28211224,-0.50789471,8.70886076
329,-3.43759611,-0.46063751,8.70886076
330,-2.59320127,-0.41126058,8.05063291
331,-1.74893302,-0.35976423,8.05063291
332,-0.04376233,-1.01085912,8.05063291
333,-0.01492601,-0.93204932,8.05063291
334,-0.90479671,-0.3061488,8.05063291
335,-0.06079763,-0.25041462,8.05063291
336,-2.59320127,-0.41126058,8.37974684
337,-1.74893302,-0.35976423,8.37974684
338,-2.59320127,-0.41126058,8.70886076
339,-1.74893302,-0.35976423,8.70886076
340,-0.01492601,-0.93204932,8.37974684
341,-0.01492601,-0.93204932,8.70886076
342,-0.90479671,-0.3061488,8.37974684
343,-0.06079763,-0.25041462,8.37974684
344,-0.90479671,-0.3061488,8.70886076
345,-0.06079763,-0.25041462,8.70886076
346,-11.43212993,-0.82287365,9.03797468
347,-10.58680063,-0.79356316,9.36708861
348,-11.62721619,-0.82933627,9.69620253
349,-9.54650055,-0.75457592,9.03797468
350,-9.74154756,-0.76213084,9.69620253
351,-10.78187005,-0.80051545,10.02531646
352,-8.89637605,-0.7285769,10.02531646
353,-9.93659891,-0.76957277,10.35443038
354,-8.70134862,-0.72053241,9.36708861
355,-7.66128317,-0.67572055,9.03797468
356,-7.85628481,-0.68436753,9.69620253
357,-6.81633512,-0.63694508,9.03797468
358,-6.81633512,-0.63694508,9.36708861
359,-5.97148707,-0.59604878,9.03797468
360,-5.97148707,-0.59604878,9.36708861
361,-5.97148707,-0.59604878,9.69620253
362,-8.05129144,-0.69290155,10.35443038
363,-7.01131445,-0.64608152,10.02531646
364,-6.16644285,-0.60567462,10.35443038
365,-10.97694346,-0.80735475,10.6835443
366,-9.09140811,-0.73650841,10.6835443
367,-10.13165455,-0.77690171,11.01265823
368,-11.17202081,-0.81408104,11.34177215
369,-11.36710201,-0.82069434,12.0
370,-10.32671439,-0.78411766,11.67088608
371,-11.09090731,-0.12771586,11.95032692
372,-9.28644474,-0.74432695,11.34177215
373,-9.48148585,-0.75203251,12.0
374,-9.20917586,-0.05751833,11.95032692
375,-8.24630298,-0.7013226,11.01265823
376,-7.20629904,-0.65510501,10.6835443
377,-6.36140417,-0.61518752,11.01265823
378,-8.44131936,-0.70963069,11.67088608
379,-7.40128882,-0.66401554,11.34177215
380,-7.59628373,-0.67281313,12.0
381,-6.55637098,-0.62458748,11.67088608
382,-5.12674433,-0.5530319,9.03797468
383,-5.12674433,-0.5530319,9.36708861
384,-5.12674433,-0.5530319,9.69620253
385,-4.28211224,-0.50789471,9.03797468
386,-4.28211224,-0.50789471,9.36708861
387,-3.43759611,-0.46063751,9.03797468
388,-3.43759611,-0.46063751,9.36708861
389,-4.28211224,-0.50789471,9.69620253
390,-3.43759611,-0.46063751,9.69620253
391,-5.12674433,-0.5530319,10.02531646
392,-4.28211224,-0.50789471,10.02531646
393,-3.43759611,-0.46063751,10.02531646
394,-4.28211224,-0.50789471,10.35443038
395,-3.43759611,-0.46063751,10.35443038
396,-2.59320127,-0.41126058,9.03797468
397,-2.59320127,-0.41126058,9.36708861
398,-1.74893302,-0.35976423,9.03797468
399,-1.74893302,-0.35976423,9.36708861
400,-2.59320127,-0.41126058,9.69620253
401,-1.74893302,-0.35976423,9.69620253
402,-0.01492601,-0.93204932,9.03797468
403,-0.01492601,-0.93204932,9.36708861
404,-0.01492601,-0.93204932,9.69620253
405,-0.90479671,-0.3061488,9.03797468
406,-0.90479671,-0.3061488,9.36708861
407,-0.06079763,-0.25041462,9.03797468
408,-0.06079763,-0.25041462,9.36708861
409,-0.90479671,-0.3061488,9.69620253
410,-0.06079763,-0.25041462,9.69620253
411,-2.59320127,-0.41126058,10.02531646
412,-1.74893302,-0.35976423,10.02531646
413,-2.59320127,-0.41126058,10.35443038
414,-1.74893302,-0.35976423,10.35443038
415,-0.01492601,-0.93204932,10.02531646
416,-0.01492601,-0.93204932,10.35443038
417,-0.90479671,-0.3061488,10.02531646
418,-0.06079763,-0.25041462,10.02531646
419,-0.90479671,-0.3061488,10.35443038
420,-0.06079763,-0.25041462,10.35443038
421,-5.32167534,-0.56314707,10.6835443
422,-4.47701724,-0.51849917,11.01265823
423,-3.43759611,-0.46063751,10.6835443
424,-5.51661217,-0.57314933,11.34177215
425,-5.71155476,-0.58303866,12.0
426,-4.67192835,-0.52899071,11.67088608
427,-3.63247388,-0.47173117,11.34177215
428,-3.82735804,-0.48271194,12.0
429,-2.59320127,-0.41126058,10.6835443
430,-1.74893302,-0.35976423,10.6835443
431,-2.59320127,-0.41126058,11.01265823
432,-1.74893302,-0.35976423,11.01265823
433,-0.01492601,-0.93204932,10.6835443
434,-0.01492601,-0.93204932,11.01265823
435,-0.90479671,-0.3061488,10.6835443
436,-0.06079763,-0.25041462,10.6835443
437,-0.90479671,-0.3061488,11.01265823
438,-0.06079763,-0.25041462,11.01265823
439,-1.74893302,-0.35976423,11.34177215
440,-2.78805057,-0.42284338,11.67088608
441,-1.94375264,-0.3718361,12.0
442,-0.01492601,-0.93204932,11.34177215
443,-0.01492601,-0.93204932,11.67088608
444,-0.04376233,-1.01085912,12.0
445,-0.01492601,-0.93204932,12.0
446,-0.90479671,-0.3061488,11.34177215
447,-0.06079763,-0.25041462,11.34177215
448,-0.90479671,-0.3061488,11.67088608
449,-0.06079763,-0.25041462,11.67088608
450,-0.06079763,-0.25041462,12.0
451,-23.56089482,1.58492559,1.68
452,-21.12463595,1.58492559,1.68
453,-21.12463595,9.13919114,0.0
454,-10.19381259,9.13919114,0.0
455,-21.12463595,1.58492559,6.0
456,-18.68838268,0.25448306,6.09026609
457,-18.68838268,0.5633386,6.11269907
458,-18.68838268,0.70484875,6.123
459,-18.46632254,0.70737324,6.123
460,-18.68838268,1.08630955,6.15070035
461,-18.68838268,1.26899851,6.0
462,-18.68838268,1.26899851,6.16399851
463,-19.56625458,1.58492559,6.19788471
464,-19.56626981,1.58492559,6.18767721
465,-19.5250432,1.58492559,6.18764117
466,-19.56647753,1.58492559,6.34724161
467,-19.56640561,1.58492559,6.39543379
468,-19.56657192,1.58492559,6.50680806
469,-19.56644325,1.58492559,6.59299148
470,-19.56655287,1.58492559,6.66637656
471,-19.28098099,2.06453251,6.54148247
472,-19.378189,1.90088623,6.68922371
473,-19.18386956,2.22820705,6.39374124
474,-18.68881773,1.55064045,6.1845
475,-18.68887069,1.58492559,6.0
476,-18.75641636,1.58492559,6.18705677
477,-18.72336372,1.58492559,6.18702201
478,-18.68887069,1.58492559,6.18698968
479,-17.96233023,1.56001777,6.1845
480,-19.08685471,2.39190981,6.246
481,-18.27389042,2.40167299,6.246
482,-18.87376205,2.75215501,6.73671105
483,-19.56636742,1.58492559,6.79055783
484,-19.47549358,1.73726827,6.83696495
485,-19.47549358,1.73726827,6.99653311
486,-19.47549358,1.73726827,7.15610127
487,-19.47549358,1.73726827,7.31566943
488,-19.47549358,1.73726827,7.47523759
489,-19.06746333,2.42465374,7.02357035
490,-18.97056439,2.58839031,6.88445229
491,-19.06746333,2.42465374,7.18313851
492,-19.06746333,2.42465374,7.34270667
493,-20.99293474,1.58492559,8.11026001
494,-20.89911425,1.58492559,8.11024809
495,-20.87447394,1.58492559,8.11024572
496,-20.9012347,1.72661296,8.11351022
497,-20.78078826,1.58492559,8.11023305
498,-20.75604004,1.58492559,8.11023047
499,-20.66249632,1.58492559,8.11021705
500,-20.63763299,1.58492559,8.11021425
501,-20.78242134,1.7272686,8.11351022
502,-20.66360822,1.72796648,8.11351022
503,-20.9012347,1.72661296,8.42082668
504,-20.9012347,1.72661296,8.72814314
505,-19.47549358,1.73726827,7.63480574
506,-19.47549358,1.73726827,7.7943739
507,-20.54423837,1.58492559,8.1102001
508,-20.51709366,1.58492559,8.11019681
509,-20.54479536,1.7287066,8.11351022
510,-20.42384758,1.58492559,8.11018191
511,-20.39872885,1.58492559,8.11017866
512,-20.30564577,1.58492559,8.11016302
513,-20.28039014,1.58492559,8.11015954
514,-20.42598277,1.72948895,8.11351022
515,-20.30717046,1.73031354,8.11351022
516,-20.18747716,1.58492559,8.11014318
517,-20.16207747,1.58492559,8.11013947
518,-20.06934168,1.58492559,8.11012238
519,-20.18835846,1.73118036,8.11351022
520,-20.06954677,1.73208943,8.11351022
521,-20.04158224,1.58492559,8.11011809
522,-19.94902178,1.58492559,8.11010027
523,-19.92330768,1.58492559,8.11009608
524,-19.95073541,1.73304072,8.11351022
525,-19.47549358,1.73726827,7.95394206
526,-19.83093827,1.58492559,8.11007754
527,-19.80505841,1.58492559,8.11007311
528,-19.7128871,1.58492559,8.11005386
529,-19.83192439,1.73403426,8.11351022
530,-19.71311374,1.73507002,8.11351022
531,-19.68683437,1.58492559,8.11004919
532,-19.56636742,1.58492559,8.11002387
533,-19.59486824,1.58492559,8.11002923
534,-19.59430346,1.73614803,8.11351022
535,-19.47549358,1.73726827,8.11351022
536,-20.45956437,2.41245519,8.12922955
537,-20.35123199,2.41319598,8.12922955
538,-20.23266274,2.4140471,8.12922955
539,-20.1140938,2.41494037,8.12922955
540,-19.99552518,2.41587578,8.12922955
541,-19.88719394,2.41676729,8.12922955
542,-19.76862599,2.41778337,8.12922955
543,-19.6500584,2.41884159,8.12922955
544,-19.5314912,2.41994197,8.12922955
545,-19.42316131,2.42098419,8.12922955
546,-19.30459488,2.42216522,8.12922955
547,-19.18602888,2.42338841,8.12922955
548,-19.06746333,2.42465374,7.50227483
549,-19.06746333,2.42465374,7.65052507
550,-19.06746333,2.42465374,7.81009323
551,-19.06746333,2.42465374,7.96966139
552,-19.06746333,2.42465374,8.12922955
553,-20.45956437,2.41245519,8.43654601
554,-20.45956437,2.41245519,8.74386246
555,-18.58393474,3.24361743,6.3075
556,-17.86154609,3.2533087,6.3075
557,-18.68044722,3.07976861,6.44122858
558,-18.77705633,2.91594779,6.58896981
559,-18.08362779,4.096081,6.369
560,-18.27574424,3.76812132,6.63645716
561,-18.17963768,3.93208727,6.50272858
562,-18.46824733,3.44027292,6.93193963
563,-18.56464384,3.27639055,7.07105769
564,-18.661137,3.11253614,7.21017575
565,-18.661137,3.11253614,7.36974391
566,-18.37194746,3.60418319,6.78419839
567,-18.06443741,4.12888307,7.11854503
568,-18.25651519,3.80091229,7.39678116
569,-18.16042797,3.96488379,7.2576631
570,-17.77704585,4.62104708,6.69795716
571,-17.68144206,4.785157,6.56422858
572,-17.87274635,4.45696476,6.83168574
573,-17.96854354,4.29291007,6.97942697
574,-17.75791736,4.65386686,7.4442685
575,-20.0197222,3.0988798,8.14494888
576,-19.9116128,3.09976341,8.14494888
577,-19.80350369,3.10068213,8.14494888
578,-19.68517886,3.10172791,8.14494888
579,-19.56685442,3.10281576,8.14494888
580,-19.45874631,3.10384646,8.14494888
581,-19.35063855,3.10491227,8.14494888
582,-19.23231526,3.10611904,8.14494888
583,-19.58170898,3.78588312,8.16066821
584,-19.47382273,3.78690896,8.16066821
585,-19.36593682,3.78796983,8.16066821
586,-19.25805126,3.78906575,8.16066821
587,-18.661137,3.11253614,7.52931207
588,-18.661137,3.11253614,7.67756232
589,-18.661137,3.11253614,7.82581256
590,-18.661137,3.11253614,7.98538072
591,-19.1139924,3.10736788,8.14494888
592,-19.0058858,3.10854566,8.14494888
593,-18.89777959,3.10975856,8.14494888
594,-18.77945805,3.11112632,8.14494888
595,-18.661137,3.11253614,8.14494888
596,-18.25651519,3.80091229,7.55634932
597,-18.25651519,3.80091229,7.70459956
598,-18.25651519,3.80091229,7.85284981
599,-19.13997118,3.7903054,8.16066821
600,-19.0320864,3.79147471,8.16066821
601,-18.92420199,3.79267906,8.16066821
602,-18.81631799,3.79391845,8.16066821
603,-18.69823966,3.79531512,8.16066821
604,-18.59035652,3.7966279,8.16066821
605,-18.48247382,3.79797572,8.16066821
606,-18.25651519,3.80091229,8.00110005
607,-18.37459156,3.79935858,8.16066821
608,-18.25651519,3.80091229,8.16066821
609,-20.0197222,3.0988798,8.45226534
610,-20.0197222,3.0988798,8.75958179
611,-19.58170898,3.78588312,8.46798466
612,-19.58170898,3.78588312,8.75350365
613,-19.14552544,4.47346149,8.17638754
614,-17.85359851,4.48977901,7.58338656
615,-17.85359851,4.48977901,7.73163681
616,-19.03786254,4.47462896,8.17638754
617,-18.93020002,4.4758314,8.17638754
618,-18.8225379,4.47706881,8.17638754
619,-18.71487619,4.47834118,8.17638754
620,-18.60721489,4.47964853,8.17638754
621,-18.49955403,4.48099084,8.17638754
622,-17.85359851,4.48977901,7.87988705
623,-17.85359851,4.48977901,8.02813729
624,-18.3918936,4.48236811,8.17638754
625,-18.28423363,4.48378036,8.17638754
626,-18.17657413,4.48522757,8.17638754
627,-18.0689151,4.48670975,8.17638754
628,-17.96125656,4.4882269,8.17638754
629,-17.85359851,4.48977901,8.17638754
630,-18.71117236,5.16161126,8.19210686
631,-18.61388574,5.16279463,8.19210686
632,-18.50644676,5.16413473,8.19210686
633,-18.39900821,5.16550974,8.19210686
634,-18.29157012,5.16691963,8.19210686
635,-18.19428509,5.1682264,8.19210686
636,-18.08684789,5.1697028,8.19210686
637,-17.97941118,5.17121408,8.19210686
638,-17.87197496,5.17276026,8.19210686
639,-17.77469166,5.17419044,8.19210686
640,-19.14552544,4.47346149,8.46190652
641,-19.14552544,4.47346149,8.74742551
642,-18.71117236,5.16161126,8.47762585
643,-18.71117236,5.16161126,8.76314484
644,-17.56008194,0.7200055,6.123
645,-16.65387879,0.73508751,6.123
646,-15.83688364,0.75078539,6.123
647,-15.01992917,0.76847444,6.123
648,-17.14734176,1.57252417,6.1845
649,-16.24344469,1.5887188,6.1845
650,-17.46095234,2.41341754,6.246
651,-16.6480453,2.42714338,6.246
652,-15.42853127,1.60541447,6.1845
653,-15.83517413,2.44285045,6.246
654,-15.02234366,2.46053865,6.246
655,-14.11386633,0.79042294,6.123
656,-11.79524351,0.01146894,6.0615
657,-13.20786613,0.81482068,6.123
658,-12.39107554,0.83891712,6.123
659,-14.61366096,1.62409624,6.1845
660,-13.7988386,1.644764,6.1845
661,-14.20955871,2.48020786,6.246
662,-13.39682411,2.50185797,6.246
663,-12.89514905,1.67001022,6.1845
664,-12.08044371,1.69486629,6.1845
665,-12.58414469,2.52548886,6.246
666,-17.05068488,3.26605571,6.3075
667,-16.23985716,3.28077895,6.3075
668,-17.36309122,4.10685655,6.369
669,-16.64257975,4.11919654,6.369
670,-15.42906772,3.29747834,6.3075
671,-15.83383256,4.1349119,6.369
672,-15.02512607,4.15259834,6.369
673,-17.58593498,4.94929447,6.4305
674,-16.86725213,4.96114863,6.4305
675,-16.14859671,4.9745632,6.4305
676,-15.42997211,4.98953812,6.4305
677,-17.66233291,4.81798229,7.30515044
678,-17.47145415,5.14629574,7.02691431
679,-17.37615985,5.31049368,6.89318574
680,-17.2809623,5.47471904,6.75945716
681,-17.56684517,4.98212527,7.16603238
682,-17.26193439,5.50756739,7.47774318
683,-14.70680345,3.31401949,6.3075
684,-13.89609958,3.33445522,6.3075
685,-14.30471943,4.17001454,6.369
686,-13.08544793,3.35686678,6.3075
687,-12.27485331,3.38125403,6.3075
688,-13.5843523,4.18899488,6.369
689,-14.62334976,5.00820633,6.4305
690,-13.9048018,5.02649286,6.4305
691,-12.7757843,4.2121637,6.369
692,-11.96727517,4.23730314,6.369
693,-13.18629525,5.04633951,6.4305
694,-12.46783347,5.06774616,6.4305
695,-17.45238755,5.17913314,7.74735613
696,-17.3571126,5.34333656,7.61686125
697,-17.45238755,5.17913314,7.89560638
698,-17.45238755,5.17913314,8.04385662
699,-17.66725642,5.17580311,8.19210686
700,-17.55982172,5.17745068,8.19210686
701,-17.45238755,5.17913314,8.19210686
702,-21.79005676,0.35669023,10.32047663
703,-21.79005676,0.35669023,10.32
704,-21.34473242,1.04135675,10.32
705,-20.9012347,1.72661296,9.03545959
706,-20.9012347,1.72661296,9.34277605
707,-20.9012347,1.72661296,9.6500925
708,-23.56089482,1.58492559,10.32
709,-20.9012347,1.72661296,9.95740896
710,-20.9012347,1.72661296,10.26472541
711,-20.99293474,1.58492559,10.32
712,-20.45956437,2.41245519,9.05117892
713,-20.45956437,2.41245519,9.33669791
714,-20.45956437,2.41245519,9.64401436
715,-20.45956437,2.41245519,9.95133082
716,-20.45956437,2.41245519,10.25864727
717,-21.79005676,0.35669023,10.62779309
718,-21.79005676,0.35669023,10.95690701
719,-21.34473242,1.04135675,10.59991748
720,-21.34473242,1.04135675,10.9290314
721,-21.34473242,1.04135675,11.23634786
722,-21.79005676,0.35669023,11.28602093
723,-21.79005676,0.35669023,11.59333739
724,-21.79005676,0.35669023,11.90065385
725,-21.34473242,1.04135675,11.54366431
726,-21.34473242,1.04135675,11.85098077
727,-20.9012347,1.72661296,10.57204187
728,-20.9012347,1.72661296,10.87935833
729,-20.9012347,1.72661296,11.18667478
730,-20.9012347,1.72661296,11.49399124
731,-20.9012347,1.72661296,11.80130769
732,-19.91087004,0.36696955,11.90065385
733,-19.46938652,1.05411895,11.85098077
734,-18.03177034,0.38777133,11.90065385
735,-17.74317512,1.07514909,11.85098077
736,-20.45956437,2.41245519,10.54416626
737,-20.45956437,2.41245519,10.85148272
738,-20.45956437,2.41245519,11.15879917
739,-19.17847067,1.74025365,11.80130769
740,-20.45956437,2.41245519,11.46611563
741,-20.45956437,2.41245519,11.75163462
742,-18.74034141,2.42836338,11.75163462
743,-20.0197222,3.0988798,9.04510078
744,-20.0197222,3.0988798,9.33061977
745,-20.0197222,3.0988798,9.63793622
746,-19.58170898,3.78588312,9.03902264
747,-19.58170898,3.78588312,9.32454163
748,-19.58170898,3.78588312,9.63185808
749,-20.0197222,3.0988798,9.94525268
750,-20.0197222,3.0988798,10.23077167
751,-19.58170898,3.78588312,9.91737707
752,-19.58170898,3.78588312,10.20289606
753,-19.58170898,3.78588312,10.48841504
754,-19.14552544,4.47346149,9.0329445
755,-19.14552544,4.47346149,9.31846349
756,-19.14552544,4.47346149,9.60398247
757,-18.71117236,5.16161126,9.04866383
758,-18.71117236,5.16161126,9.31238535
759,-18.71117236,5.16161126,9.59790433
760,-19.14552544,4.47346149,9.88950146
761,-19.14552544,4.47346149,10.17502045
762,-19.14552544,4.47346149,10.46053944
763,-18.71117236,5.16161126,9.88342332
764,-18.71117236,5.16161126,10.16894231
765,-18.71117236,5.16161126,10.43266383
766,-20.0197222,3.0988798,10.51629065
767,-20.0197222,3.0988798,10.82360711
768,-20.0197222,3.0988798,11.13092356
769,-19.58170898,3.78588312,10.7957315
770,-19.58170898,3.78588312,11.08125049
771,-20.0197222,3.0988798,11.41644255
772,-20.0197222,3.0988798,11.70196154
773,-19.58170898,3.78588312,11.36676947
774,-19.58170898,3.78588312,11.65228846
775,-18.30404329,3.11704605,11.70196154
776,-17.86957706,3.806298,11.65228846
777,-19.14552544,4.47346149,10.74605842
778,-19.14552544,4.47346149,11.03157741
779,-18.71117236,5.16161126,10.71818281
780,-18.71117236,5.16161126,11.0037018
781,-19.14552544,4.47346149,11.3170964
782,-19.14552544,4.47346149,11.60261538
783,-18.71117236,5.16161126,11.28922079
784,-18.71117236,5.16161126,11.55294231
785,-16.30214333,0.41622057,11.90065385
786,-16.01709505,1.10507677,11.85098077
787,-17.45579984,1.76277421,11.80130769
788,-17.02122328,2.45313315,11.75163462
789,-15.73326798,1.79417404,11.80130769
790,-15.30225568,2.48676385,11.75163462
791,-14.57268593,0.45358485,11.90065385
792,-14.29119218,1.1439012,11.85098077
793,-12.69415493,0.50427681,11.90065385
794,-12.41653107,1.19615858,11.85098077
795,-14.01092086,1.83445231,11.80130769
796,-13.73187215,2.52523655,11.75163462
797,-12.28880423,1.88360794,11.80130769
798,-12.01331991,2.57582137,11.75163462
799,-16.5884808,3.14405559,11.70196154
800,-16.30537942,3.83266526,11.65228846
801,-15.02117853,3.17646352,11.70196154
802,-14.7413233,3.86639882,11.65228846
803,-17.58445566,4.49381227,11.60261538
804,-17.15334823,5.18399999,11.55294231
805,-16.02349902,4.52151469,11.60261538
806,-15.59564682,5.21372506,11.55294231
807,-13.45404627,3.2162523,11.70196154
808,-13.17744339,3.90749793,11.65228846
809,-14.46269017,4.55656812,11.60261538
810,-14.03810267,5.25078579,11.55294231
811,-12.9020637,4.59897181,11.60261538
812,-18.27865046,5.85032876,8.20782619
813,-18.18156642,5.8516393,8.20782619
814,-18.08448276,5.85297839,8.20782619
815,-17.97726797,5.85449041,8.20782619
816,-17.87005368,5.85603725,8.20782619
817,-17.77297133,5.85746796,8.20782619
818,-17.67588941,5.85892722,8.20782619
819,-17.8479605,6.53961032,8.22354552
820,-17.7510792,6.5410475,8.22354552
821,-18.27865046,5.85032876,8.49334518
822,-18.27865046,5.85032876,8.77886417
823,-17.8479605,6.53961032,8.50906451
824,-17.8479605,6.53961032,8.77278603
825,-21.12463595,9.13919114,6.0
826,-17.09085742,5.80325182,6.492
827,-17.18586148,5.63897176,6.62572858
828,-16.37402989,5.8161789,6.492
829,-16.69289706,6.49352555,6.67321592
830,-16.59839624,6.65794703,6.5535
831,-15.65723213,5.83066237,6.492
832,-14.94046749,5.84670215,6.492
833,-15.97101499,6.67014347,6.5535
834,-15.25607235,6.68549997,6.5535
835,-16.97698027,6.00042391,7.07440166
836,-16.88218909,6.16476394,6.94067308
837,-17.07186822,5.83611111,7.19950706
838,-17.16685293,5.67182559,7.33862512
839,-16.78749468,6.32913117,6.8069445
840,-16.48512302,6.85528853,7.121889
841,-16.67398915,6.52640768,7.37209981
842,-16.57950769,6.69083458,7.2469944
843,-16.2025499,7.34881231,6.73471592
844,-16.10855251,7.51337406,6.615
845,-15.48280196,7.52650222,6.615
846,-14.85707756,7.54082258,6.615
847,-15.62132734,8.36952688,6.6765
848,-16.29664412,7.18427744,6.85443184
849,-16.39083516,7.0197695,6.98816042
850,-16.08976466,7.54628963,7.29448174
851,-16.18374267,7.38172251,7.41958715
852,-15.90209915,7.87550433,7.03564776
853,-15.80841168,8.04015183,6.91593184
854,-15.71482107,8.20482602,6.79621592
855,-15.99588348,7.71088359,7.16937634
856,-15.69611457,8.23776406,7.46707449
857,-14.22373938,5.86429817,6.492
858,-13.50705115,5.88345034,6.492
859,-14.54116473,6.70240875,6.5535
860,-13.82629551,6.72086974,6.5535
861,-12.79040621,5.90415858,6.492
862,-12.07380791,5.92642279,6.492
863,-13.19903918,6.73834762,6.5535
864,-12.48425115,6.75972261,6.5535
865,-14.144028,7.55859566,6.615
866,-13.43101872,7.57791692,6.615
867,-12.805396,7.59614634,6.615
868,-12.17980915,7.6155677,6.615
869,-16.95801429,6.03328974,7.78083082
870,-16.86324247,6.19763521,7.65033593
871,-17.05288289,5.86897149,7.91132571
872,-17.05288289,5.86897149,8.05957595
873,-17.56867658,5.86057195,8.20782619
874,-17.46146428,5.8622515,8.20782619
875,-17.36438378,5.86380237,8.20782619
876,-17.26730374,5.8653818,8.20782619
877,-17.16009302,5.86715923,8.20782619
878,-17.05288289,5.86897149,8.20782619
879,-16.76856742,6.36200787,7.51121787
880,-16.4662577,6.88818257,7.8143055
881,-17.65419831,6.54251317,8.22354552
882,-17.55731787,6.54400733,8.22354552
883,-17.45032755,6.54569053,8.22354552
884,-17.35344805,6.54724466,8.22354552
885,-17.25656901,6.54882727,8.22354552
886,-17.15969044,6.55043838,8.22354552
887,-17.05270223,6.55225073,8.22354552
888,-16.95582467,6.55392179,8.22354552
889,-16.65508512,6.55929089,8.07529528
890,-16.85894761,6.55562135,8.22354552
891,-16.76207106,6.5573494,8.22354552
892,-16.65508512,6.55929089,8.22354552
893,-16.56062301,6.7237232,7.94480039
894,-16.3719892,7.05266893,7.68381061
895,-16.27781753,7.21718226,7.54469255
896,-17.41910321,7.22945228,8.23926485
897,-17.32242481,7.23101556,8.23926485
898,-17.22574686,7.23260727,8.23926485
899,-17.1290694,7.23422741,8.23926485
900,-17.03239241,7.23587599,8.23926485
901,-16.93571591,7.237553,8.23926485
902,-16.83903991,7.23925844,8.23926485
903,-16.74236441,7.24099231,8.23926485
904,-16.64568943,7.24275462,8.23926485
905,-16.54901497,7.24454535,8.23926485
906,-16.45234104,7.24636452,8.23926485
907,-16.35566765,7.24821213,8.23926485
908,-16.25899481,7.25008816,8.23926485
909,-16.07098067,7.57920628,7.97827507
910,-16.16493932,7.41463379,8.10876996
911,-16.07098067,7.57920628,8.16223028
912,-15.97711886,7.7438056,7.84778019
913,-15.88335391,7.90843169,7.7172853
914,-15.78968581,8.07308453,7.59217989
915,-15.69611457,8.23776406,7.6473369
916,-15.78968581,8.07308453,7.77244231
917,-15.69611457,8.23776406,7.82759932
918,-15.97711886,7.7438056,8.03173539
919,-15.88335391,7.90843169,7.90124051
920,-15.97711886,7.7438056,8.2156906
921,-15.88335391,7.90843169,8.08519572
922,-15.78968581,8.07308453,7.95639752
923,-15.69611457,8.23776406,8.01155453
924,-15.78968581,8.07308453,8.14035273
925,-15.69611457,8.23776406,8.19550974
926,-17.32242481,7.23101556,8.28998053
927,-17.22574686,7.23260727,8.28998053
928,-17.1290694,7.23422741,8.28998053
929,-17.22574686,7.23260727,8.3406962
930,-17.1290694,7.23422741,8.3406962
931,-17.03239241,7.23587599,8.28998053
932,-17.03239241,7.23587599,8.3406962
933,-16.93571591,7.237553,8.28998053
934,-16.93571591,7.237553,8.3406962
935,-17.1290694,7.23422741,8.39141188
936,-17.03239241,7.23587599,8.39141188
937,-16.93571591,7.237553,8.39141188
938,-17.41910321,7.22945228,8.50298637
939,-17.32242481,7.23101556,8.55370204
940,-17.03239241,7.23587599,8.44212756
941,-16.93571591,7.237553,8.44212756
942,-16.93571591,7.237553,8.49284323
943,-17.22574686,7.23260727,8.60441772
944,-16.83903991,7.23925844,8.28998053
945,-16.83903991,7.23925844,8.3406962
946,-16.74236441,7.24099231,8.28998053
947,-16.64568943,7.24275462,8.28998053
948,-16.74236441,7.24099231,8.3406962
949,-16.64568943,7.24275462,8.3406962
950,-16.83903991,7.23925844,8.39141188
951,-16.74236441,7.24099231,8.39141188
952,-16.64568943,7.24275462,8.39141188
953,-16.54901497,7.24454535,8.28998053
954,-16.45234104,7.24636452,8.28998053
955,-16.54901497,7.24454535,8.3406962
956,-16.45234104,7.24636452,8.3406962
957,-16.35566765,7.24821213,8.28998053
958,-16.25899481,7.25008816,8.28998053
959,-16.35566765,7.24821213,8.3406962
960,-16.25899481,7.25008816,8.3406962
961,-16.54901497,7.24454535,8.39141188
962,-16.45234104,7.24636452,8.39141188
963,-16.35566765,7.24821213,8.39141188
964,-16.25899481,7.25008816,8.39141188
965,-16.83903991,7.23925844,8.44212756
966,-16.83903991,7.23925844,8.49284323
967,-16.74236441,7.24099231,8.44212756
968,-16.64568943,7.24275462,8.44212756
969,-16.74236441,7.24099231,8.49284323
970,-16.64568943,7.24275462,8.49284323
971,-16.83903991,7.23925844,8.54355891
972,-16.74236441,7.24099231,8.54355891
973,-16.64568943,7.24275462,8.54355891
974,-16.74236441,7.24099231,8.59427459
975,-16.64568943,7.24275462,8.59427459
976,-16.54901497,7.24454535,8.44212756
977,-16.45234104,7.24636452,8.44212756
978,-16.54901497,7.24454535,8.49284323
979,-16.45234104,7.24636452,8.49284323
980,-16.35566765,7.24821213,8.44212756
981,-16.25899481,7.25008816,8.44212756
982,-16.35566765,7.24821213,8.49284323
983,-16.25899481,7.25008816,8.49284323
984,-16.54901497,7.24454535,8.54355891
985,-16.45234104,7.24636452,8.54355891
986,-16.54901497,7.24454535,8.59427459
987,-16.45234104,7.24636452,8.59427459
988,-16.35566765,7.24821213,8.54355891
989,-16.25899481,7.25008816,8.54355891
990,-16.35566765,7.24821213,8.59427459
991,-16.25899481,7.25008816,8.59427459
992,-17.41910321,7.22945228,8.76670789
993,-17.1290694,7.23422741,8.6551334
994,-17.03239241,7.23587599,8.70584907
995,-16.93571591,7.237553,8.75656475
996,-17.32242481,7.23101556,8.81742356
997,-17.22574686,7.23260727,8.86813924
998,-17.1290694,7.23422741,8.91885492
999,-17.03239241,7.23587599,8.96957059
1000,-16.64568943,7.24275462,8.64499026
1001,-16.83903991,7.23925844,8.80728043
1002,-16.54901497,7.24454535,8.64499026
1003,-16.45234104,7.24636452,8.64499026
1004,-16.54901497,7.24454535,8.69570594
1005,-16.45234104,7.24636452,8.69570594
1006,-16.35566765,7.24821213,8.64499026
1007,-16.25899481,7.25008816,8.64499026
1008,-16.35566765,7.24821213,8.69570594
1009,-16.25899481,7.25008816,8.69570594
1010,-16.45234104,7.24636452,8.74642162
1011,-16.35566765,7.24821213,8.74642162
1012,-16.25899481,7.25008816,8.74642162
1013,-16.35566765,7.24821213,8.79713729
1014,-16.25899481,7.25008816,8.79713729
1015,-16.74236441,7.24099231,8.85799611
1016,-16.64568943,7.24275462,8.90871178
1017,-16.25899481,7.25008816,8.84785297
1018,-16.54901497,7.24454535,8.95942746
1019,-16.16493932,7.41463379,8.29272517
1020,-16.16493932,7.41463379,8.34344085
1021,-16.16493932,7.41463379,8.39415652
1022,-16.07098067,7.57920628,8.34618549
1023,-16.07098067,7.57920628,8.39690117
1024,-16.16493932,7.41463379,8.4448722
1025,-16.16493932,7.41463379,8.49458982
1026,-16.16493932,7.41463379,8.5453055
1027,-16.16493932,7.41463379,8.59602118
1028,-16.07098067,7.57920628,8.44761685
1029,-16.07098067,7.57920628,8.49733447
1030,-16.07098067,7.57920628,8.54705209
1031,-16.07098067,7.57920628,8.59776777
1032,-15.58230095,7.26401647,8.84785297
1033,-16.16493932,7.41463379,8.64673685
1034,-16.16493932,7.41463379,8.69645448
1035,-16.16493932,7.41463379,8.74717016
1036,-16.16493932,7.41463379,8.79788583
1037,-16.07098067,7.57920628,8.64848345
1038,-16.07098067,7.57920628,8.69820107
1039,-16.07098067,7.57920628,8.7479187
1040,-16.07098067,7.57920628,8.79863437
1041,-16.16493932,7.41463379,8.84860151
1042,-16.07098067,7.57920628,8.84935005
1043,-15.48858442,7.42875538,8.84860151
1044,-14.9056372,7.27933788,8.84785297
1045,-15.39496477,7.59352096,8.84935005
1046,-14.81226002,7.44426937,8.84860151
1047,-15.97711886,7.7438056,8.39964581
1048,-15.88335391,7.90843169,8.26915093
1049,-15.97711886,7.7438056,8.45036149
1050,-15.97711886,7.7438056,8.50007911
1051,-15.97711886,7.7438056,8.54979674
1052,-15.97711886,7.7438056,8.59951436
1053,-15.88335391,7.90843169,8.45310613
1054,-15.88335391,7.90843169,8.50282376
1055,-15.88335391,7.90843169,8.55254138
1056,-15.88335391,7.90843169,8.60225901
1057,-15.78968581,8.07308453,8.32430794
1058,-15.69611457,8.23776406,8.37577215
1059,-15.78968581,8.07308453,8.50457035
1060,-15.78968581,8.07308453,8.55428797
1061,-15.78968581,8.07308453,8.6040056
1062,-15.69611457,8.23776406,8.55603457
1063,-15.69611457,8.23776406,8.60575219
1064,-15.97711886,7.7438056,8.65023004
1065,-15.97711886,7.7438056,8.69994766
1066,-15.97711886,7.7438056,8.74966529
1067,-15.97711886,7.7438056,8.79938291
1068,-15.88335391,7.90843169,8.65197663
1069,-15.88335391,7.90843169,8.70169426
1070,-15.88335391,7.90843169,8.75141188
1071,-15.88335391,7.90843169,8.8011295
1072,-15.97711886,7.7438056,8.85009859
1073,-15.88335391,7.90843169,8.85084713
1074,-15.78968581,8.07308453,8.65372322
1075,-15.78968581,8.07308453,8.70244279
1076,-15.78968581,8.07308453,8.75216042
1077,-15.78968581,8.07308453,8.80187804
1078,-15.69611457,8.23776406,8.65546981
1079,-15.69611457,8.23776406,8.70418939
1080,-15.69611457,8.23776406,8.75290896
1081,-15.69611457,8.23776406,8.80262658
1082,-15.78968581,8.07308453,8.85159567
1083,-15.69611457,8.23776406,8.85234421
1084,-15.30144203,7.75831317,8.85009859
1085,-15.22479625,7.92274984,8.85084713
1086,-15.13145889,8.08759039,8.85159567
1087,-15.03821845,8.25245744,8.85234421
1088,-14.22900643,7.2960523,8.84785297
1089,-14.71897977,7.60922734,8.84935005
1090,-14.13596899,7.46117569,8.84860151
1091,-14.0598238,7.62588364,8.84935005
1092,-13.5524115,7.31415968,8.84785297
1093,-13.47651696,7.47900272,8.84860151
1094,-13.40070259,7.6438632,8.84935005
1095,-14.64258417,7.77379984,8.85009859
1096,-14.56626867,7.93839005,8.85084713
1097,-14.47326243,8.10341765,8.85159567
1098,-14.38035316,8.26847156,8.85234421
1099,-13.98375874,7.79060918,8.85009859
1100,-13.90777382,7.95535227,8.85084713
1101,-13.32496838,7.80874111,8.85009859
1102,-13.81509906,8.12056625,8.85159567
1103,-13.73928285,8.28534824,8.85234421
1104,-12.87585528,7.33365994,8.84785297
1105,-12.80030027,7.49865887,8.84860151
1106,-12.72482546,7.66367509,8.84935005
1107,-12.19934064,7.35455299,8.84785297
1108,-12.12412548,7.51970712,8.84860151
1109,-13.24931434,7.97363642,8.85084713
1110,-12.64943085,7.82870856,8.85009859
1111,-12.5908929,7.99324243,8.85084713
1112,-13.17374048,8.13854909,8.85159567
1113,-13.09824679,8.30347909,8.85234421
1114,-12.04899054,7.68487837,8.84935005
1115,-11.99071966,7.84951916,8.85009859
1116,-11.93251215,8.01417021,8.85084713
1117,-12.51565026,8.15830648,8.85159567
1118,-12.44048783,8.32338772,8.85234421
1119,-11.85760103,8.17938499,8.85159567
1120,-11.78277017,8.34461679,8.85234421
1121,-14.99720886,8.38358178,6.6765
1122,-15.13672178,9.22639946,6.738
1123,-15.22971166,9.06156066,6.85771592
1124,-15.41598214,8.7319624,7.09714776
1125,-15.32279845,8.89674829,6.97743184
1126,-15.22971166,9.06156066,7.03428554
1127,-15.50926273,8.56720304,7.21686368
1128,-15.60264021,8.40247025,7.34196908
1129,-15.50926273,8.56720304,7.3971261
1130,-15.41598214,8.7319624,7.27371738
1131,-15.32279845,8.89674829,7.15400146
1132,-15.22971166,9.06156066,7.21085516
1133,-15.41598214,8.7319624,7.4539798
1134,-15.32279845,8.89674829,7.33057108
1135,-15.22971166,9.06156066,7.38742478
1136,-15.13672178,9.22639946,6.91456962
1137,-15.13672178,9.22639946,7.09113924
1138,-15.13672178,9.22639946,7.26770886
1139,-15.13672178,9.22639946,7.44427848
1140,-14.37311829,8.39882575,6.6765
1141,-13.7490579,8.41525875,6.6765
1142,-14.51423674,9.2413761,6.738
1143,-13.89178136,9.2575387,6.738
1144,-13.26935791,9.2748872,6.738
1145,-13.03790958,8.43543556,6.6765
1146,-12.41392136,8.4544124,6.6765
1147,-11.78997043,8.47457806,6.6765
1148,-12.64696864,9.29342155,6.738
1149,-12.02461581,9.31314167,6.738
1150,-14.51423674,9.2413761,6.91456962
1151,-14.51423674,9.2413761,7.09113924
1152,-13.89178136,9.2575387,6.91456962
1153,-13.26935791,9.2748872,6.91456962
1154,-13.89178136,9.2575387,7.09113924
1155,-13.26935791,9.2748872,7.09113924
1156,-14.51423674,9.2413761,7.26770886
1157,-14.51423674,9.2413761,7.44427848
1158,-13.89178136,9.2575387,7.26770886
1159,-13.26935791,9.2748872,7.26770886
1160,-13.89178136,9.2575387,7.44427848
1161,-13.26935791,9.2748872,7.44427848
1162,-12.64696864,9.29342155,6.91456962
1163,-12.64696864,9.29342155,7.09113924
1164,-12.02461581,9.31314167,6.91456962
1165,-12.02461581,9.31314167,7.09113924
1166,-12.64696864,9.29342155,7.26770886
1167,-12.64696864,9.29342155,7.44427848
1168,-12.02461581,9.31314167,7.26770886
1169,-12.02461581,9.31314167,7.44427848
1170,-15.60264021,8.40247025,7.5222315
1171,-15.50926273,8.56720304,7.57738851
1172,-15.60264021,8.40247025,7.70249391
1173,-15.50926273,8.56720304,7.75765093
1174,-15.41598214,8.7319624,7.63424221
1175,-15.32279845,8.89674829,7.5108335
1176,-15.22971166,9.06156066,7.5676872
1177,-15.41598214,8.7319624,7.81450463
1178,-15.32279845,8.89674829,7.69109591
1179,-15.22971166,9.06156066,7.74425682
1180,-15.32279845,8.89674829,7.86766553
1181,-15.60264021,8.40247025,7.88275633
1182,-15.50926273,8.56720304,7.93791334
1183,-15.60264021,8.40247025,8.06671154
1184,-15.60264021,8.40247025,8.24697395
1185,-15.50926273,8.56720304,8.11817575
1186,-15.41598214,8.7319624,7.99107425
1187,-15.22971166,9.06156066,7.92082644
1188,-15.32279845,8.89674829,8.04423515
1189,-15.41598214,8.7319624,8.17133666
1190,-15.22971166,9.06156066,8.09739606
1191,-15.32279845,8.89674829,8.22449757
1192,-15.13672178,9.22639946,7.6208481
1193,-15.13672178,9.22639946,7.79741772
1194,-15.13672178,9.22639946,7.97398734
1195,-15.13672178,9.22639946,8.15055696
1196,-15.60264021,8.40247025,8.42723637
1197,-15.50926273,8.56720304,8.29843817
1198,-15.60264021,8.40247025,8.60749878
1199,-15.50926273,8.56720304,8.47870058
1200,-15.41598214,8.7319624,8.35159907
1201,-15.22971166,9.06156066,8.27765847
1202,-15.32279845,8.89674829,8.40475998
1203,-15.41598214,8.7319624,8.53186149
1204,-15.22971166,9.06156066,8.45422809
1205,-15.32279845,8.89674829,8.5813296
1206,-15.60264021,8.40247025,8.65721641
1207,-15.60264021,8.40247025,8.70593598
1208,-15.60264021,8.40247025,8.75465555
1209,-15.60264021,8.40247025,8.80337512
1210,-15.50926273,8.56720304,8.658963
1211,-15.50926273,8.56720304,8.70768257
1212,-15.50926273,8.56720304,8.75640214
1213,-15.50926273,8.56720304,8.80512171
1214,-15.60264021,8.40247025,8.85309275
1215,-15.50926273,8.56720304,8.85384129
1216,-14.94507494,8.41735095,8.85309275
1217,-14.86877471,8.58187055,8.85384129
1218,-15.41598214,8.7319624,8.70843111
1219,-15.41598214,8.7319624,8.75715068
1220,-15.41598214,8.7319624,8.80587025
1221,-15.22971166,9.06156066,8.63079771
1222,-15.32279845,8.89674829,8.75789922
1223,-15.32279845,8.89674829,8.80661879
1224,-15.22971166,9.06156066,8.80736733
1225,-15.41598214,8.7319624,8.85458982
1226,-15.32279845,8.89674829,8.85533836
1227,-15.22971166,9.06156066,8.8560869
1228,-14.77581663,8.74681209,8.85458982
1229,-15.13672178,9.22639946,8.32712658
1230,-15.13672178,9.22639946,8.5036962
1231,-15.13672178,9.22639946,8.68026582
1232,-15.13672178,9.22639946,8.85683544
1233,-14.51423674,9.2413761,7.6208481
1234,-14.51423674,9.2413761,7.79741772
1235,-13.89178136,9.2575387,7.6208481
1236,-13.26935791,9.2748872,7.6208481
1237,-13.89178136,9.2575387,7.79741772
1238,-13.26935791,9.2748872,7.79741772
1239,-14.51423674,9.2413761,7.97398734
1240,-14.51423674,9.2413761,8.15055696
1241,-13.89178136,9.2575387,7.97398734
1242,-13.26935791,9.2748872,7.97398734
1243,-13.89178136,9.2575387,8.15055696
1244,-13.26935791,9.2748872,8.15055696
1245,-12.64696864,9.29342155,7.6208481
1246,-12.64696864,9.29342155,7.79741772
1247,-12.02461581,9.31314167,7.6208481
1248,-12.02461581,9.31314167,7.79741772
1249,-12.64696864,9.29342155,7.97398734
1250,-12.64696864,9.29342155,8.15055696
1251,-12.02461581,9.31314167,7.97398734
1252,-12.02461581,9.31314167,8.15055696
1253,-14.30429482,8.43312253,8.85309275
1254,-14.22831661,8.59779109,8.85384129
1255,-14.68295551,8.91177997,8.85533836
1256,-14.1356814,8.76291418,8.85458982
1257,-14.0431432,8.92806341,8.85533836
1258,-13.66354679,8.4501477,8.85309275
1259,-13.58789088,8.6149646,8.85384129
1260,-13.4955789,8.7802686,8.85458982
1261,-13.42009173,8.94512414,8.85533836
1262,-14.51423674,9.2413761,8.32712658
1263,-14.51423674,9.2413761,8.5036962
1264,-13.89178136,9.2575387,8.32712658
1265,-13.26935791,9.2748872,8.32712658
1266,-13.89178136,9.2575387,8.5036962
1267,-13.26935791,9.2748872,8.5036962
1268,-14.51423674,9.2413761,8.68026582
1269,-14.59019133,9.07677414,8.8560869
1270,-14.51423674,9.2413761,8.85683544
1271,-13.89178136,9.2575387,8.68026582
1272,-13.26935791,9.2748872,8.68026582
1273,-13.96742221,9.09279232,8.8560869
1274,-13.89178136,9.2575387,8.85683544
1275,-13.34468474,9.10999701,8.8560869
1276,-13.26935791,9.2748872,8.85683544
1277,-13.02283329,8.46842641,8.85309275
1278,-12.94749997,8.633391,8.85384129
1279,-12.87224684,8.79837284,8.85458982
1280,-12.79707391,8.9633719,8.85533836
1281,-12.36540562,8.48848609,8.85309275
1282,-12.30714634,8.65307023,8.85384129
1283,-12.23221613,8.81819898,8.85458982
1284,-12.15736614,8.98334479,8.85533836
1285,-12.64696864,9.29342155,8.32712658
1286,-12.64696864,9.29342155,8.5036962
1287,-12.02461581,9.31314167,8.32712658
1288,-12.02461581,9.31314167,8.5036962
1289,-12.64696864,9.29342155,8.68026582
1290,-12.72198117,9.12838814,8.8560869
1291,-12.64696864,9.29342155,8.85683544
1292,-12.02461581,9.31314167,8.68026582
1293,-12.08259639,9.14850764,8.8560869
1294,-12.02461581,9.31314167,8.85683544
1295,-18.27865046,5.85032876,9.04258569
1296,-18.27865046,5.85032876,9.30630721
1297,-18.27865046,5.85032876,9.59182619
1298,-17.8479605,6.53961032,9.03650755
1299,-17.8479605,6.53961032,9.30022907
1300,-17.8479605,6.53961032,9.58574805
1301,-18.27865046,5.85032876,9.87734518
1302,-18.27865046,5.85032876,10.1410667
1303,-18.27865046,5.85032876,10.40478822
1304,-17.8479605,6.53961032,9.84946957
1305,-17.8479605,6.53961032,10.11319109
1306,-17.8479605,6.53961032,10.37691261
1307,-18.27865046,5.85032876,10.69030721
1308,-18.27865046,5.85032876,10.97582619
1309,-18.27865046,5.85032876,11.23954771
1310,-17.8479605,6.53961032,10.6624316
1311,-17.8479605,6.53961032,10.92615312
1312,-17.8479605,6.53961032,11.18987463
1313,-18.27865046,5.85032876,11.50326923
1314,-17.8479605,6.53961032,11.45359615
1315,-17.41910321,7.22945228,9.03042941
1316,-17.32242481,7.23101556,9.08114508
1317,-16.93571591,7.237553,9.02028627
1318,-17.22574686,7.23260727,9.13186076
1319,-17.1290694,7.23422741,9.18257644
1320,-17.41910321,7.22945228,9.29415093
1321,-17.32242481,7.23101556,9.3448666
1322,-17.03239241,7.23587599,9.23329211
1323,-16.93571591,7.237553,9.28400779
1324,-16.83903991,7.23925844,9.07100195
1325,-16.74236441,7.24099231,9.12171762
1326,-16.64568943,7.24275462,9.1724333
1327,-16.45234104,7.24636452,9.01014314
1328,-16.35566765,7.24821213,9.06085881
1329,-16.83903991,7.23925844,9.33472347
1330,-16.54901497,7.24454535,9.22314898
1331,-16.45234104,7.24636452,9.27386465
1332,-17.41910321,7.22945228,9.55787244
1333,-17.22574686,7.23260727,9.39558228
1334,-17.1290694,7.23422741,9.44629796
1335,-17.03239241,7.23587599,9.49701363
1336,-16.93571591,7.237553,9.54772931
1337,-17.32242481,7.23101556,9.60858812
1338,-17.22574686,7.23260727,9.6593038
1339,-17.1290694,7.23422741,9.71001947
1340,-16.74236441,7.24099231,9.38543914
1341,-16.64568943,7.24275462,9.43615482
1342,-16.54901497,7.24454535,9.4868705
1343,-16.83903991,7.23925844,9.59844499
1344,-16.74236441,7.24099231,9.64916066
1345,-16.64568943,7.24275462,9.69987634
1346,-15.67896973,7.26194142,9.06085881
1347,-15.77563911,7.2598948,9.27386465
1348,-15.0023015,7.27706382,9.06085881
1349,-15.09896646,7.27481818,9.27386465
1350,-15.87230908,7.25787661,9.4868705
1351,-15.96897965,7.25588685,9.69987634
1352,-15.19563208,7.27260098,9.4868705
1353,-15.29229835,7.27041221,9.69987634
1354,-17.41910321,7.22945228,9.82159396
1355,-17.32242481,7.23101556,9.87230964
1356,-17.03239241,7.23587599,9.76073515
1357,-16.93571591,7.237553,9.81145083
1358,-17.22574686,7.23260727,9.92302532
1359,-17.41910321,7.22945228,10.08531548
1360,-17.1290694,7.23422741,9.97374099
1361,-17.03239241,7.23587599,10.02445667
1362,-16.93571591,7.237553,10.07517235
1363,-16.83903991,7.23925844,9.8621665
1364,-16.74236441,7.24099231,9.91288218
1365,-17.32242481,7.23101556,10.13603116
1366,-17.22574686,7.23260727,10.18674684
1367,-17.1290694,7.23422741,10.23746251
1368,-17.03239241,7.23587599,10.28817819
1369,-17.41910321,7.22945228,10.349037
1370,-17.32242481,7.23101556,10.39975268
1371,-16.93571591,7.237553,10.33889387
1372,-17.22574686,7.23260727,10.45046835
1373,-16.83903991,7.23925844,10.12588802
1374,-16.25899481,7.25008816,10.33889387
1375,-16.0656508,7.25392552,9.91288218
1376,-15.38896525,7.26825187,9.91288218
1377,-16.16232252,7.25199263,10.12588802
1378,-15.48563279,7.26611996,10.12588802
1379,-15.58230095,7.26401647,10.33889387
1380,-14.80897358,7.28164037,10.12588802
1381,-14.9056372,7.27933788,10.33889387
1382,-14.32566584,7.29357924,9.06085881
1383,-14.42232597,7.29113461,9.27386465
1384,-13.64906561,7.31148764,9.06085881
1385,-13.74572051,7.30884401,9.27386465
1386,-14.51898682,7.28871841,9.4868705
1387,-14.61564838,7.28633063,9.69987634
1388,-13.84237618,7.30622882,9.4868705
1389,-13.93903261,7.30364205,9.69987634
1390,-13.26245392,7.32234639,9.69987634
1391,-12.97250369,7.33078892,9.06085881
1392,-13.06915294,7.32794631,9.27386465
1393,-12.29598293,7.351483,9.06085881
1394,-12.39262613,7.34844143,9.27386465
1395,-13.16580302,7.32513214,9.4868705
1396,-12.58591518,7.34244357,9.69987634
1397,-12.48927021,7.34542829,9.4868705
1398,-11.81278062,7.36711718,9.4868705
1399,-11.90941923,7.3639335,9.69987634
1400,-14.71231063,7.28397128,9.91288218
1401,-14.03568981,7.30108371,9.91288218
1402,-13.35910564,7.31958906,9.91288218
1403,-14.13234775,7.29855379,10.12588802
1404,-14.22900643,7.2960523,10.33889387
1405,-13.45575817,7.31686016,10.12588802
1406,-13.5524115,7.31415968,10.33889387
1407,-12.68256101,7.33948727,9.91288218
1408,-12.00605878,7.36077825,9.91288218
1409,-12.77920772,7.33655939,10.12588802
1410,-16.72407465,5.87474681,11.50326923
1411,-16.29663564,6.56604907,11.45359615
1412,-15.16963108,5.90648588,11.50326923
1413,-17.41910321,7.22945228,10.61275852
1414,-17.32242481,7.23101556,10.6634742
1415,-17.1290694,7.23422741,10.50118403
1416,-17.03239241,7.23587599,10.55189971
1417,-17.22574686,7.23260727,10.71418987
1418,-17.1290694,7.23422741,10.76490555
1419,-16.35566765,7.24821213,10.55189971
1420,-16.45234104,7.24636452,10.76490555
1421,-17.41910321,7.22945228,10.87648004
1422,-17.32242481,7.23101556,10.92719572
1423,-17.22574686,7.23260727,10.97791139
1424,-17.41910321,7.22945228,11.14020156
1425,-17.32242481,7.23101556,11.19091723
1426,-16.54901497,7.24454535,10.97791139
1427,-16.64568943,7.24275462,11.19091723
1428,-15.67896973,7.26194142,10.55189971
1429,-15.77563911,7.2598948,10.76490555
1430,-15.0023015,7.27706382,10.55189971
1431,-15.09896646,7.27481818,10.76490555
1432,-15.87230908,7.25787661,10.97791139
1433,-17.41910321,7.22945228,11.40392308
1434,-13.48756356,6.63252491,11.45359615
1435,-12.35497466,5.98259778,11.50326923
1436,-14.32566584,7.29357924,10.55189971
1437,-13.84237618,7.30622882,11.19091723
1438,-12.29598293,7.351483,10.76490555
1439,-13.06915294,7.32794631,10.97791139
1440,-14.61564838,7.28633063,11.40392308
1441,-11.81278062,7.36711718,11.40392308
1442,-10.88714608,0.04213735,6.0615
1443,-11.57434611,0.86500421,6.123
1444,-10.6685568,0.89626664,6.123
1445,-9.97913486,0.07526046,6.0615
1446,-9.97913486,0.07526046,6.23238608
1447,-9.97913486,0.07526046,6.40327215
1448,-9.97913486,0.07526046,6.57415823
1449,-9.97913486,0.07526046,6.73103165
1450,-9.76285531,0.92997753,6.123
1451,-9.76285531,0.92997753,6.29388608
1452,-9.76285531,0.92997753,6.46477215
1453,-9.76285531,0.92997753,6.62164557
1454,-9.97913486,0.07526046,6.90191772
1455,-9.97913486,0.07526046,7.0728038
1456,-9.97913486,0.07526046,7.24368987
1457,-9.97913486,0.07526046,7.40056329
1458,-9.76285531,0.92997753,6.77851899
1459,-9.76285531,0.92997753,6.94940506
1460,-9.76285531,0.92997753,7.12029114
1461,-9.76285531,0.92997753,7.27716456
1462,-9.76285531,0.92997753,7.43403797
1463,-11.26580136,1.72170792,6.1845
1464,-10.45122685,1.75053497,6.1845
1465,-11.77152528,2.55110039,6.246
1466,-10.95897071,2.57869239,6.246
1467,-9.54783546,1.78483023,6.1845
1468,-9.54783546,1.78483023,6.35538608
1469,-9.54783546,1.78483023,6.51225949
1470,-9.54783546,1.78483023,6.66913291
1471,-10.1464858,2.60826472,6.246
1472,-9.33407538,2.63981718,6.246
1473,-9.33407538,2.63981718,6.40287342
1474,-9.33407538,2.63981718,6.55974684
1475,-9.33407538,2.63981718,6.71662025
1476,-9.54783546,1.78483023,6.82600633
1477,-9.54783546,1.78483023,6.99689241
1478,-9.54783546,1.78483023,7.15376582
1479,-9.54783546,1.78483023,7.31063924
1480,-9.54783546,1.78483023,7.46751266
1481,-9.33407538,2.63981718,6.87349367
1482,-9.33407538,2.63981718,7.03036709
1483,-9.33407538,2.63981718,7.18724051
1484,-9.33407538,2.63981718,7.34411392
1485,-9.97913486,0.07526046,7.57144937
1486,-9.97913486,0.07526046,7.74233544
1487,-9.97913486,0.07526046,7.91322152
1488,-9.84589068,0.60122406,8.08207157
1489,-9.00414109,0.63451179,8.08207157
1490,-9.76285531,0.92997753,7.60492405
1491,-9.76285531,0.92997753,7.77581013
1492,-9.8043497,0.76559828,7.92894085
1493,-9.67173163,1.29162951,8.0977909
1494,-9.58908759,1.62042501,7.79152945
1495,-9.54783546,1.78483023,7.63839873
1496,-9.63038632,1.45602477,7.94466018
1497,-9.49839439,1.98212305,8.11351022
1498,-9.4161417,2.31096025,7.80724878
1499,-9.37508524,2.47538626,7.65411806
1500,-9.33407538,2.63981718,7.50098734
1501,-9.45724475,2.14653918,7.9603795
1502,-9.325879,2.67270396,8.12922955
1503,-8.16247771,0.66991234,8.08207157
1504,-7.49068332,0.01581078,8.06635224
1505,-8.83171562,1.32535223,8.0977909
1506,-7.38778791,0.70436679,8.08207157
1507,-8.05853854,1.35825854,8.0977909
1508,-6.71448391,0.05181926,8.06635224
1509,-7.28543955,1.39295132,8.0977909
1510,-6.6131798,0.74061119,8.08207157
1511,-8.7267331,2.01348714,8.11351022
1512,-7.95514635,2.0466342,8.11351022
1513,-8.55581387,2.70446483,8.12922955
1514,-7.78582418,2.73800498,8.12922955
1515,-7.18363824,2.08156404,8.11351022
1516,-6.51242279,1.42943038,8.0977909
1517,-7.01591406,2.77332422,8.12922955
1518,-6.41221291,2.11827649,8.11351022
1519,-11.55277837,3.40464358,6.3075
1520,-10.74230475,3.43276619,6.3075
1521,-9.93190207,3.46286405,6.3075
1522,-9.12157516,3.49493697,6.3075
1523,-9.12157516,3.49493697,6.46437342
1524,-9.12157516,3.49493697,6.62124684
1525,-9.12157516,3.49493697,6.77812025
1526,-9.12157516,3.49493697,6.92098101
1527,-9.12157516,3.49493697,7.07785443
1528,-9.12157516,3.49493697,7.23472785
1529,-9.12157516,3.49493697,7.39160127
1530,-11.24705965,4.2613585,6.369
1531,-10.52689806,4.28697758,6.369
1532,-11.66141053,5.09363361,6.4305
1533,-10.94305504,5.11835107,6.4305
1534,-9.71857796,4.3175979,6.369
1535,-8.91033488,4.35018821,6.369
1536,-8.91033488,4.35018821,6.52587342
1537,-8.91033488,4.35018821,6.68274684
1538,-10.22475492,5.14462819,6.4305
1539,-9.50651354,5.17246487,6.4305
1540,-8.91033488,4.35018821,6.82560759
1541,-8.91033488,4.35018821,6.96846835
1542,-8.91033488,4.35018821,7.12534177
1543,-8.91033488,4.35018821,7.28221519
1544,-8.95086016,4.18570667,7.41863851
1545,-8.70035461,5.20556949,6.4305
1546,-8.70035461,5.20556949,6.58737342
1547,-8.70035461,5.20556949,6.73023418
1548,-8.78096714,4.87656139,7.44567575
1549,-8.70035461,5.20556949,6.87309494
1550,-8.70035461,5.20556949,7.0159557
1551,-8.74063758,5.04106305,7.30925243
1552,-8.70035461,5.20556949,7.17282911
1553,-8.61189614,5.56750038,7.472713
1554,-9.24401768,3.0015825,7.83428603
1555,-9.20315691,3.16602911,7.68115531
1556,-9.16234274,3.33048061,7.52802459
1557,-9.28492504,2.83714078,7.98741675
1558,-9.1541855,3.36337149,8.14494888
1559,-9.07271557,3.69229103,7.86132327
1560,-8.99143203,4.02122996,7.55506183
1561,-9.0320505,3.85675807,7.70819255
1562,-9.11342724,3.52782883,8.00313608
1563,-8.98331393,4.05412492,8.16066821
1564,-8.86176606,4.5475724,7.7352298
1565,-8.94275137,4.21860259,8.0188554
1566,-8.90223542,4.38308509,7.8770426
1567,-8.38571673,3.39552725,8.14494888
1568,-7.61732431,3.42945859,8.14494888
1569,-8.21644171,4.08667365,8.16066821
1570,-7.51584781,4.1179612,8.16066821
1571,-6.91534426,3.46201243,8.14494888
1572,-6.31255014,2.80714921,8.12922955
1573,-6.81532153,4.15072774,8.16066821
1574,-6.21343449,3.4960482,8.14494888
1575,-6.11486598,4.18497314,8.16066821
1576,-8.8213433,4.7120645,7.58209907
1577,-8.81326434,4.74496349,8.17638754
1578,-8.11405886,4.77498958,8.17638754
1579,-7.41491834,4.80649174,8.17638754
1580,-8.65207658,5.40298349,7.60913632
1581,-8.69230362,5.23847135,7.75094912
1582,-8.7728975,4.90946134,8.03457473
1583,-8.73257726,5.07396396,7.89276193
1584,-8.64403676,5.43588649,8.19210686
1585,-7.94629032,5.46626831,8.19210686
1586,-6.71584588,4.83946983,8.17638754
1587,-6.0168446,4.8739237,8.17638754
1588,-7.24860957,5.49812311,8.19210686
1589,-6.55099763,5.53145076,8.19210686
1590,-5.87136509,0.09296906,8.06635224
1591,-5.02835221,0.13623509,8.06635224
1592,-5.77179027,0.78201311,8.08207157
1593,-4.93050733,0.82552692,8.08207157
1594,-4.1854506,0.18161709,8.06635224
1595,-3.40964314,0.2252624,8.06635224
1596,-4.15618573,0.86744894,8.08207157
1597,-3.38196307,0.91116005,8.08207157
1598,-5.67276264,1.47108304,8.0977909
1599,-4.89993072,1.51128824,8.0977909
1600,-5.64087446,2.15677134,8.11351022
1601,-4.86962703,2.19704839,8.11351022
1602,-4.12719377,1.55327908,8.0977909
1603,-3.35455591,1.59705535,8.0977909
1604,-4.09847471,2.23910743,8.11351022
1605,-3.32742165,2.28294823,8.11351022
1606,-2.5669701,0.27470734,8.06635224
1607,-1.72442383,0.32626737,8.06635224
1608,-2.54101183,0.96067231,8.08207157
1609,-1.70018753,1.01229533,8.08207157
1610,-0.88200964,0.37994216,8.06635224
1611,-0.15254088,1.11285479,8.08207157
1612,-2.51532646,1.64663424,8.0977909
1613,-1.7856297,2.37597416,8.11351022
1614,-0.97060259,1.74341991,8.0977909
1615,-0.24428413,2.47612419,8.11351022
1616,-5.54280371,2.84587251,8.12922955
1617,-4.77314882,2.88637433,8.12922955
1618,-5.44528015,3.53499868,8.14494888
1619,-4.67721785,3.57572401,8.14494888
1620,-4.00358956,2.92865445,8.12922955
1621,-3.27397182,3.65472637,8.14494888
1622,-5.34830377,4.22414954,8.16066821
1623,-4.61906804,4.94725816,8.17638754
1624,-3.94778962,4.30031259,8.16066821
1625,-3.22161359,5.02649383,8.17638754
1626,-2.59761741,3.01050686,8.12922955
1627,-1.87107188,3.73965298,8.14494888
1628,-1.05919554,3.10689767,8.12922955
1629,-0.33602738,3.8393936,8.14494888
1630,-2.54760954,4.38238837,8.16066821
1631,-1.82450615,5.11162929,8.17638754
1632,-1.14778849,4.47037543,8.16066821
1633,-0.42777063,5.20266301,8.17638754
1634,-10.81593723,0.56548694,11.90065385
1635,-10.69114551,1.25354103,11.85098077
1636,-9.08732212,0.63112809,11.90065385
1637,-8.96607865,1.31981628,11.85098077
1638,-10.56696385,1.94163963,11.80130769
1639,-8.84544547,2.00854584,11.80130769
1640,-10.29505123,2.63526386,11.75163462
1641,-7.47737079,0.01641321,11.95032692
1642,-7.35906832,0.70567858,11.90065385
1643,-7.24137634,1.39498257,11.85098077
1644,-8.57711178,2.70356244,11.75163462
1645,-7.12429484,2.08432479,11.80130769
1646,-11.73905958,3.26826001,11.70196154
1647,-11.46602342,3.96092221,11.65228846
1648,-10.02436374,3.32910699,11.70196154
1649,-11.21789504,5.33657218,11.55294231
1650,-9.78149641,4.70582598,11.60261538
1651,-8.3395101,4.08133061,11.65228846
1652,-6.89196337,3.46312226,11.70196154
1653,-8.10434984,5.45925666,11.55294231
1654,-6.66207399,4.84206773,11.60261538
1655,-5.59650306,0.10684273,11.95032692
1656,-5.48206203,0.79675973,11.90065385
1657,-3.71617118,0.20780287,11.95032692
1658,-3.60559518,0.89834988,11.90065385
1659,-5.36823169,1.48671195,11.85098077
1660,-3.6832797,2.26249263,11.80130769
1661,-1.83643411,0.31929049,11.95032692
1662,-0.15254088,1.11285479,11.90065385
1663,-1.92114911,1.68301468,11.85098077
1664,-0.24428413,2.47612419,11.80130769
1665,-5.43888365,2.85123699,11.75163462
1666,-3.76096422,3.62663537,11.70196154
1667,-5.21426958,4.23118199,11.65228846
1668,-3.54407318,5.00768497,11.60261538
1669,-2.00586412,3.04673887,11.75163462
1670,-0.33602738,3.8393936,11.70196154
1671,-2.09057913,4.41046306,11.65228846
1672,-0.42777063,5.20266301,11.60261538
1673,-11.35725964,5.95024286,6.492
1674,-10.64076479,5.97561868,6.492
1675,-11.76951122,6.78264955,6.5535
1676,-11.05482276,6.8071283,6.5535
1677,-10.42773581,6.82988638,6.5535
1678,-9.92432672,6.00255014,6.492
1679,-9.20794881,6.03103709,6.492
1680,-9.71315307,6.85727836,6.5535
1681,-8.99863149,6.88622181,6.5535
1682,-11.46692819,7.63915363,6.615
1683,-10.75410013,7.66428736,6.615
1684,-10.12864682,7.68761683,6.615
1685,-9.5032391,7.7121379,6.615
1686,-8.49163444,6.06107942,6.492
1687,-8.49163444,6.06107942,6.63486076
1688,-8.28417444,6.9167166,6.5535
1689,-8.28417444,6.9167166,6.69636076
1690,-8.49163444,6.06107942,6.77772152
1691,-8.49163444,6.06107942,6.92058228
1692,-8.49163444,6.06107942,7.06344304
1693,-8.53167507,5.89654835,7.19986636
1694,-8.5717623,5.732022,7.33628968
1695,-8.28417444,6.9167166,6.83922152
1696,-8.32397272,6.75216117,7.1017982
1697,-8.28417444,6.9167166,6.98208228
1698,-8.36381761,6.58761041,7.23822152
1699,-8.40370911,6.42306432,7.37464484
1700,-8.79057413,7.74153512,6.615
1701,-8.07797467,7.77247964,6.615
1702,-8.1175306,7.60790012,7.02043744
1703,-8.19678227,7.27875492,7.27657668
1704,-8.23647802,7.11418926,7.413
1705,-8.15713313,7.44332521,7.14015336
1706,-8.07797467,7.77247964,6.75786076
1707,-8.07797467,7.77247964,6.90072152
1708,-7.95170893,8.299165,7.0587926
1709,-8.07006908,7.8053961,7.44003724
1710,-8.03056909,7.96998114,7.31493184
1711,-7.99111571,8.13457078,7.17850852
1712,-11.52287045,7.37683875,8.84785297
1713,-11.44799545,7.54214737,8.84860151
1714,-10.84644757,7.40051712,8.84785297
1715,-10.7887114,7.56537051,8.84860151
1716,-11.38999182,7.70689468,8.84935005
1717,-11.33205158,7.87165213,8.85009859
1718,-11.27417473,8.0364197,8.85084713
1719,-11.19959545,8.20178454,8.85159567
1720,-11.14185381,8.36657526,8.85234421
1721,-10.73103863,7.73023393,8.84935005
1722,-10.67342926,7.89510736,8.85009859
1723,-10.61588331,8.05999079,8.85084713
1724,-10.55840077,8.22488421,8.85159567
1725,-10.17007487,7.425588,8.84785297
1726,-10.11267821,7.5905599,8.84860151
1727,-9.49375522,7.45205129,8.84785297
1728,-9.43669831,7.617141,8.84860151
1729,-10.05534497,7.7555417,8.84935005
1730,-9.99807515,7.92053339,8.85009859
1731,-9.95764054,8.0848834,8.85084713
1732,-9.90048914,8.24989188,8.85159567
1733,-9.37970484,7.78224048,8.84935005
1734,-9.33955365,7.94666656,8.85009859
1735,-9.29944906,8.11109742,8.85084713
1736,-9.24262905,8.2762203,8.85159567
1737,-8.48363191,6.0939862,7.63617356
1738,-8.44364721,6.25852291,7.51106816
1739,-8.52366322,5.92945419,7.77798637
1740,-8.60386564,5.60040433,8.06161198
1741,-8.56374113,5.7649269,7.91979917
1742,-8.47563124,6.12689317,8.20782619
1743,-7.779344,6.15762897,8.20782619
1744,-8.3558449,6.62052019,7.80502361
1745,-8.31600934,6.78507189,7.66321081
1746,-8.27622037,6.94962825,7.5381054
1747,-8.39572708,6.45597316,7.94683642
1748,-8.43565586,6.29143082,8.0773313
1749,-8.30804782,6.81798279,8.22354552
1750,-7.61321995,6.84907085,8.22354552
1751,-7.0831232,6.18983469,8.20782619
1752,-6.35505661,6.90910499,8.22354552
1753,-8.18884871,7.31166861,7.83206086
1754,-8.10961568,7.64081565,7.56514265
1755,-8.14920889,7.47623982,7.69024805
1756,-8.22853514,7.14710202,7.96255574
1757,-8.26826817,6.98254008,8.09305063
1758,-8.14128652,7.50915462,8.23926485
1759,-8.02267468,8.0028987,7.84778019
1760,-7.94383317,8.33208439,7.59217989
1761,-7.98323062,8.16748926,7.7172853
1762,-7.94383317,8.33208439,7.77244231
1763,-8.10170264,7.67373137,8.10876996
1764,-8.06216536,7.83831274,7.97827507
1765,-8.02267468,8.0028987,8.03173539
1766,-8.06216536,7.83831274,8.16223028
1767,-8.02267468,8.0028987,8.2156906
1768,-7.98323062,8.16748926,7.90124051
1769,-7.94383317,8.33208439,7.95639752
1770,-7.98323062,8.16748926,8.08519572
1771,-7.94383317,8.33208439,8.14035273
1772,-6.88564304,7.56716497,8.23926485
1773,-8.14128652,7.50915462,8.28998053
1774,-8.14128652,7.50915462,8.3406962
1775,-8.14128652,7.50915462,8.39141188
1776,-8.14128652,7.50915462,8.44212756
1777,-8.14128652,7.50915462,8.49284323
1778,-8.14128652,7.50915462,8.54355891
1779,-8.14128652,7.50915462,8.59427459
1780,-8.14128652,7.50915462,8.64499026
1781,-8.14128652,7.50915462,8.69570594
1782,-8.14128652,7.50915462,8.74642162
1783,-8.14128652,7.50915462,8.79713729
1784,-8.81749148,7.47990686,8.84785297
1785,-8.76077456,7.64511369,8.84860151
1786,-8.14128652,7.50915462,8.84785297
1787,-8.10170264,7.67373137,8.29272517
1788,-8.10170264,7.67373137,8.34344085
1789,-8.10170264,7.67373137,8.39415652
1790,-8.10170264,7.67373137,8.4448722
1791,-8.10170264,7.67373137,8.49458982
1792,-8.10170264,7.67373137,8.5453055
1793,-8.10170264,7.67373137,8.59602118
1794,-8.06216536,7.83831274,8.34618549
1795,-8.06216536,7.83831274,8.39690117
1796,-8.02267468,8.0028987,8.39964581
1797,-8.06216536,7.83831274,8.44761685
1798,-8.06216536,7.83831274,8.49733447
1799,-8.06216536,7.83831274,8.54705209
1800,-8.06216536,7.83831274,8.59776777
1801,-8.02267468,8.0028987,8.45036149
1802,-8.02267468,8.0028987,8.50007911
1803,-8.02267468,8.0028987,8.54979674
1804,-8.02267468,8.0028987,8.59951436
1805,-7.98323062,8.16748926,8.26915093
1806,-7.94383317,8.33208439,8.32430794
1807,-7.98323062,8.16748926,8.45310613
1808,-7.98323062,8.16748926,8.50282376
1809,-7.98323062,8.16748926,8.55254138
1810,-7.98323062,8.16748926,8.60225901
1811,-7.94383317,8.33208439,8.50457035
1812,-7.94383317,8.33208439,8.55428797
1813,-7.94383317,8.33208439,8.6040056
1814,-8.10170264,7.67373137,8.64673685
1815,-8.10170264,7.67373137,8.69645448
1816,-8.10170264,7.67373137,8.74717016
1817,-8.10170264,7.67373137,8.79788583
1818,-8.72090695,7.80961535,8.84935005
1819,-8.68108595,7.9741217,8.85009859
1820,-8.10170264,7.67373137,8.84860151
1821,-8.64131154,8.13863274,8.85084713
1822,-8.58482313,8.30386936,8.85159567
1823,-8.06216536,7.83831274,8.64848345
1824,-8.06216536,7.83831274,8.69820107
1825,-8.06216536,7.83831274,8.7479187
1826,-8.06216536,7.83831274,8.79863437
1827,-8.02267468,8.0028987,8.65023004
1828,-8.02267468,8.0028987,8.69994766
1829,-8.02267468,8.0028987,8.74966529
1830,-8.02267468,8.0028987,8.79938291
1831,-8.06216536,7.83831274,8.84935005
1832,-8.02267468,8.0028987,8.85009859
1833,-7.98323062,8.16748926,8.65197663
1834,-7.98323062,8.16748926,8.70169426
1835,-7.98323062,8.16748926,8.75141188
1836,-7.98323062,8.16748926,8.8011295
1837,-7.94383317,8.33208439,8.65372322
1838,-7.94383317,8.33208439,8.70244279
1839,-7.94383317,8.33208439,8.75216042
1840,-7.94383317,8.33208439,8.80187804
1841,-7.98323062,8.16748926,8.85084713
1842,-7.94383317,8.33208439,8.85159567
1843,-6.88564304,7.56716497,8.28998053
1844,-6.88564304,7.56716497,8.3406962
1845,-6.88564304,7.56716497,8.39141188
1846,-6.88564304,7.56716497,8.44212756
1847,-6.88564304,7.56716497,8.49284323
1848,-6.88564304,7.56716497,8.54355891
1849,-6.88564304,7.56716497,8.59427459
1850,-6.88564304,7.56716497,8.64499026
1851,-6.88564304,7.56716497,8.69570594
1852,-6.88564304,7.56716497,8.74642162
1853,-6.88564304,7.56716497,8.79713729
1854,-6.88564304,7.56716497,8.84785297
1855,-11.16605906,8.49593247,6.6765
1856,-10.45509198,8.52171743,6.6765
1857,-11.40230169,9.3340475,6.738
1858,-10.78002852,9.35613896,6.738
1859,-9.83127284,8.54561504,6.6765
1860,-9.20750037,8.57070113,6.6765
1861,-10.19381259,9.13919114,6.0
1862,-10.15779858,9.37941596,6.738
1863,-9.53561411,9.40387842,6.738
1864,-8.91347738,9.42952626,6.738
1865,-11.40230169,9.3340475,6.91456962
1866,-11.40230169,9.3340475,7.09113924
1867,-10.78002852,9.35613896,6.91456962
1868,-10.78002852,9.35613896,7.09113924
1869,-11.40230169,9.3340475,7.26770886
1870,-11.40230169,9.3340475,7.44427848
1871,-10.78002852,9.35613896,7.26770886
1872,-10.78002852,9.35613896,7.44427848
1873,-10.15779858,9.37941596,6.91456962
1874,-10.15779858,9.37941596,7.09113924
1875,-9.53561411,9.40387842,6.91456962
1876,-9.53561411,9.40387842,7.09113924
1877,-8.91347738,9.42952626,6.91456962
1878,-8.91347738,9.42952626,7.09113924
1879,-10.15779858,9.37941596,7.26770886
1880,-10.15779858,9.37941596,7.44427848
1881,-9.53561411,9.40387842,7.26770886
1882,-9.53561411,9.40387842,7.44427848
1883,-8.91347738,9.42952626,7.26770886
1884,-8.91347738,9.42952626,7.44427848
1885,-8.58377682,8.59697562,6.6765
1886,-7.87303522,8.62836713,6.6765
1887,-8.29139064,9.45635938,6.738
1888,-7.66935616,9.48437768,6.738
1889,-7.87303522,8.62836713,6.81936076
1890,-7.91234877,8.46376378,6.93907668
1891,-7.78670949,8.99051051,7.09714776
1892,-7.90448233,8.49668409,7.46707449
1893,-7.86517811,8.66128835,7.34196908
1894,-7.82592049,8.82589716,7.21686368
1895,-7.78670949,8.99051051,7.27371738
1896,-7.82592049,8.82589716,7.3971261
1897,-7.78670949,8.99051051,7.4539798
1898,-8.29139064,9.45635938,6.91456962
1899,-8.29139064,9.45635938,7.09113924
1900,-7.70842732,9.31975078,6.85771592
1901,-7.7475451,9.15512838,6.97743184
1902,-7.70842732,9.31975078,7.03428554
1903,-7.66935616,9.48437768,6.91456962
1904,-7.66935616,9.48437768,7.09113924
1905,-8.29139064,9.45635938,7.26770886
1906,-8.29139064,9.45635938,7.44427848
1907,-7.7475451,9.15512838,7.15400146
1908,-7.70842732,9.31975078,7.21085516
1909,-7.7475451,9.15512838,7.33057108
1910,-7.70842732,9.31975078,7.38742478
1911,-7.66935616,9.48437768,7.26770886
1912,-7.66935616,9.48437768,7.44427848
1913,-11.40230169,9.3340475,7.6208481
1914,-11.40230169,9.3340475,7.79741772
1915,-10.78002852,9.35613896,7.6208481
1916,-10.78002852,9.35613896,7.79741772
1917,-11.40230169,9.3340475,7.97398734
1918,-11.40230169,9.3340475,8.15055696
1919,-10.78002852,9.35613896,7.97398734
1920,-10.78002852,9.35613896,8.15055696
1921,-10.15779858,9.37941596,7.6208481
1922,-10.15779858,9.37941596,7.79741772
1923,-9.53561411,9.40387842,7.6208481
1924,-9.53561411,9.40387842,7.79741772
1925,-8.91347738,9.42952626,7.6208481
1926,-8.91347738,9.42952626,7.79741772
1927,-10.15779858,9.37941596,7.97398734
1928,-10.15779858,9.37941596,8.15055696
1929,-9.53561411,9.40387842,7.97398734
1930,-9.53561411,9.40387842,8.15055696
1931,-8.91347738,9.42952626,7.97398734
1932,-8.91347738,9.42952626,8.15055696
1933,-11.72476962,8.50930442,8.85309275
1934,-11.66683244,8.67400222,8.85384129
1935,-11.08417556,8.53137604,8.85309275
1936,-11.59222543,8.83927725,8.85458982
1937,-11.51769868,9.00456918,8.85533836
1938,-11.02656071,8.69618688,8.85384129
1939,-10.50098163,8.38978758,8.85234421
1940,-10.44362591,8.55470089,8.85309275
1941,-10.95227719,8.86160755,8.85458982
1942,-10.89479756,9.02644137,8.85533836
1943,-10.38633361,8.71962413,8.85384129
1944,-10.32910472,8.88455728,8.85458982
1945,-11.40230169,9.3340475,8.32712658
1946,-11.40230169,9.3340475,8.5036962
1947,-10.78002852,9.35613896,8.32712658
1948,-10.78002852,9.35613896,8.5036962
1949,-11.40230169,9.3340475,8.68026582
1950,-11.45996849,9.16930329,8.8560869
1951,-11.40230169,9.3340475,8.85683544
1952,-10.78002852,9.35613896,8.68026582
1953,-10.83738134,9.19128518,8.8560869
1954,-10.78002852,9.35613896,8.85683544
1955,-9.84340118,8.41491019,8.85234421
1956,-9.78637665,8.57993832,8.85309275
1957,-10.27193925,9.04950031,8.85533836
1958,-9.74615359,8.74431388,8.85384129
1959,-9.68924749,8.90935867,8.85458982
1960,-9.18587248,8.44135288,8.85234421
1961,-9.14592449,8.60580209,8.85309275
1962,-9.10602309,8.77025604,8.85384129
1963,-9.04943999,8.93541184,8.85458982
1964,-10.15779858,9.37941596,8.32712658
1965,-10.15779858,9.37941596,8.5036962
1966,-9.53561411,9.40387842,8.32712658
1967,-9.53561411,9.40387842,8.5036962
1968,-8.91347738,9.42952626,8.32712658
1969,-8.91347738,9.42952626,8.5036962
1970,-10.15779858,9.37941596,8.68026582
1971,-10.2148372,9.21445321,8.8560869
1972,-10.15779858,9.37941596,8.85683544
1973,-9.63240482,9.07441323,8.85533836
1974,-9.5756256,9.23947753,8.8560869
1975,-9.53561411,9.40387842,8.68026582
1976,-9.53561411,9.40387842,8.85683544
1977,-8.99292035,9.10057729,8.85533836
1978,-8.95317557,9.26504943,8.8560869
1979,-8.91347738,9.42952626,8.68026582
1980,-8.91347738,9.42952626,8.85683544
1981,-7.90448233,8.49668409,7.6473369
1982,-7.86517811,8.66128835,7.5222315
1983,-7.90448233,8.49668409,7.82759932
1984,-7.86517811,8.66128835,7.70249391
1985,-7.82592049,8.82589716,7.57738851
1986,-7.78670949,8.99051051,7.63424221
1987,-7.82592049,8.82589716,7.75765093
1988,-7.78670949,8.99051051,7.81450463
1989,-7.90448233,8.49668409,8.01155453
1990,-7.86517811,8.66128835,7.88275633
1991,-7.90448233,8.49668409,8.19550974
1992,-7.86517811,8.66128835,8.06671154
1993,-7.86517811,8.66128835,8.24697395
1994,-7.82592049,8.82589716,7.93791334
1995,-7.78670949,8.99051051,7.99107425
1996,-7.82592049,8.82589716,8.11817575
1997,-7.78670949,8.99051051,8.17133666
1998,-8.29139064,9.45635938,7.6208481
1999,-8.29139064,9.45635938,7.79741772
2000,-7.7475451,9.15512838,7.5108335
2001,-7.70842732,9.31975078,7.5676872
2002,-7.7475451,9.15512838,7.69109591
2003,-7.7475451,9.15512838,7.86766553
2004,-7.70842732,9.31975078,7.74425682
2005,-7.66935616,9.48437768,7.6208481
2006,-7.66935616,9.48437768,7.79741772
2007,-8.29139064,9.45635938,7.97398734
2008,-8.29139064,9.45635938,8.15055696
2009,-7.7475451,9.15512838,8.04423515
2010,-7.70842732,9.31975078,7.92082644
2011,-7.7475451,9.15512838,8.22449757
2012,-7.70842732,9.31975078,8.09739606
2013,-7.66935616,9.48437768,7.97398734
2014,-7.66935616,9.48437768,8.15055696
2015,-7.90448233,8.49668409,8.37577215
2016,-7.86517811,8.66128835,8.42723637
2017,-7.90448233,8.49668409,8.55603457
2018,-7.90448233,8.49668409,8.60575219
2019,-7.86517811,8.66128835,8.60749878
2020,-7.82592049,8.82589716,8.29843817
2021,-7.78670949,8.99051051,8.35159907
2022,-7.82592049,8.82589716,8.47870058
2023,-7.78670949,8.99051051,8.53186149
2024,-8.54515035,8.46839176,8.85234421
2025,-8.50552416,8.63291881,8.85309275
2026,-8.46594458,8.7974505,8.85384129
2027,-8.4096847,8.96271669,8.85458982
2028,-7.90448233,8.49668409,8.65546981
2029,-7.90448233,8.49668409,8.70418939
2030,-7.90448233,8.49668409,8.75290896
2031,-7.90448233,8.49668409,8.80262658
2032,-7.86517811,8.66128835,8.65721641
2033,-7.86517811,8.66128835,8.70593598
2034,-7.86517811,8.66128835,8.75465555
2035,-7.86517811,8.66128835,8.80337512
2036,-7.90448233,8.49668409,8.85234421
2037,-7.86517811,8.66128835,8.85309275
2038,-7.82592049,8.82589716,8.658963
2039,-7.82592049,8.82589716,8.70768257
2040,-7.82592049,8.82589716,8.75640214
2041,-7.82592049,8.82589716,8.80512171
2042,-7.78670949,8.99051051,8.70843111
2043,-7.78670949,8.99051051,8.75715068
2044,-7.78670949,8.99051051,8.80587025
2045,-7.82592049,8.82589716,8.85384129
2046,-7.78670949,8.99051051,8.85458982
2047,-8.29139064,9.45635938,8.32712658
2048,-8.29139064,9.45635938,8.5036962
2049,-7.7475451,9.15512838,8.40475998
2050,-7.70842732,9.31975078,8.27765847
2051,-7.7475451,9.15512838,8.5813296
2052,-7.70842732,9.31975078,8.45422809
2053,-7.66935616,9.48437768,8.32712658
2054,-7.66935616,9.48437768,8.5036962
2055,-8.37020674,9.12725965,8.85533836
2056,-8.33077539,9.29180721,8.8560869
2057,-8.29139064,9.45635938,8.68026582
2058,-8.29139064,9.45635938,8.85683544
2059,-7.7475451,9.15512838,8.75789922
2060,-7.7475451,9.15512838,8.80661879
2061,-7.70842732,9.31975078,8.63079771
2062,-7.70842732,9.31975078,8.80736733
2063,-7.7475451,9.15512838,8.85533836
2064,-7.70842732,9.31975078,8.8560869
2065,-7.66935616,9.48437768,8.68026582
2066,-7.66935616,9.48437768,8.85683544
2067,-5.28780437,5.59555575,8.19210686
2068,-5.82244327,6.25190038,8.20782619
2069,-4.56200984,6.31878559,8.20782619
2070,-5.097132,6.97394905,8.22354552
2071,-3.89308127,5.67196202,8.19210686
2072,-3.17034692,6.39824995,8.20782619
2073,-5.63023052,7.62997562,8.23926485
2074,-3.8394645,7.04360209,8.22354552
2075,-4.37506733,7.69758565,8.23926485
2076,-3.1201718,7.76999408,8.23926485
2077,-5.63023052,7.62997562,8.28998053
2078,-5.63023052,7.62997562,8.3406962
2079,-5.63023052,7.62997562,8.39141188
2080,-5.63023052,7.62997562,8.44212756
2081,-5.63023052,7.62997562,8.49284323
2082,-5.63023052,7.62997562,8.54355891
2083,-5.63023052,7.62997562,8.59427459
2084,-5.63023052,7.62997562,8.64499026
2085,-5.63023052,7.62997562,8.69570594
2086,-5.63023052,7.62997562,8.74642162
2087,-5.63023052,7.62997562,8.79713729
2088,-5.63023052,7.62997562,8.84785297
2089,-4.37506733,7.69758565,8.28998053
2090,-4.37506733,7.69758565,8.3406962
2091,-4.37506733,7.69758565,8.39141188
2092,-4.37506733,7.69758565,8.44212756
2093,-4.37506733,7.69758565,8.49284323
2094,-4.37506733,7.69758565,8.54355891
2095,-4.37506733,7.69758565,8.59427459
2096,-3.1201718,7.76999408,8.28998053
2097,-3.1201718,7.76999408,8.3406962
2098,-3.1201718,7.76999408,8.39141188
2099,-3.1201718,7.76999408,8.44212756
2100,-3.1201718,7.76999408,8.49284323
2101,-3.1201718,7.76999408,8.54355891
2102,-3.1201718,7.76999408,8.59427459
2103,-4.37506733,7.69758565,8.64499026
2104,-4.37506733,7.69758565,8.69570594
2105,-4.37506733,7.69758565,8.74642162
2106,-4.37506733,7.69758565,8.79713729
2107,-4.37506733,7.69758565,8.84785297
2108,-3.1201718,7.76999408,8.64499026
2109,-3.1201718,7.76999408,8.69570594
2110,-3.1201718,7.76999408,8.74642162
2111,-3.1201718,7.76999408,8.79713729
2112,-3.1201718,7.76999408,8.84785297
2113,-2.49869321,5.75425657,8.19210686
2114,-1.77903192,6.48358964,8.20782619
2115,-1.10466506,5.84243794,8.19210686
2116,-0.51951388,6.56593242,8.20782619
2117,-2.45086842,7.1261108,8.22354552
2118,-1.86556229,7.84719985,8.23926485
2119,-1.19380203,7.20588024,8.22354552
2120,-0.61125712,7.92920183,8.23926485
2121,-1.86556229,7.84719985,8.28998053
2122,-1.86556229,7.84719985,8.3406962
2123,-1.86556229,7.84719985,8.39141188
2124,-1.86556229,7.84719985,8.44212756
2125,-1.86556229,7.84719985,8.49284323
2126,-1.86556229,7.84719985,8.54355891
2127,-1.86556229,7.84719985,8.59427459
2128,-1.86556229,7.84719985,8.64499026
2129,-1.86556229,7.84719985,8.69570594
2130,-1.86556229,7.84719985,8.74642162
2131,-1.86556229,7.84719985,8.79713729
2132,-1.86556229,7.84719985,8.84785297
2133,-0.61125712,7.92920183,8.28998053
2134,-0.61125712,7.92920183,8.3406962
2135,-0.61125712,7.92920183,8.39141188
2136,-0.61125712,7.92920183,8.44212756
2137,-0.61125712,7.92920183,8.49284323
2138,-0.61125712,7.92920183,8.54355891
2139,-0.61125712,7.92920183,8.59427459
2140,-0.61125712,7.92920183,8.64499026
2141,-0.61125712,7.92920183,8.69570594
2142,-0.61125712,7.92920183,8.74642162
2143,-0.61125712,7.92920183,8.79713729
2144,-0.61125712,7.92920183,8.84785297
2145,-11.61950622,7.37356981,9.06085881
2146,-11.71614294,7.37032929,9.27386465
2147,-10.9430764,7.39704924,9.06085881
2148,-11.03970625,7.39360978,9.27386465
2149,-10.36331893,7.41828281,9.27386465
2150,-11.13633711,7.39019873,9.4868705
2151,-11.23296897,7.38681611,9.69987634
2152,-10.45994256,7.41467283,9.4868705
2153,-10.26669636,7.4219212,9.06085881
2154,-9.59036896,7.44818557,9.06085881
2155,-9.68698383,7.44434827,9.27386465
2156,-8.91409706,7.47584226,9.06085881
2157,-10.74981976,7.40401342,10.33889387
2158,-9.20392089,7.46381891,9.91288218
2159,-9.97683515,7.43300686,10.12588802
2160,-8.43108127,7.4964494,9.69987634
2161,-7.65832056,7.53089815,9.4868705
2162,-6.88564304,7.56716497,9.27386465
2163,-6.11305299,7.60524965,9.06085881
2164,-7.9480963,7.51776681,10.33889387
2165,-6.40276373,7.59075488,9.91288218
2166,-7.17538709,7.55335187,10.12588802
2167,-10.67916061,6.72295652,11.45359615
2168,-9.54106977,6.08271272,11.50326923
2169,-11.52287045,7.37683875,10.55189971
2170,-11.03970625,7.39360978,11.19091723
2171,-9.49375522,7.45205129,10.76490555
2172,-10.26669636,7.4219212,10.97791139
2173,-9.01070382,7.47180606,11.40392308
2174,-7.87163109,6.83733732,11.45359615
2175,-6.43462678,6.22115795,11.50326923
2176,-8.72088711,7.48399988,10.55189971
2177,-8.23788352,7.50489114,11.19091723
2178,-7.46514321,7.53979442,10.97791139
2179,-6.69248716,7.57651572,10.76490555
2180,-5.91991964,7.61505484,10.55189971
2181,-6.20962181,7.60038966,11.40392308
2182,-4.85779173,7.67101388,9.06085881
2183,-5.63023052,7.62997562,9.69987634
2184,-4.85779173,7.67101388,9.4868705
2185,-4.08545163,7.71386944,9.27386465
2186,-3.60279108,7.7415769,9.06085881
2187,-5.14744494,7.65541156,10.33889387
2188,-3.60279108,7.7415769,9.91288218
2189,-4.37506733,7.69758565,10.12588802
2190,-2.34806939,7.81693766,9.06085881
2191,-2.83062047,7.78738504,9.27386465
2192,-1.57607957,7.86569773,9.27386465
2193,-2.83062047,7.78738504,9.69987634
2194,-2.05855978,7.83500983,9.4868705
2195,-1.093645,7.89709508,9.06085881
2196,-0.32184725,7.94880635,9.27386465
2197,-0.80420661,7.91627401,9.4868705
2198,-0.03245478,7.96866622,9.69987634
2199,-2.34806939,7.81693766,10.33889387
2200,-1.57607957,7.86569773,10.12588802
2201,-0.80420661,7.91627401,9.91288218
2202,-4.9920983,5.61126187,11.55294231
2203,-3.32962558,6.38885632,11.50326923
2204,-5.43711181,7.6400648,11.19091723
2205,-4.66469728,7.68155741,10.97791139
2206,-3.89238252,7.72486725,10.76490555
2207,-3.1201718,7.76999408,10.55189971
2208,-4.77236988,6.99147335,11.45359615
2209,-3.40973836,7.75285861,11.40392308
2210,-1.88141655,5.79257432,11.55294231
2211,-0.51951388,6.56593242,11.50326923
2212,-2.63759483,7.79912094,11.19091723
2213,-1.86556229,7.84719985,10.97791139
2214,-1.093645,7.89709508,10.76490555
2215,-0.32184725,7.94880635,10.55189971
2216,-1.96734534,7.15622257,11.45359615
2217,-0.61125712,7.92920183,11.40392308
2218,10.10628793,-11.16090938,0.0
2219,21.03711129,-11.16090938,0.0
2220,21.57119175,-3.21051443,6.0
2221,21.4617468,-2.37178747,6.0
2222,21.35230186,-1.53306051,6.0
2223,21.24285691,-0.69433355,6.0
2224,0.48966186,-8.43003107,8.05063291
2225,1.35404881,-8.37077098,8.05063291
2226,1.35404881,-8.37077098,8.11392405
2227,0.48966186,-8.43003107,8.37974684
2228,1.35404881,-8.37077098,8.44303797
2229,0.48966186,-8.43003107,8.70886076
2230,1.35404881,-8.37077098,8.7721519
2231,0.44379024,-7.74839636,8.05063291
2232,1.30646631,-7.68925356,8.05063291
2233,0.39791862,-7.06676166,8.05063291
2234,1.25888382,-7.00773615,8.05063291
2235,2.21828427,-8.30934132,8.05063291
2236,2.21828427,-8.30934132,8.11392405
2237,2.21828427,-8.30934132,8.17721519
2238,2.16899121,-7.62794549,8.05063291
2239,0.44379024,-7.74839636,8.37974684
2240,0.44379024,-7.74839636,8.70886076
2241,0.39791862,-7.06676166,8.37974684
2242,0.39791862,-7.06676166,8.70886076
2243,2.21828427,-8.30934132,8.50632911
2244,2.21828427,-8.30934132,8.83544304
2245,0.35204699,-6.38512696,8.05063291
2246,1.21130133,-6.32621874,8.05063291
2247,0.30617537,-5.70349225,8.05063291
2248,1.16371883,-5.64470133,8.05063291
2249,2.11969815,-6.94654967,8.05063291
2250,2.07040509,-6.26515385,8.05063291
2251,2.02111202,-5.58375802,8.05063291
2252,2.92935286,-6.20193265,8.05063291
2253,0.35204699,-6.38512696,8.37974684
2254,0.35204699,-6.38512696,8.70886076
2255,0.30617537,-5.70349225,8.37974684
2256,0.30617537,-5.70349225,8.70886076
2257,3.08236282,-8.24574248,8.05063291
2258,3.08236282,-8.24574248,8.11392405
2259,3.08236282,-8.24574248,8.17721519
2260,3.08236282,-8.24574248,8.24050633
2261,3.946279,-8.17997487,8.05063291
2262,3.946279,-8.17997487,8.11392405
2263,3.946279,-8.17997487,8.17721519
2264,3.946279,-8.17997487,8.24050633
2265,3.0313595,-7.56447254,8.05063291
2266,3.89356574,-7.4988351,8.05063291
2267,4.81002737,-8.1120389,8.05063291
2268,4.81002737,-8.1120389,8.11392405
2269,4.81002737,-8.1120389,8.17721519
2270,4.81002737,-8.1120389,8.24050633
2271,5.67360249,-8.04193499,8.05063291
2272,5.67360249,-8.04193499,8.11392405
2273,5.67360249,-8.04193499,8.17721519
2274,5.67360249,-8.04193499,8.24050633
2275,4.75560451,-7.4310336,8.05063291
2276,5.61747036,-7.36106844,8.05063291
2277,3.08236282,-8.24574248,8.56962025
2278,3.946279,-8.17997487,8.30379747
2279,3.08236282,-8.24574248,8.89873418
2280,3.946279,-8.17997487,8.63291139
2281,3.946279,-8.17997487,8.96202532
2282,4.81002737,-8.1120389,8.30379747
2283,4.81002737,-8.1120389,8.36708861
2284,5.67360249,-8.04193499,8.30379747
2285,5.67360249,-8.04193499,8.36708861
2286,5.67360249,-8.04193499,8.43037975
2287,4.81002737,-8.1120389,8.69620253
2288,5.67360249,-8.04193499,8.75949367
2289,2.98035618,-6.8832026,8.05063291
2290,3.84085248,-6.81769533,8.05063291
2291,3.78813922,-6.13655556,8.05063291
2292,4.70118164,-6.75002829,8.05063291
2293,5.56133824,-6.68020189,8.05063291
2294,4.64675878,-6.06902298,8.05063291
2295,5.50520611,-5.99933534,8.05063291
2296,10.10628793,-11.16090938,6.0
2297,11.04076713,-9.51850764,6.0
2298,11.04076713,-9.51850764,6.23417722
2299,11.0249624,-9.35661623,6.17088608
2300,11.00915766,-9.19472481,6.34177215
2301,11.04076713,-9.51850764,6.46835443
2302,11.04076713,-9.51850764,6.70253165
2303,11.0249624,-9.35661623,6.40506329
2304,11.0249624,-9.35661623,6.63924051
2305,11.00915766,-9.19472481,6.57594937
2306,10.94277777,-8.51478085,6.17088608
2307,10.99335292,-9.03283339,6.51265823
2308,10.99335292,-9.03283339,6.74683544
2309,10.97754819,-8.87094197,6.6835443
2310,11.04076713,-9.51850764,6.93670886
2311,11.0249624,-9.35661623,6.87341772
2312,11.00915766,-9.19472481,6.81012658
2313,11.0249624,-9.35661623,7.10759494
2314,11.00915766,-9.19472481,7.0443038
2315,11.04076713,-9.51850764,7.17088608
2316,11.04076713,-9.51850764,7.40506329
2317,11.00915766,-9.19472481,7.27848101
2318,11.0249624,-9.35661623,7.34177215
2319,10.97754819,-8.87094197,6.91772152
2320,10.99335292,-9.03283339,6.98101266
2321,10.96174345,-8.70905055,6.85443038
2322,10.94593871,-8.54715913,7.02531646
2323,10.96174345,-8.70905055,7.08860759
2324,10.99335292,-9.03283339,7.21518987
2325,10.97754819,-8.87094197,7.15189873
2326,10.99335292,-9.03283339,7.44936709
2327,10.97754819,-8.87094197,7.38607595
2328,10.94593871,-8.54715913,7.25949367
2329,10.93013398,-8.38526771,7.19620253
2330,10.96174345,-8.70905055,7.32278481
2331,10.94593871,-8.54715913,7.49367089
2332,10.93013398,-8.38526771,7.43037975
2333,11.04076713,-9.51850764,7.63924051
2334,11.04076713,-9.51850764,7.87341772
2335,11.0249624,-9.35661623,7.57594937
2336,11.00915766,-9.19472481,7.51265823
2337,11.0249624,-9.35661623,7.81012658
2338,11.00915766,-9.19472481,7.74683544
2339,11.04076713,-9.51850764,8.10759494
2340,11.0249624,-9.35661623,8.0443038
2341,11.00915766,-9.19472481,7.98101266
2342,11.00915766,-9.19472481,8.21518987
2343,10.99335292,-9.03283339,7.6835443
2344,10.97754819,-8.87094197,7.62025316
2345,10.97754819,-8.87094197,7.85443038
2346,10.96174345,-8.70905055,7.55696203
2347,10.93013398,-8.38526771,7.66455696
2348,10.94593871,-8.54715913,7.7278481
2349,10.96174345,-8.70905055,7.79113924
2350,10.99335292,-9.03283339,7.91772152
2351,10.99335292,-9.03283339,8.15189873
2352,10.97754819,-8.87094197,8.08860759
2353,10.94593871,-8.54715913,7.96202532
2354,10.96174345,-8.70905055,8.02531646
2355,10.93013398,-8.38526771,7.89873418
2356,10.94593871,-8.54715913,8.19620253
2357,10.93013398,-8.38526771,8.13291139
2358,11.04076713,-9.51850764,8.34177215
2359,11.04076713,-9.51850764,8.57594937
2360,11.0249624,-9.35661623,8.27848101
2361,11.0249624,-9.35661623,8.51265823
2362,11.00915766,-9.19472481,8.44936709
2363,11.04076713,-9.51850764,8.81012658
2364,11.0249624,-9.35661623,8.74683544
2365,11.0249624,-9.35661623,8.81012658
2366,11.00915766,-9.19472481,8.6835443
2367,11.00915766,-9.19472481,8.74683544
2368,11.00915766,-9.19472481,8.81012658
2369,10.99335292,-9.03283339,8.38607595
2370,10.97754819,-8.87094197,8.32278481
2371,10.99335292,-9.03283339,8.62025316
2372,10.97754819,-8.87094197,8.55696203
2373,10.97754819,-8.87094197,8.62025316
2374,10.96174345,-8.70905055,8.25949367
2375,10.94593871,-8.54715913,8.43037975
2376,10.93013398,-8.38526771,8.36708861
2377,10.93013398,-8.38526771,8.43037975
2378,10.96174345,-8.70905055,8.49367089
2379,10.94593871,-8.54715913,8.49367089
2380,10.96174345,-8.70905055,8.55696203
2381,10.96174345,-8.70905055,8.62025316
2382,10.94593871,-8.54715913,8.55696203
2383,10.94593871,-8.54715913,8.62025316
2384,10.93013398,-8.38526771,8.49367089
2385,10.93013398,-8.38526771,8.55696203
2386,10.93013398,-8.38526771,8.62025316
2387,10.99335292,-9.03283339,8.6835443
2388,10.99335292,-9.03283339,8.74683544
2389,10.99335292,-9.03283339,8.81012658
2390,10.97754819,-8.87094197,8.6835443
2391,10.97754819,-8.87094197,8.74683544
2392,10.97754819,-8.87094197,8.81012658
2393,10.96174345,-8.70905055,8.6835443
2394,10.94593871,-8.54715913,8.6835443
2395,10.96174345,-8.70905055,8.74683544
2396,10.96174345,-8.70905055,8.81012658
2397,10.94593871,-8.54715913,8.74683544
2398,10.94593871,-8.54715913,8.81012658
2399,10.93013398,-8.38526771,8.6835443
2400,10.93013398,-8.38526771,8.74683544
2401,10.93013398,-8.38526771,8.81012658
2402,10.92697303,-8.35288943,6.34177215
2403,10.91116829,-8.19099801,6.51265823
2404,10.89536355,-8.02910659,6.6835443
2405,10.86059313,-7.67294547,6.17088608
2406,10.8447884,-7.51105406,6.34177215
2407,10.82898366,-7.34916264,6.51265823
2408,10.81317892,-7.18727122,6.6835443
2409,10.87955882,-7.86721518,6.85443038
2410,10.86375408,-7.70532376,7.02531646
2411,10.91432924,-8.2233763,7.36708861
2412,10.79737419,-7.0253798,6.85443038
2413,10.84794934,-7.54343234,7.19620253
2414,10.83214461,-7.38154092,7.36708861
2415,10.7784085,-6.8311101,6.17088608
2416,10.76260377,-6.66921868,6.34177215
2417,10.74679903,-6.50732726,6.51265823
2418,10.73099429,-6.34543584,6.6835443
2419,10.69622387,-5.98927472,6.17088608
2420,10.68041913,-5.8273833,6.34177215
2421,10.6646144,-5.66549189,6.51265823
2422,10.78156945,-6.86348838,7.02531646
2423,10.76576471,-6.70159696,7.19620253
2424,10.74995998,-6.53970555,7.36708861
2425,10.71518955,-6.18354442,6.85443038
2426,10.69938482,-6.02165301,7.02531646
2427,10.68358008,-5.85976159,7.19620253
2428,10.66777534,-5.69787017,7.36708861
2429,6.53699892,-7.96966359,8.05063291
2430,6.53699892,-7.96966359,8.11392405
2431,6.53699892,-7.96966359,8.17721519
2432,6.53699892,-7.96966359,8.24050633
2433,6.47915788,-7.28894009,8.05063291
2434,7.34066163,-7.21464899,8.05063291
2435,7.40021121,-7.89522516,8.05063291
2436,7.40021121,-7.89522516,8.11392405
2437,7.40021121,-7.89522516,8.17721519
2438,7.40021121,-7.89522516,8.24050633
2439,8.26323393,-7.81862015,8.05063291
2440,8.26323393,-7.81862015,8.11392405
2441,8.26323393,-7.81862015,8.17721519
2442,8.26323393,-7.81862015,8.24050633
2443,8.20197618,-7.13819561,8.05063291
2444,6.53699892,-7.96966359,8.30379747
2445,6.53699892,-7.96966359,8.36708861
2446,6.53699892,-7.96966359,8.43037975
2447,6.53699892,-7.96966359,8.49367089
2448,6.53699892,-7.96966359,8.82278481
2449,7.40021121,-7.89522516,8.30379747
2450,7.40021121,-7.89522516,8.36708861
2451,7.40021121,-7.89522516,8.43037975
2452,7.40021121,-7.89522516,8.49367089
2453,7.40021121,-7.89522516,8.55696203
2454,8.26323393,-7.81862015,8.30379747
2455,8.26323393,-7.81862015,8.36708861
2456,8.26323393,-7.81862015,8.43037975
2457,8.26323393,-7.81862015,8.49367089
2458,8.26323393,-7.81862015,8.55696203
2459,8.26323393,-7.81862015,8.62025316
2460,7.40021121,-7.89522516,8.88607595
2461,8.26323393,-7.81862015,8.94936709
2462,6.42131685,-6.60821658,8.05063291
2463,7.28111205,-6.53407282,8.05063291
2464,6.36347581,-5.92749308,8.05063291
2465,7.22156247,-5.85349665,8.05063291
2466,8.14071844,-6.45777106,8.05063291
2467,8.07946069,-5.77734651,8.05063291
2468,9.12606164,-7.73984906,8.05063291
2469,9.12606164,-7.73984906,8.11392405
2470,9.12606164,-7.73984906,8.17721519
2471,9.12606164,-7.73984906,8.24050633
2472,9.06309611,-7.05958043,8.05063291
2473,9.98868891,-7.65891238,8.05063291
2474,9.98868891,-7.65891238,8.11392405
2475,9.98868891,-7.65891238,8.17721519
2476,9.98868891,-7.65891238,8.24050633
2477,9.92401599,-6.97880394,8.05063291
2478,10.91432924,-8.2233763,7.60126582
2479,10.8985245,-8.06148488,7.53797468
2480,10.91432924,-8.2233763,7.83544304
2481,10.8985245,-8.06148488,7.7721519
2482,10.88271977,-7.89959346,7.70886076
2483,10.8985245,-8.06148488,8.00632911
2484,10.91432924,-8.2233763,8.06962025
2485,10.8985245,-8.06148488,8.24050633
2486,10.88271977,-7.89959346,7.94303797
2487,10.86691503,-7.73770204,7.87974684
2488,10.88271977,-7.89959346,8.17721519
2489,10.88271977,-7.89959346,8.24050633
2490,10.86691503,-7.73770204,8.11392405
2491,10.86691503,-7.73770204,8.17721519
2492,10.86691503,-7.73770204,8.24050633
2493,10.81633987,-7.2196495,7.53797468
2494,10.80053513,-7.05775808,7.70886076
2495,10.85111029,-7.57581062,8.05063291
2496,10.85111029,-7.57581062,8.11392405
2497,10.85111029,-7.57581062,8.17721519
2498,10.85111029,-7.57581062,8.24050633
2499,9.12606164,-7.73984906,8.30379747
2500,9.12606164,-7.73984906,8.36708861
2501,9.12606164,-7.73984906,8.43037975
2502,9.12606164,-7.73984906,8.49367089
2503,9.12606164,-7.73984906,8.55696203
2504,9.12606164,-7.73984906,8.62025316
2505,9.12606164,-7.73984906,8.6835443
2506,9.98868891,-7.65891238,8.30379747
2507,9.98868891,-7.65891238,8.36708861
2508,9.98868891,-7.65891238,8.43037975
2509,9.98868891,-7.65891238,8.49367089
2510,9.98868891,-7.65891238,8.55696203
2511,9.98868891,-7.65891238,8.62025316
2512,9.98868891,-7.65891238,8.6835443
2513,9.98868891,-7.65891238,8.74683544
2514,10.91432924,-8.2233763,8.30379747
2515,10.91432924,-8.2233763,8.36708861
2516,10.91432924,-8.2233763,8.43037975
2517,10.8985245,-8.06148488,8.30379747
2518,10.8985245,-8.06148488,8.36708861
2519,10.8985245,-8.06148488,8.43037975
2520,10.91432924,-8.2233763,8.49367089
2521,10.91432924,-8.2233763,8.55696203
2522,10.91432924,-8.2233763,8.62025316
2523,10.8985245,-8.06148488,8.49367089
2524,10.8985245,-8.06148488,8.55696203
2525,10.8985245,-8.06148488,8.62025316
2526,10.88271977,-7.89959346,8.30379747
2527,10.88271977,-7.89959346,8.36708861
2528,10.88271977,-7.89959346,8.43037975
2529,10.86691503,-7.73770204,8.30379747
2530,10.86691503,-7.73770204,8.36708861
2531,10.86691503,-7.73770204,8.43037975
2532,10.88271977,-7.89959346,8.49367089
2533,10.88271977,-7.89959346,8.55696203
2534,10.88271977,-7.89959346,8.62025316
2535,10.86691503,-7.73770204,8.49367089
2536,10.86691503,-7.73770204,8.55696203
2537,10.86691503,-7.73770204,8.62025316
2538,10.91432924,-8.2233763,8.6835443
2539,10.91432924,-8.2233763,8.74683544
2540,10.91432924,-8.2233763,8.81012658
2541,10.8985245,-8.06148488,8.6835443
2542,10.8985245,-8.06148488,8.74683544
2543,10.8985245,-8.06148488,8.81012658
2544,10.88271977,-7.89959346,8.6835443
2545,10.88271977,-7.89959346,8.74683544
2546,10.88271977,-7.89959346,8.81012658
2547,10.86691503,-7.73770204,8.6835443
2548,10.86691503,-7.73770204,8.74683544
2549,10.86691503,-7.73770204,8.81012658
2550,10.85111029,-7.57581062,8.30379747
2551,10.85111029,-7.57581062,8.36708861
2552,10.85111029,-7.57581062,8.43037975
2553,10.85111029,-7.57581062,8.49367089
2554,10.85111029,-7.57581062,8.55696203
2555,10.85111029,-7.57581062,8.62025316
2556,10.85111029,-7.57581062,8.6835443
2557,10.85111029,-7.57581062,8.74683544
2558,10.85111029,-7.57581062,8.81012658
2559,11.7796353,-7.48389572,8.81012658
2560,9.00013058,-6.37931179,8.05063291
2561,9.79467016,-5.61858706,8.05063291
2562,10.73415524,-6.37781413,7.53797468
2563,10.7847304,-6.89586667,7.87974684
2564,10.7183505,-6.21592271,7.70886076
2565,10.7183505,-6.21592271,8.05063291
2566,0.48966186,-8.43003107,9.03797468
2567,0.48966186,-8.43003107,9.36708861
2568,1.35404881,-8.37077098,9.10126582
2569,0.48966186,-8.43003107,9.69620253
2570,1.35404881,-8.37077098,9.43037975
2571,0.48966186,-8.43003107,10.02531646
2572,1.35404881,-8.37077098,9.75949367
2573,1.35404881,-8.37077098,10.08860759
2574,0.48966186,-8.43003107,10.35443038
2575,1.35404881,-8.37077098,10.41772152
2576,0.48966186,-8.43003107,10.6835443
2577,1.35404881,-8.37077098,10.74683544
2578,0.48966186,-8.43003107,11.01265823
2579,1.35404881,-8.37077098,11.07594937
2580,0.48966186,-8.43003107,11.34177215
2581,1.35404881,-8.37077098,11.40506329
2582,0.48966186,-8.43003107,11.67088608
2583,0.48966186,-8.43003107,12.0
2584,1.35404881,-8.37077098,11.73417722
2585,0.44379024,-7.74839636,9.03797468
2586,0.44379024,-7.74839636,9.36708861
2587,0.44379024,-7.74839636,9.69620253
2588,0.39791862,-7.06676166,9.03797468
2589,0.39791862,-7.06676166,9.36708861
2590,0.39791862,-7.06676166,9.69620253
2591,2.21828427,-8.30934132,9.16455696
2592,2.21828427,-8.30934132,9.49367089
2593,0.44379024,-7.74839636,10.02531646
2594,0.44379024,-7.74839636,10.35443038
2595,0.39791862,-7.06676166,10.02531646
2596,0.39791862,-7.06676166,10.35443038
2597,2.21828427,-8.30934132,9.82278481
2598,2.21828427,-8.30934132,10.15189873
2599,2.21828427,-8.30934132,10.48101266
2600,0.35204699,-6.38512696,9.03797468
2601,0.35204699,-6.38512696,9.36708861
2602,0.35204699,-6.38512696,9.69620253
2603,0.30617537,-5.70349225,9.03797468
2604,0.30617537,-5.70349225,9.36708861
2605,0.30617537,-5.70349225,9.69620253
2606,0.35204699,-6.38512696,10.02531646
2607,0.35204699,-6.38512696,10.35443038
2608,0.30617537,-5.70349225,10.02531646
2609,0.30617537,-5.70349225,10.35443038
2610,3.08236282,-8.24574248,9.2278481
2611,3.946279,-8.17997487,9.29113924
2612,3.08236282,-8.24574248,9.55696203
2613,3.946279,-8.17997487,9.62025316
2614,4.81002737,-8.1120389,9.02531646
2615,4.81002737,-8.1120389,9.35443038
2616,5.67360249,-8.04193499,9.08860759
2617,4.81002737,-8.1120389,9.6835443
2618,5.67360249,-8.04193499,9.41772152
2619,5.67360249,-8.04193499,9.74683544
2620,3.08236282,-8.24574248,9.88607595
2621,3.946279,-8.17997487,9.94936709
2622,3.08236282,-8.24574248,10.21518987
2623,3.946279,-8.17997487,10.27848101
2624,4.81002737,-8.1120389,10.01265823
2625,5.67360249,-8.04193499,10.07594937
2626,4.81002737,-8.1120389,10.34177215
2627,5.67360249,-8.04193499,10.40506329
2628,0.44379024,-7.74839636,10.6835443
2629,0.44379024,-7.74839636,11.01265823
2630,0.39791862,-7.06676166,10.6835443
2631,0.39791862,-7.06676166,11.01265823
2632,2.21828427,-8.30934132,10.81012658
2633,2.21828427,-8.30934132,11.13924051
2634,0.44379024,-7.74839636,11.34177215
2635,0.44379024,-7.74839636,11.67088608
2636,0.44379024,-7.74839636,12.0
2637,0.39791862,-7.06676166,11.34177215
2638,0.39791862,-7.06676166,11.67088608
2639,0.39791862,-7.06676166,12.0
2640,2.21828427,-8.30934132,11.46835443
2641,2.41770114,-8.29485718,12.0
2642,2.36801338,-7.61349002,12.0
2643,0.35204699,-6.38512696,10.6835443
2644,0.35204699,-6.38512696,11.01265823
2645,0.30617537,-5.70349225,10.6835443
2646,0.30617537,-5.70349225,11.01265823
2647,0.35204699,-6.38512696,11.34177215
2648,0.35204699,-6.38512696,11.67088608
2649,0.35204699,-6.38512696,12.0
2650,0.30617537,-5.70349225,11.34177215
2651,0.30617537,-5.70349225,11.67088608
2652,0.30617537,-5.70349225,12.0
2653,2.31832561,-6.93212287,12.0
2654,2.26863784,-6.25075571,12.0
2655,3.08236282,-8.24574248,10.5443038
2656,3.08236282,-8.24574248,10.87341772
2657,3.946279,-8.17997487,10.60759494
2658,3.08236282,-8.24574248,11.20253165
2659,3.946279,-8.17997487,10.93670886
2660,4.81002737,-8.1120389,10.67088608
2661,5.00932951,-8.09605348,11.20253165
2662,5.87286388,-8.02544934,10.93670886
2663,4.14562064,-8.16448979,11.46835443
2664,3.2817427,-8.23075782,11.73417722
2665,4.34495328,-8.14888923,12.0
2666,4.29145093,-7.46781098,12.0
2667,5.20862236,-8.07995261,11.73417722
2668,4.23794858,-6.78673274,12.0
2669,4.18444623,-6.10565449,12.0
2670,6.53699892,-7.96966359,9.15189873
2671,6.53699892,-7.96966359,9.48101266
2672,7.40021121,-7.89522516,9.21518987
2673,8.26323393,-7.81862015,9.27848101
2674,7.40021121,-7.89522516,9.5443038
2675,8.26323393,-7.81862015,9.60759494
2676,6.53699892,-7.96966359,9.81012658
2677,6.53699892,-7.96966359,10.13924051
2678,7.40021121,-7.89522516,9.87341772
2679,7.59938732,-7.87773936,10.40506329
2680,8.46236553,-7.80063445,10.13924051
2681,9.12606164,-7.73984906,9.01265823
2682,9.12606164,-7.73984906,9.34177215
2683,9.98868891,-7.65891238,9.07594937
2684,10.1877277,-7.6399272,9.60759494
2685,11.0501008,-7.55632588,9.34177215
2686,9.32514746,-7.72136356,9.87341772
2687,9.52422254,-7.70276274,10.40506329
2688,11.24907999,-7.53672588,9.87341772
2689,10.38675546,-7.62082673,10.13924051
2690,11.44804779,-7.51701061,10.40506329
2691,6.73621829,-7.95267782,10.67088608
2692,6.9354278,-7.93557664,11.20253165
2693,8.66148667,-7.78253339,10.67088608
2694,7.79855327,-7.86013819,10.93670886
2695,6.07211568,-8.00884827,11.46835443
2696,6.27135784,-7.99213178,12.0
2697,7.13462737,-7.91836007,11.73417722
2698,6.21404258,-7.3113638,12.0
2699,7.997709,-7.84242165,11.46835443
2700,8.19685442,-7.82458975,12.0
2701,8.13572806,-7.14415339,12.0
2702,6.15672733,-6.63059583,12.0
2703,6.09941207,-5.94982785,12.0
2704,8.0746017,-6.46371703,12.0
2705,8.01347533,-5.78328067,12.0
2706,8.86059729,-7.764317,11.20253165
2707,9.72328681,-7.6840466,10.93670886
2708,10.58577212,-7.60161096,10.67088608
2709,10.78477762,-7.58227992,11.20253165
2710,11.64700413,-7.49718009,10.93670886
2711,9.05969733,-7.74598527,11.73417722
2712,9.9223402,-7.66521515,11.46835443
2713,10.12138266,-7.64626841,12.0
2714,10.98377188,-7.5628336,11.73417722
2715,10.0564471,-6.96618499,12.0
2716,9.99151155,-6.28610158,12.0
2717,9.92657599,-5.60601817,12.0
2718,0.26030374,-5.02185755,8.05063291
2719,1.11613634,-4.96318392,8.05063291
2720,0.21443212,-4.34022284,8.05063291
2721,1.06855385,-4.28166651,8.05063291
2722,1.97181896,-4.9023622,8.05063291
2723,2.87834953,-5.52066271,8.05063291
2724,1.9225259,-4.22096637,8.05063291
2725,2.82734621,-4.83939276,8.05063291
2726,0.26030374,-5.02185755,8.37974684
2727,0.26030374,-5.02185755,8.70886076
2728,0.21443212,-4.34022284,8.37974684
2729,0.21443212,-4.34022284,8.70886076
2730,0.16856049,-3.65858814,8.05063291
2731,1.02097135,-3.6001491,8.05063291
2732,0.12268887,-2.97695344,8.05063291
2733,0.97338886,-2.91863169,8.05063291
2734,1.87323283,-3.53957055,8.05063291
2735,2.77634289,-4.15812282,8.05063291
2736,1.82393977,-2.85817472,8.05063291
2737,2.72533957,-3.47685288,8.05063291
2738,2.67433625,-2.79558293,8.05063291
2739,0.16856049,-3.65858814,8.37974684
2740,0.16856049,-3.65858814,8.70886076
2741,0.12268887,-2.97695344,8.37974684
2742,0.12268887,-2.97695344,8.70886076
2743,3.73542596,-5.45541579,8.05063291
2744,3.68271271,-4.77427602,8.05063291
2745,4.59233592,-5.38801768,8.05063291
2746,5.44907399,-5.31846879,8.05063291
2747,4.53791305,-4.70701237,8.05063291
2748,5.39294186,-4.63760224,8.05063291
2749,3.62999945,-4.09313625,8.05063291
2750,3.57728619,-3.41199648,8.05063291
2751,4.48349019,-4.02600706,8.05063291
2752,5.33680973,-3.95673569,8.05063291
2753,4.42906732,-3.34500176,8.05063291
2754,0.07681724,-2.29531873,8.05063291
2755,0.92580636,-2.23711427,8.05063291
2756,0.03094562,-1.61368403,8.05063291
2757,0.87822387,-1.55559686,8.05063291
2758,1.77464671,-2.1767789,8.05063291
2759,2.62333293,-2.11431299,8.05063291
2760,1.72535365,-1.49538308,8.05063291
2761,0.07681724,-2.29531873,8.37974684
2762,0.07681724,-2.29531873,8.70886076
2763,0.03094562,-1.61368403,8.37974684
2764,0.03094562,-1.61368403,8.70886076
2765,0.83064138,-0.87407945,8.05063291
2766,2.45415291,-0.7567953,8.06635224
2767,1.55971769,-0.13743518,8.06635224
2768,3.52457293,-2.73085671,8.05063291
2769,4.3202216,-1.98299114,8.05063291
2770,5.22454548,-2.59500259,8.05063291
2771,3.35184997,-1.37377847,8.06635224
2772,3.17966952,-0.01664485,8.08207157
2773,4.14422855,-0.6263399,8.06635224
2774,5.11228123,-1.23326949,8.05063291
2775,10.61403924,-5.14743935,6.17088608
2776,10.5982345,-4.98554793,6.34177215
2777,10.64880966,-5.50360047,6.6835443
2778,10.53185461,-4.30560397,6.17088608
2779,10.58242976,-4.82365651,6.51265823
2780,10.56662503,-4.66176509,6.6835443
2781,10.63300492,-5.34170905,6.85443038
2782,10.61720019,-5.17981763,7.02531646
2783,10.60139545,-5.01792621,7.19620253
2784,10.55082029,-4.49987367,6.85443038
2785,10.53501555,-4.33798225,7.02531646
2786,10.58559071,-4.85603479,7.36708861
2787,10.51604987,-4.14371255,6.34177215
2788,10.50024513,-3.98182113,6.51265823
2789,10.4844404,-3.81992972,6.6835443
2790,10.44966998,-3.4637686,6.17088608
2791,10.43386524,-3.30187718,6.34177215
2792,10.4180605,-3.13998576,6.51265823
2793,10.40225576,-2.97809434,6.6835443
2794,10.46863566,-3.6580383,6.85443038
2795,10.45283092,-3.49614688,7.02531646
2796,10.51921082,-4.17609084,7.19620253
2797,10.45283092,-3.49614688,7.36708861
2798,10.38645103,-2.81620292,6.85443038
2799,10.38645103,-2.81620292,7.19620253
2800,6.30563478,-5.24676957,8.05063291
2801,7.1620129,-5.17292048,8.05063291
2802,6.24779374,-4.56604607,8.05063291
2803,7.9569452,-4.41649742,8.05063291
2804,7.04291374,-3.81176814,8.05063291
2805,6.13211168,-3.20459906,8.05063291
2806,8.74826846,-3.65823724,8.05063291
2807,7.8344297,-3.05564832,8.05063291
2808,8.87419952,-5.01877452,8.05063291
2809,9.66532433,-4.25837018,8.05063291
2810,10.65197061,-5.53597875,7.53797468
2811,10.65197061,-5.53597875,7.87974684
2812,10.58559071,-4.85603479,7.70886076
2813,10.58559071,-4.85603479,8.05063291
2814,9.53597849,-2.89815331,8.05063291
2815,10.51921082,-4.17609084,7.53797468
2816,10.45283092,-3.49614688,7.70886076
2817,10.51921082,-4.17609084,7.87974684
2818,10.45283092,-3.49614688,8.05063291
2819,10.38645103,-2.81620292,7.53797468
2820,10.38645103,-2.81620292,7.87974684
2821,10.28530071,-1.78009784,6.17088608
2822,10.26949598,-1.61820643,6.34177215
2823,10.25369124,-1.45631501,6.51265823
2824,10.36748534,-2.62193322,6.17088608
2825,10.35168061,-2.4600418,6.34177215
2826,10.33587587,-2.29815038,6.51265823
2827,10.32007113,-2.13625896,6.6835443
2828,10.25369124,-1.45631501,6.85443038
2829,10.25369124,-1.45631501,7.19620253
2830,10.32007113,-2.13625896,7.02531646
2831,10.32007113,-2.13625896,7.36708861
2832,10.10628793,-1.01085912,6.0
2833,10.21020337,-1.01085912,6.0
2834,10.20311608,-0.93826247,6.17088608
2835,10.18731134,-0.77637105,6.34177215
2836,9.98577212,-0.79598554,6.72189946
2837,10.12093145,-0.09642709,6.17088608
2838,9.91979918,-0.11600198,6.55101339
2839,10.18731134,-0.77637105,7.02531646
2840,10.18731134,-0.77637105,7.36708861
2841,9.91979918,-0.11600198,6.89278554
2842,10.12093145,-0.09642709,7.19620253
2843,6.92381458,-2.4506158,8.05063291
2844,6.01642961,-1.84315205,8.05063291
2845,8.6223374,-2.29769997,8.05063291
2846,7.71191421,-1.69479923,8.05063291
2847,6.80471543,-1.08946346,8.05063291
2848,5.90074754,-0.48170504,8.05063291
2849,8.49640634,-0.9371627,8.05063291
2850,7.58939871,-0.33395014,8.05063291
2851,10.25369124,-1.45631501,7.53797468
2852,9.40663266,-1.53793643,8.05063291
2853,10.25369124,-1.45631501,7.87974684
2854,10.32007113,-2.13625896,7.70886076
2855,10.32007113,-2.13625896,8.05063291
2856,10.18731134,-0.77637105,7.70886076
2857,9.98577212,-0.79598554,8.06635224
2858,10.12093145,-0.09642709,7.53797468
2859,9.07610606,-0.1967895,8.06635224
2860,9.91979918,-0.11600198,7.89546616
2861,0.26030374,-5.02185755,9.03797468
2862,0.26030374,-5.02185755,9.36708861
2863,0.26030374,-5.02185755,9.69620253
2864,0.21443212,-4.34022284,9.03797468
2865,0.21443212,-4.34022284,9.36708861
2866,0.21443212,-4.34022284,9.69620253
2867,0.26030374,-5.02185755,10.02531646
2868,0.26030374,-5.02185755,10.35443038
2869,0.21443212,-4.34022284,10.02531646
2870,0.21443212,-4.34022284,10.35443038
2871,0.16856049,-3.65858814,9.03797468
2872,0.16856049,-3.65858814,9.36708861
2873,0.16856049,-3.65858814,9.69620253
2874,0.12268887,-2.97695344,9.03797468
2875,0.12268887,-2.97695344,9.36708861
2876,0.12268887,-2.97695344,9.69620253
2877,0.16856049,-3.65858814,10.02531646
2878,0.16856049,-3.65858814,10.35443038
2879,0.12268887,-2.97695344,10.02531646
2880,0.12268887,-2.97695344,10.35443038
2881,0.26030374,-5.02185755,10.6835443
2882,0.26030374,-5.02185755,11.01265823
2883,0.21443212,-4.34022284,10.6835443
2884,0.21443212,-4.34022284,11.01265823
2885,0.26030374,-5.02185755,11.34177215
2886,0.26030374,-5.02185755,11.67088608
2887,0.26030374,-5.02185755,12.0
2888,0.21443212,-4.34022284,11.34177215
2889,0.21443212,-4.34022284,11.67088608
2890,0.21443212,-4.34022284,12.0
2891,2.16926231,-4.8880214,12.0
2892,2.21895008,-5.56938856,12.0
2893,2.11957455,-4.20665424,12.0
2894,0.16856049,-3.65858814,10.6835443
2895,0.16856049,-3.65858814,11.01265823
2896,0.12268887,-2.97695344,10.6835443
2897,0.12268887,-2.97695344,11.01265823
2898,0.16856049,-3.65858814,11.34177215
2899,0.16856049,-3.65858814,11.67088608
2900,0.16856049,-3.65858814,12.0
2901,0.12268887,-2.97695344,11.34177215
2902,0.12268887,-2.97695344,11.67088608
2903,0.12268887,-2.97695344,12.0
2904,2.06988678,-3.52528709,12.0
2905,2.02019901,-2.84391993,12.0
2906,4.13094388,-5.42457625,12.0
2907,4.07744153,-4.74349801,12.0
2908,4.02393918,-4.06241976,12.0
2909,3.97043683,-3.38134152,12.0
2910,5.87015105,-3.22675595,12.0
2911,0.07681724,-2.29531873,9.03797468
2912,0.07681724,-2.29531873,9.36708861
2913,0.07681724,-2.29531873,9.69620253
2914,0.03094562,-1.61368403,9.03797468
2915,0.03094562,-1.61368403,9.36708861
2916,0.03094562,-1.61368403,9.69620253
2917,0.07681724,-2.29531873,10.02531646
2918,0.07681724,-2.29531873,10.35443038
2919,0.03094562,-1.61368403,10.02531646
2920,0.03094562,-1.61368403,10.35443038
2921,0.07681724,-2.29531873,10.6835443
2922,0.07681724,-2.29531873,11.01265823
2923,0.03094562,-1.61368403,10.6835443
2924,0.03094562,-1.61368403,11.01265823
2925,0.07681724,-2.29531873,11.34177215
2926,0.07681724,-2.29531873,11.67088608
2927,0.07681724,-2.29531873,12.0
2928,0.03094562,-1.61368403,11.34177215
2929,0.03094562,-1.61368403,11.67088608
2930,0.03094562,-1.61368403,12.0
2931,1.97051125,-2.16255278,12.0
2932,1.92082348,-1.48118562,12.0
2933,1.87113572,-0.79981846,12.0
2934,3.91693448,-2.70026328,12.0
2935,3.86343213,-2.01918503,12.0
2936,5.8128358,-2.54598797,12.0
2937,5.75552054,-1.86522,12.0
2938,3.80992978,-1.33810679,12.0
2939,5.49115046,-0.51625737,11.95032692
2940,6.04209682,-5.26905987,12.0
2941,5.98478156,-4.5882919,12.0
2942,7.95234897,-5.1028443,12.0
2943,7.89122261,-4.42240794,12.0
2944,5.92746631,-3.90752392,12.0
2945,7.83009624,-3.74197158,12.0
2946,7.76896988,-3.06153522,12.0
2947,9.86164044,-4.92593475,12.0
2948,9.79670488,-4.24585134,12.0
2949,11.76991135,-4.73833676,12.0
2950,9.73176933,-3.56576793,12.0
2951,9.66683377,-2.88568451,12.0
2952,11.70116864,-4.05862762,12.0
2953,11.63242593,-3.37891848,12.0
2954,7.70784352,-2.38109886,12.0
2955,7.43562114,-1.03366487,11.95032692
2956,9.53696266,-1.52551768,12.0
2957,11.49494051,-2.0195002,12.0
2958,9.25750217,-0.17960032,11.95032692
2959,11.35745509,-0.66008192,12.0
2960,11.97454305,-9.42607295,6.0
2961,11.97454305,-9.42607295,6.23417722
2962,12.90806568,-9.33111437,6.0
2963,12.90806568,-9.33111437,6.23417722
2964,11.97454305,-9.42607295,6.46835443
2965,11.97454305,-9.42607295,6.70253165
2966,12.90806568,-9.33111437,6.46835443
2967,12.90806568,-9.33111437,6.70253165
2968,13.8413282,-9.23363259,6.0
2969,13.8413282,-9.23363259,6.23417722
2970,13.8413282,-9.23363259,6.46835443
2971,13.8413282,-9.23363259,6.70253165
2972,11.97454305,-9.42607295,6.93670886
2973,12.90806568,-9.33111437,6.93670886
2974,11.97454305,-9.42607295,7.17088608
2975,11.97454305,-9.42607295,7.40506329
2976,12.90806568,-9.33111437,7.17088608
2977,12.90806568,-9.33111437,7.40506329
2978,13.8413282,-9.23363259,6.93670886
2979,13.8413282,-9.23363259,7.17088608
2980,13.8413282,-9.23363259,7.40506329
2981,14.77432379,-9.13362832,6.0
2982,14.77432379,-9.13362832,6.23417722
2983,14.77432379,-9.13362832,6.46835443
2984,14.77432379,-9.13362832,6.70253165
2985,15.70704564,-9.03110229,6.0
2986,15.70704564,-9.03110229,6.23417722
2987,15.70704564,-9.03110229,6.46835443
2988,15.70704564,-9.03110229,6.70253165
2989,16.63948693,-8.92605526,6.0
2990,16.63948693,-8.92605526,6.23417722
2991,17.57164084,-8.81848799,6.0
2992,17.57164084,-8.81848799,6.23417722
2993,16.63948693,-8.92605526,6.46835443
2994,16.63948693,-8.92605526,6.70253165
2995,17.57164084,-8.81848799,6.46835443
2996,17.57164084,-8.81848799,6.70253165
2997,14.77432379,-9.13362832,6.93670886
2998,14.77432379,-9.13362832,7.17088608
2999,14.77432379,-9.13362832,7.40506329
3000,15.70704564,-9.03110229,6.93670886
3001,15.70704564,-9.03110229,7.17088608
3002,15.70704564,-9.03110229,7.40506329
3003,16.63948693,-8.92605526,6.93670886
3004,17.57164084,-8.81848799,6.93670886
3005,16.63948693,-8.92605526,7.17088608
3006,16.63948693,-8.92605526,7.40506329
3007,17.57164084,-8.81848799,7.17088608
3008,17.57164084,-8.81848799,7.40506329
3009,11.97454305,-9.42607295,7.63924051
3010,11.97454305,-9.42607295,7.87341772
3011,12.90806568,-9.33111437,7.63924051
3012,12.90806568,-9.33111437,7.87341772
3013,11.97454305,-9.42607295,8.10759494
3014,12.90806568,-9.33111437,8.10759494
3015,13.8413282,-9.23363259,7.63924051
3016,13.8413282,-9.23363259,7.87341772
3017,13.8413282,-9.23363259,8.10759494
3018,11.97454305,-9.42607295,8.34177215
3019,11.97454305,-9.42607295,8.57594937
3020,12.90806568,-9.33111437,8.34177215
3021,12.90806568,-9.33111437,8.57594937
3022,11.97454305,-9.42607295,8.81012658
3023,11.95830074,-9.26422485,8.81012658
3024,11.94205842,-9.10237675,8.81012658
3025,12.90806568,-9.33111437,8.81012658
3026,12.89138591,-9.16931076,8.81012658
3027,11.92581611,-8.94052864,8.81012658
3028,11.9095738,-8.77868054,8.81012658
3029,11.89333149,-8.61683244,8.81012658
3030,11.87708918,-8.45498434,8.81012658
3031,12.87470614,-9.00750716,8.81012658
3032,12.85802637,-8.84570356,8.81012658
3033,12.8413466,-8.68389995,8.81012658
3034,12.82466683,-8.52209635,8.81012658
3035,13.8413282,-9.23363259,8.34177215
3036,13.8413282,-9.23363259,8.57594937
3037,13.8413282,-9.23363259,8.81012658
3038,13.82421109,-9.07187466,8.81012658
3039,13.80709399,-8.91011674,8.81012658
3040,13.78997689,-8.74835882,8.81012658
3041,13.77285978,-8.58660089,8.81012658
3042,13.75574268,-8.42484297,8.81012658
3043,14.72166085,-8.64849513,8.81012658
3044,14.70410654,-8.48678407,8.81012658
3045,14.77432379,-9.13362832,7.63924051
3046,14.77432379,-9.13362832,7.87341772
3047,14.77432379,-9.13362832,8.10759494
3048,15.70704564,-9.03110229,7.63924051
3049,15.70704564,-9.03110229,7.87341772
3050,15.70704564,-9.03110229,8.10759494
3051,16.63948693,-8.92605526,7.63924051
3052,16.63948693,-8.92605526,7.87341772
3053,17.57164084,-8.81848799,7.63924051
3054,17.57164084,-8.81848799,7.87341772
3055,16.63948693,-8.92605526,8.10759494
3056,17.57164084,-8.81848799,8.10759494
3057,14.77432379,-9.13362832,8.34177215
3058,14.77432379,-9.13362832,8.57594937
3059,14.77432379,-9.13362832,8.81012658
3060,15.70704564,-9.03110229,8.34177215
3061,15.70704564,-9.03110229,8.57594937
3062,14.75676948,-8.97191726,8.81012658
3063,14.73921516,-8.8102062,8.81012658
3064,15.70704564,-9.03110229,8.81012658
3065,15.68905424,-8.86943928,8.81012658
3066,15.67106285,-8.70777626,8.81012658
3067,15.65307145,-8.54611324,8.81012658
3068,15.63508006,-8.38445023,8.81012658
3069,16.63948693,-8.92605526,8.34177215
3070,16.63948693,-8.92605526,8.57594937
3071,17.57164084,-8.81848799,8.34177215
3072,17.57164084,-8.81848799,8.57594937
3073,16.63948693,-8.92605526,8.81012658
3074,16.62105858,-8.76444147,8.81012658
3075,16.60263024,-8.60282768,8.81012658
3076,16.58420189,-8.44121389,8.81012658
3077,17.57164084,-8.81848799,8.81012658
3078,17.55277568,-8.65692461,8.81012658
3079,17.53391052,-8.49536122,8.81012658
3080,11.86084686,-8.29313623,8.81012658
3081,11.84460455,-8.13128813,8.81012658
3082,11.82836224,-7.96944003,8.81012658
3083,11.81211993,-7.80759193,8.81012658
3084,12.80798706,-8.36029274,8.81012658
3085,12.79130729,-8.19848914,8.81012658
3086,12.77462753,-8.03668553,8.81012658
3087,12.75794776,-7.87488193,8.81012658
3088,12.74126799,-7.71307833,8.81012658
3089,11.79587761,-7.64574382,8.81012658
3090,12.72458822,-7.55127472,8.81012658
3091,12.70790845,-7.38947112,8.81012658
3092,13.73862558,-8.26308505,8.81012658
3093,13.72150847,-8.10132712,8.81012658
3094,13.70439137,-7.9395692,8.81012658
3095,13.68727426,-7.77781127,8.81012658
3096,14.68655222,-8.32507301,8.81012658
3097,14.66899791,-8.16336195,8.81012658
3098,14.6514436,-8.00165089,8.81012658
3099,14.63388928,-7.83993983,8.81012658
3100,14.61633497,-7.67822877,8.81012658
3101,13.67015716,-7.61605335,8.81012658
3102,13.65304006,-7.45429543,8.81012658
3103,13.63592295,-7.2925375,8.81012658
3104,14.59878066,-7.51651771,8.81012658
3105,14.58122634,-7.35480665,8.81012658
3106,14.56367203,-7.19309559,8.81012658
3107,15.61708866,-8.22278721,8.81012658
3108,15.59909727,-8.0611242,8.81012658
3109,15.58110588,-7.89946118,8.81012658
3110,15.56311448,-7.73779816,8.81012658
3111,15.54512309,-7.57613515,8.81012658
3112,15.52713169,-7.41447213,8.81012658
3113,15.5091403,-7.25280911,8.81012658
3114,15.4911489,-7.0911461,8.81012658
3115,16.56577355,-8.2796001,8.81012658
3116,16.5473452,-8.11798631,8.81012658
3117,16.52891686,-7.95637252,8.81012658
3118,16.51048851,-7.79475873,8.81012658
3119,17.51504536,-8.33379784,8.81012658
3120,17.4961802,-8.17223446,8.81012658
3121,17.47731504,-8.01067107,8.81012658
3122,17.45844988,-7.84910769,8.81012658
3123,17.43958472,-7.68754431,8.81012658
3124,16.49206017,-7.63314494,8.81012658
3125,16.47363182,-7.47153115,8.81012658
3126,16.45520348,-7.30991736,8.81012658
3127,16.43677513,-7.14830357,8.81012658
3128,16.41834679,-6.98668978,8.81012658
3129,17.42071956,-7.52598092,8.81012658
3130,17.4018544,-7.36441754,8.81012658
3131,17.38298924,-7.20285416,8.81012658
3132,17.36412407,-7.04129077,8.81012658
3133,17.34525891,-6.87972739,8.81012658
3134,18.50350056,-8.70840127,6.0
3135,18.50350056,-8.70840127,6.23417722
3136,18.50350056,-8.70840127,6.46835443
3137,18.50350056,-8.70840127,6.70253165
3138,19.43505929,-8.59579589,6.0
3139,19.43505929,-8.59579589,6.23417722
3140,20.36631021,-8.4806727,6.0
3141,20.36631021,-8.4806727,6.23417722
3142,19.43505929,-8.59579589,6.46835443
3143,19.43505929,-8.59579589,6.70253165
3144,20.36631021,-8.4806727,6.46835443
3145,20.36631021,-8.4806727,6.70253165
3146,18.50350056,-8.70840127,6.93670886
3147,18.50350056,-8.70840127,7.17088608
3148,18.50350056,-8.70840127,7.40506329
3149,19.43505929,-8.59579589,6.93670886
3150,20.36631021,-8.4806727,6.93670886
3151,19.43505929,-8.59579589,7.17088608
3152,19.43505929,-8.59579589,7.40506329
3153,20.36631021,-8.4806727,7.17088608
3154,20.36631021,-8.4806727,7.40506329
3155,21.03711129,-11.16090938,6.0
3156,21.03711129,-8.39590518,6.0
3157,18.50350056,-8.70840127,7.63924051
3158,18.50350056,-8.70840127,7.87341772
3159,18.50350056,-8.70840127,8.10759494
3160,19.43505929,-8.59579589,7.63924051
3161,19.43505929,-8.59579589,7.87341772
3162,20.36631021,-8.4806727,7.63924051
3163,20.36631021,-8.4806727,7.87341772
3164,19.43505929,-8.59579589,8.10759494
3165,20.36631021,-8.4806727,8.10759494
3166,18.50350056,-8.70840127,8.34177215
3167,18.50350056,-8.70840127,8.57594937
3168,18.50350056,-8.70840127,8.81012658
3169,18.48419872,-8.54688947,8.81012658
3170,18.46489688,-8.38537767,8.81012658
3171,19.43505929,-8.59579589,8.34177215
3172,19.43505929,-8.59579589,8.57594937
3173,20.36631021,-8.4806727,8.34177215
3174,20.36631021,-8.4806727,8.57594937
3175,19.43505929,-8.59579589,8.81012658
3176,19.41532091,-8.43433687,8.81012658
3177,20.36631021,-8.4806727,8.81012658
3178,21.29724652,-8.36303251,6.0
3179,21.29724652,-8.36303251,6.23417722
3180,21.29724652,-8.36303251,6.46835443
3181,21.29724652,-8.36303251,6.70253165
3182,21.19006927,-7.52401276,6.0
3183,22.07632227,-7.08156195,6.34177215
3184,22.22786142,-8.24287621,6.0
3185,22.20681432,-8.08158256,6.17088608
3186,22.22786142,-8.24287621,6.23417722
3187,22.18576721,-7.92028891,6.34177215
3188,22.22786142,-8.24287621,6.46835443
3189,22.20681432,-8.08158256,6.40506329
3190,22.22786142,-8.24287621,6.70253165
3191,22.20681432,-8.08158256,6.63924051
3192,22.16472011,-7.75899527,6.51265823
3193,22.18576721,-7.92028891,6.57594937
3194,22.16472011,-7.75899527,6.74683544
3195,22.11841648,-7.40414925,6.0
3196,22.09736937,-7.2428556,6.17088608
3197,22.143673,-7.59770162,6.6835443
3198,21.29724652,-8.36303251,6.93670886
3199,21.29724652,-8.36303251,7.17088608
3200,21.29724652,-8.36303251,7.40506329
3201,22.08053169,-7.11382068,7.19620253
3202,22.08053169,-7.11382068,7.43037975
3203,22.22786142,-8.24287621,6.93670886
3204,22.20681432,-8.08158256,6.87341772
3205,22.20681432,-8.08158256,7.10759494
3206,22.18576721,-7.92028891,6.81012658
3207,22.18576721,-7.92028891,7.0443038
3208,22.16472011,-7.75899527,6.98101266
3209,22.22786142,-8.24287621,7.17088608
3210,22.22786142,-8.24287621,7.40506329
3211,22.20681432,-8.08158256,7.34177215
3212,22.18576721,-7.92028891,7.27848101
3213,22.16472011,-7.75899527,7.21518987
3214,22.16472011,-7.75899527,7.44936709
3215,22.143673,-7.59770162,6.91772152
3216,22.1226259,-7.43640797,6.85443038
3217,22.1226259,-7.43640797,7.08860759
3218,22.10157879,-7.27511433,7.02531646
3219,22.143673,-7.59770162,7.15189873
3220,22.143673,-7.59770162,7.38607595
3221,22.1226259,-7.43640797,7.32278481
3222,22.10157879,-7.27511433,7.25949367
3223,22.10157879,-7.27511433,7.49367089
3224,21.08289201,-6.684993,6.0
3225,22.00897153,-6.56542228,6.0
3226,21.98792443,-6.40412864,6.17088608
3227,22.05527516,-6.92026831,6.51265823
3228,22.03422806,-6.75897466,6.6835443
3229,21.96687732,-6.24283499,6.34177215
3230,21.89952659,-5.72669532,6.0
3231,21.94583022,-6.08154134,6.51265823
3232,21.92478311,-5.9202477,6.6835443
3233,22.01318095,-6.59768101,6.85443038
3234,21.99213385,-6.43638737,7.02531646
3235,22.05948458,-6.95252704,7.36708861
3236,21.90373601,-5.75895405,6.85443038
3237,21.8826889,-5.5976604,7.02531646
3238,21.97108674,-6.27509372,7.19620253
3239,21.95003964,-6.11380007,7.36708861
3240,18.38768953,-7.73933049,8.81012658
3241,18.44559505,-8.22386588,8.81012658
3242,18.42629321,-8.06235408,8.81012658
3243,18.40699137,-7.90084229,8.81012658
3244,18.3683877,-7.5778187,8.81012658
3245,18.34908586,-7.4163069,8.81012658
3246,18.32978402,-7.25479511,8.81012658
3247,18.31048218,-7.09328331,8.81012658
3248,19.39558254,-8.27287784,8.81012658
3249,19.37584416,-8.11141881,8.81012658
3250,19.35610579,-7.94995978,8.81012658
3251,19.33636742,-7.78850075,8.81012658
3252,20.34613544,-8.31926762,8.81012658
3253,20.32596068,-8.15786254,8.81012658
3254,20.30578591,-7.99645746,8.81012658
3255,20.28561114,-7.83505238,8.81012658
3256,20.26543638,-7.6736473,8.81012658
3257,19.31662904,-7.62704173,8.81012658
3258,19.29689067,-7.4655827,8.81012658
3259,19.27715229,-7.30412367,8.81012658
3260,19.25741392,-7.14266464,8.81012658
3261,19.23767555,-6.98120562,8.81012658
3262,20.24526161,-7.51224222,8.81012658
3263,20.22508685,-7.35083714,8.81012658
3264,20.20491208,-7.18943206,8.81012658
3265,20.18473731,-7.02802698,8.81012658
3266,18.29118035,-6.93177151,8.81012658
3267,18.27187851,-6.77025972,8.81012658
3268,19.21793717,-6.81974659,8.81012658
3269,19.1981988,-6.65828756,8.81012658
3270,20.16456255,-6.8666219,8.81012658
3271,20.14438778,-6.70521682,8.81012658
3272,20.12421302,-6.54381174,8.81012658
3273,21.29724652,-8.36303251,7.63924051
3274,21.29724652,-8.36303251,7.87341772
3275,21.29724652,-8.36303251,8.10759494
3276,22.08053169,-7.11382068,7.66455696
3277,22.08053169,-7.11382068,7.89873418
3278,22.08053169,-7.11382068,8.13291139
3279,22.22786142,-8.24287621,7.63924051
3280,22.20681432,-8.08158256,7.57594937
3281,22.22786142,-8.24287621,7.87341772
3282,22.20681432,-8.08158256,7.81012658
3283,22.18576721,-7.92028891,7.51265823
3284,22.16472011,-7.75899527,7.6835443
3285,22.18576721,-7.92028891,7.74683544
3286,22.20681432,-8.08158256,8.0443038
3287,22.22786142,-8.24287621,8.10759494
3288,22.18576721,-7.92028891,7.98101266
3289,22.16472011,-7.75899527,7.91772152
3290,22.18576721,-7.92028891,8.21518987
3291,22.16472011,-7.75899527,8.15189873
3292,22.143673,-7.59770162,7.62025316
3293,22.1226259,-7.43640797,7.55696203
3294,22.143673,-7.59770162,7.85443038
3295,22.1226259,-7.43640797,7.79113924
3296,22.10157879,-7.27511433,7.7278481
3297,22.1226259,-7.43640797,8.02531646
3298,22.143673,-7.59770162,8.08860759
3299,22.10157879,-7.27511433,7.96202532
3300,22.10157879,-7.27511433,8.19620253
3301,21.29724652,-8.36303251,8.34177215
3302,21.29724652,-8.36303251,8.57594937
3303,21.29724652,-8.36303251,8.81012658
3304,21.27663551,-8.20168256,8.81012658
3305,21.2560245,-8.04033261,8.81012658
3306,21.23541349,-7.87898266,8.81012658
3307,21.21480248,-7.7176327,8.81012658
3308,22.08053169,-7.11382068,8.36708861
3309,22.08053169,-7.11382068,8.43037975
3310,22.08053169,-7.11382068,8.49367089
3311,22.08053169,-7.11382068,8.55696203
3312,22.08053169,-7.11382068,8.62025316
3313,21.19419147,-7.55628275,8.81012658
3314,21.17358046,-7.3949328,8.81012658
3315,21.15296945,-7.23358284,8.81012658
3316,21.13235844,-7.07223289,8.81012658
3317,22.08053169,-7.11382068,8.6835443
3318,22.08053169,-7.11382068,8.74683544
3319,22.08053169,-7.11382068,8.81012658
3320,22.22786142,-8.24287621,8.34177215
3321,22.20681432,-8.08158256,8.27848101
3322,22.22786142,-8.24287621,8.57594937
3323,22.20681432,-8.08158256,8.51265823
3324,22.16472011,-7.75899527,8.38607595
3325,22.18576721,-7.92028891,8.44936709
3326,22.16472011,-7.75899527,8.62025316
3327,22.22786142,-8.24287621,8.81012658
3328,22.20681432,-8.08158256,8.74683544
3329,22.20681432,-8.08158256,8.81012658
3330,22.18576721,-7.92028891,8.6835443
3331,22.18576721,-7.92028891,8.74683544
3332,22.18576721,-7.92028891,8.81012658
3333,22.16472011,-7.75899527,8.6835443
3334,22.16472011,-7.75899527,8.74683544
3335,22.16472011,-7.75899527,8.81012658
3336,22.143673,-7.59770162,8.32278481
3337,22.1226259,-7.43640797,8.25949367
3338,22.143673,-7.59770162,8.55696203
3339,22.143673,-7.59770162,8.62025316
3340,22.1226259,-7.43640797,8.49367089
3341,22.1226259,-7.43640797,8.55696203
3342,22.1226259,-7.43640797,8.62025316
3343,22.10157879,-7.27511433,8.43037975
3344,22.10157879,-7.27511433,8.49367089
3345,22.10157879,-7.27511433,8.55696203
3346,22.10157879,-7.27511433,8.62025316
3347,22.143673,-7.59770162,8.6835443
3348,22.143673,-7.59770162,8.74683544
3349,22.143673,-7.59770162,8.81012658
3350,22.1226259,-7.43640797,8.6835443
3351,22.1226259,-7.43640797,8.74683544
3352,22.1226259,-7.43640797,8.81012658
3353,22.10157879,-7.27511433,8.6835443
3354,22.10157879,-7.27511433,8.74683544
3355,22.10157879,-7.27511433,8.81012658
3356,22.05948458,-6.95252704,7.60126582
3357,22.03843748,-6.79123339,7.53797468
3358,22.05948458,-6.95252704,7.83544304
3359,22.03843748,-6.79123339,7.7721519
3360,22.01739037,-6.62993974,7.70886076
3361,22.01739037,-6.62993974,7.94303797
3362,22.03843748,-6.79123339,8.00632911
3363,22.05948458,-6.95252704,8.06962025
3364,22.03843748,-6.79123339,8.24050633
3365,22.01739037,-6.62993974,8.17721519
3366,22.01739037,-6.62993974,8.24050633
3367,21.99634327,-6.4686461,7.87974684
3368,21.97529616,-6.30735245,8.05063291
3369,21.99634327,-6.4686461,8.11392405
3370,21.99634327,-6.4686461,8.17721519
3371,21.99634327,-6.4686461,8.24050633
3372,21.97529616,-6.30735245,8.11392405
3373,21.97529616,-6.30735245,8.17721519
3374,21.97529616,-6.30735245,8.24050633
3375,21.92899253,-5.95250643,7.53797468
3376,21.90794543,-5.79121278,7.70886076
3377,21.88689832,-5.62991913,7.87974684
3378,22.10746707,-6.29007959,8.05063291
3379,22.10746707,-6.29007959,8.11392405
3380,22.10746707,-6.29007959,8.17721519
3381,22.10746707,-6.29007959,8.24050633
3382,22.23963131,-6.2727557,8.05063291
3383,22.37178884,-6.25538077,8.05063291
3384,22.50393965,-6.2379548,8.05063291
3385,22.63608372,-6.2204778,8.05063291
3386,22.76822103,-6.20294977,8.05063291
3387,22.23963131,-6.2727557,8.11392405
3388,22.37178884,-6.25538077,8.11392405
3389,22.23963131,-6.2727557,8.17721519
3390,22.23963131,-6.2727557,8.24050633
3391,22.37178884,-6.25538077,8.17721519
3392,22.37178884,-6.25538077,8.24050633
3393,22.50393965,-6.2379548,8.11392405
3394,22.63608372,-6.2204778,8.11392405
3395,22.76822103,-6.20294977,8.11392405
3396,22.50393965,-6.2379548,8.17721519
3397,22.63608372,-6.2204778,8.17721519
3398,22.50393965,-6.2379548,8.24050633
3399,22.63608372,-6.2204778,8.24050633
3400,22.76822103,-6.20294977,8.17721519
3401,22.76822103,-6.20294977,8.24050633
3402,22.90035157,-6.18537071,8.05063291
3403,23.0324753,-6.16774063,8.05063291
3404,23.16459222,-6.15005953,8.05063291
3405,23.2967023,-6.13232741,8.05063291
3406,23.42880552,-6.11454427,8.05063291
3407,23.56090187,-6.09671011,8.05063291
3408,22.90035157,-6.18537071,8.11392405
3409,23.0324753,-6.16774063,8.11392405
3410,23.16459222,-6.15005953,8.11392405
3411,22.90035157,-6.18537071,8.17721519
3412,22.90035157,-6.18537071,8.24050633
3413,23.0324753,-6.16774063,8.17721519
3414,23.16459222,-6.15005953,8.17721519
3415,23.0324753,-6.16774063,8.24050633
3416,23.16459222,-6.15005953,8.24050633
3417,23.2967023,-6.13232741,8.11392405
3418,23.42880552,-6.11454427,8.11392405
3419,23.2967023,-6.13232741,8.17721519
3420,22.05948458,-6.95252704,8.30379747
3421,22.05948458,-6.95252704,8.36708861
3422,22.05948458,-6.95252704,8.43037975
3423,22.03843748,-6.79123339,8.30379747
3424,22.01739037,-6.62993974,8.30379747
3425,22.03843748,-6.79123339,8.36708861
3426,22.03843748,-6.79123339,8.43037975
3427,22.01739037,-6.62993974,8.36708861
3428,22.01739037,-6.62993974,8.43037975
3429,22.05948458,-6.95252704,8.49367089
3430,22.05948458,-6.95252704,8.55696203
3431,22.05948458,-6.95252704,8.62025316
3432,22.03843748,-6.79123339,8.49367089
3433,22.01739037,-6.62993974,8.49367089
3434,22.03843748,-6.79123339,8.55696203
3435,22.03843748,-6.79123339,8.62025316
3436,22.01739037,-6.62993974,8.55696203
3437,22.01739037,-6.62993974,8.62025316
3438,21.99634327,-6.4686461,8.30379747
3439,21.99634327,-6.4686461,8.36708861
3440,21.99634327,-6.4686461,8.43037975
3441,21.97529616,-6.30735245,8.30379747
3442,21.97529616,-6.30735245,8.36708861
3443,21.97529616,-6.30735245,8.43037975
3444,21.99634327,-6.4686461,8.49367089
3445,21.99634327,-6.4686461,8.55696203
3446,21.99634327,-6.4686461,8.62025316
3447,21.97529616,-6.30735245,8.49367089
3448,21.97529616,-6.30735245,8.55696203
3449,21.97529616,-6.30735245,8.62025316
3450,21.11174742,-6.91088294,8.81012658
3451,21.09113641,-6.74953299,8.81012658
3452,21.0705254,-6.58818303,8.81012658
3453,21.04991439,-6.42683308,8.81012658
3454,22.05948458,-6.95252704,8.6835443
3455,22.05948458,-6.95252704,8.74683544
3456,22.05948458,-6.95252704,8.81012658
3457,22.03843748,-6.79123339,8.6835443
3458,22.01739037,-6.62993974,8.6835443
3459,22.03843748,-6.79123339,8.74683544
3460,22.03843748,-6.79123339,8.81012658
3461,22.01739037,-6.62993974,8.74683544
3462,22.01739037,-6.62993974,8.81012658
3463,21.99634327,-6.4686461,8.6835443
3464,21.99634327,-6.4686461,8.74683544
3465,21.99634327,-6.4686461,8.81012658
3466,21.97529616,-6.30735245,8.6835443
3467,21.97529616,-6.30735245,8.74683544
3468,21.97529616,-6.30735245,8.81012658
3469,22.10746707,-6.29007959,8.30379747
3470,22.10746707,-6.29007959,8.36708861
3471,22.10746707,-6.29007959,8.43037975
3472,22.10746707,-6.29007959,8.49367089
3473,22.10746707,-6.29007959,8.55696203
3474,22.10746707,-6.29007959,8.62025316
3475,22.10746707,-6.29007959,8.6835443
3476,22.10746707,-6.29007959,8.74683544
3477,22.23963131,-6.2727557,8.30379747
3478,22.37178884,-6.25538077,8.30379747
3479,22.23963131,-6.2727557,8.36708861
3480,22.23963131,-6.2727557,8.43037975
3481,22.37178884,-6.25538077,8.36708861
3482,22.37178884,-6.25538077,8.43037975
3483,22.50393965,-6.2379548,8.30379747
3484,22.63608372,-6.2204778,8.30379747
3485,22.76822103,-6.20294977,8.30379747
3486,22.50393965,-6.2379548,8.36708861
3487,22.63608372,-6.2204778,8.36708861
3488,22.50393965,-6.2379548,8.43037975
3489,22.63608372,-6.2204778,8.43037975
3490,22.76822103,-6.20294977,8.36708861
3491,22.76822103,-6.20294977,8.43037975
3492,22.23963131,-6.2727557,8.49367089
3493,22.37178884,-6.25538077,8.49367089
3494,22.23963131,-6.2727557,8.55696203
3495,22.23963131,-6.2727557,8.62025316
3496,22.37178884,-6.25538077,8.55696203
3497,22.37178884,-6.25538077,8.62025316
3498,22.50393965,-6.2379548,8.49367089
3499,22.63608372,-6.2204778,8.49367089
3500,22.50393965,-6.2379548,8.55696203
3501,22.90035157,-6.18537071,8.30379747
3502,23.0324753,-6.16774063,8.30379747
3503,22.90035157,-6.18537071,8.36708861
3504,23.56090187,-6.09671011,8.37974684
3505,23.16459222,-6.15005953,8.56962025
3506,23.2967023,-6.13232741,8.50632911
3507,23.42880552,-6.11454427,8.44303797
3508,22.23963131,-6.2727557,8.6835443
3509,22.76822103,-6.20294977,8.75949367
3510,22.37178884,-6.25538077,8.94936709
3511,22.63608372,-6.2204778,8.82278481
3512,22.50393965,-6.2379548,8.88607595
3513,22.90035157,-6.18537071,8.69620253
3514,23.0324753,-6.16774063,8.63291139
3515,23.42880552,-6.11454427,8.7721519
3516,23.56090187,-6.09671011,8.70886076
3517,23.16459222,-6.15005953,8.89873418
3518,23.0324753,-6.16774063,8.96202532
3519,23.2967023,-6.13232741,8.83544304
3520,11.91226133,-7.47056013,9.07594937
3521,12.84049794,-7.37577705,9.07594937
3522,12.97308214,-7.36203179,9.34177215
3523,12.11119069,-7.45046072,9.60759494
3524,13.76847494,-7.27848507,9.07594937
3525,13.9010215,-7.26438145,9.34177215
3526,14.69618555,-7.17868488,9.07594937
3527,14.0335626,-7.25022664,9.60759494
3528,13.17194846,-7.34131789,9.87341772
3529,12.31010838,-7.43024607,10.13924051
3530,13.37080274,-7.3204888,10.40506329
3531,14.23236397,-7.22889846,10.13924051
3532,14.82869349,-7.16422301,9.34177215
3533,15.62362298,-7.07637723,9.07594937
3534,15.75609135,-7.0615572,9.34177215
3535,14.96119584,-7.14970996,9.60759494
3536,15.88855398,-7.04668602,9.60759494
3537,15.09369258,-7.13514574,9.87341772
3538,16.02101086,-7.03176368,9.87341772
3539,15.29242711,-7.11320348,10.40506329
3540,16.15346197,-7.0167902,10.13924051
3541,16.55078046,-6.97156285,9.07594937
3542,16.68320828,-6.95638478,9.34177215
3543,17.47765121,-6.86424252,9.07594937
3544,17.61003752,-6.84870652,9.34177215
3545,16.81563023,-6.94115558,9.60759494
3546,16.94804629,-6.92587523,9.87341772
3547,17.08045643,-6.91054375,10.13924051
3548,17.21286065,-6.89516114,10.40506329
3549,12.50901432,-7.4099162,10.67088608
3550,12.70790845,-7.38947112,11.20253165
3551,14.43115296,-7.20745512,10.67088608
3552,13.56964493,-7.29954453,10.93670886
3553,14.62992949,-7.18589663,11.20253165
3554,11.84594896,-7.47723433,11.46835443
3555,12.0448822,-7.45717332,12.0
3556,12.90679071,-7.36891082,11.73417722
3557,13.76847494,-7.27848507,11.46835443
3558,13.96729273,-7.25731044,12.0
3559,11.97613949,-6.77746418,12.0
3560,11.90739678,-6.09775504,12.0
3561,13.89474502,-6.57799689,12.0
3562,13.82219731,-5.89868333,12.0
3563,15.4911489,-7.0911461,10.93670886
3564,16.35212776,-6.99423406,10.67088608
3565,15.68985788,-7.06897361,11.46835443
3566,14.82869349,-7.16422301,11.73417722
3567,15.88855398,-7.04668602,12.0
3568,16.55078046,-6.97156285,11.20253165
3569,17.41145581,-6.87199135,10.93670886
3570,15.81220354,-6.36778935,12.0
3571,15.73585311,-5.68889268,12.0
3572,17.61003752,-6.84870652,11.46835443
3573,16.74941999,-6.94877657,11.73417722
3574,18.40422846,-6.75441701,9.07594937
3575,18.53657229,-6.7385232,9.34177215
3576,17.74241781,-6.8331194,9.60759494
3577,18.66890996,-6.72257827,9.60759494
3578,19.33050544,-6.64208714,9.07594937
3579,19.46280582,-6.62583562,9.34177215
3580,20.25647538,-6.52725371,9.07594937
3581,20.38873134,-6.51064462,9.34177215
3582,19.59509991,-6.60953302,9.60759494
3583,20.52098088,-6.49398445,9.60759494
3584,17.87479208,-6.81748115,9.87341772
3585,18.80124147,-6.70658225,9.87341772
3586,18.0071603,-6.80179179,10.13924051
3587,18.13952245,-6.78605131,10.40506329
3588,18.9335668,-6.69053512,10.13924051
3589,19.06588591,-6.67443689,10.40506329
3590,19.72738769,-6.59317932,9.87341772
3591,19.85966915,-6.57677454,10.13924051
3592,19.99194427,-6.56031868,10.40506329
3593,21.18213151,-6.40991758,9.07594937
3594,21.31434209,-6.39295102,9.34177215
3595,21.44654611,-6.37593341,9.60759494
3596,22.10746707,-6.29007959,9.07594937
3597,22.23963131,-6.2727557,9.01265823
3598,22.76822103,-6.20294977,9.08860759
3599,22.63608372,-6.2204778,9.15189873
3600,22.37178884,-6.25538077,9.27848101
3601,22.23963131,-6.2727557,9.34177215
3602,22.50393965,-6.2379548,9.21518987
3603,22.90035157,-6.18537071,9.02531646
3604,23.2967023,-6.13232741,9.16455696
3605,23.42880552,-6.11454427,9.10126582
3606,23.56090187,-6.09671011,9.03797468
3607,23.16459222,-6.15005953,9.2278481
3608,22.90035157,-6.18537071,9.35443038
3609,23.0324753,-6.16774063,9.29113924
3610,23.56090187,-6.09671011,9.36708861
3611,22.76822103,-6.20294977,9.41772152
3612,22.63608372,-6.2204778,9.48101266
3613,22.50393965,-6.2379548,9.5443038
3614,22.37178884,-6.25538077,9.60759494
3615,22.76822103,-6.20294977,9.74683544
3616,23.16459222,-6.15005953,9.55696203
3617,23.42880552,-6.11454427,9.43037975
3618,23.2967023,-6.13232741,9.49367089
3619,23.0324753,-6.16774063,9.62025316
3620,22.90035157,-6.18537071,9.6835443
3621,23.56090187,-6.09671011,9.69620253
3622,20.65322397,-6.4772732,9.87341772
3623,21.57874354,-6.35886474,9.87341772
3624,20.7854606,-6.46051089,10.13924051
3625,20.91769075,-6.44369752,10.40506329
3626,21.71093438,-6.34174502,10.13924051
3627,21.84311859,-6.32457426,10.40506329
3628,22.63608372,-6.2204778,9.81012658
3629,22.50393965,-6.2379548,9.87341772
3630,22.76822103,-6.20294977,10.07594937
3631,23.16459222,-6.15005953,9.88607595
3632,23.2967023,-6.13232741,9.82278481
3633,23.42880552,-6.11454427,9.75949367
3634,22.90035157,-6.18537071,10.01265823
3635,23.0324753,-6.16774063,9.94936709
3636,23.42880552,-6.11454427,10.08860759
3637,23.56090187,-6.09671011,10.02531646
3638,22.63608372,-6.2204778,10.13924051
3639,22.76822103,-6.20294977,10.40506329
3640,23.16459222,-6.15005953,10.21518987
3641,23.0324753,-6.16774063,10.27848101
3642,23.2967023,-6.13232741,10.15189873
3643,22.90035157,-6.18537071,10.34177215
3644,23.2967023,-6.13232741,10.48101266
3645,23.42880552,-6.11454427,10.41772152
3646,23.56090187,-6.09671011,10.35443038
3647,18.27187851,-6.77025972,10.67088608
3648,18.47040114,-6.74647649,11.20253165
3649,19.1981988,-6.65828756,10.67088608
3650,20.12421302,-6.54381174,10.67088608
3651,19.33050544,-6.64208714,10.93670886
3652,20.25647538,-6.52725371,10.93670886
3653,20.38873134,-6.51064462,11.20253165
3654,17.8086057,-6.82530667,12.0
3655,18.66890996,-6.72257827,11.73417722
3656,17.72845493,-6.14684817,12.0
3657,19.52895365,-6.6176907,11.46835443
3658,19.72738769,-6.59317932,12.0
3659,20.58710323,-6.48563521,11.73417722
3660,19.64343911,-5.91518027,12.0
3661,21.04991439,-6.42683308,10.67088608
3662,21.97529616,-6.30735245,10.67088608
3663,21.18213151,-6.40991758,10.93670886
3664,21.31434209,-6.39295102,11.20253165
3665,22.10746707,-6.29007959,10.93670886
3666,23.16459222,-6.15005953,10.5443038
3667,22.90035157,-6.18537071,10.67088608
3668,23.0324753,-6.16774063,10.60759494
3669,23.56090187,-6.09671011,10.6835443
3670,23.16459222,-6.15005953,10.87341772
3671,23.42880552,-6.11454427,10.74683544
3672,23.2967023,-6.13232741,10.81012658
3673,22.23963131,-6.2727557,11.20253165
3674,23.0324753,-6.16774063,10.93670886
3675,23.56090187,-6.09671011,11.01265823
3676,23.16459222,-6.15005953,11.20253165
3677,23.2967023,-6.13232741,11.13924051
3678,23.42880552,-6.11454427,11.07594937
3679,21.44654611,-6.37593341,11.46835443
3680,21.64483979,-6.35031126,12.0
3681,21.55709602,-5.67279292,12.0
3682,22.37178884,-6.25538077,11.46835443
3683,23.42880552,-6.11454427,11.40506329
3684,23.56090187,-6.09671011,11.34177215
3685,23.2967023,-6.13232741,11.46835443
3686,22.50393965,-6.2379548,11.73417722
3687,23.42880552,-6.11454427,11.73417722
3688,23.56090187,-6.09671011,11.67088608
3689,23.56090187,-6.09671011,12.0
3690,21.87847948,-5.56540167,6.17088608
3691,21.85743238,-5.40410803,6.34177215
3692,21.79008164,-4.88796836,6.0
3693,21.83638527,-5.24281438,6.51265823
3694,21.81533817,-5.08152073,6.6835443
3695,21.76903454,-4.72667471,6.17088608
3696,21.74798743,-4.56538107,6.34177215
3697,21.72694033,-4.40408742,6.51265823
3698,21.70589322,-4.24279377,6.6835443
3699,21.79429106,-4.92022709,6.85443038
3700,21.8616418,-5.43636676,7.19620253
3701,21.84059469,-5.27507311,7.36708861
3702,21.77324396,-4.75893344,7.02531646
3703,21.75219685,-4.59763979,7.19620253
3704,21.73114975,-4.43634615,7.36708861
3705,21.68063669,-4.0492414,6.0
3706,21.65958959,-3.88794775,6.17088608
3707,21.63854248,-3.7266541,6.34177215
3708,21.61749538,-3.56536046,6.51265823
3709,21.55014464,-3.04922079,6.17088608
3710,21.52909754,-2.88792714,6.34177215
3711,21.59644828,-3.40406681,6.6835443
3712,21.68484612,-4.08150013,6.85443038
3713,21.66379901,-3.92020648,7.02531646
3714,21.64275191,-3.75891283,7.19620253
3715,21.6217048,-3.59761919,7.36708861
3716,21.57540117,-3.24277316,6.85443038
3717,21.55435407,-3.08147952,7.02531646
3718,21.53330696,-2.92018587,7.19620253
3719,21.81954759,-5.11377946,7.53797468
3720,21.79850048,-4.95248582,7.70886076
3721,21.79850048,-4.95248582,8.05063291
3722,21.93014819,-4.93528134,8.05063291
3723,22.06178923,-4.91802602,8.05063291
3724,21.71010264,-4.2750525,7.53797468
3725,21.71010264,-4.2750525,7.87974684
3726,22.19342361,-4.90071987,8.05063291
3727,22.32505129,-4.88336289,8.05063291
3728,22.45667226,-4.86595507,8.05063291
3729,22.5882865,-4.84849643,8.05063291
3730,22.71989399,-4.83098696,8.05063291
3731,22.8514947,-4.81342667,8.05063291
3732,22.98308862,-4.79581555,8.05063291
3733,23.11467574,-4.77815362,8.05063291
3734,23.24625602,-4.76044088,8.05063291
3735,23.37782945,-4.74267732,8.05063291
3736,23.37782945,-4.74267732,8.37974684
3737,23.37782945,-4.74267732,8.70886076
3738,21.6217048,-3.59761919,7.70886076
3739,21.6217048,-3.59761919,8.05063291
3740,21.7528293,-3.58048308,8.05063291
3741,21.88394716,-3.56329635,8.05063291
3742,22.01505838,-3.54605897,8.05063291
3743,21.53330696,-2.92018587,7.53797468
3744,21.53330696,-2.92018587,7.87974684
3745,22.14616294,-3.52877097,8.05063291
3746,22.27726081,-3.51143234,8.05063291
3747,22.40835197,-3.49404308,8.05063291
3748,22.53943641,-3.4766032,8.05063291
3749,22.6705141,-3.4591127,8.05063291
3750,22.80158503,-3.44157158,8.05063291
3751,22.93264917,-3.42397984,8.05063291
3752,23.06370652,-3.40633749,8.05063291
3753,23.19475703,-3.38864453,8.05063291
3754,23.19475703,-3.38864453,8.37974684
3755,23.19475703,-3.38864453,8.70886076
3756,21.4406997,-2.21049383,6.17088608
3757,21.50805043,-2.72663349,6.51265823
3758,21.48700333,-2.56533985,6.6835443
3759,21.41965259,-2.04920018,6.34177215
3760,21.39860549,-1.88790653,6.51265823
3761,21.37755838,-1.72661289,6.6835443
3762,21.46595622,-2.4040462,6.85443038
3763,21.44490912,-2.24275255,7.02531646
3764,21.44490912,-2.24275255,7.36708861
3765,21.35651128,-1.56531924,6.85443038
3766,21.35651128,-1.56531924,7.19620253
3767,21.33125475,-1.37176686,6.17088608
3768,21.31020765,-1.21047322,6.34177215
3769,21.28916054,-1.04917957,6.51265823
3770,21.26811344,-0.88788592,6.6835443
3771,21.22180981,-0.5330399,6.17088608
3772,21.2007627,-0.37174625,6.34177215
3773,21.1797156,-0.21045261,6.51265823
3774,21.26811344,-0.88788592,7.02531646
3775,21.26811344,-0.88788592,7.36708861
3776,21.1797156,-0.21045261,6.85443038
3777,21.1797156,-0.21045261,7.19620253
3778,21.44490912,-2.24275255,7.70886076
3779,21.44490912,-2.24275255,8.05063291
3780,21.57551041,-2.22568483,8.05063291
3781,21.70610509,-2.20856667,8.05063291
3782,21.83669316,-2.19139808,8.05063291
3783,21.96727458,-2.17417905,8.05063291
3784,21.35651128,-1.56531924,7.53797468
3785,21.35651128,-1.56531924,7.87974684
3786,22.09784935,-2.15690961,8.05063291
3787,22.22841744,-2.13958973,8.05063291
3788,22.35897883,-2.12221944,8.05063291
3789,22.4895335,-2.10479873,8.05063291
3790,22.62008143,-2.0873276,8.05063291
3791,22.75062261,-2.06980606,8.05063291
3792,22.88115701,-2.05223411,8.05063291
3793,23.01168462,-2.03461175,8.05063291
3794,23.01168462,-2.03461175,8.37974684
3795,23.01168462,-2.03461175,8.70886076
3796,21.26811344,-0.88788592,7.70886076
3797,21.26811344,-0.88788592,8.05063291
3798,21.39819152,-0.87088657,8.05063291
3799,21.52826302,-0.85383699,8.05063291
3800,21.65832793,-0.83673718,8.05063291
3801,21.78838623,-0.81958714,8.05063291
3802,21.91843789,-0.80238687,8.05063291
3803,22.04848291,-0.78513639,8.05063291
3804,21.1797156,-0.21045261,7.53797468
3805,21.1797156,-0.21045261,7.87974684
3806,22.17852125,-0.76783568,8.05063291
3807,22.3085529,-0.75048476,8.05063291
3808,22.43857784,-0.73308362,8.05063291
3809,22.56859605,-0.71563228,8.05063291
3810,22.69860751,-0.69813072,8.05063291
3811,22.8286122,-0.68057896,8.05063291
3812,22.8286122,-0.68057896,8.37974684
3813,22.8286122,-0.68057896,8.70886076
3814,11.83865407,-5.4180459,12.0
3815,13.7496496,-5.21936978,12.0
3816,13.67710189,-4.54005622,12.0
3817,13.60455418,-3.86074267,12.0
3818,15.65950267,-5.00999601,12.0
3819,15.58315223,-4.33109935,12.0
3820,17.64830417,-5.46838968,12.0
3821,17.5681534,-4.78993118,12.0
3822,15.43045136,-2.97330601,12.0
3823,17.40785186,-3.43301419,12.0
3824,13.45945875,-2.50211556,12.0
3825,13.31436333,-1.14348845,12.0
3826,15.27775049,-1.61551267,12.0
3827,17.24755032,-2.0760972,12.0
3828,15.12504961,-0.25771934,12.0
3829,17.08724879,-0.71918021,12.0
3830,23.37782945,-4.74267732,9.03797468
3831,23.37782945,-4.74267732,9.36708861
3832,23.37782945,-4.74267732,9.69620253
3833,23.37782945,-4.74267732,10.02531646
3834,23.37782945,-4.74267732,10.35443038
3835,23.19475703,-3.38864453,9.03797468
3836,23.19475703,-3.38864453,9.36708861
3837,23.19475703,-3.38864453,9.69620253
3838,23.19475703,-3.38864453,10.02531646
3839,23.19475703,-3.38864453,10.35443038
3840,19.55949052,-5.23718122,12.0
3841,19.39159335,-3.88118313,12.0
3842,23.37782945,-4.74267732,10.6835443
3843,23.37782945,-4.74267732,11.01265823
3844,21.38160847,-4.31775623,12.0
3845,23.37782945,-4.74267732,11.34177215
3846,23.37782945,-4.74267732,11.67088608
3847,23.37782945,-4.74267732,12.0
3848,23.19475703,-3.38864453,10.6835443
3849,23.19475703,-3.38864453,11.01265823
3850,21.20612092,-2.96271955,12.0
3851,23.19475703,-3.38864453,11.34177215
3852,23.19475703,-3.38864453,11.67088608
3853,23.19475703,-3.38864453,12.0
3854,23.01168462,-2.03461175,9.03797468
3855,23.01168462,-2.03461175,9.36708861
3856,23.01168462,-2.03461175,9.69620253
3857,23.01168462,-2.03461175,10.02531646
3858,23.01168462,-2.03461175,10.35443038
3859,22.8286122,-0.68057896,9.03797468
3860,22.8286122,-0.68057896,9.36708861
3861,22.8286122,-0.68057896,9.69620253
3862,22.8286122,-0.68057896,10.02531646
3863,22.8286122,-0.68057896,10.35443038
3864,19.22369617,-2.52518503,12.0
3865,19.055799,-1.16918693,12.0
3866,23.01168462,-2.03461175,10.6835443
3867,23.01168462,-2.03461175,11.01265823
3868,21.03063338,-1.60768286,12.0
3869,23.01168462,-2.03461175,11.34177215
3870,23.01168462,-2.03461175,11.67088608
3871,23.01168462,-2.03461175,12.0
3872,22.8286122,-0.68057896,10.6835443
3873,22.8286122,-0.68057896,11.01265823
3874,20.85514583,-0.25264617,12.0
3875,22.8286122,-0.68057896,11.34177215
3876,22.8286122,-0.68057896,11.67088608
3877,22.8286122,-0.68057896,12.0
3878,10.10628793,9.13919114,0.0
3879,21.13341197,0.14439342,6.0
3880,21.03711129,9.13919114,0.0
3881,0.66855057,0.48428942,8.06635224
3882,1.39462453,1.22056533,8.08207157
3883,2.28551555,0.60077638,8.08207157
3884,0.57365752,1.8473432,8.0977909
3885,1.29658216,2.5833962,8.11351022
3886,2.11742087,1.95840189,8.0977909
3887,2.83693626,2.69778789,8.11351022
3888,3.00803162,1.34054399,8.0977909
3889,3.96877789,0.73036806,8.08207157
3890,4.93301916,0.1229469,8.06635224
3891,5.71821752,0.87406862,8.06635224
3892,3.79386963,2.08713258,8.0977909
3893,4.75429933,1.47922133,8.08207157
3894,5.33649045,2.21307031,8.0977909
3895,0.47876446,3.21039698,8.12922955
3896,1.1985398,3.94622708,8.14494888
3897,2.01622972,3.32100258,8.12922955
3898,2.60016907,4.05003545,8.14494888
3899,0.3838714,4.57345076,8.16066821
3900,0.96856807,5.29959338,8.17638754
3901,1.78285959,4.67381375,8.16066821
3902,2.36448505,5.40241867,8.17638754
3903,3.4204916,3.42826907,8.12922955
3904,4.37674528,2.81929682,8.11351022
3905,4.00134753,4.15976101,8.14494888
3906,4.9569186,3.55246699,8.12922955
3907,3.18141155,4.78008282,8.16066821
3908,3.75995542,5.51113705,8.17638754
3909,5.53438787,4.28663543,8.14494888
3910,4.57950234,4.89225607,8.16066821
3911,10.10628793,0.05356971,6.0
3912,10.05455155,0.58351686,6.0
3913,10.10628793,0.58863826,6.0
3914,9.85382625,0.56398159,6.38012731
3915,9.78785331,1.24396515,6.20924124
3916,9.58752333,1.22458937,6.58936855
3917,10.96102277,0.67324866,6.0
3918,9.65308928,0.54456645,6.76025463
3919,9.85382625,0.56398159,7.06367162
3920,10.05455155,0.58351686,7.36708861
3921,9.58752333,1.22458937,6.9311407
3922,9.78785331,1.24396515,7.23455769
3923,9.45876709,2.06193847,6.27074124
3924,9.72447198,1.40124408,6.0615
3925,9.52195737,1.9046123,6.41848247
3926,9.39562229,2.21927587,6.123
3927,10.20892274,2.29845852,6.123
3928,9.19386468,2.72283083,6.47998247
3929,9.25686389,2.56545759,6.62772371
3930,10.53976519,1.48123065,6.0615
3931,11.44380789,1.57227082,6.0615
3932,11.02202778,2.37962316,6.123
3933,9.32202284,1.88539554,6.79860979
3934,9.52195737,1.9046123,7.10202678
3935,9.52195737,1.9046123,7.4211631
3936,9.25686389,2.56545759,6.96949586
3937,9.25686389,2.56545759,7.28863218
3938,6.68561627,0.27168888,8.05063291
3939,7.26642374,1.00891232,8.06635224
3940,8.16965443,0.40484724,8.06635224
3941,8.74719636,1.1446317,8.08207157
3942,6.29971925,1.609604,8.08207157
3943,6.8785128,2.34613563,8.0977909
3944,7.84452012,1.74712715,8.08207157
3945,8.41990375,2.4863257,8.0977909
3946,9.85382625,0.56398159,7.72458009
3947,9.65308928,0.54456645,8.08207157
3948,9.78785331,1.24396515,7.55369401
3949,9.58752333,1.22458937,7.91118549
3950,9.52195737,1.9046123,7.74029942
3951,9.32202284,1.88539554,8.0977909
3952,9.25686389,2.56545759,7.6077685
3953,9.25686389,2.56545759,7.92690482
3954,8.74161369,3.85624765,6.246
3955,8.80428525,3.69879412,6.39374124
3956,8.6664679,4.04520655,6.88445229
3957,8.72908484,3.88773969,7.02357035
3958,8.72908484,3.88773969,7.34270667
3959,8.41645531,4.6751849,6.3075
3960,8.47889017,4.5176737,6.44122858
3961,8.60389647,4.20268452,6.73671105
3962,8.54137056,4.36017357,6.58896981
3963,8.09252789,5.49442123,6.369
3964,8.8099666,5.56202852,6.369
3965,8.21696966,5.17929503,6.63645716
3966,8.15472601,5.33685262,6.50272858
3967,8.34159356,4.86421295,6.93193963
3968,8.40397379,4.70668847,7.07105769
3969,8.46639956,4.54917506,7.21017575
3970,8.08009373,5.52593627,7.11854503
3971,8.27925885,5.02174847,6.78419839
3972,8.20451729,5.21080567,7.39678116
3973,8.14228274,5.36836546,7.2576631
3974,9.06800278,3.03761085,6.1845
3975,9.13091098,2.88021525,6.33224124
3976,9.8793097,3.11599258,6.1845
3977,8.92976491,3.38392043,6.68922371
3978,9.55092636,3.93383146,6.246
3979,8.86700232,3.54135171,6.54148247
3980,10.69042319,3.19635144,6.1845
3981,11.50133841,3.27868695,6.1845
3982,10.36004754,4.01338754,6.246
3983,11.16897242,4.09491541,6.246
3984,8.992573,3.22650029,6.83696495
3985,8.992573,3.22650029,7.15610127
3986,8.992573,3.22650029,7.47523759
3987,9.13567202,4.74349745,6.3075
3988,9.94282108,4.82203904,6.3075
3989,10.74977631,4.90254763,6.3075
3990,11.55653292,4.98502273,6.3075
3991,5.91597632,2.94792038,8.11351022
3992,6.49275523,3.68376388,8.12922955
3993,7.45459651,3.08365584,8.11351022
3994,8.72908484,3.88773969,7.66184299
3995,8.0279687,3.82215696,8.12922955
3996,8.72908484,3.88773969,7.98097931
3997,7.06682552,4.42059316,8.14494888
3998,6.10915142,5.0217945,8.16066821
3999,8.46639956,4.54917506,7.52931207
4000,8.46639956,4.54917506,7.84844839
4001,8.46639956,4.54917506,8.14494888
4002,8.20451729,5.21080567,7.71591748
4003,7.50619553,5.14632744,8.16066821
4004,8.20451729,5.21080567,8.01241796
4005,8.992573,3.22650029,7.7943739
4006,8.992573,3.22650029,8.11351022
4007,1.62249567,0.55206433,11.95032692
4008,1.52372662,1.91484273,11.85098077
4009,3.55342056,0.01233879,11.95032692
4010,3.29811862,1.36294561,11.90065385
4011,5.22798671,0.83287339,11.90065385
4012,3.19232638,2.7251968,11.80130769
4013,4.9660294,2.18217147,11.85098077
4014,1.42495757,3.27762113,11.75163462
4015,1.32618852,4.64039954,11.65228846
4016,2.68655722,5.42698454,11.60261538
4017,3.08653415,4.08744799,11.70196154
4018,4.8532168,3.54385925,11.75163462
4019,4.44573446,4.88126638,11.65228846
4020,7.16460413,0.31394413,11.90065385
4021,6.89479258,1.66172734,11.85098077
4022,8.70219444,2.51277848,11.85098077
4023,8.97924607,1.16649867,11.90065385
4024,11.07076493,0.68428,11.95032692
4025,10.78527813,2.02883017,11.90065385
4026,6.62618661,3.00968396,11.80130769
4027,7.98293449,3.81799547,11.75163462
4028,6.21121021,4.34491988,11.70196154
4029,7.56287332,5.15150524,11.65228846
4030,10.0569316,3.32955545,11.80130769
4031,11.40527456,4.15181063,11.75163462
4032,9.33332255,4.63181137,11.70196154
4033,10.67732856,5.45109213,11.65228846
4034,0.15729938,5.92736372,8.19210686
4035,0.73968014,6.65309013,8.20782619
4036,1.55057295,6.02675798,8.19210686
4037,2.94341442,6.1320342,8.19210686
4038,2.12988427,6.75493692,8.20782619
4039,0.06295019,7.29045525,8.22354552
4040,1.31936987,7.37983461,8.22354552
4041,0.64272535,8.01599881,8.23926485
4042,2.70650028,7.48412256,8.22354552
4043,1.89636681,8.10758954,8.23926485
4044,0.64272535,8.01599881,8.28998053
4045,0.64272535,8.01599881,8.3406962
4046,0.64272535,8.01599881,8.39141188
4047,0.64272535,8.01599881,8.44212756
4048,0.64272535,8.01599881,8.49284323
4049,0.64272535,8.01599881,8.54355891
4050,0.64272535,8.01599881,8.59427459
4051,0.64272535,8.01599881,8.64499026
4052,0.64272535,8.01599881,8.69570594
4053,0.64272535,8.01599881,8.74642162
4054,0.64272535,8.01599881,8.79713729
4055,0.64272535,8.01599881,8.84785297
4056,1.89636681,8.10758954,8.28998053
4057,1.89636681,8.10758954,8.3406962
4058,1.89636681,8.10758954,8.39141188
4059,1.89636681,8.10758954,8.44212756
4060,1.89636681,8.10758954,8.49284323
4061,1.89636681,8.10758954,8.54355891
4062,1.89636681,8.10758954,8.59427459
4063,1.89636681,8.10758954,8.64499026
4064,1.89636681,8.10758954,8.69570594
4065,1.89636681,8.10758954,8.74642162
4066,1.89636681,8.10758954,8.79713729
4067,1.89636681,8.10758954,8.84785297
4068,4.33579897,6.2431905,8.19210686
4069,3.51964597,6.86265268,8.20782619
4070,5.15495431,5.62574658,8.17638754
4071,4.77767601,6.96525122,8.20782619
4072,5.59619144,6.34891398,8.19210686
4073,3.96216019,7.58360764,8.22354552
4074,3.14964892,8.20397266,8.23926485
4075,4.40255337,8.30514678,8.23926485
4076,5.21743055,7.68789278,8.22354552
4077,3.14964892,8.20397266,8.28998053
4078,3.14964892,8.20397266,8.3406962
4079,3.14964892,8.20397266,8.39141188
4080,3.14964892,8.20397266,8.44212756
4081,3.14964892,8.20397266,8.49284323
4082,3.14964892,8.20397266,8.54355891
4083,3.14964892,8.20397266,8.59427459
4084,4.40255337,8.30514678,8.28998053
4085,4.40255337,8.30514678,8.3406962
4086,4.40255337,8.30514678,8.39141188
4087,4.40255337,8.30514678,8.44212756
4088,4.40255337,8.30514678,8.49284323
4089,4.40255337,8.30514678,8.54355891
4090,4.40255337,8.30514678,8.59427459
4091,3.14964892,8.20397266,8.64499026
4092,3.14964892,8.20397266,8.69570594
4093,3.14964892,8.20397266,8.74642162
4094,3.14964892,8.20397266,8.79713729
4095,3.14964892,8.20397266,8.84785297
4096,4.40255337,8.30514678,8.64499026
4097,4.40255337,8.30514678,8.69570594
4098,4.40255337,8.30514678,8.74642162
4099,4.40255337,8.30514678,8.79713729
4100,4.40255337,8.30514678,8.84785297
4101,5.65506184,8.41111042,8.23926485
4102,5.65506184,8.41111042,8.28998053
4103,5.65506184,8.41111042,8.3406962
4104,5.65506184,8.41111042,8.39141188
4105,5.65506184,8.41111042,8.44212756
4106,5.65506184,8.41111042,8.49284323
4107,5.65506184,8.41111042,8.54355891
4108,5.65506184,8.41111042,8.59427459
4109,5.65506184,8.41111042,8.64499026
4110,5.65506184,8.41111042,8.69570594
4111,5.65506184,8.41111042,8.74642162
4112,5.65506184,8.41111042,8.79713729
4113,5.65506184,8.41111042,8.84785297
4114,7.89379989,5.99871472,6.69795716
4115,7.83179302,6.1563295,6.56422858
4116,7.7698317,6.31395525,6.4305
4117,8.48549176,6.38085996,6.4305
4118,7.9558523,5.84111091,6.83168574
4119,8.01795024,5.68351809,6.97942697
4120,7.81939711,6.18785378,7.30515044
4121,7.88139487,6.0302368,7.4442685
4122,7.69553822,6.50312062,7.02691431
4123,7.63367709,6.66077047,6.89318574
4124,7.57186151,6.81843126,6.75945716
4125,7.7574449,6.34548172,7.16603238
4126,7.55950386,6.84996473,7.47774318
4127,7.12813406,7.9539109,6.5535
4128,7.18962164,7.79617166,6.67321592
4129,7.448367,7.1337856,6.492
4130,7.51009148,6.97610297,6.62572858
4131,8.16224776,7.19999039,6.492
4132,7.7530031,8.01131002,6.5535
4133,8.46497781,8.07817418,6.5535
4134,7.25115479,7.63844328,6.8069445
4135,7.31273349,7.48072578,6.94067308
4136,6.99302176,8.30097545,6.98816042
4137,7.0544091,8.14321233,7.121889
4138,7.11584201,7.98546006,7.2469944
4139,7.17732048,7.82771864,7.37209981
4140,7.37435775,7.32301916,7.07440166
4141,7.43602757,7.16532344,7.19950706
4142,7.49774294,7.00763863,7.33862512
4143,9.52725683,5.63119339,6.369
4144,9.20100486,6.44931838,6.4305
4145,9.91636764,6.5193302,6.4305
4146,10.33224118,5.71068673,6.369
4147,11.1370294,5.7921418,6.369
4148,10.71918623,6.59976927,6.4305
4149,11.43421876,6.67307709,6.4305
4150,8.87598309,7.26774504,6.492
4151,9.58956962,7.33704923,6.492
4152,10.303004,7.40790263,6.492
4153,9.17680567,8.14658406,6.5535
4154,9.88848332,8.21653934,6.5535
4155,11.01628285,7.4803049,6.492
4156,11.72940282,7.55425572,6.492
4157,10.51284697,8.27919714,6.5535
4158,11.22423353,8.35205299,6.5535
4159,6.54945685,5.74624521,8.17638754
4160,6.98763661,6.4712692,8.19210686
4161,7.94343817,5.87263079,7.58338656
4162,7.94343817,5.87263079,7.87988705
4163,7.94343817,5.87263079,8.17638754
4164,7.68316235,6.53464972,7.74735613
4165,7.62131033,6.69230175,7.61686125
4166,7.68316235,6.53464972,8.04385662
4167,7.23884451,7.66998808,7.51121787
4168,7.30041411,7.51226841,7.65033593
4169,7.36202926,7.35455961,7.78083082
4170,6.03530459,7.07265886,8.20782619
4171,6.98074975,8.33252937,7.68381061
4172,7.04212799,8.17476408,7.8143055
4173,6.47229303,7.79697647,8.22354552
4174,7.10355178,8.01700964,7.94480039
4175,7.16502114,7.85926605,8.07529528
4176,7.42368996,7.19686171,7.91132571
4177,7.42368996,7.19686171,8.20782619
4178,6.87038377,8.61653418,6.73471592
4179,6.80913313,8.77432978,6.615
4180,6.49136448,9.59504085,6.6765
4181,7.11310791,9.65122378,6.6765
4182,7.43243965,8.83111963,6.615
4183,8.05563683,8.88909693,6.615
4184,8.76570494,8.95661612,6.615
4185,7.73474317,9.70859118,6.6765
4186,6.93167998,8.4587494,6.85443184
4187,6.85813,8.64809243,7.41958715
4188,6.79688847,8.80589019,7.29448174
4189,6.73569252,8.96369875,7.16937634
4190,6.61343734,9.27934825,6.91593184
4191,6.55237812,9.43718917,6.79621592
4192,6.67454214,9.12151811,7.03564776
4193,6.54017175,9.46875864,7.46707449
4194,6.47916722,9.62661247,7.34196908
4195,6.17482836,10.41604274,6.738
4196,6.79500815,10.4716211,6.738
4197,8.356268,9.76714286,6.6765
4198,7.41508092,10.52838096,6.738
4199,8.03504442,10.58632211,6.738
4200,8.65489641,10.64544434,6.738
4201,6.29642714,10.10023845,6.97743184
4202,6.35729492,9.94235239,7.09714776
4203,6.23560495,10.25813524,6.85771592
4204,6.17482836,10.41604274,6.91456962
4205,6.23560495,10.25813524,7.03428554
4206,6.17482836,10.41604274,7.09113924
4207,6.41820828,9.78447706,7.21686368
4208,6.29642714,10.10023845,7.15400146
4209,6.35729492,9.94235239,7.27371738
4210,6.41820828,9.78447706,7.3971261
4211,6.29642714,10.10023845,7.33057108
4212,6.35729492,9.94235239,7.4539798
4213,6.23560495,10.25813524,7.21085516
4214,6.17482836,10.41604274,7.26770886
4215,6.23560495,10.25813524,7.38742478
4216,6.17482836,10.41604274,7.44427848
4217,6.79500815,10.4716211,6.91456962
4218,6.79500815,10.4716211,7.09113924
4219,6.79500815,10.4716211,7.26770886
4220,6.79500815,10.4716211,7.44427848
4221,7.41508092,10.52838096,6.91456962
4222,8.03504442,10.58632211,6.91456962
4223,7.41508092,10.52838096,7.09113924
4224,8.03504442,10.58632211,7.09113924
4225,8.65489641,10.64544434,6.91456962
4226,8.65489641,10.64544434,7.09113924
4227,7.41508092,10.52838096,7.26770886
4228,8.03504442,10.58632211,7.26770886
4229,7.41508092,10.52838096,7.44427848
4230,8.03504442,10.58632211,7.44427848
4231,8.65489641,10.64544434,7.26770886
4232,8.65489641,10.64544434,7.44427848
4233,9.47562477,9.02567688,6.615
4234,10.10628793,9.13919114,6.0
4235,10.09844756,9.08754661,6.615
4236,10.72115135,9.15060287,6.615
4237,11.43064538,9.22390894,6.615
4238,9.06442894,9.83531272,6.6765
4239,9.68570992,9.89639756,6.6765
4240,10.30687339,9.95866597,6.6765
4241,9.27463463,10.70574744,6.738
4242,9.89425683,10.76723119,6.738
4243,10.9279171,10.02211775,6.6765
4244,11.63551836,10.09587071,6.6765
4245,10.51376077,10.82989536,6.738
4246,11.13314419,10.89373973,6.738
4247,11.75240484,10.95876407,6.738
4248,9.27463463,10.70574744,6.91456962
4249,9.27463463,10.70574744,7.09113924
4250,9.89425683,10.76723119,6.91456962
4251,9.89425683,10.76723119,7.09113924
4252,9.27463463,10.70574744,7.26770886
4253,9.27463463,10.70574744,7.44427848
4254,9.89425683,10.76723119,7.26770886
4255,9.89425683,10.76723119,7.44427848
4256,10.51376077,10.82989536,6.91456962
4257,10.51376077,10.82989536,7.09113924
4258,11.13314419,10.89373973,6.91456962
4259,11.75240484,10.95876407,6.91456962
4260,11.13314419,10.89373973,7.09113924
4261,11.75240484,10.95876407,7.09113924
4262,10.51376077,10.82989536,7.26770886
4263,10.51376077,10.82989536,7.44427848
4264,11.13314419,10.89373973,7.26770886
4265,11.75240484,10.95876407,7.26770886
4266,11.13314419,10.89373973,7.44427848
4267,11.75240484,10.95876407,7.44427848
4268,6.91941709,8.49030549,7.54469255
4269,6.7234588,8.99526176,7.84778019
4270,6.90715603,8.52186201,8.23926485
4271,6.84587805,8.67965112,8.10876996
4272,6.78464564,8.83745104,7.97827507
4273,6.7234588,8.99526176,8.03173539
4274,6.78464564,8.83745104,8.16223028
4275,6.7234588,8.99526176,8.2156906
4276,6.60122185,9.31091557,7.59217989
4277,6.60122185,9.31091557,7.77244231
4278,6.54017175,9.46875864,7.6473369
4279,6.47916722,9.62661247,7.5222315
4280,6.54017175,9.46875864,7.82759932
4281,6.47916722,9.62661247,7.70249391
4282,6.66231754,9.15308327,7.7172853
4283,6.60122185,9.31091557,7.95639752
4284,6.60122185,9.31091557,8.14035273
4285,6.54017175,9.46875864,8.01155453
4286,6.47916722,9.62661247,7.88275633
4287,6.54017175,9.46875864,8.19550974
4288,6.47916722,9.62661247,8.06671154
4289,6.47916722,9.62661247,8.24697395
4290,6.66231754,9.15308327,7.90124051
4291,6.66231754,9.15308327,8.08519572
4292,6.90715603,8.52186201,8.28998053
4293,6.90715603,8.52186201,8.3406962
4294,6.90715603,8.52186201,8.39141188
4295,6.84587805,8.67965112,8.29272517
4296,6.84587805,8.67965112,8.34344085
4297,6.84587805,8.67965112,8.39415652
4298,6.90715603,8.52186201,8.44212756
4299,6.90715603,8.52186201,8.49284323
4300,6.90715603,8.52186201,8.54355891
4301,6.90715603,8.52186201,8.59427459
4302,6.84587805,8.67965112,8.4448722
4303,6.84587805,8.67965112,8.49458982
4304,6.84587805,8.67965112,8.5453055
4305,6.84587805,8.67965112,8.59602118
4306,6.78464564,8.83745104,8.34618549
4307,6.78464564,8.83745104,8.39690117
4308,6.7234588,8.99526176,8.39964581
4309,6.78464564,8.83745104,8.44761685
4310,6.78464564,8.83745104,8.49733447
4311,6.78464564,8.83745104,8.54705209
4312,6.78464564,8.83745104,8.59776777
4313,6.7234588,8.99526176,8.45036149
4314,6.7234588,8.99526176,8.50007911
4315,6.7234588,8.99526176,8.54979674
4316,6.7234588,8.99526176,8.59951436
4317,6.90715603,8.52186201,8.64499026
4318,6.90715603,8.52186201,8.69570594
4319,6.90715603,8.52186201,8.74642162
4320,6.90715603,8.52186201,8.79713729
4321,6.84587805,8.67965112,8.64673685
4322,6.84587805,8.67965112,8.69645448
4323,6.84587805,8.67965112,8.74717016
4324,6.84587805,8.67965112,8.79788583
4325,6.90715603,8.52186201,8.84785297
4326,6.84587805,8.67965112,8.84860151
4327,6.78464564,8.83745104,8.64848345
4328,6.78464564,8.83745104,8.69820107
4329,6.78464564,8.83745104,8.7479187
4330,6.78464564,8.83745104,8.79863437
4331,6.7234588,8.99526176,8.65023004
4332,6.7234588,8.99526176,8.69994766
4333,6.7234588,8.99526176,8.74966529
4334,6.7234588,8.99526176,8.79938291
4335,6.78464564,8.83745104,8.84935005
4336,6.7234588,8.99526176,8.85009859
4337,6.60122185,9.31091557,8.32430794
4338,6.60122185,9.31091557,8.50457035
4339,6.60122185,9.31091557,8.55428797
4340,6.60122185,9.31091557,8.6040056
4341,6.54017175,9.46875864,8.37577215
4342,6.47916722,9.62661247,8.42723637
4343,6.54017175,9.46875864,8.55603457
4344,6.54017175,9.46875864,8.60575219
4345,6.47916722,9.62661247,8.60749878
4346,6.66231754,9.15308327,8.26915093
4347,6.66231754,9.15308327,8.45310613
4348,6.66231754,9.15308327,8.50282376
4349,6.66231754,9.15308327,8.55254138
4350,6.66231754,9.15308327,8.60225901
4351,6.60122185,9.31091557,8.65372322
4352,6.60122185,9.31091557,8.70244279
4353,6.60122185,9.31091557,8.75216042
4354,6.60122185,9.31091557,8.80187804
4355,6.60122185,9.31091557,8.85159567
4356,6.54017175,9.46875864,8.65546981
4357,6.54017175,9.46875864,8.70418939
4358,6.54017175,9.46875864,8.75290896
4359,6.54017175,9.46875864,8.80262658
4360,6.47916722,9.62661247,8.65721641
4361,6.47916722,9.62661247,8.70593598
4362,6.47916722,9.62661247,8.75465555
4363,6.47916722,9.62661247,8.80337512
4364,6.54017175,9.46875864,8.85234421
4365,6.47916722,9.62661247,8.85309275
4366,6.66231754,9.15308327,8.65197663
4367,6.66231754,9.15308327,8.70169426
4368,6.66231754,9.15308327,8.75141188
4369,6.66231754,9.15308327,8.8011295
4370,6.66231754,9.15308327,8.85084713
4371,7.31833104,9.2126607,8.85084713
4372,7.25691862,9.37037003,8.85159567
4373,7.19555176,9.52809022,8.85234421
4374,7.13423046,9.68582126,8.85309275
4375,7.58118257,8.58348011,8.84785297
4376,7.51957988,8.74114272,8.84860151
4377,7.45802274,8.89881625,8.84935005
4378,7.39651114,9.05650067,8.85009859
4379,8.25508084,8.6464857,8.84785297
4380,8.19315369,8.80402116,8.84860151
4381,8.13127208,8.96156762,8.84935005
4382,8.7876671,9.02409445,8.84935005
4383,8.05271706,9.11755223,8.85009859
4384,7.97422362,9.273555,8.85084713
4385,7.91249472,9.43114071,8.85159567
4386,7.85081135,9.58873739,8.85234421
4387,7.77248668,9.7447865,8.85309275
4388,8.7087991,9.17992104,8.85009859
4389,8.62999263,9.33576591,8.85084713
4390,8.56794749,9.49322739,8.85159567
4391,8.48925613,9.64910474,8.85234421
4392,6.41820828,9.78447706,7.57738851
4393,6.29642714,10.10023845,7.5108335
4394,6.35729492,9.94235239,7.63424221
4395,6.41820828,9.78447706,7.75765093
4396,6.29642714,10.10023845,7.69109591
4397,6.35729492,9.94235239,7.81450463
4398,6.29642714,10.10023845,7.86766553
4399,6.23560495,10.25813524,7.5676872
4400,6.17482836,10.41604274,7.6208481
4401,6.23560495,10.25813524,7.74425682
4402,6.17482836,10.41604274,7.79741772
4403,6.41820828,9.78447706,7.93791334
4404,6.35729492,9.94235239,7.99107425
4405,6.29642714,10.10023845,8.04423515
4406,6.41820828,9.78447706,8.11817575
4407,6.35729492,9.94235239,8.17133666
4408,6.29642714,10.10023845,8.22449757
4409,6.23560495,10.25813524,7.92082644
4410,6.17482836,10.41604274,7.97398734
4411,6.23560495,10.25813524,8.09739606
4412,6.17482836,10.41604274,8.15055696
4413,6.79500815,10.4716211,7.6208481
4414,6.79500815,10.4716211,7.79741772
4415,6.79500815,10.4716211,7.97398734
4416,6.79500815,10.4716211,8.15055696
4417,7.41508092,10.52838096,7.6208481
4418,8.03504442,10.58632211,7.6208481
4419,7.41508092,10.52838096,7.79741772
4420,8.03504442,10.58632211,7.79741772
4421,8.65489641,10.64544434,7.6208481
4422,8.65489641,10.64544434,7.79741772
4423,7.41508092,10.52838096,7.97398734
4424,8.03504442,10.58632211,7.97398734
4425,7.41508092,10.52838096,8.15055696
4426,8.03504442,10.58632211,8.15055696
4427,8.65489641,10.64544434,7.97398734
4428,8.65489641,10.64544434,8.15055696
4429,6.41820828,9.78447706,8.29843817
4430,6.35729492,9.94235239,8.35159907
4431,6.29642714,10.10023845,8.40475998
4432,6.41820828,9.78447706,8.47870058
4433,6.35729492,9.94235239,8.53186149
4434,6.29642714,10.10023845,8.5813296
4435,6.23560495,10.25813524,8.27765847
4436,6.17482836,10.41604274,8.32712658
4437,6.23560495,10.25813524,8.45422809
4438,6.17482836,10.41604274,8.5036962
4439,6.41820828,9.78447706,8.658963
4440,6.41820828,9.78447706,8.70768257
4441,6.41820828,9.78447706,8.75640214
4442,6.41820828,9.78447706,8.80512171
4443,6.35729492,9.94235239,8.70843111
4444,6.35729492,9.94235239,8.75715068
4445,6.35729492,9.94235239,8.80587025
4446,6.29642714,10.10023845,8.75789922
4447,6.29642714,10.10023845,8.80661879
4448,6.41820828,9.78447706,8.85384129
4449,6.35729492,9.94235239,8.85458982
4450,6.29642714,10.10023845,8.85533836
4451,6.23560495,10.25813524,8.63079771
4452,6.23560495,10.25813524,8.80736733
4453,6.17482836,10.41604274,8.68026582
4454,6.23560495,10.25813524,8.8560869
4455,6.17482836,10.41604274,8.85683544
4456,7.05627285,9.84204128,8.85384129
4457,6.99505074,9.99979714,8.85458982
4458,6.93387419,10.15756381,8.85533836
4459,6.87274321,10.31534131,8.8560869
4460,6.79500815,10.4716211,8.32712658
4461,6.79500815,10.4716211,8.5036962
4462,6.79500815,10.4716211,8.68026582
4463,6.79500815,10.4716211,8.85683544
4464,7.69422359,9.90085371,8.85384129
4465,7.63269296,10.05848948,8.85458982
4466,7.57120788,10.21613617,8.85533836
4467,7.4931136,10.37224955,8.8560869
4468,8.41062631,9.80500032,8.85309275
4469,8.33205805,9.96091411,8.85384129
4470,8.27021913,10.11842921,8.85458982
4471,8.191766,10.27437535,8.85533836
4472,8.11337443,10.43033966,8.8560869
4473,8.81221204,10.33379675,8.85533836
4474,7.41508092,10.52838096,8.32712658
4475,8.03504442,10.58632211,8.32712658
4476,7.41508092,10.52838096,8.5036962
4477,8.03504442,10.58632211,8.5036962
4478,8.65489641,10.64544434,8.32712658
4479,8.65489641,10.64544434,8.5036962
4480,7.41508092,10.52838096,8.68026582
4481,8.03504442,10.58632211,8.68026582
4482,7.41508092,10.52838096,8.85683544
4483,8.03504442,10.58632211,8.85683544
4484,8.65489641,10.64544434,8.68026582
4485,8.73352346,10.48961141,8.8560869
4486,8.65489641,10.64544434,8.85683544
4487,8.92884797,8.71087851,8.84785297
4488,8.86659663,8.86828615,8.84860151
4489,9.52317744,8.93228938,8.84860151
4490,9.6024811,8.77665829,8.84785297
4491,10.27597738,8.84382475,8.84785297
4492,10.1963535,8.99929224,8.84860151
4493,9.44393528,9.0879389,8.84935005
4494,9.36475461,9.24360685,8.85009859
4495,9.28563543,9.39929319,8.85084713
4496,9.12758158,9.71072103,8.85234421
4497,9.20657775,9.55499793,8.85159567
4498,10.11679106,9.1547783,8.84935005
4499,10.03729008,9.3102829,8.85009859
4500,9.86177927,9.6196823,8.85159567
4501,9.94114937,9.46413659,8.85084713
4502,10.94933396,8.9123776,8.84785297
4503,10.86939018,9.06768083,8.84860151
4504,11.62254798,8.98231655,8.84785297
4505,10.78950781,9.22300277,8.84935005
4506,10.6929812,9.37663547,8.85009859
4507,10.59653181,9.53029585,8.85084713
4508,10.5168496,9.6856819,8.85159567
4509,11.54228465,9.13745488,8.84860151
4510,11.44537263,9.29086564,8.84935005
4511,11.34853779,9.44430425,8.85009859
4512,11.17178612,9.75299646,8.85159567
4513,11.25178011,9.59777068,8.85084713
4514,9.27463463,10.70574744,7.6208481
4515,9.27463463,10.70574744,7.79741772
4516,9.89425683,10.76723119,7.6208481
4517,9.89425683,10.76723119,7.79741772
4518,9.27463463,10.70574744,7.97398734
4519,9.27463463,10.70574744,8.15055696
4520,9.89425683,10.76723119,7.97398734
4521,9.89425683,10.76723119,8.15055696
4522,10.51376077,10.82989536,7.6208481
4523,10.51376077,10.82989536,7.79741772
4524,11.13314419,10.89373973,7.6208481
4525,11.75240484,10.95876407,7.6208481
4526,11.13314419,10.89373973,7.79741772
4527,11.75240484,10.95876407,7.79741772
4528,10.51376077,10.82989536,7.97398734
4529,10.51376077,10.82989536,8.15055696
4530,11.13314419,10.89373973,7.97398734
4531,11.75240484,10.95876407,7.97398734
4532,11.13314419,10.89373973,8.15055696
4533,11.75240484,10.95876407,8.15055696
4534,9.04864692,9.86646248,8.85309275
4535,8.96977378,10.02222226,8.85384129
4536,8.89096215,10.17800036,8.85458982
4537,9.5282521,10.24040154,8.85458982
4538,9.44919734,10.39604356,8.85533836
4539,9.70322347,9.93082917,8.85309275
4540,9.78247063,9.7752465,8.85234421
4541,9.60736835,10.08477793,8.85384129
4542,10.24483931,10.14858087,8.85384129
4543,10.08605965,10.45953646,8.85533836
4544,10.16541875,10.30404939,8.85458982
4545,9.27463463,10.70574744,8.32712658
4546,9.27463463,10.70574744,8.5036962
4547,9.89425683,10.76723119,8.32712658
4548,9.89425683,10.76723119,8.5036962
4549,9.27463463,10.70574744,8.68026582
4550,9.37020408,10.55170398,8.8560869
4551,9.27463463,10.70574744,8.85683544
4552,9.89425683,10.76723119,8.68026582
4553,9.89425683,10.76723119,8.85683544
4554,9.9901196,10.61337009,8.8560869
4555,10.43722882,9.84108657,8.85234421
4556,10.34099544,9.99481993,8.85309275
4557,10.97864099,10.06005832,8.85309275
4558,10.88218423,10.21363084,8.85384129
4559,10.80245967,10.36894369,8.85458982
4560,11.07517496,9.90651352,8.85234421
4561,11.71299187,9.97318842,8.85234421
4562,11.51940066,10.27992759,8.85384129
4563,11.61615769,10.12654407,8.85309275
4564,11.42272079,10.43333894,8.85458982
4565,10.51376077,10.82989536,8.32712658
4566,10.51376077,10.82989536,8.5036962
4567,11.13314419,10.89373973,8.32712658
4568,11.75240484,10.95876407,8.32712658
4569,11.13314419,10.89373973,8.5036962
4570,11.75240484,10.95876407,8.5036962
4571,10.6099165,10.67621719,8.8560869
4572,10.70614947,10.52256662,8.85533836
4573,10.51376077,10.82989536,8.68026582
4574,10.51376077,10.82989536,8.85683544
4575,11.32611808,10.5867781,8.85533836
4576,11.22959254,10.74024504,8.8560869
4577,11.13314419,10.89373973,8.68026582
4578,11.75240484,10.95876407,8.68026582
4579,11.13314419,10.89373973,8.85683544
4580,11.75240484,10.95876407,8.85683544
4581,0.16046375,7.98204798,9.06085881
4582,1.41423854,8.07179511,9.06085881
4583,0.93205816,8.0367097,9.27386465
4584,0.44982671,8.00233338,9.4868705
4585,1.22137258,8.05767586,9.69987634
4586,2.18561832,8.12940648,9.27386465
4587,2.66766103,8.16633517,9.06085881
4588,1.70352182,8.09318669,9.4868705
4589,2.47485047,8.15147863,9.69987634
4590,0.44982671,8.00233338,10.33889387
4591,1.22137258,8.05767586,10.12588802
4592,1.99278611,8.11483349,9.91288218
4593,3.4388149,8.22689535,9.27386465
4594,3.9207129,8.26566677,9.06085881
4595,2.95686041,8.18883261,9.4868705
4596,4.20982415,8.28926975,9.4868705
4597,3.72796055,8.25007317,9.69987634
4598,4.6916296,8.32917488,9.27386465
4599,5.17337584,8.36978846,9.06085881
4600,4.98068452,8.35345802,9.69987634
4601,3.24603983,8.21158521,9.91288218
4602,3.24603983,8.21158521,10.33889387
4603,4.01708563,8.27350609,10.12588802
4604,4.49891447,8.31312781,9.91288218
4605,0.93372809,5.98202368,11.55294231
4606,2.28898536,6.76696913,11.50326923
4607,0.16046375,7.98204798,11.19091723
4608,0.93205816,8.0367097,10.97791139
4609,1.70352182,8.09318669,10.76490555
4610,2.47485047,8.15147863,10.55189971
4611,0.83617206,7.34488946,11.45359615
4612,2.18561832,8.12940648,11.40392308
4613,4.04065482,6.21913447,11.55294231
4614,5.79863405,5.68062967,11.60261538
4615,2.95686041,8.18883261,11.19091723
4616,3.72796055,8.25007317,10.97791139
4617,4.49891447,8.31312781,10.76490555
4618,3.63797837,7.55746029,11.45359615
4619,5.38845865,7.01681013,11.50326923
4620,4.98068452,8.35345802,11.40392308
4621,5.46239474,8.39449664,9.4868705
4622,5.75139172,8.4194598,9.91288218
4623,5.2697179,8.37799619,10.12588802
4624,5.2697179,8.37799619,10.55189971
4625,5.75139172,8.4194598,11.19091723
4626,7.1452104,6.48549857,11.55294231
4627,6.72994626,7.81997226,11.45359615
4628,8.48544122,7.29583368,11.50326923
4629,8.90818378,5.9635759,11.60261538
4630,10.24711942,6.78109236,11.55294231
4631,9.5274863,8.08279298,11.45359615
4632,11.28738771,7.57364584,11.50326923
4633,6.42563153,8.47869872,9.06085881
4634,5.94404409,8.43624357,9.27386465
4635,7.19604007,8.54809985,9.27386465
4636,6.23300405,8.46163168,9.69987634
4637,6.71455385,8.50451173,9.4868705
4638,7.67746168,8.59239596,9.06085881
4639,8.35134138,8.65559974,9.06085881
4640,8.44759924,8.6647421,9.27386465
4641,7.96628319,8.61931342,9.4868705
4642,7.48490085,8.57459257,9.69987634
4643,8.73635662,8.69233903,9.69987634
4644,7.00345328,8.53057964,9.91288218
4645,6.5219415,8.48727473,10.12588802
4646,6.04036657,8.44467794,10.33889387
4647,7.2923296,8.55690244,10.33889387
4648,8.25508084,8.6464857,9.91288218
4649,7.77373815,8.60134013,10.12588802
4650,8.5438544,8.67391277,10.33889387
4651,9.02508954,8.72019072,9.06085881
4652,9.12132837,8.72953122,9.27386465
4653,9.6987033,8.78616861,9.06085881
4654,9.7949227,8.79570722,9.27386465
4655,9.21756445,8.73890003,9.4868705
4656,9.89113929,8.80527413,9.4868705
4657,9.98735306,8.81486934,9.69987634
4658,10.3721798,8.85353314,9.06085881
4659,10.46837936,8.86326982,9.27386465
4660,11.04551619,8.92228402,9.06085881
4661,11.71870961,8.99242096,9.06085881
4662,11.1416955,8.93221873,9.27386465
4663,10.56457605,8.87303479,9.4868705
4664,10.66076986,8.88282806,9.69987634
4665,11.23787188,8.94218172,9.4868705
4666,11.33404533,8.952173,9.69987634
4667,9.50625611,8.76717628,9.91288218
4668,9.02508954,8.72019072,10.12588802
4669,10.27597738,8.84382475,10.12588802
4670,9.7949227,8.79570722,10.33889387
4671,10.75696079,8.89264962,9.91288218
4672,11.43021583,8.96219257,9.91288218
4673,11.52638339,8.97224042,10.12588802
4674,11.04551619,8.92228402,10.33889387
4675,7.2923296,8.55690244,10.76490555
4676,6.5219415,8.48727473,10.97791139
4677,8.06255173,8.62834253,10.55189971
4678,8.5438544,8.67391277,11.19091723
4679,7.77373815,8.60134013,11.40392308
4680,9.31379778,8.74829714,10.55189971
4681,10.083564,8.82449285,10.76490555
4682,9.31379778,8.74829714,10.97791139
4683,10.56457605,8.87303479,10.55189971
4684,11.33404533,8.952173,10.76490555
4685,11.33404533,8.952173,11.19091723
4686,10.56457605,8.87303479,11.40392308
4687,11.8672481,0.76543054,6.0
4688,12.77322093,0.86006184,6.0
4689,13.67893463,0.95714187,6.0
4690,14.5843826,1.05666991,6.0
4691,12.34760117,1.66575451,6.0615
4692,13.25113844,1.76168103,6.0615
4693,11.92364013,2.47196372,6.123
4694,12.82499956,2.56674123,6.123
4695,14.06554271,1.85026191,6.0615
4696,13.63744296,2.6542811,6.123
4697,14.44967059,2.74380085,6.123
4698,15.48955821,1.15864524,6.0
4699,16.39445484,1.26306712,6.0
4700,17.2990659,1.36993478,6.0
4701,14.96857494,1.95083179,6.0615
4702,15.871332,2.05384243,6.0615
4703,16.7738073,2.15929306,6.0615
4704,17.58723202,2.25645839,6.0615
4705,12.40051861,3.37231992,6.1845
4706,13.21099987,3.45882284,6.1845
4707,11.97769619,4.1784146,6.246
4708,14.0212679,3.54730085,6.1845
4709,12.78621406,4.2638846,6.246
4710,12.2750695,5.06015245,6.3075
4711,13.08143746,5.1463446,6.3075
4712,13.5945212,4.35132491,6.246
4713,14.40261284,4.440735,6.246
4714,13.88759296,5.23450182,6.3075
4715,14.6935312,5.32462358,6.3075
4716,15.35028595,2.84540586,6.123
4717,14.83131787,3.63775342,6.1845
4718,15.72951526,3.74038685,6.1845
4719,16.25062336,2.94944509,6.123
4720,17.06212384,3.04533294,6.123
4721,16.53908956,3.83500228,6.1845
4722,17.34843086,3.93159056,6.1845
4723,15.21048415,4.53211435,6.246
4724,16.01813036,4.62546242,6.246
4725,15.41132303,5.40656372,6.3075
4726,16.82554665,4.72077865,6.246
4727,17.63272824,4.81806247,6.246
4728,16.21683738,5.50039868,6.3075
4729,20.58670462,1.09036543,6.55101339
4730,20.58670462,1.09036543,6.89278554
4731,18.20338475,1.47924744,6.0
4732,19.1074048,1.5910043,6.0
4733,18.48915333,2.36654679,6.0615
4734,20.01111945,1.70520454,6.0
4735,20.49914892,1.7679081,6.38012731
4736,19.39077374,2.47907292,6.0615
4737,20.29208668,2.59403593,6.0615
4738,20.41159323,2.44545077,6.20924124
4739,19.99699562,2.39213621,6.58936855
4740,20.08370904,1.71448523,6.76025463
4741,20.49914892,1.7679081,7.06367162
4742,19.99699562,2.39213621,6.9311407
4743,20.41159323,2.44545077,7.23455769
4744,21.11236486,0.30568706,6.17088608
4745,21.09131776,0.46698071,6.34177215
4746,20.67426031,0.41282275,6.72189946
4747,21.03711129,0.88238981,6.0
4748,21.00291992,1.14441402,6.17088608
4749,21.09131776,0.46698071,7.02531646
4750,21.09131776,0.46698071,7.36708861
4751,21.00291992,1.14441402,7.19620253
4752,20.91452208,1.82184734,6.0
4753,20.91452208,1.82184734,7.36708861
4754,20.58670462,1.09036543,7.89546616
4755,20.49914892,1.7679081,7.72458009
4756,20.08370904,1.71448523,8.08207157
4757,20.20252412,1.72971048,8.08207157
4758,20.32133378,1.74497797,8.08207157
4759,20.45039517,1.76161149,8.08207157
4760,20.57945013,1.77829486,8.08207157
4761,20.41159323,2.44545077,7.55369401
4762,19.99699562,2.39213621,7.91118549
4763,21.09131776,0.46698071,7.70886076
4764,20.67426031,0.41282275,8.06635224
4765,20.79353808,0.42825802,8.06635224
4766,20.92310793,0.445074,8.06635224
4767,21.05267127,0.46194002,8.06635224
4768,21.18222809,0.47885607,8.06635224
4769,21.30148235,0.49447191,8.06635224
4770,21.43102659,0.51148404,8.06635224
4771,21.56056425,0.5285462,8.06635224
4772,21.69009531,0.54565838,8.06635224
4773,21.80932579,0.56145476,8.06635224
4774,21.93884413,0.57866301,8.06635224
4775,22.0683558,0.59592127,8.06635224
4776,21.00291992,1.14441402,7.53797468
4777,22.19786081,0.61322955,8.06635224
4778,22.19786081,0.61322955,8.39546616
4779,22.19786081,0.61322955,8.72458009
4780,20.6982425,1.79369634,8.08207157
4781,20.81702938,1.80914004,8.08207157
4782,20.94606596,1.82596499,8.08207157
4783,21.07509603,1.84283977,8.08207157
4784,21.19386542,1.85841744,8.08207157
4785,21.31262926,1.87403733,8.08207157
4786,21.44164074,1.89105367,8.08207157
4787,21.57064564,1.90811982,8.08207157
4788,21.57064564,1.90811982,8.41118549
4789,21.57064564,1.90811982,8.74029942
4790,17.8733882,3.14319833,6.123
4791,18.77291139,3.25405705,6.123
4792,18.15753434,4.03015113,6.1845
4793,19.05465883,4.14177472,6.1845
4794,19.6721316,3.367347,6.123
4795,19.79116101,3.21854643,6.27074124
4796,19.91028221,3.0697872,6.41848247
4797,19.17321072,3.99275986,6.33224124
4798,19.41059006,3.69485355,6.62772371
4799,19.29185447,3.84378613,6.47998247
4800,19.49646107,3.0170953,6.79860979
4801,19.91028221,3.0697872,7.10202678
4802,19.91028221,3.0697872,7.4211631
4803,19.41059006,3.69485355,6.96949586
4804,19.41059006,3.69485355,7.28863218
4805,18.79416808,4.46975197,6.68922371
4806,18.67591024,4.61889814,6.54148247
4807,18.55774431,4.76808527,6.39374124
4808,18.43967032,4.9173133,6.246
4809,17.94476375,5.54451684,6.44122858
4810,18.06245148,5.39511744,6.58896981
4811,18.1802312,5.24575877,6.73671105
4812,18.91251783,4.32064678,6.83696495
4813,18.91251783,4.32064678,7.15610127
4814,18.91251783,4.32064678,7.47523759
4815,18.29810289,5.09644089,6.88445229
4816,18.41606655,4.94716382,7.02357035
4817,17.92123725,5.5744016,7.21017575
4818,18.41606655,4.94716382,7.34270667
4819,19.91028221,3.0697872,7.74029942
4820,19.49646107,3.0170953,8.0977909
4821,19.61481312,3.03211171,8.0977909
4822,19.73315983,3.0471702,8.0977909
4823,19.85150118,3.06227075,8.0977909
4824,19.9800539,3.07872274,8.0977909
4825,20.09838402,3.09391106,8.0977909
4826,20.21670873,3.10914144,8.0977909
4827,20.33502802,3.12441388,8.0977909
4828,20.4635567,3.1410526,8.0977909
4829,20.58186463,3.15641279,8.0977909
4830,19.41059006,3.69485355,7.6077685
4831,19.41059006,3.69485355,7.92690482
4832,18.91251783,4.32064678,7.7943739
4833,18.91251783,4.32064678,8.11351022
4834,19.03040653,4.33545552,8.11351022
4835,17.92123725,5.5744016,7.52931207
4836,17.92123725,5.5744016,7.84844839
4837,18.41606655,4.94716382,7.66184299
4838,17.92123725,5.5744016,8.14494888
4839,18.41606655,4.94716382,7.98097931
4840,19.14828996,4.35030618,8.11351022
4841,19.2661681,4.36519873,8.11351022
4842,19.38404093,4.38013319,8.11351022
4843,19.50190846,4.39510955,8.11351022
4844,19.61977065,4.41012781,8.11351022
4845,19.73762749,4.42518797,8.11351022
4846,19.85547897,4.44029003,8.11351022
4847,19.97332508,4.45543397,8.11351022
4848,20.0911658,4.47061981,8.11351022
4849,20.20900111,4.48584754,8.11351022
4850,20.32683099,4.50111716,8.11351022
4851,20.32683099,4.50111716,8.42082668
4852,20.32683099,4.50111716,8.72814314
4853,20.70016709,3.17181504,8.0977909
4854,20.81846407,3.18725934,8.0977909
4855,20.94696845,3.20408474,8.0977909
4856,20.94696845,3.20408474,8.42690482
4857,20.94696845,3.20408474,8.73422128
4858,13.16926791,0.21513866,12.0
4859,12.87535672,1.55790639,11.95032692
4860,14.22591367,2.39162959,11.90065385
4861,14.97234874,1.100074,12.0
4862,16.92694725,0.63773678,12.0
4863,16.32073593,1.94227732,11.95032692
4864,17.66262631,2.78987902,11.90065385
4865,12.13795169,2.85407781,11.85098077
4866,13.48419675,3.68477727,11.80130769
4867,12.74720128,4.97950435,11.70196154
4868,15.57000792,3.230778,11.85098077
4869,16.90761783,4.07531168,11.80130769
4870,14.82399149,4.52088874,11.75163462
4871,16.15731426,5.36237232,11.70196154
4872,22.19786081,0.61322955,9.05369401
4873,22.19786081,0.61322955,9.36101047
4874,22.19786081,0.61322955,9.69012439
4875,22.19786081,0.61322955,10.01923832
4876,22.19786081,0.61322955,10.34835224
4877,21.57064564,1.90811982,9.04761587
4878,21.57064564,1.90811982,9.35493233
4879,21.57064564,1.90811982,9.68404625
4880,21.57064564,1.90811982,10.01316018
4881,21.57064564,1.90811982,10.32047663
4882,18.88790183,0.18681117,12.0
4883,20.23255374,1.04479053,11.95032692
4884,18.27348986,1.48782525,11.95032692
4885,19.61350403,2.34328797,11.90065385
4886,22.19786081,0.61322955,10.6556687
4887,22.19786081,0.61322955,10.98478262
4888,22.19786081,0.61322955,11.31389654
4889,22.19786081,0.61322955,11.64301047
4890,22.19786081,0.61322955,11.95032692
4891,21.57064564,1.90811982,10.62779309
4892,21.57064564,1.90811982,10.95690701
4893,21.57064564,1.90811982,11.28602093
4894,21.57064564,1.90811982,11.59333739
4895,21.57064564,1.90811982,11.90065385
4896,20.32683099,4.50111716,9.03545959
4897,20.32683099,4.50111716,9.34277605
4898,20.32683099,4.50111716,9.6500925
4899,20.32683099,4.50111716,9.95740896
4900,20.32683099,4.50111716,10.26472541
4901,20.94696845,3.20408474,9.04153773
4902,20.94696845,3.20408474,9.34885419
4903,20.94696845,3.20408474,9.67796811
4904,20.94696845,3.20408474,9.98528457
4905,20.94696845,3.20408474,10.29260102
4906,18.99799841,3.64283902,11.85098077
4907,20.32683099,4.50111716,10.57204187
4908,20.32683099,4.50111716,10.87935833
4909,20.32683099,4.50111716,11.18667478
4910,18.23872195,4.92519058,11.75163462
4911,20.32683099,4.50111716,11.49399124
4912,20.32683099,4.50111716,11.80130769
4913,20.94696845,3.20408474,10.59991748
4914,20.94696845,3.20408474,10.9290314
4915,20.94696845,3.20408474,11.23634786
4916,20.94696845,3.20408474,11.54366431
4917,20.94696845,3.20408474,11.85098077
4918,11.85381451,5.86635876,6.369
4919,12.57043679,5.94213187,6.369
4920,12.14909044,6.74793725,6.4305
4921,12.86379789,6.82434941,6.4305
4922,13.37465427,6.02904129,6.369
4923,14.17865754,6.11791054,6.369
4924,13.66586431,6.9119712,6.4305
4925,12.44236054,7.62975472,6.492
4926,13.15515266,7.70680156,6.492
4927,14.38021203,6.99167626,6.4305
4928,13.8677758,7.78539587,6.492
4929,14.58022662,7.86553728,6.492
4930,14.89472815,6.19873088,6.369
4931,15.6106216,6.2811058,6.369
4932,17.02212064,5.59619661,6.3075
4933,17.45148014,6.1724382,6.63645716
4934,16.41400388,6.3754239,6.369
4935,17.2171539,6.47169978,6.369
4936,16.84299815,6.9508546,6.69795716
4937,17.33427098,6.32204875,6.50272858
4938,17.56878136,6.02286817,6.78419839
4939,17.42803094,6.20235707,7.39678116
4940,17.19374154,6.50163484,7.11854503
4941,16.9598205,6.80107432,6.83168574
4942,17.07673496,6.65133438,6.97942697
4943,17.3108402,6.35197572,7.2576631
4944,15.09438501,7.07293217,6.4305
4945,15.80837987,7.15573853,6.4305
4946,15.29250175,7.94722541,6.492
4947,16.12075653,7.88039032,6.62572858
4948,16.00459784,8.03045987,6.492
4949,16.60962987,7.25053603,6.4305
4950,16.72626793,7.10067518,6.56422858
4951,15.7493734,8.36075363,6.94067308
4952,15.86532916,8.21059613,7.07440166
4953,16.09751741,7.91040103,7.33862512
4954,15.98137717,8.06047858,7.19950706
4955,16.35335054,7.58037142,6.89318574
4956,16.46978584,7.43042214,7.02691431
4957,16.70293295,7.13064413,7.30515044
4958,16.58631331,7.28051303,7.16603238
4959,16.81964474,6.98081549,7.4442685
4960,16.23700743,7.73036083,6.75945716
4961,16.21374987,7.76036352,7.47774318
4962,17.42803094,6.20235707,7.71591748
4963,17.42803094,6.20235707,8.01241796
4964,16.93644866,6.83102715,7.58338656
4965,16.93644866,6.83102715,7.87988705
4966,16.93644866,6.83102715,8.17638754
4967,17.03324275,6.84269448,8.17638754
4968,17.13003342,6.85439029,8.17638754
4969,17.24702151,6.86856522,8.17638754
4970,17.36400457,6.88278174,8.17638754
4971,17.46078342,6.89457482,8.17638754
4972,17.55755881,6.90639636,8.17638754
4973,15.84213063,8.24062443,7.78083082
4974,15.95816019,8.09049889,7.91132571
4975,15.95816019,8.09049889,8.20782619
4976,16.05458391,8.10187846,8.20782619
4977,16.15100429,8.11328638,8.20782619
4978,16.33007454,7.61036609,7.61686125
4979,16.4464914,7.46040878,7.74735613
4980,16.4464914,7.46040878,8.04385662
4981,16.2474213,8.12472266,8.20782619
4982,16.36395787,8.13858376,8.20782619
4983,16.46036744,8.15008266,8.20782619
4984,16.55677362,8.16160993,8.20782619
4985,16.65317641,8.17316554,8.20782619
4986,16.76969573,8.18717088,8.20782619
4987,16.86609099,8.19878911,8.20782619
4988,16.96248282,8.2104357,8.20782619
4989,17.05887123,8.22211063,8.20782619
4990,17.17537313,8.23626018,8.20782619
4991,17.17537313,8.23626018,8.51514265
4992,17.17537313,8.23626018,8.77886417
4993,11.93546023,8.42645326,6.5535
4994,12.6465237,8.50239761,6.5535
4995,12.13997856,9.29875534,6.615
4996,12.76227624,9.36570084,6.615
4997,13.27033772,8.57030966,6.5535
4998,13.9810857,8.64915203,6.5535
4999,14.69166082,8.72953742,6.5535
5000,13.38444524,9.43383186,6.615
5001,14.09331803,9.51291995,6.615
5002,12.25629824,10.16185365,6.6765
5003,12.87695129,10.2290192,6.6765
5004,12.37154049,11.02496813,6.738
5005,12.99054887,11.09235169,6.738
5006,13.49747524,10.29736714,6.6765
5007,14.20447281,10.37669861,6.6765
5008,13.60942775,11.16091449,6.738
5009,12.37154049,11.02496813,6.91456962
5010,12.37154049,11.02496813,7.09113924
5011,12.99054887,11.09235169,6.91456962
5012,12.99054887,11.09235169,7.09113924
5013,12.37154049,11.02496813,7.26770886
5014,12.37154049,11.02496813,7.44427848
5015,12.99054887,11.09235169,7.26770886
5016,12.99054887,11.09235169,7.44427848
5017,14.43400195,10.07536018,6.91593184
5018,14.54890515,9.92475011,7.03564776
5019,14.31919117,10.22600969,6.79621592
5020,14.66390075,9.77417952,7.16937634
5021,14.2962401,10.25614433,7.46707449
5022,14.18154023,10.40684112,7.34196908
5023,13.95241782,10.7083527,7.09714776
5024,13.60942775,11.16091449,6.91456962
5025,13.72366528,11.01002136,6.85771592
5026,13.60942775,11.16091449,7.09113924
5027,13.83799531,10.85916742,6.97743184
5028,13.72366528,11.01002136,7.03428554
5029,13.95241782,10.7083527,7.27371738
5030,13.95241782,10.7083527,7.4539798
5031,13.60942775,11.16091449,7.26770886
5032,13.83799531,10.85916742,7.15400146
5033,13.72366528,11.01002136,7.21085516
5034,13.60942775,11.16091449,7.44427848
5035,13.83799531,10.85916742,7.33057108
5036,13.72366528,11.01002136,7.38742478
5037,14.06693279,10.55757726,7.21686368
5038,14.06693279,10.55757726,7.3971261
5039,15.40205973,8.81146547,6.5535
5040,15.51773867,8.66118834,6.67321592
5041,14.91721625,9.44306341,6.73471592
5042,14.80201742,9.59354699,6.615
5043,15.26336683,8.99185053,7.121889
5044,15.6335099,8.51095105,6.8069445
5045,15.37893501,8.84152567,7.2469944
5046,15.4945955,8.69124058,7.37209981
5047,15.03250744,9.29261945,6.85443184
5048,15.14789097,9.14221514,6.98816042
5049,14.77898874,9.62364846,7.29448174
5050,14.8941691,9.47315696,7.41958715
5051,12.29561659,9.05364131,8.84785297
5052,12.1010999,9.36004505,8.84935005
5053,12.19831969,9.20682916,8.84860151
5054,12.00395721,9.51328896,8.85009859
5055,11.90689163,9.66656084,8.85084713
5056,12.87092488,9.27933879,8.84860151
5057,12.96853694,9.12635157,8.84785297
5058,12.67593189,9.5853978,8.85009859
5059,12.77338986,9.43235421,8.84935005
5060,12.56186374,9.73666603,8.85084713
5061,13.54337936,9.35323297,8.84860151
5062,13.64130617,9.20044703,8.84785297
5063,13.44552953,9.50604727,8.84935005
5064,13.33106538,9.65704705,8.85009859
5065,13.98605371,9.73001137,8.85009859
5066,14.31392144,9.27592737,8.84785297
5067,14.10082077,9.57924169,8.84935005
5068,14.21568029,9.42851139,8.84860151
5069,12.37154049,11.02496813,7.6208481
5070,12.37154049,11.02496813,7.79741772
5071,12.99054887,11.09235169,7.6208481
5072,12.99054887,11.09235169,7.79741772
5073,12.37154049,11.02496813,7.97398734
5074,12.37154049,11.02496813,8.15055696
5075,12.99054887,11.09235169,7.97398734
5076,12.99054887,11.09235169,8.15055696
5077,14.4110324,10.10548693,7.59217989
5078,14.64089424,9.80429048,7.84778019
5079,14.52591712,9.95486897,7.7172853
5080,14.4110324,10.10548693,7.77244231
5081,14.2962401,10.25614433,7.6473369
5082,14.18154023,10.40684112,7.5222315
5083,14.2962401,10.25614433,7.82759932
5084,14.18154023,10.40684112,7.70249391
5085,14.64089424,9.80429048,8.03173539
5086,14.52591712,9.95486897,7.90124051
5087,14.4110324,10.10548693,7.95639752
5088,14.64089424,9.80429048,8.2156906
5089,14.52591712,9.95486897,8.08519572
5090,14.4110324,10.10548693,8.14035273
5091,14.2962401,10.25614433,8.01155453
5092,14.18154023,10.40684112,7.88275633
5093,14.2962401,10.25614433,8.19550974
5094,14.18154023,10.40684112,8.06671154
5095,14.18154023,10.40684112,8.24697395
5096,13.95241782,10.7083527,7.63424221
5097,13.95241782,10.7083527,7.81450463
5098,13.60942775,11.16091449,7.6208481
5099,13.83799531,10.85916742,7.5108335
5100,13.72366528,11.01002136,7.5676872
5101,13.60942775,11.16091449,7.79741772
5102,13.83799531,10.85916742,7.69109591
5103,13.83799531,10.85916742,7.86766553
5104,13.72366528,11.01002136,7.74425682
5105,14.06693279,10.55757726,7.57738851
5106,14.06693279,10.55757726,7.75765093
5107,13.95241782,10.7083527,7.99107425
5108,13.95241782,10.7083527,8.17133666
5109,13.60942775,11.16091449,7.97398734
5110,13.83799531,10.85916742,8.04423515
5111,13.72366528,11.01002136,7.92082644
5112,13.60942775,11.16091449,8.15055696
5113,13.83799531,10.85916742,8.22449757
5114,13.72366528,11.01002136,8.09739606
5115,14.06693279,10.55757726,7.93791334
5116,14.06693279,10.55757726,8.11817575
5117,11.80990319,9.81986067,8.85159567
5118,12.46456772,9.88977084,8.85159567
5119,12.36734879,10.04290373,8.85234421
5120,12.27020694,10.19606467,8.85309275
5121,12.15648618,10.34747087,8.85384129
5122,13.21669378,9.80808597,8.85084713
5123,13.02156443,10.11393256,8.85234421
5124,13.11909059,9.96099515,8.85159567
5125,12.79343833,10.41626041,8.85384129
5126,12.90745508,10.26507699,8.85309275
5127,12.37154049,11.02496813,8.32712658
5128,12.37154049,11.02496813,8.5036962
5129,12.99054887,11.09235169,8.32712658
5130,12.99054887,11.09235169,8.5036962
5131,12.05950635,10.50069278,8.85458982
5132,11.96260364,10.65394265,8.85533836
5133,11.86577804,10.80722045,8.8560869
5134,12.37154049,11.02496813,8.68026582
5135,12.48520221,10.8736408,8.8560869
5136,12.37154049,11.02496813,8.85683544
5137,12.69615893,10.5692923,8.85458982
5138,12.59895658,10.7223523,8.85533836
5139,13.21854111,10.79016969,8.85533836
5140,12.99054887,11.09235169,8.68026582
5141,13.10449871,10.94124118,8.8560869
5142,12.99054887,11.09235169,8.85683544
5143,14.64089424,9.80429048,8.39964581
5144,14.52591712,9.95486897,8.26915093
5145,14.4110324,10.10548693,8.32430794
5146,14.64089424,9.80429048,8.45036149
5147,14.64089424,9.80429048,8.50007911
5148,14.64089424,9.80429048,8.54979674
5149,14.64089424,9.80429048,8.59951436
5150,14.52591712,9.95486897,8.45310613
5151,14.52591712,9.95486897,8.50282376
5152,14.4110324,10.10548693,8.50457035
5153,14.52591712,9.95486897,8.55254138
5154,14.52591712,9.95486897,8.60225901
5155,14.4110324,10.10548693,8.55428797
5156,14.4110324,10.10548693,8.6040056
5157,14.2962401,10.25614433,8.37577215
5158,14.18154023,10.40684112,8.42723637
5159,14.2962401,10.25614433,8.55603457
5160,14.2962401,10.25614433,8.60575219
5161,14.18154023,10.40684112,8.60749878
5162,13.87137912,9.88082038,8.85084713
5163,13.77346916,10.03353331,8.85159567
5164,13.54456699,10.3353359,8.85309275
5165,13.65897182,10.184415,8.85234421
5166,14.64089424,9.80429048,8.65023004
5167,14.64089424,9.80429048,8.69994766
5168,14.64089424,9.80429048,8.74966529
5169,14.64089424,9.80429048,8.79938291
5170,14.52591712,9.95486897,8.65197663
5171,14.52591712,9.95486897,8.70169426
5172,14.4110324,10.10548693,8.65372322
5173,14.4110324,10.10548693,8.70244279
5174,14.52591712,9.95486897,8.75141188
5175,14.52591712,9.95486897,8.8011295
5176,14.4110324,10.10548693,8.75216042
5177,14.4110324,10.10548693,8.80187804
5178,14.64089424,9.80429048,8.85009859
5179,14.52591712,9.95486897,8.85084713
5180,14.4110324,10.10548693,8.85159567
5181,14.2962401,10.25614433,8.65546981
5182,14.2962401,10.25614433,8.70418939
5183,14.2962401,10.25614433,8.75290896
5184,14.2962401,10.25614433,8.80262658
5185,14.18154023,10.40684112,8.65721641
5186,14.18154023,10.40684112,8.70593598
5187,14.18154023,10.40684112,8.75465555
5188,14.18154023,10.40684112,8.80337512
5189,14.2962401,10.25614433,8.85234421
5190,14.18154023,10.40684112,8.85309275
5191,13.95241782,10.7083527,8.35159907
5192,13.95241782,10.7083527,8.53186149
5193,13.60942775,11.16091449,8.32712658
5194,13.83799531,10.85916742,8.40475998
5195,13.72366528,11.01002136,8.27765847
5196,13.60942775,11.16091449,8.5036962
5197,13.83799531,10.85916742,8.5813296
5198,13.72366528,11.01002136,8.45422809
5199,14.06693279,10.55757726,8.29843817
5200,14.06693279,10.55757726,8.47870058
5201,13.95241782,10.7083527,8.70843111
5202,13.95241782,10.7083527,8.75715068
5203,13.95241782,10.7083527,8.80587025
5204,13.43025468,10.48629597,8.85384129
5205,13.33267607,10.63913724,8.85458982
5206,13.95241782,10.7083527,8.85458982
5207,13.60942775,11.16091449,8.68026582
5208,13.83799531,10.85916742,8.75789922
5209,13.83799531,10.85916742,8.80661879
5210,13.72366528,11.01002136,8.63079771
5211,13.72366528,11.01002136,8.80736733
5212,13.60942775,11.16091449,8.85683544
5213,13.83799531,10.85916742,8.85533836
5214,13.72366528,11.01002136,8.8560869
5215,14.06693279,10.55757726,8.658963
5216,14.06693279,10.55757726,8.70768257
5217,14.06693279,10.55757726,8.75640214
5218,14.06693279,10.55757726,8.80512171
5219,14.06693279,10.55757726,8.85384129
5220,15.24026428,9.02192028,7.8143055
5221,15.61034827,8.54099532,7.51121787
5222,15.72619332,8.39078992,7.65033593
5223,15.35581399,8.87158746,7.94480039
5224,15.47145602,8.72129441,8.07529528
5225,15.00944182,9.32270507,7.54469255
5226,15.12480688,9.17229283,7.68381061
5227,14.98637988,9.35279228,8.23926485
5228,15.08243241,9.36388598,8.23926485
5229,15.17848167,9.37500794,8.23926485
5230,15.27452765,9.38615814,8.23926485
5231,15.37057035,9.39733659,8.23926485
5232,14.75596375,9.6537515,7.97827507
5233,14.87112564,9.50325209,8.10876996
5234,14.75596375,9.6537515,8.16223028
5235,15.46660976,9.40854329,8.23926485
5236,15.56264586,9.41977823,8.23926485
5237,15.65867866,9.43104142,8.23926485
5238,15.75470815,9.44233284,8.23926485
5239,15.8507343,9.45365251,8.23926485
5240,15.94675713,9.46500043,8.23926485
5241,16.04277661,9.47637658,8.23926485
5242,16.13879274,9.48778097,8.23926485
5243,14.98637988,9.35279228,8.28998053
5244,15.08243241,9.36388598,8.28998053
5245,14.98637988,9.35279228,8.3406962
5246,15.08243241,9.36388598,8.3406962
5247,14.98637988,9.35279228,8.39141188
5248,15.08243241,9.36388598,8.39141188
5249,15.17848167,9.37500794,8.28998053
5250,15.27452765,9.38615814,8.28998053
5251,15.17848167,9.37500794,8.3406962
5252,15.27452765,9.38615814,8.3406962
5253,15.37057035,9.39733659,8.28998053
5254,15.37057035,9.39733659,8.3406962
5255,15.17848167,9.37500794,8.39141188
5256,15.27452765,9.38615814,8.39141188
5257,15.37057035,9.39733659,8.39141188
5258,14.98637988,9.35279228,8.44212756
5259,15.08243241,9.36388598,8.44212756
5260,14.98637988,9.35279228,8.49284323
5261,15.08243241,9.36388598,8.49284323
5262,14.98637988,9.35279228,8.54355891
5263,15.08243241,9.36388598,8.54355891
5264,14.98637988,9.35279228,8.59427459
5265,15.08243241,9.36388598,8.59427459
5266,15.17848167,9.37500794,8.44212756
5267,15.27452765,9.38615814,8.44212756
5268,15.17848167,9.37500794,8.49284323
5269,15.27452765,9.38615814,8.49284323
5270,15.37057035,9.39733659,8.44212756
5271,15.37057035,9.39733659,8.49284323
5272,15.17848167,9.37500794,8.54355891
5273,15.27452765,9.38615814,8.54355891
5274,15.17848167,9.37500794,8.59427459
5275,15.27452765,9.38615814,8.59427459
5276,15.37057035,9.39733659,8.54355891
5277,15.37057035,9.39733659,8.59427459
5278,14.87112564,9.50325209,8.29272517
5279,14.87112564,9.50325209,8.34344085
5280,14.87112564,9.50325209,8.39415652
5281,14.75596375,9.6537515,8.34618549
5282,14.75596375,9.6537515,8.39690117
5283,14.87112564,9.50325209,8.4448722
5284,14.87112564,9.50325209,8.49458982
5285,14.87112564,9.50325209,8.5453055
5286,14.87112564,9.50325209,8.59602118
5287,14.75596375,9.6537515,8.44761685
5288,14.75596375,9.6537515,8.49733447
5289,14.75596375,9.6537515,8.54705209
5290,14.75596375,9.6537515,8.59776777
5291,15.46660976,9.40854329,8.28998053
5292,15.46660976,9.40854329,8.3406962
5293,15.46660976,9.40854329,8.39141188
5294,15.46660976,9.40854329,8.44212756
5295,15.46660976,9.40854329,8.49284323
5296,15.46660976,9.40854329,8.54355891
5297,15.46660976,9.40854329,8.59427459
5298,15.56264586,9.41977823,8.28998053
5299,15.56264586,9.41977823,8.3406962
5300,15.65867866,9.43104142,8.28998053
5301,15.75470815,9.44233284,8.28998053
5302,15.65867866,9.43104142,8.3406962
5303,15.75470815,9.44233284,8.3406962
5304,15.56264586,9.41977823,8.39141188
5305,15.65867866,9.43104142,8.39141188
5306,15.75470815,9.44233284,8.39141188
5307,15.8507343,9.45365251,8.28998053
5308,15.94675713,9.46500043,8.28998053
5309,15.8507343,9.45365251,8.3406962
5310,15.94675713,9.46500043,8.3406962
5311,16.04277661,9.47637658,8.28998053
5312,15.8507343,9.45365251,8.39141188
5313,15.56264586,9.41977823,8.44212756
5314,15.56264586,9.41977823,8.49284323
5315,15.65867866,9.43104142,8.44212756
5316,15.75470815,9.44233284,8.44212756
5317,15.65867866,9.43104142,8.49284323
5318,15.56264586,9.41977823,8.54355891
5319,16.13879274,9.48778097,8.50298637
5320,15.94675713,9.46500043,8.60441772
5321,16.04277661,9.47637658,8.55370204
5322,14.98637988,9.35279228,8.64499026
5323,15.08243241,9.36388598,8.64499026
5324,14.98637988,9.35279228,8.69570594
5325,15.08243241,9.36388598,8.69570594
5326,14.98637988,9.35279228,8.74642162
5327,15.08243241,9.36388598,8.74642162
5328,14.98637988,9.35279228,8.79713729
5329,15.08243241,9.36388598,8.79713729
5330,15.17848167,9.37500794,8.64499026
5331,15.27452765,9.38615814,8.64499026
5332,15.17848167,9.37500794,8.69570594
5333,15.27452765,9.38615814,8.69570594
5334,15.37057035,9.39733659,8.64499026
5335,15.17848167,9.37500794,8.74642162
5336,14.98637988,9.35279228,8.84785297
5337,15.27452765,9.38615814,8.95942746
5338,15.37057035,9.39733659,8.90871178
5339,14.87112564,9.50325209,8.64673685
5340,14.87112564,9.50325209,8.69645448
5341,14.87112564,9.50325209,8.74717016
5342,14.87112564,9.50325209,8.79788583
5343,14.75596375,9.6537515,8.64848345
5344,14.75596375,9.6537515,8.69820107
5345,14.75596375,9.6537515,8.7479187
5346,14.75596375,9.6537515,8.79863437
5347,14.87112564,9.50325209,8.84860151
5348,14.75596375,9.6537515,8.84935005
5349,15.46660976,9.40854329,8.85799611
5350,15.75470815,9.44233284,8.70584907
5351,15.56264586,9.41977823,8.80728043
5352,15.65867866,9.43104142,8.75656475
5353,15.8507343,9.45365251,8.6551334
5354,16.13879274,9.48778097,8.76670789
5355,15.75470815,9.44233284,8.96957059
5356,15.94675713,9.46500043,8.86813924
5357,16.04277661,9.47637658,8.81742356
5358,15.8507343,9.45365251,8.91885492
5359,17.82716803,5.69395693,6.3075
5360,17.68617463,5.87333869,6.93193963
5361,17.80365993,5.72384983,7.07105769
5362,18.01840088,5.58635862,8.14494888
5363,18.13583969,5.60084944,8.14494888
5364,18.25327334,5.615382,8.14494888
5365,18.37070182,5.62995631,8.14494888
5366,18.46784909,5.64204552,8.14494888
5367,18.58526808,5.6566961,8.14494888
5368,18.70268185,5.67138843,8.14494888
5369,18.82009039,5.6861225,8.14494888
5370,18.91722112,5.69834386,8.14494888
5371,19.03462007,5.71315419,8.14494888
5372,17.67452839,6.92072327,8.17638754
5373,17.79149287,6.93509177,8.17638754
5374,17.88825633,6.94701057,8.17638754
5375,17.98501627,6.95895783,8.17638754
5376,18.10196715,6.97343669,8.17638754
5377,19.15201374,5.72800626,8.14494888
5378,19.26940212,5.74290005,8.14494888
5379,19.26940212,5.74290005,8.45226534
5380,19.26940212,5.74290005,8.75958179
5381,18.21891286,6.98795713,8.17638754
5382,18.21891286,6.98795713,8.48370399
5383,18.21891286,6.98795713,8.79102045
5384,21.03711129,9.13919114,6.0
5385,17.17537313,8.23626018,9.04258569
5386,17.17537313,8.23626018,9.30630721
5387,17.17537313,8.23626018,9.61362366
5388,17.17537313,8.23626018,9.87734518
5389,17.17537313,8.23626018,10.1410667
5390,17.17537313,8.23626018,10.40478822
5391,12.01493052,6.27579811,11.60261538
5392,14.08268996,5.81259685,11.65228846
5393,13.05339199,7.07394835,11.55294231
5394,12.32268302,8.36946397,11.45359615
5395,14.08686287,7.8753453,11.50326923
5396,15.11859867,6.61726862,11.60261538
5397,17.19062923,6.17356393,11.65228846
5398,17.17537313,8.23626018,10.71210467
5399,17.17537313,8.23626018,10.97582619
5400,17.17537313,8.23626018,11.23954771
5401,16.14949637,7.42516462,11.55294231
5402,17.17537313,8.23626018,11.50326923
5403,12.39175722,9.06394367,9.06085881
5404,11.81486826,9.00255365,9.27386465
5405,11.91102393,9.01271463,9.4868705
5406,12.00717661,9.02290388,9.69987634
5407,12.4878948,9.0742743,9.27386465
5408,13.06465615,9.13685183,9.06085881
5409,13.16077227,9.14738037,9.27386465
5410,12.58402935,9.08463321,9.4868705
5411,12.68016084,9.09502039,9.69987634
5412,13.73740356,9.21114515,9.06085881
5413,13.8334978,9.22187154,9.27386465
5414,14.4099966,9.28682331,9.06085881
5415,14.50606855,9.2977475,9.27386465
5416,13.25688528,9.15793717,9.4868705
5417,13.92958888,9.23262619,9.4868705
5418,13.35299519,9.16852224,9.69987634
5419,14.60213728,9.30869995,9.4868705
5420,14.02567679,9.2434091,9.69987634
5421,14.69820279,9.31968066,9.69987634
5422,12.10332628,9.03312141,9.91288218
5423,12.19947295,9.04336722,10.12588802
5424,12.29561659,9.05364131,10.33889387
5425,12.77628928,9.10543585,9.91288218
5426,12.87241465,9.11587957,10.12588802
5427,12.96853694,9.12635157,10.33889387
5428,13.44910198,9.17913557,9.91288218
5429,14.12176152,9.25422026,9.91288218
5430,13.54520564,9.18977717,10.12588802
5431,13.64130617,9.20044703,10.33889387
5432,14.21784308,9.26505969,10.12588802
5433,14.31392144,9.27592737,10.33889387
5434,15.08243241,9.36388598,9.06085881
5435,15.17848167,9.37500794,9.01014314
5436,15.37057035,9.39733659,9.1724333
5437,15.27452765,9.38615814,9.22314898
5438,15.17848167,9.37500794,9.27386465
5439,15.46660976,9.40854329,9.12171762
5440,15.56264586,9.41977823,9.07100195
5441,15.65867866,9.43104142,9.02028627
5442,16.13879274,9.48778097,9.03042941
5443,16.04277661,9.47637658,9.08114508
5444,15.94675713,9.46500043,9.13186076
5445,15.8507343,9.45365251,9.18257644
5446,15.75470815,9.44233284,9.23329211
5447,15.56264586,9.41977823,9.33472347
5448,15.65867866,9.43104142,9.28400779
5449,16.13879274,9.48778097,9.29415093
5450,16.04277661,9.47637658,9.3448666
5451,15.37057035,9.39733659,9.43615482
5452,15.27452765,9.38615814,9.4868705
5453,15.37057035,9.39733659,9.69987634
5454,15.46660976,9.40854329,9.38543914
5455,15.46660976,9.40854329,9.64916066
5456,15.75470815,9.44233284,9.49701363
5457,15.65867866,9.43104142,9.54772931
5458,15.94675713,9.46500043,9.39558228
5459,15.8507343,9.45365251,9.44629796
5460,16.13879274,9.48778097,9.55787244
5461,15.56264586,9.41977823,9.59844499
5462,16.04277661,9.47637658,9.60858812
5463,15.94675713,9.46500043,9.6593038
5464,15.8507343,9.45365251,9.71001947
5465,14.79426507,9.33068961,9.91288218
5466,15.46660976,9.40854329,9.91288218
5467,15.75470815,9.44233284,9.76073515
5468,15.65867866,9.43104142,9.81145083
5469,15.56264586,9.41977823,9.8621665
5470,16.13879274,9.48778097,9.82159396
5471,15.94675713,9.46500043,9.92302532
5472,16.04277661,9.47637658,9.87230964
5473,15.75470815,9.44233284,10.02445667
5474,15.65867866,9.43104142,10.07517235
5475,15.8507343,9.45365251,9.97374099
5476,16.13879274,9.48778097,10.08531548
5477,14.8903241,9.34172682,10.12588802
5478,14.98637988,9.35279228,10.33889387
5479,15.56264586,9.41977823,10.12588802
5480,15.75470815,9.44233284,10.28817819
5481,15.94675713,9.46500043,10.18674684
5482,16.04277661,9.47637658,10.13603116
5483,15.8507343,9.45365251,10.23746251
5484,15.65867866,9.43104142,10.33889387
5485,16.13879274,9.48778097,10.349037
5486,16.04277661,9.47637658,10.39975268
5487,15.94675713,9.46500043,10.45046835
5488,11.81486826,9.00255365,10.55189971
5489,12.10332628,9.03312141,10.97791139
5490,13.06465615,9.13685183,10.55189971
5491,12.58402935,9.08463321,10.76490555
5492,13.73740356,9.21114515,10.55189971
5493,13.8334978,9.22187154,10.76490555
5494,14.4099966,9.28682331,10.55189971
5495,14.50606855,9.2977475,10.76490555
5496,13.35299519,9.16852224,10.97791139
5497,14.60213728,9.30869995,10.97791139
5498,14.12176152,9.25422026,11.19091723
5499,13.35299519,9.16852224,11.40392308
5500,15.08243241,9.36388598,10.55189971
5501,15.17848167,9.37500794,10.76490555
5502,15.75470815,9.44233284,10.55189971
5503,15.8507343,9.45365251,10.50118403
5504,16.13879274,9.48778097,10.61275852
5505,16.04277661,9.47637658,10.6634742
5506,15.94675713,9.46500043,10.71418987
5507,15.8507343,9.45365251,10.76490555
5508,15.27452765,9.38615814,10.97791139
5509,15.37057035,9.39733659,11.19091723
5510,16.13879274,9.48778097,10.87648004
5511,16.04277661,9.47637658,10.92719572
5512,15.94675713,9.46500043,10.97791139
5513,16.13879274,9.48778097,11.14020156
5514,16.04277661,9.47637658,11.19091723
5515,15.1153331,8.67996438,11.45359615
5516,16.13879274,9.48778097,11.40392308
5517,19.26940212,5.74290005,9.06689825
5518,19.26940212,5.74290005,9.33061977
5519,19.26940212,5.74290005,9.63793622
5520,19.26940212,5.74290005,9.94525268
5521,19.26940212,5.74290005,10.25256913
5522,18.21891286,6.98795713,9.05474197
5523,18.21891286,6.98795713,9.31846349
5524,18.21891286,6.98795713,9.62577994
5525,18.21891286,6.98795713,9.9330964
5526,18.21891286,6.98795713,10.19681792
5527,18.21891286,6.98795713,10.46053944
5528,19.26940212,5.74290005,10.51629065
5529,19.26940212,5.74290005,10.82360711
5530,19.26940212,5.74290005,11.13092356
5531,19.26940212,5.74290005,11.43824002
5532,19.26940212,5.74290005,11.70196154
5533,18.21891286,6.98795713,10.76785589
5534,18.21891286,6.98795713,11.07517235
5535,18.21891286,6.98795713,11.33889387
5536,18.21891286,6.98795713,11.60261538
