# MAAS exact compiled indexed mesh
# program_hash 130dc44a4405d3fbb8f54706ce3b079d61553b8d6ee065403ed1570228ac1052
# geometry_hash d1dbdab526c9ee449f438520602a2a38c202df42c8e2b44d3f800f4531810bea
v -12.99653259 -14.0217877 0
v -12.99653259 -14.0217877 3.68181818
v -14.76878704 -11.06803029 3.55909091
v -12.99653259 -11.06803029 3.55909091
v -12.99653259 -11.06803029 3.68181818
v -14.76878704 -2.20675807 3.55909091
v -12.99653259 -2.20675807 3.55909091
v -12.99653259 -2.20675807 3.68181818
v -7.08901778 -14.0217877 0
v -6.3267578 -8.99087185 0
v -6.41770928 -8.70502436 0
v -4.72601185 -8.70502436 0
v -7.08901778 -14.0217877 3.68181818
v -6.64147878 -11.06803029 3.68181818
v -4.72601185 -11.06803029 3.68181818
v -4.72601185 -8.70502436 3.55909091
v -4.72601185 -8.70502436 3.68181818
v -4.72601185 -2.20675807 3.55909091
v -4.72601185 -2.20675807 3.68181818
v -14.76878704 -11.06803029 7.24090909
v -14.17803556 -9.05947525 7.24090909
v -14.17803556 -9.05947525 10.8
v -14.76878704 -2.20675807 7.24090909
v -14.17803556 -2.56120896 7.24090909
v -14.17803556 -2.56120896 10.8
v -4.72601185 -11.06803029 7.24090909
v -6.4982663 -9.05947525 7.24090909
v -6.4982663 -9.05947525 10.8
v -6.4982663 -2.56120896 7.24090909
v -4.72601185 -2.20675807 7.24090909
v -6.4982663 -2.56120896 10.8
v -12.40578111 1.9285023 3.68181818
v -12.99653259 11.97127749 0
v -12.99653259 11.97127749 3.68181818
v -12.40578111 10.78977453 3.68181818
v -4.72601185 4.88225971 0
v -4.72601185 1.9285023 3.55909091
v -4.72601185 1.9285023 3.68181818
v -4.72601185 4.88225971 3.55909091
v -2.95375741 1.9285023 3.55909091
v -2.95375741 4.88225971 3.55909091
v -2.95375741 4.88225971 3.68181818
v -7.08901778 11.97127749 0
v -4.72601185 10.78977453 0
v -7.08901778 11.97127749 3.68181818
v -4.72601185 10.78977453 3.68181818
v -2.95375741 10.78977453 3.68181818
v -12.40578111 1.9285023 7.24090909
v -12.40578111 10.78977453 7.24090909
v -6.4982663 5.1185603 7.24090909
v -2.95375741 1.9285023 7.24090909
v -2.95375741 5.1185603 7.11818182
v -2.95375741 5.1185603 7.24090909
v -6.4982663 5.1185603 10.8
v -6.4982663 10.78977453 7.11818182
v -6.4982663 10.78977453 7.24090909
v -6.4982663 11.02607512 7.11818182
v -2.95375741 10.78977453 7.11818182
v -6.4982663 11.02607512 10.8
v 7.08901778 -14.0217877 0
v 7.08901778 -11.65878177 0
v 4.72601185 -8.70502436 0
v 3.54450889 -9.88652733 3.68181818
v 3.54450889 -8.70502436 3.55909091
v 3.54450889 -8.70502436 3.68181818
v 7.08901778 -14.0217877 3.68181818
v 7.08901778 -11.65878177 3.68181818
v 4.72601185 -8.70502436 3.55909091
v 5.67121422 -9.88652733 3.68181818
v 3.54450889 -2.20675807 3.55909091
v 4.72601185 -2.20675807 3.55909091
v 4.72601185 -2.20675807 3.68181818
v 12.99653259 -11.65878177 0
v 12.99653259 -11.65878177 3.68181818
v 12.99653259 -9.88652733 3.55909091
v 12.99653259 -9.88652733 3.68181818
v 14.76878704 -9.88652733 3.55909091
v 12.99653259 -2.20675807 3.55909091
v 12.99653259 -2.20675807 3.68181818
v 14.76878704 -2.20675807 3.55909091
v 3.54450889 -9.88652733 7.24090909
v 3.54450889 -2.20675807 7.24090909
v 14.76878704 -9.88652733 7.24090909
v 14.76878704 -2.20675807 7.24090909
v 4.72601185 4.88225971 0
v 4.13526037 3.70075675 3.55909091
v 4.13526037 4.88225971 3.55909091
v 4.13526037 4.88225971 3.68181818
v 4.72601185 3.70075675 3.55909091
v 4.72601185 3.70075675 3.68181818
v 4.72601185 4.88225971 3.55909091
v 4.72601185 11.97127749 0
v 4.72601185 13.15278045 0
v 4.13526037 11.97127749 3.55909091
v 4.13526037 11.97127749 3.68181818
v 4.72601185 11.97127749 3.55909091
v 4.13526037 13.15278045 3.55909091
v 4.72601185 13.15278045 3.55909091
v 4.72601185 13.15278045 3.68181818
v 12.99653259 3.70075675 3.55909091
v 12.99653259 3.70075675 3.68181818
v 13.58728407 3.70075675 3.55909091
v 12.99653259 13.15278045 0
v 12.99653259 13.15278045 3.55909091
v 12.99653259 13.15278045 3.68181818
v 13.58728407 13.15278045 3.55909091
v -0 5.1185603 7.11818182
v 0.35588021 5.1191668 7.11818182
v 0.35588021 5.1191668 7.12840909
v 0.04706222 5.1370668 7.425
v 0.71175628 5.1209863 7.11818182
v 0.71175628 5.1209863 7.12840909
v 0.71175628 5.1209863 7.13863636
v 0.54172979 5.13846181 7.425
v 1.06762408 5.12401877 7.11818182
v 1.06762408 5.12401877 7.12840909
v 1.06762408 5.12401877 7.13863636
v 1.06762408 5.12401877 7.14886364
v 1.42347949 5.12826417 7.11818182
v 1.42347949 5.12826417 7.12840909
v 1.42347949 5.12826417 7.13863636
v 1.42347949 5.12826417 7.14886364
v 1.42347949 5.12826417 7.15909091
v 1.77931835 5.13372247 7.11818182
v 1.77931835 5.13372247 7.12840909
v 1.77931835 5.13372247 7.13863636
v 1.77931835 5.13372247 7.14886364
v 1.77931835 5.13372247 7.15909091
v 1.77931835 5.13372247 7.16931818
v 0.09410776 5.15559451 7.73181818
v 0.89753902 5.14091466 7.43522727
v 0.58868701 5.15721224 7.73181818
v 0.1411366 5.17414342 8.03863636
v 0.63562742 5.17598379 8.03863636
v 1.25333782 5.14458024 7.44545455
v 1.08325303 5.16117353 7.73181818
v 1.60912206 5.14945852 7.45568182
v 1.4389817 5.16547199 7.74204545
v 1.79469365 5.17098291 7.75227273
v 1.13010397 5.18016729 8.03863636
v 1.62455515 5.18669384 8.03863636
v -0 5.61085321 7.11818182
v 0.35420225 5.61145685 7.11818182
v 0.04684525 5.6183502 7.425
v -0 6.10314611 7.11818182
v 0.3525243 6.10374689 7.11818182
v 0.04662332 6.11064305 7.425
v 0.70840039 5.61326776 7.11818182
v 0.70504451 6.10554923 7.11818182
v -0 6.59543901 7.11818182
v 0.35084635 6.59603693 7.11818182
v 0.04640138 6.6029359 7.425
v 0.70168862 6.59783069 7.11818182
v 1.0625903 5.61628593 7.11818182
v 1.05755652 6.1085531 7.11818182
v 1.41676787 5.62051132 7.11818182
v 1.77092897 5.62594388 7.11818182
v 1.41005625 6.11275847 7.11818182
v 1.7625396 6.11816529 7.11818182
v 1.05252274 6.60082026 7.11818182
v 1.40334464 6.60500562 7.11818182
v 1.75415022 6.61038671 7.11818182
v 0.09367382 5.63687776 7.73181818
v 0.09323988 6.11816101 7.73181818
v 0.14048569 5.65542642 8.03863636
v 0.09279601 6.61045371 7.73181818
v 0.13983477 6.13670942 8.03863636
v 0.13918386 6.61799242 8.03863636
v 2.13513654 5.14039359 7.11818182
v 2.13513654 5.14039359 7.12840909
v 2.13513654 5.14039359 7.13863636
v 2.13513654 5.14039359 7.14886364
v 2.13513654 5.14039359 7.15909091
v 2.13513654 5.14039359 7.16931818
v 2.13513654 5.14039359 7.17954545
v 2.49092993 5.14827746 7.11818182
v 2.49092993 5.14827746 7.12840909
v 2.49092993 5.14827746 7.13863636
v 2.49092993 5.14827746 7.14886364
v 2.49092993 5.14827746 7.15909091
v 2.49092993 5.14827746 7.16931818
v 2.49092993 5.14827746 7.17954545
v 2.49092993 5.14827746 7.18977273
v 2.84669438 5.15737398 7.11818182
v 2.84669438 5.15737398 7.12840909
v 2.84669438 5.15737398 7.13863636
v 2.84669438 5.15737398 7.14886364
v 2.84669438 5.15737398 7.15909091
v 2.84669438 5.15737398 7.16931818
v 2.84669438 5.15737398 7.17954545
v 2.84669438 5.15737398 7.18977273
v 2.84669438 5.15737398 7.2
v 3.20242576 5.16768306 7.11818182
v 3.20242576 5.16768306 7.12840909
v 3.20242576 5.16768306 7.13863636
v 3.20242576 5.16768306 7.14886364
v 3.20242576 5.16768306 7.15909091
v 3.20242576 5.16768306 7.16931818
v 3.20242576 5.16768306 7.17954545
v 3.20242576 5.16768306 7.18977273
v 3.20242576 5.16768306 7.2
v 3.20242576 5.16768306 7.21022727
v 3.55811993 5.17920456 7.11818182
v 3.55811993 5.17920456 7.12840909
v 3.55811993 5.17920456 7.13863636
v 3.55811993 5.17920456 7.14886364
v 3.55811993 5.17920456 7.15909091
v 3.55811993 5.17920456 7.16931818
v 3.55811993 5.17920456 7.17954545
v 3.55811993 5.17920456 7.18977273
v 3.55811993 5.17920456 7.2
v 3.55811993 5.17920456 7.21022727
v 3.55811993 5.17920456 7.22045455
v 1.95926056 5.15852686 7.46590909
v 2.31499317 5.16581116 7.47613636
v 2.67069887 5.17430791 7.48636364
v 2.14475341 5.18067362 7.7625
v 1.98019369 5.19283715 8.04886364
v 2.49476834 5.19153854 7.77272727
v 2.33017359 5.20315 8.05909091
v 2.68010658 5.21463675 8.06931818
v 3.02637356 5.18401701 7.49659091
v 3.37316519 5.19773619 7.50681818
v 2.85038532 5.20064789 7.78295455
v 3.20596918 5.2109693 7.79318182
v 3.02998872 5.22729721 8.07954545
v 3.55266489 5.22528523 7.80340909
v 3.38548071 5.23823062 8.08977273
v 2.12506951 5.63258355 7.11818182
v 2.11500247 6.12477351 7.11818182
v 2.47918535 5.64043024 7.11818182
v 2.46744077 6.13258303 7.11818182
v 2.10493544 6.61696347 7.11818182
v 2.45569619 6.62473582 7.11818182
v 2.83327239 5.64948388 7.11818182
v 3.18732652 5.65974435 7.11818182
v 3.54134362 5.67121153 7.11818182
v 2.81985041 6.14159378 7.11818182
v 3.17222728 6.15180564 7.11818182
v 2.80642842 6.63370367 7.11818182
v 3.15712804 6.64386693 7.11818182
v 3.5245673 6.1632185 7.11818182
v 3.50779099 6.65522546 7.11818182
v 4.13526037 3.70075675 5.4
v 4.32735413 3.78926653 5.4
v 4.32735413 3.78926653 5.55340909
v 4.32252297 3.90731802 5.54318182
v 4.32735413 3.78926653 5.70681818
v 4.32252297 3.90731802 5.69659091
v 4.3176918 4.0253695 5.68636364
v 4.32735413 3.78926653 5.86022727
v 4.32252297 3.90731802 5.85
v 4.32735413 3.78926653 6.01363636
v 4.32252297 3.90731802 6.00340909
v 4.3176918 4.0253695 5.83977273
v 4.31286063 4.14342098 5.82954545
v 4.31286063 4.14342098 5.98295455
v 4.3176918 4.0253695 5.99318182
v 4.30802947 4.26147246 5.97272727
v 4.30239311 4.39919919 5.54318182
v 4.29514636 4.57627641 5.55340909
v 4.29756194 4.51725067 5.68636364
v 4.27743208 5.00913185 5.68636364
v 4.27018533 5.18620907 5.69659091
v 4.29273077 4.63530215 5.82954545
v 4.28789961 4.75335364 5.97272727
v 4.27260091 5.12718333 5.82954545
v 4.26776975 5.24523481 5.97272727
v 5.15101271 3.82618849 5.4
v 5.15101271 3.82618849 5.55340909
v 5.15101271 3.82618849 5.70681818
v 5.15101271 3.82618849 5.86022727
v 5.15101271 3.82618849 6.01363636
v 4.32252297 3.90731802 6.15681818
v 4.32735413 3.78926653 6.16704545
v 4.32735413 3.78926653 6.32045455
v 4.32252297 3.90731802 6.31022727
v 4.3176918 4.0253695 6.14659091
v 4.31286063 4.14342098 6.13636364
v 4.30802947 4.26147246 6.12613636
v 4.3031983 4.37952394 6.11590909
v 4.3176918 4.0253695 6.3
v 4.31286063 4.14342098 6.28977273
v 4.30802947 4.26147246 6.27954545
v 4.3031983 4.37952394 6.26931818
v 4.32735413 3.78926653 6.47386364
v 4.32252297 3.90731802 6.46363636
v 4.32735413 3.78926653 6.62727273
v 4.32252297 3.90731802 6.61704545
v 4.3176918 4.0253695 6.45340909
v 4.31286063 4.14342098 6.44318182
v 4.30802947 4.26147246 6.43295455
v 4.3031983 4.37952394 6.42272727
v 4.3031983 4.37952394 6.57613636
v 4.3176918 4.0253695 6.60681818
v 4.31286063 4.14342098 6.59659091
v 4.31286063 4.14342098 6.75
v 4.30802947 4.26147246 6.58636364
v 4.30802947 4.26147246 6.73977273
v 4.3031983 4.37952394 6.72954545
v 4.29836713 4.49757542 6.25909091
v 4.29836713 4.49757542 6.4125
v 4.29353597 4.61562691 6.40227273
v 4.28306844 4.87140512 6.11590909
v 4.27823727 4.9894566 6.25909091
v 4.27340611 5.10750808 6.40227273
v 4.29836713 4.49757542 6.56590909
v 4.29353597 4.61562691 6.55568182
v 4.2887048 4.73367839 6.54545455
v 4.29836713 4.49757542 6.71931818
v 4.29353597 4.61562691 6.70909091
v 4.2887048 4.73367839 6.69886364
v 4.26857494 5.22555956 6.54545455
v 4.28387363 4.85172987 6.68863636
v 5.15101271 3.82618849 6.16704545
v 5.15101271 3.82618849 6.32045455
v 5.15101271 3.82618849 6.47386364
v 5.15101271 3.82618849 6.62727273
v 4.26293858 5.36328629 5.55340909
v 4.26293858 5.36328629 5.70681818
v 4.25247105 5.6190645 5.82954545
v 4.2452243 5.79614172 5.83977273
v 4.23797755 5.97321895 5.85
v 4.24763989 5.73711598 5.97272727
v 4.2307308 6.15029617 5.55340909
v 4.2307308 6.15029617 5.70681818
v 4.19852302 6.93730605 5.55340909
v 4.19852302 6.93730605 5.70681818
v 4.2307308 6.15029617 5.86022727
v 4.22751002 6.22899716 5.97272727
v 4.22026327 6.40607438 5.98295455
v 4.19852302 6.93730605 5.86022727
v 4.21301652 6.5831516 5.99318182
v 4.20576977 6.76022882 6.00340909
v 4.19852302 6.93730605 6.01363636
v 4.26293858 5.36328629 6.11590909
v 4.25810741 5.48133777 6.25909091
v 4.25327625 5.59938925 6.40227273
v 4.24280872 5.85516746 6.11590909
v 4.23797755 5.97321895 6.25909091
v 4.23314639 6.09127043 6.40227273
v 4.26374377 5.34361104 6.68863636
v 4.24844508 5.71744074 6.54545455
v 4.24361391 5.83549222 6.68863636
v 4.22267886 6.34704864 6.11590909
v 4.21784769 6.46510012 6.25909091
v 4.202549 6.83892981 6.11590909
v 4.21301652 6.5831516 6.40227273
v 4.19771783 6.95698129 6.25909091
v 4.22831522 6.20932191 6.54545455
v 4.22348405 6.32737339 6.68863636
v 4.20818536 6.70120308 6.54545455
v 4.20335419 6.81925457 6.68863636
v 5.97435865 3.86952618 5.4
v 5.97435865 3.86952618 5.55340909
v 5.97435865 3.86952618 5.70681818
v 5.97435865 3.86952618 5.86022727
v 5.97435865 3.86952618 6.01363636
v 6.79734197 3.91927696 5.4
v 6.79734197 3.91927696 5.55340909
v 6.79734197 3.91927696 5.70681818
v 6.79734197 3.91927696 5.86022727
v 6.79734197 3.91927696 6.01363636
v 5.97435865 3.86952618 6.16704545
v 5.97435865 3.86952618 6.32045455
v 5.97435865 3.86952618 6.47386364
v 5.97435865 3.86952618 6.62727273
v 6.79734197 3.91927696 6.16704545
v 6.79734197 3.91927696 6.32045455
v 6.79734197 3.91927696 6.47386364
v 6.79734197 3.91927696 6.62727273
v 4.32735413 3.78926653 6.78068182
v 4.32252297 3.90731802 6.77045455
v 4.32735413 3.78926653 6.93409091
v 4.32252297 3.90731802 6.92386364
v 4.32252297 3.90731802 7.07727273
v 4.3176918 4.0253695 6.76022727
v 4.3176918 4.0253695 6.91363636
v 4.31286063 4.14342098 6.90340909
v 4.30802947 4.26147246 6.89318182
v 4.3031983 4.37952394 6.88295455
v 4.3176918 4.0253695 7.06704545
v 4.31286063 4.14342098 7.05681818
v 4.30802947 4.26147246 7.04659091
v 4.3031983 4.37952394 7.03636364
v 4.32735413 3.78926653 7.0875
v 4.32735413 3.78926653 7.24090909
v 4.32252297 3.90731802 7.23068182
v 4.32252297 3.90731802 7.24090909
v 4.53118657 3.84707952 7.24090909
v 4.3176918 4.0253695 7.22045455
v 4.3176918 4.0253695 7.23068182
v 4.3176918 4.0253695 7.24090909
v 4.31286063 4.14342098 7.21022727
v 4.31286063 4.14342098 7.22045455
v 4.31286063 4.14342098 7.23068182
v 4.31286063 4.14342098 7.24090909
v 4.30802947 4.26147246 7.2
v 4.30802947 4.26147246 7.21022727
v 4.30802947 4.26147246 7.22045455
v 4.30802947 4.26147246 7.23068182
v 4.30802947 4.26147246 7.24090909
v 4.3031983 4.37952394 7.18977273
v 4.3031983 4.37952394 7.2
v 4.3031983 4.37952394 7.21022727
v 4.3031983 4.37952394 7.22045455
v 4.3031983 4.37952394 7.23068182
v 4.3031983 4.37952394 7.24090909
v 4.52612549 3.96512137 7.24090909
v 4.5210644 4.08316322 7.24090909
v 4.51600332 4.20120507 7.24090909
v 4.51094223 4.31924692 7.24090909
v 4.29836713 4.49757542 6.87272727
v 4.29353597 4.61562691 6.8625
v 4.2887048 4.73367839 6.85227273
v 4.29836713 4.49757542 7.02613636
v 4.29353597 4.61562691 7.01590909
v 4.2887048 4.73367839 7.00568182
v 4.27904247 4.96978135 6.83181818
v 4.28387363 4.85172987 6.84204545
v 4.28387363 4.85172987 6.99545455
v 4.27904247 4.96978135 6.98522727
v 4.2742113 5.08783283 6.975
v 3.91377277 5.19193836 7.11818182
v 3.91377277 5.19193836 7.12840909
v 3.91377277 5.19193836 7.13863636
v 3.91377277 5.19193836 7.14886364
v 3.91377277 5.19193836 7.15909091
v 3.91377277 5.19193836 7.16931818
v 3.91377277 5.19193836 7.17954545
v 3.91377277 5.19193836 7.18977273
v 3.91377277 5.19193836 7.2
v 3.91377277 5.19193836 7.21022727
v 3.91377277 5.19193836 7.22045455
v 3.91377277 5.19193836 7.23068182
v 4.29836713 4.49757542 7.17954545
v 4.29836713 4.49757542 7.18977273
v 4.29836713 4.49757542 7.2
v 4.29836713 4.49757542 7.21022727
v 4.29836713 4.49757542 7.22045455
v 4.29836713 4.49757542 7.23068182
v 4.29836713 4.49757542 7.24090909
v 4.29353597 4.61562691 7.16931818
v 4.2887048 4.73367839 7.15909091
v 4.2887048 4.73367839 7.16931818
v 4.29353597 4.61562691 7.17954545
v 4.29353597 4.61562691 7.18977273
v 4.29353597 4.61562691 7.2
v 4.29353597 4.61562691 7.21022727
v 4.29353597 4.61562691 7.22045455
v 4.29353597 4.61562691 7.23068182
v 4.29353597 4.61562691 7.24090909
v 4.2887048 4.73367839 7.17954545
v 4.2887048 4.73367839 7.18977273
v 4.2887048 4.73367839 7.2
v 4.2887048 4.73367839 7.21022727
v 4.2887048 4.73367839 7.22045455
v 4.2887048 4.73367839 7.23068182
v 4.2887048 4.73367839 7.24090909
v 4.50588115 4.43728876 7.24090909
v 4.50082006 4.55533061 7.24090909
v 4.49575898 4.67337246 7.24090909
v 4.49069789 4.79141431 7.24090909
v 4.28387363 4.85172987 7.14886364
v 4.28387363 4.85172987 7.15909091
v 4.28387363 4.85172987 7.16931818
v 4.27904247 4.96978135 7.13863636
v 4.27904247 4.96978135 7.14886364
v 4.27904247 4.96978135 7.15909091
v 4.27904247 4.96978135 7.16931818
v 4.28387363 4.85172987 7.17954545
v 4.28387363 4.85172987 7.18977273
v 4.28387363 4.85172987 7.2
v 4.28387363 4.85172987 7.21022727
v 4.28387363 4.85172987 7.22045455
v 4.28387363 4.85172987 7.23068182
v 4.28387363 4.85172987 7.24090909
v 4.27904247 4.96978135 7.17954545
v 4.27904247 4.96978135 7.18977273
v 4.27904247 4.96978135 7.2
v 4.27904247 4.96978135 7.21022727
v 4.27904247 4.96978135 7.22045455
v 4.27904247 4.96978135 7.23068182
v 4.27904247 4.96978135 7.24090909
v 4.2742113 5.08783283 7.12840909
v 4.2742113 5.08783283 7.13863636
v 4.2742113 5.08783283 7.14886364
v 4.2742113 5.08783283 7.15909091
v 4.2742113 5.08783283 7.16931818
v 4.26938013 5.20588432 7.11818182
v 4.26938013 5.20588432 7.12840909
v 4.26938013 5.20588432 7.13863636
v 4.26938013 5.20588432 7.14886364
v 4.26938013 5.20588432 7.15909091
v 4.26938013 5.20588432 7.16931818
v 4.2742113 5.08783283 7.17954545
v 4.2742113 5.08783283 7.18977273
v 4.2742113 5.08783283 7.2
v 4.2742113 5.08783283 7.21022727
v 4.2742113 5.08783283 7.22045455
v 4.2742113 5.08783283 7.23068182
v 4.2742113 5.08783283 7.24090909
v 4.26938013 5.20588432 7.17954545
v 4.26938013 5.20588432 7.18977273
v 4.26938013 5.20588432 7.2
v 4.26938013 5.20588432 7.21022727
v 4.26938013 5.20588432 7.22045455
v 4.26938013 5.20588432 7.23068182
v 4.26938013 5.20588432 7.24090909
v 4.48563681 4.90945616 7.24090909
v 4.48057572 5.02749801 7.24090909
v 4.47551464 5.14553985 7.24090909
v 4.42176835 5.21223218 7.24090909
v 4.57414713 5.21880264 7.24090909
v 5.15101271 3.82618849 6.78068182
v 5.15101271 3.82618849 6.93409091
v 4.73481023 3.9052852 7.24090909
v 4.72951924 4.02331697 7.24090909
v 4.72422826 4.14134874 7.24090909
v 4.71893728 4.2593805 7.24090909
v 4.71364629 4.37741227 7.24090909
v 4.93822435 3.96388298 7.24090909
v 4.93270349 4.08190422 7.24090909
v 4.92718263 4.19992546 7.24090909
v 4.92166176 4.31794669 7.24090909
v 5.15101271 3.82618849 7.0875
v 5.15101271 3.82618849 7.24090909
v 5.35438856 3.88558772 7.24090909
v 5.14142818 4.02287226 7.24090909
v 5.13567746 4.14088252 7.24090909
v 5.12992674 4.25889278 7.24090909
v 5.12417602 4.37690304 7.24090909
v 5.34442097 4.08225244 7.24090909
v 5.33844041 4.20025128 7.24090909
v 5.33245986 4.31825012 7.24090909
v 5.53478123 4.37799686 7.24090909
v 4.70835531 4.49544404 7.24090909
v 4.70306433 4.6134758 7.24090909
v 4.69777334 4.73150757 7.24090909
v 4.9161409 4.43596793 7.24090909
v 4.91062004 4.55398917 7.24090909
v 4.90509918 4.67201041 7.24090909
v 4.89957832 4.79003165 7.24090909
v 4.69248236 4.84953934 7.24090909
v 4.68719138 4.96757111 7.24090909
v 4.68190039 5.08560287 7.24090909
v 4.62799078 5.15218889 7.24090909
v 4.72651615 5.22559568 7.24090909
v 4.83446387 5.09255346 7.24090909
v 4.78045705 5.15906066 7.24090909
v 4.89405745 4.90805288 7.24090909
v 4.88853659 5.02607412 7.24090909
v 5.04118681 5.03332662 7.24090909
v 4.87887508 5.23261129 7.24090909
v 4.93291312 5.16615514 7.24090909
v 4.98701703 5.0997269 7.24090909
v 5.03122361 5.23984945 7.24090909
v 5.1184253 4.4949133 7.24090909
v 5.11267458 4.61292357 7.24090909
v 5.10692386 4.73093383 7.24090909
v 5.3264793 4.43624895 7.24090909
v 5.32049875 4.55424779 7.24090909
v 5.52857086 4.49598383 7.24090909
v 5.31451819 4.67224663 7.24090909
v 5.30853764 4.79024546 7.24090909
v 5.52236049 4.61397079 7.24090909
v 5.51615012 4.73195776 7.24090909
v 5.10117314 4.84894409 7.24090909
v 5.09542242 4.96695435 7.24090909
v 5.30255708 4.9082443 7.24090909
v 5.24815878 4.97450912 7.24090909
v 5.13955955 5.10712317 7.24090909
v 5.08535866 5.17347231 7.24090909
v 5.18356139 5.24731015 7.24090909
v 5.19382626 5.04080209 7.24090909
v 5.29209111 5.11474226 7.24090909
v 5.23779335 5.18101215 7.24090909
v 5.40088393 4.98228699 7.24090909
v 5.45537898 4.91610171 7.24090909
v 5.50993975 4.84994472 7.24090909
v 5.34645464 5.04850053 7.24090909
v 5.33588812 5.25499337 7.24090909
v 5.39021687 5.18877467 7.24090909
v 5.44461137 5.12258416 7.24090909
v 5.49907161 5.05642191 7.24090909
v 3.72875593 5.20983948 7.51704545
v 4.08430336 5.2231547 7.52727273
v 4.43980334 5.23768172 7.5375
v 4.59214493 5.2442785 7.5375
v 3.89930084 5.24075334 7.81363636
v 4.25474191 5.25464969 7.82386364
v 4.74447671 5.2510978 7.5375
v 4.89679837 5.25813962 7.5375
v 4.25891261 5.46166253 6.83181818
v 4.25408144 5.57971401 6.975
v 4.23878275 5.9535437 6.83181818
v 4.23395158 6.07159518 6.975
v 3.89531957 5.68388529 7.11818182
v 4.24925027 5.69776549 7.11818182
v 4.21865289 6.44542487 6.83181818
v 4.21382172 6.56347636 6.975
v 4.19852302 6.93730605 6.83181818
v 3.87686638 6.17583222 7.11818182
v 3.85841318 6.66777915 7.11818182
v 4.22912041 6.18964666 7.11818182
v 4.20899055 6.68152784 7.11818182
v 5.48820346 5.2628991 7.24090909
v 4.61013355 5.26975745 7.83409091
v 5.0436598 5.26514017 7.5375
v 5.19596063 5.27261901 7.5375
v 5.34825037 5.28032031 7.5375
v 5.5005287 5.28824407 7.5375
v 4.7624281 5.276603 7.83409091
v 4.91471249 5.28367102 7.83409091
v 5.06153793 5.29069677 7.83409091
v 5.20835334 5.29792932 7.83409091
v 5.3606061 5.3056487 7.83409091
v 5.51284741 5.31359048 7.83409091
v 5.97435865 3.86952618 6.78068182
v 5.97435865 3.86952618 6.93409091
v 5.97435865 3.86952618 7.0875
v 5.97435865 3.86952618 7.24090909
v 5.55755258 3.94537799 7.24090909
v 5.54720196 4.14202293 7.24090909
v 5.76050401 4.00555872 7.24090909
v 5.5409916 4.2600099 7.24090909
v 5.74977041 4.20218313 7.24090909
v 5.74333026 4.32015778 7.24090909
v 5.96324211 4.06612931 7.24090909
v 5.95212557 4.26273244 7.24090909
v 5.94545565 4.38069431 7.24090909
v 6.17726557 3.93050803 7.24090909
v 6.16576613 4.12708914 7.24090909
v 6.15426669 4.32367024 7.24090909
v 6.37995761 3.99187928 7.24090909
v 6.36807532 4.18843761 7.24090909
v 5.7368901 4.43813242 7.24090909
v 5.73044994 4.55610707 7.24090909
v 5.72400978 4.67408171 7.24090909
v 5.71756962 4.79205636 7.24090909
v 5.93878572 4.49865619 7.24090909
v 5.8705608 4.80052012 7.24090909
v 5.9321158 4.61661807 7.24090909
v 5.92544588 4.73457995 7.24090909
v 5.60818923 4.92418234 7.24090909
v 5.55359756 4.99028795 7.24090909
v 5.66284659 4.85810513 7.24090909
v 5.70629934 4.99851199 7.24090909
v 5.76098752 4.93248619 7.24090909
v 5.65167684 5.06456622 7.24090909
v 5.59712001 5.13064885 7.24090909
v 5.54262888 5.19675983 7.24090909
v 5.74961671 5.13893631 7.24090909
v 5.69502907 5.20496761 7.24090909
v 5.81574134 4.86648889 7.24090909
v 5.85898895 5.00695907 7.24090909
v 5.96862368 4.87509598 7.24090909
v 5.91377351 4.94101323 7.24090909
v 5.80427001 5.07293344 7.24090909
v 5.8474171 5.21339802 7.24090909
v 5.90210114 5.14744652 7.24090909
v 5.9568508 5.08152356 7.24090909
v 5.99979266 5.22205101 7.24090909
v 6.14736703 4.44161891 7.24090909
v 6.14046736 4.55956757 7.24090909
v 6.02353945 4.80920737 7.24090909
v 6.07852079 4.74334743 7.24090909
v 6.1335677 4.67751623 7.24090909
v 6.17650524 4.81811807 7.24090909
v 6.35619302 4.38499595 7.24090909
v 6.34906364 4.50293095 7.24090909
v 6.28672575 4.6865878 7.24090909
v 6.34193427 4.62086595 7.24090909
v 6.23158273 4.75233852 7.24090909
v 6.43987038 4.69588308 7.24090909
v 6.38463138 4.76155318 7.24090909
v 6.01166605 5.01562919 7.24090909
v 6.06654688 4.94976345 7.24090909
v 6.12149329 4.88392639 7.24090909
v 6.16433032 5.02452232 7.24090909
v 6.21930731 4.95873682 7.24090909
v 6.10941887 5.09033655 7.24090909
v 6.05457298 5.15617946 7.24090909
v 6.15215541 5.23092658 7.24090909
v 6.2070319 5.16513513 7.24090909
v 6.27434983 4.8929801 7.24090909
v 6.32945786 4.8272522 7.24090909
v 6.31698145 5.03363845 7.24090909
v 6.42719299 4.90225708 7.24090909
v 6.37205447 4.96793333 7.24090909
v 6.26197392 5.0993724 7.24090909
v 6.79734197 3.91927696 6.78068182
v 6.79734197 3.91927696 6.93409091
v 6.79734197 3.91927696 7.0875
v 6.79734197 3.91927696 7.24090909
v 6.58243404 4.05363931 7.24090909
v 6.57016893 4.25017413 7.24090909
v 6.7846941 4.11578752 7.24090909
v 6.77204623 4.31229808 7.24090909
v 6.99976764 3.98183774 7.24090909
v 6.98673705 4.1783233 7.24090909
v 6.97370646 4.37480885 7.24090909
v 7.20197541 4.04478623 7.24090909
v 7.18856216 4.24124603 7.24090909
v 6.55790382 4.44670895 7.24090909
v 6.55054476 4.56462984 7.24090909
v 6.49517484 4.63024195 7.24090909
v 6.5376664 4.7709914 7.24090909
v 6.59300127 4.70540206 7.24090909
v 6.64840156 4.63984179 7.24090909
v 6.70386726 4.57431063 7.24090909
v 6.75939836 4.50880863 7.24090909
v 6.48239697 4.83660976 7.24090909
v 6.66307266 5.21298988 7.24090909
v 6.71829277 5.14746795 7.24090909
v 7.1751489 4.43770583 7.24090909
v 7.32180603 4.54651916 7.24090909
v 7.3763728 4.50098842 7.24090909
v 6.76016225 4.53974811 7.5375
v 6.72026617 5.15936272 7.5375
v 7.30228969 4.57606085 7.5375
v 6.76092453 4.57068755 7.83409091
v 6.72101225 5.19030111 7.83409091
v 7.30289217 4.60700381 7.83409091
v 5.64050709 5.27102731 7.24090909
v 5.79279868 5.279378 7.24090909
v 5.94507792 5.28795114 7.24090909
v 6.09734446 5.29674671 7.24090909
v 6.44284639 5.47536725 7.24090909
v 6.27836398 5.67245304 7.24090909
v 6.33312596 5.60672904 7.24090909
v 6.38795344 5.54103376 7.24090909
v 6.06859587 5.78819948 7.24090909
v 6.11447115 5.8697969 7.24090909
v 6.16903656 5.80398702 7.24090909
v 6.22366751 5.73820572 7.24090909
v 6.40329581 6.11412475 7.24090909
v 6.4579432 6.04846773 7.24090909
v 6.03984727 6.27965224 7.24090909
v 6.08548325 6.36123561 7.24090909
v 6.13104122 6.44283891 7.24090909
v 6.18536111 6.37703904 7.24090909
v 6.23974652 6.31126763 7.24090909
v 6.29419746 6.24552475 7.24090909
v 6.34871389 6.17981044 7.24090909
v 6.01109867 6.771105 7.24090909
v 6.05649536 6.85267431 7.24090909
v 6.10181404 6.93426345 7.24090909
v 6.20112906 6.95008222 7.24090909
v 6.36374523 6.75288225 7.24090909
v 6.41808161 6.68720589 7.24090909
v 6.25526895 6.88432046 7.24090909
v 6.30947434 6.81858712 7.24090909
v 6.55282866 5.34412074 7.24090909
v 6.4978048 5.40972956 7.24090909
v 6.60791795 5.27854083 7.24090909
v 6.67718719 5.78612726 7.24090909
v 6.62227806 5.85166914 7.24090909
v 6.51265605 5.98283942 7.24090909
v 6.56743434 5.91723987 7.24090909
v 6.52695073 6.55593891 7.24090909
v 6.63608161 6.42478658 7.24090909
v 6.58148346 6.49034839 7.24090909
v 6.47248344 6.62155809 7.24090909
v 5.64734713 5.29609494 7.5375
v 5.7996021 5.30445559 7.5375
v 5.95184469 5.31303864 7.5375
v 6.10407458 5.32184408 7.5375
v 6.07614583 5.79864042 7.5375
v 5.65963013 5.32145868 7.83409091
v 5.80640161 5.32953361 7.83409091
v 5.95860756 5.33812657 7.83409091
v 6.1108008 5.34694185 7.83409091
v 6.08283467 5.82373601 7.83409091
v 6.0473587 6.29009093 7.5375
v 6.01857157 6.78154144 7.5375
v 6.05486854 6.30053016 7.83409091
v 6.02604288 6.79197841 7.83409091
v 6.67914389 5.79802096 7.5375
v 6.68109997 5.80991468 7.83409091
v 6.63802162 6.4366792 7.5375
v 6.63996101 6.44857185 7.83409091
v 0.18814874 5.19271351 8.34545455
v 0.68255104 5.19477644 8.34545455
v 1.17693801 5.19918208 8.34545455
v 1.67129856 5.20593034 8.34545455
v 0.18728085 5.67399617 8.34545455
v 0.42295851 5.28588138 8.65227273
v 0.42122912 5.71211402 8.65227273
v 0.84880969 5.28847909 8.65227273
v 0.18641297 6.15527883 8.34545455
v 0.18554508 6.63656149 8.34545455
v 0.41927638 6.1933935 8.65227273
v 0.41732364 6.67467298 8.65227273
v 1.34275078 5.2936715 8.65227273
v 1.83666173 5.30120441 8.65227273
v 0.65734922 5.37957721 8.95909091
v 0.65465907 5.80580487 8.95909091
v 0.89131969 5.47379959 9.26590909
v 0.88766878 5.9000201 9.26590909
v 0.65196891 6.23203252 8.95909091
v 0.64893133 6.71330638 8.95909091
v 0.88401788 6.32624061 9.26590909
v 0.88036698 6.75246112 9.26590909
v 1.08281568 5.38313166 8.95909091
v 1.50826407 5.38842419 8.95909091
v 1.31639928 5.47830907 9.26590909
v 1.74145691 5.48455503 9.26590909
v 2.16562158 5.21502107 8.34545455
v 2.51552052 5.22595579 8.35568182
v 2.86537046 5.23806412 8.36590909
v 3.21516747 5.25134586 8.37613636
v 2.33053143 5.31107764 8.65227273
v 2.75626376 5.3214679 8.65227273
v 3.56490762 5.26580078 8.38636364
v 3.10578472 5.3343832 8.6625
v 3.45525004 5.34847078 8.67272727
v 2.00172417 5.39674032 8.95909091
v 2.49513932 5.40739463 8.95909091
v 2.16648547 5.49253737 9.26590909
v 2.65944483 5.50397133 9.26590909
v 2.92047681 5.41845654 8.95909091
v 3.34576556 5.43125593 8.95909091
v 3.08438642 5.51570365 9.26590909
v 3.50927652 5.52917183 9.26590909
v -0 5.1185603 10.8
v 1.12486873 5.56854711 9.57272727
v 1.12025709 5.9947583 9.57272727
v 1.54955931 5.57400988 9.57272727
v 1.35799516 5.66381833 9.87954545
v 1.35314247 6.03497546 9.87954545
v 1.71443646 5.66909036 9.87954545
v 1.11564546 6.4209695 9.57272727
v 1.11103382 6.8471807 9.57272727
v 1.34757013 6.46117517 9.87954545
v 1.34199779 6.88737489 9.87954545
v 1.59069781 5.75961184 10.18636364
v 1.58500852 6.13075708 10.18636364
v 1.82297552 5.85592621 10.49318182
v 1.57931922 6.50190233 10.18636364
v 1.5727862 6.9280884 10.18636364
v 1.81644964 6.22705768 10.49318182
v 1.80992376 6.59818916 10.49318182
v 1.80339789 6.96932064 10.49318182
v 1.97422403 5.58120754 9.57272727
v 2.39885581 5.59013997 9.57272727
v 2.13871138 5.67696077 9.87954545
v 2.56295062 5.68656436 9.87954545
v 2.82344756 5.60080702 9.57272727
v 3.24799218 5.61320851 9.57272727
v 3.6724826 5.62734423 9.57272727
v 2.98714708 5.69790096 9.87954545
v 3.34346182 5.70876374 9.87954545
v 1.94680899 5.76568189 10.18636364
v 2.30289725 5.77297402 10.18636364
v 2.72674288 5.78324754 10.18636364
v 2.1787548 5.86279283 10.49318182
v 2.05482711 5.95276 10.8
v 2.53450842 5.87088038 10.49318182
v 2.41027271 5.96042173 10.8
v 2.76568992 5.96930323 10.8
v 2.04746469 6.32387583 10.8
v 2.04010226 6.69499165 10.8
v 2.40163673 6.3315101 10.8
v 2.75578048 6.34035978 10.8
v 2.39300075 6.70259847 10.8
v 2.74587105 6.71141633 10.8
v 3.15054301 5.79525245 10.18636364
v 3.5065227 5.8066754 10.18636364
v 2.89023219 5.88018876 10.49318182
v 3.12107456 5.97940441 10.8
v 3.31363493 5.89286075 10.49318182
v 3.66927868 5.90484282 10.49318182
v 3.47642245 5.99072514 10.8
v 3.10989178 6.35042477 10.8
v 3.09870901 6.72144513 10.8
v 3.46396646 6.36170494 10.8
v 3.45151047 6.73268473 10.8
v 3.73207947 5.25314303 8.1
v 4.0786165 5.26920726 8.11022727
v 3.91140841 5.28130936 8.39659091
v 4.42508797 5.28642309 8.12045455
v 4.25784548 5.29796943 8.40681818
v 4.60421502 5.31578073 8.41704545
v 3.80465579 5.3637304 8.68295455
v 4.10409622 5.37818348 8.69318182
v 4.45020437 5.39548338 8.70340909
v 4.78037032 5.30211128 8.13068182
v 4.93261742 5.30920548 8.13068182
v 4.95051318 5.334743 8.42727273
v 5.07940689 5.31625643 8.13068182
v 5.22618627 5.32351412 8.13068182
v 5.37295529 5.33097854 8.13068182
v 5.5251596 5.33893834 8.13068182
v 5.09726666 5.34181913 8.42727273
v 5.24401002 5.34910195 8.42727273
v 5.39074298 5.35659146 8.42727273
v 5.53746525 5.36428763 8.42727273
v 4.79624285 5.41393339 8.71363636
v 5.14220784 5.43353326 8.72386364
v 5.28882198 5.44087929 8.72386364
v 5.43542563 5.44843182 8.72386364
v 3.69489733 5.44614788 8.96931818
v 4.04396683 5.46221072 8.97954545
v 4.34311587 5.47735135 8.98977273
v 3.93410807 5.54437565 9.26590909
v 4.28283949 5.56124022 9.27613636
v 4.58169555 5.57706712 9.28636364
v 4.64221127 5.49335187 9
v 4.98791752 5.51243942 9.01022727
v 5.33354816 5.53267569 9.02045455
v 5.48002247 5.54029112 9.02045455
v 4.88049601 5.59375305 9.29659091
v 5.17923839 5.61129781 9.30681818
v 5.52453352 5.6321693 9.31704545
v 6.76168519 4.60162695 8.13068182
v 6.76244424 4.63256633 8.42727273
v 6.72175672 5.22123948 8.13068182
v 6.72249958 5.25217781 8.42727273
v 7.30349304 4.63794673 8.13068182
v 7.3040923 4.66888962 8.42727273
v 6.76518229 4.7447213 8.72386364
v 7.23347616 4.77600657 8.72386364
v 6.76789915 4.85687584 9.02045455
v 7.23569169 4.88817214 9.02045455
v 6.77059482 4.96902996 9.31704545
v 7.23788604 5.00033718 9.31704545
v 5.67190659 5.34682385 8.13068182
v 5.81864234 5.35491605 8.13068182
v 5.96536654 5.36321491 8.13068182
v 5.68417653 5.37219045 8.42727273
v 5.83087653 5.3802999 8.42727273
v 5.97756497 5.38861597 8.42727273
v 6.11752312 5.37204004 8.13068182
v 6.12424155 5.39713865 8.42727273
v 6.08951961 5.848832 8.13068182
v 6.09620065 5.87392841 8.42727273
v 5.58201849 5.45619083 8.72386364
v 5.70888238 5.46307276 8.72386364
v 5.85545435 5.47121692 8.72386364
v 6.00201471 5.47956752 8.72386364
v 6.14856316 5.48812454 8.72386364
v 6.12352597 5.91178661 8.72386364
v 6.06151609 6.32562397 8.13068182
v 6.06815975 6.35071818 8.42727273
v 6.03351258 6.80241593 8.13068182
v 6.04011886 6.82750794 8.42727273
v 6.09534957 6.38856839 8.72386364
v 6.06717316 6.86535016 8.72386364
v 6.68182825 5.840852 8.13068182
v 6.68255492 5.87178929 8.42727273
v 6.72963583 5.29529661 8.72386364
v 6.68963247 5.91490431 8.72386364
v 6.64189979 6.46046453 8.13068182
v 6.64261026 6.49140077 8.42727273
v 6.6496291 6.534512 8.72386364
v 5.62648591 5.54811286 9.02045455
v 5.75323771 5.55504892 9.02045455
v 5.87998096 5.5621395 9.02045455
v 6.02641323 5.57052455 9.02045455
v 6.17283354 5.57911585 9.02045455
v 6.14767595 6.00277078 9.02045455
v 5.6708675 5.64005364 9.31704545
v 5.79750719 5.64704374 9.31704545
v 5.92413826 5.65418821 9.31704545
v 6.05076054 5.66148704 9.31704545
v 6.1970527 5.67011253 9.31704545
v 6.1717747 6.0937603 9.31704545
v 6.12251835 6.42642572 9.02045455
v 6.09420644 6.90319946 9.02045455
v 6.1464967 6.51740807 9.31704545
v 6.1212187 6.94105584 9.31704545
v 6.73230053 5.40744779 9.02045455
v 6.6967019 5.95801974 9.02045455
v 6.73494404 5.51959853 9.31704545
v 6.69929325 6.0701671 9.31704545
v 6.65663984 6.57762364 9.02045455
v 6.66364247 6.62073567 9.31704545
v 4.09691173 5.64321395 9.57272727
v 4.52127249 5.66081741 9.57272727
v 3.76756109 5.72328868 9.87954545
v 4.19159747 5.73954601 9.87954545
v 4.81983401 5.67732929 9.58295455
v 5.11833796 5.69469934 9.59318182
v 5.41678186 5.71292734 9.60340909
v 4.61556391 5.75753547 9.87954545
v 4.9716644 5.77398632 9.87954545
v 5.26988511 5.79179239 9.88977273
v 3.86246108 5.81931993 10.18636364
v 4.28610437 5.83596415 10.18636364
v 4.02487922 5.91804533 10.49318182
v 3.83172938 6.0032653 10.8
v 4.38043235 5.93246812 10.49318182
v 4.18699119 6.01702473 10.8
v 4.54220369 6.03200327 10.8
v 3.81800034 6.37420016 10.8
v 3.80427129 6.74513503 10.8
v 4.17198925 6.38791029 10.8
v 4.52592902 6.40283516 10.8
v 4.1569873 6.75879586 10.8
v 4.50965435 6.77366706 10.8
v 4.70967613 5.85433888 10.18636364
v 5.06544386 5.87111214 10.18636364
v 5.42115193 5.88910623 10.18636364
v 4.80360909 5.95122739 10.49318182
v 4.8973627 6.04820074 10.8
v 5.15904376 5.96832244 10.49318182
v 5.51441767 5.98663717 10.49318182
v 5.25246402 6.06561697 10.8
v 4.87981549 6.41897461 10.8
v 4.86226829 6.78974847 10.8
v 5.23364449 6.43632843 10.8
v 5.21482497 6.80703989 10.8
v 6.77326931 5.08118365 9.61363636
v 7.24005919 5.11250171 9.61363636
v 6.7759226 5.19333691 9.91022727
v 7.16974444 5.21965942 9.91022727
v 5.71516325 5.73201311 9.61363636
v 5.84169081 5.73905714 9.61363636
v 5.96820968 5.7462554 9.61363636
v 6.09471969 5.75360789 9.61363636
v 6.22122064 5.76111459 9.61363636
v 5.56804452 5.8104556 9.9
v 5.86614017 5.82997573 9.91022727
v 5.9925482 5.83720373 9.91022727
v 6.11894732 5.84458581 9.91022727
v 6.24533735 5.85212198 9.91022727
v 6.19582224 6.18475515 9.61363636
v 6.17042383 6.60839572 9.61363636
v 6.22301815 6.2226392 9.91022727
v 6.19749934 6.64627253 9.91022727
v 6.73756636 5.63174884 9.61363636
v 6.74465055 5.67486803 9.91022727
v 6.70186342 6.18231403 9.61363636
v 6.66616047 6.73287922 9.61363636
v 6.70889545 6.22542983 9.91022727
v 6.67314034 6.77599164 9.91022727
v 5.71902622 5.90820381 10.19659091
v 6.0168355 5.92815749 10.20681818
v 6.14312373 5.93556912 10.20681818
v 6.26940283 5.94313469 10.20681818
v 5.86972664 6.00617138 10.49318182
v 5.60750348 6.08425173 10.8
v 5.96247691 6.10410481 10.8
v 6.16724892 6.02655779 10.50340909
v 6.29341708 6.0341527 10.50340909
v 6.31738011 6.12517598 10.8
v 6.24697833 6.31364556 10.20681818
v 6.22455382 6.68415642 10.20681818
v 5.58741186 6.45489642 10.8
v 5.94111341 6.47467837 10.8
v 5.56732023 6.82554111 10.8
v 5.91974992 6.84525193 10.8
v 6.27088728 6.40465718 10.50340909
v 6.294745 6.49567404 10.8
v 6.24835747 6.77516165 10.50340909
v 6.27210989 6.8661721 10.8
v 6.7785547 5.30548973 10.20681818
v 6.74723703 5.78701788 10.20681818
v 7.17195315 5.33182138 10.20681818
v 6.78116561 5.41764211 10.50340909
v 6.78375534 5.52979405 10.8
v 6.74980233 5.8991673 10.50340909
v 6.75234643 6.01131626 10.8
v 7.17414067 5.44398282 10.50340909
v 7.176307 5.55614374 10.8
v 7.14308058 6.03754395 10.8
v 6.71591937 6.26854604 10.20681818
v 6.68011211 6.81910446 10.20681818
v 6.71843904 6.38069248 10.50340909
v 6.72093753 6.49283848 10.8
v 6.68707576 6.86221767 10.50340909
v 6.68952863 6.97436069 10.8
v 7.10985416 6.51894417 10.8
v 7.07662773 7.00034438 10.8
v -0 7.08773191 7.11818182
v 0.3491684 7.08832697 7.11818182
v 0.04617945 7.09522875 7.425
v -0 7.58002481 7.11818182
v 0.34749044 7.58061701 7.11818182
v 0.04596248 7.57651214 7.425
v 0.69833273 7.09011215 7.11818182
v 0.69497685 7.58239361 7.11818182
v -0 8.07231771 7.11818182
v 0.34581249 8.07290705 7.11818182
v 0.04574054 8.06880499 7.425
v -0 8.56461061 7.11818182
v 0.34413454 8.5651971 7.11818182
v 0.04551861 8.56109785 7.425
v 0.69162096 8.07467508 7.11818182
v 0.68826508 8.56695654 7.11818182
v 1.04748896 7.09308743 7.11818182
v 1.04245518 7.58535459 7.11818182
v 1.39663302 7.09725277 7.11818182
v 1.74576085 7.10260812 7.11818182
v 1.3899214 7.58949991 7.11818182
v 1.73737148 7.59482953 7.11818182
v 1.0374214 8.07762176 7.11818182
v 1.38320978 8.08174706 7.11818182
v 1.03238762 8.56988892 7.11818182
v 1.37649817 8.57399421 7.11818182
v 1.7289821 8.08705094 7.11818182
v 1.72059273 8.57927236 7.11818182
v 0.09235214 7.10274641 7.73181818
v 0.09191819 7.58402965 7.73181818
v 0.13851806 7.11028488 8.03863636
v 0.13786714 7.59156788 8.03863636
v 0.09148425 8.0653129 7.73181818
v 0.09104038 8.5576056 7.73181818
v 0.13721623 8.07285088 8.03863636
v 0.13656531 8.55413388 8.03863636
v -0 9.05690351 7.11818182
v 0.34245658 9.05748714 7.11818182
v 0.04529667 9.0533907 7.425
v -0 9.54919641 7.11818182
v 0.34077863 9.54977718 7.11818182
v 0.0450797 9.53467409 7.425
v 0.68490919 9.059238 7.11818182
v 0.6815533 9.55151946 7.11818182
v -0 10.04148932 7.11818182
v 0.33910068 10.04206722 7.11818182
v 0.04485777 10.02696694 7.425
v 0.67819742 10.04380093 7.11818182
v 1.02735384 9.06215609 7.11818182
v 1.36978655 9.06624136 7.11818182
v 1.02232006 9.55442325 7.11818182
v 1.36307493 9.55848851 7.11818182
v 1.71220335 9.07149377 7.11818182
v 1.70381398 9.56371518 7.11818182
v 1.01728628 10.04669042 7.11818182
v 1.35636332 10.05073566 7.11818182
v 1.6954246 10.05593659 7.11818182
v 0.09059651 9.0498983 7.73181818
v 0.09016257 9.53118155 7.73181818
v 0.13589951 9.04642633 8.03863636
v 0.1352486 9.52770933 8.03863636
v 0.08972863 10.01246479 7.73181818
v 0.08928476 10.5047575 7.73181818
v 0.13459768 10.00899233 8.03863636
v 0.13394677 10.49027534 8.03863636
v 2.0948684 7.10915342 7.11818182
v 2.08480136 7.60134338 7.11818182
v 2.44395161 7.1168886 7.11818182
v 2.43220703 7.60904139 7.11818182
v 2.07473433 8.09353334 7.11818182
v 2.06466729 8.5857233 7.11818182
v 2.42046245 8.10119418 7.11818182
v 2.76616246 8.11003336 7.11818182
v 2.40871788 8.59334696 7.11818182
v 2.75274047 8.60214326 7.11818182
v 2.79300643 7.12581357 7.11818182
v 3.14202881 7.13592822 7.11818182
v 2.77958445 7.61792347 7.11818182
v 3.12692957 7.62798951 7.11818182
v 3.49101468 7.14723243 7.11818182
v 3.47423836 7.6392394 7.11818182
v 3.11183033 8.1200508 7.11818182
v 3.09673109 8.61211209 7.11818182
v 3.45746205 8.13124637 7.11818182
v 3.44068574 8.62325333 7.11818182
v 2.05460026 9.07791326 7.11818182
v 2.04453322 9.57010322 7.11818182
v 2.3969733 9.08549975 7.11818182
v 2.73931849 9.09425316 7.11818182
v 2.38522872 9.57765254 7.11818182
v 2.7258965 9.58636306 7.11818182
v 2.03446619 10.06229318 7.11818182
v 2.37348414 10.06980532 7.11818182
v 2.71247452 10.07847295 7.11818182
v 3.08163186 9.10417338 7.11818182
v 3.06653262 9.59623467 7.11818182
v 3.42390942 9.1152603 7.11818182
v 3.40713311 9.60726727 7.11818182
v 3.05143338 10.08829596 7.11818182
v 3.3903568 10.09927424 7.11818182
v -0 10.53378222 7.11818182
v 0.33742272 10.53435726 7.11818182
v 0.04463583 10.51925979 7.425
v -0 11.02607512 7.11818182
v 0.33574477 11.0266473 7.11818182
v 0.0444139 11.01155264 7.425
v 0.38020791 11.0122763 7.425
v 0.67484153 10.53608239 7.11818182
v 0.67148564 11.02836385 7.11818182
v 0.71599751 11.01414448 7.425
v 1.01225249 10.53895758 7.11818182
v 1.3496517 10.5429828 7.11818182
v 1.00721871 11.03122475 7.11818182
v 1.34294008 11.03522995 7.11818182
v 1.05177878 11.01715717 7.425
v 1.37853721 11.02118783 7.425
v 1.68703523 10.54815801 7.11818182
v 1.67864585 11.04037942 7.11818182
v 1.71429064 11.02645871 7.425
v 0.08884089 10.9970502 7.73181818
v 0.42468407 10.99792536 7.73181818
v 0.76052232 10.99994522 7.73181818
v 0.13328096 10.98256779 8.03863636
v 0.46917325 10.98359451 8.03863636
v 0.79604622 10.98569286 8.03863636
v 1.08733945 11.00300988 7.73181818
v 1.41414461 11.00715858 7.73181818
v 1.74994565 11.0125509 7.73181818
v 1.12291042 10.98887544 8.03863636
v 1.44976227 10.99314219 8.03863636
v 1.78561087 10.998656 8.03863636
v 2.02439915 10.55448313 7.11818182
v 2.01433212 11.04667309 7.11818182
v 2.05002414 11.03287396 7.425
v 2.36173956 10.56195811 7.11818182
v 2.69905253 10.57058285 7.11818182
v 2.34999498 11.0541109 7.11818182
v 2.68563054 11.06269275 7.11818182
v 2.38573383 11.0404335 7.425
v 2.71240772 11.04888872 7.425
v 3.03633414 10.58035725 7.11818182
v 3.02123491 11.07241854 7.11818182
v 3.04805898 11.05870587 7.425
v 3.37358048 10.5912812 7.11818182
v 3.35680417 11.08328817 7.11818182
v 3.38367482 11.069667 7.425
v 2.08572635 11.01908776 7.73181818
v 2.41247269 11.02654799 7.73181818
v 2.73919248 11.03509198 7.73181818
v 2.11242663 11.00512087 8.03863636
v 2.43921915 11.01266973 8.03863636
v 2.76598484 11.02130252 8.03863636
v 3.07489061 11.0450005 7.73181818
v 3.41055302 11.05605317 7.73181818
v 3.41055302 11.05605317 7.74204545
v 3.41055302 11.05605317 7.75227273
v 3.10172981 11.03130244 8.03863636
v 3.10172981 11.03130244 8.04886364
v 3.10620374 11.02902014 8.05909091
v 3.11067789 11.02673805 8.06931818
v 3.11515224 11.02445615 8.07954545
v 3.11515224 11.02445615 8.08977273
v 3.11962681 11.02217446 8.1
v 3.41503345 11.05378491 7.7625
v 3.41951409 11.05151685 7.77272727
v 3.41951409 11.05151685 7.78295455
v 3.41951409 11.05151685 7.79318182
v 3.42399494 11.049249 7.80340909
v 3.428476 11.04698135 7.81363636
v 3.428476 11.04698135 7.82386364
v 3.428476 11.04698135 7.83409091
v 4.16631525 7.72431593 5.55340909
v 4.16631525 7.72431593 5.70681818
v 4.16631525 7.72431593 5.86022727
v 4.16631525 7.72431593 6.01363636
v 4.13526037 8.48315422 5.4
v 4.13410747 8.5113258 5.4
v 4.13410747 8.5113258 5.55340909
v 4.13410747 8.5113258 5.70681818
v 4.13410747 8.5113258 5.86022727
v 4.13410747 8.5113258 6.01363636
v 4.19530225 7.01600704 6.12613636
v 4.1880555 7.19308426 6.13636364
v 4.18080875 7.37016148 6.14659091
v 4.19288666 7.07503278 6.40227273
v 4.17758797 7.44886247 6.25909091
v 4.173562 7.5472387 6.15681818
v 4.16631525 7.72431593 6.16704545
v 4.17034122 7.62593969 6.26931818
v 4.1727568 7.56691395 6.40227273
v 4.16309447 7.80301691 6.27954545
v 4.1880555 7.19308426 6.54545455
v 4.18322433 7.31113574 6.68863636
v 4.16792564 7.68496543 6.54545455
v 4.16309447 7.80301691 6.68863636
v 4.15262694 8.05879512 6.40227273
v 4.14860097 8.15717136 6.3
v 4.14538019 8.23587235 6.4125
v 4.13410747 8.5113258 6.16704545
v 4.14135422 8.33424858 6.31022727
v 4.13410747 8.5113258 6.32045455
v 4.15584772 7.98009414 6.28977273
v 4.14779578 8.17684661 6.54545455
v 4.14296461 8.29489809 6.68863636
v 4.13813344 8.41294957 6.42272727
v 4.13088669 8.59002679 6.43295455
v 4.12766591 8.66872778 6.54545455
v 4.10189969 9.29833568 5.4
v 4.10189969 9.29833568 5.55340909
v 4.10189969 9.29833568 5.70681818
v 4.10189969 9.29833568 5.86022727
v 4.10189969 9.29833568 6.01363636
v 4.06969192 10.08534556 5.4
v 4.06969192 10.08534556 5.55340909
v 4.06969192 10.08534556 5.70681818
v 4.06969192 10.08534556 5.86022727
v 4.06969192 10.08534556 6.01363636
v 4.10189969 9.29833568 6.16704545
v 4.10189969 9.29833568 6.32045455
v 4.12363994 8.76710401 6.44318182
v 4.11639319 8.94418124 6.45340909
v 4.12041916 8.845805 6.55568182
v 4.10914644 9.12125846 6.46363636
v 4.11317241 9.02288223 6.56590909
v 4.10592566 9.19995945 6.57613636
v 4.12283475 8.78677926 6.68863636
v 4.10189969 9.29833568 6.47386364
v 4.09867891 9.37703667 6.58636364
v 4.10270489 9.27866044 6.68863636
v 4.09143216 9.55411389 6.59659091
v 4.09545814 9.45573766 6.69886364
v 4.08821139 9.63281488 6.70909091
v 4.06969192 10.08534556 6.16704545
v 4.06969192 10.08534556 6.32045455
v 4.08418541 9.73119112 6.60681818
v 4.08096464 9.8098921 6.71931818
v 4.07693866 9.90826834 6.61704545
v 4.07371789 9.98696933 6.72954545
v 4.06969192 10.08534556 6.47386364
v 4.06969192 10.08534556 6.62727273
v 4.06647114 10.16404655 6.73977273
v 4.05922439 10.34112377 6.75
v 4.17839316 7.42918722 6.83181818
v 4.19369186 7.05535753 6.975
v 4.173562 7.5472387 6.975
v 3.83995999 7.15972608 7.11818182
v 3.82150679 7.65167301 7.11818182
v 4.18886069 7.17340901 7.11818182
v 4.16873083 7.66529018 7.11818182
v 4.15343214 8.03911988 6.975
v 4.13813344 8.41294957 6.83181818
v 4.13330228 8.53100105 6.975
v 4.1582633 7.9210684 6.83181818
v 3.8030536 8.14361993 7.11818182
v 4.14860097 8.15717136 7.11818182
v 3.78460041 8.63556686 7.11818182
v 4.12847111 8.64905253 7.11818182
v 4.11800358 8.90483074 6.83181818
v 4.11317241 9.02288223 6.975
v 4.09787372 9.39671192 6.83181818
v 4.09304255 9.5147634 6.975
v 3.76614721 9.12751379 7.11818182
v 4.10834125 9.14093371 7.11818182
v 3.74769402 9.61946072 7.11818182
v 4.08821139 9.63281488 7.11818182
v 4.07774386 9.88859309 6.83181818
v 4.07049711 10.06567031 6.84204545
v 4.07291269 10.00664457 6.975
v 4.06325036 10.24274754 6.85227273
v 4.05600361 10.41982476 6.8625
v 4.05278283 10.49852575 6.975
v 3.72924082 10.11140765 7.11818182
v 4.06808153 10.12469605 7.11818182
v 5.98235007 7.26255777 7.24090909
v 5.95360147 7.75401053 7.24090909
v 5.99851957 7.83555173 7.24090909
v 6.1470547 7.01587235 7.24090909
v 6.02750746 7.34411302 7.24090909
v 6.07258686 7.42568798 7.24090909
v 6.32419466 7.39163974 7.24090909
v 6.37822001 7.32594405 7.24090909
v 6.43231084 7.26027677 7.24090909
v 6.11758824 7.5072826 7.24090909
v 6.21634044 7.52311617 7.24090909
v 6.1625116 7.58889681 7.24090909
v 6.27023479 7.4573638 7.24090909
v 6.44598352 7.83333699 7.24090909
v 5.92485287 8.24546329 7.24090909
v 5.96953168 8.32699043 7.24090909
v 5.89610427 8.73691606 7.24090909
v 6.04335967 7.91711252 7.24090909
v 6.08812177 7.99869284 7.24090909
v 6.13280586 8.08029265 7.24090909
v 6.17741193 8.16191188 7.24090909
v 6.33835841 7.96468222 7.24090909
v 6.28464408 8.03039724 7.24090909
v 6.23099525 8.09614048 7.24090909
v 6.39213823 7.89899545 7.24090909
v 6.01413249 8.40853705 7.24090909
v 6.05865531 8.49010309 7.24090909
v 6.10310012 8.57168849 7.24090909
v 6.14746692 8.6532932 7.24090909
v 6.1917557 8.73491716 7.24090909
v 6.45909966 8.40638615 7.24090909
v 6.35196562 8.53771413 7.24090909
v 6.40549991 8.47203604 7.24090909
v 6.29849681 8.60342038 7.24090909
v 6.2450935 8.66915474 7.24090909
v 6.48646713 7.19463795 7.24090909
v 6.54068886 7.12902764 7.24090909
v 6.59497603 7.06344589 7.24090909
v 6.49989426 7.7677069 7.24090909
v 6.55387044 7.7021052 7.24090909
v 6.51276486 8.34076452 7.24090909
v 5.98978444 7.27299195 7.5375
v 5.96185569 7.74978829 7.5375
v 5.99721721 7.28342666 7.83409091
v 5.96925108 7.76022082 7.83409091
v 5.93306856 8.2412388 7.5375
v 5.90428143 8.73268931 7.5375
v 5.94128495 8.23701498 7.83409091
v 5.91245929 8.72846322 7.83409091
v 6.59689934 7.07533744 7.5375
v 6.55700326 7.69495205 7.5375
v 6.59882205 7.08722901 7.83409091
v 6.55890977 7.70684258 7.83409091
v 6.51588099 8.33361029 7.5375
v 6.5189975 8.32645615 7.83409091
v 5.94054378 8.81842914 7.24090909
v 5.98490531 8.89996158 7.24090909
v 5.86735567 9.22836882 7.24090909
v 5.91155589 9.30986785 7.24090909
v 5.95567813 9.39138612 7.24090909
v 5.99972238 9.47292357 7.24090909
v 6.02918885 8.98151333 7.24090909
v 6.07339438 9.06308433 7.24090909
v 6.11752191 9.14467451 7.24090909
v 6.31179301 9.17643281 7.24090909
v 6.41830506 9.0450654 7.24090909
v 6.3650163 9.11073508 7.24090909
v 6.16157143 9.22628384 7.24090909
v 6.20554292 9.30791223 7.24090909
v 6.04368864 9.55448016 7.24090909
v 6.08757691 9.63605583 7.24090909
v 6.25863522 9.24215854 7.24090909
v 6.4305537 9.61808314 7.24090909
v 5.83860708 9.71982158 7.24090909
v 5.88256799 9.80130655 7.24090909
v 5.92645094 9.88281065 7.24090909
v 5.97025592 9.96433382 7.24090909
v 5.80985848 10.21127435 7.24090909
v 5.8535801 10.29274526 7.24090909
v 5.89722376 10.37423518 7.24090909
v 5.94078945 10.45574406 7.24090909
v 6.13138716 9.71765051 7.24090909
v 6.1751194 9.79926416 7.24090909
v 6.0139829 10.045876 7.24090909
v 6.21877362 9.8808967 7.24090909
v 6.32453269 9.74943412 7.24090909
v 6.2716204 9.81515148 7.24090909
v 6.37751046 9.68374466 7.24090909
v 6.0576319 10.12743714 7.24090909
v 6.1012029 10.20901719 7.24090909
v 6.14469588 10.29061608 7.24090909
v 6.18811085 10.37223375 7.24090909
v 6.38944811 10.25674246 7.24090909
v 6.28404908 10.38813316 7.24090909
v 6.33671586 10.32242391 7.24090909
v 6.2314478 10.45387016 7.24090909
v 6.47165928 8.97942383 7.24090909
v 5.8754943 9.22413982 7.5375
v 6.43363644 9.61092676 7.5375
v 5.88363363 9.21991147 7.83409091
v 6.43671957 9.60377048 7.83409091
v 5.84756555 9.70093617 7.5375
v 5.81877842 10.19238667 7.5375
v 6.39374036 10.23054138 7.5375
v 5.85566749 9.69670563 7.83409091
v 5.82770136 10.17349979 7.83409091
v 6.39680729 10.22338405 7.83409091
v 6.47475872 8.97226853 7.5375
v 6.47785853 8.96511331 7.83409091
v 4.03748414 10.87235544 5.4
v 4.03748414 10.87235544 5.55340909
v 4.03748414 10.87235544 5.70681818
v 4.03748414 10.87235544 5.86022727
v 4.03748414 10.87235544 6.01363636
v 4.00527636 11.65936532 5.4
v 4.00527636 11.65936532 5.55340909
v 4.00527636 11.65936532 5.70681818
v 4.00527636 11.65936532 5.86022727
v 4.00527636 11.65936532 6.01363636
v 4.03748414 10.87235544 6.16704545
v 4.03748414 10.87235544 6.32045455
v 4.03748414 10.87235544 6.47386364
v 4.03748414 10.87235544 6.62727273
v 4.00527636 11.65936532 6.16704545
v 4.00527636 11.65936532 6.32045455
v 4.00527636 11.65936532 6.47386364
v 4.00527636 11.65936532 6.62727273
v 3.97306858 12.4463752 5.4
v 3.97306858 12.4463752 5.55340909
v 3.97306858 12.4463752 5.70681818
v 3.97306858 12.4463752 5.86022727
v 3.97306858 12.4463752 6.01363636
v 3.94086081 13.23338507 5.4
v 4.13526037 13.15278045 5.4
v 3.94086081 13.23338507 5.55340909
v 3.94086081 13.23338507 5.70681818
v 3.94086081 13.23338507 5.86022727
v 3.94086081 13.23338507 6.01363636
v 4.69095514 13.26700938 5.4
v 4.69095514 13.26700938 5.55340909
v 4.69095514 13.26700938 5.70681818
v 5.44076475 13.30647641 5.4
v 5.44076475 13.30647641 5.55340909
v 5.44076475 13.30647641 5.70681818
v 4.69095514 13.26700938 5.86022727
v 4.69095514 13.26700938 6.01363636
v 5.44076475 13.30647641 5.86022727
v 5.44076475 13.30647641 6.01363636
v 3.97306858 12.4463752 6.16704545
v 3.97306858 12.4463752 6.32045455
v 3.97306858 12.4463752 6.47386364
v 3.97306858 12.4463752 6.62727273
v 3.94086081 13.23338507 6.16704545
v 3.94086081 13.23338507 6.32045455
v 3.94086081 13.23338507 6.47386364
v 3.94086081 13.23338507 6.62727273
v 4.69095514 13.26700938 6.16704545
v 4.69095514 13.26700938 6.32045455
v 5.44076475 13.30647641 6.16704545
v 5.44076475 13.30647641 6.32045455
v 4.69095514 13.26700938 6.47386364
v 4.69095514 13.26700938 6.62727273
v 5.44076475 13.30647641 6.47386364
v 5.44076475 13.30647641 6.62727273
v 6.19024414 13.35178375 5.4
v 6.19024414 13.35178375 5.55340909
v 6.19024414 13.35178375 5.70681818
v 6.19024414 13.35178375 5.86022727
v 6.19024414 13.35178375 6.01363636
v 6.9393478 13.40292866 5.4
v 6.9393478 13.40292866 5.55340909
v 6.9393478 13.40292866 5.70681818
v 6.9393478 13.40292866 5.86022727
v 6.9393478 13.40292866 6.01363636
v 6.19024414 13.35178375 6.16704545
v 6.19024414 13.35178375 6.32045455
v 6.19024414 13.35178375 6.47386364
v 6.19024414 13.35178375 6.62727273
v 6.9393478 13.40292866 6.16704545
v 6.9393478 13.40292866 6.32045455
v 6.9393478 13.40292866 6.47386364
v 6.9393478 13.40292866 6.62727273
v 4.05197764 10.51820099 6.76022727
v 4.04473089 10.69527822 6.77045455
v 4.04875686 10.59690198 6.87272727
v 4.03748414 10.87235544 6.78068182
v 4.03426336 10.95105643 6.89318182
v 4.04151011 10.7739792 6.88295455
v 4.04553608 10.67560297 6.98522727
v 4.03828933 10.85268019 6.99545455
v 4.02701661 11.12813365 6.90340909
v 4.01976986 11.30521087 6.91363636
v 4.03104258 11.02975741 7.00568182
v 4.02379583 11.20683464 7.01590909
v 4.01654908 11.38391186 7.02613636
v 3.71078763 10.60335457 7.11818182
v 4.04795167 10.61657723 7.11818182
v 3.69233443 11.0953015 7.11818182
v 4.0278218 11.1084584 7.11818182
v 4.0278218 11.1084584 7.12840909
v 4.0278218 11.1084584 7.13863636
v 4.0278218 11.1084584 7.14886364
v 4.0278218 11.1084584 7.15909091
v 4.0278218 11.1084584 7.16931818
v 4.0278218 11.1084584 7.17954545
v 4.0278218 11.1084584 7.18977273
v 4.0278218 11.1084584 7.2
v 4.0278218 11.1084584 7.21022727
v 4.0278218 11.1084584 7.22045455
v 4.0278218 11.1084584 7.23068182
v 4.0278218 11.1084584 7.24090909
v 4.02057505 11.28553563 7.12840909
v 4.02057505 11.28553563 7.13863636
v 4.02057505 11.28553563 7.14886364
v 4.02057505 11.28553563 7.15909091
v 4.02057505 11.28553563 7.16931818
v 4.02057505 11.28553563 7.17954545
v 4.02057505 11.28553563 7.18977273
v 4.02057505 11.28553563 7.2
v 4.02057505 11.28553563 7.21022727
v 4.02057505 11.28553563 7.22045455
v 4.02057505 11.28553563 7.23068182
v 4.02057505 11.28553563 7.24090909
v 3.71925136 11.081772 7.425
v 4.17158801 11.11444711 7.24090909
v 4.31534531 11.12064582 7.24090909
v 4.1640826 11.29151356 7.24090909
v 4.30758126 11.29770111 7.24090909
v 4.45909341 11.12705451 7.24090909
v 4.60283198 11.13367318 7.24090909
v 4.45107072 11.30409828 7.24090909
v 4.59455069 11.31070504 7.24090909
v 4.00527636 11.65936532 6.78068182
v 4.01252311 11.4822881 6.92386364
v 4.00930233 11.56098908 7.03636364
v 4.00527636 11.65936532 6.93409091
v 4.00205558 11.73806631 7.04659091
v 3.99480883 11.91514353 7.05681818
v 3.98756208 12.09222075 7.06704545
v 4.0133283 11.46261285 7.13863636
v 4.0133283 11.46261285 7.14886364
v 4.0133283 11.46261285 7.15909091
v 4.0133283 11.46261285 7.16931818
v 4.0133283 11.46261285 7.17954545
v 4.0133283 11.46261285 7.18977273
v 4.0133283 11.46261285 7.2
v 4.0133283 11.46261285 7.21022727
v 4.0133283 11.46261285 7.22045455
v 4.0133283 11.46261285 7.23068182
v 4.0133283 11.46261285 7.24090909
v 4.00608155 11.63969007 7.14886364
v 4.00608155 11.63969007 7.15909091
v 4.00608155 11.63969007 7.16931818
v 3.9988348 11.81676729 7.15909091
v 3.9988348 11.81676729 7.16931818
v 4.00608155 11.63969007 7.17954545
v 4.00608155 11.63969007 7.18977273
v 4.00608155 11.63969007 7.2
v 4.00608155 11.63969007 7.21022727
v 4.00608155 11.63969007 7.22045455
v 4.00608155 11.63969007 7.23068182
v 4.00608155 11.63969007 7.24090909
v 3.9988348 11.81676729 7.17954545
v 3.9988348 11.81676729 7.18977273
v 3.9988348 11.81676729 7.2
v 3.9988348 11.81676729 7.21022727
v 3.9988348 11.81676729 7.22045455
v 3.9988348 11.81676729 7.23068182
v 3.9988348 11.81676729 7.24090909
v 4.14907178 11.64564645 7.24090909
v 4.14156637 11.8227129 7.24090909
v 3.99158805 11.99384452 7.16931818
v 3.99158805 11.99384452 7.17954545
v 3.99158805 11.99384452 7.18977273
v 3.99158805 11.99384452 7.2
v 3.99158805 11.99384452 7.21022727
v 3.99158805 11.99384452 7.22045455
v 3.99158805 11.99384452 7.23068182
v 3.99158805 11.99384452 7.24090909
v 4.13406096 11.99977935 7.24090909
v 3.9843413 12.17092174 7.17954545
v 3.9843413 12.17092174 7.18977273
v 3.9843413 12.17092174 7.2
v 3.9843413 12.17092174 7.21022727
v 3.9843413 12.17092174 7.22045455
v 3.9843413 12.17092174 7.23068182
v 3.9843413 12.17092174 7.24090909
v 4.12655555 12.1768458 7.24090909
v 4.15657719 11.46858 7.24090909
v 4.2998172 11.47475641 7.24090909
v 4.29205315 11.6518117 7.24090909
v 4.28428909 11.828867 7.24090909
v 4.44304804 11.48114204 7.24090909
v 4.5862694 11.4877369 7.24090909
v 4.43502536 11.65818581 7.24090909
v 4.57798811 11.66476875 7.24090909
v 4.27652504 12.00592229 7.24090909
v 4.26876098 12.18297759 7.24090909
v 4.42700268 11.83522957 7.24090909
v 4.41897999 12.01227334 7.24090909
v 4.56970681 11.84180061 7.24090909
v 4.56142552 12.01883247 7.24090909
v 4.41095731 12.1893171 7.24090909
v 4.55314423 12.19586432 7.24090909
v 4.74656074 11.14050182 7.24090909
v 4.73802086 11.31752139 7.24090909
v 4.89027937 11.1475404 7.24090909
v 5.03398757 11.15478891 7.24090909
v 4.88148091 11.3245473 7.24090909
v 5.02493055 11.33178277 7.24090909
v 5.17768502 11.16224733 7.24090909
v 5.16836947 11.33922778 7.24090909
v 5.32137142 11.16991566 7.24090909
v 5.31179735 11.34688231 7.24090909
v 5.46504647 11.17779387 7.24090909
v 5.45521391 11.35474635 7.24090909
v 4.72948097 11.49454096 7.24090909
v 4.72094109 11.67156053 7.24090909
v 4.87268245 11.50155421 7.24090909
v 5.01587353 11.50877664 7.24090909
v 4.86388399 11.67856112 7.24090909
v 5.00681652 11.6857705 7.24090909
v 4.7124012 11.8485801 7.24090909
v 4.70386131 12.02559967 7.24090909
v 4.69532143 12.20261924 7.24090909
v 4.83748861 12.20958184 7.24090909
v 4.85508553 11.85556802 7.24090909
v 4.84628707 12.03257493 7.24090909
v 4.9977595 11.86276437 7.24090909
v 4.98870248 12.03975824 7.24090909
v 5.03210829 12.12086087 7.24090909
v 5.07543631 12.20198264 7.24090909
v 5.15905391 11.51620823 7.24090909
v 5.30222328 11.52384896 7.24090909
v 5.14973836 11.69318867 7.24090909
v 5.29264921 11.70081561 7.24090909
v 5.44538134 11.53169882 7.24090909
v 5.33599023 11.78205408 7.24090909
v 5.4886898 11.61300532 7.24090909
v 5.53192038 11.69433074 7.24090909
v 5.14042281 11.87016912 7.24090909
v 5.18379627 11.95133963 7.24090909
v 5.22709191 12.03252921 7.24090909
v 5.27030972 12.11373779 7.24090909
v 5.37925339 11.86331154 7.24090909
v 5.42243869 11.94458793 7.24090909
v 5.46554611 12.02588321 7.24090909
v 5.31344968 12.19496533 7.24090909
v 5.50857564 12.10719731 7.24090909
v 3.71925136 11.081772 7.43522727
v 3.71925136 11.081772 7.44545455
v 3.71925136 11.081772 7.45568182
v 3.72373824 11.0795178 7.46590909
v 3.72373824 11.0795178 7.47613636
v 3.72373824 11.0795178 7.48636364
v 3.72373824 11.0795178 7.49659091
v 3.72822534 11.0772638 7.50681818
v 3.72822534 11.0772638 7.51704545
v 3.72822534 11.0772638 7.52727273
v 3.72822534 11.0772638 7.5375
v 4.19041628 11.09585279 7.5375
v 4.33420072 11.10207903 7.5375
v 4.47797592 11.10851528 7.5375
v 3.89081242 11.06416336 7.83409091
v 4.35306307 11.08351584 7.83409091
v 4.49686536 11.08997967 7.83409091
v 4.62174156 11.11516156 7.5375
v 4.76035367 11.12176888 7.5375
v 4.90409965 11.12882763 7.5375
v 5.04783516 11.13609635 7.5375
v 5.1915599 11.14357502 7.5375
v 5.33013143 11.1509849 7.5375
v 5.47383412 11.15887593 7.5375
v 4.64065806 11.09665356 7.83409091
v 4.77929622 11.10328755 7.83409091
v 4.9179249 11.11011679 7.83409091
v 5.06168773 11.11740573 7.83409091
v 5.20543976 11.12490466 7.83409091
v 5.34403757 11.13233411 7.83409091
v 5.48262477 11.13995876 7.83409091
v 3.97306858 12.4463752 6.78068182
v 3.97306858 12.4463752 6.93409091
v 3.98031533 12.26929797 7.07727273
v 3.97306858 12.4463752 7.0875
v 3.97709456 12.34799896 7.18977273
v 3.97709456 12.34799896 7.2
v 3.97709456 12.34799896 7.21022727
v 3.97709456 12.34799896 7.22045455
v 3.97709456 12.34799896 7.23068182
v 3.97709456 12.34799896 7.24090909
v 4.11905014 12.35391224 7.24090909
v 3.96984781 12.52507618 7.2
v 3.96984781 12.52507618 7.21022727
v 3.96984781 12.52507618 7.22045455
v 3.96984781 12.52507618 7.23068182
v 3.96984781 12.52507618 7.24090909
v 3.96260106 12.70215341 7.21022727
v 3.96260106 12.70215341 7.22045455
v 3.96260106 12.70215341 7.23068182
v 3.96260106 12.70215341 7.24090909
v 4.11154473 12.53097869 7.24090909
v 3.95535431 12.87923063 7.22045455
v 3.95535431 12.87923063 7.23068182
v 3.95535431 12.87923063 7.24090909
v 4.10403932 12.70804514 7.24090909
v 4.09653391 12.88511159 7.24090909
v 3.94810756 13.05630785 7.23068182
v 3.94810756 13.05630785 7.24090909
v 4.0890285 13.06217804 7.24090909
v 4.13262616 13.14287507 7.24090909
v 4.26099693 12.36003288 7.24090909
v 4.25323287 12.53708818 7.24090909
v 4.40293463 12.36636087 7.24090909
v 4.54486293 12.37289618 7.24090909
v 4.39491195 12.54340463 7.24090909
v 4.53658164 12.54992804 7.24090909
v 4.58008385 12.63082752 7.24090909
v 4.24546882 12.71414347 7.24090909
v 4.23770477 12.89119877 7.24090909
v 4.28127072 12.97196321 7.24090909
v 4.32475902 13.05274714 7.24090909
v 4.38688926 12.7204484 7.24090909
v 4.4304234 12.80128032 7.24090909
v 4.47387985 12.88213166 7.24090909
v 4.51725862 12.96300237 7.24090909
v 3.94086081 13.23338507 6.78068182
v 3.94086081 13.23338507 6.93409091
v 3.94086081 13.23338507 7.0875
v 3.94086081 13.23338507 7.24090909
v 4.68678154 12.37963881 7.24090909
v 4.73025172 12.46060593 7.24090909
v 4.77364417 12.54159233 7.24090909
v 4.81695887 12.62259796 7.24090909
v 4.88092666 12.29061668 7.24090909
v 4.92428694 12.37167072 7.24090909
v 4.96756944 12.45274392 7.24090909
v 4.86019581 12.70362275 7.24090909
v 5.01077417 12.53383622 7.24090909
v 5.0539011 12.61494755 7.24090909
v 4.62350835 12.71174635 7.24090909
v 4.66685514 12.79268448 7.24090909
v 4.7101242 12.87364185 7.24090909
v 4.90335499 12.78466665 7.24090909
v 5.07624899 13.08936776 7.24090909
v 5.11868652 12.2831235 7.24090909
v 5.16185891 12.36428338 7.24090909
v 5.20495348 12.44546222 7.24090909
v 5.09695022 12.69607787 7.24090909
v 5.24797022 12.52665998 7.24090909
v 5.29090912 12.60787659 7.24090909
v 5.35651178 12.27621177 7.24090909
v 5.39949603 12.35747704 7.24090909
v 5.44240241 12.4387611 7.24090909
v 5.48523091 12.52006389 7.24090909
v 5.26944193 13.00112541 7.24090909
v 5.46299783 12.91327015 7.24090909
v 4.69095514 13.26700938 6.78068182
v 4.69095514 13.26700938 6.93409091
v 5.44076475 13.30647641 6.78068182
v 5.44076475 13.30647641 6.93409091
v 4.69095514 13.26700938 7.0875
v 4.69095514 13.26700938 7.24090909
v 4.88341981 13.17799611 7.24090909
v 5.44076475 13.30647641 7.0875
v 5.44076475 13.30647641 7.24090909
v 5.78110988 10.70272711 7.24090909
v 5.98427717 10.53727184 7.24090909
v 5.82459221 10.78418397 7.24090909
v 5.86799658 10.86565972 7.24090909
v 5.91132299 10.94715431 7.24090909
v 5.60870986 11.18588195 7.24090909
v 5.59861882 11.36281987 7.24090909
v 5.75236128 11.19417988 7.24090909
v 5.95457143 11.02866768 7.24090909
v 5.99774189 11.11019978 7.24090909
v 5.79560431 11.27562267 7.24090909
v 5.8387694 11.35708425 7.24090909
v 6.02768689 10.61881846 7.24090909
v 6.07101863 10.70038386 7.24090909
v 6.11427236 10.781968 7.24090909
v 6.15744808 10.8635708 7.24090909
v 6.20054579 10.94519222 7.24090909
v 6.34834253 10.89540177 7.24090909
v 6.04083436 11.19175054 7.24090909
v 6.08384884 11.27331992 7.24090909
v 6.12678532 11.35490785 7.24090909
v 6.24356547 11.0268322 7.24090909
v 6.29592126 10.96110316 7.24090909
v 5.64189462 11.44419448 7.24090909
v 5.6850925 11.52558794 7.24090909
v 5.72821246 11.6070002 7.24090909
v 5.57507306 11.77567503 7.24090909
v 5.88185652 11.43856455 7.24090909
v 5.92486569 11.52006352 7.24090909
v 5.96779688 11.60158109 7.24090909
v 5.77125448 11.68843119 7.24090909
v 5.81421856 11.76988086 7.24090909
v 5.61814783 11.85703812 7.24090909
v 5.66114469 11.93841997 7.24090909
v 5.70406364 12.01982052 7.24090909
v 5.55152729 12.18853019 7.24090909
v 5.74690465 12.1012397 7.24090909
v 5.85710469 11.85134916 7.24090909
v 5.89991287 11.93283602 7.24090909
v 5.94264307 12.0143414 7.24090909
v 5.78966773 12.18267747 7.24090909
v 5.83235286 12.26413376 7.24090909
v 5.98529531 12.09586522 7.24090909
v 6.16964378 11.43651428 7.24090909
v 6.21242423 11.51813916 7.24090909
v 6.01065009 11.68311722 7.24090909
v 6.05342532 11.76467184 7.24090909
v 6.25512666 11.59978242 7.24090909
v 6.30723695 11.53406109 7.24090909
v 6.09612255 11.8462449 7.24090909
v 6.13874178 11.92783634 7.24090909
v 6.181283 12.00944611 7.24090909
v 6.02786956 12.17740745 7.24090909
v 6.07036583 12.25896802 7.24090909
v 6.22374619 12.09107415 7.24090909
v 6.26613137 12.1727204 7.24090909
v 6.78749735 12.207679 7.24090909
v 7.30866861 12.24542959 7.24090909
v 5.78999129 10.68383718 7.5375
v 5.61752513 11.16697686 7.5375
v 5.76120416 11.17528769 7.5375
v 6.35261809 10.86919962 7.5375
v 5.7988757 10.66494804 7.83409091
v 5.62634341 11.14807256 7.83409091
v 5.77005004 11.15639629 7.83409091
v 6.35689502 10.84299762 7.83409091
v 6.31149581 11.50785786 7.5375
v 6.27037354 12.14651609 7.5375
v 6.31575605 11.48165478 7.83409091
v 6.27461709 12.12031195 7.83409091
v 6.79187982 12.18149779 7.5375
v 7.31319125 12.21927223 7.5375
v 6.79626365 12.15531674 7.83409091
v 7.31771525 12.19311504 7.83409091
v 5.59440104 12.26988177 7.24090909
v 5.63719688 12.351252 7.24090909
v 5.67991481 12.43264084 7.24090909
v 5.87496005 12.34560852 7.24090909
v 5.65691593 12.82580305 7.24090909
v 5.85119545 12.7387252 7.24090909
v 5.82743086 13.13184187 7.24090909
v 6.04583561 12.65203766 7.24090909
v 6.4361947 12.47983784 7.24090909
v 6.24083562 12.56574152 7.24090909
v 6.0213054 13.0451073 7.24090909
v 6.21553988 12.95876263 7.24090909
v 6.41013352 12.87280894 7.24090909
v 6.19024414 13.35178375 6.78068182
v 6.19024414 13.35178375 6.93409091
v 5.63391705 13.21896526 7.24090909
v 6.19024414 13.35178375 7.0875
v 6.19024414 13.35178375 7.24090909
v 6.38407235 13.26578004 7.24090909
v 6.63191205 12.3943277 7.24090909
v 6.82798689 12.30921216 7.24090909
v 6.80039515 12.70207877 7.24090909
v 6.60508554 12.7872473 7.24090909
v 6.7728034 13.09494537 7.24090909
v 6.99606155 12.61730442 7.24090909
v 7.34861375 12.34717816 7.24090909
v 7.19208394 12.53292533 7.24090909
v 6.96770467 13.01011654 7.24090909
v 7.16296205 12.92568147 7.24090909
v 7.35857473 12.84164123 7.24090909
v 6.9393478 13.40292866 6.78068182
v 6.9393478 13.40292866 6.93409091
v 6.57825903 13.18016689 7.24090909
v 7.13384016 13.31843761 7.24090909
v 6.9393478 13.40292866 7.0875
v 6.9393478 13.40292866 7.24090909
v 7.32868793 13.23433991 7.24090909
v 0.1846772 7.11784415 8.34545455
v 0.18380931 7.59912681 8.34545455
v 0.4153709 7.15595246 8.65227273
v 0.41364151 7.58218509 8.65227273
v 0.18294143 8.08040947 8.34545455
v 0.18207354 8.56169213 8.34545455
v 0.41168878 8.06346457 8.65227273
v 0.40973604 8.54474405 8.65227273
v 0.64589375 7.19458024 8.95909091
v 0.6432036 7.62080789 8.95909091
v 0.87624457 7.23372691 9.26590909
v 0.87259367 7.65994742 9.26590909
v 0.64051344 8.04703555 8.95909091
v 0.63747586 8.5283094 8.95909091
v 0.86894276 8.08616792 9.26590909
v 0.86529186 8.51238843 9.26590909
v 0.18120566 9.04297479 8.34545455
v 0.18033777 9.52425745 8.34545455
v 0.4077833 9.02602353 8.65227273
v 0.40605391 9.45225617 8.65227273
v 0.17946988 10.00554011 8.34545455
v 0.178602 10.48682277 8.34545455
v 0.40410117 9.93353565 8.65227273
v 0.40214843 10.41481513 8.65227273
v 0.63443828 9.00958326 8.95909091
v 0.63174813 9.43581091 8.95909091
v 0.86116945 8.99365422 9.26590909
v 0.85751855 9.41987473 9.26590909
v 0.62905797 9.86203857 8.95909091
v 0.62602039 10.34331242 8.95909091
v 0.85386764 9.84609524 9.26590909
v 0.85021674 10.27231574 9.26590909
v 1.10642219 7.27339189 9.57272727
v 1.10181056 7.69960309 9.57272727
v 1.33642545 7.31357461 9.87954545
v 1.33157276 7.68473174 9.87954545
v 1.09719892 8.12581429 9.57272727
v 1.09258729 8.55202548 9.57272727
v 1.32600042 8.11093146 9.87954545
v 1.32042808 8.53713117 9.87954545
v 1.56625318 7.35427448 10.18636364
v 1.56056388 7.72541972 10.18636364
v 1.79590422 7.3954909 10.49318182
v 1.78937834 7.76662238 10.49318182
v 1.55487458 8.09656497 10.18636364
v 1.54834157 8.52275104 10.18636364
v 1.78285247 8.13775386 10.49318182
v 1.77632659 8.50888534 10.49318182
v 1.08797565 8.97823668 9.57272727
v 1.08336402 9.40444787 9.57272727
v 1.31485574 8.96333089 9.87954545
v 1.31000305 9.33448802 9.87954545
v 1.07875239 9.83065907 9.57272727
v 1.07414075 10.25687027 9.57272727
v 1.30443071 9.76068774 9.87954545
v 1.29885837 10.18688745 9.87954545
v 1.54180855 8.94893712 10.18636364
v 1.53611925 9.32008236 10.18636364
v 1.76883292 8.9350556 10.49318182
v 1.76230705 9.30618708 10.49318182
v 1.53042995 9.69122761 10.18636364
v 1.52389693 10.11741368 10.18636364
v 1.75578117 9.67731856 10.49318182
v 1.74925529 10.04845003 10.49318182
v 1.74176162 10.4746203 10.49318182
v 2.03273984 7.06610748 10.8
v 2.02537741 7.4372233 10.8
v 2.01801499 7.80833913 10.8
v 2.38436476 7.07368685 10.8
v 2.37572878 7.44477522 10.8
v 2.73596161 7.08247288 10.8
v 2.3670928 7.81586359 10.8
v 2.72605217 7.45352943 10.8
v 2.71614273 7.82458598 10.8
v 2.01065256 8.17945495 10.8
v 2.00329014 8.55057078 10.8
v 2.35845681 8.18695196 10.8
v 2.70623329 8.19564253 10.8
v 2.34982083 8.55804034 10.8
v 2.69632385 8.56669908 10.8
v 3.08752623 7.09246548 10.8
v 3.07634345 7.46348584 10.8
v 3.06516067 7.8345062 10.8
v 3.43905448 7.10366453 10.8
v 3.4265985 7.47464433 10.8
v 3.41414251 7.84562412 10.8
v 3.05397789 8.20552656 10.8
v 3.04279511 8.57654691 10.8
v 3.40168652 8.21660392 10.8
v 3.38923054 8.58758371 10.8
v 1.99592771 8.9216866 10.8
v 1.98856529 9.29280243 10.8
v 2.34118485 8.92912871 10.8
v 2.68641441 8.93775563 10.8
v 2.33254886 9.30021708 10.8
v 2.67650497 9.30881218 10.8
v 1.98120286 9.66391825 10.8
v 1.97384044 10.03503407 10.8
v 2.02501538 10.4800061 10.49318182
v 2.03099726 10.47770598 10.50340909
v 1.96647801 10.4061499 10.8
v 2.30664091 10.4134822 10.8
v 2.32391288 9.67130546 10.8
v 2.3152769 10.04239383 10.8
v 2.66659553 9.67986874 10.8
v 2.65668609 10.05092529 10.8
v 2.37091421 10.48525928 10.50340909
v 2.71080325 10.49397907 10.50340909
v 2.64677665 10.42198184 10.8
v 3.03161233 8.94756727 10.8
v 3.02042955 9.31858763 10.8
v 3.37677455 8.95856351 10.8
v 3.36431856 9.3295433 10.8
v 2.99806399 10.06062835 10.8
v 3.00924677 9.68960799 10.8
v 3.05066035 10.50386524 10.50340909
v 2.98688121 10.4316487 10.8
v 3.35186257 9.7005231 10.8
v 3.33940659 10.0715029 10.8
v 3.3269506 10.44248269 10.8
v 3.68070985 10.08354881 10.8
v 3.6669808 10.45448367 10.8
v 0.17773411 10.96810542 8.34545455
v 0.50466006 10.96923717 8.34545455
v 0.83158045 10.97145331 8.34545455
v 0.40019569 10.89609461 8.65227273
v 0.72735927 10.89796465 8.65227273
v 1.15849169 10.97475383 8.34545455
v 1.48539018 10.97913869 8.34545455
v 1.81227234 10.98460783 8.34545455
v 1.05451484 10.90091988 8.65227273
v 1.38165882 10.90496025 8.65227273
v 1.66368343 10.90931453 8.65227273
v 0.62298281 10.82458628 8.95909091
v 0.84609433 10.75358153 9.26590909
v 0.95038235 10.82719569 8.95909091
v 1.27777144 10.83089107 8.95909091
v 1.56000829 10.83494857 8.95909091
v 1.84223238 10.83981314 8.95909091
v 1.17372817 10.75693139 9.26590909
v 1.45617694 10.76069167 9.26590909
v 1.7386138 10.76525963 9.26590909
v 2.13913455 10.99116121 8.34545455
v 2.46597323 10.99879874 8.34545455
v 1.99079621 10.91537545 8.65227273
v 2.31788708 10.92252137 8.65227273
v 2.64495245 10.9307522 8.65227273
v 2.64941959 10.92844917 8.6625
v 2.65388694 10.92614635 8.67272727
v 2.6583545 10.92384374 8.68295455
v 2.66432557 10.92158193 8.69318182
v 2.66879359 10.91927979 8.70340909
v 2.67326182 10.91697784 8.71363636
v 2.67773026 10.91467611 8.72386364
v 3.12410158 11.01989298 8.11022727
v 3.12857656 11.0176117 8.12045455
v 3.12857656 11.0176117 8.13068182
v 2.79278477 11.00752035 8.34545455
v 2.79725216 11.00522403 8.35568182
v 2.80171977 11.00292791 8.36590909
v 2.80618758 11.000632 8.37613636
v 2.81065561 10.99833629 8.38636364
v 2.81512384 10.99604078 8.39659091
v 2.81959229 10.99374547 8.40681818
v 2.82406095 10.99145037 8.41704545
v 2.82852981 10.98915546 8.42727273
v 3.59105418 11.03338601 8.13068182
v 3.29114433 11.00352138 8.42727273
v 3.07842057 10.92637091 8.72386364
v 3.54132711 10.94191075 8.72386364
v 2.16957471 10.84646669 8.95909091
v 2.52223865 10.84273623 9.01022727
v 2.52670665 10.84042765 9.02045455
v 2.49689317 10.85420599 8.95909091
v 2.50136005 10.85189626 8.96931818
v 2.50582713 10.84958674 8.97954545
v 2.51179886 10.8473157 8.98977273
v 2.51777086 10.84504501 9
v 2.02103645 10.77063523 9.26590909
v 2.34860726 10.77788225 9.26590909
v 2.35307386 10.77556581 9.27613636
v 2.35904623 10.77328553 9.28636364
v 2.36501888 10.77100561 9.29659091
v 2.37099181 10.76872604 9.30681818
v 2.37545936 10.76641062 9.31704545
v 2.92769992 10.8515094 9.02045455
v 3.32864484 10.86422044 9.02045455
v 2.77675463 10.7768784 9.31704545
v 3.17800406 10.78897671 9.31704545
v 3.57920101 10.80270536 9.31704545
v 1.06952912 10.68308146 9.57272727
v 1.3521895 10.68654407 9.57272727
v 1.63483882 10.69081497 9.57272727
v 1.29328603 10.61308717 9.87954545
v 1.57614565 10.61718993 9.87954545
v -0 11.02607512 10.8
v 1.51736391 10.54359976 10.18636364
v 1.80042133 10.54834358 10.18636364
v 1.91747478 10.69589412 9.57272727
v 2.20009505 10.70178149 9.57272727
v 2.20606805 10.69949195 9.58295455
v 2.21204133 10.69720278 9.59318182
v 2.21801489 10.69491397 9.60340909
v 2.22398873 10.69262552 9.61363636
v 2.62558507 10.70247842 9.61363636
v 1.85899239 10.62210154 9.87954545
v 2.14779988 10.62552891 9.88977273
v 2.15377612 10.62323622 9.9
v 2.15975265 10.62094389 9.91022727
v 2.14182392 10.62782197 9.87954545
v 2.49917728 10.62893821 9.91022727
v 3.02713806 10.71396309 9.61363636
v 3.42864107 10.72707933 9.61363636
v 2.90103013 10.63990983 9.91022727
v 3.30283509 10.65251426 9.91022727
v 2.08346402 10.55389681 10.18636364
v 2.08944294 10.55160023 10.19659091
v 2.09542215 10.54930401 10.20681818
v 2.43509301 10.55707798 10.20681818
v 2.77473519 10.56601759 10.20681818
v 3.17684145 10.57810944 10.20681818
v 3.57889525 10.59183511 10.20681818
v 3.45301688 10.51707879 10.50340909
v 5.97664487 7.77065388 8.13068182
v 5.98403706 7.78108747 8.42727273
v 6.00464839 7.29386192 8.13068182
v 6.01207796 7.30429771 8.42727273
v 6.03899676 7.34213194 8.72386364
v 6.01395957 7.76579401 8.72386364
v 5.94864136 8.24744584 8.13068182
v 5.95599617 8.25787724 8.42727273
v 5.92063784 8.7242378 8.13068182
v 5.92795527 8.734667 8.42727273
v 5.98578317 8.24257578 8.72386364
v 5.95760676 8.71935756 8.72386364
v 6.60074413 7.09912062 8.13068182
v 6.6026656 7.11101226 8.42727273
v 6.56081566 7.71873314 8.13068182
v 6.56272094 7.73062374 8.42727273
v 6.60962574 7.1541197 8.72386364
v 6.57407928 7.70469501 8.72386364
v 6.52088719 8.33834567 8.13068182
v 6.52277627 8.35023522 8.42727273
v 6.53407592 8.32430271 8.72386364
v 6.06589453 7.37997321 9.02045455
v 6.04073694 7.80362815 9.02045455
v 6.09277129 7.41782152 9.31704545
v 6.06749329 7.84146929 9.31704545
v 5.98726743 8.70405683 9.02045455
v 6.01557934 8.22728308 9.02045455
v 6.04221529 8.26511705 9.31704545
v 6.01693729 8.68876482 9.31704545
v 6.61657778 7.19722754 9.02045455
v 6.58097915 7.74779949 9.02045455
v 6.62352171 7.24033578 9.31704545
v 6.58787092 7.79090435 9.31704545
v 6.54538053 8.29837143 9.02045455
v 6.55222014 8.34147292 9.31704545
v 5.89177365 9.21568379 8.13068182
v 5.89991438 9.21145677 8.42727273
v 6.43980307 9.59661428 8.13068182
v 6.44288695 9.58945818 8.42727273
v 5.92943036 9.19613934 8.72386364
v 5.90439317 9.6198014 8.72386364
v 6.45406919 9.5635181 8.72386364
v 5.86377014 9.69247575 8.13068182
v 5.87187348 9.68824653 8.42727273
v 5.83576662 10.16926771 8.13068182
v 5.84383258 10.1650363 8.42727273
v 6.3998746 10.21622681 8.13068182
v 6.40294229 10.20906967 8.42727273
v 5.87621677 10.09658318 8.72386364
v 6.41852273 10.11409342 8.72386364
v 6.48095872 8.9579582 8.13068182
v 6.48283161 8.9698467 8.42727273
v 6.49407255 8.9439104 8.72386364
v 5.95895552 9.18083058 9.02045455
v 5.93379793 9.60448551 9.02045455
v 5.98848987 9.1655305 9.31704545
v 5.96321187 9.58917827 9.31704545
v 5.90864034 10.02814045 9.02045455
v 5.88032843 10.5049142 9.02045455
v 6.42965778 10.08815118 9.02045455
v 5.93793387 10.01282604 9.31704545
v 5.91265587 10.43647381 9.31704545
v 6.44079781 10.06221017 9.31704545
v 6.50531847 8.91797533 9.02045455
v 6.46525641 9.53757924 9.02045455
v 6.51656935 8.89204149 9.31704545
v 6.47644859 9.5116416 9.31704545
v 3.79054224 7.11606989 10.8
v 4.14198535 7.12968142 10.8
v 3.77681319 7.48700476 10.8
v 3.76308414 7.85793962 10.8
v 4.1269834 7.50056698 10.8
v 4.11198145 7.87145255 10.8
v 4.49337968 7.14449896 10.8
v 4.47710501 7.51533085 10.8
v 4.46083034 7.88616275 10.8
v 3.74935509 8.22887448 10.8
v 4.09697951 8.24233811 10.8
v 3.73562605 8.59980935 10.8
v 4.08197756 8.61322368 10.8
v 4.44455567 8.25699465 10.8
v 4.428281 8.62782654 10.8
v 4.84472109 7.16052233 10.8
v 4.82717389 7.53129619 10.8
v 5.19600544 7.17775134 10.8
v 5.17718592 7.5484628 10.8
v 5.52713697 7.56683049 10.8
v 4.80962669 7.90207005 10.8
v 4.79207948 8.27284391 10.8
v 4.77453228 8.64361777 10.8
v 5.15836639 7.91917426 10.8
v 5.13954686 8.28988572 10.8
v 5.50704534 7.93747518 10.8
v 5.48695371 8.30811988 10.8
v 5.12072734 8.66059718 10.8
v 5.46686208 8.67876457 10.8
v 3.721897 8.97074421 10.8
v 4.06697561 8.98410924 10.8
v 3.70816795 9.34167908 10.8
v 4.05197366 9.35499481 10.8
v 4.41200633 8.99865844 10.8
v 4.39573166 9.36949034 10.8
v 3.6944389 9.71261394 10.8
v 4.03697172 9.72588037 10.8
v 4.02196977 10.09676594 10.8
v 4.00696782 10.4676515 10.8
v 4.37945699 9.74032223 10.8
v 4.36318232 10.11115413 10.8
v 4.34690764 10.48198603 10.8
v 4.75698508 9.01439164 10.8
v 4.73943788 9.3851655 10.8
v 5.10190781 9.03130864 10.8
v 5.44677045 9.04940926 10.8
v 5.08308828 9.4020201 10.8
v 5.42667882 9.42005395 10.8
v 4.72189068 9.75593936 10.8
v 5.06426876 9.77273156 10.8
v 4.70434348 10.12671322 10.8
v 4.68679627 10.49748708 10.8
v 5.04544923 10.14344302 10.8
v 5.0266297 10.51415448 10.8
v 5.40658719 9.79069864 10.8
v 5.38649556 10.16134333 10.8
v 6.14502542 7.03203628 9.61363636
v 6.11962702 7.45567685 9.61363636
v 6.09422861 7.87931742 9.61363636
v 6.17198053 7.06990586 9.91022727
v 6.14646172 7.49353919 9.91022727
v 6.12414252 7.86405642 9.91022727
v 6.06883021 8.30295798 9.61363636
v 6.0434318 8.72659855 9.61363636
v 6.09862371 8.28768975 9.91022727
v 6.07310491 8.71132308 9.91022727
v 6.63045753 7.28344441 9.61363636
v 6.59475459 7.83400961 9.61363636
v 6.63738524 7.32655345 9.91022727
v 6.60611319 7.80808457 9.91022727
v 6.55905164 8.3845748 9.61363636
v 6.57035809 8.35864637 9.91022727
v 6.19891461 7.10778248 10.20681818
v 6.1732754 7.53140854 10.20681818
v 5.5472286 7.1961858 10.8
v 5.89838642 7.21582549 10.8
v 5.87702293 7.58639904 10.8
v 6.22582766 7.14566613 10.50340909
v 6.24947478 7.23667016 10.8
v 6.20006805 7.56928489 10.50340909
v 6.22683967 7.60716822 10.8
v 6.15085089 7.90191941 10.20681818
v 6.12842639 8.27243028 10.20681818
v 6.10278718 8.69605634 10.20681818
v 5.85565943 7.9569726 10.8
v 5.83429594 8.32754616 10.8
v 5.81293244 8.69811972 10.8
v 6.17753824 7.93978937 10.50340909
v 6.15500843 8.31029384 10.50340909
v 6.20420456 7.97766628 10.8
v 6.13247862 8.68079832 10.50340909
v 6.18156945 8.34816434 10.8
v 6.15893434 8.7186624 10.8
v 6.64430484 7.36966287 10.20681818
v 6.61298718 7.85119103 10.20681818
v 6.65121634 7.41277269 10.50340909
v 6.65811973 7.4558829 10.8
v 7.04340131 7.48174459 10.8
v 6.58166951 8.33271918 10.20681818
v 6.61985305 7.89429788 10.50340909
v 6.62671082 7.93740512 10.8
v 6.58848977 8.37582307 10.50340909
v 6.59530192 8.41892733 10.8
v 7.01017488 7.96314481 10.8
v 6.97694846 8.44454502 10.8
v 7.35849558 8.47160324 10.8
v 5.99263499 9.57387968 9.61363636
v 6.0180334 9.15023911 9.61363636
v 6.0475861 9.13495641 9.91022727
v 6.02526689 9.50547363 9.91022727
v 5.96723659 9.99752024 9.61363636
v 5.94183818 10.42116081 9.61363636
v 6.45194281 10.03627037 9.61363636
v 5.99974809 9.92910696 9.91022727
v 5.97422928 10.35274029 9.91022727
v 6.43182074 10.49186291 9.91022727
v 6.5233487 8.93513999 9.61363636
v 6.48764575 9.48570518 9.61363636
v 6.53460299 8.90920818 9.91022727
v 6.49884789 9.45976999 9.91022727
v 6.46757584 9.94130111 9.91022727
v 6.07714797 9.1196824 10.20681818
v 6.05472346 9.49019326 10.20681818
v 5.79156894 9.06869327 10.8
v 5.77020545 9.43926683 10.8
v 6.10671902 9.10441708 10.50340909
v 6.13629923 9.08916046 10.8
v 6.08418921 9.47492156 10.50340909
v 6.11366412 9.45965852 10.8
v 6.03229896 9.86070413 10.20681818
v 6.00665975 10.28433019 10.20681818
v 6.44741966 10.39689233 10.20681818
v 5.74884195 9.80984039 10.8
v 5.72747846 10.18041395 10.8
v 6.0616594 9.84542603 10.50340909
v 6.09102901 9.83015658 10.8
v 6.03912959 10.21593051 10.50340909
v 6.4585405 10.37095365 10.50340909
v 6.0683939 10.20065464 10.8
v 6.54586225 8.8832776 10.20681818
v 6.51005499 9.43383602 10.20681818
v 6.55712649 8.85734825 10.50340909
v 6.56389302 8.90044954 10.8
v 6.52126707 9.40790327 10.50340909
v 6.53248411 9.38197176 10.8
v 6.91049561 9.40734545 10.8
v 6.94372204 8.92594524 10.8
v 7.3234521 8.9528746 10.8
v 7.28840863 9.43414595 10.8
v 6.47873732 9.91536417 10.20681818
v 6.48990378 9.88942846 10.50340909
v 6.50107521 9.86349397 10.8
v 6.87726919 9.88874566 10.8
v 6.46966631 10.34501619 10.8
v 6.84404277 10.37014588 10.8
v 7.25336516 9.91541731 10.8
v 7.21832169 10.39668866 10.8
v 4.05345263 11.05133147 8.13068182
v 3.75368631 11.02005911 8.42727273
v 4.51576174 11.07144768 8.13068182
v 4.21614554 11.03876827 8.42727273
v 4.00415559 10.95962375 8.72386364
v 4.4668958 10.97950952 8.72386364
v 4.65958149 11.07814919 8.13068182
v 4.79824569 11.08480985 8.13068182
v 4.93690037 11.0916658 8.13068182
v 5.07554526 11.09871705 8.13068182
v 4.67851184 11.05964845 8.42727273
v 4.81720208 11.06633579 8.42727273
v 4.95588277 11.07321846 8.42727273
v 5.21932458 11.10623624 8.13068182
v 5.35794867 11.11368527 8.13068182
v 5.49656213 11.12132953 8.13068182
v 5.09455362 11.08029646 8.42727273
v 5.23321437 11.08756978 8.42727273
v 5.37186474 11.09503838 8.42727273
v 5.51050444 11.10270227 8.42727273
v 4.86730791 10.99847387 8.72386364
v 5.00608413 11.00542719 8.72386364
v 5.14485041 11.01257596 8.72386364
v 5.2836065 11.01992018 8.72386364
v 5.4036883 11.02643421 8.72386364
v 3.79184042 10.88093577 9.02045455
v 4.25495241 10.89982559 9.02045455
v 4.04268264 10.82059771 9.31704545
v 4.44374397 10.83783963 9.31704545
v 4.65569005 10.91792939 9.02045455
v 5.05635082 10.93766139 9.02045455
v 5.19521251 10.94488104 9.02045455
v 5.33406388 10.95229626 9.02045455
v 5.45422809 10.95887184 9.02045455
v 4.84473192 10.85671107 9.31704545
v 5.24563988 10.87721173 9.31704545
v 5.38458652 10.88469805 9.31704545
v 5.50483309 10.89133527 9.31704545
v 5.80776311 10.64605968 8.13068182
v 5.81579169 10.64182606 8.42727273
v 5.63516468 11.12916903 8.13068182
v 5.77889892 11.13750566 8.13068182
v 5.64913322 11.11056142 8.42727273
v 5.78775079 11.11861583 8.42727273
v 6.35994613 10.83583934 8.13068182
v 6.36299763 10.82868115 8.42727273
v 5.84804036 10.57336496 8.72386364
v 5.54242461 11.03414298 8.72386364
v 5.68114992 11.04204716 8.72386364
v 5.81986396 11.05014673 8.72386364
v 6.37851936 10.73370111 8.72386364
v 6.338516 11.3533088 8.72386364
v 6.32001766 11.45545186 8.13068182
v 6.32305297 11.44829263 8.42727273
v 6.27886201 12.09410795 8.13068182
v 6.2831083 12.06790411 8.42727273
v 6.29851264 11.9729165 8.72386364
v 6.80064887 12.12913586 8.13068182
v 6.78636323 12.10165273 8.42727273
v 7.30358066 12.16555648 8.13068182
v 7.28943715 12.13799994 8.42727273
v 6.80225792 12.00674594 8.72386364
v 7.30582177 12.0431765 8.72386364
v 5.57438419 10.9655939 9.02045455
v 5.71320602 10.97354316 9.02045455
v 5.85201652 10.98168795 9.02045455
v 6.39405916 10.63872313 9.02045455
v 6.35399709 11.25832703 9.02045455
v 5.62507149 10.89811907 9.31704545
v 5.74530152 10.90504943 9.31704545
v 5.88420845 10.91323949 9.31704545
v 6.40514702 10.61277874 9.31704545
v 6.36949624 11.16334731 9.31704545
v 6.31393503 11.87793093 9.02045455
v 6.32937548 11.78294741 9.31704545
v 6.81817066 11.91184129 9.02045455
v 7.32222443 11.9483553 9.02045455
v 6.83410143 11.81693878 9.31704545
v 7.27078371 11.84846145 9.31704545
v 3.83008747 10.74182692 9.61363636
v 4.23147063 10.75820563 9.61363636
v 3.70458551 10.66675127 9.91022727
v 4.04384384 10.68004691 9.91022727
v 4.44547627 10.6972947 9.91022727
v 4.63278392 10.77621519 9.61363636
v 5.03402072 10.79585528 9.61363636
v 5.4351744 10.8171256 9.61363636
v 4.8470353 10.71617434 9.91022727
v 5.2485143 10.73668552 9.91022727
v 3.91841142 10.60469984 10.20681818
v 4.25788144 10.61872965 10.20681818
v 3.79279034 10.52951197 10.50340909
v 4.13251913 10.54311111 10.50340909
v 4.47219925 10.55787607 10.50340909
v 4.65976126 10.63684767 10.20681818
v 5.06156414 10.65659853 10.20681818
v 5.40084932 10.67455113 10.20681818
v 4.87432457 10.57686545 10.50340909
v 5.21388449 10.59417594 10.50340909
v 5.36640393 10.53198802 10.8
v 5.55550331 10.82382454 9.61363636
v 5.67582396 10.83067015 9.61363636
v 5.79613617 10.83766244 9.61363636
v 5.91643977 10.84480138 9.61363636
v 6.41623987 10.58683556 9.61363636
v 6.38053692 11.13740075 9.61363636
v 5.58752354 10.75527923 9.91022727
v 5.70792773 10.76216393 9.91022727
v 5.82832343 10.7691954 9.91022727
v 5.94871047 10.77637362 9.91022727
v 6.39606563 11.04242472 9.91022727
v 6.34483398 11.68796594 9.61363636
v 6.36031053 11.59298652 9.91022727
v 6.78209761 11.71730301 9.61363636
v 7.21922575 11.74859424 9.61363636
v 6.79799854 11.62239372 9.91022727
v 7.23555074 11.65375696 9.91022727
v 5.7400709 10.69366798 10.20681818
v 5.86055007 10.70073868 10.20681818
v 5.98102054 10.70795625 10.20681818
v 6.4116124 10.94745075 10.20681818
v 5.55338299 10.61265164 10.50340909
v 5.8928161 10.63229232 10.50340909
v 5.70611496 10.5509875 10.8
v 6.01336998 10.63954927 10.50340909
v 6.42717721 10.85247884 10.50340909
v 6.04575879 10.5711527 10.8
v 6.43825741 10.8265384 10.8
v 6.4068485 11.30806061 10.8
v 6.37580513 11.49800916 10.20681818
v 6.39131779 11.40303386 10.50340909
v 6.81081634 10.85154609 10.8
v 6.77758992 11.33294631 10.8
v 7.18327822 10.87796002 10.8
v 7.14823475 11.35923137 10.8
v 6.81391751 11.52748656 10.20681818
v 7.25189376 11.55892191 10.20681818
v 6.82985453 11.43258154 10.50340909
v 7.20012287 11.45906319 10.50340909
v 7.61991272 3.97543782 5.4
v 7.61991272 3.97543782 5.55340909
v 7.61991272 3.97543782 5.70681818
v 7.61991272 3.97543782 5.86022727
v 7.61991272 3.97543782 6.01363636
v 8.44202098 4.03800535 5.4
v 8.44202098 4.03800535 5.55340909
v 8.44202098 4.03800535 5.70681818
v 8.44202098 4.03800535 5.86022727
v 8.44202098 4.03800535 6.01363636
v 7.61991272 3.97543782 6.16704545
v 7.61991272 3.97543782 6.32045455
v 7.61991272 3.97543782 6.47386364
v 7.61991272 3.97543782 6.62727273
v 8.44202098 4.03800535 6.16704545
v 8.44202098 4.03800535 6.32045455
v 8.44202098 4.03800535 6.47386364
v 8.44202098 4.03800535 6.62727273
v 9.26361685 4.10697576 5.4
v 9.26361685 4.10697576 5.55340909
v 9.26361685 4.10697576 5.70681818
v 10.08465046 4.18234485 5.4
v 10.08465046 4.18234485 5.55340909
v 10.08465046 4.18234485 5.70681818
v 9.26361685 4.10697576 5.86022727
v 9.26361685 4.10697576 6.01363636
v 10.08465046 4.18234485 5.86022727
v 10.08465046 4.18234485 6.01363636
v 10.90507198 4.26410805 5.4
v 10.90507198 4.26410805 5.55340909
v 10.90507198 4.26410805 5.70681818
v 10.90507198 4.26410805 5.86022727
v 10.90507198 4.26410805 6.01363636
v 9.26361685 4.10697576 6.16704545
v 9.26361685 4.10697576 6.32045455
v 10.08465046 4.18234485 6.16704545
v 10.08465046 4.18234485 6.32045455
v 9.26361685 4.10697576 6.47386364
v 9.26361685 4.10697576 6.62727273
v 10.08465046 4.18234485 6.47386364
v 10.08465046 4.18234485 6.62727273
v 10.90507198 4.26410805 6.16704545
v 10.90507198 4.26410805 6.32045455
v 10.90507198 4.26410805 6.47386364
v 10.90507198 4.26410805 6.62727273
v 7.61991272 3.97543782 6.78068182
v 7.61991272 3.97543782 6.93409091
v 7.40396454 4.10812182 7.24090909
v 7.39016867 4.30455512 7.24090909
v 7.60573429 4.17184388 7.24090909
v 7.59155585 4.36824994 7.24090909
v 7.61991272 3.97543782 7.0875
v 7.61991272 3.97543782 7.24090909
v 7.82184486 4.03957374 7.24090909
v 7.80728392 4.23595181 7.24090909
v 8.02355608 4.10409565 7.24090909
v 8.00861268 4.30044499 7.24090909
v 8.22504566 4.16900294 7.24090909
v 8.20971986 4.3653228 7.24090909
v 7.79272297 4.43232988 7.24090909
v 7.88400366 4.58724145 7.24090909
v 7.93881351 4.54200364 7.24090909
v 7.99366928 4.49679433 7.24090909
v 8.44202098 4.03800535 6.78068182
v 8.44202098 4.03800535 6.93409091
v 8.44202098 4.03800535 7.0875
v 8.44202098 4.03800535 7.24090909
v 8.42631284 4.23429499 7.24090909
v 8.64344733 4.10371251 7.24090909
v 8.62735691 4.29997118 7.24090909
v 8.84464976 4.16980393 7.24090909
v 8.82817712 4.36603089 7.24090909
v 9.04562755 4.23627899 7.24090909
v 8.4106047 4.43058463 7.24090909
v 8.50102647 4.58603076 7.24090909
v 8.44597511 4.63097436 7.24090909
v 8.5561236 4.54111592 7.24090909
v 8.61126649 4.49622985 7.24090909
v 9.02877275 4.43247349 7.24090909
v 9.11833247 4.58844944 7.24090909
v 9.17371498 4.54385937 7.24090909
v 9.22914307 4.49929837 7.24090909
v 9.00770426 4.67771663 7.24090909
v 9.06299555 4.63306853 7.24090909
v 7.86432936 4.61667819 7.5375
v 7.84466503 4.64611856 7.83409091
v 8.42614343 4.6603053 7.5375
v 8.98771576 4.70694092 7.5375
v 8.40632169 4.68963992 7.83409091
v 8.96773719 4.73616896 7.83409091
v 9.26361685 4.10697576 6.78068182
v 9.26361685 4.10697576 6.93409091
v 10.08465046 4.18234485 6.78068182
v 10.08465046 4.18234485 6.93409091
v 9.26361685 4.10697576 7.0875
v 9.26361685 4.10697576 7.24090909
v 9.24637996 4.30313706 7.24090909
v 9.44690627 4.37037753 7.24090909
v 9.46452518 4.17425017 7.24090909
v 9.66520661 4.24190708 7.24090909
v 9.86566042 4.30994587 7.24090909
v 10.08465046 4.18234485 7.0875
v 10.08465046 4.18234485 7.24090909
v 10.06588587 4.37836591 7.24090909
v 9.64720574 4.43799975 7.24090909
v 9.56917499 4.7274669 7.24090909
v 9.62470464 4.68311559 7.24090909
v 9.68027974 4.63879353 7.24090909
v 9.73590029 4.59450074 7.24090909
v 9.79156626 4.55023725 7.24090909
v 9.84727765 4.50600311 7.24090909
v 10.13037121 4.78022376 7.24090909
v 10.90507198 4.26410805 6.78068182
v 10.90507198 4.26410805 6.93409091
v 10.28502858 4.25118242 7.24090909
v 10.48517683 4.32040073 7.24090909
v 10.90507198 4.26410805 7.0875
v 10.90507198 4.26410805 7.24090909
v 10.26588224 4.44716657 7.24090909
v 10.2419493 4.69214675 7.24090909
v 10.18613761 4.73617052 7.24090909
v 10.29780629 4.64815251 7.24090909
v 10.35370855 4.60418781 7.24090909
v 10.40965606 4.5602527 7.24090909
v 10.46564881 4.51634721 7.24090909
v 10.68509448 4.38999912 7.24090909
v 10.74727835 4.79223177 7.24090909
v 10.80332505 4.74850758 7.24090909
v 10.88478082 4.45997698 7.24090909
v 11.02796294 4.57390872 7.24090909
v 10.85941687 4.70481314 7.24090909
v 10.9155538 4.66114849 7.24090909
v 10.97173583 4.61751367 7.24090909
v 10.6912768 4.8359857 7.24090909
v 9.52895003 4.75475555 7.5375
v 10.09000066 4.80729657 7.5375
v 9.50882078 4.78388002 7.83409091
v 10.04965075 4.83438484 7.83409091
v 10.65076183 4.86284189 7.5375
v 10.61026741 4.88971365 7.83409091
v 11.72483161 4.3522604 5.4
v 11.72483161 4.3522604 5.55340909
v 11.72483161 4.3522604 5.70681818
v 11.72483161 4.3522604 5.86022727
v 11.72483161 4.3522604 6.01363636
v 12.54387959 4.44679655 5.4
v 12.54387959 4.44679655 5.55340909
v 12.54387959 4.44679655 5.70681818
v 12.54387959 4.44679655 5.86022727
v 12.54387959 4.44679655 6.01363636
v 11.72483161 4.3522604 6.16704545
v 11.72483161 4.3522604 6.32045455
v 11.72483161 4.3522604 6.47386364
v 11.72483161 4.3522604 6.62727273
v 12.54387959 4.44679655 6.16704545
v 12.54387959 4.44679655 6.32045455
v 12.54387959 4.44679655 6.47386364
v 12.54387959 4.44679655 6.62727273
v 13.58728407 3.70075675 5.4
v 13.36216622 4.54771076 5.4
v 13.36216622 4.54771076 5.55340909
v 13.36216622 4.54771076 5.70681818
v 13.58728407 4.5772554 5.4
v 13.36216622 4.54771076 5.86022727
v 13.36216622 4.54771076 6.01363636
v 14.17964183 4.6549969 5.4
v 14.17964183 4.6549969 5.55340909
v 14.17964183 4.6549969 5.70681818
v 14.17964183 4.6549969 5.86022727
v 14.17964183 4.6549969 6.01363636
v 13.36216622 4.54771076 6.16704545
v 13.36216622 4.54771076 6.32045455
v 13.36216622 4.54771076 6.47386364
v 13.36216622 4.54771076 6.62727273
v 14.17964183 4.6549969 6.16704545
v 14.17964183 4.6549969 6.32045455
v 14.17964183 4.6549969 6.47386364
v 14.17964183 4.6549969 6.62727273
v 14.07410511 5.4355633 5.4
v 14.07410511 5.4355633 5.55340909
v 14.07410511 5.4355633 5.70681818
v 14.07410511 5.4355633 5.86022727
v 14.07410511 5.4355633 6.01363636
v 13.9685684 6.21612969 5.4
v 13.9685684 6.21612969 5.55340909
v 13.9685684 6.21612969 5.70681818
v 13.86303168 6.99669608 5.4
v 13.86303168 6.99669608 5.55340909
v 13.86303168 6.99669608 5.70681818
v 13.9685684 6.21612969 5.86022727
v 13.9685684 6.21612969 6.01363636
v 13.86303168 6.99669608 5.86022727
v 13.86303168 6.99669608 6.01363636
v 14.07410511 5.4355633 6.16704545
v 14.07410511 5.4355633 6.32045455
v 14.07410511 5.4355633 6.47386364
v 14.07410511 5.4355633 6.62727273
v 13.9685684 6.21612969 6.16704545
v 13.9685684 6.21612969 6.32045455
v 13.86303168 6.99669608 6.16704545
v 13.86303168 6.99669608 6.32045455
v 13.9685684 6.21612969 6.47386364
v 13.9685684 6.21612969 6.62727273
v 13.86303168 6.99669608 6.47386364
v 13.86303168 6.99669608 6.62727273
v 11.72483161 4.3522604 6.78068182
v 11.72483161 4.3522604 6.93409091
v 11.10490773 4.33450462 7.24090909
v 11.72483161 4.3522604 7.0875
v 11.72483161 4.3522604 7.24090909
v 11.08423512 4.53033365 7.24090909
v 11.30451065 4.40528011 7.24090909
v 11.50388001 4.47643388 7.24090909
v 11.36439086 4.80787438 7.24090909
v 11.42071591 4.764481 7.24090909
v 11.53350085 4.67778439 7.24090909
v 11.47708591 4.72111766 7.24090909
v 11.25187568 4.89475111 7.24090909
v 11.30811078 4.85129776 7.24090909
v 11.64646547 4.59120817 7.24090909
v 11.70301511 4.5479653 7.24090909
v 11.58996071 4.63448121 7.24090909
v 11.92411286 4.42421168 7.24090909
v 11.8686188 4.91336678 7.24090909
v 11.81215177 4.9565183 7.24090909
v 11.92513065 4.87024547 7.24090909
v 11.98168732 4.8271544 7.24090909
v 12.54387959 4.44679655 6.78068182
v 12.54387959 4.44679655 6.93409091
v 12.12315833 4.49654007 7.24090909
v 12.03828877 4.7840936 7.24090909
v 12.09493499 4.74106311 7.24090909
v 12.15162598 4.69806296 7.24090909
v 12.2083617 4.65509319 7.24090909
v 12.32196731 4.5692449 7.24090909
v 12.26514215 4.61215383 7.24090909
v 12.37208898 5.02128551 7.24090909
v 12.42878633 4.97843706 7.24090909
v 12.54387959 4.44679655 7.0875
v 12.54387959 4.44679655 7.24090909
v 12.65602215 4.80734803 7.24090909
v 12.74259425 4.52029818 7.24090909
v 12.71294264 4.76465214 7.24090909
v 12.7699077 4.72198687 7.24090909
v 12.82691732 4.67935224 7.24090909
v 12.88397149 4.6367483 7.24090909
v 12.54231499 4.89283151 7.24090909
v 12.48552834 4.93561904 7.24090909
v 12.59914627 4.8500745 7.24090909
v 11.21121745 4.92138991 7.5375
v 11.75131455 4.98068486 7.5375
v 11.17057968 4.9480444 7.83409091
v 11.71053967 5.00712913 7.83409091
v 12.3111232 5.04512588 7.5375
v 12.87057867 5.11256436 7.5375
v 12.25018732 5.06900167 7.83409091
v 12.80951578 5.13611343 7.83409091
v 13.36216622 4.54771076 6.78068182
v 13.36216622 4.54771076 6.93409091
v 12.94107019 4.59417507 7.24090909
v 13.36216622 4.54771076 7.0875
v 13.36216622 4.54771076 7.24090909
v 13.33108735 4.79188729 7.24090909
v 13.04556783 5.00399324 7.24090909
v 13.10258284 4.96151047 7.24090909
v 12.93167126 5.08905088 7.24090909
v 12.9885973 5.04650672 7.24090909
v 13.15964232 4.91905847 7.24090909
v 13.21674624 4.87663724 7.24090909
v 13.27389459 4.83424684 7.24090909
v 13.44560606 4.70726088 7.24090909
v 13.38832452 4.74955863 7.24090909
v 13.50293196 4.66499409 7.24090909
v 13.56030222 4.62275828 7.24090909
v 13.49088256 5.15981246 7.24090909
v 13.54803565 5.11757381 7.24090909
v 13.60523307 5.07536608 7.24090909
v 13.66247481 5.03318931 7.24090909
v 13.71976084 4.99104352 7.24090909
v 13.83446574 4.90684506 7.24090909
v 13.77709116 4.94892877 7.24090909
v 14.17964183 4.6549969 6.78068182
v 14.17964183 4.6549969 6.93409091
v 14.00685489 4.78078063 7.24090909
v 14.06440636 4.73882149 7.24090909
v 14.17964183 4.6549969 7.0875
v 14.12200202 4.69689357 7.24090909
v 14.17964183 4.6549969 7.24090909
v 13.89188456 4.86479245 7.24090909
v 13.94934762 4.82277096 7.24090909
v 13.4296649 5.18299839 7.5375
v 13.36847675 5.20622006 7.83409091
v 13.57950634 5.66776918 7.24090909
v 13.69350474 5.58342754 7.24090909
v 13.63648339 5.62558293 7.24090909
v 13.75057038 5.54130307 7.24090909
v 13.80768029 5.49920953 7.24090909
v 13.40884115 5.79451286 7.24090909
v 13.4656852 5.75223418 7.24090909
v 13.5225736 5.70998628 7.24090909
v 13.72347601 6.13362661 7.24090909
v 13.78032127 6.09152297 7.24090909
v 13.83721078 6.04945018 7.24090909
v 13.38333475 6.38689456 7.24090909
v 13.32679974 6.42921326 7.24090909
v 13.35725466 6.97922668 7.24090909
v 13.43991413 6.34460648 7.24090909
v 13.49653787 6.30234906 7.24090909
v 13.60991833 6.21792632 7.24090909
v 13.55320594 6.26012233 7.24090909
v 13.66667503 6.17576107 7.24090909
v 13.46992848 6.89466173 7.24090909
v 13.41356939 6.93692894 7.24090909
v 13.52633192 6.8524251 7.24090909
v 13.58277967 6.81021907 7.24090909
v 13.63927173 6.76804368 7.24090909
v 13.69580809 6.72589897 7.24090909
v 13.75238872 6.68378496 7.24090909
v 13.78936801 6.78807708 7.24090909
v 13.82624899 6.89238081 7.24090909
v 14.07410511 5.4355633 6.78068182
v 14.07410511 5.4355633 6.93409091
v 14.07410511 5.4355633 7.0875
v 13.86483444 5.45714697 7.24090909
v 13.92203283 5.41511541 7.24090909
v 14.03656225 5.33114544 7.24090909
v 13.97927544 5.37311489 7.24090909
v 14.07410511 5.4355633 7.24090909
v 13.89414452 6.00740829 7.24090909
v 13.93140562 6.11176313 7.24090909
v 13.9685684 6.21612969 6.78068182
v 13.9685684 6.21612969 6.93409091
v 13.86303168 6.99669608 6.78068182
v 13.86303168 6.99669608 6.93409091
v 13.9685684 6.21612969 7.0875
v 13.9685684 6.21612969 7.24090909
v 13.86303168 6.99669608 7.0875
v 13.86303168 6.99669608 7.24090909
v 13.35040778 5.79881677 7.5375
v 13.28955762 5.82208184 7.83409091
v 13.26871472 6.43356209 7.5375
v 13.21063848 6.43794363 7.83409091
v 7.84510609 4.67706418 8.13068182
v 7.84554553 4.70800974 8.42727273
v 7.77437714 4.81476057 8.72386364
v 8.38650989 4.71897824 8.13068182
v 8.38678952 4.74992566 8.42727273
v 8.94776854 4.76540074 8.13068182
v 8.92780981 4.79463625 8.42727273
v 8.31507076 4.85630752 8.72386364
v 8.8555426 4.9006463 8.72386364
v 7.70333967 4.92155902 9.02045455
v 8.24348268 4.96273768 9.02045455
v 7.70503265 5.03373276 9.31704545
v 8.17202532 5.06921602 9.31704545
v 8.78340583 5.00670533 9.02045455
v 8.71139951 5.11281321 9.31704545
v 9.17802867 5.15279387 9.31704545
v 9.48870143 4.81300828 8.13068182
v 9.46859198 4.84214033 8.42727273
v 10.02938124 4.86340881 8.13068182
v 10.0091216 4.89243662 8.42727273
v 9.32311864 4.94127336 8.72386364
v 9.86313824 4.99081704 8.72386364
v 10.56979354 4.91660099 8.13068182
v 10.54938427 4.94552378 8.42727273
v 10.40289477 5.04314897 8.72386364
v 10.94237383 5.09826775 8.72386364
v 9.25050853 5.0470089 9.02045455
v 9.71742643 5.08939989 9.02045455
v 9.64447446 5.19485984 9.31704545
v 10.11072756 5.23901027 9.31704545
v 10.25667577 5.14097798 9.02045455
v 10.79565155 5.19534031 9.02045455
v 10.649199 5.29261756 9.31704545
v 7.70670444 5.14590588 9.61363636
v 8.17319571 5.18139549 9.61363636
v 7.63591142 5.25274823 9.91022727
v 8.6395237 5.21896984 9.61363636
v 8.10192585 5.28792035 9.91022727
v 9.10567908 5.25862817 9.61363636
v 8.56777841 5.32517508 9.91022727
v 8.9610898 5.35826091 9.91022727
v 7.5652494 5.35963792 10.20681818
v 8.03078676 5.39449314 10.20681818
v 7.56701349 5.47180682 10.50340909
v 7.5687564 5.58397512 10.8
v 7.53371293 6.06524647 10.8
v 7.95977848 5.50111372 10.50340909
v 7.96109794 5.6132878 10.8
v 7.92423792 6.09442343 10.8
v 7.49866946 6.54651783 10.8
v 7.8873779 6.57555907 10.8
v 8.27597395 6.60606748 10.8
v 8.49616368 5.43142883 10.20681818
v 8.88907447 5.46424355 10.20681818
v 8.42467954 5.53773096 10.50340909
v 8.35332603 5.64408135 10.8
v 8.74543508 5.67635535 10.8
v 8.31464999 6.12507441 10.8
v 8.81718955 5.57027507 10.50340909
v 9.20957392 5.60430068 10.50340909
v 9.1374195 5.71010933 10.8
v 8.70494357 6.15719898 10.8
v 8.66445205 6.63804261 10.8
v 9.09511309 6.19079668 10.8
v 9.05280668 6.67148403 10.8
v 9.57165254 5.3003697 9.61363636
v 10.03743477 5.34419358 9.61363636
v 9.42661937 5.39935516 9.91022727
v 9.89196062 5.4425298 9.91022727
v 10.50301647 5.39009895 9.61363636
v 10.96838833 5.43808488 9.61363636
v 10.35710423 5.48778396 9.91022727
v 10.74978902 5.52762332 9.91022727
v 9.28185859 5.49854128 10.20681818
v 9.74675794 5.54106788 10.20681818
v 9.60182704 5.63980729 10.50340909
v 9.52927371 5.7453428 10.8
v 10.06609177 5.68376266 10.50340909
v 9.92099211 5.78205528 10.8
v 9.48515301 6.22586702 10.8
v 9.44103231 6.70639124 10.8
v 9.87505775 6.26240952 10.8
v 9.82912339 6.74276376 10.8
v 10.21146257 5.58567204 10.20681818
v 10.60377888 5.62496091 10.20681818
v 10.99594407 5.66573049 10.20681818
v 10.45803882 5.72250206 10.50340909
v 10.31256914 5.82024623 10.8
v 10.84983683 5.76272078 10.50340909
v 10.70399921 5.8599151 10.8
v 10.26482177 6.30042364 10.8
v 10.2170744 6.78060106 10.8
v 10.60487981 6.8199026 10.8
v 10.65443951 6.33990885 10.8
v 11.04390542 6.38086459 10.8
v 10.9925341 6.86066783 10.8
v 11.12996238 4.97471457 8.13068182
v 11.08936556 5.00140041 8.42727273
v 11.66978518 5.03358917 8.13068182
v 11.62905108 5.060065 8.42727273
v 11.40904572 5.14822041 8.72386364
v 11.94796872 5.20853402 8.72386364
v 12.20929672 5.09525089 8.13068182
v 12.16842643 5.12151599 8.42727273
v 12.74848261 5.15969807 8.13068182
v 12.70747722 5.18575175 8.42727273
v 11.26189101 5.24463619 9.02045455
v 12.48657306 5.27163007 8.72386364
v 12.87939007 6.50106999 8.72386364
v 11.72790548 5.29601554 9.02045455
v 11.11500512 5.34125786 9.31704545
v 11.58058918 5.39197971 9.31704545
v 12.26606095 5.35797392 9.02045455
v 12.80388927 5.42271075 9.02045455
v 12.7365418 5.97030645 9.02045455
v 12.04594187 5.44478208 9.31704545
v 12.58332481 5.50838096 9.31704545
v 12.51706691 6.05610956 9.31704545
v 12.66919433 6.51790215 9.02045455
v 12.450809 6.60383816 9.31704545
v 13.30731814 5.22947746 8.13068182
v 13.24618909 5.25277055 8.42727273
v 13.22873702 5.84538246 8.13068182
v 13.167946 5.86871859 8.42727273
v 13.02484435 5.33750688 8.72386364
v 12.95640759 5.88496751 8.72386364
v 13.15015589 6.46128746 8.13068182
v 13.08970291 6.48466663 8.42727273
v 11.43354106 5.48815043 9.61363636
v 11.89846537 5.54029457 9.61363636
v 11.21454373 5.57671089 9.91022727
v 11.67907438 5.6278753 9.91022727
v 12.36315196 5.59451629 9.61363636
v 12.1433717 5.68111552 9.91022727
v 12.29798388 6.14237562 9.61363636
v 12.23281581 6.69023496 9.61363636
v 12.08732795 6.16039545 9.91022727
v 12.02324996 6.70838336 9.91022727
v 11.46007901 5.71591693 10.20681818
v 11.92398499 5.76817742 10.20681818
v 11.24148023 5.80441825 10.50340909
v 11.09527674 5.90106135 10.8
v 11.48639615 5.94368437 10.8
v 11.70499282 5.85570078 10.50340909
v 11.86889488 6.24756791 10.20681818
v 11.81380476 6.7269584 10.20681818
v 11.43321394 6.42329026 10.8
v 11.38003173 6.90289616 10.8
v 11.65085655 6.33519992 10.50340909
v 11.59672028 6.81469906 10.50340909
v 7.68803028 13.45990803 5.4
v 7.68803028 13.45990803 5.55340909
v 7.68803028 13.45990803 5.70681818
v 7.68803028 13.45990803 5.86022727
v 7.68803028 13.45990803 6.01363636
v 8.43624613 13.52271841 5.4
v 8.43624613 13.52271841 5.55340909
v 8.43624613 13.52271841 5.70681818
v 9.18394994 13.59135599 5.4
v 9.18394994 13.59135599 5.55340909
v 9.18394994 13.59135599 5.70681818
v 8.43624613 13.52271841 5.86022727
v 8.43624613 13.52271841 6.01363636
v 9.18394994 13.59135599 5.86022727
v 9.18394994 13.59135599 6.01363636
v 7.68803028 13.45990803 6.16704545
v 7.68803028 13.45990803 6.32045455
v 7.68803028 13.45990803 6.47386364
v 7.68803028 13.45990803 6.62727273
v 8.43624613 13.52271841 6.16704545
v 8.43624613 13.52271841 6.32045455
v 9.18394994 13.59135599 6.16704545
v 9.18394994 13.59135599 6.32045455
v 8.43624613 13.52271841 6.47386364
v 8.43624613 13.52271841 6.62727273
v 9.18394994 13.59135599 6.47386364
v 9.18394994 13.59135599 6.62727273
v 9.93109633 13.66581659 5.4
v 9.93109633 13.66581659 5.55340909
v 9.93109633 13.66581659 5.70681818
v 9.93109633 13.66581659 5.86022727
v 9.93109633 13.66581659 6.01363636
v 10.67763994 13.7460957 5.4
v 10.67763994 13.7460957 5.55340909
v 10.67763994 13.7460957 5.70681818
v 10.67763994 13.7460957 5.86022727
v 10.67763994 13.7460957 6.01363636
v 9.93109633 13.66581659 6.16704545
v 9.93109633 13.66581659 6.32045455
v 9.93109633 13.66581659 6.47386364
v 9.93109633 13.66581659 6.62727273
v 10.67763994 13.7460957 6.16704545
v 10.67763994 13.7460957 6.32045455
v 10.67763994 13.7460957 6.47386364
v 10.67763994 13.7460957 6.62727273
v 7.83429287 12.25983833 7.5375
v 7.82030973 12.23220518 7.83409091
v 7.38846154 12.44894255 7.24090909
v 7.82963021 12.28597109 7.24090909
v 7.75086284 12.67474948 7.24090909
v 7.55454193 12.75799688 7.24090909
v 7.71944656 13.06732876 7.24090909
v 7.86902979 12.38793215 7.24090909
v 7.90833194 12.48990851 7.24090909
v 7.94753665 12.59190009 7.24090909
v 7.91535581 12.98441743 7.24090909
v 8.11161729 12.9019037 7.24090909
v 7.68803028 13.45990803 6.78068182
v 7.68803028 13.45990803 6.93409091
v 7.52389033 13.1506366 7.24090909
v 7.68803028 13.45990803 7.0875
v 7.68803028 13.45990803 7.24090909
v 7.88317497 13.37693478 7.24090909
v 8.07867201 13.29435762 7.24090909
v 8.27452059 13.21217761 7.24090909
v 8.35036718 12.32930233 7.24090909
v 8.38922009 12.43147297 7.24090909
v 8.42797548 12.53365837 7.24090909
v 8.46663335 12.63585847 7.24090909
v 8.30823019 12.8197886 7.24090909
v 8.50519369 12.73807319 7.24090909
v 8.47071991 13.1303958 7.24090909
v 8.66726915 13.04901326 7.24090909
v 8.8708646 12.37542208 7.24090909
v 8.90916971 12.47779935 7.24090909
v 8.94737723 12.58019087 7.24090909
v 8.98548715 12.68259656 7.24090909
v 8.86416751 12.96803104 7.24090909
v 9.02349947 12.78501635 7.24090909
v 9.06141417 12.88745017 7.24090909
v 8.43624613 13.52271841 6.78068182
v 8.43624613 13.52271841 6.93409091
v 9.18394994 13.59135599 6.78068182
v 9.18394994 13.59135599 6.93409091
v 8.43624613 13.52271841 7.0875
v 8.43624613 13.52271841 7.24090909
v 8.63203132 13.44126798 7.24090909
v 8.82816576 13.36021638 7.24090909
v 9.02464863 13.27956466 7.24090909
v 9.22147913 13.19931386 7.24090909
v 9.18394994 13.59135599 7.0875
v 9.18394994 13.59135599 7.24090909
v 8.33653588 12.30159542 7.5375
v 8.85718189 12.34764149 7.5375
v 8.32269563 12.27389042 7.83409091
v 8.84349024 12.31986276 7.83409091
v 9.39110753 12.42432901 7.24090909
v 9.42886375 12.52690998 7.24090909
v 9.4665223 12.62950467 7.24090909
v 9.41865643 13.11946504 7.24090909
v 9.50408317 12.73211301 7.24090909
v 9.54154637 12.83473493 7.24090909
v 9.57891189 12.93737037 7.24090909
v 9.61617972 13.04001924 7.24090909
v 9.91108104 12.47602172 7.24090909
v 9.94828728 12.57880345 7.24090909
v 9.98539579 12.68159837 7.24090909
v 10.02240654 12.78440642 7.24090909
v 10.05931955 12.88722752 7.24090909
v 10.0961348 12.99006162 7.24090909
v 10.1328523 13.09290863 7.24090909
v 9.93109633 13.66581659 6.78068182
v 9.93109633 13.66581659 6.93409091
v 9.38036374 13.51143333 7.24090909
v 9.57712367 13.4319122 7.24090909
v 9.77422891 13.35279366 7.24090909
v 9.97167864 13.27407874 7.24090909
v 9.93109633 13.66581659 7.0875
v 9.93109633 13.66581659 7.24090909
v 10.12812682 13.58742655 7.24090909
v 10.43077023 12.53049873 7.24090909
v 10.46742543 12.63347826 7.24090909
v 10.50398281 12.73647046 7.24090909
v 10.54044239 12.83947527 7.24090909
v 10.57680414 12.94249261 7.24090909
v 10.61306808 13.04552242 7.24090909
v 10.95016017 12.58775846 7.24090909
v 10.98626328 12.69093284 7.24090909
v 11.0222685 12.79411938 7.24090909
v 11.05817585 12.89731799 7.24090909
v 10.67763994 13.7460957 6.78068182
v 10.67763994 13.7460957 6.93409091
v 10.16947204 13.19576848 7.24090909
v 10.3255003 13.50944073 7.24090909
v 10.52321594 13.43186017 7.24090909
v 10.64923419 13.14856461 7.24090909
v 10.68530247 13.25161913 7.24090909
v 10.72127292 13.3546859 7.24090909
v 10.67763994 13.7460957 7.0875
v 10.67763994 13.7460957 7.24090909
v 10.87527516 13.66924304 7.24090909
v 11.07325021 13.59279726 7.24090909
v 9.37757381 12.39647553 7.5375
v 9.89769671 12.44809615 7.5375
v 9.36403114 12.36862386 7.83409091
v 9.86569192 12.41827978 7.83409091
v 10.39893994 12.5005071 7.5375
v 10.91849099 12.55759678 7.5375
v 10.36708957 12.47052585 7.83409091
v 10.88680165 12.52744536 7.83409091
v 13.75749496 7.77726247 5.4
v 13.75749496 7.77726247 5.55340909
v 13.75749496 7.77726247 5.70681818
v 13.75749496 7.77726247 5.86022727
v 13.75749496 7.77726247 6.01363636
v 13.65195825 8.55782886 5.4
v 13.65195825 8.55782886 5.55340909
v 13.65195825 8.55782886 5.70681818
v 13.65195825 8.55782886 5.86022727
v 13.65195825 8.55782886 6.01363636
v 13.75749496 7.77726247 6.16704545
v 13.75749496 7.77726247 6.32045455
v 13.75749496 7.77726247 6.47386364
v 13.75749496 7.77726247 6.62727273
v 13.65195825 8.55782886 6.16704545
v 13.65195825 8.55782886 6.32045455
v 13.65195825 8.55782886 6.47386364
v 13.65195825 8.55782886 6.62727273
v 13.58728407 9.03616936 5.4
v 13.54642153 9.33839525 5.55340909
v 13.54642153 9.33839525 5.70681818
v 13.54642153 9.33839525 5.86022727
v 13.54642153 9.33839525 6.01363636
v 13.44088481 10.11896164 5.55340909
v 13.44088481 10.11896164 5.70681818
v 13.44088481 10.11896164 5.86022727
v 13.44088481 10.11896164 6.01363636
v 13.54642153 9.33839525 6.16704545
v 13.54642153 9.33839525 6.32045455
v 13.54642153 9.33839525 6.47386364
v 13.54642153 9.33839525 6.62727273
v 13.44088481 10.11896164 6.16704545
v 13.44088481 10.11896164 6.32045455
v 13.44088481 10.11896164 6.47386364
v 13.44088481 10.11896164 6.62727273
v 12.91659268 9.60271525 7.24090909
v 12.83455127 10.23741565 7.24090909
v 12.88923204 10.19485681 7.24090909
v 12.86268534 9.58836178 7.5375
v 12.89011083 8.93924733 7.83409091
v 12.80876615 9.57403739 7.83409091
v 12.78099228 10.22310711 7.5375
v 12.72742146 10.20882746 7.83409091
v 13.75749496 7.77726247 6.78068182
v 13.75749496 7.77726247 6.93409091
v 13.24475833 7.06391366 7.24090909
v 13.3009843 7.02155493 7.24090909
v 13.21863385 7.65621531 7.24090909
v 13.27459519 7.61384688 7.24090909
v 13.33060092 7.57150882 7.24090909
v 13.16271691 7.69861405 7.24090909
v 13.49888432 7.44467708 7.24090909
v 13.55506746 7.40246076 7.24090909
v 13.61129491 7.36027497 7.24090909
v 13.38665103 7.52920114 7.24090909
v 13.4427455 7.48692388 7.24090909
v 13.64799234 7.46450468 7.24090909
v 13.68459149 7.56874588 7.24090909
v 13.75749496 7.77726247 7.0875
v 13.72109236 7.6729985 7.24090909
v 13.75749496 7.77726247 7.24090909
v 13.65195825 8.55782886 6.78068182
v 13.65195825 8.55782886 6.93409091
v 13.13628339 8.29087568 7.24090909
v 13.24763245 8.20608869 7.24090909
v 13.19193572 8.24846709 7.24090909
v 13.30337358 8.16374054 7.24090909
v 13.35915909 8.12142266 7.24090909
v 13.0806755 8.33331445 7.24090909
v 13.27557267 8.75592143 7.24090909
v 13.33109361 8.71359308 7.24090909
v 13.41498896 8.07913508 7.24090909
v 13.47086318 8.03687784 7.24090909
v 13.50727869 8.14104543 7.24090909
v 13.54359595 8.2452244 7.24090909
v 13.57981497 8.34941468 7.24090909
v 13.61593574 8.45361619 7.24090909
v 13.65195825 8.55782886 7.0875
v 13.65195825 8.55782886 7.24090909
v 13.18702165 7.06830742 7.5375
v 13.10532859 7.70305275 7.5375
v 13.12929379 7.07273369 7.83409091
v 13.04794911 7.70752376 7.83409091
v 13.02607147 8.31887113 7.5375
v 12.96902997 8.32338554 7.83409091
v 13.54642153 9.33839525 6.78068182
v 13.54642153 9.33839525 6.93409091
v 12.99863409 8.96801485 7.24090909
v 13.05393294 8.92553606 7.24090909
v 13.10927624 8.88308729 7.24090909
v 13.16466398 8.84066857 7.24090909
v 13.22009613 8.79827994 7.24090909
v 13.36722715 8.81769886 7.24090909
v 13.02661677 9.51770749 7.24090909
v 12.97158249 9.56019643 7.24090909
v 13.0816955 9.47524845 7.24090909
v 13.13681867 9.43281934 7.24090909
v 13.19198626 9.39042021 7.24090909
v 13.22783778 9.49446447 7.24090909
v 13.26359111 9.59851987 7.24090909
v 13.40326247 8.92181589 7.24090909
v 13.43919957 9.02594412 7.24090909
v 13.47503845 9.13008347 7.24090909
v 13.54642153 9.33839525 7.0875
v 13.51077911 9.23423387 7.24090909
v 13.54642153 9.33839525 7.24090909
v 13.44088481 10.11896164 6.78068182
v 13.44088481 10.11896164 6.93409091
v 13.05354122 10.06735875 7.24090909
v 13.29924625 9.70258636 7.24090909
v 13.33480319 9.80666385 7.24090909
v 13.37026194 9.91075227 7.24090909
v 12.9439573 10.15232769 7.24090909
v 12.99872703 10.10982832 7.24090909
v 13.08911067 10.17134179 7.24090909
v 13.12458196 10.27533586 7.24090909
v 13.15995508 10.37934089 7.24090909
v 13.19523003 10.48335682 7.24090909
v 13.40562248 10.01485156 7.24090909
v 13.44088481 10.11896164 7.0875
v 13.44088481 10.11896164 7.24090909
v 12.94437841 8.95361645 7.5375
v 11.42353547 13.83218845 5.4
v 11.42353547 13.83218845 5.55340909
v 11.42353547 13.83218845 5.70681818
v 11.42353547 13.83218845 5.86022727
v 11.42353547 13.83218845 6.01363636
v 12.16873764 13.92408961 5.4
v 12.16873764 13.92408961 5.55340909
v 12.16873764 13.92408961 5.70681818
v 12.91320123 14.0217936 5.4
v 12.91320123 14.0217936 5.55340909
v 12.91320123 14.0217936 5.70681818
v 12.16873764 13.92408961 5.86022727
v 12.16873764 13.92408961 6.01363636
v 12.91320123 14.0217936 5.86022727
v 12.91320123 14.0217936 6.01363636
v 11.42353547 13.83218845 6.16704545
v 11.42353547 13.83218845 6.32045455
v 11.42353547 13.83218845 6.47386364
v 11.42353547 13.83218845 6.62727273
v 12.16873764 13.92408961 6.16704545
v 12.16873764 13.92408961 6.32045455
v 12.91320123 14.0217936 6.16704545
v 12.91320123 14.0217936 6.32045455
v 12.16873764 13.92408961 6.47386364
v 12.16873764 13.92408961 6.62727273
v 12.91320123 14.0217936 6.47386364
v 12.91320123 14.0217936 6.62727273
v 13.3353481 10.89952803 5.55340909
v 13.3353481 10.89952803 5.70681818
v 13.3353481 10.89952803 5.86022727
v 13.3353481 10.89952803 6.01363636
v 13.22981138 11.68009442 5.55340909
v 13.22981138 11.68009442 5.70681818
v 13.22981138 11.68009442 5.86022727
v 13.22981138 11.68009442 6.01363636
v 13.3353481 10.89952803 6.16704545
v 13.3353481 10.89952803 6.32045455
v 13.3353481 10.89952803 6.47386364
v 13.3353481 10.89952803 6.62727273
v 13.22981138 11.68009442 6.16704545
v 13.22981138 11.68009442 6.32045455
v 13.22981138 11.68009442 6.47386364
v 13.22981138 11.68009442 6.62727273
v 13.12427466 12.46066082 5.55340909
v 13.12427466 12.46066082 5.70681818
v 13.12427466 12.46066082 5.86022727
v 13.12427466 12.46066082 6.01363636
v 13.03069642 13.15278045 5.4
v 13.01873795 13.24122721 5.4
v 13.01873795 13.24122721 5.55340909
v 13.01873795 13.24122721 5.70681818
v 13.58728407 13.15278045 5.4
v 13.01873795 13.24122721 5.86022727
v 13.01873795 13.24122721 6.01363636
v 13.12427466 12.46066082 6.16704545
v 13.12427466 12.46066082 6.32045455
v 13.12427466 12.46066082 6.47386364
v 13.12427466 12.46066082 6.62727273
v 13.01873795 13.24122721 6.16704545
v 13.01873795 13.24122721 6.32045455
v 13.01873795 13.24122721 6.47386364
v 13.01873795 13.24122721 6.62727273
v 12.80688159 10.82951718 7.24090909
v 12.75250985 10.87211604 7.24090909
v 12.86129783 10.78694789 7.24090909
v 12.91575856 10.7444082 7.24090909
v 12.67046844 11.50681644 7.24090909
v 12.72453114 11.46417756 7.24090909
v 12.77863836 11.42156809 7.24090909
v 12.81364352 11.52542959 7.24090909
v 12.84855057 11.62930189 7.24090909
v 12.8833595 11.73318493 7.24090909
v 12.58842703 12.14151684 7.24090909
v 12.64218068 12.09883793 7.24090909
v 12.67690362 12.20263911 7.24090909
v 12.91807032 11.83707863 7.24090909
v 12.70173516 10.83892549 7.5375
v 12.64850232 10.82468924 7.83409091
v 12.6200421 11.47367082 7.5375
v 12.53834904 12.10841614 7.5375
v 12.56958319 11.44055102 7.83409091
v 12.4882385 12.07534109 7.83409091
v 11.46923598 12.64779929 7.24090909
v 11.09398531 13.00052861 7.24090909
v 11.12969689 13.10375117 7.24090909
v 11.50478595 12.75116556 7.24090909
v 11.54023798 12.85454346 7.24090909
v 11.57559207 12.95793292 7.24090909
v 11.61084821 13.06133386 7.24090909
v 11.98798275 12.71061948 7.24090909
v 11.42353547 13.83218845 6.78068182
v 11.42353547 13.83218845 6.93409091
v 11.16531057 13.2069856 7.24090909
v 11.20082637 13.31023183 7.24090909
v 11.23624427 13.41348978 7.24090909
v 11.27156426 13.51675938 7.24090909
v 11.42353547 13.83218845 7.0875
v 11.42353547 13.83218845 7.24090909
v 11.6460064 13.16474621 7.24090909
v 11.68106664 13.26816991 7.24090909
v 11.71602893 13.37160488 7.24090909
v 11.75089326 13.47505106 7.24090909
v 11.78565963 13.57850836 7.24090909
v 11.62176343 13.75687783 7.24090909
v 11.82032804 13.68197672 7.24090909
v 12.02297857 12.81417468 7.24090909
v 12.05787639 12.91774098 7.24090909
v 12.09267621 13.02131831 7.24090909
v 12.12737802 13.12490661 7.24090909
v 12.71152847 12.30645098 7.24090909
v 12.74605524 12.41027347 7.24090909
v 12.78048391 12.5141065 7.24090909
v 12.8148145 12.61795002 7.24090909
v 12.50638562 12.77621724 7.24090909
v 12.54082628 12.87995839 7.24090909
v 12.57516889 12.98371012 7.24090909
v 12.60941343 13.08747236 7.24090909
v 12.84904698 12.72180395 7.24090909
v 12.88318138 12.82566821 7.24090909
v 12.91721767 12.92954274 7.24090909
v 12.16873764 13.92408961 6.78068182
v 12.16873764 13.92408961 6.93409091
v 12.91320123 14.0217936 6.78068182
v 12.91320123 14.0217936 6.93409091
v 12.16198182 13.22850579 7.24090909
v 12.19648761 13.33211579 7.24090909
v 12.23089538 13.43573654 7.24090909
v 12.26520514 13.53936797 7.24090909
v 12.16873764 13.92408961 7.0875
v 12.16873764 13.92408961 7.24090909
v 12.29941688 13.64301 7.24090909
v 12.3335306 13.74666257 7.24090909
v 12.3675463 13.8503256 7.24090909
v 12.64355991 13.19124504 7.24090909
v 12.67760833 13.29502808 7.24090909
v 12.71155867 13.39882141 7.24090909
v 12.74541095 13.50262497 7.24090909
v 12.77916516 13.60643867 7.24090909
v 12.81282129 13.71026246 7.24090909
v 12.91320123 14.0217936 7.0875
v 12.84637935 13.81409626 7.24090909
v 12.87983933 13.91793999 7.24090909
v 12.91320123 14.0217936 7.24090909
v 11.4377288 12.61746842 7.5375
v 11.95663848 12.68012029 7.5375
v 11.40620141 12.5871477 7.83409091
v 11.9067064 12.64734741 7.83409091
v 12.45665597 12.74316147 7.5375
v 12.40689381 12.71013116 7.83409091
v 13.3353481 10.89952803 6.78068182
v 13.3353481 10.89952803 6.93409091
v 12.95104589 10.84833032 7.24090909
v 12.98623509 10.95226336 7.24090909
v 13.23040681 10.58738357 7.24090909
v 13.26548542 10.69142107 7.24090909
v 13.3353481 10.89952803 7.0875
v 13.30046585 10.79546925 7.24090909
v 13.3353481 10.89952803 7.24090909
v 13.02132614 11.05620725 7.24090909
v 13.05631905 11.16016191 7.24090909
v 13.09121381 11.26412728 7.24090909
v 13.12601043 11.36810329 7.24090909
v 13.22981138 11.68009442 6.78068182
v 13.22981138 11.68009442 6.93409091
v 13.1607089 11.47208987 7.24090909
v 13.19530922 11.57608693 7.24090909
v 13.22981138 11.68009442 7.0875
v 13.22981138 11.68009442 7.24090909
v 12.95268302 11.94098293 7.24090909
v 12.9871976 12.04489775 7.24090909
v 13.02161405 12.14882301 7.24090909
v 13.05593238 12.25275866 7.24090909
v 13.12427466 12.46066082 6.78068182
v 13.12427466 12.46066082 6.93409091
v 13.12427466 12.46066082 7.0875
v 13.09015259 12.35670462 7.24090909
v 13.12427466 12.46066082 7.24090909
v 12.95115587 13.03342746 7.24090909
v 12.98499596 13.13732231 7.24090909
v 13.01873795 13.24122721 6.78068182
v 13.01873795 13.24122721 6.93409091
v 13.01873795 13.24122721 7.0875
v 13.01873795 13.24122721 7.24090909
v 7.46362599 7.02778918 10.8
v 7.42858252 7.50906054 10.8
v 7.81365787 7.53783034 10.8
v 7.85051788 7.0566947 10.8
v 8.23729791 7.08706054 10.8
v 8.19862186 7.5680536 10.8
v 7.39353905 7.99033189 10.8
v 7.77679785 8.01896598 10.8
v 7.73993783 8.50010161 10.8
v 8.15994582 8.04904666 10.8
v 8.12126978 8.53003972 10.8
v 8.62396054 7.11888625 10.8
v 8.58346903 7.59972988 10.8
v 9.01050028 7.15217138 10.8
v 8.96819387 7.63285873 10.8
v 8.54297751 8.08057351 10.8
v 8.502486 8.56141714 10.8
v 8.92588746 8.11354608 10.8
v 8.88358105 8.59423343 10.8
v 7.70307781 8.98123725 10.8
v 7.66621779 9.46237288 10.8
v 8.08259374 9.01103278 10.8
v 8.0439177 9.49202584 10.8
v 7.62935777 9.94350852 10.8
v 7.59249775 10.42464416 10.8
v 8.00524165 9.97301891 10.8
v 7.96656561 10.45401197 10.8
v 8.46199449 9.04226078 10.8
v 8.42150297 9.52310441 10.8
v 8.84127464 9.07492078 10.8
v 9.22042881 9.10901234 10.8
v 8.79896824 9.55560813 10.8
v 9.17630811 9.58953656 10.8
v 8.38101146 10.00394804 10.8
v 8.75666183 10.03629548 10.8
v 8.34051995 10.48479167 10.8
v 9.13218741 10.07006078 10.8
v 9.39691161 7.18691546 10.8
v 9.35279091 7.66743968 10.8
v 9.78318903 7.223118 10.8
v 9.73725466 7.70347224 10.8
v 10.12157966 7.74095589 10.8
v 9.30867021 8.1479639 10.8
v 9.6913203 8.18382648 10.8
v 9.26454951 8.62848812 10.8
v 9.64538594 8.66418072 10.8
v 10.07383229 8.2211333 10.8
v 10.02608492 8.70131072 10.8
v 10.16932703 7.26077847 10.8
v 10.55532011 7.29989635 10.8
v 10.50576041 7.77989009 10.8
v 10.94116277 7.34047107 10.8
v 10.88979145 7.82027431 10.8
v 10.45620071 8.25988384 10.8
v 10.40664102 8.73987759 10.8
v 10.83842013 8.30007755 10.8
v 9.59945158 9.14453496 10.8
v 9.55351721 9.6248892 10.8
v 9.97833755 9.18148813 10.8
v 9.50758285 10.10524344 10.8
v 9.93059018 9.66166555 10.8
v 9.8828428 10.14184296 10.8
v 10.35708132 9.21987134 10.8
v 10.78704881 8.77988078 10.8
v 10.73567749 9.25968402 10.8
v 10.30752162 9.69986508 10.8
v 10.25796192 10.17985883 10.8
v 10.68430617 9.73948726 10.8
v 11.06093847 9.78053152 10.8
v 10.63293485 10.2192905 10.8
v 11.00775626 10.26013742 10.8
v 7.80631765 12.20457399 8.13068182
v 7.79231665 12.17694477 8.42727273
v 8.29498831 12.21848619 8.42727273
v 7.80919076 12.08220722 8.72386364
v 8.24467762 12.11808563 8.72386364
v 8.30884644 12.24618734 8.13068182
v 8.79743873 12.26262308 8.42727273
v 8.74764722 12.16196403 8.72386364
v 7.75831443 11.98205844 9.02045455
v 8.19424943 12.01771044 9.02045455
v 7.70732072 11.88193566 9.31704545
v 8.14370375 11.91736074 9.31704545
v 8.69773809 12.06132975 9.02045455
v 9.20099476 12.10754872 9.02045455
v 8.64771134 11.96072034 9.31704545
v 9.08373283 12.00034793 9.31704545
v 8.82978963 12.2920859 8.13068182
v 9.25038351 12.20843941 8.72386364
v 9.75287307 12.25751054 8.72386364
v 9.63635444 12.14964787 9.02045455
v 10.0715216 12.19369253 9.02045455
v 9.51957284 12.04192401 9.31704545
v 9.95522266 12.08544777 9.31704545
v 10.57407638 12.24700459 9.02045455
v 10.45833801 12.13816065 9.31704545
v 10.89354831 12.18587948 9.31704545
v 9.33185281 12.33898377 8.13068182
v 9.2996545 12.30935426 8.42727273
v 9.8336671 12.3884739 8.13068182
v 9.80162224 12.3586785 8.42727273
v 10.3352191 12.44055496 8.13068182
v 10.30332855 12.41059447 8.42727273
v 10.85509217 12.49730421 8.13068182
v 10.80476005 12.4651008 8.42727273
v 10.18755695 12.30207493 8.72386364
v 10.68955044 12.3559848 8.72386364
v 11.07634912 12.30291136 9.02045455
v 7.65620965 11.781839 9.61363636
v 8.0930406 11.81703662 9.61363636
v 7.67295838 11.68707564 9.91022727
v 8.04225999 11.71673819 9.91022727
v 8.52970986 11.85418641 9.61363636
v 8.96620871 11.89328763 9.61363636
v 8.47937807 11.75366201 9.91022727
v 8.91632673 11.79253926 9.91022727
v 7.55563773 10.90577979 10.8
v 7.51877771 11.38691543 10.8
v 7.92788957 10.93500503 10.8
v 8.30002843 10.9656353 10.8
v 7.62168216 11.58699586 10.20681818
v 7.99136194 11.61646556 10.20681818
v 7.5702886 11.48694242 10.50340909
v 7.94034644 11.51621882 10.50340909
v 7.88921353 11.41599809 10.8
v 8.25953692 11.44647894 10.8
v 8.71435542 10.51698283 10.8
v 8.67204901 10.99767019 10.8
v 9.08806671 10.550585 10.8
v 9.04394601 11.03110921 10.8
v 8.42892871 11.65316288 10.20681818
v 8.86632709 11.69181563 10.20681818
v 8.3783618 11.55268912 10.50340909
v 8.7481657 11.58501552 10.50340909
v 8.62974261 11.47835754 10.8
v 9.11784493 11.61873771 10.50340909
v 8.99982531 11.51163343 10.8
v 9.40252842 11.93433948 9.61363636
v 9.83866029 11.97734116 9.61363636
v 9.35309727 11.83336916 9.91022727
v 9.72183465 11.86937319 9.91022727
v 10.27459559 12.0222918 9.61363636
v 10.71032563 12.0691905 9.61363636
v 10.15825371 11.91380273 9.91022727
v 10.59446982 11.9601825 9.91022727
v 11.03047427 12.00851158 9.91022727
v 9.46164849 10.58559768 10.8
v 9.41571413 11.06595192 10.8
v 9.83509543 10.62202038 10.8
v 9.78734806 11.10219779 10.8
v 9.2356023 11.72598312 10.20681818
v 9.60474591 11.76154437 10.20681818
v 10.0416481 11.80545163 10.20681818
v 9.48739422 11.65385519 10.50340909
v 9.36977977 11.54630616 10.8
v 9.92477893 11.697239 10.50340909
v 9.73960069 11.58237521 10.8
v 10.10928282 11.61984007 10.8
v 10.20840222 10.65985258 10.8
v 10.58156353 10.69909374 10.8
v 10.15884252 11.13984633 10.8
v 10.53019221 11.17889698 10.8
v 10.95457405 10.73974331 10.8
v 10.90139184 11.2193492 10.8
v 10.47834968 11.85131129 10.20681818
v 10.84701131 11.89156301 10.20681818
v 10.29402613 11.73540209 10.50340909
v 10.47882089 11.65870022 10.8
v 10.66312664 11.77495882 10.50340909
v 11.03207519 11.81590862 10.50340909
v 10.84820963 11.6989551 10.8
v 12.80237255 7.11717247 8.72386364
v 12.72535503 7.73327495 8.72386364
v 12.91199735 8.32793208 8.13068182
v 12.85497363 8.33251074 8.42727273
v 12.65691827 8.28073557 8.72386364
v 12.59340269 7.13415663 9.02045455
v 12.51761105 7.75041112 9.02045455
v 12.3845511 7.15156676 9.31704545
v 12.30998563 7.76797082 9.31704545
v 12.45026358 8.29800682 9.02045455
v 12.24372773 8.31569942 9.31704545
v 12.83341623 8.94383708 8.13068182
v 12.77673054 8.94845877 8.42727273
v 12.7548351 9.55974209 8.13068182
v 12.69848745 9.56440681 8.42727273
v 12.57990075 8.89683806 8.72386364
v 12.50288323 9.51294054 8.72386364
v 12.67383881 10.1945767 8.13068182
v 12.62024436 10.18035484 8.42727273
v 12.42586571 10.12904302 8.72386364
v 12.38291611 8.84560252 9.02045455
v 12.30712447 9.461857 9.02045455
v 12.17746983 8.86342802 9.31704545
v 12.11121193 9.41115662 9.31704545
v 12.23133283 10.07811149 9.02045455
v 12.03664646 10.02756067 9.31704545
v 13.07157477 7.07719246 8.13068182
v 13.01145981 7.10061466 8.42727273
v 12.99057848 7.71202708 8.13068182
v 12.93321672 7.7165627 8.42727273
v 11.95917197 7.25637126 9.91022727
v 11.89509398 7.80435916 9.91022727
v 11.83905023 8.2836391 9.91022727
v 12.16764773 7.2380943 9.61363636
v 12.10247966 7.78595363 9.61363636
v 12.03731158 8.33381297 9.61363636
v 11.75081711 7.2750727 10.20681818
v 11.68782945 7.823187 10.20681818
v 11.32684952 7.38250205 10.8
v 11.48068694 7.84243673 10.50340909
v 11.27366731 7.86210794 10.8
v 11.54258401 7.2941982 10.50340909
v 11.63273933 8.30257748 10.20681818
v 11.42655067 8.32193587 10.50340909
v 11.2204851 8.34171384 10.8
v 11.97214351 8.8816723 9.61363636
v 11.90697543 9.42953164 9.61363636
v 11.77497224 8.831627 9.91022727
v 11.71089425 9.3796149 9.91022727
v 11.84180736 9.97739097 9.61363636
v 11.64681626 9.92760281 9.91022727
v 11.59077251 10.40688274 9.91022727
v 11.51466156 9.33008227 10.20681818
v 11.57764922 8.78196797 10.20681818
v 11.3724144 8.80143501 10.50340909
v 11.16730289 8.82131973 10.8
v 11.31827813 9.28093415 10.50340909
v 11.11412068 9.30092563 10.8
v 11.45167391 9.87819657 10.20681818
v 11.39658379 10.35758706 10.20681818
v 11.25638107 9.82917268 10.50340909
v 11.20224479 10.30867182 10.50340909
v 12.59525769 10.8104817 8.13068182
v 12.54200127 10.79630288 8.42727273
v 12.35742894 10.67650364 8.72386364
v 12.28041142 11.29260612 8.72386364
v 12.43809544 12.04229171 8.13068182
v 12.38551508 12.02819895 8.42727273
v 12.51667656 11.42638671 8.13068182
v 12.46375818 11.41225092 8.42727273
v 12.2033939 11.9087086 8.72386364
v 11.97038856 10.57528927 9.31704545
v 11.90413066 11.12301787 9.31704545
v 11.32854096 12.2355431 9.31704545
v 11.83787276 11.67074647 9.31704545
v 12.16398536 10.62570719 9.02045455
v 12.0966379 11.17330288 9.02045455
v 12.02084625 11.78955737 9.02045455
v 11.3560685 12.55465894 8.13068182
v 11.30590336 12.52219602 8.42727273
v 11.85674194 12.61460018 8.13068182
v 11.80674513 12.58187861 8.42727273
v 11.19125882 12.41248648 8.72386364
v 11.69266871 12.47157846 8.72386364
v 12.35709915 12.67712632 8.13068182
v 12.30727199 12.64414699 8.42727273
v 12.12637638 12.52481108 8.72386364
v 11.51081685 12.35339088 9.02045455
v 11.94505461 12.40581186 9.02045455
v 11.76330729 12.28715053 9.31704545
v 11.77663928 10.52525031 9.61363636
v 11.71147121 11.07310965 9.61363636
v 11.52669452 10.95487065 9.91022727
v 11.14584168 12.11803633 9.61363636
v 11.64630313 11.62096898 9.61363636
v 11.58113506 12.16882832 9.61363636
v 11.46261653 11.50285855 9.91022727
v 11.39853854 12.05084645 9.91022727
v 11.34149368 10.83697755 10.20681818
v 11.27850602 11.38509185 10.20681818
v 11.14810852 10.78817096 10.50340909
v 11.09397225 11.2676701 10.50340909
v 11.21551837 11.93320615 10.20681818
f 1 2 4
f 1 4 7
f 1 10 9
f 1 9 13
f 1 11 10
f 1 13 2
f 2 5 4
f 2 13 5
f 5 13 14
f 1 7 34
f 1 33 11
f 8 19 32
f 11 36 12
f 12 18 16
f 12 36 37
f 12 37 18
f 18 37 19
f 1 34 33
f 11 33 36
f 7 8 34
f 8 32 34
f 33 43 36
f 33 34 43
f 34 45 43
f 32 35 34
f 34 35 45
f 35 46 45
f 36 39 37
f 19 38 32
f 19 37 38
f 36 43 44
f 62 68 71
f 62 71 85
f 71 72 89
f 61 62 73
f 61 73 74
f 61 74 67
f 67 74 69
f 69 74 76
f 74 75 76
f 62 85 73
f 73 103 74
f 74 103 75
f 72 79 90
f 78 101 79
f 71 89 85
f 85 89 91
f 72 90 89
f 92 98 93
f 92 96 98
f 73 85 92
f 73 92 93
f 73 93 103
f 75 103 78
f 78 103 100
f 79 101 90
f 78 100 101
f 93 104 103
f 93 98 105
f 93 105 104
f 100 103 104
f 98 99 105
f 36 85 39
f 39 85 41
f 41 88 42
f 36 44 92
f 43 92 44
f 43 45 94
f 42 95 47
f 45 46 95
f 46 47 95
f 41 85 87
f 85 91 87
f 41 87 88
f 36 92 85
f 43 96 92
f 43 94 96
f 42 88 95
f 45 95 94
f 10 11 12
f 9 10 60
f 9 60 13
f 10 12 62
f 12 16 64
f 13 66 14
f 14 66 15
f 15 65 17
f 16 17 65
f 10 61 60
f 13 60 66
f 10 62 61
f 12 68 62
f 12 64 68
f 60 61 66
f 61 67 66
f 15 67 63
f 15 66 67
f 15 63 65
f 16 65 64
f 63 67 69
f 3 4 5
f 3 5 20
f 5 14 20
f 3 7 4
f 3 6 7
f 3 23 6
f 6 8 7
f 6 30 8
f 8 30 19
f 14 15 26
f 15 17 26
f 17 18 26
f 16 18 17
f 18 19 26
f 3 20 23
f 20 21 23
f 20 26 21
f 14 26 20
f 21 26 27
f 21 24 23
f 6 23 30
f 23 24 29
f 23 29 30
f 26 30 27
f 19 30 26
f 27 30 29
f 32 48 35
f 32 38 48
f 35 49 46
f 37 40 38
f 38 40 48
f 37 39 41
f 37 41 40
f 40 42 51
f 40 41 42
f 42 47 52
f 46 58 47
f 48 50 56
f 35 48 49
f 48 56 49
f 46 49 55
f 49 56 55
f 40 51 48
f 48 51 50
f 50 51 53
f 42 52 51
f 51 52 53
f 46 55 58
f 47 58 52
f 63 81 65
f 63 69 81
f 64 65 70
f 65 82 70
f 64 71 68
f 64 70 71
f 70 72 71
f 69 76 81
f 76 77 81
f 75 77 76
f 75 80 77
f 77 80 83
f 70 84 72
f 72 84 79
f 75 78 80
f 78 79 80
f 79 84 80
f 81 83 82
f 65 81 82
f 70 82 84
f 77 83 81
f 82 83 84
f 80 84 83
f 86 87 89
f 86 88 87
f 89 87 91
f 86 89 244
f 89 90 244
f 86 244 1251
f 90 101 244
f 86 1482 88
f 86 1251 1482
f 88 1482 95
f 94 95 97
f 94 97 96
f 97 98 96
f 97 99 98
f 95 1482 97
f 97 1482 99
f 99 1482 105
f 101 2669 244
f 100 102 101
f 100 106 102
f 101 102 2669
f 102 106 2669
f 105 1482 3322
f 100 104 106
f 106 2673 2669
f 106 3171 2673
f 104 105 106
f 106 3326 3171
f 105 3326 106
f 105 3322 3326
f 21 28 22
f 21 27 28
f 21 22 24
f 22 25 24
f 22 28 25
f 24 25 29
f 25 28 31
f 25 31 29
f 27 29 31
f 27 31 28
f 52 58 107
f 50 54 56
f 50 53 54
f 52 826 53
f 52 107 826
f 53 826 54
f 55 56 57
f 55 57 58
f 58 1179 107
f 57 1179 58
f 54 59 56
f 54 2120 59
f 56 59 57
f 57 59 1179
f 54 826 2120
f 59 2120 1179
f 246 247 245
f 246 245 269
f 246 248 249
f 246 249 247
f 246 270 248
f 247 260 245
f 260 261 245
f 247 249 250
f 247 250 262
f 247 262 260
f 248 251 252
f 248 252 249
f 251 254 252
f 248 271 251
f 251 253 254
f 253 274 254
f 251 272 253
f 253 273 275
f 249 255 250
f 249 252 255
f 250 255 256
f 252 258 255
f 255 257 256
f 250 256 265
f 252 254 258
f 255 258 257
f 254 278 258
f 258 279 257
f 256 257 259
f 257 280 259
f 259 280 281
f 250 265 262
f 260 262 263
f 260 264 261
f 260 263 264
f 262 267 263
f 261 320 319
f 261 264 320
f 256 266 265
f 262 265 267
f 256 259 266
f 259 281 304
f 259 304 266
f 265 268 267
f 263 267 321
f 265 266 268
f 266 304 336
f 266 336 268
f 246 269 270
f 248 270 271
f 270 269 354
f 270 355 271
f 251 271 272
f 253 272 273
f 271 356 272
f 272 357 273
f 273 358 315
f 253 275 274
f 274 275 277
f 275 315 276
f 275 276 277
f 276 287 277
f 276 316 286
f 254 274 278
f 258 278 279
f 274 282 278
f 278 283 279
f 257 279 280
f 279 284 280
f 279 283 284
f 280 285 281
f 280 284 285
f 274 277 282
f 278 282 283
f 277 290 282
f 277 287 290
f 282 291 283
f 282 290 291
f 284 293 285
f 283 292 284
f 283 291 292
f 284 292 293
f 276 286 287
f 286 288 289
f 286 289 287
f 286 317 288
f 288 372 373
f 288 373 289
f 288 318 372
f 287 295 290
f 287 289 295
f 290 296 291
f 290 295 296
f 291 298 292
f 292 294 293
f 291 296 298
f 292 298 294
f 289 377 295
f 295 297 296
f 289 373 377
f 295 377 297
f 296 299 298
f 294 298 300
f 296 297 299
f 298 299 300
f 281 285 301
f 281 301 305
f 281 305 304
f 285 302 301
f 285 293 302
f 301 302 303
f 301 303 306
f 304 337 336
f 304 305 337
f 301 306 305
f 305 306 338
f 293 307 302
f 302 308 303
f 293 294 307
f 302 307 308
f 303 308 309
f 294 310 307
f 307 311 308
f 307 310 311
f 294 300 310
f 308 312 309
f 308 311 312
f 309 312 314
f 312 420 314
f 303 313 306
f 303 309 313
f 309 314 342
f 309 342 313
f 314 594 342
f 273 315 275
f 276 315 316
f 315 364 316
f 316 365 317
f 286 316 317
f 288 317 318
f 318 515 372
f 317 366 318
f 318 367 515
f 261 1251 245
f 319 320 326
f 319 326 325
f 263 322 264
f 263 321 322
f 264 323 320
f 264 322 323
f 267 324 321
f 267 268 324
f 268 336 339
f 268 339 324
f 320 329 326
f 320 323 329
f 321 331 322
f 322 333 323
f 321 324 330
f 321 330 331
f 324 339 345
f 324 345 330
f 261 319 1251
f 325 326 328
f 319 325 1251
f 325 328 327
f 323 334 329
f 326 329 332
f 322 331 333
f 323 333 334
f 330 1257 331
f 330 345 347
f 326 332 328
f 329 335 332
f 329 334 335
f 331 1258 333
f 330 347 1257
f 333 1259 334
f 336 337 340
f 305 338 337
f 336 340 339
f 339 340 346
f 337 341 340
f 337 338 341
f 306 343 338
f 306 313 343
f 313 342 344
f 313 344 343
f 338 343 350
f 338 350 341
f 342 596 344
f 343 344 351
f 343 351 350
f 339 346 345
f 340 348 346
f 340 341 348
f 345 346 349
f 345 349 347
f 331 1257 1258
f 346 348 1260
f 346 1260 349
f 341 350 352
f 341 352 348
f 344 600 351
f 350 351 353
f 348 1267 1260
f 348 352 1267
f 350 353 352
f 351 602 353
f 352 353 1268
f 270 354 355
f 271 355 356
f 355 354 359
f 355 360 356
f 272 356 357
f 273 357 358
f 356 361 357
f 357 362 358
f 358 363 364
f 355 359 360
f 356 360 361
f 360 359 2511
f 360 2512 361
f 360 2511 2512
f 361 2512 2513
f 357 361 362
f 358 362 363
f 361 2513 362
f 362 2514 363
f 363 2515 368
f 362 2513 2514
f 363 2514 2515
f 315 358 364
f 316 364 365
f 364 368 365
f 365 369 366
f 317 365 366
f 318 366 367
f 367 619 515
f 366 370 367
f 367 371 619
f 363 368 364
f 365 368 369
f 368 2521 369
f 369 2522 370
f 368 2515 2521
f 369 2521 2522
f 366 369 370
f 367 370 371
f 371 692 619
f 370 2523 371
f 371 2524 692
f 370 2522 2523
f 371 2523 2524
f 692 2524 2556
f 372 375 373
f 372 374 375
f 372 515 374
f 374 376 375
f 374 386 376
f 374 516 386
f 373 378 377
f 297 377 379
f 373 375 378
f 377 378 379
f 297 380 299
f 299 381 300
f 297 379 380
f 299 380 381
f 378 375 382
f 378 383 379
f 375 376 382
f 378 382 383
f 379 384 380
f 379 383 384
f 380 385 381
f 380 384 385
f 386 388 376
f 386 387 388
f 387 389 388
f 386 526 387
f 387 390 389
f 389 390 409
f 390 517 409
f 376 391 382
f 382 394 383
f 382 391 394
f 376 388 391
f 388 389 392
f 388 392 391
f 389 393 392
f 391 392 395
f 392 393 396
f 391 395 394
f 392 396 395
f 393 397 396
f 393 410 397
f 383 398 384
f 383 394 398
f 384 403 385
f 384 398 403
f 394 395 399
f 394 399 398
f 395 396 400
f 396 397 401
f 395 400 399
f 396 401 400
f 397 402 401
f 397 411 402
f 398 399 404
f 399 400 405
f 398 404 403
f 399 405 404
f 400 401 406
f 401 402 407
f 400 406 405
f 401 407 406
f 402 408 407
f 402 412 408
f 389 409 393
f 393 409 410
f 397 410 411
f 409 518 410
f 410 519 411
f 402 411 412
f 408 412 460
f 411 520 412
f 412 521 460
f 300 413 310
f 300 381 413
f 310 414 311
f 310 413 414
f 413 417 414
f 311 415 312
f 311 414 415
f 312 415 420
f 414 418 415
f 415 421 420
f 381 416 413
f 381 385 416
f 413 416 417
f 385 436 416
f 416 443 417
f 414 417 418
f 415 418 421
f 417 444 418
f 418 464 421
f 314 420 419
f 420 422 419
f 314 419 594
f 420 421 422
f 419 422 423
f 421 467 422
f 422 467 485
f 419 423 595
f 422 485 423
f 423 485 490
f 385 403 436
f 416 436 443
f 403 404 437
f 404 405 438
f 405 406 439
f 403 437 436
f 404 438 437
f 405 439 438
f 406 407 440
f 407 408 441
f 406 440 439
f 407 441 440
f 408 442 441
f 408 460 442
f 436 437 446
f 437 438 447
f 438 439 448
f 439 440 449
f 436 446 443
f 437 447 446
f 438 448 447
f 439 449 448
f 440 441 450
f 441 442 451
f 440 450 449
f 441 451 450
f 442 452 451
f 442 461 452
f 417 443 444
f 443 445 444
f 418 444 464
f 444 445 465
f 444 465 464
f 445 466 465
f 443 446 445
f 446 447 453
f 447 448 454
f 448 449 455
f 449 450 456
f 445 446 453
f 447 454 453
f 448 455 454
f 449 456 455
f 450 451 457
f 451 452 458
f 450 457 456
f 451 458 457
f 452 459 458
f 452 462 459
f 445 453 466
f 453 454 471
f 453 471 466
f 454 472 471
f 454 455 472
f 455 456 473
f 456 457 474
f 455 473 472
f 456 474 473
f 457 458 475
f 458 459 476
f 457 475 474
f 458 476 475
f 459 477 476
f 459 463 477
f 442 460 461
f 460 537 461
f 452 461 462
f 459 462 463
f 461 538 462
f 462 539 463
f 421 464 467
f 464 465 468
f 465 466 469
f 464 468 467
f 465 469 468
f 466 470 469
f 467 468 486
f 468 469 487
f 469 470 488
f 466 471 470
f 471 472 478
f 472 473 479
f 473 474 480
f 474 475 481
f 475 476 482
f 476 477 483
f 477 510 484
f 471 478 470
f 472 479 478
f 473 480 479
f 474 481 480
f 470 478 489
f 478 479 496
f 479 480 497
f 480 481 498
f 481 482 499
f 475 482 481
f 476 483 482
f 477 484 483
f 482 483 500
f 483 484 501
f 484 511 502
f 467 486 485
f 468 487 486
f 469 488 487
f 470 489 488
f 485 486 491
f 486 487 492
f 487 488 493
f 488 489 494
f 485 491 490
f 486 492 491
f 487 493 492
f 488 494 493
f 489 495 494
f 478 496 489
f 479 497 496
f 480 498 497
f 481 499 498
f 489 496 495
f 496 497 503
f 497 498 504
f 498 499 505
f 499 500 506
f 482 500 499
f 483 501 500
f 484 502 501
f 500 501 507
f 501 502 508
f 502 512 509
f 495 496 503
f 497 504 503
f 498 505 504
f 499 506 505
f 500 507 506
f 501 508 507
f 502 509 508
f 477 463 510
f 484 510 511
f 463 544 510
f 510 545 511
f 511 512 502
f 509 512 513
f 511 546 512
f 512 546 547
f 513 512 547
f 513 547 514
f 374 515 516
f 386 516 526
f 515 619 516
f 516 620 526
f 387 527 390
f 387 526 527
f 390 528 517
f 390 527 528
f 409 517 518
f 410 518 519
f 517 522 518
f 518 523 519
f 411 519 520
f 412 520 521
f 519 524 520
f 520 525 521
f 518 522 523
f 519 523 524
f 522 529 523
f 523 530 524
f 523 529 530
f 520 524 525
f 521 525 540
f 524 531 525
f 524 530 531
f 525 532 540
f 525 531 532
f 517 623 522
f 517 528 623
f 526 621 527
f 527 622 528
f 522 625 529
f 529 533 530
f 530 533 534
f 530 534 531
f 531 534 535
f 531 535 532
f 532 535 561
f 522 623 625
f 533 624 534
f 529 629 533
f 534 626 535
f 535 536 561
f 534 624 626
f 535 626 536
f 521 537 460
f 461 537 538
f 521 540 537
f 537 541 538
f 537 540 541
f 462 538 539
f 539 544 463
f 538 542 539
f 538 541 542
f 539 543 544
f 539 542 543
f 532 558 540
f 540 558 541
f 541 558 559
f 541 559 542
f 542 559 560
f 542 560 543
f 560 568 543
f 510 544 545
f 511 545 546
f 544 551 545
f 544 543 551
f 545 552 546
f 545 551 552
f 547 546 549
f 514 547 550
f 514 550 548
f 547 549 550
f 552 549 546
f 548 550 555
f 551 569 552
f 543 568 551
f 551 568 569
f 552 569 553
f 549 556 550
f 550 556 555
f 552 553 549
f 553 556 549
f 548 555 554
f 553 575 556
f 555 556 572
f 555 573 554
f 573 557 554
f 555 572 573
f 532 561 558
f 558 562 559
f 558 561 562
f 559 564 560
f 560 565 568
f 559 562 564
f 560 564 565
f 561 563 562
f 536 563 561
f 562 563 566
f 564 562 566
f 564 567 565
f 564 566 567
f 565 567 580
f 569 568 570
f 569 571 553
f 553 571 575
f 568 565 570
f 569 570 571
f 575 571 578
f 575 572 556
f 573 572 576
f 573 577 557
f 557 577 574
f 575 581 572
f 572 581 576
f 573 576 577
f 577 583 574
f 574 583 582
f 565 580 570
f 570 580 579
f 570 579 571
f 575 578 581
f 571 579 578
f 578 646 581
f 581 646 585
f 578 579 645
f 578 645 646
f 576 584 577
f 576 581 585
f 576 585 584
f 577 584 583
f 583 652 582
f 583 584 651
f 585 650 584
f 582 652 607
f 583 651 652
f 419 595 594
f 342 594 596
f 423 490 599
f 423 599 595
f 594 597 596
f 344 596 600
f 594 595 597
f 595 599 605
f 595 605 597
f 596 601 600
f 351 600 602
f 596 597 601
f 597 605 606
f 597 606 601
f 600 1319 602
f 600 601 1319
f 601 606 1323
f 601 1323 1319
f 516 619 620
f 526 620 621
f 619 692 620
f 620 693 621
f 527 621 622
f 528 632 623
f 528 622 632
f 529 625 629
f 533 633 624
f 624 627 626
f 536 626 628
f 626 627 628
f 536 628 637
f 533 629 633
f 623 635 625
f 627 630 628
f 628 631 637
f 628 630 631
f 624 636 627
f 621 694 622
f 622 695 632
f 623 632 635
f 625 696 629
f 624 633 636
f 627 697 630
f 630 634 631
f 627 636 697
f 625 635 696
f 629 698 633
f 629 696 698
f 630 699 634
f 630 697 699
f 536 637 563
f 563 638 566
f 563 637 638
f 566 639 567
f 567 640 580
f 567 639 640
f 566 638 639
f 640 642 647
f 631 641 637
f 637 641 638
f 638 641 643
f 638 643 639
f 639 643 644
f 639 644 640
f 640 644 642
f 643 668 644
f 644 667 642
f 667 666 642
f 580 647 579
f 579 647 645
f 580 640 647
f 585 646 648
f 645 649 646
f 647 655 645
f 645 655 649
f 646 649 648
f 650 648 656
f 650 651 584
f 585 648 650
f 607 652 654
f 651 653 652
f 607 654 725
f 650 659 651
f 651 659 653
f 652 653 654
f 654 660 725
f 725 660 726
f 647 642 655
f 655 657 649
f 657 658 649
f 648 649 658
f 648 658 656
f 642 666 655
f 655 666 657
f 656 677 659
f 656 658 678
f 656 678 677
f 650 656 659
f 653 659 662
f 653 662 661
f 653 661 654
f 654 661 660
f 660 663 726
f 677 662 659
f 661 662 682
f 660 661 683
f 660 683 663
f 631 664 641
f 631 634 664
f 641 665 643
f 641 664 665
f 634 670 664
f 664 671 665
f 643 665 668
f 644 668 667
f 667 674 666
f 667 668 672
f 665 673 668
f 666 674 669
f 667 672 674
f 664 670 671
f 665 671 673
f 670 705 671
f 671 706 673
f 668 673 672
f 669 674 676
f 672 675 674
f 669 676 687
f 672 673 707
f 672 707 675
f 675 676 674
f 687 676 708
f 687 708 713
f 657 666 669
f 657 679 658
f 658 679 678
f 657 669 679
f 678 681 677
f 679 686 678
f 669 687 679
f 677 681 680
f 678 686 681
f 677 680 662
f 661 682 683
f 680 682 662
f 727 663 684
f 663 683 685
f 683 682 691
f 680 688 682
f 688 691 682
f 683 691 685
f 663 685 684
f 679 687 686
f 686 689 681
f 680 681 690
f 680 690 688
f 681 689 690
f 686 687 713
f 686 713 689
f 690 731 688
f 690 689 732
f 689 713 729
f 620 692 693
f 621 693 694
f 692 2556 693
f 693 2557 694
f 693 2556 2557
f 694 2557 2562
f 622 694 695
f 632 700 635
f 632 695 700
f 633 698 701
f 633 701 636
f 634 702 670
f 634 699 702
f 635 703 696
f 635 700 703
f 636 704 697
f 636 701 704
f 697 2559 699
f 694 2562 695
f 696 2558 698
f 695 2563 700
f 696 703 2558
f 698 2560 701
f 697 704 2559
f 699 2561 702
f 698 2558 2560
f 695 2562 2563
f 700 2564 703
f 699 2559 2561
f 701 2565 704
f 671 705 706
f 705 712 706
f 706 711 707
f 706 712 711
f 673 706 707
f 707 710 675
f 675 710 709
f 675 709 676
f 709 708 676
f 707 711 710
f 711 714 710
f 670 716 705
f 670 702 716
f 705 718 712
f 711 712 715
f 713 708 755
f 709 754 708
f 709 710 756
f 713 755 729
f 708 754 755
f 709 756 754
f 710 714 756
f 711 715 714
f 705 716 718
f 712 718 717
f 702 2570 716
f 726 663 727
f 727 684 728
f 728 684 734
f 684 685 735
f 728 734 733
f 735 685 736
f 684 735 734
f 688 730 691
f 691 736 685
f 688 731 730
f 689 729 732
f 690 732 731
f 691 730 736
f 733 734 740
f 735 736 742
f 735 741 734
f 730 743 736
f 730 731 744
f 732 745 731
f 732 729 737
f 729 738 737
f 731 745 744
f 730 744 743
f 732 737 745
f 733 740 739
f 734 741 740
f 735 742 741
f 736 743 742
f 739 740 747
f 743 749 742
f 745 737 750
f 737 738 751
f 745 753 744
f 744 752 743
f 738 764 751
f 737 751 750
f 739 747 746
f 740 741 748
f 740 748 747
f 742 1352 741
f 742 749 1352
f 746 747 1353
f 741 1352 748
f 744 753 752
f 745 750 753
f 743 752 749
f 753 750 1355
f 764 1357 751
f 751 1356 750
f 756 714 758
f 715 757 714
f 756 760 754
f 754 759 755
f 755 738 729
f 756 758 760
f 714 757 758
f 754 760 759
f 755 759 738
f 758 757 762
f 758 763 760
f 759 764 738
f 759 760 761
f 760 763 761
f 758 762 763
f 759 761 764
f 761 1384 764
f 763 1385 761
f 762 1386 763
f 763 1386 1385
f 761 1385 1384
f 325 327 1251
f 327 328 1248
f 327 1247 1251
f 327 1248 1247
f 328 332 1249
f 332 335 1250
f 334 1262 335
f 328 1249 1248
f 332 1250 1249
f 335 1263 1250
f 1247 1253 1251
f 1247 1254 1253
f 1252 1251 1253
f 1247 1248 1254
f 1248 1255 1254
f 1249 1256 1255
f 1250 1274 1256
f 1248 1249 1255
f 1249 1250 1256
f 333 1258 1259
f 334 1259 1262
f 347 349 1261
f 347 1264 1257
f 335 1262 1263
f 1257 1266 1258
f 347 1261 1264
f 349 1260 1265
f 349 1265 1261
f 1258 1277 1259
f 1257 1264 1266
f 1258 1266 1277
f 1259 1272 1262
f 1262 1275 1263
f 1261 1273 1264
f 1259 1277 1272
f 1261 1265 1271
f 1260 1269 1265
f 1260 1267 1269
f 352 1268 1267
f 353 1318 1268
f 1267 1268 1270
f 1265 1269 1278
f 1267 1270 1269
f 1268 1328 1270
f 1263 1276 1274
f 1264 1273 1280
f 1263 1275 1276
f 1266 1281 1277
f 1277 1295 1272
f 1266 1280 1281
f 1272 1296 1275
f 1277 1281 1295
f 1272 1295 1296
f 1275 1298 1276
f 1250 1263 1274
f 1264 1280 1266
f 1262 1272 1275
f 1261 1271 1273
f 1271 1278 1282
f 1269 1279 1278
f 1270 1326 1279
f 1271 1297 1273
f 1271 1282 1297
f 1273 1299 1280
f 1280 1300 1281
f 1273 1297 1299
f 1278 1279 1301
f 1278 1301 1282
f 1279 1333 1301
f 1265 1278 1271
f 1269 1270 1279
f 1252 1253 1284
f 1252 1284 1283
f 1253 1254 1285
f 1253 1285 1284
f 1283 1284 1289
f 1284 1285 1290
f 1254 1255 1286
f 1254 1286 1285
f 1255 1256 1287
f 1255 1287 1286
f 1256 1293 1287
f 1285 1286 1291
f 1286 1287 1292
f 1283 1289 1288
f 1284 1290 1289
f 1288 1289 1459
f 1289 1290 1460
f 1285 1291 1290
f 1286 1292 1291
f 1287 1308 1292
f 1290 1291 1461
f 1291 1292 1462
f 1256 1274 1293
f 1274 1294 1293
f 1274 1276 1294
f 1275 1296 1298
f 1276 1302 1294
f 1287 1293 1308
f 1293 1294 1309
f 1276 1298 1302
f 1281 1303 1295
f 1280 1299 1300
f 1295 1305 1296
f 1281 1300 1303
f 1282 1301 1304
f 1282 1306 1297
f 1297 1307 1299
f 1282 1304 1306
f 1301 1335 1304
f 1296 1310 1298
f 1295 1303 1305
f 1296 1305 1310
f 1294 1302 1314
f 1298 1312 1302
f 1298 1310 1312
f 1299 1311 1300
f 1297 1306 1307
f 1300 1313 1303
f 1299 1307 1311
f 1304 1342 1306
f 1293 1309 1308
f 1294 1314 1309
f 1292 1308 1468
f 1308 1309 1469
f 1302 1315 1314
f 1302 1312 1315
f 1303 1316 1305
f 1300 1311 1313
f 1303 1313 1316
f 1305 1317 1310
f 1310 1531 1312
f 1305 1316 1317
f 1309 1314 1470
f 1314 1315 1471
f 1312 1532 1315
f 1310 1317 1531
f 1312 1531 1532
f 353 602 1318
f 602 1320 1318
f 602 1319 1320
f 1319 1323 1324
f 1319 1324 1320
f 1268 1318 1328
f 1318 1325 1328
f 1318 1320 1325
f 1320 1324 1330
f 1270 1328 1326
f 1328 1327 1326
f 1328 1325 1327
f 1325 1330 1332
f 1279 1326 1333
f 1325 1332 1327
f 1326 1327 1334
f 1320 1330 1325
f 1326 1334 1333
f 1301 1333 1335
f 1327 1332 1338
f 1327 1338 1334
f 1333 1334 1336
f 1333 1336 1335
f 1304 1335 1341
f 1334 1338 1340
f 1334 1340 1336
f 1335 1336 1343
f 1304 1341 1342
f 1306 1344 1307
f 1335 1343 1341
f 1307 1345 1311
f 1306 1342 1344
f 1336 1340 1348
f 1336 1348 1343
f 1311 1533 1313
f 1307 1344 1345
f 1311 1345 1533
f 1341 1537 1342
f 1313 1536 1316
f 1313 1533 1536
f 1316 1535 1317
f 1342 1538 1344
f 1341 1343 1346
f 1343 1348 1545
f 1341 1346 1537
f 1343 1545 1346
f 1349 1351 1350
f 747 748 1354
f 746 1353 1349
f 747 1354 1353
f 749 752 1359
f 748 1352 1358
f 749 1360 1352
f 748 1358 1354
f 1352 1360 1358
f 749 1359 1360
f 753 1361 752
f 753 1355 1361
f 751 1357 1356
f 750 1356 1355
f 752 1361 1359
f 1384 1362 1357
f 1349 1353 1351
f 1353 1354 1366
f 1354 1358 1367
f 1353 1366 1351
f 1354 1367 1366
f 1358 1368 1367
f 1358 1360 1368
f 1360 1359 1369
f 1361 1355 1371
f 1357 1373 1356
f 1356 1370 1355
f 1357 1362 1373
f 1361 1372 1359
f 1361 1371 1372
f 1355 1370 1371
f 1356 1373 1370
f 1350 1351 1364
f 1350 1364 1363
f 1351 1374 1364
f 1363 1364 1404
f 1363 1404 1365
f 1364 1374 1405
f 1364 1405 1404
f 1351 1366 1374
f 1360 1369 1368
f 1359 1372 1369
f 1366 1367 1375
f 1366 1375 1374
f 1367 1368 1376
f 1368 1369 1377
f 1373 1362 1381
f 1371 1370 1382
f 1372 1371 1383
f 1373 1380 1370
f 1373 1381 1380
f 1362 1379 1381
f 1367 1376 1375
f 1369 1372 1378
f 1368 1377 1376
f 1369 1378 1377
f 1378 1372 1383
f 1374 1375 1410
f 1374 1410 1405
f 1375 1376 1411
f 1371 1382 1383
f 1370 1380 1382
f 1381 1379 1414
f 1381 1415 1380
f 764 1384 1357
f 1386 1388 1385
f 1385 1387 1384
f 1385 1388 1387
f 1384 1387 1362
f 1387 1388 1389
f 1387 1379 1362
f 1387 1389 1379
f 1389 1445 1379
f 1365 1404 1407
f 1365 1407 1406
f 1404 1405 1408
f 1404 1408 1407
f 1405 1409 1408
f 1406 1423 1422
f 1406 1407 1423
f 1407 1408 1424
f 1408 1409 1425
f 1375 1411 1410
f 1376 1412 1411
f 1376 1377 1412
f 1377 1378 1416
f 1378 1383 1417
f 1405 1410 1409
f 1410 1411 1418
f 1377 1416 1412
f 1378 1417 1416
f 1382 1420 1383
f 1380 1413 1382
f 1380 1415 1413
f 1379 1445 1414
f 1381 1414 1415
f 1383 1420 1417
f 1382 1413 1420
f 1411 1412 1419
f 1410 1418 1409
f 1411 1419 1418
f 1412 1416 1430
f 1412 1430 1419
f 1416 1417 1431
f 1420 1433 1417
f 1416 1431 1430
f 1413 1435 1420
f 1413 1415 1434
f 1414 1436 1415
f 1414 1445 1421
f 1413 1434 1435
f 1415 1436 1434
f 1414 1421 1436
f 1407 1424 1423
f 1408 1425 1424
f 1409 1432 1425
f 1422 1423 1427
f 1422 1427 1426
f 1423 1424 1428
f 1423 1428 1427
f 1424 1425 1429
f 1425 1432 1815
f 1424 1429 1428
f 1426 1427 1816
f 1427 1428 1817
f 1425 1815 1429
f 1409 1418 1432
f 1418 1419 1437
f 1419 1430 1438
f 1431 1417 1433
f 1418 1437 1432
f 1419 1438 1437
f 1430 1431 1439
f 1430 1439 1438
f 1431 1433 1440
f 1420 1435 1433
f 1436 1421 1441
f 1435 1444 1433
f 1435 1434 1442
f 1436 1443 1434
f 1432 1437 1826
f 1431 1440 1439
f 1433 1444 1440
f 1432 1826 1815
f 1437 1438 1827
f 1437 1827 1826
f 1438 1439 1828
f 1439 1440 1829
f 1434 1443 1442
f 1435 1442 1444
f 1436 1441 1443
f 1441 1831 1443
f 1288 1459 1458
f 1289 1460 1459
f 1458 1459 1464
f 1459 1460 1465
f 1290 1461 1460
f 1291 1462 1461
f 1292 1468 1462
f 1460 1461 1466
f 1461 1462 1467
f 1458 1464 1463
f 1459 1465 1464
f 1463 1464 1477
f 1463 1477 1476
f 1464 1465 1478
f 1464 1478 1477
f 1460 1466 1465
f 1461 1467 1466
f 1462 1472 1467
f 1465 1466 1479
f 1465 1479 1478
f 1466 1467 1480
f 1466 1480 1479
f 1467 1497 1480
f 1308 1469 1468
f 1309 1470 1469
f 1462 1468 1472
f 1468 1469 1473
f 1314 1471 1470
f 1315 1534 1471
f 1315 1532 1534
f 1469 1470 1474
f 1470 1471 1475
f 1471 1534 1581
f 1468 1473 1472
f 1469 1474 1473
f 1467 1472 1497
f 1472 1498 1497
f 1472 1473 1498
f 1473 1499 1498
f 1470 1475 1474
f 1471 1581 1475
f 1473 1474 1499
f 1474 1475 1500
f 1474 1500 1499
f 1475 1581 1729
f 1475 1729 1500
f 1476 1477 1483
f 1476 1483 1481
f 1477 1478 1484
f 1477 1484 1483
f 1478 1479 1485
f 1478 1485 1484
f 1479 1480 1486
f 1479 1486 1485
f 1480 1501 1486
f 1481 1483 1488
f 1481 1488 1487
f 1483 1484 1489
f 1483 1489 1488
f 1484 1485 1493
f 1484 1493 1489
f 1485 1486 1494
f 1485 1494 1493
f 1486 1505 1494
f 1487 1488 1491
f 1488 1489 1492
f 1487 1491 1490
f 1488 1492 1491
f 1489 1493 1495
f 1493 1494 1496
f 1489 1495 1492
f 1493 1496 1495
f 1494 1507 1496
f 1480 1497 1501
f 1497 1502 1501
f 1497 1498 1502
f 1498 1503 1502
f 1498 1499 1503
f 1499 1500 1504
f 1499 1504 1503
f 1500 1729 1774
f 1500 1774 1504
f 1486 1501 1505
f 1501 1506 1505
f 1501 1502 1506
f 1502 1509 1506
f 1502 1503 1509
f 1503 1504 1510
f 1503 1510 1509
f 1504 1774 1805
f 1504 1805 1510
f 1494 1505 1507
f 1505 1506 1508
f 1505 1508 1507
f 1506 1511 1508
f 1506 1509 1511
f 1509 1510 1512
f 1510 1805 1807
f 1509 1512 1511
f 1510 1807 1512
f 1490 1491 1514
f 1490 1514 1513
f 1491 1492 1515
f 1491 1515 1514
f 1513 1514 1519
f 1514 1515 1520
f 1492 1495 1516
f 1492 1516 1515
f 1495 1496 1517
f 1495 1517 1516
f 1496 1523 1517
f 1515 1516 1521
f 1516 1517 1522
f 1513 1519 1518
f 1514 1520 1519
f 1518 1519 3004
f 1519 1520 3005
f 1515 1521 1520
f 1516 1522 1521
f 1517 1527 1522
f 1520 1521 3006
f 1521 1522 3007
f 1496 1507 1523
f 1507 1524 1523
f 1507 1508 1524
f 1508 1525 1524
f 1517 1523 1527
f 1523 1524 1528
f 1508 1511 1525
f 1511 1512 1526
f 1511 1526 1525
f 1512 1807 1901
f 1512 1901 1526
f 1524 1525 1529
f 1525 1526 1530
f 1526 1901 1918
f 1523 1528 1527
f 1524 1529 1528
f 1522 1527 3018
f 1527 1528 3019
f 1525 1530 1529
f 1526 1918 1530
f 1528 1529 3020
f 1529 1530 3021
f 1530 1918 3060
f 1317 1539 1531
f 1344 1541 1345
f 1316 1536 1535
f 1531 1540 1532
f 1317 1535 1539
f 1345 1542 1533
f 1342 1537 1538
f 1344 1538 1541
f 1533 1543 1536
f 1345 1541 1542
f 1346 1560 1537
f 1346 1545 1547
f 1532 1582 1534
f 1531 1539 1540
f 1532 1540 1582
f 1534 1582 1584
f 1533 1542 1543
f 1536 1583 1535
f 1537 1588 1538
f 1346 1547 1560
f 1537 1560 1588
f 1535 1585 1539
f 1536 1543 1583
f 1538 1599 1541
f 1541 1602 1542
f 1547 1548 1560
f 1548 1549 1561
f 1549 1550 1562
f 1550 1551 1563
f 1551 1552 1564
f 1552 1553 1565
f 1553 1554 1566
f 1554 1555 1567
f 1555 1556 1568
f 1556 1557 1569
f 1557 1558 1570
f 1558 1559 1571
f 1559 1573 1571
f 1548 1561 1560
f 1549 1562 1561
f 1550 1563 1562
f 1551 1564 1563
f 1538 1588 1599
f 1560 1561 1588
f 1561 1562 1589
f 1562 1563 1590
f 1563 1564 1591
f 1552 1565 1564
f 1553 1566 1565
f 1554 1567 1566
f 1555 1568 1567
f 1556 1569 1568
f 1557 1570 1569
f 1558 1571 1570
f 1564 1565 1592
f 1565 1566 1593
f 1566 1567 1594
f 1567 1568 1595
f 1568 1569 1596
f 1569 1570 1597
f 1570 1571 1598
f 1573 1575 1571
f 1571 1575 1598
f 1573 1574 1575
f 1574 1576 1575
f 1575 1576 1637
f 1574 1577 1576
f 1576 1579 1638
f 1576 1577 1579
f 1579 1580 1641
f 1577 1578 1579
f 1578 1580 1579
f 1534 1584 1581
f 1539 1586 1540
f 1535 1583 1585
f 1539 1585 1586
f 1542 1620 1543
f 1540 1587 1582
f 1582 1731 1584
f 1543 1629 1583
f 1540 1586 1587
f 1581 1584 1730
f 1581 1730 1729
f 1587 1731 1582
f 1584 1732 1730
f 1584 1731 1732
f 1541 1599 1602
f 1561 1589 1588
f 1562 1590 1589
f 1563 1591 1590
f 1588 1589 1599
f 1589 1590 1600
f 1590 1591 1601
f 1589 1600 1599
f 1590 1601 1600
f 1564 1592 1591
f 1565 1593 1592
f 1566 1594 1593
f 1567 1595 1594
f 1568 1596 1595
f 1569 1597 1596
f 1570 1598 1597
f 1591 1592 1604
f 1592 1593 1605
f 1593 1594 1606
f 1594 1595 1607
f 1591 1604 1601
f 1592 1605 1604
f 1593 1606 1605
f 1594 1607 1606
f 1595 1608 1607
f 1595 1596 1608
f 1596 1597 1609
f 1597 1598 1610
f 1596 1609 1608
f 1597 1610 1609
f 1575 1637 1598
f 1598 1637 1610
f 1637 1618 1610
f 1542 1602 1620
f 1599 1600 1602
f 1600 1601 1603
f 1600 1603 1602
f 1601 1604 1611
f 1604 1605 1612
f 1605 1606 1613
f 1606 1607 1614
f 1607 1608 1615
f 1608 1609 1616
f 1609 1610 1617
f 1601 1611 1603
f 1604 1612 1611
f 1605 1613 1612
f 1606 1614 1613
f 1607 1615 1614
f 1608 1616 1615
f 1609 1617 1616
f 1610 1618 1617
f 1618 1619 1617
f 1583 1733 1585
f 1543 1620 1629
f 1602 1603 1620
f 1583 1629 1733
f 1603 1611 1621
f 1611 1612 1622
f 1612 1613 1623
f 1613 1614 1624
f 1603 1621 1620
f 1611 1622 1621
f 1612 1623 1622
f 1613 1624 1623
f 1614 1625 1624
f 1614 1615 1625
f 1615 1616 1626
f 1616 1617 1627
f 1615 1626 1625
f 1616 1627 1626
f 1617 1619 1627
f 1619 1628 1627
f 1585 1740 1586
f 1587 1586 1745
f 1585 1733 1740
f 1620 1621 1629
f 1621 1622 1630
f 1622 1623 1631
f 1623 1624 1632
f 1621 1630 1629
f 1622 1631 1630
f 1623 1632 1631
f 1624 1633 1632
f 1624 1625 1633
f 1625 1626 1634
f 1626 1627 1635
f 1627 1628 1635
f 1625 1634 1633
f 1626 1635 1634
f 1629 1630 1733
f 1630 1631 1734
f 1631 1632 1735
f 1632 1633 1736
f 1633 1634 1737
f 1634 1635 1738
f 1635 1636 1738
f 1628 1636 1635
f 1576 1638 1637
f 1637 1638 1618
f 1618 1638 1639
f 1638 1641 1639
f 1618 1639 1619
f 1639 1640 1619
f 1639 1643 1640
f 1640 1643 1647
f 1579 1641 1638
f 1639 1641 1643
f 1641 1642 1643
f 1580 1642 1641
f 1642 1644 1643
f 1647 1643 1644
f 1647 1644 1649
f 1619 1640 1628
f 1628 1640 1645
f 1640 1647 1645
f 1647 1648 1645
f 1628 1645 1636
f 1645 1646 1636
f 1636 1646 1739
f 1645 1648 1646
f 1648 1651 1646
f 1646 1651 1759
f 1647 1649 1648
f 1649 1671 1650
f 1648 1649 1650
f 1648 1650 1651
f 1651 1652 1761
f 1651 1650 1652
f 1650 1672 1652
f 1652 1673 1762
f 1578 1653 1580
f 1653 1654 1580
f 1580 1654 1642
f 1653 1655 1654
f 1654 1655 1657
f 1654 1657 1665
f 1655 1656 1657
f 1657 1658 1667
f 1656 1658 1657
f 1656 1659 1658
f 1658 1659 1660
f 1659 1661 1660
f 1660 1661 1662
f 1662 1661 1663
f 1662 1663 1664
f 1663 1819 1664
f 1654 1665 1642
f 1642 1665 1644
f 1644 1665 1666
f 1657 1667 1665
f 1665 1667 1666
f 1644 1666 1649
f 1666 1671 1649
f 1667 1669 1666
f 1666 1669 1671
f 1669 1675 1671
f 1667 1668 1669
f 1658 1668 1667
f 1658 1660 1668
f 1668 1681 1670
f 1669 1670 1675
f 1675 1670 1677
f 1669 1668 1670
f 1670 1683 1677
f 1650 1671 1672
f 1671 1675 1672
f 1675 1676 1672
f 1672 1673 1652
f 1672 1676 1673
f 1676 1674 1673
f 1673 1674 1778
f 1675 1677 1676
f 1676 1677 1678
f 1677 1689 1678
f 1678 1690 1679
f 1676 1678 1674
f 1678 1679 1674
f 1674 1679 1782
f 1679 1680 1782
f 1660 1681 1668
f 1660 1662 1681
f 1662 1682 1681
f 1681 1682 1683
f 1670 1681 1683
f 1683 1689 1677
f 1682 1684 1683
f 1683 1684 1689
f 1684 1686 1689
f 1662 1664 1682
f 1664 1685 1682
f 1682 1685 1684
f 1664 1820 1685
f 1837 1687 1685
f 1684 1685 1687
f 1684 1687 1686
f 1686 1688 1693
f 1687 1688 1686
f 1688 1840 1693
f 1678 1689 1690
f 1690 1691 1679
f 1689 1686 1690
f 1690 1686 1693
f 1690 1693 1691
f 1691 1694 1692
f 1691 1680 1679
f 1691 1692 1680
f 1680 1692 1793
f 1692 1696 1793
f 1691 1693 1694
f 1692 1694 1695
f 1840 1694 1693
f 1694 1846 1695
f 1692 1695 1696
f 1696 1697 1799
f 1696 1695 1697
f 1697 1849 1799
f 1729 1730 1775
f 1729 1775 1774
f 1730 1732 1776
f 1730 1776 1775
f 1587 1750 1731
f 1586 1740 1745
f 1630 1734 1733
f 1631 1735 1734
f 1632 1736 1735
f 1633 1737 1736
f 1634 1738 1737
f 1733 1734 1740
f 1734 1735 1741
f 1734 1741 1740
f 1735 1742 1741
f 1735 1736 1742
f 1736 1737 1743
f 1737 1738 1744
f 1736 1743 1742
f 1737 1744 1743
f 1738 1739 1744
f 1738 1636 1739
f 1744 1739 1749
f 1731 1755 1732
f 1587 1745 1750
f 1740 1741 1745
f 1741 1742 1746
f 1742 1743 1747
f 1743 1744 1748
f 1744 1749 1748
f 1741 1746 1745
f 1742 1747 1746
f 1743 1748 1747
f 1748 1749 1753
f 1731 1750 1755
f 1745 1746 1750
f 1746 1747 1751
f 1747 1748 1752
f 1748 1753 1752
f 1732 1755 1777
f 1746 1751 1750
f 1747 1752 1751
f 1753 1766 1754
f 1753 1754 1752
f 1732 1777 1776
f 1750 1751 1755
f 1751 1752 1756
f 1751 1756 1755
f 1752 1754 1756
f 1755 1756 1777
f 1756 1757 1777
f 1756 1754 1757
f 1754 1767 1757
f 1739 1646 1759
f 1739 1759 1749
f 1759 1760 1749
f 1651 1761 1759
f 1759 1761 1760
f 1761 1763 1760
f 1749 1760 1753
f 1753 1760 1766
f 1760 1763 1766
f 1763 1770 1766
f 1761 1762 1763
f 1761 1652 1762
f 1762 1778 1764
f 1763 1762 1764
f 1763 1764 1770
f 1770 1764 1765
f 1766 1767 1754
f 1766 1770 1767
f 1770 1771 1767
f 1767 1771 1768
f 1757 1767 1768
f 1757 1768 1758
f 1768 1769 1758
f 1768 1772 1769
f 1770 1765 1771
f 1771 1772 1768
f 1765 1788 1771
f 1788 1772 1771
f 1788 1789 1772
f 1772 1789 1773
f 1769 1772 1773
f 1769 1811 1758
f 1774 1775 1806
f 1774 1806 1805
f 1775 1776 1809
f 1775 1809 1806
f 1777 1757 1758
f 1776 1777 1810
f 1777 1758 1810
f 1776 1810 1809
f 1758 1811 1810
f 1762 1673 1778
f 1778 1779 1764
f 1778 1782 1779
f 1674 1782 1778
f 1779 1782 1783
f 1779 1783 1780
f 1764 1779 1765
f 1765 1779 1780
f 1765 1780 1788
f 1788 1780 1781
f 1781 1785 1789
f 1680 1783 1782
f 1780 1783 1784
f 1783 1793 1784
f 1680 1793 1783
f 1794 1786 1784
f 1780 1784 1781
f 1781 1784 1786
f 1781 1786 1785
f 1785 1787 1791
f 1785 1786 1787
f 1787 1796 1791
f 1788 1781 1789
f 1773 1789 1790
f 1785 1790 1789
f 1785 1791 1790
f 1769 1773 1792
f 1773 1790 1803
f 1769 1792 1811
f 1790 1791 1804
f 1773 1803 1792
f 1793 1794 1784
f 1794 1795 1786
f 1696 1794 1793
f 1794 1799 1795
f 1696 1799 1794
f 1795 1800 1797
f 1786 1795 1787
f 1787 1795 1797
f 1787 1797 1796
f 1797 1798 1796
f 1795 1799 1800
f 1797 1800 1801
f 1799 1849 1800
f 1800 1888 1801
f 1800 1849 1888
f 1889 1802 1801
f 1797 1801 1798
f 1798 1801 1802
f 1796 1798 1893
f 1796 1892 1791
f 1790 1804 1803
f 1791 1892 1804
f 1796 1893 1892
f 1803 1894 1792
f 1805 1806 1808
f 1806 1809 1812
f 1805 1808 1807
f 1806 1812 1808
f 1809 1810 1813
f 1810 1811 1813
f 1809 1813 1812
f 1811 1792 1903
f 1811 1903 1813
f 1792 1894 1903
f 1426 1816 1814
f 1427 1817 1816
f 1428 1429 1818
f 1428 1818 1817
f 1429 1815 1822
f 1814 1816 1824
f 1429 1822 1818
f 1815 1823 1822
f 1819 1821 1820
f 1664 1819 1820
f 1821 1824 1820
f 1820 1824 1837
f 1837 1824 1825
f 1814 1824 1821
f 1816 1817 1825
f 1816 1825 1824
f 1817 1818 1841
f 1818 1822 1842
f 1817 1841 1825
f 1822 1823 1843
f 1818 1842 1841
f 1822 1843 1842
f 1438 1828 1827
f 1440 1444 1830
f 1439 1829 1828
f 1440 1830 1829
f 1815 1826 1823
f 1826 1827 1832
f 1827 1828 1833
f 1830 1444 1835
f 1442 1835 1444
f 1443 1836 1442
f 1443 1831 1836
f 1442 1836 1835
f 1826 1832 1823
f 1827 1833 1832
f 1828 1834 1833
f 1828 1829 1834
f 1829 1830 1857
f 1830 1835 1858
f 1823 1832 1859
f 1829 1857 1834
f 1830 1858 1857
f 1836 1831 1862
f 1836 1861 1835
f 1835 1861 1858
f 1836 1862 1861
f 1820 1837 1685
f 1687 1838 1688
f 1837 1838 1687
f 1688 1838 1839
f 1837 1825 1838
f 1841 1839 1838
f 1688 1839 1840
f 1839 1844 1840
f 1840 1844 1846
f 1846 1844 1845
f 1825 1841 1838
f 1839 1842 1844
f 1841 1842 1839
f 1823 1859 1843
f 1842 1843 1844
f 1843 1845 1844
f 1843 1859 1845
f 1845 1859 1851
f 1859 1860 1851
f 1840 1846 1694
f 1695 1846 1847
f 1695 1847 1697
f 1847 1848 1697
f 1846 1845 1847
f 1847 1851 1848
f 1848 1849 1697
f 1850 1888 1849
f 1848 1850 1849
f 1850 1854 1888
f 1888 1854 1889
f 1889 1854 1855
f 1847 1845 1851
f 1848 1851 1852
f 1848 1852 1850
f 1850 1852 1853
f 1860 1852 1851
f 1852 1863 1853
f 1850 1853 1854
f 1856 1855 1854
f 1853 1856 1854
f 1855 1866 1891
f 1856 1866 1855
f 1891 1866 1867
f 1832 1833 1860
f 1833 1834 1863
f 1832 1860 1859
f 1834 1857 1864
f 1833 1863 1860
f 1834 1864 1863
f 1857 1858 1865
f 1857 1865 1864
f 1858 1861 1868
f 1862 1869 1861
f 1860 1863 1852
f 1853 1863 1864
f 1853 1864 1856
f 1864 1865 1856
f 1865 1858 1868
f 1856 1865 1866
f 1866 1868 1867
f 1865 1868 1866
f 1867 1868 1869
f 1861 1869 1868
f 1867 1869 1908
f 1869 1870 1908
f 1870 1871 1913
f 1888 1889 1801
f 1889 1890 1802
f 1889 1855 1890
f 1798 1802 1895
f 1798 1895 1893
f 1890 1855 1891
f 1890 1891 1896
f 1802 1890 1897
f 1802 1897 1895
f 1803 1804 1898
f 1803 1898 1894
f 1804 1892 1899
f 1893 1900 1892
f 1804 1899 1898
f 1891 1867 1907
f 1890 1896 1897
f 1891 1907 1896
f 1895 1897 1909
f 1892 1900 1899
f 1893 1895 1910
f 1898 1920 1894
f 1893 1910 1900
f 1898 1899 1911
f 1898 1911 1920
f 1807 1808 1902
f 1807 1902 1901
f 1808 1812 1904
f 1808 1904 1902
f 1901 1902 1919
f 1902 1904 1922
f 1812 1813 1905
f 1813 1903 1905
f 1812 1905 1904
f 1903 1894 1906
f 1903 1906 1905
f 1894 1920 1906
f 1904 1905 1923
f 1867 1908 1907
f 1897 1896 1912
f 1897 1912 1909
f 1907 1914 1896
f 1896 1914 1912
f 1895 1909 1910
f 1900 1915 1899
f 1899 1915 1911
f 1900 1910 1916
f 1909 1917 1910
f 1900 1916 1915
f 1870 1913 1908
f 1907 1908 3050
f 1907 3050 1914
f 1909 1912 3053
f 1908 1913 3050
f 1912 1914 3052
f 1910 1917 1916
f 1915 3062 1911
f 1909 3053 1917
f 1915 1916 3054
f 1901 1919 1918
f 1902 1922 1919
f 1918 1919 3061
f 1919 1922 3063
f 1905 1906 1923
f 1904 1923 1922
f 1906 1920 1921
f 1920 1911 1924
f 1906 1921 1923
f 1920 1924 1921
f 1911 3062 1924
f 1922 1923 3064
f 1923 1921 3064
f 2512 2511 2516
f 2512 2516 2517
f 2512 2517 2513
f 2513 2517 2518
f 2513 2518 2514
f 2514 2518 2519
f 2514 2519 2515
f 2515 2520 2521
f 2515 2519 2520
f 2517 2516 2529
f 2517 2530 2518
f 2517 2529 2530
f 2518 2530 2531
f 2518 2531 2519
f 2519 2535 2520
f 2520 2536 2525
f 2519 2531 2535
f 2520 2535 2536
f 2521 2525 2522
f 2520 2525 2521
f 2522 2526 2523
f 2522 2525 2526
f 2523 2527 2524
f 2523 2526 2527
f 2524 2527 2528
f 2524 2528 2556
f 2528 2574 2556
f 2525 2544 2526
f 2526 2545 2527
f 2525 2536 2544
f 2526 2544 2545
f 2527 2548 2528
f 2528 2549 2574
f 2527 2545 2548
f 2528 2548 2549
f 2549 2601 2574
f 2530 2529 2532
f 2530 2533 2531
f 2530 2532 2533
f 2531 2533 2534
f 2531 2534 2535
f 2535 2537 2536
f 2536 2538 2544
f 2535 2534 2537
f 2536 2537 2538
f 2533 2532 2539
f 2533 2540 2534
f 2533 2539 2540
f 2534 2540 2541
f 2534 2541 2537
f 2537 2542 2538
f 2538 2543 2546
f 2537 2541 2542
f 2538 2542 2543
f 2544 2546 2545
f 2545 2547 2548
f 2538 2546 2544
f 2545 2546 2547
f 2548 2550 2549
f 2549 2551 2601
f 2548 2547 2550
f 2549 2550 2551
f 2551 2603 2601
f 2546 2552 2547
f 2547 2553 2550
f 2546 2543 2552
f 2547 2552 2553
f 2550 2554 2551
f 2551 2555 2603
f 2550 2553 2554
f 2551 2554 2555
f 2603 2555 2623
f 2556 2574 2557
f 2557 2574 2575
f 2557 2575 2562
f 2562 2575 2576
f 700 2563 2564
f 703 2566 2558
f 701 2560 2565
f 704 2567 2559
f 703 2564 2566
f 2558 2568 2560
f 704 2565 2567
f 2559 2569 2561
f 2562 2576 2563
f 2563 2577 2564
f 2558 2566 2568
f 2560 2578 2565
f 2559 2567 2569
f 2563 2576 2577
f 2564 2579 2566
f 2564 2577 2579
f 2560 2568 2578
f 2565 2580 2567
f 2565 2578 2580
f 702 2561 2570
f 716 2573 718
f 718 2572 717
f 716 2570 2573
f 717 2572 2571
f 718 2573 2572
f 2561 2584 2570
f 2561 2569 2584
f 2570 2588 2573
f 2571 2572 2585
f 2572 2573 2587
f 2570 2584 2588
f 2571 2585 2586
f 2574 2601 2575
f 2575 2602 2576
f 2575 2601 2602
f 2576 2602 2605
f 2566 2581 2568
f 2566 2579 2581
f 2567 2582 2569
f 2567 2580 2582
f 2576 2605 2577
f 2568 2583 2578
f 2568 2581 2583
f 2578 2607 2580
f 2577 2606 2579
f 2577 2605 2606
f 2579 2609 2581
f 2578 2583 2607
f 2580 2608 2582
f 2579 2606 2609
f 2580 2607 2608
f 2581 2610 2583
f 2572 2587 2585
f 2573 2588 2587
f 2569 2589 2584
f 2569 2582 2589
f 2584 2592 2588
f 2585 2587 2590
f 2585 2594 2586
f 2588 2591 2587
f 2584 2589 2592
f 2587 2591 2590
f 2586 2594 2593
f 2585 2590 2594
f 2588 2592 2591
f 2582 2615 2589
f 2601 2603 2602
f 2602 2604 2605
f 2602 2603 2604
f 2605 2604 2612
f 2581 2609 2610
f 2583 2611 2607
f 2605 2612 2606
f 2606 2613 2609
f 2583 2610 2611
f 2607 2614 2608
f 2606 2612 2613
f 2609 2625 2610
f 2607 2611 2614
f 2609 2613 2625
f 2610 2626 2611
f 2610 2625 2626
f 2582 2608 2615
f 2590 2591 2619
f 2589 2621 2592
f 2591 2592 2620
f 2594 2590 2618
f 2594 2617 2593
f 2593 2617 2616
f 2594 2618 2617
f 2589 2615 2621
f 2591 2620 2619
f 2592 2621 2620
f 2590 2619 2618
f 2608 2629 2615
f 2616 2617 2631
f 2617 2618 2630
f 2618 2619 2632
f 2608 2614 2629
f 2615 2635 2621
f 2619 2620 2633
f 2621 2634 2620
f 2615 2629 2635
f 2617 2630 2631
f 2616 2631 2622
f 2618 2632 2630
f 2619 2633 2632
f 2603 2623 2604
f 2604 2624 2612
f 2604 2623 2624
f 2612 2624 2627
f 2612 2627 2613
f 2611 2636 2614
f 2611 2626 2636
f 2613 2628 2625
f 2613 2627 2628
f 2625 2718 2626
f 2625 2628 2718
f 2626 2722 2636
f 2626 2718 2722
f 2620 2634 2633
f 2621 2635 2634
f 2631 2637 2622
f 2614 2639 2629
f 2614 2636 2639
f 2629 2721 2635
f 2634 2643 2633
f 2632 2641 2630
f 2631 2630 2638
f 2632 2633 2642
f 2622 2637 2644
f 2631 2638 2637
f 2634 2635 2640
f 2629 2639 2721
f 2634 2640 2643
f 2632 2642 2641
f 2630 2641 2638
f 2633 2643 2642
f 2635 2721 2640
f 2636 2723 2639
f 2638 2724 2637
f 2638 2641 2725
f 2644 2637 2729
f 2540 2539 2651
f 2540 2651 2652
f 2540 2652 2541
f 2541 2652 2653
f 2541 2653 2542
f 2542 2653 2654
f 2542 2654 2543
f 2543 2655 2552
f 2543 2654 2655
f 2652 2651 2656
f 2652 2657 2653
f 2653 2658 2654
f 2654 2659 2655
f 2655 2660 2661
f 2652 2656 2657
f 2653 2657 2658
f 2657 2656 2670
f 2657 2671 2658
f 2654 2658 2659
f 2655 2659 2660
f 2658 2672 2659
f 2659 2674 2660
f 2660 2675 2665
f 2552 2661 2553
f 2655 2661 2552
f 2553 2662 2554
f 2553 2661 2662
f 2554 2663 2555
f 2554 2662 2663
f 2555 2663 2664
f 2555 2664 2623
f 2664 2716 2623
f 2661 2665 2662
f 2662 2666 2663
f 2663 2667 2664
f 2664 2668 2716
f 2661 2660 2665
f 2662 2665 2666
f 2665 2681 2666
f 2666 2682 2667
f 2663 2666 2667
f 2664 2667 2668
f 2668 2738 2716
f 2667 2683 2668
f 2668 2684 2738
f 2657 2670 2671
f 2658 2671 2672
f 2671 2670 2673
f 2671 2673 2676
f 2671 2677 2672
f 2659 2672 2674
f 2660 2674 2675
f 2672 2678 2674
f 2674 2679 2675
f 2675 2680 2681
f 2671 2676 2677
f 2672 2677 2678
f 2676 2689 2677
f 2677 2689 2690
f 2677 2690 2678
f 2678 2690 2691
f 2678 2679 2674
f 2675 2679 2680
f 2678 2691 2679
f 2679 2691 2692
f 2679 2692 2680
f 2680 2693 2685
f 2680 2692 2693
f 2675 2681 2665
f 2666 2681 2682
f 2681 2685 2682
f 2682 2686 2683
f 2667 2682 2683
f 2668 2683 2684
f 2684 2768 2738
f 2683 2687 2684
f 2684 2688 2768
f 2680 2685 2681
f 2682 2685 2686
f 2685 2704 2686
f 2685 2693 2704
f 2686 2705 2687
f 2686 2704 2705
f 2686 2687 2683
f 2684 2687 2688
f 2688 2792 2768
f 2687 2706 2688
f 2687 2705 2706
f 2688 2706 2707
f 2688 2707 2792
f 2707 2831 2792
f 2689 2694 2690
f 2690 2695 2691
f 2690 2694 2695
f 2691 2695 2696
f 2691 2696 2692
f 2692 2700 2693
f 2693 2701 2704
f 2692 2696 2700
f 2693 2700 2701
f 2694 2697 2695
f 2695 2698 2696
f 2695 2697 2698
f 2696 2698 2699
f 2696 2699 2700
f 2700 2702 2701
f 2701 2703 2708
f 2700 2699 2702
f 2701 2702 2703
f 2704 2708 2705
f 2705 2709 2706
f 2701 2708 2704
f 2705 2708 2709
f 2706 2712 2707
f 2707 2713 2831
f 2706 2709 2712
f 2707 2712 2713
f 2713 2841 2831
f 2708 2710 2709
f 2709 2711 2712
f 2708 2703 2710
f 2709 2710 2711
f 2712 2714 2713
f 2713 2715 2841
f 2712 2711 2714
f 2713 2714 2715
f 2841 2715 2843
f 2623 2716 2624
f 2624 2716 2717
f 2624 2717 2627
f 2627 2717 2719
f 2627 2719 2628
f 2628 2720 2718
f 2628 2719 2720
f 2718 2720 2733
f 2716 2738 2717
f 2717 2739 2719
f 2636 2722 2723
f 2639 2731 2721
f 2640 2721 2730
f 2642 2727 2641
f 2642 2643 2726
f 2637 2724 2729
f 2640 2732 2643
f 2638 2725 2724
f 2641 2727 2725
f 2639 2723 2731
f 2640 2730 2732
f 2718 2733 2722
f 2721 2731 2730
f 2642 2726 2727
f 2643 2732 2726
f 2644 2729 2728
f 2728 2729 2734
f 2724 2736 2729
f 2722 2740 2723
f 2724 2725 2737
f 2727 2741 2725
f 2732 2743 2726
f 2727 2726 2742
f 2719 2749 2720
f 2722 2733 2740
f 2723 2745 2731
f 2731 2746 2730
f 2723 2740 2745
f 2732 2730 2744
f 2725 2741 2737
f 2727 2742 2741
f 2726 2743 2742
f 2732 2744 2743
f 2728 2734 2735
f 2729 2736 2734
f 2724 2737 2736
f 2717 2738 2739
f 2719 2739 2749
f 2738 2768 2739
f 2739 2769 2749
f 2720 2750 2733
f 2731 2745 2746
f 2730 2746 2744
f 2720 2749 2750
f 2733 2752 2740
f 2733 2750 2752
f 2742 2751 2741
f 2742 2743 2753
f 2743 2744 2754
f 2744 2746 2755
f 2741 2751 2759
f 2736 2758 2734
f 2735 2734 2748
f 2736 2737 2757
f 2737 2741 2759
f 2735 2748 2747
f 2736 2757 2758
f 2734 2758 2748
f 2737 2759 2757
f 2740 2770 2745
f 2740 2752 2770
f 2745 2756 2746
f 2742 2753 2751
f 2743 2754 2753
f 2744 2755 2754
f 2746 2756 2755
f 2749 2771 2750
f 2745 2770 2756
f 2750 2772 2752
f 2751 2753 2780
f 2747 2748 2777
f 2748 2758 2774
f 2757 2759 2778
f 2757 2775 2758
f 2759 2751 2779
f 2748 2774 2777
f 2758 2775 2774
f 2747 2777 2776
f 2739 2768 2769
f 2749 2769 2771
f 2768 2792 2769
f 2769 2793 2771
f 2750 2771 2772
f 2752 2784 2770
f 2754 2773 2753
f 2754 2755 2782
f 2755 2756 2781
f 2756 2770 2783
f 2753 2773 2780
f 2752 2772 2784
f 2754 2782 2773
f 2755 2781 2782
f 2756 2783 2781
f 2770 2784 2783
f 2757 2778 2775
f 2759 2779 2778
f 2751 2780 2779
f 2774 2775 2788
f 2775 2778 2789
f 2777 2786 2776
f 2777 2774 2787
f 2776 2786 2785
f 2777 2787 2786
f 2773 2782 2800
f 2781 2794 2782
f 2771 2796 2772
f 2783 2795 2781
f 2772 2798 2784
f 2783 2784 2797
f 2782 2794 2800
f 2781 2795 2794
f 2779 2780 2790
f 2779 2791 2778
f 2780 2773 2799
f 2774 2788 2787
f 2775 2789 2788
f 2779 2790 2791
f 2778 2791 2789
f 2780 2799 2790
f 2773 2800 2799
f 2788 2789 2803
f 2789 2791 2805
f 2790 2804 2791
f 2790 2799 2806
f 2769 2792 2793
f 2771 2793 2796
f 2792 2831 2793
f 2793 2831 2832
f 2793 2832 2796
f 2796 2832 2833
f 2796 2798 2772
f 2783 2797 2795
f 2784 2798 2797
f 2800 2794 2834
f 2795 2835 2794
f 2795 2797 2837
f 2800 2807 2799
f 2794 2835 2834
f 2797 2836 2837
f 2795 2837 2835
f 2796 2833 2798
f 2798 2836 2797
f 2798 2838 2836
f 2798 2833 2838
f 2785 2786 2808
f 2786 2787 2809
f 2788 2810 2787
f 2788 2803 2810
f 2786 2809 2808
f 2787 2810 2809
f 2789 2805 2803
f 2791 2804 2805
f 2790 2806 2804
f 2799 2807 2806
f 2803 2817 2810
f 2803 2805 2818
f 2809 2815 2808
f 2809 2810 2814
f 2803 2818 2817
f 2805 2820 2818
f 2804 2806 2819
f 2805 2804 2820
f 2806 2807 2821
f 2807 2834 2811
f 2834 2812 2811
f 2804 2819 2820
f 2806 2821 2819
f 2807 2811 2821
f 3198 2815 2814
f 2817 3199 2814
f 2817 2816 3199
f 3198 2814 3199
f 2809 2814 2815
f 2810 2817 2814
f 2817 2818 2816
f 2818 2820 2823
f 2820 2819 2822
f 2821 2824 2819
f 2811 2812 2826
f 2812 2813 2827
f 2839 2828 2813
f 2821 2811 2825
f 2811 2826 2825
f 2812 2827 2826
f 2813 2828 2827
f 2839 2829 2828
f 2818 2823 2816
f 2820 2822 2823
f 2819 2824 2822
f 2821 2825 2824
f 2825 2826 3204
f 2827 3205 2826
f 2827 2828 3206
f 2828 2829 3209
f 2831 2841 2832
f 2832 2842 2833
f 2832 2841 2842
f 2833 2842 2845
f 2800 2834 2807
f 2833 2845 2838
f 2834 2835 2812
f 2837 2813 2835
f 2837 2836 2839
f 2836 2838 2840
f 2835 2813 2812
f 2837 2839 2813
f 2836 2840 2839
f 2838 2845 2846
f 2838 2846 2840
f 2841 2843 2842
f 2842 2844 2845
f 2842 2843 2844
f 2845 2844 2847
f 2839 2840 2829
f 2845 2847 2846
f 2840 2846 2830
f 2840 2830 2829
f 2846 2847 2848
f 2846 2848 2830
f 1518 3004 3003
f 1519 3005 3004
f 3003 3004 3009
f 3003 3009 3008
f 3004 3005 3010
f 3004 3010 3009
f 1520 3006 3005
f 1521 3007 3006
f 1522 3018 3007
f 3005 3006 3014
f 3005 3014 3010
f 3006 3007 3015
f 3006 3015 3014
f 3007 3022 3015
f 3008 3009 3012
f 3009 3010 3013
f 3008 3012 3011
f 3009 3013 3012
f 3010 3014 3016
f 3014 3015 3017
f 3010 3016 3013
f 3014 3017 3016
f 3015 3024 3017
f 1527 3019 3018
f 1528 3020 3019
f 3007 3018 3022
f 3018 3023 3022
f 3018 3019 3023
f 3019 3026 3023
f 1529 3021 3020
f 1530 3060 3021
f 3019 3020 3026
f 3020 3021 3027
f 3020 3027 3026
f 3021 3060 3083
f 3021 3083 3027
f 3015 3022 3024
f 3022 3023 3025
f 3022 3025 3024
f 3023 3028 3025
f 3023 3026 3028
f 3026 3027 3029
f 3027 3083 3085
f 3026 3029 3028
f 3027 3085 3029
f 3011 3012 3031
f 3011 3031 3030
f 3012 3013 3032
f 3012 3032 3031
f 3013 3016 3033
f 3013 3033 3032
f 3016 3017 3034
f 3016 3034 3033
f 3017 3040 3034
f 3030 3031 3036
f 3030 3036 3035
f 3031 3032 3037
f 3031 3037 3036
f 3035 3036 3276
f 3036 3037 3277
f 3032 3033 3038
f 3032 3038 3037
f 3033 3034 3039
f 3033 3039 3038
f 3034 3044 3039
f 3037 3038 3278
f 3038 3039 3279
f 3017 3024 3040
f 3024 3041 3040
f 3024 3025 3041
f 3025 3042 3041
f 3025 3028 3042
f 3028 3029 3043
f 3028 3043 3042
f 3029 3085 3114
f 3029 3114 3043
f 3034 3040 3044
f 3040 3045 3044
f 3040 3041 3045
f 3041 3046 3045
f 3039 3044 3290
f 3044 3045 3291
f 3041 3042 3046
f 3042 3043 3047
f 3042 3047 3046
f 3043 3114 3133
f 3043 3133 3047
f 3045 3046 3292
f 3046 3047 3293
f 3047 3133 3365
f 1871 3055 1913
f 1913 3056 3050
f 1912 3052 3053
f 1914 3050 3057
f 1871 3051 3055
f 1913 3055 3056
f 1914 3057 3052
f 3050 3056 3057
f 1916 1917 3058
f 1915 3054 3062
f 1916 3058 3054
f 1917 3053 3059
f 1917 3059 3058
f 3062 3054 3067
f 3051 3069 3055
f 3055 3070 3056
f 3052 3057 3073
f 3051 3068 3069
f 3055 3069 3070
f 3056 3071 3057
f 3056 3070 3071
f 3057 3071 3073
f 3052 3072 3053
f 3053 3072 3059
f 3058 3074 3054
f 3052 3073 3072
f 3054 3074 3067
f 3058 3059 3075
f 1918 3061 3060
f 1919 3063 3061
f 3060 3061 3084
f 3060 3084 3083
f 3061 3063 3087
f 3061 3087 3084
f 1921 1924 3065
f 1922 3064 3063
f 1921 3065 3064
f 3062 3066 1924
f 1924 3066 3065
f 3062 3067 3066
f 3063 3064 3088
f 3065 3088 3064
f 3063 3088 3087
f 3065 3066 3089
f 3068 3077 3069
f 3068 3076 3077
f 3069 3078 3070
f 3070 3079 3071
f 3069 3077 3078
f 3059 3072 3080
f 3058 3075 3074
f 3073 3082 3072
f 3071 3081 3073
f 3072 3082 3080
f 3059 3080 3075
f 3070 3078 3079
f 3071 3079 3081
f 3076 3100 3077
f 3076 3099 3100
f 3077 3101 3078
f 3078 3103 3079
f 3073 3081 3082
f 3075 3092 3074
f 3075 3080 3102
f 3079 3104 3081
f 3081 3105 3082
f 3075 3102 3092
f 3082 3106 3080
f 3083 3084 3086
f 3084 3087 3093
f 3083 3086 3085
f 3084 3093 3086
f 3066 3067 3090
f 3065 3089 3088
f 3066 3090 3089
f 3067 3074 3091
f 3067 3091 3090
f 3087 3088 3094
f 3088 3089 3094
f 3074 3092 3091
f 3087 3094 3093
f 3090 3116 3089
f 3090 3091 3117
f 3089 3116 3094
f 3077 3100 3101
f 3078 3101 3103
f 3099 3108 3100
f 3100 3109 3101
f 3079 3103 3104
f 3081 3104 3105
f 3080 3106 3102
f 3082 3105 3106
f 3101 3110 3103
f 3099 3107 3108
f 3100 3108 3109
f 3101 3109 3110
f 3107 3124 3108
f 3108 3125 3109
f 3103 3111 3104
f 3104 3112 3105
f 3103 3110 3111
f 3104 3111 3112
f 3105 3113 3106
f 3106 3135 3102
f 3105 3112 3113
f 3106 3113 3135
f 3085 3086 3115
f 3085 3115 3114
f 3086 3093 3120
f 3086 3120 3115
f 3091 3092 3118
f 3091 3118 3117
f 3090 3117 3116
f 3092 3102 3119
f 3092 3119 3118
f 3093 3094 3121
f 3093 3121 3120
f 3094 3116 3121
f 3102 3135 3119
f 3116 3117 3122
f 3117 3118 3136
f 3118 3119 3137
f 3117 3136 3122
f 3116 3122 3121
f 3107 3123 3124
f 3108 3124 3125
f 3109 3126 3110
f 3110 3127 3111
f 3109 3125 3126
f 3110 3126 3127
f 3111 3128 3112
f 3112 3138 3113
f 3111 3127 3128
f 3112 3128 3138
f 3123 3130 3124
f 3123 3129 3130
f 3124 3130 3131
f 3124 3131 3125
f 3125 3132 3126
f 3126 3358 3127
f 3127 3359 3128
f 3128 3367 3138
f 3125 3131 3132
f 3126 3132 3358
f 3127 3358 3359
f 3128 3359 3367
f 3114 3115 3134
f 3114 3134 3133
f 3115 3120 3141
f 3115 3141 3134
f 3133 3134 3366
f 3134 3141 3371
f 3113 3139 3135
f 3135 3140 3119
f 3118 3137 3136
f 3113 3138 3139
f 3119 3140 3137
f 3135 3139 3140
f 3120 3121 3142
f 3121 3122 3142
f 3120 3142 3141
f 3122 3136 3143
f 3122 3143 3142
f 3138 3368 3139
f 3136 3137 3144
f 3137 3140 3370
f 3139 3369 3140
f 3138 3367 3368
f 3139 3368 3369
f 3137 3370 3144
f 3140 3369 3370
f 3136 3144 3143
f 3141 3142 3372
f 3143 3372 3142
f 2697 3153 2698
f 2698 3154 2699
f 2698 3153 3154
f 2699 3154 3155
f 2699 3155 2702
f 2702 3156 2703
f 2703 3157 2710
f 2702 3155 3156
f 2703 3156 3157
f 3153 3158 3154
f 3154 3158 3159
f 3154 3159 3155
f 3155 3159 3160
f 3158 3171 3159
f 3155 3160 3156
f 3156 3160 3161
f 3156 3161 3157
f 3157 3162 3163
f 3157 3161 3162
f 2710 3163 2711
f 2711 3164 2714
f 2710 3157 3163
f 2711 3163 3164
f 2714 3165 2715
f 2715 3166 2843
f 2714 3164 3165
f 2715 3165 3166
f 3166 3196 2843
f 3163 3167 3164
f 3162 3167 3163
f 3164 3168 3165
f 3164 3167 3168
f 3165 3169 3166
f 3165 3168 3169
f 3166 3169 3170
f 3166 3170 3196
f 3170 3214 3196
f 3159 3171 3172
f 3160 3172 3173
f 3159 3172 3160
f 3172 3171 3176
f 3172 3176 3173
f 3161 3173 3174
f 3160 3173 3161
f 3162 3174 3175
f 3161 3174 3162
f 3162 3175 3167
f 3173 3177 3174
f 3174 3178 3175
f 3175 3179 3180
f 3176 3171 3302
f 3173 3176 3177
f 3176 3302 3177
f 3174 3177 3178
f 3175 3178 3179
f 3177 3303 3178
f 3178 3304 3179
f 3179 3305 3184
f 3167 3175 3180
f 3167 3180 3168
f 3168 3180 3181
f 3168 3181 3169
f 3180 3184 3181
f 3181 3185 3182
f 3169 3181 3182
f 3170 3182 3183
f 3169 3182 3170
f 3214 3183 3238
f 3170 3183 3214
f 3182 3186 3183
f 3183 3187 3238
f 3179 3184 3180
f 3181 3184 3185
f 3184 3310 3185
f 3185 3311 3186
f 3182 3185 3186
f 3183 3186 3187
f 3187 3259 3238
f 3186 3312 3187
f 3187 3313 3259
f 3188 3247 3189
f 3247 3190 3189
f 3265 3337 3190
f 3189 3190 3338
f 2843 3196 2844
f 2844 3197 2847
f 2844 3196 3197
f 2847 3197 3211
f 2816 3200 3199
f 3201 2816 2823
f 3198 3199 3203
f 3201 3200 2816
f 3201 2823 3202
f 3199 3200 3203
f 3201 3216 3200
f 3201 3202 3218
f 3207 3217 3202
f 3207 3208 3219
f 2822 2824 3207
f 2822 3202 2823
f 2825 3208 2824
f 2826 3205 3204
f 2822 3207 3202
f 2824 3208 3207
f 2825 3204 3208
f 2827 3206 3205
f 2828 3209 3206
f 2829 2830 3210
f 2830 2848 3212
f 2847 3211 2848
f 2829 3210 3209
f 2830 3212 3210
f 3204 3205 3224
f 3206 3225 3205
f 3206 3209 3226
f 3204 3220 3208
f 3204 3224 3220
f 3205 3225 3224
f 3206 3226 3225
f 2848 3211 3213
f 2848 3213 3212
f 3209 3210 3227
f 3210 3212 3228
f 3196 3214 3197
f 3197 3214 3215
f 3197 3215 3211
f 3211 3215 3230
f 3200 3216 3221
f 3203 3200 3221
f 3201 3218 3216
f 3202 3217 3218
f 3207 3219 3217
f 3208 3220 3219
f 3222 3220 3224
f 3221 3216 3240
f 3218 3241 3216
f 3216 3241 3240
f 3218 3242 3241
f 3217 3219 3243
f 3218 3217 3242
f 3244 3219 3220
f 3222 3224 3223
f 3217 3243 3242
f 3243 3219 3244
f 3244 3220 3222
f 3209 3227 3226
f 3210 3228 3227
f 3224 3225 3223
f 3211 3230 3213
f 3212 3213 3229
f 3212 3229 3228
f 3213 3230 3231
f 3213 3231 3229
f 3225 3226 3245
f 3225 3245 3223
f 3226 3227 3253
f 3227 3228 3254
f 3226 3253 3245
f 3227 3254 3253
f 3228 3229 3255
f 3229 3231 3257
f 3215 3238 3239
f 3214 3238 3215
f 3230 3239 3256
f 3215 3239 3230
f 3238 3259 3239
f 3239 3260 3256
f 3240 3241 3188
f 3242 3243 3246
f 3242 3247 3241
f 3222 3223 3250
f 3244 3222 3249
f 3243 3244 3248
f 3222 3250 3249
f 3223 3251 3250
f 3223 3245 3251
f 3245 3253 3252
f 3241 3247 3188
f 3242 3246 3247
f 3243 3248 3246
f 3244 3249 3248
f 3249 3250 3261
f 3245 3252 3251
f 3253 3254 3262
f 3252 3253 3262
f 3254 3263 3262
f 3228 3255 3254
f 3229 3257 3255
f 3231 3256 3258
f 3231 3258 3257
f 3230 3256 3231
f 3254 3255 3263
f 3256 3272 3258
f 3255 3257 3264
f 3257 3258 3271
f 3255 3264 3263
f 3239 3259 3260
f 3256 3260 3272
f 3259 3424 3260
f 3260 3425 3272
f 3246 3248 3265
f 3246 3190 3247
f 3249 3266 3248
f 3246 3265 3190
f 3248 3266 3265
f 3249 3261 3266
f 3250 3267 3261
f 3251 3268 3267
f 3250 3251 3267
f 3251 3252 3268
f 3252 3262 3269
f 3262 3263 3270
f 3265 3266 3339
f 3261 3340 3266
f 3261 3267 3426
f 3267 3268 3427
f 3252 3269 3268
f 3262 3270 3269
f 3263 3428 3270
f 3263 3264 3428
f 3264 3271 3429
f 3264 3429 3428
f 3271 3273 3431
f 3271 3431 3429
f 3257 3271 3264
f 3258 3272 3273
f 3258 3273 3271
f 3272 3430 3273
f 3035 3276 3275
f 3036 3277 3276
f 3275 3276 3281
f 3275 3281 3280
f 3276 3277 3282
f 3276 3282 3281
f 3037 3278 3277
f 3038 3279 3278
f 3039 3290 3279
f 3277 3278 3286
f 3277 3286 3282
f 3278 3279 3287
f 3278 3287 3286
f 3279 3294 3287
f 3280 3281 3284
f 3281 3282 3285
f 3280 3284 3283
f 3281 3285 3284
f 3282 3286 3288
f 3286 3287 3289
f 3282 3288 3285
f 3286 3289 3288
f 3287 3296 3289
f 3044 3291 3290
f 3045 3292 3291
f 3279 3290 3294
f 3290 3295 3294
f 3290 3291 3295
f 3291 3298 3295
f 3046 3293 3292
f 3047 3365 3293
f 3291 3292 3298
f 3292 3293 3299
f 3292 3299 3298
f 3293 3365 3395
f 3293 3395 3299
f 3287 3294 3296
f 3294 3295 3297
f 3294 3297 3296
f 3295 3300 3297
f 3295 3298 3300
f 3298 3299 3301
f 3299 3395 3397
f 3298 3301 3300
f 3299 3397 3301
f 3302 3171 3306
f 3177 3302 3303
f 3306 3171 3318
f 3302 3306 3303
f 3178 3303 3304
f 3179 3304 3305
f 3303 3307 3304
f 3304 3308 3305
f 3305 3309 3310
f 3318 3171 3322
f 3303 3306 3307
f 3306 3318 3307
f 3307 3318 3319
f 3304 3307 3308
f 3305 3308 3309
f 3307 3319 3308
f 3308 3319 3320
f 3308 3320 3309
f 3309 3321 3314
f 3309 3320 3321
f 3184 3305 3310
f 3185 3310 3311
f 3310 3314 3311
f 3311 3315 3312
f 3186 3311 3312
f 3187 3312 3313
f 3313 3424 3259
f 3312 3316 3313
f 3313 3317 3424
f 3310 3309 3314
f 3311 3314 3315
f 3314 3329 3315
f 3321 3329 3314
f 3315 3330 3316
f 3315 3329 3330
f 3312 3315 3316
f 3313 3316 3317
f 3424 3317 3437
f 3316 3331 3317
f 3316 3330 3331
f 3317 3331 3332
f 3317 3332 3437
f 3332 3447 3437
f 3318 3322 3323
f 3318 3323 3324
f 3318 3324 3319
f 3319 3324 3325
f 3319 3325 3320
f 3320 3325 3327
f 3320 3327 3321
f 3321 3328 3329
f 3321 3327 3328
f 3323 3283 3324
f 3324 3284 3325
f 3324 3283 3284
f 3325 3284 3285
f 3325 3285 3327
f 3327 3288 3328
f 3328 3289 3333
f 3327 3285 3288
f 3328 3288 3289
f 3329 3333 3330
f 3329 3328 3333
f 3330 3334 3331
f 3330 3333 3334
f 3331 3335 3332
f 3331 3334 3335
f 3332 3335 3336
f 3332 3336 3447
f 3336 3454 3447
f 3333 3296 3334
f 3334 3297 3335
f 3289 3296 3333
f 3334 3296 3297
f 3335 3300 3336
f 3336 3301 3454
f 3335 3297 3300
f 3336 3300 3301
f 3301 3397 3454
f 3265 3339 3337
f 3190 3337 3338
f 3339 3342 3337
f 3338 3337 3341
f 3339 3340 3343
f 3340 3426 3344
f 3337 3342 3341
f 3339 3343 3342
f 3340 3344 3343
f 3426 3345 3344
f 3341 3342 3347
f 3427 3346 3345
f 3343 3348 3342
f 3343 3344 3349
f 3344 3345 3384
f 3342 3348 3347
f 3343 3349 3348
f 3344 3384 3349
f 3345 3346 3385
f 3346 3350 3386
f 3345 3385 3384
f 3346 3386 3385
f 3350 3443 3387
f 3129 3360 3130
f 3129 3357 3360
f 3130 3361 3131
f 3131 3362 3132
f 3132 3363 3358
f 3358 3373 3359
f 3130 3360 3361
f 3131 3361 3362
f 3132 3362 3363
f 3358 3363 3373
f 3357 3380 3360
f 3360 3381 3361
f 3361 3382 3362
f 3357 3364 3380
f 3360 3380 3381
f 3362 3383 3363
f 3361 3381 3382
f 3362 3382 3383
f 3363 3383 3399
f 3133 3366 3365
f 3134 3371 3366
f 3365 3366 3396
f 3365 3396 3395
f 3366 3371 3403
f 3366 3403 3396
f 3359 3374 3367
f 3367 3375 3368
f 3359 3373 3374
f 3367 3374 3375
f 3368 3376 3369
f 3369 3377 3370
f 3143 3144 3378
f 3143 3378 3372
f 3141 3372 3371
f 3144 3370 3379
f 3144 3379 3378
f 3368 3375 3376
f 3369 3376 3377
f 3363 3399 3373
f 3373 3400 3374
f 3374 3401 3375
f 3375 3402 3376
f 3376 3405 3377
f 3370 3377 3379
f 3371 3372 3404
f 3372 3378 3404
f 3377 3406 3379
f 3379 3407 3378
f 3371 3404 3403
f 3364 3389 3380
f 3380 3390 3381
f 3364 3388 3389
f 3380 3389 3390
f 3381 3391 3382
f 3382 3408 3383
f 3381 3390 3391
f 3382 3391 3408
f 3348 3388 3347
f 3348 3349 3389
f 3348 3389 3388
f 3349 3384 3390
f 3349 3390 3389
f 3384 3385 3391
f 3350 3387 3386
f 3443 3392 3387
f 3385 3386 3408
f 3444 3393 3392
f 3384 3391 3390
f 3385 3408 3391
f 3386 3387 3409
f 3387 3392 3410
f 3386 3409 3408
f 3387 3410 3409
f 3392 3393 3411
f 3393 3394 3412
f 3395 3396 3398
f 3396 3403 3414
f 3395 3398 3397
f 3396 3414 3398
f 3373 3399 3400
f 3374 3400 3401
f 3375 3401 3402
f 3376 3402 3405
f 3383 3409 3399
f 3399 3410 3400
f 3400 3411 3401
f 3401 3412 3402
f 3377 3405 3406
f 3379 3406 3407
f 3378 3407 3404
f 3402 3413 3405
f 3403 3404 3417
f 3383 3408 3409
f 3399 3409 3410
f 3400 3410 3411
f 3401 3411 3412
f 3392 3411 3410
f 3393 3412 3411
f 3394 3452 3413
f 3394 3413 3412
f 3452 3415 3413
f 3405 3415 3406
f 3402 3412 3413
f 3405 3413 3415
f 3403 3417 3414
f 3406 3416 3407
f 3404 3407 3417
f 3406 3415 3416
f 3453 3416 3415
f 3407 3416 3417
f 3260 3424 3425
f 3272 3425 3430
f 3424 3437 3425
f 3425 3438 3430
f 3266 3340 3339
f 3261 3426 3340
f 3267 3427 3426
f 3268 3269 3433
f 3269 3270 3434
f 3268 3433 3427
f 3269 3434 3433
f 3273 3432 3431
f 3273 3430 3432
f 3270 3428 3435
f 3428 3429 3436
f 3426 3427 3345
f 3270 3435 3434
f 3428 3436 3435
f 3427 3433 3346
f 3433 3434 3350
f 3430 3441 3432
f 3429 3431 3439
f 3431 3432 3440
f 3429 3439 3436
f 3431 3440 3439
f 3432 3442 3440
f 3425 3437 3438
f 3430 3438 3441
f 3437 3447 3438
f 3438 3447 3448
f 3438 3448 3441
f 3441 3448 3449
f 3434 3435 3443
f 3433 3350 3346
f 3435 3436 3444
f 3434 3443 3350
f 3435 3444 3443
f 3436 3439 3445
f 3439 3440 3446
f 3432 3441 3442
f 3436 3445 3444
f 3439 3446 3445
f 3443 3444 3392
f 3440 3450 3446
f 3442 3451 3450
f 3441 3449 3442
f 3440 3442 3450
f 3442 3449 3451
f 3447 3454 3448
f 3448 3454 3455
f 3448 3455 3449
f 3449 3455 3456
f 3444 3445 3393
f 3445 3446 3394
f 3446 3450 3452
f 3445 3394 3393
f 3450 3451 3453
f 3449 3456 3451
f 3446 3452 3394
f 3450 3453 3452
f 3451 3456 3457
f 3451 3457 3453
f 3454 3397 3455
f 3455 3398 3456
f 3455 3397 3398
f 3456 3398 3414
f 3452 3453 3415
f 3456 3414 3457
f 3453 3457 3416
f 3457 3414 3417
f 3457 3417 3416
f 108 109 107
f 109 114 107
f 110 107 114
f 108 112 109
f 108 111 112
f 109 112 113
f 109 113 131
f 111 116 112
f 112 117 113
f 109 131 114
f 111 115 116
f 112 116 117
f 113 117 118
f 113 118 135
f 115 120 116
f 116 121 117
f 117 122 118
f 115 119 120
f 116 120 121
f 117 121 122
f 118 122 123
f 118 123 137
f 113 135 131
f 118 137 135
f 119 125 120
f 120 126 121
f 121 127 122
f 122 128 123
f 119 124 125
f 120 125 126
f 121 126 127
f 122 127 128
f 123 128 129
f 123 129 214
f 123 214 137
f 110 114 132
f 110 132 130
f 114 131 136
f 114 136 132
f 130 132 134
f 130 134 133
f 132 140 134
f 131 135 138
f 131 138 136
f 135 137 139
f 135 139 138
f 132 136 140
f 136 138 141
f 136 141 140
f 138 139 218
f 138 218 141
f 108 107 143
f 143 107 146
f 146 107 151
f 108 143 111
f 143 148 111
f 111 148 115
f 143 146 148
f 148 146 149
f 148 149 154
f 151 107 1077
f 1077 107 1080
f 1080 107 1085
f 146 151 149
f 149 151 153
f 149 153 155
f 151 1077 153
f 153 1077 1082
f 153 1082 160
f 148 154 115
f 115 154 119
f 154 156 119
f 149 155 154
f 154 155 156
f 156 155 158
f 119 156 124
f 156 157 124
f 156 158 157
f 157 158 159
f 155 153 160
f 155 160 158
f 158 160 161
f 1082 1092 160
f 160 1092 161
f 161 1092 1094
f 158 161 159
f 159 161 162
f 161 1094 162
f 162 1094 1095
f 124 170 125
f 125 171 126
f 126 172 127
f 127 173 128
f 128 174 129
f 124 169 170
f 125 170 171
f 126 171 172
f 127 172 173
f 128 173 174
f 129 174 175
f 169 177 170
f 170 178 171
f 171 179 172
f 172 180 173
f 173 181 174
f 174 182 175
f 129 175 215
f 129 215 214
f 169 176 177
f 170 177 178
f 171 178 179
f 172 179 180
f 173 180 181
f 174 181 182
f 175 182 183
f 176 185 177
f 177 186 178
f 178 187 179
f 179 188 180
f 180 189 181
f 176 184 185
f 177 185 186
f 178 186 187
f 179 187 188
f 180 188 189
f 181 190 182
f 182 191 183
f 181 189 190
f 182 190 191
f 183 191 192
f 175 183 216
f 175 216 215
f 183 222 216
f 184 194 185
f 185 195 186
f 186 196 187
f 187 197 188
f 188 198 189
f 189 199 190
f 190 200 191
f 191 201 192
f 184 193 194
f 185 194 195
f 186 195 196
f 187 196 197
f 188 197 198
f 189 198 199
f 190 199 200
f 191 200 201
f 192 201 202
f 183 192 222
f 192 202 223
f 192 223 222
f 193 204 194
f 194 205 195
f 195 206 196
f 196 207 197
f 197 208 198
f 193 203 204
f 194 204 205
f 195 205 206
f 196 206 207
f 197 207 208
f 198 209 199
f 199 210 200
f 200 211 201
f 201 212 202
f 198 208 209
f 199 209 210
f 200 210 211
f 201 211 212
f 202 212 213
f 203 425 204
f 204 426 205
f 205 427 206
f 206 428 207
f 207 429 208
f 208 430 209
f 209 431 210
f 210 432 211
f 211 433 212
f 212 434 213
f 202 586 223
f 202 213 586
f 137 214 217
f 214 215 219
f 137 217 139
f 214 219 217
f 215 216 224
f 215 224 219
f 139 217 220
f 139 220 218
f 217 219 221
f 217 221 220
f 219 226 221
f 216 222 225
f 216 225 224
f 222 223 227
f 222 227 225
f 223 586 590
f 223 590 227
f 219 224 226
f 224 225 228
f 224 228 226
f 225 227 879
f 225 879 228
f 157 169 124
f 157 229 169
f 169 229 176
f 157 159 229
f 159 230 229
f 229 230 231
f 229 231 176
f 176 231 184
f 231 235 184
f 231 230 232
f 231 232 235
f 232 238 235
f 159 162 230
f 230 162 233
f 230 233 232
f 162 1095 233
f 1095 1141 233
f 233 1141 234
f 232 233 234
f 232 234 238
f 238 234 240
f 234 1141 1143
f 234 1143 240
f 1143 1151 240
f 184 235 193
f 235 236 193
f 235 238 236
f 236 238 239
f 193 236 203
f 236 237 203
f 237 424 203
f 236 239 237
f 237 239 242
f 237 242 598
f 238 240 239
f 239 240 241
f 240 1151 241
f 241 1151 1152
f 239 241 242
f 242 241 243
f 242 243 603
f 241 1152 243
f 243 1152 1155
f 243 1155 604
f 203 424 425
f 204 425 426
f 205 426 427
f 206 427 428
f 207 428 429
f 208 429 430
f 209 430 431
f 210 431 432
f 211 432 433
f 212 433 434
f 213 434 435
f 424 491 425
f 425 492 426
f 426 493 427
f 427 494 428
f 428 495 429
f 424 490 491
f 425 491 492
f 426 492 493
f 427 493 494
f 428 494 495
f 429 503 430
f 430 504 431
f 431 505 432
f 432 506 433
f 433 507 434
f 434 508 435
f 429 495 503
f 430 503 504
f 431 504 505
f 432 505 506
f 433 506 507
f 434 507 508
f 435 508 509
f 213 435 587
f 213 587 586
f 435 509 588
f 509 513 588
f 513 514 589
f 514 548 592
f 548 554 593
f 554 557 609
f 557 574 610
f 435 588 587
f 586 587 591
f 586 591 590
f 513 589 588
f 587 588 608
f 587 608 591
f 588 589 608
f 227 590 880
f 227 880 879
f 514 592 589
f 548 593 592
f 554 609 593
f 589 592 613
f 237 598 424
f 424 598 490
f 598 599 490
f 242 603 598
f 598 603 599
f 599 603 605
f 243 604 603
f 603 604 605
f 605 604 606
f 1155 1321 604
f 604 1321 606
f 606 1321 1323
f 574 582 611
f 582 607 612
f 590 882 880
f 590 591 882
f 591 608 888
f 591 888 882
f 589 613 608
f 592 614 613
f 592 593 614
f 593 609 615
f 593 615 614
f 557 610 609
f 574 611 610
f 582 612 611
f 609 610 616
f 610 611 617
f 609 616 615
f 610 617 616
f 611 612 618
f 611 618 617
f 608 613 888
f 613 889 888
f 613 614 889
f 614 615 891
f 614 891 889
f 615 616 892
f 615 892 891
f 616 893 892
f 616 617 893
f 617 618 894
f 617 894 893
f 607 725 765
f 725 726 766
f 726 727 767
f 727 728 768
f 728 733 769
f 733 739 775
f 739 746 776
f 607 765 612
f 725 766 765
f 726 767 766
f 612 765 770
f 765 766 771
f 612 770 618
f 765 771 770
f 766 767 772
f 766 772 771
f 727 768 767
f 728 769 768
f 767 768 773
f 767 773 772
f 768 769 774
f 768 774 773
f 733 775 769
f 769 775 777
f 769 777 774
f 618 770 928
f 770 771 929
f 618 928 894
f 770 929 928
f 771 772 930
f 771 930 929
f 772 773 934
f 772 934 930
f 773 774 936
f 773 936 934
f 774 944 936
f 739 776 775
f 775 778 777
f 746 1390 776
f 775 776 778
f 776 1392 778
f 774 777 944
f 777 946 944
f 777 778 946
f 778 2150 946
f 133 784 783
f 133 134 784
f 134 785 784
f 783 784 790
f 783 790 788
f 134 140 785
f 140 786 785
f 140 141 786
f 141 809 786
f 784 785 795
f 785 786 796
f 788 790 805
f 784 795 790
f 790 795 806
f 785 796 795
f 795 796 818
f 788 805 797
f 790 806 805
f 797 805 807
f 795 818 806
f 805 806 808
f 797 807 799
f 805 808 807
f 799 807 829
f 806 820 808
f 807 808 845
f 141 218 809
f 218 220 810
f 218 810 809
f 220 221 811
f 220 811 810
f 786 809 813
f 809 810 814
f 221 226 812
f 221 812 811
f 226 228 815
f 228 879 881
f 226 815 812
f 786 813 796
f 796 813 819
f 809 814 813
f 813 814 822
f 228 881 815
f 810 811 816
f 810 816 814
f 811 812 817
f 811 817 816
f 814 816 823
f 812 815 885
f 812 885 817
f 816 817 903
f 796 819 818
f 806 818 820
f 813 822 819
f 818 819 821
f 818 821 820
f 808 820 846
f 819 824 821
f 820 821 849
f 814 823 822
f 819 822 824
f 816 903 823
f 822 823 825
f 823 903 906
f 822 825 824
f 821 824 850
f 823 906 825
f 824 825 851
f 799 829 827
f 807 845 829
f 827 829 832
f 827 832 830
f 829 847 832
f 830 832 854
f 830 854 837
f 808 846 845
f 829 845 847
f 845 848 847
f 820 849 846
f 845 846 848
f 846 849 852
f 846 852 848
f 832 847 855
f 832 855 854
f 847 848 856
f 847 856 855
f 821 850 849
f 849 850 853
f 849 853 852
f 824 851 850
f 850 981 853
f 850 851 981
f 848 852 868
f 848 868 856
f 852 869 868
f 852 853 869
f 853 981 989
f 853 989 869
f 837 854 857
f 854 855 859
f 837 857 839
f 854 859 857
f 855 856 870
f 855 870 859
f 839 857 860
f 839 860 858
f 858 860 864
f 857 859 861
f 857 861 860
f 860 861 865
f 858 864 862
f 862 864 866
f 862 866 863
f 863 1993 1990
f 863 866 1993
f 860 865 864
f 864 865 867
f 864 867 866
f 866 1995 1993
f 866 867 1995
f 856 868 872
f 856 872 870
f 868 869 873
f 868 873 872
f 859 870 871
f 870 872 874
f 859 871 861
f 861 871 875
f 870 874 871
f 872 873 992
f 871 874 877
f 872 992 874
f 861 875 865
f 865 875 876
f 865 876 867
f 867 2005 1995
f 867 876 2005
f 876 875 878
f 876 2008 2005
f 871 877 875
f 875 877 878
f 874 996 877
f 876 878 2008
f 877 997 878
f 878 2215 2008
f 878 997 2215
f 879 880 883
f 879 883 881
f 880 882 884
f 880 884 883
f 815 881 886
f 815 886 885
f 881 883 887
f 881 887 886
f 883 884 899
f 883 899 887
f 882 888 890
f 888 889 890
f 889 891 895
f 882 890 884
f 889 895 890
f 891 892 896
f 892 893 897
f 893 894 898
f 891 896 895
f 892 897 896
f 893 898 897
f 884 890 900
f 890 895 900
f 884 900 899
f 895 896 901
f 896 897 902
f 897 898 938
f 895 901 900
f 896 902 901
f 897 938 902
f 817 885 904
f 817 904 903
f 885 886 905
f 885 905 904
f 903 904 907
f 886 909 905
f 886 887 909
f 904 905 908
f 903 907 906
f 825 906 979
f 904 908 907
f 905 913 908
f 906 907 980
f 907 908 983
f 887 899 910
f 887 910 909
f 899 911 910
f 905 909 913
f 909 910 914
f 899 900 911
f 900 901 911
f 901 902 912
f 901 912 911
f 902 957 912
f 909 914 913
f 908 913 984
f 910 911 915
f 910 915 914
f 911 912 915
f 913 914 985
f 914 915 1018
f 894 928 931
f 928 929 932
f 929 930 933
f 894 931 898
f 928 932 931
f 929 933 932
f 930 934 935
f 930 935 933
f 934 937 935
f 934 936 937
f 936 945 937
f 898 931 939
f 931 932 940
f 932 933 941
f 898 939 938
f 931 940 939
f 932 941 940
f 933 935 942
f 933 942 941
f 935 943 942
f 935 937 943
f 937 948 943
f 936 944 945
f 944 947 945
f 944 946 947
f 946 2151 947
f 937 945 948
f 945 949 948
f 945 947 949
f 902 938 957
f 938 939 958
f 938 958 957
f 939 940 959
f 940 941 960
f 939 959 958
f 940 960 959
f 941 942 961
f 941 961 960
f 942 962 961
f 942 943 962
f 943 969 962
f 912 957 963
f 957 958 964
f 912 963 915
f 957 964 963
f 958 959 965
f 959 960 966
f 958 965 964
f 959 966 965
f 915 963 1018
f 963 964 1019
f 964 965 1020
f 960 961 967
f 960 967 966
f 965 966 1021
f 961 962 968
f 961 968 967
f 966 967 1022
f 967 968 1028
f 943 948 969
f 948 949 970
f 948 970 969
f 962 969 971
f 962 971 968
f 968 971 1029
f 969 970 972
f 969 972 971
f 971 972 2271
f 825 979 851
f 851 979 982
f 851 982 981
f 906 980 979
f 907 983 980
f 979 980 986
f 979 986 982
f 981 982 990
f 981 990 989
f 982 986 1002
f 982 1002 990
f 908 984 983
f 980 983 987
f 980 987 986
f 983 984 988
f 983 988 987
f 913 985 984
f 914 1018 985
f 984 985 1023
f 986 1003 1002
f 986 987 1003
f 984 1023 988
f 987 988 1004
f 987 1004 1003
f 988 1023 1038
f 988 1038 1004
f 869 989 991
f 869 991 873
f 989 993 991
f 989 990 993
f 990 1002 1005
f 990 1005 993
f 873 991 994
f 873 994 992
f 874 992 996
f 991 993 995
f 991 995 994
f 993 1006 995
f 877 996 997
f 992 998 996
f 992 994 998
f 996 998 1000
f 997 2216 2215
f 996 1000 997
f 997 1000 2216
f 994 999 998
f 994 995 999
f 998 999 1001
f 998 1001 1000
f 1000 1001 2221
f 1002 1003 1007
f 1002 1007 1005
f 1003 1004 1008
f 1003 1008 1007
f 993 1005 1006
f 1005 1007 1009
f 1005 1009 1006
f 1007 1008 1043
f 1007 1043 1009
f 995 1010 999
f 995 1006 1010
f 999 1010 1011
f 1006 1012 1010
f 999 1011 1001
f 1001 1011 2230
f 1011 1010 1013
f 1006 1009 1012
f 1010 1012 1013
f 1009 1050 1012
f 1009 1043 1050
f 1012 1050 1052
f 1011 1013 2232
f 1012 1052 1013
f 1013 1052 2289
f 963 1019 1018
f 964 1020 1019
f 965 1021 1020
f 985 1018 1024
f 1018 1019 1024
f 1019 1020 1025
f 966 1022 1021
f 967 1028 1022
f 1020 1021 1026
f 1021 1022 1027
f 1028 1030 1022
f 985 1024 1023
f 1019 1025 1024
f 1023 1039 1038
f 1023 1024 1039
f 1024 1025 1039
f 1020 1026 1025
f 1021 1027 1026
f 1022 1030 1027
f 1025 1026 1040
f 1026 1027 1041
f 1025 1040 1039
f 1026 1041 1040
f 1027 1030 1048
f 1027 1048 1041
f 968 1029 1028
f 1028 1029 1031
f 971 2271 1029
f 1029 2271 2274
f 1028 1031 1030
f 1030 1031 1049
f 1030 1049 1048
f 1029 2274 1031
f 1031 2274 2287
f 1031 2287 1049
f 1004 1038 1042
f 1004 1042 1008
f 1038 1039 1045
f 1038 1045 1042
f 1039 1040 1045
f 1040 1046 1045
f 1040 1041 1046
f 1041 1054 1046
f 1008 1042 1044
f 1008 1044 1043
f 1042 1045 1047
f 1045 1046 1047
f 1042 1047 1044
f 1041 1048 1054
f 1048 1056 1054
f 2287 2292 1049
f 1048 1049 1056
f 1049 2292 1056
f 1043 1051 1050
f 1043 1044 1051
f 1050 1053 1052
f 1050 1051 1053
f 1052 1053 2290
f 1046 1054 1055
f 1044 1047 1055
f 1044 1055 1051
f 1046 1055 1047
f 1054 1056 1057
f 1051 1057 1053
f 1051 1055 1057
f 1053 1057 2293
f 1054 1057 1055
f 1056 2293 1057
f 1085 107 1088
f 1088 107 1113
f 1077 1080 1082
f 1080 1083 1082
f 1082 1083 1092
f 1080 1085 1083
f 1083 1090 1093
f 1113 107 1116
f 1116 107 1121
f 1085 1088 1090
f 1121 107 1177
f 1088 1113 1091
f 1083 1085 1090
f 1090 1091 1098
f 1090 1088 1091
f 1091 1100 1098
f 1091 1118 1100
f 1083 1093 1092
f 1092 1093 1094
f 1093 1096 1094
f 1093 1098 1096
f 1094 1096 1095
f 1095 1096 1097
f 1096 1099 1097
f 1093 1090 1098
f 1098 1100 1099
f 1096 1098 1099
f 1100 1124 1101
f 1099 1100 1101
f 1099 1101 1102
f 1097 1099 1102
f 1102 1103 1145
f 1102 1101 1103
f 1101 1125 1103
f 1103 1128 1146
f 1177 107 1179
f 1113 1116 1118
f 1091 1113 1118
f 1100 1118 1124
f 1118 1116 1119
f 1118 1119 1124
f 1119 1126 1124
f 1116 1121 1119
f 1121 1177 1123
f 1121 1123 1119
f 1119 1123 1126
f 1123 1130 1126
f 1123 1177 1183
f 1123 1183 1130
f 1130 1183 1186
f 1101 1124 1125
f 1124 1126 1125
f 1125 1126 1127
f 1103 1125 1128
f 1125 1127 1128
f 1128 1127 1129
f 1128 1129 1161
f 1126 1130 1127
f 1130 1131 1127
f 1130 1186 1131
f 1131 1186 1187
f 1127 1131 1129
f 1129 1131 1132
f 1129 1132 1162
f 1131 1187 1132
f 1132 1187 1192
f 1132 1192 1167
f 1095 1097 1141
f 1097 1142 1141
f 1141 1142 1143
f 1097 1102 1142
f 1142 1145 1144
f 1142 1144 1143
f 1143 1144 1151
f 1144 1153 1151
f 1144 1147 1153
f 1102 1145 1142
f 1145 1146 1147
f 1103 1146 1145
f 1147 1146 1149
f 1146 1161 1149
f 1144 1145 1147
f 1147 1149 1148
f 1153 1147 1148
f 1149 1163 1150
f 1149 1150 1148
f 1151 1153 1152
f 1153 1148 1154
f 1153 1154 1152
f 1152 1154 1155
f 1155 1156 1321
f 1155 1154 1156
f 1154 1157 1156
f 1156 1159 1322
f 1148 1150 1157
f 1148 1157 1154
f 1157 1158 1159
f 1157 1150 1158
f 1156 1157 1159
f 1159 1160 1329
f 1159 1158 1160
f 1160 1331 1329
f 1146 1128 1161
f 1149 1161 1163
f 1129 1162 1161
f 1161 1162 1163
f 1163 1162 1165
f 1150 1163 1164
f 1163 1165 1164
f 1165 1166 1164
f 1132 1167 1162
f 1162 1167 1165
f 1167 1168 1165
f 1192 1207 1167
f 1167 1207 1168
f 1168 1207 1210
f 1165 1168 1166
f 1168 1169 1166
f 1168 1210 1169
f 1169 1210 1211
f 1150 1164 1158
f 1158 1164 1170
f 1158 1170 1160
f 1164 1166 1170
f 1170 1166 1171
f 1170 1171 1172
f 1160 1170 1172
f 1160 1172 1331
f 1331 1172 1337
f 1172 1171 1173
f 1172 1173 1337
f 1173 1339 1337
f 1166 1169 1171
f 1171 1169 1174
f 1171 1174 1173
f 1169 1211 1174
f 1174 1211 1216
f 1174 1216 1175
f 1174 1175 1173
f 1173 1175 1339
f 1175 1347 1339
f 1175 1216 1219
f 1175 1219 1347
f 1219 1544 1347
f 1177 1179 1180
f 1177 1180 1183
f 1180 1179 1181
f 1180 1181 1182
f 1183 1180 1184
f 1183 1184 1186
f 1184 1188 1186
f 1180 1182 1184
f 1184 1185 1188
f 1182 1185 1184
f 1186 1188 1187
f 1187 1188 1189
f 1188 1190 1189
f 1185 1190 1188
f 1190 1191 1189
f 1187 1189 1192
f 1192 1189 1193
f 1192 1193 1207
f 1189 1191 1193
f 1193 1194 1208
f 1193 1191 1194
f 1181 1195 1182
f 1182 1195 1196
f 1182 1196 1185
f 1185 1197 1190
f 1185 1196 1197
f 1195 1198 1196
f 1196 1198 1199
f 1196 1199 1197
f 1197 1200 1201
f 1197 1199 1200
f 1190 1201 1191
f 1190 1197 1201
f 1191 1201 1202
f 1191 1202 1194
f 1194 1203 1209
f 1194 1202 1203
f 1201 1204 1202
f 1200 1204 1201
f 1202 1204 1205
f 1202 1205 1203
f 1203 1205 1206
f 1193 1208 1207
f 1207 1208 1210
f 1210 1208 1212
f 1208 1209 1212
f 1194 1209 1208
f 1209 1214 1212
f 1210 1212 1211
f 1212 1213 1211
f 1212 1214 1213
f 1214 1215 1213
f 1211 1213 1216
f 1216 1213 1217
f 1216 1217 1219
f 1213 1215 1217
f 1217 1218 1220
f 1217 1215 1218
f 1219 1217 1220
f 1219 1220 1544
f 1220 1546 1544
f 1220 1221 1546
f 1218 1221 1220
f 1221 1572 1546
f 1209 1222 1214
f 1203 1222 1209
f 1214 1222 1223
f 1214 1223 1215
f 1215 1223 1224
f 1203 1206 1222
f 1222 1225 1223
f 1222 1206 1225
f 1223 1226 1224
f 1223 1225 1226
f 1226 1227 1224
f 1215 1224 1218
f 1218 1228 1221
f 1218 1224 1228
f 1221 1229 1572
f 1229 1698 1572
f 1230 1699 1698
f 1231 1700 1699
f 1239 1701 1700
f 1240 1702 1701
f 1241 1703 1702
f 1242 1704 1703
f 1221 1228 1229
f 1231 1239 1700
f 1239 1240 1701
f 1240 1241 1702
f 1229 1230 1698
f 1230 1231 1699
f 1243 1705 1704
f 1244 1706 1705
f 1245 1707 1706
f 1246 1708 1707
f 1241 1242 1703
f 1242 1243 1704
f 1243 1244 1705
f 1244 1245 1706
f 1245 1246 1707
f 1246 1712 1708
f 1224 1227 1228
f 1228 1232 1229
f 1228 1227 1232
f 1230 1232 1233
f 1239 1234 1235
f 1231 1233 1234
f 1240 1235 1236
f 1241 1236 1237
f 1242 1237 1238
f 1243 1238 2079
f 1244 2079 2080
f 1245 2080 2081
f 1229 1232 1230
f 1230 1233 1231
f 1231 1234 1239
f 1239 1235 1240
f 1240 1236 1241
f 1241 1237 1242
f 1242 1238 1243
f 1243 2079 1244
f 1244 2080 1245
f 1245 2081 1246
f 1246 2081 2091
f 1246 2091 1712
f 1321 1322 1323
f 1156 1322 1321
f 1323 1322 1324
f 1322 1329 1324
f 1159 1329 1322
f 1329 1331 1330
f 1329 1330 1324
f 1330 1331 1332
f 1331 1337 1332
f 1332 1337 1338
f 1337 1339 1338
f 1338 1339 1340
f 1339 1347 1340
f 1347 1348 1340
f 1347 1544 1348
f 1348 1544 1545
f 746 1349 1390
f 1349 1350 1391
f 1350 1363 1394
f 1363 1365 1395
f 1349 1391 1390
f 1390 1393 1392
f 1390 1391 1393
f 776 1390 1392
f 1392 1393 2148
f 1392 2148 2150
f 778 1392 2150
f 1350 1394 1391
f 1391 1394 1396
f 1391 1396 1393
f 1363 1395 1394
f 1394 1397 1396
f 1394 1395 1397
f 1393 1396 2154
f 1393 2154 2148
f 1396 2156 2154
f 1396 1397 2156
f 1365 1406 1446
f 1406 1422 1450
f 1422 1426 1451
f 1365 1446 1395
f 1395 1448 1397
f 1395 1446 1448
f 1406 1450 1446
f 1446 1453 1448
f 1446 1450 1453
f 1397 2183 2156
f 1397 1448 2183
f 1448 2190 2183
f 1448 1453 2190
f 1422 1451 1450
f 1450 1454 1453
f 1450 1451 1454
f 1426 1872 1451
f 1451 1872 1876
f 1454 1451 1876
f 1453 2192 2190
f 1453 1454 2192
f 1454 1876 2410
f 1454 2410 2192
f 1544 1546 1545
f 1545 1546 1547
f 1546 1572 1547
f 1572 1548 1547
f 1548 1698 1549
f 1549 1699 1550
f 1550 1700 1551
f 1572 1698 1548
f 1549 1698 1699
f 1550 1699 1700
f 1551 1700 1701
f 1552 1701 1702
f 1553 1702 1703
f 1554 1703 1704
f 1555 1704 1705
f 1556 1705 1706
f 1557 1706 1707
f 1551 1701 1552
f 1552 1702 1553
f 1553 1703 1554
f 1554 1704 1555
f 1555 1705 1556
f 1556 1706 1557
f 1557 1707 1558
f 1558 1708 1559
f 1559 1709 1573
f 1573 1710 1574
f 1574 1711 1577
f 1577 1715 1578
f 1578 1716 1653
f 1653 1717 1655
f 1655 1718 1656
f 1656 1719 1659
f 1659 1720 1661
f 1661 1721 1663
f 1558 1707 1708
f 1559 1708 1709
f 1708 1712 1709
f 1709 1712 1713
f 1573 1709 1710
f 1574 1710 1711
f 1577 1711 1715
f 1709 1713 1710
f 1710 1714 1711
f 1711 1722 1715
f 1710 1713 1714
f 1711 1714 1722
f 1712 2091 2372
f 1712 2372 1713
f 1713 2372 2374
f 1713 2374 1714
f 1714 2378 1722
f 1714 2374 2378
f 1578 1715 1716
f 1653 1716 1717
f 1655 1717 1718
f 1715 1723 1716
f 1715 1722 1723
f 1716 1723 1724
f 1716 1724 1717
f 1717 1725 1718
f 1717 1724 1725
f 1656 1718 1719
f 1659 1719 1720
f 1661 1720 1721
f 1663 1721 1873
f 1718 1726 1719
f 1719 1727 1720
f 1718 1725 1726
f 1719 1726 1727
f 1720 1728 1721
f 1720 1727 1728
f 1721 1728 1877
f 1722 2379 1723
f 1722 2378 2379
f 1723 2379 2380
f 1723 2380 1724
f 1724 2381 1725
f 1724 2380 2381
f 1725 2385 1726
f 1726 2386 1727
f 1725 2381 2385
f 1726 2385 2386
f 1727 2387 1728
f 1727 2386 2387
f 1728 2387 2412
f 1426 1814 1872
f 1814 1821 1874
f 1663 1873 1819
f 1819 1874 1821
f 1814 1874 1872
f 1872 1878 1876
f 1819 1873 1874
f 1721 1877 1873
f 1873 1878 1874
f 1873 1877 1878
f 1872 1874 1878
f 1876 2413 2410
f 1728 2412 1877
f 1877 2413 1878
f 1877 2412 2413
f 1876 1878 2413
f 1990 1993 1994
f 1990 1994 1991
f 1991 1994 1996
f 1991 1996 1992
f 1993 1997 1994
f 1993 1995 1997
f 1994 1998 1996
f 1994 1997 1998
f 1992 2001 1999
f 1992 1996 2001
f 1999 2001 2003
f 1999 2003 2000
f 2000 2003 2017
f 1996 2002 2001
f 1996 1998 2002
f 2001 2002 2004
f 2001 2004 2003
f 2003 2004 2018
f 1995 2005 2006
f 1995 2006 1997
f 2005 2009 2006
f 1997 2006 2007
f 1997 2007 1998
f 2006 2010 2007
f 2005 2008 2009
f 2008 2217 2009
f 2008 2215 2217
f 2006 2009 2010
f 2009 2217 2218
f 2009 2218 2010
f 1998 2011 2002
f 1998 2007 2011
f 2007 2013 2011
f 2002 2012 2004
f 2002 2011 2012
f 2004 2012 2034
f 2011 2014 2012
f 2007 2010 2013
f 2010 2224 2013
f 2010 2218 2224
f 2011 2013 2014
f 2012 2014 2036
f 2013 2226 2014
f 2013 2224 2226
f 2014 2226 2244
f 2000 2017 2015
f 2015 2019 2016
f 2015 2017 2019
f 2016 2027 2021
f 2016 2019 2027
f 2003 2018 2017
f 2017 2020 2019
f 2017 2018 2020
f 2019 2029 2027
f 2019 2020 2029
f 1989 2023 2122
f 2141 2023 2024
f 2142 2024 2031
f 2143 2031 2032
f 2021 2027 2028
f 2021 2028 2022
f 1989 2025 2023
f 2023 2025 2024
f 2024 2026 2031
f 2022 2026 2025
f 2022 2028 2026
f 2024 2025 2026
f 2027 2030 2028
f 2027 2029 2030
f 2031 2033 2032
f 2028 2033 2026
f 2031 2026 2033
f 2028 2030 2033
f 2030 2041 2033
f 2004 2034 2018
f 2018 2035 2020
f 2018 2034 2035
f 2012 2036 2034
f 2034 2037 2035
f 2020 2039 2029
f 2020 2035 2039
f 2035 2042 2039
f 2034 2036 2037
f 2014 2244 2036
f 2036 2244 2246
f 2035 2037 2042
f 2036 2246 2037
f 2037 2250 2042
f 2037 2246 2250
f 2029 2039 2038
f 2030 2029 2038
f 2039 2043 2038
f 2032 2041 2040
f 2030 2038 2041
f 2033 2041 2032
f 2038 2043 2044
f 2040 2041 2044
f 2038 2044 2041
f 2039 2042 2043
f 2042 2045 2043
f 2042 2250 2045
f 2040 2044 2147
f 2147 2046 2463
f 2043 2046 2044
f 2043 2045 2046
f 2044 2046 2147
f 1198 2047 1199
f 1199 2047 2048
f 1199 2048 1200
f 1200 2049 1204
f 1200 2048 2049
f 2047 2050 2048
f 2048 2051 2049
f 2048 2050 2051
f 2049 2051 2055
f 2050 2058 2051
f 2051 2060 2055
f 1204 2049 2052
f 1204 2052 1205
f 1205 2052 2053
f 1205 2053 1206
f 1206 2053 2054
f 2049 2055 2052
f 2052 2056 2053
f 2052 2055 2056
f 2055 2061 2056
f 2053 2056 2057
f 2057 2069 2054
f 2056 2062 2057
f 2057 2063 2069
f 2053 2057 2054
f 2051 2058 2060
f 2059 2060 2058
f 2055 2060 2061
f 2064 2061 2060
f 2056 2061 2062
f 2057 2062 2063
f 2065 2062 2061
f 2066 2063 2062
f 2059 2064 2060
f 2064 2065 2061
f 2059 2115 2064
f 2064 2116 2065
f 2065 2066 2062
f 2065 2117 2066
f 1206 2054 1225
f 1225 2054 2067
f 1225 2067 1226
f 1226 2067 2068
f 1226 2068 1227
f 1227 2068 2082
f 2067 2069 2070
f 2069 2095 2070
f 2054 2069 2067
f 2068 2070 2071
f 2072 2073 2084
f 2074 2085 2073
f 2074 2075 2086
f 2087 2075 2076
f 2070 2098 2071
f 2088 2076 2077
f 2089 2077 2078
f 2071 2098 2072
f 2072 2099 2073
f 2067 2070 2068
f 2068 2071 2082
f 2071 2083 2082
f 2072 2084 2083
f 2073 2085 2084
f 2074 2086 2085
f 2086 2075 2087
f 2087 2076 2088
f 2071 2072 2083
f 1227 2082 1232
f 1232 2082 1233
f 1233 2082 2083
f 1234 2083 2084
f 1233 2083 1234
f 1234 2084 1235
f 1235 2085 1236
f 2090 2081 2080
f 1236 2086 1237
f 1238 1237 2087
f 1238 2088 2079
f 2089 2080 2079
f 1236 2085 2086
f 1237 2086 2087
f 1238 2087 2088
f 1235 2084 2085
f 2088 2089 2079
f 2089 2090 2080
f 2090 2092 2081
f 2081 2092 2091
f 2092 2373 2091
f 2090 2078 2093
f 2088 2077 2089
f 2089 2078 2090
f 2090 2093 2092
f 2092 2094 2373
f 2092 2093 2094
f 2069 2063 2095
f 2103 2095 2063
f 2070 2095 2098
f 2074 2101 2075
f 2075 2102 2076
f 2076 2096 2077
f 2074 2073 2100
f 2077 2097 2078
f 2072 2098 2099
f 2073 2099 2100
f 2075 2101 2102
f 2074 2100 2101
f 2076 2102 2096
f 2077 2096 2097
f 2078 2097 2110
f 2104 2098 2095
f 2104 2099 2098
f 2105 2100 2099
f 2106 2101 2100
f 2107 2102 2101
f 2108 2096 2102
f 2066 2103 2063
f 2103 2104 2095
f 2066 2123 2103
f 2103 2124 2104
f 2104 2124 2105
f 2105 2125 2106
f 2104 2105 2099
f 2105 2106 2100
f 2106 2107 2101
f 2109 2097 2096
f 2107 2108 2102
f 2108 2109 2096
f 2097 2112 2110
f 2109 2112 2097
f 2106 2126 2107
f 2107 2127 2108
f 2108 2128 2109
f 2109 2129 2112
f 2078 2110 2093
f 2093 2110 2111
f 2093 2111 2094
f 2094 2111 2397
f 2112 2113 2110
f 2113 2111 2110
f 2112 2136 2113
f 2113 2114 2111
f 2111 2114 2397
f 2113 2137 2114
f 2064 2115 2116
f 2115 2118 2116
f 2065 2116 2117
f 2066 2117 2123
f 2116 2119 2117
f 2116 2118 2119
f 2117 2130 2123
f 2117 2119 2130
f 2118 2121 2119
f 2119 2122 2130
f 2119 2121 2122
f 2121 1989 2122
f 2103 2123 2124
f 2105 2124 2125
f 2106 2125 2126
f 2107 2126 2127
f 2108 2127 2128
f 2123 2130 2134
f 2123 2134 2124
f 2124 2134 2125
f 2125 2131 2126
f 2126 2132 2127
f 2125 2134 2131
f 2127 2133 2128
f 2109 2128 2129
f 2128 2135 2129
f 2126 2131 2132
f 2127 2132 2133
f 2128 2133 2135
f 2130 2140 2134
f 2130 2122 2140
f 2134 2140 2131
f 2132 2131 2141
f 2132 2142 2133
f 2131 2140 2141
f 2132 2141 2142
f 2133 2142 2143
f 2129 2135 2138
f 2133 2143 2135
f 2135 2144 2138
f 2135 2143 2144
f 2112 2129 2136
f 2113 2136 2137
f 2129 2138 2136
f 2137 2451 2114
f 2136 2139 2137
f 2137 2453 2451
f 2136 2138 2139
f 2138 2144 2145
f 2138 2145 2139
f 2137 2139 2453
f 2139 2145 2146
f 2139 2146 2453
f 2122 2023 2140
f 2140 2023 2141
f 2141 2024 2142
f 2142 2031 2143
f 2143 2032 2144
f 2144 2032 2040
f 2144 2040 2145
f 2145 2040 2147
f 2145 2147 2146
f 2147 2463 2146
f 2150 2148 2149
f 946 2150 2151
f 2150 2149 2151
f 947 2151 2152
f 947 2152 949
f 2151 2149 2153
f 2151 2153 2152
f 2148 2154 2155
f 2148 2155 2149
f 2154 2156 2157
f 2154 2157 2155
f 2149 2155 2158
f 2149 2158 2153
f 2155 2157 2159
f 2155 2159 2158
f 949 2152 2169
f 949 2169 970
f 2152 2153 2170
f 2152 2170 2169
f 970 2171 972
f 970 2169 2171
f 972 2171 2272
f 2169 2172 2171
f 2169 2170 2172
f 2171 2172 2273
f 2158 2173 2174
f 2158 2159 2173
f 2153 2158 2174
f 2153 2174 2170
f 2170 2174 2175
f 2170 2175 2172
f 2172 2175 2277
f 2174 2173 2176
f 2174 2176 2175
f 2175 2176 2278
f 2156 2183 2184
f 2156 2184 2157
f 2183 2190 2191
f 2183 2191 2184
f 2157 2184 2187
f 2157 2187 2159
f 2184 2191 2188
f 2184 2188 2187
f 2190 2192 2193
f 2190 2193 2191
f 2192 2410 2411
f 2192 2411 2193
f 2191 2193 2196
f 2191 2196 2188
f 2193 2411 2418
f 2193 2418 2196
f 2159 2201 2173
f 2159 2187 2201
f 2187 2202 2201
f 2187 2188 2202
f 2173 2203 2176
f 2173 2201 2203
f 2201 2204 2203
f 2201 2202 2204
f 2203 2204 2321
f 2176 2203 2322
f 2188 2205 2202
f 2188 2196 2205
f 2196 2206 2205
f 2196 2418 2206
f 2202 2208 2204
f 2202 2205 2208
f 2204 2208 2325
f 2205 2209 2208
f 2205 2206 2209
f 2208 2209 2326
f 2215 2219 2217
f 2215 2216 2219
f 2217 2220 2218
f 2217 2219 2220
f 1000 2221 2216
f 2216 2222 2219
f 2216 2221 2222
f 2221 2231 2222
f 2219 2222 2223
f 2219 2223 2220
f 2222 2235 2223
f 2218 2225 2224
f 2218 2220 2225
f 2224 2227 2226
f 2224 2225 2227
f 2226 2227 2245
f 2220 2223 2228
f 2220 2228 2225
f 2223 2236 2228
f 2225 2229 2227
f 2225 2228 2229
f 2227 2229 2248
f 2229 2228 2237
f 1001 2230 2221
f 2221 2230 2231
f 1011 2232 2230
f 2230 2233 2231
f 2230 2232 2233
f 2222 2231 2235
f 2231 2233 2238
f 2231 2238 2235
f 2232 2234 2233
f 1013 2289 2232
f 2232 2289 2234
f 2233 2240 2238
f 2233 2234 2240
f 2223 2235 2236
f 2235 2238 2239
f 2235 2239 2236
f 2228 2236 2237
f 2229 2237 2257
f 2236 2242 2237
f 2236 2239 2242
f 2238 2241 2239
f 2238 2240 2241
f 2239 2243 2242
f 2239 2241 2243
f 2226 2245 2244
f 2244 2245 2247
f 2244 2247 2246
f 2246 2251 2250
f 2246 2247 2251
f 2227 2248 2245
f 2245 2248 2249
f 2229 2257 2248
f 2245 2249 2247
f 2247 2254 2251
f 2247 2249 2254
f 2248 2258 2249
f 2249 2263 2254
f 2250 2251 2252
f 2250 2252 2045
f 2251 2255 2252
f 2463 2253 2464
f 2045 2252 2253
f 2046 2253 2463
f 2045 2253 2046
f 2252 2256 2253
f 2251 2254 2255
f 2254 2265 2255
f 2254 2263 2265
f 2252 2255 2256
f 2253 2256 2464
f 2255 2265 2266
f 2256 2266 2465
f 2255 2266 2256
f 2248 2257 2258
f 2237 2259 2257
f 2237 2242 2259
f 2257 2259 2261
f 2249 2258 2263
f 2258 2264 2263
f 2257 2261 2258
f 2258 2261 2264
f 2242 2260 2259
f 2242 2243 2260
f 2259 2260 2262
f 2259 2262 2261
f 2261 2262 2269
f 2263 2267 2265
f 2263 2264 2267
f 2265 2268 2266
f 2265 2267 2268
f 2261 2269 2264
f 2264 2270 2267
f 2264 2269 2270
f 2262 2347 2269
f 2269 2348 2270
f 2267 2270 2471
f 2267 2471 2268
f 2270 2495 2471
f 972 2272 2271
f 2271 2272 2275
f 2171 2273 2272
f 2272 2273 2276
f 2271 2275 2274
f 2274 2275 2288
f 2274 2288 2287
f 2272 2276 2275
f 2275 2296 2288
f 2275 2276 2296
f 2172 2277 2273
f 2273 2277 2279
f 2175 2278 2277
f 2277 2278 2280
f 2273 2279 2276
f 2276 2297 2296
f 2276 2279 2297
f 2277 2280 2279
f 2279 2298 2297
f 2279 2280 2298
f 2287 2288 2294
f 2287 2294 2292
f 2288 2296 2302
f 2288 2302 2294
f 1052 2290 2289
f 2289 2290 2291
f 2289 2291 2234
f 2234 2299 2240
f 2234 2291 2299
f 2291 2304 2299
f 2294 2295 2292
f 1056 2292 2293
f 1053 2293 2290
f 2290 2293 2295
f 2292 2295 2293
f 2294 2302 2304
f 2290 2295 2291
f 2294 2304 2295
f 2291 2295 2304
f 2296 2303 2302
f 2296 2297 2303
f 2297 2305 2303
f 2297 2298 2305
f 2240 2299 2300
f 2240 2300 2241
f 2299 2306 2300
f 2241 2300 2301
f 2241 2301 2243
f 2300 2307 2301
f 2302 2303 2306
f 2302 2306 2304
f 2299 2304 2306
f 2303 2305 2307
f 2303 2307 2306
f 2300 2306 2307
f 2203 2321 2322
f 2176 2322 2278
f 2278 2322 2323
f 2322 2321 2324
f 2278 2323 2280
f 2280 2336 2298
f 2280 2323 2336
f 2322 2324 2323
f 2323 2324 2337
f 2323 2337 2336
f 2324 2344 2337
f 2204 2325 2321
f 2321 2325 2328
f 2208 2326 2325
f 2325 2326 2329
f 2325 2329 2328
f 2328 2329 2345
f 2329 2491 2345
f 2324 2321 2328
f 2324 2328 2344
f 2328 2345 2344
f 2298 2336 2340
f 2298 2340 2305
f 2336 2337 2342
f 2336 2342 2340
f 2337 2349 2342
f 2243 2338 2260
f 2243 2301 2338
f 2260 2338 2339
f 2301 2341 2338
f 2260 2339 2262
f 2262 2339 2347
f 2338 2343 2339
f 2339 2343 2350
f 2305 2340 2341
f 2305 2341 2307
f 2301 2307 2341
f 2340 2342 2343
f 2340 2343 2341
f 2338 2341 2343
f 2342 2350 2343
f 2337 2344 2349
f 2344 2351 2349
f 2344 2345 2351
f 2345 2496 2351
f 2269 2347 2348
f 2339 2350 2347
f 2347 2353 2348
f 2347 2350 2353
f 2270 2348 2495
f 2348 2498 2495
f 2348 2353 2498
f 2342 2349 2350
f 2349 2353 2350
f 2349 2351 2353
f 2351 2496 2498
f 2351 2498 2353
f 2091 2373 2372
f 2373 2375 2372
f 2372 2375 2374
f 2375 2382 2374
f 2373 2376 2375
f 2094 2376 2373
f 2375 2377 2382
f 2375 2376 2377
f 2374 2382 2378
f 2378 2383 2379
f 2379 2384 2380
f 2380 2388 2381
f 2378 2382 2383
f 2379 2383 2384
f 2380 2384 2388
f 2381 2389 2385
f 2385 2390 2386
f 2386 2391 2387
f 2381 2388 2389
f 2385 2389 2390
f 2386 2390 2391
f 2382 2392 2383
f 2383 2393 2384
f 2384 2394 2388
f 2382 2377 2392
f 2383 2392 2393
f 2384 2393 2394
f 2388 2395 2389
f 2389 2396 2390
f 2390 2419 2391
f 2388 2394 2395
f 2389 2395 2396
f 2390 2396 2419
f 2094 2397 2376
f 2376 2397 2398
f 2376 2398 2377
f 2377 2398 2401
f 2114 2399 2397
f 2399 2398 2397
f 2114 2451 2399
f 2399 2400 2398
f 2398 2400 2401
f 2399 2452 2400
f 2392 2401 2402
f 2377 2401 2392
f 2392 2402 2393
f 2393 2403 2394
f 2394 2404 2395
f 2393 2402 2403
f 2394 2403 2404
f 2395 2405 2396
f 2396 2435 2419
f 2395 2404 2405
f 2396 2405 2435
f 2401 2400 2406
f 2401 2406 2402
f 2402 2406 2407
f 2400 2456 2406
f 2406 2457 2407
f 2402 2407 2403
f 2403 2408 2404
f 2403 2407 2408
f 2404 2409 2405
f 2404 2408 2409
f 2405 2409 2440
f 2407 2458 2408
f 2408 2472 2409
f 2410 2415 2411
f 2387 2414 2412
f 2412 2415 2413
f 2410 2413 2415
f 2387 2391 2414
f 2412 2414 2415
f 2411 2415 2421
f 2411 2421 2418
f 2391 2420 2414
f 2414 2421 2415
f 2391 2419 2420
f 2414 2420 2421
f 2418 2437 2206
f 2418 2421 2437
f 2419 2436 2420
f 2419 2435 2436
f 2420 2436 2437
f 2420 2437 2421
f 2405 2440 2435
f 2435 2441 2436
f 2435 2440 2441
f 2206 2442 2209
f 2206 2437 2442
f 2436 2441 2442
f 2409 2473 2440
f 2440 2474 2441
f 2209 2442 2475
f 2441 2475 2442
f 2436 2442 2437
f 2399 2451 2452
f 2451 2454 2452
f 2400 2452 2456
f 2452 2455 2456
f 2451 2453 2454
f 2453 2461 2454
f 2453 2146 2461
f 2454 2461 2462
f 2452 2454 2455
f 2454 2462 2455
f 2455 2462 2466
f 2406 2456 2457
f 2456 2459 2457
f 2407 2457 2458
f 2408 2458 2472
f 2457 2460 2458
f 2458 2478 2472
f 2456 2455 2459
f 2457 2459 2460
f 2455 2466 2459
f 2459 2467 2460
f 2459 2466 2467
f 2460 2478 2458
f 2460 2467 2468
f 2460 2468 2478
f 2146 2463 2461
f 2461 2464 2462
f 2461 2463 2464
f 2462 2464 2465
f 2462 2465 2466
f 2256 2465 2464
f 2466 2465 2469
f 2466 2469 2467
f 2467 2469 2470
f 2467 2470 2468
f 2470 2493 2468
f 2266 2469 2465
f 2469 2268 2470
f 2266 2268 2469
f 2470 2471 2493
f 2470 2268 2471
f 2409 2472 2473
f 2440 2473 2474
f 2209 2475 2326
f 2441 2474 2475
f 2472 2479 2473
f 2480 2474 2473
f 2326 2475 2481
f 2481 2475 2474
f 2472 2478 2479
f 2479 2480 2473
f 2326 2481 2329
f 2480 2481 2474
f 2478 2468 2489
f 2478 2489 2479
f 2329 2481 2491
f 2479 2489 2490
f 2480 2490 2491
f 2479 2490 2480
f 2480 2491 2481
f 2468 2493 2489
f 2489 2493 2494
f 2489 2494 2490
f 2490 2496 2491
f 2490 2494 2496
f 2345 2491 2496
f 2493 2495 2494
f 2494 2498 2496
f 2493 2471 2495
f 2495 2498 2494
f 712 720 715
f 712 717 721
f 712 719 720
f 719 722 723
f 719 723 720
f 712 721 719
f 719 721 724
f 719 724 722
f 722 916 918
f 722 918 723
f 722 724 920
f 722 920 916
f 715 779 757
f 757 781 762
f 762 1398 1386
f 715 720 779
f 720 723 780
f 720 780 779
f 757 779 781
f 779 780 782
f 723 918 950
f 723 950 780
f 780 950 954
f 779 782 781
f 762 781 1398
f 781 782 1400
f 781 1400 1398
f 780 954 782
f 782 954 2160
f 782 2160 1400
f 916 919 918
f 916 917 919
f 916 920 921
f 916 921 917
f 917 923 922
f 917 952 919
f 917 922 952
f 917 921 923
f 922 924 973
f 922 973 952
f 922 923 925
f 922 925 924
f 924 926 975
f 924 925 927
f 924 927 926
f 926 927 1015
f 918 951 950
f 918 919 951
f 950 951 955
f 919 953 951
f 919 952 953
f 951 953 956
f 950 955 954
f 954 2161 2160
f 954 955 2161
f 951 956 955
f 955 2164 2161
f 955 956 2164
f 952 973 974
f 952 974 953
f 924 975 973
f 973 975 976
f 926 1032 975
f 973 976 974
f 975 1034 976
f 953 977 956
f 953 974 977
f 956 977 2177
f 956 2177 2164
f 974 976 978
f 974 978 977
f 976 1035 978
f 977 2179 2177
f 977 978 2179
f 926 1014 1032
f 926 1015 1014
f 1014 1015 1017
f 1014 1017 1016
f 1015 2888 1017
f 1016 1017 1060
f 1014 1033 1032
f 975 1032 1034
f 1032 1036 1034
f 1014 1016 1033
f 1016 1058 1059
f 1016 1060 1058
f 1016 1059 1033
f 1032 1033 1036
f 1033 1059 1068
f 1033 1068 1036
f 1017 2894 1060
f 976 1034 1035
f 1034 1037 1035
f 978 1035 2281
f 1034 1036 1037
f 1036 1068 1069
f 1035 1037 2283
f 1036 1069 1037
f 1037 1069 2308
f 1058 1065 1061
f 1058 1063 1059
f 1058 1061 1063
f 1059 1063 1070
f 1058 1060 1065
f 1060 2896 1065
f 1061 1062 1064
f 1061 1066 1062
f 1061 1064 1063
f 1062 1066 1064
f 1063 1064 1071
f 1061 1065 1066
f 1065 2897 1066
f 1064 1066 1067
f 1066 2897 1067
f 1059 1070 1068
f 1068 1070 1072
f 1068 1072 1069
f 1063 1071 1070
f 1064 1067 1071
f 1070 1073 1072
f 1070 1071 1073
f 1071 1074 1073
f 1071 1067 1074
f 1067 2898 1074
f 2898 2902 1074
f 1073 1074 1075
f 1075 1074 2902
f 1075 2902 3458
f 1386 1399 1388
f 1388 1402 1389
f 1386 1398 1399
f 1398 1400 1401
f 1398 1401 1399
f 1400 2160 2162
f 1400 2162 1401
f 1388 1399 1402
f 1399 1401 1403
f 1399 1403 1402
f 1389 1402 1456
f 1402 1403 1457
f 1402 1457 1456
f 1401 2162 2166
f 1401 2166 1403
f 1403 2166 2198
f 1403 2198 1457
f 1445 1447 1421
f 1421 1452 1441
f 1389 1456 1445
f 1445 1456 1447
f 1456 1449 1447
f 1457 2185 1449
f 1421 1447 1452
f 1447 1449 1455
f 1447 1455 1452
f 1441 1452 1875
f 1452 1455 1879
f 1449 2185 2194
f 1449 2194 1455
f 1455 2194 2416
f 1456 1457 1449
f 1457 2198 2185
f 1441 1875 1831
f 1831 1880 1862
f 1862 1881 1869
f 1869 1881 1870
f 1870 1884 1871
f 1452 1879 1875
f 1831 1875 1880
f 1875 1879 1882
f 1875 1882 1880
f 1455 2416 1879
f 1879 2416 2424
f 1879 2424 1882
f 1862 1880 1881
f 1880 1882 1883
f 1880 1883 1881
f 1881 1883 1884
f 1882 2424 2426
f 1882 2426 1883
f 1883 2426 1886
f 1870 1881 1884
f 1884 1883 1886
f 1884 1885 1871
f 1884 1886 1885
f 1886 1887 1885
f 1886 2426 2429
f 1886 2429 1887
f 2429 2431 1887
f 2160 2161 2163
f 2160 2163 2162
f 2161 2164 2165
f 2161 2165 2163
f 2162 2167 2166
f 2162 2163 2167
f 2166 2199 2198
f 2166 2167 2199
f 2163 2168 2167
f 2163 2165 2168
f 2167 2200 2199
f 2167 2168 2200
f 2164 2177 2178
f 2164 2178 2165
f 2177 2179 2180
f 978 2281 2179
f 2177 2180 2178
f 2179 2282 2180
f 2165 2178 2181
f 2165 2181 2168
f 2168 2181 2211
f 2168 2211 2200
f 2178 2180 2182
f 2178 2182 2181
f 2180 2285 2182
f 2181 2182 2213
f 2181 2213 2211
f 2182 2331 2213
f 2198 2186 2185
f 2199 2189 2186
f 2185 2195 2194
f 2185 2186 2195
f 2194 2195 2417
f 2186 2197 2195
f 2186 2189 2197
f 2197 2422 2195
f 2198 2199 2186
f 2199 2200 2189
f 2189 2212 2207
f 2189 2207 2197
f 2197 2207 2438
f 2197 2438 2422
f 2212 2214 2210
f 2212 2210 2207
f 2214 2327 2210
f 2207 2210 2443
f 2207 2443 2438
f 2210 2476 2443
f 2200 2211 2212
f 2200 2212 2189
f 2213 2214 2211
f 2211 2214 2212
f 2213 2332 2214
f 1035 2283 2281
f 2179 2281 2282
f 2281 2284 2282
f 1037 2308 2283
f 2281 2283 2284
f 2283 2309 2284
f 2283 2308 2309
f 2180 2282 2285
f 2282 2286 2285
f 2182 2285 2331
f 2285 2333 2331
f 2282 2284 2286
f 2284 2309 2313
f 2284 2313 2286
f 2285 2286 2333
f 2286 2313 2354
f 2286 2354 2333
f 1069 2310 2308
f 1069 1072 2310
f 2308 2310 2314
f 2308 2314 2309
f 1072 2311 2310
f 1072 1073 2311
f 1073 1075 2311
f 2310 2315 2314
f 2310 2311 2315
f 2311 2312 2315
f 2312 2318 2315
f 1075 2312 2311
f 1075 3458 2312
f 2312 3458 3459
f 2312 3459 2318
f 2318 3459 3464
f 2309 2314 2316
f 2309 2316 2313
f 2313 2316 2356
f 2313 2356 2354
f 2314 2317 2316
f 2314 2315 2317
f 2315 2318 2317
f 2318 2319 2317
f 2316 2357 2356
f 2316 2317 2357
f 2317 2319 2357
f 2357 2319 2361
f 2318 3464 2319
f 2319 3464 2320
f 2319 2320 2361
f 2210 2327 2476
f 2327 2330 2476
f 2327 2335 2330
f 2335 2346 2330
f 2213 2331 2332
f 2331 2334 2332
f 2331 2333 2334
f 2354 2355 2333
f 2332 2334 2335
f 2333 2355 2334
f 2334 2355 2364
f 2214 2332 2327
f 2332 2335 2327
f 2334 2364 2335
f 2335 2364 2346
f 2352 2368 2499
f 2354 2356 2358
f 2354 2358 2355
f 2355 2358 2365
f 2356 2357 2359
f 2357 2361 2359
f 2356 2359 2358
f 2358 2359 2366
f 2359 2360 2366
f 2359 2361 2360
f 2361 2362 2360
f 2361 2320 2362
f 2360 2363 2367
f 2360 2362 2363
f 2355 2365 2364
f 2364 2365 2352
f 2364 2352 2346
f 2358 2366 2365
f 2366 2368 2365
f 2366 2367 2368
f 2360 2367 2366
f 2365 2368 2352
f 2368 2369 2499
f 2367 2369 2368
f 2367 2363 2370
f 2367 2370 2369
f 2369 2370 2371
f 2370 3481 2371
f 2194 2417 2416
f 2416 2425 2424
f 2416 2417 2425
f 2195 2422 2417
f 2417 2423 2425
f 2422 2423 2417
f 2424 2425 2427
f 2424 2427 2426
f 2426 2427 2429
f 2425 2428 2427
f 2425 2423 2428
f 2427 2428 2430
f 2427 2430 2429
f 2430 2431 2429
f 2430 2432 2431
f 2430 2428 2433
f 2430 2433 2432
f 2433 2434 2432
f 2422 2438 2439
f 2422 2439 2423
f 2438 2443 2444
f 2438 2444 2439
f 2443 2477 2444
f 2423 2439 2445
f 2423 2445 2428
f 2439 2444 2446
f 2439 2446 2445
f 2444 2483 2446
f 2428 2445 2433
f 2433 2445 2447
f 2433 2447 2434
f 2447 2448 2434
f 2446 2483 2449
f 2445 2446 2447
f 2447 2446 2449
f 2449 2485 2450
f 2447 2449 2448
f 2449 2450 2448
f 2443 2476 2477
f 2476 2482 2477
f 2444 2477 2483
f 2476 2330 2482
f 2330 2346 2492
f 2330 2492 2482
f 2477 2482 2484
f 2482 2492 2501
f 2482 2501 2484
f 2477 2484 2483
f 2449 2483 2485
f 2483 2484 2485
f 2485 2486 2450
f 2485 2487 2486
f 2486 2488 3566
f 2485 2484 2487
f 2484 2501 2487
f 2487 2501 2507
f 2487 2488 2486
f 2487 2507 2488
f 2507 2508 2488
f 2346 2497 2492
f 2346 2352 2497
f 2492 2497 2502
f 2492 2502 2501
f 2352 2499 2497
f 2497 2500 2502
f 2497 2499 2500
f 2369 2503 2499
f 2502 2500 2509
f 2499 2503 2500
f 2500 2503 2504
f 2500 2504 2509
f 2369 2371 2503
f 2503 2371 2505
f 2371 3482 2505
f 2503 2505 2504
f 2504 2506 2510
f 2504 2505 2506
f 2505 3574 2506
f 2502 2507 2501
f 2502 2509 2507
f 2509 2508 2507
f 2509 2510 2508
f 2510 3578 2508
f 2509 2504 2510
f 2510 2506 3580
f 717 2571 2595
f 2571 2586 2597
f 2586 2593 2598
f 717 2595 721
f 721 2596 724
f 721 2595 2596
f 2571 2597 2595
f 2595 2599 2596
f 2595 2597 2599
f 724 2853 920
f 724 2596 2853
f 2596 2856 2853
f 2596 2599 2856
f 2586 2598 2597
f 2597 2600 2599
f 2593 2645 2598
f 2597 2598 2600
f 2598 2647 2600
f 2599 2858 2856
f 2599 2600 2858
f 2600 2869 2858
f 2593 2616 2645
f 2616 2622 2646
f 2622 2644 2649
f 2644 2728 2760
f 2598 2645 2647
f 2616 2646 2645
f 2645 2646 2648
f 2645 2648 2647
f 2600 2647 2869
f 2647 2871 2869
f 2647 2648 2871
f 2622 2649 2646
f 2646 2650 2648
f 2646 2649 2650
f 2644 2760 2649
f 2650 2649 2762
f 2649 2760 2762
f 2648 2875 2871
f 2648 2650 2875
f 2650 2949 2875
f 2650 2762 2949
f 2728 2735 2761
f 2735 2747 2764
f 2747 2776 2765
f 2728 2761 2760
f 2760 2763 2762
f 2735 2764 2761
f 2760 2761 2763
f 2761 2766 2763
f 2762 2763 2951
f 2762 2951 2949
f 2763 2955 2951
f 2761 2764 2766
f 2764 2767 2766
f 2747 2765 2764
f 2764 2765 2767
f 2763 2766 2955
f 2766 2957 2955
f 2766 2767 2957
f 2776 2785 2801
f 2776 2801 2765
f 2765 2802 2767
f 2765 2801 2802
f 2767 2973 2957
f 2767 2802 2973
f 2785 2808 2849
f 2808 2815 2851
f 3198 3232 2815
f 2850 2802 2801
f 2850 2801 2849
f 2808 2851 2849
f 2850 2849 2852
f 2785 2849 2801
f 2802 2975 2973
f 2850 2975 2802
f 2850 2979 2975
f 2849 2851 2852
f 2815 3232 2851
f 2851 3234 2852
f 2851 3232 3234
f 2850 2852 2979
f 2852 3655 2979
f 2852 3234 3655
f 920 2853 2854
f 920 2854 921
f 2853 2856 2857
f 2853 2857 2854
f 921 2854 2855
f 921 2855 923
f 2854 2857 2860
f 2854 2860 2855
f 2856 2858 2859
f 2856 2859 2857
f 2858 2870 2859
f 2857 2859 2861
f 2857 2861 2860
f 2861 2859 2873
f 923 2855 2862
f 923 2862 925
f 2855 2863 2862
f 2855 2860 2863
f 925 2862 2864
f 925 2864 927
f 927 2864 2886
f 2862 2863 2865
f 2862 2865 2864
f 2864 2865 2887
f 2860 2866 2863
f 2860 2861 2866
f 2861 2879 2866
f 2861 2873 2879
f 2863 2867 2865
f 2863 2866 2867
f 2865 2867 2889
f 2866 2868 2867
f 2866 2879 2868
f 2867 2868 2891
f 2858 2869 2870
f 2869 2872 2870
f 2869 2871 2872
f 2859 2870 2873
f 2870 2874 2873
f 2870 2872 2874
f 2872 2877 2874
f 2871 2875 2876
f 2871 2876 2872
f 2875 2949 2950
f 2875 2950 2876
f 2872 2876 2877
f 2876 2950 2878
f 2876 2878 2877
f 2873 2880 2879
f 2873 2874 2880
f 2874 2883 2880
f 2879 2881 2868
f 2879 2880 2881
f 2868 2881 2918
f 2880 2882 2881
f 2880 2883 2882
f 2874 2877 2883
f 2877 2884 2883
f 2877 2878 2884
f 2878 2959 2884
f 2883 2885 2882
f 2883 2884 2885
f 2881 2882 2919
f 2882 2885 2922
f 2884 2959 2963
f 2884 2963 2885
f 2885 2963 2923
f 927 2886 1015
f 1015 2886 2888
f 2864 2887 2886
f 2886 2887 2890
f 2886 2890 2888
f 2865 2889 2887
f 2887 2889 2892
f 2867 2891 2889
f 1017 2888 2894
f 2888 2895 2894
f 2887 2892 2890
f 2888 2890 2895
f 2890 2905 2895
f 2889 2891 2893
f 2889 2893 2892
f 2890 2892 2905
f 2892 2906 2905
f 2891 2920 2893
f 2892 2893 2906
f 2893 2920 2926
f 2893 2926 2906
f 1060 2894 2896
f 2894 2899 2896
f 2894 2895 2899
f 2899 2895 2907
f 1065 2896 2897
f 2896 2899 2900
f 2896 2900 2897
f 2897 2898 1067
f 2897 2900 2898
f 2900 2901 2898
f 2899 2907 2908
f 2899 2908 2900
f 2900 2908 2901
f 2901 2908 2910
f 2898 2901 2902
f 2901 2903 2902
f 2902 2903 3458
f 2903 3461 3458
f 2901 2910 2903
f 2910 2904 2903
f 2903 2904 3461
f 3461 2904 3462
f 2895 2905 2907
f 2905 2906 2911
f 2905 2911 2907
f 2911 2906 2912
f 2906 2926 2912
f 2907 2911 2909
f 2908 2907 2909
f 2908 2909 2910
f 2909 2914 2910
f 2911 2912 2913
f 2911 2913 2909
f 2909 2913 2914
f 2914 2913 2916
f 2910 2914 2904
f 2914 2915 2904
f 2904 2915 3462
f 2915 3469 3462
f 2914 2916 2915
f 2916 2917 2915
f 2916 2932 2917
f 2915 2917 3469
f 3469 2917 3471
f 2917 2933 3471
f 2868 2918 2891
f 2891 2918 2920
f 2881 2919 2918
f 2918 2919 2921
f 2918 2921 2920
f 2920 2921 2927
f 2920 2927 2926
f 2919 2924 2921
f 2921 2924 2936
f 2921 2936 2927
f 2882 2922 2919
f 2919 2922 2924
f 2922 2885 2923
f 2922 2923 2925
f 2922 2925 2924
f 2924 2925 2937
f 2924 2937 2936
f 2923 2983 2925
f 2937 2925 2938
f 2925 2983 2938
f 2926 2928 2912
f 2926 2927 2928
f 2927 2930 2928
f 2927 2936 2930
f 2912 2928 2929
f 2912 2929 2913
f 2913 2929 2916
f 2916 2929 2932
f 2928 2931 2929
f 2929 2931 2932
f 2928 2930 2931
f 2932 2931 2934
f 2930 2940 2931
f 2931 2940 2934
f 2934 2940 2943
f 2932 2933 2917
f 2932 2934 2933
f 2933 2935 3495
f 2934 2935 2933
f 2934 2943 2935
f 2943 2944 2935
f 2935 2944 3497
f 2936 2939 2930
f 2936 2937 2939
f 2937 2938 2941
f 2937 2941 2939
f 2938 2993 2941
f 2930 2939 2940
f 2939 2942 2940
f 2940 2942 2943
f 2939 2941 2942
f 2941 2993 2994
f 2942 2994 2946
f 2941 2994 2942
f 2943 2946 2944
f 2943 2942 2946
f 2944 2945 3506
f 2944 2946 2945
f 2945 2946 2947
f 2946 2994 2947
f 2945 2948 3507
f 2945 2947 2948
f 2949 2951 2952
f 2949 2952 2950
f 2951 2956 2952
f 2950 2952 2953
f 2950 2953 2878
f 2952 2956 2954
f 2952 2954 2953
f 2951 2955 2956
f 2955 2958 2956
f 2955 2957 2958
f 2957 2974 2958
f 2956 2958 2960
f 2956 2960 2954
f 2878 2953 2959
f 2953 2962 2959
f 2953 2954 2962
f 2958 2977 2960
f 2954 2965 2962
f 2959 2962 2964
f 2959 2964 2963
f 2963 2964 2981
f 2962 2968 2964
f 2964 2968 2982
f 2954 2960 2965
f 2965 2960 2966
f 2960 2977 2966
f 2977 2967 2966
f 2977 2978 2967
f 2978 2971 2967
f 2962 2965 2968
f 2965 2969 2968
f 2968 2969 2985
f 2965 2966 2969
f 2966 2970 2969
f 2966 2967 2970
f 2969 2970 2987
f 2978 2961 2971
f 2961 3634 2971
f 2961 3629 3634
f 2970 2972 2988
f 3636 3662 2972
f 2967 2972 2970
f 2967 2971 2972
f 3636 2972 2971
f 3636 2971 3634
f 2957 2973 2974
f 2975 2976 2973
f 2974 2973 2976
f 2975 2980 2976
f 2958 2974 2977
f 2974 2976 2978
f 2974 2978 2977
f 2976 2961 2978
f 2975 2979 2980
f 2979 3655 3656
f 2979 3656 2980
f 2976 2980 2961
f 2980 3656 3629
f 2980 3629 2961
f 2963 2981 2923
f 2923 2981 2983
f 2964 2982 2981
f 2981 2982 2984
f 2981 2984 2983
f 2983 2991 2938
f 2983 2984 2991
f 2982 2986 2984
f 2984 2986 2992
f 2984 2992 2991
f 2986 2997 2992
f 2989 2990 2998
f 2989 2998 2997
f 2990 3665 2998
f 2968 2985 2982
f 2982 2985 2986
f 2969 2987 2985
f 2985 2987 2989
f 2985 2989 2986
f 2986 2989 2997
f 2970 2988 2987
f 2987 2988 2990
f 2972 3662 2988
f 2987 2990 2989
f 2988 3659 2990
f 2938 2991 2993
f 2991 2996 2993
f 2991 2992 2996
f 2992 3001 2996
f 2992 2997 3001
f 2993 2996 2995
f 2993 2995 2994
f 2994 2995 2947
f 2995 2996 2999
f 2997 3002 3001
f 2997 2998 3002
f 2998 3670 3002
f 2947 2999 2948
f 2995 2999 2947
f 3001 3000 2999
f 2948 2999 3000
f 2996 3001 2999
f 3001 3002 3000
f 1871 1885 3051
f 3051 1885 3048
f 1885 1887 3048
f 3048 1887 3049
f 3048 3049 3095
f 1887 2431 3049
f 3049 2431 3529
f 3049 3529 3097
f 3097 3529 3534
f 3051 3048 3068
f 3068 3095 3076
f 3096 3099 3076
f 3068 3048 3095
f 3049 3097 3095
f 3095 3096 3076
f 3095 3097 3096
f 3096 3097 3098
f 3096 3145 3099
f 3096 3098 3145
f 3098 3147 3145
f 3097 3534 3098
f 3098 3534 3545
f 3098 3545 3147
f 3147 3545 3555
f 3099 3145 3107
f 3107 3146 3123
f 3123 3149 3129
f 3145 3147 3146
f 3107 3145 3146
f 3147 3148 3146
f 3146 3148 3149
f 3147 3555 3148
f 3148 3555 3557
f 3148 3557 3151
f 3123 3146 3149
f 3149 3148 3151
f 3149 3151 3150
f 3149 3150 3129
f 3151 3152 3150
f 3151 3557 3559
f 3151 3559 3152
f 3152 3559 3561
f 3152 3561 3420
f 3237 3640 3631
f 3237 3192 3640
f 3188 3189 3194
f 3274 3193 3192
f 3274 3191 3193
f 3192 3642 3640
f 3192 3193 3642
f 3188 3194 3191
f 3191 3195 3193
f 3191 3194 3195
f 3189 3351 3194
f 3194 3352 3195
f 3193 3646 3642
f 3193 3195 3646
f 3195 3691 3646
f 3198 3203 3233
f 3203 3221 3236
f 3221 3240 3274
f 3198 3233 3232
f 3232 3235 3234
f 3232 3233 3235
f 3234 3657 3655
f 3234 3235 3657
f 3203 3236 3233
f 3233 3237 3235
f 3233 3236 3237
f 3221 3274 3236
f 3236 3192 3237
f 3236 3274 3192
f 3235 3631 3657
f 3235 3237 3631
f 3240 3188 3191
f 3240 3191 3274
f 3189 3338 3351
f 3338 3341 3353
f 3341 3347 3354
f 3194 3351 3352
f 3338 3353 3351
f 3351 3355 3352
f 3351 3353 3355
f 3195 3352 3691
f 3352 3697 3691
f 3352 3355 3697
f 3341 3354 3353
f 3355 3353 3356
f 3353 3354 3356
f 3356 3713 3695
f 3355 3695 3697
f 3355 3356 3695
f 3129 3150 3357
f 3357 3418 3364
f 3364 3419 3388
f 3347 3388 3422
f 3357 3150 3418
f 3150 3152 3418
f 3418 3152 3420
f 3364 3418 3419
f 3418 3420 3419
f 3420 3421 3419
f 3420 3561 3707
f 3420 3707 3421
f 3421 3707 3709
f 3419 3421 3422
f 3421 3423 3422
f 3419 3422 3388
f 3347 3422 3354
f 3423 3356 3354
f 3423 3354 3422
f 3421 3709 3423
f 3423 3709 3713
f 3423 3713 3356
f 3458 3461 3459
f 3459 3461 3460
f 3459 3460 3464
f 3460 3465 3464
f 3461 3462 3460
f 3460 3462 3463
f 3460 3463 3465
f 3463 3467 3465
f 3464 3465 2320
f 2320 3466 2362
f 3465 3466 2320
f 3465 3467 3466
f 3467 3473 3468
f 3466 3467 3468
f 3466 3468 3477
f 3468 3474 3479
f 3462 3469 3463
f 3463 3469 3470
f 3469 3471 3470
f 3463 3470 3467
f 3470 3472 3473
f 3471 3495 3472
f 3470 3471 3472
f 3472 3496 3475
f 3470 3473 3467
f 3473 3475 3474
f 3473 3474 3468
f 3474 3476 3485
f 3473 3472 3475
f 3475 3496 3500
f 3475 3500 3476
f 3474 3475 3476
f 3500 3502 3476
f 3466 3477 2362
f 2362 3477 2363
f 3477 3479 3478
f 2363 3477 3478
f 2363 3478 2370
f 3478 3480 3481
f 3468 3479 3477
f 3479 3485 3480
f 3478 3479 3480
f 3478 3481 2370
f 3481 3482 2371
f 3481 3483 3482
f 3481 3480 3483
f 3480 3486 3483
f 3486 3491 3483
f 3483 3484 3482
f 3483 3491 3484
f 3491 3493 3484
f 3474 3485 3479
f 3476 3487 3485
f 3480 3485 3486
f 3485 3487 3486
f 3487 3489 3486
f 3476 3502 3487
f 3502 3488 3487
f 3487 3488 3489
f 3489 3488 3490
f 3486 3489 3491
f 3491 3489 3492
f 3491 3492 3493
f 3492 3584 3493
f 3489 3490 3492
f 3492 3490 3494
f 3492 3494 3584
f 3584 3494 3586
f 2933 3495 3471
f 3495 2935 3497
f 3495 3497 3496
f 3495 3496 3472
f 3497 3498 3496
f 3496 3498 3500
f 3497 3506 3498
f 2944 3506 3497
f 3498 3499 3501
f 3506 3499 3498
f 3500 3501 3502
f 3498 3501 3500
f 3501 3503 3502
f 3501 3499 3504
f 3501 3504 3503
f 3503 3504 3505
f 3506 3507 3499
f 2945 3507 3506
f 3507 3508 3499
f 3507 2948 3509
f 3507 3509 3508
f 3508 3509 3510
f 3509 3667 3510
f 3499 3508 3504
f 3504 3508 3511
f 3504 3511 3505
f 3511 3512 3505
f 3511 3513 3512
f 3508 3510 3511
f 3511 3510 3513
f 3510 3669 3513
f 3512 3513 3521
f 3513 3673 3521
f 3521 3673 3684
f 3502 3503 3488
f 3503 3514 3488
f 3488 3514 3490
f 3514 3515 3490
f 3503 3505 3514
f 3505 3516 3514
f 3505 3512 3516
f 3514 3516 3515
f 3515 3516 3518
f 3516 3520 3518
f 3490 3515 3494
f 3494 3515 3517
f 3515 3518 3517
f 3494 3517 3586
f 3517 3604 3586
f 3517 3519 3604
f 3517 3518 3519
f 3518 3523 3519
f 3519 3523 3524
f 3519 3606 3604
f 3519 3524 3606
f 3524 3616 3606
f 3512 3520 3516
f 3512 3521 3520
f 3520 3523 3518
f 3520 3522 3523
f 3523 3522 3525
f 3521 3522 3520
f 3521 3684 3522
f 3684 3686 3522
f 3522 3686 3525
f 3686 3526 3525
f 3523 3525 3524
f 3524 3525 3527
f 3524 3527 3616
f 3527 3525 3526
f 3527 3528 3617
f 3527 3526 3528
f 3528 3690 3620
f 2431 2432 3529
f 2432 3530 3529
f 3529 3530 3534
f 3530 3531 3534
f 2434 3530 2432
f 2434 3532 3530
f 3532 3531 3530
f 3532 3533 3531
f 3534 3531 3545
f 3531 3535 3545
f 3531 3533 3535
f 3535 3533 3536
f 3535 3536 3556
f 3536 3546 3556
f 2434 2448 3532
f 3532 2448 3537
f 3533 3537 3538
f 3532 3537 3533
f 2450 2486 3539
f 2448 2450 3537
f 3537 2450 3539
f 3539 3566 3540
f 3537 3539 3538
f 3539 3540 3538
f 3540 3567 3543
f 3533 3538 3536
f 3536 3538 3541
f 3536 3541 3546
f 3541 3542 3546
f 3538 3540 3541
f 3541 3540 3543
f 3543 3570 3544
f 3541 3543 3542
f 3543 3544 3542
f 3544 3571 3550
f 3545 3535 3555
f 3535 3556 3555
f 3546 3542 3547
f 3547 3542 3548
f 3547 3548 3563
f 3563 3548 3549
f 3544 3548 3542
f 3544 3550 3548
f 3550 3595 3551
f 3550 3549 3548
f 3550 3551 3549
f 3551 3596 3553
f 3549 3552 3564
f 3551 3552 3549
f 3551 3553 3552
f 3553 3599 3554
f 3552 3553 3565
f 3553 3554 3565
f 3554 3600 3702
f 3556 3557 3555
f 3556 3558 3557
f 3557 3558 3559
f 3558 3560 3559
f 3556 3546 3558
f 3546 3547 3558
f 3558 3547 3560
f 3560 3547 3563
f 3560 3561 3559
f 3561 3562 3707
f 3560 3562 3561
f 3560 3563 3562
f 3563 3564 3562
f 3562 3564 3708
f 3708 3564 3711
f 3563 3549 3564
f 3552 3711 3564
f 3552 3565 3711
f 3539 2486 3566
f 3566 3568 3567
f 3567 3569 3570
f 3540 3566 3567
f 3566 2488 3568
f 3568 2508 3578
f 2488 2508 3568
f 3568 3578 3569
f 3568 3569 3567
f 3569 3578 3579
f 3569 3579 3572
f 3572 3579 3588
f 3543 3567 3570
f 3570 3572 3571
f 3544 3570 3571
f 3571 3573 3595
f 3570 3569 3572
f 3572 3588 3573
f 3588 3589 3573
f 3572 3573 3571
f 3573 3589 3597
f 3597 3589 3608
f 3595 3573 3597
f 3482 3574 2505
f 3482 3484 3574
f 3484 3576 3574
f 2506 3574 3575
f 3575 3574 3576
f 3575 3576 3582
f 3484 3493 3576
f 3576 3493 3577
f 3576 3577 3582
f 3582 3577 3583
f 2510 3580 3578
f 3578 3580 3579
f 3580 3581 3579
f 3581 3588 3579
f 3581 3590 3588
f 3575 3581 3580
f 2506 3575 3580
f 3575 3582 3581
f 3582 3590 3581
f 3582 3583 3590
f 3493 3584 3577
f 3584 3585 3577
f 3577 3585 3583
f 3583 3585 3592
f 3584 3586 3585
f 3585 3586 3587
f 3586 3604 3587
f 3585 3587 3592
f 3587 3594 3592
f 3587 3605 3594
f 3590 3591 3589
f 3588 3590 3589
f 3591 3608 3589
f 3591 3593 3608
f 3583 3591 3590
f 3583 3592 3591
f 3591 3592 3593
f 3593 3594 3611
f 3592 3594 3593
f 3550 3571 3595
f 3595 3597 3596
f 3551 3595 3596
f 3598 3599 3596
f 3597 3608 3598
f 3598 3608 3609
f 3597 3598 3596
f 3601 3609 3610
f 3598 3601 3599
f 3598 3609 3601
f 3553 3596 3599
f 3599 3601 3600
f 3599 3600 3554
f 3702 3600 3722
f 3602 3722 3600
f 3601 3602 3600
f 3601 3610 3602
f 3602 3610 3622
f 3602 3603 3722
f 3602 3622 3603
f 3622 3623 3603
f 3604 3605 3587
f 3604 3606 3605
f 3605 3606 3607
f 3605 3612 3594
f 3605 3607 3612
f 3606 3616 3607
f 3607 3618 3614
f 3616 3618 3607
f 3608 3593 3609
f 3609 3593 3611
f 3609 3611 3610
f 3611 3613 3610
f 3610 3613 3622
f 3611 3612 3613
f 3594 3612 3611
f 3612 3614 3613
f 3607 3614 3612
f 3614 3624 3613
f 3618 3615 3614
f 3614 3615 3624
f 3616 3617 3618
f 3527 3617 3616
f 3618 3619 3615
f 3617 3619 3618
f 3617 3620 3619
f 3617 3528 3620
f 3620 3729 3621
f 3729 3730 3621
f 3619 3620 3621
f 3619 3621 3625
f 3622 3613 3624
f 3622 3624 3623
f 3624 3626 3623
f 3623 3626 3731
f 3731 3626 3627
f 3615 3626 3624
f 3619 3625 3615
f 3615 3625 3626
f 3625 3627 3626
f 3730 3627 3628
f 3625 3621 3628
f 3625 3628 3627
f 3621 3730 3628
f 3656 3630 3629
f 3656 3658 3630
f 3657 3631 3632
f 3631 3640 3641
f 3631 3641 3632
f 3658 3632 3633
f 3658 3633 3630
f 3632 3641 3644
f 3632 3644 3633
f 3629 3635 3634
f 3629 3630 3635
f 3636 3634 3637
f 3636 3637 3663
f 3637 3634 3635
f 3630 3633 3638
f 3630 3638 3635
f 3649 3638 3633
f 3649 3633 3644
f 3637 3635 3639
f 3639 3635 3638
f 3637 3639 3664
f 3639 3638 3651
f 3649 3651 3638
f 3639 3651 3674
f 3640 3643 3641
f 3640 3642 3643
f 3644 3641 3645
f 3641 3643 3645
f 3642 3646 3647
f 3642 3647 3643
f 3647 3646 3692
f 3643 3647 3648
f 3645 3643 3648
f 3693 3648 3647
f 3652 3654 3678
f 3654 3700 3719
f 3649 3644 3650
f 3644 3645 3650
f 3649 3652 3651
f 3650 3654 3652
f 3649 3650 3652
f 3651 3652 3675
f 3650 3645 3653
f 3653 3645 3648
f 3653 3648 3704
f 3693 3704 3648
f 3650 3653 3654
f 3653 3700 3654
f 3653 3704 3700
f 3655 3658 3656
f 3655 3657 3658
f 3657 3632 3658
f 2990 3659 3665
f 3659 3660 3666
f 3659 3666 3665
f 3663 3664 3661
f 3664 3674 3676
f 3663 3661 3660
f 3660 3671 3666
f 3660 3661 3671
f 3664 3676 3661
f 3661 3682 3671
f 3661 3676 3682
f 3636 3663 3662
f 2988 3662 3659
f 3662 3663 3660
f 3662 3660 3659
f 3637 3664 3663
f 3639 3674 3664
f 2998 3665 3670
f 3665 3666 3668
f 3665 3668 3670
f 3667 3002 3670
f 2948 3000 3509
f 3000 3667 3509
f 3000 3002 3667
f 3670 3668 3669
f 3667 3669 3510
f 3667 3670 3669
f 3668 3666 3672
f 3672 3671 3683
f 3683 3671 3682
f 3672 3666 3671
f 3668 3672 3673
f 3669 3673 3513
f 3668 3673 3669
f 3672 3683 3684
f 3672 3684 3673
f 3652 3678 3675
f 3674 3675 3677
f 3674 3677 3676
f 3676 3681 3682
f 3676 3677 3681
f 3675 3679 3677
f 3677 3687 3681
f 3675 3678 3679
f 3654 3719 3678
f 3678 3719 3680
f 3679 3688 3687
f 3677 3679 3687
f 3678 3680 3679
f 3679 3680 3688
f 3651 3675 3674
f 3683 3682 3685
f 3682 3681 3685
f 3681 3689 3685
f 3683 3685 3686
f 3683 3686 3684
f 3685 3689 3526
f 3685 3526 3686
f 3687 3690 3689
f 3681 3687 3689
f 3688 3729 3690
f 3687 3688 3690
f 3526 3689 3528
f 3689 3690 3528
f 3646 3691 3692
f 3691 3697 3698
f 3691 3698 3692
f 3693 3692 3694
f 3694 3692 3698
f 3693 3647 3692
f 3697 3696 3698
f 3697 3695 3696
f 3696 3695 3714
f 3698 3696 3699
f 3694 3698 3699
f 3696 3715 3699
f 3700 3701 3720
f 3705 3703 3701
f 3716 3554 3702
f 3702 3722 3718
f 3705 3706 3703
f 3701 3703 3723
f 3706 3718 3703
f 3706 3717 3718
f 3703 3718 3724
f 3693 3705 3704
f 3693 3694 3705
f 3704 3701 3700
f 3704 3705 3701
f 3694 3706 3705
f 3694 3699 3706
f 3699 3717 3706
f 3707 3708 3709
f 3562 3708 3707
f 3708 3710 3709
f 3708 3711 3710
f 3710 3712 3714
f 3711 3712 3710
f 3709 3710 3713
f 3713 3714 3695
f 3710 3714 3713
f 3696 3714 3715
f 3714 3712 3715
f 3711 3565 3712
f 3712 3565 3716
f 3712 3716 3715
f 3715 3716 3717
f 3565 3554 3716
f 3716 3702 3717
f 3702 3718 3717
f 3699 3715 3717
f 3700 3720 3719
f 3719 3720 3721
f 3701 3723 3720
f 3680 3721 3727
f 3680 3727 3688
f 3721 3728 3727
f 3721 3725 3728
f 3719 3721 3680
f 3720 3725 3721
f 3718 3722 3724
f 3603 3724 3722
f 3703 3724 3723
f 3720 3723 3725
f 3726 3723 3724
f 3725 3723 3726
f 3728 3725 3731
f 3725 3726 3731
f 3603 3726 3724
f 3603 3623 3726
f 3726 3623 3731
f 3688 3727 3729
f 3727 3728 3730
f 3729 3727 3730
f 3620 3690 3729
f 3728 3627 3730
f 3728 3731 3627
f 244 269 245
f 244 354 269
f 244 245 1251
f 244 359 354
f 244 2511 359
f 244 2516 2511
f 2120 107 142
f 2120 142 145
f 2120 145 150
f 2120 150 1076
f 2120 1076 1079
f 2120 1079 1084
f 2120 1084 1087
f 2120 1087 1112
f 2120 1112 1115
f 2120 1115 1120
f 826 107 2120
f 2120 1120 1176
f 2120 1176 1179
f 244 2669 2516
f 2669 2529 2516
f 2669 2532 2529
f 2669 2539 2532
f 2669 2651 2539
f 2669 2656 2651
f 2669 2670 2656
f 2669 2673 2670
f 3326 3322 3171
f 144 142 107
f 110 144 107
f 147 145 142
f 144 147 142
f 152 150 145
f 147 152 145
f 1078 1076 150
f 152 1078 150
f 110 163 144
f 110 130 163
f 144 164 147
f 144 163 164
f 130 165 163
f 130 133 165
f 163 167 164
f 163 165 167
f 147 166 152
f 147 164 166
f 152 1104 1078
f 152 166 1104
f 164 168 166
f 164 167 168
f 166 1106 1104
f 166 168 1106
f 133 783 787
f 133 787 165
f 165 787 791
f 165 791 167
f 783 788 789
f 783 789 787
f 787 789 793
f 787 793 791
f 788 798 789
f 789 801 793
f 167 791 792
f 167 792 168
f 168 792 1925
f 168 1925 1106
f 791 793 794
f 791 794 792
f 792 1927 1925
f 792 794 1927
f 793 802 794
f 794 1933 1927
f 788 797 798
f 797 800 798
f 789 798 801
f 798 803 801
f 797 799 800
f 798 800 803
f 793 801 802
f 801 804 802
f 794 802 1933
f 801 803 804
f 802 804 1935
f 799 828 800
f 803 800 833
f 803 834 804
f 799 827 828
f 800 828 833
f 827 831 828
f 827 830 831
f 830 837 838
f 830 838 831
f 803 833 834
f 828 835 833
f 828 831 835
f 804 834 1957
f 833 836 834
f 833 835 836
f 831 840 835
f 831 838 840
f 835 841 836
f 835 840 841
f 837 842 838
f 837 839 842
f 838 843 840
f 838 842 843
f 840 844 841
f 840 843 844
f 839 858 862
f 839 862 842
f 842 863 843
f 842 862 863
f 843 1990 844
f 843 863 1990
f 1081 1079 1076
f 1078 1081 1076
f 1081 1086 1079
f 1086 1084 1079
f 1086 1089 1084
f 1089 1087 1084
f 1089 1114 1087
f 1078 1105 1081
f 1078 1104 1105
f 1081 1105 1108
f 1104 1107 1105
f 1104 1106 1107
f 1105 1107 1110
f 1081 1108 1086
f 1086 1108 1109
f 1086 1109 1089
f 1089 1109 1133
f 1105 1110 1108
f 1108 1110 1111
f 1108 1111 1109
f 1109 1111 1135
f 1114 1112 1087
f 1117 1115 1112
f 1114 1117 1112
f 1122 1120 1115
f 1117 1122 1115
f 1178 1176 1120
f 1122 1178 1120
f 1089 1133 1114
f 1114 1134 1117
f 1114 1133 1134
f 1109 1135 1133
f 1133 1136 1134
f 1133 1135 1136
f 1117 1137 1122
f 1117 1134 1137
f 1122 1138 1178
f 1122 1137 1138
f 1134 1139 1137
f 1134 1136 1139
f 1137 1140 1138
f 1137 1139 1140
f 1181 1179 1176
f 1178 1181 1176
f 1178 1195 1181
f 1178 1138 1195
f 1138 1198 1195
f 1138 1140 1198
f 1252 1482 1251
f 1252 1283 1482
f 1283 1288 1482
f 1288 1458 1482
f 1458 1463 1482
f 1463 1476 1482
f 1476 1481 1482
f 1481 1487 1482
f 1487 3322 1482
f 1106 1926 1107
f 1106 1925 1926
f 1107 1926 1929
f 1925 1928 1926
f 1925 1927 1928
f 1926 1928 1931
f 1927 1934 1928
f 1107 1929 1110
f 1110 1929 1930
f 1110 1930 1111
f 1111 1930 1941
f 1926 1931 1929
f 1929 1931 1932
f 1929 1932 1930
f 1930 1932 1943
f 1928 1937 1931
f 1931 1938 1932
f 1927 1933 1934
f 802 1935 1933
f 1928 1934 1937
f 1933 1936 1934
f 1933 1935 1936
f 1934 1936 1939
f 1931 1937 1938
f 1934 1939 1937
f 1932 1938 1949
f 1937 1940 1938
f 1937 1939 1940
f 1938 1940 1951
f 804 1957 1935
f 1935 1958 1936
f 1936 1961 1939
f 1939 1962 1940
f 1111 1941 1135
f 1135 1942 1136
f 1135 1941 1942
f 1930 1943 1941
f 1941 1943 1944
f 1941 1944 1942
f 1942 1944 1947
f 1932 1949 1943
f 1943 1950 1944
f 1136 1945 1139
f 1136 1942 1945
f 1139 1945 1946
f 1139 1946 1140
f 1942 1947 1945
f 1945 1947 1948
f 1945 1948 1946
f 1944 1953 1947
f 1947 1954 1948
f 1943 1949 1950
f 1938 1951 1949
f 1944 1950 1953
f 1949 1952 1950
f 1949 1951 1952
f 1950 1952 1955
f 1947 1953 1954
f 1950 1955 1953
f 1953 1956 1954
f 1953 1955 1956
f 1954 1956 2059
f 1940 1973 1951
f 1951 1974 1952
f 1952 1977 1955
f 1955 1978 1956
f 1935 1957 1958
f 834 1959 1957
f 834 836 1959
f 1957 1959 1960
f 1936 1958 1961
f 1957 1960 1958
f 1958 1960 1963
f 836 1965 1959
f 836 841 1965
f 1959 1966 1960
f 1959 1965 1966
f 1960 1966 1969
f 1939 1961 1962
f 1958 1963 1961
f 1961 1963 1964
f 1940 1962 1973
f 1961 1964 1962
f 1962 1964 1975
f 1963 1960 1969
f 1963 1969 1970
f 1963 1970 1964
f 1964 1970 1981
f 841 1967 1965
f 841 844 1967
f 1965 1968 1966
f 1965 1967 1968
f 1966 1968 1971
f 1966 1971 1969
f 1969 1971 1972
f 1969 1972 1970
f 1970 1972 1983
f 1951 1973 1974
f 1962 1975 1973
f 1973 1975 1976
f 1952 1974 1977
f 1973 1976 1974
f 1974 1976 1979
f 1976 1985 1979
f 1964 1981 1975
f 1975 1981 1982
f 1975 1982 1976
f 1976 1982 1985
f 1955 1977 1978
f 1974 1979 1977
f 1977 1979 1980
f 1956 1978 2115
f 1977 1980 1978
f 1978 1980 2118
f 1979 1986 1980
f 1980 2121 2118
f 1979 1985 1986
f 1986 2121 1980
f 1981 1984 1982
f 1970 1983 1981
f 1981 1983 1984
f 1982 1987 1985
f 1982 1984 1987
f 1983 2016 1984
f 1984 2021 1987
f 1985 1988 1986
f 1985 1987 1988
f 1986 1989 2121
f 1986 1988 1989
f 1987 2022 1988
f 1988 2025 1989
f 844 1991 1967
f 844 1990 1991
f 1967 1992 1968
f 1967 1991 1992
f 1968 1999 1971
f 1968 1992 1999
f 1971 1999 2000
f 1971 2000 1972
f 1972 2000 2015
f 1972 2015 1983
f 1983 2015 2016
f 1984 2016 2021
f 1987 2021 2022
f 1988 2022 2025
f 1140 1946 2047
f 1140 2047 1198
f 1946 1948 2050
f 1946 2050 2047
f 1948 2058 2050
f 1948 1954 2058
f 1954 2059 2058
f 1956 2115 2059
f 1978 2118 2115
f 2676 2673 2689
f 2694 2673 2697
f 2697 2673 3153
f 3153 2673 3158
f 2689 2673 2694
f 1487 1490 3322
f 1490 1513 3322
f 1513 1518 3322
f 1518 3003 3322
f 3003 3008 3322
f 3008 3011 3322
f 3011 3030 3322
f 3158 2673 3171
f 3030 3035 3322
f 3035 3275 3322
f 3275 3280 3322
f 3280 3323 3322
f 3280 3283 3323
