triangle_id,a,b,c
0,0,1,3
1,0,3,6
2,0,9,8
3,0,8,12
4,0,10,9
5,0,12,1
6,1,4,3
7,1,12,4
8,4,12,13
9,0,6,33
10,0,32,10
11,7,18,31
12,10,35,11
13,11,17,15
14,11,35,36
15,11,36,17
16,17,36,18
17,0,33,32
18,10,32,35
19,6,7,33
20,7,31,33
21,32,42,35
22,32,33,42
23,33,44,42
24,31,34,33
25,33,34,44
26,34,45,44
27,35,38,36
28,18,37,31
29,18,36,37
30,35,42,43
31,61,67,70
32,61,70,84
33,70,71,88
34,60,61,72
35,60,72,73
36,60,73,66
37,66,73,68
38,68,73,75
39,73,74,75
40,61,84,72
41,72,102,73
42,73,102,74
43,71,78,89
44,77,100,78
45,70,88,84
46,84,88,90
47,71,89,88
48,91,97,92
49,91,95,97
50,72,84,91
51,72,91,92
52,72,92,102
53,74,102,77
54,77,102,99
55,78,100,89
56,77,99,100
57,92,103,102
58,92,97,104
59,92,104,103
60,99,102,103
61,97,98,104
62,35,84,38
63,38,84,40
64,40,87,41
65,35,43,91
66,42,91,43
67,42,44,93
68,41,94,46
69,44,45,94
70,45,46,94
71,40,84,86
72,84,90,86
73,40,86,87
74,35,91,84
75,42,95,91
76,42,93,95
77,41,87,94
78,44,94,93
79,9,10,11
80,8,9,59
81,8,59,12
82,9,11,61
83,11,15,63
84,12,65,13
85,13,65,14
86,14,64,16
87,15,16,64
88,9,60,59
89,12,59,65
90,9,61,60
91,11,67,61
92,11,63,67
93,59,60,65
94,60,66,65
95,14,66,62
96,14,65,66
97,14,62,64
98,15,64,63
99,62,66,68
100,2,3,4
101,2,4,19
102,4,13,19
103,2,6,3
104,2,5,6
105,2,22,5
106,5,7,6
107,5,29,7
108,7,29,18
109,13,14,25
110,14,16,25
111,16,17,25
112,15,17,16
113,17,18,25
114,2,19,22
115,19,20,22
116,19,25,20
117,13,25,19
118,20,25,26
119,20,23,22
120,5,22,29
121,22,23,28
122,22,28,29
123,25,29,26
124,18,29,25
125,26,29,28
126,31,47,34
127,31,37,47
128,34,48,45
129,36,39,37
130,37,39,47
131,36,38,40
132,36,40,39
133,39,41,50
134,39,40,41
135,41,46,51
136,45,57,46
137,47,49,55
138,34,47,48
139,47,55,48
140,45,48,54
141,48,55,54
142,39,50,47
143,47,50,49
144,49,50,52
145,41,51,50
146,50,51,52
147,45,54,57
148,46,57,51
149,62,80,64
150,62,68,80
151,63,64,69
152,64,81,69
153,63,70,67
154,63,69,70
155,69,71,70
156,68,75,80
157,75,76,80
158,74,76,75
159,74,79,76
160,76,79,82
161,69,83,71
162,71,83,78
163,74,77,79
164,77,78,79
165,78,83,79
166,80,82,81
167,64,80,81
168,69,81,83
169,76,82,80
170,81,82,83
171,79,83,82
172,85,86,88
173,85,87,86
174,88,86,90
175,85,88,243
176,88,89,243
177,85,243,1250
178,89,100,243
179,85,1481,87
180,85,1250,1481
181,87,1481,94
182,93,94,96
183,93,96,95
184,96,97,95
185,96,98,97
186,94,1481,96
187,96,1481,98
188,98,1481,104
189,100,2668,243
190,99,101,100
191,99,105,101
192,100,101,2668
193,101,105,2668
194,104,1481,3321
195,99,103,105
196,105,2672,2668
197,105,3170,2672
198,103,104,105
199,105,3325,3170
200,104,3325,105
201,104,3321,3325
202,20,27,21
203,20,26,27
204,20,21,23
205,21,24,23
206,21,27,24
207,23,24,28
208,24,27,30
209,24,30,28
210,26,28,30
211,26,30,27
212,51,57,106
213,49,53,55
214,49,52,53
215,51,825,52
216,51,106,825
217,52,825,53
218,54,55,56
219,54,56,57
220,57,1178,106
221,56,1178,57
222,53,58,55
223,53,2119,58
224,55,58,56
225,56,58,1178
226,53,825,2119
227,58,2119,1178
228,245,246,244
229,245,244,268
230,245,247,248
231,245,248,246
232,245,269,247
233,246,259,244
234,259,260,244
235,246,248,249
236,246,249,261
237,246,261,259
238,247,250,251
239,247,251,248
240,250,253,251
241,247,270,250
242,250,252,253
243,252,273,253
244,250,271,252
245,252,272,274
246,248,254,249
247,248,251,254
248,249,254,255
249,251,257,254
250,254,256,255
251,249,255,264
252,251,253,257
253,254,257,256
254,253,277,257
255,257,278,256
256,255,256,258
257,256,279,258
258,258,279,280
259,249,264,261
260,259,261,262
261,259,263,260
262,259,262,263
263,261,266,262
264,260,319,318
265,260,263,319
266,255,265,264
267,261,264,266
268,255,258,265
269,258,280,303
270,258,303,265
271,264,267,266
272,262,266,320
273,264,265,267
274,265,303,335
275,265,335,267
276,245,268,269
277,247,269,270
278,269,268,353
279,269,354,270
280,250,270,271
281,252,271,272
282,270,355,271
283,271,356,272
284,272,357,314
285,252,274,273
286,273,274,276
287,274,314,275
288,274,275,276
289,275,286,276
290,275,315,285
291,253,273,277
292,257,277,278
293,273,281,277
294,277,282,278
295,256,278,279
296,278,283,279
297,278,282,283
298,279,284,280
299,279,283,284
300,273,276,281
301,277,281,282
302,276,289,281
303,276,286,289
304,281,290,282
305,281,289,290
306,283,292,284
307,282,291,283
308,282,290,291
309,283,291,292
310,275,285,286
311,285,287,288
312,285,288,286
313,285,316,287
314,287,371,372
315,287,372,288
316,287,317,371
317,286,294,289
318,286,288,294
319,289,295,290
320,289,294,295
321,290,297,291
322,291,293,292
323,290,295,297
324,291,297,293
325,288,376,294
326,294,296,295
327,288,372,376
328,294,376,296
329,295,298,297
330,293,297,299
331,295,296,298
332,297,298,299
333,280,284,300
334,280,300,304
335,280,304,303
336,284,301,300
337,284,292,301
338,300,301,302
339,300,302,305
340,303,336,335
341,303,304,336
342,300,305,304
343,304,305,337
344,292,306,301
345,301,307,302
346,292,293,306
347,301,306,307
348,302,307,308
349,293,309,306
350,306,310,307
351,306,309,310
352,293,299,309
353,307,311,308
354,307,310,311
355,308,311,313
356,311,419,313
357,302,312,305
358,302,308,312
359,308,313,341
360,308,341,312
361,313,593,341
362,272,314,274
363,275,314,315
364,314,363,315
365,315,364,316
366,285,315,316
367,287,316,317
368,317,514,371
369,316,365,317
370,317,366,514
371,260,1250,244
372,318,319,325
373,318,325,324
374,262,321,263
375,262,320,321
376,263,322,319
377,263,321,322
378,266,323,320
379,266,267,323
380,267,335,338
381,267,338,323
382,319,328,325
383,319,322,328
384,320,330,321
385,321,332,322
386,320,323,329
387,320,329,330
388,323,338,344
389,323,344,329
390,260,318,1250
391,324,325,327
392,318,324,1250
393,324,327,326
394,322,333,328
395,325,328,331
396,321,330,332
397,322,332,333
398,329,1256,330
399,329,344,346
400,325,331,327
401,328,334,331
402,328,333,334
403,330,1257,332
404,329,346,1256
405,332,1258,333
406,335,336,339
407,304,337,336
408,335,339,338
409,338,339,345
410,336,340,339
411,336,337,340
412,305,342,337
413,305,312,342
414,312,341,343
415,312,343,342
416,337,342,349
417,337,349,340
418,341,595,343
419,342,343,350
420,342,350,349
421,338,345,344
422,339,347,345
423,339,340,347
424,344,345,348
425,344,348,346
426,330,1256,1257
427,345,347,1259
428,345,1259,348
429,340,349,351
430,340,351,347
431,343,599,350
432,349,350,352
433,347,1266,1259
434,347,351,1266
435,349,352,351
436,350,601,352
437,351,352,1267
438,269,353,354
439,270,354,355
440,354,353,358
441,354,359,355
442,271,355,356
443,272,356,357
444,355,360,356
445,356,361,357
446,357,362,363
447,354,358,359
448,355,359,360
449,359,358,2510
450,359,2511,360
451,359,2510,2511
452,360,2511,2512
453,356,360,361
454,357,361,362
455,360,2512,361
456,361,2513,362
457,362,2514,367
458,361,2512,2513
459,362,2513,2514
460,314,357,363
461,315,363,364
462,363,367,364
463,364,368,365
464,316,364,365
465,317,365,366
466,366,618,514
467,365,369,366
468,366,370,618
469,362,367,363
470,364,367,368
471,367,2520,368
472,368,2521,369
473,367,2514,2520
474,368,2520,2521
475,365,368,369
476,366,369,370
477,370,691,618
478,369,2522,370
479,370,2523,691
480,369,2521,2522
481,370,2522,2523
482,691,2523,2555
483,371,374,372
484,371,373,374
485,371,514,373
486,373,375,374
487,373,385,375
488,373,515,385
489,372,377,376
490,296,376,378
491,372,374,377
492,376,377,378
493,296,379,298
494,298,380,299
495,296,378,379
496,298,379,380
497,377,374,381
498,377,382,378
499,374,375,381
500,377,381,382
501,378,383,379
502,378,382,383
503,379,384,380
504,379,383,384
505,385,387,375
506,385,386,387
507,386,388,387
508,385,525,386
509,386,389,388
510,388,389,408
511,389,516,408
512,375,390,381
513,381,393,382
514,381,390,393
515,375,387,390
516,387,388,391
517,387,391,390
518,388,392,391
519,390,391,394
520,391,392,395
521,390,394,393
522,391,395,394
523,392,396,395
524,392,409,396
525,382,397,383
526,382,393,397
527,383,402,384
528,383,397,402
529,393,394,398
530,393,398,397
531,394,395,399
532,395,396,400
533,394,399,398
534,395,400,399
535,396,401,400
536,396,410,401
537,397,398,403
538,398,399,404
539,397,403,402
540,398,404,403
541,399,400,405
542,400,401,406
543,399,405,404
544,400,406,405
545,401,407,406
546,401,411,407
547,388,408,392
548,392,408,409
549,396,409,410
550,408,517,409
551,409,518,410
552,401,410,411
553,407,411,459
554,410,519,411
555,411,520,459
556,299,412,309
557,299,380,412
558,309,413,310
559,309,412,413
560,412,416,413
561,310,414,311
562,310,413,414
563,311,414,419
564,413,417,414
565,414,420,419
566,380,415,412
567,380,384,415
568,412,415,416
569,384,435,415
570,415,442,416
571,413,416,417
572,414,417,420
573,416,443,417
574,417,463,420
575,313,419,418
576,419,421,418
577,313,418,593
578,419,420,421
579,418,421,422
580,420,466,421
581,421,466,484
582,418,422,594
583,421,484,422
584,422,484,489
585,384,402,435
586,415,435,442
587,402,403,436
588,403,404,437
589,404,405,438
590,402,436,435
591,403,437,436
592,404,438,437
593,405,406,439
594,406,407,440
595,405,439,438
596,406,440,439
597,407,441,440
598,407,459,441
599,435,436,445
600,436,437,446
601,437,438,447
602,438,439,448
603,435,445,442
604,436,446,445
605,437,447,446
606,438,448,447
607,439,440,449
608,440,441,450
609,439,449,448
610,440,450,449
611,441,451,450
612,441,460,451
613,416,442,443
614,442,444,443
615,417,443,463
616,443,444,464
617,443,464,463
618,444,465,464
619,442,445,444
620,445,446,452
621,446,447,453
622,447,448,454
623,448,449,455
624,444,445,452
625,446,453,452
626,447,454,453
627,448,455,454
628,449,450,456
629,450,451,457
630,449,456,455
631,450,457,456
632,451,458,457
633,451,461,458
634,444,452,465
635,452,453,470
636,452,470,465
637,453,471,470
638,453,454,471
639,454,455,472
640,455,456,473
641,454,472,471
642,455,473,472
643,456,457,474
644,457,458,475
645,456,474,473
646,457,475,474
647,458,476,475
648,458,462,476
649,441,459,460
650,459,536,460
651,451,460,461
652,458,461,462
653,460,537,461
654,461,538,462
655,420,463,466
656,463,464,467
657,464,465,468
658,463,467,466
659,464,468,467
660,465,469,468
661,466,467,485
662,467,468,486
663,468,469,487
664,465,470,469
665,470,471,477
666,471,472,478
667,472,473,479
668,473,474,480
669,474,475,481
670,475,476,482
671,476,509,483
672,470,477,469
673,471,478,477
674,472,479,478
675,473,480,479
676,469,477,488
677,477,478,495
678,478,479,496
679,479,480,497
680,480,481,498
681,474,481,480
682,475,482,481
683,476,483,482
684,481,482,499
685,482,483,500
686,483,510,501
687,466,485,484
688,467,486,485
689,468,487,486
690,469,488,487
691,484,485,490
692,485,486,491
693,486,487,492
694,487,488,493
695,484,490,489
696,485,491,490
697,486,492,491
698,487,493,492
699,488,494,493
700,477,495,488
701,478,496,495
702,479,497,496
703,480,498,497
704,488,495,494
705,495,496,502
706,496,497,503
707,497,498,504
708,498,499,505
709,481,499,498
710,482,500,499
711,483,501,500
712,499,500,506
713,500,501,507
714,501,511,508
715,494,495,502
716,496,503,502
717,497,504,503
718,498,505,504
719,499,506,505
720,500,507,506
721,501,508,507
722,476,462,509
723,483,509,510
724,462,543,509
725,509,544,510
726,510,511,501
727,508,511,512
728,510,545,511
729,511,545,546
730,512,511,546
731,512,546,513
732,373,514,515
733,385,515,525
734,514,618,515
735,515,619,525
736,386,526,389
737,386,525,526
738,389,527,516
739,389,526,527
740,408,516,517
741,409,517,518
742,516,521,517
743,517,522,518
744,410,518,519
745,411,519,520
746,518,523,519
747,519,524,520
748,517,521,522
749,518,522,523
750,521,528,522
751,522,529,523
752,522,528,529
753,519,523,524
754,520,524,539
755,523,530,524
756,523,529,530
757,524,531,539
758,524,530,531
759,516,622,521
760,516,527,622
761,525,620,526
762,526,621,527
763,521,624,528
764,528,532,529
765,529,532,533
766,529,533,530
767,530,533,534
768,530,534,531
769,531,534,560
770,521,622,624
771,532,623,533
772,528,628,532
773,533,625,534
774,534,535,560
775,533,623,625
776,534,625,535
777,520,536,459
778,460,536,537
779,520,539,536
780,536,540,537
781,536,539,540
782,461,537,538
783,538,543,462
784,537,541,538
785,537,540,541
786,538,542,543
787,538,541,542
788,531,557,539
789,539,557,540
790,540,557,558
791,540,558,541
792,541,558,559
793,541,559,542
794,559,567,542
795,509,543,544
796,510,544,545
797,543,550,544
798,543,542,550
799,544,551,545
800,544,550,551
801,546,545,548
802,513,546,549
803,513,549,547
804,546,548,549
805,551,548,545
806,547,549,554
807,550,568,551
808,542,567,550
809,550,567,568
810,551,568,552
811,548,555,549
812,549,555,554
813,551,552,548
814,552,555,548
815,547,554,553
816,552,574,555
817,554,555,571
818,554,572,553
819,572,556,553
820,554,571,572
821,531,560,557
822,557,561,558
823,557,560,561
824,558,563,559
825,559,564,567
826,558,561,563
827,559,563,564
828,560,562,561
829,535,562,560
830,561,562,565
831,563,561,565
832,563,566,564
833,563,565,566
834,564,566,579
835,568,567,569
836,568,570,552
837,552,570,574
838,567,564,569
839,568,569,570
840,574,570,577
841,574,571,555
842,572,571,575
843,572,576,556
844,556,576,573
845,574,580,571
846,571,580,575
847,572,575,576
848,576,582,573
849,573,582,581
850,564,579,569
851,569,579,578
852,569,578,570
853,574,577,580
854,570,578,577
855,577,645,580
856,580,645,584
857,577,578,644
858,577,644,645
859,575,583,576
860,575,580,584
861,575,584,583
862,576,583,582
863,582,651,581
864,582,583,650
865,584,649,583
866,581,651,606
867,582,650,651
868,418,594,593
869,341,593,595
870,422,489,598
871,422,598,594
872,593,596,595
873,343,595,599
874,593,594,596
875,594,598,604
876,594,604,596
877,595,600,599
878,350,599,601
879,595,596,600
880,596,604,605
881,596,605,600
882,599,1318,601
883,599,600,1318
884,600,605,1322
885,600,1322,1318
886,515,618,619
887,525,619,620
888,618,691,619
889,619,692,620
890,526,620,621
891,527,631,622
892,527,621,631
893,528,624,628
894,532,632,623
895,623,626,625
896,535,625,627
897,625,626,627
898,535,627,636
899,532,628,632
900,622,634,624
901,626,629,627
902,627,630,636
903,627,629,630
904,623,635,626
905,620,693,621
906,621,694,631
907,622,631,634
908,624,695,628
909,623,632,635
910,626,696,629
911,629,633,630
912,626,635,696
913,624,634,695
914,628,697,632
915,628,695,697
916,629,698,633
917,629,696,698
918,535,636,562
919,562,637,565
920,562,636,637
921,565,638,566
922,566,639,579
923,566,638,639
924,565,637,638
925,639,641,646
926,630,640,636
927,636,640,637
928,637,640,642
929,637,642,638
930,638,642,643
931,638,643,639
932,639,643,641
933,642,667,643
934,643,666,641
935,666,665,641
936,579,646,578
937,578,646,644
938,579,639,646
939,584,645,647
940,644,648,645
941,646,654,644
942,644,654,648
943,645,648,647
944,649,647,655
945,649,650,583
946,584,647,649
947,606,651,653
948,650,652,651
949,606,653,724
950,649,658,650
951,650,658,652
952,651,652,653
953,653,659,724
954,724,659,725
955,646,641,654
956,654,656,648
957,656,657,648
958,647,648,657
959,647,657,655
960,641,665,654
961,654,665,656
962,655,676,658
963,655,657,677
964,655,677,676
965,649,655,658
966,652,658,661
967,652,661,660
968,652,660,653
969,653,660,659
970,659,662,725
971,676,661,658
972,660,661,681
973,659,660,682
974,659,682,662
975,630,663,640
976,630,633,663
977,640,664,642
978,640,663,664
979,633,669,663
980,663,670,664
981,642,664,667
982,643,667,666
983,666,673,665
984,666,667,671
985,664,672,667
986,665,673,668
987,666,671,673
988,663,669,670
989,664,670,672
990,669,704,670
991,670,705,672
992,667,672,671
993,668,673,675
994,671,674,673
995,668,675,686
996,671,672,706
997,671,706,674
998,674,675,673
999,686,675,707
1000,686,707,712
1001,656,665,668
1002,656,678,657
1003,657,678,677
1004,656,668,678
1005,677,680,676
1006,678,685,677
1007,668,686,678
1008,676,680,679
1009,677,685,680
1010,676,679,661
1011,660,681,682
1012,679,681,661
1013,726,662,683
1014,662,682,684
1015,682,681,690
1016,679,687,681
1017,687,690,681
1018,682,690,684
1019,662,684,683
1020,678,686,685
1021,685,688,680
1022,679,680,689
1023,679,689,687
1024,680,688,689
1025,685,686,712
1026,685,712,688
1027,689,730,687
1028,689,688,731
1029,688,712,728
1030,619,691,692
1031,620,692,693
1032,691,2555,692
1033,692,2556,693
1034,692,2555,2556
1035,693,2556,2561
1036,621,693,694
1037,631,699,634
1038,631,694,699
1039,632,697,700
1040,632,700,635
1041,633,701,669
1042,633,698,701
1043,634,702,695
1044,634,699,702
1045,635,703,696
1046,635,700,703
1047,696,2558,698
1048,693,2561,694
1049,695,2557,697
1050,694,2562,699
1051,695,702,2557
1052,697,2559,700
1053,696,703,2558
1054,698,2560,701
1055,697,2557,2559
1056,694,2561,2562
1057,699,2563,702
1058,698,2558,2560
1059,700,2564,703
1060,670,704,705
1061,704,711,705
1062,705,710,706
1063,705,711,710
1064,672,705,706
1065,706,709,674
1066,674,709,708
1067,674,708,675
1068,708,707,675
1069,706,710,709
1070,710,713,709
1071,669,715,704
1072,669,701,715
1073,704,717,711
1074,710,711,714
1075,712,707,754
1076,708,753,707
1077,708,709,755
1078,712,754,728
1079,707,753,754
1080,708,755,753
1081,709,713,755
1082,710,714,713
1083,704,715,717
1084,711,717,716
1085,701,2569,715
1086,725,662,726
1087,726,683,727
1088,727,683,733
1089,683,684,734
1090,727,733,732
1091,734,684,735
1092,683,734,733
1093,687,729,690
1094,690,735,684
1095,687,730,729
1096,688,728,731
1097,689,731,730
1098,690,729,735
1099,732,733,739
1100,734,735,741
1101,734,740,733
1102,729,742,735
1103,729,730,743
1104,731,744,730
1105,731,728,736
1106,728,737,736
1107,730,744,743
1108,729,743,742
1109,731,736,744
1110,732,739,738
1111,733,740,739
1112,734,741,740
1113,735,742,741
1114,738,739,746
1115,742,748,741
1116,744,736,749
1117,736,737,750
1118,744,752,743
1119,743,751,742
1120,737,763,750
1121,736,750,749
1122,738,746,745
1123,739,740,747
1124,739,747,746
1125,741,1351,740
1126,741,748,1351
1127,745,746,1352
1128,740,1351,747
1129,743,752,751
1130,744,749,752
1131,742,751,748
1132,752,749,1354
1133,763,1356,750
1134,750,1355,749
1135,755,713,757
1136,714,756,713
1137,755,759,753
1138,753,758,754
1139,754,737,728
1140,755,757,759
1141,713,756,757
1142,753,759,758
1143,754,758,737
1144,757,756,761
1145,757,762,759
1146,758,763,737
1147,758,759,760
1148,759,762,760
1149,757,761,762
1150,758,760,763
1151,760,1383,763
1152,762,1384,760
1153,761,1385,762
1154,762,1385,1384
1155,760,1384,1383
1156,324,326,1250
1157,326,327,1247
1158,326,1246,1250
1159,326,1247,1246
1160,327,331,1248
1161,331,334,1249
1162,333,1261,334
1163,327,1248,1247
1164,331,1249,1248
1165,334,1262,1249
1166,1246,1252,1250
1167,1246,1253,1252
1168,1251,1250,1252
1169,1246,1247,1253
1170,1247,1254,1253
1171,1248,1255,1254
1172,1249,1273,1255
1173,1247,1248,1254
1174,1248,1249,1255
1175,332,1257,1258
1176,333,1258,1261
1177,346,348,1260
1178,346,1263,1256
1179,334,1261,1262
1180,1256,1265,1257
1181,346,1260,1263
1182,348,1259,1264
1183,348,1264,1260
1184,1257,1276,1258
1185,1256,1263,1265
1186,1257,1265,1276
1187,1258,1271,1261
1188,1261,1274,1262
1189,1260,1272,1263
1190,1258,1276,1271
1191,1260,1264,1270
1192,1259,1268,1264
1193,1259,1266,1268
1194,351,1267,1266
1195,352,1317,1267
1196,1266,1267,1269
1197,1264,1268,1277
1198,1266,1269,1268
1199,1267,1327,1269
1200,1262,1275,1273
1201,1263,1272,1279
1202,1262,1274,1275
1203,1265,1280,1276
1204,1276,1294,1271
1205,1265,1279,1280
1206,1271,1295,1274
1207,1276,1280,1294
1208,1271,1294,1295
1209,1274,1297,1275
1210,1249,1262,1273
1211,1263,1279,1265
1212,1261,1271,1274
1213,1260,1270,1272
1214,1270,1277,1281
1215,1268,1278,1277
1216,1269,1325,1278
1217,1270,1296,1272
1218,1270,1281,1296
1219,1272,1298,1279
1220,1279,1299,1280
1221,1272,1296,1298
1222,1277,1278,1300
1223,1277,1300,1281
1224,1278,1332,1300
1225,1264,1277,1270
1226,1268,1269,1278
1227,1251,1252,1283
1228,1251,1283,1282
1229,1252,1253,1284
1230,1252,1284,1283
1231,1282,1283,1288
1232,1283,1284,1289
1233,1253,1254,1285
1234,1253,1285,1284
1235,1254,1255,1286
1236,1254,1286,1285
1237,1255,1292,1286
1238,1284,1285,1290
1239,1285,1286,1291
1240,1282,1288,1287
1241,1283,1289,1288
1242,1287,1288,1458
1243,1288,1289,1459
1244,1284,1290,1289
1245,1285,1291,1290
1246,1286,1307,1291
1247,1289,1290,1460
1248,1290,1291,1461
1249,1255,1273,1292
1250,1273,1293,1292
1251,1273,1275,1293
1252,1274,1295,1297
1253,1275,1301,1293
1254,1286,1292,1307
1255,1292,1293,1308
1256,1275,1297,1301
1257,1280,1302,1294
1258,1279,1298,1299
1259,1294,1304,1295
1260,1280,1299,1302
1261,1281,1300,1303
1262,1281,1305,1296
1263,1296,1306,1298
1264,1281,1303,1305
1265,1300,1334,1303
1266,1295,1309,1297
1267,1294,1302,1304
1268,1295,1304,1309
1269,1293,1301,1313
1270,1297,1311,1301
1271,1297,1309,1311
1272,1298,1310,1299
1273,1296,1305,1306
1274,1299,1312,1302
1275,1298,1306,1310
1276,1303,1341,1305
1277,1292,1308,1307
1278,1293,1313,1308
1279,1291,1307,1467
1280,1307,1308,1468
1281,1301,1314,1313
1282,1301,1311,1314
1283,1302,1315,1304
1284,1299,1310,1312
1285,1302,1312,1315
1286,1304,1316,1309
1287,1309,1530,1311
1288,1304,1315,1316
1289,1308,1313,1469
1290,1313,1314,1470
1291,1311,1531,1314
1292,1309,1316,1530
1293,1311,1530,1531
1294,352,601,1317
1295,601,1319,1317
1296,601,1318,1319
1297,1318,1322,1323
1298,1318,1323,1319
1299,1267,1317,1327
1300,1317,1324,1327
1301,1317,1319,1324
1302,1319,1323,1329
1303,1269,1327,1325
1304,1327,1326,1325
1305,1327,1324,1326
1306,1324,1329,1331
1307,1278,1325,1332
1308,1324,1331,1326
1309,1325,1326,1333
1310,1319,1329,1324
1311,1325,1333,1332
1312,1300,1332,1334
1313,1326,1331,1337
1314,1326,1337,1333
1315,1332,1333,1335
1316,1332,1335,1334
1317,1303,1334,1340
1318,1333,1337,1339
1319,1333,1339,1335
1320,1334,1335,1342
1321,1303,1340,1341
1322,1305,1343,1306
1323,1334,1342,1340
1324,1306,1344,1310
1325,1305,1341,1343
1326,1335,1339,1347
1327,1335,1347,1342
1328,1310,1532,1312
1329,1306,1343,1344
1330,1310,1344,1532
1331,1340,1536,1341
1332,1312,1535,1315
1333,1312,1532,1535
1334,1315,1534,1316
1335,1341,1537,1343
1336,1340,1342,1345
1337,1342,1347,1544
1338,1340,1345,1536
1339,1342,1544,1345
1340,1348,1350,1349
1341,746,747,1353
1342,745,1352,1348
1343,746,1353,1352
1344,748,751,1358
1345,747,1351,1357
1346,748,1359,1351
1347,747,1357,1353
1348,1351,1359,1357
1349,748,1358,1359
1350,752,1360,751
1351,752,1354,1360
1352,750,1356,1355
1353,749,1355,1354
1354,751,1360,1358
1355,1383,1361,1356
1356,1348,1352,1350
1357,1352,1353,1365
1358,1353,1357,1366
1359,1352,1365,1350
1360,1353,1366,1365
1361,1357,1367,1366
1362,1357,1359,1367
1363,1359,1358,1368
1364,1360,1354,1370
1365,1356,1372,1355
1366,1355,1369,1354
1367,1356,1361,1372
1368,1360,1371,1358
1369,1360,1370,1371
1370,1354,1369,1370
1371,1355,1372,1369
1372,1349,1350,1363
1373,1349,1363,1362
1374,1350,1373,1363
1375,1362,1363,1403
1376,1362,1403,1364
1377,1363,1373,1404
1378,1363,1404,1403
1379,1350,1365,1373
1380,1359,1368,1367
1381,1358,1371,1368
1382,1365,1366,1374
1383,1365,1374,1373
1384,1366,1367,1375
1385,1367,1368,1376
1386,1372,1361,1380
1387,1370,1369,1381
1388,1371,1370,1382
1389,1372,1379,1369
1390,1372,1380,1379
1391,1361,1378,1380
1392,1366,1375,1374
1393,1368,1371,1377
1394,1367,1376,1375
1395,1368,1377,1376
1396,1377,1371,1382
1397,1373,1374,1409
1398,1373,1409,1404
1399,1374,1375,1410
1400,1370,1381,1382
1401,1369,1379,1381
1402,1380,1378,1413
1403,1380,1414,1379
1404,763,1383,1356
1405,1385,1387,1384
1406,1384,1386,1383
1407,1384,1387,1386
1408,1383,1386,1361
1409,1386,1387,1388
1410,1386,1378,1361
1411,1386,1388,1378
1412,1388,1444,1378
1413,1364,1403,1406
1414,1364,1406,1405
1415,1403,1404,1407
1416,1403,1407,1406
1417,1404,1408,1407
1418,1405,1422,1421
1419,1405,1406,1422
1420,1406,1407,1423
1421,1407,1408,1424
1422,1374,1410,1409
1423,1375,1411,1410
1424,1375,1376,1411
1425,1376,1377,1415
1426,1377,1382,1416
1427,1404,1409,1408
1428,1409,1410,1417
1429,1376,1415,1411
1430,1377,1416,1415
1431,1381,1419,1382
1432,1379,1412,1381
1433,1379,1414,1412
1434,1378,1444,1413
1435,1380,1413,1414
1436,1382,1419,1416
1437,1381,1412,1419
1438,1410,1411,1418
1439,1409,1417,1408
1440,1410,1418,1417
1441,1411,1415,1429
1442,1411,1429,1418
1443,1415,1416,1430
1444,1419,1432,1416
1445,1415,1430,1429
1446,1412,1434,1419
1447,1412,1414,1433
1448,1413,1435,1414
1449,1413,1444,1420
1450,1412,1433,1434
1451,1414,1435,1433
1452,1413,1420,1435
1453,1406,1423,1422
1454,1407,1424,1423
1455,1408,1431,1424
1456,1421,1422,1426
1457,1421,1426,1425
1458,1422,1423,1427
1459,1422,1427,1426
1460,1423,1424,1428
1461,1424,1431,1814
1462,1423,1428,1427
1463,1425,1426,1815
1464,1426,1427,1816
1465,1424,1814,1428
1466,1408,1417,1431
1467,1417,1418,1436
1468,1418,1429,1437
1469,1430,1416,1432
1470,1417,1436,1431
1471,1418,1437,1436
1472,1429,1430,1438
1473,1429,1438,1437
1474,1430,1432,1439
1475,1419,1434,1432
1476,1435,1420,1440
1477,1434,1443,1432
1478,1434,1433,1441
1479,1435,1442,1433
1480,1431,1436,1825
1481,1430,1439,1438
1482,1432,1443,1439
1483,1431,1825,1814
1484,1436,1437,1826
1485,1436,1826,1825
1486,1437,1438,1827
1487,1438,1439,1828
1488,1433,1442,1441
1489,1434,1441,1443
1490,1435,1440,1442
1491,1440,1830,1442
1492,1287,1458,1457
1493,1288,1459,1458
1494,1457,1458,1463
1495,1458,1459,1464
1496,1289,1460,1459
1497,1290,1461,1460
1498,1291,1467,1461
1499,1459,1460,1465
1500,1460,1461,1466
1501,1457,1463,1462
1502,1458,1464,1463
1503,1462,1463,1476
1504,1462,1476,1475
1505,1463,1464,1477
1506,1463,1477,1476
1507,1459,1465,1464
1508,1460,1466,1465
1509,1461,1471,1466
1510,1464,1465,1478
1511,1464,1478,1477
1512,1465,1466,1479
1513,1465,1479,1478
1514,1466,1496,1479
1515,1307,1468,1467
1516,1308,1469,1468
1517,1461,1467,1471
1518,1467,1468,1472
1519,1313,1470,1469
1520,1314,1533,1470
1521,1314,1531,1533
1522,1468,1469,1473
1523,1469,1470,1474
1524,1470,1533,1580
1525,1467,1472,1471
1526,1468,1473,1472
1527,1466,1471,1496
1528,1471,1497,1496
1529,1471,1472,1497
1530,1472,1498,1497
1531,1469,1474,1473
1532,1470,1580,1474
1533,1472,1473,1498
1534,1473,1474,1499
1535,1473,1499,1498
1536,1474,1580,1728
1537,1474,1728,1499
1538,1475,1476,1482
1539,1475,1482,1480
1540,1476,1477,1483
1541,1476,1483,1482
1542,1477,1478,1484
1543,1477,1484,1483
1544,1478,1479,1485
1545,1478,1485,1484
1546,1479,1500,1485
1547,1480,1482,1487
1548,1480,1487,1486
1549,1482,1483,1488
1550,1482,1488,1487
1551,1483,1484,1492
1552,1483,1492,1488
1553,1484,1485,1493
1554,1484,1493,1492
1555,1485,1504,1493
1556,1486,1487,1490
1557,1487,1488,1491
1558,1486,1490,1489
1559,1487,1491,1490
1560,1488,1492,1494
1561,1492,1493,1495
1562,1488,1494,1491
1563,1492,1495,1494
1564,1493,1506,1495
1565,1479,1496,1500
1566,1496,1501,1500
1567,1496,1497,1501
1568,1497,1502,1501
1569,1497,1498,1502
1570,1498,1499,1503
1571,1498,1503,1502
1572,1499,1728,1773
1573,1499,1773,1503
1574,1485,1500,1504
1575,1500,1505,1504
1576,1500,1501,1505
1577,1501,1508,1505
1578,1501,1502,1508
1579,1502,1503,1509
1580,1502,1509,1508
1581,1503,1773,1804
1582,1503,1804,1509
1583,1493,1504,1506
1584,1504,1505,1507
1585,1504,1507,1506
1586,1505,1510,1507
1587,1505,1508,1510
1588,1508,1509,1511
1589,1509,1804,1806
1590,1508,1511,1510
1591,1509,1806,1511
1592,1489,1490,1513
1593,1489,1513,1512
1594,1490,1491,1514
1595,1490,1514,1513
1596,1512,1513,1518
1597,1513,1514,1519
1598,1491,1494,1515
1599,1491,1515,1514
1600,1494,1495,1516
1601,1494,1516,1515
1602,1495,1522,1516
1603,1514,1515,1520
1604,1515,1516,1521
1605,1512,1518,1517
1606,1513,1519,1518
1607,1517,1518,3003
1608,1518,1519,3004
1609,1514,1520,1519
1610,1515,1521,1520
1611,1516,1526,1521
1612,1519,1520,3005
1613,1520,1521,3006
1614,1495,1506,1522
1615,1506,1523,1522
1616,1506,1507,1523
1617,1507,1524,1523
1618,1516,1522,1526
1619,1522,1523,1527
1620,1507,1510,1524
1621,1510,1511,1525
1622,1510,1525,1524
1623,1511,1806,1900
1624,1511,1900,1525
1625,1523,1524,1528
1626,1524,1525,1529
1627,1525,1900,1917
1628,1522,1527,1526
1629,1523,1528,1527
1630,1521,1526,3017
1631,1526,1527,3018
1632,1524,1529,1528
1633,1525,1917,1529
1634,1527,1528,3019
1635,1528,1529,3020
1636,1529,1917,3059
1637,1316,1538,1530
1638,1343,1540,1344
1639,1315,1535,1534
1640,1530,1539,1531
1641,1316,1534,1538
1642,1344,1541,1532
1643,1341,1536,1537
1644,1343,1537,1540
1645,1532,1542,1535
1646,1344,1540,1541
1647,1345,1559,1536
1648,1345,1544,1546
1649,1531,1581,1533
1650,1530,1538,1539
1651,1531,1539,1581
1652,1533,1581,1583
1653,1532,1541,1542
1654,1535,1582,1534
1655,1536,1587,1537
1656,1345,1546,1559
1657,1536,1559,1587
1658,1534,1584,1538
1659,1535,1542,1582
1660,1537,1598,1540
1661,1540,1601,1541
1662,1546,1547,1559
1663,1547,1548,1560
1664,1548,1549,1561
1665,1549,1550,1562
1666,1550,1551,1563
1667,1551,1552,1564
1668,1552,1553,1565
1669,1553,1554,1566
1670,1554,1555,1567
1671,1555,1556,1568
1672,1556,1557,1569
1673,1557,1558,1570
1674,1558,1572,1570
1675,1547,1560,1559
1676,1548,1561,1560
1677,1549,1562,1561
1678,1550,1563,1562
1679,1537,1587,1598
1680,1559,1560,1587
1681,1560,1561,1588
1682,1561,1562,1589
1683,1562,1563,1590
1684,1551,1564,1563
1685,1552,1565,1564
1686,1553,1566,1565
1687,1554,1567,1566
1688,1555,1568,1567
1689,1556,1569,1568
1690,1557,1570,1569
1691,1563,1564,1591
1692,1564,1565,1592
1693,1565,1566,1593
1694,1566,1567,1594
1695,1567,1568,1595
1696,1568,1569,1596
1697,1569,1570,1597
1698,1572,1574,1570
1699,1570,1574,1597
1700,1572,1573,1574
1701,1573,1575,1574
1702,1574,1575,1636
1703,1573,1576,1575
1704,1575,1578,1637
1705,1575,1576,1578
1706,1578,1579,1640
1707,1576,1577,1578
1708,1577,1579,1578
1709,1533,1583,1580
1710,1538,1585,1539
1711,1534,1582,1584
1712,1538,1584,1585
1713,1541,1619,1542
1714,1539,1586,1581
1715,1581,1730,1583
1716,1542,1628,1582
1717,1539,1585,1586
1718,1580,1583,1729
1719,1580,1729,1728
1720,1586,1730,1581
1721,1583,1731,1729
1722,1583,1730,1731
1723,1540,1598,1601
1724,1560,1588,1587
1725,1561,1589,1588
1726,1562,1590,1589
1727,1587,1588,1598
1728,1588,1589,1599
1729,1589,1590,1600
1730,1588,1599,1598
1731,1589,1600,1599
1732,1563,1591,1590
1733,1564,1592,1591
1734,1565,1593,1592
1735,1566,1594,1593
1736,1567,1595,1594
1737,1568,1596,1595
1738,1569,1597,1596
1739,1590,1591,1603
1740,1591,1592,1604
1741,1592,1593,1605
1742,1593,1594,1606
1743,1590,1603,1600
1744,1591,1604,1603
1745,1592,1605,1604
1746,1593,1606,1605
1747,1594,1607,1606
1748,1594,1595,1607
1749,1595,1596,1608
1750,1596,1597,1609
1751,1595,1608,1607
1752,1596,1609,1608
1753,1574,1636,1597
1754,1597,1636,1609
1755,1636,1617,1609
1756,1541,1601,1619
1757,1598,1599,1601
1758,1599,1600,1602
1759,1599,1602,1601
1760,1600,1603,1610
1761,1603,1604,1611
1762,1604,1605,1612
1763,1605,1606,1613
1764,1606,1607,1614
1765,1607,1608,1615
1766,1608,1609,1616
1767,1600,1610,1602
1768,1603,1611,1610
1769,1604,1612,1611
1770,1605,1613,1612
1771,1606,1614,1613
1772,1607,1615,1614
1773,1608,1616,1615
1774,1609,1617,1616
1775,1617,1618,1616
1776,1582,1732,1584
1777,1542,1619,1628
1778,1601,1602,1619
1779,1582,1628,1732
1780,1602,1610,1620
1781,1610,1611,1621
1782,1611,1612,1622
1783,1612,1613,1623
1784,1602,1620,1619
1785,1610,1621,1620
1786,1611,1622,1621
1787,1612,1623,1622
1788,1613,1624,1623
1789,1613,1614,1624
1790,1614,1615,1625
1791,1615,1616,1626
1792,1614,1625,1624
1793,1615,1626,1625
1794,1616,1618,1626
1795,1618,1627,1626
1796,1584,1739,1585
1797,1586,1585,1744
1798,1584,1732,1739
1799,1619,1620,1628
1800,1620,1621,1629
1801,1621,1622,1630
1802,1622,1623,1631
1803,1620,1629,1628
1804,1621,1630,1629
1805,1622,1631,1630
1806,1623,1632,1631
1807,1623,1624,1632
1808,1624,1625,1633
1809,1625,1626,1634
1810,1626,1627,1634
1811,1624,1633,1632
1812,1625,1634,1633
1813,1628,1629,1732
1814,1629,1630,1733
1815,1630,1631,1734
1816,1631,1632,1735
1817,1632,1633,1736
1818,1633,1634,1737
1819,1634,1635,1737
1820,1627,1635,1634
1821,1575,1637,1636
1822,1636,1637,1617
1823,1617,1637,1638
1824,1637,1640,1638
1825,1617,1638,1618
1826,1638,1639,1618
1827,1638,1642,1639
1828,1639,1642,1646
1829,1578,1640,1637
1830,1638,1640,1642
1831,1640,1641,1642
1832,1579,1641,1640
1833,1641,1643,1642
1834,1646,1642,1643
1835,1646,1643,1648
1836,1618,1639,1627
1837,1627,1639,1644
1838,1639,1646,1644
1839,1646,1647,1644
1840,1627,1644,1635
1841,1644,1645,1635
1842,1635,1645,1738
1843,1644,1647,1645
1844,1647,1650,1645
1845,1645,1650,1758
1846,1646,1648,1647
1847,1648,1670,1649
1848,1647,1648,1649
1849,1647,1649,1650
1850,1650,1651,1760
1851,1650,1649,1651
1852,1649,1671,1651
1853,1651,1672,1761
1854,1577,1652,1579
1855,1652,1653,1579
1856,1579,1653,1641
1857,1652,1654,1653
1858,1653,1654,1656
1859,1653,1656,1664
1860,1654,1655,1656
1861,1656,1657,1666
1862,1655,1657,1656
1863,1655,1658,1657
1864,1657,1658,1659
1865,1658,1660,1659
1866,1659,1660,1661
1867,1661,1660,1662
1868,1661,1662,1663
1869,1662,1818,1663
1870,1653,1664,1641
1871,1641,1664,1643
1872,1643,1664,1665
1873,1656,1666,1664
1874,1664,1666,1665
1875,1643,1665,1648
1876,1665,1670,1648
1877,1666,1668,1665
1878,1665,1668,1670
1879,1668,1674,1670
1880,1666,1667,1668
1881,1657,1667,1666
1882,1657,1659,1667
1883,1667,1680,1669
1884,1668,1669,1674
1885,1674,1669,1676
1886,1668,1667,1669
1887,1669,1682,1676
1888,1649,1670,1671
1889,1670,1674,1671
1890,1674,1675,1671
1891,1671,1672,1651
1892,1671,1675,1672
1893,1675,1673,1672
1894,1672,1673,1777
1895,1674,1676,1675
1896,1675,1676,1677
1897,1676,1688,1677
1898,1677,1689,1678
1899,1675,1677,1673
1900,1677,1678,1673
1901,1673,1678,1781
1902,1678,1679,1781
1903,1659,1680,1667
1904,1659,1661,1680
1905,1661,1681,1680
1906,1680,1681,1682
1907,1669,1680,1682
1908,1682,1688,1676
1909,1681,1683,1682
1910,1682,1683,1688
1911,1683,1685,1688
1912,1661,1663,1681
1913,1663,1684,1681
1914,1681,1684,1683
1915,1663,1819,1684
1916,1836,1686,1684
1917,1683,1684,1686
1918,1683,1686,1685
1919,1685,1687,1692
1920,1686,1687,1685
1921,1687,1839,1692
1922,1677,1688,1689
1923,1689,1690,1678
1924,1688,1685,1689
1925,1689,1685,1692
1926,1689,1692,1690
1927,1690,1693,1691
1928,1690,1679,1678
1929,1690,1691,1679
1930,1679,1691,1792
1931,1691,1695,1792
1932,1690,1692,1693
1933,1691,1693,1694
1934,1839,1693,1692
1935,1693,1845,1694
1936,1691,1694,1695
1937,1695,1696,1798
1938,1695,1694,1696
1939,1696,1848,1798
1940,1728,1729,1774
1941,1728,1774,1773
1942,1729,1731,1775
1943,1729,1775,1774
1944,1586,1749,1730
1945,1585,1739,1744
1946,1629,1733,1732
1947,1630,1734,1733
1948,1631,1735,1734
1949,1632,1736,1735
1950,1633,1737,1736
1951,1732,1733,1739
1952,1733,1734,1740
1953,1733,1740,1739
1954,1734,1741,1740
1955,1734,1735,1741
1956,1735,1736,1742
1957,1736,1737,1743
1958,1735,1742,1741
1959,1736,1743,1742
1960,1737,1738,1743
1961,1737,1635,1738
1962,1743,1738,1748
1963,1730,1754,1731
1964,1586,1744,1749
1965,1739,1740,1744
1966,1740,1741,1745
1967,1741,1742,1746
1968,1742,1743,1747
1969,1743,1748,1747
1970,1740,1745,1744
1971,1741,1746,1745
1972,1742,1747,1746
1973,1747,1748,1752
1974,1730,1749,1754
1975,1744,1745,1749
1976,1745,1746,1750
1977,1746,1747,1751
1978,1747,1752,1751
1979,1731,1754,1776
1980,1745,1750,1749
1981,1746,1751,1750
1982,1752,1765,1753
1983,1752,1753,1751
1984,1731,1776,1775
1985,1749,1750,1754
1986,1750,1751,1755
1987,1750,1755,1754
1988,1751,1753,1755
1989,1754,1755,1776
1990,1755,1756,1776
1991,1755,1753,1756
1992,1753,1766,1756
1993,1738,1645,1758
1994,1738,1758,1748
1995,1758,1759,1748
1996,1650,1760,1758
1997,1758,1760,1759
1998,1760,1762,1759
1999,1748,1759,1752
2000,1752,1759,1765
2001,1759,1762,1765
2002,1762,1769,1765
2003,1760,1761,1762
2004,1760,1651,1761
2005,1761,1777,1763
2006,1762,1761,1763
2007,1762,1763,1769
2008,1769,1763,1764
2009,1765,1766,1753
2010,1765,1769,1766
2011,1769,1770,1766
2012,1766,1770,1767
2013,1756,1766,1767
2014,1756,1767,1757
2015,1767,1768,1757
2016,1767,1771,1768
2017,1769,1764,1770
2018,1770,1771,1767
2019,1764,1787,1770
2020,1787,1771,1770
2021,1787,1788,1771
2022,1771,1788,1772
2023,1768,1771,1772
2024,1768,1810,1757
2025,1773,1774,1805
2026,1773,1805,1804
2027,1774,1775,1808
2028,1774,1808,1805
2029,1776,1756,1757
2030,1775,1776,1809
2031,1776,1757,1809
2032,1775,1809,1808
2033,1757,1810,1809
2034,1761,1672,1777
2035,1777,1778,1763
2036,1777,1781,1778
2037,1673,1781,1777
2038,1778,1781,1782
2039,1778,1782,1779
2040,1763,1778,1764
2041,1764,1778,1779
2042,1764,1779,1787
2043,1787,1779,1780
2044,1780,1784,1788
2045,1679,1782,1781
2046,1779,1782,1783
2047,1782,1792,1783
2048,1679,1792,1782
2049,1793,1785,1783
2050,1779,1783,1780
2051,1780,1783,1785
2052,1780,1785,1784
2053,1784,1786,1790
2054,1784,1785,1786
2055,1786,1795,1790
2056,1787,1780,1788
2057,1772,1788,1789
2058,1784,1789,1788
2059,1784,1790,1789
2060,1768,1772,1791
2061,1772,1789,1802
2062,1768,1791,1810
2063,1789,1790,1803
2064,1772,1802,1791
2065,1792,1793,1783
2066,1793,1794,1785
2067,1695,1793,1792
2068,1793,1798,1794
2069,1695,1798,1793
2070,1794,1799,1796
2071,1785,1794,1786
2072,1786,1794,1796
2073,1786,1796,1795
2074,1796,1797,1795
2075,1794,1798,1799
2076,1796,1799,1800
2077,1798,1848,1799
2078,1799,1887,1800
2079,1799,1848,1887
2080,1888,1801,1800
2081,1796,1800,1797
2082,1797,1800,1801
2083,1795,1797,1892
2084,1795,1891,1790
2085,1789,1803,1802
2086,1790,1891,1803
2087,1795,1892,1891
2088,1802,1893,1791
2089,1804,1805,1807
2090,1805,1808,1811
2091,1804,1807,1806
2092,1805,1811,1807
2093,1808,1809,1812
2094,1809,1810,1812
2095,1808,1812,1811
2096,1810,1791,1902
2097,1810,1902,1812
2098,1791,1893,1902
2099,1425,1815,1813
2100,1426,1816,1815
2101,1427,1428,1817
2102,1427,1817,1816
2103,1428,1814,1821
2104,1813,1815,1823
2105,1428,1821,1817
2106,1814,1822,1821
2107,1818,1820,1819
2108,1663,1818,1819
2109,1820,1823,1819
2110,1819,1823,1836
2111,1836,1823,1824
2112,1813,1823,1820
2113,1815,1816,1824
2114,1815,1824,1823
2115,1816,1817,1840
2116,1817,1821,1841
2117,1816,1840,1824
2118,1821,1822,1842
2119,1817,1841,1840
2120,1821,1842,1841
2121,1437,1827,1826
2122,1439,1443,1829
2123,1438,1828,1827
2124,1439,1829,1828
2125,1814,1825,1822
2126,1825,1826,1831
2127,1826,1827,1832
2128,1829,1443,1834
2129,1441,1834,1443
2130,1442,1835,1441
2131,1442,1830,1835
2132,1441,1835,1834
2133,1825,1831,1822
2134,1826,1832,1831
2135,1827,1833,1832
2136,1827,1828,1833
2137,1828,1829,1856
2138,1829,1834,1857
2139,1822,1831,1858
2140,1828,1856,1833
2141,1829,1857,1856
2142,1835,1830,1861
2143,1835,1860,1834
2144,1834,1860,1857
2145,1835,1861,1860
2146,1819,1836,1684
2147,1686,1837,1687
2148,1836,1837,1686
2149,1687,1837,1838
2150,1836,1824,1837
2151,1840,1838,1837
2152,1687,1838,1839
2153,1838,1843,1839
2154,1839,1843,1845
2155,1845,1843,1844
2156,1824,1840,1837
2157,1838,1841,1843
2158,1840,1841,1838
2159,1822,1858,1842
2160,1841,1842,1843
2161,1842,1844,1843
2162,1842,1858,1844
2163,1844,1858,1850
2164,1858,1859,1850
2165,1839,1845,1693
2166,1694,1845,1846
2167,1694,1846,1696
2168,1846,1847,1696
2169,1845,1844,1846
2170,1846,1850,1847
2171,1847,1848,1696
2172,1849,1887,1848
2173,1847,1849,1848
2174,1849,1853,1887
2175,1887,1853,1888
2176,1888,1853,1854
2177,1846,1844,1850
2178,1847,1850,1851
2179,1847,1851,1849
2180,1849,1851,1852
2181,1859,1851,1850
2182,1851,1862,1852
2183,1849,1852,1853
2184,1855,1854,1853
2185,1852,1855,1853
2186,1854,1865,1890
2187,1855,1865,1854
2188,1890,1865,1866
2189,1831,1832,1859
2190,1832,1833,1862
2191,1831,1859,1858
2192,1833,1856,1863
2193,1832,1862,1859
2194,1833,1863,1862
2195,1856,1857,1864
2196,1856,1864,1863
2197,1857,1860,1867
2198,1861,1868,1860
2199,1859,1862,1851
2200,1852,1862,1863
2201,1852,1863,1855
2202,1863,1864,1855
2203,1864,1857,1867
2204,1855,1864,1865
2205,1865,1867,1866
2206,1864,1867,1865
2207,1866,1867,1868
2208,1860,1868,1867
2209,1866,1868,1907
2210,1868,1869,1907
2211,1869,1870,1912
2212,1887,1888,1800
2213,1888,1889,1801
2214,1888,1854,1889
2215,1797,1801,1894
2216,1797,1894,1892
2217,1889,1854,1890
2218,1889,1890,1895
2219,1801,1889,1896
2220,1801,1896,1894
2221,1802,1803,1897
2222,1802,1897,1893
2223,1803,1891,1898
2224,1892,1899,1891
2225,1803,1898,1897
2226,1890,1866,1906
2227,1889,1895,1896
2228,1890,1906,1895
2229,1894,1896,1908
2230,1891,1899,1898
2231,1892,1894,1909
2232,1897,1919,1893
2233,1892,1909,1899
2234,1897,1898,1910
2235,1897,1910,1919
2236,1806,1807,1901
2237,1806,1901,1900
2238,1807,1811,1903
2239,1807,1903,1901
2240,1900,1901,1918
2241,1901,1903,1921
2242,1811,1812,1904
2243,1812,1902,1904
2244,1811,1904,1903
2245,1902,1893,1905
2246,1902,1905,1904
2247,1893,1919,1905
2248,1903,1904,1922
2249,1866,1907,1906
2250,1896,1895,1911
2251,1896,1911,1908
2252,1906,1913,1895
2253,1895,1913,1911
2254,1894,1908,1909
2255,1899,1914,1898
2256,1898,1914,1910
2257,1899,1909,1915
2258,1908,1916,1909
2259,1899,1915,1914
2260,1869,1912,1907
2261,1906,1907,3049
2262,1906,3049,1913
2263,1908,1911,3052
2264,1907,1912,3049
2265,1911,1913,3051
2266,1909,1916,1915
2267,1914,3061,1910
2268,1908,3052,1916
2269,1914,1915,3053
2270,1900,1918,1917
2271,1901,1921,1918
2272,1917,1918,3060
2273,1918,1921,3062
2274,1904,1905,1922
2275,1903,1922,1921
2276,1905,1919,1920
2277,1919,1910,1923
2278,1905,1920,1922
2279,1919,1923,1920
2280,1910,3061,1923
2281,1921,1922,3063
2282,1922,1920,3063
2283,2511,2510,2515
2284,2511,2515,2516
2285,2511,2516,2512
2286,2512,2516,2517
2287,2512,2517,2513
2288,2513,2517,2518
2289,2513,2518,2514
2290,2514,2519,2520
2291,2514,2518,2519
2292,2516,2515,2528
2293,2516,2529,2517
2294,2516,2528,2529
2295,2517,2529,2530
2296,2517,2530,2518
2297,2518,2534,2519
2298,2519,2535,2524
2299,2518,2530,2534
2300,2519,2534,2535
2301,2520,2524,2521
2302,2519,2524,2520
2303,2521,2525,2522
2304,2521,2524,2525
2305,2522,2526,2523
2306,2522,2525,2526
2307,2523,2526,2527
2308,2523,2527,2555
2309,2527,2573,2555
2310,2524,2543,2525
2311,2525,2544,2526
2312,2524,2535,2543
2313,2525,2543,2544
2314,2526,2547,2527
2315,2527,2548,2573
2316,2526,2544,2547
2317,2527,2547,2548
2318,2548,2600,2573
2319,2529,2528,2531
2320,2529,2532,2530
2321,2529,2531,2532
2322,2530,2532,2533
2323,2530,2533,2534
2324,2534,2536,2535
2325,2535,2537,2543
2326,2534,2533,2536
2327,2535,2536,2537
2328,2532,2531,2538
2329,2532,2539,2533
2330,2532,2538,2539
2331,2533,2539,2540
2332,2533,2540,2536
2333,2536,2541,2537
2334,2537,2542,2545
2335,2536,2540,2541
2336,2537,2541,2542
2337,2543,2545,2544
2338,2544,2546,2547
2339,2537,2545,2543
2340,2544,2545,2546
2341,2547,2549,2548
2342,2548,2550,2600
2343,2547,2546,2549
2344,2548,2549,2550
2345,2550,2602,2600
2346,2545,2551,2546
2347,2546,2552,2549
2348,2545,2542,2551
2349,2546,2551,2552
2350,2549,2553,2550
2351,2550,2554,2602
2352,2549,2552,2553
2353,2550,2553,2554
2354,2602,2554,2622
2355,2555,2573,2556
2356,2556,2573,2574
2357,2556,2574,2561
2358,2561,2574,2575
2359,699,2562,2563
2360,702,2565,2557
2361,700,2559,2564
2362,703,2566,2558
2363,702,2563,2565
2364,2557,2567,2559
2365,703,2564,2566
2366,2558,2568,2560
2367,2561,2575,2562
2368,2562,2576,2563
2369,2557,2565,2567
2370,2559,2577,2564
2371,2558,2566,2568
2372,2562,2575,2576
2373,2563,2578,2565
2374,2563,2576,2578
2375,2559,2567,2577
2376,2564,2579,2566
2377,2564,2577,2579
2378,701,2560,2569
2379,715,2572,717
2380,717,2571,716
2381,715,2569,2572
2382,716,2571,2570
2383,717,2572,2571
2384,2560,2583,2569
2385,2560,2568,2583
2386,2569,2587,2572
2387,2570,2571,2584
2388,2571,2572,2586
2389,2569,2583,2587
2390,2570,2584,2585
2391,2573,2600,2574
2392,2574,2601,2575
2393,2574,2600,2601
2394,2575,2601,2604
2395,2565,2580,2567
2396,2565,2578,2580
2397,2566,2581,2568
2398,2566,2579,2581
2399,2575,2604,2576
2400,2567,2582,2577
2401,2567,2580,2582
2402,2577,2606,2579
2403,2576,2605,2578
2404,2576,2604,2605
2405,2578,2608,2580
2406,2577,2582,2606
2407,2579,2607,2581
2408,2578,2605,2608
2409,2579,2606,2607
2410,2580,2609,2582
2411,2571,2586,2584
2412,2572,2587,2586
2413,2568,2588,2583
2414,2568,2581,2588
2415,2583,2591,2587
2416,2584,2586,2589
2417,2584,2593,2585
2418,2587,2590,2586
2419,2583,2588,2591
2420,2586,2590,2589
2421,2585,2593,2592
2422,2584,2589,2593
2423,2587,2591,2590
2424,2581,2614,2588
2425,2600,2602,2601
2426,2601,2603,2604
2427,2601,2602,2603
2428,2604,2603,2611
2429,2580,2608,2609
2430,2582,2610,2606
2431,2604,2611,2605
2432,2605,2612,2608
2433,2582,2609,2610
2434,2606,2613,2607
2435,2605,2611,2612
2436,2608,2624,2609
2437,2606,2610,2613
2438,2608,2612,2624
2439,2609,2625,2610
2440,2609,2624,2625
2441,2581,2607,2614
2442,2589,2590,2618
2443,2588,2620,2591
2444,2590,2591,2619
2445,2593,2589,2617
2446,2593,2616,2592
2447,2592,2616,2615
2448,2593,2617,2616
2449,2588,2614,2620
2450,2590,2619,2618
2451,2591,2620,2619
2452,2589,2618,2617
2453,2607,2628,2614
2454,2615,2616,2630
2455,2616,2617,2629
2456,2617,2618,2631
2457,2607,2613,2628
2458,2614,2634,2620
2459,2618,2619,2632
2460,2620,2633,2619
2461,2614,2628,2634
2462,2616,2629,2630
2463,2615,2630,2621
2464,2617,2631,2629
2465,2618,2632,2631
2466,2602,2622,2603
2467,2603,2623,2611
2468,2603,2622,2623
2469,2611,2623,2626
2470,2611,2626,2612
2471,2610,2635,2613
2472,2610,2625,2635
2473,2612,2627,2624
2474,2612,2626,2627
2475,2624,2717,2625
2476,2624,2627,2717
2477,2625,2721,2635
2478,2625,2717,2721
2479,2619,2633,2632
2480,2620,2634,2633
2481,2630,2636,2621
2482,2613,2638,2628
2483,2613,2635,2638
2484,2628,2720,2634
2485,2633,2642,2632
2486,2631,2640,2629
2487,2630,2629,2637
2488,2631,2632,2641
2489,2621,2636,2643
2490,2630,2637,2636
2491,2633,2634,2639
2492,2628,2638,2720
2493,2633,2639,2642
2494,2631,2641,2640
2495,2629,2640,2637
2496,2632,2642,2641
2497,2634,2720,2639
2498,2635,2722,2638
2499,2637,2723,2636
2500,2637,2640,2724
2501,2643,2636,2728
2502,2539,2538,2650
2503,2539,2650,2651
2504,2539,2651,2540
2505,2540,2651,2652
2506,2540,2652,2541
2507,2541,2652,2653
2508,2541,2653,2542
2509,2542,2654,2551
2510,2542,2653,2654
2511,2651,2650,2655
2512,2651,2656,2652
2513,2652,2657,2653
2514,2653,2658,2654
2515,2654,2659,2660
2516,2651,2655,2656
2517,2652,2656,2657
2518,2656,2655,2669
2519,2656,2670,2657
2520,2653,2657,2658
2521,2654,2658,2659
2522,2657,2671,2658
2523,2658,2673,2659
2524,2659,2674,2664
2525,2551,2660,2552
2526,2654,2660,2551
2527,2552,2661,2553
2528,2552,2660,2661
2529,2553,2662,2554
2530,2553,2661,2662
2531,2554,2662,2663
2532,2554,2663,2622
2533,2663,2715,2622
2534,2660,2664,2661
2535,2661,2665,2662
2536,2662,2666,2663
2537,2663,2667,2715
2538,2660,2659,2664
2539,2661,2664,2665
2540,2664,2680,2665
2541,2665,2681,2666
2542,2662,2665,2666
2543,2663,2666,2667
2544,2667,2737,2715
2545,2666,2682,2667
2546,2667,2683,2737
2547,2656,2669,2670
2548,2657,2670,2671
2549,2670,2669,2672
2550,2670,2672,2675
2551,2670,2676,2671
2552,2658,2671,2673
2553,2659,2673,2674
2554,2671,2677,2673
2555,2673,2678,2674
2556,2674,2679,2680
2557,2670,2675,2676
2558,2671,2676,2677
2559,2675,2688,2676
2560,2676,2688,2689
2561,2676,2689,2677
2562,2677,2689,2690
2563,2677,2678,2673
2564,2674,2678,2679
2565,2677,2690,2678
2566,2678,2690,2691
2567,2678,2691,2679
2568,2679,2692,2684
2569,2679,2691,2692
2570,2674,2680,2664
2571,2665,2680,2681
2572,2680,2684,2681
2573,2681,2685,2682
2574,2666,2681,2682
2575,2667,2682,2683
2576,2683,2767,2737
2577,2682,2686,2683
2578,2683,2687,2767
2579,2679,2684,2680
2580,2681,2684,2685
2581,2684,2703,2685
2582,2684,2692,2703
2583,2685,2704,2686
2584,2685,2703,2704
2585,2685,2686,2682
2586,2683,2686,2687
2587,2687,2791,2767
2588,2686,2705,2687
2589,2686,2704,2705
2590,2687,2705,2706
2591,2687,2706,2791
2592,2706,2830,2791
2593,2688,2693,2689
2594,2689,2694,2690
2595,2689,2693,2694
2596,2690,2694,2695
2597,2690,2695,2691
2598,2691,2699,2692
2599,2692,2700,2703
2600,2691,2695,2699
2601,2692,2699,2700
2602,2693,2696,2694
2603,2694,2697,2695
2604,2694,2696,2697
2605,2695,2697,2698
2606,2695,2698,2699
2607,2699,2701,2700
2608,2700,2702,2707
2609,2699,2698,2701
2610,2700,2701,2702
2611,2703,2707,2704
2612,2704,2708,2705
2613,2700,2707,2703
2614,2704,2707,2708
2615,2705,2711,2706
2616,2706,2712,2830
2617,2705,2708,2711
2618,2706,2711,2712
2619,2712,2840,2830
2620,2707,2709,2708
2621,2708,2710,2711
2622,2707,2702,2709
2623,2708,2709,2710
2624,2711,2713,2712
2625,2712,2714,2840
2626,2711,2710,2713
2627,2712,2713,2714
2628,2840,2714,2842
2629,2622,2715,2623
2630,2623,2715,2716
2631,2623,2716,2626
2632,2626,2716,2718
2633,2626,2718,2627
2634,2627,2719,2717
2635,2627,2718,2719
2636,2717,2719,2732
2637,2715,2737,2716
2638,2716,2738,2718
2639,2635,2721,2722
2640,2638,2730,2720
2641,2639,2720,2729
2642,2641,2726,2640
2643,2641,2642,2725
2644,2636,2723,2728
2645,2639,2731,2642
2646,2637,2724,2723
2647,2640,2726,2724
2648,2638,2722,2730
2649,2639,2729,2731
2650,2717,2732,2721
2651,2720,2730,2729
2652,2641,2725,2726
2653,2642,2731,2725
2654,2643,2728,2727
2655,2727,2728,2733
2656,2723,2735,2728
2657,2721,2739,2722
2658,2723,2724,2736
2659,2726,2740,2724
2660,2731,2742,2725
2661,2726,2725,2741
2662,2718,2748,2719
2663,2721,2732,2739
2664,2722,2744,2730
2665,2730,2745,2729
2666,2722,2739,2744
2667,2731,2729,2743
2668,2724,2740,2736
2669,2726,2741,2740
2670,2725,2742,2741
2671,2731,2743,2742
2672,2727,2733,2734
2673,2728,2735,2733
2674,2723,2736,2735
2675,2716,2737,2738
2676,2718,2738,2748
2677,2737,2767,2738
2678,2738,2768,2748
2679,2719,2749,2732
2680,2730,2744,2745
2681,2729,2745,2743
2682,2719,2748,2749
2683,2732,2751,2739
2684,2732,2749,2751
2685,2741,2750,2740
2686,2741,2742,2752
2687,2742,2743,2753
2688,2743,2745,2754
2689,2740,2750,2758
2690,2735,2757,2733
2691,2734,2733,2747
2692,2735,2736,2756
2693,2736,2740,2758
2694,2734,2747,2746
2695,2735,2756,2757
2696,2733,2757,2747
2697,2736,2758,2756
2698,2739,2769,2744
2699,2739,2751,2769
2700,2744,2755,2745
2701,2741,2752,2750
2702,2742,2753,2752
2703,2743,2754,2753
2704,2745,2755,2754
2705,2748,2770,2749
2706,2744,2769,2755
2707,2749,2771,2751
2708,2750,2752,2779
2709,2746,2747,2776
2710,2747,2757,2773
2711,2756,2758,2777
2712,2756,2774,2757
2713,2758,2750,2778
2714,2747,2773,2776
2715,2757,2774,2773
2716,2746,2776,2775
2717,2738,2767,2768
2718,2748,2768,2770
2719,2767,2791,2768
2720,2768,2792,2770
2721,2749,2770,2771
2722,2751,2783,2769
2723,2753,2772,2752
2724,2753,2754,2781
2725,2754,2755,2780
2726,2755,2769,2782
2727,2752,2772,2779
2728,2751,2771,2783
2729,2753,2781,2772
2730,2754,2780,2781
2731,2755,2782,2780
2732,2769,2783,2782
2733,2756,2777,2774
2734,2758,2778,2777
2735,2750,2779,2778
2736,2773,2774,2787
2737,2774,2777,2788
2738,2776,2785,2775
2739,2776,2773,2786
2740,2775,2785,2784
2741,2776,2786,2785
2742,2772,2781,2799
2743,2780,2793,2781
2744,2770,2795,2771
2745,2782,2794,2780
2746,2771,2797,2783
2747,2782,2783,2796
2748,2781,2793,2799
2749,2780,2794,2793
2750,2778,2779,2789
2751,2778,2790,2777
2752,2779,2772,2798
2753,2773,2787,2786
2754,2774,2788,2787
2755,2778,2789,2790
2756,2777,2790,2788
2757,2779,2798,2789
2758,2772,2799,2798
2759,2787,2788,2802
2760,2788,2790,2804
2761,2789,2803,2790
2762,2789,2798,2805
2763,2768,2791,2792
2764,2770,2792,2795
2765,2791,2830,2792
2766,2792,2830,2831
2767,2792,2831,2795
2768,2795,2831,2832
2769,2795,2797,2771
2770,2782,2796,2794
2771,2783,2797,2796
2772,2799,2793,2833
2773,2794,2834,2793
2774,2794,2796,2836
2775,2799,2806,2798
2776,2793,2834,2833
2777,2796,2835,2836
2778,2794,2836,2834
2779,2795,2832,2797
2780,2797,2835,2796
2781,2797,2837,2835
2782,2797,2832,2837
2783,2784,2785,2807
2784,2785,2786,2808
2785,2787,2809,2786
2786,2787,2802,2809
2787,2785,2808,2807
2788,2786,2809,2808
2789,2788,2804,2802
2790,2790,2803,2804
2791,2789,2805,2803
2792,2798,2806,2805
2793,2802,2816,2809
2794,2802,2804,2817
2795,2808,2814,2807
2796,2808,2809,2813
2797,2802,2817,2816
2798,2804,2819,2817
2799,2803,2805,2818
2800,2804,2803,2819
2801,2805,2806,2820
2802,2806,2833,2810
2803,2833,2811,2810
2804,2803,2818,2819
2805,2805,2820,2818
2806,2806,2810,2820
2807,3197,2814,2813
2808,2816,3198,2813
2809,2816,2815,3198
2810,3197,2813,3198
2811,2808,2813,2814
2812,2809,2816,2813
2813,2816,2817,2815
2814,2817,2819,2822
2815,2819,2818,2821
2816,2820,2823,2818
2817,2810,2811,2825
2818,2811,2812,2826
2819,2838,2827,2812
2820,2820,2810,2824
2821,2810,2825,2824
2822,2811,2826,2825
2823,2812,2827,2826
2824,2838,2828,2827
2825,2817,2822,2815
2826,2819,2821,2822
2827,2818,2823,2821
2828,2820,2824,2823
2829,2824,2825,3203
2830,2826,3204,2825
2831,2826,2827,3205
2832,2827,2828,3208
2833,2830,2840,2831
2834,2831,2841,2832
2835,2831,2840,2841
2836,2832,2841,2844
2837,2799,2833,2806
2838,2832,2844,2837
2839,2833,2834,2811
2840,2836,2812,2834
2841,2836,2835,2838
2842,2835,2837,2839
2843,2834,2812,2811
2844,2836,2838,2812
2845,2835,2839,2838
2846,2837,2844,2845
2847,2837,2845,2839
2848,2840,2842,2841
2849,2841,2843,2844
2850,2841,2842,2843
2851,2844,2843,2846
2852,2838,2839,2828
2853,2844,2846,2845
2854,2839,2845,2829
2855,2839,2829,2828
2856,2845,2846,2847
2857,2845,2847,2829
2858,1517,3003,3002
2859,1518,3004,3003
2860,3002,3003,3008
2861,3002,3008,3007
2862,3003,3004,3009
2863,3003,3009,3008
2864,1519,3005,3004
2865,1520,3006,3005
2866,1521,3017,3006
2867,3004,3005,3013
2868,3004,3013,3009
2869,3005,3006,3014
2870,3005,3014,3013
2871,3006,3021,3014
2872,3007,3008,3011
2873,3008,3009,3012
2874,3007,3011,3010
2875,3008,3012,3011
2876,3009,3013,3015
2877,3013,3014,3016
2878,3009,3015,3012
2879,3013,3016,3015
2880,3014,3023,3016
2881,1526,3018,3017
2882,1527,3019,3018
2883,3006,3017,3021
2884,3017,3022,3021
2885,3017,3018,3022
2886,3018,3025,3022
2887,1528,3020,3019
2888,1529,3059,3020
2889,3018,3019,3025
2890,3019,3020,3026
2891,3019,3026,3025
2892,3020,3059,3082
2893,3020,3082,3026
2894,3014,3021,3023
2895,3021,3022,3024
2896,3021,3024,3023
2897,3022,3027,3024
2898,3022,3025,3027
2899,3025,3026,3028
2900,3026,3082,3084
2901,3025,3028,3027
2902,3026,3084,3028
2903,3010,3011,3030
2904,3010,3030,3029
2905,3011,3012,3031
2906,3011,3031,3030
2907,3012,3015,3032
2908,3012,3032,3031
2909,3015,3016,3033
2910,3015,3033,3032
2911,3016,3039,3033
2912,3029,3030,3035
2913,3029,3035,3034
2914,3030,3031,3036
2915,3030,3036,3035
2916,3034,3035,3275
2917,3035,3036,3276
2918,3031,3032,3037
2919,3031,3037,3036
2920,3032,3033,3038
2921,3032,3038,3037
2922,3033,3043,3038
2923,3036,3037,3277
2924,3037,3038,3278
2925,3016,3023,3039
2926,3023,3040,3039
2927,3023,3024,3040
2928,3024,3041,3040
2929,3024,3027,3041
2930,3027,3028,3042
2931,3027,3042,3041
2932,3028,3084,3113
2933,3028,3113,3042
2934,3033,3039,3043
2935,3039,3044,3043
2936,3039,3040,3044
2937,3040,3045,3044
2938,3038,3043,3289
2939,3043,3044,3290
2940,3040,3041,3045
2941,3041,3042,3046
2942,3041,3046,3045
2943,3042,3113,3132
2944,3042,3132,3046
2945,3044,3045,3291
2946,3045,3046,3292
2947,3046,3132,3364
2948,1870,3054,1912
2949,1912,3055,3049
2950,1911,3051,3052
2951,1913,3049,3056
2952,1870,3050,3054
2953,1912,3054,3055
2954,1913,3056,3051
2955,3049,3055,3056
2956,1915,1916,3057
2957,1914,3053,3061
2958,1915,3057,3053
2959,1916,3052,3058
2960,1916,3058,3057
2961,3061,3053,3066
2962,3050,3068,3054
2963,3054,3069,3055
2964,3051,3056,3072
2965,3050,3067,3068
2966,3054,3068,3069
2967,3055,3070,3056
2968,3055,3069,3070
2969,3056,3070,3072
2970,3051,3071,3052
2971,3052,3071,3058
2972,3057,3073,3053
2973,3051,3072,3071
2974,3053,3073,3066
2975,3057,3058,3074
2976,1917,3060,3059
2977,1918,3062,3060
2978,3059,3060,3083
2979,3059,3083,3082
2980,3060,3062,3086
2981,3060,3086,3083
2982,1920,1923,3064
2983,1921,3063,3062
2984,1920,3064,3063
2985,3061,3065,1923
2986,1923,3065,3064
2987,3061,3066,3065
2988,3062,3063,3087
2989,3064,3087,3063
2990,3062,3087,3086
2991,3064,3065,3088
2992,3067,3076,3068
2993,3067,3075,3076
2994,3068,3077,3069
2995,3069,3078,3070
2996,3068,3076,3077
2997,3058,3071,3079
2998,3057,3074,3073
2999,3072,3081,3071
3000,3070,3080,3072
3001,3071,3081,3079
3002,3058,3079,3074
3003,3069,3077,3078
3004,3070,3078,3080
3005,3075,3099,3076
3006,3075,3098,3099
3007,3076,3100,3077
3008,3077,3102,3078
3009,3072,3080,3081
3010,3074,3091,3073
3011,3074,3079,3101
3012,3078,3103,3080
3013,3080,3104,3081
3014,3074,3101,3091
3015,3081,3105,3079
3016,3082,3083,3085
3017,3083,3086,3092
3018,3082,3085,3084
3019,3083,3092,3085
3020,3065,3066,3089
3021,3064,3088,3087
3022,3065,3089,3088
3023,3066,3073,3090
3024,3066,3090,3089
3025,3086,3087,3093
3026,3087,3088,3093
3027,3073,3091,3090
3028,3086,3093,3092
3029,3089,3115,3088
3030,3089,3090,3116
3031,3088,3115,3093
3032,3076,3099,3100
3033,3077,3100,3102
3034,3098,3107,3099
3035,3099,3108,3100
3036,3078,3102,3103
3037,3080,3103,3104
3038,3079,3105,3101
3039,3081,3104,3105
3040,3100,3109,3102
3041,3098,3106,3107
3042,3099,3107,3108
3043,3100,3108,3109
3044,3106,3123,3107
3045,3107,3124,3108
3046,3102,3110,3103
3047,3103,3111,3104
3048,3102,3109,3110
3049,3103,3110,3111
3050,3104,3112,3105
3051,3105,3134,3101
3052,3104,3111,3112
3053,3105,3112,3134
3054,3084,3085,3114
3055,3084,3114,3113
3056,3085,3092,3119
3057,3085,3119,3114
3058,3090,3091,3117
3059,3090,3117,3116
3060,3089,3116,3115
3061,3091,3101,3118
3062,3091,3118,3117
3063,3092,3093,3120
3064,3092,3120,3119
3065,3093,3115,3120
3066,3101,3134,3118
3067,3115,3116,3121
3068,3116,3117,3135
3069,3117,3118,3136
3070,3116,3135,3121
3071,3115,3121,3120
3072,3106,3122,3123
3073,3107,3123,3124
3074,3108,3125,3109
3075,3109,3126,3110
3076,3108,3124,3125
3077,3109,3125,3126
3078,3110,3127,3111
3079,3111,3137,3112
3080,3110,3126,3127
3081,3111,3127,3137
3082,3122,3129,3123
3083,3122,3128,3129
3084,3123,3129,3130
3085,3123,3130,3124
3086,3124,3131,3125
3087,3125,3357,3126
3088,3126,3358,3127
3089,3127,3366,3137
3090,3124,3130,3131
3091,3125,3131,3357
3092,3126,3357,3358
3093,3127,3358,3366
3094,3113,3114,3133
3095,3113,3133,3132
3096,3114,3119,3140
3097,3114,3140,3133
3098,3132,3133,3365
3099,3133,3140,3370
3100,3112,3138,3134
3101,3134,3139,3118
3102,3117,3136,3135
3103,3112,3137,3138
3104,3118,3139,3136
3105,3134,3138,3139
3106,3119,3120,3141
3107,3120,3121,3141
3108,3119,3141,3140
3109,3121,3135,3142
3110,3121,3142,3141
3111,3137,3367,3138
3112,3135,3136,3143
3113,3136,3139,3369
3114,3138,3368,3139
3115,3137,3366,3367
3116,3138,3367,3368
3117,3136,3369,3143
3118,3139,3368,3369
3119,3135,3143,3142
3120,3140,3141,3371
3121,3142,3371,3141
3122,2696,3152,2697
3123,2697,3153,2698
3124,2697,3152,3153
3125,2698,3153,3154
3126,2698,3154,2701
3127,2701,3155,2702
3128,2702,3156,2709
3129,2701,3154,3155
3130,2702,3155,3156
3131,3152,3157,3153
3132,3153,3157,3158
3133,3153,3158,3154
3134,3154,3158,3159
3135,3157,3170,3158
3136,3154,3159,3155
3137,3155,3159,3160
3138,3155,3160,3156
3139,3156,3161,3162
3140,3156,3160,3161
3141,2709,3162,2710
3142,2710,3163,2713
3143,2709,3156,3162
3144,2710,3162,3163
3145,2713,3164,2714
3146,2714,3165,2842
3147,2713,3163,3164
3148,2714,3164,3165
3149,3165,3195,2842
3150,3162,3166,3163
3151,3161,3166,3162
3152,3163,3167,3164
3153,3163,3166,3167
3154,3164,3168,3165
3155,3164,3167,3168
3156,3165,3168,3169
3157,3165,3169,3195
3158,3169,3213,3195
3159,3158,3170,3171
3160,3159,3171,3172
3161,3158,3171,3159
3162,3171,3170,3175
3163,3171,3175,3172
3164,3160,3172,3173
3165,3159,3172,3160
3166,3161,3173,3174
3167,3160,3173,3161
3168,3161,3174,3166
3169,3172,3176,3173
3170,3173,3177,3174
3171,3174,3178,3179
3172,3175,3170,3301
3173,3172,3175,3176
3174,3175,3301,3176
3175,3173,3176,3177
3176,3174,3177,3178
3177,3176,3302,3177
3178,3177,3303,3178
3179,3178,3304,3183
3180,3166,3174,3179
3181,3166,3179,3167
3182,3167,3179,3180
3183,3167,3180,3168
3184,3179,3183,3180
3185,3180,3184,3181
3186,3168,3180,3181
3187,3169,3181,3182
3188,3168,3181,3169
3189,3213,3182,3237
3190,3169,3182,3213
3191,3181,3185,3182
3192,3182,3186,3237
3193,3178,3183,3179
3194,3180,3183,3184
3195,3183,3309,3184
3196,3184,3310,3185
3197,3181,3184,3185
3198,3182,3185,3186
3199,3186,3258,3237
3200,3185,3311,3186
3201,3186,3312,3258
3202,3187,3246,3188
3203,3246,3189,3188
3204,3264,3336,3189
3205,3188,3189,3337
3206,2842,3195,2843
3207,2843,3196,2846
3208,2843,3195,3196
3209,2846,3196,3210
3210,2815,3199,3198
3211,3200,2815,2822
3212,3197,3198,3202
3213,3200,3199,2815
3214,3200,2822,3201
3215,3198,3199,3202
3216,3200,3215,3199
3217,3200,3201,3217
3218,3206,3216,3201
3219,3206,3207,3218
3220,2821,2823,3206
3221,2821,3201,2822
3222,2824,3207,2823
3223,2825,3204,3203
3224,2821,3206,3201
3225,2823,3207,3206
3226,2824,3203,3207
3227,2826,3205,3204
3228,2827,3208,3205
3229,2828,2829,3209
3230,2829,2847,3211
3231,2846,3210,2847
3232,2828,3209,3208
3233,2829,3211,3209
3234,3203,3204,3223
3235,3205,3224,3204
3236,3205,3208,3225
3237,3203,3219,3207
3238,3203,3223,3219
3239,3204,3224,3223
3240,3205,3225,3224
3241,2847,3210,3212
3242,2847,3212,3211
3243,3208,3209,3226
3244,3209,3211,3227
3245,3195,3213,3196
3246,3196,3213,3214
3247,3196,3214,3210
3248,3210,3214,3229
3249,3199,3215,3220
3250,3202,3199,3220
3251,3200,3217,3215
3252,3201,3216,3217
3253,3206,3218,3216
3254,3207,3219,3218
3255,3221,3219,3223
3256,3220,3215,3239
3257,3217,3240,3215
3258,3215,3240,3239
3259,3217,3241,3240
3260,3216,3218,3242
3261,3217,3216,3241
3262,3243,3218,3219
3263,3221,3223,3222
3264,3216,3242,3241
3265,3242,3218,3243
3266,3243,3219,3221
3267,3208,3226,3225
3268,3209,3227,3226
3269,3223,3224,3222
3270,3210,3229,3212
3271,3211,3212,3228
3272,3211,3228,3227
3273,3212,3229,3230
3274,3212,3230,3228
3275,3224,3225,3244
3276,3224,3244,3222
3277,3225,3226,3252
3278,3226,3227,3253
3279,3225,3252,3244
3280,3226,3253,3252
3281,3227,3228,3254
3282,3228,3230,3256
3283,3214,3237,3238
3284,3213,3237,3214
3285,3229,3238,3255
3286,3214,3238,3229
3287,3237,3258,3238
3288,3238,3259,3255
3289,3239,3240,3187
3290,3241,3242,3245
3291,3241,3246,3240
3292,3221,3222,3249
3293,3243,3221,3248
3294,3242,3243,3247
3295,3221,3249,3248
3296,3222,3250,3249
3297,3222,3244,3250
3298,3244,3252,3251
3299,3240,3246,3187
3300,3241,3245,3246
3301,3242,3247,3245
3302,3243,3248,3247
3303,3248,3249,3260
3304,3244,3251,3250
3305,3252,3253,3261
3306,3251,3252,3261
3307,3253,3262,3261
3308,3227,3254,3253
3309,3228,3256,3254
3310,3230,3255,3257
3311,3230,3257,3256
3312,3229,3255,3230
3313,3253,3254,3262
3314,3255,3271,3257
3315,3254,3256,3263
3316,3256,3257,3270
3317,3254,3263,3262
3318,3238,3258,3259
3319,3255,3259,3271
3320,3258,3423,3259
3321,3259,3424,3271
3322,3245,3247,3264
3323,3245,3189,3246
3324,3248,3265,3247
3325,3245,3264,3189
3326,3247,3265,3264
3327,3248,3260,3265
3328,3249,3266,3260
3329,3250,3267,3266
3330,3249,3250,3266
3331,3250,3251,3267
3332,3251,3261,3268
3333,3261,3262,3269
3334,3264,3265,3338
3335,3260,3339,3265
3336,3260,3266,3425
3337,3266,3267,3426
3338,3251,3268,3267
3339,3261,3269,3268
3340,3262,3427,3269
3341,3262,3263,3427
3342,3263,3270,3428
3343,3263,3428,3427
3344,3270,3272,3430
3345,3270,3430,3428
3346,3256,3270,3263
3347,3257,3271,3272
3348,3257,3272,3270
3349,3271,3429,3272
3350,3034,3275,3274
3351,3035,3276,3275
3352,3274,3275,3280
3353,3274,3280,3279
3354,3275,3276,3281
3355,3275,3281,3280
3356,3036,3277,3276
3357,3037,3278,3277
3358,3038,3289,3278
3359,3276,3277,3285
3360,3276,3285,3281
3361,3277,3278,3286
3362,3277,3286,3285
3363,3278,3293,3286
3364,3279,3280,3283
3365,3280,3281,3284
3366,3279,3283,3282
3367,3280,3284,3283
3368,3281,3285,3287
3369,3285,3286,3288
3370,3281,3287,3284
3371,3285,3288,3287
3372,3286,3295,3288
3373,3043,3290,3289
3374,3044,3291,3290
3375,3278,3289,3293
3376,3289,3294,3293
3377,3289,3290,3294
3378,3290,3297,3294
3379,3045,3292,3291
3380,3046,3364,3292
3381,3290,3291,3297
3382,3291,3292,3298
3383,3291,3298,3297
3384,3292,3364,3394
3385,3292,3394,3298
3386,3286,3293,3295
3387,3293,3294,3296
3388,3293,3296,3295
3389,3294,3299,3296
3390,3294,3297,3299
3391,3297,3298,3300
3392,3298,3394,3396
3393,3297,3300,3299
3394,3298,3396,3300
3395,3301,3170,3305
3396,3176,3301,3302
3397,3305,3170,3317
3398,3301,3305,3302
3399,3177,3302,3303
3400,3178,3303,3304
3401,3302,3306,3303
3402,3303,3307,3304
3403,3304,3308,3309
3404,3317,3170,3321
3405,3302,3305,3306
3406,3305,3317,3306
3407,3306,3317,3318
3408,3303,3306,3307
3409,3304,3307,3308
3410,3306,3318,3307
3411,3307,3318,3319
3412,3307,3319,3308
3413,3308,3320,3313
3414,3308,3319,3320
3415,3183,3304,3309
3416,3184,3309,3310
3417,3309,3313,3310
3418,3310,3314,3311
3419,3185,3310,3311
3420,3186,3311,3312
3421,3312,3423,3258
3422,3311,3315,3312
3423,3312,3316,3423
3424,3309,3308,3313
3425,3310,3313,3314
3426,3313,3328,3314
3427,3320,3328,3313
3428,3314,3329,3315
3429,3314,3328,3329
3430,3311,3314,3315
3431,3312,3315,3316
3432,3423,3316,3436
3433,3315,3330,3316
3434,3315,3329,3330
3435,3316,3330,3331
3436,3316,3331,3436
3437,3331,3446,3436
3438,3317,3321,3322
3439,3317,3322,3323
3440,3317,3323,3318
3441,3318,3323,3324
3442,3318,3324,3319
3443,3319,3324,3326
3444,3319,3326,3320
3445,3320,3327,3328
3446,3320,3326,3327
3447,3322,3282,3323
3448,3323,3283,3324
3449,3323,3282,3283
3450,3324,3283,3284
3451,3324,3284,3326
3452,3326,3287,3327
3453,3327,3288,3332
3454,3326,3284,3287
3455,3327,3287,3288
3456,3328,3332,3329
3457,3328,3327,3332
3458,3329,3333,3330
3459,3329,3332,3333
3460,3330,3334,3331
3461,3330,3333,3334
3462,3331,3334,3335
3463,3331,3335,3446
3464,3335,3453,3446
3465,3332,3295,3333
3466,3333,3296,3334
3467,3288,3295,3332
3468,3333,3295,3296
3469,3334,3299,3335
3470,3335,3300,3453
3471,3334,3296,3299
3472,3335,3299,3300
3473,3300,3396,3453
3474,3264,3338,3336
3475,3189,3336,3337
3476,3338,3341,3336
3477,3337,3336,3340
3478,3338,3339,3342
3479,3339,3425,3343
3480,3336,3341,3340
3481,3338,3342,3341
3482,3339,3343,3342
3483,3425,3344,3343
3484,3340,3341,3346
3485,3426,3345,3344
3486,3342,3347,3341
3487,3342,3343,3348
3488,3343,3344,3383
3489,3341,3347,3346
3490,3342,3348,3347
3491,3343,3383,3348
3492,3344,3345,3384
3493,3345,3349,3385
3494,3344,3384,3383
3495,3345,3385,3384
3496,3349,3442,3386
3497,3128,3359,3129
3498,3128,3356,3359
3499,3129,3360,3130
3500,3130,3361,3131
3501,3131,3362,3357
3502,3357,3372,3358
3503,3129,3359,3360
3504,3130,3360,3361
3505,3131,3361,3362
3506,3357,3362,3372
3507,3356,3379,3359
3508,3359,3380,3360
3509,3360,3381,3361
3510,3356,3363,3379
3511,3359,3379,3380
3512,3361,3382,3362
3513,3360,3380,3381
3514,3361,3381,3382
3515,3362,3382,3398
3516,3132,3365,3364
3517,3133,3370,3365
3518,3364,3365,3395
3519,3364,3395,3394
3520,3365,3370,3402
3521,3365,3402,3395
3522,3358,3373,3366
3523,3366,3374,3367
3524,3358,3372,3373
3525,3366,3373,3374
3526,3367,3375,3368
3527,3368,3376,3369
3528,3142,3143,3377
3529,3142,3377,3371
3530,3140,3371,3370
3531,3143,3369,3378
3532,3143,3378,3377
3533,3367,3374,3375
3534,3368,3375,3376
3535,3362,3398,3372
3536,3372,3399,3373
3537,3373,3400,3374
3538,3374,3401,3375
3539,3375,3404,3376
3540,3369,3376,3378
3541,3370,3371,3403
3542,3371,3377,3403
3543,3376,3405,3378
3544,3378,3406,3377
3545,3370,3403,3402
3546,3363,3388,3379
3547,3379,3389,3380
3548,3363,3387,3388
3549,3379,3388,3389
3550,3380,3390,3381
3551,3381,3407,3382
3552,3380,3389,3390
3553,3381,3390,3407
3554,3347,3387,3346
3555,3347,3348,3388
3556,3347,3388,3387
3557,3348,3383,3389
3558,3348,3389,3388
3559,3383,3384,3390
3560,3349,3386,3385
3561,3442,3391,3386
3562,3384,3385,3407
3563,3443,3392,3391
3564,3383,3390,3389
3565,3384,3407,3390
3566,3385,3386,3408
3567,3386,3391,3409
3568,3385,3408,3407
3569,3386,3409,3408
3570,3391,3392,3410
3571,3392,3393,3411
3572,3394,3395,3397
3573,3395,3402,3413
3574,3394,3397,3396
3575,3395,3413,3397
3576,3372,3398,3399
3577,3373,3399,3400
3578,3374,3400,3401
3579,3375,3401,3404
3580,3382,3408,3398
3581,3398,3409,3399
3582,3399,3410,3400
3583,3400,3411,3401
3584,3376,3404,3405
3585,3378,3405,3406
3586,3377,3406,3403
3587,3401,3412,3404
3588,3402,3403,3416
3589,3382,3407,3408
3590,3398,3408,3409
3591,3399,3409,3410
3592,3400,3410,3411
3593,3391,3410,3409
3594,3392,3411,3410
3595,3393,3451,3412
3596,3393,3412,3411
3597,3451,3414,3412
3598,3404,3414,3405
3599,3401,3411,3412
3600,3404,3412,3414
3601,3402,3416,3413
3602,3405,3415,3406
3603,3403,3406,3416
3604,3405,3414,3415
3605,3452,3415,3414
3606,3406,3415,3416
3607,3259,3423,3424
3608,3271,3424,3429
3609,3423,3436,3424
3610,3424,3437,3429
3611,3265,3339,3338
3612,3260,3425,3339
3613,3266,3426,3425
3614,3267,3268,3432
3615,3268,3269,3433
3616,3267,3432,3426
3617,3268,3433,3432
3618,3272,3431,3430
3619,3272,3429,3431
3620,3269,3427,3434
3621,3427,3428,3435
3622,3425,3426,3344
3623,3269,3434,3433
3624,3427,3435,3434
3625,3426,3432,3345
3626,3432,3433,3349
3627,3429,3440,3431
3628,3428,3430,3438
3629,3430,3431,3439
3630,3428,3438,3435
3631,3430,3439,3438
3632,3431,3441,3439
3633,3424,3436,3437
3634,3429,3437,3440
3635,3436,3446,3437
3636,3437,3446,3447
3637,3437,3447,3440
3638,3440,3447,3448
3639,3433,3434,3442
3640,3432,3349,3345
3641,3434,3435,3443
3642,3433,3442,3349
3643,3434,3443,3442
3644,3435,3438,3444
3645,3438,3439,3445
3646,3431,3440,3441
3647,3435,3444,3443
3648,3438,3445,3444
3649,3442,3443,3391
3650,3439,3449,3445
3651,3441,3450,3449
3652,3440,3448,3441
3653,3439,3441,3449
3654,3441,3448,3450
3655,3446,3453,3447
3656,3447,3453,3454
3657,3447,3454,3448
3658,3448,3454,3455
3659,3443,3444,3392
3660,3444,3445,3393
3661,3445,3449,3451
3662,3444,3393,3392
3663,3449,3450,3452
3664,3448,3455,3450
3665,3445,3451,3393
3666,3449,3452,3451
3667,3450,3455,3456
3668,3450,3456,3452
3669,3453,3396,3454
3670,3454,3397,3455
3671,3454,3396,3397
3672,3455,3397,3413
3673,3451,3452,3414
3674,3455,3413,3456
3675,3452,3456,3415
3676,3456,3413,3416
3677,3456,3416,3415
3678,107,108,106
3679,108,113,106
3680,109,106,113
3681,107,111,108
3682,107,110,111
3683,108,111,112
3684,108,112,130
3685,110,115,111
3686,111,116,112
3687,108,130,113
3688,110,114,115
3689,111,115,116
3690,112,116,117
3691,112,117,134
3692,114,119,115
3693,115,120,116
3694,116,121,117
3695,114,118,119
3696,115,119,120
3697,116,120,121
3698,117,121,122
3699,117,122,136
3700,112,134,130
3701,117,136,134
3702,118,124,119
3703,119,125,120
3704,120,126,121
3705,121,127,122
3706,118,123,124
3707,119,124,125
3708,120,125,126
3709,121,126,127
3710,122,127,128
3711,122,128,213
3712,122,213,136
3713,109,113,131
3714,109,131,129
3715,113,130,135
3716,113,135,131
3717,129,131,133
3718,129,133,132
3719,131,139,133
3720,130,134,137
3721,130,137,135
3722,134,136,138
3723,134,138,137
3724,131,135,139
3725,135,137,140
3726,135,140,139
3727,137,138,217
3728,137,217,140
3729,107,106,142
3730,142,106,145
3731,145,106,150
3732,107,142,110
3733,142,147,110
3734,110,147,114
3735,142,145,147
3736,147,145,148
3737,147,148,153
3738,150,106,1076
3739,1076,106,1079
3740,1079,106,1084
3741,145,150,148
3742,148,150,152
3743,148,152,154
3744,150,1076,152
3745,152,1076,1081
3746,152,1081,159
3747,147,153,114
3748,114,153,118
3749,153,155,118
3750,148,154,153
3751,153,154,155
3752,155,154,157
3753,118,155,123
3754,155,156,123
3755,155,157,156
3756,156,157,158
3757,154,152,159
3758,154,159,157
3759,157,159,160
3760,1081,1091,159
3761,159,1091,160
3762,160,1091,1093
3763,157,160,158
3764,158,160,161
3765,160,1093,161
3766,161,1093,1094
3767,123,169,124
3768,124,170,125
3769,125,171,126
3770,126,172,127
3771,127,173,128
3772,123,168,169
3773,124,169,170
3774,125,170,171
3775,126,171,172
3776,127,172,173
3777,128,173,174
3778,168,176,169
3779,169,177,170
3780,170,178,171
3781,171,179,172
3782,172,180,173
3783,173,181,174
3784,128,174,214
3785,128,214,213
3786,168,175,176
3787,169,176,177
3788,170,177,178
3789,171,178,179
3790,172,179,180
3791,173,180,181
3792,174,181,182
3793,175,184,176
3794,176,185,177
3795,177,186,178
3796,178,187,179
3797,179,188,180
3798,175,183,184
3799,176,184,185
3800,177,185,186
3801,178,186,187
3802,179,187,188
3803,180,189,181
3804,181,190,182
3805,180,188,189
3806,181,189,190
3807,182,190,191
3808,174,182,215
3809,174,215,214
3810,182,221,215
3811,183,193,184
3812,184,194,185
3813,185,195,186
3814,186,196,187
3815,187,197,188
3816,188,198,189
3817,189,199,190
3818,190,200,191
3819,183,192,193
3820,184,193,194
3821,185,194,195
3822,186,195,196
3823,187,196,197
3824,188,197,198
3825,189,198,199
3826,190,199,200
3827,191,200,201
3828,182,191,221
3829,191,201,222
3830,191,222,221
3831,192,203,193
3832,193,204,194
3833,194,205,195
3834,195,206,196
3835,196,207,197
3836,192,202,203
3837,193,203,204
3838,194,204,205
3839,195,205,206
3840,196,206,207
3841,197,208,198
3842,198,209,199
3843,199,210,200
3844,200,211,201
3845,197,207,208
3846,198,208,209
3847,199,209,210
3848,200,210,211
3849,201,211,212
3850,202,424,203
3851,203,425,204
3852,204,426,205
3853,205,427,206
3854,206,428,207
3855,207,429,208
3856,208,430,209
3857,209,431,210
3858,210,432,211
3859,211,433,212
3860,201,585,222
3861,201,212,585
3862,136,213,216
3863,213,214,218
3864,136,216,138
3865,213,218,216
3866,214,215,223
3867,214,223,218
3868,138,216,219
3869,138,219,217
3870,216,218,220
3871,216,220,219
3872,218,225,220
3873,215,221,224
3874,215,224,223
3875,221,222,226
3876,221,226,224
3877,222,585,589
3878,222,589,226
3879,218,223,225
3880,223,224,227
3881,223,227,225
3882,224,226,878
3883,224,878,227
3884,156,168,123
3885,156,228,168
3886,168,228,175
3887,156,158,228
3888,158,229,228
3889,228,229,230
3890,228,230,175
3891,175,230,183
3892,230,234,183
3893,230,229,231
3894,230,231,234
3895,231,237,234
3896,158,161,229
3897,229,161,232
3898,229,232,231
3899,161,1094,232
3900,1094,1140,232
3901,232,1140,233
3902,231,232,233
3903,231,233,237
3904,237,233,239
3905,233,1140,1142
3906,233,1142,239
3907,1142,1150,239
3908,183,234,192
3909,234,235,192
3910,234,237,235
3911,235,237,238
3912,192,235,202
3913,235,236,202
3914,236,423,202
3915,235,238,236
3916,236,238,241
3917,236,241,597
3918,237,239,238
3919,238,239,240
3920,239,1150,240
3921,240,1150,1151
3922,238,240,241
3923,241,240,242
3924,241,242,602
3925,240,1151,242
3926,242,1151,1154
3927,242,1154,603
3928,202,423,424
3929,203,424,425
3930,204,425,426
3931,205,426,427
3932,206,427,428
3933,207,428,429
3934,208,429,430
3935,209,430,431
3936,210,431,432
3937,211,432,433
3938,212,433,434
3939,423,490,424
3940,424,491,425
3941,425,492,426
3942,426,493,427
3943,427,494,428
3944,423,489,490
3945,424,490,491
3946,425,491,492
3947,426,492,493
3948,427,493,494
3949,428,502,429
3950,429,503,430
3951,430,504,431
3952,431,505,432
3953,432,506,433
3954,433,507,434
3955,428,494,502
3956,429,502,503
3957,430,503,504
3958,431,504,505
3959,432,505,506
3960,433,506,507
3961,434,507,508
3962,212,434,586
3963,212,586,585
3964,434,508,587
3965,508,512,587
3966,512,513,588
3967,513,547,591
3968,547,553,592
3969,553,556,608
3970,556,573,609
3971,434,587,586
3972,585,586,590
3973,585,590,589
3974,512,588,587
3975,586,587,607
3976,586,607,590
3977,587,588,607
3978,226,589,879
3979,226,879,878
3980,513,591,588
3981,547,592,591
3982,553,608,592
3983,588,591,612
3984,236,597,423
3985,423,597,489
3986,597,598,489
3987,241,602,597
3988,597,602,598
3989,598,602,604
3990,242,603,602
3991,602,603,604
3992,604,603,605
3993,1154,1320,603
3994,603,1320,605
3995,605,1320,1322
3996,573,581,610
3997,581,606,611
3998,589,881,879
3999,589,590,881
4000,590,607,887
4001,590,887,881
4002,588,612,607
4003,591,613,612
4004,591,592,613
4005,592,608,614
4006,592,614,613
4007,556,609,608
4008,573,610,609
4009,581,611,610
4010,608,609,615
4011,609,610,616
4012,608,615,614
4013,609,616,615
4014,610,611,617
4015,610,617,616
4016,607,612,887
4017,612,888,887
4018,612,613,888
4019,613,614,890
4020,613,890,888
4021,614,615,891
4022,614,891,890
4023,615,892,891
4024,615,616,892
4025,616,617,893
4026,616,893,892
4027,606,724,764
4028,724,725,765
4029,725,726,766
4030,726,727,767
4031,727,732,768
4032,732,738,774
4033,738,745,775
4034,606,764,611
4035,724,765,764
4036,725,766,765
4037,611,764,769
4038,764,765,770
4039,611,769,617
4040,764,770,769
4041,765,766,771
4042,765,771,770
4043,726,767,766
4044,727,768,767
4045,766,767,772
4046,766,772,771
4047,767,768,773
4048,767,773,772
4049,732,774,768
4050,768,774,776
4051,768,776,773
4052,617,769,927
4053,769,770,928
4054,617,927,893
4055,769,928,927
4056,770,771,929
4057,770,929,928
4058,771,772,933
4059,771,933,929
4060,772,773,935
4061,772,935,933
4062,773,943,935
4063,738,775,774
4064,774,777,776
4065,745,1389,775
4066,774,775,777
4067,775,1391,777
4068,773,776,943
4069,776,945,943
4070,776,777,945
4071,777,2149,945
4072,132,783,782
4073,132,133,783
4074,133,784,783
4075,782,783,789
4076,782,789,787
4077,133,139,784
4078,139,785,784
4079,139,140,785
4080,140,808,785
4081,783,784,794
4082,784,785,795
4083,787,789,804
4084,783,794,789
4085,789,794,805
4086,784,795,794
4087,794,795,817
4088,787,804,796
4089,789,805,804
4090,796,804,806
4091,794,817,805
4092,804,805,807
4093,796,806,798
4094,804,807,806
4095,798,806,828
4096,805,819,807
4097,806,807,844
4098,140,217,808
4099,217,219,809
4100,217,809,808
4101,219,220,810
4102,219,810,809
4103,785,808,812
4104,808,809,813
4105,220,225,811
4106,220,811,810
4107,225,227,814
4108,227,878,880
4109,225,814,811
4110,785,812,795
4111,795,812,818
4112,808,813,812
4113,812,813,821
4114,227,880,814
4115,809,810,815
4116,809,815,813
4117,810,811,816
4118,810,816,815
4119,813,815,822
4120,811,814,884
4121,811,884,816
4122,815,816,902
4123,795,818,817
4124,805,817,819
4125,812,821,818
4126,817,818,820
4127,817,820,819
4128,807,819,845
4129,818,823,820
4130,819,820,848
4131,813,822,821
4132,818,821,823
4133,815,902,822
4134,821,822,824
4135,822,902,905
4136,821,824,823
4137,820,823,849
4138,822,905,824
4139,823,824,850
4140,798,828,826
4141,806,844,828
4142,826,828,831
4143,826,831,829
4144,828,846,831
4145,829,831,853
4146,829,853,836
4147,807,845,844
4148,828,844,846
4149,844,847,846
4150,819,848,845
4151,844,845,847
4152,845,848,851
4153,845,851,847
4154,831,846,854
4155,831,854,853
4156,846,847,855
4157,846,855,854
4158,820,849,848
4159,848,849,852
4160,848,852,851
4161,823,850,849
4162,849,980,852
4163,849,850,980
4164,847,851,867
4165,847,867,855
4166,851,868,867
4167,851,852,868
4168,852,980,988
4169,852,988,868
4170,836,853,856
4171,853,854,858
4172,836,856,838
4173,853,858,856
4174,854,855,869
4175,854,869,858
4176,838,856,859
4177,838,859,857
4178,857,859,863
4179,856,858,860
4180,856,860,859
4181,859,860,864
4182,857,863,861
4183,861,863,865
4184,861,865,862
4185,862,1992,1989
4186,862,865,1992
4187,859,864,863
4188,863,864,866
4189,863,866,865
4190,865,1994,1992
4191,865,866,1994
4192,855,867,871
4193,855,871,869
4194,867,868,872
4195,867,872,871
4196,858,869,870
4197,869,871,873
4198,858,870,860
4199,860,870,874
4200,869,873,870
4201,871,872,991
4202,870,873,876
4203,871,991,873
4204,860,874,864
4205,864,874,875
4206,864,875,866
4207,866,2004,1994
4208,866,875,2004
4209,875,874,877
4210,875,2007,2004
4211,870,876,874
4212,874,876,877
4213,873,995,876
4214,875,877,2007
4215,876,996,877
4216,877,2214,2007
4217,877,996,2214
4218,878,879,882
4219,878,882,880
4220,879,881,883
4221,879,883,882
4222,814,880,885
4223,814,885,884
4224,880,882,886
4225,880,886,885
4226,882,883,898
4227,882,898,886
4228,881,887,889
4229,887,888,889
4230,888,890,894
4231,881,889,883
4232,888,894,889
4233,890,891,895
4234,891,892,896
4235,892,893,897
4236,890,895,894
4237,891,896,895
4238,892,897,896
4239,883,889,899
4240,889,894,899
4241,883,899,898
4242,894,895,900
4243,895,896,901
4244,896,897,937
4245,894,900,899
4246,895,901,900
4247,896,937,901
4248,816,884,903
4249,816,903,902
4250,884,885,904
4251,884,904,903
4252,902,903,906
4253,885,908,904
4254,885,886,908
4255,903,904,907
4256,902,906,905
4257,824,905,978
4258,903,907,906
4259,904,912,907
4260,905,906,979
4261,906,907,982
4262,886,898,909
4263,886,909,908
4264,898,910,909
4265,904,908,912
4266,908,909,913
4267,898,899,910
4268,899,900,910
4269,900,901,911
4270,900,911,910
4271,901,956,911
4272,908,913,912
4273,907,912,983
4274,909,910,914
4275,909,914,913
4276,910,911,914
4277,912,913,984
4278,913,914,1017
4279,893,927,930
4280,927,928,931
4281,928,929,932
4282,893,930,897
4283,927,931,930
4284,928,932,931
4285,929,933,934
4286,929,934,932
4287,933,936,934
4288,933,935,936
4289,935,944,936
4290,897,930,938
4291,930,931,939
4292,931,932,940
4293,897,938,937
4294,930,939,938
4295,931,940,939
4296,932,934,941
4297,932,941,940
4298,934,942,941
4299,934,936,942
4300,936,947,942
4301,935,943,944
4302,943,946,944
4303,943,945,946
4304,945,2150,946
4305,936,944,947
4306,944,948,947
4307,944,946,948
4308,901,937,956
4309,937,938,957
4310,937,957,956
4311,938,939,958
4312,939,940,959
4313,938,958,957
4314,939,959,958
4315,940,941,960
4316,940,960,959
4317,941,961,960
4318,941,942,961
4319,942,968,961
4320,911,956,962
4321,956,957,963
4322,911,962,914
4323,956,963,962
4324,957,958,964
4325,958,959,965
4326,957,964,963
4327,958,965,964
4328,914,962,1017
4329,962,963,1018
4330,963,964,1019
4331,959,960,966
4332,959,966,965
4333,964,965,1020
4334,960,961,967
4335,960,967,966
4336,965,966,1021
4337,966,967,1027
4338,942,947,968
4339,947,948,969
4340,947,969,968
4341,961,968,970
4342,961,970,967
4343,967,970,1028
4344,968,969,971
4345,968,971,970
4346,970,971,2270
4347,824,978,850
4348,850,978,981
4349,850,981,980
4350,905,979,978
4351,906,982,979
4352,978,979,985
4353,978,985,981
4354,980,981,989
4355,980,989,988
4356,981,985,1001
4357,981,1001,989
4358,907,983,982
4359,979,982,986
4360,979,986,985
4361,982,983,987
4362,982,987,986
4363,912,984,983
4364,913,1017,984
4365,983,984,1022
4366,985,1002,1001
4367,985,986,1002
4368,983,1022,987
4369,986,987,1003
4370,986,1003,1002
4371,987,1022,1037
4372,987,1037,1003
4373,868,988,990
4374,868,990,872
4375,988,992,990
4376,988,989,992
4377,989,1001,1004
4378,989,1004,992
4379,872,990,993
4380,872,993,991
4381,873,991,995
4382,990,992,994
4383,990,994,993
4384,992,1005,994
4385,876,995,996
4386,991,997,995
4387,991,993,997
4388,995,997,999
4389,996,2215,2214
4390,995,999,996
4391,996,999,2215
4392,993,998,997
4393,993,994,998
4394,997,998,1000
4395,997,1000,999
4396,999,1000,2220
4397,1001,1002,1006
4398,1001,1006,1004
4399,1002,1003,1007
4400,1002,1007,1006
4401,992,1004,1005
4402,1004,1006,1008
4403,1004,1008,1005
4404,1006,1007,1042
4405,1006,1042,1008
4406,994,1009,998
4407,994,1005,1009
4408,998,1009,1010
4409,1005,1011,1009
4410,998,1010,1000
4411,1000,1010,2229
4412,1010,1009,1012
4413,1005,1008,1011
4414,1009,1011,1012
4415,1008,1049,1011
4416,1008,1042,1049
4417,1011,1049,1051
4418,1010,1012,2231
4419,1011,1051,1012
4420,1012,1051,2288
4421,962,1018,1017
4422,963,1019,1018
4423,964,1020,1019
4424,984,1017,1023
4425,1017,1018,1023
4426,1018,1019,1024
4427,965,1021,1020
4428,966,1027,1021
4429,1019,1020,1025
4430,1020,1021,1026
4431,1027,1029,1021
4432,984,1023,1022
4433,1018,1024,1023
4434,1022,1038,1037
4435,1022,1023,1038
4436,1023,1024,1038
4437,1019,1025,1024
4438,1020,1026,1025
4439,1021,1029,1026
4440,1024,1025,1039
4441,1025,1026,1040
4442,1024,1039,1038
4443,1025,1040,1039
4444,1026,1029,1047
4445,1026,1047,1040
4446,967,1028,1027
4447,1027,1028,1030
4448,970,2270,1028
4449,1028,2270,2273
4450,1027,1030,1029
4451,1029,1030,1048
4452,1029,1048,1047
4453,1028,2273,1030
4454,1030,2273,2286
4455,1030,2286,1048
4456,1003,1037,1041
4457,1003,1041,1007
4458,1037,1038,1044
4459,1037,1044,1041
4460,1038,1039,1044
4461,1039,1045,1044
4462,1039,1040,1045
4463,1040,1053,1045
4464,1007,1041,1043
4465,1007,1043,1042
4466,1041,1044,1046
4467,1044,1045,1046
4468,1041,1046,1043
4469,1040,1047,1053
4470,1047,1055,1053
4471,2286,2291,1048
4472,1047,1048,1055
4473,1048,2291,1055
4474,1042,1050,1049
4475,1042,1043,1050
4476,1049,1052,1051
4477,1049,1050,1052
4478,1051,1052,2289
4479,1045,1053,1054
4480,1043,1046,1054
4481,1043,1054,1050
4482,1045,1054,1046
4483,1053,1055,1056
4484,1050,1056,1052
4485,1050,1054,1056
4486,1052,1056,2292
4487,1053,1056,1054
4488,1055,2292,1056
4489,1084,106,1087
4490,1087,106,1112
4491,1076,1079,1081
4492,1079,1082,1081
4493,1081,1082,1091
4494,1079,1084,1082
4495,1082,1089,1092
4496,1112,106,1115
4497,1115,106,1120
4498,1084,1087,1089
4499,1120,106,1176
4500,1087,1112,1090
4501,1082,1084,1089
4502,1089,1090,1097
4503,1089,1087,1090
4504,1090,1099,1097
4505,1090,1117,1099
4506,1082,1092,1091
4507,1091,1092,1093
4508,1092,1095,1093
4509,1092,1097,1095
4510,1093,1095,1094
4511,1094,1095,1096
4512,1095,1098,1096
4513,1092,1089,1097
4514,1097,1099,1098
4515,1095,1097,1098
4516,1099,1123,1100
4517,1098,1099,1100
4518,1098,1100,1101
4519,1096,1098,1101
4520,1101,1102,1144
4521,1101,1100,1102
4522,1100,1124,1102
4523,1102,1127,1145
4524,1176,106,1178
4525,1112,1115,1117
4526,1090,1112,1117
4527,1099,1117,1123
4528,1117,1115,1118
4529,1117,1118,1123
4530,1118,1125,1123
4531,1115,1120,1118
4532,1120,1176,1122
4533,1120,1122,1118
4534,1118,1122,1125
4535,1122,1129,1125
4536,1122,1176,1182
4537,1122,1182,1129
4538,1129,1182,1185
4539,1100,1123,1124
4540,1123,1125,1124
4541,1124,1125,1126
4542,1102,1124,1127
4543,1124,1126,1127
4544,1127,1126,1128
4545,1127,1128,1160
4546,1125,1129,1126
4547,1129,1130,1126
4548,1129,1185,1130
4549,1130,1185,1186
4550,1126,1130,1128
4551,1128,1130,1131
4552,1128,1131,1161
4553,1130,1186,1131
4554,1131,1186,1191
4555,1131,1191,1166
4556,1094,1096,1140
4557,1096,1141,1140
4558,1140,1141,1142
4559,1096,1101,1141
4560,1141,1144,1143
4561,1141,1143,1142
4562,1142,1143,1150
4563,1143,1152,1150
4564,1143,1146,1152
4565,1101,1144,1141
4566,1144,1145,1146
4567,1102,1145,1144
4568,1146,1145,1148
4569,1145,1160,1148
4570,1143,1144,1146
4571,1146,1148,1147
4572,1152,1146,1147
4573,1148,1162,1149
4574,1148,1149,1147
4575,1150,1152,1151
4576,1152,1147,1153
4577,1152,1153,1151
4578,1151,1153,1154
4579,1154,1155,1320
4580,1154,1153,1155
4581,1153,1156,1155
4582,1155,1158,1321
4583,1147,1149,1156
4584,1147,1156,1153
4585,1156,1157,1158
4586,1156,1149,1157
4587,1155,1156,1158
4588,1158,1159,1328
4589,1158,1157,1159
4590,1159,1330,1328
4591,1145,1127,1160
4592,1148,1160,1162
4593,1128,1161,1160
4594,1160,1161,1162
4595,1162,1161,1164
4596,1149,1162,1163
4597,1162,1164,1163
4598,1164,1165,1163
4599,1131,1166,1161
4600,1161,1166,1164
4601,1166,1167,1164
4602,1191,1206,1166
4603,1166,1206,1167
4604,1167,1206,1209
4605,1164,1167,1165
4606,1167,1168,1165
4607,1167,1209,1168
4608,1168,1209,1210
4609,1149,1163,1157
4610,1157,1163,1169
4611,1157,1169,1159
4612,1163,1165,1169
4613,1169,1165,1170
4614,1169,1170,1171
4615,1159,1169,1171
4616,1159,1171,1330
4617,1330,1171,1336
4618,1171,1170,1172
4619,1171,1172,1336
4620,1172,1338,1336
4621,1165,1168,1170
4622,1170,1168,1173
4623,1170,1173,1172
4624,1168,1210,1173
4625,1173,1210,1215
4626,1173,1215,1174
4627,1173,1174,1172
4628,1172,1174,1338
4629,1174,1346,1338
4630,1174,1215,1218
4631,1174,1218,1346
4632,1218,1543,1346
4633,1176,1178,1179
4634,1176,1179,1182
4635,1179,1178,1180
4636,1179,1180,1181
4637,1182,1179,1183
4638,1182,1183,1185
4639,1183,1187,1185
4640,1179,1181,1183
4641,1183,1184,1187
4642,1181,1184,1183
4643,1185,1187,1186
4644,1186,1187,1188
4645,1187,1189,1188
4646,1184,1189,1187
4647,1189,1190,1188
4648,1186,1188,1191
4649,1191,1188,1192
4650,1191,1192,1206
4651,1188,1190,1192
4652,1192,1193,1207
4653,1192,1190,1193
4654,1180,1194,1181
4655,1181,1194,1195
4656,1181,1195,1184
4657,1184,1196,1189
4658,1184,1195,1196
4659,1194,1197,1195
4660,1195,1197,1198
4661,1195,1198,1196
4662,1196,1199,1200
4663,1196,1198,1199
4664,1189,1200,1190
4665,1189,1196,1200
4666,1190,1200,1201
4667,1190,1201,1193
4668,1193,1202,1208
4669,1193,1201,1202
4670,1200,1203,1201
4671,1199,1203,1200
4672,1201,1203,1204
4673,1201,1204,1202
4674,1202,1204,1205
4675,1192,1207,1206
4676,1206,1207,1209
4677,1209,1207,1211
4678,1207,1208,1211
4679,1193,1208,1207
4680,1208,1213,1211
4681,1209,1211,1210
4682,1211,1212,1210
4683,1211,1213,1212
4684,1213,1214,1212
4685,1210,1212,1215
4686,1215,1212,1216
4687,1215,1216,1218
4688,1212,1214,1216
4689,1216,1217,1219
4690,1216,1214,1217
4691,1218,1216,1219
4692,1218,1219,1543
4693,1219,1545,1543
4694,1219,1220,1545
4695,1217,1220,1219
4696,1220,1571,1545
4697,1208,1221,1213
4698,1202,1221,1208
4699,1213,1221,1222
4700,1213,1222,1214
4701,1214,1222,1223
4702,1202,1205,1221
4703,1221,1224,1222
4704,1221,1205,1224
4705,1222,1225,1223
4706,1222,1224,1225
4707,1225,1226,1223
4708,1214,1223,1217
4709,1217,1227,1220
4710,1217,1223,1227
4711,1220,1228,1571
4712,1228,1697,1571
4713,1229,1698,1697
4714,1230,1699,1698
4715,1238,1700,1699
4716,1239,1701,1700
4717,1240,1702,1701
4718,1241,1703,1702
4719,1220,1227,1228
4720,1230,1238,1699
4721,1238,1239,1700
4722,1239,1240,1701
4723,1228,1229,1697
4724,1229,1230,1698
4725,1242,1704,1703
4726,1243,1705,1704
4727,1244,1706,1705
4728,1245,1707,1706
4729,1240,1241,1702
4730,1241,1242,1703
4731,1242,1243,1704
4732,1243,1244,1705
4733,1244,1245,1706
4734,1245,1711,1707
4735,1223,1226,1227
4736,1227,1231,1228
4737,1227,1226,1231
4738,1229,1231,1232
4739,1238,1233,1234
4740,1230,1232,1233
4741,1239,1234,1235
4742,1240,1235,1236
4743,1241,1236,1237
4744,1242,1237,2078
4745,1243,2078,2079
4746,1244,2079,2080
4747,1228,1231,1229
4748,1229,1232,1230
4749,1230,1233,1238
4750,1238,1234,1239
4751,1239,1235,1240
4752,1240,1236,1241
4753,1241,1237,1242
4754,1242,2078,1243
4755,1243,2079,1244
4756,1244,2080,1245
4757,1245,2080,2090
4758,1245,2090,1711
4759,1320,1321,1322
4760,1155,1321,1320
4761,1322,1321,1323
4762,1321,1328,1323
4763,1158,1328,1321
4764,1328,1330,1329
4765,1328,1329,1323
4766,1329,1330,1331
4767,1330,1336,1331
4768,1331,1336,1337
4769,1336,1338,1337
4770,1337,1338,1339
4771,1338,1346,1339
4772,1346,1347,1339
4773,1346,1543,1347
4774,1347,1543,1544
4775,745,1348,1389
4776,1348,1349,1390
4777,1349,1362,1393
4778,1362,1364,1394
4779,1348,1390,1389
4780,1389,1392,1391
4781,1389,1390,1392
4782,775,1389,1391
4783,1391,1392,2147
4784,1391,2147,2149
4785,777,1391,2149
4786,1349,1393,1390
4787,1390,1393,1395
4788,1390,1395,1392
4789,1362,1394,1393
4790,1393,1396,1395
4791,1393,1394,1396
4792,1392,1395,2153
4793,1392,2153,2147
4794,1395,2155,2153
4795,1395,1396,2155
4796,1364,1405,1445
4797,1405,1421,1449
4798,1421,1425,1450
4799,1364,1445,1394
4800,1394,1447,1396
4801,1394,1445,1447
4802,1405,1449,1445
4803,1445,1452,1447
4804,1445,1449,1452
4805,1396,2182,2155
4806,1396,1447,2182
4807,1447,2189,2182
4808,1447,1452,2189
4809,1421,1450,1449
4810,1449,1453,1452
4811,1449,1450,1453
4812,1425,1871,1450
4813,1450,1871,1875
4814,1453,1450,1875
4815,1452,2191,2189
4816,1452,1453,2191
4817,1453,1875,2409
4818,1453,2409,2191
4819,1543,1545,1544
4820,1544,1545,1546
4821,1545,1571,1546
4822,1571,1547,1546
4823,1547,1697,1548
4824,1548,1698,1549
4825,1549,1699,1550
4826,1571,1697,1547
4827,1548,1697,1698
4828,1549,1698,1699
4829,1550,1699,1700
4830,1551,1700,1701
4831,1552,1701,1702
4832,1553,1702,1703
4833,1554,1703,1704
4834,1555,1704,1705
4835,1556,1705,1706
4836,1550,1700,1551
4837,1551,1701,1552
4838,1552,1702,1553
4839,1553,1703,1554
4840,1554,1704,1555
4841,1555,1705,1556
4842,1556,1706,1557
4843,1557,1707,1558
4844,1558,1708,1572
4845,1572,1709,1573
4846,1573,1710,1576
4847,1576,1714,1577
4848,1577,1715,1652
4849,1652,1716,1654
4850,1654,1717,1655
4851,1655,1718,1658
4852,1658,1719,1660
4853,1660,1720,1662
4854,1557,1706,1707
4855,1558,1707,1708
4856,1707,1711,1708
4857,1708,1711,1712
4858,1572,1708,1709
4859,1573,1709,1710
4860,1576,1710,1714
4861,1708,1712,1709
4862,1709,1713,1710
4863,1710,1721,1714
4864,1709,1712,1713
4865,1710,1713,1721
4866,1711,2090,2371
4867,1711,2371,1712
4868,1712,2371,2373
4869,1712,2373,1713
4870,1713,2377,1721
4871,1713,2373,2377
4872,1577,1714,1715
4873,1652,1715,1716
4874,1654,1716,1717
4875,1714,1722,1715
4876,1714,1721,1722
4877,1715,1722,1723
4878,1715,1723,1716
4879,1716,1724,1717
4880,1716,1723,1724
4881,1655,1717,1718
4882,1658,1718,1719
4883,1660,1719,1720
4884,1662,1720,1872
4885,1717,1725,1718
4886,1718,1726,1719
4887,1717,1724,1725
4888,1718,1725,1726
4889,1719,1727,1720
4890,1719,1726,1727
4891,1720,1727,1876
4892,1721,2378,1722
4893,1721,2377,2378
4894,1722,2378,2379
4895,1722,2379,1723
4896,1723,2380,1724
4897,1723,2379,2380
4898,1724,2384,1725
4899,1725,2385,1726
4900,1724,2380,2384
4901,1725,2384,2385
4902,1726,2386,1727
4903,1726,2385,2386
4904,1727,2386,2411
4905,1425,1813,1871
4906,1813,1820,1873
4907,1662,1872,1818
4908,1818,1873,1820
4909,1813,1873,1871
4910,1871,1877,1875
4911,1818,1872,1873
4912,1720,1876,1872
4913,1872,1877,1873
4914,1872,1876,1877
4915,1871,1873,1877
4916,1875,2412,2409
4917,1727,2411,1876
4918,1876,2412,1877
4919,1876,2411,2412
4920,1875,1877,2412
4921,1989,1992,1993
4922,1989,1993,1990
4923,1990,1993,1995
4924,1990,1995,1991
4925,1992,1996,1993
4926,1992,1994,1996
4927,1993,1997,1995
4928,1993,1996,1997
4929,1991,2000,1998
4930,1991,1995,2000
4931,1998,2000,2002
4932,1998,2002,1999
4933,1999,2002,2016
4934,1995,2001,2000
4935,1995,1997,2001
4936,2000,2001,2003
4937,2000,2003,2002
4938,2002,2003,2017
4939,1994,2004,2005
4940,1994,2005,1996
4941,2004,2008,2005
4942,1996,2005,2006
4943,1996,2006,1997
4944,2005,2009,2006
4945,2004,2007,2008
4946,2007,2216,2008
4947,2007,2214,2216
4948,2005,2008,2009
4949,2008,2216,2217
4950,2008,2217,2009
4951,1997,2010,2001
4952,1997,2006,2010
4953,2006,2012,2010
4954,2001,2011,2003
4955,2001,2010,2011
4956,2003,2011,2033
4957,2010,2013,2011
4958,2006,2009,2012
4959,2009,2223,2012
4960,2009,2217,2223
4961,2010,2012,2013
4962,2011,2013,2035
4963,2012,2225,2013
4964,2012,2223,2225
4965,2013,2225,2243
4966,1999,2016,2014
4967,2014,2018,2015
4968,2014,2016,2018
4969,2015,2026,2020
4970,2015,2018,2026
4971,2002,2017,2016
4972,2016,2019,2018
4973,2016,2017,2019
4974,2018,2028,2026
4975,2018,2019,2028
4976,1988,2022,2121
4977,2140,2022,2023
4978,2141,2023,2030
4979,2142,2030,2031
4980,2020,2026,2027
4981,2020,2027,2021
4982,1988,2024,2022
4983,2022,2024,2023
4984,2023,2025,2030
4985,2021,2025,2024
4986,2021,2027,2025
4987,2023,2024,2025
4988,2026,2029,2027
4989,2026,2028,2029
4990,2030,2032,2031
4991,2027,2032,2025
4992,2030,2025,2032
4993,2027,2029,2032
4994,2029,2040,2032
4995,2003,2033,2017
4996,2017,2034,2019
4997,2017,2033,2034
4998,2011,2035,2033
4999,2033,2036,2034
5000,2019,2038,2028
5001,2019,2034,2038
5002,2034,2041,2038
5003,2033,2035,2036
5004,2013,2243,2035
5005,2035,2243,2245
5006,2034,2036,2041
5007,2035,2245,2036
5008,2036,2249,2041
5009,2036,2245,2249
5010,2028,2038,2037
5011,2029,2028,2037
5012,2038,2042,2037
5013,2031,2040,2039
5014,2029,2037,2040
5015,2032,2040,2031
5016,2037,2042,2043
5017,2039,2040,2043
5018,2037,2043,2040
5019,2038,2041,2042
5020,2041,2044,2042
5021,2041,2249,2044
5022,2039,2043,2146
5023,2146,2045,2462
5024,2042,2045,2043
5025,2042,2044,2045
5026,2043,2045,2146
5027,1197,2046,1198
5028,1198,2046,2047
5029,1198,2047,1199
5030,1199,2048,1203
5031,1199,2047,2048
5032,2046,2049,2047
5033,2047,2050,2048
5034,2047,2049,2050
5035,2048,2050,2054
5036,2049,2057,2050
5037,2050,2059,2054
5038,1203,2048,2051
5039,1203,2051,1204
5040,1204,2051,2052
5041,1204,2052,1205
5042,1205,2052,2053
5043,2048,2054,2051
5044,2051,2055,2052
5045,2051,2054,2055
5046,2054,2060,2055
5047,2052,2055,2056
5048,2056,2068,2053
5049,2055,2061,2056
5050,2056,2062,2068
5051,2052,2056,2053
5052,2050,2057,2059
5053,2058,2059,2057
5054,2054,2059,2060
5055,2063,2060,2059
5056,2055,2060,2061
5057,2056,2061,2062
5058,2064,2061,2060
5059,2065,2062,2061
5060,2058,2063,2059
5061,2063,2064,2060
5062,2058,2114,2063
5063,2063,2115,2064
5064,2064,2065,2061
5065,2064,2116,2065
5066,1205,2053,1224
5067,1224,2053,2066
5068,1224,2066,1225
5069,1225,2066,2067
5070,1225,2067,1226
5071,1226,2067,2081
5072,2066,2068,2069
5073,2068,2094,2069
5074,2053,2068,2066
5075,2067,2069,2070
5076,2071,2072,2083
5077,2073,2084,2072
5078,2073,2074,2085
5079,2086,2074,2075
5080,2069,2097,2070
5081,2087,2075,2076
5082,2088,2076,2077
5083,2070,2097,2071
5084,2071,2098,2072
5085,2066,2069,2067
5086,2067,2070,2081
5087,2070,2082,2081
5088,2071,2083,2082
5089,2072,2084,2083
5090,2073,2085,2084
5091,2085,2074,2086
5092,2086,2075,2087
5093,2070,2071,2082
5094,1226,2081,1231
5095,1231,2081,1232
5096,1232,2081,2082
5097,1233,2082,2083
5098,1232,2082,1233
5099,1233,2083,1234
5100,1234,2084,1235
5101,2089,2080,2079
5102,1235,2085,1236
5103,1237,1236,2086
5104,1237,2087,2078
5105,2088,2079,2078
5106,1235,2084,2085
5107,1236,2085,2086
5108,1237,2086,2087
5109,1234,2083,2084
5110,2087,2088,2078
5111,2088,2089,2079
5112,2089,2091,2080
5113,2080,2091,2090
5114,2091,2372,2090
5115,2089,2077,2092
5116,2087,2076,2088
5117,2088,2077,2089
5118,2089,2092,2091
5119,2091,2093,2372
5120,2091,2092,2093
5121,2068,2062,2094
5122,2102,2094,2062
5123,2069,2094,2097
5124,2073,2100,2074
5125,2074,2101,2075
5126,2075,2095,2076
5127,2073,2072,2099
5128,2076,2096,2077
5129,2071,2097,2098
5130,2072,2098,2099
5131,2074,2100,2101
5132,2073,2099,2100
5133,2075,2101,2095
5134,2076,2095,2096
5135,2077,2096,2109
5136,2103,2097,2094
5137,2103,2098,2097
5138,2104,2099,2098
5139,2105,2100,2099
5140,2106,2101,2100
5141,2107,2095,2101
5142,2065,2102,2062
5143,2102,2103,2094
5144,2065,2122,2102
5145,2102,2123,2103
5146,2103,2123,2104
5147,2104,2124,2105
5148,2103,2104,2098
5149,2104,2105,2099
5150,2105,2106,2100
5151,2108,2096,2095
5152,2106,2107,2101
5153,2107,2108,2095
5154,2096,2111,2109
5155,2108,2111,2096
5156,2105,2125,2106
5157,2106,2126,2107
5158,2107,2127,2108
5159,2108,2128,2111
5160,2077,2109,2092
5161,2092,2109,2110
5162,2092,2110,2093
5163,2093,2110,2396
5164,2111,2112,2109
5165,2112,2110,2109
5166,2111,2135,2112
5167,2112,2113,2110
5168,2110,2113,2396
5169,2112,2136,2113
5170,2063,2114,2115
5171,2114,2117,2115
5172,2064,2115,2116
5173,2065,2116,2122
5174,2115,2118,2116
5175,2115,2117,2118
5176,2116,2129,2122
5177,2116,2118,2129
5178,2117,2120,2118
5179,2118,2121,2129
5180,2118,2120,2121
5181,2120,1988,2121
5182,2102,2122,2123
5183,2104,2123,2124
5184,2105,2124,2125
5185,2106,2125,2126
5186,2107,2126,2127
5187,2122,2129,2133
5188,2122,2133,2123
5189,2123,2133,2124
5190,2124,2130,2125
5191,2125,2131,2126
5192,2124,2133,2130
5193,2126,2132,2127
5194,2108,2127,2128
5195,2127,2134,2128
5196,2125,2130,2131
5197,2126,2131,2132
5198,2127,2132,2134
5199,2129,2139,2133
5200,2129,2121,2139
5201,2133,2139,2130
5202,2131,2130,2140
5203,2131,2141,2132
5204,2130,2139,2140
5205,2131,2140,2141
5206,2132,2141,2142
5207,2128,2134,2137
5208,2132,2142,2134
5209,2134,2143,2137
5210,2134,2142,2143
5211,2111,2128,2135
5212,2112,2135,2136
5213,2128,2137,2135
5214,2136,2450,2113
5215,2135,2138,2136
5216,2136,2452,2450
5217,2135,2137,2138
5218,2137,2143,2144
5219,2137,2144,2138
5220,2136,2138,2452
5221,2138,2144,2145
5222,2138,2145,2452
5223,2121,2022,2139
5224,2139,2022,2140
5225,2140,2023,2141
5226,2141,2030,2142
5227,2142,2031,2143
5228,2143,2031,2039
5229,2143,2039,2144
5230,2144,2039,2146
5231,2144,2146,2145
5232,2146,2462,2145
5233,2149,2147,2148
5234,945,2149,2150
5235,2149,2148,2150
5236,946,2150,2151
5237,946,2151,948
5238,2150,2148,2152
5239,2150,2152,2151
5240,2147,2153,2154
5241,2147,2154,2148
5242,2153,2155,2156
5243,2153,2156,2154
5244,2148,2154,2157
5245,2148,2157,2152
5246,2154,2156,2158
5247,2154,2158,2157
5248,948,2151,2168
5249,948,2168,969
5250,2151,2152,2169
5251,2151,2169,2168
5252,969,2170,971
5253,969,2168,2170
5254,971,2170,2271
5255,2168,2171,2170
5256,2168,2169,2171
5257,2170,2171,2272
5258,2157,2172,2173
5259,2157,2158,2172
5260,2152,2157,2173
5261,2152,2173,2169
5262,2169,2173,2174
5263,2169,2174,2171
5264,2171,2174,2276
5265,2173,2172,2175
5266,2173,2175,2174
5267,2174,2175,2277
5268,2155,2182,2183
5269,2155,2183,2156
5270,2182,2189,2190
5271,2182,2190,2183
5272,2156,2183,2186
5273,2156,2186,2158
5274,2183,2190,2187
5275,2183,2187,2186
5276,2189,2191,2192
5277,2189,2192,2190
5278,2191,2409,2410
5279,2191,2410,2192
5280,2190,2192,2195
5281,2190,2195,2187
5282,2192,2410,2417
5283,2192,2417,2195
5284,2158,2200,2172
5285,2158,2186,2200
5286,2186,2201,2200
5287,2186,2187,2201
5288,2172,2202,2175
5289,2172,2200,2202
5290,2200,2203,2202
5291,2200,2201,2203
5292,2202,2203,2320
5293,2175,2202,2321
5294,2187,2204,2201
5295,2187,2195,2204
5296,2195,2205,2204
5297,2195,2417,2205
5298,2201,2207,2203
5299,2201,2204,2207
5300,2203,2207,2324
5301,2204,2208,2207
5302,2204,2205,2208
5303,2207,2208,2325
5304,2214,2218,2216
5305,2214,2215,2218
5306,2216,2219,2217
5307,2216,2218,2219
5308,999,2220,2215
5309,2215,2221,2218
5310,2215,2220,2221
5311,2220,2230,2221
5312,2218,2221,2222
5313,2218,2222,2219
5314,2221,2234,2222
5315,2217,2224,2223
5316,2217,2219,2224
5317,2223,2226,2225
5318,2223,2224,2226
5319,2225,2226,2244
5320,2219,2222,2227
5321,2219,2227,2224
5322,2222,2235,2227
5323,2224,2228,2226
5324,2224,2227,2228
5325,2226,2228,2247
5326,2228,2227,2236
5327,1000,2229,2220
5328,2220,2229,2230
5329,1010,2231,2229
5330,2229,2232,2230
5331,2229,2231,2232
5332,2221,2230,2234
5333,2230,2232,2237
5334,2230,2237,2234
5335,2231,2233,2232
5336,1012,2288,2231
5337,2231,2288,2233
5338,2232,2239,2237
5339,2232,2233,2239
5340,2222,2234,2235
5341,2234,2237,2238
5342,2234,2238,2235
5343,2227,2235,2236
5344,2228,2236,2256
5345,2235,2241,2236
5346,2235,2238,2241
5347,2237,2240,2238
5348,2237,2239,2240
5349,2238,2242,2241
5350,2238,2240,2242
5351,2225,2244,2243
5352,2243,2244,2246
5353,2243,2246,2245
5354,2245,2250,2249
5355,2245,2246,2250
5356,2226,2247,2244
5357,2244,2247,2248
5358,2228,2256,2247
5359,2244,2248,2246
5360,2246,2253,2250
5361,2246,2248,2253
5362,2247,2257,2248
5363,2248,2262,2253
5364,2249,2250,2251
5365,2249,2251,2044
5366,2250,2254,2251
5367,2462,2252,2463
5368,2044,2251,2252
5369,2045,2252,2462
5370,2044,2252,2045
5371,2251,2255,2252
5372,2250,2253,2254
5373,2253,2264,2254
5374,2253,2262,2264
5375,2251,2254,2255
5376,2252,2255,2463
5377,2254,2264,2265
5378,2255,2265,2464
5379,2254,2265,2255
5380,2247,2256,2257
5381,2236,2258,2256
5382,2236,2241,2258
5383,2256,2258,2260
5384,2248,2257,2262
5385,2257,2263,2262
5386,2256,2260,2257
5387,2257,2260,2263
5388,2241,2259,2258
5389,2241,2242,2259
5390,2258,2259,2261
5391,2258,2261,2260
5392,2260,2261,2268
5393,2262,2266,2264
5394,2262,2263,2266
5395,2264,2267,2265
5396,2264,2266,2267
5397,2260,2268,2263
5398,2263,2269,2266
5399,2263,2268,2269
5400,2261,2346,2268
5401,2268,2347,2269
5402,2266,2269,2470
5403,2266,2470,2267
5404,2269,2494,2470
5405,971,2271,2270
5406,2270,2271,2274
5407,2170,2272,2271
5408,2271,2272,2275
5409,2270,2274,2273
5410,2273,2274,2287
5411,2273,2287,2286
5412,2271,2275,2274
5413,2274,2295,2287
5414,2274,2275,2295
5415,2171,2276,2272
5416,2272,2276,2278
5417,2174,2277,2276
5418,2276,2277,2279
5419,2272,2278,2275
5420,2275,2296,2295
5421,2275,2278,2296
5422,2276,2279,2278
5423,2278,2297,2296
5424,2278,2279,2297
5425,2286,2287,2293
5426,2286,2293,2291
5427,2287,2295,2301
5428,2287,2301,2293
5429,1051,2289,2288
5430,2288,2289,2290
5431,2288,2290,2233
5432,2233,2298,2239
5433,2233,2290,2298
5434,2290,2303,2298
5435,2293,2294,2291
5436,1055,2291,2292
5437,1052,2292,2289
5438,2289,2292,2294
5439,2291,2294,2292
5440,2293,2301,2303
5441,2289,2294,2290
5442,2293,2303,2294
5443,2290,2294,2303
5444,2295,2302,2301
5445,2295,2296,2302
5446,2296,2304,2302
5447,2296,2297,2304
5448,2239,2298,2299
5449,2239,2299,2240
5450,2298,2305,2299
5451,2240,2299,2300
5452,2240,2300,2242
5453,2299,2306,2300
5454,2301,2302,2305
5455,2301,2305,2303
5456,2298,2303,2305
5457,2302,2304,2306
5458,2302,2306,2305
5459,2299,2305,2306
5460,2202,2320,2321
5461,2175,2321,2277
5462,2277,2321,2322
5463,2321,2320,2323
5464,2277,2322,2279
5465,2279,2335,2297
5466,2279,2322,2335
5467,2321,2323,2322
5468,2322,2323,2336
5469,2322,2336,2335
5470,2323,2343,2336
5471,2203,2324,2320
5472,2320,2324,2327
5473,2207,2325,2324
5474,2324,2325,2328
5475,2324,2328,2327
5476,2327,2328,2344
5477,2328,2490,2344
5478,2323,2320,2327
5479,2323,2327,2343
5480,2327,2344,2343
5481,2297,2335,2339
5482,2297,2339,2304
5483,2335,2336,2341
5484,2335,2341,2339
5485,2336,2348,2341
5486,2242,2337,2259
5487,2242,2300,2337
5488,2259,2337,2338
5489,2300,2340,2337
5490,2259,2338,2261
5491,2261,2338,2346
5492,2337,2342,2338
5493,2338,2342,2349
5494,2304,2339,2340
5495,2304,2340,2306
5496,2300,2306,2340
5497,2339,2341,2342
5498,2339,2342,2340
5499,2337,2340,2342
5500,2341,2349,2342
5501,2336,2343,2348
5502,2343,2350,2348
5503,2343,2344,2350
5504,2344,2495,2350
5505,2268,2346,2347
5506,2338,2349,2346
5507,2346,2352,2347
5508,2346,2349,2352
5509,2269,2347,2494
5510,2347,2497,2494
5511,2347,2352,2497
5512,2341,2348,2349
5513,2348,2352,2349
5514,2348,2350,2352
5515,2350,2495,2497
5516,2350,2497,2352
5517,2090,2372,2371
5518,2372,2374,2371
5519,2371,2374,2373
5520,2374,2381,2373
5521,2372,2375,2374
5522,2093,2375,2372
5523,2374,2376,2381
5524,2374,2375,2376
5525,2373,2381,2377
5526,2377,2382,2378
5527,2378,2383,2379
5528,2379,2387,2380
5529,2377,2381,2382
5530,2378,2382,2383
5531,2379,2383,2387
5532,2380,2388,2384
5533,2384,2389,2385
5534,2385,2390,2386
5535,2380,2387,2388
5536,2384,2388,2389
5537,2385,2389,2390
5538,2381,2391,2382
5539,2382,2392,2383
5540,2383,2393,2387
5541,2381,2376,2391
5542,2382,2391,2392
5543,2383,2392,2393
5544,2387,2394,2388
5545,2388,2395,2389
5546,2389,2418,2390
5547,2387,2393,2394
5548,2388,2394,2395
5549,2389,2395,2418
5550,2093,2396,2375
5551,2375,2396,2397
5552,2375,2397,2376
5553,2376,2397,2400
5554,2113,2398,2396
5555,2398,2397,2396
5556,2113,2450,2398
5557,2398,2399,2397
5558,2397,2399,2400
5559,2398,2451,2399
5560,2391,2400,2401
5561,2376,2400,2391
5562,2391,2401,2392
5563,2392,2402,2393
5564,2393,2403,2394
5565,2392,2401,2402
5566,2393,2402,2403
5567,2394,2404,2395
5568,2395,2434,2418
5569,2394,2403,2404
5570,2395,2404,2434
5571,2400,2399,2405
5572,2400,2405,2401
5573,2401,2405,2406
5574,2399,2455,2405
5575,2405,2456,2406
5576,2401,2406,2402
5577,2402,2407,2403
5578,2402,2406,2407
5579,2403,2408,2404
5580,2403,2407,2408
5581,2404,2408,2439
5582,2406,2457,2407
5583,2407,2471,2408
5584,2409,2414,2410
5585,2386,2413,2411
5586,2411,2414,2412
5587,2409,2412,2414
5588,2386,2390,2413
5589,2411,2413,2414
5590,2410,2414,2420
5591,2410,2420,2417
5592,2390,2419,2413
5593,2413,2420,2414
5594,2390,2418,2419
5595,2413,2419,2420
5596,2417,2436,2205
5597,2417,2420,2436
5598,2418,2435,2419
5599,2418,2434,2435
5600,2419,2435,2436
5601,2419,2436,2420
5602,2404,2439,2434
5603,2434,2440,2435
5604,2434,2439,2440
5605,2205,2441,2208
5606,2205,2436,2441
5607,2435,2440,2441
5608,2408,2472,2439
5609,2439,2473,2440
5610,2208,2441,2474
5611,2440,2474,2441
5612,2435,2441,2436
5613,2398,2450,2451
5614,2450,2453,2451
5615,2399,2451,2455
5616,2451,2454,2455
5617,2450,2452,2453
5618,2452,2460,2453
5619,2452,2145,2460
5620,2453,2460,2461
5621,2451,2453,2454
5622,2453,2461,2454
5623,2454,2461,2465
5624,2405,2455,2456
5625,2455,2458,2456
5626,2406,2456,2457
5627,2407,2457,2471
5628,2456,2459,2457
5629,2457,2477,2471
5630,2455,2454,2458
5631,2456,2458,2459
5632,2454,2465,2458
5633,2458,2466,2459
5634,2458,2465,2466
5635,2459,2477,2457
5636,2459,2466,2467
5637,2459,2467,2477
5638,2145,2462,2460
5639,2460,2463,2461
5640,2460,2462,2463
5641,2461,2463,2464
5642,2461,2464,2465
5643,2255,2464,2463
5644,2465,2464,2468
5645,2465,2468,2466
5646,2466,2468,2469
5647,2466,2469,2467
5648,2469,2492,2467
5649,2265,2468,2464
5650,2468,2267,2469
5651,2265,2267,2468
5652,2469,2470,2492
5653,2469,2267,2470
5654,2408,2471,2472
5655,2439,2472,2473
5656,2208,2474,2325
5657,2440,2473,2474
5658,2471,2478,2472
5659,2479,2473,2472
5660,2325,2474,2480
5661,2480,2474,2473
5662,2471,2477,2478
5663,2478,2479,2472
5664,2325,2480,2328
5665,2479,2480,2473
5666,2477,2467,2488
5667,2477,2488,2478
5668,2328,2480,2490
5669,2478,2488,2489
5670,2479,2489,2490
5671,2478,2489,2479
5672,2479,2490,2480
5673,2467,2492,2488
5674,2488,2492,2493
5675,2488,2493,2489
5676,2489,2495,2490
5677,2489,2493,2495
5678,2344,2490,2495
5679,2492,2494,2493
5680,2493,2497,2495
5681,2492,2470,2494
5682,2494,2497,2493
5683,711,719,714
5684,711,716,720
5685,711,718,719
5686,718,721,722
5687,718,722,719
5688,711,720,718
5689,718,720,723
5690,718,723,721
5691,721,915,917
5692,721,917,722
5693,721,723,919
5694,721,919,915
5695,714,778,756
5696,756,780,761
5697,761,1397,1385
5698,714,719,778
5699,719,722,779
5700,719,779,778
5701,756,778,780
5702,778,779,781
5703,722,917,949
5704,722,949,779
5705,779,949,953
5706,778,781,780
5707,761,780,1397
5708,780,781,1399
5709,780,1399,1397
5710,779,953,781
5711,781,953,2159
5712,781,2159,1399
5713,915,918,917
5714,915,916,918
5715,915,919,920
5716,915,920,916
5717,916,922,921
5718,916,951,918
5719,916,921,951
5720,916,920,922
5721,921,923,972
5722,921,972,951
5723,921,922,924
5724,921,924,923
5725,923,925,974
5726,923,924,926
5727,923,926,925
5728,925,926,1014
5729,917,950,949
5730,917,918,950
5731,949,950,954
5732,918,952,950
5733,918,951,952
5734,950,952,955
5735,949,954,953
5736,953,2160,2159
5737,953,954,2160
5738,950,955,954
5739,954,2163,2160
5740,954,955,2163
5741,951,972,973
5742,951,973,952
5743,923,974,972
5744,972,974,975
5745,925,1031,974
5746,972,975,973
5747,974,1033,975
5748,952,976,955
5749,952,973,976
5750,955,976,2176
5751,955,2176,2163
5752,973,975,977
5753,973,977,976
5754,975,1034,977
5755,976,2178,2176
5756,976,977,2178
5757,925,1013,1031
5758,925,1014,1013
5759,1013,1014,1016
5760,1013,1016,1015
5761,1014,2887,1016
5762,1015,1016,1059
5763,1013,1032,1031
5764,974,1031,1033
5765,1031,1035,1033
5766,1013,1015,1032
5767,1015,1057,1058
5768,1015,1059,1057
5769,1015,1058,1032
5770,1031,1032,1035
5771,1032,1058,1067
5772,1032,1067,1035
5773,1016,2893,1059
5774,975,1033,1034
5775,1033,1036,1034
5776,977,1034,2280
5777,1033,1035,1036
5778,1035,1067,1068
5779,1034,1036,2282
5780,1035,1068,1036
5781,1036,1068,2307
5782,1057,1064,1060
5783,1057,1062,1058
5784,1057,1060,1062
5785,1058,1062,1069
5786,1057,1059,1064
5787,1059,2895,1064
5788,1060,1061,1063
5789,1060,1065,1061
5790,1060,1063,1062
5791,1061,1065,1063
5792,1062,1063,1070
5793,1060,1064,1065
5794,1064,2896,1065
5795,1063,1065,1066
5796,1065,2896,1066
5797,1058,1069,1067
5798,1067,1069,1071
5799,1067,1071,1068
5800,1062,1070,1069
5801,1063,1066,1070
5802,1069,1072,1071
5803,1069,1070,1072
5804,1070,1073,1072
5805,1070,1066,1073
5806,1066,2897,1073
5807,2897,2901,1073
5808,1072,1073,1074
5809,1074,1073,2901
5810,1074,2901,3457
5811,1385,1398,1387
5812,1387,1401,1388
5813,1385,1397,1398
5814,1397,1399,1400
5815,1397,1400,1398
5816,1399,2159,2161
5817,1399,2161,1400
5818,1387,1398,1401
5819,1398,1400,1402
5820,1398,1402,1401
5821,1388,1401,1455
5822,1401,1402,1456
5823,1401,1456,1455
5824,1400,2161,2165
5825,1400,2165,1402
5826,1402,2165,2197
5827,1402,2197,1456
5828,1444,1446,1420
5829,1420,1451,1440
5830,1388,1455,1444
5831,1444,1455,1446
5832,1455,1448,1446
5833,1456,2184,1448
5834,1420,1446,1451
5835,1446,1448,1454
5836,1446,1454,1451
5837,1440,1451,1874
5838,1451,1454,1878
5839,1448,2184,2193
5840,1448,2193,1454
5841,1454,2193,2415
5842,1455,1456,1448
5843,1456,2197,2184
5844,1440,1874,1830
5845,1830,1879,1861
5846,1861,1880,1868
5847,1868,1880,1869
5848,1869,1883,1870
5849,1451,1878,1874
5850,1830,1874,1879
5851,1874,1878,1881
5852,1874,1881,1879
5853,1454,2415,1878
5854,1878,2415,2423
5855,1878,2423,1881
5856,1861,1879,1880
5857,1879,1881,1882
5858,1879,1882,1880
5859,1880,1882,1883
5860,1881,2423,2425
5861,1881,2425,1882
5862,1882,2425,1885
5863,1869,1880,1883
5864,1883,1882,1885
5865,1883,1884,1870
5866,1883,1885,1884
5867,1885,1886,1884
5868,1885,2425,2428
5869,1885,2428,1886
5870,2428,2430,1886
5871,2159,2160,2162
5872,2159,2162,2161
5873,2160,2163,2164
5874,2160,2164,2162
5875,2161,2166,2165
5876,2161,2162,2166
5877,2165,2198,2197
5878,2165,2166,2198
5879,2162,2167,2166
5880,2162,2164,2167
5881,2166,2199,2198
5882,2166,2167,2199
5883,2163,2176,2177
5884,2163,2177,2164
5885,2176,2178,2179
5886,977,2280,2178
5887,2176,2179,2177
5888,2178,2281,2179
5889,2164,2177,2180
5890,2164,2180,2167
5891,2167,2180,2210
5892,2167,2210,2199
5893,2177,2179,2181
5894,2177,2181,2180
5895,2179,2284,2181
5896,2180,2181,2212
5897,2180,2212,2210
5898,2181,2330,2212
5899,2197,2185,2184
5900,2198,2188,2185
5901,2184,2194,2193
5902,2184,2185,2194
5903,2193,2194,2416
5904,2185,2196,2194
5905,2185,2188,2196
5906,2196,2421,2194
5907,2197,2198,2185
5908,2198,2199,2188
5909,2188,2211,2206
5910,2188,2206,2196
5911,2196,2206,2437
5912,2196,2437,2421
5913,2211,2213,2209
5914,2211,2209,2206
5915,2213,2326,2209
5916,2206,2209,2442
5917,2206,2442,2437
5918,2209,2475,2442
5919,2199,2210,2211
5920,2199,2211,2188
5921,2212,2213,2210
5922,2210,2213,2211
5923,2212,2331,2213
5924,1034,2282,2280
5925,2178,2280,2281
5926,2280,2283,2281
5927,1036,2307,2282
5928,2280,2282,2283
5929,2282,2308,2283
5930,2282,2307,2308
5931,2179,2281,2284
5932,2281,2285,2284
5933,2181,2284,2330
5934,2284,2332,2330
5935,2281,2283,2285
5936,2283,2308,2312
5937,2283,2312,2285
5938,2284,2285,2332
5939,2285,2312,2353
5940,2285,2353,2332
5941,1068,2309,2307
5942,1068,1071,2309
5943,2307,2309,2313
5944,2307,2313,2308
5945,1071,2310,2309
5946,1071,1072,2310
5947,1072,1074,2310
5948,2309,2314,2313
5949,2309,2310,2314
5950,2310,2311,2314
5951,2311,2317,2314
5952,1074,2311,2310
5953,1074,3457,2311
5954,2311,3457,3458
5955,2311,3458,2317
5956,2317,3458,3463
5957,2308,2313,2315
5958,2308,2315,2312
5959,2312,2315,2355
5960,2312,2355,2353
5961,2313,2316,2315
5962,2313,2314,2316
5963,2314,2317,2316
5964,2317,2318,2316
5965,2315,2356,2355
5966,2315,2316,2356
5967,2316,2318,2356
5968,2356,2318,2360
5969,2317,3463,2318
5970,2318,3463,2319
5971,2318,2319,2360
5972,2209,2326,2475
5973,2326,2329,2475
5974,2326,2334,2329
5975,2334,2345,2329
5976,2212,2330,2331
5977,2330,2333,2331
5978,2330,2332,2333
5979,2353,2354,2332
5980,2331,2333,2334
5981,2332,2354,2333
5982,2333,2354,2363
5983,2213,2331,2326
5984,2331,2334,2326
5985,2333,2363,2334
5986,2334,2363,2345
5987,2351,2367,2498
5988,2353,2355,2357
5989,2353,2357,2354
5990,2354,2357,2364
5991,2355,2356,2358
5992,2356,2360,2358
5993,2355,2358,2357
5994,2357,2358,2365
5995,2358,2359,2365
5996,2358,2360,2359
5997,2360,2361,2359
5998,2360,2319,2361
5999,2359,2362,2366
6000,2359,2361,2362
6001,2354,2364,2363
6002,2363,2364,2351
6003,2363,2351,2345
6004,2357,2365,2364
6005,2365,2367,2364
6006,2365,2366,2367
6007,2359,2366,2365
6008,2364,2367,2351
6009,2367,2368,2498
6010,2366,2368,2367
6011,2366,2362,2369
6012,2366,2369,2368
6013,2368,2369,2370
6014,2369,3480,2370
6015,2193,2416,2415
6016,2415,2424,2423
6017,2415,2416,2424
6018,2194,2421,2416
6019,2416,2422,2424
6020,2421,2422,2416
6021,2423,2424,2426
6022,2423,2426,2425
6023,2425,2426,2428
6024,2424,2427,2426
6025,2424,2422,2427
6026,2426,2427,2429
6027,2426,2429,2428
6028,2429,2430,2428
6029,2429,2431,2430
6030,2429,2427,2432
6031,2429,2432,2431
6032,2432,2433,2431
6033,2421,2437,2438
6034,2421,2438,2422
6035,2437,2442,2443
6036,2437,2443,2438
6037,2442,2476,2443
6038,2422,2438,2444
6039,2422,2444,2427
6040,2438,2443,2445
6041,2438,2445,2444
6042,2443,2482,2445
6043,2427,2444,2432
6044,2432,2444,2446
6045,2432,2446,2433
6046,2446,2447,2433
6047,2445,2482,2448
6048,2444,2445,2446
6049,2446,2445,2448
6050,2448,2484,2449
6051,2446,2448,2447
6052,2448,2449,2447
6053,2442,2475,2476
6054,2475,2481,2476
6055,2443,2476,2482
6056,2475,2329,2481
6057,2329,2345,2491
6058,2329,2491,2481
6059,2476,2481,2483
6060,2481,2491,2500
6061,2481,2500,2483
6062,2476,2483,2482
6063,2448,2482,2484
6064,2482,2483,2484
6065,2484,2485,2449
6066,2484,2486,2485
6067,2485,2487,3565
6068,2484,2483,2486
6069,2483,2500,2486
6070,2486,2500,2506
6071,2486,2487,2485
6072,2486,2506,2487
6073,2506,2507,2487
6074,2345,2496,2491
6075,2345,2351,2496
6076,2491,2496,2501
6077,2491,2501,2500
6078,2351,2498,2496
6079,2496,2499,2501
6080,2496,2498,2499
6081,2368,2502,2498
6082,2501,2499,2508
6083,2498,2502,2499
6084,2499,2502,2503
6085,2499,2503,2508
6086,2368,2370,2502
6087,2502,2370,2504
6088,2370,3481,2504
6089,2502,2504,2503
6090,2503,2505,2509
6091,2503,2504,2505
6092,2504,3573,2505
6093,2501,2506,2500
6094,2501,2508,2506
6095,2508,2507,2506
6096,2508,2509,2507
6097,2509,3577,2507
6098,2508,2503,2509
6099,2509,2505,3579
6100,716,2570,2594
6101,2570,2585,2596
6102,2585,2592,2597
6103,716,2594,720
6104,720,2595,723
6105,720,2594,2595
6106,2570,2596,2594
6107,2594,2598,2595
6108,2594,2596,2598
6109,723,2852,919
6110,723,2595,2852
6111,2595,2855,2852
6112,2595,2598,2855
6113,2585,2597,2596
6114,2596,2599,2598
6115,2592,2644,2597
6116,2596,2597,2599
6117,2597,2646,2599
6118,2598,2857,2855
6119,2598,2599,2857
6120,2599,2868,2857
6121,2592,2615,2644
6122,2615,2621,2645
6123,2621,2643,2648
6124,2643,2727,2759
6125,2597,2644,2646
6126,2615,2645,2644
6127,2644,2645,2647
6128,2644,2647,2646
6129,2599,2646,2868
6130,2646,2870,2868
6131,2646,2647,2870
6132,2621,2648,2645
6133,2645,2649,2647
6134,2645,2648,2649
6135,2643,2759,2648
6136,2649,2648,2761
6137,2648,2759,2761
6138,2647,2874,2870
6139,2647,2649,2874
6140,2649,2948,2874
6141,2649,2761,2948
6142,2727,2734,2760
6143,2734,2746,2763
6144,2746,2775,2764
6145,2727,2760,2759
6146,2759,2762,2761
6147,2734,2763,2760
6148,2759,2760,2762
6149,2760,2765,2762
6150,2761,2762,2950
6151,2761,2950,2948
6152,2762,2954,2950
6153,2760,2763,2765
6154,2763,2766,2765
6155,2746,2764,2763
6156,2763,2764,2766
6157,2762,2765,2954
6158,2765,2956,2954
6159,2765,2766,2956
6160,2775,2784,2800
6161,2775,2800,2764
6162,2764,2801,2766
6163,2764,2800,2801
6164,2766,2972,2956
6165,2766,2801,2972
6166,2784,2807,2848
6167,2807,2814,2850
6168,3197,3231,2814
6169,2849,2801,2800
6170,2849,2800,2848
6171,2807,2850,2848
6172,2849,2848,2851
6173,2784,2848,2800
6174,2801,2974,2972
6175,2849,2974,2801
6176,2849,2978,2974
6177,2848,2850,2851
6178,2814,3231,2850
6179,2850,3233,2851
6180,2850,3231,3233
6181,2849,2851,2978
6182,2851,3654,2978
6183,2851,3233,3654
6184,919,2852,2853
6185,919,2853,920
6186,2852,2855,2856
6187,2852,2856,2853
6188,920,2853,2854
6189,920,2854,922
6190,2853,2856,2859
6191,2853,2859,2854
6192,2855,2857,2858
6193,2855,2858,2856
6194,2857,2869,2858
6195,2856,2858,2860
6196,2856,2860,2859
6197,2860,2858,2872
6198,922,2854,2861
6199,922,2861,924
6200,2854,2862,2861
6201,2854,2859,2862
6202,924,2861,2863
6203,924,2863,926
6204,926,2863,2885
6205,2861,2862,2864
6206,2861,2864,2863
6207,2863,2864,2886
6208,2859,2865,2862
6209,2859,2860,2865
6210,2860,2878,2865
6211,2860,2872,2878
6212,2862,2866,2864
6213,2862,2865,2866
6214,2864,2866,2888
6215,2865,2867,2866
6216,2865,2878,2867
6217,2866,2867,2890
6218,2857,2868,2869
6219,2868,2871,2869
6220,2868,2870,2871
6221,2858,2869,2872
6222,2869,2873,2872
6223,2869,2871,2873
6224,2871,2876,2873
6225,2870,2874,2875
6226,2870,2875,2871
6227,2874,2948,2949
6228,2874,2949,2875
6229,2871,2875,2876
6230,2875,2949,2877
6231,2875,2877,2876
6232,2872,2879,2878
6233,2872,2873,2879
6234,2873,2882,2879
6235,2878,2880,2867
6236,2878,2879,2880
6237,2867,2880,2917
6238,2879,2881,2880
6239,2879,2882,2881
6240,2873,2876,2882
6241,2876,2883,2882
6242,2876,2877,2883
6243,2877,2958,2883
6244,2882,2884,2881
6245,2882,2883,2884
6246,2880,2881,2918
6247,2881,2884,2921
6248,2883,2958,2962
6249,2883,2962,2884
6250,2884,2962,2922
6251,926,2885,1014
6252,1014,2885,2887
6253,2863,2886,2885
6254,2885,2886,2889
6255,2885,2889,2887
6256,2864,2888,2886
6257,2886,2888,2891
6258,2866,2890,2888
6259,1016,2887,2893
6260,2887,2894,2893
6261,2886,2891,2889
6262,2887,2889,2894
6263,2889,2904,2894
6264,2888,2890,2892
6265,2888,2892,2891
6266,2889,2891,2904
6267,2891,2905,2904
6268,2890,2919,2892
6269,2891,2892,2905
6270,2892,2919,2925
6271,2892,2925,2905
6272,1059,2893,2895
6273,2893,2898,2895
6274,2893,2894,2898
6275,2898,2894,2906
6276,1064,2895,2896
6277,2895,2898,2899
6278,2895,2899,2896
6279,2896,2897,1066
6280,2896,2899,2897
6281,2899,2900,2897
6282,2898,2906,2907
6283,2898,2907,2899
6284,2899,2907,2900
6285,2900,2907,2909
6286,2897,2900,2901
6287,2900,2902,2901
6288,2901,2902,3457
6289,2902,3460,3457
6290,2900,2909,2902
6291,2909,2903,2902
6292,2902,2903,3460
6293,3460,2903,3461
6294,2894,2904,2906
6295,2904,2905,2910
6296,2904,2910,2906
6297,2910,2905,2911
6298,2905,2925,2911
6299,2906,2910,2908
6300,2907,2906,2908
6301,2907,2908,2909
6302,2908,2913,2909
6303,2910,2911,2912
6304,2910,2912,2908
6305,2908,2912,2913
6306,2913,2912,2915
6307,2909,2913,2903
6308,2913,2914,2903
6309,2903,2914,3461
6310,2914,3468,3461
6311,2913,2915,2914
6312,2915,2916,2914
6313,2915,2931,2916
6314,2914,2916,3468
6315,3468,2916,3470
6316,2916,2932,3470
6317,2867,2917,2890
6318,2890,2917,2919
6319,2880,2918,2917
6320,2917,2918,2920
6321,2917,2920,2919
6322,2919,2920,2926
6323,2919,2926,2925
6324,2918,2923,2920
6325,2920,2923,2935
6326,2920,2935,2926
6327,2881,2921,2918
6328,2918,2921,2923
6329,2921,2884,2922
6330,2921,2922,2924
6331,2921,2924,2923
6332,2923,2924,2936
6333,2923,2936,2935
6334,2922,2982,2924
6335,2936,2924,2937
6336,2924,2982,2937
6337,2925,2927,2911
6338,2925,2926,2927
6339,2926,2929,2927
6340,2926,2935,2929
6341,2911,2927,2928
6342,2911,2928,2912
6343,2912,2928,2915
6344,2915,2928,2931
6345,2927,2930,2928
6346,2928,2930,2931
6347,2927,2929,2930
6348,2931,2930,2933
6349,2929,2939,2930
6350,2930,2939,2933
6351,2933,2939,2942
6352,2931,2932,2916
6353,2931,2933,2932
6354,2932,2934,3494
6355,2933,2934,2932
6356,2933,2942,2934
6357,2942,2943,2934
6358,2934,2943,3496
6359,2935,2938,2929
6360,2935,2936,2938
6361,2936,2937,2940
6362,2936,2940,2938
6363,2937,2992,2940
6364,2929,2938,2939
6365,2938,2941,2939
6366,2939,2941,2942
6367,2938,2940,2941
6368,2940,2992,2993
6369,2941,2993,2945
6370,2940,2993,2941
6371,2942,2945,2943
6372,2942,2941,2945
6373,2943,2944,3505
6374,2943,2945,2944
6375,2944,2945,2946
6376,2945,2993,2946
6377,2944,2947,3506
6378,2944,2946,2947
6379,2948,2950,2951
6380,2948,2951,2949
6381,2950,2955,2951
6382,2949,2951,2952
6383,2949,2952,2877
6384,2951,2955,2953
6385,2951,2953,2952
6386,2950,2954,2955
6387,2954,2957,2955
6388,2954,2956,2957
6389,2956,2973,2957
6390,2955,2957,2959
6391,2955,2959,2953
6392,2877,2952,2958
6393,2952,2961,2958
6394,2952,2953,2961
6395,2957,2976,2959
6396,2953,2964,2961
6397,2958,2961,2963
6398,2958,2963,2962
6399,2962,2963,2980
6400,2961,2967,2963
6401,2963,2967,2981
6402,2953,2959,2964
6403,2964,2959,2965
6404,2959,2976,2965
6405,2976,2966,2965
6406,2976,2977,2966
6407,2977,2970,2966
6408,2961,2964,2967
6409,2964,2968,2967
6410,2967,2968,2984
6411,2964,2965,2968
6412,2965,2969,2968
6413,2965,2966,2969
6414,2968,2969,2986
6415,2977,2960,2970
6416,2960,3633,2970
6417,2960,3628,3633
6418,2969,2971,2987
6419,3635,3661,2971
6420,2966,2971,2969
6421,2966,2970,2971
6422,3635,2971,2970
6423,3635,2970,3633
6424,2956,2972,2973
6425,2974,2975,2972
6426,2973,2972,2975
6427,2974,2979,2975
6428,2957,2973,2976
6429,2973,2975,2977
6430,2973,2977,2976
6431,2975,2960,2977
6432,2974,2978,2979
6433,2978,3654,3655
6434,2978,3655,2979
6435,2975,2979,2960
6436,2979,3655,3628
6437,2979,3628,2960
6438,2962,2980,2922
6439,2922,2980,2982
6440,2963,2981,2980
6441,2980,2981,2983
6442,2980,2983,2982
6443,2982,2990,2937
6444,2982,2983,2990
6445,2981,2985,2983
6446,2983,2985,2991
6447,2983,2991,2990
6448,2985,2996,2991
6449,2988,2989,2997
6450,2988,2997,2996
6451,2989,3664,2997
6452,2967,2984,2981
6453,2981,2984,2985
6454,2968,2986,2984
6455,2984,2986,2988
6456,2984,2988,2985
6457,2985,2988,2996
6458,2969,2987,2986
6459,2986,2987,2989
6460,2971,3661,2987
6461,2986,2989,2988
6462,2987,3658,2989
6463,2937,2990,2992
6464,2990,2995,2992
6465,2990,2991,2995
6466,2991,3000,2995
6467,2991,2996,3000
6468,2992,2995,2994
6469,2992,2994,2993
6470,2993,2994,2946
6471,2994,2995,2998
6472,2996,3001,3000
6473,2996,2997,3001
6474,2997,3669,3001
6475,2946,2998,2947
6476,2994,2998,2946
6477,3000,2999,2998
6478,2947,2998,2999
6479,2995,3000,2998
6480,3000,3001,2999
6481,1870,1884,3050
6482,3050,1884,3047
6483,1884,1886,3047
6484,3047,1886,3048
6485,3047,3048,3094
6486,1886,2430,3048
6487,3048,2430,3528
6488,3048,3528,3096
6489,3096,3528,3533
6490,3050,3047,3067
6491,3067,3094,3075
6492,3095,3098,3075
6493,3067,3047,3094
6494,3048,3096,3094
6495,3094,3095,3075
6496,3094,3096,3095
6497,3095,3096,3097
6498,3095,3144,3098
6499,3095,3097,3144
6500,3097,3146,3144
6501,3096,3533,3097
6502,3097,3533,3544
6503,3097,3544,3146
6504,3146,3544,3554
6505,3098,3144,3106
6506,3106,3145,3122
6507,3122,3148,3128
6508,3144,3146,3145
6509,3106,3144,3145
6510,3146,3147,3145
6511,3145,3147,3148
6512,3146,3554,3147
6513,3147,3554,3556
6514,3147,3556,3150
6515,3122,3145,3148
6516,3148,3147,3150
6517,3148,3150,3149
6518,3148,3149,3128
6519,3150,3151,3149
6520,3150,3556,3558
6521,3150,3558,3151
6522,3151,3558,3560
6523,3151,3560,3419
6524,3236,3639,3630
6525,3236,3191,3639
6526,3187,3188,3193
6527,3273,3192,3191
6528,3273,3190,3192
6529,3191,3641,3639
6530,3191,3192,3641
6531,3187,3193,3190
6532,3190,3194,3192
6533,3190,3193,3194
6534,3188,3350,3193
6535,3193,3351,3194
6536,3192,3645,3641
6537,3192,3194,3645
6538,3194,3690,3645
6539,3197,3202,3232
6540,3202,3220,3235
6541,3220,3239,3273
6542,3197,3232,3231
6543,3231,3234,3233
6544,3231,3232,3234
6545,3233,3656,3654
6546,3233,3234,3656
6547,3202,3235,3232
6548,3232,3236,3234
6549,3232,3235,3236
6550,3220,3273,3235
6551,3235,3191,3236
6552,3235,3273,3191
6553,3234,3630,3656
6554,3234,3236,3630
6555,3239,3187,3190
6556,3239,3190,3273
6557,3188,3337,3350
6558,3337,3340,3352
6559,3340,3346,3353
6560,3193,3350,3351
6561,3337,3352,3350
6562,3350,3354,3351
6563,3350,3352,3354
6564,3194,3351,3690
6565,3351,3696,3690
6566,3351,3354,3696
6567,3340,3353,3352
6568,3354,3352,3355
6569,3352,3353,3355
6570,3355,3712,3694
6571,3354,3694,3696
6572,3354,3355,3694
6573,3128,3149,3356
6574,3356,3417,3363
6575,3363,3418,3387
6576,3346,3387,3421
6577,3356,3149,3417
6578,3149,3151,3417
6579,3417,3151,3419
6580,3363,3417,3418
6581,3417,3419,3418
6582,3419,3420,3418
6583,3419,3560,3706
6584,3419,3706,3420
6585,3420,3706,3708
6586,3418,3420,3421
6587,3420,3422,3421
6588,3418,3421,3387
6589,3346,3421,3353
6590,3422,3355,3353
6591,3422,3353,3421
6592,3420,3708,3422
6593,3422,3708,3712
6594,3422,3712,3355
6595,3457,3460,3458
6596,3458,3460,3459
6597,3458,3459,3463
6598,3459,3464,3463
6599,3460,3461,3459
6600,3459,3461,3462
6601,3459,3462,3464
6602,3462,3466,3464
6603,3463,3464,2319
6604,2319,3465,2361
6605,3464,3465,2319
6606,3464,3466,3465
6607,3466,3472,3467
6608,3465,3466,3467
6609,3465,3467,3476
6610,3467,3473,3478
6611,3461,3468,3462
6612,3462,3468,3469
6613,3468,3470,3469
6614,3462,3469,3466
6615,3469,3471,3472
6616,3470,3494,3471
6617,3469,3470,3471
6618,3471,3495,3474
6619,3469,3472,3466
6620,3472,3474,3473
6621,3472,3473,3467
6622,3473,3475,3484
6623,3472,3471,3474
6624,3474,3495,3499
6625,3474,3499,3475
6626,3473,3474,3475
6627,3499,3501,3475
6628,3465,3476,2361
6629,2361,3476,2362
6630,3476,3478,3477
6631,2362,3476,3477
6632,2362,3477,2369
6633,3477,3479,3480
6634,3467,3478,3476
6635,3478,3484,3479
6636,3477,3478,3479
6637,3477,3480,2369
6638,3480,3481,2370
6639,3480,3482,3481
6640,3480,3479,3482
6641,3479,3485,3482
6642,3485,3490,3482
6643,3482,3483,3481
6644,3482,3490,3483
6645,3490,3492,3483
6646,3473,3484,3478
6647,3475,3486,3484
6648,3479,3484,3485
6649,3484,3486,3485
6650,3486,3488,3485
6651,3475,3501,3486
6652,3501,3487,3486
6653,3486,3487,3488
6654,3488,3487,3489
6655,3485,3488,3490
6656,3490,3488,3491
6657,3490,3491,3492
6658,3491,3583,3492
6659,3488,3489,3491
6660,3491,3489,3493
6661,3491,3493,3583
6662,3583,3493,3585
6663,2932,3494,3470
6664,3494,2934,3496
6665,3494,3496,3495
6666,3494,3495,3471
6667,3496,3497,3495
6668,3495,3497,3499
6669,3496,3505,3497
6670,2943,3505,3496
6671,3497,3498,3500
6672,3505,3498,3497
6673,3499,3500,3501
6674,3497,3500,3499
6675,3500,3502,3501
6676,3500,3498,3503
6677,3500,3503,3502
6678,3502,3503,3504
6679,3505,3506,3498
6680,2944,3506,3505
6681,3506,3507,3498
6682,3506,2947,3508
6683,3506,3508,3507
6684,3507,3508,3509
6685,3508,3666,3509
6686,3498,3507,3503
6687,3503,3507,3510
6688,3503,3510,3504
6689,3510,3511,3504
6690,3510,3512,3511
6691,3507,3509,3510
6692,3510,3509,3512
6693,3509,3668,3512
6694,3511,3512,3520
6695,3512,3672,3520
6696,3520,3672,3683
6697,3501,3502,3487
6698,3502,3513,3487
6699,3487,3513,3489
6700,3513,3514,3489
6701,3502,3504,3513
6702,3504,3515,3513
6703,3504,3511,3515
6704,3513,3515,3514
6705,3514,3515,3517
6706,3515,3519,3517
6707,3489,3514,3493
6708,3493,3514,3516
6709,3514,3517,3516
6710,3493,3516,3585
6711,3516,3603,3585
6712,3516,3518,3603
6713,3516,3517,3518
6714,3517,3522,3518
6715,3518,3522,3523
6716,3518,3605,3603
6717,3518,3523,3605
6718,3523,3615,3605
6719,3511,3519,3515
6720,3511,3520,3519
6721,3519,3522,3517
6722,3519,3521,3522
6723,3522,3521,3524
6724,3520,3521,3519
6725,3520,3683,3521
6726,3683,3685,3521
6727,3521,3685,3524
6728,3685,3525,3524
6729,3522,3524,3523
6730,3523,3524,3526
6731,3523,3526,3615
6732,3526,3524,3525
6733,3526,3527,3616
6734,3526,3525,3527
6735,3527,3689,3619
6736,2430,2431,3528
6737,2431,3529,3528
6738,3528,3529,3533
6739,3529,3530,3533
6740,2433,3529,2431
6741,2433,3531,3529
6742,3531,3530,3529
6743,3531,3532,3530
6744,3533,3530,3544
6745,3530,3534,3544
6746,3530,3532,3534
6747,3534,3532,3535
6748,3534,3535,3555
6749,3535,3545,3555
6750,2433,2447,3531
6751,3531,2447,3536
6752,3532,3536,3537
6753,3531,3536,3532
6754,2449,2485,3538
6755,2447,2449,3536
6756,3536,2449,3538
6757,3538,3565,3539
6758,3536,3538,3537
6759,3538,3539,3537
6760,3539,3566,3542
6761,3532,3537,3535
6762,3535,3537,3540
6763,3535,3540,3545
6764,3540,3541,3545
6765,3537,3539,3540
6766,3540,3539,3542
6767,3542,3569,3543
6768,3540,3542,3541
6769,3542,3543,3541
6770,3543,3570,3549
6771,3544,3534,3554
6772,3534,3555,3554
6773,3545,3541,3546
6774,3546,3541,3547
6775,3546,3547,3562
6776,3562,3547,3548
6777,3543,3547,3541
6778,3543,3549,3547
6779,3549,3594,3550
6780,3549,3548,3547
6781,3549,3550,3548
6782,3550,3595,3552
6783,3548,3551,3563
6784,3550,3551,3548
6785,3550,3552,3551
6786,3552,3598,3553
6787,3551,3552,3564
6788,3552,3553,3564
6789,3553,3599,3701
6790,3555,3556,3554
6791,3555,3557,3556
6792,3556,3557,3558
6793,3557,3559,3558
6794,3555,3545,3557
6795,3545,3546,3557
6796,3557,3546,3559
6797,3559,3546,3562
6798,3559,3560,3558
6799,3560,3561,3706
6800,3559,3561,3560
6801,3559,3562,3561
6802,3562,3563,3561
6803,3561,3563,3707
6804,3707,3563,3710
6805,3562,3548,3563
6806,3551,3710,3563
6807,3551,3564,3710
6808,3538,2485,3565
6809,3565,3567,3566
6810,3566,3568,3569
6811,3539,3565,3566
6812,3565,2487,3567
6813,3567,2507,3577
6814,2487,2507,3567
6815,3567,3577,3568
6816,3567,3568,3566
6817,3568,3577,3578
6818,3568,3578,3571
6819,3571,3578,3587
6820,3542,3566,3569
6821,3569,3571,3570
6822,3543,3569,3570
6823,3570,3572,3594
6824,3569,3568,3571
6825,3571,3587,3572
6826,3587,3588,3572
6827,3571,3572,3570
6828,3572,3588,3596
6829,3596,3588,3607
6830,3594,3572,3596
6831,3481,3573,2504
6832,3481,3483,3573
6833,3483,3575,3573
6834,2505,3573,3574
6835,3574,3573,3575
6836,3574,3575,3581
6837,3483,3492,3575
6838,3575,3492,3576
6839,3575,3576,3581
6840,3581,3576,3582
6841,2509,3579,3577
6842,3577,3579,3578
6843,3579,3580,3578
6844,3580,3587,3578
6845,3580,3589,3587
6846,3574,3580,3579
6847,2505,3574,3579
6848,3574,3581,3580
6849,3581,3589,3580
6850,3581,3582,3589
6851,3492,3583,3576
6852,3583,3584,3576
6853,3576,3584,3582
6854,3582,3584,3591
6855,3583,3585,3584
6856,3584,3585,3586
6857,3585,3603,3586
6858,3584,3586,3591
6859,3586,3593,3591
6860,3586,3604,3593
6861,3589,3590,3588
6862,3587,3589,3588
6863,3590,3607,3588
6864,3590,3592,3607
6865,3582,3590,3589
6866,3582,3591,3590
6867,3590,3591,3592
6868,3592,3593,3610
6869,3591,3593,3592
6870,3549,3570,3594
6871,3594,3596,3595
6872,3550,3594,3595
6873,3597,3598,3595
6874,3596,3607,3597
6875,3597,3607,3608
6876,3596,3597,3595
6877,3600,3608,3609
6878,3597,3600,3598
6879,3597,3608,3600
6880,3552,3595,3598
6881,3598,3600,3599
6882,3598,3599,3553
6883,3701,3599,3721
6884,3601,3721,3599
6885,3600,3601,3599
6886,3600,3609,3601
6887,3601,3609,3621
6888,3601,3602,3721
6889,3601,3621,3602
6890,3621,3622,3602
6891,3603,3604,3586
6892,3603,3605,3604
6893,3604,3605,3606
6894,3604,3611,3593
6895,3604,3606,3611
6896,3605,3615,3606
6897,3606,3617,3613
6898,3615,3617,3606
6899,3607,3592,3608
6900,3608,3592,3610
6901,3608,3610,3609
6902,3610,3612,3609
6903,3609,3612,3621
6904,3610,3611,3612
6905,3593,3611,3610
6906,3611,3613,3612
6907,3606,3613,3611
6908,3613,3623,3612
6909,3617,3614,3613
6910,3613,3614,3623
6911,3615,3616,3617
6912,3526,3616,3615
6913,3617,3618,3614
6914,3616,3618,3617
6915,3616,3619,3618
6916,3616,3527,3619
6917,3619,3728,3620
6918,3728,3729,3620
6919,3618,3619,3620
6920,3618,3620,3624
6921,3621,3612,3623
6922,3621,3623,3622
6923,3623,3625,3622
6924,3622,3625,3730
6925,3730,3625,3626
6926,3614,3625,3623
6927,3618,3624,3614
6928,3614,3624,3625
6929,3624,3626,3625
6930,3729,3626,3627
6931,3624,3620,3627
6932,3624,3627,3626
6933,3620,3729,3627
6934,3655,3629,3628
6935,3655,3657,3629
6936,3656,3630,3631
6937,3630,3639,3640
6938,3630,3640,3631
6939,3657,3631,3632
6940,3657,3632,3629
6941,3631,3640,3643
6942,3631,3643,3632
6943,3628,3634,3633
6944,3628,3629,3634
6945,3635,3633,3636
6946,3635,3636,3662
6947,3636,3633,3634
6948,3629,3632,3637
6949,3629,3637,3634
6950,3648,3637,3632
6951,3648,3632,3643
6952,3636,3634,3638
6953,3638,3634,3637
6954,3636,3638,3663
6955,3638,3637,3650
6956,3648,3650,3637
6957,3638,3650,3673
6958,3639,3642,3640
6959,3639,3641,3642
6960,3643,3640,3644
6961,3640,3642,3644
6962,3641,3645,3646
6963,3641,3646,3642
6964,3646,3645,3691
6965,3642,3646,3647
6966,3644,3642,3647
6967,3692,3647,3646
6968,3651,3653,3677
6969,3653,3699,3718
6970,3648,3643,3649
6971,3643,3644,3649
6972,3648,3651,3650
6973,3649,3653,3651
6974,3648,3649,3651
6975,3650,3651,3674
6976,3649,3644,3652
6977,3652,3644,3647
6978,3652,3647,3703
6979,3692,3703,3647
6980,3649,3652,3653
6981,3652,3699,3653
6982,3652,3703,3699
6983,3654,3657,3655
6984,3654,3656,3657
6985,3656,3631,3657
6986,2989,3658,3664
6987,3658,3659,3665
6988,3658,3665,3664
6989,3662,3663,3660
6990,3663,3673,3675
6991,3662,3660,3659
6992,3659,3670,3665
6993,3659,3660,3670
6994,3663,3675,3660
6995,3660,3681,3670
6996,3660,3675,3681
6997,3635,3662,3661
6998,2987,3661,3658
6999,3661,3662,3659
7000,3661,3659,3658
7001,3636,3663,3662
7002,3638,3673,3663
7003,2997,3664,3669
7004,3664,3665,3667
7005,3664,3667,3669
7006,3666,3001,3669
7007,2947,2999,3508
7008,2999,3666,3508
7009,2999,3001,3666
7010,3669,3667,3668
7011,3666,3668,3509
7012,3666,3669,3668
7013,3667,3665,3671
7014,3671,3670,3682
7015,3682,3670,3681
7016,3671,3665,3670
7017,3667,3671,3672
7018,3668,3672,3512
7019,3667,3672,3668
7020,3671,3682,3683
7021,3671,3683,3672
7022,3651,3677,3674
7023,3673,3674,3676
7024,3673,3676,3675
7025,3675,3680,3681
7026,3675,3676,3680
7027,3674,3678,3676
7028,3676,3686,3680
7029,3674,3677,3678
7030,3653,3718,3677
7031,3677,3718,3679
7032,3678,3687,3686
7033,3676,3678,3686
7034,3677,3679,3678
7035,3678,3679,3687
7036,3650,3674,3673
7037,3682,3681,3684
7038,3681,3680,3684
7039,3680,3688,3684
7040,3682,3684,3685
7041,3682,3685,3683
7042,3684,3688,3525
7043,3684,3525,3685
7044,3686,3689,3688
7045,3680,3686,3688
7046,3687,3728,3689
7047,3686,3687,3689
7048,3525,3688,3527
7049,3688,3689,3527
7050,3645,3690,3691
7051,3690,3696,3697
7052,3690,3697,3691
7053,3692,3691,3693
7054,3693,3691,3697
7055,3692,3646,3691
7056,3696,3695,3697
7057,3696,3694,3695
7058,3695,3694,3713
7059,3697,3695,3698
7060,3693,3697,3698
7061,3695,3714,3698
7062,3699,3700,3719
7063,3704,3702,3700
7064,3715,3553,3701
7065,3701,3721,3717
7066,3704,3705,3702
7067,3700,3702,3722
7068,3705,3717,3702
7069,3705,3716,3717
7070,3702,3717,3723
7071,3692,3704,3703
7072,3692,3693,3704
7073,3703,3700,3699
7074,3703,3704,3700
7075,3693,3705,3704
7076,3693,3698,3705
7077,3698,3716,3705
7078,3706,3707,3708
7079,3561,3707,3706
7080,3707,3709,3708
7081,3707,3710,3709
7082,3709,3711,3713
7083,3710,3711,3709
7084,3708,3709,3712
7085,3712,3713,3694
7086,3709,3713,3712
7087,3695,3713,3714
7088,3713,3711,3714
7089,3710,3564,3711
7090,3711,3564,3715
7091,3711,3715,3714
7092,3714,3715,3716
7093,3564,3553,3715
7094,3715,3701,3716
7095,3701,3717,3716
7096,3698,3714,3716
7097,3699,3719,3718
7098,3718,3719,3720
7099,3700,3722,3719
7100,3679,3720,3726
7101,3679,3726,3687
7102,3720,3727,3726
7103,3720,3724,3727
7104,3718,3720,3679
7105,3719,3724,3720
7106,3717,3721,3723
7107,3602,3723,3721
7108,3702,3723,3722
7109,3719,3722,3724
7110,3725,3722,3723
7111,3724,3722,3725
7112,3727,3724,3730
7113,3724,3725,3730
7114,3602,3725,3723
7115,3602,3622,3725
7116,3725,3622,3730
7117,3687,3726,3728
7118,3726,3727,3729
7119,3728,3726,3729
7120,3619,3689,3728
7121,3727,3626,3729
7122,3727,3730,3626
7123,243,268,244
7124,243,353,268
7125,243,244,1250
7126,243,358,353
7127,243,2510,358
7128,243,2515,2510
7129,2119,106,141
7130,2119,141,144
7131,2119,144,149
7132,2119,149,1075
7133,2119,1075,1078
7134,2119,1078,1083
7135,2119,1083,1086
7136,2119,1086,1111
7137,2119,1111,1114
7138,2119,1114,1119
7139,825,106,2119
7140,2119,1119,1175
7141,2119,1175,1178
7142,243,2668,2515
7143,2668,2528,2515
7144,2668,2531,2528
7145,2668,2538,2531
7146,2668,2650,2538
7147,2668,2655,2650
7148,2668,2669,2655
7149,2668,2672,2669
7150,3325,3321,3170
7151,143,141,106
7152,109,143,106
7153,146,144,141
7154,143,146,141
7155,151,149,144
7156,146,151,144
7157,1077,1075,149
7158,151,1077,149
7159,109,162,143
7160,109,129,162
7161,143,163,146
7162,143,162,163
7163,129,164,162
7164,129,132,164
7165,162,166,163
7166,162,164,166
7167,146,165,151
7168,146,163,165
7169,151,1103,1077
7170,151,165,1103
7171,163,167,165
7172,163,166,167
7173,165,1105,1103
7174,165,167,1105
7175,132,782,786
7176,132,786,164
7177,164,786,790
7178,164,790,166
7179,782,787,788
7180,782,788,786
7181,786,788,792
7182,786,792,790
7183,787,797,788
7184,788,800,792
7185,166,790,791
7186,166,791,167
7187,167,791,1924
7188,167,1924,1105
7189,790,792,793
7190,790,793,791
7191,791,1926,1924
7192,791,793,1926
7193,792,801,793
7194,793,1932,1926
7195,787,796,797
7196,796,799,797
7197,788,797,800
7198,797,802,800
7199,796,798,799
7200,797,799,802
7201,792,800,801
7202,800,803,801
7203,793,801,1932
7204,800,802,803
7205,801,803,1934
7206,798,827,799
7207,802,799,832
7208,802,833,803
7209,798,826,827
7210,799,827,832
7211,826,830,827
7212,826,829,830
7213,829,836,837
7214,829,837,830
7215,802,832,833
7216,827,834,832
7217,827,830,834
7218,803,833,1956
7219,832,835,833
7220,832,834,835
7221,830,839,834
7222,830,837,839
7223,834,840,835
7224,834,839,840
7225,836,841,837
7226,836,838,841
7227,837,842,839
7228,837,841,842
7229,839,843,840
7230,839,842,843
7231,838,857,861
7232,838,861,841
7233,841,862,842
7234,841,861,862
7235,842,1989,843
7236,842,862,1989
7237,1080,1078,1075
7238,1077,1080,1075
7239,1080,1085,1078
7240,1085,1083,1078
7241,1085,1088,1083
7242,1088,1086,1083
7243,1088,1113,1086
7244,1077,1104,1080
7245,1077,1103,1104
7246,1080,1104,1107
7247,1103,1106,1104
7248,1103,1105,1106
7249,1104,1106,1109
7250,1080,1107,1085
7251,1085,1107,1108
7252,1085,1108,1088
7253,1088,1108,1132
7254,1104,1109,1107
7255,1107,1109,1110
7256,1107,1110,1108
7257,1108,1110,1134
7258,1113,1111,1086
7259,1116,1114,1111
7260,1113,1116,1111
7261,1121,1119,1114
7262,1116,1121,1114
7263,1177,1175,1119
7264,1121,1177,1119
7265,1088,1132,1113
7266,1113,1133,1116
7267,1113,1132,1133
7268,1108,1134,1132
7269,1132,1135,1133
7270,1132,1134,1135
7271,1116,1136,1121
7272,1116,1133,1136
7273,1121,1137,1177
7274,1121,1136,1137
7275,1133,1138,1136
7276,1133,1135,1138
7277,1136,1139,1137
7278,1136,1138,1139
7279,1180,1178,1175
7280,1177,1180,1175
7281,1177,1194,1180
7282,1177,1137,1194
7283,1137,1197,1194
7284,1137,1139,1197
7285,1251,1481,1250
7286,1251,1282,1481
7287,1282,1287,1481
7288,1287,1457,1481
7289,1457,1462,1481
7290,1462,1475,1481
7291,1475,1480,1481
7292,1480,1486,1481
7293,1486,3321,1481
7294,1105,1925,1106
7295,1105,1924,1925
7296,1106,1925,1928
7297,1924,1927,1925
7298,1924,1926,1927
7299,1925,1927,1930
7300,1926,1933,1927
7301,1106,1928,1109
7302,1109,1928,1929
7303,1109,1929,1110
7304,1110,1929,1940
7305,1925,1930,1928
7306,1928,1930,1931
7307,1928,1931,1929
7308,1929,1931,1942
7309,1927,1936,1930
7310,1930,1937,1931
7311,1926,1932,1933
7312,801,1934,1932
7313,1927,1933,1936
7314,1932,1935,1933
7315,1932,1934,1935
7316,1933,1935,1938
7317,1930,1936,1937
7318,1933,1938,1936
7319,1931,1937,1948
7320,1936,1939,1937
7321,1936,1938,1939
7322,1937,1939,1950
7323,803,1956,1934
7324,1934,1957,1935
7325,1935,1960,1938
7326,1938,1961,1939
7327,1110,1940,1134
7328,1134,1941,1135
7329,1134,1940,1941
7330,1929,1942,1940
7331,1940,1942,1943
7332,1940,1943,1941
7333,1941,1943,1946
7334,1931,1948,1942
7335,1942,1949,1943
7336,1135,1944,1138
7337,1135,1941,1944
7338,1138,1944,1945
7339,1138,1945,1139
7340,1941,1946,1944
7341,1944,1946,1947
7342,1944,1947,1945
7343,1943,1952,1946
7344,1946,1953,1947
7345,1942,1948,1949
7346,1937,1950,1948
7347,1943,1949,1952
7348,1948,1951,1949
7349,1948,1950,1951
7350,1949,1951,1954
7351,1946,1952,1953
7352,1949,1954,1952
7353,1952,1955,1953
7354,1952,1954,1955
7355,1953,1955,2058
7356,1939,1972,1950
7357,1950,1973,1951
7358,1951,1976,1954
7359,1954,1977,1955
7360,1934,1956,1957
7361,833,1958,1956
7362,833,835,1958
7363,1956,1958,1959
7364,1935,1957,1960
7365,1956,1959,1957
7366,1957,1959,1962
7367,835,1964,1958
7368,835,840,1964
7369,1958,1965,1959
7370,1958,1964,1965
7371,1959,1965,1968
7372,1938,1960,1961
7373,1957,1962,1960
7374,1960,1962,1963
7375,1939,1961,1972
7376,1960,1963,1961
7377,1961,1963,1974
7378,1962,1959,1968
7379,1962,1968,1969
7380,1962,1969,1963
7381,1963,1969,1980
7382,840,1966,1964
7383,840,843,1966
7384,1964,1967,1965
7385,1964,1966,1967
7386,1965,1967,1970
7387,1965,1970,1968
7388,1968,1970,1971
7389,1968,1971,1969
7390,1969,1971,1982
7391,1950,1972,1973
7392,1961,1974,1972
7393,1972,1974,1975
7394,1951,1973,1976
7395,1972,1975,1973
7396,1973,1975,1978
7397,1975,1984,1978
7398,1963,1980,1974
7399,1974,1980,1981
7400,1974,1981,1975
7401,1975,1981,1984
7402,1954,1976,1977
7403,1973,1978,1976
7404,1976,1978,1979
7405,1955,1977,2114
7406,1976,1979,1977
7407,1977,1979,2117
7408,1978,1985,1979
7409,1979,2120,2117
7410,1978,1984,1985
7411,1985,2120,1979
7412,1980,1983,1981
7413,1969,1982,1980
7414,1980,1982,1983
7415,1981,1986,1984
7416,1981,1983,1986
7417,1982,2015,1983
7418,1983,2020,1986
7419,1984,1987,1985
7420,1984,1986,1987
7421,1985,1988,2120
7422,1985,1987,1988
7423,1986,2021,1987
7424,1987,2024,1988
7425,843,1990,1966
7426,843,1989,1990
7427,1966,1991,1967
7428,1966,1990,1991
7429,1967,1998,1970
7430,1967,1991,1998
7431,1970,1998,1999
7432,1970,1999,1971
7433,1971,1999,2014
7434,1971,2014,1982
7435,1982,2014,2015
7436,1983,2015,2020
7437,1986,2020,2021
7438,1987,2021,2024
7439,1139,1945,2046
7440,1139,2046,1197
7441,1945,1947,2049
7442,1945,2049,2046
7443,1947,2057,2049
7444,1947,1953,2057
7445,1953,2058,2057
7446,1955,2114,2058
7447,1977,2117,2114
7448,2675,2672,2688
7449,2693,2672,2696
7450,2696,2672,3152
7451,3152,2672,3157
7452,2688,2672,2693
7453,1486,1489,3321
7454,1489,1512,3321
7455,1512,1517,3321
7456,1517,3002,3321
7457,3002,3007,3321
7458,3007,3010,3321
7459,3010,3029,3321
7460,3157,2672,3170
7461,3029,3034,3321
7462,3034,3274,3321
7463,3274,3279,3321
7464,3279,3322,3321
7465,3279,3282,3322
