vertex_id,x,y,z
0,-12.99653259,-14.0217877,0.0
1,-12.99653259,-14.0217877,3.68181818
2,-14.76878704,-11.06803029,3.55909091
3,-12.99653259,-11.06803029,3.55909091
4,-12.99653259,-11.06803029,3.68181818
5,-14.76878704,-2.20675807,3.55909091
6,-12.99653259,-2.20675807,3.55909091
7,-12.99653259,-2.20675807,3.68181818
8,-7.08901778,-14.0217877,0.0
9,-6.3267578,-8.99087185,0.0
10,-6.41770928,-8.70502436,0.0
11,-4.72601185,-8.70502436,0.0
12,-7.08901778,-14.0217877,3.68181818
13,-6.64147878,-11.06803029,3.68181818
14,-4.72601185,-11.06803029,3.68181818
15,-4.72601185,-8.70502436,3.55909091
16,-4.72601185,-8.70502436,3.68181818
17,-4.72601185,-2.20675807,3.55909091
18,-4.72601185,-2.20675807,3.68181818
19,-14.76878704,-11.06803029,7.24090909
20,-14.17803556,-9.05947525,7.24090909
21,-14.17803556,-9.05947525,10.8
22,-14.76878704,-2.20675807,7.24090909
23,-14.17803556,-2.56120896,7.24090909
24,-14.17803556,-2.56120896,10.8
25,-4.72601185,-11.06803029,7.24090909
26,-6.4982663,-9.05947525,7.24090909
27,-6.4982663,-9.05947525,10.8
28,-6.4982663,-2.56120896,7.24090909
29,-4.72601185,-2.20675807,7.24090909
30,-6.4982663,-2.56120896,10.8
31,-12.40578111,1.9285023,3.68181818
32,-12.99653259,11.97127749,0.0
33,-12.99653259,11.97127749,3.68181818
34,-12.40578111,10.78977453,3.68181818
35,-4.72601185,4.88225971,0.0
36,-4.72601185,1.9285023,3.55909091
37,-4.72601185,1.9285023,3.68181818
38,-4.72601185,4.88225971,3.55909091
39,-2.95375741,1.9285023,3.55909091
40,-2.95375741,4.88225971,3.55909091
41,-2.95375741,4.88225971,3.68181818
42,-7.08901778,11.97127749,0.0
43,-4.72601185,10.78977453,0.0
44,-7.08901778,11.97127749,3.68181818
45,-4.72601185,10.78977453,3.68181818
46,-2.95375741,10.78977453,3.68181818
47,-12.40578111,1.9285023,7.24090909
48,-12.40578111,10.78977453,7.24090909
49,-6.4982663,5.1185603,7.24090909
50,-2.95375741,1.9285023,7.24090909
51,-2.95375741,5.1185603,7.11818182
52,-2.95375741,5.1185603,7.24090909
53,-6.4982663,5.1185603,10.8
54,-6.4982663,10.78977453,7.11818182
55,-6.4982663,10.78977453,7.24090909
56,-6.4982663,11.02607512,7.11818182
57,-2.95375741,10.78977453,7.11818182
58,-6.4982663,11.02607512,10.8
59,7.08901778,-14.0217877,0.0
60,7.08901778,-11.65878177,0.0
61,4.72601185,-8.70502436,0.0
62,3.54450889,-9.88652733,3.68181818
63,3.54450889,-8.70502436,3.55909091
64,3.54450889,-8.70502436,3.68181818
65,7.08901778,-14.0217877,3.68181818
66,7.08901778,-11.65878177,3.68181818
67,4.72601185,-8.70502436,3.55909091
68,5.67121422,-9.88652733,3.68181818
69,3.54450889,-2.20675807,3.55909091
70,4.72601185,-2.20675807,3.55909091
71,4.72601185,-2.20675807,3.68181818
72,12.99653259,-11.65878177,0.0
73,12.99653259,-11.65878177,3.68181818
74,12.99653259,-9.88652733,3.55909091
75,12.99653259,-9.88652733,3.68181818
76,14.76878704,-9.88652733,3.55909091
77,12.99653259,-2.20675807,3.55909091
78,12.99653259,-2.20675807,3.68181818
79,14.76878704,-2.20675807,3.55909091
80,3.54450889,-9.88652733,7.24090909
81,3.54450889,-2.20675807,7.24090909
82,14.76878704,-9.88652733,7.24090909
83,14.76878704,-2.20675807,7.24090909
84,4.72601185,4.88225971,0.0
85,4.13526037,3.70075675,3.55909091
86,4.13526037,4.88225971,3.55909091
87,4.13526037,4.88225971,3.68181818
88,4.72601185,3.70075675,3.55909091
89,4.72601185,3.70075675,3.68181818
90,4.72601185,4.88225971,3.55909091
91,4.72601185,11.97127749,0.0
92,4.72601185,13.15278045,0.0
93,4.13526037,11.97127749,3.55909091
94,4.13526037,11.97127749,3.68181818
95,4.72601185,11.97127749,3.55909091
96,4.13526037,13.15278045,3.55909091
97,4.72601185,13.15278045,3.55909091
98,4.72601185,13.15278045,3.68181818
99,12.99653259,3.70075675,3.55909091
100,12.99653259,3.70075675,3.68181818
101,13.58728407,3.70075675,3.55909091
102,12.99653259,13.15278045,0.0
103,12.99653259,13.15278045,3.55909091
104,12.99653259,13.15278045,3.68181818
105,13.58728407,13.15278045,3.55909091
106,-0.0,5.1185603,7.11818182
107,0.35588021,5.1191668,7.11818182
108,0.35588021,5.1191668,7.12840909
109,0.04706222,5.1370668,7.425
110,0.71175628,5.1209863,7.11818182
111,0.71175628,5.1209863,7.12840909
112,0.71175628,5.1209863,7.13863636
113,0.54172979,5.13846181,7.425
114,1.06762408,5.12401877,7.11818182
115,1.06762408,5.12401877,7.12840909
116,1.06762408,5.12401877,7.13863636
117,1.06762408,5.12401877,7.14886364
118,1.42347949,5.12826417,7.11818182
119,1.42347949,5.12826417,7.12840909
120,1.42347949,5.12826417,7.13863636
121,1.42347949,5.12826417,7.14886364
122,1.42347949,5.12826417,7.15909091
123,1.77931835,5.13372247,7.11818182
124,1.77931835,5.13372247,7.12840909
125,1.77931835,5.13372247,7.13863636
126,1.77931835,5.13372247,7.14886364
127,1.77931835,5.13372247,7.15909091
128,1.77931835,5.13372247,7.16931818
129,0.09410776,5.15559451,7.73181818
130,0.89753902,5.14091466,7.43522727
131,0.58868701,5.15721224,7.73181818
132,0.1411366,5.17414342,8.03863636
133,0.63562742,5.17598379,8.03863636
134,1.25333782,5.14458024,7.44545455
135,1.08325303,5.16117353,7.73181818
136,1.60912206,5.14945852,7.45568182
137,1.4389817,5.16547199,7.74204545
138,1.79469365,5.17098291,7.75227273
139,1.13010397,5.18016729,8.03863636
140,1.62455515,5.18669384,8.03863636
141,-0.0,5.61085321,7.11818182
142,0.35420225,5.61145685,7.11818182
143,0.04684525,5.6183502,7.425
144,-0.0,6.10314611,7.11818182
145,0.3525243,6.10374689,7.11818182
146,0.04662332,6.11064305,7.425
147,0.70840039,5.61326776,7.11818182
148,0.70504451,6.10554923,7.11818182
149,-0.0,6.59543901,7.11818182
150,0.35084635,6.59603693,7.11818182
151,0.04640138,6.6029359,7.425
152,0.70168862,6.59783069,7.11818182
153,1.0625903,5.61628593,7.11818182
154,1.05755652,6.1085531,7.11818182
155,1.41676787,5.62051132,7.11818182
156,1.77092897,5.62594388,7.11818182
157,1.41005625,6.11275847,7.11818182
158,1.7625396,6.11816529,7.11818182
159,1.05252274,6.60082026,7.11818182
160,1.40334464,6.60500562,7.11818182
161,1.75415022,6.61038671,7.11818182
162,0.09367382,5.63687776,7.73181818
163,0.09323988,6.11816101,7.73181818
164,0.14048569,5.65542642,8.03863636
165,0.09279601,6.61045371,7.73181818
166,0.13983477,6.13670942,8.03863636
167,0.13918386,6.61799242,8.03863636
168,2.13513654,5.14039359,7.11818182
169,2.13513654,5.14039359,7.12840909
170,2.13513654,5.14039359,7.13863636
171,2.13513654,5.14039359,7.14886364
172,2.13513654,5.14039359,7.15909091
173,2.13513654,5.14039359,7.16931818
174,2.13513654,5.14039359,7.17954545
175,2.49092993,5.14827746,7.11818182
176,2.49092993,5.14827746,7.12840909
177,2.49092993,5.14827746,7.13863636
178,2.49092993,5.14827746,7.14886364
179,2.49092993,5.14827746,7.15909091
180,2.49092993,5.14827746,7.16931818
181,2.49092993,5.14827746,7.17954545
182,2.49092993,5.14827746,7.18977273
183,2.84669438,5.15737398,7.11818182
184,2.84669438,5.15737398,7.12840909
185,2.84669438,5.15737398,7.13863636
186,2.84669438,5.15737398,7.14886364
187,2.84669438,5.15737398,7.15909091
188,2.84669438,5.15737398,7.16931818
189,2.84669438,5.15737398,7.17954545
190,2.84669438,5.15737398,7.18977273
191,2.84669438,5.15737398,7.2
192,3.20242576,5.16768306,7.11818182
193,3.20242576,5.16768306,7.12840909
194,3.20242576,5.16768306,7.13863636
195,3.20242576,5.16768306,7.14886364
196,3.20242576,5.16768306,7.15909091
197,3.20242576,5.16768306,7.16931818
198,3.20242576,5.16768306,7.17954545
199,3.20242576,5.16768306,7.18977273
200,3.20242576,5.16768306,7.2
201,3.20242576,5.16768306,7.21022727
202,3.55811993,5.17920456,7.11818182
203,3.55811993,5.17920456,7.12840909
204,3.55811993,5.17920456,7.13863636
205,3.55811993,5.17920456,7.14886364
206,3.55811993,5.17920456,7.15909091
207,3.55811993,5.17920456,7.16931818
208,3.55811993,5.17920456,7.17954545
209,3.55811993,5.17920456,7.18977273
210,3.55811993,5.17920456,7.2
211,3.55811993,5.17920456,7.21022727
212,3.55811993,5.17920456,7.22045455
213,1.95926056,5.15852686,7.46590909
214,2.31499317,5.16581116,7.47613636
215,2.67069887,5.17430791,7.48636364
216,2.14475341,5.18067362,7.7625
217,1.98019369,5.19283715,8.04886364
218,2.49476834,5.19153854,7.77272727
219,2.33017359,5.20315,8.05909091
220,2.68010658,5.21463675,8.06931818
221,3.02637356,5.18401701,7.49659091
222,3.37316519,5.19773619,7.50681818
223,2.85038532,5.20064789,7.78295455
224,3.20596918,5.2109693,7.79318182
225,3.02998872,5.22729721,8.07954545
226,3.55266489,5.22528523,7.80340909
227,3.38548071,5.23823062,8.08977273
228,2.12506951,5.63258355,7.11818182
229,2.11500247,6.12477351,7.11818182
230,2.47918535,5.64043024,7.11818182
231,2.46744077,6.13258303,7.11818182
232,2.10493544,6.61696347,7.11818182
233,2.45569619,6.62473582,7.11818182
234,2.83327239,5.64948388,7.11818182
235,3.18732652,5.65974435,7.11818182
236,3.54134362,5.67121153,7.11818182
237,2.81985041,6.14159378,7.11818182
238,3.17222728,6.15180564,7.11818182
239,2.80642842,6.63370367,7.11818182
240,3.15712804,6.64386693,7.11818182
241,3.5245673,6.1632185,7.11818182
242,3.50779099,6.65522546,7.11818182
243,4.13526037,3.70075675,5.4
244,4.32735413,3.78926653,5.4
245,4.32735413,3.78926653,5.55340909
246,4.32252297,3.90731802,5.54318182
247,4.32735413,3.78926653,5.70681818
248,4.32252297,3.90731802,5.69659091
249,4.3176918,4.0253695,5.68636364
250,4.32735413,3.78926653,5.86022727
251,4.32252297,3.90731802,5.85
252,4.32735413,3.78926653,6.01363636
253,4.32252297,3.90731802,6.00340909
254,4.3176918,4.0253695,5.83977273
255,4.31286063,4.14342098,5.82954545
256,4.31286063,4.14342098,5.98295455
257,4.3176918,4.0253695,5.99318182
258,4.30802947,4.26147246,5.97272727
259,4.30239311,4.39919919,5.54318182
260,4.29514636,4.57627641,5.55340909
261,4.29756194,4.51725067,5.68636364
262,4.27743208,5.00913185,5.68636364
263,4.27018533,5.18620907,5.69659091
264,4.29273077,4.63530215,5.82954545
265,4.28789961,4.75335364,5.97272727
266,4.27260091,5.12718333,5.82954545
267,4.26776975,5.24523481,5.97272727
268,5.15101271,3.82618849,5.4
269,5.15101271,3.82618849,5.55340909
270,5.15101271,3.82618849,5.70681818
271,5.15101271,3.82618849,5.86022727
272,5.15101271,3.82618849,6.01363636
273,4.32252297,3.90731802,6.15681818
274,4.32735413,3.78926653,6.16704545
275,4.32735413,3.78926653,6.32045455
276,4.32252297,3.90731802,6.31022727
277,4.3176918,4.0253695,6.14659091
278,4.31286063,4.14342098,6.13636364
279,4.30802947,4.26147246,6.12613636
280,4.3031983,4.37952394,6.11590909
281,4.3176918,4.0253695,6.3
282,4.31286063,4.14342098,6.28977273
283,4.30802947,4.26147246,6.27954545
284,4.3031983,4.37952394,6.26931818
285,4.32735413,3.78926653,6.47386364
286,4.32252297,3.90731802,6.46363636
287,4.32735413,3.78926653,6.62727273
288,4.32252297,3.90731802,6.61704545
289,4.3176918,4.0253695,6.45340909
290,4.31286063,4.14342098,6.44318182
291,4.30802947,4.26147246,6.43295455
292,4.3031983,4.37952394,6.42272727
293,4.3031983,4.37952394,6.57613636
294,4.3176918,4.0253695,6.60681818
295,4.31286063,4.14342098,6.59659091
296,4.31286063,4.14342098,6.75
297,4.30802947,4.26147246,6.58636364
298,4.30802947,4.26147246,6.73977273
299,4.3031983,4.37952394,6.72954545
300,4.29836713,4.49757542,6.25909091
301,4.29836713,4.49757542,6.4125
302,4.29353597,4.61562691,6.40227273
303,4.28306844,4.87140512,6.11590909
304,4.27823727,4.9894566,6.25909091
305,4.27340611,5.10750808,6.40227273
306,4.29836713,4.49757542,6.56590909
307,4.29353597,4.61562691,6.55568182
308,4.2887048,4.73367839,6.54545455
309,4.29836713,4.49757542,6.71931818
310,4.29353597,4.61562691,6.70909091
311,4.2887048,4.73367839,6.69886364
312,4.26857494,5.22555956,6.54545455
313,4.28387363,4.85172987,6.68863636
314,5.15101271,3.82618849,6.16704545
315,5.15101271,3.82618849,6.32045455
316,5.15101271,3.82618849,6.47386364
317,5.15101271,3.82618849,6.62727273
318,4.26293858,5.36328629,5.55340909
319,4.26293858,5.36328629,5.70681818
320,4.25247105,5.6190645,5.82954545
321,4.2452243,5.79614172,5.83977273
322,4.23797755,5.97321895,5.85
323,4.24763989,5.73711598,5.97272727
324,4.2307308,6.15029617,5.55340909
325,4.2307308,6.15029617,5.70681818
326,4.19852302,6.93730605,5.55340909
327,4.19852302,6.93730605,5.70681818
328,4.2307308,6.15029617,5.86022727
329,4.22751002,6.22899716,5.97272727
330,4.22026327,6.40607438,5.98295455
331,4.19852302,6.93730605,5.86022727
332,4.21301652,6.5831516,5.99318182
333,4.20576977,6.76022882,6.00340909
334,4.19852302,6.93730605,6.01363636
335,4.26293858,5.36328629,6.11590909
336,4.25810741,5.48133777,6.25909091
337,4.25327625,5.59938925,6.40227273
338,4.24280872,5.85516746,6.11590909
339,4.23797755,5.97321895,6.25909091
340,4.23314639,6.09127043,6.40227273
341,4.26374377,5.34361104,6.68863636
342,4.24844508,5.71744074,6.54545455
343,4.24361391,5.83549222,6.68863636
344,4.22267886,6.34704864,6.11590909
345,4.21784769,6.46510012,6.25909091
346,4.202549,6.83892981,6.11590909
347,4.21301652,6.5831516,6.40227273
348,4.19771783,6.95698129,6.25909091
349,4.22831522,6.20932191,6.54545455
350,4.22348405,6.32737339,6.68863636
351,4.20818536,6.70120308,6.54545455
352,4.20335419,6.81925457,6.68863636
353,5.97435865,3.86952618,5.4
354,5.97435865,3.86952618,5.55340909
355,5.97435865,3.86952618,5.70681818
356,5.97435865,3.86952618,5.86022727
357,5.97435865,3.86952618,6.01363636
358,6.79734197,3.91927696,5.4
359,6.79734197,3.91927696,5.55340909
360,6.79734197,3.91927696,5.70681818
361,6.79734197,3.91927696,5.86022727
362,6.79734197,3.91927696,6.01363636
363,5.97435865,3.86952618,6.16704545
364,5.97435865,3.86952618,6.32045455
365,5.97435865,3.86952618,6.47386364
366,5.97435865,3.86952618,6.62727273
367,6.79734197,3.91927696,6.16704545
368,6.79734197,3.91927696,6.32045455
369,6.79734197,3.91927696,6.47386364
370,6.79734197,3.91927696,6.62727273
371,4.32735413,3.78926653,6.78068182
372,4.32252297,3.90731802,6.77045455
373,4.32735413,3.78926653,6.93409091
374,4.32252297,3.90731802,6.92386364
375,4.32252297,3.90731802,7.07727273
376,4.3176918,4.0253695,6.76022727
377,4.3176918,4.0253695,6.91363636
378,4.31286063,4.14342098,6.90340909
379,4.30802947,4.26147246,6.89318182
380,4.3031983,4.37952394,6.88295455
381,4.3176918,4.0253695,7.06704545
382,4.31286063,4.14342098,7.05681818
383,4.30802947,4.26147246,7.04659091
384,4.3031983,4.37952394,7.03636364
385,4.32735413,3.78926653,7.0875
386,4.32735413,3.78926653,7.24090909
387,4.32252297,3.90731802,7.23068182
388,4.32252297,3.90731802,7.24090909
389,4.53118657,3.84707952,7.24090909
390,4.3176918,4.0253695,7.22045455
391,4.3176918,4.0253695,7.23068182
392,4.3176918,4.0253695,7.24090909
393,4.31286063,4.14342098,7.21022727
394,4.31286063,4.14342098,7.22045455
395,4.31286063,4.14342098,7.23068182
396,4.31286063,4.14342098,7.24090909
397,4.30802947,4.26147246,7.2
398,4.30802947,4.26147246,7.21022727
399,4.30802947,4.26147246,7.22045455
400,4.30802947,4.26147246,7.23068182
401,4.30802947,4.26147246,7.24090909
402,4.3031983,4.37952394,7.18977273
403,4.3031983,4.37952394,7.2
404,4.3031983,4.37952394,7.21022727
405,4.3031983,4.37952394,7.22045455
406,4.3031983,4.37952394,7.23068182
407,4.3031983,4.37952394,7.24090909
408,4.52612549,3.96512137,7.24090909
409,4.5210644,4.08316322,7.24090909
410,4.51600332,4.20120507,7.24090909
411,4.51094223,4.31924692,7.24090909
412,4.29836713,4.49757542,6.87272727
413,4.29353597,4.61562691,6.8625
414,4.2887048,4.73367839,6.85227273
415,4.29836713,4.49757542,7.02613636
416,4.29353597,4.61562691,7.01590909
417,4.2887048,4.73367839,7.00568182
418,4.27904247,4.96978135,6.83181818
419,4.28387363,4.85172987,6.84204545
420,4.28387363,4.85172987,6.99545455
421,4.27904247,4.96978135,6.98522727
422,4.2742113,5.08783283,6.975
423,3.91377277,5.19193836,7.11818182
424,3.91377277,5.19193836,7.12840909
425,3.91377277,5.19193836,7.13863636
426,3.91377277,5.19193836,7.14886364
427,3.91377277,5.19193836,7.15909091
428,3.91377277,5.19193836,7.16931818
429,3.91377277,5.19193836,7.17954545
430,3.91377277,5.19193836,7.18977273
431,3.91377277,5.19193836,7.2
432,3.91377277,5.19193836,7.21022727
433,3.91377277,5.19193836,7.22045455
434,3.91377277,5.19193836,7.23068182
435,4.29836713,4.49757542,7.17954545
436,4.29836713,4.49757542,7.18977273
437,4.29836713,4.49757542,7.2
438,4.29836713,4.49757542,7.21022727
439,4.29836713,4.49757542,7.22045455
440,4.29836713,4.49757542,7.23068182
441,4.29836713,4.49757542,7.24090909
442,4.29353597,4.61562691,7.16931818
443,4.2887048,4.73367839,7.15909091
444,4.2887048,4.73367839,7.16931818
445,4.29353597,4.61562691,7.17954545
446,4.29353597,4.61562691,7.18977273
447,4.29353597,4.61562691,7.2
448,4.29353597,4.61562691,7.21022727
449,4.29353597,4.61562691,7.22045455
450,4.29353597,4.61562691,7.23068182
451,4.29353597,4.61562691,7.24090909
452,4.2887048,4.73367839,7.17954545
453,4.2887048,4.73367839,7.18977273
454,4.2887048,4.73367839,7.2
455,4.2887048,4.73367839,7.21022727
456,4.2887048,4.73367839,7.22045455
457,4.2887048,4.73367839,7.23068182
458,4.2887048,4.73367839,7.24090909
459,4.50588115,4.43728876,7.24090909
460,4.50082006,4.55533061,7.24090909
461,4.49575898,4.67337246,7.24090909
462,4.49069789,4.79141431,7.24090909
463,4.28387363,4.85172987,7.14886364
464,4.28387363,4.85172987,7.15909091
465,4.28387363,4.85172987,7.16931818
466,4.27904247,4.96978135,7.13863636
467,4.27904247,4.96978135,7.14886364
468,4.27904247,4.96978135,7.15909091
469,4.27904247,4.96978135,7.16931818
470,4.28387363,4.85172987,7.17954545
471,4.28387363,4.85172987,7.18977273
472,4.28387363,4.85172987,7.2
473,4.28387363,4.85172987,7.21022727
474,4.28387363,4.85172987,7.22045455
475,4.28387363,4.85172987,7.23068182
476,4.28387363,4.85172987,7.24090909
477,4.27904247,4.96978135,7.17954545
478,4.27904247,4.96978135,7.18977273
479,4.27904247,4.96978135,7.2
480,4.27904247,4.96978135,7.21022727
481,4.27904247,4.96978135,7.22045455
482,4.27904247,4.96978135,7.23068182
483,4.27904247,4.96978135,7.24090909
484,4.2742113,5.08783283,7.12840909
485,4.2742113,5.08783283,7.13863636
486,4.2742113,5.08783283,7.14886364
487,4.2742113,5.08783283,7.15909091
488,4.2742113,5.08783283,7.16931818
489,4.26938013,5.20588432,7.11818182
490,4.26938013,5.20588432,7.12840909
491,4.26938013,5.20588432,7.13863636
492,4.26938013,5.20588432,7.14886364
493,4.26938013,5.20588432,7.15909091
494,4.26938013,5.20588432,7.16931818
495,4.2742113,5.08783283,7.17954545
496,4.2742113,5.08783283,7.18977273
497,4.2742113,5.08783283,7.2
498,4.2742113,5.08783283,7.21022727
499,4.2742113,5.08783283,7.22045455
500,4.2742113,5.08783283,7.23068182
501,4.2742113,5.08783283,7.24090909
502,4.26938013,5.20588432,7.17954545
503,4.26938013,5.20588432,7.18977273
504,4.26938013,5.20588432,7.2
505,4.26938013,5.20588432,7.21022727
506,4.26938013,5.20588432,7.22045455
507,4.26938013,5.20588432,7.23068182
508,4.26938013,5.20588432,7.24090909
509,4.48563681,4.90945616,7.24090909
510,4.48057572,5.02749801,7.24090909
511,4.47551464,5.14553985,7.24090909
512,4.42176835,5.21223218,7.24090909
513,4.57414713,5.21880264,7.24090909
514,5.15101271,3.82618849,6.78068182
515,5.15101271,3.82618849,6.93409091
516,4.73481023,3.9052852,7.24090909
517,4.72951924,4.02331697,7.24090909
518,4.72422826,4.14134874,7.24090909
519,4.71893728,4.2593805,7.24090909
520,4.71364629,4.37741227,7.24090909
521,4.93822435,3.96388298,7.24090909
522,4.93270349,4.08190422,7.24090909
523,4.92718263,4.19992546,7.24090909
524,4.92166176,4.31794669,7.24090909
525,5.15101271,3.82618849,7.0875
526,5.15101271,3.82618849,7.24090909
527,5.35438856,3.88558772,7.24090909
528,5.14142818,4.02287226,7.24090909
529,5.13567746,4.14088252,7.24090909
530,5.12992674,4.25889278,7.24090909
531,5.12417602,4.37690304,7.24090909
532,5.34442097,4.08225244,7.24090909
533,5.33844041,4.20025128,7.24090909
534,5.33245986,4.31825012,7.24090909
535,5.53478123,4.37799686,7.24090909
536,4.70835531,4.49544404,7.24090909
537,4.70306433,4.6134758,7.24090909
538,4.69777334,4.73150757,7.24090909
539,4.9161409,4.43596793,7.24090909
540,4.91062004,4.55398917,7.24090909
541,4.90509918,4.67201041,7.24090909
542,4.89957832,4.79003165,7.24090909
543,4.69248236,4.84953934,7.24090909
544,4.68719138,4.96757111,7.24090909
545,4.68190039,5.08560287,7.24090909
546,4.62799078,5.15218889,7.24090909
547,4.72651615,5.22559568,7.24090909
548,4.83446387,5.09255346,7.24090909
549,4.78045705,5.15906066,7.24090909
550,4.89405745,4.90805288,7.24090909
551,4.88853659,5.02607412,7.24090909
552,5.04118681,5.03332662,7.24090909
553,4.87887508,5.23261129,7.24090909
554,4.93291312,5.16615514,7.24090909
555,4.98701703,5.0997269,7.24090909
556,5.03122361,5.23984945,7.24090909
557,5.1184253,4.4949133,7.24090909
558,5.11267458,4.61292357,7.24090909
559,5.10692386,4.73093383,7.24090909
560,5.3264793,4.43624895,7.24090909
561,5.32049875,4.55424779,7.24090909
562,5.52857086,4.49598383,7.24090909
563,5.31451819,4.67224663,7.24090909
564,5.30853764,4.79024546,7.24090909
565,5.52236049,4.61397079,7.24090909
566,5.51615012,4.73195776,7.24090909
567,5.10117314,4.84894409,7.24090909
568,5.09542242,4.96695435,7.24090909
569,5.30255708,4.9082443,7.24090909
570,5.24815878,4.97450912,7.24090909
571,5.13955955,5.10712317,7.24090909
572,5.08535866,5.17347231,7.24090909
573,5.18356139,5.24731015,7.24090909
574,5.19382626,5.04080209,7.24090909
575,5.29209111,5.11474226,7.24090909
576,5.23779335,5.18101215,7.24090909
577,5.40088393,4.98228699,7.24090909
578,5.45537898,4.91610171,7.24090909
579,5.50993975,4.84994472,7.24090909
580,5.34645464,5.04850053,7.24090909
581,5.33588812,5.25499337,7.24090909
582,5.39021687,5.18877467,7.24090909
583,5.44461137,5.12258416,7.24090909
584,5.49907161,5.05642191,7.24090909
585,3.72875593,5.20983948,7.51704545
586,4.08430336,5.2231547,7.52727273
587,4.43980334,5.23768172,7.5375
588,4.59214493,5.2442785,7.5375
589,3.89930084,5.24075334,7.81363636
590,4.25474191,5.25464969,7.82386364
591,4.74447671,5.2510978,7.5375
592,4.89679837,5.25813962,7.5375
593,4.25891261,5.46166253,6.83181818
594,4.25408144,5.57971401,6.975
595,4.23878275,5.9535437,6.83181818
596,4.23395158,6.07159518,6.975
597,3.89531957,5.68388529,7.11818182
598,4.24925027,5.69776549,7.11818182
599,4.21865289,6.44542487,6.83181818
600,4.21382172,6.56347636,6.975
601,4.19852302,6.93730605,6.83181818
602,3.87686638,6.17583222,7.11818182
603,3.85841318,6.66777915,7.11818182
604,4.22912041,6.18964666,7.11818182
605,4.20899055,6.68152784,7.11818182
606,5.48820346,5.2628991,7.24090909
607,4.61013355,5.26975745,7.83409091
608,5.0436598,5.26514017,7.5375
609,5.19596063,5.27261901,7.5375
610,5.34825037,5.28032031,7.5375
611,5.5005287,5.28824407,7.5375
612,4.7624281,5.276603,7.83409091
613,4.91471249,5.28367102,7.83409091
614,5.06153793,5.29069677,7.83409091
615,5.20835334,5.29792932,7.83409091
616,5.3606061,5.3056487,7.83409091
617,5.51284741,5.31359048,7.83409091
618,5.97435865,3.86952618,6.78068182
619,5.97435865,3.86952618,6.93409091
620,5.97435865,3.86952618,7.0875
621,5.97435865,3.86952618,7.24090909
622,5.55755258,3.94537799,7.24090909
623,5.54720196,4.14202293,7.24090909
624,5.76050401,4.00555872,7.24090909
625,5.5409916,4.2600099,7.24090909
626,5.74977041,4.20218313,7.24090909
627,5.74333026,4.32015778,7.24090909
628,5.96324211,4.06612931,7.24090909
629,5.95212557,4.26273244,7.24090909
630,5.94545565,4.38069431,7.24090909
631,6.17726557,3.93050803,7.24090909
632,6.16576613,4.12708914,7.24090909
633,6.15426669,4.32367024,7.24090909
634,6.37995761,3.99187928,7.24090909
635,6.36807532,4.18843761,7.24090909
636,5.7368901,4.43813242,7.24090909
637,5.73044994,4.55610707,7.24090909
638,5.72400978,4.67408171,7.24090909
639,5.71756962,4.79205636,7.24090909
640,5.93878572,4.49865619,7.24090909
641,5.8705608,4.80052012,7.24090909
642,5.9321158,4.61661807,7.24090909
643,5.92544588,4.73457995,7.24090909
644,5.60818923,4.92418234,7.24090909
645,5.55359756,4.99028795,7.24090909
646,5.66284659,4.85810513,7.24090909
647,5.70629934,4.99851199,7.24090909
648,5.76098752,4.93248619,7.24090909
649,5.65167684,5.06456622,7.24090909
650,5.59712001,5.13064885,7.24090909
651,5.54262888,5.19675983,7.24090909
652,5.74961671,5.13893631,7.24090909
653,5.69502907,5.20496761,7.24090909
654,5.81574134,4.86648889,7.24090909
655,5.85898895,5.00695907,7.24090909
656,5.96862368,4.87509598,7.24090909
657,5.91377351,4.94101323,7.24090909
658,5.80427001,5.07293344,7.24090909
659,5.8474171,5.21339802,7.24090909
660,5.90210114,5.14744652,7.24090909
661,5.9568508,5.08152356,7.24090909
662,5.99979266,5.22205101,7.24090909
663,6.14736703,4.44161891,7.24090909
664,6.14046736,4.55956757,7.24090909
665,6.02353945,4.80920737,7.24090909
666,6.07852079,4.74334743,7.24090909
667,6.1335677,4.67751623,7.24090909
668,6.17650524,4.81811807,7.24090909
669,6.35619302,4.38499595,7.24090909
670,6.34906364,4.50293095,7.24090909
671,6.28672575,4.6865878,7.24090909
672,6.34193427,4.62086595,7.24090909
673,6.23158273,4.75233852,7.24090909
674,6.43987038,4.69588308,7.24090909
675,6.38463138,4.76155318,7.24090909
676,6.01166605,5.01562919,7.24090909
677,6.06654688,4.94976345,7.24090909
678,6.12149329,4.88392639,7.24090909
679,6.16433032,5.02452232,7.24090909
680,6.21930731,4.95873682,7.24090909
681,6.10941887,5.09033655,7.24090909
682,6.05457298,5.15617946,7.24090909
683,6.15215541,5.23092658,7.24090909
684,6.2070319,5.16513513,7.24090909
685,6.27434983,4.8929801,7.24090909
686,6.32945786,4.8272522,7.24090909
687,6.31698145,5.03363845,7.24090909
688,6.42719299,4.90225708,7.24090909
689,6.37205447,4.96793333,7.24090909
690,6.26197392,5.0993724,7.24090909
691,6.79734197,3.91927696,6.78068182
692,6.79734197,3.91927696,6.93409091
693,6.79734197,3.91927696,7.0875
694,6.79734197,3.91927696,7.24090909
695,6.58243404,4.05363931,7.24090909
696,6.57016893,4.25017413,7.24090909
697,6.7846941,4.11578752,7.24090909
698,6.77204623,4.31229808,7.24090909
699,6.99976764,3.98183774,7.24090909
700,6.98673705,4.1783233,7.24090909
701,6.97370646,4.37480885,7.24090909
702,7.20197541,4.04478623,7.24090909
703,7.18856216,4.24124603,7.24090909
704,6.55790382,4.44670895,7.24090909
705,6.55054476,4.56462984,7.24090909
706,6.49517484,4.63024195,7.24090909
707,6.5376664,4.7709914,7.24090909
708,6.59300127,4.70540206,7.24090909
709,6.64840156,4.63984179,7.24090909
710,6.70386726,4.57431063,7.24090909
711,6.75939836,4.50880863,7.24090909
712,6.48239697,4.83660976,7.24090909
713,6.66307266,5.21298988,7.24090909
714,6.71829277,5.14746795,7.24090909
715,7.1751489,4.43770583,7.24090909
716,7.32180603,4.54651916,7.24090909
717,7.3763728,4.50098842,7.24090909
718,6.76016225,4.53974811,7.5375
719,6.72026617,5.15936272,7.5375
720,7.30228969,4.57606085,7.5375
721,6.76092453,4.57068755,7.83409091
722,6.72101225,5.19030111,7.83409091
723,7.30289217,4.60700381,7.83409091
724,5.64050709,5.27102731,7.24090909
725,5.79279868,5.279378,7.24090909
726,5.94507792,5.28795114,7.24090909
727,6.09734446,5.29674671,7.24090909
728,6.44284639,5.47536725,7.24090909
729,6.27836398,5.67245304,7.24090909
730,6.33312596,5.60672904,7.24090909
731,6.38795344,5.54103376,7.24090909
732,6.06859587,5.78819948,7.24090909
733,6.11447115,5.8697969,7.24090909
734,6.16903656,5.80398702,7.24090909
735,6.22366751,5.73820572,7.24090909
736,6.40329581,6.11412475,7.24090909
737,6.4579432,6.04846773,7.24090909
738,6.03984727,6.27965224,7.24090909
739,6.08548325,6.36123561,7.24090909
740,6.13104122,6.44283891,7.24090909
741,6.18536111,6.37703904,7.24090909
742,6.23974652,6.31126763,7.24090909
743,6.29419746,6.24552475,7.24090909
744,6.34871389,6.17981044,7.24090909
745,6.01109867,6.771105,7.24090909
746,6.05649536,6.85267431,7.24090909
747,6.10181404,6.93426345,7.24090909
748,6.20112906,6.95008222,7.24090909
749,6.36374523,6.75288225,7.24090909
750,6.41808161,6.68720589,7.24090909
751,6.25526895,6.88432046,7.24090909
752,6.30947434,6.81858712,7.24090909
753,6.55282866,5.34412074,7.24090909
754,6.4978048,5.40972956,7.24090909
755,6.60791795,5.27854083,7.24090909
756,6.67718719,5.78612726,7.24090909
757,6.62227806,5.85166914,7.24090909
758,6.51265605,5.98283942,7.24090909
759,6.56743434,5.91723987,7.24090909
760,6.52695073,6.55593891,7.24090909
761,6.63608161,6.42478658,7.24090909
762,6.58148346,6.49034839,7.24090909
763,6.47248344,6.62155809,7.24090909
764,5.64734713,5.29609494,7.5375
765,5.7996021,5.30445559,7.5375
766,5.95184469,5.31303864,7.5375
767,6.10407458,5.32184408,7.5375
768,6.07614583,5.79864042,7.5375
769,5.65963013,5.32145868,7.83409091
770,5.80640161,5.32953361,7.83409091
771,5.95860756,5.33812657,7.83409091
772,6.1108008,5.34694185,7.83409091
773,6.08283467,5.82373601,7.83409091
774,6.0473587,6.29009093,7.5375
775,6.01857157,6.78154144,7.5375
776,6.05486854,6.30053016,7.83409091
777,6.02604288,6.79197841,7.83409091
778,6.67914389,5.79802096,7.5375
779,6.68109997,5.80991468,7.83409091
780,6.63802162,6.4366792,7.5375
781,6.63996101,6.44857185,7.83409091
782,0.18814874,5.19271351,8.34545455
783,0.68255104,5.19477644,8.34545455
784,1.17693801,5.19918208,8.34545455
785,1.67129856,5.20593034,8.34545455
786,0.18728085,5.67399617,8.34545455
787,0.42295851,5.28588138,8.65227273
788,0.42122912,5.71211402,8.65227273
789,0.84880969,5.28847909,8.65227273
790,0.18641297,6.15527883,8.34545455
791,0.18554508,6.63656149,8.34545455
792,0.41927638,6.1933935,8.65227273
793,0.41732364,6.67467298,8.65227273
794,1.34275078,5.2936715,8.65227273
795,1.83666173,5.30120441,8.65227273
796,0.65734922,5.37957721,8.95909091
797,0.65465907,5.80580487,8.95909091
798,0.89131969,5.47379959,9.26590909
799,0.88766878,5.9000201,9.26590909
800,0.65196891,6.23203252,8.95909091
801,0.64893133,6.71330638,8.95909091
802,0.88401788,6.32624061,9.26590909
803,0.88036698,6.75246112,9.26590909
804,1.08281568,5.38313166,8.95909091
805,1.50826407,5.38842419,8.95909091
806,1.31639928,5.47830907,9.26590909
807,1.74145691,5.48455503,9.26590909
808,2.16562158,5.21502107,8.34545455
809,2.51552052,5.22595579,8.35568182
810,2.86537046,5.23806412,8.36590909
811,3.21516747,5.25134586,8.37613636
812,2.33053143,5.31107764,8.65227273
813,2.75626376,5.3214679,8.65227273
814,3.56490762,5.26580078,8.38636364
815,3.10578472,5.3343832,8.6625
816,3.45525004,5.34847078,8.67272727
817,2.00172417,5.39674032,8.95909091
818,2.49513932,5.40739463,8.95909091
819,2.16648547,5.49253737,9.26590909
820,2.65944483,5.50397133,9.26590909
821,2.92047681,5.41845654,8.95909091
822,3.34576556,5.43125593,8.95909091
823,3.08438642,5.51570365,9.26590909
824,3.50927652,5.52917183,9.26590909
825,-0.0,5.1185603,10.8
826,1.12486873,5.56854711,9.57272727
827,1.12025709,5.9947583,9.57272727
828,1.54955931,5.57400988,9.57272727
829,1.35799516,5.66381833,9.87954545
830,1.35314247,6.03497546,9.87954545
831,1.71443646,5.66909036,9.87954545
832,1.11564546,6.4209695,9.57272727
833,1.11103382,6.8471807,9.57272727
834,1.34757013,6.46117517,9.87954545
835,1.34199779,6.88737489,9.87954545
836,1.59069781,5.75961184,10.18636364
837,1.58500852,6.13075708,10.18636364
838,1.82297552,5.85592621,10.49318182
839,1.57931922,6.50190233,10.18636364
840,1.5727862,6.9280884,10.18636364
841,1.81644964,6.22705768,10.49318182
842,1.80992376,6.59818916,10.49318182
843,1.80339789,6.96932064,10.49318182
844,1.97422403,5.58120754,9.57272727
845,2.39885581,5.59013997,9.57272727
846,2.13871138,5.67696077,9.87954545
847,2.56295062,5.68656436,9.87954545
848,2.82344756,5.60080702,9.57272727
849,3.24799218,5.61320851,9.57272727
850,3.6724826,5.62734423,9.57272727
851,2.98714708,5.69790096,9.87954545
852,3.34346182,5.70876374,9.87954545
853,1.94680899,5.76568189,10.18636364
854,2.30289725,5.77297402,10.18636364
855,2.72674288,5.78324754,10.18636364
856,2.1787548,5.86279283,10.49318182
857,2.05482711,5.95276,10.8
858,2.53450842,5.87088038,10.49318182
859,2.41027271,5.96042173,10.8
860,2.76568992,5.96930323,10.8
861,2.04746469,6.32387583,10.8
862,2.04010226,6.69499165,10.8
863,2.40163673,6.3315101,10.8
864,2.75578048,6.34035978,10.8
865,2.39300075,6.70259847,10.8
866,2.74587105,6.71141633,10.8
867,3.15054301,5.79525245,10.18636364
868,3.5065227,5.8066754,10.18636364
869,2.89023219,5.88018876,10.49318182
870,3.12107456,5.97940441,10.8
871,3.31363493,5.89286075,10.49318182
872,3.66927868,5.90484282,10.49318182
873,3.47642245,5.99072514,10.8
874,3.10989178,6.35042477,10.8
875,3.09870901,6.72144513,10.8
876,3.46396646,6.36170494,10.8
877,3.45151047,6.73268473,10.8
878,3.73207947,5.25314303,8.1
879,4.0786165,5.26920726,8.11022727
880,3.91140841,5.28130936,8.39659091
881,4.42508797,5.28642309,8.12045455
882,4.25784548,5.29796943,8.40681818
883,4.60421502,5.31578073,8.41704545
884,3.80465579,5.3637304,8.68295455
885,4.10409622,5.37818348,8.69318182
886,4.45020437,5.39548338,8.70340909
887,4.78037032,5.30211128,8.13068182
888,4.93261742,5.30920548,8.13068182
889,4.95051318,5.334743,8.42727273
890,5.07940689,5.31625643,8.13068182
891,5.22618627,5.32351412,8.13068182
892,5.37295529,5.33097854,8.13068182
893,5.5251596,5.33893834,8.13068182
894,5.09726666,5.34181913,8.42727273
895,5.24401002,5.34910195,8.42727273
896,5.39074298,5.35659146,8.42727273
897,5.53746525,5.36428763,8.42727273
898,4.79624285,5.41393339,8.71363636
899,5.14220784,5.43353326,8.72386364
900,5.28882198,5.44087929,8.72386364
901,5.43542563,5.44843182,8.72386364
902,3.69489733,5.44614788,8.96931818
903,4.04396683,5.46221072,8.97954545
904,4.34311587,5.47735135,8.98977273
905,3.93410807,5.54437565,9.26590909
906,4.28283949,5.56124022,9.27613636
907,4.58169555,5.57706712,9.28636364
908,4.64221127,5.49335187,9.0
909,4.98791752,5.51243942,9.01022727
910,5.33354816,5.53267569,9.02045455
911,5.48002247,5.54029112,9.02045455
912,4.88049601,5.59375305,9.29659091
913,5.17923839,5.61129781,9.30681818
914,5.52453352,5.6321693,9.31704545
915,6.76168519,4.60162695,8.13068182
916,6.76244424,4.63256633,8.42727273
917,6.72175672,5.22123948,8.13068182
918,6.72249958,5.25217781,8.42727273
919,7.30349304,4.63794673,8.13068182
920,7.3040923,4.66888962,8.42727273
921,6.76518229,4.7447213,8.72386364
922,7.23347616,4.77600657,8.72386364
923,6.76789915,4.85687584,9.02045455
924,7.23569169,4.88817214,9.02045455
925,6.77059482,4.96902996,9.31704545
926,7.23788604,5.00033718,9.31704545
927,5.67190659,5.34682385,8.13068182
928,5.81864234,5.35491605,8.13068182
929,5.96536654,5.36321491,8.13068182
930,5.68417653,5.37219045,8.42727273
931,5.83087653,5.3802999,8.42727273
932,5.97756497,5.38861597,8.42727273
933,6.11752312,5.37204004,8.13068182
934,6.12424155,5.39713865,8.42727273
935,6.08951961,5.848832,8.13068182
936,6.09620065,5.87392841,8.42727273
937,5.58201849,5.45619083,8.72386364
938,5.70888238,5.46307276,8.72386364
939,5.85545435,5.47121692,8.72386364
940,6.00201471,5.47956752,8.72386364
941,6.14856316,5.48812454,8.72386364
942,6.12352597,5.91178661,8.72386364
943,6.06151609,6.32562397,8.13068182
944,6.06815975,6.35071818,8.42727273
945,6.03351258,6.80241593,8.13068182
946,6.04011886,6.82750794,8.42727273
947,6.09534957,6.38856839,8.72386364
948,6.06717316,6.86535016,8.72386364
949,6.68182825,5.840852,8.13068182
950,6.68255492,5.87178929,8.42727273
951,6.72963583,5.29529661,8.72386364
952,6.68963247,5.91490431,8.72386364
953,6.64189979,6.46046453,8.13068182
954,6.64261026,6.49140077,8.42727273
955,6.6496291,6.534512,8.72386364
956,5.62648591,5.54811286,9.02045455
957,5.75323771,5.55504892,9.02045455
958,5.87998096,5.5621395,9.02045455
959,6.02641323,5.57052455,9.02045455
960,6.17283354,5.57911585,9.02045455
961,6.14767595,6.00277078,9.02045455
962,5.6708675,5.64005364,9.31704545
963,5.79750719,5.64704374,9.31704545
964,5.92413826,5.65418821,9.31704545
965,6.05076054,5.66148704,9.31704545
966,6.1970527,5.67011253,9.31704545
967,6.1717747,6.0937603,9.31704545
968,6.12251835,6.42642572,9.02045455
969,6.09420644,6.90319946,9.02045455
970,6.1464967,6.51740807,9.31704545
971,6.1212187,6.94105584,9.31704545
972,6.73230053,5.40744779,9.02045455
973,6.6967019,5.95801974,9.02045455
974,6.73494404,5.51959853,9.31704545
975,6.69929325,6.0701671,9.31704545
976,6.65663984,6.57762364,9.02045455
977,6.66364247,6.62073567,9.31704545
978,4.09691173,5.64321395,9.57272727
979,4.52127249,5.66081741,9.57272727
980,3.76756109,5.72328868,9.87954545
981,4.19159747,5.73954601,9.87954545
982,4.81983401,5.67732929,9.58295455
983,5.11833796,5.69469934,9.59318182
984,5.41678186,5.71292734,9.60340909
985,4.61556391,5.75753547,9.87954545
986,4.9716644,5.77398632,9.87954545
987,5.26988511,5.79179239,9.88977273
988,3.86246108,5.81931993,10.18636364
989,4.28610437,5.83596415,10.18636364
990,4.02487922,5.91804533,10.49318182
991,3.83172938,6.0032653,10.8
992,4.38043235,5.93246812,10.49318182
993,4.18699119,6.01702473,10.8
994,4.54220369,6.03200327,10.8
995,3.81800034,6.37420016,10.8
996,3.80427129,6.74513503,10.8
997,4.17198925,6.38791029,10.8
998,4.52592902,6.40283516,10.8
999,4.1569873,6.75879586,10.8
1000,4.50965435,6.77366706,10.8
1001,4.70967613,5.85433888,10.18636364
1002,5.06544386,5.87111214,10.18636364
1003,5.42115193,5.88910623,10.18636364
1004,4.80360909,5.95122739,10.49318182
1005,4.8973627,6.04820074,10.8
1006,5.15904376,5.96832244,10.49318182
1007,5.51441767,5.98663717,10.49318182
1008,5.25246402,6.06561697,10.8
1009,4.87981549,6.41897461,10.8
1010,4.86226829,6.78974847,10.8
1011,5.23364449,6.43632843,10.8
1012,5.21482497,6.80703989,10.8
1013,6.77326931,5.08118365,9.61363636
1014,7.24005919,5.11250171,9.61363636
1015,6.7759226,5.19333691,9.91022727
1016,7.16974444,5.21965942,9.91022727
1017,5.71516325,5.73201311,9.61363636
1018,5.84169081,5.73905714,9.61363636
1019,5.96820968,5.7462554,9.61363636
1020,6.09471969,5.75360789,9.61363636
1021,6.22122064,5.76111459,9.61363636
1022,5.56804452,5.8104556,9.9
1023,5.86614017,5.82997573,9.91022727
1024,5.9925482,5.83720373,9.91022727
1025,6.11894732,5.84458581,9.91022727
1026,6.24533735,5.85212198,9.91022727
1027,6.19582224,6.18475515,9.61363636
1028,6.17042383,6.60839572,9.61363636
1029,6.22301815,6.2226392,9.91022727
1030,6.19749934,6.64627253,9.91022727
1031,6.73756636,5.63174884,9.61363636
1032,6.74465055,5.67486803,9.91022727
1033,6.70186342,6.18231403,9.61363636
1034,6.66616047,6.73287922,9.61363636
1035,6.70889545,6.22542983,9.91022727
1036,6.67314034,6.77599164,9.91022727
1037,5.71902622,5.90820381,10.19659091
1038,6.0168355,5.92815749,10.20681818
1039,6.14312373,5.93556912,10.20681818
1040,6.26940283,5.94313469,10.20681818
1041,5.86972664,6.00617138,10.49318182
1042,5.60750348,6.08425173,10.8
1043,5.96247691,6.10410481,10.8
1044,6.16724892,6.02655779,10.50340909
1045,6.29341708,6.0341527,10.50340909
1046,6.31738011,6.12517598,10.8
1047,6.24697833,6.31364556,10.20681818
1048,6.22455382,6.68415642,10.20681818
1049,5.58741186,6.45489642,10.8
1050,5.94111341,6.47467837,10.8
1051,5.56732023,6.82554111,10.8
1052,5.91974992,6.84525193,10.8
1053,6.27088728,6.40465718,10.50340909
1054,6.294745,6.49567404,10.8
1055,6.24835747,6.77516165,10.50340909
1056,6.27210989,6.8661721,10.8
1057,6.7785547,5.30548973,10.20681818
1058,6.74723703,5.78701788,10.20681818
1059,7.17195315,5.33182138,10.20681818
1060,6.78116561,5.41764211,10.50340909
1061,6.78375534,5.52979405,10.8
1062,6.74980233,5.8991673,10.50340909
1063,6.75234643,6.01131626,10.8
1064,7.17414067,5.44398282,10.50340909
1065,7.176307,5.55614374,10.8
1066,7.14308058,6.03754395,10.8
1067,6.71591937,6.26854604,10.20681818
1068,6.68011211,6.81910446,10.20681818
1069,6.71843904,6.38069248,10.50340909
1070,6.72093753,6.49283848,10.8
1071,6.68707576,6.86221767,10.50340909
1072,6.68952863,6.97436069,10.8
1073,7.10985416,6.51894417,10.8
1074,7.07662773,7.00034438,10.8
1075,-0.0,7.08773191,7.11818182
1076,0.3491684,7.08832697,7.11818182
1077,0.04617945,7.09522875,7.425
1078,-0.0,7.58002481,7.11818182
1079,0.34749044,7.58061701,7.11818182
1080,0.04596248,7.57651214,7.425
1081,0.69833273,7.09011215,7.11818182
1082,0.69497685,7.58239361,7.11818182
1083,-0.0,8.07231771,7.11818182
1084,0.34581249,8.07290705,7.11818182
1085,0.04574054,8.06880499,7.425
1086,-0.0,8.56461061,7.11818182
1087,0.34413454,8.5651971,7.11818182
1088,0.04551861,8.56109785,7.425
1089,0.69162096,8.07467508,7.11818182
1090,0.68826508,8.56695654,7.11818182
1091,1.04748896,7.09308743,7.11818182
1092,1.04245518,7.58535459,7.11818182
1093,1.39663302,7.09725277,7.11818182
1094,1.74576085,7.10260812,7.11818182
1095,1.3899214,7.58949991,7.11818182
1096,1.73737148,7.59482953,7.11818182
1097,1.0374214,8.07762176,7.11818182
1098,1.38320978,8.08174706,7.11818182
1099,1.03238762,8.56988892,7.11818182
1100,1.37649817,8.57399421,7.11818182
1101,1.7289821,8.08705094,7.11818182
1102,1.72059273,8.57927236,7.11818182
1103,0.09235214,7.10274641,7.73181818
1104,0.09191819,7.58402965,7.73181818
1105,0.13851806,7.11028488,8.03863636
1106,0.13786714,7.59156788,8.03863636
1107,0.09148425,8.0653129,7.73181818
1108,0.09104038,8.5576056,7.73181818
1109,0.13721623,8.07285088,8.03863636
1110,0.13656531,8.55413388,8.03863636
1111,-0.0,9.05690351,7.11818182
1112,0.34245658,9.05748714,7.11818182
1113,0.04529667,9.0533907,7.425
1114,-0.0,9.54919641,7.11818182
1115,0.34077863,9.54977718,7.11818182
1116,0.0450797,9.53467409,7.425
1117,0.68490919,9.059238,7.11818182
1118,0.6815533,9.55151946,7.11818182
1119,-0.0,10.04148932,7.11818182
1120,0.33910068,10.04206722,7.11818182
1121,0.04485777,10.02696694,7.425
1122,0.67819742,10.04380093,7.11818182
1123,1.02735384,9.06215609,7.11818182
1124,1.36978655,9.06624136,7.11818182
1125,1.02232006,9.55442325,7.11818182
1126,1.36307493,9.55848851,7.11818182
1127,1.71220335,9.07149377,7.11818182
1128,1.70381398,9.56371518,7.11818182
1129,1.01728628,10.04669042,7.11818182
1130,1.35636332,10.05073566,7.11818182
1131,1.6954246,10.05593659,7.11818182
1132,0.09059651,9.0498983,7.73181818
1133,0.09016257,9.53118155,7.73181818
1134,0.13589951,9.04642633,8.03863636
1135,0.1352486,9.52770933,8.03863636
1136,0.08972863,10.01246479,7.73181818
1137,0.08928476,10.5047575,7.73181818
1138,0.13459768,10.00899233,8.03863636
1139,0.13394677,10.49027534,8.03863636
1140,2.0948684,7.10915342,7.11818182
1141,2.08480136,7.60134338,7.11818182
1142,2.44395161,7.1168886,7.11818182
1143,2.43220703,7.60904139,7.11818182
1144,2.07473433,8.09353334,7.11818182
1145,2.06466729,8.5857233,7.11818182
1146,2.42046245,8.10119418,7.11818182
1147,2.76616246,8.11003336,7.11818182
1148,2.40871788,8.59334696,7.11818182
1149,2.75274047,8.60214326,7.11818182
1150,2.79300643,7.12581357,7.11818182
1151,3.14202881,7.13592822,7.11818182
1152,2.77958445,7.61792347,7.11818182
1153,3.12692957,7.62798951,7.11818182
1154,3.49101468,7.14723243,7.11818182
1155,3.47423836,7.6392394,7.11818182
1156,3.11183033,8.1200508,7.11818182
1157,3.09673109,8.61211209,7.11818182
1158,3.45746205,8.13124637,7.11818182
1159,3.44068574,8.62325333,7.11818182
1160,2.05460026,9.07791326,7.11818182
1161,2.04453322,9.57010322,7.11818182
1162,2.3969733,9.08549975,7.11818182
1163,2.73931849,9.09425316,7.11818182
1164,2.38522872,9.57765254,7.11818182
1165,2.7258965,9.58636306,7.11818182
1166,2.03446619,10.06229318,7.11818182
1167,2.37348414,10.06980532,7.11818182
1168,2.71247452,10.07847295,7.11818182
1169,3.08163186,9.10417338,7.11818182
1170,3.06653262,9.59623467,7.11818182
1171,3.42390942,9.1152603,7.11818182
1172,3.40713311,9.60726727,7.11818182
1173,3.05143338,10.08829596,7.11818182
1174,3.3903568,10.09927424,7.11818182
1175,-0.0,10.53378222,7.11818182
1176,0.33742272,10.53435726,7.11818182
1177,0.04463583,10.51925979,7.425
1178,-0.0,11.02607512,7.11818182
1179,0.33574477,11.0266473,7.11818182
1180,0.0444139,11.01155264,7.425
1181,0.38020791,11.0122763,7.425
1182,0.67484153,10.53608239,7.11818182
1183,0.67148564,11.02836385,7.11818182
1184,0.71599751,11.01414448,7.425
1185,1.01225249,10.53895758,7.11818182
1186,1.3496517,10.5429828,7.11818182
1187,1.00721871,11.03122475,7.11818182
1188,1.34294008,11.03522995,7.11818182
1189,1.05177878,11.01715717,7.425
1190,1.37853721,11.02118783,7.425
1191,1.68703523,10.54815801,7.11818182
1192,1.67864585,11.04037942,7.11818182
1193,1.71429064,11.02645871,7.425
1194,0.08884089,10.9970502,7.73181818
1195,0.42468407,10.99792536,7.73181818
1196,0.76052232,10.99994522,7.73181818
1197,0.13328096,10.98256779,8.03863636
1198,0.46917325,10.98359451,8.03863636
1199,0.79604622,10.98569286,8.03863636
1200,1.08733945,11.00300988,7.73181818
1201,1.41414461,11.00715858,7.73181818
1202,1.74994565,11.0125509,7.73181818
1203,1.12291042,10.98887544,8.03863636
1204,1.44976227,10.99314219,8.03863636
1205,1.78561087,10.998656,8.03863636
1206,2.02439915,10.55448313,7.11818182
1207,2.01433212,11.04667309,7.11818182
1208,2.05002414,11.03287396,7.425
1209,2.36173956,10.56195811,7.11818182
1210,2.69905253,10.57058285,7.11818182
1211,2.34999498,11.0541109,7.11818182
1212,2.68563054,11.06269275,7.11818182
1213,2.38573383,11.0404335,7.425
1214,2.71240772,11.04888872,7.425
1215,3.03633414,10.58035725,7.11818182
1216,3.02123491,11.07241854,7.11818182
1217,3.04805898,11.05870587,7.425
1218,3.37358048,10.5912812,7.11818182
1219,3.35680417,11.08328817,7.11818182
1220,3.38367482,11.069667,7.425
1221,2.08572635,11.01908776,7.73181818
1222,2.41247269,11.02654799,7.73181818
1223,2.73919248,11.03509198,7.73181818
1224,2.11242663,11.00512087,8.03863636
1225,2.43921915,11.01266973,8.03863636
1226,2.76598484,11.02130252,8.03863636
1227,3.07489061,11.0450005,7.73181818
1228,3.41055302,11.05605317,7.73181818
1229,3.41055302,11.05605317,7.74204545
1230,3.41055302,11.05605317,7.75227273
1231,3.10172981,11.03130244,8.03863636
1232,3.10172981,11.03130244,8.04886364
1233,3.10620374,11.02902014,8.05909091
1234,3.11067789,11.02673805,8.06931818
1235,3.11515224,11.02445615,8.07954545
1236,3.11515224,11.02445615,8.08977273
1237,3.11962681,11.02217446,8.1
1238,3.41503345,11.05378491,7.7625
1239,3.41951409,11.05151685,7.77272727
1240,3.41951409,11.05151685,7.78295455
1241,3.41951409,11.05151685,7.79318182
1242,3.42399494,11.049249,7.80340909
1243,3.428476,11.04698135,7.81363636
1244,3.428476,11.04698135,7.82386364
1245,3.428476,11.04698135,7.83409091
1246,4.16631525,7.72431593,5.55340909
1247,4.16631525,7.72431593,5.70681818
1248,4.16631525,7.72431593,5.86022727
1249,4.16631525,7.72431593,6.01363636
1250,4.13526037,8.48315422,5.4
1251,4.13410747,8.5113258,5.4
1252,4.13410747,8.5113258,5.55340909
1253,4.13410747,8.5113258,5.70681818
1254,4.13410747,8.5113258,5.86022727
1255,4.13410747,8.5113258,6.01363636
1256,4.19530225,7.01600704,6.12613636
1257,4.1880555,7.19308426,6.13636364
1258,4.18080875,7.37016148,6.14659091
1259,4.19288666,7.07503278,6.40227273
1260,4.17758797,7.44886247,6.25909091
1261,4.173562,7.5472387,6.15681818
1262,4.16631525,7.72431593,6.16704545
1263,4.17034122,7.62593969,6.26931818
1264,4.1727568,7.56691395,6.40227273
1265,4.16309447,7.80301691,6.27954545
1266,4.1880555,7.19308426,6.54545455
1267,4.18322433,7.31113574,6.68863636
1268,4.16792564,7.68496543,6.54545455
1269,4.16309447,7.80301691,6.68863636
1270,4.15262694,8.05879512,6.40227273
1271,4.14860097,8.15717136,6.3
1272,4.14538019,8.23587235,6.4125
1273,4.13410747,8.5113258,6.16704545
1274,4.14135422,8.33424858,6.31022727
1275,4.13410747,8.5113258,6.32045455
1276,4.15584772,7.98009414,6.28977273
1277,4.14779578,8.17684661,6.54545455
1278,4.14296461,8.29489809,6.68863636
1279,4.13813344,8.41294957,6.42272727
1280,4.13088669,8.59002679,6.43295455
1281,4.12766591,8.66872778,6.54545455
1282,4.10189969,9.29833568,5.4
1283,4.10189969,9.29833568,5.55340909
1284,4.10189969,9.29833568,5.70681818
1285,4.10189969,9.29833568,5.86022727
1286,4.10189969,9.29833568,6.01363636
1287,4.06969192,10.08534556,5.4
1288,4.06969192,10.08534556,5.55340909
1289,4.06969192,10.08534556,5.70681818
1290,4.06969192,10.08534556,5.86022727
1291,4.06969192,10.08534556,6.01363636
1292,4.10189969,9.29833568,6.16704545
1293,4.10189969,9.29833568,6.32045455
1294,4.12363994,8.76710401,6.44318182
1295,4.11639319,8.94418124,6.45340909
1296,4.12041916,8.845805,6.55568182
1297,4.10914644,9.12125846,6.46363636
1298,4.11317241,9.02288223,6.56590909
1299,4.10592566,9.19995945,6.57613636
1300,4.12283475,8.78677926,6.68863636
1301,4.10189969,9.29833568,6.47386364
1302,4.09867891,9.37703667,6.58636364
1303,4.10270489,9.27866044,6.68863636
1304,4.09143216,9.55411389,6.59659091
1305,4.09545814,9.45573766,6.69886364
1306,4.08821139,9.63281488,6.70909091
1307,4.06969192,10.08534556,6.16704545
1308,4.06969192,10.08534556,6.32045455
1309,4.08418541,9.73119112,6.60681818
1310,4.08096464,9.8098921,6.71931818
1311,4.07693866,9.90826834,6.61704545
1312,4.07371789,9.98696933,6.72954545
1313,4.06969192,10.08534556,6.47386364
1314,4.06969192,10.08534556,6.62727273
1315,4.06647114,10.16404655,6.73977273
1316,4.05922439,10.34112377,6.75
1317,4.17839316,7.42918722,6.83181818
1318,4.19369186,7.05535753,6.975
1319,4.173562,7.5472387,6.975
1320,3.83995999,7.15972608,7.11818182
1321,3.82150679,7.65167301,7.11818182
1322,4.18886069,7.17340901,7.11818182
1323,4.16873083,7.66529018,7.11818182
1324,4.15343214,8.03911988,6.975
1325,4.13813344,8.41294957,6.83181818
1326,4.13330228,8.53100105,6.975
1327,4.1582633,7.9210684,6.83181818
1328,3.8030536,8.14361993,7.11818182
1329,4.14860097,8.15717136,7.11818182
1330,3.78460041,8.63556686,7.11818182
1331,4.12847111,8.64905253,7.11818182
1332,4.11800358,8.90483074,6.83181818
1333,4.11317241,9.02288223,6.975
1334,4.09787372,9.39671192,6.83181818
1335,4.09304255,9.5147634,6.975
1336,3.76614721,9.12751379,7.11818182
1337,4.10834125,9.14093371,7.11818182
1338,3.74769402,9.61946072,7.11818182
1339,4.08821139,9.63281488,7.11818182
1340,4.07774386,9.88859309,6.83181818
1341,4.07049711,10.06567031,6.84204545
1342,4.07291269,10.00664457,6.975
1343,4.06325036,10.24274754,6.85227273
1344,4.05600361,10.41982476,6.8625
1345,4.05278283,10.49852575,6.975
1346,3.72924082,10.11140765,7.11818182
1347,4.06808153,10.12469605,7.11818182
1348,5.98235007,7.26255777,7.24090909
1349,5.95360147,7.75401053,7.24090909
1350,5.99851957,7.83555173,7.24090909
1351,6.1470547,7.01587235,7.24090909
1352,6.02750746,7.34411302,7.24090909
1353,6.07258686,7.42568798,7.24090909
1354,6.32419466,7.39163974,7.24090909
1355,6.37822001,7.32594405,7.24090909
1356,6.43231084,7.26027677,7.24090909
1357,6.11758824,7.5072826,7.24090909
1358,6.21634044,7.52311617,7.24090909
1359,6.1625116,7.58889681,7.24090909
1360,6.27023479,7.4573638,7.24090909
1361,6.44598352,7.83333699,7.24090909
1362,5.92485287,8.24546329,7.24090909
1363,5.96953168,8.32699043,7.24090909
1364,5.89610427,8.73691606,7.24090909
1365,6.04335967,7.91711252,7.24090909
1366,6.08812177,7.99869284,7.24090909
1367,6.13280586,8.08029265,7.24090909
1368,6.17741193,8.16191188,7.24090909
1369,6.33835841,7.96468222,7.24090909
1370,6.28464408,8.03039724,7.24090909
1371,6.23099525,8.09614048,7.24090909
1372,6.39213823,7.89899545,7.24090909
1373,6.01413249,8.40853705,7.24090909
1374,6.05865531,8.49010309,7.24090909
1375,6.10310012,8.57168849,7.24090909
1376,6.14746692,8.6532932,7.24090909
1377,6.1917557,8.73491716,7.24090909
1378,6.45909966,8.40638615,7.24090909
1379,6.35196562,8.53771413,7.24090909
1380,6.40549991,8.47203604,7.24090909
1381,6.29849681,8.60342038,7.24090909
1382,6.2450935,8.66915474,7.24090909
1383,6.48646713,7.19463795,7.24090909
1384,6.54068886,7.12902764,7.24090909
1385,6.59497603,7.06344589,7.24090909
1386,6.49989426,7.7677069,7.24090909
1387,6.55387044,7.7021052,7.24090909
1388,6.51276486,8.34076452,7.24090909
1389,5.98978444,7.27299195,7.5375
1390,5.96185569,7.74978829,7.5375
1391,5.99721721,7.28342666,7.83409091
1392,5.96925108,7.76022082,7.83409091
1393,5.93306856,8.2412388,7.5375
1394,5.90428143,8.73268931,7.5375
1395,5.94128495,8.23701498,7.83409091
1396,5.91245929,8.72846322,7.83409091
1397,6.59689934,7.07533744,7.5375
1398,6.55700326,7.69495205,7.5375
1399,6.59882205,7.08722901,7.83409091
1400,6.55890977,7.70684258,7.83409091
1401,6.51588099,8.33361029,7.5375
1402,6.5189975,8.32645615,7.83409091
1403,5.94054378,8.81842914,7.24090909
1404,5.98490531,8.89996158,7.24090909
1405,5.86735567,9.22836882,7.24090909
1406,5.91155589,9.30986785,7.24090909
1407,5.95567813,9.39138612,7.24090909
1408,5.99972238,9.47292357,7.24090909
1409,6.02918885,8.98151333,7.24090909
1410,6.07339438,9.06308433,7.24090909
1411,6.11752191,9.14467451,7.24090909
1412,6.31179301,9.17643281,7.24090909
1413,6.41830506,9.0450654,7.24090909
1414,6.3650163,9.11073508,7.24090909
1415,6.16157143,9.22628384,7.24090909
1416,6.20554292,9.30791223,7.24090909
1417,6.04368864,9.55448016,7.24090909
1418,6.08757691,9.63605583,7.24090909
1419,6.25863522,9.24215854,7.24090909
1420,6.4305537,9.61808314,7.24090909
1421,5.83860708,9.71982158,7.24090909
1422,5.88256799,9.80130655,7.24090909
1423,5.92645094,9.88281065,7.24090909
1424,5.97025592,9.96433382,7.24090909
1425,5.80985848,10.21127435,7.24090909
1426,5.8535801,10.29274526,7.24090909
1427,5.89722376,10.37423518,7.24090909
1428,5.94078945,10.45574406,7.24090909
1429,6.13138716,9.71765051,7.24090909
1430,6.1751194,9.79926416,7.24090909
1431,6.0139829,10.045876,7.24090909
1432,6.21877362,9.8808967,7.24090909
1433,6.32453269,9.74943412,7.24090909
1434,6.2716204,9.81515148,7.24090909
1435,6.37751046,9.68374466,7.24090909
1436,6.0576319,10.12743714,7.24090909
1437,6.1012029,10.20901719,7.24090909
1438,6.14469588,10.29061608,7.24090909
1439,6.18811085,10.37223375,7.24090909
1440,6.38944811,10.25674246,7.24090909
1441,6.28404908,10.38813316,7.24090909
1442,6.33671586,10.32242391,7.24090909
1443,6.2314478,10.45387016,7.24090909
1444,6.47165928,8.97942383,7.24090909
1445,5.8754943,9.22413982,7.5375
1446,6.43363644,9.61092676,7.5375
1447,5.88363363,9.21991147,7.83409091
1448,6.43671957,9.60377048,7.83409091
1449,5.84756555,9.70093617,7.5375
1450,5.81877842,10.19238667,7.5375
1451,6.39374036,10.23054138,7.5375
1452,5.85566749,9.69670563,7.83409091
1453,5.82770136,10.17349979,7.83409091
1454,6.39680729,10.22338405,7.83409091
1455,6.47475872,8.97226853,7.5375
1456,6.47785853,8.96511331,7.83409091
1457,4.03748414,10.87235544,5.4
1458,4.03748414,10.87235544,5.55340909
1459,4.03748414,10.87235544,5.70681818
1460,4.03748414,10.87235544,5.86022727
1461,4.03748414,10.87235544,6.01363636
1462,4.00527636,11.65936532,5.4
1463,4.00527636,11.65936532,5.55340909
1464,4.00527636,11.65936532,5.70681818
1465,4.00527636,11.65936532,5.86022727
1466,4.00527636,11.65936532,6.01363636
1467,4.03748414,10.87235544,6.16704545
1468,4.03748414,10.87235544,6.32045455
1469,4.03748414,10.87235544,6.47386364
1470,4.03748414,10.87235544,6.62727273
1471,4.00527636,11.65936532,6.16704545
1472,4.00527636,11.65936532,6.32045455
1473,4.00527636,11.65936532,6.47386364
1474,4.00527636,11.65936532,6.62727273
1475,3.97306858,12.4463752,5.4
1476,3.97306858,12.4463752,5.55340909
1477,3.97306858,12.4463752,5.70681818
1478,3.97306858,12.4463752,5.86022727
1479,3.97306858,12.4463752,6.01363636
1480,3.94086081,13.23338507,5.4
1481,4.13526037,13.15278045,5.4
1482,3.94086081,13.23338507,5.55340909
1483,3.94086081,13.23338507,5.70681818
1484,3.94086081,13.23338507,5.86022727
1485,3.94086081,13.23338507,6.01363636
1486,4.69095514,13.26700938,5.4
1487,4.69095514,13.26700938,5.55340909
1488,4.69095514,13.26700938,5.70681818
1489,5.44076475,13.30647641,5.4
1490,5.44076475,13.30647641,5.55340909
1491,5.44076475,13.30647641,5.70681818
1492,4.69095514,13.26700938,5.86022727
1493,4.69095514,13.26700938,6.01363636
1494,5.44076475,13.30647641,5.86022727
1495,5.44076475,13.30647641,6.01363636
1496,3.97306858,12.4463752,6.16704545
1497,3.97306858,12.4463752,6.32045455
1498,3.97306858,12.4463752,6.47386364
1499,3.97306858,12.4463752,6.62727273
1500,3.94086081,13.23338507,6.16704545
1501,3.94086081,13.23338507,6.32045455
1502,3.94086081,13.23338507,6.47386364
1503,3.94086081,13.23338507,6.62727273
1504,4.69095514,13.26700938,6.16704545
1505,4.69095514,13.26700938,6.32045455
1506,5.44076475,13.30647641,6.16704545
1507,5.44076475,13.30647641,6.32045455
1508,4.69095514,13.26700938,6.47386364
1509,4.69095514,13.26700938,6.62727273
1510,5.44076475,13.30647641,6.47386364
1511,5.44076475,13.30647641,6.62727273
1512,6.19024414,13.35178375,5.4
1513,6.19024414,13.35178375,5.55340909
1514,6.19024414,13.35178375,5.70681818
1515,6.19024414,13.35178375,5.86022727
1516,6.19024414,13.35178375,6.01363636
1517,6.9393478,13.40292866,5.4
1518,6.9393478,13.40292866,5.55340909
1519,6.9393478,13.40292866,5.70681818
1520,6.9393478,13.40292866,5.86022727
1521,6.9393478,13.40292866,6.01363636
1522,6.19024414,13.35178375,6.16704545
1523,6.19024414,13.35178375,6.32045455
1524,6.19024414,13.35178375,6.47386364
1525,6.19024414,13.35178375,6.62727273
1526,6.9393478,13.40292866,6.16704545
1527,6.9393478,13.40292866,6.32045455
1528,6.9393478,13.40292866,6.47386364
1529,6.9393478,13.40292866,6.62727273
1530,4.05197764,10.51820099,6.76022727
1531,4.04473089,10.69527822,6.77045455
1532,4.04875686,10.59690198,6.87272727
1533,4.03748414,10.87235544,6.78068182
1534,4.03426336,10.95105643,6.89318182
1535,4.04151011,10.7739792,6.88295455
1536,4.04553608,10.67560297,6.98522727
1537,4.03828933,10.85268019,6.99545455
1538,4.02701661,11.12813365,6.90340909
1539,4.01976986,11.30521087,6.91363636
1540,4.03104258,11.02975741,7.00568182
1541,4.02379583,11.20683464,7.01590909
1542,4.01654908,11.38391186,7.02613636
1543,3.71078763,10.60335457,7.11818182
1544,4.04795167,10.61657723,7.11818182
1545,3.69233443,11.0953015,7.11818182
1546,4.0278218,11.1084584,7.11818182
1547,4.0278218,11.1084584,7.12840909
1548,4.0278218,11.1084584,7.13863636
1549,4.0278218,11.1084584,7.14886364
1550,4.0278218,11.1084584,7.15909091
1551,4.0278218,11.1084584,7.16931818
1552,4.0278218,11.1084584,7.17954545
1553,4.0278218,11.1084584,7.18977273
1554,4.0278218,11.1084584,7.2
1555,4.0278218,11.1084584,7.21022727
1556,4.0278218,11.1084584,7.22045455
1557,4.0278218,11.1084584,7.23068182
1558,4.0278218,11.1084584,7.24090909
1559,4.02057505,11.28553563,7.12840909
1560,4.02057505,11.28553563,7.13863636
1561,4.02057505,11.28553563,7.14886364
1562,4.02057505,11.28553563,7.15909091
1563,4.02057505,11.28553563,7.16931818
1564,4.02057505,11.28553563,7.17954545
1565,4.02057505,11.28553563,7.18977273
1566,4.02057505,11.28553563,7.2
1567,4.02057505,11.28553563,7.21022727
1568,4.02057505,11.28553563,7.22045455
1569,4.02057505,11.28553563,7.23068182
1570,4.02057505,11.28553563,7.24090909
1571,3.71925136,11.081772,7.425
1572,4.17158801,11.11444711,7.24090909
1573,4.31534531,11.12064582,7.24090909
1574,4.1640826,11.29151356,7.24090909
1575,4.30758126,11.29770111,7.24090909
1576,4.45909341,11.12705451,7.24090909
1577,4.60283198,11.13367318,7.24090909
1578,4.45107072,11.30409828,7.24090909
1579,4.59455069,11.31070504,7.24090909
1580,4.00527636,11.65936532,6.78068182
1581,4.01252311,11.4822881,6.92386364
1582,4.00930233,11.56098908,7.03636364
1583,4.00527636,11.65936532,6.93409091
1584,4.00205558,11.73806631,7.04659091
1585,3.99480883,11.91514353,7.05681818
1586,3.98756208,12.09222075,7.06704545
1587,4.0133283,11.46261285,7.13863636
1588,4.0133283,11.46261285,7.14886364
1589,4.0133283,11.46261285,7.15909091
1590,4.0133283,11.46261285,7.16931818
1591,4.0133283,11.46261285,7.17954545
1592,4.0133283,11.46261285,7.18977273
1593,4.0133283,11.46261285,7.2
1594,4.0133283,11.46261285,7.21022727
1595,4.0133283,11.46261285,7.22045455
1596,4.0133283,11.46261285,7.23068182
1597,4.0133283,11.46261285,7.24090909
1598,4.00608155,11.63969007,7.14886364
1599,4.00608155,11.63969007,7.15909091
1600,4.00608155,11.63969007,7.16931818
1601,3.9988348,11.81676729,7.15909091
1602,3.9988348,11.81676729,7.16931818
1603,4.00608155,11.63969007,7.17954545
1604,4.00608155,11.63969007,7.18977273
1605,4.00608155,11.63969007,7.2
1606,4.00608155,11.63969007,7.21022727
1607,4.00608155,11.63969007,7.22045455
1608,4.00608155,11.63969007,7.23068182
1609,4.00608155,11.63969007,7.24090909
1610,3.9988348,11.81676729,7.17954545
1611,3.9988348,11.81676729,7.18977273
1612,3.9988348,11.81676729,7.2
1613,3.9988348,11.81676729,7.21022727
1614,3.9988348,11.81676729,7.22045455
1615,3.9988348,11.81676729,7.23068182
1616,3.9988348,11.81676729,7.24090909
1617,4.14907178,11.64564645,7.24090909
1618,4.14156637,11.8227129,7.24090909
1619,3.99158805,11.99384452,7.16931818
1620,3.99158805,11.99384452,7.17954545
1621,3.99158805,11.99384452,7.18977273
1622,3.99158805,11.99384452,7.2
1623,3.99158805,11.99384452,7.21022727
1624,3.99158805,11.99384452,7.22045455
1625,3.99158805,11.99384452,7.23068182
1626,3.99158805,11.99384452,7.24090909
1627,4.13406096,11.99977935,7.24090909
1628,3.9843413,12.17092174,7.17954545
1629,3.9843413,12.17092174,7.18977273
1630,3.9843413,12.17092174,7.2
1631,3.9843413,12.17092174,7.21022727
1632,3.9843413,12.17092174,7.22045455
1633,3.9843413,12.17092174,7.23068182
1634,3.9843413,12.17092174,7.24090909
1635,4.12655555,12.1768458,7.24090909
1636,4.15657719,11.46858,7.24090909
1637,4.2998172,11.47475641,7.24090909
1638,4.29205315,11.6518117,7.24090909
1639,4.28428909,11.828867,7.24090909
1640,4.44304804,11.48114204,7.24090909
1641,4.5862694,11.4877369,7.24090909
1642,4.43502536,11.65818581,7.24090909
1643,4.57798811,11.66476875,7.24090909
1644,4.27652504,12.00592229,7.24090909
1645,4.26876098,12.18297759,7.24090909
1646,4.42700268,11.83522957,7.24090909
1647,4.41897999,12.01227334,7.24090909
1648,4.56970681,11.84180061,7.24090909
1649,4.56142552,12.01883247,7.24090909
1650,4.41095731,12.1893171,7.24090909
1651,4.55314423,12.19586432,7.24090909
1652,4.74656074,11.14050182,7.24090909
1653,4.73802086,11.31752139,7.24090909
1654,4.89027937,11.1475404,7.24090909
1655,5.03398757,11.15478891,7.24090909
1656,4.88148091,11.3245473,7.24090909
1657,5.02493055,11.33178277,7.24090909
1658,5.17768502,11.16224733,7.24090909
1659,5.16836947,11.33922778,7.24090909
1660,5.32137142,11.16991566,7.24090909
1661,5.31179735,11.34688231,7.24090909
1662,5.46504647,11.17779387,7.24090909
1663,5.45521391,11.35474635,7.24090909
1664,4.72948097,11.49454096,7.24090909
1665,4.72094109,11.67156053,7.24090909
1666,4.87268245,11.50155421,7.24090909
1667,5.01587353,11.50877664,7.24090909
1668,4.86388399,11.67856112,7.24090909
1669,5.00681652,11.6857705,7.24090909
1670,4.7124012,11.8485801,7.24090909
1671,4.70386131,12.02559967,7.24090909
1672,4.69532143,12.20261924,7.24090909
1673,4.83748861,12.20958184,7.24090909
1674,4.85508553,11.85556802,7.24090909
1675,4.84628707,12.03257493,7.24090909
1676,4.9977595,11.86276437,7.24090909
1677,4.98870248,12.03975824,7.24090909
1678,5.03210829,12.12086087,7.24090909
1679,5.07543631,12.20198264,7.24090909
1680,5.15905391,11.51620823,7.24090909
1681,5.30222328,11.52384896,7.24090909
1682,5.14973836,11.69318867,7.24090909
1683,5.29264921,11.70081561,7.24090909
1684,5.44538134,11.53169882,7.24090909
1685,5.33599023,11.78205408,7.24090909
1686,5.4886898,11.61300532,7.24090909
1687,5.53192038,11.69433074,7.24090909
1688,5.14042281,11.87016912,7.24090909
1689,5.18379627,11.95133963,7.24090909
1690,5.22709191,12.03252921,7.24090909
1691,5.27030972,12.11373779,7.24090909
1692,5.37925339,11.86331154,7.24090909
1693,5.42243869,11.94458793,7.24090909
1694,5.46554611,12.02588321,7.24090909
1695,5.31344968,12.19496533,7.24090909
1696,5.50857564,12.10719731,7.24090909
1697,3.71925136,11.081772,7.43522727
1698,3.71925136,11.081772,7.44545455
1699,3.71925136,11.081772,7.45568182
1700,3.72373824,11.0795178,7.46590909
1701,3.72373824,11.0795178,7.47613636
1702,3.72373824,11.0795178,7.48636364
1703,3.72373824,11.0795178,7.49659091
1704,3.72822534,11.0772638,7.50681818
1705,3.72822534,11.0772638,7.51704545
1706,3.72822534,11.0772638,7.52727273
1707,3.72822534,11.0772638,7.5375
1708,4.19041628,11.09585279,7.5375
1709,4.33420072,11.10207903,7.5375
1710,4.47797592,11.10851528,7.5375
1711,3.89081242,11.06416336,7.83409091
1712,4.35306307,11.08351584,7.83409091
1713,4.49686536,11.08997967,7.83409091
1714,4.62174156,11.11516156,7.5375
1715,4.76035367,11.12176888,7.5375
1716,4.90409965,11.12882763,7.5375
1717,5.04783516,11.13609635,7.5375
1718,5.1915599,11.14357502,7.5375
1719,5.33013143,11.1509849,7.5375
1720,5.47383412,11.15887593,7.5375
1721,4.64065806,11.09665356,7.83409091
1722,4.77929622,11.10328755,7.83409091
1723,4.9179249,11.11011679,7.83409091
1724,5.06168773,11.11740573,7.83409091
1725,5.20543976,11.12490466,7.83409091
1726,5.34403757,11.13233411,7.83409091
1727,5.48262477,11.13995876,7.83409091
1728,3.97306858,12.4463752,6.78068182
1729,3.97306858,12.4463752,6.93409091
1730,3.98031533,12.26929797,7.07727273
1731,3.97306858,12.4463752,7.0875
1732,3.97709456,12.34799896,7.18977273
1733,3.97709456,12.34799896,7.2
1734,3.97709456,12.34799896,7.21022727
1735,3.97709456,12.34799896,7.22045455
1736,3.97709456,12.34799896,7.23068182
1737,3.97709456,12.34799896,7.24090909
1738,4.11905014,12.35391224,7.24090909
1739,3.96984781,12.52507618,7.2
1740,3.96984781,12.52507618,7.21022727
1741,3.96984781,12.52507618,7.22045455
1742,3.96984781,12.52507618,7.23068182
1743,3.96984781,12.52507618,7.24090909
1744,3.96260106,12.70215341,7.21022727
1745,3.96260106,12.70215341,7.22045455
1746,3.96260106,12.70215341,7.23068182
1747,3.96260106,12.70215341,7.24090909
1748,4.11154473,12.53097869,7.24090909
1749,3.95535431,12.87923063,7.22045455
1750,3.95535431,12.87923063,7.23068182
1751,3.95535431,12.87923063,7.24090909
1752,4.10403932,12.70804514,7.24090909
1753,4.09653391,12.88511159,7.24090909
1754,3.94810756,13.05630785,7.23068182
1755,3.94810756,13.05630785,7.24090909
1756,4.0890285,13.06217804,7.24090909
1757,4.13262616,13.14287507,7.24090909
1758,4.26099693,12.36003288,7.24090909
1759,4.25323287,12.53708818,7.24090909
1760,4.40293463,12.36636087,7.24090909
1761,4.54486293,12.37289618,7.24090909
1762,4.39491195,12.54340463,7.24090909
1763,4.53658164,12.54992804,7.24090909
1764,4.58008385,12.63082752,7.24090909
1765,4.24546882,12.71414347,7.24090909
1766,4.23770477,12.89119877,7.24090909
1767,4.28127072,12.97196321,7.24090909
1768,4.32475902,13.05274714,7.24090909
1769,4.38688926,12.7204484,7.24090909
1770,4.4304234,12.80128032,7.24090909
1771,4.47387985,12.88213166,7.24090909
1772,4.51725862,12.96300237,7.24090909
1773,3.94086081,13.23338507,6.78068182
1774,3.94086081,13.23338507,6.93409091
1775,3.94086081,13.23338507,7.0875
1776,3.94086081,13.23338507,7.24090909
1777,4.68678154,12.37963881,7.24090909
1778,4.73025172,12.46060593,7.24090909
1779,4.77364417,12.54159233,7.24090909
1780,4.81695887,12.62259796,7.24090909
1781,4.88092666,12.29061668,7.24090909
1782,4.92428694,12.37167072,7.24090909
1783,4.96756944,12.45274392,7.24090909
1784,4.86019581,12.70362275,7.24090909
1785,5.01077417,12.53383622,7.24090909
1786,5.0539011,12.61494755,7.24090909
1787,4.62350835,12.71174635,7.24090909
1788,4.66685514,12.79268448,7.24090909
1789,4.7101242,12.87364185,7.24090909
1790,4.90335499,12.78466665,7.24090909
1791,5.07624899,13.08936776,7.24090909
1792,5.11868652,12.2831235,7.24090909
1793,5.16185891,12.36428338,7.24090909
1794,5.20495348,12.44546222,7.24090909
1795,5.09695022,12.69607787,7.24090909
1796,5.24797022,12.52665998,7.24090909
1797,5.29090912,12.60787659,7.24090909
1798,5.35651178,12.27621177,7.24090909
1799,5.39949603,12.35747704,7.24090909
1800,5.44240241,12.4387611,7.24090909
1801,5.48523091,12.52006389,7.24090909
1802,5.26944193,13.00112541,7.24090909
1803,5.46299783,12.91327015,7.24090909
1804,4.69095514,13.26700938,6.78068182
1805,4.69095514,13.26700938,6.93409091
1806,5.44076475,13.30647641,6.78068182
1807,5.44076475,13.30647641,6.93409091
1808,4.69095514,13.26700938,7.0875
1809,4.69095514,13.26700938,7.24090909
1810,4.88341981,13.17799611,7.24090909
1811,5.44076475,13.30647641,7.0875
1812,5.44076475,13.30647641,7.24090909
1813,5.78110988,10.70272711,7.24090909
1814,5.98427717,10.53727184,7.24090909
1815,5.82459221,10.78418397,7.24090909
1816,5.86799658,10.86565972,7.24090909
1817,5.91132299,10.94715431,7.24090909
1818,5.60870986,11.18588195,7.24090909
1819,5.59861882,11.36281987,7.24090909
1820,5.75236128,11.19417988,7.24090909
1821,5.95457143,11.02866768,7.24090909
1822,5.99774189,11.11019978,7.24090909
1823,5.79560431,11.27562267,7.24090909
1824,5.8387694,11.35708425,7.24090909
1825,6.02768689,10.61881846,7.24090909
1826,6.07101863,10.70038386,7.24090909
1827,6.11427236,10.781968,7.24090909
1828,6.15744808,10.8635708,7.24090909
1829,6.20054579,10.94519222,7.24090909
1830,6.34834253,10.89540177,7.24090909
1831,6.04083436,11.19175054,7.24090909
1832,6.08384884,11.27331992,7.24090909
1833,6.12678532,11.35490785,7.24090909
1834,6.24356547,11.0268322,7.24090909
1835,6.29592126,10.96110316,7.24090909
1836,5.64189462,11.44419448,7.24090909
1837,5.6850925,11.52558794,7.24090909
1838,5.72821246,11.6070002,7.24090909
1839,5.57507306,11.77567503,7.24090909
1840,5.88185652,11.43856455,7.24090909
1841,5.92486569,11.52006352,7.24090909
1842,5.96779688,11.60158109,7.24090909
1843,5.77125448,11.68843119,7.24090909
1844,5.81421856,11.76988086,7.24090909
1845,5.61814783,11.85703812,7.24090909
1846,5.66114469,11.93841997,7.24090909
1847,5.70406364,12.01982052,7.24090909
1848,5.55152729,12.18853019,7.24090909
1849,5.74690465,12.1012397,7.24090909
1850,5.85710469,11.85134916,7.24090909
1851,5.89991287,11.93283602,7.24090909
1852,5.94264307,12.0143414,7.24090909
1853,5.78966773,12.18267747,7.24090909
1854,5.83235286,12.26413376,7.24090909
1855,5.98529531,12.09586522,7.24090909
1856,6.16964378,11.43651428,7.24090909
1857,6.21242423,11.51813916,7.24090909
1858,6.01065009,11.68311722,7.24090909
1859,6.05342532,11.76467184,7.24090909
1860,6.25512666,11.59978242,7.24090909
1861,6.30723695,11.53406109,7.24090909
1862,6.09612255,11.8462449,7.24090909
1863,6.13874178,11.92783634,7.24090909
1864,6.181283,12.00944611,7.24090909
1865,6.02786956,12.17740745,7.24090909
1866,6.07036583,12.25896802,7.24090909
1867,6.22374619,12.09107415,7.24090909
1868,6.26613137,12.1727204,7.24090909
1869,6.78749735,12.207679,7.24090909
1870,7.30866861,12.24542959,7.24090909
1871,5.78999129,10.68383718,7.5375
1872,5.61752513,11.16697686,7.5375
1873,5.76120416,11.17528769,7.5375
1874,6.35261809,10.86919962,7.5375
1875,5.7988757,10.66494804,7.83409091
1876,5.62634341,11.14807256,7.83409091
1877,5.77005004,11.15639629,7.83409091
1878,6.35689502,10.84299762,7.83409091
1879,6.31149581,11.50785786,7.5375
1880,6.27037354,12.14651609,7.5375
1881,6.31575605,11.48165478,7.83409091
1882,6.27461709,12.12031195,7.83409091
1883,6.79187982,12.18149779,7.5375
1884,7.31319125,12.21927223,7.5375
1885,6.79626365,12.15531674,7.83409091
1886,7.31771525,12.19311504,7.83409091
1887,5.59440104,12.26988177,7.24090909
1888,5.63719688,12.351252,7.24090909
1889,5.67991481,12.43264084,7.24090909
1890,5.87496005,12.34560852,7.24090909
1891,5.65691593,12.82580305,7.24090909
1892,5.85119545,12.7387252,7.24090909
1893,5.82743086,13.13184187,7.24090909
1894,6.04583561,12.65203766,7.24090909
1895,6.4361947,12.47983784,7.24090909
1896,6.24083562,12.56574152,7.24090909
1897,6.0213054,13.0451073,7.24090909
1898,6.21553988,12.95876263,7.24090909
1899,6.41013352,12.87280894,7.24090909
1900,6.19024414,13.35178375,6.78068182
1901,6.19024414,13.35178375,6.93409091
1902,5.63391705,13.21896526,7.24090909
1903,6.19024414,13.35178375,7.0875
1904,6.19024414,13.35178375,7.24090909
1905,6.38407235,13.26578004,7.24090909
1906,6.63191205,12.3943277,7.24090909
1907,6.82798689,12.30921216,7.24090909
1908,6.80039515,12.70207877,7.24090909
1909,6.60508554,12.7872473,7.24090909
1910,6.7728034,13.09494537,7.24090909
1911,6.99606155,12.61730442,7.24090909
1912,7.34861375,12.34717816,7.24090909
1913,7.19208394,12.53292533,7.24090909
1914,6.96770467,13.01011654,7.24090909
1915,7.16296205,12.92568147,7.24090909
1916,7.35857473,12.84164123,7.24090909
1917,6.9393478,13.40292866,6.78068182
1918,6.9393478,13.40292866,6.93409091
1919,6.57825903,13.18016689,7.24090909
1920,7.13384016,13.31843761,7.24090909
1921,6.9393478,13.40292866,7.0875
1922,6.9393478,13.40292866,7.24090909
1923,7.32868793,13.23433991,7.24090909
1924,0.1846772,7.11784415,8.34545455
1925,0.18380931,7.59912681,8.34545455
1926,0.4153709,7.15595246,8.65227273
1927,0.41364151,7.58218509,8.65227273
1928,0.18294143,8.08040947,8.34545455
1929,0.18207354,8.56169213,8.34545455
1930,0.41168878,8.06346457,8.65227273
1931,0.40973604,8.54474405,8.65227273
1932,0.64589375,7.19458024,8.95909091
1933,0.6432036,7.62080789,8.95909091
1934,0.87624457,7.23372691,9.26590909
1935,0.87259367,7.65994742,9.26590909
1936,0.64051344,8.04703555,8.95909091
1937,0.63747586,8.5283094,8.95909091
1938,0.86894276,8.08616792,9.26590909
1939,0.86529186,8.51238843,9.26590909
1940,0.18120566,9.04297479,8.34545455
1941,0.18033777,9.52425745,8.34545455
1942,0.4077833,9.02602353,8.65227273
1943,0.40605391,9.45225617,8.65227273
1944,0.17946988,10.00554011,8.34545455
1945,0.178602,10.48682277,8.34545455
1946,0.40410117,9.93353565,8.65227273
1947,0.40214843,10.41481513,8.65227273
1948,0.63443828,9.00958326,8.95909091
1949,0.63174813,9.43581091,8.95909091
1950,0.86116945,8.99365422,9.26590909
1951,0.85751855,9.41987473,9.26590909
1952,0.62905797,9.86203857,8.95909091
1953,0.62602039,10.34331242,8.95909091
1954,0.85386764,9.84609524,9.26590909
1955,0.85021674,10.27231574,9.26590909
1956,1.10642219,7.27339189,9.57272727
1957,1.10181056,7.69960309,9.57272727
1958,1.33642545,7.31357461,9.87954545
1959,1.33157276,7.68473174,9.87954545
1960,1.09719892,8.12581429,9.57272727
1961,1.09258729,8.55202548,9.57272727
1962,1.32600042,8.11093146,9.87954545
1963,1.32042808,8.53713117,9.87954545
1964,1.56625318,7.35427448,10.18636364
1965,1.56056388,7.72541972,10.18636364
1966,1.79590422,7.3954909,10.49318182
1967,1.78937834,7.76662238,10.49318182
1968,1.55487458,8.09656497,10.18636364
1969,1.54834157,8.52275104,10.18636364
1970,1.78285247,8.13775386,10.49318182
1971,1.77632659,8.50888534,10.49318182
1972,1.08797565,8.97823668,9.57272727
1973,1.08336402,9.40444787,9.57272727
1974,1.31485574,8.96333089,9.87954545
1975,1.31000305,9.33448802,9.87954545
1976,1.07875239,9.83065907,9.57272727
1977,1.07414075,10.25687027,9.57272727
1978,1.30443071,9.76068774,9.87954545
1979,1.29885837,10.18688745,9.87954545
1980,1.54180855,8.94893712,10.18636364
1981,1.53611925,9.32008236,10.18636364
1982,1.76883292,8.9350556,10.49318182
1983,1.76230705,9.30618708,10.49318182
1984,1.53042995,9.69122761,10.18636364
1985,1.52389693,10.11741368,10.18636364
1986,1.75578117,9.67731856,10.49318182
1987,1.74925529,10.04845003,10.49318182
1988,1.74176162,10.4746203,10.49318182
1989,2.03273984,7.06610748,10.8
1990,2.02537741,7.4372233,10.8
1991,2.01801499,7.80833913,10.8
1992,2.38436476,7.07368685,10.8
1993,2.37572878,7.44477522,10.8
1994,2.73596161,7.08247288,10.8
1995,2.3670928,7.81586359,10.8
1996,2.72605217,7.45352943,10.8
1997,2.71614273,7.82458598,10.8
1998,2.01065256,8.17945495,10.8
1999,2.00329014,8.55057078,10.8
2000,2.35845681,8.18695196,10.8
2001,2.70623329,8.19564253,10.8
2002,2.34982083,8.55804034,10.8
2003,2.69632385,8.56669908,10.8
2004,3.08752623,7.09246548,10.8
2005,3.07634345,7.46348584,10.8
2006,3.06516067,7.8345062,10.8
2007,3.43905448,7.10366453,10.8
2008,3.4265985,7.47464433,10.8
2009,3.41414251,7.84562412,10.8
2010,3.05397789,8.20552656,10.8
2011,3.04279511,8.57654691,10.8
2012,3.40168652,8.21660392,10.8
2013,3.38923054,8.58758371,10.8
2014,1.99592771,8.9216866,10.8
2015,1.98856529,9.29280243,10.8
2016,2.34118485,8.92912871,10.8
2017,2.68641441,8.93775563,10.8
2018,2.33254886,9.30021708,10.8
2019,2.67650497,9.30881218,10.8
2020,1.98120286,9.66391825,10.8
2021,1.97384044,10.03503407,10.8
2022,2.02501538,10.4800061,10.49318182
2023,2.03099726,10.47770598,10.50340909
2024,1.96647801,10.4061499,10.8
2025,2.30664091,10.4134822,10.8
2026,2.32391288,9.67130546,10.8
2027,2.3152769,10.04239383,10.8
2028,2.66659553,9.67986874,10.8
2029,2.65668609,10.05092529,10.8
2030,2.37091421,10.48525928,10.50340909
2031,2.71080325,10.49397907,10.50340909
2032,2.64677665,10.42198184,10.8
2033,3.03161233,8.94756727,10.8
2034,3.02042955,9.31858763,10.8
2035,3.37677455,8.95856351,10.8
2036,3.36431856,9.3295433,10.8
2037,2.99806399,10.06062835,10.8
2038,3.00924677,9.68960799,10.8
2039,3.05066035,10.50386524,10.50340909
2040,2.98688121,10.4316487,10.8
2041,3.35186257,9.7005231,10.8
2042,3.33940659,10.0715029,10.8
2043,3.3269506,10.44248269,10.8
2044,3.68070985,10.08354881,10.8
2045,3.6669808,10.45448367,10.8
2046,0.17773411,10.96810542,8.34545455
2047,0.50466006,10.96923717,8.34545455
2048,0.83158045,10.97145331,8.34545455
2049,0.40019569,10.89609461,8.65227273
2050,0.72735927,10.89796465,8.65227273
2051,1.15849169,10.97475383,8.34545455
2052,1.48539018,10.97913869,8.34545455
2053,1.81227234,10.98460783,8.34545455
2054,1.05451484,10.90091988,8.65227273
2055,1.38165882,10.90496025,8.65227273
2056,1.66368343,10.90931453,8.65227273
2057,0.62298281,10.82458628,8.95909091
2058,0.84609433,10.75358153,9.26590909
2059,0.95038235,10.82719569,8.95909091
2060,1.27777144,10.83089107,8.95909091
2061,1.56000829,10.83494857,8.95909091
2062,1.84223238,10.83981314,8.95909091
2063,1.17372817,10.75693139,9.26590909
2064,1.45617694,10.76069167,9.26590909
2065,1.7386138,10.76525963,9.26590909
2066,2.13913455,10.99116121,8.34545455
2067,2.46597323,10.99879874,8.34545455
2068,1.99079621,10.91537545,8.65227273
2069,2.31788708,10.92252137,8.65227273
2070,2.64495245,10.9307522,8.65227273
2071,2.64941959,10.92844917,8.6625
2072,2.65388694,10.92614635,8.67272727
2073,2.6583545,10.92384374,8.68295455
2074,2.66432557,10.92158193,8.69318182
2075,2.66879359,10.91927979,8.70340909
2076,2.67326182,10.91697784,8.71363636
2077,2.67773026,10.91467611,8.72386364
2078,3.12410158,11.01989298,8.11022727
2079,3.12857656,11.0176117,8.12045455
2080,3.12857656,11.0176117,8.13068182
2081,2.79278477,11.00752035,8.34545455
2082,2.79725216,11.00522403,8.35568182
2083,2.80171977,11.00292791,8.36590909
2084,2.80618758,11.000632,8.37613636
2085,2.81065561,10.99833629,8.38636364
2086,2.81512384,10.99604078,8.39659091
2087,2.81959229,10.99374547,8.40681818
2088,2.82406095,10.99145037,8.41704545
2089,2.82852981,10.98915546,8.42727273
2090,3.59105418,11.03338601,8.13068182
2091,3.29114433,11.00352138,8.42727273
2092,3.07842057,10.92637091,8.72386364
2093,3.54132711,10.94191075,8.72386364
2094,2.16957471,10.84646669,8.95909091
2095,2.52223865,10.84273623,9.01022727
2096,2.52670665,10.84042765,9.02045455
2097,2.49689317,10.85420599,8.95909091
2098,2.50136005,10.85189626,8.96931818
2099,2.50582713,10.84958674,8.97954545
2100,2.51179886,10.8473157,8.98977273
2101,2.51777086,10.84504501,9.0
2102,2.02103645,10.77063523,9.26590909
2103,2.34860726,10.77788225,9.26590909
2104,2.35307386,10.77556581,9.27613636
2105,2.35904623,10.77328553,9.28636364
2106,2.36501888,10.77100561,9.29659091
2107,2.37099181,10.76872604,9.30681818
2108,2.37545936,10.76641062,9.31704545
2109,2.92769992,10.8515094,9.02045455
2110,3.32864484,10.86422044,9.02045455
2111,2.77675463,10.7768784,9.31704545
2112,3.17800406,10.78897671,9.31704545
2113,3.57920101,10.80270536,9.31704545
2114,1.06952912,10.68308146,9.57272727
2115,1.3521895,10.68654407,9.57272727
2116,1.63483882,10.69081497,9.57272727
2117,1.29328603,10.61308717,9.87954545
2118,1.57614565,10.61718993,9.87954545
2119,-0.0,11.02607512,10.8
2120,1.51736391,10.54359976,10.18636364
2121,1.80042133,10.54834358,10.18636364
2122,1.91747478,10.69589412,9.57272727
2123,2.20009505,10.70178149,9.57272727
2124,2.20606805,10.69949195,9.58295455
2125,2.21204133,10.69720278,9.59318182
2126,2.21801489,10.69491397,9.60340909
2127,2.22398873,10.69262552,9.61363636
2128,2.62558507,10.70247842,9.61363636
2129,1.85899239,10.62210154,9.87954545
2130,2.14779988,10.62552891,9.88977273
2131,2.15377612,10.62323622,9.9
2132,2.15975265,10.62094389,9.91022727
2133,2.14182392,10.62782197,9.87954545
2134,2.49917728,10.62893821,9.91022727
2135,3.02713806,10.71396309,9.61363636
2136,3.42864107,10.72707933,9.61363636
2137,2.90103013,10.63990983,9.91022727
2138,3.30283509,10.65251426,9.91022727
2139,2.08346402,10.55389681,10.18636364
2140,2.08944294,10.55160023,10.19659091
2141,2.09542215,10.54930401,10.20681818
2142,2.43509301,10.55707798,10.20681818
2143,2.77473519,10.56601759,10.20681818
2144,3.17684145,10.57810944,10.20681818
2145,3.57889525,10.59183511,10.20681818
2146,3.45301688,10.51707879,10.50340909
2147,5.97664487,7.77065388,8.13068182
2148,5.98403706,7.78108747,8.42727273
2149,6.00464839,7.29386192,8.13068182
2150,6.01207796,7.30429771,8.42727273
2151,6.03899676,7.34213194,8.72386364
2152,6.01395957,7.76579401,8.72386364
2153,5.94864136,8.24744584,8.13068182
2154,5.95599617,8.25787724,8.42727273
2155,5.92063784,8.7242378,8.13068182
2156,5.92795527,8.734667,8.42727273
2157,5.98578317,8.24257578,8.72386364
2158,5.95760676,8.71935756,8.72386364
2159,6.60074413,7.09912062,8.13068182
2160,6.6026656,7.11101226,8.42727273
2161,6.56081566,7.71873314,8.13068182
2162,6.56272094,7.73062374,8.42727273
2163,6.60962574,7.1541197,8.72386364
2164,6.57407928,7.70469501,8.72386364
2165,6.52088719,8.33834567,8.13068182
2166,6.52277627,8.35023522,8.42727273
2167,6.53407592,8.32430271,8.72386364
2168,6.06589453,7.37997321,9.02045455
2169,6.04073694,7.80362815,9.02045455
2170,6.09277129,7.41782152,9.31704545
2171,6.06749329,7.84146929,9.31704545
2172,5.98726743,8.70405683,9.02045455
2173,6.01557934,8.22728308,9.02045455
2174,6.04221529,8.26511705,9.31704545
2175,6.01693729,8.68876482,9.31704545
2176,6.61657778,7.19722754,9.02045455
2177,6.58097915,7.74779949,9.02045455
2178,6.62352171,7.24033578,9.31704545
2179,6.58787092,7.79090435,9.31704545
2180,6.54538053,8.29837143,9.02045455
2181,6.55222014,8.34147292,9.31704545
2182,5.89177365,9.21568379,8.13068182
2183,5.89991438,9.21145677,8.42727273
2184,6.43980307,9.59661428,8.13068182
2185,6.44288695,9.58945818,8.42727273
2186,5.92943036,9.19613934,8.72386364
2187,5.90439317,9.6198014,8.72386364
2188,6.45406919,9.5635181,8.72386364
2189,5.86377014,9.69247575,8.13068182
2190,5.87187348,9.68824653,8.42727273
2191,5.83576662,10.16926771,8.13068182
2192,5.84383258,10.1650363,8.42727273
2193,6.3998746,10.21622681,8.13068182
2194,6.40294229,10.20906967,8.42727273
2195,5.87621677,10.09658318,8.72386364
2196,6.41852273,10.11409342,8.72386364
2197,6.48095872,8.9579582,8.13068182
2198,6.48283161,8.9698467,8.42727273
2199,6.49407255,8.9439104,8.72386364
2200,5.95895552,9.18083058,9.02045455
2201,5.93379793,9.60448551,9.02045455
2202,5.98848987,9.1655305,9.31704545
2203,5.96321187,9.58917827,9.31704545
2204,5.90864034,10.02814045,9.02045455
2205,5.88032843,10.5049142,9.02045455
2206,6.42965778,10.08815118,9.02045455
2207,5.93793387,10.01282604,9.31704545
2208,5.91265587,10.43647381,9.31704545
2209,6.44079781,10.06221017,9.31704545
2210,6.50531847,8.91797533,9.02045455
2211,6.46525641,9.53757924,9.02045455
2212,6.51656935,8.89204149,9.31704545
2213,6.47644859,9.5116416,9.31704545
2214,3.79054224,7.11606989,10.8
2215,4.14198535,7.12968142,10.8
2216,3.77681319,7.48700476,10.8
2217,3.76308414,7.85793962,10.8
2218,4.1269834,7.50056698,10.8
2219,4.11198145,7.87145255,10.8
2220,4.49337968,7.14449896,10.8
2221,4.47710501,7.51533085,10.8
2222,4.46083034,7.88616275,10.8
2223,3.74935509,8.22887448,10.8
2224,4.09697951,8.24233811,10.8
2225,3.73562605,8.59980935,10.8
2226,4.08197756,8.61322368,10.8
2227,4.44455567,8.25699465,10.8
2228,4.428281,8.62782654,10.8
2229,4.84472109,7.16052233,10.8
2230,4.82717389,7.53129619,10.8
2231,5.19600544,7.17775134,10.8
2232,5.17718592,7.5484628,10.8
2233,5.52713697,7.56683049,10.8
2234,4.80962669,7.90207005,10.8
2235,4.79207948,8.27284391,10.8
2236,4.77453228,8.64361777,10.8
2237,5.15836639,7.91917426,10.8
2238,5.13954686,8.28988572,10.8
2239,5.50704534,7.93747518,10.8
2240,5.48695371,8.30811988,10.8
2241,5.12072734,8.66059718,10.8
2242,5.46686208,8.67876457,10.8
2243,3.721897,8.97074421,10.8
2244,4.06697561,8.98410924,10.8
2245,3.70816795,9.34167908,10.8
2246,4.05197366,9.35499481,10.8
2247,4.41200633,8.99865844,10.8
2248,4.39573166,9.36949034,10.8
2249,3.6944389,9.71261394,10.8
2250,4.03697172,9.72588037,10.8
2251,4.02196977,10.09676594,10.8
2252,4.00696782,10.4676515,10.8
2253,4.37945699,9.74032223,10.8
2254,4.36318232,10.11115413,10.8
2255,4.34690764,10.48198603,10.8
2256,4.75698508,9.01439164,10.8
2257,4.73943788,9.3851655,10.8
2258,5.10190781,9.03130864,10.8
2259,5.44677045,9.04940926,10.8
2260,5.08308828,9.4020201,10.8
2261,5.42667882,9.42005395,10.8
2262,4.72189068,9.75593936,10.8
2263,5.06426876,9.77273156,10.8
2264,4.70434348,10.12671322,10.8
2265,4.68679627,10.49748708,10.8
2266,5.04544923,10.14344302,10.8
2267,5.0266297,10.51415448,10.8
2268,5.40658719,9.79069864,10.8
2269,5.38649556,10.16134333,10.8
2270,6.14502542,7.03203628,9.61363636
2271,6.11962702,7.45567685,9.61363636
2272,6.09422861,7.87931742,9.61363636
2273,6.17198053,7.06990586,9.91022727
2274,6.14646172,7.49353919,9.91022727
2275,6.12414252,7.86405642,9.91022727
2276,6.06883021,8.30295798,9.61363636
2277,6.0434318,8.72659855,9.61363636
2278,6.09862371,8.28768975,9.91022727
2279,6.07310491,8.71132308,9.91022727
2280,6.63045753,7.28344441,9.61363636
2281,6.59475459,7.83400961,9.61363636
2282,6.63738524,7.32655345,9.91022727
2283,6.60611319,7.80808457,9.91022727
2284,6.55905164,8.3845748,9.61363636
2285,6.57035809,8.35864637,9.91022727
2286,6.19891461,7.10778248,10.20681818
2287,6.1732754,7.53140854,10.20681818
2288,5.5472286,7.1961858,10.8
2289,5.89838642,7.21582549,10.8
2290,5.87702293,7.58639904,10.8
2291,6.22582766,7.14566613,10.50340909
2292,6.24947478,7.23667016,10.8
2293,6.20006805,7.56928489,10.50340909
2294,6.22683967,7.60716822,10.8
2295,6.15085089,7.90191941,10.20681818
2296,6.12842639,8.27243028,10.20681818
2297,6.10278718,8.69605634,10.20681818
2298,5.85565943,7.9569726,10.8
2299,5.83429594,8.32754616,10.8
2300,5.81293244,8.69811972,10.8
2301,6.17753824,7.93978937,10.50340909
2302,6.15500843,8.31029384,10.50340909
2303,6.20420456,7.97766628,10.8
2304,6.13247862,8.68079832,10.50340909
2305,6.18156945,8.34816434,10.8
2306,6.15893434,8.7186624,10.8
2307,6.64430484,7.36966287,10.20681818
2308,6.61298718,7.85119103,10.20681818
2309,6.65121634,7.41277269,10.50340909
2310,6.65811973,7.4558829,10.8
2311,7.04340131,7.48174459,10.8
2312,6.58166951,8.33271918,10.20681818
2313,6.61985305,7.89429788,10.50340909
2314,6.62671082,7.93740512,10.8
2315,6.58848977,8.37582307,10.50340909
2316,6.59530192,8.41892733,10.8
2317,7.01017488,7.96314481,10.8
2318,6.97694846,8.44454502,10.8
2319,7.35849558,8.47160324,10.8
2320,5.99263499,9.57387968,9.61363636
2321,6.0180334,9.15023911,9.61363636
2322,6.0475861,9.13495641,9.91022727
2323,6.02526689,9.50547363,9.91022727
2324,5.96723659,9.99752024,9.61363636
2325,5.94183818,10.42116081,9.61363636
2326,6.45194281,10.03627037,9.61363636
2327,5.99974809,9.92910696,9.91022727
2328,5.97422928,10.35274029,9.91022727
2329,6.43182074,10.49186291,9.91022727
2330,6.5233487,8.93513999,9.61363636
2331,6.48764575,9.48570518,9.61363636
2332,6.53460299,8.90920818,9.91022727
2333,6.49884789,9.45976999,9.91022727
2334,6.46757584,9.94130111,9.91022727
2335,6.07714797,9.1196824,10.20681818
2336,6.05472346,9.49019326,10.20681818
2337,5.79156894,9.06869327,10.8
2338,5.77020545,9.43926683,10.8
2339,6.10671902,9.10441708,10.50340909
2340,6.13629923,9.08916046,10.8
2341,6.08418921,9.47492156,10.50340909
2342,6.11366412,9.45965852,10.8
2343,6.03229896,9.86070413,10.20681818
2344,6.00665975,10.28433019,10.20681818
2345,6.44741966,10.39689233,10.20681818
2346,5.74884195,9.80984039,10.8
2347,5.72747846,10.18041395,10.8
2348,6.0616594,9.84542603,10.50340909
2349,6.09102901,9.83015658,10.8
2350,6.03912959,10.21593051,10.50340909
2351,6.4585405,10.37095365,10.50340909
2352,6.0683939,10.20065464,10.8
2353,6.54586225,8.8832776,10.20681818
2354,6.51005499,9.43383602,10.20681818
2355,6.55712649,8.85734825,10.50340909
2356,6.56389302,8.90044954,10.8
2357,6.52126707,9.40790327,10.50340909
2358,6.53248411,9.38197176,10.8
2359,6.91049561,9.40734545,10.8
2360,6.94372204,8.92594524,10.8
2361,7.3234521,8.9528746,10.8
2362,7.28840863,9.43414595,10.8
2363,6.47873732,9.91536417,10.20681818
2364,6.48990378,9.88942846,10.50340909
2365,6.50107521,9.86349397,10.8
2366,6.87726919,9.88874566,10.8
2367,6.46966631,10.34501619,10.8
2368,6.84404277,10.37014588,10.8
2369,7.25336516,9.91541731,10.8
2370,7.21832169,10.39668866,10.8
2371,4.05345263,11.05133147,8.13068182
2372,3.75368631,11.02005911,8.42727273
2373,4.51576174,11.07144768,8.13068182
2374,4.21614554,11.03876827,8.42727273
2375,4.00415559,10.95962375,8.72386364
2376,4.4668958,10.97950952,8.72386364
2377,4.65958149,11.07814919,8.13068182
2378,4.79824569,11.08480985,8.13068182
2379,4.93690037,11.0916658,8.13068182
2380,5.07554526,11.09871705,8.13068182
2381,4.67851184,11.05964845,8.42727273
2382,4.81720208,11.06633579,8.42727273
2383,4.95588277,11.07321846,8.42727273
2384,5.21932458,11.10623624,8.13068182
2385,5.35794867,11.11368527,8.13068182
2386,5.49656213,11.12132953,8.13068182
2387,5.09455362,11.08029646,8.42727273
2388,5.23321437,11.08756978,8.42727273
2389,5.37186474,11.09503838,8.42727273
2390,5.51050444,11.10270227,8.42727273
2391,4.86730791,10.99847387,8.72386364
2392,5.00608413,11.00542719,8.72386364
2393,5.14485041,11.01257596,8.72386364
2394,5.2836065,11.01992018,8.72386364
2395,5.4036883,11.02643421,8.72386364
2396,3.79184042,10.88093577,9.02045455
2397,4.25495241,10.89982559,9.02045455
2398,4.04268264,10.82059771,9.31704545
2399,4.44374397,10.83783963,9.31704545
2400,4.65569005,10.91792939,9.02045455
2401,5.05635082,10.93766139,9.02045455
2402,5.19521251,10.94488104,9.02045455
2403,5.33406388,10.95229626,9.02045455
2404,5.45422809,10.95887184,9.02045455
2405,4.84473192,10.85671107,9.31704545
2406,5.24563988,10.87721173,9.31704545
2407,5.38458652,10.88469805,9.31704545
2408,5.50483309,10.89133527,9.31704545
2409,5.80776311,10.64605968,8.13068182
2410,5.81579169,10.64182606,8.42727273
2411,5.63516468,11.12916903,8.13068182
2412,5.77889892,11.13750566,8.13068182
2413,5.64913322,11.11056142,8.42727273
2414,5.78775079,11.11861583,8.42727273
2415,6.35994613,10.83583934,8.13068182
2416,6.36299763,10.82868115,8.42727273
2417,5.84804036,10.57336496,8.72386364
2418,5.54242461,11.03414298,8.72386364
2419,5.68114992,11.04204716,8.72386364
2420,5.81986396,11.05014673,8.72386364
2421,6.37851936,10.73370111,8.72386364
2422,6.338516,11.3533088,8.72386364
2423,6.32001766,11.45545186,8.13068182
2424,6.32305297,11.44829263,8.42727273
2425,6.27886201,12.09410795,8.13068182
2426,6.2831083,12.06790411,8.42727273
2427,6.29851264,11.9729165,8.72386364
2428,6.80064887,12.12913586,8.13068182
2429,6.78636323,12.10165273,8.42727273
2430,7.30358066,12.16555648,8.13068182
2431,7.28943715,12.13799994,8.42727273
2432,6.80225792,12.00674594,8.72386364
2433,7.30582177,12.0431765,8.72386364
2434,5.57438419,10.9655939,9.02045455
2435,5.71320602,10.97354316,9.02045455
2436,5.85201652,10.98168795,9.02045455
2437,6.39405916,10.63872313,9.02045455
2438,6.35399709,11.25832703,9.02045455
2439,5.62507149,10.89811907,9.31704545
2440,5.74530152,10.90504943,9.31704545
2441,5.88420845,10.91323949,9.31704545
2442,6.40514702,10.61277874,9.31704545
2443,6.36949624,11.16334731,9.31704545
2444,6.31393503,11.87793093,9.02045455
2445,6.32937548,11.78294741,9.31704545
2446,6.81817066,11.91184129,9.02045455
2447,7.32222443,11.9483553,9.02045455
2448,6.83410143,11.81693878,9.31704545
2449,7.27078371,11.84846145,9.31704545
2450,3.83008747,10.74182692,9.61363636
2451,4.23147063,10.75820563,9.61363636
2452,3.70458551,10.66675127,9.91022727
2453,4.04384384,10.68004691,9.91022727
2454,4.44547627,10.6972947,9.91022727
2455,4.63278392,10.77621519,9.61363636
2456,5.03402072,10.79585528,9.61363636
2457,5.4351744,10.8171256,9.61363636
2458,4.8470353,10.71617434,9.91022727
2459,5.2485143,10.73668552,9.91022727
2460,3.91841142,10.60469984,10.20681818
2461,4.25788144,10.61872965,10.20681818
2462,3.79279034,10.52951197,10.50340909
2463,4.13251913,10.54311111,10.50340909
2464,4.47219925,10.55787607,10.50340909
2465,4.65976126,10.63684767,10.20681818
2466,5.06156414,10.65659853,10.20681818
2467,5.40084932,10.67455113,10.20681818
2468,4.87432457,10.57686545,10.50340909
2469,5.21388449,10.59417594,10.50340909
2470,5.36640393,10.53198802,10.8
2471,5.55550331,10.82382454,9.61363636
2472,5.67582396,10.83067015,9.61363636
2473,5.79613617,10.83766244,9.61363636
2474,5.91643977,10.84480138,9.61363636
2475,6.41623987,10.58683556,9.61363636
2476,6.38053692,11.13740075,9.61363636
2477,5.58752354,10.75527923,9.91022727
2478,5.70792773,10.76216393,9.91022727
2479,5.82832343,10.7691954,9.91022727
2480,5.94871047,10.77637362,9.91022727
2481,6.39606563,11.04242472,9.91022727
2482,6.34483398,11.68796594,9.61363636
2483,6.36031053,11.59298652,9.91022727
2484,6.78209761,11.71730301,9.61363636
2485,7.21922575,11.74859424,9.61363636
2486,6.79799854,11.62239372,9.91022727
2487,7.23555074,11.65375696,9.91022727
2488,5.7400709,10.69366798,10.20681818
2489,5.86055007,10.70073868,10.20681818
2490,5.98102054,10.70795625,10.20681818
2491,6.4116124,10.94745075,10.20681818
2492,5.55338299,10.61265164,10.50340909
2493,5.8928161,10.63229232,10.50340909
2494,5.70611496,10.5509875,10.8
2495,6.01336998,10.63954927,10.50340909
2496,6.42717721,10.85247884,10.50340909
2497,6.04575879,10.5711527,10.8
2498,6.43825741,10.8265384,10.8
2499,6.4068485,11.30806061,10.8
2500,6.37580513,11.49800916,10.20681818
2501,6.39131779,11.40303386,10.50340909
2502,6.81081634,10.85154609,10.8
2503,6.77758992,11.33294631,10.8
2504,7.18327822,10.87796002,10.8
2505,7.14823475,11.35923137,10.8
2506,6.81391751,11.52748656,10.20681818
2507,7.25189376,11.55892191,10.20681818
2508,6.82985453,11.43258154,10.50340909
2509,7.20012287,11.45906319,10.50340909
2510,7.61991272,3.97543782,5.4
2511,7.61991272,3.97543782,5.55340909
2512,7.61991272,3.97543782,5.70681818
2513,7.61991272,3.97543782,5.86022727
2514,7.61991272,3.97543782,6.01363636
2515,8.44202098,4.03800535,5.4
2516,8.44202098,4.03800535,5.55340909
2517,8.44202098,4.03800535,5.70681818
2518,8.44202098,4.03800535,5.86022727
2519,8.44202098,4.03800535,6.01363636
2520,7.61991272,3.97543782,6.16704545
2521,7.61991272,3.97543782,6.32045455
2522,7.61991272,3.97543782,6.47386364
2523,7.61991272,3.97543782,6.62727273
2524,8.44202098,4.03800535,6.16704545
2525,8.44202098,4.03800535,6.32045455
2526,8.44202098,4.03800535,6.47386364
2527,8.44202098,4.03800535,6.62727273
2528,9.26361685,4.10697576,5.4
2529,9.26361685,4.10697576,5.55340909
2530,9.26361685,4.10697576,5.70681818
2531,10.08465046,4.18234485,5.4
2532,10.08465046,4.18234485,5.55340909
2533,10.08465046,4.18234485,5.70681818
2534,9.26361685,4.10697576,5.86022727
2535,9.26361685,4.10697576,6.01363636
2536,10.08465046,4.18234485,5.86022727
2537,10.08465046,4.18234485,6.01363636
2538,10.90507198,4.26410805,5.4
2539,10.90507198,4.26410805,5.55340909
2540,10.90507198,4.26410805,5.70681818
2541,10.90507198,4.26410805,5.86022727
2542,10.90507198,4.26410805,6.01363636
2543,9.26361685,4.10697576,6.16704545
2544,9.26361685,4.10697576,6.32045455
2545,10.08465046,4.18234485,6.16704545
2546,10.08465046,4.18234485,6.32045455
2547,9.26361685,4.10697576,6.47386364
2548,9.26361685,4.10697576,6.62727273
2549,10.08465046,4.18234485,6.47386364
2550,10.08465046,4.18234485,6.62727273
2551,10.90507198,4.26410805,6.16704545
2552,10.90507198,4.26410805,6.32045455
2553,10.90507198,4.26410805,6.47386364
2554,10.90507198,4.26410805,6.62727273
2555,7.61991272,3.97543782,6.78068182
2556,7.61991272,3.97543782,6.93409091
2557,7.40396454,4.10812182,7.24090909
2558,7.39016867,4.30455512,7.24090909
2559,7.60573429,4.17184388,7.24090909
2560,7.59155585,4.36824994,7.24090909
2561,7.61991272,3.97543782,7.0875
2562,7.61991272,3.97543782,7.24090909
2563,7.82184486,4.03957374,7.24090909
2564,7.80728392,4.23595181,7.24090909
2565,8.02355608,4.10409565,7.24090909
2566,8.00861268,4.30044499,7.24090909
2567,8.22504566,4.16900294,7.24090909
2568,8.20971986,4.3653228,7.24090909
2569,7.79272297,4.43232988,7.24090909
2570,7.88400366,4.58724145,7.24090909
2571,7.93881351,4.54200364,7.24090909
2572,7.99366928,4.49679433,7.24090909
2573,8.44202098,4.03800535,6.78068182
2574,8.44202098,4.03800535,6.93409091
2575,8.44202098,4.03800535,7.0875
2576,8.44202098,4.03800535,7.24090909
2577,8.42631284,4.23429499,7.24090909
2578,8.64344733,4.10371251,7.24090909
2579,8.62735691,4.29997118,7.24090909
2580,8.84464976,4.16980393,7.24090909
2581,8.82817712,4.36603089,7.24090909
2582,9.04562755,4.23627899,7.24090909
2583,8.4106047,4.43058463,7.24090909
2584,8.50102647,4.58603076,7.24090909
2585,8.44597511,4.63097436,7.24090909
2586,8.5561236,4.54111592,7.24090909
2587,8.61126649,4.49622985,7.24090909
2588,9.02877275,4.43247349,7.24090909
2589,9.11833247,4.58844944,7.24090909
2590,9.17371498,4.54385937,7.24090909
2591,9.22914307,4.49929837,7.24090909
2592,9.00770426,4.67771663,7.24090909
2593,9.06299555,4.63306853,7.24090909
2594,7.86432936,4.61667819,7.5375
2595,7.84466503,4.64611856,7.83409091
2596,8.42614343,4.6603053,7.5375
2597,8.98771576,4.70694092,7.5375
2598,8.40632169,4.68963992,7.83409091
2599,8.96773719,4.73616896,7.83409091
2600,9.26361685,4.10697576,6.78068182
2601,9.26361685,4.10697576,6.93409091
2602,10.08465046,4.18234485,6.78068182
2603,10.08465046,4.18234485,6.93409091
2604,9.26361685,4.10697576,7.0875
2605,9.26361685,4.10697576,7.24090909
2606,9.24637996,4.30313706,7.24090909
2607,9.44690627,4.37037753,7.24090909
2608,9.46452518,4.17425017,7.24090909
2609,9.66520661,4.24190708,7.24090909
2610,9.86566042,4.30994587,7.24090909
2611,10.08465046,4.18234485,7.0875
2612,10.08465046,4.18234485,7.24090909
2613,10.06588587,4.37836591,7.24090909
2614,9.64720574,4.43799975,7.24090909
2615,9.56917499,4.7274669,7.24090909
2616,9.62470464,4.68311559,7.24090909
2617,9.68027974,4.63879353,7.24090909
2618,9.73590029,4.59450074,7.24090909
2619,9.79156626,4.55023725,7.24090909
2620,9.84727765,4.50600311,7.24090909
2621,10.13037121,4.78022376,7.24090909
2622,10.90507198,4.26410805,6.78068182
2623,10.90507198,4.26410805,6.93409091
2624,10.28502858,4.25118242,7.24090909
2625,10.48517683,4.32040073,7.24090909
2626,10.90507198,4.26410805,7.0875
2627,10.90507198,4.26410805,7.24090909
2628,10.26588224,4.44716657,7.24090909
2629,10.2419493,4.69214675,7.24090909
2630,10.18613761,4.73617052,7.24090909
2631,10.29780629,4.64815251,7.24090909
2632,10.35370855,4.60418781,7.24090909
2633,10.40965606,4.5602527,7.24090909
2634,10.46564881,4.51634721,7.24090909
2635,10.68509448,4.38999912,7.24090909
2636,10.74727835,4.79223177,7.24090909
2637,10.80332505,4.74850758,7.24090909
2638,10.88478082,4.45997698,7.24090909
2639,11.02796294,4.57390872,7.24090909
2640,10.85941687,4.70481314,7.24090909
2641,10.9155538,4.66114849,7.24090909
2642,10.97173583,4.61751367,7.24090909
2643,10.6912768,4.8359857,7.24090909
2644,9.52895003,4.75475555,7.5375
2645,10.09000066,4.80729657,7.5375
2646,9.50882078,4.78388002,7.83409091
2647,10.04965075,4.83438484,7.83409091
2648,10.65076183,4.86284189,7.5375
2649,10.61026741,4.88971365,7.83409091
2650,11.72483161,4.3522604,5.4
2651,11.72483161,4.3522604,5.55340909
2652,11.72483161,4.3522604,5.70681818
2653,11.72483161,4.3522604,5.86022727
2654,11.72483161,4.3522604,6.01363636
2655,12.54387959,4.44679655,5.4
2656,12.54387959,4.44679655,5.55340909
2657,12.54387959,4.44679655,5.70681818
2658,12.54387959,4.44679655,5.86022727
2659,12.54387959,4.44679655,6.01363636
2660,11.72483161,4.3522604,6.16704545
2661,11.72483161,4.3522604,6.32045455
2662,11.72483161,4.3522604,6.47386364
2663,11.72483161,4.3522604,6.62727273
2664,12.54387959,4.44679655,6.16704545
2665,12.54387959,4.44679655,6.32045455
2666,12.54387959,4.44679655,6.47386364
2667,12.54387959,4.44679655,6.62727273
2668,13.58728407,3.70075675,5.4
2669,13.36216622,4.54771076,5.4
2670,13.36216622,4.54771076,5.55340909
2671,13.36216622,4.54771076,5.70681818
2672,13.58728407,4.5772554,5.4
2673,13.36216622,4.54771076,5.86022727
2674,13.36216622,4.54771076,6.01363636
2675,14.17964183,4.6549969,5.4
2676,14.17964183,4.6549969,5.55340909
2677,14.17964183,4.6549969,5.70681818
2678,14.17964183,4.6549969,5.86022727
2679,14.17964183,4.6549969,6.01363636
2680,13.36216622,4.54771076,6.16704545
2681,13.36216622,4.54771076,6.32045455
2682,13.36216622,4.54771076,6.47386364
2683,13.36216622,4.54771076,6.62727273
2684,14.17964183,4.6549969,6.16704545
2685,14.17964183,4.6549969,6.32045455
2686,14.17964183,4.6549969,6.47386364
2687,14.17964183,4.6549969,6.62727273
2688,14.07410511,5.4355633,5.4
2689,14.07410511,5.4355633,5.55340909
2690,14.07410511,5.4355633,5.70681818
2691,14.07410511,5.4355633,5.86022727
2692,14.07410511,5.4355633,6.01363636
2693,13.9685684,6.21612969,5.4
2694,13.9685684,6.21612969,5.55340909
2695,13.9685684,6.21612969,5.70681818
2696,13.86303168,6.99669608,5.4
2697,13.86303168,6.99669608,5.55340909
2698,13.86303168,6.99669608,5.70681818
2699,13.9685684,6.21612969,5.86022727
2700,13.9685684,6.21612969,6.01363636
2701,13.86303168,6.99669608,5.86022727
2702,13.86303168,6.99669608,6.01363636
2703,14.07410511,5.4355633,6.16704545
2704,14.07410511,5.4355633,6.32045455
2705,14.07410511,5.4355633,6.47386364
2706,14.07410511,5.4355633,6.62727273
2707,13.9685684,6.21612969,6.16704545
2708,13.9685684,6.21612969,6.32045455
2709,13.86303168,6.99669608,6.16704545
2710,13.86303168,6.99669608,6.32045455
2711,13.9685684,6.21612969,6.47386364
2712,13.9685684,6.21612969,6.62727273
2713,13.86303168,6.99669608,6.47386364
2714,13.86303168,6.99669608,6.62727273
2715,11.72483161,4.3522604,6.78068182
2716,11.72483161,4.3522604,6.93409091
2717,11.10490773,4.33450462,7.24090909
2718,11.72483161,4.3522604,7.0875
2719,11.72483161,4.3522604,7.24090909
2720,11.08423512,4.53033365,7.24090909
2721,11.30451065,4.40528011,7.24090909
2722,11.50388001,4.47643388,7.24090909
2723,11.36439086,4.80787438,7.24090909
2724,11.42071591,4.764481,7.24090909
2725,11.53350085,4.67778439,7.24090909
2726,11.47708591,4.72111766,7.24090909
2727,11.25187568,4.89475111,7.24090909
2728,11.30811078,4.85129776,7.24090909
2729,11.64646547,4.59120817,7.24090909
2730,11.70301511,4.5479653,7.24090909
2731,11.58996071,4.63448121,7.24090909
2732,11.92411286,4.42421168,7.24090909
2733,11.8686188,4.91336678,7.24090909
2734,11.81215177,4.9565183,7.24090909
2735,11.92513065,4.87024547,7.24090909
2736,11.98168732,4.8271544,7.24090909
2737,12.54387959,4.44679655,6.78068182
2738,12.54387959,4.44679655,6.93409091
2739,12.12315833,4.49654007,7.24090909
2740,12.03828877,4.7840936,7.24090909
2741,12.09493499,4.74106311,7.24090909
2742,12.15162598,4.69806296,7.24090909
2743,12.2083617,4.65509319,7.24090909
2744,12.32196731,4.5692449,7.24090909
2745,12.26514215,4.61215383,7.24090909
2746,12.37208898,5.02128551,7.24090909
2747,12.42878633,4.97843706,7.24090909
2748,12.54387959,4.44679655,7.0875
2749,12.54387959,4.44679655,7.24090909
2750,12.65602215,4.80734803,7.24090909
2751,12.74259425,4.52029818,7.24090909
2752,12.71294264,4.76465214,7.24090909
2753,12.7699077,4.72198687,7.24090909
2754,12.82691732,4.67935224,7.24090909
2755,12.88397149,4.6367483,7.24090909
2756,12.54231499,4.89283151,7.24090909
2757,12.48552834,4.93561904,7.24090909
2758,12.59914627,4.8500745,7.24090909
2759,11.21121745,4.92138991,7.5375
2760,11.75131455,4.98068486,7.5375
2761,11.17057968,4.9480444,7.83409091
2762,11.71053967,5.00712913,7.83409091
2763,12.3111232,5.04512588,7.5375
2764,12.87057867,5.11256436,7.5375
2765,12.25018732,5.06900167,7.83409091
2766,12.80951578,5.13611343,7.83409091
2767,13.36216622,4.54771076,6.78068182
2768,13.36216622,4.54771076,6.93409091
2769,12.94107019,4.59417507,7.24090909
2770,13.36216622,4.54771076,7.0875
2771,13.36216622,4.54771076,7.24090909
2772,13.33108735,4.79188729,7.24090909
2773,13.04556783,5.00399324,7.24090909
2774,13.10258284,4.96151047,7.24090909
2775,12.93167126,5.08905088,7.24090909
2776,12.9885973,5.04650672,7.24090909
2777,13.15964232,4.91905847,7.24090909
2778,13.21674624,4.87663724,7.24090909
2779,13.27389459,4.83424684,7.24090909
2780,13.44560606,4.70726088,7.24090909
2781,13.38832452,4.74955863,7.24090909
2782,13.50293196,4.66499409,7.24090909
2783,13.56030222,4.62275828,7.24090909
2784,13.49088256,5.15981246,7.24090909
2785,13.54803565,5.11757381,7.24090909
2786,13.60523307,5.07536608,7.24090909
2787,13.66247481,5.03318931,7.24090909
2788,13.71976084,4.99104352,7.24090909
2789,13.83446574,4.90684506,7.24090909
2790,13.77709116,4.94892877,7.24090909
2791,14.17964183,4.6549969,6.78068182
2792,14.17964183,4.6549969,6.93409091
2793,14.00685489,4.78078063,7.24090909
2794,14.06440636,4.73882149,7.24090909
2795,14.17964183,4.6549969,7.0875
2796,14.12200202,4.69689357,7.24090909
2797,14.17964183,4.6549969,7.24090909
2798,13.89188456,4.86479245,7.24090909
2799,13.94934762,4.82277096,7.24090909
2800,13.4296649,5.18299839,7.5375
2801,13.36847675,5.20622006,7.83409091
2802,13.57950634,5.66776918,7.24090909
2803,13.69350474,5.58342754,7.24090909
2804,13.63648339,5.62558293,7.24090909
2805,13.75057038,5.54130307,7.24090909
2806,13.80768029,5.49920953,7.24090909
2807,13.40884115,5.79451286,7.24090909
2808,13.4656852,5.75223418,7.24090909
2809,13.5225736,5.70998628,7.24090909
2810,13.72347601,6.13362661,7.24090909
2811,13.78032127,6.09152297,7.24090909
2812,13.83721078,6.04945018,7.24090909
2813,13.38333475,6.38689456,7.24090909
2814,13.32679974,6.42921326,7.24090909
2815,13.35725466,6.97922668,7.24090909
2816,13.43991413,6.34460648,7.24090909
2817,13.49653787,6.30234906,7.24090909
2818,13.60991833,6.21792632,7.24090909
2819,13.55320594,6.26012233,7.24090909
2820,13.66667503,6.17576107,7.24090909
2821,13.46992848,6.89466173,7.24090909
2822,13.41356939,6.93692894,7.24090909
2823,13.52633192,6.8524251,7.24090909
2824,13.58277967,6.81021907,7.24090909
2825,13.63927173,6.76804368,7.24090909
2826,13.69580809,6.72589897,7.24090909
2827,13.75238872,6.68378496,7.24090909
2828,13.78936801,6.78807708,7.24090909
2829,13.82624899,6.89238081,7.24090909
2830,14.07410511,5.4355633,6.78068182
2831,14.07410511,5.4355633,6.93409091
2832,14.07410511,5.4355633,7.0875
2833,13.86483444,5.45714697,7.24090909
2834,13.92203283,5.41511541,7.24090909
2835,14.03656225,5.33114544,7.24090909
2836,13.97927544,5.37311489,7.24090909
2837,14.07410511,5.4355633,7.24090909
2838,13.89414452,6.00740829,7.24090909
2839,13.93140562,6.11176313,7.24090909
2840,13.9685684,6.21612969,6.78068182
2841,13.9685684,6.21612969,6.93409091
2842,13.86303168,6.99669608,6.78068182
2843,13.86303168,6.99669608,6.93409091
2844,13.9685684,6.21612969,7.0875
2845,13.9685684,6.21612969,7.24090909
2846,13.86303168,6.99669608,7.0875
2847,13.86303168,6.99669608,7.24090909
2848,13.35040778,5.79881677,7.5375
2849,13.28955762,5.82208184,7.83409091
2850,13.26871472,6.43356209,7.5375
2851,13.21063848,6.43794363,7.83409091
2852,7.84510609,4.67706418,8.13068182
2853,7.84554553,4.70800974,8.42727273
2854,7.77437714,4.81476057,8.72386364
2855,8.38650989,4.71897824,8.13068182
2856,8.38678952,4.74992566,8.42727273
2857,8.94776854,4.76540074,8.13068182
2858,8.92780981,4.79463625,8.42727273
2859,8.31507076,4.85630752,8.72386364
2860,8.8555426,4.9006463,8.72386364
2861,7.70333967,4.92155902,9.02045455
2862,8.24348268,4.96273768,9.02045455
2863,7.70503265,5.03373276,9.31704545
2864,8.17202532,5.06921602,9.31704545
2865,8.78340583,5.00670533,9.02045455
2866,8.71139951,5.11281321,9.31704545
2867,9.17802867,5.15279387,9.31704545
2868,9.48870143,4.81300828,8.13068182
2869,9.46859198,4.84214033,8.42727273
2870,10.02938124,4.86340881,8.13068182
2871,10.0091216,4.89243662,8.42727273
2872,9.32311864,4.94127336,8.72386364
2873,9.86313824,4.99081704,8.72386364
2874,10.56979354,4.91660099,8.13068182
2875,10.54938427,4.94552378,8.42727273
2876,10.40289477,5.04314897,8.72386364
2877,10.94237383,5.09826775,8.72386364
2878,9.25050853,5.0470089,9.02045455
2879,9.71742643,5.08939989,9.02045455
2880,9.64447446,5.19485984,9.31704545
2881,10.11072756,5.23901027,9.31704545
2882,10.25667577,5.14097798,9.02045455
2883,10.79565155,5.19534031,9.02045455
2884,10.649199,5.29261756,9.31704545
2885,7.70670444,5.14590588,9.61363636
2886,8.17319571,5.18139549,9.61363636
2887,7.63591142,5.25274823,9.91022727
2888,8.6395237,5.21896984,9.61363636
2889,8.10192585,5.28792035,9.91022727
2890,9.10567908,5.25862817,9.61363636
2891,8.56777841,5.32517508,9.91022727
2892,8.9610898,5.35826091,9.91022727
2893,7.5652494,5.35963792,10.20681818
2894,8.03078676,5.39449314,10.20681818
2895,7.56701349,5.47180682,10.50340909
2896,7.5687564,5.58397512,10.8
2897,7.53371293,6.06524647,10.8
2898,7.95977848,5.50111372,10.50340909
2899,7.96109794,5.6132878,10.8
2900,7.92423792,6.09442343,10.8
2901,7.49866946,6.54651783,10.8
2902,7.8873779,6.57555907,10.8
2903,8.27597395,6.60606748,10.8
2904,8.49616368,5.43142883,10.20681818
2905,8.88907447,5.46424355,10.20681818
2906,8.42467954,5.53773096,10.50340909
2907,8.35332603,5.64408135,10.8
2908,8.74543508,5.67635535,10.8
2909,8.31464999,6.12507441,10.8
2910,8.81718955,5.57027507,10.50340909
2911,9.20957392,5.60430068,10.50340909
2912,9.1374195,5.71010933,10.8
2913,8.70494357,6.15719898,10.8
2914,8.66445205,6.63804261,10.8
2915,9.09511309,6.19079668,10.8
2916,9.05280668,6.67148403,10.8
2917,9.57165254,5.3003697,9.61363636
2918,10.03743477,5.34419358,9.61363636
2919,9.42661937,5.39935516,9.91022727
2920,9.89196062,5.4425298,9.91022727
2921,10.50301647,5.39009895,9.61363636
2922,10.96838833,5.43808488,9.61363636
2923,10.35710423,5.48778396,9.91022727
2924,10.74978902,5.52762332,9.91022727
2925,9.28185859,5.49854128,10.20681818
2926,9.74675794,5.54106788,10.20681818
2927,9.60182704,5.63980729,10.50340909
2928,9.52927371,5.7453428,10.8
2929,10.06609177,5.68376266,10.50340909
2930,9.92099211,5.78205528,10.8
2931,9.48515301,6.22586702,10.8
2932,9.44103231,6.70639124,10.8
2933,9.87505775,6.26240952,10.8
2934,9.82912339,6.74276376,10.8
2935,10.21146257,5.58567204,10.20681818
2936,10.60377888,5.62496091,10.20681818
2937,10.99594407,5.66573049,10.20681818
2938,10.45803882,5.72250206,10.50340909
2939,10.31256914,5.82024623,10.8
2940,10.84983683,5.76272078,10.50340909
2941,10.70399921,5.8599151,10.8
2942,10.26482177,6.30042364,10.8
2943,10.2170744,6.78060106,10.8
2944,10.60487981,6.8199026,10.8
2945,10.65443951,6.33990885,10.8
2946,11.04390542,6.38086459,10.8
2947,10.9925341,6.86066783,10.8
2948,11.12996238,4.97471457,8.13068182
2949,11.08936556,5.00140041,8.42727273
2950,11.66978518,5.03358917,8.13068182
2951,11.62905108,5.060065,8.42727273
2952,11.40904572,5.14822041,8.72386364
2953,11.94796872,5.20853402,8.72386364
2954,12.20929672,5.09525089,8.13068182
2955,12.16842643,5.12151599,8.42727273
2956,12.74848261,5.15969807,8.13068182
2957,12.70747722,5.18575175,8.42727273
2958,11.26189101,5.24463619,9.02045455
2959,12.48657306,5.27163007,8.72386364
2960,12.87939007,6.50106999,8.72386364
2961,11.72790548,5.29601554,9.02045455
2962,11.11500512,5.34125786,9.31704545
2963,11.58058918,5.39197971,9.31704545
2964,12.26606095,5.35797392,9.02045455
2965,12.80388927,5.42271075,9.02045455
2966,12.7365418,5.97030645,9.02045455
2967,12.04594187,5.44478208,9.31704545
2968,12.58332481,5.50838096,9.31704545
2969,12.51706691,6.05610956,9.31704545
2970,12.66919433,6.51790215,9.02045455
2971,12.450809,6.60383816,9.31704545
2972,13.30731814,5.22947746,8.13068182
2973,13.24618909,5.25277055,8.42727273
2974,13.22873702,5.84538246,8.13068182
2975,13.167946,5.86871859,8.42727273
2976,13.02484435,5.33750688,8.72386364
2977,12.95640759,5.88496751,8.72386364
2978,13.15015589,6.46128746,8.13068182
2979,13.08970291,6.48466663,8.42727273
2980,11.43354106,5.48815043,9.61363636
2981,11.89846537,5.54029457,9.61363636
2982,11.21454373,5.57671089,9.91022727
2983,11.67907438,5.6278753,9.91022727
2984,12.36315196,5.59451629,9.61363636
2985,12.1433717,5.68111552,9.91022727
2986,12.29798388,6.14237562,9.61363636
2987,12.23281581,6.69023496,9.61363636
2988,12.08732795,6.16039545,9.91022727
2989,12.02324996,6.70838336,9.91022727
2990,11.46007901,5.71591693,10.20681818
2991,11.92398499,5.76817742,10.20681818
2992,11.24148023,5.80441825,10.50340909
2993,11.09527674,5.90106135,10.8
2994,11.48639615,5.94368437,10.8
2995,11.70499282,5.85570078,10.50340909
2996,11.86889488,6.24756791,10.20681818
2997,11.81380476,6.7269584,10.20681818
2998,11.43321394,6.42329026,10.8
2999,11.38003173,6.90289616,10.8
3000,11.65085655,6.33519992,10.50340909
3001,11.59672028,6.81469906,10.50340909
3002,7.68803028,13.45990803,5.4
3003,7.68803028,13.45990803,5.55340909
3004,7.68803028,13.45990803,5.70681818
3005,7.68803028,13.45990803,5.86022727
3006,7.68803028,13.45990803,6.01363636
3007,8.43624613,13.52271841,5.4
3008,8.43624613,13.52271841,5.55340909
3009,8.43624613,13.52271841,5.70681818
3010,9.18394994,13.59135599,5.4
3011,9.18394994,13.59135599,5.55340909
3012,9.18394994,13.59135599,5.70681818
3013,8.43624613,13.52271841,5.86022727
3014,8.43624613,13.52271841,6.01363636
3015,9.18394994,13.59135599,5.86022727
3016,9.18394994,13.59135599,6.01363636
3017,7.68803028,13.45990803,6.16704545
3018,7.68803028,13.45990803,6.32045455
3019,7.68803028,13.45990803,6.47386364
3020,7.68803028,13.45990803,6.62727273
3021,8.43624613,13.52271841,6.16704545
3022,8.43624613,13.52271841,6.32045455
3023,9.18394994,13.59135599,6.16704545
3024,9.18394994,13.59135599,6.32045455
3025,8.43624613,13.52271841,6.47386364
3026,8.43624613,13.52271841,6.62727273
3027,9.18394994,13.59135599,6.47386364
3028,9.18394994,13.59135599,6.62727273
3029,9.93109633,13.66581659,5.4
3030,9.93109633,13.66581659,5.55340909
3031,9.93109633,13.66581659,5.70681818
3032,9.93109633,13.66581659,5.86022727
3033,9.93109633,13.66581659,6.01363636
3034,10.67763994,13.7460957,5.4
3035,10.67763994,13.7460957,5.55340909
3036,10.67763994,13.7460957,5.70681818
3037,10.67763994,13.7460957,5.86022727
3038,10.67763994,13.7460957,6.01363636
3039,9.93109633,13.66581659,6.16704545
3040,9.93109633,13.66581659,6.32045455
3041,9.93109633,13.66581659,6.47386364
3042,9.93109633,13.66581659,6.62727273
3043,10.67763994,13.7460957,6.16704545
3044,10.67763994,13.7460957,6.32045455
3045,10.67763994,13.7460957,6.47386364
3046,10.67763994,13.7460957,6.62727273
3047,7.83429287,12.25983833,7.5375
3048,7.82030973,12.23220518,7.83409091
3049,7.38846154,12.44894255,7.24090909
3050,7.82963021,12.28597109,7.24090909
3051,7.75086284,12.67474948,7.24090909
3052,7.55454193,12.75799688,7.24090909
3053,7.71944656,13.06732876,7.24090909
3054,7.86902979,12.38793215,7.24090909
3055,7.90833194,12.48990851,7.24090909
3056,7.94753665,12.59190009,7.24090909
3057,7.91535581,12.98441743,7.24090909
3058,8.11161729,12.9019037,7.24090909
3059,7.68803028,13.45990803,6.78068182
3060,7.68803028,13.45990803,6.93409091
3061,7.52389033,13.1506366,7.24090909
3062,7.68803028,13.45990803,7.0875
3063,7.68803028,13.45990803,7.24090909
3064,7.88317497,13.37693478,7.24090909
3065,8.07867201,13.29435762,7.24090909
3066,8.27452059,13.21217761,7.24090909
3067,8.35036718,12.32930233,7.24090909
3068,8.38922009,12.43147297,7.24090909
3069,8.42797548,12.53365837,7.24090909
3070,8.46663335,12.63585847,7.24090909
3071,8.30823019,12.8197886,7.24090909
3072,8.50519369,12.73807319,7.24090909
3073,8.47071991,13.1303958,7.24090909
3074,8.66726915,13.04901326,7.24090909
3075,8.8708646,12.37542208,7.24090909
3076,8.90916971,12.47779935,7.24090909
3077,8.94737723,12.58019087,7.24090909
3078,8.98548715,12.68259656,7.24090909
3079,8.86416751,12.96803104,7.24090909
3080,9.02349947,12.78501635,7.24090909
3081,9.06141417,12.88745017,7.24090909
3082,8.43624613,13.52271841,6.78068182
3083,8.43624613,13.52271841,6.93409091
3084,9.18394994,13.59135599,6.78068182
3085,9.18394994,13.59135599,6.93409091
3086,8.43624613,13.52271841,7.0875
3087,8.43624613,13.52271841,7.24090909
3088,8.63203132,13.44126798,7.24090909
3089,8.82816576,13.36021638,7.24090909
3090,9.02464863,13.27956466,7.24090909
3091,9.22147913,13.19931386,7.24090909
3092,9.18394994,13.59135599,7.0875
3093,9.18394994,13.59135599,7.24090909
3094,8.33653588,12.30159542,7.5375
3095,8.85718189,12.34764149,7.5375
3096,8.32269563,12.27389042,7.83409091
3097,8.84349024,12.31986276,7.83409091
3098,9.39110753,12.42432901,7.24090909
3099,9.42886375,12.52690998,7.24090909
3100,9.4665223,12.62950467,7.24090909
3101,9.41865643,13.11946504,7.24090909
3102,9.50408317,12.73211301,7.24090909
3103,9.54154637,12.83473493,7.24090909
3104,9.57891189,12.93737037,7.24090909
3105,9.61617972,13.04001924,7.24090909
3106,9.91108104,12.47602172,7.24090909
3107,9.94828728,12.57880345,7.24090909
3108,9.98539579,12.68159837,7.24090909
3109,10.02240654,12.78440642,7.24090909
3110,10.05931955,12.88722752,7.24090909
3111,10.0961348,12.99006162,7.24090909
3112,10.1328523,13.09290863,7.24090909
3113,9.93109633,13.66581659,6.78068182
3114,9.93109633,13.66581659,6.93409091
3115,9.38036374,13.51143333,7.24090909
3116,9.57712367,13.4319122,7.24090909
3117,9.77422891,13.35279366,7.24090909
3118,9.97167864,13.27407874,7.24090909
3119,9.93109633,13.66581659,7.0875
3120,9.93109633,13.66581659,7.24090909
3121,10.12812682,13.58742655,7.24090909
3122,10.43077023,12.53049873,7.24090909
3123,10.46742543,12.63347826,7.24090909
3124,10.50398281,12.73647046,7.24090909
3125,10.54044239,12.83947527,7.24090909
3126,10.57680414,12.94249261,7.24090909
3127,10.61306808,13.04552242,7.24090909
3128,10.95016017,12.58775846,7.24090909
3129,10.98626328,12.69093284,7.24090909
3130,11.0222685,12.79411938,7.24090909
3131,11.05817585,12.89731799,7.24090909
3132,10.67763994,13.7460957,6.78068182
3133,10.67763994,13.7460957,6.93409091
3134,10.16947204,13.19576848,7.24090909
3135,10.3255003,13.50944073,7.24090909
3136,10.52321594,13.43186017,7.24090909
3137,10.64923419,13.14856461,7.24090909
3138,10.68530247,13.25161913,7.24090909
3139,10.72127292,13.3546859,7.24090909
3140,10.67763994,13.7460957,7.0875
3141,10.67763994,13.7460957,7.24090909
3142,10.87527516,13.66924304,7.24090909
3143,11.07325021,13.59279726,7.24090909
3144,9.37757381,12.39647553,7.5375
3145,9.89769671,12.44809615,7.5375
3146,9.36403114,12.36862386,7.83409091
3147,9.86569192,12.41827978,7.83409091
3148,10.39893994,12.5005071,7.5375
3149,10.91849099,12.55759678,7.5375
3150,10.36708957,12.47052585,7.83409091
3151,10.88680165,12.52744536,7.83409091
3152,13.75749496,7.77726247,5.4
3153,13.75749496,7.77726247,5.55340909
3154,13.75749496,7.77726247,5.70681818
3155,13.75749496,7.77726247,5.86022727
3156,13.75749496,7.77726247,6.01363636
3157,13.65195825,8.55782886,5.4
3158,13.65195825,8.55782886,5.55340909
3159,13.65195825,8.55782886,5.70681818
3160,13.65195825,8.55782886,5.86022727
3161,13.65195825,8.55782886,6.01363636
3162,13.75749496,7.77726247,6.16704545
3163,13.75749496,7.77726247,6.32045455
3164,13.75749496,7.77726247,6.47386364
3165,13.75749496,7.77726247,6.62727273
3166,13.65195825,8.55782886,6.16704545
3167,13.65195825,8.55782886,6.32045455
3168,13.65195825,8.55782886,6.47386364
3169,13.65195825,8.55782886,6.62727273
3170,13.58728407,9.03616936,5.4
3171,13.54642153,9.33839525,5.55340909
3172,13.54642153,9.33839525,5.70681818
3173,13.54642153,9.33839525,5.86022727
3174,13.54642153,9.33839525,6.01363636
3175,13.44088481,10.11896164,5.55340909
3176,13.44088481,10.11896164,5.70681818
3177,13.44088481,10.11896164,5.86022727
3178,13.44088481,10.11896164,6.01363636
3179,13.54642153,9.33839525,6.16704545
3180,13.54642153,9.33839525,6.32045455
3181,13.54642153,9.33839525,6.47386364
3182,13.54642153,9.33839525,6.62727273
3183,13.44088481,10.11896164,6.16704545
3184,13.44088481,10.11896164,6.32045455
3185,13.44088481,10.11896164,6.47386364
3186,13.44088481,10.11896164,6.62727273
3187,12.91659268,9.60271525,7.24090909
3188,12.83455127,10.23741565,7.24090909
3189,12.88923204,10.19485681,7.24090909
3190,12.86268534,9.58836178,7.5375
3191,12.89011083,8.93924733,7.83409091
3192,12.80876615,9.57403739,7.83409091
3193,12.78099228,10.22310711,7.5375
3194,12.72742146,10.20882746,7.83409091
3195,13.75749496,7.77726247,6.78068182
3196,13.75749496,7.77726247,6.93409091
3197,13.24475833,7.06391366,7.24090909
3198,13.3009843,7.02155493,7.24090909
3199,13.21863385,7.65621531,7.24090909
3200,13.27459519,7.61384688,7.24090909
3201,13.33060092,7.57150882,7.24090909
3202,13.16271691,7.69861405,7.24090909
3203,13.49888432,7.44467708,7.24090909
3204,13.55506746,7.40246076,7.24090909
3205,13.61129491,7.36027497,7.24090909
3206,13.38665103,7.52920114,7.24090909
3207,13.4427455,7.48692388,7.24090909
3208,13.64799234,7.46450468,7.24090909
3209,13.68459149,7.56874588,7.24090909
3210,13.75749496,7.77726247,7.0875
3211,13.72109236,7.6729985,7.24090909
3212,13.75749496,7.77726247,7.24090909
3213,13.65195825,8.55782886,6.78068182
3214,13.65195825,8.55782886,6.93409091
3215,13.13628339,8.29087568,7.24090909
3216,13.24763245,8.20608869,7.24090909
3217,13.19193572,8.24846709,7.24090909
3218,13.30337358,8.16374054,7.24090909
3219,13.35915909,8.12142266,7.24090909
3220,13.0806755,8.33331445,7.24090909
3221,13.27557267,8.75592143,7.24090909
3222,13.33109361,8.71359308,7.24090909
3223,13.41498896,8.07913508,7.24090909
3224,13.47086318,8.03687784,7.24090909
3225,13.50727869,8.14104543,7.24090909
3226,13.54359595,8.2452244,7.24090909
3227,13.57981497,8.34941468,7.24090909
3228,13.61593574,8.45361619,7.24090909
3229,13.65195825,8.55782886,7.0875
3230,13.65195825,8.55782886,7.24090909
3231,13.18702165,7.06830742,7.5375
3232,13.10532859,7.70305275,7.5375
3233,13.12929379,7.07273369,7.83409091
3234,13.04794911,7.70752376,7.83409091
3235,13.02607147,8.31887113,7.5375
3236,12.96902997,8.32338554,7.83409091
3237,13.54642153,9.33839525,6.78068182
3238,13.54642153,9.33839525,6.93409091
3239,12.99863409,8.96801485,7.24090909
3240,13.05393294,8.92553606,7.24090909
3241,13.10927624,8.88308729,7.24090909
3242,13.16466398,8.84066857,7.24090909
3243,13.22009613,8.79827994,7.24090909
3244,13.36722715,8.81769886,7.24090909
3245,13.02661677,9.51770749,7.24090909
3246,12.97158249,9.56019643,7.24090909
3247,13.0816955,9.47524845,7.24090909
3248,13.13681867,9.43281934,7.24090909
3249,13.19198626,9.39042021,7.24090909
3250,13.22783778,9.49446447,7.24090909
3251,13.26359111,9.59851987,7.24090909
3252,13.40326247,8.92181589,7.24090909
3253,13.43919957,9.02594412,7.24090909
3254,13.47503845,9.13008347,7.24090909
3255,13.54642153,9.33839525,7.0875
3256,13.51077911,9.23423387,7.24090909
3257,13.54642153,9.33839525,7.24090909
3258,13.44088481,10.11896164,6.78068182
3259,13.44088481,10.11896164,6.93409091
3260,13.05354122,10.06735875,7.24090909
3261,13.29924625,9.70258636,7.24090909
3262,13.33480319,9.80666385,7.24090909
3263,13.37026194,9.91075227,7.24090909
3264,12.9439573,10.15232769,7.24090909
3265,12.99872703,10.10982832,7.24090909
3266,13.08911067,10.17134179,7.24090909
3267,13.12458196,10.27533586,7.24090909
3268,13.15995508,10.37934089,7.24090909
3269,13.19523003,10.48335682,7.24090909
3270,13.40562248,10.01485156,7.24090909
3271,13.44088481,10.11896164,7.0875
3272,13.44088481,10.11896164,7.24090909
3273,12.94437841,8.95361645,7.5375
3274,11.42353547,13.83218845,5.4
3275,11.42353547,13.83218845,5.55340909
3276,11.42353547,13.83218845,5.70681818
3277,11.42353547,13.83218845,5.86022727
3278,11.42353547,13.83218845,6.01363636
3279,12.16873764,13.92408961,5.4
3280,12.16873764,13.92408961,5.55340909
3281,12.16873764,13.92408961,5.70681818
3282,12.91320123,14.0217936,5.4
3283,12.91320123,14.0217936,5.55340909
3284,12.91320123,14.0217936,5.70681818
3285,12.16873764,13.92408961,5.86022727
3286,12.16873764,13.92408961,6.01363636
3287,12.91320123,14.0217936,5.86022727
3288,12.91320123,14.0217936,6.01363636
3289,11.42353547,13.83218845,6.16704545
3290,11.42353547,13.83218845,6.32045455
3291,11.42353547,13.83218845,6.47386364
3292,11.42353547,13.83218845,6.62727273
3293,12.16873764,13.92408961,6.16704545
3294,12.16873764,13.92408961,6.32045455
3295,12.91320123,14.0217936,6.16704545
3296,12.91320123,14.0217936,6.32045455
3297,12.16873764,13.92408961,6.47386364
3298,12.16873764,13.92408961,6.62727273
3299,12.91320123,14.0217936,6.47386364
3300,12.91320123,14.0217936,6.62727273
3301,13.3353481,10.89952803,5.55340909
3302,13.3353481,10.89952803,5.70681818
3303,13.3353481,10.89952803,5.86022727
3304,13.3353481,10.89952803,6.01363636
3305,13.22981138,11.68009442,5.55340909
3306,13.22981138,11.68009442,5.70681818
3307,13.22981138,11.68009442,5.86022727
3308,13.22981138,11.68009442,6.01363636
3309,13.3353481,10.89952803,6.16704545
3310,13.3353481,10.89952803,6.32045455
3311,13.3353481,10.89952803,6.47386364
3312,13.3353481,10.89952803,6.62727273
3313,13.22981138,11.68009442,6.16704545
3314,13.22981138,11.68009442,6.32045455
3315,13.22981138,11.68009442,6.47386364
3316,13.22981138,11.68009442,6.62727273
3317,13.12427466,12.46066082,5.55340909
3318,13.12427466,12.46066082,5.70681818
3319,13.12427466,12.46066082,5.86022727
3320,13.12427466,12.46066082,6.01363636
3321,13.03069642,13.15278045,5.4
3322,13.01873795,13.24122721,5.4
3323,13.01873795,13.24122721,5.55340909
3324,13.01873795,13.24122721,5.70681818
3325,13.58728407,13.15278045,5.4
3326,13.01873795,13.24122721,5.86022727
3327,13.01873795,13.24122721,6.01363636
3328,13.12427466,12.46066082,6.16704545
3329,13.12427466,12.46066082,6.32045455
3330,13.12427466,12.46066082,6.47386364
3331,13.12427466,12.46066082,6.62727273
3332,13.01873795,13.24122721,6.16704545
3333,13.01873795,13.24122721,6.32045455
3334,13.01873795,13.24122721,6.47386364
3335,13.01873795,13.24122721,6.62727273
3336,12.80688159,10.82951718,7.24090909
3337,12.75250985,10.87211604,7.24090909
3338,12.86129783,10.78694789,7.24090909
3339,12.91575856,10.7444082,7.24090909
3340,12.67046844,11.50681644,7.24090909
3341,12.72453114,11.46417756,7.24090909
3342,12.77863836,11.42156809,7.24090909
3343,12.81364352,11.52542959,7.24090909
3344,12.84855057,11.62930189,7.24090909
3345,12.8833595,11.73318493,7.24090909
3346,12.58842703,12.14151684,7.24090909
3347,12.64218068,12.09883793,7.24090909
3348,12.67690362,12.20263911,7.24090909
3349,12.91807032,11.83707863,7.24090909
3350,12.70173516,10.83892549,7.5375
3351,12.64850232,10.82468924,7.83409091
3352,12.6200421,11.47367082,7.5375
3353,12.53834904,12.10841614,7.5375
3354,12.56958319,11.44055102,7.83409091
3355,12.4882385,12.07534109,7.83409091
3356,11.46923598,12.64779929,7.24090909
3357,11.09398531,13.00052861,7.24090909
3358,11.12969689,13.10375117,7.24090909
3359,11.50478595,12.75116556,7.24090909
3360,11.54023798,12.85454346,7.24090909
3361,11.57559207,12.95793292,7.24090909
3362,11.61084821,13.06133386,7.24090909
3363,11.98798275,12.71061948,7.24090909
3364,11.42353547,13.83218845,6.78068182
3365,11.42353547,13.83218845,6.93409091
3366,11.16531057,13.2069856,7.24090909
3367,11.20082637,13.31023183,7.24090909
3368,11.23624427,13.41348978,7.24090909
3369,11.27156426,13.51675938,7.24090909
3370,11.42353547,13.83218845,7.0875
3371,11.42353547,13.83218845,7.24090909
3372,11.6460064,13.16474621,7.24090909
3373,11.68106664,13.26816991,7.24090909
3374,11.71602893,13.37160488,7.24090909
3375,11.75089326,13.47505106,7.24090909
3376,11.78565963,13.57850836,7.24090909
3377,11.62176343,13.75687783,7.24090909
3378,11.82032804,13.68197672,7.24090909
3379,12.02297857,12.81417468,7.24090909
3380,12.05787639,12.91774098,7.24090909
3381,12.09267621,13.02131831,7.24090909
3382,12.12737802,13.12490661,7.24090909
3383,12.71152847,12.30645098,7.24090909
3384,12.74605524,12.41027347,7.24090909
3385,12.78048391,12.5141065,7.24090909
3386,12.8148145,12.61795002,7.24090909
3387,12.50638562,12.77621724,7.24090909
3388,12.54082628,12.87995839,7.24090909
3389,12.57516889,12.98371012,7.24090909
3390,12.60941343,13.08747236,7.24090909
3391,12.84904698,12.72180395,7.24090909
3392,12.88318138,12.82566821,7.24090909
3393,12.91721767,12.92954274,7.24090909
3394,12.16873764,13.92408961,6.78068182
3395,12.16873764,13.92408961,6.93409091
3396,12.91320123,14.0217936,6.78068182
3397,12.91320123,14.0217936,6.93409091
3398,12.16198182,13.22850579,7.24090909
3399,12.19648761,13.33211579,7.24090909
3400,12.23089538,13.43573654,7.24090909
3401,12.26520514,13.53936797,7.24090909
3402,12.16873764,13.92408961,7.0875
3403,12.16873764,13.92408961,7.24090909
3404,12.29941688,13.64301,7.24090909
3405,12.3335306,13.74666257,7.24090909
3406,12.3675463,13.8503256,7.24090909
3407,12.64355991,13.19124504,7.24090909
3408,12.67760833,13.29502808,7.24090909
3409,12.71155867,13.39882141,7.24090909
3410,12.74541095,13.50262497,7.24090909
3411,12.77916516,13.60643867,7.24090909
3412,12.81282129,13.71026246,7.24090909
3413,12.91320123,14.0217936,7.0875
3414,12.84637935,13.81409626,7.24090909
3415,12.87983933,13.91793999,7.24090909
3416,12.91320123,14.0217936,7.24090909
3417,11.4377288,12.61746842,7.5375
3418,11.95663848,12.68012029,7.5375
3419,11.40620141,12.5871477,7.83409091
3420,11.9067064,12.64734741,7.83409091
3421,12.45665597,12.74316147,7.5375
3422,12.40689381,12.71013116,7.83409091
3423,13.3353481,10.89952803,6.78068182
3424,13.3353481,10.89952803,6.93409091
3425,12.95104589,10.84833032,7.24090909
3426,12.98623509,10.95226336,7.24090909
3427,13.23040681,10.58738357,7.24090909
3428,13.26548542,10.69142107,7.24090909
3429,13.3353481,10.89952803,7.0875
3430,13.30046585,10.79546925,7.24090909
3431,13.3353481,10.89952803,7.24090909
3432,13.02132614,11.05620725,7.24090909
3433,13.05631905,11.16016191,7.24090909
3434,13.09121381,11.26412728,7.24090909
3435,13.12601043,11.36810329,7.24090909
3436,13.22981138,11.68009442,6.78068182
3437,13.22981138,11.68009442,6.93409091
3438,13.1607089,11.47208987,7.24090909
3439,13.19530922,11.57608693,7.24090909
3440,13.22981138,11.68009442,7.0875
3441,13.22981138,11.68009442,7.24090909
3442,12.95268302,11.94098293,7.24090909
3443,12.9871976,12.04489775,7.24090909
3444,13.02161405,12.14882301,7.24090909
3445,13.05593238,12.25275866,7.24090909
3446,13.12427466,12.46066082,6.78068182
3447,13.12427466,12.46066082,6.93409091
3448,13.12427466,12.46066082,7.0875
3449,13.09015259,12.35670462,7.24090909
3450,13.12427466,12.46066082,7.24090909
3451,12.95115587,13.03342746,7.24090909
3452,12.98499596,13.13732231,7.24090909
3453,13.01873795,13.24122721,6.78068182
3454,13.01873795,13.24122721,6.93409091
3455,13.01873795,13.24122721,7.0875
3456,13.01873795,13.24122721,7.24090909
3457,7.46362599,7.02778918,10.8
3458,7.42858252,7.50906054,10.8
3459,7.81365787,7.53783034,10.8
3460,7.85051788,7.0566947,10.8
3461,8.23729791,7.08706054,10.8
3462,8.19862186,7.5680536,10.8
3463,7.39353905,7.99033189,10.8
3464,7.77679785,8.01896598,10.8
3465,7.73993783,8.50010161,10.8
3466,8.15994582,8.04904666,10.8
3467,8.12126978,8.53003972,10.8
3468,8.62396054,7.11888625,10.8
3469,8.58346903,7.59972988,10.8
3470,9.01050028,7.15217138,10.8
3471,8.96819387,7.63285873,10.8
3472,8.54297751,8.08057351,10.8
3473,8.502486,8.56141714,10.8
3474,8.92588746,8.11354608,10.8
3475,8.88358105,8.59423343,10.8
3476,7.70307781,8.98123725,10.8
3477,7.66621779,9.46237288,10.8
3478,8.08259374,9.01103278,10.8
3479,8.0439177,9.49202584,10.8
3480,7.62935777,9.94350852,10.8
3481,7.59249775,10.42464416,10.8
3482,8.00524165,9.97301891,10.8
3483,7.96656561,10.45401197,10.8
3484,8.46199449,9.04226078,10.8
3485,8.42150297,9.52310441,10.8
3486,8.84127464,9.07492078,10.8
3487,9.22042881,9.10901234,10.8
3488,8.79896824,9.55560813,10.8
3489,9.17630811,9.58953656,10.8
3490,8.38101146,10.00394804,10.8
3491,8.75666183,10.03629548,10.8
3492,8.34051995,10.48479167,10.8
3493,9.13218741,10.07006078,10.8
3494,9.39691161,7.18691546,10.8
3495,9.35279091,7.66743968,10.8
3496,9.78318903,7.223118,10.8
3497,9.73725466,7.70347224,10.8
3498,10.12157966,7.74095589,10.8
3499,9.30867021,8.1479639,10.8
3500,9.6913203,8.18382648,10.8
3501,9.26454951,8.62848812,10.8
3502,9.64538594,8.66418072,10.8
3503,10.07383229,8.2211333,10.8
3504,10.02608492,8.70131072,10.8
3505,10.16932703,7.26077847,10.8
3506,10.55532011,7.29989635,10.8
3507,10.50576041,7.77989009,10.8
3508,10.94116277,7.34047107,10.8
3509,10.88979145,7.82027431,10.8
3510,10.45620071,8.25988384,10.8
3511,10.40664102,8.73987759,10.8
3512,10.83842013,8.30007755,10.8
3513,9.59945158,9.14453496,10.8
3514,9.55351721,9.6248892,10.8
3515,9.97833755,9.18148813,10.8
3516,9.50758285,10.10524344,10.8
3517,9.93059018,9.66166555,10.8
3518,9.8828428,10.14184296,10.8
3519,10.35708132,9.21987134,10.8
3520,10.78704881,8.77988078,10.8
3521,10.73567749,9.25968402,10.8
3522,10.30752162,9.69986508,10.8
3523,10.25796192,10.17985883,10.8
3524,10.68430617,9.73948726,10.8
3525,11.06093847,9.78053152,10.8
3526,10.63293485,10.2192905,10.8
3527,11.00775626,10.26013742,10.8
3528,7.80631765,12.20457399,8.13068182
3529,7.79231665,12.17694477,8.42727273
3530,8.29498831,12.21848619,8.42727273
3531,7.80919076,12.08220722,8.72386364
3532,8.24467762,12.11808563,8.72386364
3533,8.30884644,12.24618734,8.13068182
3534,8.79743873,12.26262308,8.42727273
3535,8.74764722,12.16196403,8.72386364
3536,7.75831443,11.98205844,9.02045455
3537,8.19424943,12.01771044,9.02045455
3538,7.70732072,11.88193566,9.31704545
3539,8.14370375,11.91736074,9.31704545
3540,8.69773809,12.06132975,9.02045455
3541,9.20099476,12.10754872,9.02045455
3542,8.64771134,11.96072034,9.31704545
3543,9.08373283,12.00034793,9.31704545
3544,8.82978963,12.2920859,8.13068182
3545,9.25038351,12.20843941,8.72386364
3546,9.75287307,12.25751054,8.72386364
3547,9.63635444,12.14964787,9.02045455
3548,10.0715216,12.19369253,9.02045455
3549,9.51957284,12.04192401,9.31704545
3550,9.95522266,12.08544777,9.31704545
3551,10.57407638,12.24700459,9.02045455
3552,10.45833801,12.13816065,9.31704545
3553,10.89354831,12.18587948,9.31704545
3554,9.33185281,12.33898377,8.13068182
3555,9.2996545,12.30935426,8.42727273
3556,9.8336671,12.3884739,8.13068182
3557,9.80162224,12.3586785,8.42727273
3558,10.3352191,12.44055496,8.13068182
3559,10.30332855,12.41059447,8.42727273
3560,10.85509217,12.49730421,8.13068182
3561,10.80476005,12.4651008,8.42727273
3562,10.18755695,12.30207493,8.72386364
3563,10.68955044,12.3559848,8.72386364
3564,11.07634912,12.30291136,9.02045455
3565,7.65620965,11.781839,9.61363636
3566,8.0930406,11.81703662,9.61363636
3567,7.67295838,11.68707564,9.91022727
3568,8.04225999,11.71673819,9.91022727
3569,8.52970986,11.85418641,9.61363636
3570,8.96620871,11.89328763,9.61363636
3571,8.47937807,11.75366201,9.91022727
3572,8.91632673,11.79253926,9.91022727
3573,7.55563773,10.90577979,10.8
3574,7.51877771,11.38691543,10.8
3575,7.92788957,10.93500503,10.8
3576,8.30002843,10.9656353,10.8
3577,7.62168216,11.58699586,10.20681818
3578,7.99136194,11.61646556,10.20681818
3579,7.5702886,11.48694242,10.50340909
3580,7.94034644,11.51621882,10.50340909
3581,7.88921353,11.41599809,10.8
3582,8.25953692,11.44647894,10.8
3583,8.71435542,10.51698283,10.8
3584,8.67204901,10.99767019,10.8
3585,9.08806671,10.550585,10.8
3586,9.04394601,11.03110921,10.8
3587,8.42892871,11.65316288,10.20681818
3588,8.86632709,11.69181563,10.20681818
3589,8.3783618,11.55268912,10.50340909
3590,8.7481657,11.58501552,10.50340909
3591,8.62974261,11.47835754,10.8
3592,9.11784493,11.61873771,10.50340909
3593,8.99982531,11.51163343,10.8
3594,9.40252842,11.93433948,9.61363636
3595,9.83866029,11.97734116,9.61363636
3596,9.35309727,11.83336916,9.91022727
3597,9.72183465,11.86937319,9.91022727
3598,10.27459559,12.0222918,9.61363636
3599,10.71032563,12.0691905,9.61363636
3600,10.15825371,11.91380273,9.91022727
3601,10.59446982,11.9601825,9.91022727
3602,11.03047427,12.00851158,9.91022727
3603,9.46164849,10.58559768,10.8
3604,9.41571413,11.06595192,10.8
3605,9.83509543,10.62202038,10.8
3606,9.78734806,11.10219779,10.8
3607,9.2356023,11.72598312,10.20681818
3608,9.60474591,11.76154437,10.20681818
3609,10.0416481,11.80545163,10.20681818
3610,9.48739422,11.65385519,10.50340909
3611,9.36977977,11.54630616,10.8
3612,9.92477893,11.697239,10.50340909
3613,9.73960069,11.58237521,10.8
3614,10.10928282,11.61984007,10.8
3615,10.20840222,10.65985258,10.8
3616,10.58156353,10.69909374,10.8
3617,10.15884252,11.13984633,10.8
3618,10.53019221,11.17889698,10.8
3619,10.95457405,10.73974331,10.8
3620,10.90139184,11.2193492,10.8
3621,10.47834968,11.85131129,10.20681818
3622,10.84701131,11.89156301,10.20681818
3623,10.29402613,11.73540209,10.50340909
3624,10.47882089,11.65870022,10.8
3625,10.66312664,11.77495882,10.50340909
3626,11.03207519,11.81590862,10.50340909
3627,10.84820963,11.6989551,10.8
3628,12.80237255,7.11717247,8.72386364
3629,12.72535503,7.73327495,8.72386364
3630,12.91199735,8.32793208,8.13068182
3631,12.85497363,8.33251074,8.42727273
3632,12.65691827,8.28073557,8.72386364
3633,12.59340269,7.13415663,9.02045455
3634,12.51761105,7.75041112,9.02045455
3635,12.3845511,7.15156676,9.31704545
3636,12.30998563,7.76797082,9.31704545
3637,12.45026358,8.29800682,9.02045455
3638,12.24372773,8.31569942,9.31704545
3639,12.83341623,8.94383708,8.13068182
3640,12.77673054,8.94845877,8.42727273
3641,12.7548351,9.55974209,8.13068182
3642,12.69848745,9.56440681,8.42727273
3643,12.57990075,8.89683806,8.72386364
3644,12.50288323,9.51294054,8.72386364
3645,12.67383881,10.1945767,8.13068182
3646,12.62024436,10.18035484,8.42727273
3647,12.42586571,10.12904302,8.72386364
3648,12.38291611,8.84560252,9.02045455
3649,12.30712447,9.461857,9.02045455
3650,12.17746983,8.86342802,9.31704545
3651,12.11121193,9.41115662,9.31704545
3652,12.23133283,10.07811149,9.02045455
3653,12.03664646,10.02756067,9.31704545
3654,13.07157477,7.07719246,8.13068182
3655,13.01145981,7.10061466,8.42727273
3656,12.99057848,7.71202708,8.13068182
3657,12.93321672,7.7165627,8.42727273
3658,11.95917197,7.25637126,9.91022727
3659,11.89509398,7.80435916,9.91022727
3660,11.83905023,8.2836391,9.91022727
3661,12.16764773,7.2380943,9.61363636
3662,12.10247966,7.78595363,9.61363636
3663,12.03731158,8.33381297,9.61363636
3664,11.75081711,7.2750727,10.20681818
3665,11.68782945,7.823187,10.20681818
3666,11.32684952,7.38250205,10.8
3667,11.48068694,7.84243673,10.50340909
3668,11.27366731,7.86210794,10.8
3669,11.54258401,7.2941982,10.50340909
3670,11.63273933,8.30257748,10.20681818
3671,11.42655067,8.32193587,10.50340909
3672,11.2204851,8.34171384,10.8
3673,11.97214351,8.8816723,9.61363636
3674,11.90697543,9.42953164,9.61363636
3675,11.77497224,8.831627,9.91022727
3676,11.71089425,9.3796149,9.91022727
3677,11.84180736,9.97739097,9.61363636
3678,11.64681626,9.92760281,9.91022727
3679,11.59077251,10.40688274,9.91022727
3680,11.51466156,9.33008227,10.20681818
3681,11.57764922,8.78196797,10.20681818
3682,11.3724144,8.80143501,10.50340909
3683,11.16730289,8.82131973,10.8
3684,11.31827813,9.28093415,10.50340909
3685,11.11412068,9.30092563,10.8
3686,11.45167391,9.87819657,10.20681818
3687,11.39658379,10.35758706,10.20681818
3688,11.25638107,9.82917268,10.50340909
3689,11.20224479,10.30867182,10.50340909
3690,12.59525769,10.8104817,8.13068182
3691,12.54200127,10.79630288,8.42727273
3692,12.35742894,10.67650364,8.72386364
3693,12.28041142,11.29260612,8.72386364
3694,12.43809544,12.04229171,8.13068182
3695,12.38551508,12.02819895,8.42727273
3696,12.51667656,11.42638671,8.13068182
3697,12.46375818,11.41225092,8.42727273
3698,12.2033939,11.9087086,8.72386364
3699,11.97038856,10.57528927,9.31704545
3700,11.90413066,11.12301787,9.31704545
3701,11.32854096,12.2355431,9.31704545
3702,11.83787276,11.67074647,9.31704545
3703,12.16398536,10.62570719,9.02045455
3704,12.0966379,11.17330288,9.02045455
3705,12.02084625,11.78955737,9.02045455
3706,11.3560685,12.55465894,8.13068182
3707,11.30590336,12.52219602,8.42727273
3708,11.85674194,12.61460018,8.13068182
3709,11.80674513,12.58187861,8.42727273
3710,11.19125882,12.41248648,8.72386364
3711,11.69266871,12.47157846,8.72386364
3712,12.35709915,12.67712632,8.13068182
3713,12.30727199,12.64414699,8.42727273
3714,12.12637638,12.52481108,8.72386364
3715,11.51081685,12.35339088,9.02045455
3716,11.94505461,12.40581186,9.02045455
3717,11.76330729,12.28715053,9.31704545
3718,11.77663928,10.52525031,9.61363636
3719,11.71147121,11.07310965,9.61363636
3720,11.52669452,10.95487065,9.91022727
3721,11.14584168,12.11803633,9.61363636
3722,11.64630313,11.62096898,9.61363636
3723,11.58113506,12.16882832,9.61363636
3724,11.46261653,11.50285855,9.91022727
3725,11.39853854,12.05084645,9.91022727
3726,11.34149368,10.83697755,10.20681818
3727,11.27850602,11.38509185,10.20681818
3728,11.14810852,10.78817096,10.50340909
3729,11.09397225,11.2676701,10.50340909
3730,11.21551837,11.93320615,10.20681818
