# MAAS exact compiled indexed mesh
# program_hash e9af9a160577115d497f7f68d0113590c1ce7cb8bfe23a286c266a81c56a1694
# geometry_hash 8a496a031fdcb4d10301d83a9aa8c8ead2cbdc9949129d1ed817f56a82110e51
v -27.72305092 -7.99389693 6.56676271
v -27.91518723 -7.29316684 6.56676271
v -26.87587553 -7.87985616 6.56676271
v -26.02870014 -7.76581539 6.56676271
v -27.06801184 -7.17912607 6.56676271
v -26.22083645 -7.0650853 6.56676271
v -25.18152475 -7.65177462 6.56676271
v -24.35713641 -7.42573191 6.56676271
v -23.53274808 -7.19968919 6.56676271
v -22.70835974 -6.97364648 6.56676271
v -21.86118435 -6.85960571 6.56676271
v -28.10732354 -6.59243676 6.56676271
v -27.26014815 -6.47839599 6.56676271
v -28.29945984 -5.89170667 6.56676271
v -28.3963945 -5.17160759 6.56676271
v -28.49332915 -4.45150851 6.56676271
v -28.59026381 -3.73140942 6.56676271
v -27.04092846 -5.09602167 6.56676271
v -26.00161676 -5.68271099 6.56676271
v -24.96230507 -6.26940031 6.56676271
v -24.13791673 -6.04335759 6.56676271
v -27.13786312 -4.37592259 6.56676271
v -25.78239708 -4.30033668 6.56676271
v -27.23479777 -3.65582351 6.56676271
v -25.87933173 -3.58023759 6.56676271
v -24.74308538 -4.88702599 6.56676271
v -23.91869705 -4.66098328 6.56676271
v -23.51628873 -4.60681391 6.56676271
v -24.5238657 -3.50465168 6.56676271
v -24.12145739 -3.45048231 6.56676271
v -23.71904908 -3.39631295 6.56676271
v -28.78240011 -3.03067934 6.56676271
v -27.31617315 -3.35904371 6.56676271
v -27.50830945 -2.65831362 6.56676271
v -28.97453642 -2.32994925 6.56676271
v -27.70044576 -1.95758354 6.56676271
v -29.26360738 -0.90912008 6.56676271
v -29.36054204 -0.189021 6.56676271
v -29.16667273 -1.62921916 6.56676271
v -27.74150044 -1.65260039 6.56676271
v -27.82287582 -1.35582059 6.56676271
v -27.86393049 -1.05083745 6.56676271
v -27.96086515 -0.33073837 6.56676271
v -25.96070711 -3.28345779 6.56676271
v -26.04208249 -2.98667799 6.56676271
v -26.27527347 -1.98096476 6.56676271
v -26.2342188 -2.28594791 6.56676271
v -24.60524108 -3.20787188 6.56676271
v -24.68661645 -2.91109208 6.56676271
v -24.76799183 -2.61431228 6.56676271
v -24.80904651 -2.30932914 6.56676271
v -24.85010118 -2.00434599 6.56676271
v -24.89115586 -1.69936285 6.56676271
v -26.31632815 -1.67598162 6.56676271
v -26.39770353 -1.37920182 6.56676271
v -26.4790789 -1.08242202 6.56676271
v -26.52013358 -0.77743888 6.56676271
v -26.56118826 -0.47245574 6.56676271
v -24.97253124 -1.40258305 6.56676271
v -25.05390661 -1.10580325 6.56676271
v -25.13528199 -0.80902345 6.56676271
v -25.17633667 -0.50404031 6.56676271
v -25.21739135 -0.19905717 6.56676271
v -23.31352839 -5.81731488 6.56676271
v -22.91112008 -5.76314551 6.56676271
v -22.51953562 -5.65577522 6.56676271
v -21.67236023 -5.54173445 6.56676271
v -21.01400896 -6.64580764 6.60477465
v -20.16683357 -6.36318799 6.6707877
v -20.82518484 -5.31663885 6.61948808
v -20.42277653 -5.1982148 6.65084428
v -23.11388042 -4.55264455 6.56676271
v -22.72229596 -4.44527426 6.56676271
v -22.3307115 -4.33790397 6.56676271
v -21.48353611 -4.22153488 6.56818847
v -20.03119207 -5.03206249 6.68135707
v -21.0811278 -4.11685766 6.59954466
v -20.67871949 -4.01351589 6.63090086
v -20.28713503 -3.86161164 6.66141365
v -19.89555057 -3.71228324 6.69192643
v -19.34244523 -5.98639453 6.73502514
v -18.51805689 -5.62101753 6.79926259
v -17.69366856 -5.267057 6.86350004
v -19.20680373 -4.69068779 6.74559451
v -18.3824154 -4.36072955 6.80983196
v -19.07116224 -3.4063273 6.75616388
v -17.53524001 -4.13742702 6.875845
v -16.84649317 -5.0165939 6.92951308
v -15.99931778 -4.77204973 6.99552613
v -16.68806462 -3.92004342 6.94185805
v -16.2856563 -3.81885968 6.97321425
v -15.89407184 -3.67641072 7.00372703
v -23.31664077 -3.34214358 6.56676271
v -22.92505631 -3.23477329 6.56676271
v -22.53347185 -3.127403 6.56676271
v -22.14188739 -3.02003272 6.56676271
v -21.73947908 -2.96586335 6.56676271
v -21.33707077 -2.89735073 6.57960124
v -20.93466245 -2.80909123 6.61095744
v -20.54307799 -2.67143506 6.64147023
v -20.15149353 -2.53635473 6.67198301
v -19.75990907 -2.40385024 6.7024958
v -18.22398684 -3.21018534 6.82217693
v -17.82157853 -3.11909138 6.85353312
v -19.35750076 -2.32284606 6.733852
v -18.95509245 -2.24317734 6.76520819
v -18.55268414 -2.16484408 6.79656439
v -18.16109968 -2.0408353 6.82707718
v -17.76951522 -1.91940235 6.85758996
v -17.41917022 -3.02933288 6.88488932
v -17.02758576 -2.89610401 6.91540211
v -16.6360013 -2.76545097 6.94591489
v -17.37793076 -1.80054524 6.88810275
v -15.90854762 -1.91082591 7.00259906
v -17.58247017 -0.74670707 6.87216477
v -17.66384555 -0.48673617 6.86582389
v -17.74522093 -0.22528569 6.85948301
v -17.41898544 -1.53619672 6.88490372
v -17.46004012 -1.27108111 6.88170468
v -17.50109479 -1.0051984 6.87850565
v -16.10068393 -1.33910721 6.98762754
v -16.14173861 -1.0861126 6.98442851
v -16.26416866 -0.58545777 6.97488859
v -16.18279328 -0.8323509 6.98122947
v -16.34554404 -0.33708508 6.96854771
v -12.82224917 -10.55153783 0
v -10.57835557 -8.45723713 0
v -4.27408306 -10.55153783 0
v -6.51797666 -8.45723713 0
v -11.25361104 -12.16472381 4.27523614
v -10.36869575 -12.85947093 6.41285421
v -11.32937728 -9.3558205 6.41285421
v -2.78185714 -11.02431611 4.27523614
v -6.13281879 -12.28926708 6.41285421
v -2.01087711 -11.15905351 6.41285421
v -6.22121745 -7.99389693 6.56676271
v -6.41335375 -7.29316684 6.56676271
v -5.37404206 -7.87985616 6.56676271
v -4.52686667 -7.76581539 6.56676271
v -5.56617836 -7.17912607 6.56676271
v -4.71900297 -7.0650853 6.56676271
v -3.67969128 -7.65177462 6.56676271
v -2.85530294 -7.42573191 6.56676271
v -2.0309146 -7.19968919 6.56676271
v -1.20652626 -6.97364648 6.56676271
v -0.35935087 -6.85960571 6.56676271
v -8.33446196 -6.36293644 0
v -12.82224917 -3.28559664 0
v -10.57835557 -1.19129594 0
v -4.27408306 -6.36293644 0
v -6.09056836 -4.26863574 0
v -0.21370415 -6.36293644 0
v -2.03018945 -4.26863574 0
v -6.09056836 -1.19129594 0
v -12.22295758 -4.96373299 4.27523614
v -11.81405055 -5.75532509 6.41285421
v -15.15214239 -4.53342448 7.06153917
v -14.32775405 -4.21711804 7.12577662
v -14.4246887 -3.66891189 7.11822334
v -13.50336571 -3.91222807 7.19001407
v -15.16661816 -2.81684189 7.0604112
v -13.69723502 -2.84656612 7.17490751
v -14.43916448 -1.99943989 7.11709537
v -13.60030037 -3.38153531 7.18246079
v -12.77473209 -2.25167465 6.41285421
v -14.63130079 -1.46067801 7.10212385
v -14.82343709 -0.91366774 7.08715233
v -14.86449177 -0.67202703 7.0839533
v -14.94586715 -0.43673212 7.07761242
v -13.54619026 -0.52422681 7.18667712
v -7.85870856 -0.189021 6.56676271
v -5.4203045 -5.03991363 4.27523614
v -1.3962214 -4.49821997 4.27523614
v -6.60549006 -6.59243676 6.56676271
v -6.89456102 -5.17160759 6.56676271
v -6.79762637 -5.89170667 6.56676271
v -5.75831467 -6.47839599 6.56676271
v -5.03672037 -5.37739551 6.41285421
v -5.53909499 -5.09602167 6.56676271
v -4.49978329 -5.68271099 6.56676271
v -6.99149568 -4.45150851 6.56676271
v -7.08843033 -3.73140942 6.56676271
v -5.63602964 -4.37592259 6.56676271
v -4.28056361 -4.30033668 6.56676271
v -5.44359726 -3.89349651 6.41285421
v -5.7329643 -3.65582351 6.56676271
v -4.37749826 -3.58023759 6.56676271
v -3.46047159 -6.26940031 6.56676271
v -2.63608325 -6.04335759 6.56676271
v -3.02467882 -5.10654868 6.41285421
v -1.81169492 -5.81731488 6.56676271
v -1.40928661 -5.76314551 6.56676271
v -1.01770215 -5.65577522 6.56676271
v -0.17052676 -5.54173445 6.56676271
v -3.24125191 -4.88702599 6.56676271
v -2.41686357 -4.66098328 6.56676271
v -2.01445526 -4.60681391 6.56676271
v -3.02203222 -3.50465168 6.56676271
v -2.61962391 -3.45048231 6.56676271
v -2.2172156 -3.39631295 6.56676271
v -1.06675652 -4.56969724 6.41285421
v -1.61204695 -4.55264455 6.56676271
v -1.22046249 -4.44527426 6.56676271
v -0.82887803 -4.33790397 6.56676271
v -5.83085127 -1.99008222 4.27523614
v -7.28056664 -3.03067934 6.56676271
v -6.00647598 -2.65831362 6.56676271
v -7.47270295 -2.32994925 6.56676271
v -6.19861229 -1.95758354 6.56676271
v -5.81433967 -3.35904371 6.56676271
v -4.45887364 -3.28345779 6.56676271
v -4.54024901 -2.98667799 6.56676271
v -5.64887064 -2.3685808 6.41285421
v -4.73238532 -2.28594791 6.56676271
v -4.77344 -1.98096476 6.56676271
v -7.66483925 -1.62921916 6.56676271
v -7.76177391 -0.90912008 6.56676271
v -6.23966696 -1.65260039 6.56676271
v -6.32104234 -1.35582059 6.56676271
v -6.05574753 -0.8846818 6.41285421
v -6.36209702 -1.05083745 6.56676271
v -6.45903167 -0.33073837 6.56676271
v -4.89587005 -1.37920182 6.56676271
v -4.97724543 -1.08242202 6.56676271
v -4.81449468 -1.67598162 6.56676271
v -5.01830011 -0.77743888 6.56676271
v -5.05935478 -0.47245574 6.56676271
v -3.1034076 -3.20787188 6.56676271
v -3.18478298 -2.91109208 6.56676271
v -3.26615835 -2.61431228 6.56676271
v -3.30721303 -2.30932914 6.56676271
v -3.34826771 -2.00434599 6.56676271
v -3.38932239 -1.69936285 6.56676271
v -1.81480729 -3.34214358 6.56676271
v -1.42322283 -3.23477329 6.56676271
v -1.03163837 -3.127403 6.56676271
v -0.64005391 -3.02003272 6.56676271
v -0.2376456 -2.96586335 6.56676271
v -3.47069776 -1.40258305 6.56676271
v -3.55207314 -1.10580325 6.56676271
v -3.63344852 -0.80902345 6.56676271
v -3.67450319 -0.50404031 6.56676271
v -3.71555787 -0.19905717 6.56676271
v -27.54606786 -8.13284635 7.24510018
v -27.3690848 -8.27179578 7.92343765
v -27.73820417 -7.43211627 7.24510018
v -27.56122111 -7.57106569 7.92343765
v -27.57637436 -7.00928503 8.60177511
v -26.69889247 -8.01880558 7.24510018
v -25.85171708 -7.90476481 7.24510018
v -26.52190941 -8.15775501 7.92343765
v -24.87313274 -7.70566958 7.92343765
v -24.20294041 -7.45267939 7.24510018
v -23.37855207 -7.22663667 7.24510018
v -27.19210174 -8.4107452 8.60177511
v -25.54332507 -7.95865977 8.60177511
v -23.8945484 -7.50657435 8.60177511
v -27.37203123 -7.30127059 9.95845005
v -26.80422535 -8.63893742 9.95845005
v -25.15544868 -8.18685199 9.95845005
v -23.506672 -7.73476656 9.95845005
v -22.55416373 -7.00059396 7.24510018
v -21.70698834 -6.88655319 7.24510018
v -23.22435606 -7.25358415 7.92343765
v -22.39996773 -7.02754144 7.92343765
v -21.55279234 -6.91350067 7.92343765
v -22.24577172 -7.05448892 8.60177511
v -21.93294632 -7.06675964 9.95845005
v -26.41634896 -8.86712963 11.31512498
v -26.98415484 -7.52946281 11.31512498
v -24.76757229 -8.41504421 11.31512498
v -26.02847257 -9.09532185 12.67179992
v -25.77903127 -8.53440724 12.67179992
v -26.59627845 -7.75765502 12.67179992
v -25.52958998 -7.97349264 12.67179992
v -26.34683715 -7.19674042 12.67179992
v -24.45474689 -8.42731493 12.67179992
v -24.20530559 -7.86640032 12.67179992
v -25.28014868 -7.41257803 12.67179992
v -25.03070738 -6.85166342 12.67179992
v -23.9558643 -7.30548572 12.67179992
v -23.19384661 -7.74703729 11.31512498
v -21.62012093 -7.07903037 11.31512498
v -22.88102121 -7.75930801 12.67179992
v -22.63157991 -7.19839341 12.67179992
v -21.30729553 -7.04945892 12.65664126
v -27.93034048 -6.73138618 7.24510018
v -27.94549373 -6.16960552 7.92343765
v -28.31461309 -5.32992601 7.24510018
v -27.96064697 -5.60782486 8.60177511
v -28.41154775 -4.60982693 7.24510018
v -28.32976634 -4.76814535 7.92343765
v -28.5084824 -3.88972784 7.24510018
v -28.42670099 -4.04804626 7.92343765
v -28.34491959 -4.20636468 8.60177511
v -24.44714887 -3.57214806 7.24510018
v -24.04474056 -3.51797869 7.24510018
v -23.64233225 -3.46380933 7.24510018
v -24.37043205 -3.63964443 7.92343765
v -23.96802374 -3.58547507 7.92343765
v -24.29371522 -3.70714081 8.60177511
v -23.5105463 -3.49240023 8.60177511
v -27.75630385 -5.89981042 9.95845005
v -28.14057646 -4.49835024 9.95845005
v -24.12364378 -3.82045733 9.95845005
v -28.70061871 -3.18899776 7.24510018
v -28.6188373 -3.34731618 7.92343765
v -28.89275501 -2.48826767 7.24510018
v -29.00310992 -1.945856 7.92343765
v -28.7291922 -2.80490451 8.60177511
v -29.27702763 -1.0868075 7.24510018
v -29.37396228 -0.36670842 7.24510018
v -29.38738253 -0.54439583 7.92343765
v -29.49773743 -0.00198416 8.60177511
v -29.11346482 -1.40344434 8.60177511
v -24.52852425 -3.27536826 7.24510018
v -24.60989963 -2.97858845 7.24510018
v -24.45180742 -3.34286463 7.92343765
v -24.61455818 -2.74930503 7.92343765
v -24.77265038 -2.38502885 7.24510018
v -24.81370506 -2.08004571 7.24510018
v -24.85475974 -1.77506257 7.24510018
v -24.77730893 -2.15574543 7.92343765
v -24.81836361 -1.85076229 7.92343765
v -24.45646598 -3.11358121 8.60177511
v -24.61921673 -2.5200216 8.60177511
v -24.78196748 -1.926462 8.60177511
v -24.93613511 -1.47828277 7.24510018
v -25.01751049 -1.18150297 7.24510018
v -24.89973899 -1.55398248 7.92343765
v -25.06248974 -0.96042288 7.92343765
v -25.18026124 -0.58794336 7.24510018
v -25.22131592 -0.28296022 7.24510018
v -25.2252405 -0.36686328 7.92343765
v -25.26629517 -0.06188014 7.92343765
v -24.94471824 -1.3329024 8.60177511
v -25.10746899 -0.7393428 8.60177511
v -25.27021975 -0.14578319 8.60177511
v -28.70838234 -3.16068342 9.95845005
v -29.09265496 -1.75922324 9.95845005
v -29.47692757 -0.35776307 9.95845005
v -24.36412627 -3.25391609 9.95845005
v -24.52687703 -2.66035649 9.95845005
v -24.68962778 -2.06679688 9.95845005
v -24.93011027 -1.50025564 9.95845005
v -25.09286103 -0.90669604 9.95845005
v -25.25561178 -0.31313643 9.95845005
v -20.85981295 -6.64069297 7.28401015
v -19.90401566 -6.14857838 7.9926066
v -20.59699505 -6.4213373 8.62527719
v -19.21103628 -5.88180512 7.38393506
v -18.38664794 -5.5194859 7.43389752
v -17.5622596 -5.16858314 7.48385998
v -18.25523899 -5.41863901 8.06398154
v -18.94821837 -5.67468055 8.66810215
v -16.71508421 -4.92078634 7.53520346
v -15.86790882 -4.67890846 7.58654694
v -17.43085065 -5.07079403 8.09966901
v -15.68194787 -4.49429384 8.08436434
v -16.58367526 -4.82566352 8.13634292
v -15.68194787 -4.47348345 8.17537837
v -17.2994417 -4.97368967 8.71092712
v -15.68194787 -4.33537385 8.73305101
v -15.68194787 -4.33079838 8.75293955
v -15.68194787 -4.32808378 8.77960873
v -20.28416965 -6.37055119 9.9479076
v -23.34047486 -3.60571676 9.95845005
v -22.55730594 -3.39097618 9.95845005
v -18.63539298 -5.62760684 9.93363262
v -17.0616673 -4.75674277 9.92000741
v -15.68194787 -4.21972016 9.9080619
v -15.68194787 -4.19656481 10.13586776
v -22.85916333 -3.24906875 7.24510018
v -22.46757887 -3.14169846 7.24510018
v -22.07599441 -3.03432817 7.24510018
v -21.6735861 -2.9801588 7.24510018
v -23.18485482 -3.37073449 7.92343765
v -22.4016859 -3.15599391 7.92343765
v -22.01010144 -3.04862362 7.92343765
v -21.60769313 -2.99445426 7.92343765
v -21.27117779 -2.90580893 7.25907918
v -20.48800887 -2.62921634 7.30654352
v -20.8245242 -2.72348946 7.95275812
v -20.09642441 -2.49478381 7.33027568
v -19.70483995 -2.36292711 7.35400785
v -20.04135528 -2.45334414 7.98666121
v -19.64977082 -2.32213525 8.00361276
v -22.72737738 -3.27765965 8.60177511
v -21.94420846 -3.06291907 8.60177511
v -21.16103954 -2.81917408 8.61062682
v -20.37787062 -2.54517268 8.63096868
v -19.5947017 -2.28147464 8.65131054
v -19.30243164 -2.28249389 7.378396
v -18.90002333 -2.20339613 7.40278416
v -18.11685441 -1.95530341 7.45024849
v -17.72526995 -1.83512081 7.47398066
v -19.24736251 -2.24227298 8.02103287
v -18.46419359 -1.99152928 8.05493597
v -17.68102467 -1.75108895 8.08883907
v -17.33368549 -1.71751406 7.49771283
v -18.81153278 -2.02807997 8.6716524
v -18.02836386 -1.78498865 8.69199425
v -17.5785456 -0.67279494 7.48287296
v -17.65992097 -0.41265057 7.47794117
v -17.74129635 -0.15102662 7.47300937
v -17.6559964 -0.33858515 8.08992253
v -17.73737178 -0.07678773 8.08639982
v -17.37474017 -1.45346306 7.49522469
v -17.41579484 -1.18864497 7.49273655
v -17.49324564 -0.85774126 8.09696795
v -17.57069645 -0.52503121 8.70388161
v -17.7334472 -0.00256901 8.69965435
v -17.28944021 -1.63473254 8.10579061
v -17.33049489 -1.37097907 8.10401337
v -17.24519494 -1.5522007 8.71233611
v -17.40794569 -1.0415751 8.70810886
v -21.80978624 -3.07367289 9.95845005
v -21.02661732 -2.81833089 9.95433566
v -20.2434484 -2.54495574 9.94755504
v -19.49592871 -2.18820004 9.94108307
v -18.71275979 -1.93765761 9.93430245
v -17.92959087 -1.69741854 9.92752183
v -17.18207117 -1.38025294 9.92104986
v -17.34482192 -0.86980604 9.92245895
v -17.50757268 -0.35344084 9.92386803
v -27.55196072 -6.19179598 11.31512498
v -27.93623334 -4.79033581 11.31512498
v -28.50403922 -3.45266898 11.31512498
v -23.95357234 -3.93377386 11.31512498
v -27.73189021 -5.08232137 12.67179992
v -27.48244891 -4.52140676 12.67179992
v -28.29969609 -3.74465454 12.67179992
v -27.16408433 -6.4199882 12.67179992
v -26.09739586 -6.63582581 12.67179992
v -25.84795456 -6.0749112 12.67179992
v -26.91464303 -5.85907359 12.67179992
v -26.66520174 -5.29815898 12.67179992
v -25.59851327 -5.51399659 12.67179992
v -24.78126609 -6.29074881 12.67179992
v -23.706423 -6.74457111 12.67179992
v -23.45698171 -6.1836565 12.67179992
v -24.53182479 -5.72983421 12.67179992
v -24.2823835 -5.1689196 12.67179992
v -26.41576044 -4.73724437 12.67179992
v -25.34907197 -4.95308199 12.67179992
v -27.23300762 -3.96049215 12.67179992
v -26.98356632 -3.39957755 12.67179992
v -26.16631915 -4.17632977 12.67179992
v -25.91687785 -3.61541516 12.67179992
v -25.09963067 -4.39216738 12.67179992
v -24.0329422 -4.60800499 12.67179992
v -24.85018938 -3.83125277 12.67179992
v -23.78350091 -4.04709038 12.67179992
v -24.0239834 -3.48054914 12.67179992
v -29.0718451 -2.11500215 11.31512498
v -29.45611771 -0.71354198 11.31512498
v -24.43453733 -2.80069137 11.31512498
v -24.19405484 -3.36723261 11.31512498
v -24.59728808 -2.20713177 11.31512498
v -24.83777057 -1.64059052 11.31512498
v -25.07825306 -1.07404928 11.31512498
v -25.24100382 -0.48048967 11.31512498
v -28.05025479 -3.18373993 12.67179992
v -27.8008135 -2.62282533 12.67179992
v -28.86750197 -2.40698771 12.67179992
v -28.61806068 -1.84607311 12.67179992
v -27.5513722 -2.06191072 12.67179992
v -29.43530785 -1.06932089 12.67179992
v -28.36861938 -1.2851585 12.67179992
v -27.30193091 -1.50099611 12.67179992
v -29.18586656 -0.50840628 12.67179992
v -28.11917808 -0.72424389 12.67179992
v -27.86973679 -0.16332928 12.67179992
v -27.2929721 -0.37354026 12.67179992
v -26.73412503 -2.83866294 12.67179992
v -25.66743655 -3.05450055 12.67179992
v -26.48468373 -2.27774833 12.67179992
v -25.41799526 -2.49358594 12.67179992
v -26.23524244 -1.71683372 12.67179992
v -25.65847775 -1.9270447 12.67179992
v -24.60074808 -3.27033816 12.67179992
v -24.84123057 -2.70379692 12.67179992
v -24.26446589 -2.91400789 12.67179992
v -25.08171306 -2.13725567 12.67179992
v -24.50494838 -2.34746665 12.67179992
v -24.74543087 -1.7809254 12.67179992
v -27.05248961 -0.9400815 12.67179992
v -26.47572493 -1.15029248 12.67179992
v -25.89896024 -1.36050345 12.67179992
v -25.32219555 -1.57071443 12.67179992
v -25.56267804 -1.00417318 12.67179992
v -26.71620742 -0.58375123 12.67179992
v -26.95668991 -0.01720999 12.67179992
v -26.37992522 -0.22742096 12.67179992
v -26.13944273 -0.79396221 12.67179992
v -25.80316054 -0.43763194 12.67179992
v -25.46687834 -0.08130167 12.67179992
v -24.98591336 -1.21438416 12.67179992
v -25.22639585 -0.64784292 12.67179992
v -19.97134425 -6.31952992 11.24887066
v -19.73356985 -6.07915058 12.53401444
v -20.55897164 -5.25436294 12.59833086
v -19.48412856 -5.50435752 12.51457764
v -23.17040342 -3.71903328 11.31512498
v -22.42288373 -3.40172999 11.31512498
v -20.30953035 -4.67314131 12.57889406
v -20.06008905 -4.10049153 12.55945726
v -20.38741244 -3.39797188 12.58496273
v -19.81064776 -3.5364136 12.54002046
v -18.39761857 -5.39894372 11.18074465
v -18.15984417 -5.17324721 12.41138762
v -16.82389289 -4.54276248 11.11261864
v -15.68194787 -4.10769221 11.06318426
v -15.68194787 -4.06443599 11.48935152
v -19.23468726 -4.93813631 12.49514084
v -18.98524596 -4.38048695 12.47570404
v -17.91040288 -4.63059826 12.39195082
v -18.73580467 -3.83140944 12.45626724
v -17.66096158 -4.09652117 12.37251402
v -16.58611849 -4.3317488 12.2887608
v -17.41152028 -3.57101592 12.35307722
v -16.3366772 -3.82124397 12.269324
v -15.68194787 -3.88527641 12.21830661
v -22.38213862 -6.6374788 12.67179992
v -22.13269732 -6.07656419 12.67179992
v -23.20754041 -5.62274189 12.67179992
v -21.88325603 -5.51564958 12.67179992
v -21.05785423 -6.44252174 12.63720446
v -20.80841294 -5.84415642 12.61776766
v -22.95809911 -5.06182729 12.67179992
v -22.70865782 -4.50091268 12.67179992
v -21.63381473 -4.95473498 12.67179992
v -22.45921652 -3.93999807 12.67179992
v -23.03598121 -3.7297871 12.67179992
v -22.28846151 -3.41248381 12.67179992
v -21.71169682 -3.62269479 12.67179992
v -21.38437343 -4.37826221 12.66264727
v -21.13493214 -3.79061201 12.64321047
v -15.68194787 -4.49429384 13.86483849
v -21.67536403 -3.08442671 11.31512498
v -20.89219511 -2.81739915 11.28873396
v -20.14467541 -2.44917438 11.25637411
v -19.63989274 -3.01986312 12.526715
v -20.21665743 -2.87320101 12.57165727
v -20.04590242 -2.35394859 12.55835181
v -19.46913773 -2.50883109 12.51340954
v -19.39715571 -2.09548099 11.22401425
v -18.61398679 -1.84779081 11.19011115
v -19.06312806 -3.15909737 12.48177272
v -18.89237305 -2.65628573 12.46846726
v -18.48636337 -3.29090377 12.43683044
v -18.31560836 -2.79631252 12.42352498
v -17.73884367 -2.92891145 12.3785827
v -18.72161803 -2.15899254 12.4551618
v -19.29838272 -2.00331751 12.50010408
v -17.56808866 -2.44805903 12.36527724
v -18.14485335 -2.30723971 12.41021952
v -17.97409834 -1.82368536 12.39691406
v -17.16207899 -3.05408252 12.33364042
v -16.99132398 -2.5814505 12.32033496
v -16.0872359 -3.31931099 12.2498872
v -16.41455929 -2.70741411 12.27539268
v -15.83779461 -2.82594986 12.2304504
v -15.68194787 -2.80012486 12.21830661
v -17.39733365 -1.97272506 12.35197178
v -16.82056896 -2.11433692 12.3070295
v -16.24380428 -2.24852091 12.26208722
v -16.07304927 -1.79514617 12.24878176
v -15.68194787 -1.74526773 12.21830661
v -17.8664671 -1.52115815 11.1577513
v -17.52218064 -0.20663356 11.14284726
v -17.1189474 -1.20905687 11.12539144
v -17.28169815 -0.69878866 11.13243686
v -18.55086302 -1.66721779 12.44185634
v -17.80334332 -1.34564945 12.3836086
v -17.53678861 -0.05967651 12.36283829
v -17.22657864 -1.50290954 12.33866632
v -16.64981395 -1.65274178 12.29372404
v -17.05582363 -1.03861247 12.32536086
v -15.90229426 -1.34728988 12.2354763
v -16.47905894 -1.1966651 12.28041858
v -16.14277675 -0.88511125 12.25421502
v -17.29630612 -0.55331793 12.34409958
v -16.71954143 -0.72292852 12.2991573
v -16.96002392 -0.24084506 12.31789602
v -15.80649455 -0.58089859 12.22801146
v -16.38325924 -0.41458575 12.27295374
v -16.04697704 -0.11358416 12.24675018
v -21.54094181 -3.09518052 12.67179992
v -20.96417713 -3.2521023 12.62990501
v -20.79342212 -2.71911105 12.61659955
v -9.48378045 -13.55421805 8.55047228
v -1.23989708 -11.29379091 8.55047228
v -6.04423439 -8.13284635 7.24510018
v -5.86725133 -8.27179578 7.92343765
v -6.2363707 -7.43211627 7.24510018
v -6.05938764 -7.57106569 7.92343765
v -5.197059 -8.01880558 7.24510018
v -4.34988361 -7.90476481 7.24510018
v -5.02007594 -8.15775501 7.92343765
v -6.07454088 -7.00928503 8.60177511
v -5.69026827 -8.4107452 8.60177511
v -4.0414916 -7.95865977 8.60177511
v -3.37129926 -7.70566958 7.92343765
v -2.70110693 -7.45267939 7.24510018
v -1.8767186 -7.22663667 7.24510018
v -1.05233026 -7.00059396 7.24510018
v -0.20515487 -6.88655319 7.24510018
v -1.72252259 -7.25358415 7.92343765
v -0.89813425 -7.02754144 7.92343765
v -0.05095886 -6.91350067 7.92343765
v -2.39271492 -7.50657435 8.60177511
v -0.74393825 -7.05448892 8.60177511
v -5.30239188 -8.63893742 9.95845005
v -5.87019776 -7.30127059 9.95845005
v -3.6536152 -8.18685199 9.95845005
v -2.00483853 -7.73476656 9.95845005
v -0.43111285 -7.06675964 9.95845005
v -4.91451549 -8.86712963 11.31512498
v -5.48232137 -7.52946281 11.31512498
v -3.26573881 -8.41504421 11.31512498
v -1.69201313 -7.74703729 11.31512498
v -0.11828745 -7.07903037 11.31512498
v -4.52663909 -9.09532185 12.67179992
v -4.2771978 -8.53440724 12.67179992
v -5.09444497 -7.75765502 12.67179992
v -4.0277565 -7.97349264 12.67179992
v -4.84500368 -7.19674042 12.67179992
v -2.95291341 -8.42731493 12.67179992
v -2.70347212 -7.86640032 12.67179992
v -3.77831521 -7.41257803 12.67179992
v -3.52887391 -6.85166342 12.67179992
v -2.45403082 -7.30548572 12.67179992
v -1.37918773 -7.75930801 12.67179992
v -1.12974644 -7.19839341 12.67179992
v -15.5332185 -4.49429384 7.83675553
v -15.49209089 -4.47863806 7.83675553
v -14.21913215 -4.04633585 7.68647186
v -14.42549921 -4.08536777 7.83675553
v -13.98252863 -3.92894728 7.83675553
v -12.67897737 -3.61875456 7.25425151
v -13.39474381 -3.74717424 7.73643432
v -13.37466289 -3.71690319 7.83675553
v -13.23290172 -3.66985182 7.83675553
v -12.57035547 -3.4594291 7.78639678
v -12.56000303 -3.44436922 7.83675553
v -10.54227213 -4.49429384 7.83675553
v -12.77591203 -3.10557519 7.24669824
v -12.87284668 -2.5881194 7.23914496
v -12.66729013 -2.94806062 7.780522
v -12.65576659 -2.93148924 7.83675553
v -12.64565421 -2.98525305 7.83675553
v -12.96978134 -2.06638719 7.23159168
v -12.74040338 -2.47407046 7.83675553
v -12.76422478 -2.43241571 7.77464723
v -12.78559916 -2.35701363 7.83675553
v -13.16191764 -1.56058213 7.21662016
v -13.35405395 -1.04652867 7.20164864
v -13.1484974 -1.42753853 7.7513582
v -13.17751481 -1.32224964 7.83675553
v -13.11614524 -1.48646826 7.83675553
v -13.3406337 -0.91272735 7.73971369
v -13.33821123 -0.88860134 7.83675553
v -13.37340057 -0.79218243 7.83675553
v -13.53277001 -0.38966777 7.72806917
v -13.53007354 -0.36266071 7.83675553
v -7.87212881 -0.36670842 7.24510018
v -7.88554906 -0.54439583 7.92343765
v -7.91468989 -0.40116404 8.10256264
v -6.428507 -6.73138618 7.24510018
v -6.44366025 -6.16960552 7.92343765
v -6.81277962 -5.32992601 7.24510018
v -6.4588135 -5.60782486 8.60177511
v -6.90971427 -4.60982693 7.24510018
v -6.82793286 -4.76814535 7.92343765
v -7.00664893 -3.88972784 7.24510018
v -6.92486752 -4.04804626 7.92343765
v -6.84308611 -4.20636468 8.60177511
v -2.9453154 -3.57214806 7.24510018
v -2.54290709 -3.51797869 7.24510018
v -2.14049878 -3.46380933 7.24510018
v -2.86859857 -3.63964443 7.92343765
v -2.46619026 -3.58547507 7.92343765
v -2.79188175 -3.70714081 8.60177511
v -2.00871283 -3.49240023 8.60177511
v -6.25447037 -5.89981042 9.95845005
v -6.63874299 -4.49835024 9.95845005
v -2.62181031 -3.82045733 9.95845005
v -1.83864139 -3.60571676 9.95845005
v -1.05547247 -3.39097618 9.95845005
v -7.19878523 -3.18899776 7.24510018
v -7.11700383 -3.34731618 7.92343765
v -7.39092154 -2.48826767 7.24510018
v -7.50127644 -1.945856 7.92343765
v -7.28471732 -2.68555621 8.16629088
v -7.22735873 -2.80490451 8.60177511
v -7.26333823 -2.6736856 8.60177511
v -7.77519415 -1.0868075 7.24510018
v -3.02669078 -3.27536826 7.24510018
v -3.10806615 -2.97858845 7.24510018
v -2.94997395 -3.34286463 7.92343765
v -3.1127247 -2.74930503 7.92343765
v -3.27081691 -2.38502885 7.24510018
v -3.31187158 -2.08004571 7.24510018
v -3.35292626 -1.77506257 7.24510018
v -3.27547546 -2.15574543 7.92343765
v -3.31653014 -1.85076229 7.92343765
v -1.35732986 -3.24906875 7.24510018
v -0.9657454 -3.14169846 7.24510018
v -0.57416094 -3.03432817 7.24510018
v -0.17175263 -2.9801588 7.24510018
v -1.68302134 -3.37073449 7.92343765
v -0.89985242 -3.15599391 7.92343765
v -0.50826796 -3.04862362 7.92343765
v -0.10585965 -2.99445426 7.92343765
v -2.9546325 -3.11358121 8.60177511
v -3.11738326 -2.5200216 8.60177511
v -3.28013401 -1.926462 8.60177511
v -1.22554391 -3.27765965 8.60177511
v -0.44237499 -3.06291907 8.60177511
v -3.43430164 -1.47828277 7.24510018
v -3.51567702 -1.18150297 7.24510018
v -3.39790551 -1.55398248 7.92343765
v -3.56065627 -0.96042288 7.92343765
v -3.67842777 -0.58794336 7.24510018
v -3.71948245 -0.28296022 7.24510018
v -3.72340702 -0.36686328 7.92343765
v -3.7644617 -0.06188014 7.92343765
v -3.44288476 -1.3329024 8.60177511
v -3.60563552 -0.7393428 8.60177511
v -3.76838627 -0.14578319 8.60177511
v -7.20654887 -3.16068342 9.95845005
v -7.35762502 -2.72603777 10.52236266
v -3.02504355 -2.66035649 9.95845005
v -2.8622928 -3.25391609 9.95845005
v -3.18779431 -2.06679688 9.95845005
v -0.30795277 -3.07367289 9.95845005
v -3.4282768 -1.50025564 9.95845005
v -3.59102755 -0.90669604 9.95845005
v -3.75377831 -0.31313643 9.95845005
v -10.54227213 -4.49429384 13.86483849
v -10.39175547 -1.55694646 14.39999615
v -6.05012725 -6.19179598 11.31512498
v -6.43439986 -4.79033581 11.31512498
v -7.00220574 -3.45266898 11.31512498
v -2.45173887 -3.93377386 11.31512498
v -1.66856995 -3.71903328 11.31512498
v -0.92105025 -3.40172999 11.31512498
v -5.66225085 -6.4199882 12.67179992
v -4.59556238 -6.63582581 12.67179992
v -4.34612109 -6.0749112 12.67179992
v -5.41280956 -5.85907359 12.67179992
v -5.16336826 -5.29815898 12.67179992
v -4.09667979 -5.51399659 12.67179992
v -6.23005674 -5.08232137 12.67179992
v -5.98061544 -4.52140676 12.67179992
v -6.79786262 -3.74465454 12.67179992
v -4.91392697 -4.73724437 12.67179992
v -5.73117414 -3.96049215 12.67179992
v -5.48173285 -3.39957755 12.67179992
v -4.66448567 -4.17632977 12.67179992
v -4.41504438 -3.61541516 12.67179992
v -3.27943261 -6.29074881 12.67179992
v -2.20458953 -6.74457111 12.67179992
v -1.95514823 -6.1836565 12.67179992
v -3.02999132 -5.72983421 12.67179992
v -2.78055002 -5.1689196 12.67179992
v -0.88030514 -6.6374788 12.67179992
v -0.63086385 -6.07656419 12.67179992
v -1.70570694 -5.62274189 12.67179992
v -0.38142255 -5.51564958 12.67179992
v -3.8472385 -4.95308199 12.67179992
v -3.5977972 -4.39216738 12.67179992
v -2.53110873 -4.60800499 12.67179992
v -3.3483559 -3.83125277 12.67179992
v -2.28166743 -4.04709038 12.67179992
v -2.52214992 -3.48054914 12.67179992
v -1.45626564 -5.06182729 12.67179992
v -1.20682434 -4.50091268 12.67179992
v -0.13198126 -4.95473498 12.67179992
v -1.53414773 -3.7297871 12.67179992
v -0.95738305 -3.93999807 12.67179992
v -0.78662804 -3.41248381 12.67179992
v -0.20986335 -3.62269479 12.67179992
v -2.93270385 -2.80069137 11.31512498
v -2.69222136 -3.36723261 11.31512498
v -3.09545461 -2.20713177 11.31512498
v -0.17353055 -3.08442671 11.31512498
v -3.3359371 -1.64059052 11.31512498
v -3.57641959 -1.07404928 11.31512498
v -3.73917034 -0.48048967 11.31512498
v -7.25453643 -2.66879845 12.67179992
v -6.54842132 -3.18373993 12.67179992
v -6.29898002 -2.62282533 12.67179992
v -6.04953873 -2.06191072 12.67179992
v -5.23229155 -2.83866294 12.67179992
v -4.16560308 -3.05450055 12.67179992
v -4.98285026 -2.27774833 12.67179992
v -3.91616178 -2.49358594 12.67179992
v -4.73340896 -1.71683372 12.67179992
v -4.15664428 -1.9270447 12.67179992
v -5.25207972 -1.55694646 12.67179992
v -4.97389145 -1.15029248 12.67179992
v -4.39712677 -1.36050345 12.67179992
v -4.06084457 -1.00417318 12.67179992
v -5.21437394 -0.58375123 12.67179992
v -5.25207972 -0.49492198 12.67179992
v -4.87809175 -0.22742096 12.67179992
v -4.63760926 -0.79396221 12.67179992
v -4.30132706 -0.43763194 12.67179992
v -3.96504487 -0.08130167 12.67179992
v -5.25207972 -1.55694646 14.39999615
v -3.09891461 -3.27033816 12.67179992
v -3.3393971 -2.70379692 12.67179992
v -2.76263241 -2.91400789 12.67179992
v -3.57987959 -2.13725567 12.67179992
v -3.0031149 -2.34746665 12.67179992
v -3.24359739 -1.7809254 12.67179992
v -0.03910834 -3.09518052 12.67179992
v -3.82036208 -1.57071443 12.67179992
v -3.48407988 -1.21438416 12.67179992
v -3.72456238 -0.64784292 12.67179992
v -29.45747669 0.53107808 6.56676271
v -29.649613 1.23180817 6.56676271
v -28.0577998 0.38936071 6.56676271
v -28.13917518 0.68614051 6.56676271
v -28.37236616 1.69185374 6.56676271
v -28.18022986 0.99112365 6.56676271
v -29.8417493 1.93253825 6.56676271
v -30.03388561 2.63326834 6.56676271
v -30.13082027 3.35336742 6.56676271
v -28.56450247 2.39258383 6.56676271
v -27.83704879 3.33872562 6.56676271
v -26.65812291 0.24764334 6.56676271
v -26.82087367 0.84120294 6.56676271
v -26.73949829 0.54442314 6.56676271
v -25.3398214 0.40270577 6.56676271
v -25.42119678 0.69948557 6.56676271
v -26.86192834 1.14618608 6.56676271
v -26.90298302 1.45116923 6.56676271
v -25.50257215 0.99626538 6.56676271
v -25.54362683 1.30124852 6.56676271
v -25.58468151 1.60623166 6.56676271
v -25.25844602 0.10592597 6.56676271
v -27.09511933 2.15189931 6.56676271
v -25.62573619 1.9112148 6.56676271
v -26.36766565 3.09804111 6.56676271
v -25.97608118 3.2054114 6.56676271
v -25.58449672 3.31278169 6.56676271
v -25.23415173 2.01858509 6.56676271
v -24.84256727 2.12595538 6.56676271
v -24.45098281 2.23332567 6.56676271
v -24.0485745 2.28749503 6.56676271
v -23.64616618 2.3416644 6.56676271
v -25.18208841 3.36695105 6.56676271
v -30.22775492 4.0734665 6.56676271
v -29.30643193 3.57941014 6.56676271
v -30.32468957 4.79356559 6.56676271
v -29.40336658 4.29950922 6.56676271
v -29.50030124 5.0196083 6.56676271
v -28.57897825 4.52555193 6.56676271
v -28.6759129 5.24565101 6.56676271
v -27.85152456 5.47169373 6.56676271
v -27.1095951 4.28486742 6.56676271
v -26.71801064 4.39223771 6.56676271
v -26.31560233 4.44640707 6.56676271
v -25.46842694 4.56044784 6.56676271
v -24.7796801 3.42112042 6.56676271
v -23.93250471 3.53516119 6.56676271
v -24.62125155 4.67448861 6.56676271
v -23.79686322 4.90053133 6.56676271
v -27.00434917 5.5857345 6.56676271
v -26.15717378 5.69977527 6.56676271
v -25.30999839 5.81381604 6.56676271
v -24.48561005 6.03985875 6.56676271
v -23.66122172 6.26590147 6.56676271
v -23.24375787 2.39583376 6.56676271
v -22.85217341 2.50320405 6.56676271
v -22.46058895 2.61057434 6.56676271
v -22.06900449 2.71794463 6.56676271
v -21.66659618 2.772114 6.56676271
v -21.26418787 2.80520103 6.58528038
v -20.86177956 2.82260935 6.61663657
v -20.4701951 2.89119805 6.64714936
v -20.07861064 2.95721091 6.67766215
v -19.68702618 3.02064793 6.70817493
v -17.7862756 0.04476451 6.85628397
v -17.82733028 0.31558179 6.85308494
v -17.86838496 0.58716617 6.8498859
v -18.03113571 1.12130664 6.83720414
v -17.94976033 0.85349662 6.84354502
v -18.11251109 1.39059624 6.83086327
v -18.15356577 1.66634811 6.82766423
v -16.44247869 0.27047078 6.96099443
v -16.48353337 0.5290777 6.9577954
v -16.52458804 0.78845171 6.95459636
v -16.60596342 1.04324715 6.94825548
v -16.6873388 1.29952216 6.94191461
v -16.72839348 1.5619302 6.93871557
v -18.19462044 1.94286707 6.82446519
v -18.23567512 2.22015312 6.82126616
v -18.3170505 2.49432269 6.81492528
v -19.28461787 3.03080093 6.73953113
v -18.88220956 3.03961847 6.77088733
v -18.39842587 2.76997183 6.8085844
v -18.47980125 3.04710055 6.80224352
v -16.76944815 1.82510532 6.93551653
v -16.96158446 2.4414225 6.92054502
v -17.04295984 2.70493745 6.91420414
v -17.12433521 2.96993199 6.90786326
v -15.6874938 2.63362627 7.01982387
v -15.76886918 2.88648661 7.01348299
v -23.10811638 3.7612039 6.56676271
v -22.71653192 3.86857419 6.56676271
v -22.32494746 3.97594448 6.56676271
v -21.92253915 4.03011385 6.56676271
v -21.52013084 4.08428321 6.56676271
v -20.67295544 4.08995475 6.63135
v -20.28137098 4.14211438 6.66186279
v -19.88978652 4.19169816 6.69237558
v -19.48737821 4.18726614 6.72373177
v -22.97247488 5.12657404 6.56676271
v -22.58089042 5.23394433 6.56676271
v -22.17848211 5.2881137 6.56676271
v -22.83683338 6.49194418 6.56676271
v -21.98965799 6.60598495 6.56676271
v -21.33130672 5.37357109 6.58005039
v -20.48413133 5.34205472 6.64606343
v -20.09254687 5.37778527 6.67657622
v -19.69013856 5.35876823 6.70793241
v -21.1424826 6.64528521 6.59476381
v -20.29530721 6.57890925 6.66077686
v -19.47091887 6.61654712 6.72501431
v -19.0849699 4.18149867 6.75508797
v -18.26058157 4.26915736 6.81932542
v -17.22126987 3.60603288 6.90030998
v -15.86580383 3.4929127 7.00592971
v -15.96273849 4.10361521 6.99837644
v -17.00205018 4.76945364 6.91739187
v -18.86575022 5.42141652 6.77216986
v -18.04136188 5.47264833 6.83640731
v -18.64653054 6.64276853 6.78925175
v -17.8221422 6.65757347 6.8534892
v -16.7828305 5.91430857 6.93447376
v -15.7435188 5.20839992 7.01545833
v -15.93565511 5.82737052 7.00048681
v -16.97496681 6.55904096 6.91950225
v -16.12779142 6.45458952 6.98551529
v -8.33446196 0.90300476 0
v -12.82224917 3.98034456 0
v -8.33446196 3.98034456 0
v -10.57835557 6.07464526 0
v -6.09056836 1.88604386 0
v -6.09056836 4.96338367 0
v -2.03018945 4.96338367 0
v -13.19230413 2.23725783 4.27523614
v -15.0428018 0.13952847 7.07005914
v -15.13973646 0.72006549 7.06250586
v -13.64312491 0.02073851 7.17912384
v -13.74005957 0.56998026 7.17157056
v -15.18079113 0.96722913 7.05930682
v -15.26216651 1.21048956 7.05296595
v -15.30322119 1.45955376 7.04976691
v -13.83699422 1.12349843 7.16401729
v -14.02913053 1.67300536 7.14904577
v -13.25940536 1.34882075 6.41285421
v -15.49535749 2.04246581 7.03479539
v -14.22126684 2.2307607 7.13407425
v -14.41340314 2.79676443 7.11910273
v -14.5103378 3.37351571 7.11154945
v -7.95564322 0.53107808 6.56676271
v -8.14777952 1.23180817 6.56676271
v -8.33991583 1.93253825 6.56676271
v -8.53205214 2.63326834 6.56676271
v -8.62898679 3.35336742 6.56676271
v -14.60727245 3.95454341 7.10399617
v -14.2200869 4.85247119 6.41285421
v -14.70420711 4.53984753 7.09644289
v -14.89634341 5.13305634 7.08147137
v -15.08847972 5.73451355 7.06649985
v -15.28061603 6.34421916 7.05152833
v -7.80459845 3.57941014 6.56676271
v -8.72592145 4.0734665 6.56676271
v -8.8228561 4.79356559 6.56676271
v -7.90153311 4.29950922 6.56676271
v -7.99846776 5.0196083 6.56676271
v -6.24139804 1.05974918 4.27523614
v -6.55596633 0.38936071 6.56676271
v -6.26102091 0.64023391 6.41285421
v -6.6373417 0.68614051 6.56676271
v -6.27319362 0.6492705 6.56676271
v -6.87053269 1.69185374 6.56676271
v -6.67839638 0.99112365 6.56676271
v -5.15628944 0.24764334 6.56676271
v -5.23766482 0.54442314 6.56676271
v -5.31904019 0.84120294 6.56676271
v -3.9193633 0.69948557 6.56676271
v -5.36009487 1.14618608 6.56676271
v -5.40114955 1.45116923 6.56676271
v -4.00073868 0.99626538 6.56676271
v -4.04179336 1.30124852 6.56676271
v -4.08284803 1.60623166 6.56676271
v -7.062669 2.39258383 6.56676271
v -6.6678978 2.12413291 6.41285421
v -6.69860578 2.20076854 6.56676271
v -6.33521531 3.33872562 6.56676271
v -5.59328585 2.15189931 6.56676271
v -4.12390271 1.9112148 6.56676271
v -4.86583217 3.09804111 6.56676271
v -4.47424771 3.2054114 6.56676271
v -4.08266325 3.31278169 6.56676271
v -3.75661255 0.10592597 6.56676271
v -3.83798793 0.40270577 6.56676271
v -3.73231825 2.01858509 6.56676271
v -3.34073379 2.12595538 6.56676271
v -2.94914933 2.23332567 6.56676271
v -2.54674102 2.28749503 6.56676271
v -2.14433271 2.3416644 6.56676271
v -3.68025494 3.36695105 6.56676271
v -1.7419244 2.39583376 6.56676271
v -1.35033994 2.50320405 6.56676271
v -0.95875548 2.61057434 6.56676271
v -0.56717102 2.71794463 6.56676271
v -0.16476271 2.772114 6.56676271
v -6.65194481 4.10958059 4.27523614
v -2.62786171 4.65127424 4.27523614
v -6.87317119 3.64904862 6.41285421
v -6.86343658 3.42524811 6.56676271
v -7.07714477 4.52555193 6.56676271
v -4.91524889 4.18590006 6.41285421
v -5.60776163 4.28486742 6.56676271
v -5.21617717 4.39223771 6.56676271
v -4.81376886 4.44640707 6.56676271
v -3.96659347 4.56044784 6.56676271
v -7.17407943 5.24565101 6.56676271
v -6.34969109 5.47169373 6.56676271
v -5.5025157 5.5857345 6.56676271
v -4.65534031 5.69977527 6.56676271
v -3.27784663 3.42112042 6.56676271
v -2.43067124 3.53516119 6.56676271
v -3.11941808 4.67448861 6.56676271
v -2.90320733 4.45674689 6.41285421
v -2.29502974 4.90053133 6.56676271
v -1.6062829 3.7612039 6.56676271
v -1.21469844 3.86857419 6.56676271
v -0.82311398 3.97594448 6.56676271
v -0.42070567 4.03011385 6.56676271
v -0.01829736 4.08428321 6.56676271
v -0.94528503 4.99359834 6.41285421
v -0.62713869 5.04476453 6.56676271
v -0.54929629 5.05524313 6.56676271
v -3.80816492 5.81381604 6.56676271
v -2.98377658 6.03985875 6.56676271
v -2.15938824 6.26590147 6.56676271
v -1.4706414 5.12657404 6.56676271
v -1.07905694 5.23394433 6.56676271
v -0.67664863 5.2881137 6.56676271
v -1.33499991 6.49194418 6.56676271
v -0.48782452 6.60598495 6.56676271
v -8.33446196 7.05768436 0
v -10.57835557 9.15198506 0
v -12.82224917 11.24628576 0
v -2.03018945 9.15198506 0
v -4.27408306 11.24628576 0
v -14.16165067 9.43824865 4.27523614
v -14.70476017 8.4529666 6.41285421
v -10.58281848 9.58318017 6.41285421
v -6.34694153 10.15338402 6.41285421
v -5.68989676 10.57865634 4.27523614
v -2.22499984 11.28359759 6.41285421
v -29.47089694 0.35339067 7.24510018
v -29.48431718 0.17570325 7.92343765
v -29.66303324 1.05412075 7.24510018
v -29.67645349 0.87643334 7.92343765
v -29.88201004 1.39947601 8.60177511
v -29.85516955 1.75485084 7.24510018
v -30.06072611 2.27789351 7.92343765
v -30.23944217 3.15631101 7.24510018
v -30.26628266 2.80093618 8.60177511
v -25.34374598 0.31880272 7.24510018
v -25.42512135 0.61558252 7.24510018
v -25.34767055 0.23489966 7.92343765
v -25.5104213 0.82845927 7.92343765
v -25.58787211 1.20914212 7.24510018
v -25.62892678 1.51412526 7.24510018
v -25.67317206 1.42201887 7.92343765
v -25.2623706 0.02202292 7.24510018
v -25.4329705 0.44777641 8.60177511
v -25.59572126 1.04133601 8.60177511
v -25.75847201 1.63489561 8.60177511
v -25.66998146 1.8191084 7.24510018
v -25.71422674 1.72700201 7.92343765
v -25.32264228 1.8343723 7.92343765
v -25.278397 1.92647869 7.24510018
v -24.88681254 2.03384898 7.24510018
v -24.10364362 2.24858956 7.24510018
v -23.70123531 2.30275893 7.24510018
v -24.53947336 2.04911288 7.92343765
v -23.75630443 2.26385346 7.92343765
v -24.97530309 1.84963619 8.60177511
v -24.19213417 2.06437677 8.60177511
v -23.40896525 2.27911735 8.60177511
v -30.04473345 0.97990376 9.95845005
v -30.42900607 2.38136393 9.95845005
v -25.49609427 0.25340481 9.95845005
v -25.65884503 0.84696441 9.95845005
v -25.82159578 1.44052402 9.95845005
v -25.07407608 1.7578273 9.95845005
v -24.29090716 1.97256788 9.95845005
v -23.50773824 2.18730846 9.95845005
v -30.33637682 3.87641009 7.24510018
v -30.44499872 3.67935368 7.92343765
v -30.43331147 4.59650918 7.24510018
v -29.60892314 4.82255189 7.24510018
v -30.54193337 4.39945277 7.92343765
v -29.71754504 4.62549548 7.92343765
v -28.7845348 5.0485946 7.24510018
v -28.06876836 5.07758091 7.92343765
v -30.65055527 4.20239636 8.60177511
v -29.0017786 4.65448178 8.60177511
v -27.35300192 5.10656721 8.60177511
v -27.13575813 5.50068003 7.24510018
v -26.28858274 5.6147208 7.24510018
v -25.44140734 5.72876157 7.24510018
v -26.41999169 5.52966634 7.92343765
v -25.5728163 5.64370711 7.92343765
v -24.74842796 5.86974982 7.92343765
v -24.61701901 5.95480429 7.24510018
v -23.79263067 6.180847 7.24510018
v -25.70422525 5.55865264 8.60177511
v -24.05544858 6.01073807 8.60177511
v -30.81327868 3.7828241 9.95845005
v -29.239553 4.45083102 9.95845005
v -27.59077633 4.90291645 9.95845005
v -25.94199965 5.35500188 9.95845005
v -24.36827397 6.0230088 9.95845005
v -23.298827 2.35692829 7.24510018
v -22.90724254 2.46429858 7.24510018
v -23.35389612 2.31802282 7.92343765
v -22.96231166 2.42539311 7.92343765
v -22.51565808 2.57166887 7.24510018
v -21.73248916 2.78640945 7.24510018
v -22.17914274 2.64013369 7.92343765
v -21.33008085 2.82526685 7.25550933
v -20.92767254 2.8426083 7.27989748
v -20.53608808 2.91124224 7.30362965
v -20.14450362 2.97730035 7.32736182
v -21.39597382 2.84539039 7.92802027
v -20.99356551 2.86266496 7.94544038
v -20.60198105 2.93134415 7.96239193
v -19.81881213 3.06097502 7.99629503
v -22.62579633 2.49385793 8.60177511
v -21.84262741 2.70859851 8.60177511
v -21.05945849 2.88277933 8.61326526
v -20.27628957 3.01765236 8.63360712
v -19.49312065 3.14222204 8.65394898
v -17.78235103 0.11909242 7.47052123
v -17.8234057 0.38997856 7.46803309
v -17.77842645 0.19340016 8.08462258
v -17.94117721 0.72370065 8.07757716
v -18.06753184 1.19052864 7.45323771
v -17.98615646 0.92219904 7.45816951
v -18.14890721 1.46033781 7.44830592
v -18.10392796 1.25991943 8.07053174
v -18.18530334 1.53024818 8.06700903
v -17.89619796 0.52581147 8.6954271
v -18.05894871 1.06011026 8.69119985
v -18.22169946 1.60032734 8.6869726
v -18.18996189 1.73652491 7.44581778
v -18.23101657 2.01347909 7.44332964
v -18.22635802 1.8068705 8.06523178
v -18.38910877 2.35423365 8.05818636
v -19.3613347 3.10168904 7.37482616
v -18.95892639 3.10980188 7.39921431
v -18.55651808 3.11657925 7.42360246
v -18.39376732 2.56207002 7.43346605
v -18.4751427 2.83858485 7.42853426
v -18.55185952 2.9075151 8.05114094
v -19.03564321 3.18030252 8.03019812
v -18.6332349 3.18637519 8.04761823
v -18.38445022 2.14646272 8.68274534
v -18.54720097 2.69851639 8.67851809
v -18.70995173 3.25648836 8.67429084
v -22.76021854 2.50461175 9.95845005
v -21.97704962 2.71935232 9.95845005
v -21.1938807 2.90575639 9.95578382
v -20.44636101 3.14401716 9.94931185
v -19.66319209 3.26698707 9.94253123
v -17.74805517 0.14557482 9.92595011
v -17.91080592 0.67505524 9.92735919
v -18.07355668 1.21045395 9.92876828
v -18.31403917 1.73221034 9.93085036
v -18.47678992 2.28072427 9.93225944
v -18.63954068 2.8351565 9.93366853
v -18.88002317 3.37965362 9.93575061
v -22.143854 6.63293243 7.24510018
v -23.09965129 6.32183525 7.92343765
v -21.45087461 6.76323774 7.92564364
v -21.29667861 6.70413419 7.25753369
v -20.44950322 6.63759758 7.30887717
v -19.62511488 6.67562263 7.35883963
v -20.60369922 6.69654047 7.96231755
v -19.77931088 6.73495271 7.99800502
v -22.4066719 6.4628235 8.60177511
v -20.75789523 6.75573793 8.621098
v -18.80072654 6.70223122 7.40880209
v -17.15194987 6.721199 7.508727
v -16.30477448 6.61375996 7.56007048
v -16.48175754 6.774437 8.1407549
v -15.63458215 6.65809143 8.17742882
v -22.7194973 6.47509423 9.95845005
v -15.63163572 5.86134343 9.9076263
v -30.02392359 0.62412485 11.31512498
v -30.59172947 1.96179168 11.31512498
v -30.97600209 3.36325185 11.31512498
v -25.48148631 0.08605157 11.31512498
v -25.7219688 0.65259281 11.31512498
v -25.88471955 1.24615242 11.31512498
v -25.13719985 1.5634557 11.31512498
v -24.38968016 1.88075899 11.31512498
v -23.60651124 2.09549957 11.31512498
v -30.00311373 0.26834594 12.67179992
v -29.75367244 0.82926055 12.67179992
v -30.57091961 1.60601277 12.67179992
v -29.50423114 1.39017516 12.67179992
v -28.93642526 0.05250833 12.67179992
v -28.68698396 0.61342294 12.67179992
v -28.11021928 0.40321196 12.67179992
v -27.53345459 0.19300099 12.67179992
v -27.77393708 0.75954223 12.67179992
v -28.92746646 1.17996418 12.67179992
v -28.35070177 0.96975321 12.67179992
v -28.59118426 1.53629445 12.67179992
v -27.43765489 1.1158725 12.67179992
v -28.01441957 1.32608347 12.67179992
v -27.67813738 1.68241374 12.67179992
v -30.32147832 2.16692738 12.67179992
v -29.74471363 1.9567164 12.67179992
v -29.98519612 2.52325765 12.67179992
v -29.40843144 2.31304667 12.67179992
v -31.13872549 2.9436796 12.67179992
v -30.56196081 2.73346862 12.67179992
v -29.23767642 2.84056093 12.67179992
v -29.81444111 3.05077191 12.67179992
v -29.16794895 1.74650543 12.67179992
v -28.83166675 2.10283569 12.67179992
v -28.25490207 1.89262472 12.67179992
v -28.08414705 2.42013898 12.67179992
v -27.50738237 2.20992801 12.67179992
v -28.66091174 2.63034996 12.67179992
v -28.49015673 3.15786422 12.67179992
v -27.91339204 2.94765324 12.67179992
v -27.33662736 2.73744227 12.67179992
v -26.62040771 0.33912028 12.67179992
v -27.1971724 0.54933125 12.67179992
v -26.28412552 0.69545055 12.67179992
v -26.04364303 0.1289093 12.67179992
v -25.70736083 0.48523957 12.67179992
v -26.8608902 0.90566152 12.67179992
v -26.52460801 1.26199179 12.67179992
v -27.10137269 1.47220277 12.67179992
v -25.94784332 1.05178082 12.67179992
v -25.77708831 1.57929508 12.67179992
v -25.20032362 1.3690841 12.67179992
v -24.45280393 1.68638739 12.67179992
v -26.93061768 1.99971703 12.67179992
v -26.353853 1.78950605 12.67179992
v -26.75986267 2.52723129 12.67179992
v -25.6063333 2.10680934 12.67179992
v -26.18309798 2.31702032 12.67179992
v -27.16587234 3.26495653 12.67179992
v -26.58910766 3.05474555 12.67179992
v -26.01234297 2.84453458 12.67179992
v -25.43557829 2.6343236 12.67179992
v -25.84158796 3.37204884 12.67179992
v -25.02956861 1.89659837 12.67179992
v -24.8588136 2.42411263 12.67179992
v -23.70528423 2.00369068 12.67179992
v -24.28204891 2.21390165 12.67179992
v -23.53452922 2.53120494 12.67179992
v -24.68805859 2.95162689 12.67179992
v -25.26482327 3.16183786 12.67179992
v -24.1112939 2.74141591 12.67179992
v -23.94053889 3.26893018 12.67179992
v -23.36377421 3.0587192 12.67179992
v -29.40227641 4.03125877 11.31512498
v -27.82855073 4.69926569 11.31512498
v -26.17977405 5.15135111 11.31512498
v -24.60604838 5.81935803 11.31512498
v -29.56499981 3.61168651 12.67179992
v -28.24071543 3.71877883 12.67179992
v -27.99127414 4.27969343 12.67179992
v -26.91643105 3.82587114 12.67179992
v -25.59214666 3.93296345 12.67179992
v -26.66698975 4.38678574 12.67179992
v -26.41754846 4.94770035 12.67179992
v -25.34270537 4.49387805 12.67179992
v -24.51730358 3.47914115 12.67179992
v -24.26786228 4.04005576 12.67179992
v -25.09326407 5.05479266 12.67179992
v -24.01842099 4.60097037 12.67179992
v -24.84382278 5.61570727 12.67179992
v -23.76897969 5.16188497 12.67179992
v -23.51953839 5.72279958 12.67179992
v -22.85899154 2.41280285 11.31512498
v -22.11147184 2.73010614 11.31512498
v -21.32830292 2.928822 11.30761291
v -20.58078322 3.16814308 11.27525305
v -17.76266313 0.29386842 11.15325766
v -17.92541389 0.82444877 11.16030308
v -18.16589638 1.34049456 11.17071348
v -17.7772711 0.4423118 12.38157701
v -17.68147139 1.25548664 12.37411217
v -18.01775359 0.95264699 12.40031573
v -18.25823608 1.47132907 12.41905445
v -17.20050641 0.24958529 12.33663473
v -16.62374173 0.06428664 12.29169245
v -17.4409889 0.74836253 12.35537345
v -16.86422422 0.55150591 12.31043117
v -16.28745953 0.36207715 12.26548889
v -15.71069485 0.18007625 12.22054661
v -15.68194787 0.15801713 12.21830661
v -16.52794202 0.84608535 12.28422761
v -15.95117734 0.65252649 12.23928533
v -15.68194787 0.6453819 12.21830661
v -17.10470671 1.04707207 12.32916989
v -17.3451892 1.55098511 12.34790861
v -16.76842451 1.33844043 12.30296633
v -15.70173604 1.10713341 12.21984853
v -18.56912962 2.41577973 11.1881693
v -18.40637887 1.86488724 11.18112388
v -18.80961211 2.95571621 11.1985797
v -18.49871857 1.99835803 12.43779317
v -18.73920106 2.53373387 12.45653189
v -17.58567169 2.06324503 12.36664733
v -17.92195389 1.77095764 12.39285089
v -18.16243638 2.29477552 12.41158961
v -18.97968355 3.0774566 12.47527061
v -18.40291887 2.82694029 12.43032833
v -18.15347757 3.30586788 12.41089153
v -17.33623039 2.53406573 12.34721053
v -16.51898322 1.80115424 12.28352953
v -16.26954192 2.25529621 12.26409273
v -17.0867891 2.99631459 12.32777373
v -16.02010063 2.70086633 12.24465593
v -15.77065933 3.13786459 12.22521913
v -22.95776453 2.32099396 12.67179992
v -22.78700952 2.84850822 12.67179992
v -22.61625451 3.37602249 12.67179992
v -22.21024483 2.63829725 12.67179992
v -21.46272514 2.95197619 12.66875254
v -22.03948982 3.16581151 12.67179992
v -20.71520544 3.19235756 12.61050481
v -15.68194787 0.6453819 13.86483849
v -19.83326352 3.39293278 11.2428932
v -20.54445043 3.68691716 12.59719935
v -19.96768574 3.41820757 12.55225707
v -20.29500913 4.1975239 12.57776254
v -20.04556783 4.6995588 12.55832574
v -23.0323227 6.48736495 11.31512498
v -19.79612654 5.19302185 12.53888894
v -19.54668524 5.67791305 12.51945214
v -19.0500946 3.50399957 11.2089901
v -19.22016604 3.6295262 12.49400933
v -18.97072475 4.11656068 12.47457253
v -17.90403627 3.77622362 12.39145473
v -18.72128345 4.59502331 12.45513572
v -17.65459498 4.23800752 12.37201793
v -18.47184216 5.0649141 12.43569892
v -16.8373478 3.44999159 12.30833693
v -16.58790651 3.89509675 12.28890013
v -17.40515368 4.69121956 12.35258112
v -16.33846521 4.33163006 12.26946333
v -16.08902392 4.75959152 12.25002652
v -16.01951211 6.13713507 11.07779729
v -18.22240086 5.52623303 12.41626212
v -19.29724395 6.15423241 12.50001534
v -19.04780265 6.62197992 12.48057854
v -17.97295956 5.97898012 12.39682532
v -17.72351827 6.42315536 12.37738852
v -17.15571239 5.13585976 12.33314432
v -16.90627109 5.57192811 12.31370752
v -15.83958262 5.17898113 12.23058972
v -16.6568298 5.99942461 12.29427072
v -16.4073885 6.41834927 12.27483392
v -23.19301919 3.58623346 12.67179992
v -22.9435779 4.14714807 12.67179992
v -21.86873481 3.69332577 12.67179992
v -22.6941366 4.70806268 12.67179992
v -21.61929351 4.25424038 12.67179992
v -21.29197012 3.46027462 12.65544708
v -21.36985222 4.79540571 12.66151576
v -22.44469531 5.26897728 12.67179992
v -22.19525401 5.82989189 12.67179992
v -23.2700971 6.28371419 12.67179992
v -21.94581271 6.3908065 12.67179992
v -21.12041092 5.31244102 12.64207896
v -20.87096963 5.82090449 12.62264216
v -20.62152833 6.32079612 12.60320536
v -18.13053421 6.77752779 8.06937996
v -19.10911855 6.82192031 8.66392297
v -17.46034188 6.84243682 8.70674793
v -15.8115652 6.81728746 8.7495729
v -21.07072062 6.83477788 9.95471751
v -19.49699495 7.12445905 9.9410923
v -17.84821827 7.138822 9.92681731
v -16.1994416 7.10751909 9.91254233
v -19.80982034 7.20954385 11.24187835
v -21.38354602 6.914053 11.31000436
v -20.37208704 6.81211589 12.58376856
v -20.12264574 7.29486382 12.56433176
v -18.23609466 7.44062974 11.17375234
v -16.58731799 7.40317326 11.1023774
v -18.79836136 7.08115557 12.46114174
v -18.54892006 7.53175939 12.44170494
v -17.47407697 6.85875875 12.35795172
v -17.22463568 7.28579029 12.33851492
v -16.97519438 7.70424999 12.31907812
v -21.69637142 6.95172111 12.67179992
v -13.62970467 0.15552914 7.7221944
v -13.62687123 0.18395683 7.83675553
v -13.70240748 0.61391396 7.83675553
v -13.72663932 0.70500247 7.71631963
v -13.71358479 0.6453819 7.83675553
v -13.81441356 0.9197579 7.88674431
v -14.04589125 1.55379246 8.00225957
v -14.0467109 1.55333735 8.01599054
v -13.60658408 0.06946532 7.83675553
v -14.05937157 1.54630759 8.24561911
v -14.06726819 1.54192304 8.38000356
v -14.09025632 1.52915902 8.7942818
v -14.11091193 1.80114241 7.6930306
v -14.30304824 2.36158497 7.68138608
v -14.49518455 2.93027593 7.66974157
v -14.38482965 2.49320247 8.23153015
v -14.27447475 2.05979616 8.78949695
v -14.57696596 3.06458066 8.22321264
v -14.65874736 3.19967861 8.77951594
v -10.54227213 0.6453819 7.83675553
v -7.96906346 0.35339067 7.24510018
v -7.98248371 0.17570325 7.92343765
v -7.98588504 0.13066884 8.09536052
v -8.16119977 1.05412075 7.24510018
v -8.17462002 0.87643334 7.92343765
v -8.35333608 1.75485084 7.24510018
v -8.44246938 1.8112847 8.04917229
v -8.55889263 2.27789351 7.92343765
v -8.73760869 3.15631101 7.24510018
v -14.05216647 1.55030818 9.46427771
v -14.02753289 1.56398583 9.8937381
v -14.29528461 2.3387793 9.89605627
v -14.68905386 4.09260302 7.65799202
v -14.5921192 3.50930127 7.6638668
v -14.67390061 3.64588005 8.21901637
v -15.05817322 4.82601941 8.20238135
v -15.04301998 4.37255464 8.76953492
v -15.07332647 5.28000571 7.63470299
v -15.26546278 5.88607966 7.62305848
v -15.45759909 6.50040199 7.61141396
v -15.42729259 5.57842425 8.75955391
v -15.44244584 6.03915236 8.18574633
v -8.83454335 3.87641009 7.24510018
v -8.94316525 3.67935368 7.92343765
v -8.931478 4.59650918 7.24510018
v -8.10708966 4.82255189 7.24510018
v -9.0400999 4.39945277 7.92343765
v -8.21571156 4.62549548 7.92343765
v -10.39175547 3.58272929 8.3719132
v -8.95775533 3.58272929 8.3719132
v -8.97881252 3.58272929 8.60177511
v -9.1487218 4.20239636 8.60177511
v -14.86309049 3.4581789 9.9009723
v -15.2473631 4.64326437 9.9042993
v -9.31144521 3.7828241 9.95845005
v -9.38904831 3.58272929 10.60545094
v -3.92328788 0.61558252 7.24510018
v -4.00858783 0.82845927 7.92343765
v -4.08603863 1.20914212 7.24510018
v -4.12709331 1.51412526 7.24510018
v -4.17133858 1.42201887 7.92343765
v -3.93113703 0.44777641 8.60177511
v -4.09388778 1.04133601 8.60177511
v -4.25663854 1.63489561 8.60177511
v -4.16814799 1.8191084 7.24510018
v -4.21239326 1.72700201 7.92343765
v -3.76053712 0.02202292 7.24510018
v -3.8419125 0.31880272 7.24510018
v -3.84583708 0.23489966 7.92343765
v -3.77656353 1.92647869 7.24510018
v -3.38497907 2.03384898 7.24510018
v -2.60181015 2.24858956 7.24510018
v -2.19940184 2.30275893 7.24510018
v -3.8208088 1.8343723 7.92343765
v -3.03763988 2.04911288 7.92343765
v -2.25447096 2.26385346 7.92343765
v -1.79699352 2.35692829 7.24510018
v -1.40540906 2.46429858 7.24510018
v -1.85206265 2.31802282 7.92343765
v -1.46047819 2.42539311 7.92343765
v -1.0138246 2.57166887 7.24510018
v -0.23065568 2.78640945 7.24510018
v -0.67730927 2.64013369 7.92343765
v -3.47346962 1.84963619 8.60177511
v -2.6903007 2.06437677 8.60177511
v -1.90713177 2.27911735 8.60177511
v -1.12396285 2.49385793 8.60177511
v -0.34079393 2.70859851 8.60177511
v -3.9942608 0.25340481 9.95845005
v -4.15701155 0.84696441 9.95845005
v -4.31976231 1.44052402 9.95845005
v -3.57224261 1.7578273 9.95845005
v -2.78907369 1.97256788 9.95845005
v -2.00590477 2.18730846 9.95845005
v -1.25838507 2.50461175 9.95845005
v -0.47521615 2.71935232 9.95845005
v -7.28270133 5.0485946 7.24510018
v -6.56693489 5.07758091 7.92343765
v -7.49994512 4.65448178 8.60177511
v -5.63392465 5.50068003 7.24510018
v -4.78674926 5.6147208 7.24510018
v -3.93957387 5.72876157 7.24510018
v -4.91815821 5.52966634 7.92343765
v -4.07098282 5.64370711 7.92343765
v -5.85116845 5.10656721 8.60177511
v -4.20239178 5.55865264 8.60177511
v -3.24659449 5.86974982 7.92343765
v -3.11518553 5.95480429 7.24510018
v -2.2907972 6.180847 7.24510018
v -0.64202052 6.63293243 7.24510018
v -1.59781781 6.32183525 7.92343765
v -2.5536151 6.01073807 8.60177511
v -0.90483843 6.4628235 8.60177511
v -7.73771953 4.45083102 9.95845005
v -6.08894285 4.90291645 9.95845005
v -4.44016618 5.35500188 9.95845005
v -2.8664405 6.0230088 9.95845005
v -1.21766382 6.47509423 9.95845005
v -13.97237183 1.59461367 10.86566295
v -13.97880077 1.59104404 10.98945564
v -13.99907113 1.57978905 11.35286591
v -14.03807905 1.55813014 12.09021414
v -15.45229475 1.55316849 12.20041173
v -14.49962773 2.58748328 11.01200205
v -14.13616498 1.74007226 12.09785713
v -15.20285345 1.99063172 12.18097493
v -14.95341215 2.4195231 12.16153813
v -14.70397086 2.83984263 12.14210133
v -15.06743361 3.72033456 11.03658216
v -15.45170623 4.91762947 11.05321718
v -15.52121803 3.56629102 12.20578233
v -15.27177674 3.98614559 12.18634553
v -7.90044293 4.03125877 11.31512498
v -8.1313853 3.58272929 12.67179992
v -8.06316634 3.61168651 12.67179992
v -10.39175547 3.58272929 14.39999615
v -3.97965283 0.08605157 11.31512498
v -4.22013532 0.65259281 11.31512498
v -4.38288608 1.24615242 11.31512498
v -3.63536638 1.5634557 11.31512498
v -2.88784668 1.88075899 11.31512498
v -2.10467776 2.09549957 11.31512498
v -1.35715806 2.41280285 11.31512498
v -0.60963837 2.73010614 11.31512498
v -5.11857424 0.33912028 12.67179992
v -4.54180955 0.1289093 12.67179992
v -4.78229204 0.69545055 12.67179992
v -4.20552736 0.48523957 12.67179992
v -5.02277453 1.26199179 12.67179992
v -5.25207972 1.50030114 12.67179992
v -4.44600985 1.05178082 12.67179992
v -4.27525484 1.57929508 12.67179992
v -5.25207972 2.01400678 12.67179992
v -5.25207972 2.52771241 12.67179992
v -4.85201952 1.78950605 12.67179992
v -4.10449982 2.10680934 12.67179992
v -4.68126451 2.31702032 12.67179992
v -5.08727418 3.05474555 12.67179992
v -4.5105095 2.84453458 12.67179992
v -3.93374481 2.6343236 12.67179992
v -4.33975449 3.37204884 12.67179992
v -3.69849015 1.3690841 12.67179992
v -2.95097045 1.68638739 12.67179992
v -3.52773514 1.89659837 12.67179992
v -3.35698013 2.42411263 12.67179992
v -2.20345075 2.00369068 12.67179992
v -2.78021544 2.21390165 12.67179992
v -2.03269574 2.53120494 12.67179992
v -3.18622511 2.95162689 12.67179992
v -3.7629898 3.16183786 12.67179992
v -2.60946043 2.74141591 12.67179992
v -2.43870542 3.26893018 12.67179992
v -1.45593106 2.32099396 12.67179992
v -1.28517604 2.84850822 12.67179992
v -1.86194073 3.0587192 12.67179992
v -1.11442103 3.37602249 12.67179992
v -0.70841136 2.63829725 12.67179992
v -0.53765635 3.16581151 12.67179992
v -6.32671725 4.69926569 11.31512498
v -4.67794058 5.15135111 11.31512498
v -3.1042149 5.81935803 11.31512498
v -1.53048922 6.48736495 11.31512498
v -6.73888196 3.71877883 12.67179992
v -6.48944066 4.27969343 12.67179992
v -5.25207972 3.58272929 12.67179992
v -5.41459757 3.82587114 12.67179992
v -4.09031319 3.93296345 12.67179992
v -5.16515628 4.38678574 12.67179992
v -4.91571498 4.94770035 12.67179992
v -5.25207972 3.58272929 14.39999615
v -3.0154701 3.47914115 12.67179992
v -2.76602881 4.04005576 12.67179992
v -3.84087189 4.49387805 12.67179992
v -3.5914306 5.05479266 12.67179992
v -2.51658751 4.60097037 12.67179992
v -1.69118572 3.58623346 12.67179992
v -1.44174442 4.14714807 12.67179992
v -0.36690134 3.69332577 12.67179992
v -1.19230313 4.70806268 12.67179992
v -0.11746004 4.25424038 12.67179992
v -3.3419893 5.61570727 12.67179992
v -2.26714622 5.16188497 12.67179992
v -2.01770492 5.72279958 12.67179992
v -0.94286183 5.26897728 12.67179992
v -0.69342054 5.82989189 12.67179992
v -1.76826362 6.28371419 12.67179992
v -0.44397924 6.3908065 12.67179992
v -0.19453794 6.95172111 12.67179992
v 4.27408306 -10.55153783 0
v 2.03018945 -8.45723713 0
v 12.82224917 -10.55153783 0
v 10.57835557 -8.45723713 0
v 0.10706137 -10.87395159 6.41285421
v 2.22499984 -10.58884966 6.41285421
v 5.68989676 -9.88390842 4.27523614
v 3.77072798 -10.16501957 6.41285421
v 6.34694153 -9.45863609 6.41285421
v 14.16165067 -8.74350072 4.27523614
v 10.58281848 -8.88843224 6.41285421
v 14.70476017 -7.75821867 6.41285421
v 15.28061603 -7.99389693 6.56676271
v 15.08847972 -7.29316684 6.56676271
v 2.03018945 -4.26863574 0
v 6.09056836 -4.26863574 0
v 6.09056836 -1.19129594 0
v 8.33446196 -6.36293644 0
v 10.57835557 -5.37989733 0
v 8.33446196 -3.28559664 0
v 8.33446196 -0.20825683 0
v 12.82224917 -3.28559664 0
v 2.62786171 -3.95652632 4.27523614
v 6.65194481 -3.41483266 4.27523614
v 0.48782452 -6.64580764 6.60477465
v 1.33499991 -6.36318799 6.6707877
v 0.67664863 -5.31663885 6.61948808
v 1.07905694 -5.1982148 6.65084428
v 2.15938824 -5.98639453 6.73502514
v 2.98377658 -5.62101753 6.79926259
v 3.80816492 -5.267057 6.86350004
v 0.94528503 -4.29885041 6.41285421
v 0.88561107 -4.30280001 6.63577072
v 1.01308501 -4.36880636 6.41374679
v 1.01308501 -4.28021033 6.41374679
v 1.14481447 -4.24409084 6.41374679
v 1.15138212 -4.24233973 6.41285421
v 1.26952999 -4.36880636 6.41374679
v 1.01308501 -4.36880636 6.57424668
v 1.18590066 -4.44451252 6.57765862
v 1.16932161 -4.36869499 6.57636676
v 1.01134253 -4.27224182 6.56543195
v 1.26952999 -4.36880636 6.57424668
v 1.26950563 -4.36869499 6.57636676
v 1.44234564 -4.44451252 6.57765862
v 1.26952999 -4.24427018 6.57424668
v 1.01226488 -4.36505585 6.64563975
v 1.01042279 -4.35663181 6.64549621
v 1.18590066 -4.44451252 6.65916968
v 1.16838609 -4.36441678 6.65780493
v 1.44234564 -4.44451252 6.67915222
v 0.01829736 -4.22153488 6.56818847
v 0.42070567 -4.11685766 6.59954466
v 0.82311398 -4.01351589 6.63090086
v 1.01308501 -4.11236138 6.41374679
v 1.26952999 -4.11236138 6.41374679
v 1.11145274 -4.10405531 6.57185754
v 1.44234564 -4.18806753 6.57765862
v 1.26952999 -4.11236138 6.57199907
v 1.2677137 -4.10405531 6.57185754
v 1.01042279 -4.10018683 6.64549621
v 1.11051722 -4.0997771 6.65329571
v 1.44234564 -4.18806753 6.67915222
v 1.05909442 -3.86461588 6.56777771
v 1.31553941 -3.86461588 6.56777771
v 1.05909442 -3.86461588 6.64928877
v 1.05909442 -3.60817089 6.56777771
v 1.31553941 -3.60817089 6.56777771
v 1.05909442 -3.60817089 6.64928877
v 1.31553941 -3.60817089 6.66927131
v 1.6062829 -3.71228324 6.69192643
v 2.29502974 -4.69068779 6.74559451
v 3.11941808 -4.36072955 6.80983196
v 2.90320733 -3.76199896 6.41285421
v 2.43067124 -3.4063273 6.75616388
v 4.65534031 -5.0165939 6.92951308
v 5.5025157 -4.77204973 6.99552613
v 4.91524889 -3.49115214 6.41285421
v 3.96659347 -4.13742702 6.875845
v 4.81376886 -3.92004342 6.94185805
v 5.21617717 -3.81885968 6.97321425
v 6.34969109 -4.53342448 7.06153917
v 7.17407943 -4.21711804 7.12577662
v 7.07714477 -3.66891189 7.11822334
v 6.24139804 -0.36500126 4.27523614
v 0.16476271 -2.89735073 6.57960124
v 0.56717102 -2.80909123 6.61095744
v 0.95875548 -2.67143506 6.64147023
v 1.35033994 -2.53635473 6.67198301
v 1.7419244 -2.40385024 6.7024958
v 3.27784663 -3.21018534 6.82217693
v 3.68025494 -3.11909138 6.85353312
v 2.14433271 -2.32284606 6.733852
v 2.54674102 -2.24317734 6.76520819
v 2.94914933 -2.16484408 6.79656439
v 3.34073379 -2.0408353 6.82707718
v 3.73231825 -1.91940235 6.85758996
v 3.83798793 -0.48673617 6.86582389
v 3.75661255 -0.22528569 6.85948301
v 4.08266325 -3.02933288 6.88488932
v 4.47424771 -2.89610401 6.91540211
v 5.50982156 -3.21901975 6.99609541
v 4.86583217 -2.76545097 6.94591489
v 4.12390271 -1.80054524 6.88810275
v 5.59328585 -1.91082591 7.00259906
v 6.87317119 -2.95430069 6.41285421
v 6.33521531 -2.81684189 7.0604112
v 6.94510646 -2.80455139 7.10793474
v 6.76607203 -2.1586925 6.41285421
v 7.062669 -1.99943989 7.11709537
v 4.08284803 -1.53619672 6.88490372
v 4.04179336 -1.27108111 6.88170468
v 4.00073868 -1.0051984 6.87850565
v 5.40114955 -1.33910721 6.98762754
v 5.36009487 -1.0861126 6.98442851
v 3.9193633 -0.74670707 6.87216477
v 5.23766482 -0.58545777 6.97488859
v 5.31904019 -0.8323509 6.98122947
v 5.15628944 -0.33708508 6.96854771
v 6.6678978 -1.42938499 6.41285421
v 6.67839638 -0.91366774 7.08715233
v 6.87053269 -1.46067801 7.10212385
v 6.27871121 -0.01000333 6.41285421
v 6.6373417 -0.67202703 7.0839533
v 6.55596633 -0.43673212 7.07761242
v 7.99846776 -3.91222807 7.19001407
v 14.89634341 -6.59243676 6.56676271
v 14.70420711 -5.89170667 6.56676271
v 14.60727245 -5.17160759 6.56676271
v 14.5103378 -4.45150851 6.56676271
v 14.2200869 -4.15772326 6.41285421
v 14.41340314 -3.73140942 6.56676271
v 13.19230413 -1.5425099 4.27523614
v 7.90153311 -3.38153531 7.18246079
v 7.80459845 -2.84656612 7.17490751
v 7.95564322 -0.52422681 7.18667712
v 14.22126684 -3.03067934 6.56676271
v 15.49535749 -2.65831362 6.56676271
v 14.02913053 -2.32994925 6.56676271
v 15.30322119 -1.95758354 6.56676271
v 13.25940536 -0.65407283 6.41285421
v 13.83699422 -1.62921916 6.56676271
v 13.74005957 -0.90912008 6.56676271
v 15.26216651 -1.65260039 6.56676271
v 15.18079113 -1.35582059 6.56676271
v 15.13973646 -1.05083745 6.56676271
v 13.64312491 -0.189021 6.56676271
v 15.0428018 -0.33073837 6.56676271
v 16.12779142 -7.87985616 6.56676271
v 16.97496681 -7.76581539 6.56676271
v 15.93565511 -7.17912607 6.56676271
v 16.7828305 -7.0650853 6.56676271
v 17.8221422 -7.65177462 6.56676271
v 18.64653054 -7.42573191 6.56676271
v 19.47091887 -7.19968919 6.56676271
v 20.29530721 -6.97364648 6.56676271
v 21.1424826 -6.85960571 6.56676271
v 15.7435188 -6.47839599 6.56676271
v 15.96273849 -5.09602167 6.56676271
v 17.00205018 -5.68271099 6.56676271
v 18.04136188 -6.26940031 6.56676271
v 18.86575022 -6.04335759 6.56676271
v 15.86580383 -4.37592259 6.56676271
v 17.22126987 -4.30033668 6.56676271
v 15.76886918 -3.65582351 6.56676271
v 17.12433521 -3.58023759 6.56676271
v 18.26058157 -4.88702599 6.56676271
v 19.0849699 -4.66098328 6.56676271
v 18.47980125 -3.50465168 6.56676271
v 18.88220956 -3.45048231 6.56676271
v 19.28461787 -3.39631295 6.56676271
v 19.69013856 -5.81731488 6.56676271
v 20.09254687 -5.76314551 6.56676271
v 20.48413133 -5.65577522 6.56676271
v 21.33130672 -5.54173445 6.56676271
v 21.98965799 -6.64580764 6.60477465
v 22.83683338 -6.36318799 6.6707877
v 22.17848211 -5.31663885 6.61948808
v 22.58089042 -5.1982148 6.65084428
v 19.48737821 -4.60681391 6.56676271
v 19.88978652 -4.55264455 6.56676271
v 20.28137098 -4.44527426 6.56676271
v 20.67295544 -4.33790397 6.56676271
v 22.97247488 -5.03206249 6.68135707
v 21.52013084 -4.22153488 6.56818847
v 21.92253915 -4.11685766 6.59954466
v 22.32494746 -4.01351589 6.63090086
v 22.71653192 -3.86161164 6.66141365
v 23.10811638 -3.71228324 6.69192643
v 15.6874938 -3.35904371 6.56676271
v 16.96158446 -2.98667799 6.56676271
v 17.04295984 -3.28345779 6.56676271
v 16.76944815 -2.28594791 6.56676271
v 16.72839348 -1.98096476 6.56676271
v 18.39842587 -3.20787188 6.56676271
v 18.3170505 -2.91109208 6.56676271
v 18.23567512 -2.61431228 6.56676271
v 18.19462044 -2.30932914 6.56676271
v 18.15356577 -2.00434599 6.56676271
v 18.11251109 -1.69936285 6.56676271
v 16.52458804 -1.08242202 6.56676271
v 16.6873388 -1.67598162 6.56676271
v 16.60596342 -1.37920182 6.56676271
v 16.48353337 -0.77743888 6.56676271
v 16.44247869 -0.47245574 6.56676271
v 18.03113571 -1.40258305 6.56676271
v 17.94976033 -1.10580325 6.56676271
v 17.86838496 -0.80902345 6.56676271
v 17.82733028 -0.50404031 6.56676271
v 17.7862756 -0.19905717 6.56676271
v 19.68702618 -3.34214358 6.56676271
v 20.07861064 -3.23477329 6.56676271
v 20.4701951 -3.127403 6.56676271
v 20.86177956 -3.02003272 6.56676271
v 21.26418787 -2.96586335 6.56676271
v 21.66659618 -2.89735073 6.57960124
v 22.06900449 -2.80909123 6.61095744
v 22.46058895 -2.67143506 6.64147023
v 22.85217341 -2.53635473 6.67198301
v 23.24375787 -2.40385024 6.7024958
v 23.66122172 -5.98639453 6.73502514
v 24.48561005 -5.62101753 6.79926259
v 25.30999839 -5.267057 6.86350004
v 23.79686322 -4.69068779 6.74559451
v 24.62125155 -4.36072955 6.80983196
v 23.93250471 -3.4063273 6.75616388
v 26.15717378 -5.0165939 6.92951308
v 27.00434917 -4.77204973 6.99552613
v 25.46842694 -4.13742702 6.875845
v 26.31560233 -3.92004342 6.94185805
v 26.71801064 -3.81885968 6.97321425
v 27.1095951 -3.67641072 7.00372703
v 27.85152456 -4.53342448 7.06153917
v 28.6759129 -4.21711804 7.12577662
v 28.57897825 -3.66891189 7.11822334
v 29.50030124 -3.91222807 7.19001407
v 24.7796801 -3.21018534 6.82217693
v 25.18208841 -3.11909138 6.85353312
v 23.64616618 -2.32284606 6.733852
v 24.0485745 -2.24317734 6.76520819
v 24.45098281 -2.16484408 6.79656439
v 24.84256727 -2.0408353 6.82707718
v 25.23415173 -1.91940235 6.85758996
v 25.58449672 -3.02933288 6.88488932
v 25.97608118 -2.89610401 6.91540211
v 26.36766565 -2.76545097 6.94591489
v 25.62573619 -1.80054524 6.88810275
v 27.09511933 -1.91082591 7.00259906
v 25.25844602 -0.22528569 6.85948301
v 25.58468151 -1.53619672 6.88490372
v 25.54362683 -1.27108111 6.88170468
v 25.50257215 -1.0051984 6.87850565
v 26.90298302 -1.33910721 6.98762754
v 26.86192834 -1.0861126 6.98442851
v 25.42119678 -0.74670707 6.87216477
v 25.3398214 -0.48673617 6.86582389
v 26.73949829 -0.58545777 6.97488859
v 26.82087367 -0.8323509 6.98122947
v 26.65812291 -0.33708508 6.96854771
v 27.83704879 -2.81684189 7.0604112
v 28.56450247 -1.99943989 7.11709537
v 29.40336658 -3.38153531 7.18246079
v 29.30643193 -2.84656612 7.17490751
v 28.18022986 -0.91366774 7.08715233
v 28.37236616 -1.46067801 7.10212385
v 28.13917518 -0.67202703 7.0839533
v 28.0577998 -0.43673212 7.07761242
v 29.45747669 -0.52422681 7.18667712
v 7.00398629 -9.03336376 8.55047228
v 15.45759909 -8.13284635 7.24510018
v 15.26546278 -7.43211627 7.24510018
v 15.44244584 -7.57106569 7.92343765
v 15.42729259 -7.00928503 8.60177511
v 0.19453794 -7.04945892 12.65664126
v 0.64202052 -6.64069297 7.28401015
v 1.59781781 -6.14857838 7.9926066
v 2.2907972 -5.88180512 7.38393506
v 3.11518553 -5.5194859 7.43389752
v 3.24659449 -5.41863901 8.06398154
v 0.90483843 -6.4213373 8.62527719
v 2.5536151 -5.67468055 8.66810215
v 3.93957387 -5.16858314 7.48385998
v 4.78674926 -4.92078634 7.53520346
v 5.63392465 -4.67890846 7.58654694
v 4.07098282 -5.07079403 8.09966901
v 5.8198856 -4.49429384 8.08436434
v 5.96861497 -4.49429384 7.83675553
v 6.00974259 -4.47863806 7.83675553
v 7.28270133 -4.04633585 7.68647186
v 7.07633426 -4.08536777 7.83675553
v 7.51930485 -3.92894728 7.83675553
v 4.91815821 -4.82566352 8.13634292
v 5.8198856 -4.47348345 8.17537837
v 4.20239178 -4.97368967 8.71092712
v 5.8198856 -4.33537385 8.73305101
v 5.8198856 -4.33079838 8.75293955
v 5.8198856 -4.32808378 8.77960873
v 1.21766382 -6.37055119 9.9479076
v 2.8664405 -5.62760684 9.93363262
v 4.44016618 -4.75674277 9.92000741
v 5.8198856 -4.21972016 9.9080619
v 5.8198856 -4.19656481 10.13586776
v 0.23065568 -2.90580893 7.25907918
v 1.0138246 -2.62921634 7.30654352
v 0.67730927 -2.72348946 7.95275812
v 1.40540906 -2.49478381 7.33027568
v 1.79699352 -2.36292711 7.35400785
v 1.46047819 -2.45334414 7.98666121
v 1.85206265 -2.32213525 8.00361276
v 2.19940184 -2.28249389 7.378396
v 2.60181015 -2.20339613 7.40278416
v 3.38497907 -1.95530341 7.45024849
v 3.77656353 -1.83512081 7.47398066
v 2.25447096 -2.24227298 8.02103287
v 3.03763988 -1.99152928 8.05493597
v 3.8208088 -1.75108895 8.08883907
v 0.34079393 -2.81917408 8.61062682
v 1.12396285 -2.54517268 8.63096868
v 1.90713177 -2.28147464 8.65131054
v 2.6903007 -2.02807997 8.6716524
v 3.47346962 -1.78498865 8.69199425
v 3.8419125 -0.41265057 7.47794117
v 3.76053712 -0.15102662 7.47300937
v 3.84583708 -0.33858515 8.08992253
v 3.7644617 -0.07678773 8.08639982
v 3.76838627 -0.00256901 8.69965435
v 4.16814799 -1.71751406 7.49771283
v 4.12709331 -1.45346306 7.49522469
v 4.08603863 -1.18864497 7.49273655
v 4.00858783 -0.85774126 8.09696795
v 3.92328788 -0.67279494 7.48287296
v 4.21239326 -1.63473254 8.10579061
v 4.17133858 -1.37097907 8.10401337
v 4.25663854 -1.5522007 8.71233611
v 4.09388778 -1.0415751 8.70810886
v 3.93113703 -0.52503121 8.70388161
v 0.47521615 -2.81833089 9.95433566
v 1.25838507 -2.54495574 9.94755504
v 2.00590477 -2.18820004 9.94108307
v 2.78907369 -1.93765761 9.93430245
v 3.57224261 -1.69741854 9.92752183
v 4.31976231 -1.38025294 9.92104986
v 4.15701155 -0.86980604 9.92245895
v 3.9942608 -0.35344084 9.92386803
v 8.8228561 -3.61875456 7.25425151
v 8.10708966 -3.74717424 7.73643432
v 8.12717058 -3.71690319 7.83675553
v 8.26893175 -3.66985182 7.83675553
v 8.931478 -3.4594291 7.78639678
v 8.94183045 -3.44436922 7.83675553
v 10.95956135 -4.49429384 7.83675553
v 15.07332647 -6.73138618 7.24510018
v 15.05817322 -6.16960552 7.92343765
v 14.68905386 -5.32992601 7.24510018
v 15.04301998 -5.60782486 8.60177511
v 14.5921192 -4.60982693 7.24510018
v 14.67390061 -4.76814535 7.92343765
v 14.49518455 -3.88972784 7.24510018
v 14.57696596 -4.04804626 7.92343765
v 14.65874736 -4.20636468 8.60177511
v 15.2473631 -5.89981042 9.95845005
v 14.86309049 -4.49835024 9.95845005
v 8.72592145 -3.10557519 7.24669824
v 8.62898679 -2.5881194 7.23914496
v 8.85617927 -2.98525305 7.83675553
v 8.83454335 -2.94806062 7.780522
v 8.84606689 -2.93148924 7.83675553
v 8.53205214 -2.06638719 7.23159168
v 8.73760869 -2.43241571 7.77464723
v 8.71623432 -2.35701363 7.83675553
v 8.7614301 -2.47407046 7.83675553
v 8.33991583 -1.56058213 7.21662016
v 8.14777952 -1.04652867 7.20164864
v 8.38568823 -1.48646826 7.83675553
v 8.35333608 -1.42753853 7.7513582
v 8.32431867 -1.32224964 7.83675553
v 8.16119977 -0.91272735 7.73971369
v 8.16362225 -0.88860134 7.83675553
v 8.12843291 -0.79218243 7.83675553
v 7.96906346 -0.38966777 7.72806917
v 7.97175994 -0.36266071 7.83675553
v 14.30304824 -3.18899776 7.24510018
v 14.38482965 -3.34731618 7.92343765
v 14.11091193 -2.48826767 7.24510018
v 14.00055703 -1.945856 7.92343765
v 14.21711616 -2.68555621 8.16629088
v 14.27447475 -2.80490451 8.60177511
v 14.23849525 -2.6736856 8.60177511
v 13.51672249 -0.70057675 8.09543882
v 13.61628442 -0.54439583 7.92343765
v 13.47989325 -0.56823379 8.09171316
v 13.72663932 -1.0868075 7.24510018
v 13.62970467 -0.36670842 7.24510018
v 13.58714358 -0.40116404 8.10256264
v 14.29528461 -3.16068342 9.95845005
v 14.14420845 -2.72603777 10.52236266
v 1.53048922 -6.31952992 11.24887066
v 3.1042149 -5.39894372 11.18074465
v 1.76826362 -6.07915058 12.53401444
v 0.94286183 -5.25436294 12.59833086
v 2.01770492 -5.50435752 12.51457764
v 3.3419893 -5.17324721 12.41138762
v 1.19230313 -4.67314131 12.57889406
v 1.44174442 -4.10049153 12.55945726
v 1.11442103 -3.39797188 12.58496273
v 1.69118572 -3.5364136 12.54002046
v 2.26714622 -4.93813631 12.49514084
v 2.51658751 -4.38048695 12.47570404
v 3.5914306 -4.63059826 12.39195082
v 2.76602881 -3.83140944 12.45626724
v 3.84087189 -4.09652117 12.37251402
v 4.67794058 -4.54276248 11.11261864
v 5.8198856 -4.10769221 11.06318426
v 5.8198856 -4.06443599 11.48935152
v 4.91571498 -4.3317488 12.2887608
v 4.09031319 -3.57101592 12.35307722
v 5.16515628 -3.82124397 12.269324
v 5.8198856 -3.88527641 12.21830661
v 0.44397924 -6.44252174 12.63720446
v 0.69342054 -5.84415642 12.61776766
v 0.11746004 -4.37826221 12.66264727
v 0.36690134 -3.79061201 12.64321047
v 5.8198856 -4.49429384 13.86483849
v 0.60963837 -2.81739915 11.28873396
v 1.35715806 -2.44917438 11.25637411
v 2.10467776 -2.09548099 11.22401425
v 2.88784668 -1.84779081 11.19011115
v 1.86194073 -3.01986312 12.526715
v 1.28517604 -2.87320101 12.57165727
v 1.45593106 -2.35394859 12.55835181
v 2.43870542 -3.15909737 12.48177272
v 2.60946043 -2.65628573 12.46846726
v 3.0154701 -3.29090377 12.43683044
v 3.18622511 -2.79631252 12.42352498
v 3.7629898 -2.92891145 12.3785827
v 2.03269574 -2.50883109 12.51340954
v 2.78021544 -2.15899254 12.4551618
v 2.20345075 -2.00331751 12.50010408
v 3.35698013 -2.30723971 12.41021952
v 3.52773514 -1.82368536 12.39691406
v 3.63536638 -1.52115815 11.1577513
v 2.95097045 -1.66721779 12.44185634
v 3.69849015 -1.34564945 12.3836086
v 4.33975449 -3.05408252 12.33364042
v 4.5105095 -2.5814505 12.32033496
v 5.41459757 -3.31931099 12.2498872
v 5.08727418 -2.70741411 12.27539268
v 5.66403887 -2.82594986 12.2304504
v 5.8198856 -2.80012486 12.21830661
v 3.93374481 -2.44805903 12.36527724
v 4.10449982 -1.97272506 12.35197178
v 4.68126451 -2.11433692 12.3070295
v 5.2580292 -2.24852091 12.26208722
v 5.42878421 -1.79514617 12.24878176
v 5.8198856 -1.74526773 12.21830661
v 4.38288608 -1.20905687 11.12539144
v 4.22013532 -0.69878866 11.13243686
v 3.97965283 -0.20663356 11.14284726
v 4.27525484 -1.50290954 12.33866632
v 4.85201952 -1.65274178 12.29372404
v 4.44600985 -1.03861247 12.32536086
v 5.59953922 -1.34728988 12.2354763
v 5.02277453 -1.1966651 12.28041858
v 5.35905673 -0.88511125 12.25421502
v 4.20552736 -0.55331793 12.34409958
v 4.78229204 -0.72292852 12.2991573
v 3.96504487 -0.05967651 12.36283829
v 4.54180955 -0.24084506 12.31789602
v 5.69533892 -0.58089859 12.22801146
v 5.11857424 -0.41458575 12.27295374
v 5.45485643 -0.11358416 12.24675018
v 0.53765635 -3.2521023 12.62990501
v 0.70841136 -2.71911105 12.61659955
v 15.45170623 -6.19179598 11.31512498
v 15.06743361 -4.79033581 11.31512498
v 14.49962773 -3.45266898 11.31512498
v 10.95956135 -4.49429384 13.86483849
v 15.27177674 -5.08232137 12.67179992
v 15.52121803 -4.52140676 12.67179992
v 14.70397086 -3.74465454 12.67179992
v 11.11007801 -1.55694646 14.39999615
v 14.24729704 -2.66879845 12.67179992
v 14.95341215 -3.18373993 12.67179992
v 15.20285345 -2.62282533 12.67179992
v 15.45229475 -2.06191072 12.67179992
v 16.30477448 -8.01880558 7.24510018
v 17.15194987 -7.90476481 7.24510018
v 15.63458215 -8.27179578 7.92343765
v 16.48175754 -8.15775501 7.92343765
v 18.13053421 -7.70566958 7.92343765
v 18.80072654 -7.45267939 7.24510018
v 15.8115652 -8.4107452 8.60177511
v 17.46034188 -7.95865977 8.60177511
v 19.10911855 -7.50657435 8.60177511
v 19.62511488 -7.22663667 7.24510018
v 20.44950322 -7.00059396 7.24510018
v 21.29667861 -6.88655319 7.24510018
v 19.77931088 -7.25358415 7.92343765
v 20.60369922 -7.02754144 7.92343765
v 21.45087461 -6.91350067 7.92343765
v 20.75789523 -7.05448892 8.60177511
v 16.1994416 -8.63893742 9.95845005
v 15.63163572 -7.30127059 9.95845005
v 17.84821827 -8.18685199 9.95845005
v 19.49699495 -7.73476656 9.95845005
v 21.07072062 -7.06675964 9.95845005
v 16.58731799 -8.86712963 11.31512498
v 16.01951211 -7.52946281 11.31512498
v 18.23609466 -8.41504421 11.31512498
v 19.80982034 -7.74703729 11.31512498
v 21.38354602 -7.07903037 11.31512498
v 16.97519438 -9.09532185 12.67179992
v 17.22463568 -8.53440724 12.67179992
v 16.4073885 -7.75765502 12.67179992
v 17.47407697 -7.97349264 12.67179992
v 16.6568298 -7.19674042 12.67179992
v 18.54892006 -8.42731493 12.67179992
v 18.79836136 -7.86640032 12.67179992
v 17.72351827 -7.41257803 12.67179992
v 17.97295956 -6.85166342 12.67179992
v 19.04780265 -7.30548572 12.67179992
v 20.12264574 -7.75930801 12.67179992
v 20.37208704 -7.19839341 12.67179992
v 21.69637142 -7.04945892 12.65664126
v 18.55651808 -3.57214806 7.24510018
v 18.95892639 -3.51797869 7.24510018
v 19.3613347 -3.46380933 7.24510018
v 18.6332349 -3.63964443 7.92343765
v 19.03564321 -3.58547507 7.92343765
v 18.70995173 -3.70714081 8.60177511
v 22.143854 -6.64069297 7.28401015
v 23.09965129 -6.14857838 7.9926066
v 22.4066719 -6.4213373 8.62527719
v 19.49312065 -3.49240023 8.60177511
v 18.88002317 -3.82045733 9.95845005
v 22.7194973 -6.37055119 9.9479076
v 19.66319209 -3.60571676 9.95845005
v 20.44636101 -3.39097618 9.95845005
v 18.4751427 -3.27536826 7.24510018
v 18.39376732 -2.97858845 7.24510018
v 18.38910877 -2.74930503 7.92343765
v 18.55185952 -3.34286463 7.92343765
v 18.23101657 -2.38502885 7.24510018
v 18.18996189 -2.08004571 7.24510018
v 18.14890721 -1.77506257 7.24510018
v 18.22635802 -2.15574543 7.92343765
v 18.18530334 -1.85076229 7.92343765
v 18.54720097 -3.11358121 8.60177511
v 18.38445022 -2.5200216 8.60177511
v 18.22169946 -1.926462 8.60177511
v 18.06753184 -1.47828277 7.24510018
v 17.98615646 -1.18150297 7.24510018
v 18.10392796 -1.55398248 7.92343765
v 17.94117721 -0.96042288 7.92343765
v 17.8234057 -0.58794336 7.24510018
v 17.78235103 -0.28296022 7.24510018
v 17.77842645 -0.36686328 7.92343765
v 17.73737178 -0.06188014 7.92343765
v 18.05894871 -1.3329024 8.60177511
v 17.89619796 -0.7393428 8.60177511
v 17.7334472 -0.14578319 8.60177511
v 20.14450362 -3.24906875 7.24510018
v 20.53608808 -3.14169846 7.24510018
v 20.92767254 -3.03432817 7.24510018
v 21.33008085 -2.9801588 7.24510018
v 19.81881213 -3.37073449 7.92343765
v 20.60198105 -3.15599391 7.92343765
v 20.99356551 -3.04862362 7.92343765
v 21.39597382 -2.99445426 7.92343765
v 21.73248916 -2.90580893 7.25907918
v 22.51565808 -2.62921634 7.30654352
v 22.17914274 -2.72348946 7.95275812
v 22.90724254 -2.49478381 7.33027568
v 23.298827 -2.36292711 7.35400785
v 22.96231166 -2.45334414 7.98666121
v 23.35389612 -2.32213525 8.00361276
v 20.27628957 -3.27765965 8.60177511
v 21.05945849 -3.06291907 8.60177511
v 21.84262741 -2.81917408 8.61062682
v 22.62579633 -2.54517268 8.63096868
v 18.47678992 -2.66035649 9.95845005
v 18.63954068 -3.25391609 9.95845005
v 18.31403917 -2.06679688 9.95845005
v 18.07355668 -1.50025564 9.95845005
v 17.91080592 -0.90669604 9.95845005
v 17.74805517 -0.31313643 9.95845005
v 21.1938807 -3.07367289 9.95845005
v 21.97704962 -2.81833089 9.95433566
v 22.76021854 -2.54495574 9.94755504
v 23.79263067 -5.88180512 7.38393506
v 24.61701901 -5.5194859 7.43389752
v 24.74842796 -5.41863901 8.06398154
v 25.44140734 -5.16858314 7.48385998
v 24.05544858 -5.67468055 8.66810215
v 26.28858274 -4.92078634 7.53520346
v 27.13575813 -4.67890846 7.58654694
v 25.5728163 -5.07079403 8.09966901
v 26.41999169 -4.82566352 8.13634292
v 25.70422525 -4.97368967 8.71092712
v 28.7845348 -4.04633585 7.68647186
v 30.32468957 -3.61875456 7.25425151
v 29.60892314 -3.74717424 7.73643432
v 30.43331147 -3.4594291 7.78639678
v 27.35300192 -4.31836465 8.75375208
v 28.06876836 -4.18171471 8.20771786
v 29.0017786 -3.7087055 8.79657705
v 29.71754504 -3.58343176 8.2790928
v 24.36827397 -5.62760684 9.93363262
v 25.94199965 -4.75674277 9.92000741
v 29.239553 -3.51891528 9.89145744
v 27.59077633 -4.11499609 9.90573243
v 23.70123531 -2.28249389 7.378396
v 24.10364362 -2.20339613 7.40278416
v 24.88681254 -1.95530341 7.45024849
v 25.278397 -1.83512081 7.47398066
v 23.75630443 -2.24227298 8.02103287
v 24.53947336 -1.99152928 8.05493597
v 25.66998146 -1.71751406 7.49771283
v 25.32264228 -1.75108895 8.08883907
v 23.40896525 -2.28147464 8.65131054
v 24.19213417 -2.02807997 8.6716524
v 24.97530309 -1.78498865 8.69199425
v 25.2623706 -0.15102662 7.47300937
v 25.26629517 -0.07678773 8.08639982
v 25.62892678 -1.45346306 7.49522469
v 25.58787211 -1.18864497 7.49273655
v 25.5104213 -0.85774126 8.09696795
v 25.42512135 -0.67279494 7.48287296
v 25.34374598 -0.41265057 7.47794117
v 25.34767055 -0.33858515 8.08992253
v 25.27021975 -0.00256901 8.69965435
v 25.71422674 -1.63473254 8.10579061
v 25.67317206 -1.37097907 8.10401337
v 25.75847201 -1.5522007 8.71233611
v 25.59572126 -1.0415751 8.70810886
v 25.4329705 -0.52503121 8.70388161
v 30.13082027 -2.5881194 7.23914496
v 30.22775492 -3.10557519 7.24669824
v 30.33637682 -2.94806062 7.780522
v 30.03388561 -2.06638719 7.23159168
v 30.23944217 -2.43241571 7.77464723
v 30.54193337 -3.30141499 8.31478028
v 30.44499872 -2.79185739 8.31058401
v 30.65055527 -3.14471222 8.83940201
v 30.06072611 -1.80196155 8.29394899
v 30.26628266 -2.16979772 8.829421
v 29.8417493 -1.56058213 7.21662016
v 29.649613 -1.04652867 7.20164864
v 29.85516955 -1.42753853 7.7513582
v 29.66303324 -0.91272735 7.73971369
v 29.47089694 -0.38966777 7.72806917
v 29.88201004 -1.16188963 8.81943999
v 29.67645349 -0.77907212 8.27731397
v 29.48431718 -0.25525481 8.26899646
v 29.49773743 -0.12098795 8.80945897
v 23.50773824 -2.18820004 9.94108307
v 24.29090716 -1.93765761 9.93430245
v 25.07407608 -1.69741854 9.92752183
v 25.82159578 -1.38025294 9.92104986
v 25.65884503 -0.86980604 9.92245895
v 25.49609427 -0.35344084 9.92386803
v 30.81327868 -2.82351981 9.87783224
v 30.42900607 -1.85065217 9.88115924
v 30.04473345 -0.84479093 9.88448624
v 19.0500946 -3.93377386 11.31512498
v 23.0323227 -6.31952992 11.24887066
v 23.2700971 -6.07915058 12.53401444
v 22.44469531 -5.25436294 12.59833086
v 19.83326352 -3.71903328 11.31512498
v 20.58078322 -3.40172999 11.31512498
v 22.6941366 -4.67314131 12.57889406
v 22.9435779 -4.10049153 12.55945726
v 22.61625451 -3.39797188 12.58496273
v 23.19301919 -3.5364136 12.54002046
v 15.83958262 -6.4199882 12.67179992
v 16.90627109 -6.63582581 12.67179992
v 17.15571239 -6.0749112 12.67179992
v 16.08902392 -5.85907359 12.67179992
v 16.33846521 -5.29815898 12.67179992
v 17.40515368 -5.51399659 12.67179992
v 18.22240086 -6.29074881 12.67179992
v 19.29724395 -6.74457111 12.67179992
v 18.47184216 -5.72983421 12.67179992
v 18.72128345 -5.1689196 12.67179992
v 16.58790651 -4.73724437 12.67179992
v 15.77065933 -3.96049215 12.67179992
v 16.02010063 -3.39957755 12.67179992
v 16.8373478 -4.17632977 12.67179992
v 17.0867891 -3.61541516 12.67179992
v 17.65459498 -4.95308199 12.67179992
v 17.90403627 -4.39216738 12.67179992
v 18.97072475 -4.60800499 12.67179992
v 18.15347757 -3.83125277 12.67179992
v 19.22016604 -4.04709038 12.67179992
v 18.97968355 -3.48054914 12.67179992
v 19.54668524 -6.1836565 12.67179992
v 20.62152833 -6.6374788 12.67179992
v 20.87096963 -6.07656419 12.67179992
v 19.79612654 -5.62274189 12.67179992
v 21.12041092 -5.51564958 12.67179992
v 21.94581271 -6.44252174 12.63720446
v 22.19525401 -5.84415642 12.61776766
v 20.04556783 -5.06182729 12.67179992
v 20.29500913 -4.50091268 12.67179992
v 21.36985222 -4.95473498 12.67179992
v 19.96768574 -3.7297871 12.67179992
v 20.54445043 -3.93999807 12.67179992
v 20.71520544 -3.41248381 12.67179992
v 21.29197012 -3.62269479 12.67179992
v 21.61929351 -4.37826221 12.66264727
v 21.86873481 -3.79061201 12.64321047
v 18.80961211 -3.36723261 11.31512498
v 18.56912962 -2.80069137 11.31512498
v 18.40637887 -2.20713177 11.31512498
v 18.16589638 -1.64059052 11.31512498
v 17.92541389 -1.07404928 11.31512498
v 17.76266313 -0.48048967 11.31512498
v 21.32830292 -3.08442671 11.31512498
v 22.11147184 -2.81739915 11.28873396
v 22.85899154 -2.44917438 11.25637411
v 22.78700952 -2.87320101 12.57165727
v 22.95776453 -2.35394859 12.55835181
v 16.26954192 -2.83866294 12.67179992
v 17.33623039 -3.05450055 12.67179992
v 16.51898322 -2.27774833 12.67179992
v 16.76842451 -1.71683372 12.67179992
v 17.3451892 -1.9270447 12.67179992
v 18.40291887 -3.27033816 12.67179992
v 18.16243638 -2.70379692 12.67179992
v 18.73920106 -2.91400789 12.67179992
v 17.58567169 -2.49358594 12.67179992
v 17.92195389 -2.13725567 12.67179992
v 18.25823608 -1.7809254 12.67179992
v 18.49871857 -2.34746665 12.67179992
v 16.24975375 -1.55694646 12.67179992
v 16.52794202 -1.15029248 12.67179992
v 17.10470671 -1.36050345 12.67179992
v 17.4409889 -1.00417318 12.67179992
v 16.28745953 -0.58375123 12.67179992
v 16.24975375 -0.49492198 12.67179992
v 16.86422422 -0.79396221 12.67179992
v 17.20050641 -0.43763194 12.67179992
v 16.62374173 -0.22742096 12.67179992
v 17.68147139 -1.57071443 12.67179992
v 18.01775359 -1.21438416 12.67179992
v 17.7772711 -0.64784292 12.67179992
v 17.53678861 -0.08130167 12.67179992
v 16.24975375 -1.55694646 14.39999615
v 21.46272514 -3.09518052 12.67179992
v 22.03948982 -3.2521023 12.62990501
v 22.21024483 -2.71911105 12.61659955
v 24.60604838 -5.39894372 11.18074465
v 23.51953839 -5.50435752 12.51457764
v 24.84382278 -5.17324721 12.41138762
v 26.17977405 -4.54276248 11.11261864
v 23.76897969 -4.93813631 12.49514084
v 24.01842099 -4.38048695 12.47570404
v 25.09326407 -4.63059826 12.39195082
v 24.26786228 -3.83140944 12.45626724
v 26.41754846 -4.3317488 12.2887608
v 25.34270537 -4.09652117 12.37251402
v 25.59214666 -3.57101592 12.35307722
v 26.66698975 -3.82124397 12.269324
v 27.82855073 -3.91459414 11.0412437
v 27.99127414 -3.55465535 12.16613398
v 23.60651124 -2.09548099 11.22401425
v 24.38968016 -1.84779081 11.19011115
v 23.36377421 -3.01986312 12.526715
v 23.94053889 -3.15909737 12.48177272
v 24.1112939 -2.65628573 12.46846726
v 24.51730358 -3.29090377 12.43683044
v 24.68805859 -2.79631252 12.42352498
v 25.26482327 -2.92891145 12.3785827
v 23.53452922 -2.50883109 12.51340954
v 24.28204891 -2.15899254 12.4551618
v 23.70528423 -2.00331751 12.50010408
v 24.8588136 -2.30723971 12.41021952
v 25.02956861 -1.82368536 12.39691406
v 25.84158796 -3.05408252 12.33364042
v 26.01234297 -2.5814505 12.32033496
v 26.91643105 -3.31931099 12.2498872
v 26.58910766 -2.70741411 12.27539268
v 27.16587234 -2.82594986 12.2304504
v 25.43557829 -2.44805903 12.36527724
v 25.6063333 -1.97272506 12.35197178
v 26.18309798 -2.11433692 12.3070295
v 26.75986267 -2.24852091 12.26208722
v 26.93061768 -1.79514617 12.24878176
v 25.13719985 -1.52115815 11.1577513
v 25.88471955 -1.20905687 11.12539144
v 25.7219688 -0.69878866 11.13243686
v 25.48148631 -0.20663356 11.14284726
v 24.45280393 -1.66721779 12.44185634
v 25.20032362 -1.34564945 12.3836086
v 25.77708831 -1.50290954 12.33866632
v 25.94784332 -1.03861247 12.32536086
v 26.353853 -1.65274178 12.29372404
v 27.10137269 -1.34728988 12.2354763
v 26.52460801 -1.1966651 12.28041858
v 26.8608902 -0.88511125 12.25421502
v 25.70736083 -0.55331793 12.34409958
v 25.46687834 -0.05967651 12.36283829
v 26.04364303 -0.24084506 12.31789602
v 26.28412552 -0.72292852 12.2991573
v 27.1971724 -0.58089859 12.22801146
v 26.62040771 -0.41458575 12.27295374
v 26.95668991 -0.11358416 12.24675018
v 29.40227641 -3.17834968 10.97311769
v 30.97600209 -2.50651019 10.90499168
v 28.24071543 -3.07629464 12.14669718
v 28.49015673 -2.60650578 12.12726038
v 28.66091174 -2.1777922 12.11395492
v 28.83166675 -1.75459707 12.10064946
v 27.33662736 -2.37527706 12.21714494
v 27.91339204 -2.49460534 12.17220266
v 27.50738237 -1.9301227 12.20383948
v 28.08414705 -2.05767138 12.1588972
v 29.56499981 -2.84196688 12.04350716
v 29.23767642 -2.29048517 12.06901264
v 29.81444111 -2.39575028 12.02407036
v 29.40843144 -1.87551042 12.05570718
v 29.98519612 -1.98899593 12.0107649
v 31.13872549 -2.19368336 11.92088034
v 30.56196081 -2.09505357 11.96582262
v 30.32147832 -1.70222271 11.98456134
v 30.59172947 -1.5356894 10.9216267
v 30.02392359 -0.58255762 10.94620681
v 28.25490207 -1.62625586 12.14559174
v 28.59118426 -1.32709233 12.11938818
v 29.16794895 -1.45956364 12.0744459
v 28.35070177 -0.8912407 12.1381269
v 28.92746646 -1.03526998 12.09318462
v 27.67813738 -1.4904868 12.19053402
v 27.43765489 -1.03986613 12.20927274
v 28.01441957 -1.18719316 12.16433046
v 28.68698396 -0.60262943 12.11192334
v 28.93642526 -0.16423628 12.09248654
v 27.77393708 -0.73978357 12.18306918
v 28.11021928 -0.44704219 12.15686562
v 27.53345459 -0.2840271 12.2018079
v 29.74471363 -1.5846071 12.02950362
v 29.50423114 -1.17187139 12.04824234
v 30.57091961 -1.28004334 11.96512454
v 29.75367244 -0.74158514 12.02880554
v 30.00311373 -0.31987073 12.00936874
v 6.09056836 1.88604386 0
v 2.03018945 4.96338367 0
v 6.09056836 4.96338367 0
v 10.57835557 1.88604386 0
v 12.82224917 3.98034456 0
v 5.83085127 2.68483015 4.27523614
v 3.71555787 0.04476451 6.85628397
v 3.67450319 0.31558179 6.85308494
v 3.63344852 0.58716617 6.8498859
v 3.55207314 0.85349662 6.84354502
v 3.47069776 1.12130664 6.83720414
v 3.38932239 1.39059624 6.83086327
v 3.34826771 1.66634811 6.82766423
v 0.2376456 2.80520103 6.58528038
v 0.64005391 2.82260935 6.61663657
v 1.03163837 2.89119805 6.64714936
v 1.42322283 2.95721091 6.67766215
v 1.81480729 3.02064793 6.70817493
v 3.30721303 1.94286707 6.82446519
v 3.26615835 2.22015312 6.82126616
v 3.18478298 2.49432269 6.81492528
v 2.2172156 3.03080093 6.73953113
v 2.61962391 3.03961847 6.77088733
v 3.1034076 2.76997183 6.8085844
v 3.02203222 3.04710055 6.80224352
v 5.05935478 0.27047078 6.96099443
v 5.01830011 0.5290777 6.9577954
v 4.97724543 0.78845171 6.95459636
v 4.81449468 1.29952216 6.94191461
v 4.77344 1.5619302 6.93871557
v 4.89587005 1.04324715 6.94825548
v 6.26102091 0.05451402 6.41285421
v 6.27929272 0.13563986 7.05605364
v 6.27343698 0.15689119 7.05559735
v 6.26691649 0.18055497 7.05508927
v 6.45903167 0.13952847 7.07005914
v 6.36209702 0.72006549 7.06250586
v 7.76177391 0.56998026 7.17157056
v 6.05574753 1.57942972 6.41285421
v 6.32104234 0.96722913 7.05930682
v 6.12415078 1.23817769 7.04396477
v 6.23966696 1.21048956 7.05296595
v 6.19861229 1.45955376 7.04976691
v 7.66483925 1.12349843 7.16401729
v 7.47270295 1.67300536 7.14904577
v 4.73238532 1.82510532 6.93551653
v 4.54024901 2.4414225 6.92054502
v 5.64887064 3.06332873 6.41285421
v 4.45887364 2.70493745 6.91420414
v 4.37749826 2.96993199 6.90786326
v 5.81433967 2.63362627 7.01982387
v 5.7329643 2.88648661 7.01348299
v 6.00647598 2.04246581 7.03479539
v 7.28056664 2.2307607 7.13407425
v 7.08843033 2.79676443 7.11910273
v 6.99149568 3.37351571 7.11154945
v 1.3962214 5.1929679 4.27523614
v 5.4203045 5.73466156 4.27523614
v 0.82887803 4.08995475 6.63135
v 1.22046249 4.14211438 6.66186279
v 1.61204695 4.19169816 6.69237558
v 2.01445526 4.18726614 6.72373177
v 2.41686357 4.18149867 6.75508797
v 3.24125191 4.26915736 6.81932542
v 0.13753347 5.14829349 6.57772863
v 0.2762017 5.16753201 6.58828472
v 0.17052676 5.37357109 6.58005039
v 1.06675652 5.26444516 6.41285421
v 1.03065707 5.27227692 6.6470729
v 1.01770215 5.34205472 6.64606343
v 1.40928661 5.37778527 6.67657622
v 1.81169492 5.35876823 6.70793241
v 0.35935087 6.64528521 6.59476381
v 1.20652626 6.57890925 6.66077686
v 3.02467882 5.80129661 6.41285421
v 2.63608325 5.42141652 6.77216986
v 2.50280888 5.68461634 6.76178494
v 3.46047159 5.47264833 6.83640731
v 2.0309146 6.61654712 6.72501431
v 2.85530294 6.64276853 6.78925175
v 3.67969128 6.65757347 6.8534892
v 5.5393915 3.8766171 6.41285421
v 4.28056361 3.60603288 6.90030998
v 5.63602964 3.4929127 7.00592971
v 5.47657011 4.07889491 6.99350441
v 5.53909499 4.10361521 6.99837644
v 5.44359726 4.58824443 6.41285421
v 4.49978329 4.76945364 6.91739187
v 5.44990172 4.27795278 6.99142638
v 5.24594173 5.02969624 6.97553354
v 6.89456102 3.95454341 7.10399617
v 6.79762637 4.53984753 7.09644289
v 5.26922145 5.22420115 6.41285421
v 4.71900297 5.91430857 6.93447376
v 5.75831467 5.20839992 7.01545833
v 5.56617836 5.82737052 7.00048681
v 5.03672037 6.07214344 6.41285421
v 4.52686667 6.55904096 6.91950225
v 5.37404206 6.45458952 6.98551529
v 6.60549006 5.13305634 7.08147137
v 6.41335375 5.73451355 7.06649985
v 6.22121745 6.34421916 7.05152833
v 7.85870856 0.02073851 7.17912384
v 13.54619026 0.53107808 6.56676271
v 13.35405395 1.23180817 6.56676271
v 14.94586715 0.38936071 6.56676271
v 14.86449177 0.68614051 6.56676271
v 14.82343709 0.99112365 6.56676271
v 14.63130079 1.69185374 6.56676271
v 13.16191764 1.93253825 6.56676271
v 12.77473209 2.94642258 6.41285421
v 12.96978134 2.63326834 6.56676271
v 12.87284668 3.35336742 6.56676271
v 14.43916448 2.39258383 6.56676271
v 15.16661816 3.33872562 6.56676271
v 12.22295758 5.65848092 4.27523614
v 12.77591203 4.0734665 6.56676271
v 12.33805866 4.53899096 6.41285421
v 13.60030037 4.29950922 6.56676271
v 12.67897737 4.79356559 6.56676271
v 13.50336571 5.0196083 6.56676271
v 13.69723502 3.57941014 6.56676271
v 14.4246887 4.52555193 6.56676271
v 11.81405055 6.45007301 6.41285421
v 14.32775405 5.24565101 6.56676271
v 15.15214239 5.47169373 6.56676271
v 0.21370415 7.05768436 0
v 4.27408306 7.05768436 0
v 6.51797666 9.15198506 0
v 4.27408306 11.24628576 0
v 8.33446196 7.05768436 0
v 10.57835557 9.15198506 0
v 12.82224917 11.24628576 0
v 2.78185714 11.71906404 4.27523614
v 2.01087711 11.85380144 6.41285421
v 6.13281879 12.98401501 6.41285421
v 11.32937728 10.05056842 6.41285421
v 11.25361104 12.85947174 4.27523614
v 10.84903651 11.80239364 6.41285421
v 10.36869575 13.55421886 6.41285421
v 16.34554404 0.24764334 6.56676271
v 16.26416866 0.54442314 6.56676271
v 16.18279328 0.84120294 6.56676271
v 16.14173861 1.14618608 6.56676271
v 16.10068393 1.45116923 6.56676271
v 17.50109479 0.99626538 6.56676271
v 17.46004012 1.30124852 6.56676271
v 17.41898544 1.60623166 6.56676271
v 17.74522093 0.10592597 6.56676271
v 17.66384555 0.40270577 6.56676271
v 17.58247017 0.69948557 6.56676271
v 15.90854762 2.15189931 6.56676271
v 17.37793076 1.9112148 6.56676271
v 16.6360013 3.09804111 6.56676271
v 17.02758576 3.2054114 6.56676271
v 17.41917022 3.31278169 6.56676271
v 17.76951522 2.01858509 6.56676271
v 18.16109968 2.12595538 6.56676271
v 18.55268414 2.23332567 6.56676271
v 18.95509245 2.28749503 6.56676271
v 19.35750076 2.3416644 6.56676271
v 17.82157853 3.36695105 6.56676271
v 19.75990907 2.39583376 6.56676271
v 20.15149353 2.50320405 6.56676271
v 20.54307799 2.61057434 6.56676271
v 20.93466245 2.71794463 6.56676271
v 21.33707077 2.772114 6.56676271
v 21.73947908 2.80520103 6.58528038
v 22.14188739 2.82260935 6.61663657
v 22.53347185 2.89119805 6.64714936
v 22.92505631 2.95721091 6.67766215
v 23.31664077 3.02064793 6.70817493
v 15.89407184 4.28486742 6.56676271
v 16.2856563 4.39223771 6.56676271
v 16.68806462 4.44640707 6.56676271
v 18.22398684 3.42112042 6.56676271
v 19.07116224 3.53516119 6.56676271
v 17.53524001 4.56044784 6.56676271
v 18.3824154 4.67448861 6.56676271
v 19.20680373 4.90053133 6.56676271
v 15.99931778 5.5857345 6.56676271
v 16.84649317 5.69977527 6.56676271
v 17.69366856 5.81381604 6.56676271
v 18.51805689 6.03985875 6.56676271
v 19.34244523 6.26590147 6.56676271
v 19.89555057 3.7612039 6.56676271
v 20.28713503 3.86857419 6.56676271
v 20.67871949 3.97594448 6.56676271
v 21.0811278 4.03011385 6.56676271
v 21.48353611 4.08428321 6.56676271
v 22.3307115 4.08995475 6.63135
v 22.72229596 4.14211438 6.66186279
v 23.11388042 4.19169816 6.69237558
v 20.03119207 5.12657404 6.56676271
v 20.42277653 5.23394433 6.56676271
v 20.82518484 5.2881137 6.56676271
v 20.16683357 6.49194418 6.56676271
v 21.01400896 6.60598495 6.56676271
v 21.67236023 5.37357109 6.58005039
v 22.51953562 5.34205472 6.64606343
v 22.91112008 5.37778527 6.67657622
v 23.31352839 5.35876823 6.70793241
v 21.86118435 6.64528521 6.59476381
v 22.70835974 6.57890925 6.66077686
v 25.21739135 0.04476451 6.85628397
v 25.17633667 0.31558179 6.85308494
v 25.13528199 0.58716617 6.8498859
v 25.05390661 0.85349662 6.84354502
v 24.97253124 1.12130664 6.83720414
v 24.89115586 1.39059624 6.83086327
v 24.85010118 1.66634811 6.82766423
v 26.56118826 0.27047078 6.96099443
v 26.52013358 0.5290777 6.9577954
v 26.4790789 0.78845171 6.95459636
v 26.39770353 1.04324715 6.94825548
v 26.31632815 1.29952216 6.94191461
v 26.27527347 1.5619302 6.93871557
v 24.80904651 1.94286707 6.82446519
v 24.76799183 2.22015312 6.82126616
v 24.68661645 2.49432269 6.81492528
v 23.71904908 3.03080093 6.73953113
v 24.12145739 3.03961847 6.77088733
v 24.60524108 2.76997183 6.8085844
v 24.5238657 3.04710055 6.80224352
v 26.2342188 1.82510532 6.93551653
v 26.04208249 2.4414225 6.92054502
v 25.96070711 2.70493745 6.91420414
v 25.87933173 2.96993199 6.90786326
v 27.23479777 2.88648661 7.01348299
v 27.96086515 0.13952847 7.07005914
v 27.86393049 0.72006549 7.06250586
v 27.82287582 0.96722913 7.05930682
v 27.74150044 1.21048956 7.05296595
v 27.70044576 1.45955376 7.04976691
v 29.16667273 1.12349843 7.16401729
v 28.97453642 1.67300536 7.14904577
v 29.36054204 0.02073851 7.17912384
v 29.26360738 0.56998026 7.17157056
v 27.50830945 2.04246581 7.03479539
v 28.78240011 2.2307607 7.13407425
v 27.31617315 2.63362627 7.01982387
v 28.59026381 2.79676443 7.11910273
v 28.49332915 3.37351571 7.11154945
v 23.51628873 4.18726614 6.72373177
v 23.91869705 4.18149867 6.75508797
v 24.74308538 4.26915736 6.81932542
v 25.78239708 3.60603288 6.90030998
v 27.13786312 3.4929127 7.00592971
v 27.04092846 4.10361521 6.99837644
v 26.00161676 4.76945364 6.91739187
v 24.13791673 5.42141652 6.77216986
v 24.96230507 5.47264833 6.83640731
v 23.53274808 6.61654712 6.72501431
v 24.35713641 6.64276853 6.78925175
v 25.18152475 6.65757347 6.8534892
v 26.22083645 5.91430857 6.93447376
v 27.06801184 5.82737052 7.00048681
v 26.02870014 6.55904096 6.91950225
v 26.87587553 6.45458952 6.98551529
v 28.3963945 3.95454341 7.10399617
v 28.29945984 4.53984753 7.09644289
v 27.26014815 5.20839992 7.01545833
v 28.10732354 5.13305634 7.08147137
v 27.91518723 5.73451355 7.06649985
v 27.72305092 6.34421916 7.05152833
v 3.71948245 0.11909242 7.47052123
v 3.67842777 0.38997856 7.46803309
v 3.72340702 0.19340016 8.08462258
v 3.56065627 0.72370065 8.07757716
v 3.51567702 0.92219904 7.45816951
v 3.43430164 1.19052864 7.45323771
v 3.35292626 1.46033781 7.44830592
v 3.39790551 1.25991943 8.07053174
v 3.31653014 1.53024818 8.06700903
v 3.60563552 0.52581147 8.6954271
v 3.44288476 1.06011026 8.69119985
v 3.28013401 1.60032734 8.6869726
v 0.17175263 2.82526685 7.25550933
v 0.57416094 2.8426083 7.27989748
v 0.9657454 2.91124224 7.30362965
v 1.35732986 2.97730035 7.32736182
v 0.10585965 2.84539039 7.92802027
v 0.50826796 2.86266496 7.94544038
v 0.89985242 2.93134415 7.96239193
v 1.68302134 3.06097502 7.99629503
v 3.31187158 1.73652491 7.44581778
v 3.27081691 2.01347909 7.44332964
v 3.27547546 1.8068705 8.06523178
v 3.1127247 2.35423365 8.05818636
v 2.14049878 3.10168904 7.37482616
v 2.54290709 3.10980188 7.39921431
v 3.10806615 2.56207002 7.43346605
v 3.02669078 2.83858485 7.42853426
v 2.9453154 3.11657925 7.42360246
v 2.46619026 3.18030252 8.03019812
v 2.86859857 3.18637519 8.04761823
v 2.94997395 2.9075151 8.05114094
v 0.44237499 2.88277933 8.61326526
v 1.22554391 3.01765236 8.63360712
v 3.11738326 2.14646272 8.68274534
v 2.00871283 3.14222204 8.65394898
v 2.79188175 3.25648836 8.67429084
v 2.9546325 2.69851639 8.67851809
v 7.77519415 0.70500247 7.71631963
v 7.68741991 0.9197579 7.88674431
v 7.45594222 1.55379246 8.00225957
v 7.45512257 1.55333735 8.01599054
v 7.4424619 1.54630759 8.24561911
v 7.43456528 1.54192304 8.38000356
v 7.41157715 1.52915902 8.7942818
v 7.39092154 1.80114241 7.6930306
v 7.19878523 2.36158497 7.68138608
v 7.00664893 2.93027593 7.66974157
v 7.11700383 2.49320247 8.23153015
v 7.22735873 2.05979616 8.78949695
v 6.92486752 3.06458066 8.22321264
v 6.84308611 3.19967861 8.77951594
v 3.75377831 0.14557482 9.92595011
v 3.59102755 0.67505524 9.92735919
v 3.4282768 1.21045395 9.92876828
v 0.30795277 2.90575639 9.95578382
v 1.05547247 3.14401716 9.94931185
v 1.83864139 3.26698707 9.94253123
v 3.18779431 1.73221034 9.93085036
v 3.02504355 2.28072427 9.93225944
v 2.8622928 2.8351565 9.93366853
v 2.62181031 3.37965362 9.93575061
v 7.449667 1.55030818 9.46427771
v 7.47430058 1.56398583 9.8937381
v 7.20654887 2.3387793 9.89605627
v 0.20515487 6.70413419 7.25753369
v 1.05233026 6.63759758 7.30887717
v 1.8767186 6.67562263 7.35883963
v 0.05095886 6.76323774 7.92564364
v 0.89813425 6.69654047 7.96231755
v 1.72252259 6.73495271 7.99800502
v 2.70110693 6.70223122 7.40880209
v 0.74393825 6.75573793 8.621098
v 6.90971427 3.50930127 7.6638668
v 6.81277962 4.09260302 7.65799202
v 6.82793286 3.64588005 8.21901637
v 6.44366025 4.82601941 8.20238135
v 6.4588135 4.37255464 8.76953492
v 4.34988361 6.721199 7.508727
v 5.197059 6.61375996 7.56007048
v 6.428507 5.28000571 7.63470299
v 6.2363707 5.88607966 7.62305848
v 6.04423439 6.50040199 7.61141396
v 5.02007594 6.774437 8.1407549
v 6.07454088 5.57842425 8.75955391
v 6.05938764 6.03915236 8.18574633
v 5.86725133 6.65809143 8.17742882
v 6.63874299 3.4581789 9.9009723
v 6.25447037 4.64326437 9.9042993
v 5.87019776 5.86134343 9.9076263
v 7.87212881 0.15552914 7.7221944
v 7.89524939 0.06946532 7.83675553
v 7.87496224 0.18395683 7.83675553
v 7.79942599 0.61391396 7.83675553
v 7.78824869 0.6453819 7.83675553
v 10.95956135 0.6453819 7.83675553
v 13.53277001 0.35339067 7.24510018
v 13.51934977 0.17570325 7.92343765
v 13.31157134 0.03661776 8.07468566
v 13.51594844 0.13066884 8.09536052
v 13.3406337 1.05412075 7.24510018
v 13.32721346 0.87643334 7.92343765
v 13.20080133 0.85222538 8.06348013
v 13.1484974 1.75485084 7.24510018
v 12.95582078 1.7537929 8.03869781
v 13.05936409 1.8112847 8.04917229
v 12.94294084 2.27789351 7.92343765
v 12.76422478 3.15631101 7.24510018
v 11.11007801 3.58272929 8.3719132
v 12.66729013 3.87641009 7.24510018
v 12.55866823 3.67935368 7.92343765
v 12.57035547 4.59650918 7.24510018
v 13.39474381 4.82255189 7.24510018
v 12.46173357 4.39945277 7.92343765
v 13.28612191 4.62549548 7.92343765
v 14.21913215 5.0485946 7.24510018
v 14.93489859 5.07758091 7.92343765
v 12.4244296 3.58272929 8.3719132
v 12.54407815 3.58272929 8.3719132
v 12.52302095 3.58272929 8.60177511
v 12.35311168 4.20239636 8.60177511
v 14.00188835 4.65448178 8.60177511
v 12.19038827 3.7828241 9.95845005
v 12.11278516 3.58272929 10.60545094
v 13.76411395 4.45083102 9.95845005
v 15.41289062 4.90291645 9.95845005
v 3.73917034 0.29386842 11.15325766
v 3.57641959 0.82444877 11.16030308
v 3.3359371 1.34049456 11.17071348
v 3.72456238 0.4423118 12.38157701
v 3.82036208 1.25548664 12.37411217
v 3.48407988 0.95264699 12.40031573
v 3.24359739 1.47132907 12.41905445
v 0.17353055 2.928822 11.30761291
v 0.92105025 3.16814308 11.27525305
v 3.09545461 1.86488724 11.18112388
v 2.93270385 2.41577973 11.1881693
v 2.69222136 2.95571621 11.1985797
v 2.76263241 2.53373387 12.45653189
v 3.0031149 1.99835803 12.43779317
v 3.57987959 1.77095764 12.39285089
v 3.3393971 2.29477552 12.41158961
v 2.52214992 3.0774566 12.47527061
v 3.09891461 2.82694029 12.43032833
v 3.3483559 3.30586788 12.41089153
v 7.52946164 1.59461367 10.86566295
v 7.5230327 1.59104404 10.98945564
v 7.50276235 1.57978905 11.35286591
v 4.30132706 0.24958529 12.33663473
v 4.06084457 0.74836253 12.35537345
v 4.63760926 0.55150591 12.31043117
v 4.87809175 0.06428664 12.29169245
v 5.21437394 0.36207715 12.26548889
v 5.8198856 0.15801713 12.21830661
v 5.79113863 0.18007625 12.22054661
v 4.97389145 0.84608535 12.28422761
v 5.55065614 0.65252649 12.23928533
v 5.8198856 0.6453819 12.21830661
v 4.39712677 1.04707207 12.32916989
v 4.15664428 1.55098511 12.34790861
v 4.73340896 1.33844043 12.30296633
v 5.80009743 1.10713341 12.21984853
v 7.46375442 1.55813014 12.09021414
v 6.04953873 1.55316849 12.20041173
v 7.00220574 2.58748328 11.01200205
v 3.91616178 2.06324503 12.36664733
v 4.16560308 2.53406573 12.34721053
v 4.98285026 1.80115424 12.28352953
v 5.23229155 2.25529621 12.26409273
v 4.41504438 2.99631459 12.32777373
v 5.48173285 2.70086633 12.24465593
v 5.73117414 3.13786459 12.22521913
v 7.3656685 1.74007226 12.09785713
v 6.29898002 1.99063172 12.18097493
v 6.54842132 2.4195231 12.16153813
v 6.79786262 2.83984263 12.14210133
v 0.03910834 2.95197619 12.66875254
v 0.78662804 3.19235756 12.61050481
v 5.8198856 0.6453819 13.86483849
v 1.66856995 3.39293278 11.2428932
v 2.45173887 3.50399957 11.2089901
v 0.95738305 3.68691716 12.59719935
v 1.53414773 3.41820757 12.55225707
v 1.20682434 4.1975239 12.57776254
v 1.45626564 4.6995588 12.55832574
v 2.28166743 3.6295262 12.49400933
v 2.53110873 4.11656068 12.47457253
v 3.5977972 3.77622362 12.39145473
v 2.78055002 4.59502331 12.45513572
v 3.8472385 4.23800752 12.37201793
v 3.02999132 5.0649141 12.43569892
v 1.70570694 5.19302185 12.53888894
v 1.95514823 5.67791305 12.51945214
v 3.27943261 5.52623303 12.41626212
v 2.20458953 6.15423241 12.50001534
v 2.45403082 6.62197992 12.48057854
v 3.52887391 5.97898012 12.39682532
v 3.77831521 6.42315536 12.37738852
v 6.43439986 3.72033456 11.03658216
v 6.05012725 4.91762947 11.05321718
v 4.66448567 3.44999159 12.30833693
v 4.91392697 3.89509675 12.28890013
v 4.09667979 4.69121956 12.35258112
v 5.16336826 4.33163006 12.26946333
v 5.41280956 4.75959152 12.25002652
v 5.98061544 3.56629102 12.20578233
v 6.23005674 3.98614559 12.18634553
v 5.48232137 6.13713507 11.07779729
v 4.34612109 5.13585976 12.33314432
v 4.59556238 5.57192811 12.31370752
v 5.66225085 5.17898113 12.23058972
v 4.84500368 5.99942461 12.29427072
v 5.09444497 6.41834927 12.27483392
v 0.20986335 3.46027462 12.65544708
v 0.13198126 4.79540571 12.66151576
v 0.38142255 5.31244102 12.64207896
v 0.63086385 5.82090449 12.62264216
v 0.88030514 6.32079612 12.60320536
v 13.60139054 4.03125877 11.31512498
v 15.17511622 4.69926569 11.31512498
v 11.11007801 3.58272929 14.39999615
v 13.37044818 3.58272929 12.67179992
v 13.43866713 3.61168651 12.67179992
v 14.76295152 3.71877883 12.67179992
v 15.01239281 4.27969343 12.67179992
v 3.37129926 6.77752779 8.06937996
v 2.39271492 6.82192031 8.66392297
v 4.0414916 6.84243682 8.70674793
v 5.69026827 6.81728746 8.7495729
v 0.43111285 6.83477788 9.95471751
v 2.00483853 7.12445905 9.9410923
v 3.6536152 7.138822 9.92681731
v 5.30239188 7.10751909 9.91254233
v 1.23989708 11.98853883 8.55047228
v 11.40514352 7.24166511 8.55047228
v 1.69201313 7.20954385 11.24187835
v 0.11828745 6.914053 11.31000436
v 3.26573881 7.44062974 11.17375234
v 1.12974644 6.81211589 12.58376856
v 1.37918773 7.29486382 12.56433176
v 2.70347212 7.08115557 12.46114174
v 2.95291341 7.53175939 12.44170494
v 4.91451549 7.40317326 11.1023774
v 4.0277565 6.85875875 12.35795172
v 4.2771978 7.28579029 12.33851492
v 4.52663909 7.70424999 12.31907812
v 17.49324564 0.82845927 7.92343765
v 17.41579484 1.20914212 7.24510018
v 17.37474017 1.51412526 7.24510018
v 17.33049489 1.42201887 7.92343765
v 17.74129635 0.02202292 7.24510018
v 17.65992097 0.31880272 7.24510018
v 17.5785456 0.61558252 7.24510018
v 17.6559964 0.23489966 7.92343765
v 17.40794569 1.04133601 8.60177511
v 17.24519494 1.63489561 8.60177511
v 17.57069645 0.44777641 8.60177511
v 17.33368549 1.8191084 7.24510018
v 17.28944021 1.72700201 7.92343765
v 17.72526995 1.92647869 7.24510018
v 18.11685441 2.03384898 7.24510018
v 18.90002333 2.24858956 7.24510018
v 19.30243164 2.30275893 7.24510018
v 17.68102467 1.8343723 7.92343765
v 18.46419359 2.04911288 7.92343765
v 19.24736251 2.26385346 7.92343765
v 18.02836386 1.84963619 8.60177511
v 18.81153278 2.06437677 8.60177511
v 19.70483995 2.35692829 7.24510018
v 20.09642441 2.46429858 7.24510018
v 19.64977082 2.31802282 7.92343765
v 20.04135528 2.42539311 7.92343765
v 20.48800887 2.57166887 7.24510018
v 21.27117779 2.78640945 7.24510018
v 20.8245242 2.64013369 7.92343765
v 21.6735861 2.82526685 7.25550933
v 22.07599441 2.8426083 7.27989748
v 22.46757887 2.91124224 7.30362965
v 22.85916333 2.97730035 7.32736182
v 21.60769313 2.84539039 7.92802027
v 22.01010144 2.86266496 7.94544038
v 22.4016859 2.93134415 7.96239193
v 23.18485482 3.06097502 7.99629503
v 19.5947017 2.27911735 8.60177511
v 20.37787062 2.49385793 8.60177511
v 21.16103954 2.70859851 8.60177511
v 21.94420846 2.88277933 8.61326526
v 22.72737738 3.01765236 8.63360712
v 17.50757268 0.25340481 9.95845005
v 17.34482192 0.84696441 9.95845005
v 17.18207117 1.44052402 9.95845005
v 17.92959087 1.7578273 9.95845005
v 18.71275979 1.97256788 9.95845005
v 19.49592871 2.18730846 9.95845005
v 20.2434484 2.50461175 9.95845005
v 21.02661732 2.71935232 9.95845005
v 21.80978624 2.90575639 9.95578382
v 22.55730594 3.14401716 9.94931185
v 23.34047486 3.26698707 9.94253123
v 15.86790882 5.50068003 7.24510018
v 16.71508421 5.6147208 7.24510018
v 16.58367526 5.52966634 7.92343765
v 17.43085065 5.64370711 7.92343765
v 17.5622596 5.72876157 7.24510018
v 18.25523899 5.86974982 7.92343765
v 18.38664794 5.95480429 7.24510018
v 19.21103628 6.180847 7.24510018
v 15.65066502 5.10656721 8.60177511
v 17.2994417 5.55865264 8.60177511
v 18.94821837 6.01073807 8.60177511
v 20.85981295 6.63293243 7.24510018
v 19.90401566 6.32183525 7.92343765
v 21.70698834 6.70413419 7.25753369
v 22.55416373 6.63759758 7.30887717
v 21.55279234 6.76323774 7.92564364
v 22.39996773 6.69654047 7.96231755
v 23.22435606 6.73495271 7.99800502
v 20.59699505 6.4628235 8.60177511
v 22.24577172 6.75573793 8.621098
v 17.0616673 5.35500188 9.95845005
v 18.63539298 6.0230088 9.95845005
v 20.28416965 6.47509423 9.95845005
v 25.22131592 0.11909242 7.47052123
v 25.18026124 0.38997856 7.46803309
v 25.2252405 0.19340016 8.08462258
v 25.06248974 0.72370065 8.07757716
v 25.01751049 0.92219904 7.45816951
v 24.93613511 1.19052864 7.45323771
v 24.85475974 1.46033781 7.44830592
v 24.89973899 1.25991943 8.07053174
v 24.81836361 1.53024818 8.06700903
v 25.10746899 0.52581147 8.6954271
v 24.94471824 1.06011026 8.69119985
v 24.78196748 1.60032734 8.6869726
v 24.77265038 2.01347909 7.44332964
v 24.81370506 1.73652491 7.44581778
v 24.77730893 1.8068705 8.06523178
v 24.61455818 2.35423365 8.05818636
v 23.64233225 3.10168904 7.37482616
v 24.04474056 3.10980188 7.39921431
v 24.60989963 2.56207002 7.43346605
v 24.52852425 2.83858485 7.42853426
v 24.44714887 3.11657925 7.42360246
v 23.96802374 3.18030252 8.03019812
v 24.45180742 2.9075151 8.05114094
v 24.37043205 3.18637519 8.04761823
v 24.61921673 2.14646272 8.68274534
v 23.5105463 3.14222204 8.65394898
v 24.29371522 3.25648836 8.67429084
v 24.45646598 2.69851639 8.67851809
v 29.37396228 0.15552914 7.7221944
v 29.27702763 0.70500247 7.71631963
v 29.00310992 1.37519128 8.24816517
v 29.11346482 0.95290731 8.79947796
v 29.38738253 0.29017368 8.26480019
v 28.89275501 1.80114241 7.6930306
v 28.70061871 2.36158497 7.68138608
v 28.5084824 2.93027593 7.66974157
v 28.6188373 2.49320247 8.23153015
v 28.7291922 2.05979616 8.78949695
v 28.42670099 3.06458066 8.22321264
v 28.34491959 3.19967861 8.77951594
v 25.25561178 0.14557482 9.92595011
v 25.09286103 0.67505524 9.92735919
v 24.93011027 1.21045395 9.92876828
v 24.68962778 1.73221034 9.93085036
v 24.52687703 2.28072427 9.93225944
v 24.12364378 3.37965362 9.93575061
v 24.36412627 2.8351565 9.93366853
v 29.09265496 1.22680916 9.89272927
v 29.47692757 0.1478326 9.88940227
v 28.70838234 2.3387793 9.89605627
v 23.37855207 6.67562263 7.35883963
v 24.20294041 6.70223122 7.40880209
v 25.85171708 6.721199 7.508727
v 26.69889247 6.61375996 7.56007048
v 26.52190941 6.774437 8.1407549
v 28.41154775 3.50930127 7.6638668
v 28.31461309 4.09260302 7.65799202
v 28.32976634 3.64588005 8.21901637
v 27.94549373 4.82601941 8.20238135
v 27.96064697 4.37255464 8.76953492
v 27.93034048 5.28000571 7.63470299
v 27.73820417 5.88607966 7.62305848
v 27.54606786 6.50040199 7.61141396
v 27.57637436 5.57842425 8.75955391
v 27.56122111 6.03915236 8.18574633
v 27.3690848 6.65809143 8.17742882
v 28.14057646 3.4581789 9.9009723
v 27.75630385 4.64326437 9.9042993
v 27.37203123 5.86134343 9.9076263
v 17.28169815 0.65259281 11.31512498
v 17.1189474 1.24615242 11.31512498
v 17.52218064 0.08605157 11.31512498
v 17.8664671 1.5634557 11.31512498
v 18.61398679 1.88075899 11.31512498
v 19.39715571 2.09549957 11.31512498
v 20.14467541 2.41280285 11.31512498
v 20.89219511 2.73010614 11.31512498
v 21.67536403 2.928822 11.30761291
v 22.42288373 3.16814308 11.27525305
v 16.38325924 0.33912028 12.67179992
v 16.96002392 0.1289093 12.67179992
v 16.71954143 0.69545055 12.67179992
v 17.29630612 0.48523957 12.67179992
v 16.47905894 1.26199179 12.67179992
v 16.24975375 1.50030114 12.67179992
v 17.05582363 1.05178082 12.67179992
v 17.22657864 1.57929508 12.67179992
v 17.80334332 1.3690841 12.67179992
v 18.55086302 1.68638739 12.67179992
v 16.24975375 2.01400678 12.67179992
v 16.24975375 2.52771241 12.67179992
v 16.64981395 1.78950605 12.67179992
v 17.39733365 2.10680934 12.67179992
v 16.82056896 2.31702032 12.67179992
v 16.41455929 3.05474555 12.67179992
v 16.99132398 2.84453458 12.67179992
v 17.16207899 3.37204884 12.67179992
v 17.97409834 1.89659837 12.67179992
v 18.14485335 2.42411263 12.67179992
v 19.29838272 2.00369068 12.67179992
v 18.72161803 2.21390165 12.67179992
v 17.56808866 2.6343236 12.67179992
v 18.31560836 2.95162689 12.67179992
v 17.73884367 3.16183786 12.67179992
v 18.89237305 2.74141591 12.67179992
v 19.06312806 3.26893018 12.67179992
v 19.46913773 2.53120494 12.67179992
v 20.04590242 2.32099396 12.67179992
v 20.21665743 2.84850822 12.67179992
v 19.63989274 3.0587192 12.67179992
v 20.38741244 3.37602249 12.67179992
v 20.79342212 2.63829725 12.67179992
v 20.96417713 3.16581151 12.67179992
v 21.54094181 2.95197619 12.66875254
v 22.28846151 3.19235756 12.61050481
v 16.82389289 5.15135111 11.31512498
v 18.39761857 5.81935803 11.31512498
v 23.17040342 3.39293278 11.2428932
v 22.45921652 3.68691716 12.59719935
v 23.03598121 3.41820757 12.55225707
v 22.70865782 4.1975239 12.57776254
v 22.95809911 4.6995588 12.55832574
v 19.97134425 6.48736495 11.31512498
v 23.20754041 5.19302185 12.53888894
v 16.24975375 3.58272929 12.67179992
v 16.0872359 3.82587114 12.67179992
v 17.41152028 3.93296345 12.67179992
v 16.3366772 4.38678574 12.67179992
v 16.58611849 4.94770035 12.67179992
v 18.48636337 3.47914115 12.67179992
v 18.73580467 4.04005576 12.67179992
v 17.66096158 4.49387805 12.67179992
v 17.91040288 5.05479266 12.67179992
v 18.98524596 4.60097037 12.67179992
v 16.24975375 3.58272929 14.39999615
v 18.15984417 5.61570727 12.67179992
v 19.23468726 5.16188497 12.67179992
v 19.81064776 3.58623346 12.67179992
v 20.06008905 4.14714807 12.67179992
v 21.13493214 3.69332577 12.67179992
v 20.30953035 4.70806268 12.67179992
v 21.38437343 4.25424038 12.67179992
v 21.71169682 3.46027462 12.65544708
v 21.63381473 4.79540571 12.66151576
v 19.48412856 5.72279958 12.67179992
v 20.55897164 5.26897728 12.67179992
v 20.80841294 5.82989189 12.67179992
v 19.73356985 6.28371419 12.67179992
v 21.05785423 6.3908065 12.67179992
v 21.88325603 5.31244102 12.64207896
v 22.13269732 5.82090449 12.62264216
v 22.38213862 6.32079612 12.60320536
v 25.24100382 0.29386842 11.15325766
v 25.07825306 0.82444877 11.16030308
v 24.83777057 1.34049456 11.17071348
v 25.22639585 0.4423118 12.38157701
v 24.98591336 0.95264699 12.40031573
v 24.74543087 1.47132907 12.41905445
v 25.80316054 0.24958529 12.33663473
v 25.56267804 0.74836253 12.35537345
v 26.13944273 0.55150591 12.31043117
v 26.37992522 0.06428664 12.29169245
v 26.71620742 0.36207715 12.26548889
v 26.47572493 0.84608535 12.28422761
v 27.05248961 0.65252649 12.23928533
v 25.32219555 1.25548664 12.37411217
v 25.89896024 1.04707207 12.32916989
v 25.65847775 1.55098511 12.34790861
v 26.23524244 1.33844043 12.30296633
v 24.59728808 1.86488724 11.18112388
v 24.43453733 2.41577973 11.1881693
v 24.19405484 2.95571621 11.1985797
v 24.26446589 2.53373387 12.45653189
v 24.50494838 1.99835803 12.43779317
v 25.08171306 1.77095764 12.39285089
v 24.84123057 2.29477552 12.41158961
v 24.0239834 3.0774566 12.47527061
v 24.60074808 2.82694029 12.43032833
v 24.85018938 3.30586788 12.41089153
v 25.41799526 2.06324503 12.36664733
v 25.66743655 2.53406573 12.34721053
v 26.48468373 1.80115424 12.28352953
v 26.73412503 2.25529621 12.26409273
v 25.91687785 2.99631459 12.32777373
v 26.98356632 2.70086633 12.24465593
v 27.23300762 3.13786459 12.22521913
v 29.0718451 1.50116459 10.98742194
v 29.45611771 0.41710674 10.97078692
v 29.18586656 0.26558502 12.07304974
v 27.2929721 0.18007625 12.22054661
v 27.86973679 0.0055032 12.17560434
v 28.11917808 0.45200324 12.15616753
v 28.36861938 0.88993143 12.13673073
v 28.61806068 1.31928776 12.11729393
v 27.30193091 1.10713341 12.21984853
v 27.5513722 1.55316849 12.20041173
v 29.43530785 0.68683447 12.05361293
v 28.50403922 2.58748328 11.01200205
v 28.86750197 1.74007226 12.09785713
v 27.8008135 1.99063172 12.18097493
v 28.05025479 2.4195231 12.16153813
v 28.29969609 2.83984263 12.14210133
v 23.95357234 3.50399957 11.2089901
v 23.78350091 3.6295262 12.49400933
v 24.0329422 4.11656068 12.47457253
v 25.09963067 3.77622362 12.39145473
v 24.2823835 4.59502331 12.45513572
v 24.53182479 5.0649141 12.43569892
v 26.16631915 3.44999159 12.30833693
v 26.41576044 3.89509675 12.28890013
v 25.34907197 4.23800752 12.37201793
v 25.59851327 4.69121956 12.35258112
v 26.66520174 4.33163006 12.26946333
v 26.91464303 4.75959152 12.25002652
v 26.98415484 6.13713507 11.07779729
v 23.45698171 5.67791305 12.51945214
v 24.78126609 5.52623303 12.41626212
v 23.706423 6.15423241 12.50001534
v 23.9558643 6.62197992 12.48057854
v 25.03070738 5.97898012 12.39682532
v 25.28014868 6.42315536 12.37738852
v 25.84795456 5.13585976 12.33314432
v 26.09739586 5.57192811 12.31370752
v 27.16408433 5.17898113 12.23058972
v 26.34683715 5.99942461 12.29427072
v 26.59627845 6.41834927 12.27483392
v 27.93623334 3.72033456 11.03658216
v 27.55196072 4.91762947 11.05321718
v 27.48244891 3.56629102 12.20578233
v 27.73189021 3.98614559 12.18634553
v 21.93294632 6.83477788 9.95471751
v 24.87313274 6.77752779 8.06937996
v 23.8945484 6.82192031 8.66392297
v 25.54332507 6.84243682 8.70674793
v 27.19210174 6.81728746 8.7495729
v 23.506672 7.12445905 9.9410923
v 25.15544868 7.138822 9.92681731
v 26.80422535 7.10751909 9.91254233
v 23.19384661 7.20954385 11.24187835
v 21.62012093 6.914053 11.31000436
v 22.63157991 6.81211589 12.58376856
v 22.88102121 7.29486382 12.56433176
v 21.30729553 6.95172111 12.67179992
v 24.76757229 7.44062974 11.17375234
v 26.41634896 7.40317326 11.1023774
v 24.20530559 7.08115557 12.46114174
v 24.45474689 7.53175939 12.44170494
v 25.52958998 6.85875875 12.35795172
v 25.77903127 7.28579029 12.33851492
v 26.02847257 7.70424999 12.31907812
f 126 128 130
f 126 148 127
f 126 127 129
f 126 129 128
f 126 130 155
f 128 1628 133
f 128 133 130
f 127 150 129
f 127 147 150
f 128 129 1629
f 129 150 152
f 129 152 1629
f 130 133 131
f 130 131 132
f 130 132 155
f 131 133 592
f 133 593 592
f 133 1633 1632
f 133 1632 593
f 126 155 148
f 127 149 147
f 127 148 149
f 148 950 149
f 147 149 949
f 148 155 956
f 147 153 150
f 147 151 153
f 150 1642 152
f 150 153 1642
f 147 949 151
f 151 949 154
f 132 156 155
f 155 156 165
f 155 165 956
f 148 956 950
f 149 952 949
f 149 950 952
f 949 952 951
f 951 952 1061
f 951 1061 1060
f 950 956 1065
f 154 949 951
f 154 951 953
f 951 1060 953
f 953 1060 954
f 954 1060 2599
f 954 2599 955
f 165 966 956
f 956 966 977
f 956 977 1065
f 950 1062 952
f 950 1065 1062
f 952 1062 1061
f 1061 1062 1064
f 1062 1065 1069
f 1060 1061 1063
f 1061 1064 1063
f 1060 1063 2599
f 1062 1069 1064
f 1063 1064 2602
f 1064 1069 2606
f 1065 1067 1069
f 977 1066 1065
f 1065 1066 1067
f 1067 1068 1069
f 1069 1070 2606
f 1068 1070 1069
f 1628 1630 1634
f 133 1628 1634
f 128 1629 1628
f 152 1645 1629
f 1628 1629 1631
f 1629 1645 1631
f 1628 1631 1630
f 1630 1631 1646
f 1630 1649 1637
f 1630 1637 1634
f 133 1634 1633
f 1633 1634 1635
f 1634 1896 1635
f 1634 1638 1896
f 1634 1637 1638
f 1637 1639 1638
f 1637 1758 1639
f 152 1642 1643
f 152 1643 1645
f 1643 1644 1645
f 1644 1647 1645
f 1644 2473 1647
f 1647 2473 1648
f 1631 1645 1647
f 1631 1647 1646
f 1630 1646 1649
f 1637 1649 1760
f 1646 1647 1648
f 1646 2476 1649
f 1646 1648 2476
f 1649 2477 1760
f 1637 1760 1758
f 1758 1760 2016
f 1760 2018 2016
f 1760 2836 2018
f 1760 2840 2836
f 1648 2473 2475
f 955 2600 2474
f 955 2599 2600
f 1648 2475 2603
f 2474 2603 2475
f 2474 2600 2603
f 1648 2603 2476
f 1649 2476 2477
f 1760 2477 2588
f 2476 2604 2477
f 2476 2603 2604
f 1760 2588 2840
f 2588 2590 2840
f 2588 2596 2590
f 1063 2601 2599
f 2599 2601 2600
f 1063 2602 2601
f 2600 2604 2603
f 2600 2601 2604
f 1064 2606 2602
f 2602 2606 2610
f 2601 2605 2604
f 2477 2604 2605
f 2477 2605 2588
f 2588 2605 2610
f 2601 2602 2605
f 2602 2610 2605
f 2606 2608 2610
f 1070 2971 2606
f 2606 2971 2608
f 2588 2610 2609
f 2588 2609 2596
f 2609 2610 2611
f 2608 2612 2610
f 2610 2612 2611
f 2590 2842 2840
f 2590 2855 2842
f 2590 2972 2855
f 151 172 153
f 153 173 1642
f 151 205 172
f 153 172 173
f 151 154 205
f 154 987 205
f 172 205 185
f 172 190 173
f 172 178 190
f 172 185 178
f 173 190 201
f 173 201 1659
f 205 987 220
f 205 220 213
f 185 205 213
f 154 953 987
f 953 1025 987
f 953 954 1025
f 954 955 1026
f 954 1026 1025
f 955 2529 1026
f 987 1025 1027
f 220 987 989
f 987 991 989
f 987 1005 991
f 987 1028 1005
f 987 1027 1028
f 1025 1026 1030
f 1026 2529 1049
f 1025 1030 1027
f 1026 1042 1030
f 1026 1049 1042
f 1049 2529 1050
f 1642 1650 1643
f 173 1650 1642
f 1643 1650 1651
f 1643 1651 1644
f 1644 1651 1712
f 173 1659 1650
f 1650 1705 1651
f 1650 1659 1701
f 1650 1701 1705
f 1651 1736 1712
f 1651 1705 1729
f 1651 1729 1735
f 1651 1735 1736
f 1712 1736 1747
f 1712 1747 1750
f 1712 1750 2507
f 1644 1712 2473
f 2473 2478 2475
f 1712 2478 2473
f 955 2474 2529
f 2474 2475 2530
f 2474 2530 2529
f 2475 2478 2530
f 1712 2511 2478
f 1712 2507 2513
f 1712 2513 2511
f 1750 2505 2506
f 1750 2506 2507
f 2478 2520 2554
f 2478 2511 2520
f 2529 2530 2547
f 2478 2554 2530
f 1050 2529 1051
f 1051 2529 2537
f 2529 2538 2537
f 2529 2541 2538
f 2529 2549 2541
f 2529 2547 2549
f 2530 2554 2561
f 2530 2561 2565
f 2554 2557 2561
f 2561 2562 2565
f 2530 2569 2547
f 2530 2565 2569
f 131 592 134
f 134 593 135
f 135 593 1632
f 134 592 593
f 1635 1896 1636
f 1636 1896 1638
f 1758 2016 1768
f 1768 2016 2018
f 1768 2018 2836
f 1768 2840 2583
f 2583 2972 2590
f 1070 2607 2971
f 2607 2608 2971
f 1768 2836 2840
f 2583 2840 2842
f 2583 2842 2855
f 2583 2855 2972
f 989 991 1005
f 989 1005 1004
f 1004 1005 1028
f 1004 1028 1027
f 1049 1050 1051
f 1049 1051 2537
f 1049 2537 2538
f 1705 1733 1729
f 1733 1736 1735
f 1729 1733 1735
f 1750 2504 2505
f 2504 2511 2507
f 2504 2507 2506
f 2504 2506 2505
f 2507 2511 2513
f 1049 2538 2540
f 2538 2541 2540
f 2540 2541 2549
f 2540 2549 2547
f 2554 2561 2557
f 2554 2559 2561
f 2559 2565 2562
f 2559 2562 2561
f 1 3 244
f 1 244 2
f 2 244 246
f 2 246 12
f 12 246 287
f 3 4 249
f 3 249 244
f 4 7 250
f 4 250 249
f 7 253 250
f 7 8 253
f 8 9 254
f 8 254 253
f 9 10 262
f 9 262 254
f 10 11 262
f 11 68 263
f 11 263 262
f 12 287 14
f 14 287 289
f 14 289 15
f 15 291 16
f 15 289 291
f 16 291 293
f 16 293 17
f 17 293 32
f 32 293 306
f 32 306 35
f 35 306 308
f 35 308 39
f 39 308 311
f 37 39 311
f 37 312 38
f 37 311 312
f 38 312 1071
f 68 69 348
f 68 348 263
f 69 81 351
f 69 351 348
f 81 352 351
f 81 82 352
f 82 83 353
f 83 88 353
f 88 89 356
f 244 245 246
f 245 247 246
f 246 247 287
f 247 288 287
f 245 255 247
f 247 255 248
f 247 248 288
f 244 249 245
f 249 250 251
f 245 249 251
f 250 252 251
f 250 253 252
f 253 254 264
f 252 253 264
f 245 251 255
f 251 256 255
f 251 252 256
f 252 257 256
f 252 264 257
f 248 255 258
f 259 260 269
f 255 256 259
f 255 259 258
f 256 260 259
f 256 257 260
f 257 261 260
f 258 259 270
f 260 261 271
f 254 262 265
f 262 263 265
f 254 265 264
f 263 266 265
f 263 348 266
f 257 264 267
f 264 265 267
f 265 266 267
f 266 350 267
f 257 267 261
f 267 350 268
f 261 267 268
f 261 268 282
f 268 366 283
f 258 270 426
f 260 271 269
f 269 271 272
f 269 272 274
f 271 277 272
f 259 269 270
f 261 282 271
f 269 274 270
f 270 274 433
f 271 282 277
f 277 282 284
f 272 277 273
f 272 273 274
f 273 275 276
f 273 276 274
f 274 276 433
f 275 434 276
f 275 279 434
f 279 280 435
f 273 278 275
f 273 277 278
f 275 278 281
f 277 284 278
f 275 281 279
f 279 440 280
f 278 285 281
f 279 281 440
f 268 283 282
f 282 283 284
f 283 286 284
f 283 500 286
f 278 284 285
f 281 285 524
f 281 524 440
f 284 286 285
f 285 286 528
f 287 288 289
f 288 292 289
f 248 290 288
f 288 290 292
f 289 292 291
f 291 292 294
f 291 294 293
f 293 294 306
f 294 307 306
f 292 295 294
f 290 295 292
f 294 295 307
f 295 310 307
f 248 303 290
f 248 258 303
f 290 303 304
f 258 426 303
f 290 304 295
f 295 339 310
f 295 304 339
f 303 427 304
f 304 428 339
f 306 307 308
f 307 309 308
f 308 309 311
f 307 310 309
f 309 310 315
f 309 313 311
f 311 313 312
f 312 313 1072
f 313 315 314
f 313 314 1072
f 309 315 313
f 310 339 340
f 310 340 315
f 339 455 340
f 315 340 341
f 314 315 341
f 340 456 341
f 348 351 349
f 266 348 349
f 266 349 350
f 349 355 350
f 351 352 354
f 82 353 352
f 349 351 354
f 352 358 354
f 352 353 358
f 349 354 355
f 354 358 362
f 354 362 355
f 88 356 353
f 89 357 356
f 89 157 357
f 353 356 358
f 356 360 358
f 356 357 360
f 357 636 360
f 357 637 636
f 359 360 636
f 358 360 362
f 360 364 362
f 359 361 360
f 360 361 363
f 360 363 364
f 362 364 365
f 350 355 366
f 268 350 366
f 366 369 500
f 355 362 369
f 355 369 366
f 362 370 369
f 369 370 510
f 369 510 500
f 362 365 370
f 365 371 370
f 370 371 372
f 370 512 510
f 370 372 512
f 372 513 512
f 303 426 427
f 426 430 427
f 426 433 430
f 304 427 428
f 427 430 432
f 427 432 428
f 270 433 426
f 430 433 436
f 430 436 431
f 430 431 432
f 431 463 432
f 431 446 463
f 276 436 433
f 276 434 436
f 434 437 436
f 279 435 434
f 434 435 437
f 280 438 435
f 431 436 437
f 435 444 437
f 435 438 444
f 280 441 439
f 280 439 438
f 280 440 441
f 439 441 526
f 438 439 445
f 439 442 445
f 442 443 450
f 439 526 442
f 442 530 443
f 442 526 530
f 437 444 446
f 431 437 446
f 438 448 444
f 438 445 448
f 445 449 448
f 445 450 449
f 444 447 446
f 444 448 447
f 447 448 475
f 448 449 475
f 449 450 476
f 442 450 445
f 443 452 450
f 443 451 452
f 443 531 451
f 451 481 452
f 450 452 476
f 451 453 481
f 451 533 453
f 453 454 481
f 339 428 455
f 428 465 455
f 428 432 465
f 455 465 468
f 340 455 456
f 341 456 1213
f 455 468 456
f 456 468 1222
f 432 463 465
f 446 464 463
f 446 447 464
f 463 464 466
f 447 467 464
f 463 466 465
f 465 466 468
f 464 469 466
f 464 467 469
f 468 471 1222
f 466 471 468
f 466 469 471
f 467 472 469
f 467 470 472
f 470 487 473
f 469 1226 471
f 469 472 1226
f 472 1227 1226
f 472 473 1227
f 470 473 472
f 473 487 474
f 473 474 1228
f 447 475 467
f 449 477 475
f 449 476 477
f 452 478 476
f 467 475 470
f 470 475 477
f 476 479 477
f 476 478 479
f 478 482 480
f 478 480 479
f 480 484 489
f 452 481 478
f 454 482 481
f 454 483 482
f 478 481 482
f 482 483 484
f 480 482 484
f 483 485 484
f 484 485 490
f 485 486 490
f 470 477 487
f 477 479 487
f 479 488 487
f 488 489 492
f 479 480 488
f 480 489 488
f 484 490 489
f 489 490 495
f 489 495 492
f 490 491 495
f 491 498 496
f 474 487 488
f 474 488 492
f 492 495 493
f 474 492 1229
f 492 493 1229
f 493 495 494
f 491 494 495
f 491 496 494
f 496 498 499
f 494 496 1254
f 496 499 1257
f 497 1257 499
f 486 491 490
f 486 498 491
f 283 366 500
f 286 500 501
f 503 529 528
f 501 503 528
f 502 529 515
f 503 515 529
f 502 516 506
f 502 515 516
f 508 538 509
f 507 509 537
f 506 518 507
f 500 510 501
f 501 510 511
f 501 511 503
f 503 511 517
f 510 512 511
f 512 513 514
f 512 514 520
f 503 517 515
f 506 516 518
f 515 519 516
f 511 520 517
f 515 517 519
f 507 518 551
f 507 551 509
f 516 521 518
f 516 519 521
f 518 559 551
f 518 521 559
f 511 512 520
f 517 520 522
f 514 523 520
f 517 522 519
f 519 561 521
f 519 522 561
f 520 523 522
f 522 523 564
f 440 524 525
f 440 525 441
f 285 528 524
f 524 529 525
f 524 528 529
f 441 527 526
f 441 525 527
f 526 532 530
f 502 527 525
f 526 527 532
f 286 501 528
f 502 525 529
f 502 506 527
f 443 530 531
f 451 531 533
f 530 532 537
f 530 537 531
f 453 533 534
f 533 536 534
f 531 538 533
f 531 537 538
f 534 536 535
f 533 538 536
f 535 536 590
f 506 532 527
f 507 537 532
f 506 507 532
f 509 538 537
f 508 536 538
f 508 590 536
f 508 543 590
f 543 544 590
f 508 509 549
f 508 549 543
f 544 546 591
f 543 550 544
f 544 550 546
f 545 591 546
f 509 551 549
f 543 549 552
f 543 552 550
f 549 551 553
f 551 559 553
f 552 553 560
f 552 560 556
f 549 553 552
f 550 552 556
f 545 546 554
f 545 554 555
f 546 550 557
f 546 557 554
f 554 558 555
f 555 558 574
f 550 556 557
f 554 557 565
f 554 565 558
f 521 563 559
f 553 559 562
f 553 562 560
f 521 561 563
f 522 564 561
f 561 564 563
f 559 563 562
f 560 562 564
f 560 564 567
f 562 563 564
f 556 566 557
f 557 566 565
f 556 560 567
f 556 567 566
f 558 565 578
f 565 566 568
f 565 568 578
f 564 569 567
f 566 567 569
f 566 569 568
f 568 569 578
f 558 577 574
f 574 577 575
f 558 578 577
f 575 577 581
f 577 578 580
f 575 581 579
f 579 581 583
f 569 580 578
f 577 580 581
f 569 582 580
f 580 584 581
f 569 587 582
f 580 582 584
f 569 586 587
f 576 583 584
f 581 584 583
f 582 585 584
f 576 584 585
f 585 587 1316
f 587 1317 1316
f 582 587 585
f 569 1322 586
f 586 1317 587
f 586 588 1317
f 586 1322 588
f 535 590 589
f 544 589 590
f 544 591 589
f 157 638 357
f 157 158 638
f 357 638 637
f 158 160 642
f 158 642 638
f 637 638 639
f 638 640 639
f 638 642 640
f 160 641 645
f 160 645 642
f 641 648 645
f 640 642 643
f 642 644 643
f 642 645 644
f 644 645 646
f 645 648 650
f 648 649 650
f 649 655 650
f 650 651 652
f 650 654 651
f 650 655 654
f 645 652 646
f 645 650 652
f 649 653 655
f 653 659 655
f 654 655 656
f 655 659 656
f 656 659 661
f 653 657 659
f 657 662 659
f 657 658 662
f 659 660 661
f 659 662 660
f 660 662 663
f 662 664 663
f 170 665 658
f 658 665 662
f 170 959 665
f 665 959 1420
f 662 665 664
f 664 665 666
f 665 1428 666
f 665 1420 1428
f 38 1071 823
f 823 1071 824
f 824 1071 1073
f 824 1073 829
f 829 1073 1076
f 829 1076 830
f 830 1076 1078
f 830 1078 831
f 831 1111 856
f 831 1078 1111
f 856 1111 1113
f 856 1113 858
f 858 1113 860
f 860 1114 862
f 860 1113 1114
f 862 1114 1117
f 862 1117 863
f 863 1117 1122
f 863 1122 872
f 872 1123 873
f 872 1122 1123
f 873 1124 874
f 873 1123 1124
f 874 1124 875
f 875 1124 1128
f 875 1128 876
f 876 1129 925
f 876 1128 1129
f 925 1129 1196
f 925 1196 926
f 926 1199 931
f 926 1196 1199
f 931 1200 932
f 931 1199 1200
f 932 1200 933
f 933 1200 1201
f 933 1201 942
f 942 1201 1206
f 942 1206 943
f 943 1207 947
f 947 1208 948
f 312 1072 1071
f 1071 1072 1073
f 1072 1074 1073
f 1073 1074 1076
f 1074 1077 1076
f 314 1074 1072
f 314 1075 1074
f 1074 1075 1077
f 1076 1077 1078
f 1077 1112 1078
f 1075 1079 1077
f 1077 1079 1112
f 314 1103 1075
f 314 341 1103
f 1075 1103 1104
f 341 1213 1103
f 1075 1104 1079
f 1079 1104 1132
f 1103 1214 1104
f 1104 1215 1132
f 1078 1112 1111
f 1111 1112 1115
f 1111 1115 1113
f 1113 1115 1114
f 1114 1116 1117
f 1114 1115 1116
f 1116 1118 1117
f 1079 1119 1112
f 1112 1119 1115
f 1115 1119 1116
f 1116 1119 1120
f 1116 1120 1118
f 1118 1120 1121
f 1117 1118 1122
f 1118 1121 1125
f 1122 1125 1123
f 1123 1126 1124
f 1118 1125 1122
f 1123 1125 1126
f 1124 1126 1128
f 1126 1127 1128
f 1127 1129 1128
f 1127 1197 1129
f 1121 1130 1125
f 1125 1130 1126
f 1126 1130 1127
f 1127 1130 1131
f 1127 1131 1197
f 1079 1132 1119
f 1119 1132 1133
f 1119 1133 1120
f 1120 1134 1121
f 1120 1133 1134
f 1132 1286 1133
f 1133 1287 1134
f 1121 1135 1130
f 1121 1134 1135
f 1130 1135 1136
f 1130 1136 1131
f 1131 1136 1211
f 1134 1288 1135
f 1135 1289 1136
f 1136 1360 1211
f 1129 1197 1196
f 1196 1198 1199
f 1196 1197 1198
f 1199 1202 1200
f 1200 1202 1201
f 1198 1202 1199
f 1201 1202 1203
f 1131 1204 1197
f 1197 1204 1198
f 1198 1204 1205
f 1198 1205 1202
f 1202 1205 1203
f 1203 1205 1401
f 1201 1203 1206
f 943 1206 1207
f 1203 1400 1206
f 1206 1400 1207
f 947 1207 1208
f 948 1459 981
f 948 1208 1459
f 1207 1209 1208
f 1207 1400 1209
f 1208 1210 1459
f 1208 1209 1210
f 1210 1403 1461
f 1209 1403 1210
f 1131 1211 1204
f 1204 1404 1205
f 1204 1211 1404
f 1211 1409 1404
f 1212 1460 1403
f 1212 1403 1407
f 1212 1375 1549
f 1212 1407 1375
f 1103 1213 1214
f 456 1222 1213
f 1213 1222 1224
f 1213 1224 1214
f 1104 1214 1215
f 1214 1224 1241
f 1214 1241 1215
f 1215 1241 1290
f 471 1223 1222
f 471 1226 1223
f 1223 1226 1225
f 1223 1237 1224
f 1222 1223 1224
f 1223 1225 1237
f 1225 1231 1238
f 1231 1245 1238
f 473 1228 1227
f 1225 1226 1227
f 1227 1228 1231
f 474 1229 1228
f 493 1230 1229
f 1228 1229 1232
f 1229 1230 1232
f 493 1255 1230
f 1225 1227 1231
f 1228 1232 1231
f 1230 1233 1232
f 1231 1232 1245
f 1232 1233 1245
f 1233 1235 1246
f 1230 1235 1233
f 1230 1255 1235
f 1234 1235 1255
f 1234 1259 1236
f 1234 1247 1235
f 1234 1236 1247
f 1224 1237 1241
f 1237 1238 1242
f 1225 1238 1237
f 1238 1245 1239
f 1238 1239 1242
f 1239 1245 1240
f 1239 1240 1250
f 1237 1242 1241
f 1241 1242 1244
f 1241 1244 1290
f 1239 1243 1242
f 1242 1243 1244
f 1239 1250 1243
f 1233 1240 1245
f 1233 1246 1240
f 1235 1247 1246
f 1240 1246 1248
f 1240 1248 1250
f 1246 1247 1249
f 1236 1266 1247
f 1247 1266 1249
f 1246 1249 1248
f 1248 1249 1268
f 1243 1250 1252
f 1243 1251 1244
f 1244 1251 1291
f 1243 1252 1251
f 1248 1253 1250
f 1250 1253 1252
f 1248 1268 1253
f 1252 1253 1272
f 1251 1252 1271
f 493 494 1255
f 494 1254 1255
f 1234 1255 1254
f 1234 1254 1259
f 1254 1257 1259
f 1256 1259 1257
f 496 1257 1254
f 497 1256 1257
f 497 1258 1256
f 1256 1258 1260
f 1256 1261 1259
f 1256 1260 1261
f 1236 1259 1261
f 1236 1261 1267
f 1260 1263 1261
f 1261 1263 1267
f 1258 1262 1260
f 1260 1262 1264
f 1260 1264 1263
f 1263 1264 1265
f 1236 1267 1266
f 1266 1267 1269
f 1249 1266 1270
f 1249 1270 1268
f 1263 1276 1267
f 1267 1276 1269
f 1266 1269 1270
f 1268 1270 1274
f 1269 1277 1270
f 1270 1277 1274
f 1253 1268 1273
f 1253 1273 1272
f 1252 1272 1271
f 1271 1272 1275
f 1268 1274 1273
f 1273 1274 1281
f 1272 1273 1282
f 1272 1282 1275
f 1273 1281 1282
f 1263 1265 1276
f 1269 1276 1279
f 1265 1278 1276
f 1276 1278 1279
f 1269 1279 1277
f 1277 1279 1280
f 1278 1347 1279
f 1279 1347 1280
f 1274 1277 1283
f 1274 1283 1281
f 1275 1282 1298
f 1281 1284 1282
f 1282 1284 1298
f 1277 1280 1283
f 1281 1283 1285
f 1280 1348 1283
f 1283 1348 1285
f 1281 1285 1284
f 1132 1215 1286
f 1133 1286 1287
f 1215 1290 1286
f 1286 1290 1292
f 1286 1292 1287
f 1287 1292 1296
f 1134 1287 1288
f 1287 1296 1288
f 1135 1288 1289
f 1136 1289 1360
f 1288 1296 1302
f 1288 1302 1289
f 1289 1302 1395
f 1289 1395 1360
f 1244 1291 1290
f 1290 1291 1292
f 1251 1293 1291
f 1251 1271 1293
f 1291 1293 1295
f 1291 1295 1292
f 1271 1294 1293
f 1293 1297 1295
f 1271 1275 1294
f 1293 1294 1297
f 1292 1295 1296
f 1295 1297 1300
f 1295 1300 1296
f 1275 1299 1294
f 1275 1298 1299
f 1294 1299 1301
f 1284 1386 1298
f 1298 1386 1387
f 1298 1387 1299
f 1294 1301 1297
f 1297 1301 1303
f 1297 1303 1300
f 1299 1389 1301
f 1301 1393 1303
f 1296 1300 1302
f 1300 1304 1302
f 1300 1303 1304
f 1302 1304 1395
f 1312 1316 1314
f 1314 1316 1318
f 1314 1318 1315
f 1313 1315 1318
f 1313 1326 1336
f 1313 1333 1315
f 1313 1336 1333
f 576 585 1312
f 585 1316 1312
f 1316 1317 1318
f 1317 1319 1318
f 1319 1320 1326
f 1320 1323 1326
f 588 1319 1317
f 588 1320 1319
f 588 1322 1320
f 1320 1322 1321
f 1321 1322 1325
f 1320 1321 1323
f 1321 1324 1323
f 1321 1325 1324
f 1324 1325 1329
f 1313 1318 1319
f 1313 1319 1326
f 1323 1327 1326
f 1323 1328 1327
f 1326 1327 1336
f 1327 1328 1335
f 1323 1324 1328
f 1324 1329 1342
f 1324 1342 1328
f 1329 1542 1343
f 1333 1336 1334
f 1327 1337 1336
f 1327 1335 1337
f 1334 1336 1337
f 1335 1339 1337
f 1334 1337 1338
f 1337 1339 1338
f 1338 1339 1364
f 1335 1341 1340
f 1335 1340 1339
f 1340 1341 1366
f 1328 1341 1335
f 1328 1342 1341
f 1341 1342 1344
f 1342 1343 1344
f 1329 1343 1342
f 1343 1542 1345
f 1343 1370 1344
f 1341 1344 1366
f 1343 1345 1370
f 1345 1545 1346
f 1345 1346 1371
f 1345 1371 1370
f 1280 1347 1350
f 1280 1350 1348
f 1284 1285 1349
f 1285 1348 1352
f 1285 1352 1349
f 1348 1350 1351
f 1348 1351 1352
f 1349 1352 1391
f 1351 1353 1352
f 1352 1353 1391
f 1353 1357 1391
f 1356 1357 1364
f 1356 1364 1365
f 1356 1365 1358
f 1358 1367 1359
f 1359 1361 1392
f 1211 1360 1409
f 1360 1395 1419
f 1362 1398 1397
f 1361 1362 1397
f 1362 1377 1398
f 1377 1399 1398
f 1378 1410 1399
f 1377 1378 1399
f 1339 1365 1364
f 1339 1340 1365
f 1340 1367 1365
f 1344 1368 1366
f 1340 1366 1367
f 1358 1365 1367
f 1359 1367 1369
f 1359 1369 1361
f 1366 1368 1369
f 1366 1369 1367
f 1368 1376 1369
f 1368 1372 1376
f 1344 1370 1368
f 1368 1370 1372
f 1370 1371 1372
f 1346 1373 1371
f 1346 1550 1373
f 1373 1550 1374
f 1374 1550 1551
f 1371 1381 1372
f 1371 1373 1381
f 1373 1382 1381
f 1374 1551 1383
f 1373 1374 1382
f 1375 1383 1549
f 1375 1413 1385
f 1361 1376 1362
f 1361 1369 1376
f 1362 1376 1379
f 1372 1379 1376
f 1379 1381 1380
f 1362 1379 1377
f 1377 1380 1378
f 1377 1379 1380
f 1378 1380 1416
f 1375 1385 1383
f 1372 1381 1379
f 1374 1384 1382
f 1380 1381 1382
f 1374 1383 1384
f 1383 1385 1384
f 1380 1382 1416
f 1382 1384 1416
f 1384 1417 1416
f 1384 1385 1417
f 1284 1349 1386
f 1349 1388 1386
f 1386 1390 1387
f 1349 1391 1388
f 1386 1388 1390
f 1299 1387 1389
f 1301 1389 1393
f 1387 1390 1392
f 1387 1392 1389
f 1389 1392 1397
f 1356 1388 1391
f 1356 1391 1357
f 1358 1390 1388
f 1356 1358 1388
f 1359 1392 1390
f 1358 1359 1390
f 1303 1393 1394
f 1303 1394 1304
f 1389 1397 1393
f 1393 1397 1398
f 1393 1398 1394
f 1304 1396 1395
f 1304 1394 1396
f 1394 1399 1396
f 1395 1396 1419
f 1361 1397 1392
f 1394 1398 1399
f 1396 1399 1410
f 1396 1410 1419
f 1203 1401 1400
f 1400 1401 1402
f 1209 1400 1402
f 1209 1402 1403
f 1205 1405 1401
f 1205 1404 1405
f 1404 1408 1405
f 1401 1406 1402
f 1401 1405 1406
f 1402 1407 1403
f 1402 1406 1407
f 1405 1412 1406
f 1405 1408 1412
f 1406 1412 1413
f 1406 1413 1407
f 1375 1407 1413
f 1404 1409 1408
f 1360 1419 1409
f 1408 1409 1411
f 1408 1411 1415
f 1409 1419 1411
f 1410 1414 1411
f 1408 1415 1412
f 1412 1418 1413
f 1412 1415 1418
f 1378 1414 1410
f 1411 1414 1415
f 1378 1416 1414
f 1414 1416 1417
f 1415 1417 1418
f 1414 1417 1415
f 1385 1413 1418
f 1385 1418 1417
f 1410 1411 1419
f 959 960 1420
f 960 964 1423
f 960 1423 1420
f 1420 1422 1421
f 1420 1423 1422
f 1422 1423 1424
f 1423 1425 1424
f 964 1432 1423
f 964 965 1432
f 1423 1432 1425
f 1425 1432 1426
f 1426 1432 1427
f 1427 1432 1429
f 1420 1421 1428
f 965 968 1433
f 965 1433 1432
f 968 1434 1433
f 1429 1432 1435
f 1432 1433 1435
f 968 969 1434
f 969 970 1434
f 970 1453 1434
f 1433 1434 1437
f 1433 1437 1435
f 1434 1453 1437
f 1429 1435 1430
f 1430 1435 1436
f 1430 1436 1431
f 1437 1454 1438
f 1435 1437 1438
f 1435 1438 1436
f 1431 1436 1449
f 1436 1451 1449
f 1436 1438 1451
f 1449 1451 1450
f 1438 1472 1451
f 1450 1451 1538
f 1451 1543 1538
f 1451 1472 1543
f 1472 1548 1543
f 976 978 1452
f 976 1452 1453
f 970 976 1453
f 1452 1454 1453
f 1437 1453 1454
f 1452 1455 1454
f 978 1457 1452
f 978 979 1457
f 1452 1457 1455
f 1438 1454 1456
f 1454 1455 1456
f 1455 1460 1456
f 979 1458 1457
f 979 980 1458
f 1455 1457 1461
f 1457 1458 1461
f 980 981 1459
f 980 1459 1458
f 1210 1458 1459
f 1210 1461 1458
f 1455 1461 1460
f 1403 1460 1461
f 1438 1456 1472
f 1456 1473 1472
f 1456 1460 1473
f 1472 1473 1548
f 1473 1549 1548
f 1212 1473 1460
f 1212 1549 1473
f 1540 1544 1541
f 1325 1541 1329
f 1329 1541 1542
f 1538 1543 1539
f 1539 1543 1540
f 1540 1543 1544
f 1543 1548 1547
f 1541 1546 1545
f 1544 1547 1546
f 1541 1544 1546
f 1543 1547 1544
f 1345 1542 1545
f 1541 1545 1542
f 1346 1545 1546
f 1546 1547 1550
f 1346 1546 1550
f 1548 1549 1551
f 1547 1548 1551
f 1547 1551 1550
f 1383 1551 1549
f 29 296 30
f 29 48 296
f 30 297 31
f 31 298 93
f 30 296 297
f 31 297 298
f 48 49 316
f 48 316 296
f 49 317 316
f 49 50 317
f 50 320 317
f 51 52 321
f 50 51 320
f 51 321 320
f 52 53 322
f 52 322 321
f 53 59 322
f 59 60 328
f 59 328 322
f 60 61 329
f 60 329 328
f 61 332 329
f 61 62 332
f 62 333 332
f 62 63 333
f 63 844 1087
f 63 1087 333
f 93 373 94
f 94 374 95
f 93 298 373
f 94 373 374
f 95 375 96
f 96 375 97
f 95 374 375
f 97 375 376
f 97 376 98
f 98 376 381
f 98 381 99
f 99 382 100
f 99 381 382
f 100 384 101
f 100 382 384
f 101 385 102
f 102 385 105
f 101 384 385
f 105 393 106
f 105 385 393
f 106 393 394
f 106 394 107
f 107 395 108
f 108 396 109
f 109 400 113
f 115 120 403
f 115 404 116
f 116 405 117
f 117 405 887
f 113 400 118
f 118 408 119
f 119 409 120
f 296 316 299
f 296 299 297
f 297 300 298
f 299 316 318
f 297 299 300
f 298 300 377
f 299 318 301
f 299 301 300
f 300 302 377
f 300 301 302
f 301 305 302
f 301 342 305
f 302 305 367
f 305 342 458
f 305 429 367
f 316 317 318
f 317 320 319
f 317 319 318
f 320 321 323
f 321 322 324
f 322 328 324
f 319 320 323
f 321 324 323
f 318 319 325
f 301 318 325
f 319 326 325
f 319 323 326
f 323 327 326
f 324 330 327
f 323 324 327
f 328 329 330
f 329 332 331
f 324 328 330
f 329 331 330
f 332 333 334
f 333 1087 335
f 331 332 334
f 333 335 334
f 330 331 336
f 327 330 336
f 331 337 336
f 331 334 337
f 334 335 338
f 334 338 337
f 301 325 342
f 325 326 343
f 325 343 342
f 326 327 344
f 326 344 343
f 327 345 344
f 342 343 457
f 343 344 459
f 344 345 460
f 338 1105 347
f 327 336 345
f 336 337 346
f 336 346 345
f 337 338 347
f 337 347 346
f 345 346 461
f 346 347 462
f 302 367 388
f 367 368 388
f 367 504 368
f 298 377 373
f 373 378 374
f 374 379 375
f 375 379 376
f 376 380 381
f 373 377 378
f 374 378 379
f 376 379 380
f 381 383 382
f 380 383 381
f 382 383 386
f 382 386 384
f 384 387 385
f 385 387 393
f 384 386 387
f 377 388 378
f 302 388 377
f 378 389 379
f 379 389 380
f 378 388 389
f 380 389 390
f 380 390 383
f 383 390 391
f 383 391 386
f 386 392 387
f 387 392 397
f 386 391 392
f 393 397 394
f 107 394 395
f 394 398 395
f 108 395 396
f 109 396 400
f 387 397 393
f 394 397 398
f 395 398 399
f 395 399 396
f 396 399 413
f 396 413 400
f 392 401 397
f 397 401 398
f 398 402 399
f 398 401 402
f 399 402 415
f 115 403 404
f 116 404 405
f 403 406 404
f 403 410 406
f 404 407 405
f 405 407 1157
f 404 406 407
f 118 400 408
f 119 408 409
f 120 409 403
f 400 413 408
f 408 414 409
f 408 413 414
f 403 409 410
f 409 414 410
f 406 410 411
f 406 412 407
f 406 411 412
f 399 415 413
f 413 415 414
f 414 415 416
f 410 414 416
f 410 416 411
f 368 389 388
f 389 417 390
f 368 417 389
f 390 418 391
f 390 417 418
f 391 418 419
f 391 419 392
f 392 419 420
f 368 505 417
f 417 540 418
f 418 541 419
f 419 542 420
f 392 420 401
f 401 421 402
f 401 420 421
f 402 421 422
f 420 547 421
f 421 547 548
f 421 548 422
f 402 422 415
f 411 425 412
f 412 425 1189
f 415 423 416
f 415 422 423
f 416 423 424
f 411 416 424
f 411 424 425
f 422 570 423
f 422 548 570
f 425 571 1189
f 423 572 424
f 423 570 572
f 424 572 573
f 424 573 425
f 425 573 571
f 305 458 429
f 367 429 504
f 429 453 504
f 429 458 454
f 429 454 453
f 342 457 458
f 343 459 457
f 344 460 459
f 457 483 458
f 457 485 483
f 454 458 483
f 457 459 485
f 459 460 486
f 459 486 485
f 347 1216 462
f 345 461 460
f 346 462 461
f 462 1216 497
f 462 497 499
f 460 461 498
f 460 498 486
f 461 499 498
f 461 462 499
f 368 504 505
f 504 534 505
f 453 534 504
f 505 534 535
f 417 505 540
f 418 540 541
f 419 541 542
f 420 542 547
f 542 545 547
f 505 535 540
f 535 589 540
f 540 589 541
f 541 591 542
f 541 589 591
f 542 591 545
f 545 555 547
f 547 555 548
f 548 555 574
f 548 574 570
f 570 575 572
f 572 579 573
f 571 573 583
f 570 574 575
f 572 575 579
f 573 579 583
f 571 583 576
f 837 1080 1087
f 837 838 1080
f 838 841 1081
f 838 1081 1080
f 841 842 1084
f 841 1084 1081
f 842 843 1085
f 842 1085 1084
f 843 1091 1085
f 837 1087 844
f 843 846 1091
f 846 850 1091
f 850 1094 1091
f 850 851 1094
f 851 1095 1094
f 851 852 1095
f 852 1096 1095
f 852 853 1096
f 853 854 1097
f 854 877 1137
f 853 1097 1096
f 854 1137 1097
f 877 878 1137
f 878 879 1138
f 878 1138 1137
f 879 1141 1138
f 879 880 1141
f 880 881 1142
f 881 882 1144
f 880 1142 1141
f 881 1144 1142
f 882 883 1145
f 883 884 1145
f 882 1145 1144
f 884 1146 1145
f 884 885 1146
f 885 1147 1146
f 885 886 1147
f 886 1173 1147
f 887 1157 888
f 888 1158 889
f 889 1162 891
f 890 891 1161
f 890 1163 892
f 892 1163 893
f 893 1169 900
f 900 1170 901
f 901 1176 902
f 886 903 1173
f 903 904 1174
f 903 1174 1173
f 904 906 1175
f 904 1175 1174
f 902 1177 905
f 905 1175 906
f 1080 1081 1082
f 335 1080 1082
f 1081 1083 1082
f 1081 1084 1083
f 1084 1085 1086
f 1085 1091 1092
f 1083 1084 1086
f 1085 1092 1086
f 335 1087 1080
f 338 1082 1088
f 1082 1083 1088
f 1083 1089 1088
f 1083 1086 1089
f 1086 1092 1090
f 1086 1090 1089
f 335 1082 338
f 1091 1094 1092
f 1092 1094 1093
f 1093 1094 1095
f 1095 1096 1098
f 1096 1097 1099
f 1097 1137 1139
f 1093 1095 1098
f 1096 1099 1098
f 1097 1139 1099
f 1090 1092 1093
f 1090 1093 1100
f 1093 1098 1100
f 1098 1101 1100
f 1098 1099 1101
f 1099 1139 1102
f 1099 1102 1101
f 338 1088 1105
f 1088 1089 1106
f 1088 1106 1105
f 1089 1090 1107
f 1089 1107 1106
f 1090 1108 1107
f 347 1105 1216
f 1105 1106 1217
f 1106 1107 1218
f 1107 1108 1219
f 1090 1100 1108
f 1100 1101 1109
f 1101 1102 1110
f 1100 1109 1108
f 1101 1110 1109
f 1108 1109 1220
f 1109 1110 1221
f 1137 1138 1139
f 1138 1141 1140
f 1138 1140 1139
f 1141 1142 1143
f 1142 1144 1148
f 1140 1141 1143
f 1142 1148 1143
f 1144 1145 1149
f 1145 1146 1149
f 1146 1147 1150
f 1147 1173 1151
f 1144 1149 1148
f 1146 1150 1149
f 1147 1151 1150
f 1102 1139 1140
f 1140 1143 1152
f 1102 1140 1152
f 1143 1148 1153
f 1143 1153 1152
f 1148 1154 1153
f 1148 1149 1154
f 1149 1150 1154
f 1150 1155 1154
f 1150 1151 1155
f 1151 1156 1155
f 405 1157 887
f 888 1157 1158
f 889 1158 1162
f 1157 1159 1158
f 407 1159 1157
f 1158 1160 1162
f 1158 1159 1160
f 890 1161 1163
f 891 1162 1161
f 893 1163 1169
f 1160 1164 1162
f 1161 1162 1164
f 1161 1165 1163
f 1161 1164 1165
f 1163 1165 1169
f 1165 1171 1169
f 407 412 1159
f 412 1166 1159
f 1159 1166 1160
f 1160 1166 1167
f 1160 1167 1164
f 1164 1168 1165
f 1165 1168 1171
f 1164 1167 1168
f 900 1169 1170
f 901 1170 1176
f 1170 1172 1176
f 1169 1171 1170
f 1170 1171 1172
f 1173 1174 1179
f 1175 1177 1180
f 1174 1175 1180
f 902 1176 1177
f 905 1177 1175
f 1176 1178 1177
f 1151 1173 1179
f 1174 1180 1179
f 1177 1178 1180
f 1172 1178 1176
f 1171 1181 1172
f 1168 1181 1171
f 1172 1181 1182
f 1172 1182 1178
f 1178 1182 1183
f 1151 1179 1156
f 1178 1183 1180
f 1179 1180 1183
f 1156 1179 1183
f 1102 1152 1184
f 1102 1184 1110
f 1152 1153 1185
f 1152 1185 1184
f 1153 1186 1185
f 1153 1154 1186
f 1154 1155 1187
f 1155 1156 1188
f 1154 1187 1186
f 1155 1188 1187
f 1110 1184 1305
f 1184 1185 1306
f 1185 1186 1307
f 1186 1187 1308
f 1187 1188 1355
f 1188 1363 1355
f 412 1189 1166
f 1166 1190 1167
f 1166 1189 1190
f 1167 1191 1168
f 1167 1190 1191
f 1168 1191 1192
f 1189 1309 1190
f 571 1309 1189
f 1190 1309 1310
f 1190 1310 1191
f 1191 1311 1192
f 1191 1310 1311
f 1192 1311 1331
f 1168 1192 1181
f 1181 1193 1182
f 1181 1192 1193
f 1182 1194 1183
f 1156 1183 1195
f 1182 1193 1194
f 1156 1195 1188
f 1183 1194 1195
f 1192 1331 1193
f 1193 1330 1194
f 1193 1331 1330
f 1194 1330 1332
f 1188 1195 1363
f 1194 1332 1195
f 1195 1332 1363
f 1105 1217 1216
f 1106 1218 1217
f 1107 1219 1218
f 1216 1217 1258
f 497 1216 1258
f 1217 1262 1258
f 1217 1218 1262
f 1218 1219 1264
f 1218 1264 1262
f 1219 1265 1264
f 1108 1220 1219
f 1109 1221 1220
f 1219 1220 1265
f 1220 1221 1278
f 1220 1278 1265
f 1221 1347 1278
f 1110 1305 1221
f 1184 1306 1305
f 1185 1307 1306
f 1186 1308 1307
f 1187 1355 1308
f 1308 1355 1357
f 1221 1305 1347
f 1305 1350 1347
f 1305 1306 1350
f 1306 1307 1351
f 1306 1351 1350
f 1307 1308 1353
f 1308 1357 1353
f 1307 1353 1351
f 571 576 1309
f 1309 1312 1310
f 1310 1314 1311
f 1311 1315 1331
f 576 1312 1309
f 1310 1312 1314
f 1311 1314 1315
f 1330 1331 1333
f 1330 1334 1332
f 1332 1338 1363
f 1330 1333 1334
f 1315 1333 1331
f 1332 1334 1338
f 1355 1364 1357
f 1355 1363 1364
f 1338 1364 1363
f 136 138 594
f 136 594 137
f 137 594 596
f 137 596 174
f 174 596 670
f 138 139 598
f 138 598 594
f 139 142 599
f 139 599 598
f 142 605 599
f 142 143 605
f 143 144 606
f 143 606 605
f 144 145 607
f 144 607 606
f 145 146 607
f 146 1652 608
f 146 608 607
f 171 217 667
f 217 698 667
f 171 667 1440
f 174 670 176
f 176 670 672
f 175 176 672
f 175 674 181
f 175 672 674
f 181 674 676
f 181 676 182
f 182 676 206
f 206 676 691
f 206 691 208
f 208 691 693
f 208 693 216
f 216 693 698
f 216 698 217
f 594 595 596
f 595 597 596
f 596 597 670
f 597 671 670
f 594 598 595
f 598 599 600
f 595 598 600
f 599 604 600
f 595 602 597
f 597 602 601
f 597 601 671
f 595 600 602
f 600 603 602
f 600 604 603
f 599 605 604
f 605 606 609
f 604 605 609
f 606 607 610
f 607 608 610
f 606 610 609
f 608 611 610
f 603 604 612
f 604 609 612
f 609 613 612
f 609 610 613
f 610 611 613
f 614 616 619
f 601 602 615
f 602 603 614
f 602 614 615
f 603 616 614
f 614 620 615
f 603 612 616
f 612 617 616
f 612 613 617
f 613 1907 618
f 613 618 617
f 616 617 621
f 617 618 622
f 616 621 619
f 619 621 624
f 619 624 626
f 614 619 620
f 615 620 743
f 619 626 620
f 620 626 749
f 621 629 624
f 617 622 621
f 618 623 622
f 621 622 629
f 622 634 629
f 622 623 634
f 623 1901 634
f 624 629 625
f 624 625 626
f 625 627 628
f 625 628 626
f 626 628 749
f 627 750 628
f 627 631 750
f 625 630 627
f 625 629 630
f 627 630 633
f 629 634 630
f 627 633 631
f 631 632 751
f 631 764 632
f 630 635 633
f 631 633 764
f 630 634 635
f 633 635 768
f 633 768 764
f 634 1901 635
f 635 1901 2046
f 667 698 668
f 667 668 1441
f 668 669 1441
f 669 1442 1441
f 670 671 672
f 671 675 672
f 601 673 671
f 671 673 675
f 672 675 674
f 674 675 677
f 674 677 676
f 676 677 691
f 677 692 691
f 675 678 677
f 673 678 675
f 677 678 692
f 678 696 692
f 601 686 673
f 601 615 686
f 673 686 687
f 615 743 686
f 673 687 678
f 678 732 696
f 678 687 732
f 686 744 687
f 687 745 732
f 691 692 693
f 692 694 693
f 692 695 694
f 693 694 698
f 692 696 695
f 695 696 697
f 669 694 695
f 668 698 694
f 668 694 669
f 696 732 697
f 697 732 733
f 732 745 733
f 686 743 744
f 743 755 744
f 743 749 755
f 620 749 743
f 687 744 745
f 744 755 757
f 744 757 745
f 752 756 755
f 628 752 749
f 628 750 752
f 750 753 752
f 631 751 750
f 750 751 753
f 632 754 751
f 749 752 755
f 752 753 756
f 751 758 753
f 751 754 758
f 755 756 757
f 756 793 757
f 756 759 793
f 753 758 759
f 753 759 756
f 754 761 758
f 754 772 761
f 761 772 762
f 762 772 773
f 758 760 759
f 758 761 760
f 760 761 796
f 761 762 796
f 762 773 797
f 632 765 763
f 632 763 754
f 632 764 765
f 763 765 770
f 754 763 772
f 763 766 772
f 766 767 773
f 763 770 766
f 766 778 767
f 766 770 778
f 764 768 769
f 764 769 765
f 635 2046 768
f 768 2047 769
f 765 771 770
f 765 769 771
f 770 780 778
f 769 2027 771
f 770 771 780
f 766 773 772
f 767 775 773
f 767 779 774
f 767 774 775
f 774 813 775
f 773 775 797
f 774 776 813
f 776 777 813
f 767 778 779
f 774 779 782
f 778 780 2048
f 778 2048 779
f 774 782 776
f 776 782 781
f 779 2049 782
f 779 2048 2049
f 781 782 784
f 781 784 783
f 782 2049 784
f 783 784 2099
f 733 745 757
f 733 757 792
f 757 793 792
f 759 794 793
f 792 793 794
f 760 795 794
f 792 794 795
f 792 795 802
f 759 760 794
f 760 796 795
f 762 798 796
f 762 797 798
f 795 796 802
f 796 798 802
f 798 800 802
f 797 800 798
f 797 799 800
f 799 801 800
f 801 816 804
f 800 803 802
f 802 803 806
f 802 806 807
f 800 801 803
f 801 804 803
f 804 816 820
f 803 804 806
f 804 809 806
f 804 820 809
f 805 809 820
f 805 821 810
f 806 809 807
f 807 809 808
f 807 808 1564
f 805 808 809
f 805 810 808
f 808 810 1564
f 810 822 1565
f 811 1565 822
f 775 813 799
f 775 799 797
f 777 814 813
f 799 813 814
f 814 815 816
f 777 815 814
f 799 814 801
f 801 814 816
f 815 817 816
f 816 817 820
f 817 818 820
f 783 2099 819
f 805 820 818
f 805 818 821
f 810 821 822
f 171 1440 971
f 971 1440 972
f 972 1440 1443
f 972 1443 973
f 973 1443 1445
f 973 1445 974
f 974 1445 1448
f 974 1448 975
f 983 1462 1464
f 975 1462 983
f 975 1448 1462
f 983 1464 984
f 984 1464 986
f 986 1464 1465
f 986 1465 1035
f 1035 1465 1516
f 1035 1516 1036
f 1036 1516 1519
f 1036 1519 1037
f 1037 1520 1038
f 1037 1519 1520
f 1038 1521 1052
f 1038 1520 1521
f 1052 1521 1053
f 1053 1521 1527
f 1053 1527 1054
f 1054 1527 1528
f 1054 1528 1058
f 1058 1528 1529
f 1058 1529 1059
f 1059 1529 2803
f 667 1441 1440
f 1440 1441 1443
f 1441 1444 1443
f 1441 1442 1446
f 1443 1444 1445
f 1441 1446 1444
f 1444 1447 1445
f 1444 1446 1447
f 1445 1447 1448
f 1447 1469 1463
f 1447 1463 1448
f 1446 1469 1447
f 1448 1463 1462
f 1462 1463 1466
f 1462 1466 1464
f 1464 1466 1465
f 1465 1467 1516
f 1465 1466 1467
f 1469 1470 1471
f 1463 1469 1471
f 1463 1471 1466
f 1466 1471 1467
f 1467 1471 1518
f 1470 1474 1471
f 1470 1475 1474
f 1471 1474 1533
f 1471 1533 1518
f 1474 1475 1552
f 1474 1552 1533
f 1467 1517 1516
f 1467 1518 1517
f 1517 1518 1524
f 1516 1517 1519
f 1519 1522 1520
f 1520 1523 1521
f 1517 1522 1519
f 1520 1522 1523
f 1517 1524 1522
f 1522 1524 1525
f 1522 1525 1523
f 1521 1523 1527
f 1523 1526 1527
f 1526 1528 1527
f 1526 1530 1528
f 1528 1530 1529
f 1529 2806 2803
f 1529 1530 2806
f 1523 1525 1526
f 1525 1531 1526
f 1526 1531 1530
f 1530 1531 1532
f 1530 1532 2806
f 1532 2810 2806
f 1518 1534 1524
f 1518 1533 1534
f 1533 1598 1534
f 1524 1535 1525
f 1524 1534 1535
f 1534 1599 1535
f 1525 1536 1531
f 1525 1535 1536
f 1531 1536 1537
f 1531 1537 1532
f 1532 1537 2967
f 1535 1600 1536
f 1536 1601 1537
f 1537 2974 2967
f 1475 1553 1552
f 1552 1553 1554
f 807 1564 1569
f 1564 1565 1569
f 810 1565 1564
f 811 1566 1565
f 811 1567 1566
f 1565 1566 1569
f 1566 1567 1568
f 1566 1568 1569
f 1567 1570 1568
f 1568 1570 1581
f 1568 1571 1569
f 1569 1571 1574
f 1568 1581 1571
f 1569 1574 1572
f 1572 1576 1573
f 1572 1574 1575
f 1571 1583 1574
f 1574 1583 1575
f 1572 1575 1576
f 1573 1576 1579
f 1575 1584 1576
f 1576 1584 1579
f 1573 1578 1577
f 1573 1577 1604
f 1577 1580 1604
f 1573 1579 1578
f 1577 1578 1589
f 1577 1589 1580
f 1571 1581 1582
f 1571 1582 1583
f 1575 1583 1586
f 1575 1586 1584
f 1582 1585 1583
f 1583 1585 1586
f 1584 1586 1587
f 1585 1592 1586
f 1586 1592 1587
f 1578 1579 1588
f 1579 1584 1590
f 1579 1590 1588
f 1578 1588 1589
f 1580 1589 1610
f 1588 1591 1589
f 1589 1591 1610
f 1584 1587 1590
f 1588 1590 1594
f 1587 1593 1590
f 1588 1594 1591
f 1587 1592 1596
f 1590 1593 1594
f 1587 1596 1593
f 1591 1594 1595
f 1593 1597 1594
f 1594 1597 1595
f 1593 1596 2914
f 1593 2914 1597
f 1595 1597 2951
f 1533 1552 1598
f 1534 1598 1599
f 1552 1554 1603
f 1552 1603 1598
f 1598 1603 1608
f 1598 1608 1599
f 1535 1599 1600
f 1599 1608 1620
f 1536 1600 1601
f 1537 1601 2974
f 1599 1620 1600
f 1600 1620 1625
f 1600 1625 1601
f 1601 1625 1627
f 1553 1604 1554
f 1554 1602 1603
f 1554 1604 1602
f 1602 1607 1603
f 1602 1604 1605
f 1604 1606 1605
f 1602 1605 1607
f 1580 1606 1604
f 1605 1612 1607
f 1605 1606 1612
f 1603 1607 1608
f 1607 1612 1613
f 1607 1613 1608
f 1608 1613 1620
f 1580 1611 1606
f 1580 1610 1611
f 1606 1611 1614
f 1591 1615 1610
f 1610 1615 1616
f 1610 1616 1611
f 1606 1614 1612
f 1612 1621 1613
f 1611 1618 1614
f 1612 1614 1621
f 1591 1595 1615
f 1595 1617 1615
f 1615 1619 1616
f 1595 2951 1617
f 1615 1617 1619
f 1611 1616 1618
f 1614 1618 1623
f 1614 1623 1621
f 1616 2952 1618
f 1616 1619 2952
f 1618 2952 2953
f 1613 1622 1620
f 1613 1621 1622
f 1620 1622 1625
f 1621 1623 1624
f 1621 1624 1622
f 1618 2953 1623
f 1623 2954 1624
f 1622 1626 1625
f 1622 1624 1626
f 1624 2955 1626
f 1625 1626 1627
f 1601 1627 2974
f 1652 1653 1902
f 608 1652 1902
f 1653 1656 1904
f 1653 1904 1902
f 1656 1905 1904
f 1656 1657 1905
f 1657 1658 1909
f 1658 1703 1909
f 1703 1704 1910
f 608 1902 611
f 611 1907 613
f 618 1925 623
f 623 2024 1901
f 1902 1904 1903
f 611 1902 1903
f 1904 1905 1906
f 1657 1909 1905
f 1903 1904 1906
f 1905 1912 1906
f 1905 1909 1912
f 611 1903 1907
f 1903 1908 1907
f 1903 1906 1908
f 1906 1912 1921
f 1906 1921 1908
f 1703 1910 1909
f 1704 1911 1910
f 1704 1709 1911
f 1909 1910 1912
f 1910 1919 1912
f 1910 1911 1919
f 1911 1914 1919
f 1913 1919 1914
f 1709 1916 1911
f 1709 1710 1916
f 1911 1915 1914
f 1911 1916 1915
f 1710 1753 1973
f 1710 1973 1916
f 1915 1916 1917
f 1916 1918 1917
f 1916 1973 1918
f 1912 1919 1921
f 1919 1923 1921
f 1913 1920 1919
f 1919 1920 1922
f 1919 1922 1923
f 1921 1923 1924
f 1907 1908 1925
f 618 1907 1925
f 1908 1921 1926
f 1908 1926 1925
f 1921 1927 1926
f 1925 1926 2024
f 1926 1927 2025
f 1926 2025 2024
f 1921 1924 1927
f 1924 1928 1927
f 1927 1928 1929
f 1927 2039 2025
f 1927 1929 2039
f 1929 2040 2039
f 1753 1972 1976
f 1753 1976 1973
f 1972 1990 1976
f 1918 1973 1974
f 1973 1975 1974
f 1973 1976 1975
f 1975 1976 1977
f 1990 1991 1993
f 1991 1996 1993
f 1976 1990 1993
f 1976 1992 1977
f 1976 1993 1992
f 1992 1993 1994
f 1993 1998 1994
f 1993 1996 1998
f 1991 1995 1996
f 1995 2002 1996
f 1996 1997 1998
f 1996 2002 1997
f 1997 2002 2001
f 1995 1999 2002
f 1999 2004 2002
f 1999 2000 2004
f 2001 2002 2003
f 2003 2004 2005
f 2004 2006 2005
f 2002 2004 2003
f 1763 2007 2000
f 2000 2007 2004
f 1763 2575 2007
f 2007 2575 2828
f 2004 2007 2006
f 2006 2007 2008
f 2007 2829 2008
f 2007 2828 2829
f 623 1925 2024
f 2024 2025 2026
f 1901 2024 2026
f 2028 2047 2046
f 2026 2028 2046
f 2027 2047 2034
f 2028 2034 2047
f 2025 2029 2026
f 2026 2029 2028
f 2028 2029 2036
f 2025 2039 2029
f 2027 2035 2030
f 2027 2034 2035
f 2031 2033 2048
f 2030 2037 2031
f 2032 2049 2033
f 2028 2036 2034
f 2030 2035 2037
f 2034 2038 2035
f 2034 2036 2038
f 2031 2037 2060
f 2031 2060 2033
f 2035 2043 2037
f 2035 2038 2043
f 2037 2071 2060
f 2037 2043 2071
f 2039 2040 2041
f 2039 2041 2042
f 2029 2039 2042
f 2029 2042 2036
f 2036 2042 2044
f 2041 2045 2042
f 2036 2044 2038
f 2038 2073 2043
f 2038 2044 2073
f 2042 2045 2044
f 2044 2045 2076
f 1901 2026 2046
f 768 2046 2047
f 769 2047 2027
f 771 2027 2030
f 771 2030 780
f 780 2031 2048
f 780 2030 2031
f 2033 2049 2048
f 784 2049 2032
f 784 2032 2099
f 2032 2055 2099
f 2055 2056 2099
f 2032 2033 2058
f 2032 2058 2055
f 2056 2063 2100
f 2055 2059 2056
f 2057 2100 2063
f 2033 2060 2058
f 2055 2058 2061
f 2056 2059 2063
f 2055 2061 2059
f 2058 2060 2062
f 2060 2071 2062
f 2061 2062 2072
f 2061 2072 2077
f 2058 2062 2061
f 2059 2061 2077
f 2057 2063 2064
f 2057 2064 2065
f 2059 2066 2063
f 2063 2066 2064
f 2064 2067 2065
f 2065 2067 2069
f 2059 2077 2066
f 2064 2066 2078
f 2064 2078 2067
f 2067 2086 2069
f 2069 2086 2070
f 2043 2075 2071
f 2062 2071 2074
f 2062 2074 2072
f 2043 2073 2075
f 2044 2076 2073
f 2073 2076 2075
f 2071 2075 2074
f 2072 2074 2076
f 2072 2076 2080
f 2074 2075 2076
f 2066 2077 2079
f 2066 2079 2078
f 2072 2080 2077
f 2077 2080 2079
f 2067 2078 2087
f 2078 2079 2081
f 2078 2081 2087
f 2076 2082 2080
f 2079 2080 2082
f 2079 2082 2081
f 2081 2082 2087
f 2067 2087 2086
f 2070 2086 2090
f 2070 2090 2088
f 2088 2090 2092
f 2086 2087 2089
f 2086 2089 2090
f 2082 2089 2087
f 2082 2091 2089
f 2089 2093 2090
f 2089 2091 2093
f 2082 2097 2091
f 2082 2096 2097
f 2092 2093 2094
f 2090 2093 2092
f 2093 2095 2094
f 2095 2097 2886
f 2097 2889 2886
f 2091 2095 2093
f 2091 2097 2095
f 2082 2891 2096
f 2096 2889 2097
f 2096 2098 2889
f 2096 2891 2098
f 819 2099 2056
f 819 2056 2100
f 1059 2803 2545
f 2545 2804 2546
f 2545 2803 2804
f 2546 2804 2551
f 2551 2804 2805
f 2551 2805 2552
f 2552 2805 2809
f 2552 2809 2553
f 2553 2816 2570
f 2570 2817 2571
f 2510 2516 2776
f 2776 2777 2832
f 2516 2783 2776
f 2516 2517 2783
f 2776 2783 2777
f 2777 2783 2778
f 2778 2783 2779
f 2779 2783 2780
f 2517 2526 2784
f 2517 2784 2783
f 2526 2785 2784
f 2780 2783 2786
f 2783 2784 2786
f 2526 2527 2785
f 2527 2528 2785
f 2528 2811 2785
f 2784 2785 2788
f 2784 2788 2786
f 2785 2811 2788
f 2780 2786 2781
f 2781 2786 2787
f 2781 2787 2782
f 2786 2788 2789
f 2788 2813 2789
f 2786 2789 2787
f 2782 2787 2800
f 2787 2802 2800
f 2787 2789 2802
f 2800 2802 2801
f 2789 2825 2802
f 2801 2802 2883
f 2802 2902 2883
f 2802 2825 2902
f 2825 2936 2902
f 2803 2807 2804
f 2804 2807 2805
f 2803 2806 2807
f 2805 2807 2808
f 2805 2808 2809
f 2553 2809 2816
f 2808 2963 2809
f 2809 2963 2816
f 2806 2810 2807
f 2807 2810 2808
f 2808 2810 2964
f 2528 2563 2811
f 2563 2564 2812
f 2563 2812 2811
f 2812 2814 2813
f 2811 2812 2813
f 2788 2811 2813
f 2564 2818 2812
f 2564 2572 2818
f 2812 2818 2814
f 2789 2813 2815
f 2813 2814 2815
f 2814 2822 2815
f 2570 2816 2817
f 2571 2817 2820
f 2816 2821 2817
f 2816 2963 2821
f 2817 2824 2820
f 2817 2821 2824
f 2572 2819 2818
f 2572 2573 2819
f 2814 2818 2823
f 2818 2819 2823
f 2573 2574 2820
f 2573 2820 2819
f 2571 2820 2574
f 2819 2820 2824
f 2819 2824 2823
f 2821 2966 2824
f 2814 2823 2822
f 2823 2824 2966
f 2822 2823 2966
f 1532 2967 2810
f 2789 2815 2825
f 2815 2826 2825
f 2815 2822 2826
f 2825 2826 2936
f 2826 2937 2936
f 2827 2966 2970
f 2822 2827 2826
f 2822 2966 2827
f 2827 2945 2937
f 2827 2970 2945
f 2826 2827 2937
f 2510 2828 2575
f 2510 2776 2828
f 2828 2830 2829
f 2828 2831 2830
f 2776 2831 2828
f 2776 2832 2831
f 2867 2886 2869
f 2869 2887 2870
f 2868 2870 2887
f 2868 2877 2870
f 2868 2878 2877
f 2876 2877 2878
f 2878 2897 2879
f 2879 2897 2903
f 2876 2878 2879
f 2879 2903 2881
f 2876 2879 2880
f 2880 2881 2923
f 2882 2903 2904
f 2879 2881 2880
f 2881 2903 2882
f 2882 2904 2925
f 2094 2095 2867
f 2095 2886 2867
f 2886 2889 2887
f 2869 2886 2887
f 2887 2889 2888
f 2888 2890 2896
f 2890 2893 2896
f 2098 2888 2889
f 2098 2890 2888
f 2098 2891 2890
f 2890 2891 2892
f 2891 2895 2892
f 2890 2892 2893
f 2892 2894 2893
f 2892 2895 2894
f 2894 2895 2899
f 2868 2887 2888
f 2868 2888 2896
f 2893 2897 2896
f 2893 2898 2897
f 2868 2896 2878
f 2878 2896 2897
f 2897 2898 2903
f 2893 2894 2898
f 2894 2905 2898
f 2894 2899 2905
f 2899 2901 2906
f 2885 2910 2900
f 2895 2900 2899
f 2899 2900 2901
f 2883 2902 2884
f 2884 2902 2885
f 2885 2902 2910
f 2902 2936 2913
f 2898 2904 2903
f 2898 2905 2904
f 2904 2905 2907
f 2899 2906 2905
f 2905 2906 2907
f 2901 2908 2906
f 2906 2938 2907
f 2904 2907 2925
f 2906 2908 2938
f 2908 2911 2909
f 2908 2939 2938
f 2908 2909 2939
f 2900 2912 2911
f 2900 2910 2912
f 2902 2913 2910
f 2910 2913 2912
f 2901 2911 2908
f 2900 2911 2901
f 2909 2911 2912
f 2912 2913 2943
f 2909 2912 2943
f 1597 2914 2915
f 1597 2915 2951
f 2915 2920 2951
f 2919 2920 2923
f 2919 2923 2924
f 2919 2924 2921
f 2921 2926 2922
f 2922 2929 2952
f 2881 2924 2923
f 2882 2926 2924
f 2881 2882 2924
f 2882 2925 2926
f 2921 2924 2926
f 2922 2926 2928
f 2922 2928 2929
f 2925 2928 2926
f 2925 2927 2928
f 2927 2931 2928
f 2927 2940 2931
f 2929 2930 2953
f 2930 2954 2953
f 2930 2932 2954
f 2932 2955 2954
f 2932 2933 2955
f 2933 2976 2955
f 2929 2931 2930
f 2928 2931 2929
f 2931 2940 2934
f 2934 2946 2935
f 2930 2931 2934
f 2930 2934 2932
f 2932 2935 2933
f 2932 2934 2935
f 2933 2935 2981
f 2936 2937 2944
f 2907 2938 2927
f 2907 2927 2925
f 2927 2938 2940
f 2938 2939 2940
f 2909 2941 2939
f 2909 2943 2941
f 2941 2943 2942
f 2939 2946 2940
f 2939 2941 2946
f 2941 2947 2946
f 2942 2944 2948
f 2941 2942 2947
f 2913 2936 2944
f 2913 2944 2943
f 2942 2943 2944
f 2937 2948 2944
f 2937 2945 2948
f 2945 2980 2950
f 2945 2950 2948
f 2934 2940 2946
f 2935 2946 2947
f 2942 2948 2949
f 2942 2949 2947
f 2948 2950 2949
f 2935 2947 2981
f 2947 2949 2981
f 2949 2982 2981
f 2949 2950 2982
f 1617 2951 2919
f 2919 2951 2920
f 1617 2921 1619
f 1617 2919 2921
f 1619 2921 2922
f 1619 2922 2952
f 1623 2953 2954
f 2929 2953 2952
f 1624 2954 2955
f 1626 2976 1627
f 1626 2955 2976
f 2808 2964 2963
f 2963 2964 2965
f 2821 2963 2965
f 2821 2965 2966
f 2810 2968 2964
f 2810 2967 2968
f 2964 2969 2965
f 2964 2968 2969
f 2967 2973 2968
f 2968 2975 2969
f 2968 2973 2975
f 2965 2970 2966
f 2965 2969 2970
f 2969 2980 2970
f 2969 2975 2980
f 2945 2970 2980
f 2967 2974 2973
f 2973 2979 2975
f 2973 2974 2977
f 1627 2977 2974
f 2976 2978 2977
f 2973 2977 2979
f 2975 2979 2983
f 2933 2978 2976
f 2977 2978 2979
f 2933 2981 2978
f 2978 2981 2982
f 2978 2982 2979
f 2975 2983 2980
f 2950 2980 2983
f 2950 2983 2982
f 2979 2982 2983
f 1627 2976 2977
f 198 228 679
f 198 679 199
f 199 680 200
f 200 681 234
f 199 679 680
f 200 680 681
f 228 229 699
f 228 699 679
f 229 700 699
f 229 230 700
f 230 703 700
f 230 231 703
f 231 232 704
f 231 704 703
f 232 233 705
f 232 705 704
f 234 708 235
f 235 709 236
f 234 681 708
f 235 708 709
f 236 710 237
f 237 710 238
f 236 709 710
f 238 710 711
f 238 711 1713
f 239 240 721
f 233 239 705
f 239 721 705
f 240 241 722
f 240 722 721
f 241 725 722
f 241 242 725
f 242 726 725
f 242 243 726
f 243 1012 1486
f 243 1486 726
f 679 699 682
f 679 682 680
f 680 683 681
f 682 699 701
f 680 682 683
f 681 683 712
f 682 684 683
f 682 701 684
f 683 685 712
f 683 684 685
f 684 688 685
f 684 735 688
f 685 688 689
f 685 689 719
f 689 690 719
f 688 735 786
f 688 746 689
f 689 747 690
f 699 700 701
f 700 703 702
f 700 702 701
f 703 704 706
f 704 705 707
f 705 721 707
f 702 703 706
f 704 707 706
f 681 712 708
f 708 713 709
f 709 714 710
f 710 714 711
f 711 715 1930
f 708 712 713
f 709 713 714
f 711 714 715
f 701 702 716
f 702 717 716
f 684 701 716
f 702 706 717
f 706 718 717
f 706 707 718
f 707 723 718
f 712 719 713
f 685 719 712
f 713 720 714
f 714 720 715
f 713 719 720
f 715 720 1944
f 721 722 723
f 722 725 724
f 707 721 723
f 722 724 723
f 725 726 727
f 726 1486 728
f 724 725 727
f 726 728 727
f 723 724 729
f 718 723 729
f 724 730 729
f 724 727 730
f 727 728 731
f 727 731 730
f 716 717 734
f 684 716 735
f 716 734 735
f 717 718 736
f 717 736 734
f 718 738 736
f 690 720 719
f 720 737 1944
f 690 737 720
f 734 785 735
f 734 736 787
f 736 738 789
f 690 748 737
f 737 788 1964
f 718 729 738
f 729 730 739
f 729 739 738
f 730 731 740
f 730 740 739
f 731 1508 740
f 738 739 790
f 739 740 791
f 688 786 746
f 689 746 747
f 690 747 748
f 746 776 747
f 746 786 777
f 746 777 776
f 747 781 748
f 747 776 781
f 748 781 783
f 791 1556 811
f 734 787 785
f 735 785 786
f 736 789 787
f 737 748 788
f 785 815 786
f 777 786 815
f 785 817 815
f 785 787 817
f 787 789 818
f 787 818 817
f 748 783 788
f 783 819 788
f 738 790 789
f 739 791 790
f 740 1556 791
f 789 790 821
f 789 821 818
f 790 822 821
f 790 791 822
f 791 811 822
f 997 1000 1476
f 997 1476 1487
f 1000 1001 1478
f 1000 1478 1476
f 1001 1002 1479
f 1001 1479 1478
f 1002 1484 1479
f 1002 1008 1484
f 1008 1014 1484
f 1014 1489 1484
f 1012 1013 1486
f 1013 1487 1486
f 997 1487 1013
f 1014 1015 1489
f 1015 1490 1489
f 1015 1016 1490
f 1016 1491 1490
f 1016 1017 1491
f 1017 1018 1492
f 1017 1492 1491
f 1018 1496 1492
f 1018 1020 1496
f 1020 1021 1496
f 1021 1022 1497
f 1021 1497 1496
f 1022 1500 1497
f 1022 1023 1500
f 1023 1024 1501
f 1023 1501 1500
f 1024 2750 1501
f 1476 1477 1488
f 1476 1478 1477
f 1478 1479 1480
f 1479 1484 1485
f 1477 1478 1480
f 1479 1485 1480
f 1477 1481 1488
f 1477 1482 1481
f 1477 1480 1482
f 1480 1485 1483
f 1480 1483 1482
f 1484 1489 1485
f 1485 1489 1493
f 1483 1485 1493
f 728 1486 1487
f 1476 1488 1487
f 728 1487 1488
f 728 1488 731
f 731 1488 1481
f 1489 1490 1493
f 1490 1491 1494
f 1491 1492 1495
f 1492 1496 1498
f 1490 1494 1493
f 1491 1495 1494
f 1492 1498 1495
f 1496 1497 1498
f 1497 1500 1499
f 1497 1499 1498
f 1500 1501 1502
f 1499 1500 1502
f 1501 2754 1502
f 1493 1494 1503
f 1483 1493 1503
f 1494 1504 1503
f 1494 1495 1504
f 1495 1498 1505
f 1495 1505 1504
f 1498 1499 1505
f 1499 1502 1506
f 1499 1506 1505
f 1502 2754 1507
f 1502 1507 1506
f 731 1481 1508
f 1481 1482 1509
f 1481 1509 1508
f 1482 1483 1510
f 1482 1510 1509
f 1483 1511 1510
f 740 1508 1556
f 1508 1509 1557
f 1509 1510 1558
f 1510 1511 1559
f 1483 1503 1511
f 1503 1504 1512
f 1504 1505 1513
f 1503 1512 1511
f 1504 1513 1512
f 1505 1506 1514
f 1505 1514 1513
f 1506 1507 1515
f 1506 1515 1514
f 1507 2793 1515
f 1511 1512 1560
f 1512 1513 1561
f 1513 1514 1562
f 1514 1515 1563
f 1508 1557 1556
f 1509 1558 1557
f 1510 1559 1558
f 1556 1557 1567
f 811 1556 1567
f 1557 1570 1567
f 1557 1558 1570
f 1558 1559 1581
f 1558 1581 1570
f 1559 1582 1581
f 1511 1560 1559
f 1512 1561 1560
f 1513 1562 1561
f 1514 1563 1562
f 1515 2871 1563
f 1559 1560 1582
f 1560 1561 1585
f 1560 1585 1582
f 1561 1562 1592
f 1561 1592 1585
f 1562 1596 1592
f 1562 1563 1596
f 1563 2871 2914
f 1563 2914 1596
f 1713 1930 1714
f 1714 1931 1715
f 711 1930 1713
f 1714 1930 1931
f 1715 1933 1716
f 1715 1931 1933
f 1716 1934 1717
f 1717 1934 1720
f 1716 1933 1934
f 1720 1937 1721
f 1720 1934 1937
f 1721 1938 1722
f 1721 1937 1938
f 1722 1939 1723
f 1723 1940 1724
f 1725 1743 1949
f 1725 1950 1726
f 1726 1950 2479
f 1724 1954 1731
f 1731 1954 1738
f 1738 1955 1739
f 1739 1956 1740
f 1740 1958 1743
f 1930 1932 1931
f 715 1932 1930
f 1931 1932 1935
f 1931 1935 1933
f 1933 1936 1934
f 1933 1935 1936
f 1934 1936 1937
f 1937 1941 1938
f 1722 1938 1939
f 1723 1939 1940
f 1938 1942 1939
f 1936 1941 1937
f 1938 1941 1942
f 1939 1943 1940
f 1939 1942 1943
f 715 1944 1932
f 1932 1944 1945
f 1932 1945 1935
f 1935 1946 1936
f 1935 1945 1946
f 1936 1946 1941
f 1941 1946 1947
f 1941 1947 1942
f 1942 1948 1943
f 1942 1947 1948
f 1943 1948 1961
f 1725 1949 1950
f 1949 1958 1951
f 1949 1952 1950
f 1950 1952 2738
f 1949 1951 1952
f 1951 1953 1952
f 1951 1963 1953
f 1724 1940 1954
f 1940 1959 1954
f 1940 1943 1959
f 1738 1954 1955
f 1739 1955 1956
f 1740 1956 1958
f 1954 1959 1955
f 1955 1960 1956
f 1955 1959 1960
f 1956 1957 1958
f 1956 1960 1957
f 1743 1958 1949
f 1951 1958 1957
f 1943 1961 1959
f 1959 1961 1960
f 1960 1961 1962
f 1957 1960 1962
f 1951 1957 1963
f 1957 1962 1963
f 1944 1964 1945
f 737 1964 1944
f 1945 1964 1965
f 1945 1965 1946
f 1946 1965 1966
f 1946 1966 1947
f 1947 1967 1948
f 1947 1966 1967
f 1948 1967 1968
f 1964 2051 1965
f 1965 2052 1966
f 1966 2053 1967
f 1967 2053 2054
f 1967 2054 1968
f 1948 1968 1961
f 1953 1971 2790
f 1968 2068 1969
f 1968 2054 2068
f 1961 1969 1962
f 1961 1968 1969
f 1962 1969 1970
f 1962 1970 1963
f 1953 1963 1971
f 1963 1970 1971
f 1969 2083 1970
f 1969 2068 2083
f 1970 2083 2084
f 1970 2084 1971
f 1971 2085 2790
f 1971 2084 2085
f 788 2051 1964
f 1965 2051 2052
f 1966 2052 2053
f 2052 2057 2053
f 2053 2065 2054
f 788 819 2051
f 2051 2100 2052
f 819 2100 2051
f 2052 2100 2057
f 2053 2057 2065
f 2054 2065 2069
f 2054 2069 2068
f 2068 2069 2070
f 2068 2070 2083
f 2083 2088 2084
f 2084 2092 2085
f 2070 2088 2083
f 2084 2088 2092
f 2085 2092 2094
f 2479 2738 2480
f 2480 2739 2481
f 2481 2742 2482
f 2482 2743 2483
f 2483 2744 2484
f 2484 2744 2485
f 1024 2486 2750
f 2486 2487 2751
f 2487 2488 2751
f 2486 2751 2750
f 2488 2752 2751
f 2488 2489 2752
f 2489 2753 2752
f 2489 2490 2753
f 2490 2762 2753
f 2485 2758 2491
f 2491 2759 2492
f 2492 2764 2493
f 2490 2494 2762
f 2494 2495 2763
f 2494 2763 2762
f 2495 2497 2766
f 2495 2766 2763
f 2493 2765 2496
f 2496 2766 2497
f 1950 2738 2479
f 2480 2738 2739
f 2481 2739 2742
f 2738 2740 2739
f 1952 2740 2738
f 2739 2741 2742
f 2739 2740 2741
f 2482 2742 2743
f 2483 2743 2744
f 2485 2744 2758
f 2741 2745 2742
f 2742 2745 2743
f 2743 2746 2744
f 2743 2745 2746
f 2744 2746 2758
f 2746 2760 2758
f 1952 1953 2740
f 1953 2747 2740
f 2740 2747 2741
f 2741 2747 2748
f 2741 2748 2745
f 2745 2749 2746
f 2746 2749 2760
f 2745 2748 2749
f 1501 2750 2754
f 2750 2751 2755
f 2751 2752 2755
f 2752 2753 2756
f 2753 2762 2757
f 2750 2755 2754
f 2752 2756 2755
f 2753 2757 2756
f 2491 2758 2759
f 2492 2759 2764
f 2759 2761 2764
f 2758 2760 2759
f 2759 2760 2761
f 2762 2763 2767
f 2763 2766 2768
f 2493 2764 2765
f 2496 2765 2766
f 2764 2769 2765
f 2765 2768 2766
f 2757 2762 2767
f 2763 2768 2767
f 2761 2769 2764
f 2765 2769 2768
f 2754 2755 2770
f 2755 2756 2770
f 1507 2754 2770
f 2756 2771 2770
f 2756 2757 2771
f 2757 2773 2771
f 2760 2772 2761
f 2749 2772 2760
f 2761 2772 2775
f 2769 2775 2774
f 2757 2767 2773
f 2768 2769 2774
f 2767 2768 2774
f 2767 2774 2773
f 2761 2775 2769
f 1953 2790 2747
f 2747 2791 2748
f 2747 2790 2791
f 2748 2792 2749
f 2748 2791 2792
f 2749 2792 2796
f 2790 2864 2791
f 2085 2864 2790
f 2791 2864 2865
f 2791 2865 2792
f 2792 2866 2796
f 2792 2865 2866
f 2796 2866 2873
f 1507 2770 2793
f 2770 2771 2794
f 2771 2773 2795
f 2770 2794 2793
f 2771 2795 2794
f 2749 2796 2772
f 2772 2797 2775
f 2772 2796 2797
f 2774 2775 2798
f 2773 2774 2799
f 2773 2799 2795
f 2774 2798 2799
f 2775 2797 2798
f 1515 2793 2871
f 2793 2794 2872
f 2794 2795 2917
f 2796 2873 2797
f 2797 2874 2798
f 2797 2873 2874
f 2798 2874 2875
f 2795 2799 2918
f 2798 2875 2799
f 2795 2918 2917
f 2799 2875 2918
f 2864 2867 2865
f 2865 2869 2866
f 2866 2870 2873
f 2094 2867 2864
f 2865 2867 2869
f 2866 2869 2870
f 2793 2872 2871
f 2794 2917 2872
f 2872 2917 2920
f 2873 2877 2874
f 2874 2876 2875
f 2875 2880 2918
f 2871 2872 2915
f 2872 2920 2915
f 2871 2915 2914
f 2874 2877 2876
f 2870 2877 2873
f 2875 2876 2880
f 2085 2094 2864
f 2917 2918 2923
f 2917 2923 2920
f 2880 2923 2918
f 1640 1897 1641
f 1641 1897 1898
f 1641 1898 1754
f 1754 1898 1979
f 1754 1979 1755
f 1755 1979 1981
f 1755 1981 1756
f 1756 1983 1757
f 1757 1983 1985
f 1756 1981 1983
f 1757 1985 1759
f 1759 1985 1764
f 1764 1985 2009
f 1764 2009 1766
f 1766 2009 2011
f 1766 2011 1769
f 1769 2011 2019
f 1774 2020 2834
f 1769 2019 1770
f 1770 2020 1774
f 1770 2019 2020
f 1640 1776 1897
f 1776 1777 2113
f 1776 2113 1897
f 1777 1780 2114
f 1777 2114 2113
f 1780 2118 2114
f 1780 1781 2118
f 1781 1782 2122
f 1781 2122 2118
f 1782 1783 2123
f 1782 2123 2122
f 1783 1784 2123
f 1784 2124 2123
f 1784 1803 2124
f 1803 1804 2158
f 1803 2158 2124
f 1804 2217 2158
f 1804 1848 2217
f 1848 2218 2217
f 1848 1849 2218
f 1849 1850 2220
f 1850 1854 2220
f 1854 1855 2222
f 1897 2115 1898
f 1898 2115 1899
f 1898 1899 1979
f 1899 1980 1979
f 1899 2119 1900
f 1899 1900 1980
f 1979 1980 1981
f 1980 1984 1981
f 1900 1982 1980
f 1980 1982 1984
f 1981 1984 1983
f 1983 1984 1986
f 1983 1986 1985
f 1985 1986 2009
f 1986 2010 2009
f 1982 1987 1984
f 1984 1987 1986
f 1986 1987 2010
f 1987 2014 2010
f 1900 1988 1982
f 1900 2130 1988
f 1982 1988 1989
f 1988 2130 2101
f 1982 1989 1987
f 1987 2022 2014
f 1987 1989 2022
f 1988 2102 1989
f 1989 2103 2022
f 2009 2010 2011
f 2010 2012 2011
f 2010 2013 2012
f 2011 2012 2019
f 2010 2014 2013
f 2013 2014 2015
f 2017 2835 2020
f 2017 2021 2835
f 2021 2837 2835
f 2012 2013 2021
f 2012 2017 2019
f 2012 2021 2017
f 2017 2020 2019
f 2014 2022 2015
f 2015 2022 2023
f 2022 2103 2023
f 1988 2101 2102
f 2101 2105 2102
f 2101 2302 2105
f 1989 2102 2103
f 2102 2105 2107
f 2102 2107 2103
f 2105 2106 2107
f 2106 2110 2107
f 2106 2313 2110
f 2023 2103 2107
f 2023 2107 2109
f 2107 2110 2109
f 2110 2313 2111
f 2109 2110 2111
f 2111 2314 2112
f 2109 2111 2112
f 2109 2112 2362
f 1897 2113 2115
f 2113 2114 2116
f 2113 2116 2115
f 2114 2117 2116
f 2114 2118 2117
f 2118 2122 2125
f 2117 2118 2125
f 2115 2116 2119
f 1899 2115 2119
f 2116 2120 2119
f 2116 2117 2120
f 2117 2121 2120
f 2117 2125 2121
f 2122 2123 2126
f 2123 2124 2126
f 2122 2126 2125
f 2124 2127 2126
f 2124 2158 2127
f 2121 2125 2128
f 2125 2126 2128
f 2126 2127 2128
f 2127 2160 2128
f 2129 2131 2134
f 2119 2120 2129
f 2119 2129 2130
f 2120 2131 2129
f 1900 2119 2130
f 2120 2121 2131
f 2121 2132 2131
f 2129 2135 2130
f 2131 2132 2136
f 2121 2128 2132
f 2128 2133 2132
f 2128 2160 2133
f 2132 2133 2137
f 2133 2163 2138
f 2131 2136 2134
f 2134 2136 2139
f 2134 2139 2141
f 2136 2144 2139
f 2129 2134 2135
f 2101 2130 2135
f 2132 2137 2136
f 2134 2141 2135
f 2135 2141 2302
f 2136 2137 2144
f 2133 2138 2137
f 2137 2149 2144
f 2137 2138 2149
f 2138 2151 2149
f 2138 2293 2151
f 2139 2144 2140
f 2139 2140 2141
f 2140 2143 2141
f 2140 2142 2143
f 2141 2143 2302
f 2142 2303 2143
f 2142 2146 2303
f 2140 2145 2142
f 2140 2144 2145
f 2142 2145 2148
f 2144 2149 2145
f 2142 2148 2146
f 2146 2147 2304
f 2146 2309 2147
f 2145 2150 2148
f 2146 2148 2309
f 2145 2149 2150
f 2148 2324 2309
f 2148 2150 2324
f 2149 2151 2150
f 2150 2151 2328
f 2158 2217 2159
f 2127 2158 2159
f 2127 2159 2160
f 2159 2221 2160
f 2160 2221 2163
f 2133 2160 2163
f 2217 2218 2219
f 1849 2220 2218
f 2159 2217 2219
f 2218 2224 2219
f 2218 2220 2224
f 2159 2219 2221
f 2219 2226 2221
f 2219 2224 2226
f 1854 2222 2220
f 1855 2223 2222
f 2220 2222 2224
f 2222 2225 2224
f 2222 2223 2225
f 2223 2232 2225
f 2224 2225 2226
f 2225 2231 2226
f 1855 1860 2223
f 1860 2227 2223
f 1860 1861 2227
f 2223 2227 2232
f 1861 2229 2227
f 2227 2234 2232
f 1861 1863 2229
f 1863 2228 2230
f 1863 2230 2229
f 2228 2265 2230
f 2227 2229 2234
f 2229 2230 2269
f 2225 2232 2231
f 2232 2234 2233
f 2231 2232 2233
f 2229 2269 2234
f 2233 2234 2271
f 2221 2226 2235
f 2163 2221 2235
f 2226 2236 2235
f 2163 2235 2293
f 2235 2236 2379
f 2235 2379 2293
f 2226 2231 2236
f 2231 2238 2236
f 2236 2238 2382
f 2236 2382 2379
f 2238 2391 2382
f 2231 2233 2238
f 2233 2237 2238
f 2233 2271 2237
f 2237 2391 2238
f 2237 2435 2391
f 2230 2265 2266
f 2264 2266 2265
f 2264 2268 2266
f 2230 2266 2269
f 2266 2268 2270
f 2264 2267 2268
f 2267 2276 2268
f 2268 2276 2272
f 2266 2270 2269
f 2234 2269 2271
f 2269 2270 2271
f 2270 2273 2271
f 2268 2272 2270
f 2270 2272 2273
f 2272 2279 2273
f 2267 2274 2276
f 2274 2277 2276
f 2274 2275 2277
f 2276 2277 2280
f 1895 2278 2275
f 2275 2278 2277
f 1895 2709 2278
f 2278 2709 3088
f 2277 2281 2280
f 2277 2278 2281
f 2278 3088 2281
f 2272 2276 2280
f 2272 2280 2279
f 2280 2281 2282
f 2281 3092 2282
f 2279 2280 2282
f 2271 2273 2289
f 2237 2271 2289
f 2273 2279 2290
f 2273 2290 2289
f 2237 2289 2435
f 2289 2436 2435
f 2289 2290 2436
f 2290 2453 2436
f 2279 2291 2290
f 2279 2282 2291
f 2282 3108 2291
f 2290 2291 2453
f 2291 2454 2453
f 2291 3108 2454
f 2454 3108 3247
f 2101 2135 2302
f 2138 2163 2293
f 2151 2293 2294
f 2328 2380 2329
f 2294 2380 2328
f 2295 2329 2383
f 2329 2380 2383
f 2295 2384 2298
f 2299 2301 2337
f 2298 2386 2299
f 2300 2338 2301
f 2143 2305 2302
f 2303 2306 2305
f 2143 2303 2305
f 2146 2304 2303
f 2303 2304 2306
f 2147 2307 2304
f 2105 2302 2305
f 2105 2305 2106
f 2106 2305 2306
f 2304 2312 2306
f 2304 2307 2312
f 2147 2308 2307
f 2147 2309 2323
f 2147 2323 2308
f 2308 2323 2326
f 2307 2308 2317
f 2308 2310 2317
f 2310 2311 2318
f 2308 2326 2310
f 2310 2330 2311
f 2310 2326 2330
f 2306 2312 2313
f 2106 2306 2313
f 2307 2315 2312
f 2307 2317 2315
f 2315 2317 2316
f 2312 2314 2313
f 2312 2315 2314
f 2314 2315 2350
f 2315 2316 2350
f 2316 2318 2351
f 2310 2318 2317
f 2316 2317 2318
f 2311 2320 2318
f 2311 2331 2319
f 2311 2319 2320
f 2318 2320 2351
f 2319 2355 2320
f 2319 2321 2355
f 2321 2322 2355
f 2309 2324 2325
f 2309 2325 2323
f 2150 2328 2324
f 2324 2329 2325
f 2323 2327 2326
f 2326 2332 2330
f 2323 2325 2327
f 2326 2327 2332
f 2151 2294 2328
f 2324 2328 2329
f 2295 2325 2329
f 2295 2327 2325
f 2295 2298 2327
f 2311 2330 2331
f 2319 2331 2334
f 2330 2332 2337
f 2330 2337 2331
f 2319 2334 2321
f 2321 2334 2333
f 2331 2338 2334
f 2331 2337 2338
f 2333 2334 2336
f 2333 2336 2335
f 2334 2338 2336
f 2335 2336 2377
f 2298 2332 2327
f 2299 2337 2332
f 2298 2299 2332
f 2301 2338 2337
f 2300 2336 2338
f 2300 2377 2336
f 2300 2395 2377
f 2348 2377 2395
f 2300 2301 2396
f 2300 2396 2395
f 2348 2401 2378
f 2349 2378 2401
f 2111 2313 2314
f 2112 2314 2350
f 2316 2351 2352
f 2316 2352 2350
f 2112 2350 2362
f 2350 2352 2362
f 2352 2353 2362
f 2351 2353 2352
f 2351 2358 2353
f 2353 2358 2354
f 2354 2359 2364
f 2320 2358 2351
f 2320 2355 2358
f 2355 2356 2358
f 2356 2357 2359
f 2322 2356 2355
f 2322 2357 2356
f 2354 2358 2356
f 2354 2356 2359
f 2357 2361 2359
f 2359 2361 2371
f 2360 2371 2361
f 2353 2363 2362
f 2362 2363 2366
f 2362 2366 2367
f 2353 2354 2363
f 2354 2364 2363
f 2363 2364 2366
f 2364 2368 2366
f 2364 2371 2368
f 2365 2368 2371
f 2366 2368 2367
f 2367 2370 3139
f 2365 2370 2368
f 2367 2368 2370
f 2365 2369 2370
f 2369 3139 2370
f 2369 2373 3140
f 2373 2374 3140
f 2359 2371 2364
f 2360 2365 2371
f 2360 2372 2365
f 2365 2372 2369
f 2369 2372 2373
f 2335 2377 2376
f 2348 2376 2377
f 2348 2378 2376
f 2293 2379 2294
f 2294 2379 2381
f 2294 2381 2380
f 2380 2381 2385
f 2379 2382 2381
f 2382 2391 2387
f 2295 2383 2384
f 2380 2385 2383
f 2298 2384 2386
f 2383 2388 2384
f 2383 2385 2388
f 2299 2398 2301
f 2299 2386 2398
f 2384 2389 2386
f 2384 2388 2389
f 2386 2406 2398
f 2386 2389 2406
f 2381 2382 2387
f 2381 2387 2385
f 2385 2387 2390
f 2385 2390 2388
f 2388 2408 2389
f 2387 2392 2390
f 2388 2390 2408
f 2391 2435 2392
f 2387 2391 2392
f 2390 2437 2408
f 2390 2392 2437
f 2301 2398 2396
f 2395 2396 2399
f 2348 2395 2397
f 2348 2397 2401
f 2395 2399 2397
f 2396 2398 2400
f 2398 2406 2400
f 2396 2400 2399
f 2397 2399 2411
f 2349 2401 2402
f 2349 2402 2403
f 2397 2404 2401
f 2401 2404 2402
f 2397 2411 2404
f 2402 2404 2412
f 2402 2405 2403
f 2403 2405 2420
f 2402 2412 2405
f 2389 2410 2406
f 2399 2400 2407
f 2399 2407 2411
f 2400 2406 2409
f 2400 2409 2407
f 2389 2408 2410
f 2406 2410 2409
f 2407 2409 2441
f 2409 2410 2442
f 2404 2411 2413
f 2404 2413 2412
f 2407 2414 2411
f 2411 2414 2413
f 2405 2412 2424
f 2412 2413 2415
f 2407 2441 2414
f 2412 2415 2424
f 2413 2414 2443
f 2413 2443 2415
f 2405 2422 2420
f 2420 2422 2421
f 2405 2424 2422
f 2421 2422 2426
f 2421 2426 2423
f 2423 2426 2428
f 2422 2424 2425
f 2422 2425 2426
f 2415 2460 2424
f 2424 2460 2425
f 2425 2431 2426
f 2425 2427 2431
f 2425 2460 2427
f 2426 2431 2428
f 2428 2431 2429
f 2429 2431 2430
f 2430 2433 3218
f 2433 3221 3218
f 2427 2430 2431
f 2427 2433 2430
f 2427 2461 2433
f 2432 2433 2461
f 2432 3221 2433
f 2432 2434 3221
f 2434 2467 3222
f 2435 2436 2445
f 2436 2453 2450
f 2436 2450 2445
f 2392 2435 2445
f 2392 2445 2437
f 2437 2447 2438
f 2408 2437 2438
f 2408 2438 2410
f 2410 2438 2442
f 2438 2446 2442
f 2439 2442 2446
f 2438 2447 2446
f 2439 2448 2444
f 2440 2444 2448
f 2409 2442 2441
f 2414 2441 2444
f 2439 2441 2442
f 2439 2444 2441
f 2414 2444 2443
f 2415 2443 2455
f 2440 2443 2444
f 2440 2455 2443
f 2437 2445 2447
f 2439 2446 2449
f 2446 2447 2451
f 2446 2451 2449
f 2439 2449 2448
f 2448 2449 2457
f 2449 2451 2468
f 2445 2450 2447
f 2447 2450 2451
f 2451 2452 2468
f 2450 2452 2451
f 2450 2470 2452
f 2450 2453 2470
f 2453 2454 2470
f 2454 3247 2472
f 2454 2472 2470
f 2440 2462 2455
f 2440 2456 2462
f 2440 2448 2456
f 2448 2457 2456
f 2456 2457 2458
f 2456 2458 2465
f 2457 2459 2458
f 2459 2469 2463
f 2415 2455 2460
f 2455 2461 2460
f 2455 2462 2461
f 2427 2460 2461
f 2432 2461 2462
f 2456 2465 2462
f 2458 2459 2466
f 2459 2463 2466
f 2463 2469 2464
f 2463 3250 2466
f 2463 3251 3250
f 2463 2464 3251
f 2432 2462 2465
f 2432 2465 2434
f 2458 2467 2465
f 2458 2466 2467
f 2434 2465 2467
f 2466 3249 2467
f 2466 3250 3249
f 2449 2468 2457
f 2457 2468 2459
f 2452 2469 2468
f 2459 2468 2469
f 2452 2471 2469
f 2452 2470 2471
f 2464 2469 2471
f 2470 2472 2471
f 2471 2472 3248
f 2464 2471 3248
f 1774 2834 2576
f 2576 2834 2577
f 2577 2834 2838
f 2577 2838 2582
f 2582 2838 2841
f 2582 2841 2584
f 2584 2841 2845
f 2584 2845 2585
f 2585 2847 2589
f 2585 2845 2847
f 2589 2847 2849
f 2589 2849 2592
f 2592 2849 2593
f 2593 2849 2850
f 2593 2850 2597
f 2597 2850 2853
f 2597 2853 2598
f 2598 2853 3037
f 2598 3037 2653
f 2653 3038 2654
f 2653 3037 3038
f 2654 3041 2655
f 2654 3038 3041
f 2655 3041 2656
f 2656 3041 3043
f 2656 3043 2657
f 2657 3043 3044
f 2657 3044 2669
f 2669 3044 3048
f 2669 3048 2670
f 2670 3048 3050
f 2670 3050 2675
f 2675 3051 2676
f 2675 3050 3051
f 2676 3051 2725
f 2725 3051 3110
f 2725 3110 2726
f 2726 3110 3111
f 2726 3111 2727
f 2727 3112 2730
f 2730 3113 2731
f 2020 2835 2834
f 2834 2835 2838
f 2835 2839 2838
f 2835 2837 2843
f 2838 2839 2841
f 2835 2843 2839
f 2839 2844 2841
f 2839 2843 2844
f 2841 2844 2845
f 2844 2848 2845
f 2844 2856 2848
f 2843 2856 2844
f 2845 2848 2847
f 2847 2848 2851
f 2847 2851 2849
f 2849 2851 2850
f 2850 2851 2852
f 2850 2852 2853
f 2852 2854 2853
f 2856 2857 2858
f 2848 2856 2858
f 2848 2858 2851
f 2851 2858 2852
f 2852 2858 2859
f 2852 2859 2854
f 2854 2859 3045
f 2853 2854 3037
f 2857 2860 2858
f 2857 2861 2860
f 2858 2860 2862
f 2858 2862 2859
f 2859 2863 3045
f 2859 2862 2863
f 2860 2861 2956
f 2860 2956 2862
f 2862 2957 2863
f 2861 2959 2956
f 2862 2956 2957
f 2956 2959 2960
f 2956 2960 2962
f 2956 2962 2957
f 2959 3184 2960
f 2960 2961 2962
f 2960 3184 2961
f 2961 3187 2962
f 3037 3039 3038
f 3038 3040 3041
f 2854 3039 3037
f 3038 3039 3040
f 3040 3043 3041
f 3040 3042 3043
f 3042 3044 3043
f 3042 3049 3044
f 2854 3045 3039
f 3039 3045 3046
f 3039 3046 3040
f 3040 3046 3042
f 3042 3046 3047
f 3042 3047 3049
f 3044 3049 3048
f 3048 3052 3050
f 3048 3049 3052
f 3050 3053 3051
f 3051 3053 3110
f 3050 3052 3053
f 3053 3054 3110
f 3047 3055 3049
f 3049 3055 3052
f 3052 3056 3053
f 3052 3055 3056
f 3053 3056 3054
f 3054 3056 3292
f 3045 3057 3046
f 2863 3057 3045
f 3046 3058 3047
f 3046 3057 3058
f 3047 3058 3059
f 2863 3175 3057
f 3057 3176 3058
f 3047 3059 3055
f 3055 3059 3290
f 3055 3290 3056
f 3058 3182 3059
f 3059 3299 3290
f 2707 3093 3089
f 2707 2708 3093
f 3089 3093 3090
f 2709 2710 3088
f 2707 3089 2710
f 2710 3089 3088
f 2281 3088 3092
f 3088 3089 3092
f 3089 3090 3092
f 3090 3091 3092
f 3090 3097 3091
f 2282 3092 3091
f 2708 2712 3094
f 2708 3094 3093
f 2712 3095 3094
f 3090 3093 3096
f 3093 3094 3096
f 2712 2714 3095
f 2714 2715 3095
f 2715 3115 3095
f 3094 3095 3098
f 3094 3098 3096
f 3095 3115 3098
f 3090 3096 3097
f 3096 3098 3099
f 3098 3117 3099
f 3096 3099 3097
f 3091 3097 3107
f 2282 3091 3108
f 3091 3107 3108
f 3107 3109 3246
f 3107 3247 3108
f 3107 3246 3247
f 3097 3099 3109
f 3097 3109 3107
f 3099 3126 3109
f 3109 3257 3246
f 3109 3126 3257
f 3126 3286 3257
f 3054 3111 3110
f 2727 3111 3112
f 3054 3291 3111
f 3111 3291 3112
f 2730 3112 3113
f 2731 3113 3122
f 3112 3291 3114
f 3112 3114 3113
f 3113 3125 3122
f 3113 3114 3125
f 3114 3294 3125
f 2715 2732 3115
f 2732 2733 3116
f 2732 3116 3115
f 3116 3118 3117
f 3115 3116 3117
f 3098 3115 3117
f 2733 3120 3116
f 2733 2735 3120
f 3116 3120 3118
f 3099 3117 3119
f 3117 3118 3119
f 3118 3123 3119
f 2735 3121 3120
f 2735 2736 3121
f 3118 3120 3124
f 3120 3121 3124
f 2736 2737 3122
f 2736 3122 3121
f 2731 3122 2737
f 3121 3122 3125
f 3121 3125 3124
f 3118 3124 3123
f 3124 3125 3294
f 3123 3124 3294
f 3128 3294 3297
f 3128 3297 3274
f 3099 3119 3126
f 3119 3127 3126
f 3119 3123 3127
f 3126 3127 3286
f 3127 3287 3286
f 3123 3128 3127
f 3123 3294 3128
f 3127 3128 3287
f 3128 3274 3287
f 2367 3139 3144
f 3139 3140 3144
f 2369 3140 3139
f 2374 3141 3140
f 2374 3142 3141
f 3140 3141 3144
f 3141 3142 3143
f 3141 3143 3144
f 3142 3145 3143
f 3143 3145 3147
f 3143 3146 3144
f 3144 3146 3151
f 3143 3147 3146
f 3146 3147 3148
f 3144 3151 3149
f 3149 3153 3150
f 3149 3151 3152
f 3146 3157 3151
f 3151 3157 3152
f 3149 3152 3153
f 3150 3153 3161
f 3152 3158 3153
f 3153 3158 3161
f 3150 3154 3184
f 3150 3161 3155
f 3150 3155 3154
f 3154 3156 3184
f 3154 3155 3163
f 3154 3163 3156
f 3146 3148 3157
f 3152 3157 3160
f 3152 3160 3158
f 3148 3159 3157
f 3157 3159 3160
f 3158 3160 3166
f 3159 3167 3160
f 3160 3167 3166
f 3155 3161 3162
f 3158 3164 3161
f 3161 3164 3162
f 3155 3162 3163
f 3156 3163 3189
f 3162 3165 3163
f 3163 3165 3189
f 3158 3166 3164
f 3162 3164 3169
f 3162 3169 3165
f 3166 3167 3171
f 3164 3166 3168
f 3164 3168 3169
f 3166 3171 3168
f 3165 3169 3170
f 3168 3172 3169
f 3169 3172 3170
f 3168 3171 3173
f 3168 3173 3172
f 3170 3172 3202
f 3172 3173 3174
f 3172 3174 3202
f 3174 3179 3202
f 2863 2957 3175
f 2957 3188 3175
f 2957 2962 3188
f 3057 3175 3176
f 3058 3176 3182
f 3175 3188 3195
f 3175 3195 3176
f 3176 3195 3207
f 3176 3207 3182
f 3178 3179 3263
f 3178 3264 3180
f 3180 3266 3181
f 3181 3183 3203
f 3059 3182 3299
f 3182 3207 3302
f 3183 3275 3209
f 3209 3275 3210
f 3210 3275 3277
f 3210 3277 3211
f 3211 3277 3278
f 3211 3278 3300
f 2961 3184 3185
f 2961 3185 3187
f 3184 3186 3185
f 3156 3186 3184
f 3185 3191 3187
f 3185 3186 3191
f 2962 3187 3188
f 3187 3191 3192
f 3187 3192 3188
f 3156 3190 3186
f 3156 3189 3190
f 3186 3190 3193
f 3165 3197 3189
f 3189 3197 3198
f 3189 3198 3190
f 3186 3193 3191
f 3191 3196 3192
f 3190 3200 3193
f 3191 3193 3196
f 3188 3192 3195
f 3192 3204 3195
f 3192 3196 3204
f 3195 3204 3207
f 3165 3170 3197
f 3197 3201 3198
f 3170 3199 3197
f 3170 3202 3199
f 3197 3199 3201
f 3190 3198 3200
f 3193 3205 3196
f 3193 3200 3205
f 3198 3203 3200
f 3198 3201 3203
f 3200 3203 3209
f 3178 3199 3202
f 3180 3201 3199
f 3178 3180 3199
f 3178 3202 3179
f 3180 3181 3201
f 3181 3203 3201
f 3196 3205 3206
f 3196 3206 3204
f 3200 3209 3205
f 3205 3210 3206
f 3204 3208 3207
f 3204 3206 3208
f 3207 3208 3302
f 3205 3209 3210
f 3183 3209 3203
f 3206 3210 3211
f 3206 3211 3208
f 3208 3300 3302
f 3208 3211 3300
f 3216 3219 3217
f 3217 3219 3225
f 3217 3225 3233
f 3225 3234 3233
f 2429 2430 3215
f 2430 3218 3215
f 3218 3221 3219
f 3215 3218 3216
f 3216 3218 3219
f 3219 3221 3220
f 3220 3222 3226
f 2434 3220 3221
f 2434 3222 3220
f 2467 3249 3222
f 3222 3223 3226
f 3222 3249 3223
f 3223 3249 3224
f 3219 3220 3225
f 3220 3226 3225
f 3223 3227 3226
f 3223 3228 3227
f 3225 3226 3234
f 3226 3227 3234
f 3227 3228 3239
f 3223 3224 3228
f 3224 3241 3228
f 3224 3254 3241
f 3242 3254 3255
f 3232 3233 3234
f 3227 3235 3234
f 3232 3234 3235
f 3235 3239 3237
f 3236 3237 3263
f 3232 3235 3236
f 3235 3237 3236
f 3237 3239 3238
f 3238 3240 3265
f 3228 3240 3239
f 3228 3241 3240
f 3227 3239 3235
f 3240 3241 3243
f 3241 3254 3242
f 3241 3242 3243
f 3242 3255 3244
f 3238 3239 3240
f 3242 3268 3243
f 3240 3243 3265
f 3242 3244 3268
f 3244 3269 3268
f 3244 3245 3269
f 2472 3247 3256
f 3246 3256 3247
f 2464 3252 3251
f 2464 3248 3252
f 3248 3253 3252
f 3248 3256 3253
f 3224 3249 3250
f 3224 3250 3254
f 3250 3251 3254
f 3253 3256 3258
f 3246 3258 3256
f 3252 3253 3259
f 3251 3255 3254
f 3251 3252 3255
f 3252 3259 3255
f 2472 3256 3248
f 3246 3257 3258
f 3257 3286 3261
f 3253 3258 3260
f 3257 3261 3258
f 3258 3261 3260
f 3244 3255 3259
f 3253 3260 3259
f 3245 3259 3260
f 3244 3259 3245
f 3260 3261 3288
f 3245 3260 3288
f 3178 3263 3264
f 3237 3264 3263
f 3237 3238 3264
f 3238 3266 3264
f 3238 3265 3266
f 3180 3264 3266
f 3181 3267 3183
f 3181 3266 3267
f 3265 3267 3266
f 3265 3270 3267
f 3270 3271 3276
f 3267 3270 3276
f 3243 3270 3265
f 3243 3268 3270
f 3268 3271 3270
f 3268 3269 3271
f 3245 3272 3269
f 3245 3288 3272
f 3272 3288 3273
f 3269 3281 3271
f 3272 3282 3281
f 3269 3272 3281
f 3272 3273 3282
f 3274 3283 3287
f 3274 3304 3285
f 3183 3276 3275
f 3183 3267 3276
f 3271 3279 3276
f 3275 3276 3279
f 3275 3279 3277
f 3277 3280 3278
f 3277 3279 3280
f 3278 3280 3307
f 3274 3285 3283
f 3271 3281 3279
f 3280 3281 3282
f 3279 3281 3280
f 3273 3284 3282
f 3273 3283 3284
f 3283 3285 3284
f 3280 3282 3307
f 3282 3284 3307
f 3284 3308 3307
f 3284 3285 3308
f 3286 3287 3289
f 3261 3286 3289
f 3261 3289 3288
f 3273 3288 3289
f 3283 3289 3287
f 3273 3289 3283
f 3056 3295 3292
f 3056 3290 3295
f 3290 3298 3295
f 3054 3292 3291
f 3291 3292 3293
f 3114 3291 3293
f 3114 3293 3294
f 3292 3296 3293
f 3292 3295 3296
f 3293 3297 3294
f 3293 3296 3297
f 3295 3303 3296
f 3295 3298 3303
f 3296 3304 3297
f 3296 3303 3304
f 3274 3297 3304
f 3290 3299 3298
f 3182 3302 3299
f 3298 3299 3301
f 3299 3302 3301
f 3300 3305 3301
f 3300 3301 3302
f 3298 3306 3303
f 3303 3309 3304
f 3298 3301 3306
f 3303 3306 3309
f 3278 3305 3300
f 3301 3305 3306
f 3278 3307 3305
f 3305 3307 3308
f 3305 3308 3306
f 3285 3304 3309
f 3285 3309 3308
f 3306 3308 3309
f 1796 1822 2152
f 1796 2152 1797
f 1797 2153 1798
f 1798 2154 1838
f 1797 2152 2153
f 1798 2153 2154
f 1822 1823 2166
f 1822 2166 2152
f 1823 2167 2166
f 1823 1824 2167
f 1824 2170 2167
f 1824 1825 2170
f 1825 1826 2171
f 1825 2171 2170
f 1826 1827 2172
f 1826 2172 2171
f 1827 1833 2172
f 1833 1834 2178
f 1833 2178 2172
f 1834 1835 2179
f 1834 2179 2178
f 1835 2182 2179
f 1835 1836 2182
f 1836 2183 2182
f 1836 1837 2183
f 1837 2621 2988
f 1837 2988 2183
f 1838 2189 1839
f 1839 2190 1840
f 1838 2154 2189
f 1839 2189 2190
f 1840 2191 1841
f 1841 2191 1842
f 1840 2190 2191
f 1842 2191 2192
f 1842 2192 1843
f 1843 2197 1844
f 1844 2198 1845
f 1843 2192 2197
f 1844 2197 2198
f 1845 2200 1846
f 1845 2198 2200
f 1846 2201 1847
f 1846 2200 2201
f 1847 2201 1866
f 1866 2239 1867
f 1866 2201 2239
f 1867 2240 1868
f 1867 2239 2240
f 1868 2241 1869
f 1869 2242 1870
f 1870 2245 1874
f 1876 1883 2250
f 1876 2250 2677
f 1874 2245 1877
f 1877 2252 1878
f 1878 2253 1879
f 1879 2255 1882
f 1882 2256 1883
f 2152 2166 2155
f 2152 2155 2153
f 2153 2156 2154
f 2155 2166 2169
f 2153 2155 2156
f 2154 2156 2193
f 2155 2157 2156
f 2155 2169 2157
f 2156 2161 2193
f 2156 2157 2161
f 2157 2162 2161
f 2157 2209 2162
f 2161 2162 2164
f 2162 2209 2339
f 2162 2292 2164
f 2161 2164 2204
f 2164 2165 2204
f 2164 2296 2165
f 2166 2167 2169
f 2167 2170 2168
f 2167 2168 2169
f 2170 2171 2173
f 2171 2172 2174
f 2172 2178 2174
f 2168 2170 2173
f 2171 2174 2173
f 2168 2176 2175
f 2168 2175 2169
f 2157 2169 2175
f 2168 2173 2176
f 2173 2177 2176
f 2173 2174 2177
f 2174 2180 2177
f 2178 2179 2180
f 2179 2182 2181
f 2174 2178 2180
f 2179 2181 2180
f 2182 2183 2184
f 2183 2988 2185
f 2181 2182 2184
f 2183 2185 2184
f 2180 2181 2186
f 2177 2180 2186
f 2181 2187 2186
f 2181 2184 2187
f 2184 2185 2188
f 2184 2188 2187
f 2154 2193 2189
f 2189 2194 2190
f 2190 2195 2191
f 2191 2195 2192
f 2189 2193 2194
f 2190 2194 2195
f 2192 2195 2196
f 2192 2196 2197
f 2197 2199 2198
f 2196 2199 2197
f 2198 2199 2202
f 2198 2202 2200
f 2200 2203 2201
f 2200 2202 2203
f 2193 2204 2194
f 2161 2204 2193
f 2194 2205 2195
f 2195 2205 2196
f 2194 2204 2205
f 2196 2206 2199
f 2196 2205 2206
f 2199 2206 2207
f 2199 2207 2202
f 2202 2247 2203
f 2202 2207 2247
f 2175 2176 2208
f 2157 2175 2209
f 2175 2208 2209
f 2176 2177 2210
f 2176 2210 2208
f 2177 2211 2210
f 2208 2340 2209
f 2208 2210 2341
f 2210 2211 2342
f 2177 2186 2211
f 2186 2187 2212
f 2186 2212 2211
f 2187 2188 2213
f 2187 2213 2212
f 2188 3026 2213
f 2211 2212 2343
f 2212 2213 2344
f 2165 2205 2204
f 2205 2214 2206
f 2165 2214 2205
f 2206 2215 2207
f 2206 2214 2215
f 2207 2215 2216
f 2207 2216 2247
f 2216 2283 2247
f 2165 2297 2214
f 2214 2345 2215
f 2215 2346 2216
f 2216 2347 2283
f 2201 2203 2239
f 2239 2243 2240
f 1868 2240 2241
f 1869 2241 2242
f 2240 2244 2241
f 2203 2243 2239
f 2240 2243 2244
f 2241 2246 2242
f 2241 2244 2246
f 1870 2242 2245
f 2242 2259 2245
f 2242 2246 2259
f 2203 2247 2243
f 2243 2247 2248
f 2243 2248 2244
f 2244 2249 2246
f 2244 2248 2249
f 2246 2249 2261
f 2250 2256 2251
f 2250 2251 3060
f 1877 2245 2252
f 1878 2252 2253
f 1879 2253 2255
f 2245 2259 2252
f 2252 2260 2253
f 2252 2259 2260
f 2253 2254 2255
f 2253 2260 2254
f 1882 2255 2256
f 1883 2256 2250
f 2255 2257 2256
f 2254 2257 2255
f 2251 2256 2257
f 2251 2257 2258
f 2246 2261 2259
f 2259 2261 2260
f 2260 2261 2262
f 2254 2260 2262
f 2254 2263 2257
f 2254 2262 2263
f 2257 2263 2258
f 2247 2283 2248
f 2248 2284 2249
f 2248 2283 2284
f 2249 2284 2285
f 2283 2393 2284
f 2284 2393 2394
f 2284 2394 2285
f 2249 2285 2261
f 2261 2286 2262
f 2261 2285 2286
f 2262 2286 2287
f 2262 2287 2263
f 2258 2263 2288
f 2263 2287 2288
f 2258 2288 3100
f 2285 2394 2416
f 2285 2416 2286
f 2286 2417 2287
f 2286 2416 2417
f 2287 2417 2418
f 2287 2418 2288
f 2288 2419 3100
f 2288 2418 2419
f 2162 2339 2292
f 2292 2321 2296
f 2292 2339 2322
f 2292 2322 2321
f 2164 2292 2296
f 2165 2296 2297
f 2296 2333 2297
f 2296 2321 2333
f 2297 2333 2335
f 2208 2341 2340
f 2209 2340 2339
f 2210 2342 2341
f 2339 2340 2357
f 2322 2339 2357
f 2340 2361 2357
f 2341 2342 2360
f 2340 2341 2361
f 2341 2360 2361
f 2211 2343 2342
f 2212 2344 2343
f 2213 3131 2344
f 2342 2343 2372
f 2342 2372 2360
f 2343 2373 2372
f 2343 2344 2373
f 2344 3131 2374
f 2344 2374 2373
f 2214 2297 2345
f 2215 2345 2346
f 2216 2346 2347
f 2283 2347 2393
f 2347 2349 2393
f 2297 2335 2345
f 2335 2376 2345
f 2345 2376 2346
f 2346 2378 2347
f 2346 2376 2378
f 2347 2378 2349
f 2393 2403 2394
f 2349 2403 2393
f 2394 2403 2420
f 2394 2420 2416
f 2416 2421 2417
f 2417 2423 2418
f 2418 2428 2419
f 2416 2420 2421
f 2417 2421 2423
f 2418 2423 2428
f 2419 2428 2429
f 2618 2619 2985
f 2618 2985 2990
f 2619 2620 2986
f 2619 2986 2985
f 2620 2995 2986
f 2621 2622 2988
f 2622 2989 2988
f 2622 2623 2989
f 2618 2990 2623
f 2623 2990 2989
f 2620 2625 2995
f 2625 2629 2995
f 2629 2630 2997
f 2629 2997 2995
f 2630 2998 2997
f 2630 2631 2998
f 2631 2632 2999
f 2632 2633 3000
f 2631 2999 2998
f 2632 3000 2999
f 2633 3006 3000
f 2633 2635 3006
f 2635 2636 3006
f 2636 2637 3007
f 2636 3007 3006
f 2637 3010 3007
f 2637 2638 3010
f 2638 2639 3011
f 2638 3011 3010
f 2639 2640 3013
f 2640 2641 3014
f 2641 2642 3014
f 2639 3013 3011
f 2640 3014 3013
f 2642 3015 3014
f 2642 2643 3015
f 2643 3016 3015
f 2643 2644 3016
f 2644 3076 3016
f 2677 3060 2678
f 2678 3061 2679
f 2679 3064 2680
f 2680 3065 2681
f 2681 3066 2682
f 2682 3066 2683
f 2690 3072 2691
f 2683 3073 2690
f 2691 3078 2692
f 2644 2693 3076
f 2693 2694 3077
f 2693 3077 3076
f 2694 3080 3077
f 2692 3079 2695
f 2694 2696 3080
f 2695 3080 2696
f 2984 2990 2985
f 2985 2986 2987
f 2986 2995 2996
f 2984 2985 2987
f 2986 2996 2987
f 2185 2988 2989
f 2989 2990 2991
f 2185 2989 2991
f 2984 2991 2990
f 2984 2992 2994
f 2984 2987 2992
f 2987 2996 2993
f 2987 2993 2992
f 2185 2991 2188
f 2188 2991 2994
f 2984 2994 2991
f 2995 2997 2996
f 2997 2998 3001
f 2998 2999 3002
f 2999 3000 3003
f 2996 2997 3001
f 2998 3002 3001
f 2999 3003 3002
f 3000 3008 3003
f 2993 2996 3001
f 3001 3002 3004
f 2993 3001 3004
f 3002 3005 3004
f 3002 3003 3005
f 3003 3021 3005
f 3000 3006 3008
f 3006 3007 3008
f 3007 3010 3009
f 3007 3009 3008
f 3010 3011 3012
f 3009 3010 3012
f 3011 3017 3012
f 3011 3013 3017
f 3013 3014 3018
f 3014 3015 3018
f 3015 3016 3019
f 3016 3076 3020
f 3013 3018 3017
f 3015 3019 3018
f 3016 3020 3019
f 3003 3008 3021
f 3008 3009 3021
f 3009 3012 3022
f 3009 3022 3021
f 3012 3017 3023
f 3012 3023 3022
f 3017 3018 3024
f 3018 3019 3024
f 3017 3024 3023
f 3019 3025 3024
f 3019 3020 3025
f 3020 3085 3025
f 2992 3027 2994
f 2994 3027 3026
f 2992 2993 3028
f 2992 3028 3027
f 2993 3029 3028
f 2188 2994 3026
f 3026 3027 3129
f 3027 3028 3130
f 2213 3026 3131
f 3028 3029 3132
f 2993 3004 3029
f 3004 3005 3030
f 3005 3021 3031
f 3004 3030 3029
f 3005 3031 3030
f 3029 3030 3133
f 3030 3031 3134
f 3021 3022 3032
f 3021 3032 3031
f 3022 3023 3033
f 3022 3033 3032
f 3023 3034 3033
f 3023 3024 3034
f 3024 3025 3035
f 3025 3085 3036
f 3024 3035 3034
f 3025 3036 3035
f 3031 3032 3135
f 3032 3033 3136
f 3033 3034 3137
f 3034 3035 3138
f 3035 3036 3177
f 2250 3060 2677
f 2678 3060 3061
f 2679 3061 3064
f 3060 3062 3061
f 2251 3062 3060
f 3061 3063 3064
f 3061 3062 3063
f 2680 3064 3065
f 2681 3065 3066
f 2683 3066 3073
f 3063 3067 3064
f 3064 3067 3065
f 3068 3074 3073
f 3065 3068 3066
f 3065 3067 3068
f 3066 3068 3073
f 2251 2258 3062
f 2258 3069 3062
f 3062 3069 3063
f 3063 3069 3070
f 3063 3070 3067
f 3068 3071 3074
f 3067 3071 3068
f 3067 3070 3071
f 2690 3073 3072
f 2691 3072 3078
f 3072 3075 3078
f 3072 3073 3074
f 3072 3074 3075
f 3076 3077 3081
f 3077 3080 3083
f 2692 3078 3079
f 2695 3079 3080
f 3078 3082 3079
f 3079 3083 3080
f 3020 3076 3081
f 3077 3083 3081
f 3075 3082 3078
f 3079 3082 3083
f 3074 3084 3075
f 3071 3084 3074
f 3075 3084 3087
f 3020 3081 3085
f 3081 3083 3086
f 3081 3086 3085
f 3075 3087 3082
f 3082 3087 3086
f 3082 3086 3083
f 2258 3100 3069
f 3069 3101 3070
f 3069 3100 3101
f 3070 3102 3071
f 3070 3101 3102
f 3071 3102 3103
f 3100 3212 3101
f 3101 3212 3213
f 3101 3213 3102
f 3102 3214 3103
f 3102 3213 3214
f 3103 3214 3229
f 2419 3212 3100
f 3071 3103 3084
f 3084 3104 3087
f 3084 3103 3104
f 3085 3086 3105
f 3086 3087 3106
f 3036 3085 3105
f 3086 3106 3105
f 3087 3104 3106
f 3103 3229 3104
f 3104 3230 3106
f 3104 3229 3230
f 3036 3105 3262
f 3105 3106 3231
f 3036 3262 3177
f 3105 3231 3262
f 3106 3230 3231
f 3026 3129 3131
f 3027 3130 3129
f 3028 3132 3130
f 3129 3142 3131
f 2374 3131 3142
f 3129 3145 3142
f 3129 3130 3145
f 3130 3147 3145
f 3130 3132 3147
f 3132 3148 3147
f 3029 3133 3132
f 3030 3134 3133
f 3132 3133 3148
f 3133 3134 3159
f 3133 3159 3148
f 3031 3135 3134
f 3032 3136 3135
f 3033 3137 3136
f 3034 3138 3137
f 3035 3177 3138
f 3138 3177 3179
f 3134 3135 3167
f 3134 3167 3159
f 3135 3171 3167
f 3135 3136 3171
f 3136 3137 3173
f 3136 3173 3171
f 3137 3138 3174
f 3138 3179 3174
f 3137 3174 3173
f 3177 3263 3179
f 3212 3215 3213
f 3213 3216 3214
f 3214 3217 3229
f 2419 2429 3212
f 3213 3215 3216
f 3214 3216 3217
f 2429 3215 3212
f 3229 3233 3230
f 3230 3232 3231
f 3231 3236 3262
f 3217 3233 3229
f 3230 3233 3232
f 3231 3232 3236
f 3177 3262 3263
f 3236 3263 3262
f 1659 1660 1669
f 1662 1664 1659
f 1662 1659 1669
f 1662 1663 1664
f 1659 1662 1660
f 1669 1660 1662
f 1659 1664 1662
f 1662 1664 1663
f 131 134 132
f 132 178 156
f 132 134 178
f 134 135 178
f 135 1632 201
f 135 190 178
f 135 201 190
f 156 185 165
f 165 185 213
f 165 213 220
f 165 989 966
f 165 220 989
f 156 178 185
f 966 989 1004
f 966 1027 977
f 966 1004 1027
f 977 1027 1067
f 1027 1030 1067
f 1030 1042 1067
f 977 1067 1066
f 1042 1068 1067
f 1042 1049 1070
f 1049 2540 1070
f 1042 1070 1068
f 201 1632 1633
f 1633 1635 1701
f 1635 1636 1701
f 1636 1638 1701
f 1638 1639 1758
f 201 1633 1659
f 1633 1701 1659
f 1638 1705 1701
f 1638 1733 1705
f 1638 1758 1733
f 1733 1768 1736
f 1733 1758 1768
f 1736 1768 1747
f 1747 1768 1750
f 1750 1768 2504
f 2559 2596 2565
f 2565 2596 2569
f 2504 2583 2511
f 1768 2583 2504
f 2511 2583 2520
f 2520 2583 2554
f 2554 2583 2559
f 2559 2583 2590
f 2559 2590 2596
f 2540 2547 2607
f 2547 2569 2607
f 1070 2540 2607
f 2569 2609 2608
f 2569 2608 2607
f 2569 2596 2609
f 2608 2609 2611
f 2608 2611 2612
f 1 2 3
f 2 5 3
f 2 12 5
f 3 5 4
f 4 5 6
f 5 13 6
f 4 6 7
f 6 20 7
f 7 20 8
f 8 21 9
f 5 12 13
f 12 14 13
f 13 14 18
f 14 15 18
f 15 16 22
f 15 22 18
f 16 17 24
f 16 24 22
f 17 33 24
f 6 13 19
f 6 19 20
f 13 18 19
f 8 20 21
f 9 21 64
f 19 26 20
f 20 26 21
f 21 27 64
f 21 26 27
f 18 23 19
f 18 22 23
f 19 23 26
f 22 24 25
f 24 33 44
f 24 44 25
f 22 25 23
f 23 25 29
f 26 29 27
f 27 28 64
f 27 30 28
f 23 29 26
f 25 48 29
f 27 29 30
f 28 31 72
f 28 30 31
f 31 93 72
f 17 32 33
f 32 35 34
f 32 34 33
f 35 39 36
f 34 35 36
f 36 39 40
f 39 41 40
f 39 42 41
f 37 42 39
f 40 41 55
f 41 42 57
f 37 38 43
f 37 43 42
f 38 825 43
f 42 43 58
f 33 34 45
f 33 45 44
f 34 47 45
f 25 44 48
f 44 45 49
f 45 47 50
f 34 36 47
f 36 40 46
f 40 54 46
f 36 46 47
f 46 51 47
f 46 54 52
f 46 52 51
f 52 54 53
f 44 49 48
f 45 50 49
f 47 51 50
f 40 55 54
f 41 56 55
f 41 57 56
f 54 55 59
f 53 54 59
f 55 60 59
f 55 56 60
f 56 61 60
f 42 58 57
f 43 834 58
f 56 57 62
f 57 58 63
f 56 62 61
f 57 63 62
f 58 834 844
f 58 844 63
f 9 64 10
f 10 64 65
f 10 65 66
f 10 66 11
f 11 66 67
f 11 67 68
f 28 65 64
f 65 73 66
f 66 74 67
f 68 70 69
f 67 70 68
f 69 70 71
f 69 71 76
f 69 76 81
f 76 84 81
f 28 72 65
f 65 72 73
f 66 73 74
f 67 74 75
f 72 94 73
f 73 95 74
f 72 93 94
f 73 94 95
f 74 96 75
f 74 95 96
f 75 97 77
f 75 96 97
f 67 75 70
f 70 77 71
f 70 75 77
f 71 77 78
f 71 78 79
f 71 79 76
f 76 80 84
f 77 98 78
f 78 100 79
f 76 79 80
f 81 84 82
f 82 85 83
f 82 84 85
f 83 85 88
f 85 87 88
f 80 86 84
f 84 86 85
f 85 86 87
f 86 103 87
f 90 103 104
f 87 89 88
f 87 90 89
f 89 90 157
f 87 103 90
f 90 104 91
f 90 91 157
f 91 92 157
f 91 111 92
f 77 97 98
f 78 98 99
f 78 99 100
f 79 101 80
f 79 100 101
f 80 102 86
f 80 101 102
f 86 102 103
f 102 105 103
f 104 105 106
f 103 105 104
f 104 106 110
f 108 111 110
f 106 107 110
f 107 108 110
f 108 109 111
f 91 104 110
f 91 110 111
f 92 111 112
f 92 112 161
f 109 112 111
f 109 113 112
f 112 113 114
f 112 114 161
f 113 118 121
f 118 119 122
f 118 122 121
f 119 120 124
f 115 124 120
f 119 124 122
f 113 121 114
f 121 122 167
f 122 124 168
f 115 116 123
f 115 123 124
f 116 125 123
f 116 117 125
f 117 894 125
f 123 168 124
f 123 125 169
f 92 159 157
f 157 159 158
f 158 164 160
f 158 159 164
f 92 161 159
f 159 161 162
f 159 162 164
f 161 163 162
f 114 163 161
f 114 166 163
f 162 163 653
f 162 649 164
f 163 657 653
f 114 121 166
f 121 167 166
f 122 168 167
f 163 166 657
f 166 658 657
f 166 167 658
f 123 169 168
f 125 957 169
f 167 168 170
f 168 169 170
f 167 170 658
f 169 957 959
f 169 959 170
f 160 164 648
f 160 648 641
f 164 649 648
f 162 653 649
f 824 829 827
f 38 823 825
f 823 826 825
f 823 828 826
f 43 825 834
f 825 826 836
f 823 824 828
f 824 827 828
f 826 828 839
f 826 839 835
f 828 840 839
f 827 840 828
f 829 830 832
f 830 857 832
f 830 831 857
f 827 829 832
f 827 832 845
f 827 845 840
f 832 857 833
f 832 833 845
f 825 836 834
f 826 835 836
f 835 838 836
f 834 836 837
f 834 837 844
f 836 838 837
f 835 841 838
f 835 839 842
f 839 840 843
f 835 842 841
f 839 843 842
f 840 846 843
f 840 845 846
f 845 847 846
f 846 847 850
f 848 851 850
f 833 847 845
f 847 848 850
f 848 849 851
f 849 852 851
f 849 853 852
f 849 855 853
f 854 855 868
f 853 855 854
f 854 868 877
f 868 869 877
f 869 913 877
f 831 859 857
f 831 856 859
f 856 858 860
f 856 860 859
f 859 860 862
f 857 859 861
f 833 857 861
f 833 861 864
f 859 862 861
f 861 862 863
f 861 863 864
f 833 864 847
f 847 864 848
f 848 864 865
f 848 865 849
f 849 865 855
f 855 866 868
f 855 865 866
f 866 867 868
f 863 865 864
f 863 866 865
f 866 872 867
f 867 873 870
f 867 869 868
f 869 871 913
f 867 870 869
f 869 870 871
f 863 872 866
f 867 872 873
f 870 873 874
f 870 874 875
f 870 875 871
f 871 876 922
f 871 875 876
f 877 913 878
f 878 913 914
f 878 914 879
f 879 915 880
f 880 915 881
f 881 916 882
f 882 917 883
f 883 918 884
f 884 919 885
f 890 897 891
f 890 892 898
f 892 893 898
f 117 887 894
f 887 888 895
f 887 895 894
f 888 889 896
f 889 891 896
f 888 896 895
f 125 894 957
f 895 896 961
f 894 895 958
f 895 961 958
f 890 898 897
f 891 897 896
f 893 899 898
f 896 897 961
f 897 898 962
f 897 962 961
f 899 907 963
f 898 899 962
f 899 963 962
f 893 900 899
f 900 901 907
f 901 902 908
f 902 905 909
f 905 906 910
f 905 910 909
f 906 936 910
f 899 900 907
f 901 908 907
f 907 908 967
f 907 967 963
f 908 911 967
f 902 909 908
f 908 909 911
f 909 910 912
f 910 936 937
f 909 912 911
f 910 937 912
f 879 914 915
f 881 915 916
f 882 916 917
f 913 922 914
f 871 922 913
f 914 923 915
f 914 922 923
f 915 923 916
f 916 924 917
f 916 923 924
f 917 924 927
f 883 917 918
f 884 918 919
f 885 919 920
f 885 920 886
f 886 920 903
f 903 920 921
f 917 927 918
f 918 928 919
f 918 927 928
f 919 929 920
f 920 929 921
f 919 928 929
f 921 929 930
f 922 925 923
f 923 925 924
f 924 926 927
f 876 925 922
f 924 925 926
f 926 931 927
f 927 931 928
f 928 932 929
f 929 932 930
f 928 931 932
f 930 932 933
f 903 921 904
f 904 921 934
f 904 934 906
f 906 934 935
f 906 935 936
f 921 930 934
f 930 940 934
f 934 940 935
f 935 940 941
f 935 941 939
f 935 939 936
f 936 939 938
f 936 938 937
f 938 939 945
f 930 933 940
f 940 942 941
f 933 942 940
f 941 942 943
f 941 943 944
f 939 941 944
f 939 944 945
f 944 946 945
f 944 947 946
f 943 947 944
f 946 947 948
f 946 948 980
f 894 958 957
f 957 958 960
f 957 960 959
f 958 964 960
f 958 961 964
f 961 962 964
f 962 963 964
f 963 965 964
f 963 967 965
f 911 968 967
f 965 967 968
f 911 912 969
f 911 969 968
f 912 937 970
f 912 970 969
f 937 976 970
f 937 938 976
f 938 978 976
f 938 945 978
f 945 979 978
f 945 946 979
f 946 980 979
f 948 981 980
f 136 137 138
f 137 174 140
f 137 140 138
f 138 140 139
f 139 140 141
f 140 177 141
f 139 141 142
f 141 188 142
f 142 188 143
f 143 189 144
f 140 174 177
f 174 176 177
f 176 179 177
f 175 179 176
f 141 177 180
f 141 180 188
f 177 179 180
f 175 181 183
f 175 183 179
f 181 182 186
f 181 186 183
f 182 210 186
f 179 183 184
f 179 184 180
f 180 184 195
f 183 186 187
f 186 210 211
f 183 187 184
f 186 211 187
f 184 187 198
f 143 188 189
f 144 189 191
f 180 195 188
f 188 195 189
f 189 196 191
f 189 195 196
f 144 191 145
f 145 191 192
f 145 192 193
f 145 193 146
f 146 193 194
f 146 194 1652
f 191 197 192
f 192 203 193
f 193 204 194
f 191 196 197
f 195 198 196
f 196 199 197
f 184 198 195
f 187 228 198
f 196 198 199
f 197 200 202
f 197 199 200
f 192 197 202
f 192 202 203
f 193 203 204
f 194 204 1679
f 202 235 203
f 203 236 204
f 200 234 202
f 202 234 235
f 203 235 236
f 204 237 1679
f 204 236 237
f 237 238 1679
f 206 208 207
f 182 206 210
f 206 207 210
f 208 216 209
f 207 208 209
f 209 216 218
f 207 212 210
f 210 212 211
f 207 214 212
f 187 211 228
f 211 212 229
f 212 214 230
f 207 209 214
f 209 218 215
f 209 215 214
f 215 218 225
f 214 215 231
f 215 225 232
f 216 217 221
f 216 219 218
f 216 221 219
f 219 221 226
f 171 222 217
f 217 222 221
f 171 988 222
f 221 222 227
f 218 219 223
f 219 224 223
f 218 223 225
f 219 226 224
f 223 239 225
f 223 240 239
f 223 224 240
f 224 241 240
f 221 227 226
f 222 994 227
f 224 226 242
f 226 227 243
f 224 242 241
f 226 243 242
f 227 994 1012
f 227 1012 243
f 211 229 228
f 212 230 229
f 214 231 230
f 215 232 231
f 225 233 232
f 225 239 233
f 972 973 992
f 973 974 1003
f 974 982 1003
f 974 975 982
f 975 985 982
f 975 983 985
f 983 984 986
f 983 986 985
f 171 971 988
f 971 990 988
f 971 993 990
f 222 988 994
f 988 990 991
f 988 991 995
f 971 972 993
f 972 992 993
f 990 1005 991
f 990 993 1005
f 992 1005 993
f 991 1005 1007
f 988 995 994
f 991 996 995
f 994 995 1013
f 994 1013 1012
f 995 996 997
f 996 1000 997
f 995 997 1013
f 991 998 996
f 991 999 998
f 996 998 1001
f 991 1007 999
f 998 999 1002
f 996 1001 1000
f 998 1002 1001
f 999 1008 1002
f 973 1003 992
f 992 1003 1005
f 1003 1028 1005
f 982 1028 1003
f 1005 1006 1007
f 1005 1028 1006
f 999 1007 1008
f 1007 1009 1008
f 1008 1009 1014
f 1006 1009 1007
f 1009 1010 1014
f 1010 1011 1015
f 1010 1015 1014
f 1011 1016 1015
f 1011 1017 1016
f 1011 1019 1017
f 1018 1019 1039
f 1017 1019 1018
f 1018 1039 1020
f 1020 1039 1040
f 1020 1044 1021
f 1020 1040 1044
f 1021 1045 1022
f 1021 1044 1045
f 1022 1046 1023
f 1023 1046 1024
f 1024 1047 2486
f 982 985 1029
f 982 1029 1028
f 1006 1028 1029
f 1006 1029 1031
f 985 986 1035
f 985 1035 1029
f 1029 1035 1036
f 1029 1036 1031
f 1006 1031 1009
f 1009 1031 1010
f 1010 1031 1032
f 1010 1032 1011
f 1011 1032 1019
f 1019 1033 1039
f 1019 1032 1033
f 1033 1034 1039
f 1031 1036 1032
f 1032 1036 1033
f 1033 1037 1034
f 1034 1038 1041
f 1033 1036 1037
f 1034 1037 1038
f 1034 1040 1039
f 1040 1043 1044
f 1034 1041 1040
f 1040 1041 1043
f 1022 1045 1046
f 1024 1046 1047
f 1047 1048 2486
f 1043 1055 1044
f 1044 1055 1045
f 1045 1056 1046
f 1045 1055 1056
f 1046 1056 1047
f 1047 1051 1048
f 1047 1050 1051
f 1047 1056 1050
f 1048 1051 2537
f 1038 1052 1041
f 1041 1052 1053
f 1041 1053 1043
f 1043 1054 1055
f 1043 1053 1054
f 1055 1058 1056
f 1056 1058 1057
f 1050 1056 1057
f 1050 1057 1051
f 1051 1057 2539
f 1051 2539 2537
f 1057 1059 2539
f 1054 1058 1055
f 1057 1058 1059
f 1652 1654 1653
f 194 1654 1652
f 1653 1654 1655
f 1653 1660 1656
f 1653 1655 1660
f 1656 1699 1657
f 1657 1700 1658
f 194 1679 1654
f 1654 1680 1655
f 1654 1679 1680
f 1655 1680 1660
f 1660 1675 1674
f 1660 1688 1675
f 1656 1674 1676
f 1656 1660 1674
f 1656 1676 1678
f 1674 1677 1676
f 1678 1690 1699
f 1660 1680 1681
f 1660 1681 1693
f 238 1680 1679
f 1680 1713 1681
f 1681 1715 1693
f 1660 1693 1688
f 1688 1693 1689
f 1690 1697 1698
f 1690 1698 1699
f 1656 1678 1699
f 1657 1699 1700
f 1658 1700 1703
f 1698 1702 1699
f 1699 1702 1700
f 1700 1702 1706
f 1702 1718 1706
f 1700 1706 1703
f 1703 1706 1704
f 1704 1706 1707
f 1704 1707 1709
f 1706 1718 1707
f 1707 1718 1719
f 1707 1719 1708
f 1707 1708 1709
f 1708 1734 1709
f 1709 1734 1711
f 1709 1711 1710
f 1710 1761 1753
f 1710 1711 1761
f 238 1713 1680
f 1681 1713 1714
f 1681 1714 1715
f 1693 1715 1696
f 1697 1716 1698
f 1696 1716 1697
f 1698 1717 1702
f 1696 1715 1716
f 1698 1716 1717
f 1702 1717 1718
f 1717 1720 1718
f 1719 1720 1721
f 1718 1720 1719
f 1719 1721 1727
f 1721 1722 1727
f 1722 1723 1727
f 1723 1724 1728
f 1708 1719 1727
f 1708 1727 1728
f 1723 1728 1727
f 1708 1728 1734
f 1728 1730 1734
f 1724 1730 1728
f 1724 1731 1730
f 1730 1731 1732
f 1730 1732 1734
f 1711 1734 1762
f 1711 1762 1761
f 1734 1737 1762
f 1732 1737 1734
f 1732 1749 1737
f 1731 1738 1741
f 1738 1739 1742
f 1739 1740 1745
f 1740 1743 1745
f 1731 1741 1732
f 1738 1742 1741
f 1739 1745 1742
f 1741 1742 1748
f 1742 1745 1751
f 1725 1744 1743
f 1743 1744 1745
f 1725 1746 1744
f 1725 1726 1746
f 1726 2498 1746
f 1744 1751 1745
f 1744 1746 1752
f 1732 1741 1749
f 1741 1748 1749
f 1742 1751 1748
f 1737 1749 1999
f 1748 2000 1749
f 1744 1752 1751
f 1746 2508 1752
f 1746 2506 2508
f 1748 1751 1763
f 1751 1752 1763
f 1748 1763 2000
f 1752 2508 2575
f 1752 2575 1763
f 1761 1762 1991
f 1737 1995 1762
f 1737 1999 1995
f 1749 2000 1999
f 1753 1761 1990
f 1753 1990 1972
f 1761 1991 1990
f 1762 1995 1991
f 2483 2484 2501
f 2484 2485 2501
f 1048 2487 2486
f 2487 2531 2488
f 2488 2532 2489
f 2485 2491 2502
f 2491 2492 2518
f 2492 2493 2519
f 2493 2496 2521
f 2496 2497 2522
f 1726 2479 2498
f 2479 2480 2499
f 2479 2499 2498
f 2480 2481 2500
f 2481 2482 2500
f 2480 2500 2499
f 1746 2498 2506
f 2498 2513 2507
f 2498 2499 2513
f 2482 2483 2503
f 2482 2503 2500
f 2483 2501 2503
f 2485 2502 2501
f 2500 2503 2513
f 2501 2513 2503
f 2499 2500 2513
f 2501 2502 2513
f 2502 2518 2515
f 2502 2515 2513
f 2498 2507 2506
f 2506 2507 2508
f 2507 2509 2508
f 2507 2512 2509
f 2507 2514 2512
f 2508 2510 2575
f 2508 2509 2510
f 2509 2516 2510
f 2507 2513 2514
f 2509 2512 2516
f 2512 2514 2516
f 2514 2515 2516
f 2513 2515 2514
f 2515 2517 2516
f 2491 2518 2502
f 2492 2519 2518
f 2518 2519 2525
f 2515 2518 2525
f 2519 2523 2525
f 2493 2521 2519
f 2496 2522 2521
f 2521 2522 2524
f 2497 2555 2522
f 2522 2555 2556
f 2519 2521 2523
f 2521 2524 2523
f 2522 2556 2524
f 2515 2525 2517
f 2523 2526 2525
f 2517 2525 2526
f 2523 2524 2527
f 2523 2527 2526
f 2524 2556 2528
f 2524 2528 2527
f 1048 2531 2487
f 2488 2531 2532
f 2489 2532 2533
f 2489 2533 2490
f 2490 2533 2494
f 1048 2538 2531
f 2531 2538 2532
f 1048 2537 2538
f 2532 2538 2541
f 2532 2543 2533
f 2533 2543 2534
f 2532 2541 2543
f 2534 2543 2544
f 2494 2534 2495
f 2494 2533 2534
f 2495 2534 2535
f 2495 2535 2497
f 2497 2535 2536
f 2497 2536 2555
f 2534 2544 2535
f 2535 2544 2548
f 2535 2548 2536
f 2536 2548 2550
f 2536 2550 2560
f 2537 2539 2538
f 2538 2539 2542
f 2538 2542 2541
f 2539 2545 2542
f 2541 2542 2549
f 2541 2549 2543
f 2543 2549 2544
f 2542 2546 2549
f 1059 2545 2539
f 2542 2545 2546
f 2546 2551 2549
f 2544 2549 2548
f 2548 2549 2552
f 2548 2552 2550
f 2549 2551 2552
f 2550 2552 2553
f 2536 2560 2555
f 2555 2560 2561
f 2555 2557 2556
f 2555 2561 2557
f 2556 2557 2558
f 2557 2567 2558
f 2557 2561 2567
f 2560 2562 2561
f 2561 2562 2567
f 2528 2556 2563
f 2556 2558 2563
f 2558 2564 2563
f 2558 2567 2564
f 2564 2567 2572
f 2550 2566 2560
f 2560 2566 2562
f 2562 2566 2567
f 2566 2568 2567
f 2550 2553 2566
f 2553 2570 2566
f 2566 2570 2568
f 2568 2570 2571
f 2568 2571 2573
f 2567 2568 2572
f 2568 2573 2572
f 2571 2574 2573
f 1640 1641 1776
f 1641 1754 1778
f 1754 1785 1778
f 1754 1755 1785
f 1755 1786 1785
f 1755 1756 1786
f 1756 1757 1790
f 1756 1790 1786
f 1757 1759 1792
f 1757 1792 1790
f 1759 1817 1792
f 1764 1766 1765
f 1759 1764 1817
f 1764 1765 1817
f 1766 1769 1767
f 1765 1766 1767
f 1767 1769 1771
f 1769 1770 1773
f 1769 1772 1771
f 1769 1773 1772
f 1770 1774 1775
f 1774 2578 1775
f 1770 1775 1773
f 1773 1775 1832
f 1641 1778 1776
f 1776 1778 1777
f 1778 1785 1779
f 1777 1778 1779
f 1777 1779 1780
f 1779 1788 1780
f 1780 1788 1781
f 1781 1789 1782
f 1779 1785 1787
f 1779 1787 1788
f 1785 1786 1787
f 1781 1788 1789
f 1782 1789 1799
f 1787 1794 1788
f 1788 1794 1789
f 1789 1795 1799
f 1789 1794 1795
f 1786 1790 1791
f 1786 1791 1787
f 1787 1791 1794
f 1790 1792 1793
f 1792 1817 1819
f 1790 1793 1791
f 1792 1819 1793
f 1795 1807 1799
f 1794 1796 1795
f 1795 1797 1807
f 1791 1796 1794
f 1791 1793 1796
f 1793 1822 1796
f 1795 1796 1797
f 1797 1798 1807
f 1782 1799 1783
f 1783 1799 1800
f 1783 1800 1801
f 1783 1801 1784
f 1784 1801 1802
f 1799 1807 1800
f 1800 1809 1801
f 1801 1810 1802
f 1784 1802 1803
f 1803 1805 1804
f 1802 1805 1803
f 1804 1805 1806
f 1804 1806 1811
f 1804 1811 1848
f 1800 1807 1808
f 1800 1808 1809
f 1801 1809 1810
f 1802 1810 1812
f 1798 1808 1807
f 1808 1839 1809
f 1798 1838 1808
f 1808 1838 1839
f 1809 1839 1840
f 1809 1840 1810
f 1810 1841 1812
f 1810 1840 1841
f 1812 1841 1842
f 1802 1812 1805
f 1805 1813 1806
f 1805 1812 1813
f 1806 1813 1814
f 1806 1815 1811
f 1806 1814 1815
f 1811 1816 1851
f 1812 1842 1813
f 1813 1843 1814
f 1811 1815 1816
f 1814 1845 1815
f 1765 1818 1817
f 1765 1820 1818
f 1817 1818 1819
f 1818 1823 1819
f 1818 1820 1824
f 1765 1767 1820
f 1767 1771 1821
f 1767 1821 1820
f 1771 1829 1821
f 1820 1821 1825
f 1821 1829 1826
f 1793 1819 1822
f 1819 1823 1822
f 1818 1824 1823
f 1820 1825 1824
f 1821 1826 1825
f 1826 1829 1827
f 1771 1772 1830
f 1771 1830 1829
f 1772 1828 1830
f 1772 1773 1831
f 1772 1831 1828
f 1829 1830 1833
f 1828 1834 1830
f 1828 1835 1834
f 1773 1832 1831
f 1775 2613 1832
f 1828 1831 1836
f 1831 1832 1837
f 1828 1836 1835
f 1831 1837 1836
f 1832 2613 2621
f 1832 2621 1837
f 1827 1829 1833
f 1830 1834 1833
f 1813 1842 1843
f 1814 1843 1844
f 1814 1844 1845
f 1815 1845 1846
f 1815 1846 1816
f 1816 1846 1847
f 1811 1851 1848
f 1848 1851 1849
f 1849 1852 1850
f 1849 1851 1852
f 1816 1853 1851
f 1851 1853 1852
f 1852 1853 1856
f 1853 1864 1856
f 1850 1852 1854
f 1852 1856 1854
f 1854 1856 1855
f 1855 1856 1857
f 1855 1857 1860
f 1856 1864 1857
f 1857 1864 1865
f 1857 1865 1858
f 1857 1858 1860
f 1858 1859 1860
f 1858 1872 1859
f 1859 1862 1860
f 1860 1862 1861
f 1861 1862 1889
f 1861 1889 1863
f 1816 1847 1853
f 1847 1864 1853
f 1847 1866 1864
f 1865 1866 1867
f 1864 1866 1865
f 1865 1867 1871
f 1867 1868 1871
f 1868 1869 1871
f 1858 1865 1871
f 1858 1871 1872
f 1869 1872 1871
f 1859 1872 1873
f 1859 1873 1887
f 1869 1870 1872
f 1870 1874 1873
f 1870 1873 1872
f 1873 1874 1875
f 1873 1875 1887
f 1874 1877 1880
f 1877 1878 1881
f 1878 1879 1885
f 1879 1882 1885
f 1874 1880 1875
f 1877 1881 1880
f 1878 1885 1881
f 1882 1883 1884
f 1883 1886 1884
f 1876 1886 1883
f 1876 2684 1886
f 1882 1884 1885
f 1884 1893 1885
f 1884 1886 1894
f 1859 1887 1862
f 1862 1887 1890
f 1862 1890 1889
f 1887 1888 1890
f 1875 1888 1887
f 1875 1892 1888
f 1889 1890 2264
f 1888 2267 1890
f 1888 2274 2267
f 1875 1880 1892
f 1880 1881 1891
f 1881 1885 1893
f 1881 1893 1891
f 1880 1891 1892
f 1888 1892 2274
f 1891 2275 1892
f 1884 1894 1893
f 1886 2702 1894
f 1891 1893 1895
f 1893 1894 1895
f 1891 1895 2275
f 1894 2702 2709
f 1894 2709 1895
f 1892 2275 2274
f 1863 1889 2265
f 1863 2265 2228
f 1889 2264 2265
f 1890 2267 2264
f 1774 2576 2578
f 2576 2579 2578
f 2576 2580 2579
f 1775 2578 2613
f 2578 2579 2614
f 2576 2577 2580
f 2577 2582 2581
f 2577 2581 2580
f 2579 2580 2616
f 2580 2581 2617
f 2582 2584 2586
f 2584 2585 2594
f 2581 2582 2586
f 2581 2586 2624
f 2581 2624 2617
f 2584 2594 2586
f 2586 2594 2587
f 2586 2587 2624
f 2585 2591 2594
f 2585 2589 2591
f 2589 2592 2593
f 2589 2593 2591
f 2591 2595 2594
f 2587 2594 2595
f 2587 2595 2645
f 2591 2593 2597
f 2591 2597 2595
f 2595 2597 2598
f 2595 2598 2645
f 2578 2614 2613
f 2579 2615 2614
f 2613 2614 2622
f 2613 2622 2621
f 2614 2615 2623
f 2614 2623 2622
f 2615 2618 2623
f 2579 2616 2615
f 2580 2617 2616
f 2615 2616 2619
f 2615 2619 2618
f 2616 2617 2620
f 2616 2620 2619
f 2617 2625 2620
f 2617 2624 2625
f 2624 2626 2625
f 2625 2626 2629
f 2587 2626 2624
f 2626 2627 2629
f 2627 2630 2629
f 2627 2628 2630
f 2628 2631 2630
f 2628 2632 2631
f 2628 2634 2632
f 2633 2634 2648
f 2632 2634 2633
f 2633 2648 2635
f 2635 2648 2649
f 2635 2658 2636
f 2635 2649 2658
f 2636 2659 2637
f 2636 2658 2659
f 2637 2660 2638
f 2638 2660 2639
f 2639 2661 2640
f 2640 2662 2641
f 2641 2663 2642
f 2642 2664 2643
f 2587 2645 2626
f 2626 2645 2627
f 2627 2645 2646
f 2627 2646 2628
f 2628 2646 2634
f 2634 2646 2647
f 2647 2650 2648
f 2598 2646 2645
f 2598 2647 2646
f 2647 2653 2650
f 2634 2647 2648
f 2648 2650 2649
f 2649 2652 2658
f 2649 2650 2651
f 2650 2654 2651
f 2649 2651 2652
f 2598 2653 2647
f 2650 2653 2654
f 2651 2654 2655
f 2651 2655 2656
f 2651 2656 2652
f 2652 2656 2657
f 2637 2659 2660
f 2639 2660 2661
f 2652 2666 2658
f 2658 2666 2659
f 2659 2666 2667
f 2659 2667 2660
f 2660 2667 2661
f 2661 2668 2662
f 2661 2667 2668
f 2662 2668 2671
f 2640 2661 2662
f 2641 2662 2663
f 2642 2663 2664
f 2643 2665 2644
f 2643 2664 2665
f 2662 2671 2663
f 2663 2671 2672
f 2663 2672 2664
f 2664 2673 2665
f 2665 2673 2716
f 2664 2672 2673
f 2673 2674 2716
f 2652 2657 2666
f 2666 2669 2667
f 2667 2669 2668
f 2668 2670 2671
f 2657 2669 2666
f 2668 2669 2670
f 2671 2675 2672
f 2672 2676 2673
f 2673 2676 2674
f 2670 2675 2671
f 2672 2675 2676
f 2674 2676 2725
f 1876 2677 2684
f 2677 2678 2685
f 2677 2685 2684
f 2678 2679 2686
f 2679 2680 2686
f 2678 2686 2685
f 1886 2684 2702
f 2684 2685 2703
f 2685 2686 2704
f 2680 2681 2687
f 2681 2682 2688
f 2680 2687 2686
f 2681 2688 2687
f 2682 2683 2688
f 2683 2689 2688
f 2686 2687 2704
f 2687 2688 2705
f 2689 2697 2706
f 2688 2689 2705
f 2689 2706 2705
f 2690 2691 2697
f 2691 2692 2698
f 2692 2695 2699
f 2695 2696 2700
f 2683 2690 2689
f 2689 2690 2697
f 2691 2698 2697
f 2697 2698 2711
f 2697 2711 2706
f 2698 2713 2711
f 2692 2699 2698
f 2695 2700 2699
f 2696 2719 2700
f 2700 2719 2720
f 2698 2699 2713
f 2699 2700 2701
f 2699 2701 2713
f 2700 2720 2701
f 2684 2703 2702
f 2685 2704 2703
f 2702 2710 2709
f 2702 2703 2710
f 2703 2707 2710
f 2687 2705 2704
f 2705 2706 2707
f 2703 2704 2707
f 2704 2705 2707
f 2706 2708 2707
f 2706 2711 2708
f 2711 2713 2712
f 2708 2711 2712
f 2701 2714 2713
f 2701 2720 2715
f 2701 2715 2714
f 2712 2713 2714
f 2644 2665 2693
f 2693 2716 2694
f 2665 2716 2693
f 2694 2716 2717
f 2694 2717 2696
f 2696 2718 2719
f 2696 2717 2718
f 2674 2717 2716
f 2674 2723 2717
f 2717 2723 2718
f 2718 2723 2724
f 2718 2724 2722
f 2718 2722 2719
f 2719 2721 2720
f 2719 2722 2721
f 2721 2722 2734
f 2674 2725 2723
f 2723 2726 2724
f 2723 2725 2726
f 2724 2726 2727
f 2722 2724 2728
f 2722 2728 2734
f 2728 2729 2734
f 2724 2727 2728
f 2727 2730 2728
f 2728 2730 2729
f 2729 2730 2731
f 2715 2720 2732
f 2720 2721 2732
f 2721 2733 2732
f 2721 2734 2733
f 2733 2734 2735
f 2729 2735 2734
f 2729 2736 2735
f 2729 2731 2736
f 2731 2737 2736
f 359 372 361
f 361 371 363
f 363 371 364
f 364 371 365
f 361 372 371
f 359 513 372
f 359 539 513
f 513 539 514
f 514 539 523
f 523 539 564
f 539 569 564
f 539 1354 569
f 569 1354 1322
f 636 637 639
f 359 636 647
f 636 639 640
f 636 640 647
f 640 643 647
f 643 644 647
f 644 646 647
f 646 652 647
f 647 652 651
f 359 647 539
f 647 733 741
f 647 651 654
f 647 654 656
f 656 661 1439
f 660 1439 661
f 660 663 1439
f 663 664 1439
f 664 666 1439
f 647 656 1439
f 647 669 695
f 647 695 697
f 647 697 733
f 647 1439 669
f 539 647 741
f 539 741 742
f 733 792 741
f 539 742 1354
f 741 812 742
f 792 802 812
f 741 792 812
f 802 807 812
f 807 1569 812
f 1322 1354 1325
f 1422 1424 1439
f 1424 1425 1439
f 666 1428 1439
f 1421 1439 1428
f 1421 1422 1439
f 1425 1426 1468
f 1426 1427 1468
f 1427 1429 1468
f 1429 1430 1468
f 1430 1431 1468
f 1431 1449 1468
f 669 1439 1442
f 1439 1446 1442
f 1425 1469 1439
f 1439 1469 1446
f 1425 1468 1469
f 1449 1555 1468
f 1468 1470 1469
f 1468 1475 1470
f 1449 1450 1555
f 1450 1538 1555
f 1538 1539 1555
f 1539 1540 1555
f 1325 1354 1541
f 742 1555 1354
f 1540 1541 1555
f 1354 1555 1541
f 742 1609 1555
f 1468 1555 1475
f 1475 1555 1553
f 1553 1555 1604
f 742 812 1609
f 812 1569 1609
f 1569 1572 1609
f 1572 1573 1609
f 1573 1604 1609
f 1555 1609 1604
f 1914 1915 1917
f 1913 1914 1978
f 1914 1917 1918
f 1913 1929 1920
f 1920 1928 1922
f 1922 1928 1923
f 1923 1928 1924
f 1920 1929 1928
f 1913 2040 1929
f 1913 1978 2050
f 1914 1918 1978
f 1918 1974 1978
f 1974 1975 1978
f 1975 1977 1978
f 1977 1992 1978
f 1978 1992 1994
f 1978 2023 2104
f 1978 1994 1998
f 1978 1998 1997
f 1978 1997 2833
f 1997 2001 2833
f 2001 2003 2833
f 2003 2005 2833
f 2005 2006 2833
f 2006 2008 2833
f 1978 2018 2013
f 1978 2013 2015
f 1978 2015 2023
f 1978 2833 2836
f 1978 2836 2018
f 2018 2837 2021
f 2018 2836 2837
f 2013 2018 2021
f 1913 2050 2040
f 2040 2050 2041
f 2041 2050 2045
f 2045 2050 2076
f 2050 2082 2076
f 2050 2916 2082
f 2050 2108 2916
f 2082 2916 2891
f 1978 2104 2050
f 2050 2104 2108
f 2023 2109 2104
f 2104 2375 2108
f 2104 2109 2375
f 2109 2362 2375
f 2362 2367 2375
f 2367 3144 2375
f 2008 2829 2833
f 2829 2830 2833
f 2830 2831 2833
f 2831 2832 2833
f 2777 2833 2832
f 2777 2778 2846
f 2777 2855 2833
f 2778 2779 2846
f 2779 2780 2846
f 2780 2781 2846
f 2781 2782 2846
f 2782 2800 2846
f 2777 2846 2855
f 2833 2840 2836
f 2836 2840 2837
f 2833 2842 2840
f 2837 2840 2843
f 2840 2842 2843
f 2833 2855 2842
f 2842 2856 2843
f 2842 2855 2856
f 2800 2958 2846
f 2846 2857 2855
f 2855 2857 2856
f 2846 2861 2857
f 2891 2916 2895
f 2895 2916 2900
f 2800 2801 2958
f 2801 2883 2958
f 2883 2884 2958
f 2884 2885 2958
f 2108 2958 2916
f 2885 2900 2958
f 2900 2916 2958
f 2108 2375 3194
f 2108 3194 2958
f 2846 2958 2861
f 2861 2958 2959
f 2958 3184 2959
f 2958 3194 3184
f 2375 3144 3194
f 3144 3149 3194
f 3149 3150 3194
f 3150 3184 3194
f 1667 1668 1671
f 1667 1676 1668
f 1668 1676 1677
f 1667 1671 1672
f 1671 1673 1672
f 1667 1672 1678
f 1672 1673 1686
f 1672 1685 1690
f 1667 1678 1676
f 1672 1690 1678
f 1672 1686 1687
f 1672 1687 1692
f 1684 1692 1687
f 1672 1695 1685
f 1684 1691 1692
f 1684 1689 1691
f 1689 1693 1691
f 1672 1692 1695
f 1685 1697 1690
f 1691 1693 1694
f 1691 1694 1695
f 1693 1696 1694
f 1694 1696 1695
f 1691 1695 1692
f 1685 1695 1697
f 1695 1696 1697
f 1661 1665 1670
f 1661 1670 1666
f 1661 1662 1663
f 1661 1669 1662
f 1661 1663 1665
f 1665 1663 1683
f 1665 1683 1670
f 1670 1683 1673
f 1661 1666 1674
f 1661 1674 1675
f 1666 1670 1668
f 1666 1677 1674
f 1666 1668 1677
f 1661 1675 1669
f 1675 1688 1669
f 1668 1670 1671
f 1670 1673 1671
f 1682 1663 1662
f 1682 1662 1669
f 1682 1683 1663
f 1682 1688 1683
f 1683 1684 1687
f 1673 1683 1686
f 1683 1687 1686
f 1682 1669 1688
f 1683 1688 1684
f 1684 1688 1689
