triangle_id,a,b,c
0,125,127,129
1,125,147,126
2,125,126,128
3,125,128,127
4,125,129,154
5,127,1627,132
6,127,132,129
7,126,149,128
8,126,146,149
9,127,128,1628
10,128,149,151
11,128,151,1628
12,129,132,130
13,129,130,131
14,129,131,154
15,130,132,591
16,132,592,591
17,132,1632,1631
18,132,1631,592
19,125,154,147
20,126,148,146
21,126,147,148
22,147,949,148
23,146,148,948
24,147,154,955
25,146,152,149
26,146,150,152
27,149,1641,151
28,149,152,1641
29,146,948,150
30,150,948,153
31,131,155,154
32,154,155,164
33,154,164,955
34,147,955,949
35,148,951,948
36,148,949,951
37,948,951,950
38,950,951,1060
39,950,1060,1059
40,949,955,1064
41,153,948,950
42,153,950,952
43,950,1059,952
44,952,1059,953
45,953,1059,2598
46,953,2598,954
47,164,965,955
48,955,965,976
49,955,976,1064
50,949,1061,951
51,949,1064,1061
52,951,1061,1060
53,1060,1061,1063
54,1061,1064,1068
55,1059,1060,1062
56,1060,1063,1062
57,1059,1062,2598
58,1061,1068,1063
59,1062,1063,2601
60,1063,1068,2605
61,1064,1066,1068
62,976,1065,1064
63,1064,1065,1066
64,1066,1067,1068
65,1068,1069,2605
66,1067,1069,1068
67,1627,1629,1633
68,132,1627,1633
69,127,1628,1627
70,151,1644,1628
71,1627,1628,1630
72,1628,1644,1630
73,1627,1630,1629
74,1629,1630,1645
75,1629,1648,1636
76,1629,1636,1633
77,132,1633,1632
78,1632,1633,1634
79,1633,1895,1634
80,1633,1637,1895
81,1633,1636,1637
82,1636,1638,1637
83,1636,1757,1638
84,151,1641,1642
85,151,1642,1644
86,1642,1643,1644
87,1643,1646,1644
88,1643,2472,1646
89,1646,2472,1647
90,1630,1644,1646
91,1630,1646,1645
92,1629,1645,1648
93,1636,1648,1759
94,1645,1646,1647
95,1645,2475,1648
96,1645,1647,2475
97,1648,2476,1759
98,1636,1759,1757
99,1757,1759,2015
100,1759,2017,2015
101,1759,2835,2017
102,1759,2839,2835
103,1647,2472,2474
104,954,2599,2473
105,954,2598,2599
106,1647,2474,2602
107,2473,2602,2474
108,2473,2599,2602
109,1647,2602,2475
110,1648,2475,2476
111,1759,2476,2587
112,2475,2603,2476
113,2475,2602,2603
114,1759,2587,2839
115,2587,2589,2839
116,2587,2595,2589
117,1062,2600,2598
118,2598,2600,2599
119,1062,2601,2600
120,2599,2603,2602
121,2599,2600,2603
122,1063,2605,2601
123,2601,2605,2609
124,2600,2604,2603
125,2476,2603,2604
126,2476,2604,2587
127,2587,2604,2609
128,2600,2601,2604
129,2601,2609,2604
130,2605,2607,2609
131,1069,2970,2605
132,2605,2970,2607
133,2587,2609,2608
134,2587,2608,2595
135,2608,2609,2610
136,2607,2611,2609
137,2609,2611,2610
138,2589,2841,2839
139,2589,2854,2841
140,2589,2971,2854
141,150,171,152
142,152,172,1641
143,150,204,171
144,152,171,172
145,150,153,204
146,153,986,204
147,171,204,184
148,171,189,172
149,171,177,189
150,171,184,177
151,172,189,200
152,172,200,1658
153,204,986,219
154,204,219,212
155,184,204,212
156,153,952,986
157,952,1024,986
158,952,953,1024
159,953,954,1025
160,953,1025,1024
161,954,2528,1025
162,986,1024,1026
163,219,986,988
164,986,990,988
165,986,1004,990
166,986,1027,1004
167,986,1026,1027
168,1024,1025,1029
169,1025,2528,1048
170,1024,1029,1026
171,1025,1041,1029
172,1025,1048,1041
173,1048,2528,1049
174,1641,1649,1642
175,172,1649,1641
176,1642,1649,1650
177,1642,1650,1643
178,1643,1650,1711
179,172,1658,1649
180,1649,1704,1650
181,1649,1658,1700
182,1649,1700,1704
183,1650,1735,1711
184,1650,1704,1728
185,1650,1728,1734
186,1650,1734,1735
187,1711,1735,1746
188,1711,1746,1749
189,1711,1749,2506
190,1643,1711,2472
191,2472,2477,2474
192,1711,2477,2472
193,954,2473,2528
194,2473,2474,2529
195,2473,2529,2528
196,2474,2477,2529
197,1711,2510,2477
198,1711,2506,2512
199,1711,2512,2510
200,1749,2504,2505
201,1749,2505,2506
202,2477,2519,2553
203,2477,2510,2519
204,2528,2529,2546
205,2477,2553,2529
206,1049,2528,1050
207,1050,2528,2536
208,2528,2537,2536
209,2528,2540,2537
210,2528,2548,2540
211,2528,2546,2548
212,2529,2553,2560
213,2529,2560,2564
214,2553,2556,2560
215,2560,2561,2564
216,2529,2568,2546
217,2529,2564,2568
218,130,591,133
219,133,592,134
220,134,592,1631
221,133,591,592
222,1634,1895,1635
223,1635,1895,1637
224,1757,2015,1767
225,1767,2015,2017
226,1767,2017,2835
227,1767,2839,2582
228,2582,2971,2589
229,1069,2606,2970
230,2606,2607,2970
231,1767,2835,2839
232,2582,2839,2841
233,2582,2841,2854
234,2582,2854,2971
235,988,990,1004
236,988,1004,1003
237,1003,1004,1027
238,1003,1027,1026
239,1048,1049,1050
240,1048,1050,2536
241,1048,2536,2537
242,1704,1732,1728
243,1732,1735,1734
244,1728,1732,1734
245,1749,2503,2504
246,2503,2510,2506
247,2503,2506,2505
248,2503,2505,2504
249,2506,2510,2512
250,1048,2537,2539
251,2537,2540,2539
252,2539,2540,2548
253,2539,2548,2546
254,2553,2560,2556
255,2553,2558,2560
256,2558,2564,2561
257,2558,2561,2560
258,0,2,243
259,0,243,1
260,1,243,245
261,1,245,11
262,11,245,286
263,2,3,248
264,2,248,243
265,3,6,249
266,3,249,248
267,6,252,249
268,6,7,252
269,7,8,253
270,7,253,252
271,8,9,261
272,8,261,253
273,9,10,261
274,10,67,262
275,10,262,261
276,11,286,13
277,13,286,288
278,13,288,14
279,14,290,15
280,14,288,290
281,15,290,292
282,15,292,16
283,16,292,31
284,31,292,305
285,31,305,34
286,34,305,307
287,34,307,38
288,38,307,310
289,36,38,310
290,36,311,37
291,36,310,311
292,37,311,1070
293,67,68,347
294,67,347,262
295,68,80,350
296,68,350,347
297,80,351,350
298,80,81,351
299,81,82,352
300,82,87,352
301,87,88,355
302,243,244,245
303,244,246,245
304,245,246,286
305,246,287,286
306,244,254,246
307,246,254,247
308,246,247,287
309,243,248,244
310,248,249,250
311,244,248,250
312,249,251,250
313,249,252,251
314,252,253,263
315,251,252,263
316,244,250,254
317,250,255,254
318,250,251,255
319,251,256,255
320,251,263,256
321,247,254,257
322,258,259,268
323,254,255,258
324,254,258,257
325,255,259,258
326,255,256,259
327,256,260,259
328,257,258,269
329,259,260,270
330,253,261,264
331,261,262,264
332,253,264,263
333,262,265,264
334,262,347,265
335,256,263,266
336,263,264,266
337,264,265,266
338,265,349,266
339,256,266,260
340,266,349,267
341,260,266,267
342,260,267,281
343,267,365,282
344,257,269,425
345,259,270,268
346,268,270,271
347,268,271,273
348,270,276,271
349,258,268,269
350,260,281,270
351,268,273,269
352,269,273,432
353,270,281,276
354,276,281,283
355,271,276,272
356,271,272,273
357,272,274,275
358,272,275,273
359,273,275,432
360,274,433,275
361,274,278,433
362,278,279,434
363,272,277,274
364,272,276,277
365,274,277,280
366,276,283,277
367,274,280,278
368,278,439,279
369,277,284,280
370,278,280,439
371,267,282,281
372,281,282,283
373,282,285,283
374,282,499,285
375,277,283,284
376,280,284,523
377,280,523,439
378,283,285,284
379,284,285,527
380,286,287,288
381,287,291,288
382,247,289,287
383,287,289,291
384,288,291,290
385,290,291,293
386,290,293,292
387,292,293,305
388,293,306,305
389,291,294,293
390,289,294,291
391,293,294,306
392,294,309,306
393,247,302,289
394,247,257,302
395,289,302,303
396,257,425,302
397,289,303,294
398,294,338,309
399,294,303,338
400,302,426,303
401,303,427,338
402,305,306,307
403,306,308,307
404,307,308,310
405,306,309,308
406,308,309,314
407,308,312,310
408,310,312,311
409,311,312,1071
410,312,314,313
411,312,313,1071
412,308,314,312
413,309,338,339
414,309,339,314
415,338,454,339
416,314,339,340
417,313,314,340
418,339,455,340
419,347,350,348
420,265,347,348
421,265,348,349
422,348,354,349
423,350,351,353
424,81,352,351
425,348,350,353
426,351,357,353
427,351,352,357
428,348,353,354
429,353,357,361
430,353,361,354
431,87,355,352
432,88,356,355
433,88,156,356
434,352,355,357
435,355,359,357
436,355,356,359
437,356,635,359
438,356,636,635
439,358,359,635
440,357,359,361
441,359,363,361
442,358,360,359
443,359,360,362
444,359,362,363
445,361,363,364
446,349,354,365
447,267,349,365
448,365,368,499
449,354,361,368
450,354,368,365
451,361,369,368
452,368,369,509
453,368,509,499
454,361,364,369
455,364,370,369
456,369,370,371
457,369,511,509
458,369,371,511
459,371,512,511
460,302,425,426
461,425,429,426
462,425,432,429
463,303,426,427
464,426,429,431
465,426,431,427
466,269,432,425
467,429,432,435
468,429,435,430
469,429,430,431
470,430,462,431
471,430,445,462
472,275,435,432
473,275,433,435
474,433,436,435
475,278,434,433
476,433,434,436
477,279,437,434
478,430,435,436
479,434,443,436
480,434,437,443
481,279,440,438
482,279,438,437
483,279,439,440
484,438,440,525
485,437,438,444
486,438,441,444
487,441,442,449
488,438,525,441
489,441,529,442
490,441,525,529
491,436,443,445
492,430,436,445
493,437,447,443
494,437,444,447
495,444,448,447
496,444,449,448
497,443,446,445
498,443,447,446
499,446,447,474
500,447,448,474
501,448,449,475
502,441,449,444
503,442,451,449
504,442,450,451
505,442,530,450
506,450,480,451
507,449,451,475
508,450,452,480
509,450,532,452
510,452,453,480
511,338,427,454
512,427,464,454
513,427,431,464
514,454,464,467
515,339,454,455
516,340,455,1212
517,454,467,455
518,455,467,1221
519,431,462,464
520,445,463,462
521,445,446,463
522,462,463,465
523,446,466,463
524,462,465,464
525,464,465,467
526,463,468,465
527,463,466,468
528,467,470,1221
529,465,470,467
530,465,468,470
531,466,471,468
532,466,469,471
533,469,486,472
534,468,1225,470
535,468,471,1225
536,471,1226,1225
537,471,472,1226
538,469,472,471
539,472,486,473
540,472,473,1227
541,446,474,466
542,448,476,474
543,448,475,476
544,451,477,475
545,466,474,469
546,469,474,476
547,475,478,476
548,475,477,478
549,477,481,479
550,477,479,478
551,479,483,488
552,451,480,477
553,453,481,480
554,453,482,481
555,477,480,481
556,481,482,483
557,479,481,483
558,482,484,483
559,483,484,489
560,484,485,489
561,469,476,486
562,476,478,486
563,478,487,486
564,487,488,491
565,478,479,487
566,479,488,487
567,483,489,488
568,488,489,494
569,488,494,491
570,489,490,494
571,490,497,495
572,473,486,487
573,473,487,491
574,491,494,492
575,473,491,1228
576,491,492,1228
577,492,494,493
578,490,493,494
579,490,495,493
580,495,497,498
581,493,495,1253
582,495,498,1256
583,496,1256,498
584,485,490,489
585,485,497,490
586,282,365,499
587,285,499,500
588,502,528,527
589,500,502,527
590,501,528,514
591,502,514,528
592,501,515,505
593,501,514,515
594,507,537,508
595,506,508,536
596,505,517,506
597,499,509,500
598,500,509,510
599,500,510,502
600,502,510,516
601,509,511,510
602,511,512,513
603,511,513,519
604,502,516,514
605,505,515,517
606,514,518,515
607,510,519,516
608,514,516,518
609,506,517,550
610,506,550,508
611,515,520,517
612,515,518,520
613,517,558,550
614,517,520,558
615,510,511,519
616,516,519,521
617,513,522,519
618,516,521,518
619,518,560,520
620,518,521,560
621,519,522,521
622,521,522,563
623,439,523,524
624,439,524,440
625,284,527,523
626,523,528,524
627,523,527,528
628,440,526,525
629,440,524,526
630,525,531,529
631,501,526,524
632,525,526,531
633,285,500,527
634,501,524,528
635,501,505,526
636,442,529,530
637,450,530,532
638,529,531,536
639,529,536,530
640,452,532,533
641,532,535,533
642,530,537,532
643,530,536,537
644,533,535,534
645,532,537,535
646,534,535,589
647,505,531,526
648,506,536,531
649,505,506,531
650,508,537,536
651,507,535,537
652,507,589,535
653,507,542,589
654,542,543,589
655,507,508,548
656,507,548,542
657,543,545,590
658,542,549,543
659,543,549,545
660,544,590,545
661,508,550,548
662,542,548,551
663,542,551,549
664,548,550,552
665,550,558,552
666,551,552,559
667,551,559,555
668,548,552,551
669,549,551,555
670,544,545,553
671,544,553,554
672,545,549,556
673,545,556,553
674,553,557,554
675,554,557,573
676,549,555,556
677,553,556,564
678,553,564,557
679,520,562,558
680,552,558,561
681,552,561,559
682,520,560,562
683,521,563,560
684,560,563,562
685,558,562,561
686,559,561,563
687,559,563,566
688,561,562,563
689,555,565,556
690,556,565,564
691,555,559,566
692,555,566,565
693,557,564,577
694,564,565,567
695,564,567,577
696,563,568,566
697,565,566,568
698,565,568,567
699,567,568,577
700,557,576,573
701,573,576,574
702,557,577,576
703,574,576,580
704,576,577,579
705,574,580,578
706,578,580,582
707,568,579,577
708,576,579,580
709,568,581,579
710,579,583,580
711,568,586,581
712,579,581,583
713,568,585,586
714,575,582,583
715,580,583,582
716,581,584,583
717,575,583,584
718,584,586,1315
719,586,1316,1315
720,581,586,584
721,568,1321,585
722,585,1316,586
723,585,587,1316
724,585,1321,587
725,534,589,588
726,543,588,589
727,543,590,588
728,156,637,356
729,156,157,637
730,356,637,636
731,157,159,641
732,157,641,637
733,636,637,638
734,637,639,638
735,637,641,639
736,159,640,644
737,159,644,641
738,640,647,644
739,639,641,642
740,641,643,642
741,641,644,643
742,643,644,645
743,644,647,649
744,647,648,649
745,648,654,649
746,649,650,651
747,649,653,650
748,649,654,653
749,644,651,645
750,644,649,651
751,648,652,654
752,652,658,654
753,653,654,655
754,654,658,655
755,655,658,660
756,652,656,658
757,656,661,658
758,656,657,661
759,658,659,660
760,658,661,659
761,659,661,662
762,661,663,662
763,169,664,657
764,657,664,661
765,169,958,664
766,664,958,1419
767,661,664,663
768,663,664,665
769,664,1427,665
770,664,1419,1427
771,37,1070,822
772,822,1070,823
773,823,1070,1072
774,823,1072,828
775,828,1072,1075
776,828,1075,829
777,829,1075,1077
778,829,1077,830
779,830,1110,855
780,830,1077,1110
781,855,1110,1112
782,855,1112,857
783,857,1112,859
784,859,1113,861
785,859,1112,1113
786,861,1113,1116
787,861,1116,862
788,862,1116,1121
789,862,1121,871
790,871,1122,872
791,871,1121,1122
792,872,1123,873
793,872,1122,1123
794,873,1123,874
795,874,1123,1127
796,874,1127,875
797,875,1128,924
798,875,1127,1128
799,924,1128,1195
800,924,1195,925
801,925,1198,930
802,925,1195,1198
803,930,1199,931
804,930,1198,1199
805,931,1199,932
806,932,1199,1200
807,932,1200,941
808,941,1200,1205
809,941,1205,942
810,942,1206,946
811,946,1207,947
812,311,1071,1070
813,1070,1071,1072
814,1071,1073,1072
815,1072,1073,1075
816,1073,1076,1075
817,313,1073,1071
818,313,1074,1073
819,1073,1074,1076
820,1075,1076,1077
821,1076,1111,1077
822,1074,1078,1076
823,1076,1078,1111
824,313,1102,1074
825,313,340,1102
826,1074,1102,1103
827,340,1212,1102
828,1074,1103,1078
829,1078,1103,1131
830,1102,1213,1103
831,1103,1214,1131
832,1077,1111,1110
833,1110,1111,1114
834,1110,1114,1112
835,1112,1114,1113
836,1113,1115,1116
837,1113,1114,1115
838,1115,1117,1116
839,1078,1118,1111
840,1111,1118,1114
841,1114,1118,1115
842,1115,1118,1119
843,1115,1119,1117
844,1117,1119,1120
845,1116,1117,1121
846,1117,1120,1124
847,1121,1124,1122
848,1122,1125,1123
849,1117,1124,1121
850,1122,1124,1125
851,1123,1125,1127
852,1125,1126,1127
853,1126,1128,1127
854,1126,1196,1128
855,1120,1129,1124
856,1124,1129,1125
857,1125,1129,1126
858,1126,1129,1130
859,1126,1130,1196
860,1078,1131,1118
861,1118,1131,1132
862,1118,1132,1119
863,1119,1133,1120
864,1119,1132,1133
865,1131,1285,1132
866,1132,1286,1133
867,1120,1134,1129
868,1120,1133,1134
869,1129,1134,1135
870,1129,1135,1130
871,1130,1135,1210
872,1133,1287,1134
873,1134,1288,1135
874,1135,1359,1210
875,1128,1196,1195
876,1195,1197,1198
877,1195,1196,1197
878,1198,1201,1199
879,1199,1201,1200
880,1197,1201,1198
881,1200,1201,1202
882,1130,1203,1196
883,1196,1203,1197
884,1197,1203,1204
885,1197,1204,1201
886,1201,1204,1202
887,1202,1204,1400
888,1200,1202,1205
889,942,1205,1206
890,1202,1399,1205
891,1205,1399,1206
892,946,1206,1207
893,947,1458,980
894,947,1207,1458
895,1206,1208,1207
896,1206,1399,1208
897,1207,1209,1458
898,1207,1208,1209
899,1209,1402,1460
900,1208,1402,1209
901,1130,1210,1203
902,1203,1403,1204
903,1203,1210,1403
904,1210,1408,1403
905,1211,1459,1402
906,1211,1402,1406
907,1211,1374,1548
908,1211,1406,1374
909,1102,1212,1213
910,455,1221,1212
911,1212,1221,1223
912,1212,1223,1213
913,1103,1213,1214
914,1213,1223,1240
915,1213,1240,1214
916,1214,1240,1289
917,470,1222,1221
918,470,1225,1222
919,1222,1225,1224
920,1222,1236,1223
921,1221,1222,1223
922,1222,1224,1236
923,1224,1230,1237
924,1230,1244,1237
925,472,1227,1226
926,1224,1225,1226
927,1226,1227,1230
928,473,1228,1227
929,492,1229,1228
930,1227,1228,1231
931,1228,1229,1231
932,492,1254,1229
933,1224,1226,1230
934,1227,1231,1230
935,1229,1232,1231
936,1230,1231,1244
937,1231,1232,1244
938,1232,1234,1245
939,1229,1234,1232
940,1229,1254,1234
941,1233,1234,1254
942,1233,1258,1235
943,1233,1246,1234
944,1233,1235,1246
945,1223,1236,1240
946,1236,1237,1241
947,1224,1237,1236
948,1237,1244,1238
949,1237,1238,1241
950,1238,1244,1239
951,1238,1239,1249
952,1236,1241,1240
953,1240,1241,1243
954,1240,1243,1289
955,1238,1242,1241
956,1241,1242,1243
957,1238,1249,1242
958,1232,1239,1244
959,1232,1245,1239
960,1234,1246,1245
961,1239,1245,1247
962,1239,1247,1249
963,1245,1246,1248
964,1235,1265,1246
965,1246,1265,1248
966,1245,1248,1247
967,1247,1248,1267
968,1242,1249,1251
969,1242,1250,1243
970,1243,1250,1290
971,1242,1251,1250
972,1247,1252,1249
973,1249,1252,1251
974,1247,1267,1252
975,1251,1252,1271
976,1250,1251,1270
977,492,493,1254
978,493,1253,1254
979,1233,1254,1253
980,1233,1253,1258
981,1253,1256,1258
982,1255,1258,1256
983,495,1256,1253
984,496,1255,1256
985,496,1257,1255
986,1255,1257,1259
987,1255,1260,1258
988,1255,1259,1260
989,1235,1258,1260
990,1235,1260,1266
991,1259,1262,1260
992,1260,1262,1266
993,1257,1261,1259
994,1259,1261,1263
995,1259,1263,1262
996,1262,1263,1264
997,1235,1266,1265
998,1265,1266,1268
999,1248,1265,1269
1000,1248,1269,1267
1001,1262,1275,1266
1002,1266,1275,1268
1003,1265,1268,1269
1004,1267,1269,1273
1005,1268,1276,1269
1006,1269,1276,1273
1007,1252,1267,1272
1008,1252,1272,1271
1009,1251,1271,1270
1010,1270,1271,1274
1011,1267,1273,1272
1012,1272,1273,1280
1013,1271,1272,1281
1014,1271,1281,1274
1015,1272,1280,1281
1016,1262,1264,1275
1017,1268,1275,1278
1018,1264,1277,1275
1019,1275,1277,1278
1020,1268,1278,1276
1021,1276,1278,1279
1022,1277,1346,1278
1023,1278,1346,1279
1024,1273,1276,1282
1025,1273,1282,1280
1026,1274,1281,1297
1027,1280,1283,1281
1028,1281,1283,1297
1029,1276,1279,1282
1030,1280,1282,1284
1031,1279,1347,1282
1032,1282,1347,1284
1033,1280,1284,1283
1034,1131,1214,1285
1035,1132,1285,1286
1036,1214,1289,1285
1037,1285,1289,1291
1038,1285,1291,1286
1039,1286,1291,1295
1040,1133,1286,1287
1041,1286,1295,1287
1042,1134,1287,1288
1043,1135,1288,1359
1044,1287,1295,1301
1045,1287,1301,1288
1046,1288,1301,1394
1047,1288,1394,1359
1048,1243,1290,1289
1049,1289,1290,1291
1050,1250,1292,1290
1051,1250,1270,1292
1052,1290,1292,1294
1053,1290,1294,1291
1054,1270,1293,1292
1055,1292,1296,1294
1056,1270,1274,1293
1057,1292,1293,1296
1058,1291,1294,1295
1059,1294,1296,1299
1060,1294,1299,1295
1061,1274,1298,1293
1062,1274,1297,1298
1063,1293,1298,1300
1064,1283,1385,1297
1065,1297,1385,1386
1066,1297,1386,1298
1067,1293,1300,1296
1068,1296,1300,1302
1069,1296,1302,1299
1070,1298,1388,1300
1071,1300,1392,1302
1072,1295,1299,1301
1073,1299,1303,1301
1074,1299,1302,1303
1075,1301,1303,1394
1076,1311,1315,1313
1077,1313,1315,1317
1078,1313,1317,1314
1079,1312,1314,1317
1080,1312,1325,1335
1081,1312,1332,1314
1082,1312,1335,1332
1083,575,584,1311
1084,584,1315,1311
1085,1315,1316,1317
1086,1316,1318,1317
1087,1318,1319,1325
1088,1319,1322,1325
1089,587,1318,1316
1090,587,1319,1318
1091,587,1321,1319
1092,1319,1321,1320
1093,1320,1321,1324
1094,1319,1320,1322
1095,1320,1323,1322
1096,1320,1324,1323
1097,1323,1324,1328
1098,1312,1317,1318
1099,1312,1318,1325
1100,1322,1326,1325
1101,1322,1327,1326
1102,1325,1326,1335
1103,1326,1327,1334
1104,1322,1323,1327
1105,1323,1328,1341
1106,1323,1341,1327
1107,1328,1541,1342
1108,1332,1335,1333
1109,1326,1336,1335
1110,1326,1334,1336
1111,1333,1335,1336
1112,1334,1338,1336
1113,1333,1336,1337
1114,1336,1338,1337
1115,1337,1338,1363
1116,1334,1340,1339
1117,1334,1339,1338
1118,1339,1340,1365
1119,1327,1340,1334
1120,1327,1341,1340
1121,1340,1341,1343
1122,1341,1342,1343
1123,1328,1342,1341
1124,1342,1541,1344
1125,1342,1369,1343
1126,1340,1343,1365
1127,1342,1344,1369
1128,1344,1544,1345
1129,1344,1345,1370
1130,1344,1370,1369
1131,1279,1346,1349
1132,1279,1349,1347
1133,1283,1284,1348
1134,1284,1347,1351
1135,1284,1351,1348
1136,1347,1349,1350
1137,1347,1350,1351
1138,1348,1351,1390
1139,1350,1352,1351
1140,1351,1352,1390
1141,1352,1356,1390
1142,1355,1356,1363
1143,1355,1363,1364
1144,1355,1364,1357
1145,1357,1366,1358
1146,1358,1360,1391
1147,1210,1359,1408
1148,1359,1394,1418
1149,1361,1397,1396
1150,1360,1361,1396
1151,1361,1376,1397
1152,1376,1398,1397
1153,1377,1409,1398
1154,1376,1377,1398
1155,1338,1364,1363
1156,1338,1339,1364
1157,1339,1366,1364
1158,1343,1367,1365
1159,1339,1365,1366
1160,1357,1364,1366
1161,1358,1366,1368
1162,1358,1368,1360
1163,1365,1367,1368
1164,1365,1368,1366
1165,1367,1375,1368
1166,1367,1371,1375
1167,1343,1369,1367
1168,1367,1369,1371
1169,1369,1370,1371
1170,1345,1372,1370
1171,1345,1549,1372
1172,1372,1549,1373
1173,1373,1549,1550
1174,1370,1380,1371
1175,1370,1372,1380
1176,1372,1381,1380
1177,1373,1550,1382
1178,1372,1373,1381
1179,1374,1382,1548
1180,1374,1412,1384
1181,1360,1375,1361
1182,1360,1368,1375
1183,1361,1375,1378
1184,1371,1378,1375
1185,1378,1380,1379
1186,1361,1378,1376
1187,1376,1379,1377
1188,1376,1378,1379
1189,1377,1379,1415
1190,1374,1384,1382
1191,1371,1380,1378
1192,1373,1383,1381
1193,1379,1380,1381
1194,1373,1382,1383
1195,1382,1384,1383
1196,1379,1381,1415
1197,1381,1383,1415
1198,1383,1416,1415
1199,1383,1384,1416
1200,1283,1348,1385
1201,1348,1387,1385
1202,1385,1389,1386
1203,1348,1390,1387
1204,1385,1387,1389
1205,1298,1386,1388
1206,1300,1388,1392
1207,1386,1389,1391
1208,1386,1391,1388
1209,1388,1391,1396
1210,1355,1387,1390
1211,1355,1390,1356
1212,1357,1389,1387
1213,1355,1357,1387
1214,1358,1391,1389
1215,1357,1358,1389
1216,1302,1392,1393
1217,1302,1393,1303
1218,1388,1396,1392
1219,1392,1396,1397
1220,1392,1397,1393
1221,1303,1395,1394
1222,1303,1393,1395
1223,1393,1398,1395
1224,1394,1395,1418
1225,1360,1396,1391
1226,1393,1397,1398
1227,1395,1398,1409
1228,1395,1409,1418
1229,1202,1400,1399
1230,1399,1400,1401
1231,1208,1399,1401
1232,1208,1401,1402
1233,1204,1404,1400
1234,1204,1403,1404
1235,1403,1407,1404
1236,1400,1405,1401
1237,1400,1404,1405
1238,1401,1406,1402
1239,1401,1405,1406
1240,1404,1411,1405
1241,1404,1407,1411
1242,1405,1411,1412
1243,1405,1412,1406
1244,1374,1406,1412
1245,1403,1408,1407
1246,1359,1418,1408
1247,1407,1408,1410
1248,1407,1410,1414
1249,1408,1418,1410
1250,1409,1413,1410
1251,1407,1414,1411
1252,1411,1417,1412
1253,1411,1414,1417
1254,1377,1413,1409
1255,1410,1413,1414
1256,1377,1415,1413
1257,1413,1415,1416
1258,1414,1416,1417
1259,1413,1416,1414
1260,1384,1412,1417
1261,1384,1417,1416
1262,1409,1410,1418
1263,958,959,1419
1264,959,963,1422
1265,959,1422,1419
1266,1419,1421,1420
1267,1419,1422,1421
1268,1421,1422,1423
1269,1422,1424,1423
1270,963,1431,1422
1271,963,964,1431
1272,1422,1431,1424
1273,1424,1431,1425
1274,1425,1431,1426
1275,1426,1431,1428
1276,1419,1420,1427
1277,964,967,1432
1278,964,1432,1431
1279,967,1433,1432
1280,1428,1431,1434
1281,1431,1432,1434
1282,967,968,1433
1283,968,969,1433
1284,969,1452,1433
1285,1432,1433,1436
1286,1432,1436,1434
1287,1433,1452,1436
1288,1428,1434,1429
1289,1429,1434,1435
1290,1429,1435,1430
1291,1436,1453,1437
1292,1434,1436,1437
1293,1434,1437,1435
1294,1430,1435,1448
1295,1435,1450,1448
1296,1435,1437,1450
1297,1448,1450,1449
1298,1437,1471,1450
1299,1449,1450,1537
1300,1450,1542,1537
1301,1450,1471,1542
1302,1471,1547,1542
1303,975,977,1451
1304,975,1451,1452
1305,969,975,1452
1306,1451,1453,1452
1307,1436,1452,1453
1308,1451,1454,1453
1309,977,1456,1451
1310,977,978,1456
1311,1451,1456,1454
1312,1437,1453,1455
1313,1453,1454,1455
1314,1454,1459,1455
1315,978,1457,1456
1316,978,979,1457
1317,1454,1456,1460
1318,1456,1457,1460
1319,979,980,1458
1320,979,1458,1457
1321,1209,1457,1458
1322,1209,1460,1457
1323,1454,1460,1459
1324,1402,1459,1460
1325,1437,1455,1471
1326,1455,1472,1471
1327,1455,1459,1472
1328,1471,1472,1547
1329,1472,1548,1547
1330,1211,1472,1459
1331,1211,1548,1472
1332,1539,1543,1540
1333,1324,1540,1328
1334,1328,1540,1541
1335,1537,1542,1538
1336,1538,1542,1539
1337,1539,1542,1543
1338,1542,1547,1546
1339,1540,1545,1544
1340,1543,1546,1545
1341,1540,1543,1545
1342,1542,1546,1543
1343,1344,1541,1544
1344,1540,1544,1541
1345,1345,1544,1545
1346,1545,1546,1549
1347,1345,1545,1549
1348,1547,1548,1550
1349,1546,1547,1550
1350,1546,1550,1549
1351,1382,1550,1548
1352,28,295,29
1353,28,47,295
1354,29,296,30
1355,30,297,92
1356,29,295,296
1357,30,296,297
1358,47,48,315
1359,47,315,295
1360,48,316,315
1361,48,49,316
1362,49,319,316
1363,50,51,320
1364,49,50,319
1365,50,320,319
1366,51,52,321
1367,51,321,320
1368,52,58,321
1369,58,59,327
1370,58,327,321
1371,59,60,328
1372,59,328,327
1373,60,331,328
1374,60,61,331
1375,61,332,331
1376,61,62,332
1377,62,843,1086
1378,62,1086,332
1379,92,372,93
1380,93,373,94
1381,92,297,372
1382,93,372,373
1383,94,374,95
1384,95,374,96
1385,94,373,374
1386,96,374,375
1387,96,375,97
1388,97,375,380
1389,97,380,98
1390,98,381,99
1391,98,380,381
1392,99,383,100
1393,99,381,383
1394,100,384,101
1395,101,384,104
1396,100,383,384
1397,104,392,105
1398,104,384,392
1399,105,392,393
1400,105,393,106
1401,106,394,107
1402,107,395,108
1403,108,399,112
1404,114,119,402
1405,114,403,115
1406,115,404,116
1407,116,404,886
1408,112,399,117
1409,117,407,118
1410,118,408,119
1411,295,315,298
1412,295,298,296
1413,296,299,297
1414,298,315,317
1415,296,298,299
1416,297,299,376
1417,298,317,300
1418,298,300,299
1419,299,301,376
1420,299,300,301
1421,300,304,301
1422,300,341,304
1423,301,304,366
1424,304,341,457
1425,304,428,366
1426,315,316,317
1427,316,319,318
1428,316,318,317
1429,319,320,322
1430,320,321,323
1431,321,327,323
1432,318,319,322
1433,320,323,322
1434,317,318,324
1435,300,317,324
1436,318,325,324
1437,318,322,325
1438,322,326,325
1439,323,329,326
1440,322,323,326
1441,327,328,329
1442,328,331,330
1443,323,327,329
1444,328,330,329
1445,331,332,333
1446,332,1086,334
1447,330,331,333
1448,332,334,333
1449,329,330,335
1450,326,329,335
1451,330,336,335
1452,330,333,336
1453,333,334,337
1454,333,337,336
1455,300,324,341
1456,324,325,342
1457,324,342,341
1458,325,326,343
1459,325,343,342
1460,326,344,343
1461,341,342,456
1462,342,343,458
1463,343,344,459
1464,337,1104,346
1465,326,335,344
1466,335,336,345
1467,335,345,344
1468,336,337,346
1469,336,346,345
1470,344,345,460
1471,345,346,461
1472,301,366,387
1473,366,367,387
1474,366,503,367
1475,297,376,372
1476,372,377,373
1477,373,378,374
1478,374,378,375
1479,375,379,380
1480,372,376,377
1481,373,377,378
1482,375,378,379
1483,380,382,381
1484,379,382,380
1485,381,382,385
1486,381,385,383
1487,383,386,384
1488,384,386,392
1489,383,385,386
1490,376,387,377
1491,301,387,376
1492,377,388,378
1493,378,388,379
1494,377,387,388
1495,379,388,389
1496,379,389,382
1497,382,389,390
1498,382,390,385
1499,385,391,386
1500,386,391,396
1501,385,390,391
1502,392,396,393
1503,106,393,394
1504,393,397,394
1505,107,394,395
1506,108,395,399
1507,386,396,392
1508,393,396,397
1509,394,397,398
1510,394,398,395
1511,395,398,412
1512,395,412,399
1513,391,400,396
1514,396,400,397
1515,397,401,398
1516,397,400,401
1517,398,401,414
1518,114,402,403
1519,115,403,404
1520,402,405,403
1521,402,409,405
1522,403,406,404
1523,404,406,1156
1524,403,405,406
1525,117,399,407
1526,118,407,408
1527,119,408,402
1528,399,412,407
1529,407,413,408
1530,407,412,413
1531,402,408,409
1532,408,413,409
1533,405,409,410
1534,405,411,406
1535,405,410,411
1536,398,414,412
1537,412,414,413
1538,413,414,415
1539,409,413,415
1540,409,415,410
1541,367,388,387
1542,388,416,389
1543,367,416,388
1544,389,417,390
1545,389,416,417
1546,390,417,418
1547,390,418,391
1548,391,418,419
1549,367,504,416
1550,416,539,417
1551,417,540,418
1552,418,541,419
1553,391,419,400
1554,400,420,401
1555,400,419,420
1556,401,420,421
1557,419,546,420
1558,420,546,547
1559,420,547,421
1560,401,421,414
1561,410,424,411
1562,411,424,1188
1563,414,422,415
1564,414,421,422
1565,415,422,423
1566,410,415,423
1567,410,423,424
1568,421,569,422
1569,421,547,569
1570,424,570,1188
1571,422,571,423
1572,422,569,571
1573,423,571,572
1574,423,572,424
1575,424,572,570
1576,304,457,428
1577,366,428,503
1578,428,452,503
1579,428,457,453
1580,428,453,452
1581,341,456,457
1582,342,458,456
1583,343,459,458
1584,456,482,457
1585,456,484,482
1586,453,457,482
1587,456,458,484
1588,458,459,485
1589,458,485,484
1590,346,1215,461
1591,344,460,459
1592,345,461,460
1593,461,1215,496
1594,461,496,498
1595,459,460,497
1596,459,497,485
1597,460,498,497
1598,460,461,498
1599,367,503,504
1600,503,533,504
1601,452,533,503
1602,504,533,534
1603,416,504,539
1604,417,539,540
1605,418,540,541
1606,419,541,546
1607,541,544,546
1608,504,534,539
1609,534,588,539
1610,539,588,540
1611,540,590,541
1612,540,588,590
1613,541,590,544
1614,544,554,546
1615,546,554,547
1616,547,554,573
1617,547,573,569
1618,569,574,571
1619,571,578,572
1620,570,572,582
1621,569,573,574
1622,571,574,578
1623,572,578,582
1624,570,582,575
1625,836,1079,1086
1626,836,837,1079
1627,837,840,1080
1628,837,1080,1079
1629,840,841,1083
1630,840,1083,1080
1631,841,842,1084
1632,841,1084,1083
1633,842,1090,1084
1634,836,1086,843
1635,842,845,1090
1636,845,849,1090
1637,849,1093,1090
1638,849,850,1093
1639,850,1094,1093
1640,850,851,1094
1641,851,1095,1094
1642,851,852,1095
1643,852,853,1096
1644,853,876,1136
1645,852,1096,1095
1646,853,1136,1096
1647,876,877,1136
1648,877,878,1137
1649,877,1137,1136
1650,878,1140,1137
1651,878,879,1140
1652,879,880,1141
1653,880,881,1143
1654,879,1141,1140
1655,880,1143,1141
1656,881,882,1144
1657,882,883,1144
1658,881,1144,1143
1659,883,1145,1144
1660,883,884,1145
1661,884,1146,1145
1662,884,885,1146
1663,885,1172,1146
1664,886,1156,887
1665,887,1157,888
1666,888,1161,890
1667,889,890,1160
1668,889,1162,891
1669,891,1162,892
1670,892,1168,899
1671,899,1169,900
1672,900,1175,901
1673,885,902,1172
1674,902,903,1173
1675,902,1173,1172
1676,903,905,1174
1677,903,1174,1173
1678,901,1176,904
1679,904,1174,905
1680,1079,1080,1081
1681,334,1079,1081
1682,1080,1082,1081
1683,1080,1083,1082
1684,1083,1084,1085
1685,1084,1090,1091
1686,1082,1083,1085
1687,1084,1091,1085
1688,334,1086,1079
1689,337,1081,1087
1690,1081,1082,1087
1691,1082,1088,1087
1692,1082,1085,1088
1693,1085,1091,1089
1694,1085,1089,1088
1695,334,1081,337
1696,1090,1093,1091
1697,1091,1093,1092
1698,1092,1093,1094
1699,1094,1095,1097
1700,1095,1096,1098
1701,1096,1136,1138
1702,1092,1094,1097
1703,1095,1098,1097
1704,1096,1138,1098
1705,1089,1091,1092
1706,1089,1092,1099
1707,1092,1097,1099
1708,1097,1100,1099
1709,1097,1098,1100
1710,1098,1138,1101
1711,1098,1101,1100
1712,337,1087,1104
1713,1087,1088,1105
1714,1087,1105,1104
1715,1088,1089,1106
1716,1088,1106,1105
1717,1089,1107,1106
1718,346,1104,1215
1719,1104,1105,1216
1720,1105,1106,1217
1721,1106,1107,1218
1722,1089,1099,1107
1723,1099,1100,1108
1724,1100,1101,1109
1725,1099,1108,1107
1726,1100,1109,1108
1727,1107,1108,1219
1728,1108,1109,1220
1729,1136,1137,1138
1730,1137,1140,1139
1731,1137,1139,1138
1732,1140,1141,1142
1733,1141,1143,1147
1734,1139,1140,1142
1735,1141,1147,1142
1736,1143,1144,1148
1737,1144,1145,1148
1738,1145,1146,1149
1739,1146,1172,1150
1740,1143,1148,1147
1741,1145,1149,1148
1742,1146,1150,1149
1743,1101,1138,1139
1744,1139,1142,1151
1745,1101,1139,1151
1746,1142,1147,1152
1747,1142,1152,1151
1748,1147,1153,1152
1749,1147,1148,1153
1750,1148,1149,1153
1751,1149,1154,1153
1752,1149,1150,1154
1753,1150,1155,1154
1754,404,1156,886
1755,887,1156,1157
1756,888,1157,1161
1757,1156,1158,1157
1758,406,1158,1156
1759,1157,1159,1161
1760,1157,1158,1159
1761,889,1160,1162
1762,890,1161,1160
1763,892,1162,1168
1764,1159,1163,1161
1765,1160,1161,1163
1766,1160,1164,1162
1767,1160,1163,1164
1768,1162,1164,1168
1769,1164,1170,1168
1770,406,411,1158
1771,411,1165,1158
1772,1158,1165,1159
1773,1159,1165,1166
1774,1159,1166,1163
1775,1163,1167,1164
1776,1164,1167,1170
1777,1163,1166,1167
1778,899,1168,1169
1779,900,1169,1175
1780,1169,1171,1175
1781,1168,1170,1169
1782,1169,1170,1171
1783,1172,1173,1178
1784,1174,1176,1179
1785,1173,1174,1179
1786,901,1175,1176
1787,904,1176,1174
1788,1175,1177,1176
1789,1150,1172,1178
1790,1173,1179,1178
1791,1176,1177,1179
1792,1171,1177,1175
1793,1170,1180,1171
1794,1167,1180,1170
1795,1171,1180,1181
1796,1171,1181,1177
1797,1177,1181,1182
1798,1150,1178,1155
1799,1177,1182,1179
1800,1178,1179,1182
1801,1155,1178,1182
1802,1101,1151,1183
1803,1101,1183,1109
1804,1151,1152,1184
1805,1151,1184,1183
1806,1152,1185,1184
1807,1152,1153,1185
1808,1153,1154,1186
1809,1154,1155,1187
1810,1153,1186,1185
1811,1154,1187,1186
1812,1109,1183,1304
1813,1183,1184,1305
1814,1184,1185,1306
1815,1185,1186,1307
1816,1186,1187,1354
1817,1187,1362,1354
1818,411,1188,1165
1819,1165,1189,1166
1820,1165,1188,1189
1821,1166,1190,1167
1822,1166,1189,1190
1823,1167,1190,1191
1824,1188,1308,1189
1825,570,1308,1188
1826,1189,1308,1309
1827,1189,1309,1190
1828,1190,1310,1191
1829,1190,1309,1310
1830,1191,1310,1330
1831,1167,1191,1180
1832,1180,1192,1181
1833,1180,1191,1192
1834,1181,1193,1182
1835,1155,1182,1194
1836,1181,1192,1193
1837,1155,1194,1187
1838,1182,1193,1194
1839,1191,1330,1192
1840,1192,1329,1193
1841,1192,1330,1329
1842,1193,1329,1331
1843,1187,1194,1362
1844,1193,1331,1194
1845,1194,1331,1362
1846,1104,1216,1215
1847,1105,1217,1216
1848,1106,1218,1217
1849,1215,1216,1257
1850,496,1215,1257
1851,1216,1261,1257
1852,1216,1217,1261
1853,1217,1218,1263
1854,1217,1263,1261
1855,1218,1264,1263
1856,1107,1219,1218
1857,1108,1220,1219
1858,1218,1219,1264
1859,1219,1220,1277
1860,1219,1277,1264
1861,1220,1346,1277
1862,1109,1304,1220
1863,1183,1305,1304
1864,1184,1306,1305
1865,1185,1307,1306
1866,1186,1354,1307
1867,1307,1354,1356
1868,1220,1304,1346
1869,1304,1349,1346
1870,1304,1305,1349
1871,1305,1306,1350
1872,1305,1350,1349
1873,1306,1307,1352
1874,1307,1356,1352
1875,1306,1352,1350
1876,570,575,1308
1877,1308,1311,1309
1878,1309,1313,1310
1879,1310,1314,1330
1880,575,1311,1308
1881,1309,1311,1313
1882,1310,1313,1314
1883,1329,1330,1332
1884,1329,1333,1331
1885,1331,1337,1362
1886,1329,1332,1333
1887,1314,1332,1330
1888,1331,1333,1337
1889,1354,1363,1356
1890,1354,1362,1363
1891,1337,1363,1362
1892,135,137,593
1893,135,593,136
1894,136,593,595
1895,136,595,173
1896,173,595,669
1897,137,138,597
1898,137,597,593
1899,138,141,598
1900,138,598,597
1901,141,604,598
1902,141,142,604
1903,142,143,605
1904,142,605,604
1905,143,144,606
1906,143,606,605
1907,144,145,606
1908,145,1651,607
1909,145,607,606
1910,170,216,666
1911,216,697,666
1912,170,666,1439
1913,173,669,175
1914,175,669,671
1915,174,175,671
1916,174,673,180
1917,174,671,673
1918,180,673,675
1919,180,675,181
1920,181,675,205
1921,205,675,690
1922,205,690,207
1923,207,690,692
1924,207,692,215
1925,215,692,697
1926,215,697,216
1927,593,594,595
1928,594,596,595
1929,595,596,669
1930,596,670,669
1931,593,597,594
1932,597,598,599
1933,594,597,599
1934,598,603,599
1935,594,601,596
1936,596,601,600
1937,596,600,670
1938,594,599,601
1939,599,602,601
1940,599,603,602
1941,598,604,603
1942,604,605,608
1943,603,604,608
1944,605,606,609
1945,606,607,609
1946,605,609,608
1947,607,610,609
1948,602,603,611
1949,603,608,611
1950,608,612,611
1951,608,609,612
1952,609,610,612
1953,613,615,618
1954,600,601,614
1955,601,602,613
1956,601,613,614
1957,602,615,613
1958,613,619,614
1959,602,611,615
1960,611,616,615
1961,611,612,616
1962,612,1906,617
1963,612,617,616
1964,615,616,620
1965,616,617,621
1966,615,620,618
1967,618,620,623
1968,618,623,625
1969,613,618,619
1970,614,619,742
1971,618,625,619
1972,619,625,748
1973,620,628,623
1974,616,621,620
1975,617,622,621
1976,620,621,628
1977,621,633,628
1978,621,622,633
1979,622,1900,633
1980,623,628,624
1981,623,624,625
1982,624,626,627
1983,624,627,625
1984,625,627,748
1985,626,749,627
1986,626,630,749
1987,624,629,626
1988,624,628,629
1989,626,629,632
1990,628,633,629
1991,626,632,630
1992,630,631,750
1993,630,763,631
1994,629,634,632
1995,630,632,763
1996,629,633,634
1997,632,634,767
1998,632,767,763
1999,633,1900,634
2000,634,1900,2045
2001,666,697,667
2002,666,667,1440
2003,667,668,1440
2004,668,1441,1440
2005,669,670,671
2006,670,674,671
2007,600,672,670
2008,670,672,674
2009,671,674,673
2010,673,674,676
2011,673,676,675
2012,675,676,690
2013,676,691,690
2014,674,677,676
2015,672,677,674
2016,676,677,691
2017,677,695,691
2018,600,685,672
2019,600,614,685
2020,672,685,686
2021,614,742,685
2022,672,686,677
2023,677,731,695
2024,677,686,731
2025,685,743,686
2026,686,744,731
2027,690,691,692
2028,691,693,692
2029,691,694,693
2030,692,693,697
2031,691,695,694
2032,694,695,696
2033,668,693,694
2034,667,697,693
2035,667,693,668
2036,695,731,696
2037,696,731,732
2038,731,744,732
2039,685,742,743
2040,742,754,743
2041,742,748,754
2042,619,748,742
2043,686,743,744
2044,743,754,756
2045,743,756,744
2046,751,755,754
2047,627,751,748
2048,627,749,751
2049,749,752,751
2050,630,750,749
2051,749,750,752
2052,631,753,750
2053,748,751,754
2054,751,752,755
2055,750,757,752
2056,750,753,757
2057,754,755,756
2058,755,792,756
2059,755,758,792
2060,752,757,758
2061,752,758,755
2062,753,760,757
2063,753,771,760
2064,760,771,761
2065,761,771,772
2066,757,759,758
2067,757,760,759
2068,759,760,795
2069,760,761,795
2070,761,772,796
2071,631,764,762
2072,631,762,753
2073,631,763,764
2074,762,764,769
2075,753,762,771
2076,762,765,771
2077,765,766,772
2078,762,769,765
2079,765,777,766
2080,765,769,777
2081,763,767,768
2082,763,768,764
2083,634,2045,767
2084,767,2046,768
2085,764,770,769
2086,764,768,770
2087,769,779,777
2088,768,2026,770
2089,769,770,779
2090,765,772,771
2091,766,774,772
2092,766,778,773
2093,766,773,774
2094,773,812,774
2095,772,774,796
2096,773,775,812
2097,775,776,812
2098,766,777,778
2099,773,778,781
2100,777,779,2047
2101,777,2047,778
2102,773,781,775
2103,775,781,780
2104,778,2048,781
2105,778,2047,2048
2106,780,781,783
2107,780,783,782
2108,781,2048,783
2109,782,783,2098
2110,732,744,756
2111,732,756,791
2112,756,792,791
2113,758,793,792
2114,791,792,793
2115,759,794,793
2116,791,793,794
2117,791,794,801
2118,758,759,793
2119,759,795,794
2120,761,797,795
2121,761,796,797
2122,794,795,801
2123,795,797,801
2124,797,799,801
2125,796,799,797
2126,796,798,799
2127,798,800,799
2128,800,815,803
2129,799,802,801
2130,801,802,805
2131,801,805,806
2132,799,800,802
2133,800,803,802
2134,803,815,819
2135,802,803,805
2136,803,808,805
2137,803,819,808
2138,804,808,819
2139,804,820,809
2140,805,808,806
2141,806,808,807
2142,806,807,1563
2143,804,807,808
2144,804,809,807
2145,807,809,1563
2146,809,821,1564
2147,810,1564,821
2148,774,812,798
2149,774,798,796
2150,776,813,812
2151,798,812,813
2152,813,814,815
2153,776,814,813
2154,798,813,800
2155,800,813,815
2156,814,816,815
2157,815,816,819
2158,816,817,819
2159,782,2098,818
2160,804,819,817
2161,804,817,820
2162,809,820,821
2163,170,1439,970
2164,970,1439,971
2165,971,1439,1442
2166,971,1442,972
2167,972,1442,1444
2168,972,1444,973
2169,973,1444,1447
2170,973,1447,974
2171,982,1461,1463
2172,974,1461,982
2173,974,1447,1461
2174,982,1463,983
2175,983,1463,985
2176,985,1463,1464
2177,985,1464,1034
2178,1034,1464,1515
2179,1034,1515,1035
2180,1035,1515,1518
2181,1035,1518,1036
2182,1036,1519,1037
2183,1036,1518,1519
2184,1037,1520,1051
2185,1037,1519,1520
2186,1051,1520,1052
2187,1052,1520,1526
2188,1052,1526,1053
2189,1053,1526,1527
2190,1053,1527,1057
2191,1057,1527,1528
2192,1057,1528,1058
2193,1058,1528,2802
2194,666,1440,1439
2195,1439,1440,1442
2196,1440,1443,1442
2197,1440,1441,1445
2198,1442,1443,1444
2199,1440,1445,1443
2200,1443,1446,1444
2201,1443,1445,1446
2202,1444,1446,1447
2203,1446,1468,1462
2204,1446,1462,1447
2205,1445,1468,1446
2206,1447,1462,1461
2207,1461,1462,1465
2208,1461,1465,1463
2209,1463,1465,1464
2210,1464,1466,1515
2211,1464,1465,1466
2212,1468,1469,1470
2213,1462,1468,1470
2214,1462,1470,1465
2215,1465,1470,1466
2216,1466,1470,1517
2217,1469,1473,1470
2218,1469,1474,1473
2219,1470,1473,1532
2220,1470,1532,1517
2221,1473,1474,1551
2222,1473,1551,1532
2223,1466,1516,1515
2224,1466,1517,1516
2225,1516,1517,1523
2226,1515,1516,1518
2227,1518,1521,1519
2228,1519,1522,1520
2229,1516,1521,1518
2230,1519,1521,1522
2231,1516,1523,1521
2232,1521,1523,1524
2233,1521,1524,1522
2234,1520,1522,1526
2235,1522,1525,1526
2236,1525,1527,1526
2237,1525,1529,1527
2238,1527,1529,1528
2239,1528,2805,2802
2240,1528,1529,2805
2241,1522,1524,1525
2242,1524,1530,1525
2243,1525,1530,1529
2244,1529,1530,1531
2245,1529,1531,2805
2246,1531,2809,2805
2247,1517,1533,1523
2248,1517,1532,1533
2249,1532,1597,1533
2250,1523,1534,1524
2251,1523,1533,1534
2252,1533,1598,1534
2253,1524,1535,1530
2254,1524,1534,1535
2255,1530,1535,1536
2256,1530,1536,1531
2257,1531,1536,2966
2258,1534,1599,1535
2259,1535,1600,1536
2260,1536,2973,2966
2261,1474,1552,1551
2262,1551,1552,1553
2263,806,1563,1568
2264,1563,1564,1568
2265,809,1564,1563
2266,810,1565,1564
2267,810,1566,1565
2268,1564,1565,1568
2269,1565,1566,1567
2270,1565,1567,1568
2271,1566,1569,1567
2272,1567,1569,1580
2273,1567,1570,1568
2274,1568,1570,1573
2275,1567,1580,1570
2276,1568,1573,1571
2277,1571,1575,1572
2278,1571,1573,1574
2279,1570,1582,1573
2280,1573,1582,1574
2281,1571,1574,1575
2282,1572,1575,1578
2283,1574,1583,1575
2284,1575,1583,1578
2285,1572,1577,1576
2286,1572,1576,1603
2287,1576,1579,1603
2288,1572,1578,1577
2289,1576,1577,1588
2290,1576,1588,1579
2291,1570,1580,1581
2292,1570,1581,1582
2293,1574,1582,1585
2294,1574,1585,1583
2295,1581,1584,1582
2296,1582,1584,1585
2297,1583,1585,1586
2298,1584,1591,1585
2299,1585,1591,1586
2300,1577,1578,1587
2301,1578,1583,1589
2302,1578,1589,1587
2303,1577,1587,1588
2304,1579,1588,1609
2305,1587,1590,1588
2306,1588,1590,1609
2307,1583,1586,1589
2308,1587,1589,1593
2309,1586,1592,1589
2310,1587,1593,1590
2311,1586,1591,1595
2312,1589,1592,1593
2313,1586,1595,1592
2314,1590,1593,1594
2315,1592,1596,1593
2316,1593,1596,1594
2317,1592,1595,2913
2318,1592,2913,1596
2319,1594,1596,2950
2320,1532,1551,1597
2321,1533,1597,1598
2322,1551,1553,1602
2323,1551,1602,1597
2324,1597,1602,1607
2325,1597,1607,1598
2326,1534,1598,1599
2327,1598,1607,1619
2328,1535,1599,1600
2329,1536,1600,2973
2330,1598,1619,1599
2331,1599,1619,1624
2332,1599,1624,1600
2333,1600,1624,1626
2334,1552,1603,1553
2335,1553,1601,1602
2336,1553,1603,1601
2337,1601,1606,1602
2338,1601,1603,1604
2339,1603,1605,1604
2340,1601,1604,1606
2341,1579,1605,1603
2342,1604,1611,1606
2343,1604,1605,1611
2344,1602,1606,1607
2345,1606,1611,1612
2346,1606,1612,1607
2347,1607,1612,1619
2348,1579,1610,1605
2349,1579,1609,1610
2350,1605,1610,1613
2351,1590,1614,1609
2352,1609,1614,1615
2353,1609,1615,1610
2354,1605,1613,1611
2355,1611,1620,1612
2356,1610,1617,1613
2357,1611,1613,1620
2358,1590,1594,1614
2359,1594,1616,1614
2360,1614,1618,1615
2361,1594,2950,1616
2362,1614,1616,1618
2363,1610,1615,1617
2364,1613,1617,1622
2365,1613,1622,1620
2366,1615,2951,1617
2367,1615,1618,2951
2368,1617,2951,2952
2369,1612,1621,1619
2370,1612,1620,1621
2371,1619,1621,1624
2372,1620,1622,1623
2373,1620,1623,1621
2374,1617,2952,1622
2375,1622,2953,1623
2376,1621,1625,1624
2377,1621,1623,1625
2378,1623,2954,1625
2379,1624,1625,1626
2380,1600,1626,2973
2381,1651,1652,1901
2382,607,1651,1901
2383,1652,1655,1903
2384,1652,1903,1901
2385,1655,1904,1903
2386,1655,1656,1904
2387,1656,1657,1908
2388,1657,1702,1908
2389,1702,1703,1909
2390,607,1901,610
2391,610,1906,612
2392,617,1924,622
2393,622,2023,1900
2394,1901,1903,1902
2395,610,1901,1902
2396,1903,1904,1905
2397,1656,1908,1904
2398,1902,1903,1905
2399,1904,1911,1905
2400,1904,1908,1911
2401,610,1902,1906
2402,1902,1907,1906
2403,1902,1905,1907
2404,1905,1911,1920
2405,1905,1920,1907
2406,1702,1909,1908
2407,1703,1910,1909
2408,1703,1708,1910
2409,1908,1909,1911
2410,1909,1918,1911
2411,1909,1910,1918
2412,1910,1913,1918
2413,1912,1918,1913
2414,1708,1915,1910
2415,1708,1709,1915
2416,1910,1914,1913
2417,1910,1915,1914
2418,1709,1752,1972
2419,1709,1972,1915
2420,1914,1915,1916
2421,1915,1917,1916
2422,1915,1972,1917
2423,1911,1918,1920
2424,1918,1922,1920
2425,1912,1919,1918
2426,1918,1919,1921
2427,1918,1921,1922
2428,1920,1922,1923
2429,1906,1907,1924
2430,617,1906,1924
2431,1907,1920,1925
2432,1907,1925,1924
2433,1920,1926,1925
2434,1924,1925,2023
2435,1925,1926,2024
2436,1925,2024,2023
2437,1920,1923,1926
2438,1923,1927,1926
2439,1926,1927,1928
2440,1926,2038,2024
2441,1926,1928,2038
2442,1928,2039,2038
2443,1752,1971,1975
2444,1752,1975,1972
2445,1971,1989,1975
2446,1917,1972,1973
2447,1972,1974,1973
2448,1972,1975,1974
2449,1974,1975,1976
2450,1989,1990,1992
2451,1990,1995,1992
2452,1975,1989,1992
2453,1975,1991,1976
2454,1975,1992,1991
2455,1991,1992,1993
2456,1992,1997,1993
2457,1992,1995,1997
2458,1990,1994,1995
2459,1994,2001,1995
2460,1995,1996,1997
2461,1995,2001,1996
2462,1996,2001,2000
2463,1994,1998,2001
2464,1998,2003,2001
2465,1998,1999,2003
2466,2000,2001,2002
2467,2002,2003,2004
2468,2003,2005,2004
2469,2001,2003,2002
2470,1762,2006,1999
2471,1999,2006,2003
2472,1762,2574,2006
2473,2006,2574,2827
2474,2003,2006,2005
2475,2005,2006,2007
2476,2006,2828,2007
2477,2006,2827,2828
2478,622,1924,2023
2479,2023,2024,2025
2480,1900,2023,2025
2481,2027,2046,2045
2482,2025,2027,2045
2483,2026,2046,2033
2484,2027,2033,2046
2485,2024,2028,2025
2486,2025,2028,2027
2487,2027,2028,2035
2488,2024,2038,2028
2489,2026,2034,2029
2490,2026,2033,2034
2491,2030,2032,2047
2492,2029,2036,2030
2493,2031,2048,2032
2494,2027,2035,2033
2495,2029,2034,2036
2496,2033,2037,2034
2497,2033,2035,2037
2498,2030,2036,2059
2499,2030,2059,2032
2500,2034,2042,2036
2501,2034,2037,2042
2502,2036,2070,2059
2503,2036,2042,2070
2504,2038,2039,2040
2505,2038,2040,2041
2506,2028,2038,2041
2507,2028,2041,2035
2508,2035,2041,2043
2509,2040,2044,2041
2510,2035,2043,2037
2511,2037,2072,2042
2512,2037,2043,2072
2513,2041,2044,2043
2514,2043,2044,2075
2515,1900,2025,2045
2516,767,2045,2046
2517,768,2046,2026
2518,770,2026,2029
2519,770,2029,779
2520,779,2030,2047
2521,779,2029,2030
2522,2032,2048,2047
2523,783,2048,2031
2524,783,2031,2098
2525,2031,2054,2098
2526,2054,2055,2098
2527,2031,2032,2057
2528,2031,2057,2054
2529,2055,2062,2099
2530,2054,2058,2055
2531,2056,2099,2062
2532,2032,2059,2057
2533,2054,2057,2060
2534,2055,2058,2062
2535,2054,2060,2058
2536,2057,2059,2061
2537,2059,2070,2061
2538,2060,2061,2071
2539,2060,2071,2076
2540,2057,2061,2060
2541,2058,2060,2076
2542,2056,2062,2063
2543,2056,2063,2064
2544,2058,2065,2062
2545,2062,2065,2063
2546,2063,2066,2064
2547,2064,2066,2068
2548,2058,2076,2065
2549,2063,2065,2077
2550,2063,2077,2066
2551,2066,2085,2068
2552,2068,2085,2069
2553,2042,2074,2070
2554,2061,2070,2073
2555,2061,2073,2071
2556,2042,2072,2074
2557,2043,2075,2072
2558,2072,2075,2074
2559,2070,2074,2073
2560,2071,2073,2075
2561,2071,2075,2079
2562,2073,2074,2075
2563,2065,2076,2078
2564,2065,2078,2077
2565,2071,2079,2076
2566,2076,2079,2078
2567,2066,2077,2086
2568,2077,2078,2080
2569,2077,2080,2086
2570,2075,2081,2079
2571,2078,2079,2081
2572,2078,2081,2080
2573,2080,2081,2086
2574,2066,2086,2085
2575,2069,2085,2089
2576,2069,2089,2087
2577,2087,2089,2091
2578,2085,2086,2088
2579,2085,2088,2089
2580,2081,2088,2086
2581,2081,2090,2088
2582,2088,2092,2089
2583,2088,2090,2092
2584,2081,2096,2090
2585,2081,2095,2096
2586,2091,2092,2093
2587,2089,2092,2091
2588,2092,2094,2093
2589,2094,2096,2885
2590,2096,2888,2885
2591,2090,2094,2092
2592,2090,2096,2094
2593,2081,2890,2095
2594,2095,2888,2096
2595,2095,2097,2888
2596,2095,2890,2097
2597,818,2098,2055
2598,818,2055,2099
2599,1058,2802,2544
2600,2544,2803,2545
2601,2544,2802,2803
2602,2545,2803,2550
2603,2550,2803,2804
2604,2550,2804,2551
2605,2551,2804,2808
2606,2551,2808,2552
2607,2552,2815,2569
2608,2569,2816,2570
2609,2509,2515,2775
2610,2775,2776,2831
2611,2515,2782,2775
2612,2515,2516,2782
2613,2775,2782,2776
2614,2776,2782,2777
2615,2777,2782,2778
2616,2778,2782,2779
2617,2516,2525,2783
2618,2516,2783,2782
2619,2525,2784,2783
2620,2779,2782,2785
2621,2782,2783,2785
2622,2525,2526,2784
2623,2526,2527,2784
2624,2527,2810,2784
2625,2783,2784,2787
2626,2783,2787,2785
2627,2784,2810,2787
2628,2779,2785,2780
2629,2780,2785,2786
2630,2780,2786,2781
2631,2785,2787,2788
2632,2787,2812,2788
2633,2785,2788,2786
2634,2781,2786,2799
2635,2786,2801,2799
2636,2786,2788,2801
2637,2799,2801,2800
2638,2788,2824,2801
2639,2800,2801,2882
2640,2801,2901,2882
2641,2801,2824,2901
2642,2824,2935,2901
2643,2802,2806,2803
2644,2803,2806,2804
2645,2802,2805,2806
2646,2804,2806,2807
2647,2804,2807,2808
2648,2552,2808,2815
2649,2807,2962,2808
2650,2808,2962,2815
2651,2805,2809,2806
2652,2806,2809,2807
2653,2807,2809,2963
2654,2527,2562,2810
2655,2562,2563,2811
2656,2562,2811,2810
2657,2811,2813,2812
2658,2810,2811,2812
2659,2787,2810,2812
2660,2563,2817,2811
2661,2563,2571,2817
2662,2811,2817,2813
2663,2788,2812,2814
2664,2812,2813,2814
2665,2813,2821,2814
2666,2569,2815,2816
2667,2570,2816,2819
2668,2815,2820,2816
2669,2815,2962,2820
2670,2816,2823,2819
2671,2816,2820,2823
2672,2571,2818,2817
2673,2571,2572,2818
2674,2813,2817,2822
2675,2817,2818,2822
2676,2572,2573,2819
2677,2572,2819,2818
2678,2570,2819,2573
2679,2818,2819,2823
2680,2818,2823,2822
2681,2820,2965,2823
2682,2813,2822,2821
2683,2822,2823,2965
2684,2821,2822,2965
2685,1531,2966,2809
2686,2788,2814,2824
2687,2814,2825,2824
2688,2814,2821,2825
2689,2824,2825,2935
2690,2825,2936,2935
2691,2826,2965,2969
2692,2821,2826,2825
2693,2821,2965,2826
2694,2826,2944,2936
2695,2826,2969,2944
2696,2825,2826,2936
2697,2509,2827,2574
2698,2509,2775,2827
2699,2827,2829,2828
2700,2827,2830,2829
2701,2775,2830,2827
2702,2775,2831,2830
2703,2866,2885,2868
2704,2868,2886,2869
2705,2867,2869,2886
2706,2867,2876,2869
2707,2867,2877,2876
2708,2875,2876,2877
2709,2877,2896,2878
2710,2878,2896,2902
2711,2875,2877,2878
2712,2878,2902,2880
2713,2875,2878,2879
2714,2879,2880,2922
2715,2881,2902,2903
2716,2878,2880,2879
2717,2880,2902,2881
2718,2881,2903,2924
2719,2093,2094,2866
2720,2094,2885,2866
2721,2885,2888,2886
2722,2868,2885,2886
2723,2886,2888,2887
2724,2887,2889,2895
2725,2889,2892,2895
2726,2097,2887,2888
2727,2097,2889,2887
2728,2097,2890,2889
2729,2889,2890,2891
2730,2890,2894,2891
2731,2889,2891,2892
2732,2891,2893,2892
2733,2891,2894,2893
2734,2893,2894,2898
2735,2867,2886,2887
2736,2867,2887,2895
2737,2892,2896,2895
2738,2892,2897,2896
2739,2867,2895,2877
2740,2877,2895,2896
2741,2896,2897,2902
2742,2892,2893,2897
2743,2893,2904,2897
2744,2893,2898,2904
2745,2898,2900,2905
2746,2884,2909,2899
2747,2894,2899,2898
2748,2898,2899,2900
2749,2882,2901,2883
2750,2883,2901,2884
2751,2884,2901,2909
2752,2901,2935,2912
2753,2897,2903,2902
2754,2897,2904,2903
2755,2903,2904,2906
2756,2898,2905,2904
2757,2904,2905,2906
2758,2900,2907,2905
2759,2905,2937,2906
2760,2903,2906,2924
2761,2905,2907,2937
2762,2907,2910,2908
2763,2907,2938,2937
2764,2907,2908,2938
2765,2899,2911,2910
2766,2899,2909,2911
2767,2901,2912,2909
2768,2909,2912,2911
2769,2900,2910,2907
2770,2899,2910,2900
2771,2908,2910,2911
2772,2911,2912,2942
2773,2908,2911,2942
2774,1596,2913,2914
2775,1596,2914,2950
2776,2914,2919,2950
2777,2918,2919,2922
2778,2918,2922,2923
2779,2918,2923,2920
2780,2920,2925,2921
2781,2921,2928,2951
2782,2880,2923,2922
2783,2881,2925,2923
2784,2880,2881,2923
2785,2881,2924,2925
2786,2920,2923,2925
2787,2921,2925,2927
2788,2921,2927,2928
2789,2924,2927,2925
2790,2924,2926,2927
2791,2926,2930,2927
2792,2926,2939,2930
2793,2928,2929,2952
2794,2929,2953,2952
2795,2929,2931,2953
2796,2931,2954,2953
2797,2931,2932,2954
2798,2932,2975,2954
2799,2928,2930,2929
2800,2927,2930,2928
2801,2930,2939,2933
2802,2933,2945,2934
2803,2929,2930,2933
2804,2929,2933,2931
2805,2931,2934,2932
2806,2931,2933,2934
2807,2932,2934,2980
2808,2935,2936,2943
2809,2906,2937,2926
2810,2906,2926,2924
2811,2926,2937,2939
2812,2937,2938,2939
2813,2908,2940,2938
2814,2908,2942,2940
2815,2940,2942,2941
2816,2938,2945,2939
2817,2938,2940,2945
2818,2940,2946,2945
2819,2941,2943,2947
2820,2940,2941,2946
2821,2912,2935,2943
2822,2912,2943,2942
2823,2941,2942,2943
2824,2936,2947,2943
2825,2936,2944,2947
2826,2944,2979,2949
2827,2944,2949,2947
2828,2933,2939,2945
2829,2934,2945,2946
2830,2941,2947,2948
2831,2941,2948,2946
2832,2947,2949,2948
2833,2934,2946,2980
2834,2946,2948,2980
2835,2948,2981,2980
2836,2948,2949,2981
2837,1616,2950,2918
2838,2918,2950,2919
2839,1616,2920,1618
2840,1616,2918,2920
2841,1618,2920,2921
2842,1618,2921,2951
2843,1622,2952,2953
2844,2928,2952,2951
2845,1623,2953,2954
2846,1625,2975,1626
2847,1625,2954,2975
2848,2807,2963,2962
2849,2962,2963,2964
2850,2820,2962,2964
2851,2820,2964,2965
2852,2809,2967,2963
2853,2809,2966,2967
2854,2963,2968,2964
2855,2963,2967,2968
2856,2966,2972,2967
2857,2967,2974,2968
2858,2967,2972,2974
2859,2964,2969,2965
2860,2964,2968,2969
2861,2968,2979,2969
2862,2968,2974,2979
2863,2944,2969,2979
2864,2966,2973,2972
2865,2972,2978,2974
2866,2972,2973,2976
2867,1626,2976,2973
2868,2975,2977,2976
2869,2972,2976,2978
2870,2974,2978,2982
2871,2932,2977,2975
2872,2976,2977,2978
2873,2932,2980,2977
2874,2977,2980,2981
2875,2977,2981,2978
2876,2974,2982,2979
2877,2949,2979,2982
2878,2949,2982,2981
2879,2978,2981,2982
2880,1626,2975,2976
2881,197,227,678
2882,197,678,198
2883,198,679,199
2884,199,680,233
2885,198,678,679
2886,199,679,680
2887,227,228,698
2888,227,698,678
2889,228,699,698
2890,228,229,699
2891,229,702,699
2892,229,230,702
2893,230,231,703
2894,230,703,702
2895,231,232,704
2896,231,704,703
2897,233,707,234
2898,234,708,235
2899,233,680,707
2900,234,707,708
2901,235,709,236
2902,236,709,237
2903,235,708,709
2904,237,709,710
2905,237,710,1712
2906,238,239,720
2907,232,238,704
2908,238,720,704
2909,239,240,721
2910,239,721,720
2911,240,724,721
2912,240,241,724
2913,241,725,724
2914,241,242,725
2915,242,1011,1485
2916,242,1485,725
2917,678,698,681
2918,678,681,679
2919,679,682,680
2920,681,698,700
2921,679,681,682
2922,680,682,711
2923,681,683,682
2924,681,700,683
2925,682,684,711
2926,682,683,684
2927,683,687,684
2928,683,734,687
2929,684,687,688
2930,684,688,718
2931,688,689,718
2932,687,734,785
2933,687,745,688
2934,688,746,689
2935,698,699,700
2936,699,702,701
2937,699,701,700
2938,702,703,705
2939,703,704,706
2940,704,720,706
2941,701,702,705
2942,703,706,705
2943,680,711,707
2944,707,712,708
2945,708,713,709
2946,709,713,710
2947,710,714,1929
2948,707,711,712
2949,708,712,713
2950,710,713,714
2951,700,701,715
2952,701,716,715
2953,683,700,715
2954,701,705,716
2955,705,717,716
2956,705,706,717
2957,706,722,717
2958,711,718,712
2959,684,718,711
2960,712,719,713
2961,713,719,714
2962,712,718,719
2963,714,719,1943
2964,720,721,722
2965,721,724,723
2966,706,720,722
2967,721,723,722
2968,724,725,726
2969,725,1485,727
2970,723,724,726
2971,725,727,726
2972,722,723,728
2973,717,722,728
2974,723,729,728
2975,723,726,729
2976,726,727,730
2977,726,730,729
2978,715,716,733
2979,683,715,734
2980,715,733,734
2981,716,717,735
2982,716,735,733
2983,717,737,735
2984,689,719,718
2985,719,736,1943
2986,689,736,719
2987,733,784,734
2988,733,735,786
2989,735,737,788
2990,689,747,736
2991,736,787,1963
2992,717,728,737
2993,728,729,738
2994,728,738,737
2995,729,730,739
2996,729,739,738
2997,730,1507,739
2998,737,738,789
2999,738,739,790
3000,687,785,745
3001,688,745,746
3002,689,746,747
3003,745,775,746
3004,745,785,776
3005,745,776,775
3006,746,780,747
3007,746,775,780
3008,747,780,782
3009,790,1555,810
3010,733,786,784
3011,734,784,785
3012,735,788,786
3013,736,747,787
3014,784,814,785
3015,776,785,814
3016,784,816,814
3017,784,786,816
3018,786,788,817
3019,786,817,816
3020,747,782,787
3021,782,818,787
3022,737,789,788
3023,738,790,789
3024,739,1555,790
3025,788,789,820
3026,788,820,817
3027,789,821,820
3028,789,790,821
3029,790,810,821
3030,996,999,1475
3031,996,1475,1486
3032,999,1000,1477
3033,999,1477,1475
3034,1000,1001,1478
3035,1000,1478,1477
3036,1001,1483,1478
3037,1001,1007,1483
3038,1007,1013,1483
3039,1013,1488,1483
3040,1011,1012,1485
3041,1012,1486,1485
3042,996,1486,1012
3043,1013,1014,1488
3044,1014,1489,1488
3045,1014,1015,1489
3046,1015,1490,1489
3047,1015,1016,1490
3048,1016,1017,1491
3049,1016,1491,1490
3050,1017,1495,1491
3051,1017,1019,1495
3052,1019,1020,1495
3053,1020,1021,1496
3054,1020,1496,1495
3055,1021,1499,1496
3056,1021,1022,1499
3057,1022,1023,1500
3058,1022,1500,1499
3059,1023,2749,1500
3060,1475,1476,1487
3061,1475,1477,1476
3062,1477,1478,1479
3063,1478,1483,1484
3064,1476,1477,1479
3065,1478,1484,1479
3066,1476,1480,1487
3067,1476,1481,1480
3068,1476,1479,1481
3069,1479,1484,1482
3070,1479,1482,1481
3071,1483,1488,1484
3072,1484,1488,1492
3073,1482,1484,1492
3074,727,1485,1486
3075,1475,1487,1486
3076,727,1486,1487
3077,727,1487,730
3078,730,1487,1480
3079,1488,1489,1492
3080,1489,1490,1493
3081,1490,1491,1494
3082,1491,1495,1497
3083,1489,1493,1492
3084,1490,1494,1493
3085,1491,1497,1494
3086,1495,1496,1497
3087,1496,1499,1498
3088,1496,1498,1497
3089,1499,1500,1501
3090,1498,1499,1501
3091,1500,2753,1501
3092,1492,1493,1502
3093,1482,1492,1502
3094,1493,1503,1502
3095,1493,1494,1503
3096,1494,1497,1504
3097,1494,1504,1503
3098,1497,1498,1504
3099,1498,1501,1505
3100,1498,1505,1504
3101,1501,2753,1506
3102,1501,1506,1505
3103,730,1480,1507
3104,1480,1481,1508
3105,1480,1508,1507
3106,1481,1482,1509
3107,1481,1509,1508
3108,1482,1510,1509
3109,739,1507,1555
3110,1507,1508,1556
3111,1508,1509,1557
3112,1509,1510,1558
3113,1482,1502,1510
3114,1502,1503,1511
3115,1503,1504,1512
3116,1502,1511,1510
3117,1503,1512,1511
3118,1504,1505,1513
3119,1504,1513,1512
3120,1505,1506,1514
3121,1505,1514,1513
3122,1506,2792,1514
3123,1510,1511,1559
3124,1511,1512,1560
3125,1512,1513,1561
3126,1513,1514,1562
3127,1507,1556,1555
3128,1508,1557,1556
3129,1509,1558,1557
3130,1555,1556,1566
3131,810,1555,1566
3132,1556,1569,1566
3133,1556,1557,1569
3134,1557,1558,1580
3135,1557,1580,1569
3136,1558,1581,1580
3137,1510,1559,1558
3138,1511,1560,1559
3139,1512,1561,1560
3140,1513,1562,1561
3141,1514,2870,1562
3142,1558,1559,1581
3143,1559,1560,1584
3144,1559,1584,1581
3145,1560,1561,1591
3146,1560,1591,1584
3147,1561,1595,1591
3148,1561,1562,1595
3149,1562,2870,2913
3150,1562,2913,1595
3151,1712,1929,1713
3152,1713,1930,1714
3153,710,1929,1712
3154,1713,1929,1930
3155,1714,1932,1715
3156,1714,1930,1932
3157,1715,1933,1716
3158,1716,1933,1719
3159,1715,1932,1933
3160,1719,1936,1720
3161,1719,1933,1936
3162,1720,1937,1721
3163,1720,1936,1937
3164,1721,1938,1722
3165,1722,1939,1723
3166,1724,1742,1948
3167,1724,1949,1725
3168,1725,1949,2478
3169,1723,1953,1730
3170,1730,1953,1737
3171,1737,1954,1738
3172,1738,1955,1739
3173,1739,1957,1742
3174,1929,1931,1930
3175,714,1931,1929
3176,1930,1931,1934
3177,1930,1934,1932
3178,1932,1935,1933
3179,1932,1934,1935
3180,1933,1935,1936
3181,1936,1940,1937
3182,1721,1937,1938
3183,1722,1938,1939
3184,1937,1941,1938
3185,1935,1940,1936
3186,1937,1940,1941
3187,1938,1942,1939
3188,1938,1941,1942
3189,714,1943,1931
3190,1931,1943,1944
3191,1931,1944,1934
3192,1934,1945,1935
3193,1934,1944,1945
3194,1935,1945,1940
3195,1940,1945,1946
3196,1940,1946,1941
3197,1941,1947,1942
3198,1941,1946,1947
3199,1942,1947,1960
3200,1724,1948,1949
3201,1948,1957,1950
3202,1948,1951,1949
3203,1949,1951,2737
3204,1948,1950,1951
3205,1950,1952,1951
3206,1950,1962,1952
3207,1723,1939,1953
3208,1939,1958,1953
3209,1939,1942,1958
3210,1737,1953,1954
3211,1738,1954,1955
3212,1739,1955,1957
3213,1953,1958,1954
3214,1954,1959,1955
3215,1954,1958,1959
3216,1955,1956,1957
3217,1955,1959,1956
3218,1742,1957,1948
3219,1950,1957,1956
3220,1942,1960,1958
3221,1958,1960,1959
3222,1959,1960,1961
3223,1956,1959,1961
3224,1950,1956,1962
3225,1956,1961,1962
3226,1943,1963,1944
3227,736,1963,1943
3228,1944,1963,1964
3229,1944,1964,1945
3230,1945,1964,1965
3231,1945,1965,1946
3232,1946,1966,1947
3233,1946,1965,1966
3234,1947,1966,1967
3235,1963,2050,1964
3236,1964,2051,1965
3237,1965,2052,1966
3238,1966,2052,2053
3239,1966,2053,1967
3240,1947,1967,1960
3241,1952,1970,2789
3242,1967,2067,1968
3243,1967,2053,2067
3244,1960,1968,1961
3245,1960,1967,1968
3246,1961,1968,1969
3247,1961,1969,1962
3248,1952,1962,1970
3249,1962,1969,1970
3250,1968,2082,1969
3251,1968,2067,2082
3252,1969,2082,2083
3253,1969,2083,1970
3254,1970,2084,2789
3255,1970,2083,2084
3256,787,2050,1963
3257,1964,2050,2051
3258,1965,2051,2052
3259,2051,2056,2052
3260,2052,2064,2053
3261,787,818,2050
3262,2050,2099,2051
3263,818,2099,2050
3264,2051,2099,2056
3265,2052,2056,2064
3266,2053,2064,2068
3267,2053,2068,2067
3268,2067,2068,2069
3269,2067,2069,2082
3270,2082,2087,2083
3271,2083,2091,2084
3272,2069,2087,2082
3273,2083,2087,2091
3274,2084,2091,2093
3275,2478,2737,2479
3276,2479,2738,2480
3277,2480,2741,2481
3278,2481,2742,2482
3279,2482,2743,2483
3280,2483,2743,2484
3281,1023,2485,2749
3282,2485,2486,2750
3283,2486,2487,2750
3284,2485,2750,2749
3285,2487,2751,2750
3286,2487,2488,2751
3287,2488,2752,2751
3288,2488,2489,2752
3289,2489,2761,2752
3290,2484,2757,2490
3291,2490,2758,2491
3292,2491,2763,2492
3293,2489,2493,2761
3294,2493,2494,2762
3295,2493,2762,2761
3296,2494,2496,2765
3297,2494,2765,2762
3298,2492,2764,2495
3299,2495,2765,2496
3300,1949,2737,2478
3301,2479,2737,2738
3302,2480,2738,2741
3303,2737,2739,2738
3304,1951,2739,2737
3305,2738,2740,2741
3306,2738,2739,2740
3307,2481,2741,2742
3308,2482,2742,2743
3309,2484,2743,2757
3310,2740,2744,2741
3311,2741,2744,2742
3312,2742,2745,2743
3313,2742,2744,2745
3314,2743,2745,2757
3315,2745,2759,2757
3316,1951,1952,2739
3317,1952,2746,2739
3318,2739,2746,2740
3319,2740,2746,2747
3320,2740,2747,2744
3321,2744,2748,2745
3322,2745,2748,2759
3323,2744,2747,2748
3324,1500,2749,2753
3325,2749,2750,2754
3326,2750,2751,2754
3327,2751,2752,2755
3328,2752,2761,2756
3329,2749,2754,2753
3330,2751,2755,2754
3331,2752,2756,2755
3332,2490,2757,2758
3333,2491,2758,2763
3334,2758,2760,2763
3335,2757,2759,2758
3336,2758,2759,2760
3337,2761,2762,2766
3338,2762,2765,2767
3339,2492,2763,2764
3340,2495,2764,2765
3341,2763,2768,2764
3342,2764,2767,2765
3343,2756,2761,2766
3344,2762,2767,2766
3345,2760,2768,2763
3346,2764,2768,2767
3347,2753,2754,2769
3348,2754,2755,2769
3349,1506,2753,2769
3350,2755,2770,2769
3351,2755,2756,2770
3352,2756,2772,2770
3353,2759,2771,2760
3354,2748,2771,2759
3355,2760,2771,2774
3356,2768,2774,2773
3357,2756,2766,2772
3358,2767,2768,2773
3359,2766,2767,2773
3360,2766,2773,2772
3361,2760,2774,2768
3362,1952,2789,2746
3363,2746,2790,2747
3364,2746,2789,2790
3365,2747,2791,2748
3366,2747,2790,2791
3367,2748,2791,2795
3368,2789,2863,2790
3369,2084,2863,2789
3370,2790,2863,2864
3371,2790,2864,2791
3372,2791,2865,2795
3373,2791,2864,2865
3374,2795,2865,2872
3375,1506,2769,2792
3376,2769,2770,2793
3377,2770,2772,2794
3378,2769,2793,2792
3379,2770,2794,2793
3380,2748,2795,2771
3381,2771,2796,2774
3382,2771,2795,2796
3383,2773,2774,2797
3384,2772,2773,2798
3385,2772,2798,2794
3386,2773,2797,2798
3387,2774,2796,2797
3388,1514,2792,2870
3389,2792,2793,2871
3390,2793,2794,2916
3391,2795,2872,2796
3392,2796,2873,2797
3393,2796,2872,2873
3394,2797,2873,2874
3395,2794,2798,2917
3396,2797,2874,2798
3397,2794,2917,2916
3398,2798,2874,2917
3399,2863,2866,2864
3400,2864,2868,2865
3401,2865,2869,2872
3402,2093,2866,2863
3403,2864,2866,2868
3404,2865,2868,2869
3405,2792,2871,2870
3406,2793,2916,2871
3407,2871,2916,2919
3408,2872,2876,2873
3409,2873,2875,2874
3410,2874,2879,2917
3411,2870,2871,2914
3412,2871,2919,2914
3413,2870,2914,2913
3414,2873,2876,2875
3415,2869,2876,2872
3416,2874,2875,2879
3417,2084,2093,2863
3418,2916,2917,2922
3419,2916,2922,2919
3420,2879,2922,2917
3421,1639,1896,1640
3422,1640,1896,1897
3423,1640,1897,1753
3424,1753,1897,1978
3425,1753,1978,1754
3426,1754,1978,1980
3427,1754,1980,1755
3428,1755,1982,1756
3429,1756,1982,1984
3430,1755,1980,1982
3431,1756,1984,1758
3432,1758,1984,1763
3433,1763,1984,2008
3434,1763,2008,1765
3435,1765,2008,2010
3436,1765,2010,1768
3437,1768,2010,2018
3438,1773,2019,2833
3439,1768,2018,1769
3440,1769,2019,1773
3441,1769,2018,2019
3442,1639,1775,1896
3443,1775,1776,2112
3444,1775,2112,1896
3445,1776,1779,2113
3446,1776,2113,2112
3447,1779,2117,2113
3448,1779,1780,2117
3449,1780,1781,2121
3450,1780,2121,2117
3451,1781,1782,2122
3452,1781,2122,2121
3453,1782,1783,2122
3454,1783,2123,2122
3455,1783,1802,2123
3456,1802,1803,2157
3457,1802,2157,2123
3458,1803,2216,2157
3459,1803,1847,2216
3460,1847,2217,2216
3461,1847,1848,2217
3462,1848,1849,2219
3463,1849,1853,2219
3464,1853,1854,2221
3465,1896,2114,1897
3466,1897,2114,1898
3467,1897,1898,1978
3468,1898,1979,1978
3469,1898,2118,1899
3470,1898,1899,1979
3471,1978,1979,1980
3472,1979,1983,1980
3473,1899,1981,1979
3474,1979,1981,1983
3475,1980,1983,1982
3476,1982,1983,1985
3477,1982,1985,1984
3478,1984,1985,2008
3479,1985,2009,2008
3480,1981,1986,1983
3481,1983,1986,1985
3482,1985,1986,2009
3483,1986,2013,2009
3484,1899,1987,1981
3485,1899,2129,1987
3486,1981,1987,1988
3487,1987,2129,2100
3488,1981,1988,1986
3489,1986,2021,2013
3490,1986,1988,2021
3491,1987,2101,1988
3492,1988,2102,2021
3493,2008,2009,2010
3494,2009,2011,2010
3495,2009,2012,2011
3496,2010,2011,2018
3497,2009,2013,2012
3498,2012,2013,2014
3499,2016,2834,2019
3500,2016,2020,2834
3501,2020,2836,2834
3502,2011,2012,2020
3503,2011,2016,2018
3504,2011,2020,2016
3505,2016,2019,2018
3506,2013,2021,2014
3507,2014,2021,2022
3508,2021,2102,2022
3509,1987,2100,2101
3510,2100,2104,2101
3511,2100,2301,2104
3512,1988,2101,2102
3513,2101,2104,2106
3514,2101,2106,2102
3515,2104,2105,2106
3516,2105,2109,2106
3517,2105,2312,2109
3518,2022,2102,2106
3519,2022,2106,2108
3520,2106,2109,2108
3521,2109,2312,2110
3522,2108,2109,2110
3523,2110,2313,2111
3524,2108,2110,2111
3525,2108,2111,2361
3526,1896,2112,2114
3527,2112,2113,2115
3528,2112,2115,2114
3529,2113,2116,2115
3530,2113,2117,2116
3531,2117,2121,2124
3532,2116,2117,2124
3533,2114,2115,2118
3534,1898,2114,2118
3535,2115,2119,2118
3536,2115,2116,2119
3537,2116,2120,2119
3538,2116,2124,2120
3539,2121,2122,2125
3540,2122,2123,2125
3541,2121,2125,2124
3542,2123,2126,2125
3543,2123,2157,2126
3544,2120,2124,2127
3545,2124,2125,2127
3546,2125,2126,2127
3547,2126,2159,2127
3548,2128,2130,2133
3549,2118,2119,2128
3550,2118,2128,2129
3551,2119,2130,2128
3552,1899,2118,2129
3553,2119,2120,2130
3554,2120,2131,2130
3555,2128,2134,2129
3556,2130,2131,2135
3557,2120,2127,2131
3558,2127,2132,2131
3559,2127,2159,2132
3560,2131,2132,2136
3561,2132,2162,2137
3562,2130,2135,2133
3563,2133,2135,2138
3564,2133,2138,2140
3565,2135,2143,2138
3566,2128,2133,2134
3567,2100,2129,2134
3568,2131,2136,2135
3569,2133,2140,2134
3570,2134,2140,2301
3571,2135,2136,2143
3572,2132,2137,2136
3573,2136,2148,2143
3574,2136,2137,2148
3575,2137,2150,2148
3576,2137,2292,2150
3577,2138,2143,2139
3578,2138,2139,2140
3579,2139,2142,2140
3580,2139,2141,2142
3581,2140,2142,2301
3582,2141,2302,2142
3583,2141,2145,2302
3584,2139,2144,2141
3585,2139,2143,2144
3586,2141,2144,2147
3587,2143,2148,2144
3588,2141,2147,2145
3589,2145,2146,2303
3590,2145,2308,2146
3591,2144,2149,2147
3592,2145,2147,2308
3593,2144,2148,2149
3594,2147,2323,2308
3595,2147,2149,2323
3596,2148,2150,2149
3597,2149,2150,2327
3598,2157,2216,2158
3599,2126,2157,2158
3600,2126,2158,2159
3601,2158,2220,2159
3602,2159,2220,2162
3603,2132,2159,2162
3604,2216,2217,2218
3605,1848,2219,2217
3606,2158,2216,2218
3607,2217,2223,2218
3608,2217,2219,2223
3609,2158,2218,2220
3610,2218,2225,2220
3611,2218,2223,2225
3612,1853,2221,2219
3613,1854,2222,2221
3614,2219,2221,2223
3615,2221,2224,2223
3616,2221,2222,2224
3617,2222,2231,2224
3618,2223,2224,2225
3619,2224,2230,2225
3620,1854,1859,2222
3621,1859,2226,2222
3622,1859,1860,2226
3623,2222,2226,2231
3624,1860,2228,2226
3625,2226,2233,2231
3626,1860,1862,2228
3627,1862,2227,2229
3628,1862,2229,2228
3629,2227,2264,2229
3630,2226,2228,2233
3631,2228,2229,2268
3632,2224,2231,2230
3633,2231,2233,2232
3634,2230,2231,2232
3635,2228,2268,2233
3636,2232,2233,2270
3637,2220,2225,2234
3638,2162,2220,2234
3639,2225,2235,2234
3640,2162,2234,2292
3641,2234,2235,2378
3642,2234,2378,2292
3643,2225,2230,2235
3644,2230,2237,2235
3645,2235,2237,2381
3646,2235,2381,2378
3647,2237,2390,2381
3648,2230,2232,2237
3649,2232,2236,2237
3650,2232,2270,2236
3651,2236,2390,2237
3652,2236,2434,2390
3653,2229,2264,2265
3654,2263,2265,2264
3655,2263,2267,2265
3656,2229,2265,2268
3657,2265,2267,2269
3658,2263,2266,2267
3659,2266,2275,2267
3660,2267,2275,2271
3661,2265,2269,2268
3662,2233,2268,2270
3663,2268,2269,2270
3664,2269,2272,2270
3665,2267,2271,2269
3666,2269,2271,2272
3667,2271,2278,2272
3668,2266,2273,2275
3669,2273,2276,2275
3670,2273,2274,2276
3671,2275,2276,2279
3672,1894,2277,2274
3673,2274,2277,2276
3674,1894,2708,2277
3675,2277,2708,3087
3676,2276,2280,2279
3677,2276,2277,2280
3678,2277,3087,2280
3679,2271,2275,2279
3680,2271,2279,2278
3681,2279,2280,2281
3682,2280,3091,2281
3683,2278,2279,2281
3684,2270,2272,2288
3685,2236,2270,2288
3686,2272,2278,2289
3687,2272,2289,2288
3688,2236,2288,2434
3689,2288,2435,2434
3690,2288,2289,2435
3691,2289,2452,2435
3692,2278,2290,2289
3693,2278,2281,2290
3694,2281,3107,2290
3695,2289,2290,2452
3696,2290,2453,2452
3697,2290,3107,2453
3698,2453,3107,3246
3699,2100,2134,2301
3700,2137,2162,2292
3701,2150,2292,2293
3702,2327,2379,2328
3703,2293,2379,2327
3704,2294,2328,2382
3705,2328,2379,2382
3706,2294,2383,2297
3707,2298,2300,2336
3708,2297,2385,2298
3709,2299,2337,2300
3710,2142,2304,2301
3711,2302,2305,2304
3712,2142,2302,2304
3713,2145,2303,2302
3714,2302,2303,2305
3715,2146,2306,2303
3716,2104,2301,2304
3717,2104,2304,2105
3718,2105,2304,2305
3719,2303,2311,2305
3720,2303,2306,2311
3721,2146,2307,2306
3722,2146,2308,2322
3723,2146,2322,2307
3724,2307,2322,2325
3725,2306,2307,2316
3726,2307,2309,2316
3727,2309,2310,2317
3728,2307,2325,2309
3729,2309,2329,2310
3730,2309,2325,2329
3731,2305,2311,2312
3732,2105,2305,2312
3733,2306,2314,2311
3734,2306,2316,2314
3735,2314,2316,2315
3736,2311,2313,2312
3737,2311,2314,2313
3738,2313,2314,2349
3739,2314,2315,2349
3740,2315,2317,2350
3741,2309,2317,2316
3742,2315,2316,2317
3743,2310,2319,2317
3744,2310,2330,2318
3745,2310,2318,2319
3746,2317,2319,2350
3747,2318,2354,2319
3748,2318,2320,2354
3749,2320,2321,2354
3750,2308,2323,2324
3751,2308,2324,2322
3752,2149,2327,2323
3753,2323,2328,2324
3754,2322,2326,2325
3755,2325,2331,2329
3756,2322,2324,2326
3757,2325,2326,2331
3758,2150,2293,2327
3759,2323,2327,2328
3760,2294,2324,2328
3761,2294,2326,2324
3762,2294,2297,2326
3763,2310,2329,2330
3764,2318,2330,2333
3765,2329,2331,2336
3766,2329,2336,2330
3767,2318,2333,2320
3768,2320,2333,2332
3769,2330,2337,2333
3770,2330,2336,2337
3771,2332,2333,2335
3772,2332,2335,2334
3773,2333,2337,2335
3774,2334,2335,2376
3775,2297,2331,2326
3776,2298,2336,2331
3777,2297,2298,2331
3778,2300,2337,2336
3779,2299,2335,2337
3780,2299,2376,2335
3781,2299,2394,2376
3782,2347,2376,2394
3783,2299,2300,2395
3784,2299,2395,2394
3785,2347,2400,2377
3786,2348,2377,2400
3787,2110,2312,2313
3788,2111,2313,2349
3789,2315,2350,2351
3790,2315,2351,2349
3791,2111,2349,2361
3792,2349,2351,2361
3793,2351,2352,2361
3794,2350,2352,2351
3795,2350,2357,2352
3796,2352,2357,2353
3797,2353,2358,2363
3798,2319,2357,2350
3799,2319,2354,2357
3800,2354,2355,2357
3801,2355,2356,2358
3802,2321,2355,2354
3803,2321,2356,2355
3804,2353,2357,2355
3805,2353,2355,2358
3806,2356,2360,2358
3807,2358,2360,2370
3808,2359,2370,2360
3809,2352,2362,2361
3810,2361,2362,2365
3811,2361,2365,2366
3812,2352,2353,2362
3813,2353,2363,2362
3814,2362,2363,2365
3815,2363,2367,2365
3816,2363,2370,2367
3817,2364,2367,2370
3818,2365,2367,2366
3819,2366,2369,3138
3820,2364,2369,2367
3821,2366,2367,2369
3822,2364,2368,2369
3823,2368,3138,2369
3824,2368,2372,3139
3825,2372,2373,3139
3826,2358,2370,2363
3827,2359,2364,2370
3828,2359,2371,2364
3829,2364,2371,2368
3830,2368,2371,2372
3831,2334,2376,2375
3832,2347,2375,2376
3833,2347,2377,2375
3834,2292,2378,2293
3835,2293,2378,2380
3836,2293,2380,2379
3837,2379,2380,2384
3838,2378,2381,2380
3839,2381,2390,2386
3840,2294,2382,2383
3841,2379,2384,2382
3842,2297,2383,2385
3843,2382,2387,2383
3844,2382,2384,2387
3845,2298,2397,2300
3846,2298,2385,2397
3847,2383,2388,2385
3848,2383,2387,2388
3849,2385,2405,2397
3850,2385,2388,2405
3851,2380,2381,2386
3852,2380,2386,2384
3853,2384,2386,2389
3854,2384,2389,2387
3855,2387,2407,2388
3856,2386,2391,2389
3857,2387,2389,2407
3858,2390,2434,2391
3859,2386,2390,2391
3860,2389,2436,2407
3861,2389,2391,2436
3862,2300,2397,2395
3863,2394,2395,2398
3864,2347,2394,2396
3865,2347,2396,2400
3866,2394,2398,2396
3867,2395,2397,2399
3868,2397,2405,2399
3869,2395,2399,2398
3870,2396,2398,2410
3871,2348,2400,2401
3872,2348,2401,2402
3873,2396,2403,2400
3874,2400,2403,2401
3875,2396,2410,2403
3876,2401,2403,2411
3877,2401,2404,2402
3878,2402,2404,2419
3879,2401,2411,2404
3880,2388,2409,2405
3881,2398,2399,2406
3882,2398,2406,2410
3883,2399,2405,2408
3884,2399,2408,2406
3885,2388,2407,2409
3886,2405,2409,2408
3887,2406,2408,2440
3888,2408,2409,2441
3889,2403,2410,2412
3890,2403,2412,2411
3891,2406,2413,2410
3892,2410,2413,2412
3893,2404,2411,2423
3894,2411,2412,2414
3895,2406,2440,2413
3896,2411,2414,2423
3897,2412,2413,2442
3898,2412,2442,2414
3899,2404,2421,2419
3900,2419,2421,2420
3901,2404,2423,2421
3902,2420,2421,2425
3903,2420,2425,2422
3904,2422,2425,2427
3905,2421,2423,2424
3906,2421,2424,2425
3907,2414,2459,2423
3908,2423,2459,2424
3909,2424,2430,2425
3910,2424,2426,2430
3911,2424,2459,2426
3912,2425,2430,2427
3913,2427,2430,2428
3914,2428,2430,2429
3915,2429,2432,3217
3916,2432,3220,3217
3917,2426,2429,2430
3918,2426,2432,2429
3919,2426,2460,2432
3920,2431,2432,2460
3921,2431,3220,2432
3922,2431,2433,3220
3923,2433,2466,3221
3924,2434,2435,2444
3925,2435,2452,2449
3926,2435,2449,2444
3927,2391,2434,2444
3928,2391,2444,2436
3929,2436,2446,2437
3930,2407,2436,2437
3931,2407,2437,2409
3932,2409,2437,2441
3933,2437,2445,2441
3934,2438,2441,2445
3935,2437,2446,2445
3936,2438,2447,2443
3937,2439,2443,2447
3938,2408,2441,2440
3939,2413,2440,2443
3940,2438,2440,2441
3941,2438,2443,2440
3942,2413,2443,2442
3943,2414,2442,2454
3944,2439,2442,2443
3945,2439,2454,2442
3946,2436,2444,2446
3947,2438,2445,2448
3948,2445,2446,2450
3949,2445,2450,2448
3950,2438,2448,2447
3951,2447,2448,2456
3952,2448,2450,2467
3953,2444,2449,2446
3954,2446,2449,2450
3955,2450,2451,2467
3956,2449,2451,2450
3957,2449,2469,2451
3958,2449,2452,2469
3959,2452,2453,2469
3960,2453,3246,2471
3961,2453,2471,2469
3962,2439,2461,2454
3963,2439,2455,2461
3964,2439,2447,2455
3965,2447,2456,2455
3966,2455,2456,2457
3967,2455,2457,2464
3968,2456,2458,2457
3969,2458,2468,2462
3970,2414,2454,2459
3971,2454,2460,2459
3972,2454,2461,2460
3973,2426,2459,2460
3974,2431,2460,2461
3975,2455,2464,2461
3976,2457,2458,2465
3977,2458,2462,2465
3978,2462,2468,2463
3979,2462,3249,2465
3980,2462,3250,3249
3981,2462,2463,3250
3982,2431,2461,2464
3983,2431,2464,2433
3984,2457,2466,2464
3985,2457,2465,2466
3986,2433,2464,2466
3987,2465,3248,2466
3988,2465,3249,3248
3989,2448,2467,2456
3990,2456,2467,2458
3991,2451,2468,2467
3992,2458,2467,2468
3993,2451,2470,2468
3994,2451,2469,2470
3995,2463,2468,2470
3996,2469,2471,2470
3997,2470,2471,3247
3998,2463,2470,3247
3999,1773,2833,2575
4000,2575,2833,2576
4001,2576,2833,2837
4002,2576,2837,2581
4003,2581,2837,2840
4004,2581,2840,2583
4005,2583,2840,2844
4006,2583,2844,2584
4007,2584,2846,2588
4008,2584,2844,2846
4009,2588,2846,2848
4010,2588,2848,2591
4011,2591,2848,2592
4012,2592,2848,2849
4013,2592,2849,2596
4014,2596,2849,2852
4015,2596,2852,2597
4016,2597,2852,3036
4017,2597,3036,2652
4018,2652,3037,2653
4019,2652,3036,3037
4020,2653,3040,2654
4021,2653,3037,3040
4022,2654,3040,2655
4023,2655,3040,3042
4024,2655,3042,2656
4025,2656,3042,3043
4026,2656,3043,2668
4027,2668,3043,3047
4028,2668,3047,2669
4029,2669,3047,3049
4030,2669,3049,2674
4031,2674,3050,2675
4032,2674,3049,3050
4033,2675,3050,2724
4034,2724,3050,3109
4035,2724,3109,2725
4036,2725,3109,3110
4037,2725,3110,2726
4038,2726,3111,2729
4039,2729,3112,2730
4040,2019,2834,2833
4041,2833,2834,2837
4042,2834,2838,2837
4043,2834,2836,2842
4044,2837,2838,2840
4045,2834,2842,2838
4046,2838,2843,2840
4047,2838,2842,2843
4048,2840,2843,2844
4049,2843,2847,2844
4050,2843,2855,2847
4051,2842,2855,2843
4052,2844,2847,2846
4053,2846,2847,2850
4054,2846,2850,2848
4055,2848,2850,2849
4056,2849,2850,2851
4057,2849,2851,2852
4058,2851,2853,2852
4059,2855,2856,2857
4060,2847,2855,2857
4061,2847,2857,2850
4062,2850,2857,2851
4063,2851,2857,2858
4064,2851,2858,2853
4065,2853,2858,3044
4066,2852,2853,3036
4067,2856,2859,2857
4068,2856,2860,2859
4069,2857,2859,2861
4070,2857,2861,2858
4071,2858,2862,3044
4072,2858,2861,2862
4073,2859,2860,2955
4074,2859,2955,2861
4075,2861,2956,2862
4076,2860,2958,2955
4077,2861,2955,2956
4078,2955,2958,2959
4079,2955,2959,2961
4080,2955,2961,2956
4081,2958,3183,2959
4082,2959,2960,2961
4083,2959,3183,2960
4084,2960,3186,2961
4085,3036,3038,3037
4086,3037,3039,3040
4087,2853,3038,3036
4088,3037,3038,3039
4089,3039,3042,3040
4090,3039,3041,3042
4091,3041,3043,3042
4092,3041,3048,3043
4093,2853,3044,3038
4094,3038,3044,3045
4095,3038,3045,3039
4096,3039,3045,3041
4097,3041,3045,3046
4098,3041,3046,3048
4099,3043,3048,3047
4100,3047,3051,3049
4101,3047,3048,3051
4102,3049,3052,3050
4103,3050,3052,3109
4104,3049,3051,3052
4105,3052,3053,3109
4106,3046,3054,3048
4107,3048,3054,3051
4108,3051,3055,3052
4109,3051,3054,3055
4110,3052,3055,3053
4111,3053,3055,3291
4112,3044,3056,3045
4113,2862,3056,3044
4114,3045,3057,3046
4115,3045,3056,3057
4116,3046,3057,3058
4117,2862,3174,3056
4118,3056,3175,3057
4119,3046,3058,3054
4120,3054,3058,3289
4121,3054,3289,3055
4122,3057,3181,3058
4123,3058,3298,3289
4124,2706,3092,3088
4125,2706,2707,3092
4126,3088,3092,3089
4127,2708,2709,3087
4128,2706,3088,2709
4129,2709,3088,3087
4130,2280,3087,3091
4131,3087,3088,3091
4132,3088,3089,3091
4133,3089,3090,3091
4134,3089,3096,3090
4135,2281,3091,3090
4136,2707,2711,3093
4137,2707,3093,3092
4138,2711,3094,3093
4139,3089,3092,3095
4140,3092,3093,3095
4141,2711,2713,3094
4142,2713,2714,3094
4143,2714,3114,3094
4144,3093,3094,3097
4145,3093,3097,3095
4146,3094,3114,3097
4147,3089,3095,3096
4148,3095,3097,3098
4149,3097,3116,3098
4150,3095,3098,3096
4151,3090,3096,3106
4152,2281,3090,3107
4153,3090,3106,3107
4154,3106,3108,3245
4155,3106,3246,3107
4156,3106,3245,3246
4157,3096,3098,3108
4158,3096,3108,3106
4159,3098,3125,3108
4160,3108,3256,3245
4161,3108,3125,3256
4162,3125,3285,3256
4163,3053,3110,3109
4164,2726,3110,3111
4165,3053,3290,3110
4166,3110,3290,3111
4167,2729,3111,3112
4168,2730,3112,3121
4169,3111,3290,3113
4170,3111,3113,3112
4171,3112,3124,3121
4172,3112,3113,3124
4173,3113,3293,3124
4174,2714,2731,3114
4175,2731,2732,3115
4176,2731,3115,3114
4177,3115,3117,3116
4178,3114,3115,3116
4179,3097,3114,3116
4180,2732,3119,3115
4181,2732,2734,3119
4182,3115,3119,3117
4183,3098,3116,3118
4184,3116,3117,3118
4185,3117,3122,3118
4186,2734,3120,3119
4187,2734,2735,3120
4188,3117,3119,3123
4189,3119,3120,3123
4190,2735,2736,3121
4191,2735,3121,3120
4192,2730,3121,2736
4193,3120,3121,3124
4194,3120,3124,3123
4195,3117,3123,3122
4196,3123,3124,3293
4197,3122,3123,3293
4198,3127,3293,3296
4199,3127,3296,3273
4200,3098,3118,3125
4201,3118,3126,3125
4202,3118,3122,3126
4203,3125,3126,3285
4204,3126,3286,3285
4205,3122,3127,3126
4206,3122,3293,3127
4207,3126,3127,3286
4208,3127,3273,3286
4209,2366,3138,3143
4210,3138,3139,3143
4211,2368,3139,3138
4212,2373,3140,3139
4213,2373,3141,3140
4214,3139,3140,3143
4215,3140,3141,3142
4216,3140,3142,3143
4217,3141,3144,3142
4218,3142,3144,3146
4219,3142,3145,3143
4220,3143,3145,3150
4221,3142,3146,3145
4222,3145,3146,3147
4223,3143,3150,3148
4224,3148,3152,3149
4225,3148,3150,3151
4226,3145,3156,3150
4227,3150,3156,3151
4228,3148,3151,3152
4229,3149,3152,3160
4230,3151,3157,3152
4231,3152,3157,3160
4232,3149,3153,3183
4233,3149,3160,3154
4234,3149,3154,3153
4235,3153,3155,3183
4236,3153,3154,3162
4237,3153,3162,3155
4238,3145,3147,3156
4239,3151,3156,3159
4240,3151,3159,3157
4241,3147,3158,3156
4242,3156,3158,3159
4243,3157,3159,3165
4244,3158,3166,3159
4245,3159,3166,3165
4246,3154,3160,3161
4247,3157,3163,3160
4248,3160,3163,3161
4249,3154,3161,3162
4250,3155,3162,3188
4251,3161,3164,3162
4252,3162,3164,3188
4253,3157,3165,3163
4254,3161,3163,3168
4255,3161,3168,3164
4256,3165,3166,3170
4257,3163,3165,3167
4258,3163,3167,3168
4259,3165,3170,3167
4260,3164,3168,3169
4261,3167,3171,3168
4262,3168,3171,3169
4263,3167,3170,3172
4264,3167,3172,3171
4265,3169,3171,3201
4266,3171,3172,3173
4267,3171,3173,3201
4268,3173,3178,3201
4269,2862,2956,3174
4270,2956,3187,3174
4271,2956,2961,3187
4272,3056,3174,3175
4273,3057,3175,3181
4274,3174,3187,3194
4275,3174,3194,3175
4276,3175,3194,3206
4277,3175,3206,3181
4278,3177,3178,3262
4279,3177,3263,3179
4280,3179,3265,3180
4281,3180,3182,3202
4282,3058,3181,3298
4283,3181,3206,3301
4284,3182,3274,3208
4285,3208,3274,3209
4286,3209,3274,3276
4287,3209,3276,3210
4288,3210,3276,3277
4289,3210,3277,3299
4290,2960,3183,3184
4291,2960,3184,3186
4292,3183,3185,3184
4293,3155,3185,3183
4294,3184,3190,3186
4295,3184,3185,3190
4296,2961,3186,3187
4297,3186,3190,3191
4298,3186,3191,3187
4299,3155,3189,3185
4300,3155,3188,3189
4301,3185,3189,3192
4302,3164,3196,3188
4303,3188,3196,3197
4304,3188,3197,3189
4305,3185,3192,3190
4306,3190,3195,3191
4307,3189,3199,3192
4308,3190,3192,3195
4309,3187,3191,3194
4310,3191,3203,3194
4311,3191,3195,3203
4312,3194,3203,3206
4313,3164,3169,3196
4314,3196,3200,3197
4315,3169,3198,3196
4316,3169,3201,3198
4317,3196,3198,3200
4318,3189,3197,3199
4319,3192,3204,3195
4320,3192,3199,3204
4321,3197,3202,3199
4322,3197,3200,3202
4323,3199,3202,3208
4324,3177,3198,3201
4325,3179,3200,3198
4326,3177,3179,3198
4327,3177,3201,3178
4328,3179,3180,3200
4329,3180,3202,3200
4330,3195,3204,3205
4331,3195,3205,3203
4332,3199,3208,3204
4333,3204,3209,3205
4334,3203,3207,3206
4335,3203,3205,3207
4336,3206,3207,3301
4337,3204,3208,3209
4338,3182,3208,3202
4339,3205,3209,3210
4340,3205,3210,3207
4341,3207,3299,3301
4342,3207,3210,3299
4343,3215,3218,3216
4344,3216,3218,3224
4345,3216,3224,3232
4346,3224,3233,3232
4347,2428,2429,3214
4348,2429,3217,3214
4349,3217,3220,3218
4350,3214,3217,3215
4351,3215,3217,3218
4352,3218,3220,3219
4353,3219,3221,3225
4354,2433,3219,3220
4355,2433,3221,3219
4356,2466,3248,3221
4357,3221,3222,3225
4358,3221,3248,3222
4359,3222,3248,3223
4360,3218,3219,3224
4361,3219,3225,3224
4362,3222,3226,3225
4363,3222,3227,3226
4364,3224,3225,3233
4365,3225,3226,3233
4366,3226,3227,3238
4367,3222,3223,3227
4368,3223,3240,3227
4369,3223,3253,3240
4370,3241,3253,3254
4371,3231,3232,3233
4372,3226,3234,3233
4373,3231,3233,3234
4374,3234,3238,3236
4375,3235,3236,3262
4376,3231,3234,3235
4377,3234,3236,3235
4378,3236,3238,3237
4379,3237,3239,3264
4380,3227,3239,3238
4381,3227,3240,3239
4382,3226,3238,3234
4383,3239,3240,3242
4384,3240,3253,3241
4385,3240,3241,3242
4386,3241,3254,3243
4387,3237,3238,3239
4388,3241,3267,3242
4389,3239,3242,3264
4390,3241,3243,3267
4391,3243,3268,3267
4392,3243,3244,3268
4393,2471,3246,3255
4394,3245,3255,3246
4395,2463,3251,3250
4396,2463,3247,3251
4397,3247,3252,3251
4398,3247,3255,3252
4399,3223,3248,3249
4400,3223,3249,3253
4401,3249,3250,3253
4402,3252,3255,3257
4403,3245,3257,3255
4404,3251,3252,3258
4405,3250,3254,3253
4406,3250,3251,3254
4407,3251,3258,3254
4408,2471,3255,3247
4409,3245,3256,3257
4410,3256,3285,3260
4411,3252,3257,3259
4412,3256,3260,3257
4413,3257,3260,3259
4414,3243,3254,3258
4415,3252,3259,3258
4416,3244,3258,3259
4417,3243,3258,3244
4418,3259,3260,3287
4419,3244,3259,3287
4420,3177,3262,3263
4421,3236,3263,3262
4422,3236,3237,3263
4423,3237,3265,3263
4424,3237,3264,3265
4425,3179,3263,3265
4426,3180,3266,3182
4427,3180,3265,3266
4428,3264,3266,3265
4429,3264,3269,3266
4430,3269,3270,3275
4431,3266,3269,3275
4432,3242,3269,3264
4433,3242,3267,3269
4434,3267,3270,3269
4435,3267,3268,3270
4436,3244,3271,3268
4437,3244,3287,3271
4438,3271,3287,3272
4439,3268,3280,3270
4440,3271,3281,3280
4441,3268,3271,3280
4442,3271,3272,3281
4443,3273,3282,3286
4444,3273,3303,3284
4445,3182,3275,3274
4446,3182,3266,3275
4447,3270,3278,3275
4448,3274,3275,3278
4449,3274,3278,3276
4450,3276,3279,3277
4451,3276,3278,3279
4452,3277,3279,3306
4453,3273,3284,3282
4454,3270,3280,3278
4455,3279,3280,3281
4456,3278,3280,3279
4457,3272,3283,3281
4458,3272,3282,3283
4459,3282,3284,3283
4460,3279,3281,3306
4461,3281,3283,3306
4462,3283,3307,3306
4463,3283,3284,3307
4464,3285,3286,3288
4465,3260,3285,3288
4466,3260,3288,3287
4467,3272,3287,3288
4468,3282,3288,3286
4469,3272,3288,3282
4470,3055,3294,3291
4471,3055,3289,3294
4472,3289,3297,3294
4473,3053,3291,3290
4474,3290,3291,3292
4475,3113,3290,3292
4476,3113,3292,3293
4477,3291,3295,3292
4478,3291,3294,3295
4479,3292,3296,3293
4480,3292,3295,3296
4481,3294,3302,3295
4482,3294,3297,3302
4483,3295,3303,3296
4484,3295,3302,3303
4485,3273,3296,3303
4486,3289,3298,3297
4487,3181,3301,3298
4488,3297,3298,3300
4489,3298,3301,3300
4490,3299,3304,3300
4491,3299,3300,3301
4492,3297,3305,3302
4493,3302,3308,3303
4494,3297,3300,3305
4495,3302,3305,3308
4496,3277,3304,3299
4497,3300,3304,3305
4498,3277,3306,3304
4499,3304,3306,3307
4500,3304,3307,3305
4501,3284,3303,3308
4502,3284,3308,3307
4503,3305,3307,3308
4504,1795,1821,2151
4505,1795,2151,1796
4506,1796,2152,1797
4507,1797,2153,1837
4508,1796,2151,2152
4509,1797,2152,2153
4510,1821,1822,2165
4511,1821,2165,2151
4512,1822,2166,2165
4513,1822,1823,2166
4514,1823,2169,2166
4515,1823,1824,2169
4516,1824,1825,2170
4517,1824,2170,2169
4518,1825,1826,2171
4519,1825,2171,2170
4520,1826,1832,2171
4521,1832,1833,2177
4522,1832,2177,2171
4523,1833,1834,2178
4524,1833,2178,2177
4525,1834,2181,2178
4526,1834,1835,2181
4527,1835,2182,2181
4528,1835,1836,2182
4529,1836,2620,2987
4530,1836,2987,2182
4531,1837,2188,1838
4532,1838,2189,1839
4533,1837,2153,2188
4534,1838,2188,2189
4535,1839,2190,1840
4536,1840,2190,1841
4537,1839,2189,2190
4538,1841,2190,2191
4539,1841,2191,1842
4540,1842,2196,1843
4541,1843,2197,1844
4542,1842,2191,2196
4543,1843,2196,2197
4544,1844,2199,1845
4545,1844,2197,2199
4546,1845,2200,1846
4547,1845,2199,2200
4548,1846,2200,1865
4549,1865,2238,1866
4550,1865,2200,2238
4551,1866,2239,1867
4552,1866,2238,2239
4553,1867,2240,1868
4554,1868,2241,1869
4555,1869,2244,1873
4556,1875,1882,2249
4557,1875,2249,2676
4558,1873,2244,1876
4559,1876,2251,1877
4560,1877,2252,1878
4561,1878,2254,1881
4562,1881,2255,1882
4563,2151,2165,2154
4564,2151,2154,2152
4565,2152,2155,2153
4566,2154,2165,2168
4567,2152,2154,2155
4568,2153,2155,2192
4569,2154,2156,2155
4570,2154,2168,2156
4571,2155,2160,2192
4572,2155,2156,2160
4573,2156,2161,2160
4574,2156,2208,2161
4575,2160,2161,2163
4576,2161,2208,2338
4577,2161,2291,2163
4578,2160,2163,2203
4579,2163,2164,2203
4580,2163,2295,2164
4581,2165,2166,2168
4582,2166,2169,2167
4583,2166,2167,2168
4584,2169,2170,2172
4585,2170,2171,2173
4586,2171,2177,2173
4587,2167,2169,2172
4588,2170,2173,2172
4589,2167,2175,2174
4590,2167,2174,2168
4591,2156,2168,2174
4592,2167,2172,2175
4593,2172,2176,2175
4594,2172,2173,2176
4595,2173,2179,2176
4596,2177,2178,2179
4597,2178,2181,2180
4598,2173,2177,2179
4599,2178,2180,2179
4600,2181,2182,2183
4601,2182,2987,2184
4602,2180,2181,2183
4603,2182,2184,2183
4604,2179,2180,2185
4605,2176,2179,2185
4606,2180,2186,2185
4607,2180,2183,2186
4608,2183,2184,2187
4609,2183,2187,2186
4610,2153,2192,2188
4611,2188,2193,2189
4612,2189,2194,2190
4613,2190,2194,2191
4614,2188,2192,2193
4615,2189,2193,2194
4616,2191,2194,2195
4617,2191,2195,2196
4618,2196,2198,2197
4619,2195,2198,2196
4620,2197,2198,2201
4621,2197,2201,2199
4622,2199,2202,2200
4623,2199,2201,2202
4624,2192,2203,2193
4625,2160,2203,2192
4626,2193,2204,2194
4627,2194,2204,2195
4628,2193,2203,2204
4629,2195,2205,2198
4630,2195,2204,2205
4631,2198,2205,2206
4632,2198,2206,2201
4633,2201,2246,2202
4634,2201,2206,2246
4635,2174,2175,2207
4636,2156,2174,2208
4637,2174,2207,2208
4638,2175,2176,2209
4639,2175,2209,2207
4640,2176,2210,2209
4641,2207,2339,2208
4642,2207,2209,2340
4643,2209,2210,2341
4644,2176,2185,2210
4645,2185,2186,2211
4646,2185,2211,2210
4647,2186,2187,2212
4648,2186,2212,2211
4649,2187,3025,2212
4650,2210,2211,2342
4651,2211,2212,2343
4652,2164,2204,2203
4653,2204,2213,2205
4654,2164,2213,2204
4655,2205,2214,2206
4656,2205,2213,2214
4657,2206,2214,2215
4658,2206,2215,2246
4659,2215,2282,2246
4660,2164,2296,2213
4661,2213,2344,2214
4662,2214,2345,2215
4663,2215,2346,2282
4664,2200,2202,2238
4665,2238,2242,2239
4666,1867,2239,2240
4667,1868,2240,2241
4668,2239,2243,2240
4669,2202,2242,2238
4670,2239,2242,2243
4671,2240,2245,2241
4672,2240,2243,2245
4673,1869,2241,2244
4674,2241,2258,2244
4675,2241,2245,2258
4676,2202,2246,2242
4677,2242,2246,2247
4678,2242,2247,2243
4679,2243,2248,2245
4680,2243,2247,2248
4681,2245,2248,2260
4682,2249,2255,2250
4683,2249,2250,3059
4684,1876,2244,2251
4685,1877,2251,2252
4686,1878,2252,2254
4687,2244,2258,2251
4688,2251,2259,2252
4689,2251,2258,2259
4690,2252,2253,2254
4691,2252,2259,2253
4692,1881,2254,2255
4693,1882,2255,2249
4694,2254,2256,2255
4695,2253,2256,2254
4696,2250,2255,2256
4697,2250,2256,2257
4698,2245,2260,2258
4699,2258,2260,2259
4700,2259,2260,2261
4701,2253,2259,2261
4702,2253,2262,2256
4703,2253,2261,2262
4704,2256,2262,2257
4705,2246,2282,2247
4706,2247,2283,2248
4707,2247,2282,2283
4708,2248,2283,2284
4709,2282,2392,2283
4710,2283,2392,2393
4711,2283,2393,2284
4712,2248,2284,2260
4713,2260,2285,2261
4714,2260,2284,2285
4715,2261,2285,2286
4716,2261,2286,2262
4717,2257,2262,2287
4718,2262,2286,2287
4719,2257,2287,3099
4720,2284,2393,2415
4721,2284,2415,2285
4722,2285,2416,2286
4723,2285,2415,2416
4724,2286,2416,2417
4725,2286,2417,2287
4726,2287,2418,3099
4727,2287,2417,2418
4728,2161,2338,2291
4729,2291,2320,2295
4730,2291,2338,2321
4731,2291,2321,2320
4732,2163,2291,2295
4733,2164,2295,2296
4734,2295,2332,2296
4735,2295,2320,2332
4736,2296,2332,2334
4737,2207,2340,2339
4738,2208,2339,2338
4739,2209,2341,2340
4740,2338,2339,2356
4741,2321,2338,2356
4742,2339,2360,2356
4743,2340,2341,2359
4744,2339,2340,2360
4745,2340,2359,2360
4746,2210,2342,2341
4747,2211,2343,2342
4748,2212,3130,2343
4749,2341,2342,2371
4750,2341,2371,2359
4751,2342,2372,2371
4752,2342,2343,2372
4753,2343,3130,2373
4754,2343,2373,2372
4755,2213,2296,2344
4756,2214,2344,2345
4757,2215,2345,2346
4758,2282,2346,2392
4759,2346,2348,2392
4760,2296,2334,2344
4761,2334,2375,2344
4762,2344,2375,2345
4763,2345,2377,2346
4764,2345,2375,2377
4765,2346,2377,2348
4766,2392,2402,2393
4767,2348,2402,2392
4768,2393,2402,2419
4769,2393,2419,2415
4770,2415,2420,2416
4771,2416,2422,2417
4772,2417,2427,2418
4773,2415,2419,2420
4774,2416,2420,2422
4775,2417,2422,2427
4776,2418,2427,2428
4777,2617,2618,2984
4778,2617,2984,2989
4779,2618,2619,2985
4780,2618,2985,2984
4781,2619,2994,2985
4782,2620,2621,2987
4783,2621,2988,2987
4784,2621,2622,2988
4785,2617,2989,2622
4786,2622,2989,2988
4787,2619,2624,2994
4788,2624,2628,2994
4789,2628,2629,2996
4790,2628,2996,2994
4791,2629,2997,2996
4792,2629,2630,2997
4793,2630,2631,2998
4794,2631,2632,2999
4795,2630,2998,2997
4796,2631,2999,2998
4797,2632,3005,2999
4798,2632,2634,3005
4799,2634,2635,3005
4800,2635,2636,3006
4801,2635,3006,3005
4802,2636,3009,3006
4803,2636,2637,3009
4804,2637,2638,3010
4805,2637,3010,3009
4806,2638,2639,3012
4807,2639,2640,3013
4808,2640,2641,3013
4809,2638,3012,3010
4810,2639,3013,3012
4811,2641,3014,3013
4812,2641,2642,3014
4813,2642,3015,3014
4814,2642,2643,3015
4815,2643,3075,3015
4816,2676,3059,2677
4817,2677,3060,2678
4818,2678,3063,2679
4819,2679,3064,2680
4820,2680,3065,2681
4821,2681,3065,2682
4822,2689,3071,2690
4823,2682,3072,2689
4824,2690,3077,2691
4825,2643,2692,3075
4826,2692,2693,3076
4827,2692,3076,3075
4828,2693,3079,3076
4829,2691,3078,2694
4830,2693,2695,3079
4831,2694,3079,2695
4832,2983,2989,2984
4833,2984,2985,2986
4834,2985,2994,2995
4835,2983,2984,2986
4836,2985,2995,2986
4837,2184,2987,2988
4838,2988,2989,2990
4839,2184,2988,2990
4840,2983,2990,2989
4841,2983,2991,2993
4842,2983,2986,2991
4843,2986,2995,2992
4844,2986,2992,2991
4845,2184,2990,2187
4846,2187,2990,2993
4847,2983,2993,2990
4848,2994,2996,2995
4849,2996,2997,3000
4850,2997,2998,3001
4851,2998,2999,3002
4852,2995,2996,3000
4853,2997,3001,3000
4854,2998,3002,3001
4855,2999,3007,3002
4856,2992,2995,3000
4857,3000,3001,3003
4858,2992,3000,3003
4859,3001,3004,3003
4860,3001,3002,3004
4861,3002,3020,3004
4862,2999,3005,3007
4863,3005,3006,3007
4864,3006,3009,3008
4865,3006,3008,3007
4866,3009,3010,3011
4867,3008,3009,3011
4868,3010,3016,3011
4869,3010,3012,3016
4870,3012,3013,3017
4871,3013,3014,3017
4872,3014,3015,3018
4873,3015,3075,3019
4874,3012,3017,3016
4875,3014,3018,3017
4876,3015,3019,3018
4877,3002,3007,3020
4878,3007,3008,3020
4879,3008,3011,3021
4880,3008,3021,3020
4881,3011,3016,3022
4882,3011,3022,3021
4883,3016,3017,3023
4884,3017,3018,3023
4885,3016,3023,3022
4886,3018,3024,3023
4887,3018,3019,3024
4888,3019,3084,3024
4889,2991,3026,2993
4890,2993,3026,3025
4891,2991,2992,3027
4892,2991,3027,3026
4893,2992,3028,3027
4894,2187,2993,3025
4895,3025,3026,3128
4896,3026,3027,3129
4897,2212,3025,3130
4898,3027,3028,3131
4899,2992,3003,3028
4900,3003,3004,3029
4901,3004,3020,3030
4902,3003,3029,3028
4903,3004,3030,3029
4904,3028,3029,3132
4905,3029,3030,3133
4906,3020,3021,3031
4907,3020,3031,3030
4908,3021,3022,3032
4909,3021,3032,3031
4910,3022,3033,3032
4911,3022,3023,3033
4912,3023,3024,3034
4913,3024,3084,3035
4914,3023,3034,3033
4915,3024,3035,3034
4916,3030,3031,3134
4917,3031,3032,3135
4918,3032,3033,3136
4919,3033,3034,3137
4920,3034,3035,3176
4921,2249,3059,2676
4922,2677,3059,3060
4923,2678,3060,3063
4924,3059,3061,3060
4925,2250,3061,3059
4926,3060,3062,3063
4927,3060,3061,3062
4928,2679,3063,3064
4929,2680,3064,3065
4930,2682,3065,3072
4931,3062,3066,3063
4932,3063,3066,3064
4933,3067,3073,3072
4934,3064,3067,3065
4935,3064,3066,3067
4936,3065,3067,3072
4937,2250,2257,3061
4938,2257,3068,3061
4939,3061,3068,3062
4940,3062,3068,3069
4941,3062,3069,3066
4942,3067,3070,3073
4943,3066,3070,3067
4944,3066,3069,3070
4945,2689,3072,3071
4946,2690,3071,3077
4947,3071,3074,3077
4948,3071,3072,3073
4949,3071,3073,3074
4950,3075,3076,3080
4951,3076,3079,3082
4952,2691,3077,3078
4953,2694,3078,3079
4954,3077,3081,3078
4955,3078,3082,3079
4956,3019,3075,3080
4957,3076,3082,3080
4958,3074,3081,3077
4959,3078,3081,3082
4960,3073,3083,3074
4961,3070,3083,3073
4962,3074,3083,3086
4963,3019,3080,3084
4964,3080,3082,3085
4965,3080,3085,3084
4966,3074,3086,3081
4967,3081,3086,3085
4968,3081,3085,3082
4969,2257,3099,3068
4970,3068,3100,3069
4971,3068,3099,3100
4972,3069,3101,3070
4973,3069,3100,3101
4974,3070,3101,3102
4975,3099,3211,3100
4976,3100,3211,3212
4977,3100,3212,3101
4978,3101,3213,3102
4979,3101,3212,3213
4980,3102,3213,3228
4981,2418,3211,3099
4982,3070,3102,3083
4983,3083,3103,3086
4984,3083,3102,3103
4985,3084,3085,3104
4986,3085,3086,3105
4987,3035,3084,3104
4988,3085,3105,3104
4989,3086,3103,3105
4990,3102,3228,3103
4991,3103,3229,3105
4992,3103,3228,3229
4993,3035,3104,3261
4994,3104,3105,3230
4995,3035,3261,3176
4996,3104,3230,3261
4997,3105,3229,3230
4998,3025,3128,3130
4999,3026,3129,3128
5000,3027,3131,3129
5001,3128,3141,3130
5002,2373,3130,3141
5003,3128,3144,3141
5004,3128,3129,3144
5005,3129,3146,3144
5006,3129,3131,3146
5007,3131,3147,3146
5008,3028,3132,3131
5009,3029,3133,3132
5010,3131,3132,3147
5011,3132,3133,3158
5012,3132,3158,3147
5013,3030,3134,3133
5014,3031,3135,3134
5015,3032,3136,3135
5016,3033,3137,3136
5017,3034,3176,3137
5018,3137,3176,3178
5019,3133,3134,3166
5020,3133,3166,3158
5021,3134,3170,3166
5022,3134,3135,3170
5023,3135,3136,3172
5024,3135,3172,3170
5025,3136,3137,3173
5026,3137,3178,3173
5027,3136,3173,3172
5028,3176,3262,3178
5029,3211,3214,3212
5030,3212,3215,3213
5031,3213,3216,3228
5032,2418,2428,3211
5033,3212,3214,3215
5034,3213,3215,3216
5035,2428,3214,3211
5036,3228,3232,3229
5037,3229,3231,3230
5038,3230,3235,3261
5039,3216,3232,3228
5040,3229,3232,3231
5041,3230,3231,3235
5042,3176,3261,3262
5043,3235,3262,3261
5044,1658,1659,1668
5045,1661,1663,1658
5046,1661,1658,1668
5047,1661,1662,1663
5048,1658,1661,1659
5049,1668,1659,1661
5050,1658,1663,1661
5051,1661,1663,1662
5052,130,133,131
5053,131,177,155
5054,131,133,177
5055,133,134,177
5056,134,1631,200
5057,134,189,177
5058,134,200,189
5059,155,184,164
5060,164,184,212
5061,164,212,219
5062,164,988,965
5063,164,219,988
5064,155,177,184
5065,965,988,1003
5066,965,1026,976
5067,965,1003,1026
5068,976,1026,1066
5069,1026,1029,1066
5070,1029,1041,1066
5071,976,1066,1065
5072,1041,1067,1066
5073,1041,1048,1069
5074,1048,2539,1069
5075,1041,1069,1067
5076,200,1631,1632
5077,1632,1634,1700
5078,1634,1635,1700
5079,1635,1637,1700
5080,1637,1638,1757
5081,200,1632,1658
5082,1632,1700,1658
5083,1637,1704,1700
5084,1637,1732,1704
5085,1637,1757,1732
5086,1732,1767,1735
5087,1732,1757,1767
5088,1735,1767,1746
5089,1746,1767,1749
5090,1749,1767,2503
5091,2558,2595,2564
5092,2564,2595,2568
5093,2503,2582,2510
5094,1767,2582,2503
5095,2510,2582,2519
5096,2519,2582,2553
5097,2553,2582,2558
5098,2558,2582,2589
5099,2558,2589,2595
5100,2539,2546,2606
5101,2546,2568,2606
5102,1069,2539,2606
5103,2568,2608,2607
5104,2568,2607,2606
5105,2568,2595,2608
5106,2607,2608,2610
5107,2607,2610,2611
5108,0,1,2
5109,1,4,2
5110,1,11,4
5111,2,4,3
5112,3,4,5
5113,4,12,5
5114,3,5,6
5115,5,19,6
5116,6,19,7
5117,7,20,8
5118,4,11,12
5119,11,13,12
5120,12,13,17
5121,13,14,17
5122,14,15,21
5123,14,21,17
5124,15,16,23
5125,15,23,21
5126,16,32,23
5127,5,12,18
5128,5,18,19
5129,12,17,18
5130,7,19,20
5131,8,20,63
5132,18,25,19
5133,19,25,20
5134,20,26,63
5135,20,25,26
5136,17,22,18
5137,17,21,22
5138,18,22,25
5139,21,23,24
5140,23,32,43
5141,23,43,24
5142,21,24,22
5143,22,24,28
5144,25,28,26
5145,26,27,63
5146,26,29,27
5147,22,28,25
5148,24,47,28
5149,26,28,29
5150,27,30,71
5151,27,29,30
5152,30,92,71
5153,16,31,32
5154,31,34,33
5155,31,33,32
5156,34,38,35
5157,33,34,35
5158,35,38,39
5159,38,40,39
5160,38,41,40
5161,36,41,38
5162,39,40,54
5163,40,41,56
5164,36,37,42
5165,36,42,41
5166,37,824,42
5167,41,42,57
5168,32,33,44
5169,32,44,43
5170,33,46,44
5171,24,43,47
5172,43,44,48
5173,44,46,49
5174,33,35,46
5175,35,39,45
5176,39,53,45
5177,35,45,46
5178,45,50,46
5179,45,53,51
5180,45,51,50
5181,51,53,52
5182,43,48,47
5183,44,49,48
5184,46,50,49
5185,39,54,53
5186,40,55,54
5187,40,56,55
5188,53,54,58
5189,52,53,58
5190,54,59,58
5191,54,55,59
5192,55,60,59
5193,41,57,56
5194,42,833,57
5195,55,56,61
5196,56,57,62
5197,55,61,60
5198,56,62,61
5199,57,833,843
5200,57,843,62
5201,8,63,9
5202,9,63,64
5203,9,64,65
5204,9,65,10
5205,10,65,66
5206,10,66,67
5207,27,64,63
5208,64,72,65
5209,65,73,66
5210,67,69,68
5211,66,69,67
5212,68,69,70
5213,68,70,75
5214,68,75,80
5215,75,83,80
5216,27,71,64
5217,64,71,72
5218,65,72,73
5219,66,73,74
5220,71,93,72
5221,72,94,73
5222,71,92,93
5223,72,93,94
5224,73,95,74
5225,73,94,95
5226,74,96,76
5227,74,95,96
5228,66,74,69
5229,69,76,70
5230,69,74,76
5231,70,76,77
5232,70,77,78
5233,70,78,75
5234,75,79,83
5235,76,97,77
5236,77,99,78
5237,75,78,79
5238,80,83,81
5239,81,84,82
5240,81,83,84
5241,82,84,87
5242,84,86,87
5243,79,85,83
5244,83,85,84
5245,84,85,86
5246,85,102,86
5247,89,102,103
5248,86,88,87
5249,86,89,88
5250,88,89,156
5251,86,102,89
5252,89,103,90
5253,89,90,156
5254,90,91,156
5255,90,110,91
5256,76,96,97
5257,77,97,98
5258,77,98,99
5259,78,100,79
5260,78,99,100
5261,79,101,85
5262,79,100,101
5263,85,101,102
5264,101,104,102
5265,103,104,105
5266,102,104,103
5267,103,105,109
5268,107,110,109
5269,105,106,109
5270,106,107,109
5271,107,108,110
5272,90,103,109
5273,90,109,110
5274,91,110,111
5275,91,111,160
5276,108,111,110
5277,108,112,111
5278,111,112,113
5279,111,113,160
5280,112,117,120
5281,117,118,121
5282,117,121,120
5283,118,119,123
5284,114,123,119
5285,118,123,121
5286,112,120,113
5287,120,121,166
5288,121,123,167
5289,114,115,122
5290,114,122,123
5291,115,124,122
5292,115,116,124
5293,116,893,124
5294,122,167,123
5295,122,124,168
5296,91,158,156
5297,156,158,157
5298,157,163,159
5299,157,158,163
5300,91,160,158
5301,158,160,161
5302,158,161,163
5303,160,162,161
5304,113,162,160
5305,113,165,162
5306,161,162,652
5307,161,648,163
5308,162,656,652
5309,113,120,165
5310,120,166,165
5311,121,167,166
5312,162,165,656
5313,165,657,656
5314,165,166,657
5315,122,168,167
5316,124,956,168
5317,166,167,169
5318,167,168,169
5319,166,169,657
5320,168,956,958
5321,168,958,169
5322,159,163,647
5323,159,647,640
5324,163,648,647
5325,161,652,648
5326,823,828,826
5327,37,822,824
5328,822,825,824
5329,822,827,825
5330,42,824,833
5331,824,825,835
5332,822,823,827
5333,823,826,827
5334,825,827,838
5335,825,838,834
5336,827,839,838
5337,826,839,827
5338,828,829,831
5339,829,856,831
5340,829,830,856
5341,826,828,831
5342,826,831,844
5343,826,844,839
5344,831,856,832
5345,831,832,844
5346,824,835,833
5347,825,834,835
5348,834,837,835
5349,833,835,836
5350,833,836,843
5351,835,837,836
5352,834,840,837
5353,834,838,841
5354,838,839,842
5355,834,841,840
5356,838,842,841
5357,839,845,842
5358,839,844,845
5359,844,846,845
5360,845,846,849
5361,847,850,849
5362,832,846,844
5363,846,847,849
5364,847,848,850
5365,848,851,850
5366,848,852,851
5367,848,854,852
5368,853,854,867
5369,852,854,853
5370,853,867,876
5371,867,868,876
5372,868,912,876
5373,830,858,856
5374,830,855,858
5375,855,857,859
5376,855,859,858
5377,858,859,861
5378,856,858,860
5379,832,856,860
5380,832,860,863
5381,858,861,860
5382,860,861,862
5383,860,862,863
5384,832,863,846
5385,846,863,847
5386,847,863,864
5387,847,864,848
5388,848,864,854
5389,854,865,867
5390,854,864,865
5391,865,866,867
5392,862,864,863
5393,862,865,864
5394,865,871,866
5395,866,872,869
5396,866,868,867
5397,868,870,912
5398,866,869,868
5399,868,869,870
5400,862,871,865
5401,866,871,872
5402,869,872,873
5403,869,873,874
5404,869,874,870
5405,870,875,921
5406,870,874,875
5407,876,912,877
5408,877,912,913
5409,877,913,878
5410,878,914,879
5411,879,914,880
5412,880,915,881
5413,881,916,882
5414,882,917,883
5415,883,918,884
5416,889,896,890
5417,889,891,897
5418,891,892,897
5419,116,886,893
5420,886,887,894
5421,886,894,893
5422,887,888,895
5423,888,890,895
5424,887,895,894
5425,124,893,956
5426,894,895,960
5427,893,894,957
5428,894,960,957
5429,889,897,896
5430,890,896,895
5431,892,898,897
5432,895,896,960
5433,896,897,961
5434,896,961,960
5435,898,906,962
5436,897,898,961
5437,898,962,961
5438,892,899,898
5439,899,900,906
5440,900,901,907
5441,901,904,908
5442,904,905,909
5443,904,909,908
5444,905,935,909
5445,898,899,906
5446,900,907,906
5447,906,907,966
5448,906,966,962
5449,907,910,966
5450,901,908,907
5451,907,908,910
5452,908,909,911
5453,909,935,936
5454,908,911,910
5455,909,936,911
5456,878,913,914
5457,880,914,915
5458,881,915,916
5459,912,921,913
5460,870,921,912
5461,913,922,914
5462,913,921,922
5463,914,922,915
5464,915,923,916
5465,915,922,923
5466,916,923,926
5467,882,916,917
5468,883,917,918
5469,884,918,919
5470,884,919,885
5471,885,919,902
5472,902,919,920
5473,916,926,917
5474,917,927,918
5475,917,926,927
5476,918,928,919
5477,919,928,920
5478,918,927,928
5479,920,928,929
5480,921,924,922
5481,922,924,923
5482,923,925,926
5483,875,924,921
5484,923,924,925
5485,925,930,926
5486,926,930,927
5487,927,931,928
5488,928,931,929
5489,927,930,931
5490,929,931,932
5491,902,920,903
5492,903,920,933
5493,903,933,905
5494,905,933,934
5495,905,934,935
5496,920,929,933
5497,929,939,933
5498,933,939,934
5499,934,939,940
5500,934,940,938
5501,934,938,935
5502,935,938,937
5503,935,937,936
5504,937,938,944
5505,929,932,939
5506,939,941,940
5507,932,941,939
5508,940,941,942
5509,940,942,943
5510,938,940,943
5511,938,943,944
5512,943,945,944
5513,943,946,945
5514,942,946,943
5515,945,946,947
5516,945,947,979
5517,893,957,956
5518,956,957,959
5519,956,959,958
5520,957,963,959
5521,957,960,963
5522,960,961,963
5523,961,962,963
5524,962,964,963
5525,962,966,964
5526,910,967,966
5527,964,966,967
5528,910,911,968
5529,910,968,967
5530,911,936,969
5531,911,969,968
5532,936,975,969
5533,936,937,975
5534,937,977,975
5535,937,944,977
5536,944,978,977
5537,944,945,978
5538,945,979,978
5539,947,980,979
5540,135,136,137
5541,136,173,139
5542,136,139,137
5543,137,139,138
5544,138,139,140
5545,139,176,140
5546,138,140,141
5547,140,187,141
5548,141,187,142
5549,142,188,143
5550,139,173,176
5551,173,175,176
5552,175,178,176
5553,174,178,175
5554,140,176,179
5555,140,179,187
5556,176,178,179
5557,174,180,182
5558,174,182,178
5559,180,181,185
5560,180,185,182
5561,181,209,185
5562,178,182,183
5563,178,183,179
5564,179,183,194
5565,182,185,186
5566,185,209,210
5567,182,186,183
5568,185,210,186
5569,183,186,197
5570,142,187,188
5571,143,188,190
5572,179,194,187
5573,187,194,188
5574,188,195,190
5575,188,194,195
5576,143,190,144
5577,144,190,191
5578,144,191,192
5579,144,192,145
5580,145,192,193
5581,145,193,1651
5582,190,196,191
5583,191,202,192
5584,192,203,193
5585,190,195,196
5586,194,197,195
5587,195,198,196
5588,183,197,194
5589,186,227,197
5590,195,197,198
5591,196,199,201
5592,196,198,199
5593,191,196,201
5594,191,201,202
5595,192,202,203
5596,193,203,1678
5597,201,234,202
5598,202,235,203
5599,199,233,201
5600,201,233,234
5601,202,234,235
5602,203,236,1678
5603,203,235,236
5604,236,237,1678
5605,205,207,206
5606,181,205,209
5607,205,206,209
5608,207,215,208
5609,206,207,208
5610,208,215,217
5611,206,211,209
5612,209,211,210
5613,206,213,211
5614,186,210,227
5615,210,211,228
5616,211,213,229
5617,206,208,213
5618,208,217,214
5619,208,214,213
5620,214,217,224
5621,213,214,230
5622,214,224,231
5623,215,216,220
5624,215,218,217
5625,215,220,218
5626,218,220,225
5627,170,221,216
5628,216,221,220
5629,170,987,221
5630,220,221,226
5631,217,218,222
5632,218,223,222
5633,217,222,224
5634,218,225,223
5635,222,238,224
5636,222,239,238
5637,222,223,239
5638,223,240,239
5639,220,226,225
5640,221,993,226
5641,223,225,241
5642,225,226,242
5643,223,241,240
5644,225,242,241
5645,226,993,1011
5646,226,1011,242
5647,210,228,227
5648,211,229,228
5649,213,230,229
5650,214,231,230
5651,224,232,231
5652,224,238,232
5653,971,972,991
5654,972,973,1002
5655,973,981,1002
5656,973,974,981
5657,974,984,981
5658,974,982,984
5659,982,983,985
5660,982,985,984
5661,170,970,987
5662,970,989,987
5663,970,992,989
5664,221,987,993
5665,987,989,990
5666,987,990,994
5667,970,971,992
5668,971,991,992
5669,989,1004,990
5670,989,992,1004
5671,991,1004,992
5672,990,1004,1006
5673,987,994,993
5674,990,995,994
5675,993,994,1012
5676,993,1012,1011
5677,994,995,996
5678,995,999,996
5679,994,996,1012
5680,990,997,995
5681,990,998,997
5682,995,997,1000
5683,990,1006,998
5684,997,998,1001
5685,995,1000,999
5686,997,1001,1000
5687,998,1007,1001
5688,972,1002,991
5689,991,1002,1004
5690,1002,1027,1004
5691,981,1027,1002
5692,1004,1005,1006
5693,1004,1027,1005
5694,998,1006,1007
5695,1006,1008,1007
5696,1007,1008,1013
5697,1005,1008,1006
5698,1008,1009,1013
5699,1009,1010,1014
5700,1009,1014,1013
5701,1010,1015,1014
5702,1010,1016,1015
5703,1010,1018,1016
5704,1017,1018,1038
5705,1016,1018,1017
5706,1017,1038,1019
5707,1019,1038,1039
5708,1019,1043,1020
5709,1019,1039,1043
5710,1020,1044,1021
5711,1020,1043,1044
5712,1021,1045,1022
5713,1022,1045,1023
5714,1023,1046,2485
5715,981,984,1028
5716,981,1028,1027
5717,1005,1027,1028
5718,1005,1028,1030
5719,984,985,1034
5720,984,1034,1028
5721,1028,1034,1035
5722,1028,1035,1030
5723,1005,1030,1008
5724,1008,1030,1009
5725,1009,1030,1031
5726,1009,1031,1010
5727,1010,1031,1018
5728,1018,1032,1038
5729,1018,1031,1032
5730,1032,1033,1038
5731,1030,1035,1031
5732,1031,1035,1032
5733,1032,1036,1033
5734,1033,1037,1040
5735,1032,1035,1036
5736,1033,1036,1037
5737,1033,1039,1038
5738,1039,1042,1043
5739,1033,1040,1039
5740,1039,1040,1042
5741,1021,1044,1045
5742,1023,1045,1046
5743,1046,1047,2485
5744,1042,1054,1043
5745,1043,1054,1044
5746,1044,1055,1045
5747,1044,1054,1055
5748,1045,1055,1046
5749,1046,1050,1047
5750,1046,1049,1050
5751,1046,1055,1049
5752,1047,1050,2536
5753,1037,1051,1040
5754,1040,1051,1052
5755,1040,1052,1042
5756,1042,1053,1054
5757,1042,1052,1053
5758,1054,1057,1055
5759,1055,1057,1056
5760,1049,1055,1056
5761,1049,1056,1050
5762,1050,1056,2538
5763,1050,2538,2536
5764,1056,1058,2538
5765,1053,1057,1054
5766,1056,1057,1058
5767,1651,1653,1652
5768,193,1653,1651
5769,1652,1653,1654
5770,1652,1659,1655
5771,1652,1654,1659
5772,1655,1698,1656
5773,1656,1699,1657
5774,193,1678,1653
5775,1653,1679,1654
5776,1653,1678,1679
5777,1654,1679,1659
5778,1659,1674,1673
5779,1659,1687,1674
5780,1655,1673,1675
5781,1655,1659,1673
5782,1655,1675,1677
5783,1673,1676,1675
5784,1677,1689,1698
5785,1659,1679,1680
5786,1659,1680,1692
5787,237,1679,1678
5788,1679,1712,1680
5789,1680,1714,1692
5790,1659,1692,1687
5791,1687,1692,1688
5792,1689,1696,1697
5793,1689,1697,1698
5794,1655,1677,1698
5795,1656,1698,1699
5796,1657,1699,1702
5797,1697,1701,1698
5798,1698,1701,1699
5799,1699,1701,1705
5800,1701,1717,1705
5801,1699,1705,1702
5802,1702,1705,1703
5803,1703,1705,1706
5804,1703,1706,1708
5805,1705,1717,1706
5806,1706,1717,1718
5807,1706,1718,1707
5808,1706,1707,1708
5809,1707,1733,1708
5810,1708,1733,1710
5811,1708,1710,1709
5812,1709,1760,1752
5813,1709,1710,1760
5814,237,1712,1679
5815,1680,1712,1713
5816,1680,1713,1714
5817,1692,1714,1695
5818,1696,1715,1697
5819,1695,1715,1696
5820,1697,1716,1701
5821,1695,1714,1715
5822,1697,1715,1716
5823,1701,1716,1717
5824,1716,1719,1717
5825,1718,1719,1720
5826,1717,1719,1718
5827,1718,1720,1726
5828,1720,1721,1726
5829,1721,1722,1726
5830,1722,1723,1727
5831,1707,1718,1726
5832,1707,1726,1727
5833,1722,1727,1726
5834,1707,1727,1733
5835,1727,1729,1733
5836,1723,1729,1727
5837,1723,1730,1729
5838,1729,1730,1731
5839,1729,1731,1733
5840,1710,1733,1761
5841,1710,1761,1760
5842,1733,1736,1761
5843,1731,1736,1733
5844,1731,1748,1736
5845,1730,1737,1740
5846,1737,1738,1741
5847,1738,1739,1744
5848,1739,1742,1744
5849,1730,1740,1731
5850,1737,1741,1740
5851,1738,1744,1741
5852,1740,1741,1747
5853,1741,1744,1750
5854,1724,1743,1742
5855,1742,1743,1744
5856,1724,1745,1743
5857,1724,1725,1745
5858,1725,2497,1745
5859,1743,1750,1744
5860,1743,1745,1751
5861,1731,1740,1748
5862,1740,1747,1748
5863,1741,1750,1747
5864,1736,1748,1998
5865,1747,1999,1748
5866,1743,1751,1750
5867,1745,2507,1751
5868,1745,2505,2507
5869,1747,1750,1762
5870,1750,1751,1762
5871,1747,1762,1999
5872,1751,2507,2574
5873,1751,2574,1762
5874,1760,1761,1990
5875,1736,1994,1761
5876,1736,1998,1994
5877,1748,1999,1998
5878,1752,1760,1989
5879,1752,1989,1971
5880,1760,1990,1989
5881,1761,1994,1990
5882,2482,2483,2500
5883,2483,2484,2500
5884,1047,2486,2485
5885,2486,2530,2487
5886,2487,2531,2488
5887,2484,2490,2501
5888,2490,2491,2517
5889,2491,2492,2518
5890,2492,2495,2520
5891,2495,2496,2521
5892,1725,2478,2497
5893,2478,2479,2498
5894,2478,2498,2497
5895,2479,2480,2499
5896,2480,2481,2499
5897,2479,2499,2498
5898,1745,2497,2505
5899,2497,2512,2506
5900,2497,2498,2512
5901,2481,2482,2502
5902,2481,2502,2499
5903,2482,2500,2502
5904,2484,2501,2500
5905,2499,2502,2512
5906,2500,2512,2502
5907,2498,2499,2512
5908,2500,2501,2512
5909,2501,2517,2514
5910,2501,2514,2512
5911,2497,2506,2505
5912,2505,2506,2507
5913,2506,2508,2507
5914,2506,2511,2508
5915,2506,2513,2511
5916,2507,2509,2574
5917,2507,2508,2509
5918,2508,2515,2509
5919,2506,2512,2513
5920,2508,2511,2515
5921,2511,2513,2515
5922,2513,2514,2515
5923,2512,2514,2513
5924,2514,2516,2515
5925,2490,2517,2501
5926,2491,2518,2517
5927,2517,2518,2524
5928,2514,2517,2524
5929,2518,2522,2524
5930,2492,2520,2518
5931,2495,2521,2520
5932,2520,2521,2523
5933,2496,2554,2521
5934,2521,2554,2555
5935,2518,2520,2522
5936,2520,2523,2522
5937,2521,2555,2523
5938,2514,2524,2516
5939,2522,2525,2524
5940,2516,2524,2525
5941,2522,2523,2526
5942,2522,2526,2525
5943,2523,2555,2527
5944,2523,2527,2526
5945,1047,2530,2486
5946,2487,2530,2531
5947,2488,2531,2532
5948,2488,2532,2489
5949,2489,2532,2493
5950,1047,2537,2530
5951,2530,2537,2531
5952,1047,2536,2537
5953,2531,2537,2540
5954,2531,2542,2532
5955,2532,2542,2533
5956,2531,2540,2542
5957,2533,2542,2543
5958,2493,2533,2494
5959,2493,2532,2533
5960,2494,2533,2534
5961,2494,2534,2496
5962,2496,2534,2535
5963,2496,2535,2554
5964,2533,2543,2534
5965,2534,2543,2547
5966,2534,2547,2535
5967,2535,2547,2549
5968,2535,2549,2559
5969,2536,2538,2537
5970,2537,2538,2541
5971,2537,2541,2540
5972,2538,2544,2541
5973,2540,2541,2548
5974,2540,2548,2542
5975,2542,2548,2543
5976,2541,2545,2548
5977,1058,2544,2538
5978,2541,2544,2545
5979,2545,2550,2548
5980,2543,2548,2547
5981,2547,2548,2551
5982,2547,2551,2549
5983,2548,2550,2551
5984,2549,2551,2552
5985,2535,2559,2554
5986,2554,2559,2560
5987,2554,2556,2555
5988,2554,2560,2556
5989,2555,2556,2557
5990,2556,2566,2557
5991,2556,2560,2566
5992,2559,2561,2560
5993,2560,2561,2566
5994,2527,2555,2562
5995,2555,2557,2562
5996,2557,2563,2562
5997,2557,2566,2563
5998,2563,2566,2571
5999,2549,2565,2559
6000,2559,2565,2561
6001,2561,2565,2566
6002,2565,2567,2566
6003,2549,2552,2565
6004,2552,2569,2565
6005,2565,2569,2567
6006,2567,2569,2570
6007,2567,2570,2572
6008,2566,2567,2571
6009,2567,2572,2571
6010,2570,2573,2572
6011,1639,1640,1775
6012,1640,1753,1777
6013,1753,1784,1777
6014,1753,1754,1784
6015,1754,1785,1784
6016,1754,1755,1785
6017,1755,1756,1789
6018,1755,1789,1785
6019,1756,1758,1791
6020,1756,1791,1789
6021,1758,1816,1791
6022,1763,1765,1764
6023,1758,1763,1816
6024,1763,1764,1816
6025,1765,1768,1766
6026,1764,1765,1766
6027,1766,1768,1770
6028,1768,1769,1772
6029,1768,1771,1770
6030,1768,1772,1771
6031,1769,1773,1774
6032,1773,2577,1774
6033,1769,1774,1772
6034,1772,1774,1831
6035,1640,1777,1775
6036,1775,1777,1776
6037,1777,1784,1778
6038,1776,1777,1778
6039,1776,1778,1779
6040,1778,1787,1779
6041,1779,1787,1780
6042,1780,1788,1781
6043,1778,1784,1786
6044,1778,1786,1787
6045,1784,1785,1786
6046,1780,1787,1788
6047,1781,1788,1798
6048,1786,1793,1787
6049,1787,1793,1788
6050,1788,1794,1798
6051,1788,1793,1794
6052,1785,1789,1790
6053,1785,1790,1786
6054,1786,1790,1793
6055,1789,1791,1792
6056,1791,1816,1818
6057,1789,1792,1790
6058,1791,1818,1792
6059,1794,1806,1798
6060,1793,1795,1794
6061,1794,1796,1806
6062,1790,1795,1793
6063,1790,1792,1795
6064,1792,1821,1795
6065,1794,1795,1796
6066,1796,1797,1806
6067,1781,1798,1782
6068,1782,1798,1799
6069,1782,1799,1800
6070,1782,1800,1783
6071,1783,1800,1801
6072,1798,1806,1799
6073,1799,1808,1800
6074,1800,1809,1801
6075,1783,1801,1802
6076,1802,1804,1803
6077,1801,1804,1802
6078,1803,1804,1805
6079,1803,1805,1810
6080,1803,1810,1847
6081,1799,1806,1807
6082,1799,1807,1808
6083,1800,1808,1809
6084,1801,1809,1811
6085,1797,1807,1806
6086,1807,1838,1808
6087,1797,1837,1807
6088,1807,1837,1838
6089,1808,1838,1839
6090,1808,1839,1809
6091,1809,1840,1811
6092,1809,1839,1840
6093,1811,1840,1841
6094,1801,1811,1804
6095,1804,1812,1805
6096,1804,1811,1812
6097,1805,1812,1813
6098,1805,1814,1810
6099,1805,1813,1814
6100,1810,1815,1850
6101,1811,1841,1812
6102,1812,1842,1813
6103,1810,1814,1815
6104,1813,1844,1814
6105,1764,1817,1816
6106,1764,1819,1817
6107,1816,1817,1818
6108,1817,1822,1818
6109,1817,1819,1823
6110,1764,1766,1819
6111,1766,1770,1820
6112,1766,1820,1819
6113,1770,1828,1820
6114,1819,1820,1824
6115,1820,1828,1825
6116,1792,1818,1821
6117,1818,1822,1821
6118,1817,1823,1822
6119,1819,1824,1823
6120,1820,1825,1824
6121,1825,1828,1826
6122,1770,1771,1829
6123,1770,1829,1828
6124,1771,1827,1829
6125,1771,1772,1830
6126,1771,1830,1827
6127,1828,1829,1832
6128,1827,1833,1829
6129,1827,1834,1833
6130,1772,1831,1830
6131,1774,2612,1831
6132,1827,1830,1835
6133,1830,1831,1836
6134,1827,1835,1834
6135,1830,1836,1835
6136,1831,2612,2620
6137,1831,2620,1836
6138,1826,1828,1832
6139,1829,1833,1832
6140,1812,1841,1842
6141,1813,1842,1843
6142,1813,1843,1844
6143,1814,1844,1845
6144,1814,1845,1815
6145,1815,1845,1846
6146,1810,1850,1847
6147,1847,1850,1848
6148,1848,1851,1849
6149,1848,1850,1851
6150,1815,1852,1850
6151,1850,1852,1851
6152,1851,1852,1855
6153,1852,1863,1855
6154,1849,1851,1853
6155,1851,1855,1853
6156,1853,1855,1854
6157,1854,1855,1856
6158,1854,1856,1859
6159,1855,1863,1856
6160,1856,1863,1864
6161,1856,1864,1857
6162,1856,1857,1859
6163,1857,1858,1859
6164,1857,1871,1858
6165,1858,1861,1859
6166,1859,1861,1860
6167,1860,1861,1888
6168,1860,1888,1862
6169,1815,1846,1852
6170,1846,1863,1852
6171,1846,1865,1863
6172,1864,1865,1866
6173,1863,1865,1864
6174,1864,1866,1870
6175,1866,1867,1870
6176,1867,1868,1870
6177,1857,1864,1870
6178,1857,1870,1871
6179,1868,1871,1870
6180,1858,1871,1872
6181,1858,1872,1886
6182,1868,1869,1871
6183,1869,1873,1872
6184,1869,1872,1871
6185,1872,1873,1874
6186,1872,1874,1886
6187,1873,1876,1879
6188,1876,1877,1880
6189,1877,1878,1884
6190,1878,1881,1884
6191,1873,1879,1874
6192,1876,1880,1879
6193,1877,1884,1880
6194,1881,1882,1883
6195,1882,1885,1883
6196,1875,1885,1882
6197,1875,2683,1885
6198,1881,1883,1884
6199,1883,1892,1884
6200,1883,1885,1893
6201,1858,1886,1861
6202,1861,1886,1889
6203,1861,1889,1888
6204,1886,1887,1889
6205,1874,1887,1886
6206,1874,1891,1887
6207,1888,1889,2263
6208,1887,2266,1889
6209,1887,2273,2266
6210,1874,1879,1891
6211,1879,1880,1890
6212,1880,1884,1892
6213,1880,1892,1890
6214,1879,1890,1891
6215,1887,1891,2273
6216,1890,2274,1891
6217,1883,1893,1892
6218,1885,2701,1893
6219,1890,1892,1894
6220,1892,1893,1894
6221,1890,1894,2274
6222,1893,2701,2708
6223,1893,2708,1894
6224,1891,2274,2273
6225,1862,1888,2264
6226,1862,2264,2227
6227,1888,2263,2264
6228,1889,2266,2263
6229,1773,2575,2577
6230,2575,2578,2577
6231,2575,2579,2578
6232,1774,2577,2612
6233,2577,2578,2613
6234,2575,2576,2579
6235,2576,2581,2580
6236,2576,2580,2579
6237,2578,2579,2615
6238,2579,2580,2616
6239,2581,2583,2585
6240,2583,2584,2593
6241,2580,2581,2585
6242,2580,2585,2623
6243,2580,2623,2616
6244,2583,2593,2585
6245,2585,2593,2586
6246,2585,2586,2623
6247,2584,2590,2593
6248,2584,2588,2590
6249,2588,2591,2592
6250,2588,2592,2590
6251,2590,2594,2593
6252,2586,2593,2594
6253,2586,2594,2644
6254,2590,2592,2596
6255,2590,2596,2594
6256,2594,2596,2597
6257,2594,2597,2644
6258,2577,2613,2612
6259,2578,2614,2613
6260,2612,2613,2621
6261,2612,2621,2620
6262,2613,2614,2622
6263,2613,2622,2621
6264,2614,2617,2622
6265,2578,2615,2614
6266,2579,2616,2615
6267,2614,2615,2618
6268,2614,2618,2617
6269,2615,2616,2619
6270,2615,2619,2618
6271,2616,2624,2619
6272,2616,2623,2624
6273,2623,2625,2624
6274,2624,2625,2628
6275,2586,2625,2623
6276,2625,2626,2628
6277,2626,2629,2628
6278,2626,2627,2629
6279,2627,2630,2629
6280,2627,2631,2630
6281,2627,2633,2631
6282,2632,2633,2647
6283,2631,2633,2632
6284,2632,2647,2634
6285,2634,2647,2648
6286,2634,2657,2635
6287,2634,2648,2657
6288,2635,2658,2636
6289,2635,2657,2658
6290,2636,2659,2637
6291,2637,2659,2638
6292,2638,2660,2639
6293,2639,2661,2640
6294,2640,2662,2641
6295,2641,2663,2642
6296,2586,2644,2625
6297,2625,2644,2626
6298,2626,2644,2645
6299,2626,2645,2627
6300,2627,2645,2633
6301,2633,2645,2646
6302,2646,2649,2647
6303,2597,2645,2644
6304,2597,2646,2645
6305,2646,2652,2649
6306,2633,2646,2647
6307,2647,2649,2648
6308,2648,2651,2657
6309,2648,2649,2650
6310,2649,2653,2650
6311,2648,2650,2651
6312,2597,2652,2646
6313,2649,2652,2653
6314,2650,2653,2654
6315,2650,2654,2655
6316,2650,2655,2651
6317,2651,2655,2656
6318,2636,2658,2659
6319,2638,2659,2660
6320,2651,2665,2657
6321,2657,2665,2658
6322,2658,2665,2666
6323,2658,2666,2659
6324,2659,2666,2660
6325,2660,2667,2661
6326,2660,2666,2667
6327,2661,2667,2670
6328,2639,2660,2661
6329,2640,2661,2662
6330,2641,2662,2663
6331,2642,2664,2643
6332,2642,2663,2664
6333,2661,2670,2662
6334,2662,2670,2671
6335,2662,2671,2663
6336,2663,2672,2664
6337,2664,2672,2715
6338,2663,2671,2672
6339,2672,2673,2715
6340,2651,2656,2665
6341,2665,2668,2666
6342,2666,2668,2667
6343,2667,2669,2670
6344,2656,2668,2665
6345,2667,2668,2669
6346,2670,2674,2671
6347,2671,2675,2672
6348,2672,2675,2673
6349,2669,2674,2670
6350,2671,2674,2675
6351,2673,2675,2724
6352,1875,2676,2683
6353,2676,2677,2684
6354,2676,2684,2683
6355,2677,2678,2685
6356,2678,2679,2685
6357,2677,2685,2684
6358,1885,2683,2701
6359,2683,2684,2702
6360,2684,2685,2703
6361,2679,2680,2686
6362,2680,2681,2687
6363,2679,2686,2685
6364,2680,2687,2686
6365,2681,2682,2687
6366,2682,2688,2687
6367,2685,2686,2703
6368,2686,2687,2704
6369,2688,2696,2705
6370,2687,2688,2704
6371,2688,2705,2704
6372,2689,2690,2696
6373,2690,2691,2697
6374,2691,2694,2698
6375,2694,2695,2699
6376,2682,2689,2688
6377,2688,2689,2696
6378,2690,2697,2696
6379,2696,2697,2710
6380,2696,2710,2705
6381,2697,2712,2710
6382,2691,2698,2697
6383,2694,2699,2698
6384,2695,2718,2699
6385,2699,2718,2719
6386,2697,2698,2712
6387,2698,2699,2700
6388,2698,2700,2712
6389,2699,2719,2700
6390,2683,2702,2701
6391,2684,2703,2702
6392,2701,2709,2708
6393,2701,2702,2709
6394,2702,2706,2709
6395,2686,2704,2703
6396,2704,2705,2706
6397,2702,2703,2706
6398,2703,2704,2706
6399,2705,2707,2706
6400,2705,2710,2707
6401,2710,2712,2711
6402,2707,2710,2711
6403,2700,2713,2712
6404,2700,2719,2714
6405,2700,2714,2713
6406,2711,2712,2713
6407,2643,2664,2692
6408,2692,2715,2693
6409,2664,2715,2692
6410,2693,2715,2716
6411,2693,2716,2695
6412,2695,2717,2718
6413,2695,2716,2717
6414,2673,2716,2715
6415,2673,2722,2716
6416,2716,2722,2717
6417,2717,2722,2723
6418,2717,2723,2721
6419,2717,2721,2718
6420,2718,2720,2719
6421,2718,2721,2720
6422,2720,2721,2733
6423,2673,2724,2722
6424,2722,2725,2723
6425,2722,2724,2725
6426,2723,2725,2726
6427,2721,2723,2727
6428,2721,2727,2733
6429,2727,2728,2733
6430,2723,2726,2727
6431,2726,2729,2727
6432,2727,2729,2728
6433,2728,2729,2730
6434,2714,2719,2731
6435,2719,2720,2731
6436,2720,2732,2731
6437,2720,2733,2732
6438,2732,2733,2734
6439,2728,2734,2733
6440,2728,2735,2734
6441,2728,2730,2735
6442,2730,2736,2735
6443,358,371,360
6444,360,370,362
6445,362,370,363
6446,363,370,364
6447,360,371,370
6448,358,512,371
6449,358,538,512
6450,512,538,513
6451,513,538,522
6452,522,538,563
6453,538,568,563
6454,538,1353,568
6455,568,1353,1321
6456,635,636,638
6457,358,635,646
6458,635,638,639
6459,635,639,646
6460,639,642,646
6461,642,643,646
6462,643,645,646
6463,645,651,646
6464,646,651,650
6465,358,646,538
6466,646,732,740
6467,646,650,653
6468,646,653,655
6469,655,660,1438
6470,659,1438,660
6471,659,662,1438
6472,662,663,1438
6473,663,665,1438
6474,646,655,1438
6475,646,668,694
6476,646,694,696
6477,646,696,732
6478,646,1438,668
6479,538,646,740
6480,538,740,741
6481,732,791,740
6482,538,741,1353
6483,740,811,741
6484,791,801,811
6485,740,791,811
6486,801,806,811
6487,806,1568,811
6488,1321,1353,1324
6489,1421,1423,1438
6490,1423,1424,1438
6491,665,1427,1438
6492,1420,1438,1427
6493,1420,1421,1438
6494,1424,1425,1467
6495,1425,1426,1467
6496,1426,1428,1467
6497,1428,1429,1467
6498,1429,1430,1467
6499,1430,1448,1467
6500,668,1438,1441
6501,1438,1445,1441
6502,1424,1468,1438
6503,1438,1468,1445
6504,1424,1467,1468
6505,1448,1554,1467
6506,1467,1469,1468
6507,1467,1474,1469
6508,1448,1449,1554
6509,1449,1537,1554
6510,1537,1538,1554
6511,1538,1539,1554
6512,1324,1353,1540
6513,741,1554,1353
6514,1539,1540,1554
6515,1353,1554,1540
6516,741,1608,1554
6517,1467,1554,1474
6518,1474,1554,1552
6519,1552,1554,1603
6520,741,811,1608
6521,811,1568,1608
6522,1568,1571,1608
6523,1571,1572,1608
6524,1572,1603,1608
6525,1554,1608,1603
6526,1913,1914,1916
6527,1912,1913,1977
6528,1913,1916,1917
6529,1912,1928,1919
6530,1919,1927,1921
6531,1921,1927,1922
6532,1922,1927,1923
6533,1919,1928,1927
6534,1912,2039,1928
6535,1912,1977,2049
6536,1913,1917,1977
6537,1917,1973,1977
6538,1973,1974,1977
6539,1974,1976,1977
6540,1976,1991,1977
6541,1977,1991,1993
6542,1977,2022,2103
6543,1977,1993,1997
6544,1977,1997,1996
6545,1977,1996,2832
6546,1996,2000,2832
6547,2000,2002,2832
6548,2002,2004,2832
6549,2004,2005,2832
6550,2005,2007,2832
6551,1977,2017,2012
6552,1977,2012,2014
6553,1977,2014,2022
6554,1977,2832,2835
6555,1977,2835,2017
6556,2017,2836,2020
6557,2017,2835,2836
6558,2012,2017,2020
6559,1912,2049,2039
6560,2039,2049,2040
6561,2040,2049,2044
6562,2044,2049,2075
6563,2049,2081,2075
6564,2049,2915,2081
6565,2049,2107,2915
6566,2081,2915,2890
6567,1977,2103,2049
6568,2049,2103,2107
6569,2022,2108,2103
6570,2103,2374,2107
6571,2103,2108,2374
6572,2108,2361,2374
6573,2361,2366,2374
6574,2366,3143,2374
6575,2007,2828,2832
6576,2828,2829,2832
6577,2829,2830,2832
6578,2830,2831,2832
6579,2776,2832,2831
6580,2776,2777,2845
6581,2776,2854,2832
6582,2777,2778,2845
6583,2778,2779,2845
6584,2779,2780,2845
6585,2780,2781,2845
6586,2781,2799,2845
6587,2776,2845,2854
6588,2832,2839,2835
6589,2835,2839,2836
6590,2832,2841,2839
6591,2836,2839,2842
6592,2839,2841,2842
6593,2832,2854,2841
6594,2841,2855,2842
6595,2841,2854,2855
6596,2799,2957,2845
6597,2845,2856,2854
6598,2854,2856,2855
6599,2845,2860,2856
6600,2890,2915,2894
6601,2894,2915,2899
6602,2799,2800,2957
6603,2800,2882,2957
6604,2882,2883,2957
6605,2883,2884,2957
6606,2107,2957,2915
6607,2884,2899,2957
6608,2899,2915,2957
6609,2107,2374,3193
6610,2107,3193,2957
6611,2845,2957,2860
6612,2860,2957,2958
6613,2957,3183,2958
6614,2957,3193,3183
6615,2374,3143,3193
6616,3143,3148,3193
6617,3148,3149,3193
6618,3149,3183,3193
6619,1666,1667,1670
6620,1666,1675,1667
6621,1667,1675,1676
6622,1666,1670,1671
6623,1670,1672,1671
6624,1666,1671,1677
6625,1671,1672,1685
6626,1671,1684,1689
6627,1666,1677,1675
6628,1671,1689,1677
6629,1671,1685,1686
6630,1671,1686,1691
6631,1683,1691,1686
6632,1671,1694,1684
6633,1683,1690,1691
6634,1683,1688,1690
6635,1688,1692,1690
6636,1671,1691,1694
6637,1684,1696,1689
6638,1690,1692,1693
6639,1690,1693,1694
6640,1692,1695,1693
6641,1693,1695,1694
6642,1690,1694,1691
6643,1684,1694,1696
6644,1694,1695,1696
6645,1660,1664,1669
6646,1660,1669,1665
6647,1660,1661,1662
6648,1660,1668,1661
6649,1660,1662,1664
6650,1664,1662,1682
6651,1664,1682,1669
6652,1669,1682,1672
6653,1660,1665,1673
6654,1660,1673,1674
6655,1665,1669,1667
6656,1665,1676,1673
6657,1665,1667,1676
6658,1660,1674,1668
6659,1674,1687,1668
6660,1667,1669,1670
6661,1669,1672,1670
6662,1681,1662,1661
6663,1681,1661,1668
6664,1681,1682,1662
6665,1681,1687,1682
6666,1682,1683,1686
6667,1672,1682,1685
6668,1682,1686,1685
6669,1681,1668,1687
6670,1682,1687,1683
6671,1683,1687,1688
