vertex_id,x,y,z
0,-27.72305092,-7.99389693,6.56676271
1,-27.91518723,-7.29316684,6.56676271
2,-26.87587553,-7.87985616,6.56676271
3,-26.02870014,-7.76581539,6.56676271
4,-27.06801184,-7.17912607,6.56676271
5,-26.22083645,-7.0650853,6.56676271
6,-25.18152475,-7.65177462,6.56676271
7,-24.35713641,-7.42573191,6.56676271
8,-23.53274808,-7.19968919,6.56676271
9,-22.70835974,-6.97364648,6.56676271
10,-21.86118435,-6.85960571,6.56676271
11,-28.10732354,-6.59243676,6.56676271
12,-27.26014815,-6.47839599,6.56676271
13,-28.29945984,-5.89170667,6.56676271
14,-28.3963945,-5.17160759,6.56676271
15,-28.49332915,-4.45150851,6.56676271
16,-28.59026381,-3.73140942,6.56676271
17,-27.04092846,-5.09602167,6.56676271
18,-26.00161676,-5.68271099,6.56676271
19,-24.96230507,-6.26940031,6.56676271
20,-24.13791673,-6.04335759,6.56676271
21,-27.13786312,-4.37592259,6.56676271
22,-25.78239708,-4.30033668,6.56676271
23,-27.23479777,-3.65582351,6.56676271
24,-25.87933173,-3.58023759,6.56676271
25,-24.74308538,-4.88702599,6.56676271
26,-23.91869705,-4.66098328,6.56676271
27,-23.51628873,-4.60681391,6.56676271
28,-24.5238657,-3.50465168,6.56676271
29,-24.12145739,-3.45048231,6.56676271
30,-23.71904908,-3.39631295,6.56676271
31,-28.78240011,-3.03067934,6.56676271
32,-27.31617315,-3.35904371,6.56676271
33,-27.50830945,-2.65831362,6.56676271
34,-28.97453642,-2.32994925,6.56676271
35,-27.70044576,-1.95758354,6.56676271
36,-29.26360738,-0.90912008,6.56676271
37,-29.36054204,-0.189021,6.56676271
38,-29.16667273,-1.62921916,6.56676271
39,-27.74150044,-1.65260039,6.56676271
40,-27.82287582,-1.35582059,6.56676271
41,-27.86393049,-1.05083745,6.56676271
42,-27.96086515,-0.33073837,6.56676271
43,-25.96070711,-3.28345779,6.56676271
44,-26.04208249,-2.98667799,6.56676271
45,-26.27527347,-1.98096476,6.56676271
46,-26.2342188,-2.28594791,6.56676271
47,-24.60524108,-3.20787188,6.56676271
48,-24.68661645,-2.91109208,6.56676271
49,-24.76799183,-2.61431228,6.56676271
50,-24.80904651,-2.30932914,6.56676271
51,-24.85010118,-2.00434599,6.56676271
52,-24.89115586,-1.69936285,6.56676271
53,-26.31632815,-1.67598162,6.56676271
54,-26.39770353,-1.37920182,6.56676271
55,-26.4790789,-1.08242202,6.56676271
56,-26.52013358,-0.77743888,6.56676271
57,-26.56118826,-0.47245574,6.56676271
58,-24.97253124,-1.40258305,6.56676271
59,-25.05390661,-1.10580325,6.56676271
60,-25.13528199,-0.80902345,6.56676271
61,-25.17633667,-0.50404031,6.56676271
62,-25.21739135,-0.19905717,6.56676271
63,-23.31352839,-5.81731488,6.56676271
64,-22.91112008,-5.76314551,6.56676271
65,-22.51953562,-5.65577522,6.56676271
66,-21.67236023,-5.54173445,6.56676271
67,-21.01400896,-6.64580764,6.60477465
68,-20.16683357,-6.36318799,6.6707877
69,-20.82518484,-5.31663885,6.61948808
70,-20.42277653,-5.1982148,6.65084428
71,-23.11388042,-4.55264455,6.56676271
72,-22.72229596,-4.44527426,6.56676271
73,-22.3307115,-4.33790397,6.56676271
74,-21.48353611,-4.22153488,6.56818847
75,-20.03119207,-5.03206249,6.68135707
76,-21.0811278,-4.11685766,6.59954466
77,-20.67871949,-4.01351589,6.63090086
78,-20.28713503,-3.86161164,6.66141365
79,-19.89555057,-3.71228324,6.69192643
80,-19.34244523,-5.98639453,6.73502514
81,-18.51805689,-5.62101753,6.79926259
82,-17.69366856,-5.267057,6.86350004
83,-19.20680373,-4.69068779,6.74559451
84,-18.3824154,-4.36072955,6.80983196
85,-19.07116224,-3.4063273,6.75616388
86,-17.53524001,-4.13742702,6.875845
87,-16.84649317,-5.0165939,6.92951308
88,-15.99931778,-4.77204973,6.99552613
89,-16.68806462,-3.92004342,6.94185805
90,-16.2856563,-3.81885968,6.97321425
91,-15.89407184,-3.67641072,7.00372703
92,-23.31664077,-3.34214358,6.56676271
93,-22.92505631,-3.23477329,6.56676271
94,-22.53347185,-3.127403,6.56676271
95,-22.14188739,-3.02003272,6.56676271
96,-21.73947908,-2.96586335,6.56676271
97,-21.33707077,-2.89735073,6.57960124
98,-20.93466245,-2.80909123,6.61095744
99,-20.54307799,-2.67143506,6.64147023
100,-20.15149353,-2.53635473,6.67198301
101,-19.75990907,-2.40385024,6.7024958
102,-18.22398684,-3.21018534,6.82217693
103,-17.82157853,-3.11909138,6.85353312
104,-19.35750076,-2.32284606,6.733852
105,-18.95509245,-2.24317734,6.76520819
106,-18.55268414,-2.16484408,6.79656439
107,-18.16109968,-2.0408353,6.82707718
108,-17.76951522,-1.91940235,6.85758996
109,-17.41917022,-3.02933288,6.88488932
110,-17.02758576,-2.89610401,6.91540211
111,-16.6360013,-2.76545097,6.94591489
112,-17.37793076,-1.80054524,6.88810275
113,-15.90854762,-1.91082591,7.00259906
114,-17.58247017,-0.74670707,6.87216477
115,-17.66384555,-0.48673617,6.86582389
116,-17.74522093,-0.22528569,6.85948301
117,-17.41898544,-1.53619672,6.88490372
118,-17.46004012,-1.27108111,6.88170468
119,-17.50109479,-1.0051984,6.87850565
120,-16.10068393,-1.33910721,6.98762754
121,-16.14173861,-1.0861126,6.98442851
122,-16.26416866,-0.58545777,6.97488859
123,-16.18279328,-0.8323509,6.98122947
124,-16.34554404,-0.33708508,6.96854771
125,-12.82224917,-10.55153783,0.0
126,-10.57835557,-8.45723713,0.0
127,-4.27408306,-10.55153783,0.0
128,-6.51797666,-8.45723713,0.0
129,-11.25361104,-12.16472381,4.27523614
130,-10.36869575,-12.85947093,6.41285421
131,-11.32937728,-9.3558205,6.41285421
132,-2.78185714,-11.02431611,4.27523614
133,-6.13281879,-12.28926708,6.41285421
134,-2.01087711,-11.15905351,6.41285421
135,-6.22121745,-7.99389693,6.56676271
136,-6.41335375,-7.29316684,6.56676271
137,-5.37404206,-7.87985616,6.56676271
138,-4.52686667,-7.76581539,6.56676271
139,-5.56617836,-7.17912607,6.56676271
140,-4.71900297,-7.0650853,6.56676271
141,-3.67969128,-7.65177462,6.56676271
142,-2.85530294,-7.42573191,6.56676271
143,-2.0309146,-7.19968919,6.56676271
144,-1.20652626,-6.97364648,6.56676271
145,-0.35935087,-6.85960571,6.56676271
146,-8.33446196,-6.36293644,0.0
147,-12.82224917,-3.28559664,0.0
148,-10.57835557,-1.19129594,0.0
149,-4.27408306,-6.36293644,0.0
150,-6.09056836,-4.26863574,0.0
151,-0.21370415,-6.36293644,0.0
152,-2.03018945,-4.26863574,0.0
153,-6.09056836,-1.19129594,0.0
154,-12.22295758,-4.96373299,4.27523614
155,-11.81405055,-5.75532509,6.41285421
156,-15.15214239,-4.53342448,7.06153917
157,-14.32775405,-4.21711804,7.12577662
158,-14.4246887,-3.66891189,7.11822334
159,-13.50336571,-3.91222807,7.19001407
160,-15.16661816,-2.81684189,7.0604112
161,-13.69723502,-2.84656612,7.17490751
162,-14.43916448,-1.99943989,7.11709537
163,-13.60030037,-3.38153531,7.18246079
164,-12.77473209,-2.25167465,6.41285421
165,-14.63130079,-1.46067801,7.10212385
166,-14.82343709,-0.91366774,7.08715233
167,-14.86449177,-0.67202703,7.0839533
168,-14.94586715,-0.43673212,7.07761242
169,-13.54619026,-0.52422681,7.18667712
170,-7.85870856,-0.189021,6.56676271
171,-5.4203045,-5.03991363,4.27523614
172,-1.3962214,-4.49821997,4.27523614
173,-6.60549006,-6.59243676,6.56676271
174,-6.89456102,-5.17160759,6.56676271
175,-6.79762637,-5.89170667,6.56676271
176,-5.75831467,-6.47839599,6.56676271
177,-5.03672037,-5.37739551,6.41285421
178,-5.53909499,-5.09602167,6.56676271
179,-4.49978329,-5.68271099,6.56676271
180,-6.99149568,-4.45150851,6.56676271
181,-7.08843033,-3.73140942,6.56676271
182,-5.63602964,-4.37592259,6.56676271
183,-4.28056361,-4.30033668,6.56676271
184,-5.44359726,-3.89349651,6.41285421
185,-5.7329643,-3.65582351,6.56676271
186,-4.37749826,-3.58023759,6.56676271
187,-3.46047159,-6.26940031,6.56676271
188,-2.63608325,-6.04335759,6.56676271
189,-3.02467882,-5.10654868,6.41285421
190,-1.81169492,-5.81731488,6.56676271
191,-1.40928661,-5.76314551,6.56676271
192,-1.01770215,-5.65577522,6.56676271
193,-0.17052676,-5.54173445,6.56676271
194,-3.24125191,-4.88702599,6.56676271
195,-2.41686357,-4.66098328,6.56676271
196,-2.01445526,-4.60681391,6.56676271
197,-3.02203222,-3.50465168,6.56676271
198,-2.61962391,-3.45048231,6.56676271
199,-2.2172156,-3.39631295,6.56676271
200,-1.06675652,-4.56969724,6.41285421
201,-1.61204695,-4.55264455,6.56676271
202,-1.22046249,-4.44527426,6.56676271
203,-0.82887803,-4.33790397,6.56676271
204,-5.83085127,-1.99008222,4.27523614
205,-7.28056664,-3.03067934,6.56676271
206,-6.00647598,-2.65831362,6.56676271
207,-7.47270295,-2.32994925,6.56676271
208,-6.19861229,-1.95758354,6.56676271
209,-5.81433967,-3.35904371,6.56676271
210,-4.45887364,-3.28345779,6.56676271
211,-4.54024901,-2.98667799,6.56676271
212,-5.64887064,-2.3685808,6.41285421
213,-4.73238532,-2.28594791,6.56676271
214,-4.77344,-1.98096476,6.56676271
215,-7.66483925,-1.62921916,6.56676271
216,-7.76177391,-0.90912008,6.56676271
217,-6.23966696,-1.65260039,6.56676271
218,-6.32104234,-1.35582059,6.56676271
219,-6.05574753,-0.8846818,6.41285421
220,-6.36209702,-1.05083745,6.56676271
221,-6.45903167,-0.33073837,6.56676271
222,-4.89587005,-1.37920182,6.56676271
223,-4.97724543,-1.08242202,6.56676271
224,-4.81449468,-1.67598162,6.56676271
225,-5.01830011,-0.77743888,6.56676271
226,-5.05935478,-0.47245574,6.56676271
227,-3.1034076,-3.20787188,6.56676271
228,-3.18478298,-2.91109208,6.56676271
229,-3.26615835,-2.61431228,6.56676271
230,-3.30721303,-2.30932914,6.56676271
231,-3.34826771,-2.00434599,6.56676271
232,-3.38932239,-1.69936285,6.56676271
233,-1.81480729,-3.34214358,6.56676271
234,-1.42322283,-3.23477329,6.56676271
235,-1.03163837,-3.127403,6.56676271
236,-0.64005391,-3.02003272,6.56676271
237,-0.2376456,-2.96586335,6.56676271
238,-3.47069776,-1.40258305,6.56676271
239,-3.55207314,-1.10580325,6.56676271
240,-3.63344852,-0.80902345,6.56676271
241,-3.67450319,-0.50404031,6.56676271
242,-3.71555787,-0.19905717,6.56676271
243,-27.54606786,-8.13284635,7.24510018
244,-27.3690848,-8.27179578,7.92343765
245,-27.73820417,-7.43211627,7.24510018
246,-27.56122111,-7.57106569,7.92343765
247,-27.57637436,-7.00928503,8.60177511
248,-26.69889247,-8.01880558,7.24510018
249,-25.85171708,-7.90476481,7.24510018
250,-26.52190941,-8.15775501,7.92343765
251,-24.87313274,-7.70566958,7.92343765
252,-24.20294041,-7.45267939,7.24510018
253,-23.37855207,-7.22663667,7.24510018
254,-27.19210174,-8.4107452,8.60177511
255,-25.54332507,-7.95865977,8.60177511
256,-23.8945484,-7.50657435,8.60177511
257,-27.37203123,-7.30127059,9.95845005
258,-26.80422535,-8.63893742,9.95845005
259,-25.15544868,-8.18685199,9.95845005
260,-23.506672,-7.73476656,9.95845005
261,-22.55416373,-7.00059396,7.24510018
262,-21.70698834,-6.88655319,7.24510018
263,-23.22435606,-7.25358415,7.92343765
264,-22.39996773,-7.02754144,7.92343765
265,-21.55279234,-6.91350067,7.92343765
266,-22.24577172,-7.05448892,8.60177511
267,-21.93294632,-7.06675964,9.95845005
268,-26.41634896,-8.86712963,11.31512498
269,-26.98415484,-7.52946281,11.31512498
270,-24.76757229,-8.41504421,11.31512498
271,-26.02847257,-9.09532185,12.67179992
272,-25.77903127,-8.53440724,12.67179992
273,-26.59627845,-7.75765502,12.67179992
274,-25.52958998,-7.97349264,12.67179992
275,-26.34683715,-7.19674042,12.67179992
276,-24.45474689,-8.42731493,12.67179992
277,-24.20530559,-7.86640032,12.67179992
278,-25.28014868,-7.41257803,12.67179992
279,-25.03070738,-6.85166342,12.67179992
280,-23.9558643,-7.30548572,12.67179992
281,-23.19384661,-7.74703729,11.31512498
282,-21.62012093,-7.07903037,11.31512498
283,-22.88102121,-7.75930801,12.67179992
284,-22.63157991,-7.19839341,12.67179992
285,-21.30729553,-7.04945892,12.65664126
286,-27.93034048,-6.73138618,7.24510018
287,-27.94549373,-6.16960552,7.92343765
288,-28.31461309,-5.32992601,7.24510018
289,-27.96064697,-5.60782486,8.60177511
290,-28.41154775,-4.60982693,7.24510018
291,-28.32976634,-4.76814535,7.92343765
292,-28.5084824,-3.88972784,7.24510018
293,-28.42670099,-4.04804626,7.92343765
294,-28.34491959,-4.20636468,8.60177511
295,-24.44714887,-3.57214806,7.24510018
296,-24.04474056,-3.51797869,7.24510018
297,-23.64233225,-3.46380933,7.24510018
298,-24.37043205,-3.63964443,7.92343765
299,-23.96802374,-3.58547507,7.92343765
300,-24.29371522,-3.70714081,8.60177511
301,-23.5105463,-3.49240023,8.60177511
302,-27.75630385,-5.89981042,9.95845005
303,-28.14057646,-4.49835024,9.95845005
304,-24.12364378,-3.82045733,9.95845005
305,-28.70061871,-3.18899776,7.24510018
306,-28.6188373,-3.34731618,7.92343765
307,-28.89275501,-2.48826767,7.24510018
308,-29.00310992,-1.945856,7.92343765
309,-28.7291922,-2.80490451,8.60177511
310,-29.27702763,-1.0868075,7.24510018
311,-29.37396228,-0.36670842,7.24510018
312,-29.38738253,-0.54439583,7.92343765
313,-29.49773743,-0.00198416,8.60177511
314,-29.11346482,-1.40344434,8.60177511
315,-24.52852425,-3.27536826,7.24510018
316,-24.60989963,-2.97858845,7.24510018
317,-24.45180742,-3.34286463,7.92343765
318,-24.61455818,-2.74930503,7.92343765
319,-24.77265038,-2.38502885,7.24510018
320,-24.81370506,-2.08004571,7.24510018
321,-24.85475974,-1.77506257,7.24510018
322,-24.77730893,-2.15574543,7.92343765
323,-24.81836361,-1.85076229,7.92343765
324,-24.45646598,-3.11358121,8.60177511
325,-24.61921673,-2.5200216,8.60177511
326,-24.78196748,-1.926462,8.60177511
327,-24.93613511,-1.47828277,7.24510018
328,-25.01751049,-1.18150297,7.24510018
329,-24.89973899,-1.55398248,7.92343765
330,-25.06248974,-0.96042288,7.92343765
331,-25.18026124,-0.58794336,7.24510018
332,-25.22131592,-0.28296022,7.24510018
333,-25.2252405,-0.36686328,7.92343765
334,-25.26629517,-0.06188014,7.92343765
335,-24.94471824,-1.3329024,8.60177511
336,-25.10746899,-0.7393428,8.60177511
337,-25.27021975,-0.14578319,8.60177511
338,-28.70838234,-3.16068342,9.95845005
339,-29.09265496,-1.75922324,9.95845005
340,-29.47692757,-0.35776307,9.95845005
341,-24.36412627,-3.25391609,9.95845005
342,-24.52687703,-2.66035649,9.95845005
343,-24.68962778,-2.06679688,9.95845005
344,-24.93011027,-1.50025564,9.95845005
345,-25.09286103,-0.90669604,9.95845005
346,-25.25561178,-0.31313643,9.95845005
347,-20.85981295,-6.64069297,7.28401015
348,-19.90401566,-6.14857838,7.9926066
349,-20.59699505,-6.4213373,8.62527719
350,-19.21103628,-5.88180512,7.38393506
351,-18.38664794,-5.5194859,7.43389752
352,-17.5622596,-5.16858314,7.48385998
353,-18.25523899,-5.41863901,8.06398154
354,-18.94821837,-5.67468055,8.66810215
355,-16.71508421,-4.92078634,7.53520346
356,-15.86790882,-4.67890846,7.58654694
357,-17.43085065,-5.07079403,8.09966901
358,-15.68194787,-4.49429384,8.08436434
359,-16.58367526,-4.82566352,8.13634292
360,-15.68194787,-4.47348345,8.17537837
361,-17.2994417,-4.97368967,8.71092712
362,-15.68194787,-4.33537385,8.73305101
363,-15.68194787,-4.33079838,8.75293955
364,-15.68194787,-4.32808378,8.77960873
365,-20.28416965,-6.37055119,9.9479076
366,-23.34047486,-3.60571676,9.95845005
367,-22.55730594,-3.39097618,9.95845005
368,-18.63539298,-5.62760684,9.93363262
369,-17.0616673,-4.75674277,9.92000741
370,-15.68194787,-4.21972016,9.9080619
371,-15.68194787,-4.19656481,10.13586776
372,-22.85916333,-3.24906875,7.24510018
373,-22.46757887,-3.14169846,7.24510018
374,-22.07599441,-3.03432817,7.24510018
375,-21.6735861,-2.9801588,7.24510018
376,-23.18485482,-3.37073449,7.92343765
377,-22.4016859,-3.15599391,7.92343765
378,-22.01010144,-3.04862362,7.92343765
379,-21.60769313,-2.99445426,7.92343765
380,-21.27117779,-2.90580893,7.25907918
381,-20.48800887,-2.62921634,7.30654352
382,-20.8245242,-2.72348946,7.95275812
383,-20.09642441,-2.49478381,7.33027568
384,-19.70483995,-2.36292711,7.35400785
385,-20.04135528,-2.45334414,7.98666121
386,-19.64977082,-2.32213525,8.00361276
387,-22.72737738,-3.27765965,8.60177511
388,-21.94420846,-3.06291907,8.60177511
389,-21.16103954,-2.81917408,8.61062682
390,-20.37787062,-2.54517268,8.63096868
391,-19.5947017,-2.28147464,8.65131054
392,-19.30243164,-2.28249389,7.378396
393,-18.90002333,-2.20339613,7.40278416
394,-18.11685441,-1.95530341,7.45024849
395,-17.72526995,-1.83512081,7.47398066
396,-19.24736251,-2.24227298,8.02103287
397,-18.46419359,-1.99152928,8.05493597
398,-17.68102467,-1.75108895,8.08883907
399,-17.33368549,-1.71751406,7.49771283
400,-18.81153278,-2.02807997,8.6716524
401,-18.02836386,-1.78498865,8.69199425
402,-17.5785456,-0.67279494,7.48287296
403,-17.65992097,-0.41265057,7.47794117
404,-17.74129635,-0.15102662,7.47300937
405,-17.6559964,-0.33858515,8.08992253
406,-17.73737178,-0.07678773,8.08639982
407,-17.37474017,-1.45346306,7.49522469
408,-17.41579484,-1.18864497,7.49273655
409,-17.49324564,-0.85774126,8.09696795
410,-17.57069645,-0.52503121,8.70388161
411,-17.7334472,-0.00256901,8.69965435
412,-17.28944021,-1.63473254,8.10579061
413,-17.33049489,-1.37097907,8.10401337
414,-17.24519494,-1.5522007,8.71233611
415,-17.40794569,-1.0415751,8.70810886
416,-21.80978624,-3.07367289,9.95845005
417,-21.02661732,-2.81833089,9.95433566
418,-20.2434484,-2.54495574,9.94755504
419,-19.49592871,-2.18820004,9.94108307
420,-18.71275979,-1.93765761,9.93430245
421,-17.92959087,-1.69741854,9.92752183
422,-17.18207117,-1.38025294,9.92104986
423,-17.34482192,-0.86980604,9.92245895
424,-17.50757268,-0.35344084,9.92386803
425,-27.55196072,-6.19179598,11.31512498
426,-27.93623334,-4.79033581,11.31512498
427,-28.50403922,-3.45266898,11.31512498
428,-23.95357234,-3.93377386,11.31512498
429,-27.73189021,-5.08232137,12.67179992
430,-27.48244891,-4.52140676,12.67179992
431,-28.29969609,-3.74465454,12.67179992
432,-27.16408433,-6.4199882,12.67179992
433,-26.09739586,-6.63582581,12.67179992
434,-25.84795456,-6.0749112,12.67179992
435,-26.91464303,-5.85907359,12.67179992
436,-26.66520174,-5.29815898,12.67179992
437,-25.59851327,-5.51399659,12.67179992
438,-24.78126609,-6.29074881,12.67179992
439,-23.706423,-6.74457111,12.67179992
440,-23.45698171,-6.1836565,12.67179992
441,-24.53182479,-5.72983421,12.67179992
442,-24.2823835,-5.1689196,12.67179992
443,-26.41576044,-4.73724437,12.67179992
444,-25.34907197,-4.95308199,12.67179992
445,-27.23300762,-3.96049215,12.67179992
446,-26.98356632,-3.39957755,12.67179992
447,-26.16631915,-4.17632977,12.67179992
448,-25.91687785,-3.61541516,12.67179992
449,-25.09963067,-4.39216738,12.67179992
450,-24.0329422,-4.60800499,12.67179992
451,-24.85018938,-3.83125277,12.67179992
452,-23.78350091,-4.04709038,12.67179992
453,-24.0239834,-3.48054914,12.67179992
454,-29.0718451,-2.11500215,11.31512498
455,-29.45611771,-0.71354198,11.31512498
456,-24.43453733,-2.80069137,11.31512498
457,-24.19405484,-3.36723261,11.31512498
458,-24.59728808,-2.20713177,11.31512498
459,-24.83777057,-1.64059052,11.31512498
460,-25.07825306,-1.07404928,11.31512498
461,-25.24100382,-0.48048967,11.31512498
462,-28.05025479,-3.18373993,12.67179992
463,-27.8008135,-2.62282533,12.67179992
464,-28.86750197,-2.40698771,12.67179992
465,-28.61806068,-1.84607311,12.67179992
466,-27.5513722,-2.06191072,12.67179992
467,-29.43530785,-1.06932089,12.67179992
468,-28.36861938,-1.2851585,12.67179992
469,-27.30193091,-1.50099611,12.67179992
470,-29.18586656,-0.50840628,12.67179992
471,-28.11917808,-0.72424389,12.67179992
472,-27.86973679,-0.16332928,12.67179992
473,-27.2929721,-0.37354026,12.67179992
474,-26.73412503,-2.83866294,12.67179992
475,-25.66743655,-3.05450055,12.67179992
476,-26.48468373,-2.27774833,12.67179992
477,-25.41799526,-2.49358594,12.67179992
478,-26.23524244,-1.71683372,12.67179992
479,-25.65847775,-1.9270447,12.67179992
480,-24.60074808,-3.27033816,12.67179992
481,-24.84123057,-2.70379692,12.67179992
482,-24.26446589,-2.91400789,12.67179992
483,-25.08171306,-2.13725567,12.67179992
484,-24.50494838,-2.34746665,12.67179992
485,-24.74543087,-1.7809254,12.67179992
486,-27.05248961,-0.9400815,12.67179992
487,-26.47572493,-1.15029248,12.67179992
488,-25.89896024,-1.36050345,12.67179992
489,-25.32219555,-1.57071443,12.67179992
490,-25.56267804,-1.00417318,12.67179992
491,-26.71620742,-0.58375123,12.67179992
492,-26.95668991,-0.01720999,12.67179992
493,-26.37992522,-0.22742096,12.67179992
494,-26.13944273,-0.79396221,12.67179992
495,-25.80316054,-0.43763194,12.67179992
496,-25.46687834,-0.08130167,12.67179992
497,-24.98591336,-1.21438416,12.67179992
498,-25.22639585,-0.64784292,12.67179992
499,-19.97134425,-6.31952992,11.24887066
500,-19.73356985,-6.07915058,12.53401444
501,-20.55897164,-5.25436294,12.59833086
502,-19.48412856,-5.50435752,12.51457764
503,-23.17040342,-3.71903328,11.31512498
504,-22.42288373,-3.40172999,11.31512498
505,-20.30953035,-4.67314131,12.57889406
506,-20.06008905,-4.10049153,12.55945726
507,-20.38741244,-3.39797188,12.58496273
508,-19.81064776,-3.5364136,12.54002046
509,-18.39761857,-5.39894372,11.18074465
510,-18.15984417,-5.17324721,12.41138762
511,-16.82389289,-4.54276248,11.11261864
512,-15.68194787,-4.10769221,11.06318426
513,-15.68194787,-4.06443599,11.48935152
514,-19.23468726,-4.93813631,12.49514084
515,-18.98524596,-4.38048695,12.47570404
516,-17.91040288,-4.63059826,12.39195082
517,-18.73580467,-3.83140944,12.45626724
518,-17.66096158,-4.09652117,12.37251402
519,-16.58611849,-4.3317488,12.2887608
520,-17.41152028,-3.57101592,12.35307722
521,-16.3366772,-3.82124397,12.269324
522,-15.68194787,-3.88527641,12.21830661
523,-22.38213862,-6.6374788,12.67179992
524,-22.13269732,-6.07656419,12.67179992
525,-23.20754041,-5.62274189,12.67179992
526,-21.88325603,-5.51564958,12.67179992
527,-21.05785423,-6.44252174,12.63720446
528,-20.80841294,-5.84415642,12.61776766
529,-22.95809911,-5.06182729,12.67179992
530,-22.70865782,-4.50091268,12.67179992
531,-21.63381473,-4.95473498,12.67179992
532,-22.45921652,-3.93999807,12.67179992
533,-23.03598121,-3.7297871,12.67179992
534,-22.28846151,-3.41248381,12.67179992
535,-21.71169682,-3.62269479,12.67179992
536,-21.38437343,-4.37826221,12.66264727
537,-21.13493214,-3.79061201,12.64321047
538,-15.68194787,-4.49429384,13.86483849
539,-21.67536403,-3.08442671,11.31512498
540,-20.89219511,-2.81739915,11.28873396
541,-20.14467541,-2.44917438,11.25637411
542,-19.63989274,-3.01986312,12.526715
543,-20.21665743,-2.87320101,12.57165727
544,-20.04590242,-2.35394859,12.55835181
545,-19.46913773,-2.50883109,12.51340954
546,-19.39715571,-2.09548099,11.22401425
547,-18.61398679,-1.84779081,11.19011115
548,-19.06312806,-3.15909737,12.48177272
549,-18.89237305,-2.65628573,12.46846726
550,-18.48636337,-3.29090377,12.43683044
551,-18.31560836,-2.79631252,12.42352498
552,-17.73884367,-2.92891145,12.3785827
553,-18.72161803,-2.15899254,12.4551618
554,-19.29838272,-2.00331751,12.50010408
555,-17.56808866,-2.44805903,12.36527724
556,-18.14485335,-2.30723971,12.41021952
557,-17.97409834,-1.82368536,12.39691406
558,-17.16207899,-3.05408252,12.33364042
559,-16.99132398,-2.5814505,12.32033496
560,-16.0872359,-3.31931099,12.2498872
561,-16.41455929,-2.70741411,12.27539268
562,-15.83779461,-2.82594986,12.2304504
563,-15.68194787,-2.80012486,12.21830661
564,-17.39733365,-1.97272506,12.35197178
565,-16.82056896,-2.11433692,12.3070295
566,-16.24380428,-2.24852091,12.26208722
567,-16.07304927,-1.79514617,12.24878176
568,-15.68194787,-1.74526773,12.21830661
569,-17.8664671,-1.52115815,11.1577513
570,-17.52218064,-0.20663356,11.14284726
571,-17.1189474,-1.20905687,11.12539144
572,-17.28169815,-0.69878866,11.13243686
573,-18.55086302,-1.66721779,12.44185634
574,-17.80334332,-1.34564945,12.3836086
575,-17.53678861,-0.05967651,12.36283829
576,-17.22657864,-1.50290954,12.33866632
577,-16.64981395,-1.65274178,12.29372404
578,-17.05582363,-1.03861247,12.32536086
579,-15.90229426,-1.34728988,12.2354763
580,-16.47905894,-1.1966651,12.28041858
581,-16.14277675,-0.88511125,12.25421502
582,-17.29630612,-0.55331793,12.34409958
583,-16.71954143,-0.72292852,12.2991573
584,-16.96002392,-0.24084506,12.31789602
585,-15.80649455,-0.58089859,12.22801146
586,-16.38325924,-0.41458575,12.27295374
587,-16.04697704,-0.11358416,12.24675018
588,-21.54094181,-3.09518052,12.67179992
589,-20.96417713,-3.2521023,12.62990501
590,-20.79342212,-2.71911105,12.61659955
591,-9.48378045,-13.55421805,8.55047228
592,-1.23989708,-11.29379091,8.55047228
593,-6.04423439,-8.13284635,7.24510018
594,-5.86725133,-8.27179578,7.92343765
595,-6.2363707,-7.43211627,7.24510018
596,-6.05938764,-7.57106569,7.92343765
597,-5.197059,-8.01880558,7.24510018
598,-4.34988361,-7.90476481,7.24510018
599,-5.02007594,-8.15775501,7.92343765
600,-6.07454088,-7.00928503,8.60177511
601,-5.69026827,-8.4107452,8.60177511
602,-4.0414916,-7.95865977,8.60177511
603,-3.37129926,-7.70566958,7.92343765
604,-2.70110693,-7.45267939,7.24510018
605,-1.8767186,-7.22663667,7.24510018
606,-1.05233026,-7.00059396,7.24510018
607,-0.20515487,-6.88655319,7.24510018
608,-1.72252259,-7.25358415,7.92343765
609,-0.89813425,-7.02754144,7.92343765
610,-0.05095886,-6.91350067,7.92343765
611,-2.39271492,-7.50657435,8.60177511
612,-0.74393825,-7.05448892,8.60177511
613,-5.30239188,-8.63893742,9.95845005
614,-5.87019776,-7.30127059,9.95845005
615,-3.6536152,-8.18685199,9.95845005
616,-2.00483853,-7.73476656,9.95845005
617,-0.43111285,-7.06675964,9.95845005
618,-4.91451549,-8.86712963,11.31512498
619,-5.48232137,-7.52946281,11.31512498
620,-3.26573881,-8.41504421,11.31512498
621,-1.69201313,-7.74703729,11.31512498
622,-0.11828745,-7.07903037,11.31512498
623,-4.52663909,-9.09532185,12.67179992
624,-4.2771978,-8.53440724,12.67179992
625,-5.09444497,-7.75765502,12.67179992
626,-4.0277565,-7.97349264,12.67179992
627,-4.84500368,-7.19674042,12.67179992
628,-2.95291341,-8.42731493,12.67179992
629,-2.70347212,-7.86640032,12.67179992
630,-3.77831521,-7.41257803,12.67179992
631,-3.52887391,-6.85166342,12.67179992
632,-2.45403082,-7.30548572,12.67179992
633,-1.37918773,-7.75930801,12.67179992
634,-1.12974644,-7.19839341,12.67179992
635,-15.5332185,-4.49429384,7.83675553
636,-15.49209089,-4.47863806,7.83675553
637,-14.21913215,-4.04633585,7.68647186
638,-14.42549921,-4.08536777,7.83675553
639,-13.98252863,-3.92894728,7.83675553
640,-12.67897737,-3.61875456,7.25425151
641,-13.39474381,-3.74717424,7.73643432
642,-13.37466289,-3.71690319,7.83675553
643,-13.23290172,-3.66985182,7.83675553
644,-12.57035547,-3.4594291,7.78639678
645,-12.56000303,-3.44436922,7.83675553
646,-10.54227213,-4.49429384,7.83675553
647,-12.77591203,-3.10557519,7.24669824
648,-12.87284668,-2.5881194,7.23914496
649,-12.66729013,-2.94806062,7.780522
650,-12.65576659,-2.93148924,7.83675553
651,-12.64565421,-2.98525305,7.83675553
652,-12.96978134,-2.06638719,7.23159168
653,-12.74040338,-2.47407046,7.83675553
654,-12.76422478,-2.43241571,7.77464723
655,-12.78559916,-2.35701363,7.83675553
656,-13.16191764,-1.56058213,7.21662016
657,-13.35405395,-1.04652867,7.20164864
658,-13.1484974,-1.42753853,7.7513582
659,-13.17751481,-1.32224964,7.83675553
660,-13.11614524,-1.48646826,7.83675553
661,-13.3406337,-0.91272735,7.73971369
662,-13.33821123,-0.88860134,7.83675553
663,-13.37340057,-0.79218243,7.83675553
664,-13.53277001,-0.38966777,7.72806917
665,-13.53007354,-0.36266071,7.83675553
666,-7.87212881,-0.36670842,7.24510018
667,-7.88554906,-0.54439583,7.92343765
668,-7.91468989,-0.40116404,8.10256264
669,-6.428507,-6.73138618,7.24510018
670,-6.44366025,-6.16960552,7.92343765
671,-6.81277962,-5.32992601,7.24510018
672,-6.4588135,-5.60782486,8.60177511
673,-6.90971427,-4.60982693,7.24510018
674,-6.82793286,-4.76814535,7.92343765
675,-7.00664893,-3.88972784,7.24510018
676,-6.92486752,-4.04804626,7.92343765
677,-6.84308611,-4.20636468,8.60177511
678,-2.9453154,-3.57214806,7.24510018
679,-2.54290709,-3.51797869,7.24510018
680,-2.14049878,-3.46380933,7.24510018
681,-2.86859857,-3.63964443,7.92343765
682,-2.46619026,-3.58547507,7.92343765
683,-2.79188175,-3.70714081,8.60177511
684,-2.00871283,-3.49240023,8.60177511
685,-6.25447037,-5.89981042,9.95845005
686,-6.63874299,-4.49835024,9.95845005
687,-2.62181031,-3.82045733,9.95845005
688,-1.83864139,-3.60571676,9.95845005
689,-1.05547247,-3.39097618,9.95845005
690,-7.19878523,-3.18899776,7.24510018
691,-7.11700383,-3.34731618,7.92343765
692,-7.39092154,-2.48826767,7.24510018
693,-7.50127644,-1.945856,7.92343765
694,-7.28471732,-2.68555621,8.16629088
695,-7.22735873,-2.80490451,8.60177511
696,-7.26333823,-2.6736856,8.60177511
697,-7.77519415,-1.0868075,7.24510018
698,-3.02669078,-3.27536826,7.24510018
699,-3.10806615,-2.97858845,7.24510018
700,-2.94997395,-3.34286463,7.92343765
701,-3.1127247,-2.74930503,7.92343765
702,-3.27081691,-2.38502885,7.24510018
703,-3.31187158,-2.08004571,7.24510018
704,-3.35292626,-1.77506257,7.24510018
705,-3.27547546,-2.15574543,7.92343765
706,-3.31653014,-1.85076229,7.92343765
707,-1.35732986,-3.24906875,7.24510018
708,-0.9657454,-3.14169846,7.24510018
709,-0.57416094,-3.03432817,7.24510018
710,-0.17175263,-2.9801588,7.24510018
711,-1.68302134,-3.37073449,7.92343765
712,-0.89985242,-3.15599391,7.92343765
713,-0.50826796,-3.04862362,7.92343765
714,-0.10585965,-2.99445426,7.92343765
715,-2.9546325,-3.11358121,8.60177511
716,-3.11738326,-2.5200216,8.60177511
717,-3.28013401,-1.926462,8.60177511
718,-1.22554391,-3.27765965,8.60177511
719,-0.44237499,-3.06291907,8.60177511
720,-3.43430164,-1.47828277,7.24510018
721,-3.51567702,-1.18150297,7.24510018
722,-3.39790551,-1.55398248,7.92343765
723,-3.56065627,-0.96042288,7.92343765
724,-3.67842777,-0.58794336,7.24510018
725,-3.71948245,-0.28296022,7.24510018
726,-3.72340702,-0.36686328,7.92343765
727,-3.7644617,-0.06188014,7.92343765
728,-3.44288476,-1.3329024,8.60177511
729,-3.60563552,-0.7393428,8.60177511
730,-3.76838627,-0.14578319,8.60177511
731,-7.20654887,-3.16068342,9.95845005
732,-7.35762502,-2.72603777,10.52236266
733,-3.02504355,-2.66035649,9.95845005
734,-2.8622928,-3.25391609,9.95845005
735,-3.18779431,-2.06679688,9.95845005
736,-0.30795277,-3.07367289,9.95845005
737,-3.4282768,-1.50025564,9.95845005
738,-3.59102755,-0.90669604,9.95845005
739,-3.75377831,-0.31313643,9.95845005
740,-10.54227213,-4.49429384,13.86483849
741,-10.39175547,-1.55694646,14.39999615
742,-6.05012725,-6.19179598,11.31512498
743,-6.43439986,-4.79033581,11.31512498
744,-7.00220574,-3.45266898,11.31512498
745,-2.45173887,-3.93377386,11.31512498
746,-1.66856995,-3.71903328,11.31512498
747,-0.92105025,-3.40172999,11.31512498
748,-5.66225085,-6.4199882,12.67179992
749,-4.59556238,-6.63582581,12.67179992
750,-4.34612109,-6.0749112,12.67179992
751,-5.41280956,-5.85907359,12.67179992
752,-5.16336826,-5.29815898,12.67179992
753,-4.09667979,-5.51399659,12.67179992
754,-6.23005674,-5.08232137,12.67179992
755,-5.98061544,-4.52140676,12.67179992
756,-6.79786262,-3.74465454,12.67179992
757,-4.91392697,-4.73724437,12.67179992
758,-5.73117414,-3.96049215,12.67179992
759,-5.48173285,-3.39957755,12.67179992
760,-4.66448567,-4.17632977,12.67179992
761,-4.41504438,-3.61541516,12.67179992
762,-3.27943261,-6.29074881,12.67179992
763,-2.20458953,-6.74457111,12.67179992
764,-1.95514823,-6.1836565,12.67179992
765,-3.02999132,-5.72983421,12.67179992
766,-2.78055002,-5.1689196,12.67179992
767,-0.88030514,-6.6374788,12.67179992
768,-0.63086385,-6.07656419,12.67179992
769,-1.70570694,-5.62274189,12.67179992
770,-0.38142255,-5.51564958,12.67179992
771,-3.8472385,-4.95308199,12.67179992
772,-3.5977972,-4.39216738,12.67179992
773,-2.53110873,-4.60800499,12.67179992
774,-3.3483559,-3.83125277,12.67179992
775,-2.28166743,-4.04709038,12.67179992
776,-2.52214992,-3.48054914,12.67179992
777,-1.45626564,-5.06182729,12.67179992
778,-1.20682434,-4.50091268,12.67179992
779,-0.13198126,-4.95473498,12.67179992
780,-1.53414773,-3.7297871,12.67179992
781,-0.95738305,-3.93999807,12.67179992
782,-0.78662804,-3.41248381,12.67179992
783,-0.20986335,-3.62269479,12.67179992
784,-2.93270385,-2.80069137,11.31512498
785,-2.69222136,-3.36723261,11.31512498
786,-3.09545461,-2.20713177,11.31512498
787,-0.17353055,-3.08442671,11.31512498
788,-3.3359371,-1.64059052,11.31512498
789,-3.57641959,-1.07404928,11.31512498
790,-3.73917034,-0.48048967,11.31512498
791,-7.25453643,-2.66879845,12.67179992
792,-6.54842132,-3.18373993,12.67179992
793,-6.29898002,-2.62282533,12.67179992
794,-6.04953873,-2.06191072,12.67179992
795,-5.23229155,-2.83866294,12.67179992
796,-4.16560308,-3.05450055,12.67179992
797,-4.98285026,-2.27774833,12.67179992
798,-3.91616178,-2.49358594,12.67179992
799,-4.73340896,-1.71683372,12.67179992
800,-4.15664428,-1.9270447,12.67179992
801,-5.25207972,-1.55694646,12.67179992
802,-4.97389145,-1.15029248,12.67179992
803,-4.39712677,-1.36050345,12.67179992
804,-4.06084457,-1.00417318,12.67179992
805,-5.21437394,-0.58375123,12.67179992
806,-5.25207972,-0.49492198,12.67179992
807,-4.87809175,-0.22742096,12.67179992
808,-4.63760926,-0.79396221,12.67179992
809,-4.30132706,-0.43763194,12.67179992
810,-3.96504487,-0.08130167,12.67179992
811,-5.25207972,-1.55694646,14.39999615
812,-3.09891461,-3.27033816,12.67179992
813,-3.3393971,-2.70379692,12.67179992
814,-2.76263241,-2.91400789,12.67179992
815,-3.57987959,-2.13725567,12.67179992
816,-3.0031149,-2.34746665,12.67179992
817,-3.24359739,-1.7809254,12.67179992
818,-0.03910834,-3.09518052,12.67179992
819,-3.82036208,-1.57071443,12.67179992
820,-3.48407988,-1.21438416,12.67179992
821,-3.72456238,-0.64784292,12.67179992
822,-29.45747669,0.53107808,6.56676271
823,-29.649613,1.23180817,6.56676271
824,-28.0577998,0.38936071,6.56676271
825,-28.13917518,0.68614051,6.56676271
826,-28.37236616,1.69185374,6.56676271
827,-28.18022986,0.99112365,6.56676271
828,-29.8417493,1.93253825,6.56676271
829,-30.03388561,2.63326834,6.56676271
830,-30.13082027,3.35336742,6.56676271
831,-28.56450247,2.39258383,6.56676271
832,-27.83704879,3.33872562,6.56676271
833,-26.65812291,0.24764334,6.56676271
834,-26.82087367,0.84120294,6.56676271
835,-26.73949829,0.54442314,6.56676271
836,-25.3398214,0.40270577,6.56676271
837,-25.42119678,0.69948557,6.56676271
838,-26.86192834,1.14618608,6.56676271
839,-26.90298302,1.45116923,6.56676271
840,-25.50257215,0.99626538,6.56676271
841,-25.54362683,1.30124852,6.56676271
842,-25.58468151,1.60623166,6.56676271
843,-25.25844602,0.10592597,6.56676271
844,-27.09511933,2.15189931,6.56676271
845,-25.62573619,1.9112148,6.56676271
846,-26.36766565,3.09804111,6.56676271
847,-25.97608118,3.2054114,6.56676271
848,-25.58449672,3.31278169,6.56676271
849,-25.23415173,2.01858509,6.56676271
850,-24.84256727,2.12595538,6.56676271
851,-24.45098281,2.23332567,6.56676271
852,-24.0485745,2.28749503,6.56676271
853,-23.64616618,2.3416644,6.56676271
854,-25.18208841,3.36695105,6.56676271
855,-30.22775492,4.0734665,6.56676271
856,-29.30643193,3.57941014,6.56676271
857,-30.32468957,4.79356559,6.56676271
858,-29.40336658,4.29950922,6.56676271
859,-29.50030124,5.0196083,6.56676271
860,-28.57897825,4.52555193,6.56676271
861,-28.6759129,5.24565101,6.56676271
862,-27.85152456,5.47169373,6.56676271
863,-27.1095951,4.28486742,6.56676271
864,-26.71801064,4.39223771,6.56676271
865,-26.31560233,4.44640707,6.56676271
866,-25.46842694,4.56044784,6.56676271
867,-24.7796801,3.42112042,6.56676271
868,-23.93250471,3.53516119,6.56676271
869,-24.62125155,4.67448861,6.56676271
870,-23.79686322,4.90053133,6.56676271
871,-27.00434917,5.5857345,6.56676271
872,-26.15717378,5.69977527,6.56676271
873,-25.30999839,5.81381604,6.56676271
874,-24.48561005,6.03985875,6.56676271
875,-23.66122172,6.26590147,6.56676271
876,-23.24375787,2.39583376,6.56676271
877,-22.85217341,2.50320405,6.56676271
878,-22.46058895,2.61057434,6.56676271
879,-22.06900449,2.71794463,6.56676271
880,-21.66659618,2.772114,6.56676271
881,-21.26418787,2.80520103,6.58528038
882,-20.86177956,2.82260935,6.61663657
883,-20.4701951,2.89119805,6.64714936
884,-20.07861064,2.95721091,6.67766215
885,-19.68702618,3.02064793,6.70817493
886,-17.7862756,0.04476451,6.85628397
887,-17.82733028,0.31558179,6.85308494
888,-17.86838496,0.58716617,6.8498859
889,-18.03113571,1.12130664,6.83720414
890,-17.94976033,0.85349662,6.84354502
891,-18.11251109,1.39059624,6.83086327
892,-18.15356577,1.66634811,6.82766423
893,-16.44247869,0.27047078,6.96099443
894,-16.48353337,0.5290777,6.9577954
895,-16.52458804,0.78845171,6.95459636
896,-16.60596342,1.04324715,6.94825548
897,-16.6873388,1.29952216,6.94191461
898,-16.72839348,1.5619302,6.93871557
899,-18.19462044,1.94286707,6.82446519
900,-18.23567512,2.22015312,6.82126616
901,-18.3170505,2.49432269,6.81492528
902,-19.28461787,3.03080093,6.73953113
903,-18.88220956,3.03961847,6.77088733
904,-18.39842587,2.76997183,6.8085844
905,-18.47980125,3.04710055,6.80224352
906,-16.76944815,1.82510532,6.93551653
907,-16.96158446,2.4414225,6.92054502
908,-17.04295984,2.70493745,6.91420414
909,-17.12433521,2.96993199,6.90786326
910,-15.6874938,2.63362627,7.01982387
911,-15.76886918,2.88648661,7.01348299
912,-23.10811638,3.7612039,6.56676271
913,-22.71653192,3.86857419,6.56676271
914,-22.32494746,3.97594448,6.56676271
915,-21.92253915,4.03011385,6.56676271
916,-21.52013084,4.08428321,6.56676271
917,-20.67295544,4.08995475,6.63135
918,-20.28137098,4.14211438,6.66186279
919,-19.88978652,4.19169816,6.69237558
920,-19.48737821,4.18726614,6.72373177
921,-22.97247488,5.12657404,6.56676271
922,-22.58089042,5.23394433,6.56676271
923,-22.17848211,5.2881137,6.56676271
924,-22.83683338,6.49194418,6.56676271
925,-21.98965799,6.60598495,6.56676271
926,-21.33130672,5.37357109,6.58005039
927,-20.48413133,5.34205472,6.64606343
928,-20.09254687,5.37778527,6.67657622
929,-19.69013856,5.35876823,6.70793241
930,-21.1424826,6.64528521,6.59476381
931,-20.29530721,6.57890925,6.66077686
932,-19.47091887,6.61654712,6.72501431
933,-19.0849699,4.18149867,6.75508797
934,-18.26058157,4.26915736,6.81932542
935,-17.22126987,3.60603288,6.90030998
936,-15.86580383,3.4929127,7.00592971
937,-15.96273849,4.10361521,6.99837644
938,-17.00205018,4.76945364,6.91739187
939,-18.86575022,5.42141652,6.77216986
940,-18.04136188,5.47264833,6.83640731
941,-18.64653054,6.64276853,6.78925175
942,-17.8221422,6.65757347,6.8534892
943,-16.7828305,5.91430857,6.93447376
944,-15.7435188,5.20839992,7.01545833
945,-15.93565511,5.82737052,7.00048681
946,-16.97496681,6.55904096,6.91950225
947,-16.12779142,6.45458952,6.98551529
948,-8.33446196,0.90300476,0.0
949,-12.82224917,3.98034456,0.0
950,-8.33446196,3.98034456,0.0
951,-10.57835557,6.07464526,0.0
952,-6.09056836,1.88604386,0.0
953,-6.09056836,4.96338367,0.0
954,-2.03018945,4.96338367,0.0
955,-13.19230413,2.23725783,4.27523614
956,-15.0428018,0.13952847,7.07005914
957,-15.13973646,0.72006549,7.06250586
958,-13.64312491,0.02073851,7.17912384
959,-13.74005957,0.56998026,7.17157056
960,-15.18079113,0.96722913,7.05930682
961,-15.26216651,1.21048956,7.05296595
962,-15.30322119,1.45955376,7.04976691
963,-13.83699422,1.12349843,7.16401729
964,-14.02913053,1.67300536,7.14904577
965,-13.25940536,1.34882075,6.41285421
966,-15.49535749,2.04246581,7.03479539
967,-14.22126684,2.2307607,7.13407425
968,-14.41340314,2.79676443,7.11910273
969,-14.5103378,3.37351571,7.11154945
970,-7.95564322,0.53107808,6.56676271
971,-8.14777952,1.23180817,6.56676271
972,-8.33991583,1.93253825,6.56676271
973,-8.53205214,2.63326834,6.56676271
974,-8.62898679,3.35336742,6.56676271
975,-14.60727245,3.95454341,7.10399617
976,-14.2200869,4.85247119,6.41285421
977,-14.70420711,4.53984753,7.09644289
978,-14.89634341,5.13305634,7.08147137
979,-15.08847972,5.73451355,7.06649985
980,-15.28061603,6.34421916,7.05152833
981,-7.80459845,3.57941014,6.56676271
982,-8.72592145,4.0734665,6.56676271
983,-8.8228561,4.79356559,6.56676271
984,-7.90153311,4.29950922,6.56676271
985,-7.99846776,5.0196083,6.56676271
986,-6.24139804,1.05974918,4.27523614
987,-6.55596633,0.38936071,6.56676271
988,-6.26102091,0.64023391,6.41285421
989,-6.6373417,0.68614051,6.56676271
990,-6.27319362,0.6492705,6.56676271
991,-6.87053269,1.69185374,6.56676271
992,-6.67839638,0.99112365,6.56676271
993,-5.15628944,0.24764334,6.56676271
994,-5.23766482,0.54442314,6.56676271
995,-5.31904019,0.84120294,6.56676271
996,-3.9193633,0.69948557,6.56676271
997,-5.36009487,1.14618608,6.56676271
998,-5.40114955,1.45116923,6.56676271
999,-4.00073868,0.99626538,6.56676271
1000,-4.04179336,1.30124852,6.56676271
1001,-4.08284803,1.60623166,6.56676271
1002,-7.062669,2.39258383,6.56676271
1003,-6.6678978,2.12413291,6.41285421
1004,-6.69860578,2.20076854,6.56676271
1005,-6.33521531,3.33872562,6.56676271
1006,-5.59328585,2.15189931,6.56676271
1007,-4.12390271,1.9112148,6.56676271
1008,-4.86583217,3.09804111,6.56676271
1009,-4.47424771,3.2054114,6.56676271
1010,-4.08266325,3.31278169,6.56676271
1011,-3.75661255,0.10592597,6.56676271
1012,-3.83798793,0.40270577,6.56676271
1013,-3.73231825,2.01858509,6.56676271
1014,-3.34073379,2.12595538,6.56676271
1015,-2.94914933,2.23332567,6.56676271
1016,-2.54674102,2.28749503,6.56676271
1017,-2.14433271,2.3416644,6.56676271
1018,-3.68025494,3.36695105,6.56676271
1019,-1.7419244,2.39583376,6.56676271
1020,-1.35033994,2.50320405,6.56676271
1021,-0.95875548,2.61057434,6.56676271
1022,-0.56717102,2.71794463,6.56676271
1023,-0.16476271,2.772114,6.56676271
1024,-6.65194481,4.10958059,4.27523614
1025,-2.62786171,4.65127424,4.27523614
1026,-6.87317119,3.64904862,6.41285421
1027,-6.86343658,3.42524811,6.56676271
1028,-7.07714477,4.52555193,6.56676271
1029,-4.91524889,4.18590006,6.41285421
1030,-5.60776163,4.28486742,6.56676271
1031,-5.21617717,4.39223771,6.56676271
1032,-4.81376886,4.44640707,6.56676271
1033,-3.96659347,4.56044784,6.56676271
1034,-7.17407943,5.24565101,6.56676271
1035,-6.34969109,5.47169373,6.56676271
1036,-5.5025157,5.5857345,6.56676271
1037,-4.65534031,5.69977527,6.56676271
1038,-3.27784663,3.42112042,6.56676271
1039,-2.43067124,3.53516119,6.56676271
1040,-3.11941808,4.67448861,6.56676271
1041,-2.90320733,4.45674689,6.41285421
1042,-2.29502974,4.90053133,6.56676271
1043,-1.6062829,3.7612039,6.56676271
1044,-1.21469844,3.86857419,6.56676271
1045,-0.82311398,3.97594448,6.56676271
1046,-0.42070567,4.03011385,6.56676271
1047,-0.01829736,4.08428321,6.56676271
1048,-0.94528503,4.99359834,6.41285421
1049,-0.62713869,5.04476453,6.56676271
1050,-0.54929629,5.05524313,6.56676271
1051,-3.80816492,5.81381604,6.56676271
1052,-2.98377658,6.03985875,6.56676271
1053,-2.15938824,6.26590147,6.56676271
1054,-1.4706414,5.12657404,6.56676271
1055,-1.07905694,5.23394433,6.56676271
1056,-0.67664863,5.2881137,6.56676271
1057,-1.33499991,6.49194418,6.56676271
1058,-0.48782452,6.60598495,6.56676271
1059,-8.33446196,7.05768436,0.0
1060,-10.57835557,9.15198506,0.0
1061,-12.82224917,11.24628576,0.0
1062,-2.03018945,9.15198506,0.0
1063,-4.27408306,11.24628576,0.0
1064,-14.16165067,9.43824865,4.27523614
1065,-14.70476017,8.4529666,6.41285421
1066,-10.58281848,9.58318017,6.41285421
1067,-6.34694153,10.15338402,6.41285421
1068,-5.68989676,10.57865634,4.27523614
1069,-2.22499984,11.28359759,6.41285421
1070,-29.47089694,0.35339067,7.24510018
1071,-29.48431718,0.17570325,7.92343765
1072,-29.66303324,1.05412075,7.24510018
1073,-29.67645349,0.87643334,7.92343765
1074,-29.88201004,1.39947601,8.60177511
1075,-29.85516955,1.75485084,7.24510018
1076,-30.06072611,2.27789351,7.92343765
1077,-30.23944217,3.15631101,7.24510018
1078,-30.26628266,2.80093618,8.60177511
1079,-25.34374598,0.31880272,7.24510018
1080,-25.42512135,0.61558252,7.24510018
1081,-25.34767055,0.23489966,7.92343765
1082,-25.5104213,0.82845927,7.92343765
1083,-25.58787211,1.20914212,7.24510018
1084,-25.62892678,1.51412526,7.24510018
1085,-25.67317206,1.42201887,7.92343765
1086,-25.2623706,0.02202292,7.24510018
1087,-25.4329705,0.44777641,8.60177511
1088,-25.59572126,1.04133601,8.60177511
1089,-25.75847201,1.63489561,8.60177511
1090,-25.66998146,1.8191084,7.24510018
1091,-25.71422674,1.72700201,7.92343765
1092,-25.32264228,1.8343723,7.92343765
1093,-25.278397,1.92647869,7.24510018
1094,-24.88681254,2.03384898,7.24510018
1095,-24.10364362,2.24858956,7.24510018
1096,-23.70123531,2.30275893,7.24510018
1097,-24.53947336,2.04911288,7.92343765
1098,-23.75630443,2.26385346,7.92343765
1099,-24.97530309,1.84963619,8.60177511
1100,-24.19213417,2.06437677,8.60177511
1101,-23.40896525,2.27911735,8.60177511
1102,-30.04473345,0.97990376,9.95845005
1103,-30.42900607,2.38136393,9.95845005
1104,-25.49609427,0.25340481,9.95845005
1105,-25.65884503,0.84696441,9.95845005
1106,-25.82159578,1.44052402,9.95845005
1107,-25.07407608,1.7578273,9.95845005
1108,-24.29090716,1.97256788,9.95845005
1109,-23.50773824,2.18730846,9.95845005
1110,-30.33637682,3.87641009,7.24510018
1111,-30.44499872,3.67935368,7.92343765
1112,-30.43331147,4.59650918,7.24510018
1113,-29.60892314,4.82255189,7.24510018
1114,-30.54193337,4.39945277,7.92343765
1115,-29.71754504,4.62549548,7.92343765
1116,-28.7845348,5.0485946,7.24510018
1117,-28.06876836,5.07758091,7.92343765
1118,-30.65055527,4.20239636,8.60177511
1119,-29.0017786,4.65448178,8.60177511
1120,-27.35300192,5.10656721,8.60177511
1121,-27.13575813,5.50068003,7.24510018
1122,-26.28858274,5.6147208,7.24510018
1123,-25.44140734,5.72876157,7.24510018
1124,-26.41999169,5.52966634,7.92343765
1125,-25.5728163,5.64370711,7.92343765
1126,-24.74842796,5.86974982,7.92343765
1127,-24.61701901,5.95480429,7.24510018
1128,-23.79263067,6.180847,7.24510018
1129,-25.70422525,5.55865264,8.60177511
1130,-24.05544858,6.01073807,8.60177511
1131,-30.81327868,3.7828241,9.95845005
1132,-29.239553,4.45083102,9.95845005
1133,-27.59077633,4.90291645,9.95845005
1134,-25.94199965,5.35500188,9.95845005
1135,-24.36827397,6.0230088,9.95845005
1136,-23.298827,2.35692829,7.24510018
1137,-22.90724254,2.46429858,7.24510018
1138,-23.35389612,2.31802282,7.92343765
1139,-22.96231166,2.42539311,7.92343765
1140,-22.51565808,2.57166887,7.24510018
1141,-21.73248916,2.78640945,7.24510018
1142,-22.17914274,2.64013369,7.92343765
1143,-21.33008085,2.82526685,7.25550933
1144,-20.92767254,2.8426083,7.27989748
1145,-20.53608808,2.91124224,7.30362965
1146,-20.14450362,2.97730035,7.32736182
1147,-21.39597382,2.84539039,7.92802027
1148,-20.99356551,2.86266496,7.94544038
1149,-20.60198105,2.93134415,7.96239193
1150,-19.81881213,3.06097502,7.99629503
1151,-22.62579633,2.49385793,8.60177511
1152,-21.84262741,2.70859851,8.60177511
1153,-21.05945849,2.88277933,8.61326526
1154,-20.27628957,3.01765236,8.63360712
1155,-19.49312065,3.14222204,8.65394898
1156,-17.78235103,0.11909242,7.47052123
1157,-17.8234057,0.38997856,7.46803309
1158,-17.77842645,0.19340016,8.08462258
1159,-17.94117721,0.72370065,8.07757716
1160,-18.06753184,1.19052864,7.45323771
1161,-17.98615646,0.92219904,7.45816951
1162,-18.14890721,1.46033781,7.44830592
1163,-18.10392796,1.25991943,8.07053174
1164,-18.18530334,1.53024818,8.06700903
1165,-17.89619796,0.52581147,8.6954271
1166,-18.05894871,1.06011026,8.69119985
1167,-18.22169946,1.60032734,8.6869726
1168,-18.18996189,1.73652491,7.44581778
1169,-18.23101657,2.01347909,7.44332964
1170,-18.22635802,1.8068705,8.06523178
1171,-18.38910877,2.35423365,8.05818636
1172,-19.3613347,3.10168904,7.37482616
1173,-18.95892639,3.10980188,7.39921431
1174,-18.55651808,3.11657925,7.42360246
1175,-18.39376732,2.56207002,7.43346605
1176,-18.4751427,2.83858485,7.42853426
1177,-18.55185952,2.9075151,8.05114094
1178,-19.03564321,3.18030252,8.03019812
1179,-18.6332349,3.18637519,8.04761823
1180,-18.38445022,2.14646272,8.68274534
1181,-18.54720097,2.69851639,8.67851809
1182,-18.70995173,3.25648836,8.67429084
1183,-22.76021854,2.50461175,9.95845005
1184,-21.97704962,2.71935232,9.95845005
1185,-21.1938807,2.90575639,9.95578382
1186,-20.44636101,3.14401716,9.94931185
1187,-19.66319209,3.26698707,9.94253123
1188,-17.74805517,0.14557482,9.92595011
1189,-17.91080592,0.67505524,9.92735919
1190,-18.07355668,1.21045395,9.92876828
1191,-18.31403917,1.73221034,9.93085036
1192,-18.47678992,2.28072427,9.93225944
1193,-18.63954068,2.8351565,9.93366853
1194,-18.88002317,3.37965362,9.93575061
1195,-22.143854,6.63293243,7.24510018
1196,-23.09965129,6.32183525,7.92343765
1197,-21.45087461,6.76323774,7.92564364
1198,-21.29667861,6.70413419,7.25753369
1199,-20.44950322,6.63759758,7.30887717
1200,-19.62511488,6.67562263,7.35883963
1201,-20.60369922,6.69654047,7.96231755
1202,-19.77931088,6.73495271,7.99800502
1203,-22.4066719,6.4628235,8.60177511
1204,-20.75789523,6.75573793,8.621098
1205,-18.80072654,6.70223122,7.40880209
1206,-17.15194987,6.721199,7.508727
1207,-16.30477448,6.61375996,7.56007048
1208,-16.48175754,6.774437,8.1407549
1209,-15.63458215,6.65809143,8.17742882
1210,-22.7194973,6.47509423,9.95845005
1211,-15.63163572,5.86134343,9.9076263
1212,-30.02392359,0.62412485,11.31512498
1213,-30.59172947,1.96179168,11.31512498
1214,-30.97600209,3.36325185,11.31512498
1215,-25.48148631,0.08605157,11.31512498
1216,-25.7219688,0.65259281,11.31512498
1217,-25.88471955,1.24615242,11.31512498
1218,-25.13719985,1.5634557,11.31512498
1219,-24.38968016,1.88075899,11.31512498
1220,-23.60651124,2.09549957,11.31512498
1221,-30.00311373,0.26834594,12.67179992
1222,-29.75367244,0.82926055,12.67179992
1223,-30.57091961,1.60601277,12.67179992
1224,-29.50423114,1.39017516,12.67179992
1225,-28.93642526,0.05250833,12.67179992
1226,-28.68698396,0.61342294,12.67179992
1227,-28.11021928,0.40321196,12.67179992
1228,-27.53345459,0.19300099,12.67179992
1229,-27.77393708,0.75954223,12.67179992
1230,-28.92746646,1.17996418,12.67179992
1231,-28.35070177,0.96975321,12.67179992
1232,-28.59118426,1.53629445,12.67179992
1233,-27.43765489,1.1158725,12.67179992
1234,-28.01441957,1.32608347,12.67179992
1235,-27.67813738,1.68241374,12.67179992
1236,-30.32147832,2.16692738,12.67179992
1237,-29.74471363,1.9567164,12.67179992
1238,-29.98519612,2.52325765,12.67179992
1239,-29.40843144,2.31304667,12.67179992
1240,-31.13872549,2.9436796,12.67179992
1241,-30.56196081,2.73346862,12.67179992
1242,-29.23767642,2.84056093,12.67179992
1243,-29.81444111,3.05077191,12.67179992
1244,-29.16794895,1.74650543,12.67179992
1245,-28.83166675,2.10283569,12.67179992
1246,-28.25490207,1.89262472,12.67179992
1247,-28.08414705,2.42013898,12.67179992
1248,-27.50738237,2.20992801,12.67179992
1249,-28.66091174,2.63034996,12.67179992
1250,-28.49015673,3.15786422,12.67179992
1251,-27.91339204,2.94765324,12.67179992
1252,-27.33662736,2.73744227,12.67179992
1253,-26.62040771,0.33912028,12.67179992
1254,-27.1971724,0.54933125,12.67179992
1255,-26.28412552,0.69545055,12.67179992
1256,-26.04364303,0.1289093,12.67179992
1257,-25.70736083,0.48523957,12.67179992
1258,-26.8608902,0.90566152,12.67179992
1259,-26.52460801,1.26199179,12.67179992
1260,-27.10137269,1.47220277,12.67179992
1261,-25.94784332,1.05178082,12.67179992
1262,-25.77708831,1.57929508,12.67179992
1263,-25.20032362,1.3690841,12.67179992
1264,-24.45280393,1.68638739,12.67179992
1265,-26.93061768,1.99971703,12.67179992
1266,-26.353853,1.78950605,12.67179992
1267,-26.75986267,2.52723129,12.67179992
1268,-25.6063333,2.10680934,12.67179992
1269,-26.18309798,2.31702032,12.67179992
1270,-27.16587234,3.26495653,12.67179992
1271,-26.58910766,3.05474555,12.67179992
1272,-26.01234297,2.84453458,12.67179992
1273,-25.43557829,2.6343236,12.67179992
1274,-25.84158796,3.37204884,12.67179992
1275,-25.02956861,1.89659837,12.67179992
1276,-24.8588136,2.42411263,12.67179992
1277,-23.70528423,2.00369068,12.67179992
1278,-24.28204891,2.21390165,12.67179992
1279,-23.53452922,2.53120494,12.67179992
1280,-24.68805859,2.95162689,12.67179992
1281,-25.26482327,3.16183786,12.67179992
1282,-24.1112939,2.74141591,12.67179992
1283,-23.94053889,3.26893018,12.67179992
1284,-23.36377421,3.0587192,12.67179992
1285,-29.40227641,4.03125877,11.31512498
1286,-27.82855073,4.69926569,11.31512498
1287,-26.17977405,5.15135111,11.31512498
1288,-24.60604838,5.81935803,11.31512498
1289,-29.56499981,3.61168651,12.67179992
1290,-28.24071543,3.71877883,12.67179992
1291,-27.99127414,4.27969343,12.67179992
1292,-26.91643105,3.82587114,12.67179992
1293,-25.59214666,3.93296345,12.67179992
1294,-26.66698975,4.38678574,12.67179992
1295,-26.41754846,4.94770035,12.67179992
1296,-25.34270537,4.49387805,12.67179992
1297,-24.51730358,3.47914115,12.67179992
1298,-24.26786228,4.04005576,12.67179992
1299,-25.09326407,5.05479266,12.67179992
1300,-24.01842099,4.60097037,12.67179992
1301,-24.84382278,5.61570727,12.67179992
1302,-23.76897969,5.16188497,12.67179992
1303,-23.51953839,5.72279958,12.67179992
1304,-22.85899154,2.41280285,11.31512498
1305,-22.11147184,2.73010614,11.31512498
1306,-21.32830292,2.928822,11.30761291
1307,-20.58078322,3.16814308,11.27525305
1308,-17.76266313,0.29386842,11.15325766
1309,-17.92541389,0.82444877,11.16030308
1310,-18.16589638,1.34049456,11.17071348
1311,-17.7772711,0.4423118,12.38157701
1312,-17.68147139,1.25548664,12.37411217
1313,-18.01775359,0.95264699,12.40031573
1314,-18.25823608,1.47132907,12.41905445
1315,-17.20050641,0.24958529,12.33663473
1316,-16.62374173,0.06428664,12.29169245
1317,-17.4409889,0.74836253,12.35537345
1318,-16.86422422,0.55150591,12.31043117
1319,-16.28745953,0.36207715,12.26548889
1320,-15.71069485,0.18007625,12.22054661
1321,-15.68194787,0.15801713,12.21830661
1322,-16.52794202,0.84608535,12.28422761
1323,-15.95117734,0.65252649,12.23928533
1324,-15.68194787,0.6453819,12.21830661
1325,-17.10470671,1.04707207,12.32916989
1326,-17.3451892,1.55098511,12.34790861
1327,-16.76842451,1.33844043,12.30296633
1328,-15.70173604,1.10713341,12.21984853
1329,-18.56912962,2.41577973,11.1881693
1330,-18.40637887,1.86488724,11.18112388
1331,-18.80961211,2.95571621,11.1985797
1332,-18.49871857,1.99835803,12.43779317
1333,-18.73920106,2.53373387,12.45653189
1334,-17.58567169,2.06324503,12.36664733
1335,-17.92195389,1.77095764,12.39285089
1336,-18.16243638,2.29477552,12.41158961
1337,-18.97968355,3.0774566,12.47527061
1338,-18.40291887,2.82694029,12.43032833
1339,-18.15347757,3.30586788,12.41089153
1340,-17.33623039,2.53406573,12.34721053
1341,-16.51898322,1.80115424,12.28352953
1342,-16.26954192,2.25529621,12.26409273
1343,-17.0867891,2.99631459,12.32777373
1344,-16.02010063,2.70086633,12.24465593
1345,-15.77065933,3.13786459,12.22521913
1346,-22.95776453,2.32099396,12.67179992
1347,-22.78700952,2.84850822,12.67179992
1348,-22.61625451,3.37602249,12.67179992
1349,-22.21024483,2.63829725,12.67179992
1350,-21.46272514,2.95197619,12.66875254
1351,-22.03948982,3.16581151,12.67179992
1352,-20.71520544,3.19235756,12.61050481
1353,-15.68194787,0.6453819,13.86483849
1354,-19.83326352,3.39293278,11.2428932
1355,-20.54445043,3.68691716,12.59719935
1356,-19.96768574,3.41820757,12.55225707
1357,-20.29500913,4.1975239,12.57776254
1358,-20.04556783,4.6995588,12.55832574
1359,-23.0323227,6.48736495,11.31512498
1360,-19.79612654,5.19302185,12.53888894
1361,-19.54668524,5.67791305,12.51945214
1362,-19.0500946,3.50399957,11.2089901
1363,-19.22016604,3.6295262,12.49400933
1364,-18.97072475,4.11656068,12.47457253
1365,-17.90403627,3.77622362,12.39145473
1366,-18.72128345,4.59502331,12.45513572
1367,-17.65459498,4.23800752,12.37201793
1368,-18.47184216,5.0649141,12.43569892
1369,-16.8373478,3.44999159,12.30833693
1370,-16.58790651,3.89509675,12.28890013
1371,-17.40515368,4.69121956,12.35258112
1372,-16.33846521,4.33163006,12.26946333
1373,-16.08902392,4.75959152,12.25002652
1374,-16.01951211,6.13713507,11.07779729
1375,-18.22240086,5.52623303,12.41626212
1376,-19.29724395,6.15423241,12.50001534
1377,-19.04780265,6.62197992,12.48057854
1378,-17.97295956,5.97898012,12.39682532
1379,-17.72351827,6.42315536,12.37738852
1380,-17.15571239,5.13585976,12.33314432
1381,-16.90627109,5.57192811,12.31370752
1382,-15.83958262,5.17898113,12.23058972
1383,-16.6568298,5.99942461,12.29427072
1384,-16.4073885,6.41834927,12.27483392
1385,-23.19301919,3.58623346,12.67179992
1386,-22.9435779,4.14714807,12.67179992
1387,-21.86873481,3.69332577,12.67179992
1388,-22.6941366,4.70806268,12.67179992
1389,-21.61929351,4.25424038,12.67179992
1390,-21.29197012,3.46027462,12.65544708
1391,-21.36985222,4.79540571,12.66151576
1392,-22.44469531,5.26897728,12.67179992
1393,-22.19525401,5.82989189,12.67179992
1394,-23.2700971,6.28371419,12.67179992
1395,-21.94581271,6.3908065,12.67179992
1396,-21.12041092,5.31244102,12.64207896
1397,-20.87096963,5.82090449,12.62264216
1398,-20.62152833,6.32079612,12.60320536
1399,-18.13053421,6.77752779,8.06937996
1400,-19.10911855,6.82192031,8.66392297
1401,-17.46034188,6.84243682,8.70674793
1402,-15.8115652,6.81728746,8.7495729
1403,-21.07072062,6.83477788,9.95471751
1404,-19.49699495,7.12445905,9.9410923
1405,-17.84821827,7.138822,9.92681731
1406,-16.1994416,7.10751909,9.91254233
1407,-19.80982034,7.20954385,11.24187835
1408,-21.38354602,6.914053,11.31000436
1409,-20.37208704,6.81211589,12.58376856
1410,-20.12264574,7.29486382,12.56433176
1411,-18.23609466,7.44062974,11.17375234
1412,-16.58731799,7.40317326,11.1023774
1413,-18.79836136,7.08115557,12.46114174
1414,-18.54892006,7.53175939,12.44170494
1415,-17.47407697,6.85875875,12.35795172
1416,-17.22463568,7.28579029,12.33851492
1417,-16.97519438,7.70424999,12.31907812
1418,-21.69637142,6.95172111,12.67179992
1419,-13.62970467,0.15552914,7.7221944
1420,-13.62687123,0.18395683,7.83675553
1421,-13.70240748,0.61391396,7.83675553
1422,-13.72663932,0.70500247,7.71631963
1423,-13.71358479,0.6453819,7.83675553
1424,-13.81441356,0.9197579,7.88674431
1425,-14.04589125,1.55379246,8.00225957
1426,-14.0467109,1.55333735,8.01599054
1427,-13.60658408,0.06946532,7.83675553
1428,-14.05937157,1.54630759,8.24561911
1429,-14.06726819,1.54192304,8.38000356
1430,-14.09025632,1.52915902,8.7942818
1431,-14.11091193,1.80114241,7.6930306
1432,-14.30304824,2.36158497,7.68138608
1433,-14.49518455,2.93027593,7.66974157
1434,-14.38482965,2.49320247,8.23153015
1435,-14.27447475,2.05979616,8.78949695
1436,-14.57696596,3.06458066,8.22321264
1437,-14.65874736,3.19967861,8.77951594
1438,-10.54227213,0.6453819,7.83675553
1439,-7.96906346,0.35339067,7.24510018
1440,-7.98248371,0.17570325,7.92343765
1441,-7.98588504,0.13066884,8.09536052
1442,-8.16119977,1.05412075,7.24510018
1443,-8.17462002,0.87643334,7.92343765
1444,-8.35333608,1.75485084,7.24510018
1445,-8.44246938,1.8112847,8.04917229
1446,-8.55889263,2.27789351,7.92343765
1447,-8.73760869,3.15631101,7.24510018
1448,-14.05216647,1.55030818,9.46427771
1449,-14.02753289,1.56398583,9.8937381
1450,-14.29528461,2.3387793,9.89605627
1451,-14.68905386,4.09260302,7.65799202
1452,-14.5921192,3.50930127,7.6638668
1453,-14.67390061,3.64588005,8.21901637
1454,-15.05817322,4.82601941,8.20238135
1455,-15.04301998,4.37255464,8.76953492
1456,-15.07332647,5.28000571,7.63470299
1457,-15.26546278,5.88607966,7.62305848
1458,-15.45759909,6.50040199,7.61141396
1459,-15.42729259,5.57842425,8.75955391
1460,-15.44244584,6.03915236,8.18574633
1461,-8.83454335,3.87641009,7.24510018
1462,-8.94316525,3.67935368,7.92343765
1463,-8.931478,4.59650918,7.24510018
1464,-8.10708966,4.82255189,7.24510018
1465,-9.0400999,4.39945277,7.92343765
1466,-8.21571156,4.62549548,7.92343765
1467,-10.39175547,3.58272929,8.3719132
1468,-8.95775533,3.58272929,8.3719132
1469,-8.97881252,3.58272929,8.60177511
1470,-9.1487218,4.20239636,8.60177511
1471,-14.86309049,3.4581789,9.9009723
1472,-15.2473631,4.64326437,9.9042993
1473,-9.31144521,3.7828241,9.95845005
1474,-9.38904831,3.58272929,10.60545094
1475,-3.92328788,0.61558252,7.24510018
1476,-4.00858783,0.82845927,7.92343765
1477,-4.08603863,1.20914212,7.24510018
1478,-4.12709331,1.51412526,7.24510018
1479,-4.17133858,1.42201887,7.92343765
1480,-3.93113703,0.44777641,8.60177511
1481,-4.09388778,1.04133601,8.60177511
1482,-4.25663854,1.63489561,8.60177511
1483,-4.16814799,1.8191084,7.24510018
1484,-4.21239326,1.72700201,7.92343765
1485,-3.76053712,0.02202292,7.24510018
1486,-3.8419125,0.31880272,7.24510018
1487,-3.84583708,0.23489966,7.92343765
1488,-3.77656353,1.92647869,7.24510018
1489,-3.38497907,2.03384898,7.24510018
1490,-2.60181015,2.24858956,7.24510018
1491,-2.19940184,2.30275893,7.24510018
1492,-3.8208088,1.8343723,7.92343765
1493,-3.03763988,2.04911288,7.92343765
1494,-2.25447096,2.26385346,7.92343765
1495,-1.79699352,2.35692829,7.24510018
1496,-1.40540906,2.46429858,7.24510018
1497,-1.85206265,2.31802282,7.92343765
1498,-1.46047819,2.42539311,7.92343765
1499,-1.0138246,2.57166887,7.24510018
1500,-0.23065568,2.78640945,7.24510018
1501,-0.67730927,2.64013369,7.92343765
1502,-3.47346962,1.84963619,8.60177511
1503,-2.6903007,2.06437677,8.60177511
1504,-1.90713177,2.27911735,8.60177511
1505,-1.12396285,2.49385793,8.60177511
1506,-0.34079393,2.70859851,8.60177511
1507,-3.9942608,0.25340481,9.95845005
1508,-4.15701155,0.84696441,9.95845005
1509,-4.31976231,1.44052402,9.95845005
1510,-3.57224261,1.7578273,9.95845005
1511,-2.78907369,1.97256788,9.95845005
1512,-2.00590477,2.18730846,9.95845005
1513,-1.25838507,2.50461175,9.95845005
1514,-0.47521615,2.71935232,9.95845005
1515,-7.28270133,5.0485946,7.24510018
1516,-6.56693489,5.07758091,7.92343765
1517,-7.49994512,4.65448178,8.60177511
1518,-5.63392465,5.50068003,7.24510018
1519,-4.78674926,5.6147208,7.24510018
1520,-3.93957387,5.72876157,7.24510018
1521,-4.91815821,5.52966634,7.92343765
1522,-4.07098282,5.64370711,7.92343765
1523,-5.85116845,5.10656721,8.60177511
1524,-4.20239178,5.55865264,8.60177511
1525,-3.24659449,5.86974982,7.92343765
1526,-3.11518553,5.95480429,7.24510018
1527,-2.2907972,6.180847,7.24510018
1528,-0.64202052,6.63293243,7.24510018
1529,-1.59781781,6.32183525,7.92343765
1530,-2.5536151,6.01073807,8.60177511
1531,-0.90483843,6.4628235,8.60177511
1532,-7.73771953,4.45083102,9.95845005
1533,-6.08894285,4.90291645,9.95845005
1534,-4.44016618,5.35500188,9.95845005
1535,-2.8664405,6.0230088,9.95845005
1536,-1.21766382,6.47509423,9.95845005
1537,-13.97237183,1.59461367,10.86566295
1538,-13.97880077,1.59104404,10.98945564
1539,-13.99907113,1.57978905,11.35286591
1540,-14.03807905,1.55813014,12.09021414
1541,-15.45229475,1.55316849,12.20041173
1542,-14.49962773,2.58748328,11.01200205
1543,-14.13616498,1.74007226,12.09785713
1544,-15.20285345,1.99063172,12.18097493
1545,-14.95341215,2.4195231,12.16153813
1546,-14.70397086,2.83984263,12.14210133
1547,-15.06743361,3.72033456,11.03658216
1548,-15.45170623,4.91762947,11.05321718
1549,-15.52121803,3.56629102,12.20578233
1550,-15.27177674,3.98614559,12.18634553
1551,-7.90044293,4.03125877,11.31512498
1552,-8.1313853,3.58272929,12.67179992
1553,-8.06316634,3.61168651,12.67179992
1554,-10.39175547,3.58272929,14.39999615
1555,-3.97965283,0.08605157,11.31512498
1556,-4.22013532,0.65259281,11.31512498
1557,-4.38288608,1.24615242,11.31512498
1558,-3.63536638,1.5634557,11.31512498
1559,-2.88784668,1.88075899,11.31512498
1560,-2.10467776,2.09549957,11.31512498
1561,-1.35715806,2.41280285,11.31512498
1562,-0.60963837,2.73010614,11.31512498
1563,-5.11857424,0.33912028,12.67179992
1564,-4.54180955,0.1289093,12.67179992
1565,-4.78229204,0.69545055,12.67179992
1566,-4.20552736,0.48523957,12.67179992
1567,-5.02277453,1.26199179,12.67179992
1568,-5.25207972,1.50030114,12.67179992
1569,-4.44600985,1.05178082,12.67179992
1570,-4.27525484,1.57929508,12.67179992
1571,-5.25207972,2.01400678,12.67179992
1572,-5.25207972,2.52771241,12.67179992
1573,-4.85201952,1.78950605,12.67179992
1574,-4.10449982,2.10680934,12.67179992
1575,-4.68126451,2.31702032,12.67179992
1576,-5.08727418,3.05474555,12.67179992
1577,-4.5105095,2.84453458,12.67179992
1578,-3.93374481,2.6343236,12.67179992
1579,-4.33975449,3.37204884,12.67179992
1580,-3.69849015,1.3690841,12.67179992
1581,-2.95097045,1.68638739,12.67179992
1582,-3.52773514,1.89659837,12.67179992
1583,-3.35698013,2.42411263,12.67179992
1584,-2.20345075,2.00369068,12.67179992
1585,-2.78021544,2.21390165,12.67179992
1586,-2.03269574,2.53120494,12.67179992
1587,-3.18622511,2.95162689,12.67179992
1588,-3.7629898,3.16183786,12.67179992
1589,-2.60946043,2.74141591,12.67179992
1590,-2.43870542,3.26893018,12.67179992
1591,-1.45593106,2.32099396,12.67179992
1592,-1.28517604,2.84850822,12.67179992
1593,-1.86194073,3.0587192,12.67179992
1594,-1.11442103,3.37602249,12.67179992
1595,-0.70841136,2.63829725,12.67179992
1596,-0.53765635,3.16581151,12.67179992
1597,-6.32671725,4.69926569,11.31512498
1598,-4.67794058,5.15135111,11.31512498
1599,-3.1042149,5.81935803,11.31512498
1600,-1.53048922,6.48736495,11.31512498
1601,-6.73888196,3.71877883,12.67179992
1602,-6.48944066,4.27969343,12.67179992
1603,-5.25207972,3.58272929,12.67179992
1604,-5.41459757,3.82587114,12.67179992
1605,-4.09031319,3.93296345,12.67179992
1606,-5.16515628,4.38678574,12.67179992
1607,-4.91571498,4.94770035,12.67179992
1608,-5.25207972,3.58272929,14.39999615
1609,-3.0154701,3.47914115,12.67179992
1610,-2.76602881,4.04005576,12.67179992
1611,-3.84087189,4.49387805,12.67179992
1612,-3.5914306,5.05479266,12.67179992
1613,-2.51658751,4.60097037,12.67179992
1614,-1.69118572,3.58623346,12.67179992
1615,-1.44174442,4.14714807,12.67179992
1616,-0.36690134,3.69332577,12.67179992
1617,-1.19230313,4.70806268,12.67179992
1618,-0.11746004,4.25424038,12.67179992
1619,-3.3419893,5.61570727,12.67179992
1620,-2.26714622,5.16188497,12.67179992
1621,-2.01770492,5.72279958,12.67179992
1622,-0.94286183,5.26897728,12.67179992
1623,-0.69342054,5.82989189,12.67179992
1624,-1.76826362,6.28371419,12.67179992
1625,-0.44397924,6.3908065,12.67179992
1626,-0.19453794,6.95172111,12.67179992
1627,4.27408306,-10.55153783,0.0
1628,2.03018945,-8.45723713,0.0
1629,12.82224917,-10.55153783,0.0
1630,10.57835557,-8.45723713,0.0
1631,0.10706137,-10.87395159,6.41285421
1632,2.22499984,-10.58884966,6.41285421
1633,5.68989676,-9.88390842,4.27523614
1634,3.77072798,-10.16501957,6.41285421
1635,6.34694153,-9.45863609,6.41285421
1636,14.16165067,-8.74350072,4.27523614
1637,10.58281848,-8.88843224,6.41285421
1638,14.70476017,-7.75821867,6.41285421
1639,15.28061603,-7.99389693,6.56676271
1640,15.08847972,-7.29316684,6.56676271
1641,2.03018945,-4.26863574,0.0
1642,6.09056836,-4.26863574,0.0
1643,6.09056836,-1.19129594,0.0
1644,8.33446196,-6.36293644,0.0
1645,10.57835557,-5.37989733,0.0
1646,8.33446196,-3.28559664,0.0
1647,8.33446196,-0.20825683,0.0
1648,12.82224917,-3.28559664,0.0
1649,2.62786171,-3.95652632,4.27523614
1650,6.65194481,-3.41483266,4.27523614
1651,0.48782452,-6.64580764,6.60477465
1652,1.33499991,-6.36318799,6.6707877
1653,0.67664863,-5.31663885,6.61948808
1654,1.07905694,-5.1982148,6.65084428
1655,2.15938824,-5.98639453,6.73502514
1656,2.98377658,-5.62101753,6.79926259
1657,3.80816492,-5.267057,6.86350004
1658,0.94528503,-4.29885041,6.41285421
1659,0.88561107,-4.30280001,6.63577072
1660,1.01308501,-4.36880636,6.41374679
1661,1.01308501,-4.28021033,6.41374679
1662,1.14481447,-4.24409084,6.41374679
1663,1.15138212,-4.24233973,6.41285421
1664,1.26952999,-4.36880636,6.41374679
1665,1.01308501,-4.36880636,6.57424668
1666,1.18590066,-4.44451252,6.57765862
1667,1.16932161,-4.36869499,6.57636676
1668,1.01134253,-4.27224182,6.56543195
1669,1.26952999,-4.36880636,6.57424668
1670,1.26950563,-4.36869499,6.57636676
1671,1.44234564,-4.44451252,6.57765862
1672,1.26952999,-4.24427018,6.57424668
1673,1.01226488,-4.36505585,6.64563975
1674,1.01042279,-4.35663181,6.64549621
1675,1.18590066,-4.44451252,6.65916968
1676,1.16838609,-4.36441678,6.65780493
1677,1.44234564,-4.44451252,6.67915222
1678,0.01829736,-4.22153488,6.56818847
1679,0.42070567,-4.11685766,6.59954466
1680,0.82311398,-4.01351589,6.63090086
1681,1.01308501,-4.11236138,6.41374679
1682,1.26952999,-4.11236138,6.41374679
1683,1.11145274,-4.10405531,6.57185754
1684,1.44234564,-4.18806753,6.57765862
1685,1.26952999,-4.11236138,6.57199907
1686,1.2677137,-4.10405531,6.57185754
1687,1.01042279,-4.10018683,6.64549621
1688,1.11051722,-4.0997771,6.65329571
1689,1.44234564,-4.18806753,6.67915222
1690,1.05909442,-3.86461588,6.56777771
1691,1.31553941,-3.86461588,6.56777771
1692,1.05909442,-3.86461588,6.64928877
1693,1.05909442,-3.60817089,6.56777771
1694,1.31553941,-3.60817089,6.56777771
1695,1.05909442,-3.60817089,6.64928877
1696,1.31553941,-3.60817089,6.66927131
1697,1.6062829,-3.71228324,6.69192643
1698,2.29502974,-4.69068779,6.74559451
1699,3.11941808,-4.36072955,6.80983196
1700,2.90320733,-3.76199896,6.41285421
1701,2.43067124,-3.4063273,6.75616388
1702,4.65534031,-5.0165939,6.92951308
1703,5.5025157,-4.77204973,6.99552613
1704,4.91524889,-3.49115214,6.41285421
1705,3.96659347,-4.13742702,6.875845
1706,4.81376886,-3.92004342,6.94185805
1707,5.21617717,-3.81885968,6.97321425
1708,6.34969109,-4.53342448,7.06153917
1709,7.17407943,-4.21711804,7.12577662
1710,7.07714477,-3.66891189,7.11822334
1711,6.24139804,-0.36500126,4.27523614
1712,0.16476271,-2.89735073,6.57960124
1713,0.56717102,-2.80909123,6.61095744
1714,0.95875548,-2.67143506,6.64147023
1715,1.35033994,-2.53635473,6.67198301
1716,1.7419244,-2.40385024,6.7024958
1717,3.27784663,-3.21018534,6.82217693
1718,3.68025494,-3.11909138,6.85353312
1719,2.14433271,-2.32284606,6.733852
1720,2.54674102,-2.24317734,6.76520819
1721,2.94914933,-2.16484408,6.79656439
1722,3.34073379,-2.0408353,6.82707718
1723,3.73231825,-1.91940235,6.85758996
1724,3.83798793,-0.48673617,6.86582389
1725,3.75661255,-0.22528569,6.85948301
1726,4.08266325,-3.02933288,6.88488932
1727,4.47424771,-2.89610401,6.91540211
1728,5.50982156,-3.21901975,6.99609541
1729,4.86583217,-2.76545097,6.94591489
1730,4.12390271,-1.80054524,6.88810275
1731,5.59328585,-1.91082591,7.00259906
1732,6.87317119,-2.95430069,6.41285421
1733,6.33521531,-2.81684189,7.0604112
1734,6.94510646,-2.80455139,7.10793474
1735,6.76607203,-2.1586925,6.41285421
1736,7.062669,-1.99943989,7.11709537
1737,4.08284803,-1.53619672,6.88490372
1738,4.04179336,-1.27108111,6.88170468
1739,4.00073868,-1.0051984,6.87850565
1740,5.40114955,-1.33910721,6.98762754
1741,5.36009487,-1.0861126,6.98442851
1742,3.9193633,-0.74670707,6.87216477
1743,5.23766482,-0.58545777,6.97488859
1744,5.31904019,-0.8323509,6.98122947
1745,5.15628944,-0.33708508,6.96854771
1746,6.6678978,-1.42938499,6.41285421
1747,6.67839638,-0.91366774,7.08715233
1748,6.87053269,-1.46067801,7.10212385
1749,6.27871121,-0.01000333,6.41285421
1750,6.6373417,-0.67202703,7.0839533
1751,6.55596633,-0.43673212,7.07761242
1752,7.99846776,-3.91222807,7.19001407
1753,14.89634341,-6.59243676,6.56676271
1754,14.70420711,-5.89170667,6.56676271
1755,14.60727245,-5.17160759,6.56676271
1756,14.5103378,-4.45150851,6.56676271
1757,14.2200869,-4.15772326,6.41285421
1758,14.41340314,-3.73140942,6.56676271
1759,13.19230413,-1.5425099,4.27523614
1760,7.90153311,-3.38153531,7.18246079
1761,7.80459845,-2.84656612,7.17490751
1762,7.95564322,-0.52422681,7.18667712
1763,14.22126684,-3.03067934,6.56676271
1764,15.49535749,-2.65831362,6.56676271
1765,14.02913053,-2.32994925,6.56676271
1766,15.30322119,-1.95758354,6.56676271
1767,13.25940536,-0.65407283,6.41285421
1768,13.83699422,-1.62921916,6.56676271
1769,13.74005957,-0.90912008,6.56676271
1770,15.26216651,-1.65260039,6.56676271
1771,15.18079113,-1.35582059,6.56676271
1772,15.13973646,-1.05083745,6.56676271
1773,13.64312491,-0.189021,6.56676271
1774,15.0428018,-0.33073837,6.56676271
1775,16.12779142,-7.87985616,6.56676271
1776,16.97496681,-7.76581539,6.56676271
1777,15.93565511,-7.17912607,6.56676271
1778,16.7828305,-7.0650853,6.56676271
1779,17.8221422,-7.65177462,6.56676271
1780,18.64653054,-7.42573191,6.56676271
1781,19.47091887,-7.19968919,6.56676271
1782,20.29530721,-6.97364648,6.56676271
1783,21.1424826,-6.85960571,6.56676271
1784,15.7435188,-6.47839599,6.56676271
1785,15.96273849,-5.09602167,6.56676271
1786,17.00205018,-5.68271099,6.56676271
1787,18.04136188,-6.26940031,6.56676271
1788,18.86575022,-6.04335759,6.56676271
1789,15.86580383,-4.37592259,6.56676271
1790,17.22126987,-4.30033668,6.56676271
1791,15.76886918,-3.65582351,6.56676271
1792,17.12433521,-3.58023759,6.56676271
1793,18.26058157,-4.88702599,6.56676271
1794,19.0849699,-4.66098328,6.56676271
1795,18.47980125,-3.50465168,6.56676271
1796,18.88220956,-3.45048231,6.56676271
1797,19.28461787,-3.39631295,6.56676271
1798,19.69013856,-5.81731488,6.56676271
1799,20.09254687,-5.76314551,6.56676271
1800,20.48413133,-5.65577522,6.56676271
1801,21.33130672,-5.54173445,6.56676271
1802,21.98965799,-6.64580764,6.60477465
1803,22.83683338,-6.36318799,6.6707877
1804,22.17848211,-5.31663885,6.61948808
1805,22.58089042,-5.1982148,6.65084428
1806,19.48737821,-4.60681391,6.56676271
1807,19.88978652,-4.55264455,6.56676271
1808,20.28137098,-4.44527426,6.56676271
1809,20.67295544,-4.33790397,6.56676271
1810,22.97247488,-5.03206249,6.68135707
1811,21.52013084,-4.22153488,6.56818847
1812,21.92253915,-4.11685766,6.59954466
1813,22.32494746,-4.01351589,6.63090086
1814,22.71653192,-3.86161164,6.66141365
1815,23.10811638,-3.71228324,6.69192643
1816,15.6874938,-3.35904371,6.56676271
1817,16.96158446,-2.98667799,6.56676271
1818,17.04295984,-3.28345779,6.56676271
1819,16.76944815,-2.28594791,6.56676271
1820,16.72839348,-1.98096476,6.56676271
1821,18.39842587,-3.20787188,6.56676271
1822,18.3170505,-2.91109208,6.56676271
1823,18.23567512,-2.61431228,6.56676271
1824,18.19462044,-2.30932914,6.56676271
1825,18.15356577,-2.00434599,6.56676271
1826,18.11251109,-1.69936285,6.56676271
1827,16.52458804,-1.08242202,6.56676271
1828,16.6873388,-1.67598162,6.56676271
1829,16.60596342,-1.37920182,6.56676271
1830,16.48353337,-0.77743888,6.56676271
1831,16.44247869,-0.47245574,6.56676271
1832,18.03113571,-1.40258305,6.56676271
1833,17.94976033,-1.10580325,6.56676271
1834,17.86838496,-0.80902345,6.56676271
1835,17.82733028,-0.50404031,6.56676271
1836,17.7862756,-0.19905717,6.56676271
1837,19.68702618,-3.34214358,6.56676271
1838,20.07861064,-3.23477329,6.56676271
1839,20.4701951,-3.127403,6.56676271
1840,20.86177956,-3.02003272,6.56676271
1841,21.26418787,-2.96586335,6.56676271
1842,21.66659618,-2.89735073,6.57960124
1843,22.06900449,-2.80909123,6.61095744
1844,22.46058895,-2.67143506,6.64147023
1845,22.85217341,-2.53635473,6.67198301
1846,23.24375787,-2.40385024,6.7024958
1847,23.66122172,-5.98639453,6.73502514
1848,24.48561005,-5.62101753,6.79926259
1849,25.30999839,-5.267057,6.86350004
1850,23.79686322,-4.69068779,6.74559451
1851,24.62125155,-4.36072955,6.80983196
1852,23.93250471,-3.4063273,6.75616388
1853,26.15717378,-5.0165939,6.92951308
1854,27.00434917,-4.77204973,6.99552613
1855,25.46842694,-4.13742702,6.875845
1856,26.31560233,-3.92004342,6.94185805
1857,26.71801064,-3.81885968,6.97321425
1858,27.1095951,-3.67641072,7.00372703
1859,27.85152456,-4.53342448,7.06153917
1860,28.6759129,-4.21711804,7.12577662
1861,28.57897825,-3.66891189,7.11822334
1862,29.50030124,-3.91222807,7.19001407
1863,24.7796801,-3.21018534,6.82217693
1864,25.18208841,-3.11909138,6.85353312
1865,23.64616618,-2.32284606,6.733852
1866,24.0485745,-2.24317734,6.76520819
1867,24.45098281,-2.16484408,6.79656439
1868,24.84256727,-2.0408353,6.82707718
1869,25.23415173,-1.91940235,6.85758996
1870,25.58449672,-3.02933288,6.88488932
1871,25.97608118,-2.89610401,6.91540211
1872,26.36766565,-2.76545097,6.94591489
1873,25.62573619,-1.80054524,6.88810275
1874,27.09511933,-1.91082591,7.00259906
1875,25.25844602,-0.22528569,6.85948301
1876,25.58468151,-1.53619672,6.88490372
1877,25.54362683,-1.27108111,6.88170468
1878,25.50257215,-1.0051984,6.87850565
1879,26.90298302,-1.33910721,6.98762754
1880,26.86192834,-1.0861126,6.98442851
1881,25.42119678,-0.74670707,6.87216477
1882,25.3398214,-0.48673617,6.86582389
1883,26.73949829,-0.58545777,6.97488859
1884,26.82087367,-0.8323509,6.98122947
1885,26.65812291,-0.33708508,6.96854771
1886,27.83704879,-2.81684189,7.0604112
1887,28.56450247,-1.99943989,7.11709537
1888,29.40336658,-3.38153531,7.18246079
1889,29.30643193,-2.84656612,7.17490751
1890,28.18022986,-0.91366774,7.08715233
1891,28.37236616,-1.46067801,7.10212385
1892,28.13917518,-0.67202703,7.0839533
1893,28.0577998,-0.43673212,7.07761242
1894,29.45747669,-0.52422681,7.18667712
1895,7.00398629,-9.03336376,8.55047228
1896,15.45759909,-8.13284635,7.24510018
1897,15.26546278,-7.43211627,7.24510018
1898,15.44244584,-7.57106569,7.92343765
1899,15.42729259,-7.00928503,8.60177511
1900,0.19453794,-7.04945892,12.65664126
1901,0.64202052,-6.64069297,7.28401015
1902,1.59781781,-6.14857838,7.9926066
1903,2.2907972,-5.88180512,7.38393506
1904,3.11518553,-5.5194859,7.43389752
1905,3.24659449,-5.41863901,8.06398154
1906,0.90483843,-6.4213373,8.62527719
1907,2.5536151,-5.67468055,8.66810215
1908,3.93957387,-5.16858314,7.48385998
1909,4.78674926,-4.92078634,7.53520346
1910,5.63392465,-4.67890846,7.58654694
1911,4.07098282,-5.07079403,8.09966901
1912,5.8198856,-4.49429384,8.08436434
1913,5.96861497,-4.49429384,7.83675553
1914,6.00974259,-4.47863806,7.83675553
1915,7.28270133,-4.04633585,7.68647186
1916,7.07633426,-4.08536777,7.83675553
1917,7.51930485,-3.92894728,7.83675553
1918,4.91815821,-4.82566352,8.13634292
1919,5.8198856,-4.47348345,8.17537837
1920,4.20239178,-4.97368967,8.71092712
1921,5.8198856,-4.33537385,8.73305101
1922,5.8198856,-4.33079838,8.75293955
1923,5.8198856,-4.32808378,8.77960873
1924,1.21766382,-6.37055119,9.9479076
1925,2.8664405,-5.62760684,9.93363262
1926,4.44016618,-4.75674277,9.92000741
1927,5.8198856,-4.21972016,9.9080619
1928,5.8198856,-4.19656481,10.13586776
1929,0.23065568,-2.90580893,7.25907918
1930,1.0138246,-2.62921634,7.30654352
1931,0.67730927,-2.72348946,7.95275812
1932,1.40540906,-2.49478381,7.33027568
1933,1.79699352,-2.36292711,7.35400785
1934,1.46047819,-2.45334414,7.98666121
1935,1.85206265,-2.32213525,8.00361276
1936,2.19940184,-2.28249389,7.378396
1937,2.60181015,-2.20339613,7.40278416
1938,3.38497907,-1.95530341,7.45024849
1939,3.77656353,-1.83512081,7.47398066
1940,2.25447096,-2.24227298,8.02103287
1941,3.03763988,-1.99152928,8.05493597
1942,3.8208088,-1.75108895,8.08883907
1943,0.34079393,-2.81917408,8.61062682
1944,1.12396285,-2.54517268,8.63096868
1945,1.90713177,-2.28147464,8.65131054
1946,2.6903007,-2.02807997,8.6716524
1947,3.47346962,-1.78498865,8.69199425
1948,3.8419125,-0.41265057,7.47794117
1949,3.76053712,-0.15102662,7.47300937
1950,3.84583708,-0.33858515,8.08992253
1951,3.7644617,-0.07678773,8.08639982
1952,3.76838627,-0.00256901,8.69965435
1953,4.16814799,-1.71751406,7.49771283
1954,4.12709331,-1.45346306,7.49522469
1955,4.08603863,-1.18864497,7.49273655
1956,4.00858783,-0.85774126,8.09696795
1957,3.92328788,-0.67279494,7.48287296
1958,4.21239326,-1.63473254,8.10579061
1959,4.17133858,-1.37097907,8.10401337
1960,4.25663854,-1.5522007,8.71233611
1961,4.09388778,-1.0415751,8.70810886
1962,3.93113703,-0.52503121,8.70388161
1963,0.47521615,-2.81833089,9.95433566
1964,1.25838507,-2.54495574,9.94755504
1965,2.00590477,-2.18820004,9.94108307
1966,2.78907369,-1.93765761,9.93430245
1967,3.57224261,-1.69741854,9.92752183
1968,4.31976231,-1.38025294,9.92104986
1969,4.15701155,-0.86980604,9.92245895
1970,3.9942608,-0.35344084,9.92386803
1971,8.8228561,-3.61875456,7.25425151
1972,8.10708966,-3.74717424,7.73643432
1973,8.12717058,-3.71690319,7.83675553
1974,8.26893175,-3.66985182,7.83675553
1975,8.931478,-3.4594291,7.78639678
1976,8.94183045,-3.44436922,7.83675553
1977,10.95956135,-4.49429384,7.83675553
1978,15.07332647,-6.73138618,7.24510018
1979,15.05817322,-6.16960552,7.92343765
1980,14.68905386,-5.32992601,7.24510018
1981,15.04301998,-5.60782486,8.60177511
1982,14.5921192,-4.60982693,7.24510018
1983,14.67390061,-4.76814535,7.92343765
1984,14.49518455,-3.88972784,7.24510018
1985,14.57696596,-4.04804626,7.92343765
1986,14.65874736,-4.20636468,8.60177511
1987,15.2473631,-5.89981042,9.95845005
1988,14.86309049,-4.49835024,9.95845005
1989,8.72592145,-3.10557519,7.24669824
1990,8.62898679,-2.5881194,7.23914496
1991,8.85617927,-2.98525305,7.83675553
1992,8.83454335,-2.94806062,7.780522
1993,8.84606689,-2.93148924,7.83675553
1994,8.53205214,-2.06638719,7.23159168
1995,8.73760869,-2.43241571,7.77464723
1996,8.71623432,-2.35701363,7.83675553
1997,8.7614301,-2.47407046,7.83675553
1998,8.33991583,-1.56058213,7.21662016
1999,8.14777952,-1.04652867,7.20164864
2000,8.38568823,-1.48646826,7.83675553
2001,8.35333608,-1.42753853,7.7513582
2002,8.32431867,-1.32224964,7.83675553
2003,8.16119977,-0.91272735,7.73971369
2004,8.16362225,-0.88860134,7.83675553
2005,8.12843291,-0.79218243,7.83675553
2006,7.96906346,-0.38966777,7.72806917
2007,7.97175994,-0.36266071,7.83675553
2008,14.30304824,-3.18899776,7.24510018
2009,14.38482965,-3.34731618,7.92343765
2010,14.11091193,-2.48826767,7.24510018
2011,14.00055703,-1.945856,7.92343765
2012,14.21711616,-2.68555621,8.16629088
2013,14.27447475,-2.80490451,8.60177511
2014,14.23849525,-2.6736856,8.60177511
2015,13.51672249,-0.70057675,8.09543882
2016,13.61628442,-0.54439583,7.92343765
2017,13.47989325,-0.56823379,8.09171316
2018,13.72663932,-1.0868075,7.24510018
2019,13.62970467,-0.36670842,7.24510018
2020,13.58714358,-0.40116404,8.10256264
2021,14.29528461,-3.16068342,9.95845005
2022,14.14420845,-2.72603777,10.52236266
2023,1.53048922,-6.31952992,11.24887066
2024,3.1042149,-5.39894372,11.18074465
2025,1.76826362,-6.07915058,12.53401444
2026,0.94286183,-5.25436294,12.59833086
2027,2.01770492,-5.50435752,12.51457764
2028,3.3419893,-5.17324721,12.41138762
2029,1.19230313,-4.67314131,12.57889406
2030,1.44174442,-4.10049153,12.55945726
2031,1.11442103,-3.39797188,12.58496273
2032,1.69118572,-3.5364136,12.54002046
2033,2.26714622,-4.93813631,12.49514084
2034,2.51658751,-4.38048695,12.47570404
2035,3.5914306,-4.63059826,12.39195082
2036,2.76602881,-3.83140944,12.45626724
2037,3.84087189,-4.09652117,12.37251402
2038,4.67794058,-4.54276248,11.11261864
2039,5.8198856,-4.10769221,11.06318426
2040,5.8198856,-4.06443599,11.48935152
2041,4.91571498,-4.3317488,12.2887608
2042,4.09031319,-3.57101592,12.35307722
2043,5.16515628,-3.82124397,12.269324
2044,5.8198856,-3.88527641,12.21830661
2045,0.44397924,-6.44252174,12.63720446
2046,0.69342054,-5.84415642,12.61776766
2047,0.11746004,-4.37826221,12.66264727
2048,0.36690134,-3.79061201,12.64321047
2049,5.8198856,-4.49429384,13.86483849
2050,0.60963837,-2.81739915,11.28873396
2051,1.35715806,-2.44917438,11.25637411
2052,2.10467776,-2.09548099,11.22401425
2053,2.88784668,-1.84779081,11.19011115
2054,1.86194073,-3.01986312,12.526715
2055,1.28517604,-2.87320101,12.57165727
2056,1.45593106,-2.35394859,12.55835181
2057,2.43870542,-3.15909737,12.48177272
2058,2.60946043,-2.65628573,12.46846726
2059,3.0154701,-3.29090377,12.43683044
2060,3.18622511,-2.79631252,12.42352498
2061,3.7629898,-2.92891145,12.3785827
2062,2.03269574,-2.50883109,12.51340954
2063,2.78021544,-2.15899254,12.4551618
2064,2.20345075,-2.00331751,12.50010408
2065,3.35698013,-2.30723971,12.41021952
2066,3.52773514,-1.82368536,12.39691406
2067,3.63536638,-1.52115815,11.1577513
2068,2.95097045,-1.66721779,12.44185634
2069,3.69849015,-1.34564945,12.3836086
2070,4.33975449,-3.05408252,12.33364042
2071,4.5105095,-2.5814505,12.32033496
2072,5.41459757,-3.31931099,12.2498872
2073,5.08727418,-2.70741411,12.27539268
2074,5.66403887,-2.82594986,12.2304504
2075,5.8198856,-2.80012486,12.21830661
2076,3.93374481,-2.44805903,12.36527724
2077,4.10449982,-1.97272506,12.35197178
2078,4.68126451,-2.11433692,12.3070295
2079,5.2580292,-2.24852091,12.26208722
2080,5.42878421,-1.79514617,12.24878176
2081,5.8198856,-1.74526773,12.21830661
2082,4.38288608,-1.20905687,11.12539144
2083,4.22013532,-0.69878866,11.13243686
2084,3.97965283,-0.20663356,11.14284726
2085,4.27525484,-1.50290954,12.33866632
2086,4.85201952,-1.65274178,12.29372404
2087,4.44600985,-1.03861247,12.32536086
2088,5.59953922,-1.34728988,12.2354763
2089,5.02277453,-1.1966651,12.28041858
2090,5.35905673,-0.88511125,12.25421502
2091,4.20552736,-0.55331793,12.34409958
2092,4.78229204,-0.72292852,12.2991573
2093,3.96504487,-0.05967651,12.36283829
2094,4.54180955,-0.24084506,12.31789602
2095,5.69533892,-0.58089859,12.22801146
2096,5.11857424,-0.41458575,12.27295374
2097,5.45485643,-0.11358416,12.24675018
2098,0.53765635,-3.2521023,12.62990501
2099,0.70841136,-2.71911105,12.61659955
2100,15.45170623,-6.19179598,11.31512498
2101,15.06743361,-4.79033581,11.31512498
2102,14.49962773,-3.45266898,11.31512498
2103,10.95956135,-4.49429384,13.86483849
2104,15.27177674,-5.08232137,12.67179992
2105,15.52121803,-4.52140676,12.67179992
2106,14.70397086,-3.74465454,12.67179992
2107,11.11007801,-1.55694646,14.39999615
2108,14.24729704,-2.66879845,12.67179992
2109,14.95341215,-3.18373993,12.67179992
2110,15.20285345,-2.62282533,12.67179992
2111,15.45229475,-2.06191072,12.67179992
2112,16.30477448,-8.01880558,7.24510018
2113,17.15194987,-7.90476481,7.24510018
2114,15.63458215,-8.27179578,7.92343765
2115,16.48175754,-8.15775501,7.92343765
2116,18.13053421,-7.70566958,7.92343765
2117,18.80072654,-7.45267939,7.24510018
2118,15.8115652,-8.4107452,8.60177511
2119,17.46034188,-7.95865977,8.60177511
2120,19.10911855,-7.50657435,8.60177511
2121,19.62511488,-7.22663667,7.24510018
2122,20.44950322,-7.00059396,7.24510018
2123,21.29667861,-6.88655319,7.24510018
2124,19.77931088,-7.25358415,7.92343765
2125,20.60369922,-7.02754144,7.92343765
2126,21.45087461,-6.91350067,7.92343765
2127,20.75789523,-7.05448892,8.60177511
2128,16.1994416,-8.63893742,9.95845005
2129,15.63163572,-7.30127059,9.95845005
2130,17.84821827,-8.18685199,9.95845005
2131,19.49699495,-7.73476656,9.95845005
2132,21.07072062,-7.06675964,9.95845005
2133,16.58731799,-8.86712963,11.31512498
2134,16.01951211,-7.52946281,11.31512498
2135,18.23609466,-8.41504421,11.31512498
2136,19.80982034,-7.74703729,11.31512498
2137,21.38354602,-7.07903037,11.31512498
2138,16.97519438,-9.09532185,12.67179992
2139,17.22463568,-8.53440724,12.67179992
2140,16.4073885,-7.75765502,12.67179992
2141,17.47407697,-7.97349264,12.67179992
2142,16.6568298,-7.19674042,12.67179992
2143,18.54892006,-8.42731493,12.67179992
2144,18.79836136,-7.86640032,12.67179992
2145,17.72351827,-7.41257803,12.67179992
2146,17.97295956,-6.85166342,12.67179992
2147,19.04780265,-7.30548572,12.67179992
2148,20.12264574,-7.75930801,12.67179992
2149,20.37208704,-7.19839341,12.67179992
2150,21.69637142,-7.04945892,12.65664126
2151,18.55651808,-3.57214806,7.24510018
2152,18.95892639,-3.51797869,7.24510018
2153,19.3613347,-3.46380933,7.24510018
2154,18.6332349,-3.63964443,7.92343765
2155,19.03564321,-3.58547507,7.92343765
2156,18.70995173,-3.70714081,8.60177511
2157,22.143854,-6.64069297,7.28401015
2158,23.09965129,-6.14857838,7.9926066
2159,22.4066719,-6.4213373,8.62527719
2160,19.49312065,-3.49240023,8.60177511
2161,18.88002317,-3.82045733,9.95845005
2162,22.7194973,-6.37055119,9.9479076
2163,19.66319209,-3.60571676,9.95845005
2164,20.44636101,-3.39097618,9.95845005
2165,18.4751427,-3.27536826,7.24510018
2166,18.39376732,-2.97858845,7.24510018
2167,18.38910877,-2.74930503,7.92343765
2168,18.55185952,-3.34286463,7.92343765
2169,18.23101657,-2.38502885,7.24510018
2170,18.18996189,-2.08004571,7.24510018
2171,18.14890721,-1.77506257,7.24510018
2172,18.22635802,-2.15574543,7.92343765
2173,18.18530334,-1.85076229,7.92343765
2174,18.54720097,-3.11358121,8.60177511
2175,18.38445022,-2.5200216,8.60177511
2176,18.22169946,-1.926462,8.60177511
2177,18.06753184,-1.47828277,7.24510018
2178,17.98615646,-1.18150297,7.24510018
2179,18.10392796,-1.55398248,7.92343765
2180,17.94117721,-0.96042288,7.92343765
2181,17.8234057,-0.58794336,7.24510018
2182,17.78235103,-0.28296022,7.24510018
2183,17.77842645,-0.36686328,7.92343765
2184,17.73737178,-0.06188014,7.92343765
2185,18.05894871,-1.3329024,8.60177511
2186,17.89619796,-0.7393428,8.60177511
2187,17.7334472,-0.14578319,8.60177511
2188,20.14450362,-3.24906875,7.24510018
2189,20.53608808,-3.14169846,7.24510018
2190,20.92767254,-3.03432817,7.24510018
2191,21.33008085,-2.9801588,7.24510018
2192,19.81881213,-3.37073449,7.92343765
2193,20.60198105,-3.15599391,7.92343765
2194,20.99356551,-3.04862362,7.92343765
2195,21.39597382,-2.99445426,7.92343765
2196,21.73248916,-2.90580893,7.25907918
2197,22.51565808,-2.62921634,7.30654352
2198,22.17914274,-2.72348946,7.95275812
2199,22.90724254,-2.49478381,7.33027568
2200,23.298827,-2.36292711,7.35400785
2201,22.96231166,-2.45334414,7.98666121
2202,23.35389612,-2.32213525,8.00361276
2203,20.27628957,-3.27765965,8.60177511
2204,21.05945849,-3.06291907,8.60177511
2205,21.84262741,-2.81917408,8.61062682
2206,22.62579633,-2.54517268,8.63096868
2207,18.47678992,-2.66035649,9.95845005
2208,18.63954068,-3.25391609,9.95845005
2209,18.31403917,-2.06679688,9.95845005
2210,18.07355668,-1.50025564,9.95845005
2211,17.91080592,-0.90669604,9.95845005
2212,17.74805517,-0.31313643,9.95845005
2213,21.1938807,-3.07367289,9.95845005
2214,21.97704962,-2.81833089,9.95433566
2215,22.76021854,-2.54495574,9.94755504
2216,23.79263067,-5.88180512,7.38393506
2217,24.61701901,-5.5194859,7.43389752
2218,24.74842796,-5.41863901,8.06398154
2219,25.44140734,-5.16858314,7.48385998
2220,24.05544858,-5.67468055,8.66810215
2221,26.28858274,-4.92078634,7.53520346
2222,27.13575813,-4.67890846,7.58654694
2223,25.5728163,-5.07079403,8.09966901
2224,26.41999169,-4.82566352,8.13634292
2225,25.70422525,-4.97368967,8.71092712
2226,28.7845348,-4.04633585,7.68647186
2227,30.32468957,-3.61875456,7.25425151
2228,29.60892314,-3.74717424,7.73643432
2229,30.43331147,-3.4594291,7.78639678
2230,27.35300192,-4.31836465,8.75375208
2231,28.06876836,-4.18171471,8.20771786
2232,29.0017786,-3.7087055,8.79657705
2233,29.71754504,-3.58343176,8.2790928
2234,24.36827397,-5.62760684,9.93363262
2235,25.94199965,-4.75674277,9.92000741
2236,29.239553,-3.51891528,9.89145744
2237,27.59077633,-4.11499609,9.90573243
2238,23.70123531,-2.28249389,7.378396
2239,24.10364362,-2.20339613,7.40278416
2240,24.88681254,-1.95530341,7.45024849
2241,25.278397,-1.83512081,7.47398066
2242,23.75630443,-2.24227298,8.02103287
2243,24.53947336,-1.99152928,8.05493597
2244,25.66998146,-1.71751406,7.49771283
2245,25.32264228,-1.75108895,8.08883907
2246,23.40896525,-2.28147464,8.65131054
2247,24.19213417,-2.02807997,8.6716524
2248,24.97530309,-1.78498865,8.69199425
2249,25.2623706,-0.15102662,7.47300937
2250,25.26629517,-0.07678773,8.08639982
2251,25.62892678,-1.45346306,7.49522469
2252,25.58787211,-1.18864497,7.49273655
2253,25.5104213,-0.85774126,8.09696795
2254,25.42512135,-0.67279494,7.48287296
2255,25.34374598,-0.41265057,7.47794117
2256,25.34767055,-0.33858515,8.08992253
2257,25.27021975,-0.00256901,8.69965435
2258,25.71422674,-1.63473254,8.10579061
2259,25.67317206,-1.37097907,8.10401337
2260,25.75847201,-1.5522007,8.71233611
2261,25.59572126,-1.0415751,8.70810886
2262,25.4329705,-0.52503121,8.70388161
2263,30.13082027,-2.5881194,7.23914496
2264,30.22775492,-3.10557519,7.24669824
2265,30.33637682,-2.94806062,7.780522
2266,30.03388561,-2.06638719,7.23159168
2267,30.23944217,-2.43241571,7.77464723
2268,30.54193337,-3.30141499,8.31478028
2269,30.44499872,-2.79185739,8.31058401
2270,30.65055527,-3.14471222,8.83940201
2271,30.06072611,-1.80196155,8.29394899
2272,30.26628266,-2.16979772,8.829421
2273,29.8417493,-1.56058213,7.21662016
2274,29.649613,-1.04652867,7.20164864
2275,29.85516955,-1.42753853,7.7513582
2276,29.66303324,-0.91272735,7.73971369
2277,29.47089694,-0.38966777,7.72806917
2278,29.88201004,-1.16188963,8.81943999
2279,29.67645349,-0.77907212,8.27731397
2280,29.48431718,-0.25525481,8.26899646
2281,29.49773743,-0.12098795,8.80945897
2282,23.50773824,-2.18820004,9.94108307
2283,24.29090716,-1.93765761,9.93430245
2284,25.07407608,-1.69741854,9.92752183
2285,25.82159578,-1.38025294,9.92104986
2286,25.65884503,-0.86980604,9.92245895
2287,25.49609427,-0.35344084,9.92386803
2288,30.81327868,-2.82351981,9.87783224
2289,30.42900607,-1.85065217,9.88115924
2290,30.04473345,-0.84479093,9.88448624
2291,19.0500946,-3.93377386,11.31512498
2292,23.0323227,-6.31952992,11.24887066
2293,23.2700971,-6.07915058,12.53401444
2294,22.44469531,-5.25436294,12.59833086
2295,19.83326352,-3.71903328,11.31512498
2296,20.58078322,-3.40172999,11.31512498
2297,22.6941366,-4.67314131,12.57889406
2298,22.9435779,-4.10049153,12.55945726
2299,22.61625451,-3.39797188,12.58496273
2300,23.19301919,-3.5364136,12.54002046
2301,15.83958262,-6.4199882,12.67179992
2302,16.90627109,-6.63582581,12.67179992
2303,17.15571239,-6.0749112,12.67179992
2304,16.08902392,-5.85907359,12.67179992
2305,16.33846521,-5.29815898,12.67179992
2306,17.40515368,-5.51399659,12.67179992
2307,18.22240086,-6.29074881,12.67179992
2308,19.29724395,-6.74457111,12.67179992
2309,18.47184216,-5.72983421,12.67179992
2310,18.72128345,-5.1689196,12.67179992
2311,16.58790651,-4.73724437,12.67179992
2312,15.77065933,-3.96049215,12.67179992
2313,16.02010063,-3.39957755,12.67179992
2314,16.8373478,-4.17632977,12.67179992
2315,17.0867891,-3.61541516,12.67179992
2316,17.65459498,-4.95308199,12.67179992
2317,17.90403627,-4.39216738,12.67179992
2318,18.97072475,-4.60800499,12.67179992
2319,18.15347757,-3.83125277,12.67179992
2320,19.22016604,-4.04709038,12.67179992
2321,18.97968355,-3.48054914,12.67179992
2322,19.54668524,-6.1836565,12.67179992
2323,20.62152833,-6.6374788,12.67179992
2324,20.87096963,-6.07656419,12.67179992
2325,19.79612654,-5.62274189,12.67179992
2326,21.12041092,-5.51564958,12.67179992
2327,21.94581271,-6.44252174,12.63720446
2328,22.19525401,-5.84415642,12.61776766
2329,20.04556783,-5.06182729,12.67179992
2330,20.29500913,-4.50091268,12.67179992
2331,21.36985222,-4.95473498,12.67179992
2332,19.96768574,-3.7297871,12.67179992
2333,20.54445043,-3.93999807,12.67179992
2334,20.71520544,-3.41248381,12.67179992
2335,21.29197012,-3.62269479,12.67179992
2336,21.61929351,-4.37826221,12.66264727
2337,21.86873481,-3.79061201,12.64321047
2338,18.80961211,-3.36723261,11.31512498
2339,18.56912962,-2.80069137,11.31512498
2340,18.40637887,-2.20713177,11.31512498
2341,18.16589638,-1.64059052,11.31512498
2342,17.92541389,-1.07404928,11.31512498
2343,17.76266313,-0.48048967,11.31512498
2344,21.32830292,-3.08442671,11.31512498
2345,22.11147184,-2.81739915,11.28873396
2346,22.85899154,-2.44917438,11.25637411
2347,22.78700952,-2.87320101,12.57165727
2348,22.95776453,-2.35394859,12.55835181
2349,16.26954192,-2.83866294,12.67179992
2350,17.33623039,-3.05450055,12.67179992
2351,16.51898322,-2.27774833,12.67179992
2352,16.76842451,-1.71683372,12.67179992
2353,17.3451892,-1.9270447,12.67179992
2354,18.40291887,-3.27033816,12.67179992
2355,18.16243638,-2.70379692,12.67179992
2356,18.73920106,-2.91400789,12.67179992
2357,17.58567169,-2.49358594,12.67179992
2358,17.92195389,-2.13725567,12.67179992
2359,18.25823608,-1.7809254,12.67179992
2360,18.49871857,-2.34746665,12.67179992
2361,16.24975375,-1.55694646,12.67179992
2362,16.52794202,-1.15029248,12.67179992
2363,17.10470671,-1.36050345,12.67179992
2364,17.4409889,-1.00417318,12.67179992
2365,16.28745953,-0.58375123,12.67179992
2366,16.24975375,-0.49492198,12.67179992
2367,16.86422422,-0.79396221,12.67179992
2368,17.20050641,-0.43763194,12.67179992
2369,16.62374173,-0.22742096,12.67179992
2370,17.68147139,-1.57071443,12.67179992
2371,18.01775359,-1.21438416,12.67179992
2372,17.7772711,-0.64784292,12.67179992
2373,17.53678861,-0.08130167,12.67179992
2374,16.24975375,-1.55694646,14.39999615
2375,21.46272514,-3.09518052,12.67179992
2376,22.03948982,-3.2521023,12.62990501
2377,22.21024483,-2.71911105,12.61659955
2378,24.60604838,-5.39894372,11.18074465
2379,23.51953839,-5.50435752,12.51457764
2380,24.84382278,-5.17324721,12.41138762
2381,26.17977405,-4.54276248,11.11261864
2382,23.76897969,-4.93813631,12.49514084
2383,24.01842099,-4.38048695,12.47570404
2384,25.09326407,-4.63059826,12.39195082
2385,24.26786228,-3.83140944,12.45626724
2386,26.41754846,-4.3317488,12.2887608
2387,25.34270537,-4.09652117,12.37251402
2388,25.59214666,-3.57101592,12.35307722
2389,26.66698975,-3.82124397,12.269324
2390,27.82855073,-3.91459414,11.0412437
2391,27.99127414,-3.55465535,12.16613398
2392,23.60651124,-2.09548099,11.22401425
2393,24.38968016,-1.84779081,11.19011115
2394,23.36377421,-3.01986312,12.526715
2395,23.94053889,-3.15909737,12.48177272
2396,24.1112939,-2.65628573,12.46846726
2397,24.51730358,-3.29090377,12.43683044
2398,24.68805859,-2.79631252,12.42352498
2399,25.26482327,-2.92891145,12.3785827
2400,23.53452922,-2.50883109,12.51340954
2401,24.28204891,-2.15899254,12.4551618
2402,23.70528423,-2.00331751,12.50010408
2403,24.8588136,-2.30723971,12.41021952
2404,25.02956861,-1.82368536,12.39691406
2405,25.84158796,-3.05408252,12.33364042
2406,26.01234297,-2.5814505,12.32033496
2407,26.91643105,-3.31931099,12.2498872
2408,26.58910766,-2.70741411,12.27539268
2409,27.16587234,-2.82594986,12.2304504
2410,25.43557829,-2.44805903,12.36527724
2411,25.6063333,-1.97272506,12.35197178
2412,26.18309798,-2.11433692,12.3070295
2413,26.75986267,-2.24852091,12.26208722
2414,26.93061768,-1.79514617,12.24878176
2415,25.13719985,-1.52115815,11.1577513
2416,25.88471955,-1.20905687,11.12539144
2417,25.7219688,-0.69878866,11.13243686
2418,25.48148631,-0.20663356,11.14284726
2419,24.45280393,-1.66721779,12.44185634
2420,25.20032362,-1.34564945,12.3836086
2421,25.77708831,-1.50290954,12.33866632
2422,25.94784332,-1.03861247,12.32536086
2423,26.353853,-1.65274178,12.29372404
2424,27.10137269,-1.34728988,12.2354763
2425,26.52460801,-1.1966651,12.28041858
2426,26.8608902,-0.88511125,12.25421502
2427,25.70736083,-0.55331793,12.34409958
2428,25.46687834,-0.05967651,12.36283829
2429,26.04364303,-0.24084506,12.31789602
2430,26.28412552,-0.72292852,12.2991573
2431,27.1971724,-0.58089859,12.22801146
2432,26.62040771,-0.41458575,12.27295374
2433,26.95668991,-0.11358416,12.24675018
2434,29.40227641,-3.17834968,10.97311769
2435,30.97600209,-2.50651019,10.90499168
2436,28.24071543,-3.07629464,12.14669718
2437,28.49015673,-2.60650578,12.12726038
2438,28.66091174,-2.1777922,12.11395492
2439,28.83166675,-1.75459707,12.10064946
2440,27.33662736,-2.37527706,12.21714494
2441,27.91339204,-2.49460534,12.17220266
2442,27.50738237,-1.9301227,12.20383948
2443,28.08414705,-2.05767138,12.1588972
2444,29.56499981,-2.84196688,12.04350716
2445,29.23767642,-2.29048517,12.06901264
2446,29.81444111,-2.39575028,12.02407036
2447,29.40843144,-1.87551042,12.05570718
2448,29.98519612,-1.98899593,12.0107649
2449,31.13872549,-2.19368336,11.92088034
2450,30.56196081,-2.09505357,11.96582262
2451,30.32147832,-1.70222271,11.98456134
2452,30.59172947,-1.5356894,10.9216267
2453,30.02392359,-0.58255762,10.94620681
2454,28.25490207,-1.62625586,12.14559174
2455,28.59118426,-1.32709233,12.11938818
2456,29.16794895,-1.45956364,12.0744459
2457,28.35070177,-0.8912407,12.1381269
2458,28.92746646,-1.03526998,12.09318462
2459,27.67813738,-1.4904868,12.19053402
2460,27.43765489,-1.03986613,12.20927274
2461,28.01441957,-1.18719316,12.16433046
2462,28.68698396,-0.60262943,12.11192334
2463,28.93642526,-0.16423628,12.09248654
2464,27.77393708,-0.73978357,12.18306918
2465,28.11021928,-0.44704219,12.15686562
2466,27.53345459,-0.2840271,12.2018079
2467,29.74471363,-1.5846071,12.02950362
2468,29.50423114,-1.17187139,12.04824234
2469,30.57091961,-1.28004334,11.96512454
2470,29.75367244,-0.74158514,12.02880554
2471,30.00311373,-0.31987073,12.00936874
2472,6.09056836,1.88604386,0.0
2473,2.03018945,4.96338367,0.0
2474,6.09056836,4.96338367,0.0
2475,10.57835557,1.88604386,0.0
2476,12.82224917,3.98034456,0.0
2477,5.83085127,2.68483015,4.27523614
2478,3.71555787,0.04476451,6.85628397
2479,3.67450319,0.31558179,6.85308494
2480,3.63344852,0.58716617,6.8498859
2481,3.55207314,0.85349662,6.84354502
2482,3.47069776,1.12130664,6.83720414
2483,3.38932239,1.39059624,6.83086327
2484,3.34826771,1.66634811,6.82766423
2485,0.2376456,2.80520103,6.58528038
2486,0.64005391,2.82260935,6.61663657
2487,1.03163837,2.89119805,6.64714936
2488,1.42322283,2.95721091,6.67766215
2489,1.81480729,3.02064793,6.70817493
2490,3.30721303,1.94286707,6.82446519
2491,3.26615835,2.22015312,6.82126616
2492,3.18478298,2.49432269,6.81492528
2493,2.2172156,3.03080093,6.73953113
2494,2.61962391,3.03961847,6.77088733
2495,3.1034076,2.76997183,6.8085844
2496,3.02203222,3.04710055,6.80224352
2497,5.05935478,0.27047078,6.96099443
2498,5.01830011,0.5290777,6.9577954
2499,4.97724543,0.78845171,6.95459636
2500,4.81449468,1.29952216,6.94191461
2501,4.77344,1.5619302,6.93871557
2502,4.89587005,1.04324715,6.94825548
2503,6.26102091,0.05451402,6.41285421
2504,6.27929272,0.13563986,7.05605364
2505,6.27343698,0.15689119,7.05559735
2506,6.26691649,0.18055497,7.05508927
2507,6.45903167,0.13952847,7.07005914
2508,6.36209702,0.72006549,7.06250586
2509,7.76177391,0.56998026,7.17157056
2510,6.05574753,1.57942972,6.41285421
2511,6.32104234,0.96722913,7.05930682
2512,6.12415078,1.23817769,7.04396477
2513,6.23966696,1.21048956,7.05296595
2514,6.19861229,1.45955376,7.04976691
2515,7.66483925,1.12349843,7.16401729
2516,7.47270295,1.67300536,7.14904577
2517,4.73238532,1.82510532,6.93551653
2518,4.54024901,2.4414225,6.92054502
2519,5.64887064,3.06332873,6.41285421
2520,4.45887364,2.70493745,6.91420414
2521,4.37749826,2.96993199,6.90786326
2522,5.81433967,2.63362627,7.01982387
2523,5.7329643,2.88648661,7.01348299
2524,6.00647598,2.04246581,7.03479539
2525,7.28056664,2.2307607,7.13407425
2526,7.08843033,2.79676443,7.11910273
2527,6.99149568,3.37351571,7.11154945
2528,1.3962214,5.1929679,4.27523614
2529,5.4203045,5.73466156,4.27523614
2530,0.82887803,4.08995475,6.63135
2531,1.22046249,4.14211438,6.66186279
2532,1.61204695,4.19169816,6.69237558
2533,2.01445526,4.18726614,6.72373177
2534,2.41686357,4.18149867,6.75508797
2535,3.24125191,4.26915736,6.81932542
2536,0.13753347,5.14829349,6.57772863
2537,0.2762017,5.16753201,6.58828472
2538,0.17052676,5.37357109,6.58005039
2539,1.06675652,5.26444516,6.41285421
2540,1.03065707,5.27227692,6.6470729
2541,1.01770215,5.34205472,6.64606343
2542,1.40928661,5.37778527,6.67657622
2543,1.81169492,5.35876823,6.70793241
2544,0.35935087,6.64528521,6.59476381
2545,1.20652626,6.57890925,6.66077686
2546,3.02467882,5.80129661,6.41285421
2547,2.63608325,5.42141652,6.77216986
2548,2.50280888,5.68461634,6.76178494
2549,3.46047159,5.47264833,6.83640731
2550,2.0309146,6.61654712,6.72501431
2551,2.85530294,6.64276853,6.78925175
2552,3.67969128,6.65757347,6.8534892
2553,5.5393915,3.8766171,6.41285421
2554,4.28056361,3.60603288,6.90030998
2555,5.63602964,3.4929127,7.00592971
2556,5.47657011,4.07889491,6.99350441
2557,5.53909499,4.10361521,6.99837644
2558,5.44359726,4.58824443,6.41285421
2559,4.49978329,4.76945364,6.91739187
2560,5.44990172,4.27795278,6.99142638
2561,5.24594173,5.02969624,6.97553354
2562,6.89456102,3.95454341,7.10399617
2563,6.79762637,4.53984753,7.09644289
2564,5.26922145,5.22420115,6.41285421
2565,4.71900297,5.91430857,6.93447376
2566,5.75831467,5.20839992,7.01545833
2567,5.56617836,5.82737052,7.00048681
2568,5.03672037,6.07214344,6.41285421
2569,4.52686667,6.55904096,6.91950225
2570,5.37404206,6.45458952,6.98551529
2571,6.60549006,5.13305634,7.08147137
2572,6.41335375,5.73451355,7.06649985
2573,6.22121745,6.34421916,7.05152833
2574,7.85870856,0.02073851,7.17912384
2575,13.54619026,0.53107808,6.56676271
2576,13.35405395,1.23180817,6.56676271
2577,14.94586715,0.38936071,6.56676271
2578,14.86449177,0.68614051,6.56676271
2579,14.82343709,0.99112365,6.56676271
2580,14.63130079,1.69185374,6.56676271
2581,13.16191764,1.93253825,6.56676271
2582,12.77473209,2.94642258,6.41285421
2583,12.96978134,2.63326834,6.56676271
2584,12.87284668,3.35336742,6.56676271
2585,14.43916448,2.39258383,6.56676271
2586,15.16661816,3.33872562,6.56676271
2587,12.22295758,5.65848092,4.27523614
2588,12.77591203,4.0734665,6.56676271
2589,12.33805866,4.53899096,6.41285421
2590,13.60030037,4.29950922,6.56676271
2591,12.67897737,4.79356559,6.56676271
2592,13.50336571,5.0196083,6.56676271
2593,13.69723502,3.57941014,6.56676271
2594,14.4246887,4.52555193,6.56676271
2595,11.81405055,6.45007301,6.41285421
2596,14.32775405,5.24565101,6.56676271
2597,15.15214239,5.47169373,6.56676271
2598,0.21370415,7.05768436,0.0
2599,4.27408306,7.05768436,0.0
2600,6.51797666,9.15198506,0.0
2601,4.27408306,11.24628576,0.0
2602,8.33446196,7.05768436,0.0
2603,10.57835557,9.15198506,0.0
2604,12.82224917,11.24628576,0.0
2605,2.78185714,11.71906404,4.27523614
2606,2.01087711,11.85380144,6.41285421
2607,6.13281879,12.98401501,6.41285421
2608,11.32937728,10.05056842,6.41285421
2609,11.25361104,12.85947174,4.27523614
2610,10.84903651,11.80239364,6.41285421
2611,10.36869575,13.55421886,6.41285421
2612,16.34554404,0.24764334,6.56676271
2613,16.26416866,0.54442314,6.56676271
2614,16.18279328,0.84120294,6.56676271
2615,16.14173861,1.14618608,6.56676271
2616,16.10068393,1.45116923,6.56676271
2617,17.50109479,0.99626538,6.56676271
2618,17.46004012,1.30124852,6.56676271
2619,17.41898544,1.60623166,6.56676271
2620,17.74522093,0.10592597,6.56676271
2621,17.66384555,0.40270577,6.56676271
2622,17.58247017,0.69948557,6.56676271
2623,15.90854762,2.15189931,6.56676271
2624,17.37793076,1.9112148,6.56676271
2625,16.6360013,3.09804111,6.56676271
2626,17.02758576,3.2054114,6.56676271
2627,17.41917022,3.31278169,6.56676271
2628,17.76951522,2.01858509,6.56676271
2629,18.16109968,2.12595538,6.56676271
2630,18.55268414,2.23332567,6.56676271
2631,18.95509245,2.28749503,6.56676271
2632,19.35750076,2.3416644,6.56676271
2633,17.82157853,3.36695105,6.56676271
2634,19.75990907,2.39583376,6.56676271
2635,20.15149353,2.50320405,6.56676271
2636,20.54307799,2.61057434,6.56676271
2637,20.93466245,2.71794463,6.56676271
2638,21.33707077,2.772114,6.56676271
2639,21.73947908,2.80520103,6.58528038
2640,22.14188739,2.82260935,6.61663657
2641,22.53347185,2.89119805,6.64714936
2642,22.92505631,2.95721091,6.67766215
2643,23.31664077,3.02064793,6.70817493
2644,15.89407184,4.28486742,6.56676271
2645,16.2856563,4.39223771,6.56676271
2646,16.68806462,4.44640707,6.56676271
2647,18.22398684,3.42112042,6.56676271
2648,19.07116224,3.53516119,6.56676271
2649,17.53524001,4.56044784,6.56676271
2650,18.3824154,4.67448861,6.56676271
2651,19.20680373,4.90053133,6.56676271
2652,15.99931778,5.5857345,6.56676271
2653,16.84649317,5.69977527,6.56676271
2654,17.69366856,5.81381604,6.56676271
2655,18.51805689,6.03985875,6.56676271
2656,19.34244523,6.26590147,6.56676271
2657,19.89555057,3.7612039,6.56676271
2658,20.28713503,3.86857419,6.56676271
2659,20.67871949,3.97594448,6.56676271
2660,21.0811278,4.03011385,6.56676271
2661,21.48353611,4.08428321,6.56676271
2662,22.3307115,4.08995475,6.63135
2663,22.72229596,4.14211438,6.66186279
2664,23.11388042,4.19169816,6.69237558
2665,20.03119207,5.12657404,6.56676271
2666,20.42277653,5.23394433,6.56676271
2667,20.82518484,5.2881137,6.56676271
2668,20.16683357,6.49194418,6.56676271
2669,21.01400896,6.60598495,6.56676271
2670,21.67236023,5.37357109,6.58005039
2671,22.51953562,5.34205472,6.64606343
2672,22.91112008,5.37778527,6.67657622
2673,23.31352839,5.35876823,6.70793241
2674,21.86118435,6.64528521,6.59476381
2675,22.70835974,6.57890925,6.66077686
2676,25.21739135,0.04476451,6.85628397
2677,25.17633667,0.31558179,6.85308494
2678,25.13528199,0.58716617,6.8498859
2679,25.05390661,0.85349662,6.84354502
2680,24.97253124,1.12130664,6.83720414
2681,24.89115586,1.39059624,6.83086327
2682,24.85010118,1.66634811,6.82766423
2683,26.56118826,0.27047078,6.96099443
2684,26.52013358,0.5290777,6.9577954
2685,26.4790789,0.78845171,6.95459636
2686,26.39770353,1.04324715,6.94825548
2687,26.31632815,1.29952216,6.94191461
2688,26.27527347,1.5619302,6.93871557
2689,24.80904651,1.94286707,6.82446519
2690,24.76799183,2.22015312,6.82126616
2691,24.68661645,2.49432269,6.81492528
2692,23.71904908,3.03080093,6.73953113
2693,24.12145739,3.03961847,6.77088733
2694,24.60524108,2.76997183,6.8085844
2695,24.5238657,3.04710055,6.80224352
2696,26.2342188,1.82510532,6.93551653
2697,26.04208249,2.4414225,6.92054502
2698,25.96070711,2.70493745,6.91420414
2699,25.87933173,2.96993199,6.90786326
2700,27.23479777,2.88648661,7.01348299
2701,27.96086515,0.13952847,7.07005914
2702,27.86393049,0.72006549,7.06250586
2703,27.82287582,0.96722913,7.05930682
2704,27.74150044,1.21048956,7.05296595
2705,27.70044576,1.45955376,7.04976691
2706,29.16667273,1.12349843,7.16401729
2707,28.97453642,1.67300536,7.14904577
2708,29.36054204,0.02073851,7.17912384
2709,29.26360738,0.56998026,7.17157056
2710,27.50830945,2.04246581,7.03479539
2711,28.78240011,2.2307607,7.13407425
2712,27.31617315,2.63362627,7.01982387
2713,28.59026381,2.79676443,7.11910273
2714,28.49332915,3.37351571,7.11154945
2715,23.51628873,4.18726614,6.72373177
2716,23.91869705,4.18149867,6.75508797
2717,24.74308538,4.26915736,6.81932542
2718,25.78239708,3.60603288,6.90030998
2719,27.13786312,3.4929127,7.00592971
2720,27.04092846,4.10361521,6.99837644
2721,26.00161676,4.76945364,6.91739187
2722,24.13791673,5.42141652,6.77216986
2723,24.96230507,5.47264833,6.83640731
2724,23.53274808,6.61654712,6.72501431
2725,24.35713641,6.64276853,6.78925175
2726,25.18152475,6.65757347,6.8534892
2727,26.22083645,5.91430857,6.93447376
2728,27.06801184,5.82737052,7.00048681
2729,26.02870014,6.55904096,6.91950225
2730,26.87587553,6.45458952,6.98551529
2731,28.3963945,3.95454341,7.10399617
2732,28.29945984,4.53984753,7.09644289
2733,27.26014815,5.20839992,7.01545833
2734,28.10732354,5.13305634,7.08147137
2735,27.91518723,5.73451355,7.06649985
2736,27.72305092,6.34421916,7.05152833
2737,3.71948245,0.11909242,7.47052123
2738,3.67842777,0.38997856,7.46803309
2739,3.72340702,0.19340016,8.08462258
2740,3.56065627,0.72370065,8.07757716
2741,3.51567702,0.92219904,7.45816951
2742,3.43430164,1.19052864,7.45323771
2743,3.35292626,1.46033781,7.44830592
2744,3.39790551,1.25991943,8.07053174
2745,3.31653014,1.53024818,8.06700903
2746,3.60563552,0.52581147,8.6954271
2747,3.44288476,1.06011026,8.69119985
2748,3.28013401,1.60032734,8.6869726
2749,0.17175263,2.82526685,7.25550933
2750,0.57416094,2.8426083,7.27989748
2751,0.9657454,2.91124224,7.30362965
2752,1.35732986,2.97730035,7.32736182
2753,0.10585965,2.84539039,7.92802027
2754,0.50826796,2.86266496,7.94544038
2755,0.89985242,2.93134415,7.96239193
2756,1.68302134,3.06097502,7.99629503
2757,3.31187158,1.73652491,7.44581778
2758,3.27081691,2.01347909,7.44332964
2759,3.27547546,1.8068705,8.06523178
2760,3.1127247,2.35423365,8.05818636
2761,2.14049878,3.10168904,7.37482616
2762,2.54290709,3.10980188,7.39921431
2763,3.10806615,2.56207002,7.43346605
2764,3.02669078,2.83858485,7.42853426
2765,2.9453154,3.11657925,7.42360246
2766,2.46619026,3.18030252,8.03019812
2767,2.86859857,3.18637519,8.04761823
2768,2.94997395,2.9075151,8.05114094
2769,0.44237499,2.88277933,8.61326526
2770,1.22554391,3.01765236,8.63360712
2771,3.11738326,2.14646272,8.68274534
2772,2.00871283,3.14222204,8.65394898
2773,2.79188175,3.25648836,8.67429084
2774,2.9546325,2.69851639,8.67851809
2775,7.77519415,0.70500247,7.71631963
2776,7.68741991,0.9197579,7.88674431
2777,7.45594222,1.55379246,8.00225957
2778,7.45512257,1.55333735,8.01599054
2779,7.4424619,1.54630759,8.24561911
2780,7.43456528,1.54192304,8.38000356
2781,7.41157715,1.52915902,8.7942818
2782,7.39092154,1.80114241,7.6930306
2783,7.19878523,2.36158497,7.68138608
2784,7.00664893,2.93027593,7.66974157
2785,7.11700383,2.49320247,8.23153015
2786,7.22735873,2.05979616,8.78949695
2787,6.92486752,3.06458066,8.22321264
2788,6.84308611,3.19967861,8.77951594
2789,3.75377831,0.14557482,9.92595011
2790,3.59102755,0.67505524,9.92735919
2791,3.4282768,1.21045395,9.92876828
2792,0.30795277,2.90575639,9.95578382
2793,1.05547247,3.14401716,9.94931185
2794,1.83864139,3.26698707,9.94253123
2795,3.18779431,1.73221034,9.93085036
2796,3.02504355,2.28072427,9.93225944
2797,2.8622928,2.8351565,9.93366853
2798,2.62181031,3.37965362,9.93575061
2799,7.449667,1.55030818,9.46427771
2800,7.47430058,1.56398583,9.8937381
2801,7.20654887,2.3387793,9.89605627
2802,0.20515487,6.70413419,7.25753369
2803,1.05233026,6.63759758,7.30887717
2804,1.8767186,6.67562263,7.35883963
2805,0.05095886,6.76323774,7.92564364
2806,0.89813425,6.69654047,7.96231755
2807,1.72252259,6.73495271,7.99800502
2808,2.70110693,6.70223122,7.40880209
2809,0.74393825,6.75573793,8.621098
2810,6.90971427,3.50930127,7.6638668
2811,6.81277962,4.09260302,7.65799202
2812,6.82793286,3.64588005,8.21901637
2813,6.44366025,4.82601941,8.20238135
2814,6.4588135,4.37255464,8.76953492
2815,4.34988361,6.721199,7.508727
2816,5.197059,6.61375996,7.56007048
2817,6.428507,5.28000571,7.63470299
2818,6.2363707,5.88607966,7.62305848
2819,6.04423439,6.50040199,7.61141396
2820,5.02007594,6.774437,8.1407549
2821,6.07454088,5.57842425,8.75955391
2822,6.05938764,6.03915236,8.18574633
2823,5.86725133,6.65809143,8.17742882
2824,6.63874299,3.4581789,9.9009723
2825,6.25447037,4.64326437,9.9042993
2826,5.87019776,5.86134343,9.9076263
2827,7.87212881,0.15552914,7.7221944
2828,7.89524939,0.06946532,7.83675553
2829,7.87496224,0.18395683,7.83675553
2830,7.79942599,0.61391396,7.83675553
2831,7.78824869,0.6453819,7.83675553
2832,10.95956135,0.6453819,7.83675553
2833,13.53277001,0.35339067,7.24510018
2834,13.51934977,0.17570325,7.92343765
2835,13.31157134,0.03661776,8.07468566
2836,13.51594844,0.13066884,8.09536052
2837,13.3406337,1.05412075,7.24510018
2838,13.32721346,0.87643334,7.92343765
2839,13.20080133,0.85222538,8.06348013
2840,13.1484974,1.75485084,7.24510018
2841,12.95582078,1.7537929,8.03869781
2842,13.05936409,1.8112847,8.04917229
2843,12.94294084,2.27789351,7.92343765
2844,12.76422478,3.15631101,7.24510018
2845,11.11007801,3.58272929,8.3719132
2846,12.66729013,3.87641009,7.24510018
2847,12.55866823,3.67935368,7.92343765
2848,12.57035547,4.59650918,7.24510018
2849,13.39474381,4.82255189,7.24510018
2850,12.46173357,4.39945277,7.92343765
2851,13.28612191,4.62549548,7.92343765
2852,14.21913215,5.0485946,7.24510018
2853,14.93489859,5.07758091,7.92343765
2854,12.4244296,3.58272929,8.3719132
2855,12.54407815,3.58272929,8.3719132
2856,12.52302095,3.58272929,8.60177511
2857,12.35311168,4.20239636,8.60177511
2858,14.00188835,4.65448178,8.60177511
2859,12.19038827,3.7828241,9.95845005
2860,12.11278516,3.58272929,10.60545094
2861,13.76411395,4.45083102,9.95845005
2862,15.41289062,4.90291645,9.95845005
2863,3.73917034,0.29386842,11.15325766
2864,3.57641959,0.82444877,11.16030308
2865,3.3359371,1.34049456,11.17071348
2866,3.72456238,0.4423118,12.38157701
2867,3.82036208,1.25548664,12.37411217
2868,3.48407988,0.95264699,12.40031573
2869,3.24359739,1.47132907,12.41905445
2870,0.17353055,2.928822,11.30761291
2871,0.92105025,3.16814308,11.27525305
2872,3.09545461,1.86488724,11.18112388
2873,2.93270385,2.41577973,11.1881693
2874,2.69222136,2.95571621,11.1985797
2875,2.76263241,2.53373387,12.45653189
2876,3.0031149,1.99835803,12.43779317
2877,3.57987959,1.77095764,12.39285089
2878,3.3393971,2.29477552,12.41158961
2879,2.52214992,3.0774566,12.47527061
2880,3.09891461,2.82694029,12.43032833
2881,3.3483559,3.30586788,12.41089153
2882,7.52946164,1.59461367,10.86566295
2883,7.5230327,1.59104404,10.98945564
2884,7.50276235,1.57978905,11.35286591
2885,4.30132706,0.24958529,12.33663473
2886,4.06084457,0.74836253,12.35537345
2887,4.63760926,0.55150591,12.31043117
2888,4.87809175,0.06428664,12.29169245
2889,5.21437394,0.36207715,12.26548889
2890,5.8198856,0.15801713,12.21830661
2891,5.79113863,0.18007625,12.22054661
2892,4.97389145,0.84608535,12.28422761
2893,5.55065614,0.65252649,12.23928533
2894,5.8198856,0.6453819,12.21830661
2895,4.39712677,1.04707207,12.32916989
2896,4.15664428,1.55098511,12.34790861
2897,4.73340896,1.33844043,12.30296633
2898,5.80009743,1.10713341,12.21984853
2899,7.46375442,1.55813014,12.09021414
2900,6.04953873,1.55316849,12.20041173
2901,7.00220574,2.58748328,11.01200205
2902,3.91616178,2.06324503,12.36664733
2903,4.16560308,2.53406573,12.34721053
2904,4.98285026,1.80115424,12.28352953
2905,5.23229155,2.25529621,12.26409273
2906,4.41504438,2.99631459,12.32777373
2907,5.48173285,2.70086633,12.24465593
2908,5.73117414,3.13786459,12.22521913
2909,7.3656685,1.74007226,12.09785713
2910,6.29898002,1.99063172,12.18097493
2911,6.54842132,2.4195231,12.16153813
2912,6.79786262,2.83984263,12.14210133
2913,0.03910834,2.95197619,12.66875254
2914,0.78662804,3.19235756,12.61050481
2915,5.8198856,0.6453819,13.86483849
2916,1.66856995,3.39293278,11.2428932
2917,2.45173887,3.50399957,11.2089901
2918,0.95738305,3.68691716,12.59719935
2919,1.53414773,3.41820757,12.55225707
2920,1.20682434,4.1975239,12.57776254
2921,1.45626564,4.6995588,12.55832574
2922,2.28166743,3.6295262,12.49400933
2923,2.53110873,4.11656068,12.47457253
2924,3.5977972,3.77622362,12.39145473
2925,2.78055002,4.59502331,12.45513572
2926,3.8472385,4.23800752,12.37201793
2927,3.02999132,5.0649141,12.43569892
2928,1.70570694,5.19302185,12.53888894
2929,1.95514823,5.67791305,12.51945214
2930,3.27943261,5.52623303,12.41626212
2931,2.20458953,6.15423241,12.50001534
2932,2.45403082,6.62197992,12.48057854
2933,3.52887391,5.97898012,12.39682532
2934,3.77831521,6.42315536,12.37738852
2935,6.43439986,3.72033456,11.03658216
2936,6.05012725,4.91762947,11.05321718
2937,4.66448567,3.44999159,12.30833693
2938,4.91392697,3.89509675,12.28890013
2939,4.09667979,4.69121956,12.35258112
2940,5.16336826,4.33163006,12.26946333
2941,5.41280956,4.75959152,12.25002652
2942,5.98061544,3.56629102,12.20578233
2943,6.23005674,3.98614559,12.18634553
2944,5.48232137,6.13713507,11.07779729
2945,4.34612109,5.13585976,12.33314432
2946,4.59556238,5.57192811,12.31370752
2947,5.66225085,5.17898113,12.23058972
2948,4.84500368,5.99942461,12.29427072
2949,5.09444497,6.41834927,12.27483392
2950,0.20986335,3.46027462,12.65544708
2951,0.13198126,4.79540571,12.66151576
2952,0.38142255,5.31244102,12.64207896
2953,0.63086385,5.82090449,12.62264216
2954,0.88030514,6.32079612,12.60320536
2955,13.60139054,4.03125877,11.31512498
2956,15.17511622,4.69926569,11.31512498
2957,11.11007801,3.58272929,14.39999615
2958,13.37044818,3.58272929,12.67179992
2959,13.43866713,3.61168651,12.67179992
2960,14.76295152,3.71877883,12.67179992
2961,15.01239281,4.27969343,12.67179992
2962,3.37129926,6.77752779,8.06937996
2963,2.39271492,6.82192031,8.66392297
2964,4.0414916,6.84243682,8.70674793
2965,5.69026827,6.81728746,8.7495729
2966,0.43111285,6.83477788,9.95471751
2967,2.00483853,7.12445905,9.9410923
2968,3.6536152,7.138822,9.92681731
2969,5.30239188,7.10751909,9.91254233
2970,1.23989708,11.98853883,8.55047228
2971,11.40514352,7.24166511,8.55047228
2972,1.69201313,7.20954385,11.24187835
2973,0.11828745,6.914053,11.31000436
2974,3.26573881,7.44062974,11.17375234
2975,1.12974644,6.81211589,12.58376856
2976,1.37918773,7.29486382,12.56433176
2977,2.70347212,7.08115557,12.46114174
2978,2.95291341,7.53175939,12.44170494
2979,4.91451549,7.40317326,11.1023774
2980,4.0277565,6.85875875,12.35795172
2981,4.2771978,7.28579029,12.33851492
2982,4.52663909,7.70424999,12.31907812
2983,17.49324564,0.82845927,7.92343765
2984,17.41579484,1.20914212,7.24510018
2985,17.37474017,1.51412526,7.24510018
2986,17.33049489,1.42201887,7.92343765
2987,17.74129635,0.02202292,7.24510018
2988,17.65992097,0.31880272,7.24510018
2989,17.5785456,0.61558252,7.24510018
2990,17.6559964,0.23489966,7.92343765
2991,17.40794569,1.04133601,8.60177511
2992,17.24519494,1.63489561,8.60177511
2993,17.57069645,0.44777641,8.60177511
2994,17.33368549,1.8191084,7.24510018
2995,17.28944021,1.72700201,7.92343765
2996,17.72526995,1.92647869,7.24510018
2997,18.11685441,2.03384898,7.24510018
2998,18.90002333,2.24858956,7.24510018
2999,19.30243164,2.30275893,7.24510018
3000,17.68102467,1.8343723,7.92343765
3001,18.46419359,2.04911288,7.92343765
3002,19.24736251,2.26385346,7.92343765
3003,18.02836386,1.84963619,8.60177511
3004,18.81153278,2.06437677,8.60177511
3005,19.70483995,2.35692829,7.24510018
3006,20.09642441,2.46429858,7.24510018
3007,19.64977082,2.31802282,7.92343765
3008,20.04135528,2.42539311,7.92343765
3009,20.48800887,2.57166887,7.24510018
3010,21.27117779,2.78640945,7.24510018
3011,20.8245242,2.64013369,7.92343765
3012,21.6735861,2.82526685,7.25550933
3013,22.07599441,2.8426083,7.27989748
3014,22.46757887,2.91124224,7.30362965
3015,22.85916333,2.97730035,7.32736182
3016,21.60769313,2.84539039,7.92802027
3017,22.01010144,2.86266496,7.94544038
3018,22.4016859,2.93134415,7.96239193
3019,23.18485482,3.06097502,7.99629503
3020,19.5947017,2.27911735,8.60177511
3021,20.37787062,2.49385793,8.60177511
3022,21.16103954,2.70859851,8.60177511
3023,21.94420846,2.88277933,8.61326526
3024,22.72737738,3.01765236,8.63360712
3025,17.50757268,0.25340481,9.95845005
3026,17.34482192,0.84696441,9.95845005
3027,17.18207117,1.44052402,9.95845005
3028,17.92959087,1.7578273,9.95845005
3029,18.71275979,1.97256788,9.95845005
3030,19.49592871,2.18730846,9.95845005
3031,20.2434484,2.50461175,9.95845005
3032,21.02661732,2.71935232,9.95845005
3033,21.80978624,2.90575639,9.95578382
3034,22.55730594,3.14401716,9.94931185
3035,23.34047486,3.26698707,9.94253123
3036,15.86790882,5.50068003,7.24510018
3037,16.71508421,5.6147208,7.24510018
3038,16.58367526,5.52966634,7.92343765
3039,17.43085065,5.64370711,7.92343765
3040,17.5622596,5.72876157,7.24510018
3041,18.25523899,5.86974982,7.92343765
3042,18.38664794,5.95480429,7.24510018
3043,19.21103628,6.180847,7.24510018
3044,15.65066502,5.10656721,8.60177511
3045,17.2994417,5.55865264,8.60177511
3046,18.94821837,6.01073807,8.60177511
3047,20.85981295,6.63293243,7.24510018
3048,19.90401566,6.32183525,7.92343765
3049,21.70698834,6.70413419,7.25753369
3050,22.55416373,6.63759758,7.30887717
3051,21.55279234,6.76323774,7.92564364
3052,22.39996773,6.69654047,7.96231755
3053,23.22435606,6.73495271,7.99800502
3054,20.59699505,6.4628235,8.60177511
3055,22.24577172,6.75573793,8.621098
3056,17.0616673,5.35500188,9.95845005
3057,18.63539298,6.0230088,9.95845005
3058,20.28416965,6.47509423,9.95845005
3059,25.22131592,0.11909242,7.47052123
3060,25.18026124,0.38997856,7.46803309
3061,25.2252405,0.19340016,8.08462258
3062,25.06248974,0.72370065,8.07757716
3063,25.01751049,0.92219904,7.45816951
3064,24.93613511,1.19052864,7.45323771
3065,24.85475974,1.46033781,7.44830592
3066,24.89973899,1.25991943,8.07053174
3067,24.81836361,1.53024818,8.06700903
3068,25.10746899,0.52581147,8.6954271
3069,24.94471824,1.06011026,8.69119985
3070,24.78196748,1.60032734,8.6869726
3071,24.77265038,2.01347909,7.44332964
3072,24.81370506,1.73652491,7.44581778
3073,24.77730893,1.8068705,8.06523178
3074,24.61455818,2.35423365,8.05818636
3075,23.64233225,3.10168904,7.37482616
3076,24.04474056,3.10980188,7.39921431
3077,24.60989963,2.56207002,7.43346605
3078,24.52852425,2.83858485,7.42853426
3079,24.44714887,3.11657925,7.42360246
3080,23.96802374,3.18030252,8.03019812
3081,24.45180742,2.9075151,8.05114094
3082,24.37043205,3.18637519,8.04761823
3083,24.61921673,2.14646272,8.68274534
3084,23.5105463,3.14222204,8.65394898
3085,24.29371522,3.25648836,8.67429084
3086,24.45646598,2.69851639,8.67851809
3087,29.37396228,0.15552914,7.7221944
3088,29.27702763,0.70500247,7.71631963
3089,29.00310992,1.37519128,8.24816517
3090,29.11346482,0.95290731,8.79947796
3091,29.38738253,0.29017368,8.26480019
3092,28.89275501,1.80114241,7.6930306
3093,28.70061871,2.36158497,7.68138608
3094,28.5084824,2.93027593,7.66974157
3095,28.6188373,2.49320247,8.23153015
3096,28.7291922,2.05979616,8.78949695
3097,28.42670099,3.06458066,8.22321264
3098,28.34491959,3.19967861,8.77951594
3099,25.25561178,0.14557482,9.92595011
3100,25.09286103,0.67505524,9.92735919
3101,24.93011027,1.21045395,9.92876828
3102,24.68962778,1.73221034,9.93085036
3103,24.52687703,2.28072427,9.93225944
3104,24.12364378,3.37965362,9.93575061
3105,24.36412627,2.8351565,9.93366853
3106,29.09265496,1.22680916,9.89272927
3107,29.47692757,0.1478326,9.88940227
3108,28.70838234,2.3387793,9.89605627
3109,23.37855207,6.67562263,7.35883963
3110,24.20294041,6.70223122,7.40880209
3111,25.85171708,6.721199,7.508727
3112,26.69889247,6.61375996,7.56007048
3113,26.52190941,6.774437,8.1407549
3114,28.41154775,3.50930127,7.6638668
3115,28.31461309,4.09260302,7.65799202
3116,28.32976634,3.64588005,8.21901637
3117,27.94549373,4.82601941,8.20238135
3118,27.96064697,4.37255464,8.76953492
3119,27.93034048,5.28000571,7.63470299
3120,27.73820417,5.88607966,7.62305848
3121,27.54606786,6.50040199,7.61141396
3122,27.57637436,5.57842425,8.75955391
3123,27.56122111,6.03915236,8.18574633
3124,27.3690848,6.65809143,8.17742882
3125,28.14057646,3.4581789,9.9009723
3126,27.75630385,4.64326437,9.9042993
3127,27.37203123,5.86134343,9.9076263
3128,17.28169815,0.65259281,11.31512498
3129,17.1189474,1.24615242,11.31512498
3130,17.52218064,0.08605157,11.31512498
3131,17.8664671,1.5634557,11.31512498
3132,18.61398679,1.88075899,11.31512498
3133,19.39715571,2.09549957,11.31512498
3134,20.14467541,2.41280285,11.31512498
3135,20.89219511,2.73010614,11.31512498
3136,21.67536403,2.928822,11.30761291
3137,22.42288373,3.16814308,11.27525305
3138,16.38325924,0.33912028,12.67179992
3139,16.96002392,0.1289093,12.67179992
3140,16.71954143,0.69545055,12.67179992
3141,17.29630612,0.48523957,12.67179992
3142,16.47905894,1.26199179,12.67179992
3143,16.24975375,1.50030114,12.67179992
3144,17.05582363,1.05178082,12.67179992
3145,17.22657864,1.57929508,12.67179992
3146,17.80334332,1.3690841,12.67179992
3147,18.55086302,1.68638739,12.67179992
3148,16.24975375,2.01400678,12.67179992
3149,16.24975375,2.52771241,12.67179992
3150,16.64981395,1.78950605,12.67179992
3151,17.39733365,2.10680934,12.67179992
3152,16.82056896,2.31702032,12.67179992
3153,16.41455929,3.05474555,12.67179992
3154,16.99132398,2.84453458,12.67179992
3155,17.16207899,3.37204884,12.67179992
3156,17.97409834,1.89659837,12.67179992
3157,18.14485335,2.42411263,12.67179992
3158,19.29838272,2.00369068,12.67179992
3159,18.72161803,2.21390165,12.67179992
3160,17.56808866,2.6343236,12.67179992
3161,18.31560836,2.95162689,12.67179992
3162,17.73884367,3.16183786,12.67179992
3163,18.89237305,2.74141591,12.67179992
3164,19.06312806,3.26893018,12.67179992
3165,19.46913773,2.53120494,12.67179992
3166,20.04590242,2.32099396,12.67179992
3167,20.21665743,2.84850822,12.67179992
3168,19.63989274,3.0587192,12.67179992
3169,20.38741244,3.37602249,12.67179992
3170,20.79342212,2.63829725,12.67179992
3171,20.96417713,3.16581151,12.67179992
3172,21.54094181,2.95197619,12.66875254
3173,22.28846151,3.19235756,12.61050481
3174,16.82389289,5.15135111,11.31512498
3175,18.39761857,5.81935803,11.31512498
3176,23.17040342,3.39293278,11.2428932
3177,22.45921652,3.68691716,12.59719935
3178,23.03598121,3.41820757,12.55225707
3179,22.70865782,4.1975239,12.57776254
3180,22.95809911,4.6995588,12.55832574
3181,19.97134425,6.48736495,11.31512498
3182,23.20754041,5.19302185,12.53888894
3183,16.24975375,3.58272929,12.67179992
3184,16.0872359,3.82587114,12.67179992
3185,17.41152028,3.93296345,12.67179992
3186,16.3366772,4.38678574,12.67179992
3187,16.58611849,4.94770035,12.67179992
3188,18.48636337,3.47914115,12.67179992
3189,18.73580467,4.04005576,12.67179992
3190,17.66096158,4.49387805,12.67179992
3191,17.91040288,5.05479266,12.67179992
3192,18.98524596,4.60097037,12.67179992
3193,16.24975375,3.58272929,14.39999615
3194,18.15984417,5.61570727,12.67179992
3195,19.23468726,5.16188497,12.67179992
3196,19.81064776,3.58623346,12.67179992
3197,20.06008905,4.14714807,12.67179992
3198,21.13493214,3.69332577,12.67179992
3199,20.30953035,4.70806268,12.67179992
3200,21.38437343,4.25424038,12.67179992
3201,21.71169682,3.46027462,12.65544708
3202,21.63381473,4.79540571,12.66151576
3203,19.48412856,5.72279958,12.67179992
3204,20.55897164,5.26897728,12.67179992
3205,20.80841294,5.82989189,12.67179992
3206,19.73356985,6.28371419,12.67179992
3207,21.05785423,6.3908065,12.67179992
3208,21.88325603,5.31244102,12.64207896
3209,22.13269732,5.82090449,12.62264216
3210,22.38213862,6.32079612,12.60320536
3211,25.24100382,0.29386842,11.15325766
3212,25.07825306,0.82444877,11.16030308
3213,24.83777057,1.34049456,11.17071348
3214,25.22639585,0.4423118,12.38157701
3215,24.98591336,0.95264699,12.40031573
3216,24.74543087,1.47132907,12.41905445
3217,25.80316054,0.24958529,12.33663473
3218,25.56267804,0.74836253,12.35537345
3219,26.13944273,0.55150591,12.31043117
3220,26.37992522,0.06428664,12.29169245
3221,26.71620742,0.36207715,12.26548889
3222,26.47572493,0.84608535,12.28422761
3223,27.05248961,0.65252649,12.23928533
3224,25.32219555,1.25548664,12.37411217
3225,25.89896024,1.04707207,12.32916989
3226,25.65847775,1.55098511,12.34790861
3227,26.23524244,1.33844043,12.30296633
3228,24.59728808,1.86488724,11.18112388
3229,24.43453733,2.41577973,11.1881693
3230,24.19405484,2.95571621,11.1985797
3231,24.26446589,2.53373387,12.45653189
3232,24.50494838,1.99835803,12.43779317
3233,25.08171306,1.77095764,12.39285089
3234,24.84123057,2.29477552,12.41158961
3235,24.0239834,3.0774566,12.47527061
3236,24.60074808,2.82694029,12.43032833
3237,24.85018938,3.30586788,12.41089153
3238,25.41799526,2.06324503,12.36664733
3239,25.66743655,2.53406573,12.34721053
3240,26.48468373,1.80115424,12.28352953
3241,26.73412503,2.25529621,12.26409273
3242,25.91687785,2.99631459,12.32777373
3243,26.98356632,2.70086633,12.24465593
3244,27.23300762,3.13786459,12.22521913
3245,29.0718451,1.50116459,10.98742194
3246,29.45611771,0.41710674,10.97078692
3247,29.18586656,0.26558502,12.07304974
3248,27.2929721,0.18007625,12.22054661
3249,27.86973679,0.0055032,12.17560434
3250,28.11917808,0.45200324,12.15616753
3251,28.36861938,0.88993143,12.13673073
3252,28.61806068,1.31928776,12.11729393
3253,27.30193091,1.10713341,12.21984853
3254,27.5513722,1.55316849,12.20041173
3255,29.43530785,0.68683447,12.05361293
3256,28.50403922,2.58748328,11.01200205
3257,28.86750197,1.74007226,12.09785713
3258,27.8008135,1.99063172,12.18097493
3259,28.05025479,2.4195231,12.16153813
3260,28.29969609,2.83984263,12.14210133
3261,23.95357234,3.50399957,11.2089901
3262,23.78350091,3.6295262,12.49400933
3263,24.0329422,4.11656068,12.47457253
3264,25.09963067,3.77622362,12.39145473
3265,24.2823835,4.59502331,12.45513572
3266,24.53182479,5.0649141,12.43569892
3267,26.16631915,3.44999159,12.30833693
3268,26.41576044,3.89509675,12.28890013
3269,25.34907197,4.23800752,12.37201793
3270,25.59851327,4.69121956,12.35258112
3271,26.66520174,4.33163006,12.26946333
3272,26.91464303,4.75959152,12.25002652
3273,26.98415484,6.13713507,11.07779729
3274,23.45698171,5.67791305,12.51945214
3275,24.78126609,5.52623303,12.41626212
3276,23.706423,6.15423241,12.50001534
3277,23.9558643,6.62197992,12.48057854
3278,25.03070738,5.97898012,12.39682532
3279,25.28014868,6.42315536,12.37738852
3280,25.84795456,5.13585976,12.33314432
3281,26.09739586,5.57192811,12.31370752
3282,27.16408433,5.17898113,12.23058972
3283,26.34683715,5.99942461,12.29427072
3284,26.59627845,6.41834927,12.27483392
3285,27.93623334,3.72033456,11.03658216
3286,27.55196072,4.91762947,11.05321718
3287,27.48244891,3.56629102,12.20578233
3288,27.73189021,3.98614559,12.18634553
3289,21.93294632,6.83477788,9.95471751
3290,24.87313274,6.77752779,8.06937996
3291,23.8945484,6.82192031,8.66392297
3292,25.54332507,6.84243682,8.70674793
3293,27.19210174,6.81728746,8.7495729
3294,23.506672,7.12445905,9.9410923
3295,25.15544868,7.138822,9.92681731
3296,26.80422535,7.10751909,9.91254233
3297,23.19384661,7.20954385,11.24187835
3298,21.62012093,6.914053,11.31000436
3299,22.63157991,6.81211589,12.58376856
3300,22.88102121,7.29486382,12.56433176
3301,21.30729553,6.95172111,12.67179992
3302,24.76757229,7.44062974,11.17375234
3303,26.41634896,7.40317326,11.1023774
3304,24.20530559,7.08115557,12.46114174
3305,24.45474689,7.53175939,12.44170494
3306,25.52958998,6.85875875,12.35795172
3307,25.77903127,7.28579029,12.33851492
3308,26.02847257,7.70424999,12.31907812
